#Annotated with Bakta v1.11.4, https://github.com/oschwengers/bakta
#Database v6.0, https://doi.org/10.5281/zenodo.4247252
#Sequence Id	Start	Stop	Strand	Locus Tag	Mol Weight [kDa]	Iso El. Point	Pfam hits	Dbxrefs
contig_1	734	1048	+	LLMDKN_000001	12.2	9.8		
contig_1	1027	1185	+	LLMDKN_000002	6.2	6.5		
contig_1	1289	1486	+	LLMDKN_000003	7.7	8.9	PF13391.12|HNH_2	PFAM:PF13391.12
contig_1	1539	1724	+	LLMDKN_000004	7.3	10.3		
contig_1	2101	2235	+	LLMDKN_000005	5.0	9.2		
contig_1	2753	3019	+	LLMDKN_000006	10.6	9.5	PF13102.12|Phage_int_SAM_5	PFAM:PF13102.12
contig_1	4375	4659	-	LLMDKN_000008	11.3	9.6		
contig_1	4721	4927	-	LLMDKN_000009	8.2	10.6		
contig_1	5062	5247	-	LLMDKN_000010	7.3	10.0		
contig_1	5326	5766	-	LLMDKN_000011	17.8	9.5		
contig_1	6188	6406	+	LLMDKN_000012	8.4	9.5		
contig_1	6351	6800	+	LLMDKN_000013	17.0	5.4		
contig_1	7303	7506	+	LLMDKN_000014	7.4	5.0		
contig_1	7589	7882	-	LLMDKN_000015	11.6	5.3		
contig_1	8002	8496	-	LLMDKN_000016	19.2	8.5		
contig_1	9659	10096	+	LLMDKN_000017	17.0	8.8		
contig_1	10086	10232	+	LLMDKN_000018	5.6	7.9		
contig_1	10229	10390	+	LLMDKN_000019	6.2	9.7		
contig_1	10446	10814	+	LLMDKN_000020	14.1	9.6		
contig_1	11376	12017	-	LLMDKN_000021	23.9	5.1	PF10412.15|TrwB_AAD_bind	PFAM:PF10412.15
contig_1	11962	12213	-	LLMDKN_000022	9.6	9.7		
contig_1	12218	12646	-	LLMDKN_000023	16.1	9.6		
contig_1	12733	12963	-	LLMDKN_000024	8.0	7.7		
contig_1	13096	13341	-	LLMDKN_000025	8.4	4.8		
contig_1	13413	14288	-	LLMDKN_000026	32.3	9.5		
contig_1	14327	15100	-	LLMDKN_000027	29.3	5.5		
contig_1	15039	15212	-	LLMDKN_000028	6.5	10.0		
contig_1	15366	15728	-	LLMDKN_000029	12.8	5.0	PF18814.6|PBECR5	PFAM:PF18814.6
contig_1	15682	16038	-	LLMDKN_000030	13.4	9.7		
contig_1	16276	16431	-	LLMDKN_000031	5.3	10.0		
contig_1	16459	17664	-	LLMDKN_000032	44.6	9.8		
contig_1	17670	17900	-	LLMDKN_000033	7.8	8.7		
contig_1	17875	18006	-	LLMDKN_000034	4.9	4.2		
contig_1	18295	18438	-	LLMDKN_000035	5.6	6.5		
contig_1	18546	18863	+	LLMDKN_000036	12.4	9.9	PF04542.20|Sigma70_r2	PFAM:PF04542.20
contig_1	19236	19430	+	LLMDKN_000037	7.8	4.3		
contig_1	19613	19780	+	LLMDKN_000038	6.4	9.0		
contig_1	19918	20088	+	LLMDKN_000039	7.1	9.0		
contig_1	20027	20218	+	LLMDKN_000040	7.5	9.2	PF16344.10|FecR_C	PFAM:PF16344.10
contig_1	20513	21274	+	LLMDKN_000041	26.9	5.0	PF07715.20|Plug, PF13620.12|CarboxypepD_reg, PF13715.12|CarbopepD_reg_2	PFAM:PF07715.20, PFAM:PF13620.12, PFAM:PF13715.12
contig_1	21271	21912	+	LLMDKN_000042	23.9	8.6		
contig_1	21965	22522	+	LLMDKN_000043	20.9	6.9		
contig_1	22573	23181	+	LLMDKN_000044	22.9	7.8	PF00593.30|TonB_dep_Rec_b-barrel	PFAM:PF00593.30
contig_1	23175	23342	+	LLMDKN_000045	6.5	6.5		
contig_1	23287	23724	+	LLMDKN_000046	16.4	8.9		
contig_1	23852	24019	+	LLMDKN_000047	5.9	4.1		
contig_1	25665	25949	+	LLMDKN_000049	10.9	7.8	PF14587.12|Glyco_hydr_30_2	PFAM:PF14587.12
contig_1	25939	26166	+	LLMDKN_000050	8.4	9.0		
contig_1	26236	26355	+	LLMDKN_000051	4.6	6.5		
contig_1	26397	27008	+	LLMDKN_000052	22.8	6.9	PF14587.12|Glyco_hydr_30_2	PFAM:PF14587.12
contig_1	27511	27789	+	LLMDKN_000053	10.7	5.3		
contig_1	29551	29736	+	LLMDKN_000055	7.0	10.0		
contig_1	29800	30153	+	LLMDKN_000056	13.6	9.6		
contig_1	30228	30425	-	LLMDKN_000057	7.5	6.5		
contig_1	30519	30788	-	LLMDKN_000058	10.7	6.1		
contig_1	30967	31350	-	LLMDKN_000059	15.8	9.7		
contig_1	31810	32025	+	LLMDKN_000060	7.9	10.6	PF01656.29|CbiA, PF13614.12|AAA_31	PFAM:PF01656.29, PFAM:PF13614.12
contig_1	32001	32165	+	LLMDKN_000061	6.0	5.2		
contig_1	32220	32408	+	LLMDKN_000062	7.3	9.9		
contig_1	32414	32581	+	LLMDKN_000063	6.1	6.1		
contig_1	32510	32908	-	LLMDKN_000064	15.2	9.4		
contig_1	33261	33515	+	LLMDKN_000065	9.4	5.6		
contig_1	33488	33601	+	LLMDKN_000066	3.7	8.5		
contig_1	33617	34339	+	LLMDKN_000067	27.9	4.6		
contig_1	34559	34786	+	LLMDKN_000068	8.9	6.7		
contig_1	35314	35466	+	LLMDKN_000069	5.4	4.5		
contig_1	35681	35962	-	LLMDKN_000070	10.2	5.8		
contig_1	35976	36410	-	LLMDKN_000071	15.9	6.1	PF18998.6|Flg_new_2	PFAM:PF18998.6
contig_1	36349	36573	-	LLMDKN_000072	7.8	4.7		
contig_1	36747	37001	-	LLMDKN_000073	9.8	10.3	PF08279.18|HTH_11	PFAM:PF08279.18
contig_1	37006	37272	-	LLMDKN_000074	10.3	7.7		
contig_1	37556	37738	+	LLMDKN_000075	6.4	4.3		
contig_1	37800	37988	-	LLMDKN_000076	7.5	10.1		
contig_1	37963	38385	-	LLMDKN_000077	16.3	10.2		
contig_1	38809	38949	-	LLMDKN_000078	5.5	9.6		
contig_1	39574	39684	-	LLMDKN_000079	4.3	9.3		
contig_1	39681	39962	-	LLMDKN_000080	10.5	9.3		
contig_1	41154	41666	-	LLMDKN_000082	19.6	6.5		
contig_1	41790	42134	-	LLMDKN_000083	13.3	8.5		
contig_1	42176	42361	-	LLMDKN_000084	6.5	4.1		
contig_1	42376	42585	-	LLMDKN_000085	7.4	4.8		
contig_1	42591	42908	-	LLMDKN_000086	11.9	10.8		
contig_1	42847	43080	-	LLMDKN_000087	8.5	10.1		
contig_1	43162	43806	+	LLMDKN_000088	23.9	8.6		
contig_1	43766	44041	-	LLMDKN_000089	11.0	6.4		
contig_1	44077	44538	-	LLMDKN_000090	17.7	8.7		
contig_1	44535	44696	-	LLMDKN_000091	6.4	5.4		
contig_1	44719	44913	-	LLMDKN_000092	7.4	10.0		
contig_1	45082	45171	-	LLMDKN_000093	3.5	6.0		
contig_1	45149	45325	-	LLMDKN_000094	6.6	9.3		
contig_1	45805	46605	+	LLMDKN_000095	29.3	9.7		
contig_1	46488	46793	-	LLMDKN_000096	11.5	6.1		
contig_1	47149	47487	-	LLMDKN_000097	12.2	9.8		
contig_1	47489	47683	-	LLMDKN_000098	7.0	9.0		
contig_1	47808	48263	-	LLMDKN_000099	17.0	9.4		
contig_1	48296	48718	+	LLMDKN_000100	15.4	8.7		
contig_1	48601	48849	-	LLMDKN_000101	8.9	4.1		
contig_1	48894	49469	-	LLMDKN_000102	20.8	7.9		
contig_1	49466	49837	-	LLMDKN_000103	14.0	4.5		
contig_1	49777	50277	-	LLMDKN_000104	19.0	9.6		
contig_1	50442	50555	-	LLMDKN_000105	4.5	4.6		
contig_1	50558	50854	-	LLMDKN_000106	11.6	5.5		
contig_1	51137	51586	-	LLMDKN_000107	16.9	9.5		
contig_1	51570	51779	-	LLMDKN_000108	8.1	9.2		
contig_1	51761	52498	-	LLMDKN_000109	28.7	9.5		
contig_1	52650	53033	-	LLMDKN_000110	14.1	10.0		
contig_1	53053	53208	-	LLMDKN_000111	6.1	5.7	PF11325.14|DUF3127	PFAM:PF11325.14
contig_1	53147	53344	-	LLMDKN_000112	7.8	11.4		
contig_1	53862	54068	-	LLMDKN_000113	7.7	11.5		
contig_1	54181	54459	-	LLMDKN_000114	10.3	7.9		
contig_1	54617	54868	-	LLMDKN_000115	9.8	9.4		
contig_1	54878	55159	-	LLMDKN_000116	10.8	9.1		SO:0001217, UniRef:UniRef50_R9HHM2
contig_1	55515	55904	+	LLMDKN_000118	14.7	10.7		
contig_1	56041	56154	-	LLMDKN_000119	4.5	9.2		
contig_1	56267	56509	-	LLMDKN_000121	8.8	7.8		
contig_1	56481	56714	-	LLMDKN_000122	9.3	10.4		
contig_1	56731	56994	-	LLMDKN_000123	9.8	9.5		
contig_1	57142	57321	-	LLMDKN_000124	6.9	9.4		
contig_1	57394	57726	-	LLMDKN_000125	12.2	7.0		
contig_1	57723	58157	-	LLMDKN_000126	16.4	8.5	PF01807.25|Zn_ribbon_DnaG	PFAM:PF01807.25
contig_1	58159	58557	+	LLMDKN_000127	14.8	9.6		
contig_1	58602	59174	-	LLMDKN_000128	21.4	9.3		
contig_1	59152	59580	-	LLMDKN_000129	16.0	5.7	PF14297.12|Lin1244_N	PFAM:PF14297.12
contig_1	59800	60174	-	LLMDKN_000130	14.2	10.3		
contig_1	60351	60524	-	LLMDKN_000131	6.6	8.9		SO:0001217, UniRef:UniRef50_Q5LCQ4
contig_1	60544	60723	-	LLMDKN_000132	6.9	9.1		
contig_1	60741	60887	-	LLMDKN_000133	5.2	4.5		
contig_1	61835	62047	-	LLMDKN_000135	8.0	9.7		
contig_1	62322	62531	-	LLMDKN_000136	7.7	5.1	PF00962.28|A_deaminase	PFAM:PF00962.28
contig_1	62535	62693	-	LLMDKN_000137	5.7	6.0		
contig_1	62690	63232	-	LLMDKN_000138	20.4	6.2		
contig_1	63229	63402	-	LLMDKN_000139	6.7	5.0		
contig_1	63392	63595	-	LLMDKN_000140	7.4	9.4		
contig_1	63765	64529	-	LLMDKN_000141	28.8	5.7		
contig_1	64671	65741	-	LLMDKN_000142	40.4	9.2		
contig_1	65778	66077	-	LLMDKN_000143	11.2	5.3		
contig_1	66102	66302	-	LLMDKN_000144	7.3	4.4		
contig_1	66332	66691	-	LLMDKN_000145	13.1	4.5		
contig_1	66688	67287	-	LLMDKN_000146	22.1	10.3		
contig_1	67415	67669	-	LLMDKN_000147	8.7	10.3		
contig_1	67639	67926	-	LLMDKN_000148	10.5	5.7		
contig_1	67923	68210	-	LLMDKN_000149	10.6	7.7		
contig_1	68235	68447	-	LLMDKN_000150	7.9	9.5		
contig_1	68508	69368	-	LLMDKN_000151	32.2	9.6		
contig_1	69383	70345	-	LLMDKN_000152	37.2	9.5	PF12833.13|HTH_18	PFAM:PF12833.13
contig_1	70312	71166	-	LLMDKN_000153	32.7	6.9		
contig_1	71192	71314	-	LLMDKN_000154	4.9	9.6		
contig_1	71277	71525	-	LLMDKN_000155	9.6	6.1		
contig_1	71890	72057	+	LLMDKN_000156	6.4	5.7		
contig_1	72116	72325	+	LLMDKN_000157	7.8	4.4		
contig_1	72643	72882	+	LLMDKN_000158	9.1	9.2		
contig_1	72768	73124	-	LLMDKN_000159	14.3	5.0	PF00268.27|Ribonuc_red_sm	PFAM:PF00268.27
contig_1	73282	73635	-	LLMDKN_000160	13.8	9.0	PF00268.27|Ribonuc_red_sm	PFAM:PF00268.27
contig_1	73768	74190	-	LLMDKN_000161	15.6	8.8		
contig_1	74160	74417	-	LLMDKN_000162	9.8	9.2		
contig_1	74496	74681	-	LLMDKN_000163	6.5	4.6		
contig_1	74690	75289	-	LLMDKN_000164	22.8	8.8		
contig_1	75297	75575	-	LLMDKN_000165	10.8	6.4	PF00317.26|Ribonuc_red_lgN	PFAM:PF00317.26
contig_1	75529	75690	-	LLMDKN_000166	6.0	4.3		
contig_1	75687	76283	-	LLMDKN_000167	22.8	5.3	PF03477.21|ATP-cone	PFAM:PF03477.21
contig_1	76795	77268	+	LLMDKN_000168	18.0	9.6		
contig_1	77498	78022	-	LLMDKN_000169	19.1	9.3		
contig_1	78085	78672	+	LLMDKN_000170	22.4	9.0	PF00593.30|TonB_dep_Rec_b-barrel	PFAM:PF00593.30
contig_1	78645	78881	+	LLMDKN_000171	8.8	7.8		
contig_1	78985	79512	+	LLMDKN_000172	19.6	7.7		
contig_1	79509	80213	+	LLMDKN_000173	26.4	9.5		
contig_1	80219	80830	+	LLMDKN_000174	23.4	7.1	PF04055.27|Radical_SAM	PFAM:PF04055.27
contig_1	80802	81041	+	LLMDKN_000175	8.9	7.7		
contig_1	81179	81586	+	LLMDKN_000176	15.0	5.3	PF06969.22|HemN_C	PFAM:PF06969.22
contig_1	81625	81798	+	LLMDKN_000177	6.2	9.4	PF00070.33|Pyr_redox, PF01266.30|DAO, PF13450.12|NAD_binding_8	PFAM:PF00070.33, PFAM:PF01266.30, PFAM:PF13450.12
contig_1	81947	82276	+	LLMDKN_000178	12.3	6.9		
contig_1	82285	82608	+	LLMDKN_000179	12.0	9.1		
contig_1	82811	82978	+	LLMDKN_000180	6.1	9.5		
contig_1	83162	83338	-	LLMDKN_000181	7.1	9.2		
contig_1	83305	83532	-	LLMDKN_000182	8.8	4.9		
contig_1	83690	83935	-	LLMDKN_000183	8.8	4.5		
contig_1	84336	84620	+	LLMDKN_000184	10.6	4.9		
contig_1	84604	85035	+	LLMDKN_000185	16.9	6.5	PF00248.27|Aldo_ket_red	PFAM:PF00248.27
contig_1	85043	85186	+	LLMDKN_000186	5.7	4.5		
contig_1	85791	86759	-	LLMDKN_000187	36.0	5.4		
contig_1	86717	86929	-	LLMDKN_000188	7.9	4.4	PF17820.7|PDZ_6	PFAM:PF17820.7
contig_1	87291	87422	+	LLMDKN_000189	5.1	9.4		
contig_1	87559	87813	+	LLMDKN_000190	10.0	9.2		
contig_1	88360	88557	+	LLMDKN_000191	7.6	9.7		
contig_1	88608	88868	+	LLMDKN_000192	10.2	7.7		
contig_1	89036	89737	+	LLMDKN_000193	27.3	5.7	PF04542.20|Sigma70_r2	PFAM:PF04542.20
contig_1	90596	90688	+	LLMDKN_000194	3.4	10.2		
contig_1	90716	91111	+	LLMDKN_000195	15.0	9.4		
contig_1	91167	91556	+	LLMDKN_000196	14.6	10.6		
contig_1	91576	91905	+	LLMDKN_000197	12.4	7.6		
contig_1	91896	92228	+	LLMDKN_000198	13.5	9.5		
contig_1	92310	92696	-	LLMDKN_000199	14.3	4.9	PF00892.27|EamA	PFAM:PF00892.27
contig_1	92636	93166	-	LLMDKN_000200	19.2	9.0	PF00892.27|EamA	PFAM:PF00892.27
contig_1	93401	94630	+	LLMDKN_000201	45.3	9.4		
contig_1	94788	95096	+	LLMDKN_000202	10.1	10.7	PF13488.11|Gly-zipper_Omp	PFAM:PF13488.11
contig_1	95433	95612	-	LLMDKN_000203	6.9	9.2		
contig_1	95703	95972	+	LLMDKN_000204	9.9	9.1	PF00912.28|Transgly	PFAM:PF00912.28
contig_1	96035	96319	+	LLMDKN_000205	10.7	10.6	PF00912.28|Transgly	PFAM:PF00912.28
contig_1	96385	96558	-	LLMDKN_000206	7.2	10.1		
contig_1	96594	96914	-	LLMDKN_000207	12.4	5.0		
contig_1	96923	97258	-	LLMDKN_000208	12.8	9.2		
contig_1	97268	97642	-	LLMDKN_000209	14.4	8.8		
contig_1	97608	98243	-	LLMDKN_000210	24.0	5.0	PF12741.13|SusD-like, PF12771.13|SusD-like_2	PFAM:PF12741.13, PFAM:PF12771.13
contig_1	98240	98362	-	LLMDKN_000211	4.4	4.1		
contig_1	98578	99099	-	LLMDKN_000212	19.1	7.9		
contig_1	99087	99839	-	LLMDKN_000213	28.6	7.7	PF00593.30|TonB_dep_Rec_b-barrel	PFAM:PF00593.30
contig_1	99922	100191	-	LLMDKN_000214	9.9	9.4		
contig_1	100184	100282	-	LLMDKN_000215	3.9	4.9		
contig_1	100325	100579	-	LLMDKN_000216	9.3	8.1		
contig_1	100563	100919	-	LLMDKN_000217	13.6	9.5		
contig_1	100919	101260	-	LLMDKN_000218	11.9	4.6	PF07715.20|Plug	PFAM:PF07715.20
contig_1	101257	101748	-	LLMDKN_000219	17.3	5.2	PF13620.12|CarboxypepD_reg, PF13715.12|CarbopepD_reg_2	PFAM:PF13620.12, PFAM:PF13715.12
contig_1	102663	102905	-	LLMDKN_000220	9.3	5.6		
contig_1	102878	103705	-	LLMDKN_000221	31.2	8.5	PF02436.23|PYC_OADA	PFAM:PF02436.23
contig_1	103749	103949	-	LLMDKN_000222	7.2	9.5		
contig_1	104042	104347	-	LLMDKN_000223	11.5	9.5		
contig_1	104557	105216	-	LLMDKN_000224	25.7	9.8	PF04542.20|Sigma70_r2, PF08281.18|Sigma70_r4_2	PFAM:PF04542.20, PFAM:PF08281.18
contig_1	105390	105689	+	LLMDKN_000225	11.0	6.1		
contig_1	105698	105949	+	LLMDKN_000226	9.6	5.0		
contig_1	105971	106291	+	LLMDKN_000227	12.0	7.9		
contig_1	106255	106470	+	LLMDKN_000228	8.1	5.3	PF01435.24|Peptidase_M48	PFAM:PF01435.24
contig_1	106467	106961	+	LLMDKN_000229	18.3	9.6	PF01435.24|Peptidase_M48	PFAM:PF01435.24
contig_1	107203	107385	+	LLMDKN_000230	6.8	7.8		
contig_1	107382	107696	+	LLMDKN_000231	11.6	9.0		
contig_1	107748	108284	-	LLMDKN_000232	19.7	6.9	PF03458.18|Gly_transporter	PFAM:PF03458.18
contig_1	109698	110081	+	LLMDKN_000234	14.3	9.7	PF13715.12|CarbopepD_reg_2	PFAM:PF13715.12
contig_1	110206	110595	+	LLMDKN_000235	14.7	5.2		
contig_1	110670	110945	+	LLMDKN_000236	10.5	5.0		
contig_1	110942	111166	+	LLMDKN_000237	8.4	9.0		
contig_1	111194	112174	+	LLMDKN_000238	37.8	9.4		
contig_1	112231	112581	+	LLMDKN_000239	13.7	9.6		
contig_1	112765	113184	+	LLMDKN_000240	15.8	7.0	PF00703.27|Glyco_hydro_2	PFAM:PF00703.27
contig_1	113135	113341	+	LLMDKN_000241	7.7	6.9	PF02836.23|Glyco_hydro_2_C	PFAM:PF02836.23
contig_1	113349	113540	+	LLMDKN_000242	7.3	5.8		
contig_1	113533	114291	+	LLMDKN_000243	27.7	9.1		
contig_1	114288	114803	+	LLMDKN_000244	19.5	6.1	PF00754.31|F5_F8_type_C, PF22633.2|F5_F8_type_C_2	PFAM:PF00754.31, PFAM:PF22633.2
contig_1	114848	115018	+	LLMDKN_000245	6.4	10.2		
contig_1	114976	115227	+	LLMDKN_000246	9.1	8.1	PF00004.35|AAA, PF00158.32|Sigma54_activat, PF05496.18|RuvB_N, PF07728.20|AAA_5	PFAM:PF00004.35, PFAM:PF00158.32, PFAM:PF05496.18, PFAM:PF07728.20
contig_1	115399	116121	+	LLMDKN_000247	27.0	5.2	PF12002.13|MgsA_C	PFAM:PF12002.13
contig_1	116205	116369	+	LLMDKN_000248	6.2	8.8		
contig_1	116318	116539	+	LLMDKN_000249	7.7	6.7	PF00389.36|2-Hacid_dh	PFAM:PF00389.36
contig_1	116589	117161	+	LLMDKN_000250	21.1	8.8	PF02826.25|2-Hacid_dh_C, PF03446.21|NAD_binding_2	PFAM:PF02826.25, PFAM:PF03446.21
contig_1	117164	117532	-	LLMDKN_000251	13.2	5.6	PF08282.18|Hydrolase_3	PFAM:PF08282.18
contig_1	117556	118095	+	LLMDKN_000252	20.7	10.1		
contig_1	117938	118297	-	LLMDKN_000253	13.4	5.0		
contig_1	118264	118503	-	LLMDKN_000254	9.2	9.9		
contig_1	118491	118676	-	LLMDKN_000255	6.8	11.6		
contig_1	118706	119032	-	LLMDKN_000256	12.5	10.5		
contig_1	119014	119436	-	LLMDKN_000257	16.0	5.0		
contig_1	119448	119624	-	LLMDKN_000258	6.7	5.0		
contig_1	119680	119964	-	LLMDKN_000259	10.8	9.9		
contig_1	119961	120287	-	LLMDKN_000260	12.8	8.4		
contig_1	120372	120563	+	LLMDKN_000261	7.1	10.0		
contig_1	120653	120811	-	LLMDKN_000262	5.8	4.1		
contig_1	120798	121103	-	LLMDKN_000263	11.6	8.3		
contig_1	121117	121296	-	LLMDKN_000264	6.9	8.9		
contig_1	121268	121804	-	LLMDKN_000265	19.9	8.7		
contig_1	121809	122063	-	LLMDKN_000266	9.7	4.4		
contig_1	122111	122584	-	LLMDKN_000267	17.3	5.1		
contig_1	122632	122871	-	LLMDKN_000268	8.7	9.1	PF05406.20|WGR	PFAM:PF05406.20
contig_1	122994	123500	-	LLMDKN_000269	18.9	6.6		
contig_1	123541	123687	-	LLMDKN_000270	5.3	6.0		
contig_1	123695	123946	-	LLMDKN_000271	9.3	9.5		
contig_1	123952	124152	+	LLMDKN_000272	7.4	9.2		
contig_1	124171	124629	-	LLMDKN_000273	17.2	9.3		
contig_1	124839	125264	-	LLMDKN_000274	15.2	5.6		
contig_1	125333	125551	-	LLMDKN_000275	8.2	4.8		
contig_1	125500	125646	-	LLMDKN_000276	5.5	9.3		
contig_1	126012	126236	-	LLMDKN_000278	8.4	7.8		
contig_1	126203	126406	-	LLMDKN_000279	8.0	10.1		
contig_1	126577	127128	-	LLMDKN_000280	20.3	8.6		
contig_1	127088	127420	-	LLMDKN_000281	12.3	7.7		
contig_1	127952	128899	+	LLMDKN_000282	34.7	6.1		
contig_1	129042	129332	+	LLMDKN_000283	11.1	5.5		
contig_1	129419	129892	+	LLMDKN_000284	17.7	9.3	PF13533.12|Biotin_lipoyl_2	PFAM:PF13533.12
contig_1	129853	130266	+	LLMDKN_000285	14.8	4.7	PF16576.10|HlyD_D23	PFAM:PF16576.10
contig_1	130281	130544	+	LLMDKN_000286	8.9	5.5		
contig_1	130547	130948	+	LLMDKN_000287	14.7	10.2	PF00005.33|ABC_tran	PFAM:PF00005.33
contig_1	130999	131289	+	LLMDKN_000288	10.5	4.9		
contig_1	131429	131986	+	LLMDKN_000289	19.6	5.4	PF12704.14|MacB_PCD	PFAM:PF12704.14
contig_1	131944	132411	+	LLMDKN_000290	17.1	5.7	PF12704.14|MacB_PCD	PFAM:PF12704.14
contig_1	132378	132647	+	LLMDKN_000291	9.6	5.7	PF02687.27|FtsX	PFAM:PF02687.27
contig_1	132930	133202	-	LLMDKN_000292	10.1	4.1		
contig_1	133203	133559	+	LLMDKN_000293	13.4	9.6	PF06580.19|His_kinase	PFAM:PF06580.19
contig_1	133559	133933	+	LLMDKN_000294	14.1	6.9		
contig_1	134176	134373	-	LLMDKN_000295	7.8	4.2		
contig_1	135025	135270	-	LLMDKN_000297	8.8	6.5		
contig_1	135267	135500	-	LLMDKN_000298	8.7	9.2		
contig_1	135585	135770	-	LLMDKN_000299	6.8	5.8		
contig_1	135819	135992	-	LLMDKN_000300	7.0	9.9		
contig_1	136225	136371	-	LLMDKN_000301	5.4	5.0		
contig_1	136689	136820	+	LLMDKN_000302	5.1	8.1		
contig_1	136945	137520	-	LLMDKN_000303	22.6	8.9		
contig_1	137767	137859	-	LLMDKN_000304	3.0	10.3		
contig_1	138614	138799	+	LLMDKN_000305	6.8	6.0		
contig_1	138838	139191	+	LLMDKN_000306	13.9	9.0		
contig_1	139313	139645	+	LLMDKN_000307	13.3	4.7	PF14684.11|Tricorn_C1	PFAM:PF14684.11
contig_1	139698	139811	+	LLMDKN_000308	4.4	9.4		
contig_1	139805	139981	+	LLMDKN_000309	6.7	4.4		
contig_1	140127	140378	+	LLMDKN_000310	9.9	9.1		
contig_1	140417	140617	+	LLMDKN_000311	7.8	9.3		
contig_1	140610	140942	+	LLMDKN_000312	12.1	4.9		
contig_1	141221	141604	+	LLMDKN_000313	14.5	9.5	PF00576.27|Transthyretin	PFAM:PF00576.27
contig_1	141625	141780	+	LLMDKN_000314	6.1	9.6	PF00576.27|Transthyretin	PFAM:PF00576.27
contig_1	141887	142519	-	LLMDKN_000315	22.9	5.9		
contig_1	142537	142695	-	LLMDKN_000316	5.8	5.7		
contig_1	142874	143050	-	LLMDKN_000317	6.8	6.1		
contig_1	142999	143550	-	LLMDKN_000318	21.3	5.4		
contig_1	143830	144072	-	LLMDKN_000319	9.3	6.6		
contig_1	144018	144626	-	LLMDKN_000320	23.9	5.7	PF06452.16|CBM9_1	PFAM:PF06452.16
contig_1	144905	145186	+	LLMDKN_000321	10.8	9.3		
contig_1	145260	145472	-	LLMDKN_000322	8.1	4.5		
contig_1	145788	146015	-	LLMDKN_000323	8.5	4.5	PF22292.1|DUF6965	PFAM:PF22292.1
contig_1	146499	146732	-	LLMDKN_000324	8.6	4.9	PF01182.26|Glucosamine_iso	PFAM:PF01182.26
contig_1	146729	147016	-	LLMDKN_000325	11.0	4.8	PF01182.26|Glucosamine_iso	PFAM:PF01182.26
contig_1	147081	147569	-	LLMDKN_000326	18.3	5.1	PF02781.21|G6PD_C	PFAM:PF02781.21
contig_1	147529	147873	-	LLMDKN_000327	12.9	5.6	PF02781.21|G6PD_C	PFAM:PF02781.21
contig_1	147855	148646	-	LLMDKN_000328	30.6	8.4	PF00479.28|G6PD_N, PF02781.21|G6PD_C	PFAM:PF00479.28, PFAM:PF02781.21
contig_1	148591	148806	-	LLMDKN_000329	8.1	5.4	PF00393.24|6PGD	PFAM:PF00393.24
contig_1	148924	149592	-	LLMDKN_000330	25.0	9.7	PF00393.24|6PGD	PFAM:PF00393.24
contig_1	149632	150063	-	LLMDKN_000331	15.5	4.8	PF03446.21|NAD_binding_2	PFAM:PF03446.21
contig_1	150196	150933	+	LLMDKN_000332	26.7	9.0		
contig_1	150906	151421	+	LLMDKN_000333	17.7	6.5		
contig_1	151583	151798	-	LLMDKN_000335	7.8	4.8		
contig_1	151810	151905	-	LLMDKN_000336	3.6	8.5		
contig_1	151892	152044	-	LLMDKN_000337	5.7	10.0		
contig_1	153544	153660	+	LLMDKN_000338	4.2	4.2		
contig_1	153940	154335	-	LLMDKN_000339	14.8	8.8		
contig_1	154317	154574	-	LLMDKN_000340	9.4	7.7		
contig_1	154946	155134	-	LLMDKN_000341	6.9	9.5		
contig_1	155143	155355	-	LLMDKN_000342	8.0	8.9		
contig_1	155333	155533	-	LLMDKN_000343	7.5	5.0		
contig_1	155582	155671	+	LLMDKN_000344	3.4	9.4		
contig_1	155781	155900	-	LLMDKN_000345	4.4	7.9		
contig_1	155910	156014	-	LLMDKN_000346	3.9	5.1		
contig_1	156011	156307	-	LLMDKN_000347	11.0	6.5	PF13692.12|Glyco_trans_1_4	PFAM:PF13692.12
contig_1	156383	156628	-	LLMDKN_000348	9.3	8.7		
contig_1	156989	157135	-	LLMDKN_000349	5.6	8.2		
contig_1	157132	157656	-	LLMDKN_000350	19.8	5.3		
contig_1	157616	157996	-	LLMDKN_000351	14.2	8.9	PF04321.23|RmlD_sub_bind	PFAM:PF04321.23
contig_1	158026	158331	-	LLMDKN_000352	11.2	4.7		
contig_1	158575	159150	-	LLMDKN_000353	22.0	5.9		
contig_1	159138	159347	-	LLMDKN_000354	8.2	5.5		
contig_1	159450	159836	-	LLMDKN_000355	14.1	7.7		
contig_1	159848	160081	-	LLMDKN_000356	9.0	8.8		
contig_1	160245	160553	-	LLMDKN_000357	11.4	5.5	PF13692.12|Glyco_trans_1_4	PFAM:PF13692.12
contig_1	160537	161025	-	LLMDKN_000358	19.2	9.6		
contig_1	161479	161649	-	LLMDKN_000359	6.6	4.4		
contig_1	161673	161792	-	LLMDKN_000360	4.4	5.7		
contig_1	161792	161950	-	LLMDKN_000361	6.0	4.2		
contig_1	162021	162293	-	LLMDKN_000362	10.7	7.9		
contig_1	162710	162877	-	LLMDKN_000363	6.4	9.9		
contig_1	162874	163200	-	LLMDKN_000364	12.7	6.7		
contig_1	163402	163791	-	LLMDKN_000365	15.4	9.8		
contig_1	163802	163996	-	LLMDKN_000366	7.2	4.6		
contig_1	165001	165099	-	LLMDKN_000367	4.0	9.6		
contig_1	165143	165289	-	LLMDKN_000368	5.6	4.4		
contig_1	165340	165513	-	LLMDKN_000369	6.3	4.1		
contig_1	165828	166034	-	LLMDKN_000370	7.7	7.8		
contig_1	166592	166942	+	LLMDKN_000371	13.5	10.5		
contig_1	167603	167731	-	LLMDKN_000372	4.8	9.8		
contig_1	168657	168755	-	LLMDKN_000373	3.7	4.9		
contig_1	168755	168880	-	LLMDKN_000374	4.8	5.0		
contig_1	169021	169179	-	LLMDKN_000375	6.0	8.0	PF01041.23|DegT_DnrJ_EryC1	PFAM:PF01041.23
contig_1	169158	169442	-	LLMDKN_000376	10.1	8.6	PF01041.23|DegT_DnrJ_EryC1	PFAM:PF01041.23
contig_1	169408	169701	-	LLMDKN_000377	10.6	4.5	PF01041.23|DegT_DnrJ_EryC1	PFAM:PF01041.23
contig_1	169857	170129	-	LLMDKN_000378	10.1	6.0		
contig_1	170292	170474	-	LLMDKN_000379	6.9	4.1		
contig_1	170525	170674	-	LLMDKN_000380	5.6	8.8		
contig_1	170849	171370	-	LLMDKN_000381	19.8	8.9	PF02522.19|Antibiotic_NAT	PFAM:PF02522.19
contig_1	171348	171782	-	LLMDKN_000382	16.1	5.9	PF00106.31|adh_short, PF13561.12|adh_short_C2	PFAM:PF00106.31, PFAM:PF13561.12
contig_1	172080	172289	-	LLMDKN_000383	7.7	4.9	PF00550.31|PP-binding	PFAM:PF00550.31
contig_1	172336	172476	-	LLMDKN_000384	4.9	4.1	PF08541.16|ACP_syn_III_C	PFAM:PF08541.16
contig_1	172591	172893	-	LLMDKN_000385	11.1	5.0		
contig_1	172886	173356	-	LLMDKN_000386	17.7	6.4		
contig_1	173684	174037	-	LLMDKN_000388	13.8	5.4		
contig_1	174575	174754	+	LLMDKN_000389	7.0	9.6		
contig_1	174714	175163	-	LLMDKN_000390	17.1	4.5		
contig_1	175450	175680	-	LLMDKN_000391	8.5	4.1		
contig_1	175652	175921	-	LLMDKN_000392	10.2	6.3		
contig_1	175977	176339	-	LLMDKN_000393	14.0	9.3		
contig_1	176593	176781	-	LLMDKN_000394	7.1	6.2	PF05523.17|FdtA	PFAM:PF05523.17
contig_1	177288	177437	-	LLMDKN_000396	5.7	6.1		
contig_1	177434	177811	-	LLMDKN_000397	14.2	6.1		
contig_1	178221	178424	-	LLMDKN_000399	7.9	4.5		
contig_1	178417	178701	-	LLMDKN_000400	10.4	4.5		
contig_1	178705	179073	-	LLMDKN_000401	13.7	5.7		
contig_1	179732	180088	+	LLMDKN_000402	13.6	9.6		SO:0001217, UniRef:UniRef50_E1WUX6
contig_1	180242	180373	+	LLMDKN_000403	5.3	6.2		
contig_1	180346	180498	+	LLMDKN_000404	5.8	8.0		
contig_1	180489	180632	+	LLMDKN_000405	5.2	5.0		
contig_1	180638	180880	+	LLMDKN_000406	9.1	4.7	PF14297.12|Lin1244_N	PFAM:PF14297.12
contig_1	180999	181370	+	LLMDKN_000407	13.9	5.2		
contig_1	181718	181972	-	LLMDKN_000408	9.8	6.1		
contig_1	182067	182426	+	LLMDKN_000409	13.1	6.8		
contig_1	182469	182654	-	LLMDKN_000410	7.0	4.8		
contig_1	182694	183014	-	LLMDKN_000411	12.1	9.9		
contig_1	183992	184300	-	LLMDKN_000413	12.2	7.0		
contig_1	184670	184927	+	LLMDKN_000414	9.6	8.5		
contig_1	184920	185426	+	LLMDKN_000415	19.0	9.0		
contig_1	185901	186221	+	LLMDKN_000416	12.4	9.7		
contig_1	186446	186820	+	LLMDKN_000417	13.9	8.7		
contig_1	186760	187239	+	LLMDKN_000418	18.2	4.8	PF23562.2|AMP-binding_C_3	PFAM:PF23562.2
contig_1	187340	188035	+	LLMDKN_000419	24.1	9.6		
contig_1	188137	188499	+	LLMDKN_000420	13.5	9.6		
contig_1	188571	188888	-	LLMDKN_000421	11.8	8.8		
contig_1	188953	189471	-	LLMDKN_000422	20.5	8.7		
contig_1	189420	190367	-	LLMDKN_000423	36.8	9.2		
contig_1	190611	190958	-	LLMDKN_000424	12.8	4.5		
contig_1	190976	191470	-	LLMDKN_000425	18.5	9.0	PF02080.26|TrkA_C	PFAM:PF02080.26
contig_1	191479	191604	-	LLMDKN_000426	4.8	9.8		
contig_1	191632	192090	-	LLMDKN_000427	16.1	7.7		
contig_1	192099	192275	-	LLMDKN_000428	6.5	5.2		
contig_1	192361	192528	-	LLMDKN_000429	6.5	9.9		
contig_1	192562	192756	-	LLMDKN_000430	6.9	5.5		
contig_1	192756	192917	-	LLMDKN_000431	5.9	8.7		
contig_1	193012	193224	-	LLMDKN_000432	7.9	10.4		
contig_1	193238	193630	-	LLMDKN_000433	14.2	6.0		
contig_1	193880	194026	-	LLMDKN_000434	5.9	4.4		
contig_1	194040	194273	-	LLMDKN_000435	8.9	4.1		
contig_1	194755	195531	+	LLMDKN_000436	29.1	9.4		
contig_1	195620	196204	+	LLMDKN_000437	22.0	9.6		
contig_1	196314	196667	+	LLMDKN_000438	13.4	8.0		
contig_1	196646	197092	+	LLMDKN_000439	16.8	10.4		
contig_1	198140	198691	+	LLMDKN_000440	20.9	5.3		
contig_1	198872	199150	+	LLMDKN_000441	10.7	7.7		
contig_1	199250	199417	+	LLMDKN_000442	5.9	7.8		
contig_1	199368	199595	+	LLMDKN_000443	7.9	5.6		
contig_1	199867	200256	+	LLMDKN_000444	14.5	8.5		
contig_1	200229	200501	+	LLMDKN_000445	10.3	6.1		
contig_1	200839	201288	+	LLMDKN_000446	16.1	7.9	PF07715.20|Plug	PFAM:PF07715.20
contig_1	201285	201524	+	LLMDKN_000447	9.3	4.9		
contig_1	201548	201850	+	LLMDKN_000448	11.3	5.4		
contig_1	201835	202311	+	LLMDKN_000449	18.8	9.8	PF00593.30|TonB_dep_Rec_b-barrel	PFAM:PF00593.30
contig_1	202280	202840	+	LLMDKN_000450	21.4	9.5	PF00593.30|TonB_dep_Rec_b-barrel	PFAM:PF00593.30
contig_1	203686	203931	+	LLMDKN_000452	9.1	6.8		
contig_1	203889	204467	+	LLMDKN_000453	22.3	7.7		
contig_1	204514	204822	-	LLMDKN_000454	11.0	9.9		
contig_1	204957	205181	-	LLMDKN_000455	8.0	8.5		
contig_1	205192	205518	-	LLMDKN_000456	11.8	4.6		
contig_1	205686	205874	-	LLMDKN_000457	7.3	8.2		
contig_1	207207	207326	-	LLMDKN_000461	4.8	5.8		
contig_1	208144	208497	-	LLMDKN_000463	13.6	9.1		
contig_1	208443	208709	-	LLMDKN_000464	10.1	10.6		
contig_1	208726	209205	-	LLMDKN_000465	18.5	7.8	PF00593.30|TonB_dep_Rec_b-barrel	PFAM:PF00593.30
contig_1	209353	210009	-	LLMDKN_000466	24.3	8.5	PF07715.20|Plug	PFAM:PF07715.20
contig_1	210014	210127	-	LLMDKN_000467	4.1	4.7		
contig_1	210198	210419	-	LLMDKN_000468	7.9	7.9	PF13620.12|CarboxypepD_reg, PF13715.12|CarbopepD_reg_2	PFAM:PF13620.12, PFAM:PF13715.12
contig_1	210980	211483	-	LLMDKN_000470	18.7	9.4		
contig_1	211483	211923	-	LLMDKN_000471	16.8	7.8	PF02872.23|5_nucleotid_C	PFAM:PF02872.23
contig_1	211950	212255	-	LLMDKN_000472	11.5	9.0		
contig_1	212295	212624	-	LLMDKN_000473	12.3	5.9		
contig_1	212603	213070	-	LLMDKN_000474	17.8	7.6	PF00149.33|Metallophos	PFAM:PF00149.33
contig_1	213129	213398	-	LLMDKN_000475	10.3	9.5	PF02518.31|HATPase_c	PFAM:PF02518.31
contig_1	213543	213968	-	LLMDKN_000476	16.1	5.1	PF00512.31|HisKA	PFAM:PF00512.31
contig_1	213956	214222	-	LLMDKN_000477	9.6	5.4		
contig_1	214222	214506	-	LLMDKN_000478	10.7	6.8		
contig_1	214451	214657	-	LLMDKN_000479	7.7	4.5		
contig_1	214982	215107	-	LLMDKN_000480	4.8	7.9		
contig_1	215217	215648	+	LLMDKN_000481	16.2	8.8	PF09371.15|Tex_N	PFAM:PF09371.15
contig_1	215822	216148	-	LLMDKN_000482	11.9	9.9		
contig_1	216298	216588	+	LLMDKN_000483	10.8	6.1	PF14639.11|YqgF, PF16921.10|Tex_YqgF	PFAM:PF14639.11, PFAM:PF16921.10
contig_1	216794	217039	+	LLMDKN_000484	9.0	7.8	PF17674.7|HHH_9	PFAM:PF17674.7
contig_1	217051	217341	+	LLMDKN_000485	11.1	8.2	PF00575.29|S1	PFAM:PF00575.29
contig_1	217555	217767	-	LLMDKN_000486	7.7	5.7		
contig_1	217814	217966	-	LLMDKN_000487	5.6	9.6		
contig_1	217936	218502	-	LLMDKN_000488	21.6	5.3	PF17127.10|DUF5106	PFAM:PF17127.10
contig_1	218999	219478	-	LLMDKN_000490	18.2	5.3		
contig_1	219508	219801	-	LLMDKN_000491	10.8	7.9		
contig_1	219785	220078	-	LLMDKN_000492	10.8	5.2		
contig_1	220021	220320	-	LLMDKN_000493	10.9	9.0		
contig_1	220409	220726	-	LLMDKN_000494	11.1	5.7		
contig_1	220690	221043	-	LLMDKN_000495	13.8	9.9		
contig_1	221115	221438	-	LLMDKN_000496	11.5	6.6		
contig_1	221389	222063	-	LLMDKN_000497	25.0	8.7		
contig_1	222191	222304	-	LLMDKN_000498	3.9	7.9		
contig_1	223342	224073	-	LLMDKN_000500	26.3	9.8		
contig_1	224330	224671	-	LLMDKN_000501	12.3	9.0		
contig_1	224914	225165	-	LLMDKN_000502	9.1	4.1		
contig_1	225155	225301	-	LLMDKN_000503	5.0	5.4		
contig_1	225291	225842	-	LLMDKN_000504	20.1	6.1		
contig_1	225924	226400	-	LLMDKN_000505	17.4	5.2		
contig_1	226525	226944	-	LLMDKN_000506	15.3	4.6		
contig_1	227354	227887	-	LLMDKN_000507	18.9	9.9		
contig_1	228006	228335	-	LLMDKN_000508	11.4	5.3		
contig_1	228332	228559	-	LLMDKN_000509	8.5	4.5		
contig_1	228673	229233	-	LLMDKN_000510	19.9	8.4		
contig_1	229294	229503	-	LLMDKN_000511	7.6	4.7		
contig_1	229519	229674	-	LLMDKN_000512	5.4	4.1		
contig_1	229674	229889	-	LLMDKN_000513	7.9	5.7		
contig_1	229840	230361	-	LLMDKN_000514	19.5	4.8		
contig_1	230345	230575	-	LLMDKN_000515	8.3	4.7		
contig_1	230674	230853	-	LLMDKN_000516	6.5	8.1		
contig_1	230850	231404	-	LLMDKN_000517	20.9	5.1		
contig_1	231359	231538	-	LLMDKN_000518	6.6	10.2		
contig_1	231619	231939	-	LLMDKN_000519	11.6	4.8		
contig_1	231989	232603	-	LLMDKN_000520	22.8	4.9		
contig_1	232607	232801	-	LLMDKN_000521	6.9	5.0		
contig_1	233291	233554	-	LLMDKN_000522	9.6	5.4		
contig_1	233622	234158	-	LLMDKN_000523	19.2	6.7		
contig_1	234131	234310	-	LLMDKN_000524	6.9	10.0		
contig_1	234307	234558	-	LLMDKN_000525	8.9	5.2		
contig_1	234586	234867	-	LLMDKN_000526	9.8	4.1		
contig_1	234849	235085	-	LLMDKN_000527	8.5	9.9		
contig_1	235107	235562	-	LLMDKN_000528	16.4	5.2		
contig_1	235583	235780	-	LLMDKN_000529	7.2	4.4		
contig_1	235780	236556	-	LLMDKN_000530	28.2	5.3		
contig_1	236691	236879	-	LLMDKN_000531	7.3	9.3		
contig_1	237099	237488	-	LLMDKN_000532	14.4	4.7		
contig_1	237464	237661	-	LLMDKN_000533	7.3	7.9		
contig_1	237804	238175	-	LLMDKN_000534	13.4	4.8		
contig_1	238172	238498	-	LLMDKN_000535	12.1	4.4		
contig_1	238545	238994	-	LLMDKN_000536	16.0	5.0		
contig_1	238945	239283	-	LLMDKN_000537	12.1	6.2	PF06321.17|P_gingi_FimA	PFAM:PF06321.17
contig_1	239310	239561	-	LLMDKN_000538	9.6	8.7		
contig_1	239608	239883	-	LLMDKN_000539	9.9	8.8		
contig_1	239880	240194	-	LLMDKN_000540	12.3	4.6		
contig_1	240328	240762	-	LLMDKN_000541	16.0	4.8		
contig_1	240782	240910	-	LLMDKN_000542	4.6	7.9		
contig_1	240897	241094	-	LLMDKN_000543	7.1	6.2		
contig_1	241088	241399	-	LLMDKN_000544	11.4	9.2		
contig_1	241557	241913	-	LLMDKN_000545	12.8	4.7		
contig_1	242211	242372	-	LLMDKN_000546	5.9	8.9		
contig_1	242380	242547	-	LLMDKN_000547	6.8	11.4		
contig_1	242557	242952	-	LLMDKN_000548	14.7	6.8		
contig_1	243208	243339	-	LLMDKN_000549	5.0	6.0		
contig_1	243439	244146	-	LLMDKN_000550	27.3	4.9		
contig_1	244697	245224	+	LLMDKN_000551	19.9	9.7	PF17293.8|Arm-DNA-bind_5	PFAM:PF17293.8
contig_1	245392	245508	+	LLMDKN_000552	4.4	4.4		
contig_1	245528	245689	+	LLMDKN_000553	6.4	9.0		
contig_1	245689	245919	+	LLMDKN_000554	8.3	8.7		
contig_1	246344	246472	-	LLMDKN_000556	5.1	9.7		
contig_1	246636	246806	+	LLMDKN_000557	6.7	11.3		
contig_1	246924	247199	+	LLMDKN_000558	10.6	5.7		
contig_1	247168	247407	+	LLMDKN_000559	9.1	5.8		
contig_1	247382	247834	+	LLMDKN_000560	17.7	8.9		
contig_1	248800	249123	-	LLMDKN_000562	11.5	8.7		
contig_1	249662	249844	+	LLMDKN_000563	6.8	10.5		
contig_1	250035	250616	+	LLMDKN_000564	22.8	9.2		
contig_1	251034	251402	+	LLMDKN_000565	14.1	8.7		
contig_1	251399	251689	+	LLMDKN_000566	11.7	4.9		
contig_1	251744	252232	+	LLMDKN_000567	18.3	4.8	PF00515.34|TPR_1, PF07719.23|TPR_2, PF13181.12|TPR_8	PFAM:PF00515.34, PFAM:PF07719.23, PFAM:PF13181.12
contig_1	252234	252395	+	LLMDKN_000568	6.0	6.0		
contig_1	252598	252966	+	LLMDKN_000569	14.0	7.6	PF00515.34|TPR_1, PF07719.23|TPR_2, PF13181.12|TPR_8, PF13414.12|TPR_11, PF13431.12|TPR_17	PFAM:PF00515.34, PFAM:PF07719.23, PFAM:PF13181.12, PFAM:PF13414.12, PFAM:PF13431.12
contig_1	253230	253541	-	LLMDKN_000570	11.7	8.7		
contig_1	253581	253781	-	LLMDKN_000571	7.1	9.4		
contig_1	254119	254271	+	LLMDKN_000572	6.3	9.8		
contig_1	254421	255047	-	LLMDKN_000573	24.7	9.6		
contig_1	255155	255400	-	LLMDKN_000574	9.1	5.0	PF13102.12|Phage_int_SAM_5	PFAM:PF13102.12
contig_1	255397	255633	-	LLMDKN_000575	9.4	10.6	PF17293.8|Arm-DNA-bind_5	PFAM:PF17293.8
contig_1	257129	257548	+	LLMDKN_000576	16.4	9.5		
contig_1	257500	258099	+	LLMDKN_000577	22.8	10.0		
contig_1	258245	258511	+	LLMDKN_000578	10.0	5.1		
contig_1	258878	259276	+	LLMDKN_000579	14.7	9.6		
contig_1	259297	259572	+	LLMDKN_000580	10.5	9.2		
contig_1	259603	260286	+	LLMDKN_000581	26.3	9.8		
contig_1	260273	260563	+	LLMDKN_000582	11.2	4.9		
contig_1	260560	260964	+	LLMDKN_000583	15.4	6.6		
contig_1	260987	261226	+	LLMDKN_000584	8.8	9.9		
contig_1	261323	261823	+	LLMDKN_000585	18.5	9.7		
contig_1	262409	262690	-	LLMDKN_000586	10.5	5.5		
contig_1	262719	262961	-	LLMDKN_000587	9.1	8.6		
contig_1	262961	263260	-	LLMDKN_000588	11.0	5.2		
contig_1	263365	263649	+	LLMDKN_000589	10.7	9.7		
contig_1	263615	263773	+	LLMDKN_000590	6.0	9.1		
contig_1	263792	264049	+	LLMDKN_000591	9.6	5.8		
contig_1	264100	264396	+	LLMDKN_000592	10.8	9.6	PF13306.12|LRR_5	PFAM:PF13306.12
contig_1	264556	264822	-	LLMDKN_000593	10.3	5.3		
contig_1	264768	265301	-	LLMDKN_000594	21.3	6.9		
contig_1	265422	265595	-	LLMDKN_000595	6.3	9.1		
contig_1	265657	266031	-	LLMDKN_000596	13.7	9.1		
contig_1	267944	268213	-	LLMDKN_000599	10.1	4.5		
contig_1	268195	268437	-	LLMDKN_000600	8.7	9.4	PF00005.33|ABC_tran	PFAM:PF00005.33
contig_1	268713	268928	+	LLMDKN_000601	8.4	4.5		
contig_1	268925	269251	+	LLMDKN_000602	11.9	5.1		
contig_1	269316	269435	+	LLMDKN_000603	4.6	9.4	PF00226.36|DnaJ	PFAM:PF00226.36
contig_1	269536	269841	+	LLMDKN_000604	10.3	10.5		
contig_1	270057	270497	+	LLMDKN_000605	15.9	6.8	PF01556.23|DnaJ_C	PFAM:PF01556.23
contig_1	271276	271638	-	LLMDKN_000606	14.1	9.7	PF07980.17|SusD_RagB	PFAM:PF07980.17
contig_1	271694	272284	-	LLMDKN_000607	22.4	4.8		
contig_1	272281	272595	-	LLMDKN_000608	12.4	5.7	PF14322.12|SusD-like_3	PFAM:PF14322.12
contig_1	272543	272875	-	LLMDKN_000609	12.4	4.4		
contig_1	272891	273391	-	LLMDKN_000610	18.7	9.3		
contig_1	273514	274107	-	LLMDKN_000611	21.9	9.8	PF00593.30|TonB_dep_Rec_b-barrel	PFAM:PF00593.30
contig_1	274130	274351	+	LLMDKN_000612	8.1	11.4		
contig_1	274427	275362	-	LLMDKN_000613	35.1	8.8	PF07715.20|Plug	PFAM:PF07715.20
contig_1	275316	275456	-	LLMDKN_000614	5.3	8.9		
contig_1	275740	276120	-	LLMDKN_000615	13.5	9.6	PF09134.16|Invasin_D3, PF18565.7|Glyco_hydro2_C5	PFAM:PF09134.16, PFAM:PF18565.7
contig_1	276062	276178	-	LLMDKN_000616	4.4	9.3	PF16355.11|DUF4982	PFAM:PF16355.11
contig_1	276178	277023	-	LLMDKN_000617	32.5	6.0	PF02836.23|Glyco_hydro_2_C	PFAM:PF02836.23
contig_1	277027	277272	-	LLMDKN_000618	9.0	7.8	PF02836.23|Glyco_hydro_2_C	PFAM:PF02836.23
contig_1	277452	277865	-	LLMDKN_000619	15.5	6.4	PF02837.24|Glyco_hydro_2_N	PFAM:PF02837.24
contig_1	277917	278243	-	LLMDKN_000620	12.5	9.3		
contig_1	278257	278424	-	LLMDKN_000621	6.2	10.0	PF07971.18|Glyco_hydro_92	PFAM:PF07971.18
contig_1	278458	278646	-	LLMDKN_000622	7.1	4.5	PF07971.18|Glyco_hydro_92	PFAM:PF07971.18
contig_1	278598	279851	-	LLMDKN_000623	48.1	6.3	PF07971.18|Glyco_hydro_92	PFAM:PF07971.18
contig_1	279851	280462	-	LLMDKN_000624	22.6	6.9	PF17678.7|Glyco_hydro_92N	PFAM:PF17678.7
contig_1	280568	280888	-	LLMDKN_000625	11.7	4.7		
contig_1	280852	281127	-	LLMDKN_000626	10.3	9.0		
contig_1	281263	282096	-	LLMDKN_000627	31.8	5.6	PF00728.28|Glyco_hydro_20	PFAM:PF00728.28
contig_1	282115	282369	-	LLMDKN_000628	9.2	5.6	PF02838.20|Glyco_hydro_20b	PFAM:PF02838.20
contig_1	282403	282621	-	LLMDKN_000629	8.1	9.5		
contig_1	282724	282912	-	LLMDKN_000630	7.1	9.4		
contig_1	282867	283532	-	LLMDKN_000631	23.5	4.8	PF01344.31|Kelch_1, PF13854.12|Kelch_5, PF13964.12|Kelch_6, PF24996.1|NANM	PFAM:PF01344.31, PFAM:PF13854.12, PFAM:PF13964.12, PFAM:PF24996.1
contig_1	283538	283915	-	LLMDKN_000632	13.1	5.3		
contig_1	284021	284770	-	LLMDKN_000633	27.7	5.2	PF00754.31|F5_F8_type_C, PF13287.12|Fn3_assoc, PF13290.12|CHB_HEX_C_1, PF22633.2|F5_F8_type_C_2	PFAM:PF00754.31, PFAM:PF13287.12, PFAM:PF13290.12, PFAM:PF22633.2
contig_1	284855	285154	-	LLMDKN_000634	11.4	7.9	PF00728.28|Glyco_hydro_20	PFAM:PF00728.28
contig_1	285115	285354	-	LLMDKN_000635	8.7	8.3	PF00728.28|Glyco_hydro_20	PFAM:PF00728.28
contig_1	285327	285953	-	LLMDKN_000636	23.8	5.6	PF00728.28|Glyco_hydro_20, PF02838.20|Glyco_hydro_20b	PFAM:PF00728.28, PFAM:PF02838.20
contig_1	285920	286096	-	LLMDKN_000637	7.0	10.2		
contig_1	286344	287255	-	LLMDKN_000638	35.0	8.2	PF17753.7|Ig_mannosidase, PF17786.7|Mannosidase_ig	PFAM:PF17753.7, PFAM:PF17786.7
contig_1	287222	287362	-	LLMDKN_000639	5.4	8.1		
contig_1	287359	287676	-	LLMDKN_000640	12.7	4.7	PF02836.23|Glyco_hydro_2_C	PFAM:PF02836.23
contig_1	287854	288708	-	LLMDKN_000641	32.5	5.5	PF00703.27|Glyco_hydro_2, PF02837.24|Glyco_hydro_2_N, PF22666.2|Glyco_hydro_2_N2	PFAM:PF00703.27, PFAM:PF02837.24, PFAM:PF22666.2
contig_1	288857	289108	-	LLMDKN_000642	9.4	5.7		
contig_1	289122	289382	-	LLMDKN_000643	10.6	11.2		
contig_1	289507	289761	-	LLMDKN_000644	9.5	9.7		
contig_1	289854	290123	-	LLMDKN_000645	10.2	6.7		
contig_1	290176	290634	-	LLMDKN_000646	17.1	6.2	PF13472.12|Lipase_GDSL_2	PFAM:PF13472.12
contig_1	290651	290896	-	LLMDKN_000647	8.9	9.0		
contig_1	290925	291131	-	LLMDKN_000648	8.0	8.9		
contig_1	291218	291397	-	LLMDKN_000649	6.4	9.7		
contig_1	291407	291589	-	LLMDKN_000650	6.8	8.0		
contig_1	291669	292073	-	LLMDKN_000651	15.6	8.6		
contig_1	292238	292411	-	LLMDKN_000652	6.7	5.2		
contig_1	292471	292626	-	LLMDKN_000653	5.7	4.6		
contig_1	292595	292729	-	LLMDKN_000654	5.4	10.2		
contig_1	292693	292902	-	LLMDKN_000655	8.1	6.8	PF00728.28|Glyco_hydro_20	PFAM:PF00728.28
contig_1	292917	293237	-	LLMDKN_000656	12.7	9.4	PF00728.28|Glyco_hydro_20	PFAM:PF00728.28
contig_1	293191	293460	-	LLMDKN_000657	10.1	5.8	PF02838.20|Glyco_hydro_20b	PFAM:PF02838.20
contig_1	293648	294052	-	LLMDKN_000658	14.9	8.5		
contig_1	294052	294426	-	LLMDKN_000659	13.8	9.5	PF13088.12|BNR_2, PF13859.12|BNR_3	PFAM:PF13088.12, PFAM:PF13859.12
contig_1	294434	294529	-	LLMDKN_000660	3.2	5.8		
contig_1	294469	294654	-	LLMDKN_000661	6.7	7.7		
contig_1	294651	294911	-	LLMDKN_000662	9.2	8.1	PF14873.11|BNR_assoc_N	PFAM:PF14873.11
contig_1	294904	295170	-	LLMDKN_000663	9.9	6.3	PF14873.11|BNR_assoc_N	PFAM:PF14873.11
contig_1	295854	296108	-	LLMDKN_000664	9.7	4.9		
contig_1	296101	296655	-	LLMDKN_000665	21.5	9.2	PF07980.17|SusD_RagB	PFAM:PF07980.17
contig_1	296652	296828	-	LLMDKN_000666	6.5	9.3		
contig_1	296812	297033	-	LLMDKN_000667	8.4	4.2		
contig_1	297253	297804	-	LLMDKN_000668	20.4	6.1	PF14322.12|SusD-like_3	PFAM:PF14322.12
contig_1	297794	298042	-	LLMDKN_000669	8.9	9.8		
contig_1	298163	298423	-	LLMDKN_000670	9.5	5.1		
contig_1	298524	298769	-	LLMDKN_000671	9.3	5.0		
contig_1	298766	299041	-	LLMDKN_000672	10.1	6.5		
contig_1	299224	299526	-	LLMDKN_000673	11.8	7.9		
contig_1	299613	300089	-	LLMDKN_000674	18.5	5.9		
contig_1	300058	300585	-	LLMDKN_000675	18.0	6.7	PF07715.20|Plug	PFAM:PF07715.20
contig_1	300530	300856	-	LLMDKN_000676	11.7	5.1	PF13715.12|CarbopepD_reg_2	PFAM:PF13715.12
contig_1	301056	301259	+	LLMDKN_000677	7.7	8.0		
contig_1	302310	302486	+	LLMDKN_000678	6.4	8.9	PF07715.20|Plug	PFAM:PF07715.20
contig_1	302470	302565	+	LLMDKN_000679	3.8	5.5		
contig_1	302717	303079	+	LLMDKN_000680	14.0	9.0		
contig_1	303300	303692	+	LLMDKN_000681	14.9	5.8		
contig_1	303689	303889	+	LLMDKN_000682	7.1	9.6		
contig_1	303894	304205	+	LLMDKN_000683	11.6	9.8		
contig_1	304296	304556	+	LLMDKN_000684	9.4	4.8		
contig_1	304727	304957	+	LLMDKN_000685	8.4	6.5		
contig_1	305022	305183	+	LLMDKN_000686	6.1	6.5		
contig_1	305232	305558	+	LLMDKN_000687	12.0	5.7	PF14322.12|SusD-like_3	PFAM:PF14322.12
contig_1	305555	305761	+	LLMDKN_000688	7.8	8.9		
contig_1	305769	306113	+	LLMDKN_000689	13.3	8.7		
contig_1	306202	306477	+	LLMDKN_000690	10.4	4.8	PF07980.17|SusD_RagB	PFAM:PF07980.17
contig_1	306910	307200	-	LLMDKN_000691	11.3	4.8	PF07980.17|SusD_RagB	PFAM:PF07980.17
contig_1	307597	307773	-	LLMDKN_000692	6.4	9.6		
contig_1	307802	307942	-	LLMDKN_000693	5.2	9.9		
contig_1	308162	308389	-	LLMDKN_000694	8.6	7.8		
contig_1	308410	308649	-	LLMDKN_000695	9.1	9.9		
contig_1	308770	308907	-	LLMDKN_000696	5.3	6.8		
contig_1	309098	309265	-	LLMDKN_000697	6.4	8.9		
contig_1	309256	309513	-	LLMDKN_000698	9.8	8.9		
contig_1	309816	310142	-	LLMDKN_000699	12.4	5.7		
contig_1	310139	310351	-	LLMDKN_000700	8.1	5.1		
contig_1	310486	310707	-	LLMDKN_000701	8.0	5.0		
contig_1	310661	310990	-	LLMDKN_000702	12.4	7.8		
contig_1	311040	311351	-	LLMDKN_000703	10.5	4.8	PF07715.20|Plug	PFAM:PF07715.20
contig_1	311360	311470	-	LLMDKN_000704	4.0	9.6		
contig_1	311478	311705	-	LLMDKN_000705	8.0	6.5	PF13620.12|CarboxypepD_reg, PF13715.12|CarbopepD_reg_2	PFAM:PF13620.12, PFAM:PF13715.12
contig_1	312401	312670	-	LLMDKN_000706	10.5	6.9	PF07980.17|SusD_RagB	PFAM:PF07980.17
contig_1	312786	312896	-	LLMDKN_000707	4.3	6.8		
contig_1	312941	313249	-	LLMDKN_000708	11.6	5.2		
contig_1	313258	313494	-	LLMDKN_000709	9.0	9.8		
contig_1	314274	314426	-	LLMDKN_000710	5.7	5.9		
contig_1	314453	314722	-	LLMDKN_000711	10.0	5.4		
contig_1	315010	315237	-	LLMDKN_000712	8.5	9.9		
contig_1	315347	315499	-	LLMDKN_000713	5.7	5.6		
contig_1	315496	315753	-	LLMDKN_000714	10.0	5.6		
contig_1	315773	316252	-	LLMDKN_000715	18.0	8.6		
contig_1	316252	316635	-	LLMDKN_000716	14.0	6.2		
contig_1	316742	316954	-	LLMDKN_000717	8.3	9.4		
contig_1	316962	317228	-	LLMDKN_000718	9.4	9.2	PF13620.12|CarboxypepD_reg, PF13715.12|CarbopepD_reg_2	PFAM:PF13620.12, PFAM:PF13715.12
contig_1	317705	317887	+	LLMDKN_000719	7.1	10.1		
contig_1	317841	318200	+	LLMDKN_000720	14.3	5.7		
contig_1	318169	318495	+	LLMDKN_000721	12.9	9.5		
contig_1	319667	319915	+	LLMDKN_000722	9.8	9.8		
contig_1	320031	320792	+	LLMDKN_000723	28.8	5.3	PF12715.13|Abhydrolase_7	PFAM:PF12715.13
contig_1	320811	321038	+	LLMDKN_000724	9.0	9.0	PF12715.13|Abhydrolase_7	PFAM:PF12715.13
contig_1	321667	321879	-	LLMDKN_000725	8.1	9.3	PF07980.17|SusD_RagB	PFAM:PF07980.17
contig_1	321895	322314	-	LLMDKN_000726	15.3	4.8		
contig_1	322499	323032	-	LLMDKN_000727	20.0	8.8		
contig_1	323059	323223	-	LLMDKN_000728	5.6	9.4		
contig_1	323190	323630	-	LLMDKN_000729	17.0	6.7		
contig_1	323841	324047	-	LLMDKN_000730	7.8	8.0		
contig_1	324050	324175	-	LLMDKN_000731	4.9	5.9		
contig_1	324339	325082	-	LLMDKN_000732	28.9	8.6		
contig_1	325073	325441	-	LLMDKN_000733	14.3	7.8		
contig_1	325452	325715	-	LLMDKN_000734	9.7	8.7		
contig_1	325663	326073	-	LLMDKN_000735	14.1	5.1	PF07715.20|Plug	PFAM:PF07715.20
contig_1	326081	326347	-	LLMDKN_000736	9.3	9.2	PF13620.12|CarboxypepD_reg, PF13715.12|CarbopepD_reg_2	PFAM:PF13620.12, PFAM:PF13715.12
contig_1	326934	327254	-	LLMDKN_000737	12.1	4.9	PF04074.18|DUF386	PFAM:PF04074.18
contig_1	327267	327569	-	LLMDKN_000738	10.8	6.1		
contig_1	327560	327769	-	LLMDKN_000739	7.7	4.8		
contig_1	327759	327977	-	LLMDKN_000740	8.3	9.6		
contig_1	327950	328279	-	LLMDKN_000741	13.1	6.0		
contig_1	328335	328508	-	LLMDKN_000742	6.6	8.1		
contig_1	328576	329397	-	LLMDKN_000743	31.7	5.6	PF07221.17|GlcNAc_2-epim	PFAM:PF07221.17
contig_1	329399	329659	-	LLMDKN_000744	10.5	10.7		
contig_1	331041	331331	+	LLMDKN_000746	10.9	5.3		
contig_1	331489	331740	+	LLMDKN_000747	9.1	6.0		
contig_1	331703	332059	+	LLMDKN_000748	12.7	4.9		
contig_1	332093	332617	-	LLMDKN_000749	20.3	6.2	PF19480.5|DUF6016	PFAM:PF19480.5
contig_1	332614	332889	-	LLMDKN_000750	10.0	5.1		
contig_1	332931	333671	-	LLMDKN_000751	28.3	9.3	PF02357.24|NusG	PFAM:PF02357.24
contig_1	333699	333809	-	LLMDKN_000752	3.9	4.4		
contig_1	333837	334235	-	LLMDKN_000753	14.0	4.7		
contig_1	334239	334826	-	LLMDKN_000754	21.1	9.4	PF10531.15|SLBB	PFAM:PF10531.15
contig_1	334840	335073	-	LLMDKN_000755	9.0	9.6		
contig_1	335015	335686	-	LLMDKN_000756	25.1	5.2	PF10531.15|SLBB, PF22461.2|SLBB_2	PFAM:PF10531.15, PFAM:PF22461.2
contig_1	335671	336054	-	LLMDKN_000757	13.9	9.0	PF10531.15|SLBB, PF22461.2|SLBB_2	PFAM:PF10531.15, PFAM:PF22461.2
contig_1	336279	336395	-	LLMDKN_000758	4.7	4.1		
contig_1	336437	336577	-	LLMDKN_000759	5.5	12.0		
contig_1	336586	336786	-	LLMDKN_000760	7.7	9.9		
contig_1	336881	337075	-	LLMDKN_000761	7.5	5.0		
contig_1	337083	337241	-	LLMDKN_000762	6.1	9.7		
contig_1	337226	337666	-	LLMDKN_000763	16.2	8.7		
contig_1	337872	338204	-	LLMDKN_000764	12.8	4.9		
contig_1	338301	338639	-	LLMDKN_000765	13.1	9.0		
contig_1	339672	339932	+	LLMDKN_000767	10.1	9.0	PF01223.29|Endonuclease_NS	PFAM:PF01223.29
contig_1	340259	340600	+	LLMDKN_000768	13.3	9.5		
contig_1	340597	340854	+	LLMDKN_000769	9.9	6.2		
contig_1	340872	341153	+	LLMDKN_000770	10.4	5.1		
contig_1	341150	341293	+	LLMDKN_000771	5.7	9.2		
contig_1	341380	341646	+	LLMDKN_000772	9.6	5.2		
contig_1	341809	342063	+	LLMDKN_000773	9.7	10.1		
contig_1	342083	342214	+	LLMDKN_000774	4.8	5.9		
contig_1	342325	342579	+	LLMDKN_000775	9.5	5.0		
contig_1	342582	342680	+	LLMDKN_000776	3.1	4.8		
contig_1	342677	342976	+	LLMDKN_000777	10.9	8.5	PF02775.26|TPP_enzyme_C	PFAM:PF02775.26
contig_1	342980	343354	+	LLMDKN_000778	13.8	8.6	PF01558.24|POR	PFAM:PF01558.24
contig_1	343315	343494	+	LLMDKN_000779	6.7	9.5	PF01558.24|POR	PFAM:PF01558.24
contig_1	343871	344359	+	LLMDKN_000780	17.6	8.7		
contig_1	344346	344972	+	LLMDKN_000781	23.8	5.1	PF14535.12|AMP-binding_C_2	PFAM:PF14535.12
contig_1	345222	345332	+	LLMDKN_000782	4.0	8.1		
contig_1	345329	345628	+	LLMDKN_000783	11.0	4.7		
contig_1	345733	345984	-	LLMDKN_000784	9.5	6.5	PF00037.32|Fer4, PF12797.12|Fer4_2, PF12838.12|Fer4_7	PFAM:PF00037.32, PFAM:PF12797.12, PFAM:PF12838.12
contig_1	346039	346401	-	LLMDKN_000785	13.6	6.6		
contig_1	347646	347921	-	LLMDKN_000788	10.3	9.5	PF00707.27|IF3_C	PFAM:PF00707.27
contig_1	347893	348111	-	LLMDKN_000789	8.6	9.8	PF05198.21|IF3_N	PFAM:PF05198.21
contig_1	348131	348289	-	LLMDKN_000790	6.2	9.8		
contig_1	348367	348480	-	LLMDKN_000791	4.4	4.8		
contig_1	348422	348883	-	LLMDKN_000792	18.0	9.1	PF00587.30|tRNA-synt_2b, PF03129.25|HGTP_anticodon	PFAM:PF00587.30, PFAM:PF03129.25
contig_1	348977	349564	-	LLMDKN_000793	23.0	7.7	PF00587.30|tRNA-synt_2b	PFAM:PF00587.30
contig_1	349624	349941	-	LLMDKN_000794	11.8	8.6	PF07973.19|tRNA_SAD	PFAM:PF07973.19
contig_1	349934	350200	-	LLMDKN_000795	9.8	4.3		
contig_1	350401	350610	-	LLMDKN_000796	7.8	5.8	PF00515.34|TPR_1, PF07719.23|TPR_2, PF13181.12|TPR_8, PF13414.12|TPR_11	PFAM:PF00515.34, PFAM:PF07719.23, PFAM:PF13181.12, PFAM:PF13414.12
contig_1	350630	351271	-	LLMDKN_000797	24.6	5.8		
contig_1	351317	352189	-	LLMDKN_000798	33.1	6.7	PF00515.34|TPR_1, PF07719.23|TPR_2, PF13181.12|TPR_8, PF13371.12|TPR_9, PF13414.12|TPR_11, PF13428.12|TPR_14, PF13431.12|TPR_17, PF13432.12|TPR_16, PF14559.12|TPR_19	PFAM:PF00515.34, PFAM:PF07719.23, PFAM:PF13181.12, PFAM:PF13371.12, PFAM:PF13414.12, PFAM:PF13428.12, PFAM:PF13431.12, PFAM:PF13432.12, PFAM:PF14559.12
contig_1	352189	352428	-	LLMDKN_000799	9.5	8.0		
contig_1	352970	353233	+	LLMDKN_000800	10.3	9.6	PF17170.10|DUF5128	PFAM:PF17170.10
contig_1	353184	353801	+	LLMDKN_000801	24.8	9.3		
contig_1	353798	353986	+	LLMDKN_000802	7.1	4.5		
contig_1	353911	354093	-	LLMDKN_000803	6.9	7.7		
contig_1	354891	355127	-	LLMDKN_000805	8.9	6.6		
contig_1	355271	355942	-	LLMDKN_000806	23.9	9.0		
contig_1	355939	356418	-	LLMDKN_000807	17.4	9.7		
contig_1	356424	356591	-	LLMDKN_000808	6.4	6.8		
contig_1	356900	357157	-	LLMDKN_000809	9.8	5.8		
contig_1	357248	357511	-	LLMDKN_000810	9.5	9.2	PF22452.1|BF9343_1606-like_C	PFAM:PF22452.1
contig_1	357508	357813	-	LLMDKN_000811	11.0	4.5	PF22452.1|BF9343_1606-like_C	PFAM:PF22452.1
contig_1	357753	358217	-	LLMDKN_000812	16.6	6.3	PF12985.13|DUF3869	PFAM:PF12985.13
contig_1	358468	358932	-	LLMDKN_000813	17.9	9.5		
contig_1	358929	359237	-	LLMDKN_000814	11.7	8.9		
contig_1	359224	359385	-	LLMDKN_000815	5.9	7.9		
contig_1	359382	359555	-	LLMDKN_000816	6.4	4.8		
contig_1	360305	360445	-	LLMDKN_000817	5.1	4.9		
contig_1	360442	360660	-	LLMDKN_000818	8.1	10.6		
contig_1	360726	361019	-	LLMDKN_000819	11.4	9.5		
contig_1	361024	361224	-	LLMDKN_000820	8.2	10.2		
contig_1	362092	362571	+	LLMDKN_000821	18.7	9.5		
contig_1	362633	363211	+	LLMDKN_000822	21.2	7.6	PF13620.12|CarboxypepD_reg	PFAM:PF13620.12
contig_1	363189	363449	+	LLMDKN_000823	9.0	4.5	PF12985.13|DUF3869	PFAM:PF12985.13
contig_1	363458	363631	+	LLMDKN_000824	6.3	6.1		
contig_1	363636	363905	+	LLMDKN_000825	9.7	5.0		
contig_1	363926	364075	+	LLMDKN_000826	5.3	4.8		
contig_1	364084	364416	+	LLMDKN_000827	12.1	6.6		
contig_1	364500	364997	+	LLMDKN_000828	17.6	6.2		
contig_1	367193	367318	-	LLMDKN_000831	4.3	4.6		
contig_1	367320	367583	-	LLMDKN_000832	10.1	9.5		
contig_1	367589	367957	-	LLMDKN_000833	13.7	9.8	PF13201.12|PCMD	PFAM:PF13201.12
contig_1	367936	368157	-	LLMDKN_000834	8.4	8.4		
contig_1	368173	368289	-	LLMDKN_000835	4.9	9.0		
contig_1	368264	368401	-	LLMDKN_000836	5.1	4.9		
contig_1	368401	368694	-	LLMDKN_000837	11.4	9.4	PF13469.12|Sulfotransfer_3, PF17784.7|Sulfotransfer_4	PFAM:PF13469.12, PFAM:PF17784.7
contig_1	368743	368901	-	LLMDKN_000838	6.4	4.2		
contig_1	368947	369231	-	LLMDKN_000839	10.8	9.2		
contig_1	369170	369277	-	LLMDKN_000840	3.7	9.3		
contig_1	369344	370165	-	LLMDKN_000841	31.1	4.9	PF22594.2|GTP-eEF1A_C	PFAM:PF22594.2
contig_1	370206	370775	-	LLMDKN_000842	21.2	5.6	PF00009.33|GTP_EFTU	PFAM:PF00009.33
contig_1	370787	371149	-	LLMDKN_000843	14.3	4.7		
contig_1	371137	371418	-	LLMDKN_000844	10.8	9.8		
contig_1	371433	371696	-	LLMDKN_000845	10.2	6.3		
contig_1	371724	371960	-	LLMDKN_000846	8.8	6.1	PF01583.26|APS_kinase	PFAM:PF01583.26
contig_1	372061	372333	-	LLMDKN_000847	10.3	6.7	PF01583.26|APS_kinase	PFAM:PF01583.26
contig_1	372362	373339	-	LLMDKN_000848	36.0	5.4	PF02080.26|TrkA_C, PF06808.19|DctM	PFAM:PF02080.26, PFAM:PF06808.19
contig_1	373348	373572	+	LLMDKN_000849	8.0	9.9		
contig_1	373508	373918	-	LLMDKN_000850	15.1	9.2		
contig_1	373988	374344	-	LLMDKN_000851	12.7	5.9		
contig_1	374391	374759	-	LLMDKN_000852	13.7	5.2		
contig_1	375599	376084	+	LLMDKN_000853	17.9	7.0	PF02837.24|Glyco_hydro_2_N, PF22666.2|Glyco_hydro_2_N2	PFAM:PF02837.24, PFAM:PF22666.2
contig_1	376026	377387	+	LLMDKN_000854	52.5	8.9	PF00703.27|Glyco_hydro_2, PF02836.23|Glyco_hydro_2_C	PFAM:PF00703.27, PFAM:PF02836.23
contig_1	377363	378064	+	LLMDKN_000855	25.7	9.1	PF18565.7|Glyco_hydro2_C5	PFAM:PF18565.7
contig_1	378273	378452	-	LLMDKN_000856	6.8	9.5	PF05036.18|SPOR	PFAM:PF05036.18
contig_1	378578	378748	-	LLMDKN_000857	6.0	6.2		
contig_1	379017	379505	-	LLMDKN_000858	17.7	5.8	PF00106.31|adh_short, PF13561.12|adh_short_C2	PFAM:PF00106.31, PFAM:PF13561.12
contig_1	379849	380151	+	LLMDKN_000859	11.3	9.9	PF00270.35|DEAD	PFAM:PF00270.35
contig_1	380283	380612	+	LLMDKN_000860	12.7	9.6	PF00270.35|DEAD	PFAM:PF00270.35
contig_1	380551	380907	+	LLMDKN_000861	12.9	8.9	PF00271.37|Helicase_C	PFAM:PF00271.37
contig_1	380946	381131	+	LLMDKN_000862	6.8	9.9		
contig_1	381527	381676	+	LLMDKN_000863	5.2	9.7		
contig_1	381764	382123	+	LLMDKN_000864	13.5	9.1		
contig_1	382151	382297	-	LLMDKN_000865	5.5	9.5		
contig_1	382468	382806	-	LLMDKN_000866	12.4	4.1	PF21621.3|MPI_cupin_dom	PFAM:PF21621.3
contig_1	382912	383088	-	LLMDKN_000867	6.7	5.1		
contig_1	383319	383444	-	LLMDKN_000868	4.6	9.7		
contig_1	383484	383624	+	LLMDKN_000869	5.3	9.7		
contig_1	383822	384478	+	LLMDKN_000870	23.9	4.6		
contig_1	384475	384774	+	LLMDKN_000871	10.9	6.8		
contig_1	384986	385096	+	LLMDKN_000872	4.0	10.4		
contig_1	385141	385287	+	LLMDKN_000873	5.2	5.8		
contig_1	385284	385610	+	LLMDKN_000874	11.5	5.6		
contig_1	385649	386173	+	LLMDKN_000875	18.2	7.6		
contig_1	386210	386362	+	LLMDKN_000876	5.8	6.3	PF10509.15|GalKase_gal_bdg	PFAM:PF10509.15
contig_1	386359	386625	+	LLMDKN_000877	10.0	8.4		
contig_1	386576	386950	+	LLMDKN_000878	13.8	7.6	PF00288.32|GHMP_kinases_N	PFAM:PF00288.32
contig_1	386958	387293	+	LLMDKN_000879	12.3	4.7	PF08544.19|GHMP_kinases_C	PFAM:PF08544.19
contig_1	387516	388427	+	LLMDKN_000880	32.9	6.1	PF00456.26|Transketolase_N	PFAM:PF00456.26
contig_1	388391	388750	+	LLMDKN_000881	12.7	9.1		
contig_1	388690	388980	+	LLMDKN_000882	10.3	9.2		
contig_1	389004	389528	+	LLMDKN_000883	18.5	4.8	PF02780.25|Transketolase_C, PF22613.1|Transketolase_C_1	PFAM:PF02780.25, PFAM:PF22613.1
contig_1	389828	390037	+	LLMDKN_000884	7.9	6.4		
contig_1	390181	390474	+	LLMDKN_000885	11.6	10.3		
contig_1	390744	391001	+	LLMDKN_000886	9.8	6.6	PF07719.23|TPR_2, PF13428.12|TPR_14	PFAM:PF07719.23, PFAM:PF13428.12
contig_1	391099	391263	+	LLMDKN_000887	5.8	5.1	PF00037.32|Fer4, PF12838.12|Fer4_7	PFAM:PF00037.32, PFAM:PF12838.12
contig_1	391275	392000	+	LLMDKN_000888	25.5	5.4		
contig_1	391954	392358	+	LLMDKN_000889	15.2	5.2	PF02780.25|Transketolase_C, PF17147.9|PFOR_II	PFAM:PF02780.25, PFAM:PF17147.9
contig_1	392369	392551	+	LLMDKN_000890	7.0	7.9		
contig_1	392640	393008	+	LLMDKN_000891	14.0	8.3		
contig_1	393049	393249	+	LLMDKN_000892	7.1	9.3		
contig_1	393266	393406	+	LLMDKN_000893	5.3	6.5		
contig_1	393425	394327	+	LLMDKN_000894	33.3	9.0	PF01558.24|POR	PFAM:PF01558.24
contig_1	394442	394849	+	LLMDKN_000895	15.8	7.9		
contig_1	394794	395111	+	LLMDKN_000896	12.3	10.3		
contig_1	395157	395375	+	LLMDKN_000897	8.1	9.5		
contig_1	395350	396132	+	LLMDKN_000898	30.5	8.8		
contig_1	396141	396356	+	LLMDKN_000899	8.4	6.0		
contig_1	396317	396526	+	LLMDKN_000900	7.5	4.5	PF00497.25|SBP_bac_3	PFAM:PF00497.25
contig_1	396726	396962	+	LLMDKN_000901	8.8	6.5		
contig_1	397156	397818	+	LLMDKN_000902	24.9	8.7	PF01408.29|GFO_IDH_MocA, PF02894.22|GFO_IDH_MocA_C, PF22725.1|GFO_IDH_MocA_C3	PFAM:PF01408.29, PFAM:PF02894.22, PFAM:PF22725.1
contig_1	397815	398138	+	LLMDKN_000903	11.8	4.6		
contig_1	399326	399496	+	LLMDKN_000906	6.4	11.1		
contig_1	399512	399775	+	LLMDKN_000907	9.9	6.2		
contig_1	399789	399956	+	LLMDKN_000908	6.3	10.2		
contig_1	400033	400335	+	LLMDKN_000909	11.5	10.1		
contig_1	400274	400681	+	LLMDKN_000910	15.5	8.9		
contig_1	401101	401319	+	LLMDKN_000911	8.6	4.7		
contig_1	401456	401614	-	LLMDKN_000912	6.1	7.9		
contig_1	401611	401961	-	LLMDKN_000913	13.3	9.5		
contig_1	401916	402659	-	LLMDKN_000914	28.0	4.7		
contig_1	402735	402938	-	LLMDKN_000915	7.1	6.0		
contig_1	402913	403164	-	LLMDKN_000916	8.6	8.1		
contig_1	403109	404257	-	LLMDKN_000917	42.3	10.0		
contig_1	404321	404494	-	LLMDKN_000918	6.7	10.1		
contig_1	404667	405344	+	LLMDKN_000919	25.4	4.5	PF05175.20|MTS, PF13489.12|Methyltransf_23	PFAM:PF05175.20, PFAM:PF13489.12
contig_1	405356	405508	+	LLMDKN_000920	6.0	8.0		
contig_1	405687	406091	-	LLMDKN_000921	15.4	4.6	PF00258.30|Flavodoxin_1	PFAM:PF00258.30
contig_1	406205	406435	-	LLMDKN_000922	8.5	5.3	PF02780.25|Transketolase_C	PFAM:PF02780.25
contig_1	406470	406907	-	LLMDKN_000923	15.8	8.5	PF02779.29|Transket_pyr, PF02780.25|Transketolase_C	PFAM:PF02779.29, PFAM:PF02780.25
contig_1	406916	407305	-	LLMDKN_000924	14.4	4.6	PF02779.29|Transket_pyr	PFAM:PF02779.29
contig_1	407310	407573	-	LLMDKN_000925	10.0	8.7	PF00676.26|E1_dh	PFAM:PF00676.26
contig_1	407570	408016	-	LLMDKN_000926	15.9	8.8	PF00676.26|E1_dh	PFAM:PF00676.26
contig_1	408268	408411	-	LLMDKN_000927	5.5	5.1	PF00198.28|2-oxoacid_dh	PFAM:PF00198.28
contig_1	408411	408551	-	LLMDKN_000928	5.0	5.9	PF00198.28|2-oxoacid_dh	PFAM:PF00198.28
contig_1	408560	409126	-	LLMDKN_000929	20.2	9.5	PF00198.28|2-oxoacid_dh	PFAM:PF00198.28
contig_1	409157	409393	-	LLMDKN_000930	8.2	4.1		
contig_1	409396	409533	-	LLMDKN_000931	4.8	6.0	PF00364.28|Biotin_lipoyl	PFAM:PF00364.28
contig_1	409496	409627	-	LLMDKN_000932	5.0	5.6	PF00364.28|Biotin_lipoyl	PFAM:PF00364.28
contig_1	409640	409873	-	LLMDKN_000933	9.2	10.1		
contig_1	409961	410212	+	LLMDKN_000934	9.3	7.8		
contig_1	410277	410459	+	LLMDKN_000935	7.1	8.9		
contig_1	410456	410872	+	LLMDKN_000936	16.2	4.9		
contig_1	410824	411903	+	LLMDKN_000937	41.0	7.1	PF00512.31|HisKA, PF02518.31|HATPase_c	PFAM:PF00512.31, PFAM:PF02518.31
contig_1	412198	412404	+	LLMDKN_000938	7.7	6.3	PF00072.30|Response_reg	PFAM:PF00072.30
contig_1	412536	412961	-	LLMDKN_000939	15.9	9.5	PF21948.1|LplA-B_cat	PFAM:PF21948.1
contig_1	413130	413366	-	LLMDKN_000940	8.6	5.7	PF02852.28|Pyr_redox_dim	PFAM:PF02852.28
contig_1	413332	413931	-	LLMDKN_000941	21.9	5.2	PF00070.33|Pyr_redox, PF07992.20|Pyr_redox_2	PFAM:PF00070.33, PFAM:PF07992.20
contig_1	413874	414479	-	LLMDKN_000942	22.2	5.4	PF07992.20|Pyr_redox_2	PFAM:PF07992.20
contig_1	414685	415128	+	LLMDKN_000943	16.8	8.8		
contig_1	415842	416237	-	LLMDKN_000944	15.0	6.9		
contig_1	416321	416638	-	LLMDKN_000945	11.8	4.6		
contig_1	416691	416864	-	LLMDKN_000946	6.3	8.0		
contig_1	416861	416974	-	LLMDKN_000947	4.3	5.4		
contig_1	416962	417174	-	LLMDKN_000948	8.4	8.7		
contig_1	417164	417406	-	LLMDKN_000949	9.1	4.5		
contig_1	417432	418745	-	LLMDKN_000950	49.8	5.2		
contig_1	418766	418894	-	LLMDKN_000951	4.7	4.3		
contig_1	418951	419136	-	LLMDKN_000952	7.1	4.1		
contig_1	419555	420334	+	LLMDKN_000953	28.1	6.5	PF01979.26|Amidohydro_1	PFAM:PF01979.26
contig_1	420386	420601	+	LLMDKN_000954	8.3	9.0		
contig_1	420928	421149	-	LLMDKN_000955	8.3	5.0		
contig_1	421092	421508	-	LLMDKN_000956	15.3	9.1	PF08241.18|Methyltransf_11, PF08242.18|Methyltransf_12, PF13489.12|Methyltransf_23, PF13649.12|Methyltransf_25, PF13847.12|Methyltransf_31	PFAM:PF08241.18, PFAM:PF08242.18, PFAM:PF13489.12, PFAM:PF13649.12, PFAM:PF13847.12
contig_1	421496	421612	-	LLMDKN_000957	4.3	4.2		
contig_1	421605	421781	-	LLMDKN_000958	6.7	8.9		
contig_1	421878	422150	-	LLMDKN_000959	10.1	5.9	PF01022.26|HTH_5, PF12840.13|HTH_20	PFAM:PF01022.26, PFAM:PF12840.13
contig_1	422420	422557	-	LLMDKN_000960	5.2	5.0	PF00364.28|Biotin_lipoyl	PFAM:PF00364.28
contig_1	422514	422678	-	LLMDKN_000961	5.9	7.9	PF00364.28|Biotin_lipoyl, PF13533.12|Biotin_lipoyl_2	PFAM:PF00364.28, PFAM:PF13533.12
contig_1	422687	422950	-	LLMDKN_000962	9.7	6.0		
contig_1	422965	423264	-	LLMDKN_000963	11.5	9.6	PF02785.25|Biotin_carb_C	PFAM:PF02785.25
contig_1	423231	423428	-	LLMDKN_000964	7.3	6.7	PF02785.25|Biotin_carb_C	PFAM:PF02785.25
contig_1	423410	424033	-	LLMDKN_000965	23.7	8.3	PF02222.28|ATP-grasp, PF02786.22|CPSase_L_D2	PFAM:PF02222.28, PFAM:PF02786.22
contig_1	424056	424424	-	LLMDKN_000966	14.3	10.6	PF00289.28|Biotin_carb_N	PFAM:PF00289.28
contig_1	425698	425841	-	LLMDKN_000968	5.4	10.1		
contig_1	425931	426032	-	LLMDKN_000969	3.8	6.1		
contig_1	426344	426595	+	LLMDKN_000970	9.2	10.2		
contig_1	426634	426888	+	LLMDKN_000971	9.5	9.4		
contig_1	426943	427494	+	LLMDKN_000972	20.5	7.7		
contig_1	427556	428392	+	LLMDKN_000973	31.5	8.9		
contig_1	428689	428880	-	LLMDKN_000974	7.7	9.4		
contig_1	429160	429570	+	LLMDKN_000975	15.4	4.8		
contig_1	429575	429724	+	LLMDKN_000976	5.6	9.5		
contig_1	429727	429978	+	LLMDKN_000977	9.1	7.9		
contig_1	430293	431189	+	LLMDKN_000978	33.8	5.5		
contig_1	431222	431443	+	LLMDKN_000979	8.7	9.6		
contig_1	431486	431602	+	LLMDKN_000980	4.3	6.5		
contig_1	431954	432397	+	LLMDKN_000981	15.9	9.0		
contig_1	432409	432606	+	LLMDKN_000982	7.3	7.9		
contig_1	432753	432995	+	LLMDKN_000983	8.9	8.2		
contig_1	432992	433456	+	LLMDKN_000984	15.9	8.6	PF03553.21|Na_H_antiporter	PFAM:PF03553.21
contig_1	433594	434184	-	LLMDKN_000985	23.0	6.9	PF07980.17|SusD_RagB	PFAM:PF07980.17
contig_1	434201	435034	-	LLMDKN_000986	31.2	5.4	PF14322.12|SusD-like_3	PFAM:PF14322.12
contig_1	435279	435488	-	LLMDKN_000987	7.8	9.2		
contig_1	435687	436031	-	LLMDKN_000988	13.2	9.4		
contig_1	436007	436426	-	LLMDKN_000989	15.3	5.7	PF00593.30|TonB_dep_Rec_b-barrel	PFAM:PF00593.30
contig_1	436567	436722	-	LLMDKN_000990	5.6	6.0		
contig_1	436761	437285	-	LLMDKN_000991	19.7	7.9		
contig_1	437303	437854	-	LLMDKN_000992	19.6	4.9	PF07715.20|Plug	PFAM:PF07715.20
contig_1	438007	438405	-	LLMDKN_000993	13.9	9.3	PF13620.12|CarboxypepD_reg, PF13715.12|CarbopepD_reg_2	PFAM:PF13620.12, PFAM:PF13715.12
contig_1	439081	439440	+	LLMDKN_000994	13.3	5.0		
contig_1	439437	439778	+	LLMDKN_000995	13.0	6.7		
contig_1	439783	441105	+	LLMDKN_000996	48.9	8.9	PF00202.27|Aminotran_3, PF04055.27|Radical_SAM, PF06968.18|BATS	PFAM:PF00202.27, PFAM:PF04055.27, PFAM:PF06968.18
contig_1	441102	441386	+	LLMDKN_000997	10.6	6.5	PF00202.27|Aminotran_3	PFAM:PF00202.27
contig_1	441332	441574	+	LLMDKN_000998	9.1	8.8	PF00202.27|Aminotran_3	PFAM:PF00202.27
contig_1	443031	443180	+	LLMDKN_001000	5.7	5.6		
contig_1	443126	443389	+	LLMDKN_001001	9.8	6.0		
contig_1	443355	443696	+	LLMDKN_001002	13.1	9.6		
contig_1	443814	444473	+	LLMDKN_001003	25.1	7.0	PF08241.18|Methyltransf_11, PF08242.18|Methyltransf_12, PF13489.12|Methyltransf_23, PF13649.12|Methyltransf_25	PFAM:PF08241.18, PFAM:PF08242.18, PFAM:PF13489.12, PFAM:PF13649.12
contig_1	444518	445123	+	LLMDKN_001004	22.6	6.3	PF13500.12|AAA_26	PFAM:PF13500.12
contig_1	445657	445908	+	LLMDKN_001005	9.3	4.6		
contig_1	445961	446458	+	LLMDKN_001006	18.7	7.0	PF00070.33|Pyr_redox, PF07992.20|Pyr_redox_2	PFAM:PF00070.33, PFAM:PF07992.20
contig_1	446413	446664	+	LLMDKN_001007	9.7	11.1	PF22366.1|NDH2_C	PFAM:PF22366.1
contig_1	446872	447702	-	LLMDKN_001008	31.7	5.2	PF02687.27|FtsX, PF12704.14|MacB_PCD	PFAM:PF02687.27, PFAM:PF12704.14
contig_1	447704	448009	-	LLMDKN_001009	11.6	10.6		
contig_1	447976	448320	-	LLMDKN_001010	12.9	9.7	PF02687.27|FtsX	PFAM:PF02687.27
contig_1	448317	449291	-	LLMDKN_001011	37.3	6.0	PF12704.14|MacB_PCD	PFAM:PF12704.14
contig_1	450026	450451	-	LLMDKN_001013	16.3	9.8	PF02687.27|FtsX	PFAM:PF02687.27
contig_1	450448	450924	-	LLMDKN_001014	18.3	4.5		
contig_1	450867	451103	-	LLMDKN_001015	9.0	10.1		
contig_1	451121	451360	-	LLMDKN_001016	8.6	11.0		
contig_1	451412	451609	-	LLMDKN_001017	7.1	11.8		
contig_1	451689	451997	-	LLMDKN_001018	11.8	8.0	PF12704.14|MacB_PCD	PFAM:PF12704.14
contig_1	452035	452433	-	LLMDKN_001019	15.5	6.1		
contig_1	452533	453354	-	LLMDKN_001020	31.1	6.0		
contig_1	453548	453694	-	LLMDKN_001021	5.4	9.8		
contig_1	455095	455295	+	LLMDKN_001023	7.7	7.9		
contig_1	455384	455722	+	LLMDKN_001024	12.3	6.7	PF00072.30|Response_reg	PFAM:PF00072.30
contig_1	455818	456342	+	LLMDKN_001025	19.2	6.9	PF00004.35|AAA, PF00158.32|Sigma54_activat, PF07728.20|AAA_5, PF14532.12|Sigma54_activ_2	PFAM:PF00004.35, PFAM:PF00158.32, PFAM:PF07728.20, PFAM:PF14532.12
contig_1	456284	456727	+	LLMDKN_001026	16.9	9.3	PF02954.25|HTH_8, PF13556.12|HTH_30	PFAM:PF02954.25, PFAM:PF13556.12
contig_1	456926	457564	+	LLMDKN_001027	24.3	5.7	PF00989.32|PAS, PF13188.13|PAS_8	PFAM:PF00989.32, PFAM:PF13188.13
contig_1	457570	457989	+	LLMDKN_001028	15.7	4.9	PF02518.31|HATPase_c, PF14501.12|HATPase_c_5	PFAM:PF02518.31, PFAM:PF14501.12
contig_1	459123	459296	+	LLMDKN_001030	6.5	6.2		
contig_1	459457	459630	-	LLMDKN_001031	6.2	11.8		
contig_1	459749	460168	+	LLMDKN_001032	16.3	9.7		
contig_1	460464	460748	-	LLMDKN_001033	10.7	5.5	PF02687.27|FtsX	PFAM:PF02687.27
contig_1	460745	461158	-	LLMDKN_001034	15.7	5.8		
contig_1	461100	461600	-	LLMDKN_001035	18.3	9.8	PF12704.14|MacB_PCD	PFAM:PF12704.14
contig_1	461681	462331	-	LLMDKN_001036	25.0	5.4	PF00155.27|Aminotran_1_2	PFAM:PF00155.27
contig_1	462346	462627	-	LLMDKN_001037	10.3	4.8	PF00155.27|Aminotran_1_2	PFAM:PF00155.27
contig_1	462972	463277	+	LLMDKN_001038	11.7	5.8		
contig_1	463293	463796	+	LLMDKN_001039	18.7	8.5		
contig_1	463829	464206	+	LLMDKN_001040	14.1	5.8		
contig_1	464673	464885	+	LLMDKN_001041	7.8	7.8		
contig_1	464961	465284	+	LLMDKN_001042	12.2	7.9	PF08124.17|Lyase_8_N	PFAM:PF08124.17
contig_1	465332	466243	+	LLMDKN_001043	34.4	9.1		
contig_1	466437	466667	-	LLMDKN_001044	9.1	4.1		
contig_1	467012	467239	-	LLMDKN_001045	8.9	5.6		
contig_1	468100	469521	-	LLMDKN_001047	55.4	5.2	PF00005.33|ABC_tran, PF12848.13|ABC_tran_Xtn, PF13304.12|AAA_21, PF16326.10|ABC_tran_CTD	PFAM:PF00005.33, PFAM:PF12848.13, PFAM:PF13304.12, PFAM:PF16326.10
contig_1	469529	469828	-	LLMDKN_001048	11.4	4.5		
contig_1	469839	469967	-	LLMDKN_001049	4.8	9.4		
contig_1	469993	470154	-	LLMDKN_001050	6.2	6.7	PF12713.12|DUF3806	PFAM:PF12713.12
contig_1	470168	470824	-	LLMDKN_001051	24.7	4.8	PF12712.13|DUF3805	PFAM:PF12712.13
contig_1	471377	471892	-	LLMDKN_001053	19.0	6.4		
contig_1	472009	472437	-	LLMDKN_001054	16.5	8.7		
contig_1	472509	472784	-	LLMDKN_001055	10.4	11.0		
contig_1	472949	473824	-	LLMDKN_001056	33.4	6.1		
contig_1	473889	474140	-	LLMDKN_001057	9.7	11.5		
contig_1	474452	474781	+	LLMDKN_001058	12.7	5.0	PF00072.30|Response_reg	PFAM:PF00072.30
contig_1	475084	475257	+	LLMDKN_001059	6.6	11.0		
contig_1	475370	475591	+	LLMDKN_001060	8.8	6.0		
contig_1	475967	476407	-	LLMDKN_001061	16.6	8.8		
contig_1	476418	477302	+	LLMDKN_001062	33.7	8.7	PF00512.31|HisKA, PF02518.31|HATPase_c, PF14501.12|HATPase_c_5	PFAM:PF00512.31, PFAM:PF02518.31, PFAM:PF14501.12
contig_1	477321	477662	-	LLMDKN_001063	12.5	9.9	PF18991.6|DUF5724	PFAM:PF18991.6
contig_1	477714	477962	-	LLMDKN_001064	9.5	8.7	PF18991.6|DUF5724	PFAM:PF18991.6
contig_1	477944	478768	-	LLMDKN_001065	32.6	8.9	PF18991.6|DUF5724	PFAM:PF18991.6
contig_1	479082	479525	+	LLMDKN_001066	16.7	8.3	PF17127.10|DUF5106	PFAM:PF17127.10
contig_1	479598	479876	+	LLMDKN_001067	10.5	6.6		
contig_1	481001	481159	+	LLMDKN_001068	6.1	6.4		
contig_1	481146	481637	+	LLMDKN_001069	17.7	6.9	PF07715.20|Plug	PFAM:PF07715.20
contig_1	481601	482014	-	LLMDKN_001070	15.7	10.1		
contig_1	482076	483209	+	LLMDKN_001071	43.0	9.3	PF00593.30|TonB_dep_Rec_b-barrel	PFAM:PF00593.30
contig_1	483388	483687	+	LLMDKN_001072	11.1	4.9	PF16819.11|DUF5074	PFAM:PF16819.11
contig_1	483650	484459	+	LLMDKN_001073	29.7	7.7	PF01436.27|NHL	PFAM:PF01436.27
contig_1	484612	485265	+	LLMDKN_001074	24.5	5.2		
contig_1	485336	485959	+	LLMDKN_001075	22.6	4.6	PF16819.11|DUF5074	PFAM:PF16819.11
contig_1	486075	486188	+	LLMDKN_001076	4.1	10.2		
contig_1	486161	486538	+	LLMDKN_001077	13.5	9.5	PF16819.11|DUF5074	PFAM:PF16819.11
contig_1	486819	486980	-	LLMDKN_001078	5.7	4.1		
contig_1	486928	487185	-	LLMDKN_001079	9.5	6.5		
contig_1	487200	488276	-	LLMDKN_001080	38.7	5.6	PF06321.17|P_gingi_FimA	PFAM:PF06321.17
contig_1	488380	488520	-	LLMDKN_001081	5.2	4.7		
contig_1	488684	488836	-	LLMDKN_001082	5.4	4.8		
contig_1	488856	489251	-	LLMDKN_001083	14.5	6.2		
contig_1	489427	489573	-	LLMDKN_001084	5.0	4.1		
contig_1	489576	489923	-	LLMDKN_001085	12.2	6.0		
contig_1	489920	490078	-	LLMDKN_001086	5.5	4.5		
contig_1	490219	490497	-	LLMDKN_001087	10.0	4.3		
contig_1	490554	491084	-	LLMDKN_001088	20.1	5.0		
contig_1	491181	491387	-	LLMDKN_001089	7.7	4.5		
contig_1	491704	491907	+	LLMDKN_001090	7.7	5.4	PF14542.12|Acetyltransf_CG	PFAM:PF14542.12
contig_1	491904	492104	+	LLMDKN_001091	7.5	10.0		
contig_1	492101	492235	+	LLMDKN_001092	5.1	9.7	PF06902.16|Fer4_19	PFAM:PF06902.16
contig_1	492318	492587	-	LLMDKN_001093	10.0	4.6		
contig_1	492689	493270	-	LLMDKN_001094	22.2	9.0		
contig_1	493407	493865	+	LLMDKN_001095	17.7	10.3		
contig_1	493740	494645	-	LLMDKN_001096	34.3	5.2		
contig_1	494697	494867	+	LLMDKN_001097	6.6	7.0		
contig_1	494843	495142	-	LLMDKN_001098	11.0	6.8		
contig_1	495088	495294	-	LLMDKN_001099	8.2	9.5		
contig_1	495302	495451	-	LLMDKN_001100	5.7	5.8	PF03471.22|CorC_HlyC	PFAM:PF03471.22
contig_1	495531	495776	-	LLMDKN_001101	9.4	4.4	PF00571.33|CBS	PFAM:PF00571.33
contig_1	495773	496327	-	LLMDKN_001102	20.8	7.1	PF00571.33|CBS, PF01595.25|CNNM	PFAM:PF00571.33, PFAM:PF01595.25
contig_1	496716	497240	-	LLMDKN_001103	19.8	9.5	PF00436.31|SSB	PFAM:PF00436.31
contig_1	497328	497579	-	LLMDKN_001104	9.7	9.3		
contig_1	497576	498109	-	LLMDKN_001105	19.3	4.7		
contig_1	498166	498552	-	LLMDKN_001106	14.0	5.2		
contig_1	498549	498890	-	LLMDKN_001107	12.5	9.1		
contig_1	499048	499353	-	LLMDKN_001108	11.7	5.4		
contig_1	499644	499889	-	LLMDKN_001109	9.5	9.3	PF00730.31|HhH-GPD	PFAM:PF00730.31
contig_1	500736	501071	+	LLMDKN_001111	12.6	7.7		
contig_1	501104	501352	+	LLMDKN_001112	9.5	10.8		
contig_1	501294	501671	+	LLMDKN_001113	14.3	9.1		
contig_1	501668	501847	+	LLMDKN_001114	6.6	6.4		
contig_1	501816	501938	+	LLMDKN_001115	4.6	7.8		
contig_1	501890	502309	+	LLMDKN_001116	16.2	9.4		
contig_1	502694	503020	-	LLMDKN_001118	12.2	4.7	PF13657.11|Couple_hipA	PFAM:PF13657.11
contig_1	503364	503678	-	LLMDKN_001120	12.2	9.9		
contig_1	503666	503908	-	LLMDKN_001121	9.3	9.5		
contig_1	503847	504008	-	LLMDKN_001122	5.6	5.6		
contig_1	504067	504306	-	LLMDKN_001123	9.1	8.8		
contig_1	504478	504804	-	LLMDKN_001124	12.4	4.8		
contig_1	505459	505710	-	LLMDKN_001125	9.3	4.9	PF16363.11|GDP_Man_Dehyd	PFAM:PF16363.11
contig_1	505738	505938	-	LLMDKN_001126	7.4	9.3		
contig_1	506020	506217	-	LLMDKN_001127	8.2	10.0		
contig_1	506193	506462	-	LLMDKN_001128	10.6	6.2		
contig_1	506455	506724	-	LLMDKN_001129	10.6	7.9		
contig_1	507003	507464	-	LLMDKN_001130	17.4	8.8	PF13692.12|Glyco_trans_1_4	PFAM:PF13692.12
contig_1	507755	508042	-	LLMDKN_001131	10.8	9.4		
contig_1	508197	508334	-	LLMDKN_001132	4.8	5.9		
contig_1	508470	509030	-	LLMDKN_001133	22.0	9.7		
contig_1	509030	509197	-	LLMDKN_001134	6.2	5.0		
contig_1	509279	509614	-	LLMDKN_001135	13.0	5.8	PF12919.13|TcdA_TcdB	PFAM:PF12919.13
contig_1	509868	509996	-	LLMDKN_001136	5.0	5.5		
contig_1	510023	510190	-	LLMDKN_001137	6.7	9.0		
contig_1	510180	510461	-	LLMDKN_001138	10.9	4.7		
contig_1	511449	511649	-	LLMDKN_001139	7.6	5.1		
contig_1	511781	512041	-	LLMDKN_001140	10.0	9.5		
contig_1	512562	512675	-	LLMDKN_001141	4.7	4.1		
contig_1	513335	513559	-	LLMDKN_001142	8.5	8.6		
contig_1	513625	514050	-	LLMDKN_001143	17.0	9.3		
contig_1	514282	514515	-	LLMDKN_001144	9.1	5.3		
contig_1	514520	514810	-	LLMDKN_001145	10.5	9.4		
contig_1	514816	515145	-	LLMDKN_001146	12.8	5.7		
contig_1	515302	515958	-	LLMDKN_001147	24.3	9.6		
contig_1	516405	516839	-	LLMDKN_001148	17.3	9.5		
contig_1	517033	517245	-	LLMDKN_001149	7.7	7.9		
contig_1	517917	518111	-	LLMDKN_001151	7.4	9.2	PF03720.21|UDPG_MGDP_dh_C	PFAM:PF03720.21
contig_1	518177	518284	-	LLMDKN_001152	3.9	4.9	PF03720.21|UDPG_MGDP_dh_C	PFAM:PF03720.21
contig_1	518333	518605	-	LLMDKN_001153	10.2	9.1	PF00984.24|UDPG_MGDP_dh	PFAM:PF00984.24
contig_1	518568	518696	-	LLMDKN_001154	5.0	6.0		
contig_1	518696	519151	-	LLMDKN_001155	16.6	6.7	PF03721.20|UDPG_MGDP_dh_N	PFAM:PF03721.20
contig_1	519105	519245	-	LLMDKN_001156	4.9	4.1	PF00070.33|Pyr_redox, PF03721.20|UDPG_MGDP_dh_N	PFAM:PF00070.33, PFAM:PF03721.20
contig_1	519333	519608	-	LLMDKN_001157	10.7	5.0		
contig_1	519675	519881	-	LLMDKN_001158	8.0	4.4	PF00908.23|dTDP_sugar_isom	PFAM:PF00908.23
contig_1	519826	520251	-	LLMDKN_001159	16.2	6.9	PF00908.23|dTDP_sugar_isom	PFAM:PF00908.23
contig_1	520273	520491	-	LLMDKN_001160	8.2	7.9		
contig_1	520439	520666	-	LLMDKN_001161	8.6	9.6		
contig_1	521245	521733	-	LLMDKN_001163	18.9	7.0		
contig_1	521681	521890	-	LLMDKN_001164	7.9	9.2		
contig_1	521853	522113	-	LLMDKN_001165	10.1	9.3		
contig_1	522128	522316	-	LLMDKN_001166	7.0	5.5		
contig_1	522493	522600	+	LLMDKN_001167	4.4	9.6		
contig_1	522863	523003	+	LLMDKN_001168	5.6	9.9		
contig_1	523626	523775	+	LLMDKN_001170	5.7	5.0		
contig_1	523714	523944	+	LLMDKN_001171	8.5	7.7		
contig_1	524049	524372	+	LLMDKN_001172	12.1	9.7		
contig_1	524528	524764	+	LLMDKN_001173	8.8	9.9		
contig_1	525376	525555	-	LLMDKN_001174	7.0	9.2		
contig_1	525509	525679	-	LLMDKN_001175	6.6	9.6		
contig_1	525663	525995	-	LLMDKN_001176	13.1	9.9	PF02899.23|Phage_int_SAM_1	PFAM:PF02899.23
contig_1	526200	526565	+	LLMDKN_001177	13.9	7.7		
contig_1	526969	527337	-	LLMDKN_001178	14.2	5.5		
contig_1	527325	527528	-	LLMDKN_001179	8.0	9.7		
contig_1	527774	528130	-	LLMDKN_001180	14.1	9.1		
contig_1	528230	528391	-	LLMDKN_001181	6.1	4.7		
contig_1	528438	528644	-	LLMDKN_001182	7.6	5.0		
contig_1	528668	528862	-	LLMDKN_001183	7.6	4.6		
contig_1	528905	529156	-	LLMDKN_001184	9.7	7.8		
contig_1	529238	529684	-	LLMDKN_001185	17.2	9.2		
contig_1	529699	529980	-	LLMDKN_001186	10.6	4.8		
contig_1	529977	530228	-	LLMDKN_001187	9.2	9.8		
contig_1	530470	530691	-	LLMDKN_001188	8.3	6.7		
contig_1	531220	531732	-	LLMDKN_001190	19.6	7.7		
contig_1	531821	532033	-	LLMDKN_001191	7.9	9.6		
contig_1	531990	532289	-	LLMDKN_001192	11.4	5.7		
contig_1	532265	532486	-	LLMDKN_001193	8.4	7.8		
contig_1	532461	532970	-	LLMDKN_001194	19.2	6.1	PF00270.35|DEAD	PFAM:PF00270.35
contig_1	532970	533350	-	LLMDKN_001195	14.6	4.9		
contig_1	533435	533539	-	LLMDKN_001196	4.0	10.1		
contig_1	534897	535862	-	LLMDKN_001197	35.8	8.5		
contig_1	536149	536997	+	LLMDKN_001198	30.8	5.2		
contig_1	536981	537739	+	LLMDKN_001199	26.9	6.4		
contig_1	537599	537940	-	LLMDKN_001200	13.0	6.9		
contig_1	537996	538433	+	LLMDKN_001201	16.3	4.8		
contig_1	538430	538651	+	LLMDKN_001202	8.5	5.7		
contig_1	538651	538824	+	LLMDKN_001203	6.5	4.9	PF00155.27|Aminotran_1_2	PFAM:PF00155.27
contig_1	538917	539069	+	LLMDKN_001204	5.6	9.8		
contig_1	539042	539404	+	LLMDKN_001205	14.0	7.9		
contig_1	539393	539668	-	LLMDKN_001206	9.9	9.4	PF02518.31|HATPase_c	PFAM:PF02518.31
contig_1	539729	540022	-	LLMDKN_001207	10.9	4.8		
contig_1	540077	540373	-	LLMDKN_001208	11.0	5.0		
contig_1	540343	540687	-	LLMDKN_001209	13.2	9.2	PF00672.30|HAMP	PFAM:PF00672.30
contig_1	540732	541397	-	LLMDKN_001210	25.5	6.0	PF00158.32|Sigma54_activat, PF02954.25|HTH_8, PF14532.12|Sigma54_activ_2, PF18024.7|HTH_50	PFAM:PF00158.32, PFAM:PF02954.25, PFAM:PF14532.12, PFAM:PF18024.7
contig_1	541360	541896	-	LLMDKN_001211	19.4	9.8	PF00072.30|Response_reg, PF00158.32|Sigma54_activat, PF14532.12|Sigma54_activ_2	PFAM:PF00072.30, PFAM:PF00158.32, PFAM:PF14532.12
contig_1	541967	542080	-	LLMDKN_001212	4.3	10.9		
contig_1	542133	542561	-	LLMDKN_001213	16.9	5.9		
contig_1	542566	543606	-	LLMDKN_001214	38.8	9.2		
contig_1	543886	544221	-	LLMDKN_001215	12.2	5.4	PF02518.31|HATPase_c	PFAM:PF02518.31
contig_1	544211	544435	-	LLMDKN_001216	8.2	7.9		
contig_1	544389	544961	-	LLMDKN_001217	21.7	5.3	PF00512.31|HisKA, PF08447.18|PAS_3	PFAM:PF00512.31, PFAM:PF08447.18
contig_1	545033	545212	+	LLMDKN_001218	6.8	6.0		
contig_1	545380	546078	-	LLMDKN_001219	26.4	8.9		
contig_1	546119	546499	-	LLMDKN_001220	14.5	5.3		
contig_1	546597	546839	-	LLMDKN_001221	9.1	4.9		
contig_1	546829	547284	-	LLMDKN_001222	17.2	7.7		
contig_1	547238	547573	-	LLMDKN_001223	13.0	10.7		
contig_1	547627	547842	-	LLMDKN_001224	8.7	8.0		
contig_1	547999	548337	-	LLMDKN_001225	12.4	9.8	PF02687.27|FtsX	PFAM:PF02687.27
contig_1	548340	548486	-	LLMDKN_001226	5.5	9.8		
contig_1	548465	548812	-	LLMDKN_001227	12.4	4.7	PF12704.14|MacB_PCD	PFAM:PF12704.14
contig_1	548796	549152	-	LLMDKN_001228	13.2	9.7		
contig_1	549162	549449	-	LLMDKN_001229	9.8	9.0	PF10988.14|DUF2807	PFAM:PF10988.14
contig_1	549529	549804	-	LLMDKN_001230	10.1	9.2		
contig_1	551524	551721	-	LLMDKN_001233	7.0	5.5		
contig_1	551715	552314	-	LLMDKN_001234	22.1	6.8		
contig_1	552432	552659	-	LLMDKN_001235	8.6	8.7		
contig_1	552971	553216	+	LLMDKN_001236	9.4	5.5		
contig_1	553228	553689	+	LLMDKN_001237	17.9	8.5		
contig_1	553770	554039	+	LLMDKN_001238	10.5	7.0		
contig_1	554307	554663	+	LLMDKN_001239	14.1	5.6		
contig_1	554635	554787	+	LLMDKN_001240	5.8	9.4	PF00165.29|HTH_AraC, PF12833.13|HTH_18	PFAM:PF00165.29, PFAM:PF12833.13
contig_1	554976	555221	-	LLMDKN_001241	9.0	5.1		
contig_1	555211	555855	-	LLMDKN_001242	24.8	9.8		
contig_1	555928	556137	-	LLMDKN_001243	8.0	6.0		
contig_1	556146	556895	-	LLMDKN_001244	27.9	5.5	PF02687.27|FtsX	PFAM:PF02687.27
contig_1	557045	557560	-	LLMDKN_001245	19.2	9.4	PF12704.14|MacB_PCD	PFAM:PF12704.14
contig_1	557663	557836	-	LLMDKN_001246	6.4	5.3		
contig_1	557830	557967	-	LLMDKN_001247	5.0	8.7		
contig_1	557967	558278	-	LLMDKN_001248	12.3	5.5		
contig_1	558266	558868	-	LLMDKN_001249	23.4	7.0		
contig_1	558955	559668	-	LLMDKN_001250	27.0	6.3	PF02687.27|FtsX	PFAM:PF02687.27
contig_1	559813	560181	-	LLMDKN_001251	14.1	9.6		
contig_1	560220	560939	-	LLMDKN_001252	26.5	9.5	PF02687.27|FtsX	PFAM:PF02687.27
contig_1	560896	561126	-	LLMDKN_001253	8.6	5.2		
contig_1	561099	561482	-	LLMDKN_001254	14.7	8.7		
contig_1	561547	562182	-	LLMDKN_001255	23.6	5.6	PF02687.27|FtsX	PFAM:PF02687.27
contig_1	562169	562819	-	LLMDKN_001256	24.5	9.1	PF12704.14|MacB_PCD	PFAM:PF12704.14
contig_1	562841	563086	-	LLMDKN_001257	9.3	8.0		
contig_1	563053	563619	-	LLMDKN_001258	21.5	8.8		
contig_1	563644	564111	-	LLMDKN_001259	18.1	8.6		
contig_1	564142	564504	-	LLMDKN_001260	13.3	9.0	PF02687.27|FtsX	PFAM:PF02687.27
contig_1	564664	565167	-	LLMDKN_001261	18.9	6.9	PF12704.14|MacB_PCD	PFAM:PF12704.14
contig_1	565219	565398	-	LLMDKN_001262	6.7	9.5		
contig_1	565520	566404	-	LLMDKN_001263	32.8	9.1		
contig_1	566412	567068	-	LLMDKN_001264	24.8	9.9		
contig_1	567072	567341	-	LLMDKN_001265	10.8	9.8	PF01476.26|LysM	PFAM:PF01476.26
contig_1	567497	567775	-	LLMDKN_001266	10.9	10.4	PF01832.25|Glucosaminidase	PFAM:PF01832.25
contig_1	568093	568677	+	LLMDKN_001267	22.2	6.2	PF00383.29|dCMP_cyt_deam_1	PFAM:PF00383.29
contig_1	568812	569417	+	LLMDKN_001268	23.8	9.8		
contig_1	570167	570349	+	LLMDKN_001270	6.6	9.6	PF07992.20|Pyr_redox_2	PFAM:PF07992.20
contig_1	570346	570612	+	LLMDKN_001271	9.9	9.3		
contig_1	570657	571019	+	LLMDKN_001272	12.7	4.8	PF00070.33|Pyr_redox, PF01266.30|DAO, PF02737.24|3HCDH_N, PF07992.20|Pyr_redox_2	PFAM:PF00070.33, PFAM:PF01266.30, PFAM:PF02737.24, PFAM:PF07992.20
contig_1	571022	571543	+	LLMDKN_001273	19.3	5.6	PF02852.28|Pyr_redox_dim	PFAM:PF02852.28
contig_1	571817	572221	+	LLMDKN_001274	14.9	6.3	PF00005.33|ABC_tran	PFAM:PF00005.33
contig_1	572196	572672	+	LLMDKN_001275	18.2	9.6	PF00005.33|ABC_tran, PF12848.13|ABC_tran_Xtn	PFAM:PF00005.33, PFAM:PF12848.13
contig_1	572987	573232	+	LLMDKN_001276	9.2	7.7		
contig_1	573499	574014	+	LLMDKN_001277	19.1	5.8	PF00293.34|NUDIX, PF09296.17|NUDIX-like, PF09297.16|Zn_ribbon_NUD	PFAM:PF00293.34, PFAM:PF09296.17, PFAM:PF09297.16
contig_1	573972	574118	+	LLMDKN_001278	5.2	4.9		
contig_1	574087	574224	+	LLMDKN_001279	5.1	8.3		
contig_1	574351	574485	-	LLMDKN_001280	4.9	4.1		
contig_1	574693	575247	-	LLMDKN_001281	20.2	8.8	PF02329.21|HDC	PFAM:PF02329.21
contig_1	575903	576697	+	LLMDKN_001282	30.3	9.6	PF13102.12|Phage_int_SAM_5	PFAM:PF13102.12
contig_1	577135	577524	+	LLMDKN_001283	14.5	9.8		
contig_1	577467	577664	+	LLMDKN_001284	7.4	9.3		
contig_1	577748	577870	+	LLMDKN_001285	4.5	9.3		
contig_1	577891	578247	+	LLMDKN_001286	13.3	5.2		
contig_1	578223	578408	+	LLMDKN_001287	6.8	5.0		
contig_1	578498	579193	+	LLMDKN_001288	25.1	4.9		
contig_1	579177	579494	+	LLMDKN_001289	11.5	4.7		
contig_1	579619	579894	+	LLMDKN_001290	9.7	4.1		
contig_1	579989	580468	+	LLMDKN_001291	17.7	6.7		
contig_1	580557	581138	+	LLMDKN_001292	22.2	10.3		
contig_1	581131	581250	-	LLMDKN_001293	4.4	6.7		
contig_1	581488	582084	-	LLMDKN_001294	22.1	6.0	PF00408.26|PGM_PMM_IV, PF02880.22|PGM_PMM_III	PFAM:PF00408.26, PFAM:PF02880.22
contig_1	582086	582448	-	LLMDKN_001295	13.3	4.6	PF02879.22|PGM_PMM_II	PFAM:PF02879.22
contig_1	582409	583011	-	LLMDKN_001296	22.4	7.0	PF02878.22|PGM_PMM_I	PFAM:PF02878.22
contig_1	582968	583213	-	LLMDKN_001297	9.5	4.7		
contig_1	583320	583559	-	LLMDKN_001298	9.2	9.3		
contig_1	583604	583912	-	LLMDKN_001299	11.6	4.1		
contig_1	583869	584117	-	LLMDKN_001300	9.2	7.8		
contig_1	584268	584465	-	LLMDKN_001301	7.3	5.5		
contig_1	584411	584956	-	LLMDKN_001302	19.9	4.6		
contig_1	584981	585577	-	LLMDKN_001303	22.1	9.2		
contig_1	585729	586013	-	LLMDKN_001304	10.7	6.7		
contig_1	586116	586673	-	LLMDKN_001305	20.6	9.5	PF01551.29|Peptidase_M23	PFAM:PF01551.29
contig_1	586969	587376	+	LLMDKN_001306	14.2	9.9		
contig_1	587441	587833	+	LLMDKN_001307	14.5	8.6	PF05222.21|AlaDh_PNT_N	PFAM:PF05222.21
contig_1	587839	587943	+	LLMDKN_001308	4.0	9.1		
contig_1	587940	588197	+	LLMDKN_001309	9.1	9.8	PF00070.33|Pyr_redox, PF01262.27|AlaDh_PNT_C, PF02737.24|3HCDH_N	PFAM:PF00070.33, PFAM:PF01262.27, PFAM:PF02737.24
contig_1	589743	590048	-	LLMDKN_001312	11.4	9.0		
contig_1	590002	590367	-	LLMDKN_001313	14.0	9.9		
contig_1	590522	591034	-	LLMDKN_001314	19.6	5.0		
contig_1	591071	591562	-	LLMDKN_001315	17.5	9.5	PF13505.12|OMP_b-brl	PFAM:PF13505.12
contig_1	591604	591828	-	LLMDKN_001316	8.3	6.7		
contig_1	591888	592238	-	LLMDKN_001317	13.7	9.9	PF08281.18|Sigma70_r4_2	PFAM:PF08281.18
contig_1	592368	592646	-	LLMDKN_001318	10.6	7.8	PF04542.20|Sigma70_r2	PFAM:PF04542.20
contig_1	592833	593132	-	LLMDKN_001319	11.4	5.5	PF01729.25|QRPTase_C	PFAM:PF01729.25
contig_1	593203	593679	-	LLMDKN_001320	17.3	6.7	PF01729.25|QRPTase_C, PF02749.22|QRPTase_N	PFAM:PF01729.25, PFAM:PF02749.22
contig_1	593672	593923	-	LLMDKN_001321	9.5	9.4	PF16022.11|DUF4783	PFAM:PF16022.11
contig_1	593944	594156	-	LLMDKN_001322	8.0	9.5		
contig_1	595433	595588	-	LLMDKN_001326	5.7	4.1	PF06508.19|QueC	PFAM:PF06508.19
contig_1	595618	595773	-	LLMDKN_001327	5.8	7.9	PF06508.19|QueC	PFAM:PF06508.19
contig_1	595811	596272	-	LLMDKN_001328	16.7	6.6		
contig_1	596293	596463	-	LLMDKN_001329	6.1	5.9		
contig_1	596774	597160	-	LLMDKN_001330	15.4	9.2	PF08281.18|Sigma70_r4_2	PFAM:PF08281.18
contig_1	597180	597275	-	LLMDKN_001331	3.6	6.7		
contig_1	597439	597735	+	LLMDKN_001332	11.0	8.0		
contig_1	597732	598730	+	LLMDKN_001333	37.4	9.1	PF13505.12|OMP_b-brl, PF19577.5|DcaP	PFAM:PF13505.12, PFAM:PF19577.5
contig_1	598835	598963	-	LLMDKN_001334	5.0	4.2		
contig_1	598997	599464	-	LLMDKN_001335	18.9	6.7	PF17170.10|DUF5128	PFAM:PF17170.10
contig_1	599461	599904	-	LLMDKN_001336	16.7	8.8	PF16288.11|DUF4934, PF17170.10|DUF5128	PFAM:PF16288.11, PFAM:PF17170.10
contig_1	600005	600718	-	LLMDKN_001337	26.7	9.2		
contig_1	600702	600914	-	LLMDKN_001338	7.6	4.7		
contig_1	601020	601172	-	LLMDKN_001339	5.5	6.0		
contig_1	601237	601503	-	LLMDKN_001340	9.6	10.3		
contig_1	601953	602114	+	LLMDKN_001341	5.6	5.1	PF00389.36|2-Hacid_dh	PFAM:PF00389.36
contig_1	602339	602623	+	LLMDKN_001342	10.8	6.8	PF02826.25|2-Hacid_dh_C	PFAM:PF02826.25
contig_1	602679	602843	+	LLMDKN_001343	6.1	10.3		
contig_1	603812	604000	-	LLMDKN_001345	7.1	6.0		
contig_1	603997	604443	-	LLMDKN_001346	17.7	6.1		
contig_1	604382	604813	-	LLMDKN_001347	17.0	9.3		
contig_1	604804	604893	-	LLMDKN_001348	3.7	7.9		
contig_1	604915	605226	-	LLMDKN_001349	12.1	4.6		
contig_1	605201	605296	-	LLMDKN_001350	3.6	5.4		
contig_1	605275	605451	-	LLMDKN_001351	7.0	8.9		
contig_1	605789	606070	+	LLMDKN_001352	11.2	6.2		
contig_1	606358	606564	+	LLMDKN_001353	7.6	4.6	PF17954.7|Pirin_C_2	PFAM:PF17954.7
contig_1	606582	606842	+	LLMDKN_001354	9.4	5.1		
contig_1	606836	607288	+	LLMDKN_001355	17.6	10.3	PF01243.27|PNPOx_N, PF10590.14|PNP_phzG_C	PFAM:PF01243.27, PFAM:PF10590.14
contig_1	607237	607425	-	LLMDKN_001356	7.5	10.5		
contig_1	607505	608023	+	LLMDKN_001357	20.1	5.7		
contig_1	607975	608085	+	LLMDKN_001358	4.0	5.0		
contig_1	608142	608441	+	LLMDKN_001359	11.3	4.9	PF14730.11|DUF4468	PFAM:PF14730.11
contig_1	608830	609096	+	LLMDKN_001360	9.5	9.9		
contig_1	609390	609710	+	LLMDKN_001361	12.4	4.8		
contig_1	609796	609972	-	LLMDKN_001362	6.8	11.5		
contig_1	610118	610294	+	LLMDKN_001363	6.8	5.1		
contig_1	610304	610783	+	LLMDKN_001364	18.3	5.3		
contig_1	610858	611256	-	LLMDKN_001365	14.0	6.5		
contig_1	611199	611588	-	LLMDKN_001366	14.5	8.7		
contig_1	611601	611894	-	LLMDKN_001367	10.8	4.7		
contig_1	611986	612324	-	LLMDKN_001368	12.5	10.0		
contig_1	612263	612721	-	LLMDKN_001369	16.3	6.0		
contig_1	612780	613028	-	LLMDKN_001370	9.2	5.1	PF08534.16|Redoxin	PFAM:PF08534.16
contig_1	613089	613436	-	LLMDKN_001371	13.4	5.9		
contig_1	613754	613999	-	LLMDKN_001373	9.7	9.2	PF02397.22|Bac_transf	PFAM:PF02397.22
contig_1	614053	614454	+	LLMDKN_001374	16.0	10.2		
contig_1	614430	614732	-	LLMDKN_001375	11.7	4.7	PF01041.23|DegT_DnrJ_EryC1	PFAM:PF01041.23
contig_1	614710	614892	-	LLMDKN_001376	6.9	9.2	PF01041.23|DegT_DnrJ_EryC1	PFAM:PF01041.23
contig_1	614873	615100	-	LLMDKN_001377	8.5	6.5	PF01041.23|DegT_DnrJ_EryC1	PFAM:PF01041.23
contig_1	615198	615299	-	LLMDKN_001378	3.6	9.7	PF01041.23|DegT_DnrJ_EryC1	PFAM:PF01041.23
contig_1	615379	615600	-	LLMDKN_001379	8.2	5.3	PF01041.23|DegT_DnrJ_EryC1	PFAM:PF01041.23
contig_1	615729	615899	-	LLMDKN_001380	6.5	5.3		
contig_1	615938	616144	-	LLMDKN_001381	7.6	9.6		
contig_1	616194	616445	-	LLMDKN_001382	9.9	10.1		
contig_1	616583	617146	-	LLMDKN_001383	21.3	5.3		
contig_1	617408	617668	-	LLMDKN_001384	10.2	6.7		
contig_1	617683	617943	-	LLMDKN_001385	9.7	6.1		
contig_1	617950	618096	-	LLMDKN_001386	5.9	4.1	PF14667.12|Polysacc_synt_C	PFAM:PF14667.12
contig_1	618726	618902	-	LLMDKN_001387	6.8	7.9		
contig_1	619112	619255	-	LLMDKN_001388	5.6	4.8		
contig_1	619230	619361	-	LLMDKN_001389	5.4	6.1		
contig_1	619342	619674	-	LLMDKN_001390	12.0	8.6		
contig_1	619877	620134	-	LLMDKN_001391	9.8	9.0	PF13460.12|NAD_binding_10	PFAM:PF13460.12
contig_1	620663	621286	-	LLMDKN_001392	24.1	5.4		
contig_1	621457	621777	-	LLMDKN_001393	12.7	9.8		
contig_1	622301	622399	-	LLMDKN_001394	3.8	6.5		
contig_1	622371	622835	-	LLMDKN_001395	18.6	9.3		
contig_1	622934	623143	-	LLMDKN_001396	7.3	4.5		
contig_1	623176	623559	-	LLMDKN_001397	14.9	9.4		
contig_1	623741	623968	-	LLMDKN_001398	8.6	6.0		
contig_1	624125	624229	-	LLMDKN_001399	4.0	7.8		
contig_1	624229	624351	-	LLMDKN_001400	4.7	9.2		
contig_1	624392	624862	-	LLMDKN_001401	17.3	6.1	PF00984.24|UDPG_MGDP_dh, PF03721.20|UDPG_MGDP_dh_N	PFAM:PF00984.24, PFAM:PF03721.20
contig_1	624981	625121	-	LLMDKN_001402	5.0	4.4		
contig_1	625454	625723	-	LLMDKN_001403	10.5	4.1		
contig_1	625895	626185	-	LLMDKN_001404	11.8	9.5		
contig_1	626544	626663	-	LLMDKN_001405	4.7	9.2		
contig_1	626660	626896	-	LLMDKN_001406	8.9	6.5		
contig_1	627235	627498	-	LLMDKN_001407	9.9	7.7		
contig_1	627643	628050	-	LLMDKN_001408	15.0	5.6		
contig_1	628523	628861	-	LLMDKN_001409	12.7	4.2		
contig_1	628914	629048	+	LLMDKN_001410	5.1	9.8		
contig_1	629017	629175	-	LLMDKN_001411	5.6	9.7		
contig_1	629199	629534	-	LLMDKN_001412	13.6	9.8	PF02357.24|NusG	PFAM:PF02357.24
contig_1	630334	630498	+	LLMDKN_001413	6.3	4.6		
contig_1	630502	630606	-	LLMDKN_001414	3.9	6.7		
contig_1	631701	631838	-	LLMDKN_001416	4.8	8.0		
contig_1	631835	632305	-	LLMDKN_001417	18.2	9.8		
contig_1	632459	632647	-	LLMDKN_001418	6.6	4.5		
contig_1	632673	632888	-	LLMDKN_001419	8.3	5.9		
contig_1	632906	633256	-	LLMDKN_001420	12.5	9.9		
contig_1	633250	633768	-	LLMDKN_001421	19.2	4.8		
contig_1	633958	634335	+	LLMDKN_001422	14.0	8.9	PF19543.5|GH123_N	PFAM:PF19543.5
contig_1	634370	635827	+	LLMDKN_001423	54.3	8.2	PF19543.5|GH123_N, PF22680.2|Glyco_hydro_123_N_2	PFAM:PF19543.5, PFAM:PF22680.2
contig_1	635799	636083	-	LLMDKN_001424	11.1	6.7		
contig_1	636464	636991	+	LLMDKN_001425	20.1	6.6	PF19543.5|GH123_N	PFAM:PF19543.5
contig_1	637169	637585	-	LLMDKN_001426	15.7	6.3		
contig_1	637663	637911	-	LLMDKN_001427	9.4	10.3		
contig_1	638196	638735	-	LLMDKN_001428	20.6	4.5		
contig_1	638722	639090	-	LLMDKN_001429	13.4	5.0	PF13629.12|T2SS-T3SS_pil_N	PFAM:PF13629.12
contig_1	639559	639720	-	LLMDKN_001431	6.4	9.5		
contig_1	639778	640332	-	LLMDKN_001432	20.7	6.2	PF07670.19|Gate	PFAM:PF07670.19
contig_1	640355	641389	-	LLMDKN_001433	39.9	5.9	PF07670.19|Gate, PF17910.6|FeoB_Cyto	PFAM:PF07670.19, PFAM:PF17910.6
contig_1	641430	642215	-	LLMDKN_001434	29.7	6.4	PF02421.24|FeoB_N, PF04023.20|FeoA, PF09439.16|SRPRB	PFAM:PF02421.24, PFAM:PF04023.20, PFAM:PF09439.16
contig_1	642453	642875	+	LLMDKN_001435	15.8	5.4	PF06508.19|QueC	PFAM:PF06508.19
contig_1	642863	643543	+	LLMDKN_001436	25.9	5.1		
contig_1	644006	645868	+	LLMDKN_001437	69.5	5.9	PF11974.14|bMG3	PFAM:PF11974.14
contig_1	645914	646075	+	LLMDKN_001438	6.2	6.7	PF01835.25|MG2	PFAM:PF01835.25
contig_1	646147	647691	+	LLMDKN_001439	57.2	7.1	PF07703.20|A2M_BRD, PF17962.7|bMG6, PF17972.7|bMG5	PFAM:PF07703.20, PFAM:PF17962.7, PFAM:PF17972.7
contig_1	647682	647822	+	LLMDKN_001440	5.1	5.6		
contig_1	647773	648465	+	LLMDKN_001441	25.7	6.8		
contig_1	648450	648746	+	LLMDKN_001442	11.4	10.0		
contig_1	648700	648999	+	LLMDKN_001443	11.0	6.6		
contig_1	648950	649108	+	LLMDKN_001444	5.7	9.8		
contig_1	649176	649595	+	LLMDKN_001445	15.5	5.7	PF17973.7|bMG10	PFAM:PF17973.7
contig_1	649691	649933	+	LLMDKN_001446	9.6	7.8		
contig_1	650169	650654	-	LLMDKN_001447	18.1	5.6		
contig_1	650696	651964	+	LLMDKN_001448	47.3	6.2	PF00905.27|Transpeptidase	PFAM:PF00905.27
contig_1	651990	652205	+	LLMDKN_001449	7.9	6.5		
contig_1	652187	653197	+	LLMDKN_001450	36.8	9.7		
contig_1	653187	653639	+	LLMDKN_001451	17.6	10.1		
contig_1	653673	653783	+	LLMDKN_001452	4.2	9.5		
contig_1	653855	654352	+	LLMDKN_001453	17.9	4.9		
contig_1	654352	654525	+	LLMDKN_001454	6.4	9.3		
contig_1	656807	657289	+	LLMDKN_001457	18.2	6.9		
contig_1	657513	657806	-	LLMDKN_001458	11.3	5.6		
contig_1	657925	658125	-	LLMDKN_001459	7.4	9.3	PF03054.22|tRNA_Me_trans	PFAM:PF03054.22
contig_1	658101	658418	-	LLMDKN_001460	12.0	4.9	PF03054.22|tRNA_Me_trans	PFAM:PF03054.22
contig_1	658529	658936	-	LLMDKN_001461	15.0	5.7	PF01053.26|Cys_Met_Meta_PP	PFAM:PF01053.26
contig_1	658948	659313	-	LLMDKN_001462	13.1	7.9	PF01053.26|Cys_Met_Meta_PP	PFAM:PF01053.26
contig_1	659301	659771	-	LLMDKN_001463	17.2	9.7	PF01053.26|Cys_Met_Meta_PP	PFAM:PF01053.26
contig_1	659825	660025	-	LLMDKN_001464	7.8	9.0		
contig_1	660934	661182	-	LLMDKN_001466	9.8	6.0		
contig_1	661161	661547	-	LLMDKN_001467	14.2	9.7	PF00756.26|Esterase	PFAM:PF00756.26
contig_1	661544	661756	-	LLMDKN_001468	7.5	9.4		
contig_1	661773	661937	-	LLMDKN_001469	5.8	7.8		
contig_1	661934	662224	-	LLMDKN_001470	10.7	5.2	PF09413.15|DUF2007	PFAM:PF09413.15
contig_1	662196	662444	-	LLMDKN_001471	9.5	8.6		
contig_1	662500	662835	+	LLMDKN_001472	12.1	6.1		
contig_1	662883	663257	+	LLMDKN_001473	13.4	6.1		
contig_1	663232	663435	+	LLMDKN_001474	7.8	9.6		
contig_1	663507	663956	+	LLMDKN_001475	17.0	9.4	PF00593.30|TonB_dep_Rec_b-barrel	PFAM:PF00593.30
contig_1	663958	664233	+	LLMDKN_001476	10.2	9.1		
contig_1	664401	664712	+	LLMDKN_001477	11.9	9.3		
contig_1	664755	664883	+	LLMDKN_001478	4.6	10.0		
contig_1	664864	665277	+	LLMDKN_001479	14.9	5.1	PF01435.24|Peptidase_M48	PFAM:PF01435.24
contig_1	665307	665561	+	LLMDKN_001480	9.6	6.1	PF01435.24|Peptidase_M48	PFAM:PF01435.24
contig_1	665761	666462	+	LLMDKN_001481	26.0	7.8	PF01595.25|CNNM	PFAM:PF01595.25
contig_1	666519	666620	+	LLMDKN_001482	3.8	6.1		
contig_1	666776	666952	+	LLMDKN_001483	6.4	4.1	PF03471.22|CorC_HlyC	PFAM:PF03471.22
contig_1	667070	667399	+	LLMDKN_001484	11.4	5.1	PF04170.18|NlpE	PFAM:PF04170.18
contig_1	667608	667724	-	LLMDKN_001485	4.5	10.0		
contig_1	667724	668128	-	LLMDKN_001486	15.0	6.6	PF21365.3|Glyco_hydro_31_3rd	PFAM:PF21365.3
contig_1	668137	668673	-	LLMDKN_001487	20.6	5.6	PF01055.32|Glyco_hydro_31_2nd	PFAM:PF01055.32
contig_1	668882	669193	-	LLMDKN_001488	12.0	9.9		
contig_1	669422	669589	+	LLMDKN_001489	6.0	8.8		
contig_1	669967	670167	+	LLMDKN_001490	7.8	4.7		
contig_1	670591	670956	+	LLMDKN_001491	13.3	7.8		
contig_1	670953	671246	+	LLMDKN_001492	11.1	7.9		
contig_1	671225	671425	+	LLMDKN_001493	7.7	10.1		
contig_1	671504	672400	+	LLMDKN_001494	34.3	9.0		
contig_1	672695	673006	-	LLMDKN_001495	11.9	8.6	PF01757.29|Acyl_transf_3	PFAM:PF01757.29
contig_1	672987	673391	-	LLMDKN_001496	14.9	9.2		
contig_1	673360	673512	-	LLMDKN_001497	5.3	4.6		
contig_1	673484	673705	-	LLMDKN_001498	8.4	5.4		
contig_1	673841	674065	-	LLMDKN_001499	8.9	10.3		
contig_1	674247	674576	-	LLMDKN_001500	12.9	9.7		
contig_1	675083	675412	+	LLMDKN_001501	12.7	6.8		
contig_1	675639	676277	+	LLMDKN_001502	24.9	9.3	PF02899.23|Phage_int_SAM_1, PF13495.12|Phage_int_SAM_4	PFAM:PF02899.23, PFAM:PF13495.12
contig_1	676274	676477	+	LLMDKN_001503	7.9	10.0		
contig_1	676464	676760	+	LLMDKN_001504	11.4	10.0		
contig_1	676864	677178	+	LLMDKN_001505	12.1	9.1		
contig_1	677639	677833	+	LLMDKN_001506	7.5	9.7		
contig_1	677963	678160	+	LLMDKN_001507	7.5	4.9		
contig_1	678746	679030	+	LLMDKN_001509	10.9	5.2	PF08887.16|GAD-like	PFAM:PF08887.16
contig_1	679030	679254	+	LLMDKN_001510	8.4	4.1	PF08906.16|T6SS_Tdi1_C	PFAM:PF08906.16
contig_1	679490	679645	+	LLMDKN_001511	6.2	9.2		
contig_1	679654	679764	+	LLMDKN_001512	4.2	8.6		
contig_1	679912	680397	+	LLMDKN_001513	19.5	5.9	PF08928.15|PoNi_N	PFAM:PF08928.15
contig_1	681195	681401	+	LLMDKN_001515	7.8	10.2		
contig_1	681412	681786	+	LLMDKN_001516	14.8	8.9		
contig_1	682208	682444	+	LLMDKN_001518	9.1	4.2		
contig_1	682395	682604	+	LLMDKN_001519	8.4	9.1		
contig_1	682671	682940	+	LLMDKN_001520	10.8	7.7		
contig_1	682937	683074	+	LLMDKN_001521	5.5	10.1		
contig_1	683238	683585	+	LLMDKN_001522	13.4	8.6		
contig_1	683826	684068	+	LLMDKN_001523	9.3	5.0		
contig_1	684253	684492	+	LLMDKN_001524	9.3	10.3		
contig_1	684540	684713	+	LLMDKN_001525	6.5	6.5		
contig_1	685145	685363	+	LLMDKN_001526	8.0	5.9		
contig_1	686750	686896	+	LLMDKN_001529	5.9	10.5		
contig_1	687068	687658	+	LLMDKN_001530	23.5	8.9		
contig_1	688521	689075	+	LLMDKN_001532	21.2	7.0		
contig_1	689201	690157	+	LLMDKN_001533	35.5	8.0	PF13481.12|AAA_25	PFAM:PF13481.12
contig_1	691169	692065	-	LLMDKN_001536	32.9	8.3	PF13342.12|Toprim_Crpt	PFAM:PF13342.12
contig_1	692008	692490	-	LLMDKN_001537	17.8	5.8		
contig_1	692483	693268	-	LLMDKN_001538	28.9	9.6		
contig_1	693297	693548	-	LLMDKN_001539	9.2	10.3		
contig_1	693560	693823	-	LLMDKN_001540	9.4	10.5		
contig_1	693965	694138	-	LLMDKN_001541	6.3	9.6		
contig_1	694200	694577	-	LLMDKN_001542	14.0	8.8		
contig_1	695324	695959	+	LLMDKN_001543	24.8	9.0	PF00027.35|cNMP_binding	PFAM:PF00027.35
contig_1	696348	696578	+	LLMDKN_001544	9.0	8.9		
contig_1	696526	696756	+	LLMDKN_001545	9.0	4.7		
contig_1	696787	696927	+	LLMDKN_001546	5.4	8.9		
contig_1	696896	697114	+	LLMDKN_001547	8.6	9.7		
contig_1	697692	697916	+	LLMDKN_001548	8.2	9.4		
contig_1	697981	698379	+	LLMDKN_001549	14.6	9.8		
contig_1	698399	698857	+	LLMDKN_001550	17.4	5.4	PF08843.17|AbiEii	PFAM:PF08843.17
contig_1	698857	699018	+	LLMDKN_001551	6.1	4.8		
contig_1	699052	699459	+	LLMDKN_001552	15.5	7.9		
contig_1	699903	700280	-	LLMDKN_001554	14.1	9.3	PF10412.15|TrwB_AAD_bind	PFAM:PF10412.15
contig_1	700277	701164	-	LLMDKN_001555	34.0	7.0		
contig_1	701483	701914	-	LLMDKN_001557	16.1	11.0		
contig_1	701923	702156	-	LLMDKN_001558	8.5	9.8		
contig_1	702232	702654	-	LLMDKN_001559	16.6	7.9	PF03432.20|Relaxase	PFAM:PF03432.20
contig_1	703769	704233	+	LLMDKN_001561	16.9	7.7	PF01656.29|CbiA	PFAM:PF01656.29
contig_1	704270	704377	+	LLMDKN_001562	4.2	6.1		
contig_1	704510	704776	+	LLMDKN_001563	9.9	6.6		
contig_1	704799	704936	+	LLMDKN_001564	5.3	6.7		
contig_1	705261	705398	+	LLMDKN_001565	4.7	4.1		
contig_1	705420	705566	+	LLMDKN_001566	5.1	4.5		
contig_1	705840	706256	-	LLMDKN_001567	15.6	11.4		
contig_1	706951	707166	+	LLMDKN_001569	7.9	6.8		
contig_1	707109	707369	+	LLMDKN_001570	9.8	5.2	PF00078.32|RVT_1	PFAM:PF00078.32
contig_1	707655	708218	+	LLMDKN_001571	22.9	9.9		
contig_1	708215	708421	+	LLMDKN_001572	7.2	10.3		
contig_1	708882	709253	+	LLMDKN_001574	14.5	6.4		
contig_1	709310	710077	+	LLMDKN_001575	29.1	8.6		
contig_1	710465	710761	+	LLMDKN_001576	11.9	5.3		
contig_1	710776	711279	+	LLMDKN_001577	19.3	9.9		
contig_1	712068	712271	+	LLMDKN_001579	7.6	9.4		
contig_1	712289	712552	+	LLMDKN_001580	10.2	4.9		
contig_1	712627	712986	+	LLMDKN_001581	12.4	9.4		
contig_1	713084	713461	+	LLMDKN_001582	14.0	9.7		
contig_1	713458	713631	+	LLMDKN_001583	6.5	9.8		
contig_1	714067	714462	+	LLMDKN_001585	14.9	5.8		
contig_1	714431	715114	+	LLMDKN_001586	24.9	9.1	PF12508.14|Transposon_TraM	PFAM:PF12508.14
contig_1	715256	715417	+	LLMDKN_001587	5.9	10.0		
contig_1	715896	716072	+	LLMDKN_001589	6.7	9.5		
contig_1	717567	717794	+	LLMDKN_001593	8.5	10.9		
contig_1	717781	718092	-	LLMDKN_001594	11.8	5.0	PF22273.1|DUF6956	PFAM:PF22273.1
contig_1	718071	718217	-	LLMDKN_001595	5.7	4.6	PF23919.1|DUF7258	PFAM:PF23919.1
contig_1	718521	718703	-	LLMDKN_001597	6.5	9.5		
contig_1	718814	719029	-	LLMDKN_001598	8.7	4.1		
contig_1	719013	719321	-	LLMDKN_001599	11.9	4.1		
contig_1	719282	719701	-	LLMDKN_001600	16.2	11.0		
contig_1	719960	720436	-	LLMDKN_001601	18.1	5.9	PF10543.14|ORF6N	PFAM:PF10543.14
contig_1	720576	720821	-	LLMDKN_001602	9.1	9.7		
contig_1	720909	721160	-	LLMDKN_001603	9.8	8.9		
contig_1	721142	721459	-	LLMDKN_001604	12.3	9.9	PF13102.12|Phage_int_SAM_5	PFAM:PF13102.12
contig_1	721456	721743	-	LLMDKN_001605	10.8	9.7	PF17293.8|Arm-DNA-bind_5	PFAM:PF17293.8
contig_1	721885	722040	-	LLMDKN_001606	5.9	10.2		
contig_1	722450	722872	-	LLMDKN_001608	15.9	10.4		
contig_1	723001	723222	+	LLMDKN_001609	8.4	8.9		
contig_1	723333	723965	+	LLMDKN_001610	24.3	5.8		
contig_1	724073	724444	+	LLMDKN_001611	14.0	5.1		
contig_1	724408	724914	+	LLMDKN_001612	18.8	7.8		
contig_1	725230	725427	+	LLMDKN_001614	7.3	10.6		
contig_1	725724	725957	+	LLMDKN_001615	9.2	5.9		
contig_1	726149	726532	-	LLMDKN_001616	14.3	9.2		
contig_1	726636	726806	-	LLMDKN_001617	6.1	4.4		
contig_1	726927	727304	-	LLMDKN_001618	13.7	9.4		
contig_1	728347	728694	+	LLMDKN_001620	13.0	4.8	PF17415.7|NigD_C	PFAM:PF17415.7
contig_1	728688	728858	+	LLMDKN_001621	6.1	4.8	PF17415.7|NigD_C	PFAM:PF17415.7
contig_1	729062	729505	-	LLMDKN_001622	17.0	8.5		
contig_1	729524	729649	-	LLMDKN_001623	4.9	7.9		
contig_1	729649	730059	-	LLMDKN_001624	15.6	9.3	PF00126.33|HTH_1	PFAM:PF00126.33
contig_1	731754	731942	-	LLMDKN_001627	7.0	8.1		
contig_1	732043	732315	-	LLMDKN_001628	9.8	8.4		
contig_1	732285	732563	-	LLMDKN_001629	10.2	7.8		
contig_1	732592	732711	-	LLMDKN_001630	4.1	4.5		
contig_1	732711	732992	-	LLMDKN_001631	10.5	4.9		
contig_1	733271	733906	-	LLMDKN_001632	23.4	5.3	PF00754.31|F5_F8_type_C	PFAM:PF00754.31
contig_1	733848	734144	-	LLMDKN_001633	11.1	5.3	PF08522.16|BT_3987-like_N	PFAM:PF08522.16
contig_1	734146	734286	-	LLMDKN_001634	5.1	5.4		
contig_1	734319	735077	-	LLMDKN_001635	28.1	6.3	PF13385.13|Laminin_G_3	PFAM:PF13385.13
contig_1	735122	735457	-	LLMDKN_001636	12.4	9.0		
contig_1	735468	735872	-	LLMDKN_001637	15.3	9.7		
contig_1	735866	736207	-	LLMDKN_001638	12.5	5.8		
contig_1	736204	736491	-	LLMDKN_001639	10.8	9.0		
contig_1	736848	738083	-	LLMDKN_001640	45.7	5.7	PF12741.13|SusD-like, PF12771.13|SusD-like_2	PFAM:PF12741.13, PFAM:PF12771.13
contig_1	738127	738597	-	LLMDKN_001641	16.9	9.1		
contig_1	738587	738727	-	LLMDKN_001642	5.3	4.8		
contig_1	738696	738902	-	LLMDKN_001643	7.4	7.9		
contig_1	738872	739528	-	LLMDKN_001644	24.5	5.9	PF00593.30|TonB_dep_Rec_b-barrel	PFAM:PF00593.30
contig_1	739573	740343	-	LLMDKN_001645	29.5	9.7		
contig_1	740361	740957	-	LLMDKN_001646	20.7	5.4	PF07715.20|Plug	PFAM:PF07715.20
contig_1	740954	741112	-	LLMDKN_001647	5.4	8.1		
contig_1	741109	741396	-	LLMDKN_001648	10.9	9.8		
contig_1	741665	741868	+	LLMDKN_001649	7.7	9.9		
contig_1	741819	742370	-	LLMDKN_001650	20.9	10.0	PF16344.10|FecR_C	PFAM:PF16344.10
contig_1	742382	742687	+	LLMDKN_001651	11.7	10.0		
contig_1	743442	743849	-	LLMDKN_001653	15.2	5.1	PF14509.12|GH97_C	PFAM:PF14509.12
contig_1	743834	744385	-	LLMDKN_001654	21.4	10.0	PF10566.15|Glyco_hydro_97	PFAM:PF10566.15
contig_1	744361	744582	-	LLMDKN_001655	8.7	5.0	PF10566.15|Glyco_hydro_97	PFAM:PF10566.15
contig_1	744524	744757	-	LLMDKN_001656	8.7	9.1	PF10566.15|Glyco_hydro_97	PFAM:PF10566.15
contig_1	744754	745488	-	LLMDKN_001657	28.4	8.6	PF14508.12|GH97_N	PFAM:PF14508.12
contig_1	745507	745794	-	LLMDKN_001658	10.8	4.5		
contig_1	745811	746164	-	LLMDKN_001659	13.4	6.2		
contig_1	746137	746352	-	LLMDKN_001660	8.4	9.4		
contig_1	746608	747240	-	LLMDKN_001661	22.4	6.2		
contig_1	747573	747980	-	LLMDKN_001662	15.1	4.7	PF13378.12|MR_MLE_C	PFAM:PF13378.12
contig_1	747968	748555	-	LLMDKN_001663	22.5	6.2	PF21508.2|MenC_N	PFAM:PF21508.2
contig_1	748799	749161	-	LLMDKN_001665	13.2	10.6	PF00378.25|ECH_1, PF16113.10|ECH_2	PFAM:PF00378.25, PFAM:PF16113.10
contig_1	749149	749442	-	LLMDKN_001666	10.8	5.1	PF00378.25|ECH_1, PF16113.10|ECH_2	PFAM:PF00378.25, PFAM:PF16113.10
contig_1	749542	749889	-	LLMDKN_001667	13.3	8.5		
contig_1	749940	750296	+	LLMDKN_001668	13.5	9.2		
contig_1	750139	750456	-	LLMDKN_001669	11.5	5.3		
contig_1	750453	750698	-	LLMDKN_001670	9.5	8.0		
contig_1	750700	751413	-	LLMDKN_001671	26.6	5.4	PF16582.11|TPP_enzyme_M_2	PFAM:PF16582.11
contig_1	751385	751957	-	LLMDKN_001672	21.6	7.7	PF02776.23|TPP_enzyme_N	PFAM:PF02776.23
contig_1	752145	752273	-	LLMDKN_001673	4.7	4.3		
contig_1	752270	752437	-	LLMDKN_001674	6.3	6.5	PF00425.24|Chorismate_bind	PFAM:PF00425.24
contig_1	752431	752904	-	LLMDKN_001675	18.1	9.4	PF00425.24|Chorismate_bind	PFAM:PF00425.24
contig_1	752849	753142	-	LLMDKN_001676	11.0	6.2		
contig_1	753245	753487	-	LLMDKN_001677	8.6	8.0	PF03061.28|4HBT	PFAM:PF03061.28
contig_1	753472	754134	-	LLMDKN_001678	24.3	4.4	PF08282.18|Hydrolase_3	PFAM:PF08282.18
contig_1	754115	754477	-	LLMDKN_001679	14.1	9.9	PF08282.18|Hydrolase_3	PFAM:PF08282.18
contig_1	754695	754832	-	LLMDKN_001680	5.7	9.9		
contig_1	754795	755004	-	LLMDKN_001681	8.1	4.6	PF16658.11|RF3_C	PFAM:PF16658.11
contig_1	755041	755514	-	LLMDKN_001682	18.1	9.8	PF22042.2|EF-G_D2	PFAM:PF22042.2
contig_1	755477	755770	-	LLMDKN_001683	11.4	4.6		
contig_1	755770	756033	-	LLMDKN_001684	10.3	7.8	PF00009.33|GTP_EFTU, PF00025.27|Arf	PFAM:PF00009.33, PFAM:PF00025.27
contig_1	756110	756247	-	LLMDKN_001685	4.9	10.0	PF00009.33|GTP_EFTU	PFAM:PF00009.33
contig_1	756272	756433	-	LLMDKN_001686	6.2	8.9	PF04321.23|RmlD_sub_bind	PFAM:PF04321.23
contig_1	756540	756701	-	LLMDKN_001687	6.4	10.9	PF04321.23|RmlD_sub_bind	PFAM:PF04321.23
contig_1	756658	757089	-	LLMDKN_001688	16.0	4.6	PF04321.23|RmlD_sub_bind, PF16363.11|GDP_Man_Dehyd	PFAM:PF04321.23, PFAM:PF16363.11
contig_1	758019	758483	-	LLMDKN_001690	17.0	9.7		
contig_1	758635	758937	-	LLMDKN_001691	11.4	5.9	PF02080.26|TrkA_C	PFAM:PF02080.26
contig_1	759004	759381	-	LLMDKN_001692	14.3	10.3		
contig_1	759472	759723	-	LLMDKN_001693	9.7	9.7		
contig_1	759781	760233	-	LLMDKN_001694	16.4	6.7	PF00999.27|Na_H_Exchanger	PFAM:PF00999.27
contig_1	760227	760412	-	LLMDKN_001695	6.9	7.9		
contig_1	760369	760782	-	LLMDKN_001696	15.3	5.9		
contig_1	760954	761082	-	LLMDKN_001697	5.1	9.8		
contig_1	761998	762159	-	LLMDKN_001698	5.9	9.9		
contig_1	762156	762653	-	LLMDKN_001699	19.0	6.3		
contig_1	762821	763114	-	LLMDKN_001700	11.2	7.7		
contig_1	763950	764153	+	LLMDKN_001701	8.2	10.1		
contig_1	764353	764895	-	LLMDKN_001702	20.4	8.8	PF18291.6|HU-HIG	PFAM:PF18291.6
contig_1	765318	765737	-	LLMDKN_001703	16.4	8.5	PF00165.29|HTH_AraC, PF12833.13|HTH_18	PFAM:PF00165.29, PFAM:PF12833.13
contig_1	765701	766021	-	LLMDKN_001704	12.4	7.0	PF02311.25|AraC_binding	PFAM:PF02311.25
contig_1	766411	766812	+	LLMDKN_001705	15.2	4.7	PF02837.24|Glyco_hydro_2_N	PFAM:PF02837.24
contig_1	766857	767096	+	LLMDKN_001706	8.9	9.9		
contig_1	767147	767371	+	LLMDKN_001707	8.6	5.3	PF00703.27|Glyco_hydro_2	PFAM:PF00703.27
contig_1	767472	768539	+	LLMDKN_001708	40.3	8.6		
contig_1	768650	768805	+	LLMDKN_001709	5.8	6.2		
contig_1	768864	769124	+	LLMDKN_001710	10.2	8.0		
contig_1	769234	769380	+	LLMDKN_001711	5.1	10.8		
contig_1	769594	770298	+	LLMDKN_001712	25.7	6.1	PF07715.20|Plug	PFAM:PF07715.20
contig_1	770353	770529	+	LLMDKN_001713	6.7	8.0		
contig_1	770526	771260	+	LLMDKN_001714	27.5	9.2		
contig_1	771218	771502	+	LLMDKN_001715	10.5	5.1		
contig_1	771542	771982	+	LLMDKN_001716	15.6	4.8		
contig_1	772051	772515	+	LLMDKN_001717	17.5	8.7		
contig_1	772692	773369	+	LLMDKN_001718	26.1	5.9	PF14322.12|SusD-like_3	PFAM:PF14322.12
contig_1	773338	773652	+	LLMDKN_001719	11.7	4.7		
contig_1	773624	773824	+	LLMDKN_001720	7.9	4.9		
contig_1	773833	774405	+	LLMDKN_001721	21.5	6.3	PF07980.17|SusD_RagB	PFAM:PF07980.17
contig_1	774967	775218	+	LLMDKN_001722	9.0	10.2		
contig_1	775175	775705	+	LLMDKN_001723	18.9	7.8		
contig_1	775668	775817	+	LLMDKN_001724	5.2	9.7		
contig_1	775932	776201	+	LLMDKN_001725	9.9	8.6		
contig_1	776273	776653	+	LLMDKN_001726	14.1	9.0		
contig_1	776629	777060	+	LLMDKN_001727	16.1	9.6		
contig_1	777218	777484	+	LLMDKN_001728	9.7	5.1		
contig_1	778904	779206	-	LLMDKN_001732	12.1	6.8		
contig_1	780122	780274	-	LLMDKN_001734	5.8	6.1		
contig_1	780228	780500	-	LLMDKN_001735	10.2	8.7		
contig_1	780558	780698	-	LLMDKN_001736	4.9	12.0		
contig_1	780707	780937	-	LLMDKN_001737	8.9	8.2		
contig_1	780886	781284	-	LLMDKN_001738	15.4	5.8		
contig_1	782270	782713	+	LLMDKN_001740	16.5	5.5		
contig_1	782701	782841	+	LLMDKN_001741	5.2	10.2		
contig_1	782850	783089	+	LLMDKN_001742	9.3	6.6		
contig_1	783093	783356	+	LLMDKN_001743	10.4	10.3		
contig_1	783332	783505	+	LLMDKN_001744	6.7	8.7		
contig_1	784105	784587	+	LLMDKN_001745	17.8	5.5	PF07687.19|M20_dimer	PFAM:PF07687.19
contig_1	784716	784997	+	LLMDKN_001746	10.3	9.2		
contig_1	785031	785585	+	LLMDKN_001747	20.8	4.9	PF01571.26|GCV_T	PFAM:PF01571.26
contig_1	785572	786117	+	LLMDKN_001748	19.9	9.0	PF01571.26|GCV_T, PF08669.17|GCV_T_C	PFAM:PF01571.26, PFAM:PF08669.17
contig_1	786433	786573	-	LLMDKN_001749	5.3	5.4	PF02518.31|HATPase_c	PFAM:PF02518.31
contig_1	786570	786926	-	LLMDKN_001750	14.1	4.8		
contig_1	786954	787085	-	LLMDKN_001751	5.0	5.7		
contig_1	787215	787310	-	LLMDKN_001752	3.7	6.0		
contig_1	787342	788418	-	LLMDKN_001753	41.9	8.1		
contig_1	788451	788612	-	LLMDKN_001754	5.9	10.0		
contig_1	788957	789466	+	LLMDKN_001755	19.7	7.7	PF17293.8|Arm-DNA-bind_5	PFAM:PF17293.8
contig_1	789412	790053	+	LLMDKN_001756	25.2	10.2	PF13102.12|Phage_int_SAM_5	PFAM:PF13102.12
contig_1	790639	790917	+	LLMDKN_001757	10.8	6.6		
contig_1	791000	791320	+	LLMDKN_001758	12.6	9.1		
contig_1	791543	792250	+	LLMDKN_001759	25.9	9.1		
contig_1	792196	792399	+	LLMDKN_001760	7.6	5.7		
contig_1	792511	792840	+	LLMDKN_001761	12.5	5.4		
contig_1	793264	793605	+	LLMDKN_001762	13.1	9.2	PF01807.25|Zn_ribbon_DnaG	PFAM:PF01807.25
contig_1	793925	794080	-	LLMDKN_001763	5.8	6.1		
contig_1	794062	794265	-	LLMDKN_001764	7.4	7.8		
contig_1	794414	794986	+	LLMDKN_001765	21.9	10.5		
contig_1	795041	795136	+	LLMDKN_001766	3.7	4.1		
contig_1	795182	795757	+	LLMDKN_001767	22.4	9.7		
contig_1	795876	796133	-	LLMDKN_001768	9.7	5.7	PF13505.12|OMP_b-brl	PFAM:PF13505.12
contig_1	796255	796398	-	LLMDKN_001769	5.6	9.6		
contig_1	796650	796850	-	LLMDKN_001770	7.7	9.2		
contig_1	797165	797323	-	LLMDKN_001771	5.8	4.8		
contig_1	797353	797550	-	LLMDKN_001772	7.6	9.3		
contig_1	798289	798516	-	LLMDKN_001773	8.6	5.6		
contig_1	798501	798638	-	LLMDKN_001774	5.3	9.9		
contig_1	798646	798939	-	LLMDKN_001775	11.1	8.0		
contig_1	799178	799600	-	LLMDKN_001776	16.3	9.4		
contig_1	800691	800810	-	LLMDKN_001778	4.5	9.7		
contig_1	800913	801086	-	LLMDKN_001779	6.1	4.4		
contig_1	801083	801241	-	LLMDKN_001780	5.8	6.0		
contig_1	801306	801536	-	LLMDKN_001781	8.7	10.1		
contig_1	802342	802737	-	LLMDKN_001782	15.5	8.3	PF10882.14|bPH_5	PFAM:PF10882.14
contig_1	803053	803163	-	LLMDKN_001783	4.3	12.0		
contig_1	803195	803497	-	LLMDKN_001784	11.6	4.9		
contig_1	803506	803793	-	LLMDKN_001785	11.1	4.8		
contig_1	804336	804608	-	LLMDKN_001786	10.4	8.8		
contig_1	804681	804875	-	LLMDKN_001787	7.7	5.1		
contig_1	805060	805260	-	LLMDKN_001788	6.2	9.9		
contig_1	805239	805340	-	LLMDKN_001789	3.7	6.5		
contig_1	805409	805507	-	LLMDKN_001790	3.7	6.1		
contig_1	805476	805604	-	LLMDKN_001791	4.7	5.1		
contig_1	805893	806099	-	LLMDKN_001792	7.8	10.0		
contig_1	806245	806517	-	LLMDKN_001793	10.5	8.8		
contig_1	807997	808260	-	LLMDKN_001795	10.5	7.7		
contig_1	808284	808562	+	LLMDKN_001796	11.0	6.7		
contig_1	808611	808946	-	LLMDKN_001797	12.2	11.1		
contig_1	808955	810118	+	LLMDKN_001798	43.4	8.0	PF00488.27|MutS_V	PFAM:PF00488.27
contig_1	810347	810508	+	LLMDKN_001799	6.0	8.5	PF01713.27|Smr	PFAM:PF01713.27
contig_1	810563	810931	-	LLMDKN_001800	13.9	5.1		
contig_1	810943	811224	+	LLMDKN_001801	10.8	4.3		
contig_1	811267	811647	+	LLMDKN_001802	14.9	9.0		
contig_1	811657	812319	+	LLMDKN_001803	24.7	5.5	PF03315.21|SDH_beta	PFAM:PF03315.21
contig_1	812382	812531	+	LLMDKN_001804	5.3	9.1	PF03313.21|SDH_alpha	PFAM:PF03313.21
contig_1	812546	812821	+	LLMDKN_001805	10.1	10.1	PF03313.21|SDH_alpha	PFAM:PF03313.21
contig_1	813007	813162	-	LLMDKN_001806	5.9	4.2		
contig_1	813128	813475	-	LLMDKN_001807	12.5	4.3		
contig_1	814074	814391	-	LLMDKN_001809	11.9	4.8		
contig_1	814400	814597	-	LLMDKN_001810	7.3	8.9		
contig_1	814785	815204	-	LLMDKN_001811	16.1	9.8		
contig_1	816982	817389	+	LLMDKN_001813	14.9	5.6		
contig_1	817490	817792	+	LLMDKN_001814	10.5	9.1	PF07992.20|Pyr_redox_2, PF13450.12|NAD_binding_8	PFAM:PF07992.20, PFAM:PF13450.12
contig_1	817909	818244	+	LLMDKN_001815	12.0	4.6	PF00070.33|Pyr_redox, PF07992.20|Pyr_redox_2	PFAM:PF00070.33, PFAM:PF07992.20
contig_1	818192	818440	+	LLMDKN_001816	9.1	9.9	PF07992.20|Pyr_redox_2	PFAM:PF07992.20
contig_1	818486	818923	-	LLMDKN_001817	16.8	6.2	PF03372.29|Exo_endo_phos	PFAM:PF03372.29
contig_1	818920	819492	-	LLMDKN_001818	21.5	5.3	PF03372.29|Exo_endo_phos	PFAM:PF03372.29
contig_1	819522	819662	-	LLMDKN_001819	5.3	6.7		
contig_1	819710	819931	-	LLMDKN_001820	8.3	6.2		
contig_1	820022	820255	-	LLMDKN_001821	8.8	8.7		
contig_1	820439	820663	-	LLMDKN_001822	8.8	10.0		
contig_1	820737	820994	-	LLMDKN_001823	10.2	5.1	PF12741.13|SusD-like, PF12771.13|SusD-like_2	PFAM:PF12741.13, PFAM:PF12771.13
contig_1	820945	822021	-	LLMDKN_001824	40.4	4.9	PF12741.13|SusD-like, PF12771.13|SusD-like_2	PFAM:PF12741.13, PFAM:PF12771.13
contig_1	822032	822265	-	LLMDKN_001825	8.3	9.1		
contig_1	822277	822666	-	LLMDKN_001826	14.7	6.7		
contig_1	822651	823619	-	LLMDKN_001827	37.5	8.4		
contig_1	823616	824017	-	LLMDKN_001828	14.7	7.8		
contig_1	824058	824591	-	LLMDKN_001829	20.0	9.4		
contig_1	824530	825177	-	LLMDKN_001830	22.4	5.9	PF07715.20|Plug, PF13715.12|CarbopepD_reg_2	PFAM:PF07715.20, PFAM:PF13715.12
contig_1	825216	825647	-	LLMDKN_001831	16.5	9.7		
contig_1	825836	826555	-	LLMDKN_001832	27.1	6.0	PF16344.10|FecR_C	PFAM:PF16344.10
contig_1	827071	827202	-	LLMDKN_001833	4.7	6.0		
contig_1	827272	827415	-	LLMDKN_001834	5.4	6.5		
contig_1	827448	828215	-	LLMDKN_001835	28.8	6.4	PF04616.20|Glyco_hydro_43	PFAM:PF04616.20
contig_1	828212	828442	-	LLMDKN_001836	8.1	10.4		
contig_1	828439	828702	-	LLMDKN_001837	10.5	9.7	PF04545.22|Sigma70_r4, PF08281.18|Sigma70_r4_2	PFAM:PF04545.22, PFAM:PF08281.18
contig_1	828764	828922	-	LLMDKN_001838	6.2	9.4		
contig_1	829180	829599	+	LLMDKN_001839	15.5	9.9		
contig_1	829631	830158	+	LLMDKN_001840	20.9	5.0	PF01055.32|Glyco_hydro_31_2nd	PFAM:PF01055.32
contig_1	830137	830916	+	LLMDKN_001841	31.0	6.0	PF01055.32|Glyco_hydro_31_2nd, PF21365.3|Glyco_hydro_31_3rd	PFAM:PF01055.32, PFAM:PF21365.3
contig_1	830892	831065	+	LLMDKN_001842	6.4	5.0	PF21365.3|Glyco_hydro_31_3rd	PFAM:PF21365.3
contig_1	831062	831193	+	LLMDKN_001843	4.8	4.4		
contig_1	831259	831450	+	LLMDKN_001844	6.9	4.5		
contig_1	831451	831711	+	LLMDKN_001845	10.1	8.5		
contig_1	831678	831857	+	LLMDKN_001846	7.0	5.6		
contig_1	833216	833389	+	LLMDKN_001848	6.3	5.0		
contig_1	833484	833918	-	LLMDKN_001849	16.7	6.4		
contig_1	833912	834169	-	LLMDKN_001850	9.3	4.1	PF02254.24|TrkA_N, PF03446.21|NAD_binding_2	PFAM:PF02254.24, PFAM:PF03446.21
contig_1	834185	834631	-	LLMDKN_001851	16.0	9.8		
contig_1	834637	835146	-	LLMDKN_001852	20.3	10.5		
contig_1	835174	836001	-	LLMDKN_001853	30.9	8.9		
contig_1	836386	836562	+	LLMDKN_001854	6.8	9.8		
contig_1	836625	836849	+	LLMDKN_001855	8.2	9.5		
contig_1	837657	837785	+	LLMDKN_001857	4.3	9.4		
contig_1	837942	838325	+	LLMDKN_001858	14.4	4.9	PF01261.30|AP_endonuc_2	PFAM:PF01261.30
contig_1	838295	838495	+	LLMDKN_001859	7.8	5.0	PF01261.30|AP_endonuc_2	PFAM:PF01261.30
contig_1	838509	838988	-	LLMDKN_001860	18.6	6.8	PF02080.26|TrkA_C	PFAM:PF02080.26
contig_1	839006	839185	-	LLMDKN_001861	6.4	4.8		
contig_1	839316	839522	-	LLMDKN_001862	7.5	7.8		
contig_1	839497	839781	-	LLMDKN_001863	10.1	7.7		
contig_1	839814	840146	-	LLMDKN_001864	12.9	6.8		
contig_1	840476	841252	+	LLMDKN_001865	29.2	5.5	PF04326.19|SLFN_AlbA_2	PFAM:PF04326.19
contig_1	841215	842018	+	LLMDKN_001866	30.4	5.9	PF08279.18|HTH_11, PF13412.12|HTH_24, PF13749.12|HATPase_c_4	PFAM:PF08279.18, PFAM:PF13412.12, PFAM:PF13749.12
contig_1	842136	842432	+	LLMDKN_001867	11.0	6.7		
contig_1	842447	842608	+	LLMDKN_001868	5.9	4.1		
contig_1	842775	843200	+	LLMDKN_001869	16.5	9.7		
contig_1	843324	843548	+	LLMDKN_001870	8.7	6.3		
contig_1	843518	844027	+	LLMDKN_001871	18.8	9.9	PF00176.29|SNF2-rel_dom	PFAM:PF00176.29
contig_1	844182	844718	+	LLMDKN_001872	20.8	5.2		
contig_1	844715	845047	+	LLMDKN_001873	13.5	8.8		
contig_1	845007	845876	+	LLMDKN_001874	33.1	5.9	PF00271.37|Helicase_C, PF22590.2|Cas3-like_C_2	PFAM:PF00271.37, PFAM:PF22590.2
contig_1	845818	846048	+	LLMDKN_001875	8.6	10.0		
contig_1	846089	846247	+	LLMDKN_001876	5.8	4.6		
contig_1	846259	846456	+	LLMDKN_001877	7.9	4.9		
contig_1	846453	846767	+	LLMDKN_001878	12.4	6.1		
contig_1	846764	847840	+	LLMDKN_001879	41.3	5.9		
contig_1	847934	848071	+	LLMDKN_001880	5.1	9.4		
contig_1	848062	848343	+	LLMDKN_001881	10.8	6.3	PF07669.17|Eco57I	PFAM:PF07669.17
contig_1	848601	848795	+	LLMDKN_001882	7.7	9.2		
contig_1	848920	849258	+	LLMDKN_001883	13.4	4.3		
contig_1	849351	849785	-	LLMDKN_001884	17.0	7.8		
contig_1	850953	851201	-	LLMDKN_001886	9.4	6.2		
contig_1	851173	851472	-	LLMDKN_001887	11.5	8.6	PF07669.17|Eco57I	PFAM:PF07669.17
contig_1	851710	851904	-	LLMDKN_001888	7.3	9.8		
contig_1	852030	852263	+	LLMDKN_001889	8.9	10.5		
contig_1	852362	852604	-	LLMDKN_001890	9.3	9.4		
contig_1	852606	852941	-	LLMDKN_001891	13.2	9.3		
contig_1	852913	853011	-	LLMDKN_001892	3.7	5.1		
contig_1	853011	853454	-	LLMDKN_001893	16.7	9.7		
contig_1	853533	853649	-	LLMDKN_001894	4.6	9.4	PF03432.20|Relaxase	PFAM:PF03432.20
contig_1	853649	853858	-	LLMDKN_001895	7.8	10.4		
contig_1	853897	854205	-	LLMDKN_001896	11.5	6.5		
contig_1	854315	855451	-	LLMDKN_001897	43.1	8.3		
contig_1	855489	855698	-	LLMDKN_001898	7.7	4.5		
contig_1	855665	856456	-	LLMDKN_001899	30.2	5.4	PF08707.16|PriCT_2, PF08800.15|BT4734-like_N	PFAM:PF08707.16, PFAM:PF08800.15
contig_1	856526	856798	-	LLMDKN_001900	10.6	4.9		
contig_1	857396	857635	-	LLMDKN_001902	9.1	9.6		
contig_1	857632	858642	-	LLMDKN_001903	38.6	9.6	PF13102.12|Phage_int_SAM_5, PF17293.8|Arm-DNA-bind_5	PFAM:PF13102.12, PFAM:PF17293.8
contig_1	859388	860161	-	LLMDKN_001905	27.4	4.8		
contig_1	860215	860466	-	LLMDKN_001906	8.9	9.1		
contig_1	860516	860821	-	LLMDKN_001907	11.0	4.3		
contig_1	860872	861162	-	LLMDKN_001908	11.0	9.0		
contig_1	861189	861308	-	LLMDKN_001909	4.0	4.9		
contig_1	861712	862119	-	LLMDKN_001910	16.1	7.7	PF02357.24|NusG	PFAM:PF02357.24
contig_1	862369	862506	-	LLMDKN_001911	5.4	8.7		
contig_1	862547	862798	-	LLMDKN_001912	9.7	10.2	PF10531.15|SLBB	PFAM:PF10531.15
contig_1	862795	863244	-	LLMDKN_001913	16.9	9.8	PF10531.15|SLBB	PFAM:PF10531.15
contig_1	863205	863447	-	LLMDKN_001914	9.1	4.7		
contig_1	863544	863756	-	LLMDKN_001915	8.1	5.3		
contig_1	863717	864244	-	LLMDKN_001916	19.2	8.7		
contig_1	864300	864413	-	LLMDKN_001917	4.3	9.6		SO:0001217, UniRef:UniRef50_I9VY59
contig_1	865159	865965	+	LLMDKN_001918	30.5	5.9	PF01497.23|Peripla_BP_2	PFAM:PF01497.23
contig_1	865999	866967	+	LLMDKN_001919	34.8	9.2		
contig_1	867061	867204	-	LLMDKN_001920	5.0	5.0		
contig_1	867278	867544	-	LLMDKN_001921	9.8	9.6		
contig_1	867546	867839	-	LLMDKN_001922	10.1	4.8	PF03724.22|META	PFAM:PF03724.22
contig_1	868291	868593	+	LLMDKN_001923	11.9	9.3		
contig_1	868717	868968	+	LLMDKN_001924	9.6	9.8		
contig_1	868965	869204	+	LLMDKN_001925	9.2	8.8		
contig_1	869327	869512	+	LLMDKN_001926	6.5	9.7		
contig_1	869494	869964	+	LLMDKN_001927	17.8	4.6		
contig_1	869925	870425	+	LLMDKN_001928	19.4	6.8	PF16653.10|Sacchrp_dh_C	PFAM:PF16653.10
contig_1	870370	870519	+	LLMDKN_001929	5.8	4.5		
contig_1	870631	870843	+	LLMDKN_001930	8.0	7.7	PF00578.27|AhpC-TSA, PF08534.16|Redoxin	PFAM:PF00578.27, PFAM:PF08534.16
contig_1	870870	871052	+	LLMDKN_001931	6.9	9.5		
contig_1	871151	871447	+	LLMDKN_001932	10.3	5.8		
contig_1	872172	872399	-	LLMDKN_001934	8.8	4.4		
contig_1	872531	872665	+	LLMDKN_001935	5.2	5.7	PF04542.20|Sigma70_r2	PFAM:PF04542.20
contig_1	872727	873047	+	LLMDKN_001936	12.5	8.7	PF04545.22|Sigma70_r4, PF08281.18|Sigma70_r4_2	PFAM:PF04545.22, PFAM:PF08281.18
contig_1	873241	873555	+	LLMDKN_001937	12.2	9.8		
contig_1	873562	873720	+	LLMDKN_001938	6.1	9.6		
contig_1	873717	873896	+	LLMDKN_001939	6.8	9.6		
contig_1	873930	874121	+	LLMDKN_001940	7.3	7.8		
contig_1	874118	874222	+	LLMDKN_001941	3.8	4.1		
contig_1	874467	874772	-	LLMDKN_001942	11.1	9.2		
contig_1	874759	875103	-	LLMDKN_001943	12.1	8.7		
contig_1	875686	876084	-	LLMDKN_001944	15.7	9.0		
contig_1	877127	877543	+	LLMDKN_001946	15.4	6.1		
contig_1	877997	878515	+	LLMDKN_001947	19.9	5.4	PF17871.7|AAA_lid_9	PFAM:PF17871.7
contig_1	878515	878640	+	LLMDKN_001948	4.8	6.2		
contig_1	878678	879004	+	LLMDKN_001949	11.9	5.2		
contig_1	879017	879322	+	LLMDKN_001950	11.4	6.1	PF07724.20|AAA_2, PF07728.20|AAA_5	PFAM:PF07724.20, PFAM:PF07728.20
contig_1	879370	879459	+	LLMDKN_001951	3.6	9.5		
contig_1	879498	879629	+	LLMDKN_001952	4.7	5.0	PF10431.15|ClpB_D2-small	PFAM:PF10431.15
contig_1	879798	880145	-	LLMDKN_001953	13.0	6.7		
contig_1	880537	880884	-	LLMDKN_001954	13.0	4.7	PF21186.2|DUF6852	PFAM:PF21186.2
contig_1	880923	881279	-	LLMDKN_001955	13.8	4.9	PF01121.26|CoaE	PFAM:PF01121.26
contig_1	881267	881590	-	LLMDKN_001956	11.8	8.8	PF01121.26|CoaE	PFAM:PF01121.26
contig_1	881793	881984	-	LLMDKN_001957	6.9	8.1		
contig_1	881974	882282	-	LLMDKN_001958	11.4	7.9		
contig_1	882449	882595	-	LLMDKN_001959	6.1	9.9		
contig_1	882970	883206	-	LLMDKN_001961	8.7	6.2	PF01029.23|NusB	PFAM:PF01029.23
contig_1	883226	883918	-	LLMDKN_001962	27.2	6.8		
contig_1	884127	884255	+	LLMDKN_001963	4.9	10.2		
contig_1	884630	884857	+	LLMDKN_001964	8.3	9.6	PF01386.24|Ribosomal_L25p	PFAM:PF01386.24
contig_1	884854	885225	+	LLMDKN_001965	13.2	9.2	PF01386.24|Ribosomal_L25p, PF14693.11|Ribosomal_TL5_C	PFAM:PF01386.24, PFAM:PF14693.11
contig_1	885330	885602	+	LLMDKN_001966	10.2	9.4	PF01195.25|Pept_tRNA_hydro	PFAM:PF01195.25
contig_1	885690	886157	+	LLMDKN_001967	18.1	9.7	PF01195.25|Pept_tRNA_hydro	PFAM:PF01195.25
contig_1	886154	886408	+	LLMDKN_001968	9.7	10.3		
contig_1	886455	886805	-	LLMDKN_001969	13.0	5.7		
contig_1	886832	887056	-	LLMDKN_001970	8.0	5.1		
contig_1	887278	887763	-	LLMDKN_001971	17.3	4.1		
contig_1	887732	888601	-	LLMDKN_001972	31.4	5.0		
contig_1	888598	888855	-	LLMDKN_001973	8.8	8.6		
contig_1	889541	889738	-	LLMDKN_001975	7.7	8.9		
contig_1	889828	889962	-	LLMDKN_001976	4.6	10.4		
contig_1	889962	890408	-	LLMDKN_001977	16.9	4.9	PF10566.15|Glyco_hydro_97, PF14509.12|GH97_C	PFAM:PF10566.15, PFAM:PF14509.12
contig_1	890412	890588	-	LLMDKN_001978	6.4	9.0	PF10566.15|Glyco_hydro_97	PFAM:PF10566.15
contig_1	890609	891367	-	LLMDKN_001979	29.0	5.1	PF10566.15|Glyco_hydro_97, PF14508.12|GH97_N	PFAM:PF10566.15, PFAM:PF14508.12
contig_1	891364	891648	-	LLMDKN_001980	11.2	6.7	PF14508.12|GH97_N	PFAM:PF14508.12
contig_1	891716	891943	-	LLMDKN_001981	8.1	6.2	PF14508.12|GH97_N	PFAM:PF14508.12
contig_1	892170	892259	+	LLMDKN_001982	3.1	8.3		
contig_1	892316	892558	+	LLMDKN_001983	8.7	5.5		
contig_1	892567	893265	+	LLMDKN_001984	26.3	6.9	PF00805.28|Pentapeptide, PF13576.12|Pentapeptide_3, PF13599.12|Pentapeptide_4, PF23894.2|LD_SV2	PFAM:PF00805.28, PFAM:PF13576.12, PFAM:PF13599.12, PFAM:PF23894.2
contig_1	893379	893813	+	LLMDKN_001985	15.1	6.1	PF03952.21|Enolase_N	PFAM:PF03952.21
contig_1	893810	893986	+	LLMDKN_001986	6.6	9.5	PF00113.28|Enolase_C	PFAM:PF00113.28
contig_1	893967	894251	+	LLMDKN_001987	10.3	5.0	PF00113.28|Enolase_C	PFAM:PF00113.28
contig_1	894248	894397	+	LLMDKN_001988	5.7	4.9	PF00113.28|Enolase_C	PFAM:PF00113.28
contig_1	894339	894668	+	LLMDKN_001989	12.0	9.4	PF00113.28|Enolase_C	PFAM:PF00113.28
contig_1	894910	895377	-	LLMDKN_001990	18.0	9.6		
contig_1	895683	895940	-	LLMDKN_001991	9.9	9.0	PF17170.10|DUF5128	PFAM:PF17170.10
contig_1	895885	896067	-	LLMDKN_001992	6.6	8.8		
contig_1	896354	896584	+	LLMDKN_001993	8.5	5.1		
contig_1	897180	897407	+	LLMDKN_001994	8.9	9.4	PF20893.2|DUF6845	PFAM:PF20893.2
contig_1	897474	897644	+	LLMDKN_001995	6.4	5.6	PF22219.1|DUF3829_2nd	PFAM:PF22219.1
contig_1	897860	898081	+	LLMDKN_001996	8.4	9.4		
contig_1	898324	898506	+	LLMDKN_001997	6.8	4.4	PF01575.25|MaoC_dehydratas	PFAM:PF01575.25
contig_1	898463	898789	+	LLMDKN_001998	12.3	9.6	PF01575.25|MaoC_dehydratas	PFAM:PF01575.25
contig_1	898892	899140	-	LLMDKN_001999	9.5	6.8		
contig_1	899171	899473	+	LLMDKN_002000	11.8	5.7	PF01814.28|Hemerythrin	PFAM:PF01814.28
contig_1	899433	899681	+	LLMDKN_002001	9.6	5.0	PF01814.28|Hemerythrin	PFAM:PF01814.28
contig_1	900019	900189	+	LLMDKN_002002	6.7	9.4		
contig_1	900179	900457	-	LLMDKN_002003	10.2	9.0		
contig_1	900698	900886	-	LLMDKN_002004	7.0	9.5		
contig_1	900972	901199	-	LLMDKN_002005	8.9	11.3		
contig_1	901332	902393	-	LLMDKN_002006	39.2	4.7		
contig_1	903119	904456	-	LLMDKN_002007	49.8	4.8	PF00041.27|fn3, PF00404.24|Dockerin_1, PF00754.31|F5_F8_type_C, PF22633.2|F5_F8_type_C_2	PFAM:PF00041.27, PFAM:PF00404.24, PFAM:PF00754.31, PFAM:PF22633.2
contig_1	904565	905110	-	LLMDKN_002008	20.2	8.7		
contig_1	905263	906123	-	LLMDKN_002009	31.8	6.0	PF01055.32|Glyco_hydro_31_2nd	PFAM:PF01055.32
contig_1	906124	906444	-	LLMDKN_002010	12.0	7.9		
contig_1	906486	906986	-	LLMDKN_002011	18.6	7.8		
contig_1	907402	907794	+	LLMDKN_002012	15.2	7.8		
contig_1	907880	908173	+	LLMDKN_002013	11.3	5.9	PF01555.25|N6_N4_Mtase	PFAM:PF01555.25
contig_1	908170	908388	+	LLMDKN_002014	7.6	4.7		
contig_1	908677	908793	+	LLMDKN_002015	4.2	9.8		
contig_1	908834	909010	+	LLMDKN_002016	6.6	8.8		
contig_1	909007	909375	+	LLMDKN_002017	14.0	4.4		
contig_1	910178	910330	+	LLMDKN_002019	5.5	9.4		
contig_1	910344	910901	+	LLMDKN_002020	21.6	5.5		
contig_1	911085	911222	+	LLMDKN_002021	5.0	4.8		
contig_1	911258	911611	+	LLMDKN_002022	13.8	4.9		
contig_1	911605	911961	+	LLMDKN_002023	13.3	9.2		
contig_1	912119	912445	+	LLMDKN_002024	12.7	8.5	PF19778.5|RE_endonuc	PFAM:PF19778.5
contig_1	912447	912947	+	LLMDKN_002025	18.5	9.4		
contig_1	912964	913152	+	LLMDKN_002026	7.5	9.7		
contig_1	913231	913779	+	LLMDKN_002027	20.4	9.0		
contig_1	913663	913947	-	LLMDKN_002028	10.6	9.8		
contig_1	914079	914936	+	LLMDKN_002029	32.9	6.7	PF13508.13|Acetyltransf_7, PF13673.13|Acetyltransf_10, PF13880.12|Acetyltransf_13	PFAM:PF13508.13, PFAM:PF13673.13, PFAM:PF13880.12
contig_1	915039	915974	+	LLMDKN_002030	35.2	9.9		
contig_1	915913	916200	-	LLMDKN_002031	10.9	4.2		
contig_1	916299	916532	+	LLMDKN_002032	8.5	4.6		
contig_1	916504	916914	+	LLMDKN_002033	15.4	6.4		
contig_1	916911	917222	+	LLMDKN_002034	11.3	8.0		
contig_1	917409	917717	+	LLMDKN_002035	12.2	9.9		
contig_1	917698	917874	+	LLMDKN_002036	6.9	9.7		
contig_1	918214	918408	-	LLMDKN_002038	7.4	8.9		
contig_1	918428	918790	-	LLMDKN_002039	14.0	9.1	PF00165.29|HTH_AraC, PF12833.13|HTH_18	PFAM:PF00165.29, PFAM:PF12833.13
contig_1	918763	918951	-	LLMDKN_002040	7.6	9.0		
contig_1	918948	919241	-	LLMDKN_002041	11.2	5.0	PF02311.25|AraC_binding	PFAM:PF02311.25
contig_1	919455	919628	-	LLMDKN_002042	6.3	9.3		
contig_1	919577	919870	-	LLMDKN_002043	10.6	8.6		
contig_1	919816	919989	-	LLMDKN_002044	6.4	10.1		
contig_1	919983	920372	-	LLMDKN_002045	13.7	4.2		
contig_1	920348	921013	-	LLMDKN_002046	25.1	8.5		
contig_1	921098	921229	+	LLMDKN_002047	4.9	7.9		
contig_1	921358	921714	-	LLMDKN_002048	13.0	6.9		
contig_1	921756	921866	-	LLMDKN_002049	4.2	10.3		
contig_1	922111	922644	+	LLMDKN_002050	19.7	6.4		
contig_1	922824	923216	+	LLMDKN_002051	14.6	7.8		
contig_1	923200	923388	+	LLMDKN_002052	6.4	5.3		
contig_1	923512	923706	+	LLMDKN_002053	7.3	8.2		
contig_1	923967	925229	+	LLMDKN_002054	47.5	5.2	PF01841.26|Transglut_core	PFAM:PF01841.26
contig_1	925223	926248	+	LLMDKN_002055	37.8	5.4		
contig_1	926229	926735	+	LLMDKN_002056	19.1	9.8		
contig_1	926967	927200	-	LLMDKN_002057	9.1	5.1		
contig_1	927553	927777	-	LLMDKN_002058	8.8	9.3	PF11799.13|IMS_C	PFAM:PF11799.13
contig_1	927851	928099	-	LLMDKN_002059	9.2	5.1		
contig_1	928537	928836	-	LLMDKN_002061	11.5	9.6	PF00165.29|HTH_AraC, PF12833.13|HTH_18, PF13384.12|HTH_23	PFAM:PF00165.29, PFAM:PF12833.13, PFAM:PF13384.12
contig_1	928820	929068	-	LLMDKN_002062	9.6	9.8		
contig_1	929080	929286	-	LLMDKN_002063	7.4	5.1		
contig_1	929264	929515	-	LLMDKN_002064	9.6	9.0		
contig_1	929663	929818	-	LLMDKN_002065	5.9	8.8		
contig_1	929828	930769	-	LLMDKN_002066	35.6	8.9	PF07495.19|Y_Y_Y	PFAM:PF07495.19
contig_1	930747	931457	-	LLMDKN_002067	26.6	5.0	PF07494.17|Reg_prop	PFAM:PF07494.17
contig_1	931626	931847	-	LLMDKN_002068	8.3	7.9		
contig_1	931844	932272	-	LLMDKN_002069	16.4	8.5		
contig_1	934763	935104	+	LLMDKN_002072	12.6	8.7		
contig_1	935170	935607	+	LLMDKN_002073	16.7	7.7		
contig_1	935549	936028	+	LLMDKN_002074	18.8	9.7		
contig_1	936120	936470	-	LLMDKN_002075	12.8	9.6	PF01551.29|Peptidase_M23	PFAM:PF01551.29
contig_1	936627	936815	-	LLMDKN_002076	6.7	4.9		
contig_1	936844	937089	+	LLMDKN_002077	9.3	11.2		
contig_1	936978	937214	-	LLMDKN_002078	9.2	9.4		
contig_1	937211	937312	-	LLMDKN_002079	4.3	8.9		
contig_1	937312	937683	-	LLMDKN_002080	13.9	5.9		
contig_1	937808	937942	-	LLMDKN_002081	5.1	5.4		
contig_1	938101	938364	-	LLMDKN_002082	10.2	5.0		
contig_1	938322	938807	-	LLMDKN_002083	17.9	4.7	PF02421.24|FeoB_N	PFAM:PF02421.24
contig_1	938804	939337	-	LLMDKN_002084	19.5	8.4	PF01018.28|GTP1_OBG	PFAM:PF01018.28
contig_1	940778	940969	+	LLMDKN_002087	7.3	10.0		
contig_1	941020	941385	+	LLMDKN_002088	13.3	9.6	PF07715.20|Plug	PFAM:PF07715.20
contig_1	941502	941732	+	LLMDKN_002089	9.0	5.7		
contig_1	941829	942185	+	LLMDKN_002090	13.4	8.5		
contig_1	942182	942700	+	LLMDKN_002091	19.9	7.0	PF00593.30|TonB_dep_Rec_b-barrel	PFAM:PF00593.30
contig_1	942865	943062	+	LLMDKN_002092	7.2	6.1		
contig_1	943097	943510	+	LLMDKN_002093	15.4	10.3		
contig_1	943529	943846	+	LLMDKN_002094	12.7	9.9		
contig_1	943999	944631	+	LLMDKN_002095	23.7	10.5		
contig_1	945219	945428	-	LLMDKN_002096	8.2	7.8		
contig_1	945490	945708	-	LLMDKN_002097	8.4	9.1		
contig_1	945723	945983	-	LLMDKN_002098	10.1	6.0		
contig_1	946140	946343	-	LLMDKN_002099	7.4	9.5		
contig_1	946472	946864	-	LLMDKN_002100	14.4	9.0		
contig_1	946887	947333	-	LLMDKN_002101	16.7	9.9		
contig_1	947622	947909	-	LLMDKN_002102	11.0	5.0	PF00535.33|Glycos_transf_2	PFAM:PF00535.33
contig_1	948053	948274	-	LLMDKN_002103	8.1	5.1	PF13692.12|Glyco_trans_1_4	PFAM:PF13692.12
contig_1	948862	949050	+	LLMDKN_002104	7.5	9.6		
contig_1	949107	949208	+	LLMDKN_002105	3.9	6.5		
contig_1	949257	949682	-	LLMDKN_002106	16.6	6.4		
contig_1	949657	950001	-	LLMDKN_002107	12.7	6.1		
contig_1	950157	950486	-	LLMDKN_002108	12.1	5.7	PF13692.12|Glyco_trans_1_4	PFAM:PF13692.12
contig_1	950434	950727	-	LLMDKN_002109	11.1	6.5		
contig_1	950717	951058	-	LLMDKN_002110	13.7	9.7		
contig_1	951125	951400	-	LLMDKN_002111	10.2	5.3	PF03720.21|UDPG_MGDP_dh_C	PFAM:PF03720.21
contig_1	951432	951995	-	LLMDKN_002112	20.7	9.0	PF00984.24|UDPG_MGDP_dh	PFAM:PF00984.24
contig_1	952493	952906	-	LLMDKN_002113	16.1	9.2		
contig_1	953816	953959	+	LLMDKN_002114	5.6	9.9		
contig_1	954236	954634	-	LLMDKN_002115	15.7	9.8		
contig_1	954615	954977	-	LLMDKN_002116	13.4	7.7	PF00132.30|Hexapep	PFAM:PF00132.30
contig_1	955082	955555	-	LLMDKN_002117	18.7	9.5		
contig_1	955634	955978	-	LLMDKN_002118	12.8	8.0	PF02522.19|Antibiotic_NAT	PFAM:PF02522.19
contig_1	955939	956079	-	LLMDKN_002119	5.5	5.0		
contig_1	956066	956437	-	LLMDKN_002120	13.9	7.8		
contig_1	956422	956964	-	LLMDKN_002121	20.3	5.1	PF03328.21|HpcH_HpaI	PFAM:PF03328.21
contig_1	957607	957819	-	LLMDKN_002123	8.2	8.8		
contig_1	957979	958197	-	LLMDKN_002124	8.3	8.0		
contig_1	958200	958601	-	LLMDKN_002125	16.0	9.1		
contig_1	958623	958904	-	LLMDKN_002126	10.3	5.0		
contig_1	959118	959393	-	LLMDKN_002127	10.0	4.1		
contig_1	959685	960026	-	LLMDKN_002128	12.8	9.2		
contig_1	959972	960202	-	LLMDKN_002129	9.3	8.1	PF02357.24|NusG	PFAM:PF02357.24
contig_1	960905	961186	-	LLMDKN_002130	10.8	6.1	PF08241.18|Methyltransf_11	PFAM:PF08241.18
contig_1	961234	961542	-	LLMDKN_002131	11.4	9.5	PF08241.18|Methyltransf_11, PF08242.18|Methyltransf_12, PF13649.12|Methyltransf_25, PF13847.12|Methyltransf_31	PFAM:PF08241.18, PFAM:PF08242.18, PFAM:PF13649.12, PFAM:PF13847.12
contig_1	961763	962059	+	LLMDKN_002132	10.8	9.7		
contig_1	962056	962202	+	LLMDKN_002133	5.2	5.8		
contig_1	962169	962699	+	LLMDKN_002134	19.7	8.0		
contig_1	962711	963169	+	LLMDKN_002135	17.8	9.5		
contig_1	963304	963582	+	LLMDKN_002136	10.1	4.9	PF03853.21|YjeF_N	PFAM:PF03853.21
contig_1	963737	964003	+	LLMDKN_002137	9.6	5.5		
contig_1	964184	964705	+	LLMDKN_002138	18.8	9.6	PF01256.23|Carb_kinase	PFAM:PF01256.23
contig_1	964865	965203	+	LLMDKN_002139	12.5	9.2		
contig_1	965334	965477	+	LLMDKN_002140	5.5	5.3		
contig_1	965470	965610	+	LLMDKN_002141	5.2	8.1		
contig_1	965628	965822	+	LLMDKN_002142	7.1	6.2		
contig_1	965905	966105	-	LLMDKN_002143	7.7	5.0		
contig_1	966044	966256	-	LLMDKN_002144	7.6	7.7		
contig_1	966263	966880	-	LLMDKN_002145	22.5	9.1		
contig_1	966918	967181	-	LLMDKN_002146	9.7	5.6		
contig_1	967202	967405	-	LLMDKN_002147	7.0	8.8		
contig_1	967440	967652	-	LLMDKN_002148	7.9	6.1		
contig_1	967821	968201	-	LLMDKN_002149	13.3	4.6		
contig_1	968354	968647	-	LLMDKN_002150	11.0	4.5		
contig_1	968622	968783	-	LLMDKN_002151	6.2	5.7		
contig_1	968753	968971	-	LLMDKN_002152	8.7	9.3		
contig_1	969597	970202	-	LLMDKN_002154	23.0	5.1		
contig_1	970222	970458	-	LLMDKN_002155	8.4	7.9	PF00158.32|Sigma54_activat	PFAM:PF00158.32
contig_1	970424	970717	-	LLMDKN_002156	10.8	7.8	PF00158.32|Sigma54_activat	PFAM:PF00158.32
contig_1	970742	971485	-	LLMDKN_002157	27.2	5.4		
contig_1	971541	971840	-	LLMDKN_002158	10.9	6.7		
contig_1	971845	972372	-	LLMDKN_002159	20.2	5.6		
contig_1	972398	972865	-	LLMDKN_002160	17.5	8.7		
contig_1	972970	973281	-	LLMDKN_002161	11.6	5.6		
contig_1	973232	973888	-	LLMDKN_002162	24.6	6.2	PF04055.27|Radical_SAM	PFAM:PF04055.27
contig_1	973875	974006	-	LLMDKN_002163	4.9	8.0	PF21016.3|RlmN_N	PFAM:PF21016.3
contig_1	974187	975164	-	LLMDKN_002164	35.8	6.9	PF13145.12|Rotamase_2	PFAM:PF13145.12
contig_1	975115	975750	-	LLMDKN_002165	23.4	5.1	PF13616.12|Rotamase_3	PFAM:PF13616.12
contig_1	975728	975967	-	LLMDKN_002166	9.2	9.2		
contig_1	975964	976284	-	LLMDKN_002167	12.2	6.1	PF13623.11|SurA_N_2, PF13624.11|SurA_N_3	PFAM:PF13623.11, PFAM:PF13624.11
contig_1	976448	976585	-	LLMDKN_002168	5.2	9.8	PF03471.22|CorC_HlyC	PFAM:PF03471.22
contig_1	976722	977231	-	LLMDKN_002169	19.1	4.7	PF00571.33|CBS	PFAM:PF00571.33
contig_1	977228	977533	-	LLMDKN_002170	11.2	8.8	PF01595.25|CNNM	PFAM:PF01595.25
contig_1	977488	977754	-	LLMDKN_002171	10.4	9.9		
contig_1	977714	978043	-	LLMDKN_002172	12.7	4.9		
contig_1	978329	978742	-	LLMDKN_002173	15.5	10.0		
contig_1	978752	979318	-	LLMDKN_002174	20.7	5.3		
contig_1	979272	979655	-	LLMDKN_002175	14.4	8.9		
contig_1	979701	979874	-	LLMDKN_002176	6.3	10.5		
contig_1	979871	980242	-	LLMDKN_002177	14.0	6.1		
contig_1	980235	980459	-	LLMDKN_002178	8.5	9.9		
contig_1	980417	980617	-	LLMDKN_002179	7.0	7.8		
contig_1	980577	980978	-	LLMDKN_002180	14.7	7.8		
contig_1	981108	981359	-	LLMDKN_002181	9.4	9.1		
contig_1	981370	981699	-	LLMDKN_002182	12.0	4.4		
contig_1	982027	982320	+	LLMDKN_002183	11.0	9.9		
contig_1	982345	982767	+	LLMDKN_002184	17.0	6.1		
contig_1	982682	982885	-	LLMDKN_002185	6.9	4.1		
contig_1	983600	984037	+	LLMDKN_002186	15.7	5.9		
contig_1	984034	984690	+	LLMDKN_002187	25.5	5.0		
contig_1	984766	985038	+	LLMDKN_002188	9.8	10.4		
contig_1	985148	985441	+	LLMDKN_002189	11.3	10.3		
contig_1	985470	985961	+	LLMDKN_002190	18.3	6.2	PF07517.20|SecA_DEAD	PFAM:PF07517.20
contig_1	985930	986304	+	LLMDKN_002191	14.3	5.9	PF07517.20|SecA_DEAD	PFAM:PF07517.20
contig_1	986301	986675	+	LLMDKN_002192	14.1	5.4		
contig_1	986659	987183	+	LLMDKN_002193	20.0	5.5	PF01043.26|SecA_PP_bind, PF07517.20|SecA_DEAD, PF21090.3|P-loop_SecA	PFAM:PF01043.26, PFAM:PF07517.20, PFAM:PF21090.3
contig_1	987140	987826	+	LLMDKN_002194	25.7	8.4	PF21090.3|P-loop_SecA	PFAM:PF21090.3
contig_1	987819	988433	+	LLMDKN_002195	23.8	6.4		
contig_1	988610	988819	+	LLMDKN_002196	7.8	7.8		
contig_1	988857	989258	+	LLMDKN_002197	15.2	9.1	PF19867.5|DUF6340	PFAM:PF19867.5
contig_1	989255	989449	+	LLMDKN_002198	7.5	9.0	PF19867.5|DUF6340	PFAM:PF19867.5
contig_1	989461	989670	+	LLMDKN_002199	8.1	5.1		
contig_1	989777	989950	+	LLMDKN_002200	6.4	10.3		
contig_1	990019	990222	+	LLMDKN_002201	7.7	4.3		
contig_1	990456	990548	-	LLMDKN_002202	3.5	9.5		
contig_1	990591	991343	-	LLMDKN_002203	27.6	4.9		
contig_1	991282	991584	-	LLMDKN_002204	10.8	8.7		
contig_1	991581	991811	-	LLMDKN_002205	8.2	5.6		
contig_1	992077	992466	-	LLMDKN_002206	14.2	4.9		
contig_1	992424	992714	-	LLMDKN_002207	10.6	4.7		
contig_1	992690	992866	-	LLMDKN_002208	7.0	6.0		
contig_1	992833	993243	-	LLMDKN_002209	14.8	6.1		
contig_1	993183	993563	-	LLMDKN_002210	13.8	8.5		
contig_1	993634	993978	-	LLMDKN_002211	13.4	11.2	PF07980.17|SusD_RagB	PFAM:PF07980.17
contig_1	993954	994214	-	LLMDKN_002212	10.0	4.9	PF07980.17|SusD_RagB	PFAM:PF07980.17
contig_1	994271	994759	-	LLMDKN_002213	18.0	6.7		
contig_1	995117	995254	-	LLMDKN_002214	5.2	6.5		
contig_1	995261	995809	-	LLMDKN_002215	20.7	7.8		
contig_1	995857	996147	+	LLMDKN_002216	11.3	9.7		
contig_1	996101	996496	-	LLMDKN_002217	14.7	9.4	PF00593.30|TonB_dep_Rec_b-barrel	PFAM:PF00593.30
contig_1	996451	996876	-	LLMDKN_002218	15.9	5.3		
contig_1	996842	997180	-	LLMDKN_002219	12.5	8.9		
contig_1	997156	997764	-	LLMDKN_002220	22.4	8.4	PF07715.20|Plug	PFAM:PF07715.20
contig_1	997734	997991	-	LLMDKN_002221	8.8	9.5	PF07715.20|Plug	PFAM:PF07715.20
contig_1	997955	998257	-	LLMDKN_002222	11.1	9.0	PF13620.12|CarboxypepD_reg, PF13715.12|CarbopepD_reg_2	PFAM:PF13620.12, PFAM:PF13715.12
contig_1	998797	999081	-	LLMDKN_002223	11.2	11.5	PF16344.10|FecR_C	PFAM:PF16344.10
contig_1	999023	999256	-	LLMDKN_002224	8.9	6.0		
contig_1	999262	999810	-	LLMDKN_002225	21.1	5.5		
contig_1	1000024	1000254	+	LLMDKN_002226	9.2	6.7	PF04542.20|Sigma70_r2	PFAM:PF04542.20
contig_1	1000269	1000523	+	LLMDKN_002227	10.0	6.7	PF04545.22|Sigma70_r4, PF08281.18|Sigma70_r4_2	PFAM:PF04545.22, PFAM:PF08281.18
contig_1	1000781	1000933	-	LLMDKN_002228	5.6	6.0		
contig_1	1000930	1001094	-	LLMDKN_002229	6.1	7.7		
contig_1	1001096	1001656	-	LLMDKN_002230	21.3	5.3	PF00149.33|Metallophos	PFAM:PF00149.33
contig_1	1001987	1002454	-	LLMDKN_002231	17.8	4.9		
contig_1	1002421	1002771	-	LLMDKN_002232	13.7	8.9		
contig_1	1002780	1002974	-	LLMDKN_002233	7.3	10.0		
contig_1	1003039	1003254	-	LLMDKN_002234	8.7	6.7	PF12741.13|SusD-like, PF12771.13|SusD-like_2	PFAM:PF12741.13, PFAM:PF12771.13
contig_1	1003251	1004108	-	LLMDKN_002235	32.0	5.9	PF12741.13|SusD-like, PF12771.13|SusD-like_2	PFAM:PF12741.13, PFAM:PF12771.13
contig_1	1004093	1004521	-	LLMDKN_002236	15.9	5.8		
contig_1	1004518	1004913	-	LLMDKN_002237	15.1	6.7		
contig_1	1004910	1005536	-	LLMDKN_002238	24.5	8.5		
contig_1	1005809	1006138	-	LLMDKN_002239	12.0	7.6		
contig_1	1006144	1006431	-	LLMDKN_002240	11.4	4.6		
contig_1	1006382	1006543	-	LLMDKN_002241	5.9	9.4		
contig_1	1006540	1006887	-	LLMDKN_002242	12.8	9.4		
contig_1	1006898	1007077	-	LLMDKN_002243	5.9	6.0	PF07715.20|Plug	PFAM:PF07715.20
contig_1	1007171	1007614	-	LLMDKN_002244	16.0	9.4	PF13620.12|CarboxypepD_reg, PF13715.12|CarbopepD_reg_2	PFAM:PF13620.12, PFAM:PF13715.12
contig_1	1007681	1007842	-	LLMDKN_002245	6.0	8.1		
contig_1	1008098	1008787	-	LLMDKN_002246	26.6	7.0	PF16344.10|FecR_C	PFAM:PF16344.10
contig_1	1008804	1009118	-	LLMDKN_002247	12.3	5.9		
contig_1	1009332	1009670	+	LLMDKN_002248	13.2	5.2		
contig_1	1009784	1010065	-	LLMDKN_002249	10.3	4.7	PF02518.31|HATPase_c	PFAM:PF02518.31
contig_1	1010034	1010300	-	LLMDKN_002250	10.2	5.7		
contig_1	1010282	1010635	-	LLMDKN_002251	13.5	4.9	PF00512.31|HisKA	PFAM:PF00512.31
contig_1	1010744	1010884	-	LLMDKN_002252	5.1	5.0		
contig_1	1011014	1011169	-	LLMDKN_002253	5.8	8.7		
contig_1	1011166	1011399	-	LLMDKN_002254	8.8	4.9		
contig_1	1011841	1012329	-	LLMDKN_002255	17.8	5.4	PF10458.14|Val_tRNA-synt_C	PFAM:PF10458.14
contig_1	1012274	1012696	-	LLMDKN_002256	16.1	5.4	PF08264.19|Anticodon_1	PFAM:PF08264.19
contig_1	1012693	1013112	-	LLMDKN_002257	15.8	4.9	PF00133.28|tRNA-synt_1	PFAM:PF00133.28
contig_1	1014159	1014323	-	LLMDKN_002259	5.9	10.0	PF00133.28|tRNA-synt_1	PFAM:PF00133.28
contig_1	1014589	1014831	+	LLMDKN_002260	8.8	9.3		
contig_1	1015125	1015394	+	LLMDKN_002261	9.6	5.4		
contig_1	1015384	1015650	+	LLMDKN_002262	10.7	6.3		
contig_1	1015653	1015901	+	LLMDKN_002263	10.2	7.6	PF03819.22|MazG	PFAM:PF03819.22
contig_1	1015909	1016022	+	LLMDKN_002264	4.3	8.7		
contig_1	1016135	1016362	+	LLMDKN_002265	8.5	9.0	PF03819.22|MazG	PFAM:PF03819.22
contig_1	1016687	1017064	-	LLMDKN_002266	14.7	9.0		
contig_1	1017093	1017326	-	LLMDKN_002267	8.5	4.1		
contig_1	1017396	1017506	-	LLMDKN_002268	4.3	10.1		
contig_1	1017524	1017709	-	LLMDKN_002269	7.2	8.0	PF04545.22|Sigma70_r4, PF08281.18|Sigma70_r4_2	PFAM:PF04545.22, PFAM:PF08281.18
contig_1	1017688	1018077	-	LLMDKN_002270	15.3	5.1	PF04542.20|Sigma70_r2	PFAM:PF04542.20
contig_1	1018150	1018287	-	LLMDKN_002271	5.0	5.1		
contig_1	1018290	1018625	-	LLMDKN_002272	13.0	9.8		
contig_1	1018639	1018869	+	LLMDKN_002273	8.8	9.6		
contig_1	1018866	1019102	+	LLMDKN_002274	9.0	9.2		
contig_1	1019220	1019759	-	LLMDKN_002275	20.5	6.6	PF00575.29|S1	PFAM:PF00575.29
contig_1	1019830	1020570	-	LLMDKN_002276	28.0	5.9	PF00575.29|S1, PF23459.1|S1_RRP5	PFAM:PF00575.29, PFAM:PF23459.1
contig_1	1020567	1020995	-	LLMDKN_002277	15.9	9.6	PF00575.29|S1	PFAM:PF00575.29
contig_1	1021137	1021304	-	LLMDKN_002278	6.3	7.9		
contig_1	1021397	1021561	-	LLMDKN_002279	6.2	4.3		
contig_1	1021561	1021791	-	LLMDKN_002280	8.6	9.3	PF00078.32|RVT_1	PFAM:PF00078.32
contig_1	1021739	1022068	-	LLMDKN_002281	12.1	10.1		
contig_1	1022457	1022876	-	LLMDKN_002282	16.7	9.4		
contig_1	1023005	1023355	-	LLMDKN_002283	13.4	5.9		
contig_1	1023301	1023870	-	LLMDKN_002284	21.5	9.4		
contig_1	1023848	1024078	-	LLMDKN_002285	8.7	4.6		
contig_1	1024018	1024179	-	LLMDKN_002286	6.0	9.5		
contig_1	1024191	1024340	-	LLMDKN_002287	5.4	8.2		
contig_1	1024337	1024696	-	LLMDKN_002288	14.1	9.6		
contig_1	1024739	1025086	+	LLMDKN_002289	13.6	9.9		
contig_1	1025088	1025570	+	LLMDKN_002290	17.7	5.5		
contig_1	1025608	1026063	+	LLMDKN_002291	17.1	9.2	PF00120.29|Gln-synt_C	PFAM:PF00120.29
contig_1	1026060	1026188	+	LLMDKN_002292	4.4	6.5		
contig_1	1026185	1027006	+	LLMDKN_002293	31.2	6.6	PF18318.6|Gln-synt_C-ter	PFAM:PF18318.6
contig_1	1027468	1027584	-	LLMDKN_002294	4.2	8.0		
contig_1	1027633	1027797	+	LLMDKN_002295	6.3	9.8		
contig_1	1027797	1028333	+	LLMDKN_002296	20.0	8.8	PF00027.35|cNMP_binding, PF13545.12|HTH_Crp_2	PFAM:PF00027.35, PFAM:PF13545.12
contig_1	1028379	1028861	+	LLMDKN_002297	18.4	10.2		
contig_1	1028843	1029355	+	LLMDKN_002298	19.7	4.8	PF00728.28|Glyco_hydro_20	PFAM:PF00728.28
contig_1	1029355	1029807	+	LLMDKN_002299	16.9	5.2	PF00728.28|Glyco_hydro_20	PFAM:PF00728.28
contig_1	1029883	1030023	+	LLMDKN_002300	5.1	6.0		
contig_1	1030218	1030760	+	LLMDKN_002301	19.7	9.4		
contig_1	1031168	1031656	-	LLMDKN_002302	17.9	5.0	PF00070.33|Pyr_redox, PF07992.20|Pyr_redox_2	PFAM:PF00070.33, PFAM:PF07992.20
contig_1	1031598	1031921	-	LLMDKN_002303	11.8	8.7	PF07992.20|Pyr_redox_2	PFAM:PF07992.20
contig_1	1031921	1032112	-	LLMDKN_002304	6.8	5.1	PF07992.20|Pyr_redox_2, PF13450.12|NAD_binding_8	PFAM:PF07992.20, PFAM:PF13450.12
contig_1	1032169	1032345	-	LLMDKN_002305	6.9	6.5		
contig_1	1032300	1032668	-	LLMDKN_002306	13.7	9.0	PF16584.11|LolA_2	PFAM:PF16584.11
contig_1	1032665	1032808	-	LLMDKN_002307	5.3	9.5		
contig_1	1032833	1033105	-	LLMDKN_002308	9.9	4.6	PF09397.16|FtsK_gamma	PFAM:PF09397.16
contig_1	1033102	1033659	-	LLMDKN_002309	21.0	10.0	PF01580.24|FtsK_SpoIIIE	PFAM:PF01580.24
contig_1	1033737	1033931	-	LLMDKN_002310	6.9	9.7	PF01580.24|FtsK_SpoIIIE	PFAM:PF01580.24
contig_1	1033883	1034284	-	LLMDKN_002311	15.2	10.3	PF17854.6|FtsK_alpha	PFAM:PF17854.6
contig_1	1034382	1034663	-	LLMDKN_002312	10.4	4.4		
contig_1	1034638	1035009	-	LLMDKN_002313	14.5	10.8		
contig_1	1035103	1035321	-	LLMDKN_002314	8.2	9.8		
contig_1	1035345	1035548	+	LLMDKN_002315	7.8	9.2		
contig_1	1035520	1035843	+	LLMDKN_002316	12.6	4.9		
contig_1	1035920	1036084	+	LLMDKN_002317	6.2	11.5		
contig_1	1036124	1036351	+	LLMDKN_002318	8.2	6.8		
contig_1	1036300	1036728	+	LLMDKN_002319	16.3	5.0	PF01612.26|DNA_pol_A_exo1	PFAM:PF01612.26
contig_1	1036755	1037294	+	LLMDKN_002320	20.5	8.0	PF17785.7|PUA_3	PFAM:PF17785.7
contig_1	1037391	1037630	+	LLMDKN_002321	8.9	9.8		
contig_1	1037609	1037932	+	LLMDKN_002322	12.0	9.1		
contig_1	1038327	1038725	+	LLMDKN_002323	14.5	5.1		
contig_1	1038713	1039204	+	LLMDKN_002324	18.1	9.8		
contig_1	1039198	1039536	+	LLMDKN_002325	12.3	5.7		
contig_1	1040182	1040595	+	LLMDKN_002327	15.9	9.4	PF04452.19|Methyltrans_RNA, PF20260.4|PUA_4	PFAM:PF04452.19, PFAM:PF20260.4
contig_1	1040844	1041029	+	LLMDKN_002328	6.5	8.9		
contig_1	1041029	1041544	+	LLMDKN_002329	19.0	9.4		
contig_1	1041517	1041675	+	LLMDKN_002330	5.6	5.1		
contig_1	1041757	1041969	+	LLMDKN_002331	7.8	6.2		
contig_1	1041956	1042351	+	LLMDKN_002332	14.9	5.5		
contig_1	1043128	1043298	+	LLMDKN_002334	6.3	9.8		
contig_1	1043234	1043680	-	LLMDKN_002335	16.8	6.9		
contig_1	1044848	1045279	+	LLMDKN_002336	16.8	7.9	PF01715.23|IPPT	PFAM:PF01715.23
contig_1	1045612	1045833	+	LLMDKN_002337	8.2	9.3		
contig_1	1045854	1046180	+	LLMDKN_002338	12.5	9.8		
contig_1	1046164	1046421	+	LLMDKN_002339	9.9	10.2		
contig_1	1046553	1046942	+	LLMDKN_002340	14.6	9.8	PF00793.26|DAHP_synth_1	PFAM:PF00793.26
contig_1	1046978	1047130	+	LLMDKN_002341	5.9	9.0		
contig_1	1047094	1047357	+	LLMDKN_002342	9.3	5.1	PF00793.26|DAHP_synth_1	PFAM:PF00793.26
contig_1	1047516	1047803	+	LLMDKN_002343	10.9	9.3		
contig_1	1047748	1047927	+	LLMDKN_002344	6.7	5.0		
contig_1	1048032	1048937	+	LLMDKN_002345	34.5	5.1	PF05193.26|Peptidase_M16_C	PFAM:PF05193.26
contig_1	1049033	1049458	+	LLMDKN_002346	14.9	8.4		
contig_1	1049497	1049754	+	LLMDKN_002347	9.8	9.3		
contig_1	1049757	1049924	+	LLMDKN_002348	6.4	8.8		
contig_1	1049957	1050307	+	LLMDKN_002349	13.9	9.2		
contig_1	1050494	1050949	+	LLMDKN_002350	17.6	9.7		
contig_1	1051094	1051312	+	LLMDKN_002351	8.2	7.7		
contig_1	1051297	1051977	+	LLMDKN_002352	25.5	9.7		
contig_1	1052009	1052341	+	LLMDKN_002353	12.2	5.2	PF00005.33|ABC_tran	PFAM:PF00005.33
contig_1	1052334	1052549	+	LLMDKN_002354	8.2	9.7	PF00005.33|ABC_tran	PFAM:PF00005.33
contig_1	1052750	1052962	+	LLMDKN_002355	7.7	9.1		
contig_1	1052984	1053244	+	LLMDKN_002356	10.0	10.8		
contig_1	1055645	1055827	+	LLMDKN_002360	6.8	9.7	PF02403.27|Seryl_tRNA_N	PFAM:PF02403.27
contig_1	1055829	1055996	+	LLMDKN_002361	5.8	4.4		
contig_1	1055947	1056114	+	LLMDKN_002362	6.1	6.5		
contig_1	1056214	1056354	+	LLMDKN_002363	5.4	5.0		
contig_1	1056299	1056832	+	LLMDKN_002364	20.4	9.0	PF00587.30|tRNA-synt_2b	PFAM:PF00587.30
contig_1	1056764	1056964	-	LLMDKN_002365	7.6	9.9		
contig_1	1058279	1058734	+	LLMDKN_002367	16.1	9.5		
contig_1	1058710	1058988	+	LLMDKN_002368	10.1	5.4	PF10418.14|DHODB_Fe-S_bind	PFAM:PF10418.14
contig_1	1058937	1059263	+	LLMDKN_002369	12.9	6.2	PF10418.14|DHODB_Fe-S_bind	PFAM:PF10418.14
contig_1	1059323	1059490	+	LLMDKN_002370	5.9	6.1	PF14691.11|Fer4_20	PFAM:PF14691.11
contig_1	1059436	1060167	+	LLMDKN_002371	27.2	9.1	PF00070.33|Pyr_redox, PF07992.20|Pyr_redox_2, PF13450.12|NAD_binding_8, PF14691.11|Fer4_20	PFAM:PF00070.33, PFAM:PF07992.20, PFAM:PF13450.12, PFAM:PF14691.11
contig_1	1060133	1060357	+	LLMDKN_002372	8.3	5.3		
contig_1	1060300	1060569	+	LLMDKN_002373	9.1	5.1	PF07992.20|Pyr_redox_2	PFAM:PF07992.20
contig_1	1061320	1061514	-	LLMDKN_002375	7.4	5.7		
contig_1	1061579	1061815	-	LLMDKN_002376	8.8	4.3		
contig_1	1061787	1062038	-	LLMDKN_002377	9.1	9.5		
contig_1	1062355	1062846	+	LLMDKN_002378	18.8	5.7	PF08323.17|Glyco_transf_5	PFAM:PF08323.17
contig_1	1062834	1063079	+	LLMDKN_002379	9.2	4.7		
contig_1	1063076	1063276	+	LLMDKN_002380	7.4	6.0		
contig_1	1063326	1063652	+	LLMDKN_002381	12.3	4.5		
contig_1	1063831	1063998	+	LLMDKN_002382	6.2	9.8		
contig_1	1064031	1064192	+	LLMDKN_002383	6.2	8.1		
contig_1	1064149	1064364	+	LLMDKN_002384	8.3	8.7		
contig_1	1064312	1064563	+	LLMDKN_002385	9.4	9.3		
contig_1	1064588	1065286	-	LLMDKN_002386	26.9	9.3		
contig_1	1065270	1066175	-	LLMDKN_002387	34.1	5.7	PF03065.20|Glyco_hydro_57	PFAM:PF03065.20
contig_1	1066188	1066442	-	LLMDKN_002388	9.8	5.1		
contig_1	1066534	1066890	-	LLMDKN_002389	13.4	9.5	PF13692.12|Glyco_trans_1_4	PFAM:PF13692.12
contig_1	1066856	1067245	-	LLMDKN_002390	15.0	6.7	PF08323.17|Glyco_transf_5	PFAM:PF08323.17
contig_1	1067199	1067462	-	LLMDKN_002391	9.8	6.0		
contig_1	1067477	1067617	-	LLMDKN_002392	5.0	9.1		
contig_1	1067647	1067802	-	LLMDKN_002393	5.9	9.1	PF06202.20|GDE_C	PFAM:PF06202.20
contig_1	1067777	1068499	-	LLMDKN_002394	27.7	4.7	PF06202.20|GDE_C	PFAM:PF06202.20
contig_1	1068475	1068630	-	LLMDKN_002395	5.9	6.4		
contig_1	1068709	1068870	-	LLMDKN_002396	6.6	8.0		
contig_1	1069016	1069411	-	LLMDKN_002397	15.1	7.1		
contig_1	1069583	1069870	+	LLMDKN_002398	11.0	8.7		
contig_1	1070133	1070417	+	LLMDKN_002399	10.8	4.2		
contig_1	1070380	1070757	-	LLMDKN_002400	14.0	4.9		
contig_1	1070735	1070860	-	LLMDKN_002401	4.5	9.1		
contig_1	1071220	1071888	+	LLMDKN_002402	25.7	5.5	PF13545.12|HTH_Crp_2	PFAM:PF13545.12
contig_1	1072009	1072245	-	LLMDKN_002403	9.2	10.7		
contig_1	1072445	1072801	-	LLMDKN_002404	13.7	8.7	PF16344.10|FecR_C	PFAM:PF16344.10
contig_1	1072789	1072950	-	LLMDKN_002405	6.3	9.5		
contig_1	1072907	1073221	-	LLMDKN_002406	11.9	9.7		
contig_1	1073309	1073584	-	LLMDKN_002407	10.5	9.0		
contig_1	1074259	1074711	-	LLMDKN_002409	17.3	5.5	PF01053.26|Cys_Met_Meta_PP	PFAM:PF01053.26
contig_1	1074708	1075418	-	LLMDKN_002410	25.2	5.1	PF01041.23|DegT_DnrJ_EryC1, PF01053.26|Cys_Met_Meta_PP	PFAM:PF01041.23, PFAM:PF01053.26
contig_1	1075527	1076309	-	LLMDKN_002411	29.4	4.8	PF00155.27|Aminotran_1_2	PFAM:PF00155.27
contig_1	1076330	1076665	-	LLMDKN_002412	13.2	6.8		
contig_1	1076778	1077224	+	LLMDKN_002413	16.3	7.7	PF08282.18|Hydrolase_3	PFAM:PF08282.18
contig_1	1077128	1077421	-	LLMDKN_002414	10.4	4.6		
contig_1	1077507	1077656	+	LLMDKN_002415	5.1	4.5	PF08282.18|Hydrolase_3	PFAM:PF08282.18
contig_1	1077760	1078191	-	LLMDKN_002416	15.9	11.3		
contig_1	1078357	1079286	+	LLMDKN_002417	35.1	8.2		
contig_1	1079286	1079612	+	LLMDKN_002418	12.3	5.5	PF00515.34|TPR_1, PF07719.23|TPR_2, PF13181.12|TPR_8, PF13371.12|TPR_9, PF13414.12|TPR_11, PF13428.12|TPR_14, PF13431.12|TPR_17, PF13432.12|TPR_16, PF14559.12|TPR_19	PFAM:PF00515.34, PFAM:PF07719.23, PFAM:PF13181.12, PFAM:PF13371.12, PFAM:PF13414.12, PFAM:PF13428.12, PFAM:PF13431.12, PFAM:PF13432.12, PFAM:PF14559.12
contig_1	1079798	1079956	-	LLMDKN_002419	6.0	9.3		
contig_1	1080032	1080145	+	LLMDKN_002420	4.3	8.5		
contig_1	1080159	1080614	+	LLMDKN_002421	16.8	5.1		
contig_1	1080694	1080930	+	LLMDKN_002422	8.7	9.0		
contig_1	1080881	1081204	+	LLMDKN_002423	11.9	5.3		
contig_1	1081290	1081796	+	LLMDKN_002424	19.1	9.2		
contig_1	1081799	1082179	+	LLMDKN_002425	13.7	4.9		
contig_1	1082696	1082848	+	LLMDKN_002426	5.9	11.8		
contig_1	1082845	1083081	+	LLMDKN_002427	8.6	4.3		
contig_1	1083112	1083264	+	LLMDKN_002428	5.7	9.4		
contig_1	1083314	1083604	+	LLMDKN_002429	11.0	8.9		
contig_1	1083636	1084238	-	LLMDKN_002430	22.2	5.3	PF01182.26|Glucosamine_iso	PFAM:PF01182.26
contig_1	1084470	1084661	-	LLMDKN_002431	7.5	9.7		
contig_1	1084766	1085236	-	LLMDKN_002432	17.8	4.9	PF00258.30|Flavodoxin_1	PFAM:PF00258.30
contig_1	1085196	1085690	-	LLMDKN_002433	19.0	6.3	PF00753.33|Lactamase_B, PF19583.5|ODP	PFAM:PF00753.33, PFAM:PF19583.5
contig_1	1085807	1086121	-	LLMDKN_002434	12.4	8.0		
contig_1	1086224	1086670	-	LLMDKN_002435	17.0	7.6		
contig_1	1086932	1087567	-	LLMDKN_002436	23.9	5.3	PF04397.21|LytTR	PFAM:PF04397.21
contig_1	1087549	1088163	-	LLMDKN_002437	22.7	8.8	PF09922.15|LiaF-like_C	PFAM:PF09922.15
contig_1	1088218	1088514	-	LLMDKN_002438	11.3	10.2	PF18917.5|LiaI-LiaF-like_TM1, PF22570.1|LiaF-TM	PFAM:PF18917.5, PFAM:PF22570.1
contig_1	1088566	1088733	-	LLMDKN_002439	6.0	9.9		
contig_1	1089044	1089352	+	LLMDKN_002440	11.6	8.4		
contig_1	1089518	1089877	+	LLMDKN_002441	13.9	9.1	PF00930.27|DPPIV_N	PFAM:PF00930.27
contig_1	1089874	1090293	+	LLMDKN_002442	16.2	9.5	PF00930.27|DPPIV_N	PFAM:PF00930.27
contig_1	1090269	1090757	+	LLMDKN_002443	18.2	9.8	PF00326.27|Peptidase_S9, PF00930.27|DPPIV_N	PFAM:PF00326.27, PFAM:PF00930.27
contig_1	1090787	1091242	+	LLMDKN_002444	17.1	7.0	PF00326.27|Peptidase_S9, PF01738.24|DLH, PF08840.17|BAAT_C	PFAM:PF00326.27, PFAM:PF01738.24, PFAM:PF08840.17
contig_1	1091429	1091887	+	LLMDKN_002445	17.1	8.2		
contig_1	1091884	1092228	+	LLMDKN_002446	12.6	5.8		
contig_1	1092359	1092568	+	LLMDKN_002447	7.6	7.9		
contig_1	1092699	1092923	-	LLMDKN_002448	9.0	11.5		
contig_1	1092959	1093621	+	LLMDKN_002449	25.2	8.6		
contig_1	1093629	1093889	-	LLMDKN_002450	9.0	8.7		
contig_1	1093986	1094144	-	LLMDKN_002451	5.8	8.1		
contig_1	1094257	1094778	-	LLMDKN_002452	20.6	9.3		
contig_1	1094775	1095002	-	LLMDKN_002453	8.7	5.8		
contig_1	1094999	1095907	-	LLMDKN_002454	33.6	6.1	PF00106.31|adh_short, PF13561.12|adh_short_C2	PFAM:PF00106.31, PFAM:PF13561.12
contig_1	1096105	1096254	+	LLMDKN_002455	5.5	10.8		
contig_1	1096987	1097289	+	LLMDKN_002456	11.1	8.9	PF13715.12|CarbopepD_reg_2	PFAM:PF13715.12
contig_1	1097270	1097878	+	LLMDKN_002457	20.7	4.8	PF07715.20|Plug	PFAM:PF07715.20
contig_1	1097832	1098482	+	LLMDKN_002458	25.1	7.8		
contig_1	1098761	1099990	+	LLMDKN_002459	46.1	6.9	PF00593.30|TonB_dep_Rec_b-barrel	PFAM:PF00593.30
contig_1	1099995	1100261	+	LLMDKN_002460	9.8	9.4		
contig_1	1100344	1100796	+	LLMDKN_002461	16.7	9.6		
contig_1	1100739	1100981	+	LLMDKN_002462	9.3	5.8		
contig_1	1100953	1102278	+	LLMDKN_002463	50.2	5.0	PF07980.17|SusD_RagB	PFAM:PF07980.17
contig_1	1102151	1102474	-	LLMDKN_002464	12.7	8.9		
contig_1	1103217	1103756	+	LLMDKN_002465	19.4	5.9	PF13620.12|CarboxypepD_reg, PF13715.12|CarbopepD_reg_2	PFAM:PF13620.12, PFAM:PF13715.12
contig_1	1103759	1104229	+	LLMDKN_002466	16.3	5.0	PF07715.20|Plug	PFAM:PF07715.20
contig_1	1104367	1105248	+	LLMDKN_002467	33.2	6.4		
contig_1	1105435	1106376	+	LLMDKN_002468	35.4	5.3	PF00593.30|TonB_dep_Rec_b-barrel	PFAM:PF00593.30
contig_1	1106324	1106482	+	LLMDKN_002469	5.7	4.1		
contig_1	1106498	1107049	+	LLMDKN_002470	20.7	4.8	PF14322.12|SusD-like_3	PFAM:PF14322.12
contig_1	1107077	1107730	+	LLMDKN_002471	24.5	6.9		
contig_1	1107881	1108237	+	LLMDKN_002472	13.6	7.6	PF07980.17|SusD_RagB	PFAM:PF07980.17
contig_1	1108195	1108548	+	LLMDKN_002473	13.4	5.1		
contig_1	1108801	1109028	-	LLMDKN_002474	8.3	5.3	PF00958.27|GMP_synt_C	PFAM:PF00958.27
contig_1	1109007	1109633	-	LLMDKN_002475	23.8	8.2		
contig_1	1109683	1110159	-	LLMDKN_002476	17.5	5.3	PF00117.34|GATase, PF07722.19|Peptidase_C26	PFAM:PF00117.34, PFAM:PF07722.19
contig_1	1110472	1110633	-	LLMDKN_002477	6.0	4.7	PF01741.23|MscL	PFAM:PF01741.23
contig_1	1110630	1110752	-	LLMDKN_002478	4.0	4.8	PF01741.23|MscL	PFAM:PF01741.23
contig_1	1111698	1111940	+	LLMDKN_002480	8.8	4.5	PF02800.25|Gp_dh_C	PFAM:PF02800.25
contig_1	1112133	1112582	+	LLMDKN_002481	16.8	4.7		
contig_1	1112710	1112841	+	LLMDKN_002482	4.8	4.3		
contig_1	1112842	1112994	+	LLMDKN_002483	6.0	6.5		
contig_1	1113006	1114124	+	LLMDKN_002484	43.3	5.2		
contig_1	1114066	1114266	+	LLMDKN_002485	7.6	10.1		
contig_1	1114256	1114861	+	LLMDKN_002486	22.8	8.9	PF16139.11|DUF4847	PFAM:PF16139.11
contig_1	1115365	1116075	+	LLMDKN_002488	26.2	6.5	PF00595.29|PDZ, PF13180.12|PDZ_2	PFAM:PF00595.29, PFAM:PF13180.12
contig_1	1116147	1116854	+	LLMDKN_002489	27.0	9.2		
contig_1	1117089	1117466	+	LLMDKN_002490	14.1	5.6		
contig_1	1117463	1117978	+	LLMDKN_002491	20.2	7.7		
contig_1	1118040	1118249	+	LLMDKN_002492	7.9	4.7		
contig_1	1118420	1119157	+	LLMDKN_002493	28.4	9.2	PF05598.16|DUF772	PFAM:PF05598.16
contig_1	1119204	1119506	+	LLMDKN_002494	12.1	6.8		
contig_1	1120041	1120277	-	LLMDKN_002496	9.0	9.9		
contig_1	1120246	1120728	-	LLMDKN_002497	18.6	8.7		
contig_1	1120806	1120973	-	LLMDKN_002498	6.3	6.5		
contig_1	1120970	1121203	-	LLMDKN_002499	9.0	5.0		
contig_1	1121368	1121520	-	LLMDKN_002500	5.9	8.6		
contig_1	1121687	1121857	+	LLMDKN_002501	6.8	10.0		
contig_1	1121842	1122363	+	LLMDKN_002502	18.4	8.4	PF00515.34|TPR_1, PF07719.23|TPR_2, PF13174.12|TPR_6, PF13176.12|TPR_7, PF13181.12|TPR_8, PF13428.12|TPR_14, PF14559.12|TPR_19	PFAM:PF00515.34, PFAM:PF07719.23, PFAM:PF13174.12, PFAM:PF13176.12, PFAM:PF13181.12, PFAM:PF13428.12, PFAM:PF14559.12
contig_1	1123257	1123793	+	LLMDKN_002506	20.0	6.0	PF01408.29|GFO_IDH_MocA	PFAM:PF01408.29
contig_1	1123942	1124199	+	LLMDKN_002507	9.8	9.9	PF21252.2|Glyco_hydro_109_C	PFAM:PF21252.2
contig_1	1124317	1124457	+	LLMDKN_002508	5.2	4.1		
contig_1	1124557	1125774	-	LLMDKN_002509	46.0	5.1	PF07980.17|SusD_RagB	PFAM:PF07980.17
contig_1	1125752	1126360	-	LLMDKN_002510	22.7	4.7	PF14322.12|SusD-like_3	PFAM:PF14322.12
contig_1	1126374	1127105	-	LLMDKN_002511	27.4	5.6		
contig_1	1127210	1127599	-	LLMDKN_002512	14.7	5.1	PF00593.30|TonB_dep_Rec_b-barrel	PFAM:PF00593.30
contig_1	1127572	1128108	-	LLMDKN_002513	20.7	9.3		
contig_1	1128105	1128758	-	LLMDKN_002514	24.5	5.5		
contig_1	1129141	1129266	-	LLMDKN_002515	4.6	8.1		
contig_1	1129263	1129460	-	LLMDKN_002516	6.9	9.6		
contig_1	1129499	1129708	-	LLMDKN_002517	7.8	9.4		
contig_1	1130171	1130476	-	LLMDKN_002518	11.5	5.8	PF07980.17|SusD_RagB	PFAM:PF07980.17
contig_1	1130473	1130862	-	LLMDKN_002519	15.9	7.9	PF07980.17|SusD_RagB	PFAM:PF07980.17
contig_1	1130928	1131092	-	LLMDKN_002520	6.2	4.8		
contig_1	1131158	1131379	-	LLMDKN_002521	8.4	5.5		
contig_1	1131430	1131813	-	LLMDKN_002522	14.2	4.6		
contig_1	1131871	1131960	-	LLMDKN_002523	3.1	4.1		
contig_1	1131924	1132175	-	LLMDKN_002524	9.8	9.8		
contig_1	1132144	1132365	-	LLMDKN_002525	8.4	8.0		
contig_1	1132526	1132705	-	LLMDKN_002526	6.7	10.6		
contig_1	1132885	1133106	-	LLMDKN_002527	8.3	4.9		
contig_1	1133184	1133480	-	LLMDKN_002528	11.1	5.2		
contig_1	1133491	1133715	-	LLMDKN_002529	8.2	6.2		
contig_1	1133765	1133971	-	LLMDKN_002530	7.7	8.9		
contig_1	1134059	1134274	-	LLMDKN_002531	8.1	7.9		
contig_1	1134457	1134681	-	LLMDKN_002532	7.9	5.6	PF07715.20|Plug	PFAM:PF07715.20
contig_1	1134689	1134877	-	LLMDKN_002533	6.4	4.7	PF13715.12|CarbopepD_reg_2	PFAM:PF13715.12
contig_1	1135774	1135998	-	LLMDKN_002534	8.4	9.0	PF07980.17|SusD_RagB	PFAM:PF07980.17
contig_1	1136367	1136483	-	LLMDKN_002535	4.3	4.8		
contig_1	1136493	1136696	-	LLMDKN_002536	7.8	4.6		
contig_1	1136841	1137179	-	LLMDKN_002537	13.7	9.5	PF14322.12|SusD-like_3	PFAM:PF14322.12
contig_1	1137646	1137996	-	LLMDKN_002538	13.2	5.8		
contig_1	1137945	1138349	-	LLMDKN_002539	15.6	9.4		
contig_1	1138435	1138599	-	LLMDKN_002540	6.3	6.7		
contig_1	1138765	1138950	-	LLMDKN_002541	7.5	9.6		
contig_1	1138959	1139189	-	LLMDKN_002542	9.1	5.3		
contig_1	1139362	1139580	-	LLMDKN_002543	8.9	5.0		
contig_1	1139584	1139733	-	LLMDKN_002544	6.2	10.4		
contig_1	1139672	1139929	-	LLMDKN_002545	9.0	6.5	PF07715.20|Plug	PFAM:PF07715.20
contig_1	1140579	1140734	-	LLMDKN_002546	6.0	10.6		
contig_1	1141699	1141941	+	LLMDKN_002547	9.8	9.8		
contig_1	1141911	1142177	+	LLMDKN_002548	10.5	6.4	PF00196.25|GerE, PF04545.22|Sigma70_r4, PF08281.18|Sigma70_r4_2, PF13412.12|HTH_24	PFAM:PF00196.25, PFAM:PF04545.22, PFAM:PF08281.18, PFAM:PF13412.12
contig_1	1142354	1142509	+	LLMDKN_002549	5.8	6.5		
contig_1	1142615	1142776	+	LLMDKN_002550	6.1	9.7		
contig_1	1142934	1143161	+	LLMDKN_002551	8.8	9.3	PF16344.10|FecR_C	PFAM:PF16344.10
contig_1	1143651	1143971	+	LLMDKN_002552	12.0	9.3		
contig_1	1144051	1144176	+	LLMDKN_002553	4.5	8.0		
contig_1	1144288	1144512	+	LLMDKN_002554	7.9	8.0	PF07715.20|Plug	PFAM:PF07715.20
contig_1	1144752	1145120	+	LLMDKN_002555	13.4	8.0		
contig_1	1145105	1145266	+	LLMDKN_002556	6.1	5.7		
contig_1	1145319	1145438	+	LLMDKN_002557	4.7	8.1		
contig_1	1145447	1145677	+	LLMDKN_002558	8.7	9.1		
contig_1	1145709	1146497	+	LLMDKN_002559	29.0	5.4		
contig_1	1146595	1146822	+	LLMDKN_002560	8.4	8.8		
contig_1	1146845	1147156	+	LLMDKN_002561	11.6	4.4		
contig_1	1147153	1147605	+	LLMDKN_002562	17.4	5.3	PF14322.12|SusD-like_3	PFAM:PF14322.12
contig_1	1147544	1147816	+	LLMDKN_002563	10.2	5.5		
contig_1	1147807	1148097	+	LLMDKN_002564	10.8	4.8	PF07980.17|SusD_RagB	PFAM:PF07980.17
contig_1	1148112	1148483	+	LLMDKN_002565	14.4	7.7	PF07980.17|SusD_RagB	PFAM:PF07980.17
contig_1	1149046	1149456	+	LLMDKN_002566	16.4	6.4		
contig_1	1149408	1149935	+	LLMDKN_002567	20.3	9.7		
contig_1	1149946	1150035	+	LLMDKN_002568	3.6	9.2		
contig_1	1150072	1150380	+	LLMDKN_002569	11.7	4.6		
contig_1	1150434	1150574	+	LLMDKN_002570	5.5	4.3		
contig_1	1150807	1151121	+	LLMDKN_002571	12.2	7.7	PF07676.18|PD40	PFAM:PF07676.18
contig_1	1151273	1151485	+	LLMDKN_002572	8.1	10.4		
contig_1	1151594	1151926	+	LLMDKN_002573	12.2	7.8		
contig_1	1151908	1152114	+	LLMDKN_002574	7.9	8.0	PF00933.27|Glyco_hydro_3	PFAM:PF00933.27
contig_1	1152258	1153250	+	LLMDKN_002575	36.9	6.0	PF00933.27|Glyco_hydro_3, PF01915.27|Glyco_hydro_3_C	PFAM:PF00933.27, PFAM:PF01915.27
contig_1	1153265	1153543	+	LLMDKN_002576	10.2	5.0		
contig_1	1153519	1154247	+	LLMDKN_002577	27.5	8.5	PF01915.27|Glyco_hydro_3_C	PFAM:PF01915.27
contig_1	1154632	1154901	-	LLMDKN_002578	10.5	8.7		
contig_1	1155347	1155643	+	LLMDKN_002579	10.7	8.8		
contig_1	1155582	1155788	+	LLMDKN_002580	7.4	6.5		
contig_1	1155890	1156717	+	LLMDKN_002581	31.0	8.2		
contig_1	1156739	1157653	+	LLMDKN_002582	34.7	6.6		
contig_1	1157605	1157814	+	LLMDKN_002583	8.0	4.1		
contig_1	1157948	1158391	+	LLMDKN_002584	17.1	5.5	PF13431.12|TPR_17	PFAM:PF13431.12
contig_1	1158388	1158582	+	LLMDKN_002585	7.1	11.1		
contig_1	1158563	1159219	+	LLMDKN_002586	25.1	6.8	PF00515.34|TPR_1, PF07719.23|TPR_2, PF12895.13|ANAPC3, PF13174.12|TPR_6, PF13181.12|TPR_8, PF13414.12|TPR_11, PF13428.12|TPR_14, PF13432.12|TPR_16, PF14559.12|TPR_19	PFAM:PF00515.34, PFAM:PF07719.23, PFAM:PF12895.13, PFAM:PF13174.12, PFAM:PF13181.12, PFAM:PF13414.12, PFAM:PF13428.12, PFAM:PF13432.12, PFAM:PF14559.12
contig_1	1159219	1160034	+	LLMDKN_002587	31.7	8.9	PF13428.12|TPR_14	PFAM:PF13428.12
contig_1	1160259	1160645	+	LLMDKN_002588	14.9	6.9	PF02837.24|Glyco_hydro_2_N	PFAM:PF02837.24
contig_1	1160678	1160788	+	LLMDKN_002589	4.1	5.0		
contig_1	1160754	1161437	+	LLMDKN_002590	25.5	9.7	PF00703.27|Glyco_hydro_2	PFAM:PF00703.27
contig_1	1161481	1162158	+	LLMDKN_002591	26.0	9.0		
contig_1	1162292	1162600	+	LLMDKN_002592	11.8	9.3		
contig_1	1162760	1162924	+	LLMDKN_002593	6.1	9.6		
contig_1	1163106	1163438	+	LLMDKN_002594	12.4	7.6		
contig_1	1163440	1163811	+	LLMDKN_002595	13.7	10.0		
contig_1	1163816	1164442	+	LLMDKN_002596	23.9	10.1		
contig_1	1164560	1165000	+	LLMDKN_002597	16.7	6.0	PF22124.2|Glyco_hydro_95_cat	PFAM:PF22124.2
contig_1	1165175	1165330	+	LLMDKN_002598	5.7	9.7		
contig_1	1165983	1166267	-	LLMDKN_002599	10.7	4.9		
contig_1	1166473	1166601	+	LLMDKN_002600	4.4	9.8		
contig_1	1166719	1167048	+	LLMDKN_002601	12.4	8.9	PF01408.29|GFO_IDH_MocA	PFAM:PF01408.29
contig_1	1167009	1167254	+	LLMDKN_002602	9.6	5.0	PF21252.2|Glyco_hydro_109_C	PFAM:PF21252.2
contig_1	1167410	1167595	+	LLMDKN_002603	6.8	6.7		
contig_1	1167661	1167870	+	LLMDKN_002604	8.0	5.6		
contig_1	1167985	1168305	+	LLMDKN_002605	11.8	9.9		
contig_1	1168357	1168830	+	LLMDKN_002606	17.8	9.6	PF10035.14|DUF2179	PFAM:PF10035.14
contig_1	1168937	1169059	+	LLMDKN_002607	4.4	6.5		
contig_1	1169342	1169533	+	LLMDKN_002608	7.2	5.6	PF02837.24|Glyco_hydro_2_N	PFAM:PF02837.24
contig_1	1169653	1169814	+	LLMDKN_002609	5.7	8.1		
contig_1	1169906	1170352	+	LLMDKN_002610	17.6	8.4	PF02836.23|Glyco_hydro_2_C	PFAM:PF02836.23
contig_1	1170460	1170996	+	LLMDKN_002611	20.6	5.8	PF02836.23|Glyco_hydro_2_C	PFAM:PF02836.23
contig_1	1170983	1171444	+	LLMDKN_002612	16.8	8.7	PF02929.23|Bgal_small_N, PF16353.11|LacZ_4	PFAM:PF02929.23, PFAM:PF16353.11
contig_1	1171414	1171914	+	LLMDKN_002613	18.6	5.6	PF02929.23|Bgal_small_N	PFAM:PF02929.23
contig_1	1172064	1172240	+	LLMDKN_002614	6.7	9.0	PF02929.23|Bgal_small_N	PFAM:PF02929.23
contig_1	1172262	1172516	+	LLMDKN_002615	9.5	9.6		
contig_1	1172682	1173299	+	LLMDKN_002616	23.7	6.2		
contig_1	1173229	1173774	-	LLMDKN_002617	20.4	4.8		
contig_1	1174064	1174351	-	LLMDKN_002618	11.3	9.3	PF00892.27|EamA	PFAM:PF00892.27
contig_1	1174404	1174811	-	LLMDKN_002619	15.4	9.5	PF00892.27|EamA	PFAM:PF00892.27
contig_1	1174929	1175267	-	LLMDKN_002620	12.9	5.6	PF01416.25|PseudoU_synth_1	PFAM:PF01416.25
contig_1	1175264	1175596	-	LLMDKN_002621	12.6	8.6	PF01416.25|PseudoU_synth_1	PFAM:PF01416.25
contig_1	1175545	1175688	-	LLMDKN_002622	5.6	7.9		
contig_1	1175768	1176202	-	LLMDKN_002623	16.3	7.6	PF01613.24|Flavin_Reduct	PFAM:PF01613.24
contig_1	1176241	1176729	-	LLMDKN_002624	18.5	8.9	PF14730.11|DUF4468	PFAM:PF14730.11
contig_1	1176759	1176920	-	LLMDKN_002625	5.9	9.0		
contig_1	1176975	1177364	-	LLMDKN_002626	14.7	5.5		
contig_1	1177342	1177650	-	LLMDKN_002627	11.5	10.5		
contig_1	1177631	1177915	-	LLMDKN_002628	10.4	5.7		
contig_1	1177864	1178298	-	LLMDKN_002629	16.1	8.9		
contig_1	1178340	1178456	-	LLMDKN_002630	4.3	6.0		
contig_1	1178416	1178610	-	LLMDKN_002631	7.5	6.8		
contig_1	1178950	1179222	+	LLMDKN_002632	10.6	6.7		
contig_1	1179537	1180091	+	LLMDKN_002633	20.6	4.8		
contig_1	1180042	1180179	+	LLMDKN_002634	5.1	10.1		
contig_1	1180241	1180408	+	LLMDKN_002635	6.2	9.2		
contig_1	1180516	1180641	+	LLMDKN_002636	4.5	5.7		
contig_1	1180778	1181065	+	LLMDKN_002637	10.6	9.8		
contig_1	1181096	1181356	+	LLMDKN_002638	10.3	5.9		
contig_1	1181471	1181902	-	LLMDKN_002639	16.6	6.8		
contig_1	1182000	1182284	+	LLMDKN_002640	10.7	6.3		
contig_1	1182281	1182496	+	LLMDKN_002641	7.8	10.1	PF02562.22|PhoH	PFAM:PF02562.22
contig_1	1182522	1182884	+	LLMDKN_002642	13.5	9.2	PF02562.22|PhoH	PFAM:PF02562.22
contig_1	1182884	1183018	+	LLMDKN_002643	5.3	9.5		
contig_1	1183038	1183562	+	LLMDKN_002644	19.3	6.7	PF01259.24|SAICAR_synt	PFAM:PF01259.24
contig_1	1183575	1183754	+	LLMDKN_002645	7.0	6.1	PF01259.24|SAICAR_synt	PFAM:PF01259.24
contig_1	1183717	1183983	+	LLMDKN_002646	10.2	5.6		
contig_1	1184105	1184593	+	LLMDKN_002647	18.5	10.0	PF13649.12|Methyltransf_25	PFAM:PF13649.12
contig_1	1185004	1185252	+	LLMDKN_002648	9.2	8.7	PF08501.16|Shikimate_dh_N	PFAM:PF08501.16
contig_1	1185349	1185555	+	LLMDKN_002649	7.9	4.8		
contig_1	1185595	1186359	+	LLMDKN_002650	29.3	8.7	PF00326.27|Peptidase_S9	PFAM:PF00326.27
contig_1	1186427	1186543	+	LLMDKN_002651	4.2	6.5		
contig_1	1186756	1187094	+	LLMDKN_002652	12.4	8.4	PF04536.20|TPM_phosphatase	PFAM:PF04536.20
contig_1	1187084	1187521	+	LLMDKN_002653	15.3	7.7		
contig_1	1188366	1188494	-	LLMDKN_002655	4.8	9.4		
contig_1	1188491	1188655	-	LLMDKN_002656	6.0	10.7		
contig_1	1188937	1189338	+	LLMDKN_002657	14.2	4.6	PF00586.29|AIRS	PFAM:PF00586.29
contig_1	1189393	1189686	+	LLMDKN_002658	10.7	7.7		
contig_1	1189730	1189954	+	LLMDKN_002659	8.6	4.9	PF02769.27|AIRS_C	PFAM:PF02769.27
contig_1	1190134	1190430	+	LLMDKN_002660	11.3	4.6	PF03462.23|PCRF	PFAM:PF03462.23
contig_1	1190489	1190911	+	LLMDKN_002661	15.4	5.5	PF00472.26|RF-1, PF03462.23|PCRF	PFAM:PF00472.26, PFAM:PF03462.23
contig_1	1190922	1191188	+	LLMDKN_002662	10.3	7.8		
contig_1	1191237	1191662	+	LLMDKN_002663	16.3	5.5	PF00215.30|OMPdecase	PFAM:PF00215.30
contig_1	1191795	1192058	+	LLMDKN_002664	9.4	7.8		
contig_1	1192150	1192422	+	LLMDKN_002665	10.1	9.8		
contig_1	1192422	1193252	+	LLMDKN_002666	31.8	5.2		
contig_1	1194657	1194827	+	LLMDKN_002668	6.3	4.6		
contig_1	1195081	1196037	+	LLMDKN_002669	36.1	9.4	PF00132.30|Hexapep, PF07977.19|FabA	PFAM:PF00132.30, PFAM:PF07977.19
contig_1	1196021	1196377	+	LLMDKN_002670	12.8	7.9	PF00132.30|Hexapep	PFAM:PF00132.30
contig_1	1196316	1196582	+	LLMDKN_002671	10.0	6.6	PF13720.11|Acetyltransf_11	PFAM:PF13720.11
contig_1	1196614	1196826	+	LLMDKN_002672	8.4	8.9		
contig_1	1196882	1197019	+	LLMDKN_002673	5.4	4.4		
contig_1	1197016	1197126	+	LLMDKN_002674	4.1	9.4		
contig_1	1197084	1197284	+	LLMDKN_002675	7.1	4.1		
contig_1	1197298	1197846	+	LLMDKN_002676	20.2	5.3	PF01715.23|IPPT, PF01745.22|IPT	PFAM:PF01715.23, PFAM:PF01745.22
contig_1	1197971	1198168	+	LLMDKN_002677	8.0	5.8	PF01715.23|IPPT	PFAM:PF01715.23
contig_1	1198135	1198302	+	LLMDKN_002678	6.8	9.2		
contig_1	1198585	1198743	+	LLMDKN_002679	5.8	4.1		
contig_1	1198861	1199331	+	LLMDKN_002680	17.8	9.0	PF17170.10|DUF5128	PFAM:PF17170.10
contig_1	1199460	1199810	+	LLMDKN_002681	13.7	9.3		
contig_1	1199973	1200260	-	LLMDKN_002682	10.3	6.1	PF02518.31|HATPase_c, PF13581.12|HATPase_c_2	PFAM:PF02518.31, PFAM:PF13581.12
contig_1	1200209	1200703	-	LLMDKN_002683	19.4	5.6	PF07730.19|HisKA_3	PFAM:PF07730.19
contig_1	1200682	1200840	-	LLMDKN_002684	6.1	10.4		
contig_1	1200920	1201123	-	LLMDKN_002685	8.1	4.7		
contig_1	1201164	1201412	-	LLMDKN_002686	9.6	4.7		
contig_1	1201592	1201693	-	LLMDKN_002687	3.8	9.2		
contig_1	1201674	1202063	-	LLMDKN_002688	15.2	6.1		
contig_1	1202091	1202204	-	LLMDKN_002689	4.5	4.5		
contig_1	1202254	1202808	-	LLMDKN_002690	20.3	9.2	PF07715.20|Plug	PFAM:PF07715.20
contig_1	1202808	1203257	-	LLMDKN_002691	17.2	8.9	PF05569.17|Peptidase_M56	PFAM:PF05569.17
contig_1	1203291	1203542	-	LLMDKN_002692	9.6	6.7		
contig_1	1203631	1203915	-	LLMDKN_002693	10.6	6.8		
contig_1	1203899	1203991	-	LLMDKN_002694	3.4	5.1		
contig_1	1204420	1204863	+	LLMDKN_002695	17.0	6.3	PF08885.17|GSCFA	PFAM:PF08885.17
contig_1	1204811	1205056	+	LLMDKN_002696	9.2	8.4	PF08885.17|GSCFA	PFAM:PF08885.17
contig_1	1205106	1205342	+	LLMDKN_002697	9.5	7.8	PF08885.17|GSCFA	PFAM:PF08885.17
contig_1	1205410	1205643	+	LLMDKN_002698	8.6	9.5		
contig_1	1205673	1206470	+	LLMDKN_002699	30.0	5.4	PF08245.18|Mur_ligase_M	PFAM:PF08245.18
contig_1	1206551	1206787	+	LLMDKN_002700	8.8	9.9		
contig_1	1206844	1207557	+	LLMDKN_002701	26.9	7.8	PF01168.26|Ala_racemase_N	PFAM:PF01168.26
contig_1	1207512	1207781	+	LLMDKN_002702	9.9	9.3	PF00842.27|Ala_racemase_C	PFAM:PF00842.27
contig_1	1207751	1207939	+	LLMDKN_002703	7.0	4.1	PF00842.27|Ala_racemase_C	PFAM:PF00842.27
contig_1	1208237	1208464	+	LLMDKN_002704	8.3	6.3		
contig_1	1208498	1209001	+	LLMDKN_002705	18.8	8.2		
contig_1	1208949	1209416	+	LLMDKN_002706	18.0	9.5		
contig_1	1209413	1210360	+	LLMDKN_002707	36.4	8.7		
contig_1	1210354	1211529	+	LLMDKN_002708	45.0	5.9		
contig_1	1211526	1211900	+	LLMDKN_002709	13.9	6.9	PF00580.27|UvrD-helicase, PF13086.12|AAA_11, PF13245.12|AAA_19	PFAM:PF00580.27, PFAM:PF13086.12, PFAM:PF13245.12
contig_1	1211923	1212135	+	LLMDKN_002710	7.8	4.8	PF13086.12|AAA_11	PFAM:PF13086.12
contig_1	1212542	1212832	+	LLMDKN_002711	11.1	7.9	PF13087.12|AAA_12	PFAM:PF13087.12
contig_1	1215584	1215757	-	LLMDKN_002715	6.8	10.9	PF01120.23|Alpha_L_fucos	PFAM:PF01120.23
contig_1	1216275	1216451	+	LLMDKN_002716	6.7	9.9		
contig_1	1216473	1217006	+	LLMDKN_002717	19.7	8.7		
contig_1	1216969	1217229	+	LLMDKN_002718	10.3	6.6		
contig_1	1217287	1217454	+	LLMDKN_002719	6.0	11.1		
contig_1	1217561	1217770	+	LLMDKN_002720	7.5	9.1		
contig_1	1217841	1218068	-	LLMDKN_002721	8.7	9.9	PF12833.13|HTH_18	PFAM:PF12833.13
contig_1	1218068	1218805	-	LLMDKN_002722	27.9	4.8	PF00072.30|Response_reg	PFAM:PF00072.30
contig_1	1218872	1219192	-	LLMDKN_002723	11.7	4.8	PF02518.31|HATPase_c	PFAM:PF02518.31
contig_1	1219360	1219638	-	LLMDKN_002724	11.3	10.4		
contig_1	1219635	1220150	-	LLMDKN_002725	19.6	5.7	PF07494.17|Reg_prop	PFAM:PF07494.17
contig_1	1220659	1221015	-	LLMDKN_002726	13.8	9.1	PF07494.17|Reg_prop	PFAM:PF07494.17
contig_1	1221465	1221689	-	LLMDKN_002727	8.9	6.7		
contig_1	1221680	1221931	-	LLMDKN_002728	9.7	8.7	PF07494.17|Reg_prop	PFAM:PF07494.17
contig_1	1222137	1222244	+	LLMDKN_002729	3.8	8.3		
contig_1	1222523	1223182	+	LLMDKN_002730	24.0	6.9	PF07715.20|Plug	PFAM:PF07715.20
contig_1	1223394	1223663	+	LLMDKN_002731	9.8	9.3		
contig_1	1223700	1224404	+	LLMDKN_002732	26.6	5.9	PF00593.30|TonB_dep_Rec_b-barrel	PFAM:PF00593.30
contig_1	1224562	1225086	+	LLMDKN_002733	19.4	5.1		
contig_1	1225316	1226683	+	LLMDKN_002734	51.3	6.2	PF07980.17|SusD_RagB, PF14322.12|SusD-like_3	PFAM:PF07980.17, PFAM:PF14322.12
contig_1	1226701	1227300	+	LLMDKN_002735	22.9	5.8	PF07980.17|SusD_RagB	PFAM:PF07980.17
contig_1	1228871	1229680	+	LLMDKN_002737	30.8	6.6	PF01120.23|Alpha_L_fucos	PFAM:PF01120.23
contig_1	1229692	1230135	+	LLMDKN_002738	16.8	7.8		
contig_1	1230430	1230801	+	LLMDKN_002739	14.0	7.8		
contig_1	1230859	1231065	-	LLMDKN_002740	7.7	4.4		
contig_1	1231581	1231901	+	LLMDKN_002741	11.7	6.9		
contig_1	1231953	1232351	+	LLMDKN_002742	14.7	5.4		
contig_1	1232404	1232919	+	LLMDKN_002743	19.3	6.3		
contig_1	1232904	1233209	+	LLMDKN_002744	11.3	6.9		
contig_1	1233151	1233324	+	LLMDKN_002745	6.4	8.1		
contig_1	1233321	1233785	+	LLMDKN_002746	17.3	8.4		
contig_1	1233772	1233969	+	LLMDKN_002747	7.3	11.4		
contig_1	1233995	1234225	-	LLMDKN_002748	8.2	4.1	PF13242.12|Hydrolase_like	PFAM:PF13242.12
contig_1	1234222	1234617	-	LLMDKN_002749	14.6	6.4	PF00702.32|Hydrolase	PFAM:PF00702.32
contig_1	1234911	1235447	+	LLMDKN_002750	20.1	8.4		
contig_1	1235524	1235982	+	LLMDKN_002751	17.5	8.4		
contig_1	1236468	1236866	+	LLMDKN_002753	15.3	9.2	PF13026.12|DUF3887	PFAM:PF13026.12
contig_1	1237039	1237332	+	LLMDKN_002754	10.6	5.8		
contig_1	1237464	1237697	+	LLMDKN_002755	8.9	8.9		
contig_1	1238376	1239503	+	LLMDKN_002756	41.7	8.9	PF00456.26|Transketolase_N, PF02775.26|TPP_enzyme_C	PFAM:PF00456.26, PFAM:PF02775.26
contig_1	1239500	1239685	+	LLMDKN_002757	6.8	5.4	PF02779.29|Transket_pyr	PFAM:PF02779.29
contig_1	1239691	1240248	+	LLMDKN_002758	21.0	9.4	PF02779.29|Transket_pyr, PF02780.25|Transketolase_C	PFAM:PF02779.29, PFAM:PF02780.25
contig_1	1240187	1240360	+	LLMDKN_002759	6.6	6.0		
contig_1	1240415	1240546	+	LLMDKN_002760	4.8	5.5	PF02254.24|TrkA_N, PF02558.23|ApbA	PFAM:PF02254.24, PFAM:PF02558.23
contig_1	1240503	1240895	+	LLMDKN_002761	14.4	7.8		
contig_1	1240892	1241380	+	LLMDKN_002762	18.3	5.5	PF02080.26|TrkA_C, PF02254.24|TrkA_N	PFAM:PF02080.26, PFAM:PF02254.24
contig_1	1241371	1241655	+	LLMDKN_002763	10.4	5.2		
contig_1	1241597	1241758	+	LLMDKN_002764	5.7	7.9	PF02080.26|TrkA_C	PFAM:PF02080.26
contig_1	1241763	1242278	+	LLMDKN_002765	19.2	8.5		
contig_1	1242297	1242905	+	LLMDKN_002766	22.3	9.1		
contig_1	1242902	1243228	+	LLMDKN_002767	11.7	4.8		
contig_1	1243349	1243582	+	LLMDKN_002768	8.8	7.8		
contig_1	1243878	1244264	+	LLMDKN_002769	14.4	8.4		
contig_1	1244851	1245102	+	LLMDKN_002771	9.5	5.6	PF00329.25|Complex1_30kDa	PFAM:PF00329.25
contig_1	1245179	1245742	+	LLMDKN_002772	21.9	6.4		
contig_1	1245699	1246448	+	LLMDKN_002773	28.0	7.0		
contig_1	1247569	1248030	+	LLMDKN_002775	17.2	9.4	PF00037.32|Fer4	PFAM:PF00037.32
contig_1	1248947	1249489	+	LLMDKN_002778	20.3	9.4	PF00361.26|Proton_antipo_M, PF00662.26|Proton_antipo_N	PFAM:PF00361.26, PFAM:PF00662.26
contig_1	1250911	1252734	+	LLMDKN_002780	66.7	8.9	PF00361.26|Proton_antipo_M	PFAM:PF00361.26
contig_1	1252737	1253720	+	LLMDKN_002781	36.0	9.2	PF00361.26|Proton_antipo_M	PFAM:PF00361.26
contig_1	1253929	1254141	-	LLMDKN_002782	7.8	6.0	PF02518.31|HATPase_c	PFAM:PF02518.31
contig_1	1254248	1256104	-	LLMDKN_002783	71.3	4.8	PF00512.31|HisKA, PF01590.32|GAF, PF08447.18|PAS_3, PF08448.16|PAS_4, PF13185.12|GAF_2	PFAM:PF00512.31, PFAM:PF01590.32, PFAM:PF08447.18, PFAM:PF08448.16, PFAM:PF13185.12
contig_1	1256204	1256686	-	LLMDKN_002784	19.0	5.1		
contig_1	1256923	1257207	+	LLMDKN_002785	10.2	10.0	PF13620.12|CarboxypepD_reg, PF13715.12|CarbopepD_reg_2	PFAM:PF13620.12, PFAM:PF13715.12
contig_1	1257222	1257395	+	LLMDKN_002786	6.2	9.2		
contig_1	1257431	1257745	+	LLMDKN_002787	11.6	10.0		
contig_1	1257769	1258515	+	LLMDKN_002788	27.9	8.9		
contig_1	1258512	1259300	+	LLMDKN_002789	30.1	5.1	PF00593.30|TonB_dep_Rec_b-barrel	PFAM:PF00593.30
contig_1	1259372	1259623	+	LLMDKN_002790	9.4	9.5		
contig_1	1259702	1259884	+	LLMDKN_002791	6.1	4.7		
contig_1	1259881	1260342	+	LLMDKN_002792	16.5	9.0		
contig_1	1260482	1260682	+	LLMDKN_002793	7.2	4.4		
contig_1	1260715	1260975	+	LLMDKN_002794	9.1	4.8		
contig_1	1262343	1262612	+	LLMDKN_002796	9.4	6.5		
contig_1	1262935	1263177	-	LLMDKN_002797	9.1	4.3	PF01042.26|Ribonuc_L-PSP	PFAM:PF01042.26
contig_1	1263279	1263857	-	LLMDKN_002798	21.1	6.3		
contig_1	1263827	1264063	-	LLMDKN_002799	9.2	9.0		
contig_1	1264067	1264399	-	LLMDKN_002800	13.0	6.1		
contig_1	1264384	1264614	-	LLMDKN_002801	8.8	6.0		
contig_1	1264739	1265509	-	LLMDKN_002802	28.3	7.6		
contig_1	1265651	1265875	-	LLMDKN_002803	8.7	6.1		
contig_1	1265872	1266057	-	LLMDKN_002804	7.3	7.7		
contig_1	1266054	1266719	-	LLMDKN_002805	24.7	9.1		
contig_1	1266760	1267035	-	LLMDKN_002806	10.3	7.6		
contig_1	1267053	1267271	-	LLMDKN_002807	8.3	6.2		
contig_1	1268554	1268880	-	LLMDKN_002809	12.0	8.8		
contig_1	1269004	1269831	-	LLMDKN_002810	30.8	8.4		
contig_1	1269985	1270593	-	LLMDKN_002811	22.5	5.6	PF04041.19|Glyco_hydro_130	PFAM:PF04041.19
contig_1	1270783	1271133	-	LLMDKN_002812	13.2	9.1		
contig_1	1271229	1271510	-	LLMDKN_002813	10.9	6.0		
contig_1	1271524	1272087	-	LLMDKN_002814	21.7	7.1	PF02156.21|Glyco_hydro_26	PFAM:PF02156.21
contig_1	1272051	1272347	-	LLMDKN_002815	10.6	10.2		
contig_1	1272389	1272757	-	LLMDKN_002816	13.3	4.6	PF01208.23|URO-D	PFAM:PF01208.23
contig_1	1272845	1273387	-	LLMDKN_002817	19.6	5.5	PF01208.23|URO-D	PFAM:PF01208.23
contig_1	1273359	1273520	-	LLMDKN_002818	6.0	9.8		
contig_1	1273520	1274740	-	LLMDKN_002819	43.7	5.1	PF02310.24|B12-binding, PF02607.22|B12-binding_2	PFAM:PF02310.24, PFAM:PF02607.22
contig_1	1274917	1275465	-	LLMDKN_002820	21.0	6.1	PF01208.23|URO-D	PFAM:PF01208.23
contig_1	1275706	1276131	-	LLMDKN_002821	15.5	5.1		
contig_1	1276137	1276259	-	LLMDKN_002822	4.6	4.8		
contig_1	1276295	1276687	-	LLMDKN_002823	14.8	9.8	PF01915.27|Glyco_hydro_3_C	PFAM:PF01915.27
contig_1	1276781	1277053	-	LLMDKN_002824	10.5	10.0		
contig_1	1276995	1277360	-	LLMDKN_002825	13.4	9.1	PF01915.27|Glyco_hydro_3_C	PFAM:PF01915.27
contig_1	1277347	1277730	-	LLMDKN_002826	13.6	4.9	PF00933.27|Glyco_hydro_3	PFAM:PF00933.27
contig_1	1277938	1278441	-	LLMDKN_002827	18.9	5.7	PF00933.27|Glyco_hydro_3	PFAM:PF00933.27
contig_1	1278461	1278580	-	LLMDKN_002828	4.4	10.2		
contig_1	1278577	1278750	-	LLMDKN_002829	6.3	4.1		
contig_1	1278760	1279722	-	LLMDKN_002830	36.2	5.9	PF02449.21|Glyco_hydro_42, PF02836.23|Glyco_hydro_2_C	PFAM:PF02449.21, PFAM:PF02836.23
contig_1	1279679	1279876	-	LLMDKN_002831	7.0	9.0		
contig_1	1280026	1280322	-	LLMDKN_002832	11.2	8.7		
contig_1	1280334	1281023	-	LLMDKN_002833	27.0	5.9	PF02156.21|Glyco_hydro_26	PFAM:PF02156.21
contig_1	1281109	1281423	-	LLMDKN_002834	11.8	4.6		
contig_1	1281538	1282209	-	LLMDKN_002835	24.9	9.2		
contig_1	1282167	1282559	-	LLMDKN_002836	14.4	8.6	PF18099.7|CBM_35_2	PFAM:PF18099.7
contig_1	1282951	1283454	-	LLMDKN_002837	18.7	4.4		
contig_1	1283499	1283726	-	LLMDKN_002838	8.9	6.6		
contig_1	1283723	1283899	-	LLMDKN_002839	7.0	10.0		
contig_1	1283884	1284324	-	LLMDKN_002840	16.1	10.0		
contig_1	1284327	1284605	-	LLMDKN_002841	10.9	7.9		
contig_1	1284625	1285599	-	LLMDKN_002842	37.2	6.6		
contig_1	1285596	1286012	-	LLMDKN_002843	15.7	5.8		
contig_1	1286242	1286574	-	LLMDKN_002844	12.7	4.4	PF18329.7|SGBP_B_XBD	PFAM:PF18329.7
contig_1	1286571	1287176	-	LLMDKN_002845	21.7	4.6	PF01833.30|TIG	PFAM:PF01833.30
contig_1	1287158	1287388	-	LLMDKN_002846	8.8	8.5		
contig_1	1287382	1287732	-	LLMDKN_002847	13.5	4.9	PF07980.17|SusD_RagB	PFAM:PF07980.17
contig_1	1287732	1288148	-	LLMDKN_002848	16.1	5.6		
contig_1	1288225	1288533	-	LLMDKN_002849	12.4	10.0		
contig_1	1288499	1289017	-	LLMDKN_002850	18.9	4.8	PF14322.12|SusD-like_3	PFAM:PF14322.12
contig_1	1289072	1289338	-	LLMDKN_002851	10.0	7.8		
contig_1	1289542	1289646	-	LLMDKN_002852	3.6	4.4		
contig_1	1289694	1289996	-	LLMDKN_002853	11.2	8.0		
contig_1	1290078	1290500	-	LLMDKN_002854	15.4	10.0		
contig_1	1290538	1290732	-	LLMDKN_002855	7.4	9.0		
contig_1	1290744	1290944	-	LLMDKN_002856	7.5	4.7		
contig_1	1291012	1291209	-	LLMDKN_002857	7.5	10.0		
contig_1	1291148	1291609	-	LLMDKN_002858	16.9	4.8	PF07715.20|Plug	PFAM:PF07715.20
contig_1	1291606	1292271	-	LLMDKN_002859	23.5	6.6	PF07715.20|Plug, PF13620.12|CarboxypepD_reg, PF13715.12|CarbopepD_reg_2	PFAM:PF07715.20, PFAM:PF13620.12, PFAM:PF13715.12
contig_1	1292492	1292674	-	LLMDKN_002860	6.7	10.2		
contig_1	1292874	1293326	-	LLMDKN_002861	17.0	5.5	PF01915.27|Glyco_hydro_3_C	PFAM:PF01915.27
contig_1	1293443	1293562	-	LLMDKN_002862	4.1	9.2		
contig_1	1293570	1293716	-	LLMDKN_002863	5.5	9.3		
contig_1	1293713	1294279	-	LLMDKN_002864	20.8	5.4	PF00933.27|Glyco_hydro_3	PFAM:PF00933.27
contig_1	1294219	1294749	-	LLMDKN_002865	19.3	9.4		
contig_1	1295735	1295929	+	LLMDKN_002867	6.8	4.5	PF00248.27|Aldo_ket_red	PFAM:PF00248.27
contig_1	1296061	1296192	-	LLMDKN_002868	5.1	5.2		
contig_1	1296248	1296778	-	LLMDKN_002869	20.7	6.3		
contig_1	1296735	1297010	-	LLMDKN_002870	10.9	5.3		
contig_1	1297016	1297348	-	LLMDKN_002871	12.9	4.8		
contig_1	1297813	1298292	-	LLMDKN_002873	17.1	9.1	PF00216.26|Bac_DNA_binding, PF18291.6|HU-HIG	PFAM:PF00216.26, PFAM:PF18291.6
contig_1	1298704	1299054	-	LLMDKN_002874	13.3	6.6		
contig_1	1299051	1299311	-	LLMDKN_002875	9.4	10.5		
contig_1	1299314	1299643	-	LLMDKN_002876	12.7	9.6		
contig_1	1299664	1299948	-	LLMDKN_002877	10.7	5.4		
contig_1	1300493	1300720	-	LLMDKN_002878	8.5	9.6		
contig_1	1300807	1301256	-	LLMDKN_002879	16.4	6.3	PF04321.23|RmlD_sub_bind, PF16363.11|GDP_Man_Dehyd	PFAM:PF04321.23, PFAM:PF16363.11
contig_1	1301263	1302042	-	LLMDKN_002880	28.9	5.6	PF13692.12|Glyco_trans_1_4	PFAM:PF13692.12
contig_1	1302153	1302485	-	LLMDKN_002881	12.6	9.4		
contig_1	1302553	1302678	-	LLMDKN_002882	4.5	4.1		
contig_1	1302666	1302848	-	LLMDKN_002883	6.9	6.1		
contig_1	1302897	1303451	-	LLMDKN_002884	20.6	5.8		
contig_1	1303460	1303666	-	LLMDKN_002885	8.0	5.1		
contig_1	1303666	1303863	-	LLMDKN_002886	7.5	4.1	PF14667.12|Polysacc_synt_C	PFAM:PF14667.12
contig_1	1304034	1304414	-	LLMDKN_002887	14.2	5.4		
contig_1	1304686	1304820	-	LLMDKN_002888	4.8	10.6		
contig_1	1304865	1305530	-	LLMDKN_002889	24.9	5.8		
contig_1	1305550	1305756	-	LLMDKN_002890	7.7	8.9		
contig_1	1306104	1306256	-	LLMDKN_002891	5.6	10.0		
contig_1	1306260	1306412	-	LLMDKN_002892	5.8	8.0		
contig_1	1306379	1306633	-	LLMDKN_002893	9.9	6.8		
contig_1	1306711	1306920	-	LLMDKN_002894	8.4	4.9		
contig_1	1306937	1307443	-	LLMDKN_002895	19.6	8.5	PF13692.12|Glyco_trans_1_4	PFAM:PF13692.12
contig_1	1307590	1307901	-	LLMDKN_002896	12.0	9.1		
contig_1	1307942	1308133	-	LLMDKN_002897	7.4	10.1		
contig_1	1308161	1308541	-	LLMDKN_002898	14.8	9.5		
contig_1	1308958	1309092	-	LLMDKN_002899	4.9	4.1		
contig_1	1309304	1309453	-	LLMDKN_002900	5.8	9.6		
contig_1	1309526	1309774	-	LLMDKN_002901	9.6	8.6		
contig_1	1309789	1310019	-	LLMDKN_002902	8.9	5.8		
contig_1	1310025	1310363	-	LLMDKN_002903	13.4	4.5		
contig_1	1310398	1310565	-	LLMDKN_002904	6.4	8.8		
contig_1	1310608	1310820	-	LLMDKN_002905	8.4	9.4		
contig_1	1310831	1311223	-	LLMDKN_002906	14.7	4.6	PF00535.33|Glycos_transf_2, PF13641.12|Glyco_tranf_2_3	PFAM:PF00535.33, PFAM:PF13641.12
contig_1	1311415	1311642	-	LLMDKN_002907	9.1	8.9		
contig_1	1311733	1311918	-	LLMDKN_002908	7.3	4.3		
contig_1	1312049	1312138	-	LLMDKN_002909	3.4	5.2		
contig_1	1312153	1312320	-	LLMDKN_002910	6.2	5.9		
contig_1	1312874	1313068	-	LLMDKN_002911	7.2	5.6	PF00465.25|Fe-ADH	PFAM:PF00465.25
contig_1	1313173	1313310	-	LLMDKN_002912	5.5	6.5		
contig_1	1313307	1313564	-	LLMDKN_002913	9.4	8.7	PF02775.26|TPP_enzyme_C	PFAM:PF02775.26
contig_1	1313573	1313755	-	LLMDKN_002914	6.5	5.4	PF02775.26|TPP_enzyme_C	PFAM:PF02775.26
contig_1	1313898	1314215	-	LLMDKN_002915	11.8	5.5		
contig_1	1315198	1315350	-	LLMDKN_002916	5.7	10.4		
contig_1	1316166	1316612	-	LLMDKN_002917	16.6	5.2		
contig_1	1316635	1316922	-	LLMDKN_002918	11.5	9.5		
contig_1	1317187	1317393	-	LLMDKN_002919	7.7	9.1		
contig_1	1317444	1317872	-	LLMDKN_002920	16.9	6.5	PF01041.23|DegT_DnrJ_EryC1	PFAM:PF01041.23
contig_1	1317826	1318128	-	LLMDKN_002921	11.1	5.8	PF01041.23|DegT_DnrJ_EryC1	PFAM:PF01041.23
contig_1	1318121	1318546	-	LLMDKN_002922	15.4	5.0	PF01041.23|DegT_DnrJ_EryC1	PFAM:PF01041.23
contig_1	1318849	1318977	-	LLMDKN_002923	4.9	4.4	PF05523.17|FdtA	PFAM:PF05523.17
contig_1	1318974	1319186	-	LLMDKN_002924	8.5	6.1	PF05523.17|FdtA	PFAM:PF05523.17
contig_1	1319143	1319394	-	LLMDKN_002925	9.5	6.6	PF05523.17|FdtA	PFAM:PF05523.17
contig_1	1319897	1320361	-	LLMDKN_002927	17.2	4.6	PF12804.13|NTP_transf_3	PFAM:PF12804.13
contig_1	1320442	1320807	-	LLMDKN_002928	13.7	4.2		
contig_1	1320804	1320929	-	LLMDKN_002929	4.5	4.2		
contig_1	1321360	1321485	-	LLMDKN_002930	4.9	6.2		
contig_1	1322239	1322445	-	LLMDKN_002931	7.9	7.7		
contig_1	1322629	1322907	+	LLMDKN_002932	10.8	7.9		
contig_1	1323064	1323309	+	LLMDKN_002933	9.5	5.5	PF14297.12|Lin1244_N	PFAM:PF14297.12
contig_1	1323332	1323499	+	LLMDKN_002934	6.1	9.7		
contig_1	1323674	1323880	+	LLMDKN_002935	7.6	10.1		
contig_1	1325144	1325323	-	LLMDKN_002937	7.0	7.7		
contig_1	1325280	1325501	-	LLMDKN_002938	8.5	9.6		
contig_1	1325577	1326272	-	LLMDKN_002939	25.7	9.6	PF00924.24|MS_channel_2nd	PFAM:PF00924.24
contig_1	1326214	1326369	-	LLMDKN_002940	5.7	4.6		
contig_1	1326341	1326595	-	LLMDKN_002941	10.2	7.8		
contig_1	1326583	1326960	-	LLMDKN_002942	15.1	9.5	PF14491.11|DUF4435	PFAM:PF14491.11
contig_1	1326930	1327184	-	LLMDKN_002943	9.6	9.1	PF14491.11|DUF4435	PFAM:PF14491.11
contig_1	1327241	1327357	-	LLMDKN_002944	4.3	9.8		
contig_1	1327379	1327612	-	LLMDKN_002945	8.7	4.5	PF13175.12|AAA_15, PF13304.12|AAA_21	PFAM:PF13175.12, PFAM:PF13304.12
contig_1	1327603	1328007	-	LLMDKN_002946	16.1	9.1		
contig_1	1327994	1328224	-	LLMDKN_002947	8.7	8.1		
contig_1	1328304	1328717	+	LLMDKN_002948	15.3	8.8	PF00892.27|EamA	PFAM:PF00892.27
contig_1	1328782	1329171	+	LLMDKN_002949	14.8	8.4	PF00892.27|EamA	PFAM:PF00892.27
contig_1	1329327	1329560	-	LLMDKN_002950	9.4	5.8		
contig_1	1330418	1330699	-	LLMDKN_002952	10.4	10.7	PF22544.2|HYDIN_VesB_CFA65-like_Ig	PFAM:PF22544.2
contig_1	1330708	1330983	-	LLMDKN_002953	10.0	5.7		
contig_1	1331019	1331174	-	LLMDKN_002954	5.8	4.7		
contig_1	1331162	1331506	-	LLMDKN_002955	13.0	10.5	PF22544.2|HYDIN_VesB_CFA65-like_Ig	PFAM:PF22544.2
contig_1	1331921	1332175	-	LLMDKN_002956	9.5	9.6	PF17973.7|bMG10	PFAM:PF17973.7
contig_1	1332223	1332738	-	LLMDKN_002957	19.3	5.3		
contig_1	1332879	1333055	-	LLMDKN_002958	6.7	6.9		
contig_1	1333177	1333329	-	LLMDKN_002959	5.7	4.9		
contig_1	1333333	1334088	-	LLMDKN_002960	28.1	9.3		
contig_1	1334175	1335110	-	LLMDKN_002961	35.7	7.0		
contig_1	1335400	1335705	-	LLMDKN_002962	11.6	7.9		
contig_1	1335702	1335989	-	LLMDKN_002963	10.7	6.0	PF01835.25|MG2	PFAM:PF01835.25
contig_1	1336066	1336299	-	LLMDKN_002964	8.4	9.2		
contig_1	1336577	1337194	-	LLMDKN_002965	23.1	5.1		
contig_1	1337158	1337559	-	LLMDKN_002966	15.8	9.6		
contig_1	1337803	1338129	+	LLMDKN_002967	12.2	5.0		
contig_1	1338792	1338938	+	LLMDKN_002968	5.7	5.2		
contig_1	1338989	1340074	+	LLMDKN_002969	40.0	8.9	PF07715.20|Plug, PF13715.12|CarbopepD_reg_2	PFAM:PF07715.20, PFAM:PF13715.12
contig_1	1340213	1340587	+	LLMDKN_002970	14.1	9.3		
contig_1	1340617	1340889	+	LLMDKN_002971	10.7	9.1		
contig_1	1340852	1341262	+	LLMDKN_002972	15.9	8.6		
contig_1	1341275	1341661	+	LLMDKN_002973	14.2	4.6		
contig_1	1341751	1341942	+	LLMDKN_002974	8.0	6.5		
contig_1	1342044	1342454	+	LLMDKN_002975	15.8	6.3		
contig_1	1342451	1342696	+	LLMDKN_002976	9.6	8.4		
contig_1	1342699	1343316	+	LLMDKN_002977	23.0	5.3		
contig_1	1343316	1343450	+	LLMDKN_002978	5.0	4.6		
contig_1	1343435	1343776	+	LLMDKN_002979	13.2	9.3		
contig_1	1344780	1344965	-	LLMDKN_002980	6.6	6.0		
contig_1	1344962	1345246	-	LLMDKN_002981	10.2	8.5		
contig_1	1345185	1345763	-	LLMDKN_002982	21.2	4.5	PF07687.19|M20_dimer	PFAM:PF07687.19
contig_1	1345760	1346077	-	LLMDKN_002983	11.4	5.1		
contig_1	1346298	1346405	+	LLMDKN_002984	4.3	9.8		
contig_1	1346745	1347254	-	LLMDKN_002985	19.2	9.4		
contig_1	1347561	1347677	+	LLMDKN_002986	4.2	4.8		
contig_1	1347680	1347868	+	LLMDKN_002987	7.2	4.2		
contig_1	1347858	1348358	+	LLMDKN_002988	18.9	9.3	PF00398.26|RrnaAD	PFAM:PF00398.26
contig_1	1348516	1348854	+	LLMDKN_002989	12.9	4.1	PF03448.22|MgtE_N	PFAM:PF03448.22
contig_1	1348857	1348973	+	LLMDKN_002990	4.7	4.5		
contig_1	1348970	1349497	+	LLMDKN_002991	18.8	4.6	PF00571.33|CBS	PFAM:PF00571.33
contig_1	1349442	1349750	+	LLMDKN_002992	11.1	9.1		
contig_1	1349869	1350195	+	LLMDKN_002993	12.5	6.2		
contig_1	1350137	1350424	+	LLMDKN_002994	10.8	5.1	PF03993.17|DUF349	PFAM:PF03993.17
contig_1	1350672	1351046	+	LLMDKN_002995	14.9	9.3	PF03993.17|DUF349	PFAM:PF03993.17
contig_1	1351009	1351146	+	LLMDKN_002996	5.3	7.8	PF03993.17|DUF349	PFAM:PF03993.17
contig_1	1351344	1351640	+	LLMDKN_002997	11.5	9.5		
contig_1	1352254	1352415	+	LLMDKN_002999	5.9	5.1		
contig_1	1352498	1352611	+	LLMDKN_003000	4.4	4.4		
contig_1	1352621	1353502	+	LLMDKN_003001	32.5	9.2	PF00004.35|AAA	PFAM:PF00004.35
contig_1	1353527	1353844	+	LLMDKN_003002	11.9	4.9	PF00004.35|AAA	PFAM:PF00004.35
contig_1	1356445	1356738	-	LLMDKN_003006	11.3	10.0		
contig_1	1356714	1357088	-	LLMDKN_003007	13.9	5.3		
contig_1	1357185	1357577	-	LLMDKN_003008	15.0	9.1		
contig_1	1357574	1357879	-	LLMDKN_003009	11.7	4.8		
contig_1	1357885	1358148	-	LLMDKN_003010	9.2	5.0	PF01975.23|SurE	PFAM:PF01975.23
contig_1	1358129	1358341	-	LLMDKN_003011	7.6	8.6	PF01975.23|SurE	PFAM:PF01975.23
contig_1	1358673	1359176	+	LLMDKN_003012	18.7	8.6	PF00142.24|Fer4_NifH, PF01656.29|CbiA, PF02374.21|ArsA_ATPase, PF06564.18|CBP_BcsQ, PF09140.17|MipZ, PF13614.12|AAA_31	PFAM:PF00142.24, PFAM:PF01656.29, PFAM:PF02374.21, PFAM:PF06564.18, PFAM:PF09140.17, PFAM:PF13614.12
contig_1	1359243	1359590	+	LLMDKN_003013	12.8	7.9	PF01656.29|CbiA, PF13614.12|AAA_31	PFAM:PF01656.29, PFAM:PF13614.12
contig_1	1359627	1360379	+	LLMDKN_003014	28.2	5.8	PF17762.7|HTH_ParB	PFAM:PF17762.7
contig_1	1360578	1360886	-	LLMDKN_003015	10.9	11.8		
contig_1	1360899	1361300	+	LLMDKN_003016	15.4	8.9		
contig_1	1361434	1361610	+	LLMDKN_003017	6.6	6.1		
contig_1	1361643	1362137	+	LLMDKN_003018	18.7	5.4	PF01464.25|SLT	PFAM:PF01464.25
contig_1	1362134	1362502	+	LLMDKN_003019	14.1	7.7		
contig_1	1362749	1362931	-	LLMDKN_003020	6.9	9.8		
contig_1	1362967	1363227	+	LLMDKN_003021	9.0	4.7		
contig_1	1363206	1364096	+	LLMDKN_003022	34.6	5.4		
contig_1	1364135	1364311	+	LLMDKN_003023	6.7	10.7		
contig_1	1364305	1364829	+	LLMDKN_003024	20.7	9.2		
contig_1	1365228	1365377	-	LLMDKN_003025	6.0	9.9		
contig_1	1365316	1365441	-	LLMDKN_003026	4.7	4.4		
contig_1	1365456	1365932	-	LLMDKN_003027	17.2	9.3	PF01551.29|Peptidase_M23	PFAM:PF01551.29
contig_1	1365926	1366426	-	LLMDKN_003028	19.4	9.8		
contig_1	1366532	1366741	+	LLMDKN_003029	7.8	8.1		
contig_1	1366860	1367129	+	LLMDKN_003030	10.1	4.9		
contig_1	1367126	1367749	+	LLMDKN_003031	24.1	10.2		
contig_1	1367897	1368175	+	LLMDKN_003032	10.8	6.6		
contig_1	1368172	1368570	+	LLMDKN_003033	14.7	5.8		
contig_1	1368644	1368778	+	LLMDKN_003034	5.0	8.1		
contig_1	1368818	1369126	+	LLMDKN_003035	10.8	9.3	PF02272.25|DHHA1	PFAM:PF02272.25
contig_1	1369696	1370163	-	LLMDKN_003036	18.1	5.8		
contig_1	1370482	1370832	+	LLMDKN_003037	12.3	6.0		
contig_1	1370921	1371397	+	LLMDKN_003038	17.7	7.9		
contig_1	1371348	1371599	+	LLMDKN_003039	8.6	7.7		
contig_1	1372258	1372617	+	LLMDKN_003040	13.2	5.2	PF17678.7|Glyco_hydro_92N	PFAM:PF17678.7
contig_1	1372614	1372988	+	LLMDKN_003041	13.8	5.1	PF17678.7|Glyco_hydro_92N	PFAM:PF17678.7
contig_1	1373129	1373464	+	LLMDKN_003042	12.8	8.6	PF07971.18|Glyco_hydro_92	PFAM:PF07971.18
contig_1	1373449	1374303	+	LLMDKN_003043	32.4	5.7	PF07971.18|Glyco_hydro_92	PFAM:PF07971.18
contig_1	1374930	1375163	+	LLMDKN_003045	8.9	6.1		
contig_1	1375192	1375467	+	LLMDKN_003046	10.0	4.9		
contig_1	1375480	1375638	+	LLMDKN_003047	5.8	6.6		
contig_1	1375658	1375768	+	LLMDKN_003048	4.2	4.7		
contig_1	1376122	1376529	+	LLMDKN_003049	15.1	6.9	PF17678.7|Glyco_hydro_92N	PFAM:PF17678.7
contig_1	1376520	1376738	+	LLMDKN_003050	8.4	8.6		
contig_1	1376783	1377181	+	LLMDKN_003051	15.3	5.5	PF07971.18|Glyco_hydro_92	PFAM:PF07971.18
contig_1	1377145	1377690	+	LLMDKN_003052	20.5	6.4	PF07971.18|Glyco_hydro_92	PFAM:PF07971.18
contig_1	1377635	1378102	+	LLMDKN_003053	17.1	5.3	PF07971.18|Glyco_hydro_92	PFAM:PF07971.18
contig_1	1378116	1378223	+	LLMDKN_003054	4.0	4.7		
contig_1	1378577	1378861	+	LLMDKN_003055	10.3	8.5	PF17678.7|Glyco_hydro_92N	PFAM:PF17678.7
contig_1	1378877	1379794	+	LLMDKN_003056	34.6	6.7	PF07971.18|Glyco_hydro_92, PF17678.7|Glyco_hydro_92N	PFAM:PF07971.18, PFAM:PF17678.7
contig_1	1379848	1380048	+	LLMDKN_003057	7.6	6.5	PF07971.18|Glyco_hydro_92	PFAM:PF07971.18
contig_1	1380045	1380287	+	LLMDKN_003058	9.4	9.6	PF07971.18|Glyco_hydro_92	PFAM:PF07971.18
contig_1	1380247	1380573	+	LLMDKN_003059	12.5	4.8	PF07971.18|Glyco_hydro_92	PFAM:PF07971.18
contig_1	1380629	1380832	+	LLMDKN_003060	7.6	6.6	PF07971.18|Glyco_hydro_92	PFAM:PF07971.18
contig_1	1381221	1381433	+	LLMDKN_003061	7.9	8.1		
contig_1	1381737	1382483	+	LLMDKN_003062	27.0	8.9	PF07715.20|Plug	PFAM:PF07715.20
contig_1	1382516	1382731	+	LLMDKN_003063	8.0	9.8		
contig_1	1382753	1384300	+	LLMDKN_003064	59.1	7.0	PF00593.30|TonB_dep_Rec_b-barrel	PFAM:PF00593.30
contig_1	1384422	1384571	+	LLMDKN_003065	5.4	6.5		
contig_1	1384593	1384712	+	LLMDKN_003066	4.6	9.2		
contig_1	1384947	1385171	+	LLMDKN_003067	9.1	8.7		
contig_1	1385272	1386162	+	LLMDKN_003068	33.9	5.4	PF12741.13|SusD-like, PF12771.13|SusD-like_2	PFAM:PF12741.13, PFAM:PF12771.13
contig_1	1386424	1386648	-	LLMDKN_003069	8.8	6.7	PF13538.12|UvrD_C_2	PFAM:PF13538.12
contig_1	1386645	1387064	-	LLMDKN_003070	16.6	5.5		
contig_1	1387030	1387461	-	LLMDKN_003071	15.6	4.6		
contig_1	1387529	1387723	-	LLMDKN_003072	7.0	10.0	PF10412.15|TrwB_AAD_bind	PFAM:PF10412.15
contig_1	1387669	1387848	-	LLMDKN_003073	7.0	4.3		
contig_1	1387948	1388082	+	LLMDKN_003074	4.8	7.8		
contig_1	1388315	1388833	+	LLMDKN_003075	19.3	9.4		
contig_1	1390243	1390602	-	LLMDKN_003077	13.3	6.7	PF13091.12|PLDc_2	PFAM:PF13091.12
contig_1	1390581	1390979	-	LLMDKN_003078	15.6	7.8	PF13091.12|PLDc_2	PFAM:PF13091.12
contig_1	1390922	1391164	-	LLMDKN_003079	9.5	7.7		
contig_1	1391133	1391420	-	LLMDKN_003080	10.5	9.4	PF13396.11|PLDc_N	PFAM:PF13396.11
contig_1	1391574	1392113	-	LLMDKN_003081	20.2	9.9		
contig_1	1392113	1392421	-	LLMDKN_003082	11.8	9.4		
contig_1	1392370	1392915	-	LLMDKN_003083	20.7	10.0		
contig_1	1392999	1394177	-	LLMDKN_003084	43.1	5.3		
contig_1	1394203	1394487	-	LLMDKN_003085	10.3	9.2		
contig_1	1394576	1394785	-	LLMDKN_003086	7.9	10.3		
contig_1	1394724	1394888	-	LLMDKN_003087	6.2	9.1		
contig_1	1395111	1395404	+	LLMDKN_003088	11.1	5.7		
contig_1	1395343	1395657	+	LLMDKN_003089	11.4	10.1	PF01761.26|DHQ_synthase	PFAM:PF01761.26
contig_1	1395702	1395971	+	LLMDKN_003090	10.1	7.8	PF24621.2|DHQS_C	PFAM:PF24621.2
contig_1	1395947	1396174	+	LLMDKN_003091	9.0	5.2		
contig_1	1397003	1397347	+	LLMDKN_003093	13.2	8.9	PF01757.29|Acyl_transf_3	PFAM:PF01757.29
contig_1	1397335	1397790	+	LLMDKN_003094	17.9	9.3	PF01757.29|Acyl_transf_3	PFAM:PF01757.29
contig_1	1397912	1398175	-	LLMDKN_003095	9.6	6.9		
contig_1	1398297	1398740	-	LLMDKN_003096	16.5	10.5		
contig_1	1398733	1399230	-	LLMDKN_003097	19.3	7.7		
contig_1	1399218	1399880	-	LLMDKN_003098	25.3	8.7		
contig_1	1399884	1400357	-	LLMDKN_003099	17.1	4.8	PF16576.10|HlyD_D23	PFAM:PF16576.10
contig_1	1400333	1400869	-	LLMDKN_003100	20.7	9.8	PF13533.12|Biotin_lipoyl_2	PFAM:PF13533.12
contig_1	1402036	1402251	-	LLMDKN_003102	7.9	7.7		
contig_1	1402439	1402639	+	LLMDKN_003103	7.6	11.1		
contig_1	1402580	1403224	-	LLMDKN_003104	23.8	8.9		
contig_1	1403197	1403778	-	LLMDKN_003105	22.4	6.7	PF00728.28|Glyco_hydro_20	PFAM:PF00728.28
contig_1	1403744	1404235	-	LLMDKN_003106	18.9	5.3	PF00728.28|Glyco_hydro_20, PF02838.20|Glyco_hydro_20b	PFAM:PF00728.28, PFAM:PF02838.20
contig_1	1404228	1404542	-	LLMDKN_003107	11.2	8.4	PF02838.20|Glyco_hydro_20b	PFAM:PF02838.20
contig_1	1404819	1405022	-	LLMDKN_003108	7.5	8.9	PF02518.31|HATPase_c	PFAM:PF02518.31
contig_1	1404985	1405146	-	LLMDKN_003109	6.2	9.1	PF02518.31|HATPase_c	PFAM:PF02518.31
contig_1	1405143	1405445	-	LLMDKN_003110	11.1	4.1	PF00512.31|HisKA	PFAM:PF00512.31
contig_1	1405396	1405632	-	LLMDKN_003111	8.7	7.7		
contig_1	1405587	1405961	-	LLMDKN_003112	14.7	7.7		
contig_1	1406001	1406282	-	LLMDKN_003113	11.0	9.4	PF12833.13|HTH_18	PFAM:PF12833.13
contig_1	1406285	1406839	-	LLMDKN_003114	21.7	9.0		
contig_1	1407276	1407575	+	LLMDKN_003115	11.0	6.3		
contig_1	1407642	1407935	+	LLMDKN_003116	11.1	5.0		
contig_1	1408043	1408411	+	LLMDKN_003117	14.0	5.1		
contig_1	1408510	1408662	-	LLMDKN_003118	5.3	7.7		
contig_1	1408664	1409608	-	LLMDKN_003119	35.8	8.8	PF02929.23|Bgal_small_N	PFAM:PF02929.23
contig_1	1409641	1409832	-	LLMDKN_003120	7.2	5.7	PF16353.11|LacZ_4	PFAM:PF16353.11
contig_1	1409890	1411008	-	LLMDKN_003121	42.2	5.7	PF00703.27|Glyco_hydro_2, PF02836.23|Glyco_hydro_2_C	PFAM:PF00703.27, PFAM:PF02836.23
contig_1	1411306	1412058	-	LLMDKN_003122	28.8	6.9	PF14200.12|RicinB_lectin_2	PFAM:PF14200.12
contig_1	1412021	1412245	-	LLMDKN_003123	8.4	6.7		
contig_1	1412326	1412715	-	LLMDKN_003124	14.8	9.2	PF00754.31|F5_F8_type_C, PF22633.2|F5_F8_type_C_2	PFAM:PF00754.31, PFAM:PF22633.2
contig_1	1412712	1413734	-	LLMDKN_003125	38.6	5.7	PF01120.23|Alpha_L_fucos	PFAM:PF01120.23
contig_1	1413805	1413990	-	LLMDKN_003126	6.7	5.0		
contig_1	1413987	1414532	-	LLMDKN_003127	20.2	5.3	PF08522.16|BT_3987-like_N	PFAM:PF08522.16
contig_1	1414639	1414755	-	LLMDKN_003128	4.0	4.1		
contig_1	1414868	1415950	-	LLMDKN_003129	41.7	4.7	PF07980.17|SusD_RagB	PFAM:PF07980.17
contig_1	1416472	1416729	-	LLMDKN_003130	9.7	9.3		
contig_1	1416726	1417346	-	LLMDKN_003131	23.4	5.0		
contig_1	1417304	1418827	-	LLMDKN_003132	58.1	8.1	PF00593.30|TonB_dep_Rec_b-barrel	PFAM:PF00593.30
contig_1	1418791	1419114	-	LLMDKN_003133	11.5	9.1	PF07715.20|Plug	PFAM:PF07715.20
contig_1	1419138	1419656	-	LLMDKN_003134	18.4	5.5	PF13620.12|CarboxypepD_reg, PF13715.12|CarbopepD_reg_2	PFAM:PF13620.12, PFAM:PF13715.12
contig_1	1420686	1421009	-	LLMDKN_003135	12.5	9.8		
contig_1	1421093	1421239	-	LLMDKN_003136	5.4	4.1		
contig_1	1421226	1421714	-	LLMDKN_003137	17.9	4.6		
contig_1	1421711	1421896	-	LLMDKN_003138	7.0	9.5		
contig_1	1421841	1422452	-	LLMDKN_003139	23.5	6.7	PF01344.31|Kelch_1, PF13415.12|Kelch_3, PF13418.12|Kelch_4	PFAM:PF01344.31, PFAM:PF13415.12, PFAM:PF13418.12
contig_1	1422483	1422857	-	LLMDKN_003140	14.3	7.7		
contig_1	1422911	1423165	+	LLMDKN_003141	9.6	9.8		
contig_1	1423506	1423751	+	LLMDKN_003142	8.9	10.2	PF17293.8|Arm-DNA-bind_5	PFAM:PF17293.8
contig_1	1423841	1424044	+	LLMDKN_003143	7.9	6.9	PF13102.12|Phage_int_SAM_5	PFAM:PF13102.12
contig_1	1424065	1424349	+	LLMDKN_003144	10.9	6.6		
contig_1	1424414	1424695	+	LLMDKN_003145	10.7	9.5		
contig_1	1424756	1425058	+	LLMDKN_003146	11.2	9.4	PF17293.8|Arm-DNA-bind_5	PFAM:PF17293.8
contig_1	1425136	1425933	+	LLMDKN_003147	30.3	9.4	PF13102.12|Phage_int_SAM_5	PFAM:PF13102.12
contig_1	1426147	1426401	-	LLMDKN_003148	10.0	6.3		
contig_1	1426440	1426847	-	LLMDKN_003149	16.0	9.3		
contig_1	1427270	1427422	-	LLMDKN_003150	5.8	8.2		
contig_1	1427445	1427648	-	LLMDKN_003151	7.8	7.9		
contig_1	1427629	1427784	-	LLMDKN_003152	5.9	6.5		
contig_1	1428879	1429019	+	LLMDKN_003155	5.2	10.0	PF19514.5|MobC_2	PFAM:PF19514.5
contig_1	1429016	1429243	+	LLMDKN_003156	9.0	9.7	PF19514.5|MobC_2	PFAM:PF19514.5
contig_1	1429204	1429326	+	LLMDKN_003157	4.7	4.6	PF19514.5|MobC_2	PFAM:PF19514.5
contig_1	1429393	1429632	-	LLMDKN_003158	9.3	9.8	PF12728.13|HTH_17	PFAM:PF12728.13
contig_1	1430223	1430420	-	LLMDKN_003160	7.8	6.1		
contig_1	1430497	1430760	-	LLMDKN_003161	10.2	10.1	PF13751.12|DDE_Tnp_1_6	PFAM:PF13751.12
contig_1	1430843	1431034	-	LLMDKN_003162	7.4	9.0	PF13751.12|DDE_Tnp_1_6	PFAM:PF13751.12
contig_1	1431509	1431691	-	LLMDKN_003164	6.8	5.7		
contig_1	1431633	1431941	-	LLMDKN_003165	11.9	9.8	PF05598.16|DUF772	PFAM:PF05598.16
contig_1	1431886	1432134	-	LLMDKN_003166	9.2	5.6		
contig_1	1432259	1432435	-	LLMDKN_003167	6.6	8.0		
contig_1	1432426	1432710	-	LLMDKN_003168	10.3	9.2		
contig_1	1433032	1433220	-	LLMDKN_003169	7.0	10.1	PF00070.33|Pyr_redox, PF02558.23|ApbA	PFAM:PF00070.33, PFAM:PF02558.23
contig_1	1433217	1433819	-	LLMDKN_003170	23.2	8.4	PF00165.29|HTH_AraC, PF12833.13|HTH_18	PFAM:PF00165.29, PFAM:PF12833.13
contig_1	1434343	1434543	-	LLMDKN_003171	7.2	6.7	PF07971.18|Glyco_hydro_92	PFAM:PF07971.18
contig_1	1434540	1435340	-	LLMDKN_003172	30.2	6.0	PF07971.18|Glyco_hydro_92	PFAM:PF07971.18
contig_1	1435363	1435812	-	LLMDKN_003173	17.0	6.1	PF07971.18|Glyco_hydro_92	PFAM:PF07971.18
contig_1	1435875	1436126	-	LLMDKN_003174	9.1	4.9	PF17678.7|Glyco_hydro_92N	PFAM:PF17678.7
contig_1	1436120	1436404	-	LLMDKN_003175	10.8	9.2	PF17678.7|Glyco_hydro_92N	PFAM:PF17678.7
contig_1	1436760	1437089	-	LLMDKN_003176	12.6	8.8		
contig_1	1437127	1437372	-	LLMDKN_003177	9.0	5.0		
contig_1	1437377	1437973	-	LLMDKN_003178	22.0	8.7		
contig_1	1437939	1438160	-	LLMDKN_003179	8.4	5.3	PF04389.22|Peptidase_M28	PFAM:PF04389.22
contig_1	1438114	1438542	-	LLMDKN_003180	15.8	6.8	PF04389.22|Peptidase_M28	PFAM:PF04389.22
contig_1	1438539	1438814	-	LLMDKN_003181	10.5	9.8		
contig_1	1439042	1439320	+	LLMDKN_003182	10.5	4.9		
contig_1	1439277	1439636	-	LLMDKN_003183	13.3	9.0		
contig_1	1439754	1440314	+	LLMDKN_003184	20.8	9.5		
contig_1	1440331	1440588	+	LLMDKN_003185	9.5	4.9	PF00004.35|AAA, PF02367.23|TsaE, PF07693.20|KAP_NTPase	PFAM:PF00004.35, PFAM:PF02367.23, PFAM:PF07693.20
contig_1	1440585	1440749	+	LLMDKN_003186	6.2	4.1	PF02367.23|TsaE	PFAM:PF02367.23
contig_1	1440781	1440969	-	LLMDKN_003187	6.9	4.4		
contig_1	1440909	1442033	-	LLMDKN_003188	43.2	9.2	PF01882.25|DUF58	PFAM:PF01882.25
contig_1	1442030	1442311	-	LLMDKN_003189	10.3	9.0		
contig_1	1442372	1442473	-	LLMDKN_003190	3.6	5.9	PF17863.7|AAA_lid_2	PFAM:PF17863.7
contig_1	1443122	1443304	-	LLMDKN_003192	6.9	4.7		
contig_1	1443344	1443538	-	LLMDKN_003193	7.3	4.8		
contig_1	1443581	1444177	-	LLMDKN_003194	22.7	9.1	PF14258.12|DUF4350	PFAM:PF14258.12
contig_1	1444268	1444591	-	LLMDKN_003195	12.1	9.4		
contig_1	1444588	1444824	-	LLMDKN_003196	9.2	6.3	PF13559.11|DUF4129	PFAM:PF13559.11
contig_1	1444903	1445214	-	LLMDKN_003197	11.9	5.2		
contig_1	1445228	1445539	-	LLMDKN_003198	11.5	4.3		
contig_1	1445500	1445883	-	LLMDKN_003199	14.2	8.9		
contig_1	1445828	1446463	-	LLMDKN_003200	24.1	8.9		
contig_1	1446601	1446762	-	LLMDKN_003201	5.9	4.1		
contig_1	1446807	1447070	-	LLMDKN_003202	10.1	8.7		
contig_1	1447205	1447450	+	LLMDKN_003203	9.1	9.8		
contig_1	1447768	1447938	+	LLMDKN_003204	6.6	6.2		
contig_1	1448149	1448292	-	LLMDKN_003205	5.8	4.4		
contig_1	1448910	1449776	-	LLMDKN_003207	32.4	4.9	PF01336.31|tRNA_anti-codon	PFAM:PF01336.31
contig_1	1449886	1450959	-	LLMDKN_003208	40.3	5.6	PF07733.18|DNA_pol3_alpha, PF14579.12|HHH_6, PF17657.6|DNA_pol3_finger	PFAM:PF07733.18, PFAM:PF14579.12, PFAM:PF17657.6
contig_1	1450925	1451452	-	LLMDKN_003209	19.6	8.3	PF07733.18|DNA_pol3_alpha	PFAM:PF07733.18
contig_1	1451437	1452306	-	LLMDKN_003210	33.6	6.6		
contig_1	1452478	1452792	-	LLMDKN_003211	11.8	6.3		
contig_1	1453013	1453336	+	LLMDKN_003212	12.5	7.0		
contig_1	1453278	1453562	+	LLMDKN_003213	10.4	5.4		
contig_1	1453573	1454130	+	LLMDKN_003214	20.5	4.9		
contig_1	1454240	1454590	+	LLMDKN_003215	13.1	10.1		
contig_1	1454696	1455112	-	LLMDKN_003216	14.8	8.4	PF00383.29|dCMP_cyt_deam_1	PFAM:PF00383.29
contig_1	1455109	1455264	-	LLMDKN_003217	6.1	6.6		
contig_1	1455410	1455553	+	LLMDKN_003218	5.6	8.2		
contig_1	1455529	1455774	+	LLMDKN_003219	9.1	6.5		
contig_1	1456120	1456482	+	LLMDKN_003221	14.1	5.0	PF03099.24|BPL_LplA_LipB	PFAM:PF03099.24
contig_1	1456434	1456655	+	LLMDKN_003222	8.4	5.2		
contig_1	1456752	1456889	+	LLMDKN_003223	5.2	5.8		
contig_1	1456959	1457462	+	LLMDKN_003224	18.4	5.9	PF13004.13|BACON	PFAM:PF13004.13
contig_1	1457465	1457950	+	LLMDKN_003225	18.3	5.2		
contig_1	1457905	1458537	-	LLMDKN_003226	24.3	9.5		
contig_1	1458552	1458767	-	LLMDKN_003227	8.2	8.5	PF07719.23|TPR_2, PF13428.12|TPR_14	PFAM:PF07719.23, PFAM:PF13428.12
contig_1	1458745	1459005	-	LLMDKN_003228	9.6	6.1		
contig_1	1459133	1459858	+	LLMDKN_003229	26.4	8.9		
contig_1	1459884	1460312	+	LLMDKN_003230	15.6	9.2		
contig_1	1460531	1460815	+	LLMDKN_003231	10.0	9.3		
contig_1	1460812	1460994	+	LLMDKN_003232	6.6	7.9		
contig_1	1461084	1461254	+	LLMDKN_003233	6.5	9.6		
contig_1	1462005	1462190	+	LLMDKN_003234	6.9	9.8		
contig_1	1462187	1462381	+	LLMDKN_003235	7.6	6.7		
contig_1	1462400	1462843	+	LLMDKN_003236	17.5	6.7		
contig_1	1462899	1463117	+	LLMDKN_003237	8.4	9.5		
contig_1	1463136	1463399	+	LLMDKN_003238	9.7	10.2		
contig_1	1463475	1463672	+	LLMDKN_003239	7.3	5.5		
contig_1	1463669	1463836	+	LLMDKN_003240	6.3	9.5		
contig_1	1463787	1464494	+	LLMDKN_003241	26.3	5.0		
contig_1	1464523	1464627	+	LLMDKN_003242	4.0	9.5		
contig_1	1464614	1465045	+	LLMDKN_003243	16.9	9.0		
contig_1	1465412	1465732	-	LLMDKN_003244	11.3	5.8		
contig_1	1465680	1465919	-	LLMDKN_003245	8.2	6.7		
contig_1	1466279	1466710	+	LLMDKN_003246	16.5	10.2		
contig_1	1467088	1467321	+	LLMDKN_003247	8.7	6.7		
contig_1	1467432	1467605	+	LLMDKN_003248	6.5	9.1		
contig_1	1467892	1468062	+	LLMDKN_003249	6.2	9.1		
contig_1	1468365	1468622	+	LLMDKN_003250	10.1	5.7		
contig_1	1469525	1469641	+	LLMDKN_003251	4.5	4.9	PF01765.24|RRF	PFAM:PF01765.24
contig_1	1470121	1470483	+	LLMDKN_003252	13.2	6.2	PF03193.22|RsgA_GTPase	PFAM:PF03193.22
contig_1	1470465	1470671	+	LLMDKN_003253	8.0	5.1		
contig_1	1470718	1470894	-	LLMDKN_003254	6.8	10.4		
contig_1	1471005	1471121	-	LLMDKN_003255	4.2	9.2		
contig_1	1471729	1472166	+	LLMDKN_003256	16.9	9.3		
contig_1	1472654	1472836	+	LLMDKN_003257	6.8	7.9		
contig_1	1472982	1473566	+	LLMDKN_003258	23.1	8.7		
contig_1	1473563	1473679	+	LLMDKN_003259	4.2	4.4		
contig_1	1473709	1474227	+	LLMDKN_003260	20.1	5.2		
contig_1	1474212	1474463	+	LLMDKN_003261	10.2	6.4		
contig_1	1474721	1474984	+	LLMDKN_003262	9.9	4.8		
contig_1	1475446	1475838	+	LLMDKN_003263	15.3	9.1		
contig_1	1476083	1476340	+	LLMDKN_003264	9.8	8.5		
contig_1	1476454	1476657	+	LLMDKN_003265	7.6	6.9		
contig_1	1476857	1477399	+	LLMDKN_003266	21.2	9.5		
contig_1	1477406	1477558	+	LLMDKN_003267	5.7	4.3		
contig_1	1477846	1478079	+	LLMDKN_003268	8.9	10.9		
contig_1	1478331	1478627	+	LLMDKN_003269	11.1	5.2	PF13533.12|Biotin_lipoyl_2	PFAM:PF13533.12
contig_1	1478740	1479042	+	LLMDKN_003270	12.0	10.1		
contig_1	1479236	1479457	+	LLMDKN_003271	8.2	9.3		
contig_1	1479711	1480094	+	LLMDKN_003272	13.6	9.2		
contig_1	1480947	1481861	+	LLMDKN_003273	34.3	5.2		
contig_1	1481894	1482148	+	LLMDKN_003274	9.5	9.5		
contig_1	1482117	1482833	+	LLMDKN_003275	27.4	9.7		
contig_1	1482954	1483730	+	LLMDKN_003276	28.9	7.7		
contig_1	1483798	1484100	+	LLMDKN_003277	10.9	8.9		
contig_1	1484103	1484630	+	LLMDKN_003278	20.5	5.5		
contig_1	1484657	1484851	+	LLMDKN_003279	7.1	9.9		
contig_1	1484899	1485102	+	LLMDKN_003280	7.7	5.4		
contig_1	1485374	1485532	+	LLMDKN_003281	5.5	6.1		
contig_1	1485628	1485999	+	LLMDKN_003282	13.5	4.8		
contig_1	1486153	1486344	+	LLMDKN_003283	6.7	5.5		
contig_1	1486341	1486694	+	LLMDKN_003284	12.9	10.4	PF00324.27|AA_permease	PFAM:PF00324.27
contig_1	1486718	1486939	+	LLMDKN_003285	8.2	9.4	PF13906.12|AA_permease_C	PFAM:PF13906.12
contig_1	1487114	1487980	-	LLMDKN_003286	33.4	5.6	PF12972.12|NAGLU_C	PFAM:PF12972.12
contig_1	1488142	1488366	-	LLMDKN_003287	8.4	9.5	PF05089.18|NAGLU	PFAM:PF05089.18
contig_1	1488336	1488896	-	LLMDKN_003288	21.8	6.7	PF05089.18|NAGLU	PFAM:PF05089.18
contig_1	1488921	1489076	-	LLMDKN_003289	5.7	9.9	PF12971.12|NAGLU_N	PFAM:PF12971.12
contig_1	1489123	1489272	-	LLMDKN_003290	5.4	9.5		
contig_1	1489297	1490169	-	LLMDKN_003291	33.0	9.2	PF01757.29|Acyl_transf_3	PFAM:PF01757.29
contig_1	1490190	1490438	-	LLMDKN_003292	9.3	6.7	PF01757.29|Acyl_transf_3	PFAM:PF01757.29
contig_1	1491744	1492220	-	LLMDKN_003295	17.9	9.2		
contig_1	1492765	1493775	-	LLMDKN_003296	37.6	7.7		
contig_1	1493787	1494167	-	LLMDKN_003297	14.2	5.1	PF01433.26|Peptidase_M1	PFAM:PF01433.26
contig_1	1494277	1494537	-	LLMDKN_003298	9.9	5.2	PF01433.26|Peptidase_M1	PFAM:PF01433.26
contig_1	1494596	1494913	-	LLMDKN_003299	11.9	7.9	PF17900.6|Peptidase_M1_N	PFAM:PF17900.6
contig_1	1494900	1495175	-	LLMDKN_003300	10.5	7.8		
contig_1	1495204	1495431	-	LLMDKN_003301	8.3	4.5	PF20683.2|DUF6819	PFAM:PF20683.2
contig_1	1495515	1495904	+	LLMDKN_003302	14.4	11.7		
contig_1	1495955	1496167	-	LLMDKN_003303	7.6	9.5	PF16314.11|DUF4954	PFAM:PF16314.11
contig_1	1496540	1496953	-	LLMDKN_003304	15.8	5.3	PF16314.11|DUF4954	PFAM:PF16314.11
contig_1	1496980	1497189	-	LLMDKN_003305	7.9	6.2	PF16314.11|DUF4954	PFAM:PF16314.11
contig_1	1497214	1497402	-	LLMDKN_003306	7.6	4.7		
contig_1	1497399	1498208	-	LLMDKN_003307	30.3	9.3		
contig_1	1498241	1498468	-	LLMDKN_003308	8.5	6.3		
contig_1	1498604	1498948	-	LLMDKN_003309	12.6	7.7	PF07980.17|SusD_RagB	PFAM:PF07980.17
contig_1	1498959	1499927	-	LLMDKN_003310	36.1	4.8	PF14322.12|SusD-like_3	PFAM:PF14322.12
contig_1	1500016	1500609	-	LLMDKN_003311	22.3	6.6		
contig_1	1500584	1501618	-	LLMDKN_003312	38.3	9.0	PF00593.30|TonB_dep_Rec_b-barrel	PFAM:PF00593.30
contig_1	1501596	1501784	-	LLMDKN_003313	6.9	9.1		
contig_1	1501793	1502065	-	LLMDKN_003314	9.9	9.5		
contig_1	1502091	1502942	-	LLMDKN_003315	29.8	5.1	PF07715.20|Plug	PFAM:PF07715.20
contig_1	1503821	1504165	+	LLMDKN_003316	13.4	6.4	PF13102.12|Phage_int_SAM_5	PFAM:PF13102.12
contig_1	1504649	1504909	+	LLMDKN_003317	10.2	9.4		
contig_1	1505644	1506033	+	LLMDKN_003318	13.4	5.3	PF07715.20|Plug	PFAM:PF07715.20
contig_1	1505996	1506439	+	LLMDKN_003319	16.8	6.7		
contig_1	1506458	1506751	+	LLMDKN_003320	11.1	4.7		
contig_1	1506834	1507289	+	LLMDKN_003321	17.4	9.0		
contig_1	1507499	1508113	+	LLMDKN_003322	23.0	5.3		
contig_1	1508470	1508778	+	LLMDKN_003323	11.7	9.5		
contig_1	1508750	1509286	+	LLMDKN_003324	20.1	4.8	PF14322.12|SusD-like_3	PFAM:PF14322.12
contig_1	1509303	1509512	+	LLMDKN_003325	7.8	5.0	PF07980.17|SusD_RagB	PFAM:PF07980.17
contig_1	1509605	1509817	+	LLMDKN_003326	8.2	5.7	PF07980.17|SusD_RagB	PFAM:PF07980.17
contig_1	1510383	1511483	+	LLMDKN_003327	39.1	9.2	PF07715.20|Plug	PFAM:PF07715.20
contig_1	1511796	1513394	+	LLMDKN_003328	60.1	8.5		
contig_1	1513385	1514227	+	LLMDKN_003329	30.7	4.5	PF12741.13|SusD-like, PF12771.13|SusD-like_2	PFAM:PF12741.13, PFAM:PF12771.13
contig_1	1514302	1514943	+	LLMDKN_003330	23.4	4.8	PF12741.13|SusD-like, PF12771.13|SusD-like_2	PFAM:PF12741.13, PFAM:PF12771.13
contig_1	1515054	1515158	-	LLMDKN_003331	3.7	6.5		
contig_1	1515158	1515523	-	LLMDKN_003332	13.4	9.0		
contig_1	1515498	1515695	-	LLMDKN_003333	7.4	8.0		
contig_1	1515754	1516128	-	LLMDKN_003334	14.1	4.8	PF00702.32|Hydrolase, PF13242.12|Hydrolase_like	PFAM:PF00702.32, PFAM:PF13242.12
contig_1	1516152	1516283	-	LLMDKN_003335	5.2	4.6		
contig_1	1516274	1516447	-	LLMDKN_003336	6.9	10.3		
contig_1	1516563	1516760	-	LLMDKN_003337	7.6	9.3		
contig_1	1516754	1516885	-	LLMDKN_003338	4.7	7.9		
contig_1	1516912	1517010	-	LLMDKN_003339	3.8	5.1		
contig_1	1517015	1517104	-	LLMDKN_003340	3.3	10.3		
contig_1	1517059	1517361	-	LLMDKN_003341	11.2	7.7		
contig_1	1517459	1517785	-	LLMDKN_003342	12.3	9.7	PF00590.25|TP_methylase	PFAM:PF00590.25
contig_1	1517746	1517916	-	LLMDKN_003343	6.1	6.1		
contig_1	1517892	1518092	-	LLMDKN_003344	7.7	10.0	PF00590.25|TP_methylase	PFAM:PF00590.25
contig_1	1518040	1518276	-	LLMDKN_003345	8.7	5.5		
contig_1	1518264	1518440	-	LLMDKN_003346	6.5	6.2		
contig_1	1518437	1518784	-	LLMDKN_003347	13.0	4.2		
contig_1	1518787	1519188	+	LLMDKN_003348	15.5	9.0		
contig_1	1519182	1519409	+	LLMDKN_003349	8.0	5.0		
contig_1	1519675	1520721	+	LLMDKN_003350	39.6	7.3		
contig_1	1521022	1521237	+	LLMDKN_003352	8.1	4.3		
contig_1	1521228	1521362	+	LLMDKN_003353	5.7	10.3		
contig_1	1521388	1521576	+	LLMDKN_003354	7.3	5.8		
contig_1	1521540	1521662	+	LLMDKN_003355	4.1	9.1		
contig_1	1521719	1522033	+	LLMDKN_003356	12.1	9.9		
contig_1	1522735	1522941	+	LLMDKN_003358	7.8	9.0		
contig_1	1523180	1523602	+	LLMDKN_003359	16.7	8.8	PF08241.18|Methyltransf_11, PF08242.18|Methyltransf_12, PF13649.12|Methyltransf_25, PF13847.12|Methyltransf_31	PFAM:PF08241.18, PFAM:PF08242.18, PFAM:PF13649.12, PFAM:PF13847.12
contig_1	1523663	1523836	+	LLMDKN_003360	6.5	6.7		
contig_1	1523992	1524192	-	LLMDKN_003361	7.5	8.4	PF00165.29|HTH_AraC, PF12833.13|HTH_18	PFAM:PF00165.29, PFAM:PF12833.13
contig_1	1524522	1524983	-	LLMDKN_003362	17.8	4.5		
contig_1	1526064	1526411	+	LLMDKN_003364	12.9	9.6		
contig_1	1526396	1526578	+	LLMDKN_003365	6.4	9.7		
contig_1	1526575	1526784	+	LLMDKN_003366	7.4	4.9	PF07715.20|Plug	PFAM:PF07715.20
contig_1	1526988	1527227	+	LLMDKN_003367	9.2	4.8		
contig_1	1527179	1527553	+	LLMDKN_003368	14.6	9.9		
contig_1	1527556	1527822	+	LLMDKN_003369	9.8	8.1		
contig_1	1527819	1528349	+	LLMDKN_003370	20.7	9.8	PF00593.30|TonB_dep_Rec_b-barrel	PFAM:PF00593.30
contig_1	1528346	1528777	+	LLMDKN_003371	16.1	8.8		
contig_1	1528796	1529602	+	LLMDKN_003372	29.7	9.1		
contig_1	1529609	1529872	+	LLMDKN_003373	10.2	5.4		
contig_1	1530120	1530389	-	LLMDKN_003374	10.4	7.9	PF17851.8|GH43_C2	PFAM:PF17851.8
contig_1	1530389	1530853	-	LLMDKN_003375	17.1	6.3	PF17851.8|GH43_C2	PFAM:PF17851.8
contig_1	1530793	1531113	-	LLMDKN_003376	12.2	6.9	PF04616.20|Glyco_hydro_43	PFAM:PF04616.20
contig_1	1531110	1531433	-	LLMDKN_003377	12.0	6.0	PF04616.20|Glyco_hydro_43	PFAM:PF04616.20
contig_1	1531411	1531725	-	LLMDKN_003378	11.9	5.2	PF04616.20|Glyco_hydro_43	PFAM:PF04616.20
contig_1	1532106	1532948	-	LLMDKN_003379	31.4	5.4	PF02837.24|Glyco_hydro_2_N, PF22666.2|Glyco_hydro_2_N2	PFAM:PF02837.24, PFAM:PF22666.2
contig_1	1532894	1533232	-	LLMDKN_003380	12.9	10.1		
contig_1	1533236	1533448	-	LLMDKN_003381	7.6	9.0		
contig_1	1533581	1533988	-	LLMDKN_003382	15.7	4.9	PF01301.25|Glyco_hydro_35	PFAM:PF01301.25
contig_1	1533985	1534293	-	LLMDKN_003383	11.9	6.8	PF01301.25|Glyco_hydro_35	PFAM:PF01301.25
contig_1	1534283	1534495	-	LLMDKN_003384	8.0	8.7		
contig_1	1534532	1534675	-	LLMDKN_003385	5.3	4.8		
contig_1	1534687	1534920	-	LLMDKN_003386	9.1	7.9		
contig_1	1535008	1535361	-	LLMDKN_003387	13.5	8.8		
contig_1	1535346	1535918	-	LLMDKN_003388	22.3	9.7		
contig_1	1535857	1536102	-	LLMDKN_003389	9.0	9.6		
contig_1	1536086	1536505	-	LLMDKN_003390	16.0	5.7		
contig_1	1536597	1536821	-	LLMDKN_003391	8.6	7.8		
contig_1	1536851	1537279	-	LLMDKN_003392	15.7	9.3		
contig_1	1537239	1537436	-	LLMDKN_003393	7.1	4.7		
contig_1	1537463	1537885	-	LLMDKN_003394	16.2	6.3	PF16355.11|DUF4982	PFAM:PF16355.11
contig_1	1537824	1538057	-	LLMDKN_003395	9.0	5.0		
contig_1	1538041	1538682	-	LLMDKN_003396	24.5	5.3	PF02836.23|Glyco_hydro_2_C	PFAM:PF02836.23
contig_1	1538630	1538794	-	LLMDKN_003397	6.2	8.9		
contig_1	1538832	1538969	-	LLMDKN_003398	5.0	5.4		
contig_1	1538920	1539291	-	LLMDKN_003399	14.6	8.7	PF02837.24|Glyco_hydro_2_N	PFAM:PF02837.24
contig_1	1539261	1539443	-	LLMDKN_003400	6.7	5.1		
contig_1	1539489	1539806	-	LLMDKN_003401	12.2	7.6		
contig_1	1540035	1540205	-	LLMDKN_003402	6.3	5.3		
contig_1	1540344	1540928	-	LLMDKN_003403	21.9	6.6	PF21258.2|Glyco_hydro_120_ins	PFAM:PF21258.2
contig_1	1541012	1541158	-	LLMDKN_003404	5.1	5.2		
contig_1	1541118	1541369	-	LLMDKN_003405	8.9	5.1	PF07602.17|DUF1565	PFAM:PF07602.17
contig_1	1541472	1541699	-	LLMDKN_003406	8.8	9.0	PF07980.17|SusD_RagB	PFAM:PF07980.17
contig_1	1541687	1541935	-	LLMDKN_003407	9.6	4.7	PF07980.17|SusD_RagB	PFAM:PF07980.17
contig_1	1541932	1542441	-	LLMDKN_003408	19.0	4.3	PF07980.17|SusD_RagB	PFAM:PF07980.17
contig_1	1542423	1542815	-	LLMDKN_003409	15.1	6.3	PF14322.12|SusD-like_3	PFAM:PF14322.12
contig_1	1542764	1542922	-	LLMDKN_003410	6.2	6.0		
contig_1	1542957	1543145	-	LLMDKN_003411	7.0	7.9		
contig_1	1543114	1543764	-	LLMDKN_003412	24.0	5.5		
contig_1	1543766	1543987	-	LLMDKN_003413	8.3	9.0		
contig_1	1543975	1544130	-	LLMDKN_003414	5.7	6.0		
contig_1	1544097	1544708	-	LLMDKN_003415	23.6	8.9		
contig_1	1545004	1546077	-	LLMDKN_003416	39.0	9.7	PF07715.20|Plug, PF13715.12|CarbopepD_reg_2	PFAM:PF07715.20, PFAM:PF13715.12
contig_1	1546300	1546821	-	LLMDKN_003417	20.0	6.8	PF21307.2|Glyco_hydro_95_C	PFAM:PF21307.2
contig_1	1546824	1547099	-	LLMDKN_003418	10.8	9.3	PF22124.2|Glyco_hydro_95_cat	PFAM:PF22124.2
contig_1	1547114	1547413	-	LLMDKN_003419	11.3	4.9	PF22124.2|Glyco_hydro_95_cat	PFAM:PF22124.2
contig_1	1547376	1547774	-	LLMDKN_003420	14.7	9.6	PF22124.2|Glyco_hydro_95_cat	PFAM:PF22124.2
contig_1	1547793	1547945	-	LLMDKN_003421	5.6	8.7		
contig_1	1547942	1548394	-	LLMDKN_003422	16.8	6.5	PF14498.12|Glyco_hyd_65N_2	PFAM:PF14498.12
contig_1	1548943	1549455	-	LLMDKN_003423	19.6	6.2	PF16344.10|FecR_C	PFAM:PF16344.10
contig_1	1549577	1549939	-	LLMDKN_003424	13.8	7.7		
contig_1	1549981	1550166	-	LLMDKN_003425	7.1	6.9	PF00196.25|GerE, PF08281.18|Sigma70_r4_2	PFAM:PF00196.25, PFAM:PF08281.18
contig_1	1550163	1550588	-	LLMDKN_003426	17.1	6.1	PF04542.20|Sigma70_r2	PFAM:PF04542.20
contig_1	1550950	1551171	-	LLMDKN_003428	8.4	5.6	PF21082.3|MS_channel_3rd	PFAM:PF21082.3
contig_1	1551198	1551932	-	LLMDKN_003429	26.4	7.9	PF00924.24|MS_channel_2nd	PFAM:PF00924.24
contig_1	1552265	1552840	+	LLMDKN_003430	21.4	10.0	PF07715.20|Plug	PFAM:PF07715.20
contig_1	1552837	1553703	+	LLMDKN_003431	33.9	9.1		
contig_1	1553705	1553953	+	LLMDKN_003432	9.5	5.2		
contig_1	1553925	1554371	+	LLMDKN_003433	16.8	7.8		
contig_1	1554368	1554940	+	LLMDKN_003434	22.4	8.7		
contig_1	1554927	1555496	+	LLMDKN_003435	21.0	5.3	PF04263.21|TPK_catalytic	PFAM:PF04263.21
contig_1	1555502	1555807	-	LLMDKN_003436	10.9	8.8		
contig_1	1555768	1556109	-	LLMDKN_003437	11.8	8.7		
contig_1	1556076	1556453	-	LLMDKN_003438	14.1	10.3	PF00892.27|EamA	PFAM:PF00892.27
contig_1	1556474	1557214	+	LLMDKN_003439	27.5	9.9		
contig_1	1557031	1557888	-	LLMDKN_003440	32.1	9.7		
contig_1	1557833	1558066	-	LLMDKN_003441	9.0	6.2	PF14821.11|Thr_synth_N	PFAM:PF14821.11
contig_1	1558216	1558653	-	LLMDKN_003442	16.3	4.3		
contig_1	1558690	1558935	-	LLMDKN_003443	9.3	8.1		
contig_1	1558926	1559330	-	LLMDKN_003444	14.6	6.2		
contig_1	1559323	1559427	-	LLMDKN_003445	3.7	9.3		
contig_1	1559438	1559683	-	LLMDKN_003446	8.9	5.6	PF00742.24|Homoserine_dh	PFAM:PF00742.24
contig_1	1559844	1560692	-	LLMDKN_003447	31.0	8.6	PF00742.24|Homoserine_dh, PF03447.22|NAD_binding_3, PF13840.12|ACT_7, PF22468.2|ACT_9	PFAM:PF00742.24, PFAM:PF03447.22, PFAM:PF13840.12, PFAM:PF22468.2
contig_1	1560680	1560871	-	LLMDKN_003448	7.1	6.2	PF22468.2|ACT_9	PFAM:PF22468.2
contig_1	1560892	1561293	-	LLMDKN_003449	14.0	5.2		
contig_1	1561382	1561651	-	LLMDKN_003450	10.0	8.9		
contig_1	1561669	1561866	-	LLMDKN_003451	6.6	8.1		
contig_1	1562531	1562704	+	LLMDKN_003452	6.4	4.4		
contig_1	1562701	1562907	+	LLMDKN_003453	7.7	9.2		
contig_1	1562979	1563485	+	LLMDKN_003454	18.9	9.2	PF10531.15|SLBB, PF22461.2|SLBB_2	PFAM:PF10531.15, PFAM:PF22461.2
contig_1	1563504	1564400	+	LLMDKN_003455	34.0	5.8		
contig_1	1564418	1565356	+	LLMDKN_003456	35.5	7.6	PF01656.29|CbiA	PFAM:PF01656.29
contig_1	1565621	1565803	+	LLMDKN_003457	6.9	8.8		
contig_1	1565898	1566110	-	LLMDKN_003458	8.2	9.8		
contig_1	1566067	1566228	-	LLMDKN_003459	6.3	6.1		
contig_1	1566216	1566305	-	LLMDKN_003460	3.3	4.7		
contig_1	1567133	1567825	+	LLMDKN_003461	25.4	5.8	PF00004.35|AAA, PF03796.21|DnaB_C, PF06745.19|ATPase, PF13401.12|AAA_22, PF13481.12|AAA_25, PF18073.7|Zn_ribbon_LapB	PFAM:PF00004.35, PFAM:PF03796.21, PFAM:PF06745.19, PFAM:PF13401.12, PFAM:PF13481.12, PFAM:PF18073.7
contig_1	1567831	1568535	+	LLMDKN_003462	26.0	9.2	PF05362.19|Lon_C, PF13541.12|ChlI	PFAM:PF05362.19, PFAM:PF13541.12
contig_1	1568556	1568858	+	LLMDKN_003463	11.3	5.0	PF13366.12|PDDEXK_3	PFAM:PF13366.12
contig_1	1568800	1568931	+	LLMDKN_003464	4.9	9.9	PF13366.12|PDDEXK_3	PFAM:PF13366.12
contig_1	1568891	1569478	+	LLMDKN_003465	22.4	9.5		
contig_1	1569463	1569654	+	LLMDKN_003466	7.1	6.2		
contig_1	1569651	1570088	+	LLMDKN_003467	15.7	10.2		
contig_1	1570027	1570692	+	LLMDKN_003468	25.1	8.6	PF21688.3|FAD-depend_C	PFAM:PF21688.3
contig_1	1570692	1571162	+	LLMDKN_003469	17.4	6.3	PF00196.25|GerE	PFAM:PF00196.25
contig_1	1571452	1572078	+	LLMDKN_003470	23.3	9.8	PF07715.20|Plug	PFAM:PF07715.20
contig_1	1572012	1572173	-	LLMDKN_003471	5.6	4.9		
contig_1	1572300	1573169	+	LLMDKN_003472	33.1	8.9	PF00593.30|TonB_dep_Rec_b-barrel	PFAM:PF00593.30
contig_1	1573111	1573485	+	LLMDKN_003473	14.1	5.0	PF00593.30|TonB_dep_Rec_b-barrel	PFAM:PF00593.30
contig_1	1573496	1573828	+	LLMDKN_003474	12.7	9.7		
contig_1	1574193	1575038	-	LLMDKN_003475	32.4	7.1		
contig_1	1575035	1575253	-	LLMDKN_003476	8.5	8.9		
contig_1	1575344	1575850	-	LLMDKN_003477	19.3	9.5		
contig_1	1575847	1576800	-	LLMDKN_003478	35.1	5.9		
contig_1	1576853	1577182	-	LLMDKN_003479	12.8	4.8		
contig_1	1577949	1578122	+	LLMDKN_003481	6.4	10.4		
contig_1	1578258	1578779	-	LLMDKN_003482	19.0	8.8	PF00155.27|Aminotran_1_2	PFAM:PF00155.27
contig_1	1579680	1579868	-	LLMDKN_003484	6.9	4.4		
contig_1	1579877	1580458	-	LLMDKN_003485	21.4	9.0		
contig_1	1580462	1580749	-	LLMDKN_003486	11.0	4.6		
contig_1	1580761	1581129	-	LLMDKN_003487	14.5	9.7		
contig_1	1581078	1581551	-	LLMDKN_003488	17.9	9.4		
contig_1	1581553	1581834	-	LLMDKN_003489	10.5	7.9		
contig_1	1581910	1582512	-	LLMDKN_003490	22.7	6.8		
contig_1	1582478	1582660	-	LLMDKN_003491	7.4	9.5		
contig_1	1582768	1582869	-	LLMDKN_003492	3.8	4.1		
contig_1	1583941	1584174	+	LLMDKN_003494	8.9	10.3		
contig_1	1584108	1584473	-	LLMDKN_003495	13.7	6.9	PF17415.7|NigD_C	PFAM:PF17415.7
contig_1	1584470	1584706	-	LLMDKN_003496	8.9	6.2	PF12667.13|NigD_N	PFAM:PF12667.13
contig_1	1584687	1584881	-	LLMDKN_003497	7.1	8.9		
contig_1	1585307	1585711	-	LLMDKN_003498	15.1	4.9	PF17829.7|GH115_C	PFAM:PF17829.7
contig_1	1585902	1586195	-	LLMDKN_003499	11.4	8.9		
contig_1	1586180	1586482	-	LLMDKN_003500	12.2	7.8		
contig_1	1586472	1586933	-	LLMDKN_003501	17.3	5.6		
contig_1	1586941	1587330	-	LLMDKN_003502	14.6	9.0		
contig_1	1587508	1587714	-	LLMDKN_003503	8.1	10.0		
contig_1	1587711	1587920	-	LLMDKN_003504	7.9	7.8		
contig_1	1588026	1588202	-	LLMDKN_003505	6.4	8.8		
contig_1	1588199	1588663	-	LLMDKN_003506	17.6	5.0		
contig_1	1588606	1589028	-	LLMDKN_003507	16.2	8.8		
contig_1	1589012	1589260	-	LLMDKN_003508	9.5	5.3		
contig_1	1589205	1589558	-	LLMDKN_003509	13.6	5.7		
contig_1	1589510	1590274	-	LLMDKN_003510	29.5	8.4		
contig_1	1590360	1591145	-	LLMDKN_003511	30.5	7.8	PF07980.17|SusD_RagB	PFAM:PF07980.17
contig_1	1591117	1591938	-	LLMDKN_003512	31.5	4.8	PF14322.12|SusD-like_3	PFAM:PF14322.12
contig_1	1592009	1592245	-	LLMDKN_003513	9.0	8.8		
contig_1	1592251	1592616	-	LLMDKN_003514	13.7	6.6		
contig_1	1592686	1592946	-	LLMDKN_003515	10.0	6.6		
contig_1	1592961	1593338	-	LLMDKN_003516	14.1	5.1	PF00593.30|TonB_dep_Rec_b-barrel	PFAM:PF00593.30
contig_1	1593351	1593779	-	LLMDKN_003517	16.0	6.9		
contig_1	1593745	1594044	-	LLMDKN_003518	11.1	4.6		
contig_1	1594055	1594486	-	LLMDKN_003519	15.9	9.6		
contig_1	1594802	1595116	-	LLMDKN_003520	11.2	8.9	PF13620.12|CarboxypepD_reg, PF13715.12|CarbopepD_reg_2	PFAM:PF13620.12, PFAM:PF13715.12
contig_1	1595642	1595986	-	LLMDKN_003521	13.0	5.6		
contig_1	1596003	1596473	-	LLMDKN_003522	17.9	5.1		
contig_1	1596597	1597079	-	LLMDKN_003523	19.0	5.2	PF00196.25|GerE, PF04542.20|Sigma70_r2, PF04545.22|Sigma70_r4, PF08281.18|Sigma70_r4_2, PF13412.12|HTH_24	PFAM:PF00196.25, PFAM:PF04542.20, PFAM:PF04545.22, PFAM:PF08281.18, PFAM:PF13412.12
contig_1	1597472	1597933	-	LLMDKN_003524	17.7	5.2	PF02518.31|HATPase_c	PFAM:PF02518.31
contig_1	1597930	1598079	-	LLMDKN_003525	5.6	9.3		
contig_1	1598048	1598251	-	LLMDKN_003526	7.9	8.0		
contig_1	1598404	1598763	-	LLMDKN_003527	13.3	10.1		
contig_1	1598790	1599278	-	LLMDKN_003528	18.3	9.8		
contig_1	1599292	1599879	-	LLMDKN_003529	22.1	5.2	PF02702.23|KdpD	PFAM:PF02702.23
contig_1	1600006	1600194	-	LLMDKN_003530	7.0	8.8		
contig_1	1600140	1600298	-	LLMDKN_003531	5.9	4.9		
contig_1	1600310	1600699	-	LLMDKN_003532	13.9	9.2		
contig_1	1600755	1601051	-	LLMDKN_003533	10.9	10.4		
contig_1	1601048	1601341	-	LLMDKN_003534	10.9	10.8		
contig_1	1602331	1602555	-	LLMDKN_003536	8.1	10.9		
contig_1	1602528	1603007	-	LLMDKN_003537	16.7	4.4		
contig_1	1603000	1603197	-	LLMDKN_003538	7.3	9.7		
contig_1	1603504	1603719	+	LLMDKN_003539	7.8	8.7		
contig_1	1603617	1603874	-	LLMDKN_003540	9.2	5.2		
contig_1	1603871	1604356	-	LLMDKN_003541	17.5	6.1		
contig_1	1604362	1604970	-	LLMDKN_003542	22.6	8.7		
contig_1	1605559	1605825	-	LLMDKN_003543	10.0	5.6	PF02954.25|HTH_8	PFAM:PF02954.25
contig_1	1605798	1606193	-	LLMDKN_003544	15.3	10.5	PF00158.32|Sigma54_activat, PF14532.12|Sigma54_activ_2	PFAM:PF00158.32, PFAM:PF14532.12
contig_1	1606186	1606719	-	LLMDKN_003545	19.5	9.5	PF00072.30|Response_reg, PF00158.32|Sigma54_activat, PF14532.12|Sigma54_activ_2	PFAM:PF00072.30, PFAM:PF00158.32, PFAM:PF14532.12
contig_1	1606725	1606907	-	LLMDKN_003546	6.8	4.4	PF00072.30|Response_reg	PFAM:PF00072.30
contig_1	1607239	1607499	-	LLMDKN_003547	10.1	6.3		
contig_1	1607584	1607778	-	LLMDKN_003548	7.2	9.9		
contig_1	1607892	1608248	-	LLMDKN_003549	13.8	9.4		
contig_1	1608350	1608451	-	LLMDKN_003550	3.6	4.1		
contig_1	1608442	1608720	-	LLMDKN_003551	11.1	9.6		
contig_1	1608767	1608961	-	LLMDKN_003552	7.2	9.8		
contig_1	1608958	1609119	-	LLMDKN_003553	6.3	9.2		
contig_1	1609159	1609629	-	LLMDKN_003554	18.1	9.7		
contig_1	1610355	1610804	-	LLMDKN_003555	17.1	10.0		
contig_1	1610861	1611223	+	LLMDKN_003556	14.2	7.0		
contig_1	1611313	1611921	+	LLMDKN_003557	22.1	6.2		
contig_1	1611935	1612222	+	LLMDKN_003558	10.8	9.8	PF22468.2|ACT_9	PFAM:PF22468.2
contig_1	1612428	1612532	+	LLMDKN_003559	3.6	10.0		
contig_1	1612495	1612713	+	LLMDKN_003560	8.6	9.3		
contig_1	1612697	1613143	+	LLMDKN_003561	16.3	6.3	PF00070.33|Pyr_redox, PF07992.20|Pyr_redox_2	PFAM:PF00070.33, PFAM:PF07992.20
contig_1	1613140	1613682	+	LLMDKN_003562	19.1	8.0	PF02852.28|Pyr_redox_dim, PF07992.20|Pyr_redox_2	PFAM:PF02852.28, PFAM:PF07992.20
contig_1	1613682	1614287	+	LLMDKN_003563	22.4	7.7	PF00581.25|Rhodanese	PFAM:PF00581.25
contig_1	1614456	1614584	+	LLMDKN_003564	4.6	8.2		
contig_1	1614616	1614780	+	LLMDKN_003565	6.2	10.4		
contig_1	1614768	1614905	+	LLMDKN_003566	5.1	4.1		
contig_1	1615388	1615999	-	LLMDKN_003568	24.4	9.8		
contig_1	1615963	1616136	-	LLMDKN_003569	6.7	9.6		
contig_1	1616078	1616560	-	LLMDKN_003570	18.4	5.5	PF05577.18|Peptidase_S28	PFAM:PF05577.18
contig_1	1616536	1616889	-	LLMDKN_003571	13.6	9.9		
contig_1	1616899	1617369	+	LLMDKN_003572	18.3	4.8	PF13590.11|DUF4136	PFAM:PF13590.11
contig_1	1617378	1617539	+	LLMDKN_003573	5.8	9.7		
contig_1	1617721	1618125	+	LLMDKN_003574	15.3	9.1	PF13505.12|OMP_b-brl	PFAM:PF13505.12
contig_1	1618299	1618916	-	LLMDKN_003575	24.0	6.0		
contig_1	1618962	1619549	-	LLMDKN_003576	22.0	7.7		
contig_1	1619756	1619923	+	LLMDKN_003577	6.2	10.4		
contig_1	1619884	1620195	-	LLMDKN_003578	12.2	5.0	PF07980.17|SusD_RagB	PFAM:PF07980.17
contig_1	1620159	1620656	-	LLMDKN_003579	18.8	8.4	PF07980.17|SusD_RagB	PFAM:PF07980.17
contig_1	1620614	1621174	-	LLMDKN_003580	21.6	7.7	PF07980.17|SusD_RagB	PFAM:PF07980.17
contig_1	1621140	1621898	-	LLMDKN_003581	29.2	5.9	PF14322.12|SusD-like_3	PFAM:PF14322.12
contig_1	1621844	1622371	-	LLMDKN_003582	19.9	9.0		
contig_1	1622368	1622883	-	LLMDKN_003583	19.4	9.3		
contig_1	1622867	1623280	-	LLMDKN_003584	15.7	9.6	PF00593.30|TonB_dep_Rec_b-barrel	PFAM:PF00593.30
contig_1	1623249	1624049	-	LLMDKN_003585	30.0	5.5		
contig_1	1624021	1624161	-	LLMDKN_003586	5.2	4.4		
contig_1	1624118	1624336	-	LLMDKN_003587	8.3	7.7		
contig_1	1624305	1624472	-	LLMDKN_003588	5.7	4.8	PF07715.20|Plug	PFAM:PF07715.20
contig_1	1624481	1625044	-	LLMDKN_003589	20.0	5.1	PF13620.12|CarboxypepD_reg, PF13715.12|CarbopepD_reg_2	PFAM:PF13620.12, PFAM:PF13715.12
contig_1	1625667	1626005	-	LLMDKN_003590	12.4	8.4	PF00144.29|Beta-lactamase	PFAM:PF00144.29
contig_1	1626025	1626381	-	LLMDKN_003591	13.6	5.4	PF00144.29|Beta-lactamase	PFAM:PF00144.29
contig_1	1626321	1626713	-	LLMDKN_003592	15.2	9.8	PF00144.29|Beta-lactamase	PFAM:PF00144.29
contig_1	1626766	1626996	-	LLMDKN_003593	8.5	6.5		
contig_1	1627002	1627139	-	LLMDKN_003594	5.0	5.4		
contig_1	1627345	1627485	-	LLMDKN_003595	4.9	9.5		
contig_1	1627482	1627745	-	LLMDKN_003596	9.6	9.3	PF00933.27|Glyco_hydro_3	PFAM:PF00933.27
contig_1	1627726	1627884	-	LLMDKN_003597	5.7	6.5		
contig_1	1627881	1628204	-	LLMDKN_003598	11.6	5.8	PF00933.27|Glyco_hydro_3	PFAM:PF00933.27
contig_1	1628168	1628674	-	LLMDKN_003599	19.1	9.5	PF00933.27|Glyco_hydro_3	PFAM:PF00933.27
contig_1	1628750	1629586	-	LLMDKN_003600	31.4	8.5	PF00144.29|Beta-lactamase	PFAM:PF00144.29
contig_1	1629672	1629821	-	LLMDKN_003601	5.5	9.6	PF00144.29|Beta-lactamase	PFAM:PF00144.29
contig_1	1629818	1631017	-	LLMDKN_003602	43.7	8.6	PF00933.27|Glyco_hydro_3	PFAM:PF00933.27
contig_1	1630998	1631168	-	LLMDKN_003603	5.6	5.3		
contig_1	1631203	1631601	-	LLMDKN_003604	15.2	9.9	PF00933.27|Glyco_hydro_3	PFAM:PF00933.27
contig_1	1631598	1631732	-	LLMDKN_003605	4.7	4.4		
contig_1	1631833	1631988	-	LLMDKN_003606	5.8	9.0		
contig_1	1631990	1632643	-	LLMDKN_003607	24.8	5.7	PF00149.33|Metallophos	PFAM:PF00149.33
contig_1	1632683	1633030	-	LLMDKN_003608	12.4	7.8	PF02872.23|5_nucleotid_C	PFAM:PF02872.23
contig_1	1633000	1633407	-	LLMDKN_003609	14.9	5.4	PF02872.23|5_nucleotid_C	PFAM:PF02872.23
contig_1	1633748	1633978	+	LLMDKN_003610	8.6	10.9		
contig_1	1634848	1635549	-	LLMDKN_003611	24.6	5.3		
contig_1	1635546	1635827	-	LLMDKN_003612	9.7	4.6		
contig_1	1636112	1636219	+	LLMDKN_003613	3.8	4.2		
contig_1	1636365	1636724	+	LLMDKN_003614	13.2	5.8	PF00005.33|ABC_tran	PFAM:PF00005.33
contig_1	1636738	1636995	+	LLMDKN_003615	9.5	9.6		
contig_1	1637004	1637141	+	LLMDKN_003616	5.2	4.8		
contig_1	1637320	1637865	+	LLMDKN_003617	20.2	9.7	PF02687.27|FtsX	PFAM:PF02687.27
contig_1	1638000	1638362	+	LLMDKN_003618	13.5	5.5	PF12704.14|MacB_PCD	PFAM:PF12704.14
contig_1	1638363	1638779	+	LLMDKN_003619	15.6	9.6	PF12704.14|MacB_PCD	PFAM:PF12704.14
contig_1	1638790	1639245	+	LLMDKN_003620	16.2	6.8	PF02687.27|FtsX	PFAM:PF02687.27
contig_1	1639327	1639506	+	LLMDKN_003621	6.6	9.8		
contig_1	1639451	1640347	+	LLMDKN_003622	33.0	5.3	PF13533.12|Biotin_lipoyl_2, PF16576.10|HlyD_D23	PFAM:PF13533.12, PFAM:PF16576.10
contig_1	1640486	1641304	+	LLMDKN_003623	30.0	7.8		
contig_1	1641403	1641807	+	LLMDKN_003624	15.5	9.7		
contig_1	1642302	1642541	+	LLMDKN_003625	9.2	5.5	PF04542.20|Sigma70_r2	PFAM:PF04542.20
contig_1	1642649	1643227	+	LLMDKN_003626	21.7	8.8		
contig_1	1643185	1643718	+	LLMDKN_003627	20.8	6.2	PF01055.32|Glyco_hydro_31_2nd	PFAM:PF01055.32
contig_1	1643767	1644165	+	LLMDKN_003628	15.3	9.0	PF01055.32|Glyco_hydro_31_2nd	PFAM:PF01055.32
contig_1	1644460	1644780	+	LLMDKN_003629	12.0	5.6		
contig_1	1644777	1644884	+	LLMDKN_003630	3.9	10.3		
contig_1	1644951	1645175	-	LLMDKN_003631	8.6	5.9		
contig_1	1645189	1645461	-	LLMDKN_003632	9.9	6.4	PF00488.27|MutS_V	PFAM:PF00488.27
contig_1	1645526	1645861	-	LLMDKN_003633	12.6	8.6		
contig_1	1645997	1646239	-	LLMDKN_003634	9.4	5.2	PF05192.23|MutS_III	PFAM:PF05192.23
contig_1	1646355	1646999	+	LLMDKN_003635	24.8	10.5		
contig_1	1647258	1647560	+	LLMDKN_003636	11.5	5.7		
contig_1	1647557	1647844	+	LLMDKN_003637	10.9	5.2	PF00912.28|Transgly	PFAM:PF00912.28
contig_1	1647832	1648287	+	LLMDKN_003638	17.5	9.4	PF00912.28|Transgly	PFAM:PF00912.28
contig_1	1649744	1650079	+	LLMDKN_003639	12.6	10.0		
contig_1	1650114	1650323	+	LLMDKN_003640	7.3	4.9		
contig_1	1650268	1650552	-	LLMDKN_003641	11.2	4.8		
contig_1	1650537	1650674	-	LLMDKN_003642	5.0	12.0		
contig_1	1650684	1650812	-	LLMDKN_003643	4.9	8.1		
contig_1	1650848	1651309	-	LLMDKN_003644	16.9	5.9		
contig_1	1651368	1651496	-	LLMDKN_003645	5.2	9.6		
contig_1	1652242	1652943	-	LLMDKN_003647	26.6	4.7	PF00575.29|S1, PF13509.12|S1_2	PFAM:PF00575.29, PFAM:PF13509.12
contig_1	1652933	1653058	-	LLMDKN_003648	5.2	7.8		
contig_1	1654593	1655105	-	LLMDKN_003650	19.1	6.1		
contig_1	1655176	1655331	-	LLMDKN_003651	5.8	10.0		
contig_1	1655603	1655836	+	LLMDKN_003652	8.4	7.9		
contig_1	1655862	1656602	+	LLMDKN_003653	26.5	9.2	PF00324.27|AA_permease	PFAM:PF00324.27
contig_1	1656599	1657138	+	LLMDKN_003654	19.2	9.9		
contig_1	1657202	1657390	-	LLMDKN_003655	7.0	9.7		
contig_1	1658561	1658809	+	LLMDKN_003659	9.2	5.0		
contig_1	1658773	1659141	+	LLMDKN_003660	13.8	9.3		
contig_1	1659157	1659678	+	LLMDKN_003661	19.3	5.9	PF00764.25|Arginosuc_synth, PF03054.22|tRNA_Me_trans, PF06508.19|QueC	PFAM:PF00764.25, PFAM:PF03054.22, PFAM:PF06508.19
contig_1	1659701	1660120	+	LLMDKN_003662	15.4	8.0	PF20979.2|Arginosuc_syn_C	PFAM:PF20979.2
contig_1	1660187	1660360	+	LLMDKN_003663	6.4	4.9		
contig_1	1661062	1661373	-	LLMDKN_003665	12.3	9.3		
contig_1	1661502	1661873	+	LLMDKN_003666	13.5	8.0	PF00202.27|Aminotran_3	PFAM:PF00202.27
contig_1	1661951	1662457	+	LLMDKN_003667	18.2	9.5	PF00202.27|Aminotran_3	PFAM:PF00202.27
contig_1	1662569	1662883	+	LLMDKN_003668	11.1	10.4	PF02558.23|ApbA, PF03446.21|NAD_binding_2	PFAM:PF02558.23, PFAM:PF03446.21
contig_1	1662900	1663202	+	LLMDKN_003669	10.8	4.7	PF14748.11|P5CR_dimer	PFAM:PF14748.11
contig_1	1663402	1663575	+	LLMDKN_003670	6.6	4.4		
contig_1	1663601	1663951	+	LLMDKN_003671	13.1	6.8	PF07883.17|Cupin_2	PFAM:PF07883.17
contig_1	1663968	1664948	+	LLMDKN_003672	37.0	6.0		
contig_1	1665180	1665356	+	LLMDKN_003673	6.8	5.1		
contig_1	1665368	1665538	+	LLMDKN_003674	6.1	6.7	PF13193.12|AMP-binding_C	PFAM:PF13193.12
contig_1	1666327	1666839	+	LLMDKN_003676	18.4	6.1		
contig_1	1666817	1667263	+	LLMDKN_003677	15.9	6.7		
contig_1	1667664	1667858	-	LLMDKN_003680	7.1	6.0		
contig_1	1667901	1668236	-	LLMDKN_003681	12.8	6.1	PF00206.25|Lyase_1	PFAM:PF00206.25
contig_1	1668187	1668372	-	LLMDKN_003682	6.6	6.0		
contig_1	1668347	1668619	-	LLMDKN_003683	10.6	4.7	PF00206.25|Lyase_1	PFAM:PF00206.25
contig_1	1668570	1669007	-	LLMDKN_003684	16.4	5.8	PF00206.25|Lyase_1	PFAM:PF00206.25
contig_1	1670262	1670456	-	LLMDKN_003687	7.6	4.9	PF21981.2|RecX_HTH3	PFAM:PF21981.2
contig_1	1670458	1670616	-	LLMDKN_003688	6.3	9.5	PF02631.22|RecX_HTH2	PFAM:PF02631.22
contig_1	1670565	1670729	-	LLMDKN_003689	6.0	5.7		
contig_1	1670726	1670977	-	LLMDKN_003690	9.6	6.6		
contig_1	1670979	1671266	-	LLMDKN_003691	10.4	5.1	PF00891.24|Methyltransf_2, PF01170.24|UPF0020, PF05175.20|MTS, PF07669.17|Eco57I, PF08241.18|Methyltransf_11, PF08242.18|Methyltransf_12, PF13649.12|Methyltransf_25, PF13847.12|Methyltransf_31	PFAM:PF00891.24, PFAM:PF01170.24, PFAM:PF05175.20, PFAM:PF07669.17, PFAM:PF08241.18, PFAM:PF08242.18, PFAM:PF13649.12, PFAM:PF13847.12
contig_1	1671274	1671483	-	LLMDKN_003692	7.9	4.9	PF17827.6|PrmC_N	PFAM:PF17827.6
contig_1	1675175	1675426	+	LLMDKN_003699	9.1	9.9		
contig_1	1675588	1676445	+	LLMDKN_003700	32.3	9.5		
contig_1	1676402	1676746	+	LLMDKN_003701	12.9	9.7		
contig_1	1676809	1676988	+	LLMDKN_003702	6.8	12.0		
contig_1	1676985	1678085	+	LLMDKN_003703	41.4	9.2		
contig_1	1677971	1678339	-	LLMDKN_003704	12.5	5.4		
contig_1	1678387	1679514	+	LLMDKN_003705	42.2	8.3	PF08989.15|DUF1896, PF13342.12|Toprim_Crpt	PFAM:PF08989.15, PFAM:PF13342.12
contig_1	1680181	1680492	-	LLMDKN_003707	11.4	9.7		
contig_1	1680513	1680863	+	LLMDKN_003708	12.7	8.9		
contig_1	1680860	1682023	+	LLMDKN_003709	44.2	9.5		
contig_1	1682016	1682168	+	LLMDKN_003710	5.8	4.3		
contig_1	1682165	1682314	+	LLMDKN_003711	5.5	5.0		
contig_1	1682302	1682433	+	LLMDKN_003712	5.0	6.9		
contig_1	1682372	1682647	+	LLMDKN_003713	10.4	9.8		
contig_1	1682626	1683183	+	LLMDKN_003714	21.0	8.6		
contig_1	1684143	1684769	+	LLMDKN_003716	23.7	8.8		
contig_1	1684821	1685321	+	LLMDKN_003717	18.9	5.4		
contig_1	1685404	1685577	+	LLMDKN_003718	6.9	9.5		
contig_1	1685533	1685739	-	LLMDKN_003719	8.0	9.6		
contig_1	1686918	1687283	+	LLMDKN_003721	13.8	5.4	PF14492.12|EFG_III	PFAM:PF14492.12
contig_1	1687804	1688121	+	LLMDKN_003722	12.3	9.6		
contig_1	1688096	1688398	+	LLMDKN_003723	11.8	7.9		
contig_1	1688489	1688737	+	LLMDKN_003724	9.5	5.6		
contig_1	1689573	1689947	+	LLMDKN_003726	13.7	5.5	PF00072.30|Response_reg	PFAM:PF00072.30
contig_1	1689931	1690239	+	LLMDKN_003727	11.5	5.7		
contig_1	1690232	1690576	+	LLMDKN_003728	13.1	5.6	PF00072.30|Response_reg	PFAM:PF00072.30
contig_1	1691836	1691973	+	LLMDKN_003730	5.0	5.6		
contig_1	1691970	1692158	+	LLMDKN_003731	7.2	5.3		
contig_1	1692100	1692306	+	LLMDKN_003732	7.9	9.0		
contig_1	1693512	1694084	+	LLMDKN_003734	21.5	5.0		
contig_1	1694035	1694397	+	LLMDKN_003735	13.7	9.7	PF13635.12|DUF4143	PFAM:PF13635.12
contig_1	1694301	1694504	-	LLMDKN_003736	7.3	8.8		
contig_1	1694557	1695195	+	LLMDKN_003737	24.5	9.0		
contig_1	1695224	1695367	+	LLMDKN_003738	5.7	4.3		
contig_1	1695699	1695989	+	LLMDKN_003739	10.9	4.6		
contig_1	1696084	1696401	+	LLMDKN_003740	12.5	9.3		
contig_1	1696632	1696832	+	LLMDKN_003741	7.5	4.3		
contig_1	1696838	1697194	+	LLMDKN_003742	13.6	4.8		
contig_1	1697184	1697447	+	LLMDKN_003743	9.8	9.3		
contig_1	1697956	1698180	-	LLMDKN_003744	8.7	5.0		SO:0001217, UniRef:UniRef50_L1PXN6
contig_1	1698159	1699223	-	LLMDKN_003745	40.5	9.2	PF10412.15|TrwB_AAD_bind	PFAM:PF10412.15
contig_1	1699355	1699555	-	LLMDKN_003746	7.5	9.2		
contig_1	1700742	1701011	-	LLMDKN_003748	10.0	10.0	PF13655.11|RVT_N	PFAM:PF13655.11
contig_1	1701180	1701491	-	LLMDKN_003749	11.4	10.0		
contig_1	1701700	1701939	-	LLMDKN_003750	9.5	9.5		
contig_1	1703387	1703602	-	LLMDKN_003753	7.7	6.5		
contig_1	1703565	1703726	-	LLMDKN_003754	6.4	9.5	PF19514.5|MobC_2	PFAM:PF19514.5
contig_1	1703705	1703989	-	LLMDKN_003755	11.4	10.1	PF19514.5|MobC_2	PFAM:PF19514.5
contig_1	1704510	1705019	+	LLMDKN_003756	18.8	9.6	PF01656.29|CbiA	PFAM:PF01656.29
contig_1	1705016	1705321	+	LLMDKN_003757	11.3	7.9		
contig_1	1705297	1705509	+	LLMDKN_003758	8.1	5.4		
contig_1	1705512	1705769	+	LLMDKN_003759	9.1	9.4		
contig_1	1705826	1705954	+	LLMDKN_003760	4.9	5.5		
contig_1	1706249	1706611	-	LLMDKN_003762	13.2	7.0		
contig_1	1706900	1707055	+	LLMDKN_003763	6.0	4.7		
contig_1	1707260	1707631	+	LLMDKN_003764	13.3	11.4		
contig_1	1707918	1708286	+	LLMDKN_003766	14.0	5.8		
contig_1	1708291	1709307	+	LLMDKN_003767	38.3	5.5		
contig_1	1710435	1711091	+	LLMDKN_003769	24.2	10.3		
contig_1	1711741	1712154	+	LLMDKN_003770	15.9	9.5	PF00078.32|RVT_1	PFAM:PF00078.32
contig_1	1712199	1712435	+	LLMDKN_003771	9.1	10.0		
contig_1	1712505	1712867	+	LLMDKN_003772	14.1	9.5	PF00078.32|RVT_1	PFAM:PF00078.32
contig_1	1712846	1713136	+	LLMDKN_003773	11.6	9.7	PF01348.27|Intron_maturas2	PFAM:PF01348.27
contig_1	1713117	1713218	+	LLMDKN_003774	4.0	9.2		
contig_1	1713208	1713426	+	LLMDKN_003775	8.5	9.3	PF21368.3|AI2M-like_HNH	PFAM:PF21368.3
contig_1	1714038	1714229	+	LLMDKN_003777	6.9	8.9		
contig_1	1714196	1714723	+	LLMDKN_003778	20.4	8.5		
contig_1	1714687	1714992	+	LLMDKN_003779	10.5	9.0		
contig_1	1715024	1715311	+	LLMDKN_003780	11.4	9.8		
contig_1	1715423	1715647	+	LLMDKN_003781	8.4	8.7		
contig_1	1715675	1715929	+	LLMDKN_003782	9.7	10.7		
contig_1	1716055	1716711	+	LLMDKN_003783	24.9	5.9		
contig_1	1716839	1717249	+	LLMDKN_003784	14.3	5.1	PF12508.14|Transposon_TraM	PFAM:PF12508.14
contig_1	1717326	1717790	+	LLMDKN_003785	17.7	9.7		
contig_1	1717594	1717995	-	LLMDKN_003786	14.8	6.2		
contig_1	1718046	1718315	+	LLMDKN_003787	10.0	6.7		
contig_1	1718427	1718759	+	LLMDKN_003788	11.8	9.5		
contig_1	1718645	1718902	-	LLMDKN_003789	9.2	4.9		
contig_1	1718934	1719239	+	LLMDKN_003790	11.4	6.6	PF01807.25|Zn_ribbon_DnaG	PFAM:PF01807.25
contig_1	1719244	1719459	+	LLMDKN_003791	8.2	8.7		
contig_1	1719485	1719898	+	LLMDKN_003792	15.2	9.4		
contig_1	1720076	1720303	+	LLMDKN_003793	8.8	4.2		
contig_1	1720300	1720452	+	LLMDKN_003794	5.7	7.8		
contig_1	1720535	1720828	+	LLMDKN_003795	11.2	10.2	PF00959.24|Phage_lysozyme	PFAM:PF00959.24
contig_1	1721417	1721626	-	LLMDKN_003796	7.5	9.9		
contig_1	1721807	1721977	-	LLMDKN_003797	6.0	8.2	PF22273.1|DUF6956	PFAM:PF22273.1
contig_1	1721917	1722150	-	LLMDKN_003798	9.0	9.6		
contig_1	1722321	1722428	-	LLMDKN_003799	4.0	4.1		
contig_1	1723124	1723783	-	LLMDKN_003801	25.2	9.0		
contig_1	1724209	1724379	-	LLMDKN_003803	7.0	4.9		
contig_1	1724465	1724806	+	LLMDKN_003804	12.6	7.9		
contig_1	1724957	1725208	-	LLMDKN_003805	9.7	9.2		
contig_1	1725740	1726084	+	LLMDKN_003806	12.4	9.0	PF00383.29|dCMP_cyt_deam_1	PFAM:PF00383.29
contig_1	1726041	1726763	+	LLMDKN_003807	27.5	9.3	PF01872.23|RibD_C	PFAM:PF01872.23
contig_1	1726901	1727260	+	LLMDKN_003808	13.1	4.5	PF19755.4|DUF6242	PFAM:PF19755.4
contig_1	1727257	1727649	+	LLMDKN_003809	14.6	8.8	PF19755.4|DUF6242	PFAM:PF19755.4
contig_1	1727652	1728146	+	LLMDKN_003810	17.7	9.5		
contig_1	1728259	1728555	+	LLMDKN_003811	11.3	6.3		
contig_1	1728649	1728996	+	LLMDKN_003812	13.5	4.9		
contig_1	1729020	1729160	+	LLMDKN_003813	5.2	7.9		
contig_1	1729446	1730717	+	LLMDKN_003814	48.6	7.7	PF07244.20|POTRA	PFAM:PF07244.20
contig_1	1730729	1731163	+	LLMDKN_003815	17.4	8.7		
contig_1	1731197	1731655	+	LLMDKN_003816	17.0	6.8	PF01103.29|Omp85	PFAM:PF01103.29
contig_1	1731680	1731949	+	LLMDKN_003817	10.1	9.4	PF03938.19|OmpH	PFAM:PF03938.19
contig_1	1731989	1732195	+	LLMDKN_003818	7.5	6.2	PF03938.19|OmpH	PFAM:PF03938.19
contig_1	1732297	1732500	+	LLMDKN_003819	7.7	9.4	PF03938.19|OmpH	PFAM:PF03938.19
contig_1	1732470	1732766	+	LLMDKN_003820	11.2	6.3	PF03938.19|OmpH	PFAM:PF03938.19
contig_1	1732871	1733092	+	LLMDKN_003821	8.2	9.3		
contig_1	1733077	1733406	+	LLMDKN_003822	11.8	6.0		
contig_1	1733461	1733712	+	LLMDKN_003823	9.2	5.1		
contig_1	1733788	1734216	+	LLMDKN_003824	16.0	5.2	PF09413.15|DUF2007	PFAM:PF09413.15
contig_1	1734250	1734453	+	LLMDKN_003825	7.1	4.9		
contig_1	1734487	1734858	+	LLMDKN_003826	13.5	4.8		
contig_1	1734852	1735280	+	LLMDKN_003827	15.4	6.9		
contig_1	1735311	1735883	+	LLMDKN_003828	21.1	6.4		
contig_1	1735862	1736380	+	LLMDKN_003829	18.7	9.5		
contig_1	1736374	1736667	+	LLMDKN_003830	10.9	9.2		
contig_1	1737214	1737582	+	LLMDKN_003831	14.8	9.5		
contig_1	1737590	1737781	+	LLMDKN_003832	7.3	8.0		
contig_1	1737815	1738033	+	LLMDKN_003833	7.9	6.8		
contig_1	1738030	1738500	+	LLMDKN_003834	17.9	9.4	PF13645.11|YkuD_2	PFAM:PF13645.11
contig_1	1738569	1739468	+	LLMDKN_003835	33.3	9.0	PF02729.26|OTCace_N, PF13645.11|YkuD_2	PFAM:PF02729.26, PFAM:PF13645.11
contig_1	1739455	1739655	+	LLMDKN_003836	7.4	4.2		
contig_1	1739667	1739834	+	LLMDKN_003837	6.2	5.6	PF00185.30|OTCace	PFAM:PF00185.30
contig_1	1739902	1740084	-	LLMDKN_003838	6.8	9.7	PF00581.25|Rhodanese	PFAM:PF00581.25
contig_1	1740849	1741007	-	LLMDKN_003839	6.2	8.1		
contig_1	1741109	1741219	-	LLMDKN_003840	4.5	5.2		
contig_1	1741256	1741471	-	LLMDKN_003841	8.2	8.4		
contig_1	1741468	1741599	-	LLMDKN_003842	5.0	4.1		
contig_1	1741559	1741681	-	LLMDKN_003843	5.0	10.4		
contig_1	1741929	1742345	-	LLMDKN_003844	16.5	5.0		
contig_1	1742390	1742677	-	LLMDKN_003845	11.1	4.3	PF17170.10|DUF5128	PFAM:PF17170.10
contig_1	1743011	1743286	-	LLMDKN_003846	9.8	4.2		
contig_1	1743470	1743769	-	LLMDKN_003847	11.9	10.7	PF13751.12|DDE_Tnp_1_6	PFAM:PF13751.12
contig_1	1743733	1744020	-	LLMDKN_003848	11.4	9.1	PF13751.12|DDE_Tnp_1_6	PFAM:PF13751.12
contig_1	1744026	1744244	-	LLMDKN_003849	8.5	6.7		
contig_1	1745127	1745279	-	LLMDKN_003851	6.0	7.9		
contig_1	1745305	1745481	-	LLMDKN_003852	6.6	6.2	PF17415.7|NigD_C	PFAM:PF17415.7
contig_1	1745505	1745984	-	LLMDKN_003853	17.5	5.4	PF12667.13|NigD_N, PF17415.7|NigD_C	PFAM:PF12667.13, PFAM:PF17415.7
contig_1	1745981	1746664	-	LLMDKN_003854	26.4	6.2		
contig_1	1746702	1746926	-	LLMDKN_003855	8.1	4.4		
contig_1	1746887	1747129	-	LLMDKN_003856	9.1	4.8		
contig_1	1747229	1747432	-	LLMDKN_003857	7.4	4.4		
contig_1	1747486	1747911	-	LLMDKN_003858	15.5	6.6	PF02786.22|CPSase_L_D2, PF13535.11|ATP-grasp_4	PFAM:PF02786.22, PFAM:PF13535.11
contig_1	1747908	1748201	-	LLMDKN_003859	10.8	5.0		
contig_1	1750094	1750192	-	LLMDKN_003862	3.5	11.5		
contig_1	1751153	1751410	+	LLMDKN_003864	9.6	4.9	PF00535.33|Glycos_transf_2	PFAM:PF00535.33
contig_1	1751600	1751842	+	LLMDKN_003865	9.6	10.2	PF13632.12|Glyco_trans_2_3	PFAM:PF13632.12
contig_1	1751859	1752119	+	LLMDKN_003866	9.4	9.2		
contig_1	1752272	1752574	+	LLMDKN_003867	10.9	8.7	PF20582.4|UPF0758_N	PFAM:PF20582.4
contig_1	1752839	1753177	-	LLMDKN_003868	13.2	4.8		
contig_1	1753211	1753531	-	LLMDKN_003869	12.1	5.7		
contig_1	1753473	1753685	-	LLMDKN_003870	8.4	9.9		
contig_1	1753682	1753771	-	LLMDKN_003871	3.4	7.9		
contig_1	1754210	1754767	-	LLMDKN_003873	20.7	9.3	PF00245.25|Alk_phosphatase	PFAM:PF00245.25
contig_1	1754709	1755413	-	LLMDKN_003874	25.3	5.5	PF00245.25|Alk_phosphatase	PFAM:PF00245.25
contig_1	1755410	1755604	-	LLMDKN_003875	7.1	8.1		
contig_1	1755869	1756432	-	LLMDKN_003876	20.0	4.7		
contig_1	1756457	1756738	-	LLMDKN_003877	10.3	5.1		
contig_1	1756914	1757060	-	LLMDKN_003878	5.5	7.9		
contig_1	1758237	1758509	-	LLMDKN_003880	10.2	8.5		
contig_1	1758581	1759261	-	LLMDKN_003881	25.9	9.1		
contig_1	1759224	1759358	-	LLMDKN_003882	4.9	4.6		
contig_1	1759550	1759792	-	LLMDKN_003883	9.7	9.4		
contig_1	1759853	1760095	-	LLMDKN_003884	9.4	5.8		
contig_1	1760154	1760279	-	LLMDKN_003885	4.7	4.6		
contig_1	1760272	1760481	-	LLMDKN_003886	7.6	7.7		
contig_1	1760435	1760629	-	LLMDKN_003887	7.3	10.7		
contig_1	1760656	1761093	-	LLMDKN_003888	15.6	5.9		
contig_1	1761250	1761339	-	LLMDKN_003889	3.4	7.9		
contig_1	1761884	1762201	+	LLMDKN_003890	12.0	8.6		
contig_1	1762385	1762567	+	LLMDKN_003891	6.2	6.7		
contig_1	1762634	1762864	+	LLMDKN_003892	9.0	5.6		
contig_1	1762911	1763096	+	LLMDKN_003893	6.9	6.0		
contig_1	1763215	1763382	+	LLMDKN_003894	6.2	6.2		
contig_1	1763379	1763522	+	LLMDKN_003895	6.0	8.1		
contig_1	1763562	1763723	+	LLMDKN_003896	6.2	4.9		
contig_1	1763705	1764259	+	LLMDKN_003897	20.5	5.8	PF13527.13|Acetyltransf_9	PFAM:PF13527.13
contig_1	1764391	1764642	+	LLMDKN_003898	9.4	5.6		
contig_1	1764639	1764740	-	LLMDKN_003899	3.9	8.9		
contig_1	1764679	1764981	-	LLMDKN_003900	11.7	4.9	PF15869.11|TolB_like	PFAM:PF15869.11
contig_1	1765024	1765464	-	LLMDKN_003901	16.6	8.9		
contig_1	1765419	1765796	-	LLMDKN_003902	14.3	4.8		
contig_1	1765828	1765986	-	LLMDKN_003903	6.2	9.4		
contig_1	1765941	1766294	-	LLMDKN_003904	13.6	6.3		
contig_1	1766324	1766806	-	LLMDKN_003905	18.3	8.8		
contig_1	1766776	1767045	-	LLMDKN_003906	10.4	7.6		
contig_1	1767133	1767360	-	LLMDKN_003907	8.8	5.7		
contig_1	1767411	1767584	-	LLMDKN_003908	6.5	6.0		
contig_1	1767563	1767739	-	LLMDKN_003909	7.0	5.2		
contig_1	1767848	1768099	-	LLMDKN_003910	10.1	4.7		
contig_1	1768127	1768399	-	LLMDKN_003911	10.2	8.9		
contig_1	1768354	1768530	-	LLMDKN_003912	6.9	8.7		
contig_1	1768627	1768791	-	LLMDKN_003913	6.4	6.5		
contig_1	1769060	1769656	-	LLMDKN_003914	23.2	9.4		
contig_1	1770170	1770400	-	LLMDKN_003915	8.7	4.7		
contig_1	1770397	1770603	-	LLMDKN_003916	8.1	9.4		
contig_1	1771036	1771626	-	LLMDKN_003917	22.7	5.5	PF17170.10|DUF5128	PFAM:PF17170.10
contig_1	1772399	1772641	-	LLMDKN_003918	8.9	4.5		
contig_1	1772843	1773049	-	LLMDKN_003919	7.8	9.2		
contig_1	1773253	1773732	-	LLMDKN_003920	19.1	9.3		
contig_1	1774094	1774483	-	LLMDKN_003921	14.7	7.7	PF17170.10|DUF5128	PFAM:PF17170.10
contig_1	1774492	1774692	-	LLMDKN_003922	7.1	4.3		
contig_1	1775130	1775411	+	LLMDKN_003923	10.8	10.4		
contig_1	1775455	1775670	-	LLMDKN_003924	8.1	4.3		
contig_1	1775634	1775945	-	LLMDKN_003925	12.0	5.3		
contig_1	1776165	1776413	-	LLMDKN_003926	9.6	8.5	PF17170.10|DUF5128	PFAM:PF17170.10
contig_1	1776662	1776841	-	LLMDKN_003927	6.5	5.0		
contig_1	1777028	1777222	-	LLMDKN_003928	7.7	6.2		
contig_1	1777398	1777610	-	LLMDKN_003929	8.3	9.9		
contig_1	1777821	1778168	-	LLMDKN_003930	12.7	5.4	PF22544.2|HYDIN_VesB_CFA65-like_Ig	PFAM:PF22544.2
contig_1	1778165	1778581	-	LLMDKN_003931	16.0	9.0		
contig_1	1778581	1778700	-	LLMDKN_003932	4.3	4.1		
contig_1	1778875	1779018	-	LLMDKN_003933	5.4	10.5		
contig_1	1779341	1779778	-	LLMDKN_003934	17.0	6.4		
contig_1	1779962	1780138	-	LLMDKN_003935	6.2	9.9		
contig_1	1780556	1780795	-	LLMDKN_003936	9.6	4.8		
contig_1	1780850	1781206	-	LLMDKN_003937	13.4	9.0		
contig_1	1781590	1781868	-	LLMDKN_003938	10.8	9.2		
contig_1	1781956	1782075	-	LLMDKN_003939	4.3	4.1		
contig_1	1782017	1782184	-	LLMDKN_003940	6.3	12.0		
contig_1	1782253	1782396	-	LLMDKN_003941	5.4	11.0		
contig_1	1782414	1782596	-	LLMDKN_003942	6.9	9.5		
contig_1	1782984	1783211	-	LLMDKN_003943	8.7	9.3		
contig_1	1783335	1783553	-	LLMDKN_003944	8.1	7.7		
contig_1	1783550	1783732	-	LLMDKN_003945	6.7	11.0		
contig_1	1783968	1784108	-	LLMDKN_003946	5.0	4.3		
contig_1	1784078	1784347	-	LLMDKN_003947	10.1	9.3		
contig_1	1784319	1784732	-	LLMDKN_003948	15.3	8.7		
contig_1	1784722	1785114	-	LLMDKN_003949	14.9	6.8	PF00809.28|Pterin_bind	PFAM:PF00809.28
contig_1	1785125	1785466	-	LLMDKN_003950	12.7	5.0	PF00809.28|Pterin_bind	PFAM:PF00809.28
contig_1	1785615	1786040	+	LLMDKN_003951	16.4	9.5		
contig_1	1786345	1786719	+	LLMDKN_003952	15.1	9.4	PF13428.12|TPR_14	PFAM:PF13428.12
contig_1	1786709	1786906	+	LLMDKN_003953	7.8	8.9		
contig_1	1786855	1787184	+	LLMDKN_003954	12.6	9.8	PF00512.31|HisKA	PFAM:PF00512.31
contig_1	1787159	1787410	+	LLMDKN_003955	9.3	4.3		
contig_1	1787407	1787814	+	LLMDKN_003956	15.2	10.0	PF02518.31|HATPase_c	PFAM:PF02518.31
contig_1	1787911	1788645	-	LLMDKN_003957	26.5	5.8	PF04960.20|Glutaminase	PFAM:PF04960.20
contig_1	1788639	1788791	-	LLMDKN_003958	5.5	7.8		
contig_1	1788856	1789179	-	LLMDKN_003959	12.5	9.0		
contig_1	1789209	1789361	-	LLMDKN_003960	5.7	10.0		
contig_1	1789528	1789860	-	LLMDKN_003961	12.4	4.7	PF00282.25|Pyridoxal_deC	PFAM:PF00282.25
contig_1	1789799	1790248	-	LLMDKN_003962	16.6	5.2	PF00282.25|Pyridoxal_deC	PFAM:PF00282.25
contig_1	1790267	1790689	+	LLMDKN_003963	15.8	6.6		
contig_1	1790662	1791375	+	LLMDKN_003964	25.9	6.4		
contig_1	1791320	1791466	+	LLMDKN_003965	5.5	9.8		
contig_1	1791826	1792107	+	LLMDKN_003966	10.2	7.6	PF01225.30|Mur_ligase	PFAM:PF01225.30
contig_1	1792180	1792500	+	LLMDKN_003967	11.9	5.4	PF08245.18|Mur_ligase_M	PFAM:PF08245.18
contig_1	1792813	1792971	+	LLMDKN_003968	6.1	6.1		
contig_1	1793132	1793392	-	LLMDKN_003969	9.8	6.8		
contig_1	1793672	1794157	+	LLMDKN_003970	17.8	9.4		
contig_1	1794157	1794393	+	LLMDKN_003971	8.3	5.9		
contig_1	1794484	1794993	+	LLMDKN_003972	18.7	8.5		
contig_1	1794996	1795487	+	LLMDKN_003973	19.5	10.4	PF12836.13|HHH_3	PFAM:PF12836.13
contig_1	1795587	1795781	+	LLMDKN_003974	7.4	9.9		
contig_1	1797267	1797656	-	LLMDKN_003977	15.2	7.8		
contig_1	1797596	1797979	-	LLMDKN_003978	14.0	9.2		
contig_1	1797948	1798688	-	LLMDKN_003979	27.5	5.5	PF00999.27|Na_H_Exchanger	PFAM:PF00999.27
contig_1	1798751	1798927	-	LLMDKN_003980	6.4	9.5		
contig_1	1798951	1799271	-	LLMDKN_003981	12.4	6.8		
contig_1	1799243	1799401	-	LLMDKN_003982	6.3	6.2		
contig_1	1799600	1799929	+	LLMDKN_003983	11.9	6.6	PF01118.30|Semialdhyde_dh	PFAM:PF01118.30
contig_1	1800665	1800949	-	LLMDKN_003985	10.5	4.5		
contig_1	1800943	1801623	-	LLMDKN_003986	25.9	8.4	PF07980.17|SusD_RagB	PFAM:PF07980.17
contig_1	1801565	1801990	-	LLMDKN_003987	16.1	5.9		
contig_1	1802002	1802379	-	LLMDKN_003988	14.1	9.4		
contig_1	1802536	1802829	-	LLMDKN_003989	11.1	9.1		
contig_1	1802881	1803237	-	LLMDKN_003990	13.0	8.6		
contig_1	1803230	1803598	-	LLMDKN_003991	13.5	6.6		
contig_1	1803787	1803987	+	LLMDKN_003992	7.4	6.2		
contig_1	1804009	1804335	-	LLMDKN_003993	12.3	4.6		
contig_1	1804403	1804522	-	LLMDKN_003994	4.4	9.5		
contig_1	1804519	1805175	-	LLMDKN_003995	24.7	9.0		
contig_1	1805242	1805526	-	LLMDKN_003996	10.5	5.2	PF07715.20|Plug	PFAM:PF07715.20
contig_1	1805480	1805707	-	LLMDKN_003997	8.1	6.6		
contig_1	1805719	1806009	-	LLMDKN_003998	9.7	6.1	PF13620.12|CarboxypepD_reg, PF13715.12|CarbopepD_reg_2	PFAM:PF13620.12, PFAM:PF13715.12
contig_1	1806473	1806931	-	LLMDKN_003999	17.3	4.7		
contig_1	1806903	1807133	-	LLMDKN_004000	8.2	9.4		
contig_1	1807231	1807323	-	LLMDKN_004001	3.4	5.0		
contig_1	1808636	1808821	+	LLMDKN_004002	6.7	6.2	PF07075.17|NamZ_N	PFAM:PF07075.17
contig_1	1808847	1809443	+	LLMDKN_004003	22.2	8.5	PF07075.17|NamZ_N, PF20732.2|NamZ_C	PFAM:PF07075.17, PFAM:PF20732.2
contig_1	1809383	1809664	+	LLMDKN_004004	10.9	10.3		
contig_1	1809696	1809902	+	LLMDKN_004005	7.6	9.9		
contig_1	1809886	1810371	+	LLMDKN_004006	18.5	8.8		
contig_1	1810427	1810993	+	LLMDKN_004007	20.6	9.6		
contig_1	1811354	1812271	+	LLMDKN_004008	34.7	8.2		
contig_1	1812378	1812518	+	LLMDKN_004009	5.1	4.7		
contig_1	1812533	1812676	+	LLMDKN_004010	4.8	4.4		
contig_1	1812723	1813664	+	LLMDKN_004011	34.6	4.9		
contig_1	1813627	1813797	+	LLMDKN_004012	6.5	6.1		
contig_1	1813856	1814191	+	LLMDKN_004013	12.5	7.8		
contig_1	1814092	1814334	-	LLMDKN_004014	9.0	6.0		
contig_1	1814361	1814993	+	LLMDKN_004015	23.8	6.2	PF00149.33|Metallophos	PFAM:PF00149.33
contig_1	1815062	1815568	+	LLMDKN_004016	18.9	9.3	PF01011.27|PQQ, PF13360.12|PQQ_2, PF13570.12|PQQ_3	PFAM:PF01011.27, PFAM:PF13360.12, PFAM:PF13570.12
contig_1	1815531	1816181	+	LLMDKN_004017	23.9	9.6	PF01011.27|PQQ, PF13360.12|PQQ_2, PF13570.12|PQQ_3	PFAM:PF01011.27, PFAM:PF13360.12, PFAM:PF13570.12
contig_1	1816593	1817018	+	LLMDKN_004018	15.6	4.9		
contig_1	1817036	1817281	+	LLMDKN_004019	9.7	5.4		
contig_1	1817317	1817616	+	LLMDKN_004020	11.5	6.3	PF00535.33|Glycos_transf_2	PFAM:PF00535.33
contig_1	1817565	1818041	+	LLMDKN_004021	18.5	7.8		
contig_1	1818038	1818340	+	LLMDKN_004022	11.6	9.5		
contig_1	1818304	1818966	+	LLMDKN_004023	24.9	5.3		
contig_1	1818963	1820039	+	LLMDKN_004024	41.4	5.6		
contig_1	1820026	1820277	+	LLMDKN_004025	9.1	5.4		
contig_1	1820372	1820890	+	LLMDKN_004026	19.3	9.0		
contig_1	1821008	1821235	+	LLMDKN_004027	7.7	7.7		
contig_1	1821207	1821623	+	LLMDKN_004028	15.6	6.4		
contig_1	1821642	1821779	+	LLMDKN_004029	5.0	10.4		
contig_1	1821854	1822183	+	LLMDKN_004030	12.3	9.5	PF07075.17|NamZ_N	PFAM:PF07075.17
contig_1	1822324	1822581	+	LLMDKN_004031	9.6	6.2	PF20732.2|NamZ_C	PFAM:PF20732.2
contig_1	1822593	1822913	+	LLMDKN_004032	12.9	9.5	PF20732.2|NamZ_C	PFAM:PF20732.2
contig_1	1822816	1823040	-	LLMDKN_004033	8.3	8.9		
contig_1	1823049	1823381	+	LLMDKN_004034	12.2	4.7	PF01565.28|FAD_binding_4	PFAM:PF01565.28
contig_1	1823427	1823906	+	LLMDKN_004035	18.3	8.2		
contig_1	1823855	1824103	+	LLMDKN_004036	9.3	5.0		
contig_1	1824070	1824825	+	LLMDKN_004037	28.5	8.5	PF02913.24|FAD-oxidase_C	PFAM:PF02913.24
contig_1	1824801	1825055	+	LLMDKN_004038	9.0	6.4		
contig_1	1825088	1825489	+	LLMDKN_004039	15.4	8.3		
contig_1	1825510	1825812	+	LLMDKN_004040	10.8	8.7		
contig_1	1825836	1826294	+	LLMDKN_004041	16.9	9.4	PF07786.18|HGSNAT_cat	PFAM:PF07786.18
contig_1	1826246	1826839	+	LLMDKN_004042	21.7	7.7		
contig_1	1827036	1827422	+	LLMDKN_004043	13.9	6.4		
contig_1	1827367	1827765	+	LLMDKN_004044	14.6	8.7		
contig_1	1827862	1828062	+	LLMDKN_004045	7.4	5.0		
contig_1	1828084	1828254	+	LLMDKN_004046	5.6	4.6	PF22645.1|GKRP_SIS_N	PFAM:PF22645.1
contig_1	1828332	1828694	+	LLMDKN_004047	12.9	9.3		
contig_1	1828736	1829215	+	LLMDKN_004048	18.1	9.6	PF00144.29|Beta-lactamase	PFAM:PF00144.29
contig_1	1829173	1830159	+	LLMDKN_004049	36.5	7.1	PF00144.29|Beta-lactamase	PFAM:PF00144.29
contig_1	1830189	1830647	+	LLMDKN_004050	17.2	9.6	PF13472.12|Lipase_GDSL_2	PFAM:PF13472.12
contig_1	1830727	1831032	-	LLMDKN_004051	11.5	9.7	PF01022.26|HTH_5, PF13545.12|HTH_Crp_2	PFAM:PF01022.26, PFAM:PF13545.12
contig_1	1831034	1831186	-	LLMDKN_004052	5.4	6.5		
contig_1	1831168	1831404	-	LLMDKN_004053	9.6	5.8		
contig_1	1831453	1831623	-	LLMDKN_004054	6.6	9.5		
contig_1	1831676	1832149	-	LLMDKN_004055	17.8	9.0	PF13372.12|Alginate_exp	PFAM:PF13372.12
contig_1	1832091	1832468	-	LLMDKN_004056	14.3	7.8		
contig_1	1832762	1833067	-	LLMDKN_004057	11.1	6.5		
contig_1	1833037	1833363	-	LLMDKN_004058	12.6	9.9		
contig_1	1833360	1833554	-	LLMDKN_004059	7.1	4.7		
contig_1	1833551	1834153	-	LLMDKN_004060	22.8	5.2		
contig_1	1834153	1834347	-	LLMDKN_004061	7.3	5.1		
contig_1	1834341	1834748	-	LLMDKN_004062	15.2	9.0		
contig_1	1835915	1836256	-	LLMDKN_004064	12.8	5.5		
contig_1	1836354	1836887	-	LLMDKN_004065	20.0	8.5		
contig_1	1837091	1837219	-	LLMDKN_004066	5.0	7.8		
contig_1	1837216	1837554	-	LLMDKN_004067	12.9	4.7		
contig_1	1837612	1837767	+	LLMDKN_004068	6.1	7.9		
contig_1	1838166	1838339	+	LLMDKN_004069	6.5	7.9		
contig_1	1841152	1841373	-	LLMDKN_004071	8.7	7.9		
contig_1	1841478	1841591	-	LLMDKN_004072	4.3	6.0		
contig_1	1841622	1841882	-	LLMDKN_004073	9.6	7.8		
contig_1	1841909	1842235	-	LLMDKN_004074	13.1	6.1		
contig_1	1842256	1842957	-	LLMDKN_004075	26.6	6.6		
contig_1	1843202	1843630	+	LLMDKN_004076	15.8	6.0	PF00521.26|DNA_topoisoIV	PFAM:PF00521.26
contig_1	1843731	1844744	+	LLMDKN_004077	38.3	6.3	PF00521.26|DNA_topoisoIV	PFAM:PF00521.26
contig_1	1844684	1844878	+	LLMDKN_004078	7.5	5.3		
contig_1	1844991	1845791	+	LLMDKN_004079	31.2	9.6		
contig_1	1846979	1847734	+	LLMDKN_004081	28.1	5.4		
contig_1	1847860	1848150	-	LLMDKN_004082	10.4	6.7	PF07980.17|SusD_RagB	PFAM:PF07980.17
contig_1	1848227	1848634	-	LLMDKN_004083	15.3	5.0		
contig_1	1848635	1849345	-	LLMDKN_004084	26.2	6.9	PF14322.12|SusD-like_3	PFAM:PF14322.12
contig_1	1849375	1849545	-	LLMDKN_004085	6.3	4.8		
contig_1	1849485	1849910	-	LLMDKN_004086	15.9	8.6		
contig_1	1849907	1850290	-	LLMDKN_004087	14.6	8.9		
contig_1	1850353	1850877	-	LLMDKN_004088	19.7	7.0		
contig_1	1850882	1851298	-	LLMDKN_004089	15.7	9.7		
contig_1	1851301	1851648	-	LLMDKN_004090	12.8	6.6		
contig_1	1851667	1851819	-	LLMDKN_004091	5.3	9.7	PF07715.20|Plug	PFAM:PF07715.20
contig_1	1851976	1852260	-	LLMDKN_004092	10.2	9.0	PF13715.12|CarbopepD_reg_2	PFAM:PF13715.12
contig_1	1852266	1852430	-	LLMDKN_004093	6.0	7.8		
contig_1	1852892	1853125	+	LLMDKN_004095	8.7	7.9		
contig_1	1853103	1853324	+	LLMDKN_004096	8.2	4.5		
contig_1	1853329	1853553	+	LLMDKN_004097	8.4	9.8	PF13342.12|Toprim_Crpt	PFAM:PF13342.12
contig_1	1854035	1854796	+	LLMDKN_004099	29.3	9.5		
contig_1	1854796	1855014	+	LLMDKN_004100	8.4	8.1		
contig_1	1855033	1855212	-	LLMDKN_004101	7.0	6.7		
contig_1	1856025	1856210	-	LLMDKN_004102	7.3	9.6		
contig_1	1856730	1856993	-	LLMDKN_004103	9.7	9.5		
contig_1	1857695	1857799	+	LLMDKN_004105	4.0	4.8		
contig_1	1857917	1858111	+	LLMDKN_004106	7.6	7.8		
contig_1	1858340	1858588	-	LLMDKN_004107	9.0	5.1		
contig_1	1859157	1859279	+	LLMDKN_004108	4.6	8.1		
contig_1	1859288	1860061	+	LLMDKN_004109	29.8	8.6	PF13588.12|HSDR_N_2	PFAM:PF13588.12
contig_1	1860198	1861343	+	LLMDKN_004110	43.8	5.4	PF07669.17|Eco57I	PFAM:PF07669.17
contig_1	1861376	1861579	+	LLMDKN_004111	7.8	9.1		
contig_1	1861972	1862340	+	LLMDKN_004112	13.4	4.7	PF01420.25|Methylase_S	PFAM:PF01420.25
contig_1	1862297	1862527	+	LLMDKN_004113	8.6	4.8		
contig_1	1862604	1862825	+	LLMDKN_004114	8.6	9.7		
contig_1	1862893	1863075	+	LLMDKN_004115	6.7	9.2		
contig_1	1863035	1863751	+	LLMDKN_004116	27.8	6.0		
contig_1	1863793	1864113	-	LLMDKN_004117	11.8	9.9		
contig_1	1864055	1864468	-	LLMDKN_004118	16.0	10.4	PF03432.20|Relaxase	PFAM:PF03432.20
contig_1	1864489	1864737	-	LLMDKN_004119	9.1	9.4	PF03432.20|Relaxase	PFAM:PF03432.20
contig_1	1864909	1865100	-	LLMDKN_004120	6.9	9.9		
contig_1	1865634	1865807	+	LLMDKN_004121	6.3	11.2		
contig_1	1865895	1866293	+	LLMDKN_004122	14.4	9.3	PF07715.20|Plug	PFAM:PF07715.20
contig_1	1866307	1866678	+	LLMDKN_004123	13.8	9.2		
contig_1	1866624	1867871	+	LLMDKN_004124	47.2	9.2		
contig_1	1868030	1868548	+	LLMDKN_004125	19.6	5.0		
contig_1	1868536	1868700	+	LLMDKN_004126	5.9	8.1		
contig_1	1868712	1869215	+	LLMDKN_004127	18.8	4.9		
contig_1	1869316	1870230	+	LLMDKN_004128	33.8	5.1	PF07980.17|SusD_RagB	PFAM:PF07980.17
contig_1	1870439	1870687	+	LLMDKN_004129	9.1	9.4		
contig_1	1870678	1871157	+	LLMDKN_004130	17.5	4.5	PF00933.27|Glyco_hydro_3	PFAM:PF00933.27
contig_1	1871157	1871291	+	LLMDKN_004131	5.0	6.0		
contig_1	1871294	1871596	+	LLMDKN_004132	11.3	9.6		
contig_1	1871637	1872257	+	LLMDKN_004133	22.2	6.7	PF01915.27|Glyco_hydro_3_C	PFAM:PF01915.27
contig_1	1872347	1872655	+	LLMDKN_004134	11.5	6.2		
contig_1	1872690	1872896	-	LLMDKN_004135	8.0	4.9		
contig_1	1872941	1873279	+	LLMDKN_004136	12.8	8.0	PF11329.14|DUF3131	PFAM:PF11329.14
contig_1	1873294	1873389	+	LLMDKN_004137	3.5	9.5		
contig_1	1873377	1873817	+	LLMDKN_004138	17.0	5.6	PF10091.15|Glycoamylase	PFAM:PF10091.15
contig_1	1873832	1874170	+	LLMDKN_004139	12.7	6.8	PF10091.15|Glycoamylase	PFAM:PF10091.15
contig_1	1874305	1874847	+	LLMDKN_004140	20.8	9.5		
contig_1	1875052	1875555	+	LLMDKN_004141	19.2	9.4	PF07494.17|Reg_prop	PFAM:PF07494.17
contig_1	1875555	1876391	+	LLMDKN_004142	31.4	9.2	PF07494.17|Reg_prop	PFAM:PF07494.17
contig_1	1876421	1876960	+	LLMDKN_004143	20.4	9.0		
contig_1	1877137	1877496	+	LLMDKN_004144	14.3	9.7	PF07495.19|Y_Y_Y	PFAM:PF07495.19
contig_1	1877562	1877723	-	LLMDKN_004145	6.3	9.7	PF00165.29|HTH_AraC	PFAM:PF00165.29
contig_1	1877677	1877997	-	LLMDKN_004146	12.2	9.2	PF00165.29|HTH_AraC	PFAM:PF00165.29
contig_1	1878015	1878191	-	LLMDKN_004147	6.5	7.8	PF00072.30|Response_reg	PFAM:PF00072.30
contig_1	1878236	1878436	-	LLMDKN_004148	7.6	4.3		
contig_1	1878433	1878927	-	LLMDKN_004149	18.6	7.0	PF02518.31|HATPase_c	PFAM:PF02518.31
contig_1	1879948	1880172	+	LLMDKN_004150	7.6	4.8		
contig_1	1880204	1880401	+	LLMDKN_004151	6.9	9.0	PF07715.20|Plug	PFAM:PF07715.20
contig_1	1880494	1881609	+	LLMDKN_004152	43.0	7.7		
contig_1	1881576	1881980	+	LLMDKN_004153	14.8	8.9	PF00593.30|TonB_dep_Rec_b-barrel	PFAM:PF00593.30
contig_1	1881977	1882156	+	LLMDKN_004154	6.4	6.1		
contig_1	1882153	1882278	+	LLMDKN_004155	4.7	9.2		
contig_1	1882355	1882843	+	LLMDKN_004156	18.4	9.5		
contig_1	1882812	1882931	+	LLMDKN_004157	4.4	4.4		
contig_1	1883106	1883405	+	LLMDKN_004158	10.8	6.7		
contig_1	1883378	1884082	+	LLMDKN_004159	27.0	5.0	PF14322.12|SusD-like_3	PFAM:PF14322.12
contig_1	1884334	1884819	+	LLMDKN_004160	18.6	5.0	PF07980.17|SusD_RagB	PFAM:PF07980.17
contig_1	1885202	1885873	+	LLMDKN_004161	26.0	8.3		
contig_1	1885909	1886355	+	LLMDKN_004162	16.3	8.9		
contig_1	1886745	1887089	+	LLMDKN_004163	12.9	10.1		
contig_1	1887086	1887505	+	LLMDKN_004164	15.4	6.9		
contig_1	1887513	1888190	+	LLMDKN_004165	25.2	6.2		
contig_1	1888190	1888300	+	LLMDKN_004166	4.2	6.0		
contig_1	1888322	1888789	+	LLMDKN_004167	17.2	8.7		
contig_1	1888857	1889234	+	LLMDKN_004168	13.9	6.0		
contig_1	1889664	1889996	+	LLMDKN_004169	12.8	6.3	PF00728.28|Glyco_hydro_20	PFAM:PF00728.28
contig_1	1889950	1890318	+	LLMDKN_004170	14.2	7.0	PF00728.28|Glyco_hydro_20	PFAM:PF00728.28
contig_1	1890318	1890797	+	LLMDKN_004171	18.7	5.8	PF00728.28|Glyco_hydro_20	PFAM:PF00728.28
contig_1	1891056	1891727	+	LLMDKN_004172	24.8	10.2	PF02837.24|Glyco_hydro_2_N, PF22666.2|Glyco_hydro_2_N2	PFAM:PF02837.24, PFAM:PF22666.2
contig_1	1891673	1892941	+	LLMDKN_004173	49.1	7.3	PF02836.23|Glyco_hydro_2_C, PF16355.11|DUF4982	PFAM:PF02836.23, PFAM:PF16355.11
contig_1	1892938	1893177	+	LLMDKN_004174	8.8	10.0		
contig_1	1893195	1893317	+	LLMDKN_004175	4.5	5.0		
contig_1	1893439	1893717	+	LLMDKN_004176	10.9	6.8	PF10022.15|DUF2264	PFAM:PF10022.15
contig_1	1893735	1894160	+	LLMDKN_004177	15.6	6.0	PF10022.15|DUF2264	PFAM:PF10022.15
contig_1	1894389	1895180	-	LLMDKN_004178	28.9	9.7	PF00593.30|TonB_dep_Rec_b-barrel	PFAM:PF00593.30
contig_1	1895177	1895431	-	LLMDKN_004179	9.5	9.6	PF00593.30|TonB_dep_Rec_b-barrel	PFAM:PF00593.30
contig_1	1895385	1895750	-	LLMDKN_004180	14.2	6.2		
contig_1	1895747	1896655	-	LLMDKN_004181	33.0	5.1	PF07715.20|Plug	PFAM:PF07715.20
contig_1	1896661	1897005	-	LLMDKN_004182	13.1	10.1		
contig_1	1897135	1897437	-	LLMDKN_004183	10.8	8.6	PF13194.11|DUF4010	PFAM:PF13194.11
contig_1	1897431	1897832	-	LLMDKN_004184	14.8	6.7	PF13194.11|DUF4010	PFAM:PF13194.11
contig_1	1897894	1898430	-	LLMDKN_004185	20.6	7.7		
contig_1	1898476	1898586	-	LLMDKN_004186	4.2	8.0		
contig_1	1898577	1898957	-	LLMDKN_004187	14.4	5.9	PF01928.26|CYTH	PFAM:PF01928.26
contig_1	1898960	1899202	-	LLMDKN_004188	8.8	6.1		
contig_1	1899250	1899405	-	LLMDKN_004189	5.7	10.5		
contig_1	1899402	1899671	-	LLMDKN_004190	9.9	10.1		
contig_1	1899760	1899885	-	LLMDKN_004191	4.6	4.5		
contig_1	1899873	1900106	-	LLMDKN_004192	8.7	9.1		
contig_1	1900048	1900275	-	LLMDKN_004193	8.6	9.5		
contig_1	1900805	1901158	-	LLMDKN_004194	13.4	5.3	PF00472.26|RF-1	PFAM:PF00472.26
contig_1	1901119	1901520	-	LLMDKN_004195	15.0	5.4	PF03462.23|PCRF	PFAM:PF03462.23
contig_1	1901933	1902562	-	LLMDKN_004196	23.4	5.7		
contig_1	1902612	1902764	-	LLMDKN_004197	6.2	9.9		
contig_1	1902724	1903662	-	LLMDKN_004198	35.6	7.6		
contig_1	1903817	1904323	+	LLMDKN_004199	19.2	9.0	PF04389.22|Peptidase_M28	PFAM:PF04389.22
contig_1	1904370	1904771	+	LLMDKN_004200	15.2	9.5	PF07687.19|M20_dimer	PFAM:PF07687.19
contig_1	1904713	1904931	+	LLMDKN_004201	8.1	8.8		
contig_1	1905011	1905430	-	LLMDKN_004202	16.5	10.5	PF13751.12|DDE_Tnp_1_6	PFAM:PF13751.12
contig_1	1905394	1905585	-	LLMDKN_004203	7.4	9.0	PF13751.12|DDE_Tnp_1_6	PFAM:PF13751.12
contig_1	1905605	1905907	-	LLMDKN_004204	12.1	6.8		
contig_1	1907042	1907200	-	LLMDKN_004206	5.8	4.3		
contig_1	1907182	1907445	-	LLMDKN_004207	9.8	6.2		
contig_1	1907580	1907837	-	LLMDKN_004208	10.2	10.1		
contig_1	1907917	1908498	-	LLMDKN_004209	21.8	6.6	PF22848.2|ASD1_dom	PFAM:PF22848.2
contig_1	1908495	1909148	-	LLMDKN_004210	24.1	6.5	PF06439.18|3keto-disac_hyd	PFAM:PF06439.18
contig_1	1909251	1909445	-	LLMDKN_004211	7.3	5.1		
contig_1	1909491	1909610	-	LLMDKN_004212	4.2	9.8		
contig_1	1909607	1909765	-	LLMDKN_004213	5.7	4.1	PF20737.2|Glyco_hydro127C	PFAM:PF20737.2
contig_1	1909963	1910073	-	LLMDKN_004214	4.3	10.0		
contig_1	1910070	1910780	-	LLMDKN_004215	26.6	6.1	PF07944.18|Beta-AFase-like_GH127_cat	PFAM:PF07944.18
contig_1	1910865	1911209	-	LLMDKN_004216	13.1	7.9	PF07944.18|Beta-AFase-like_GH127_cat	PFAM:PF07944.18
contig_1	1911298	1911558	-	LLMDKN_004217	9.8	9.5		
contig_1	1911833	1912099	+	LLMDKN_004218	10.2	9.3	PF08279.18|HTH_11	PFAM:PF08279.18
contig_1	1912368	1912727	+	LLMDKN_004219	13.6	5.0		
contig_1	1912739	1912879	-	LLMDKN_004220	5.5	5.5		
contig_1	1912912	1913565	-	LLMDKN_004221	24.3	4.7	PF11396.14|PepSY_like	PFAM:PF11396.14
contig_1	1913570	1913851	-	LLMDKN_004222	10.3	5.0		
contig_1	1914313	1914531	+	LLMDKN_004223	8.5	10.8		
contig_1	1914521	1914718	-	LLMDKN_004224	7.5	6.9		
contig_1	1915024	1915227	-	LLMDKN_004225	7.6	4.1		
contig_1	1915963	1916607	-	LLMDKN_004226	24.6	5.9	PF04616.20|Glyco_hydro_43	PFAM:PF04616.20
contig_1	1916574	1916918	-	LLMDKN_004227	12.5	7.8		
contig_1	1917613	1918416	-	LLMDKN_004228	29.5	5.4		
contig_1	1918559	1918981	-	LLMDKN_004229	15.9	5.0	PF06824.17|Glyco_hydro_125	PFAM:PF06824.17
contig_1	1918986	1919600	-	LLMDKN_004230	23.4	8.7	PF06824.17|Glyco_hydro_125	PFAM:PF06824.17
contig_1	1919542	1920003	-	LLMDKN_004231	17.3	8.7	PF06824.17|Glyco_hydro_125	PFAM:PF06824.17
contig_1	1920069	1921325	-	LLMDKN_004232	47.9	6.1	PF07971.18|Glyco_hydro_92	PFAM:PF07971.18
contig_1	1921265	1921672	-	LLMDKN_004233	15.1	9.0	PF07971.18|Glyco_hydro_92	PFAM:PF07971.18
contig_1	1921699	1921899	-	LLMDKN_004234	7.6	9.2		
contig_1	1921851	1922231	-	LLMDKN_004235	14.5	7.7	PF17678.7|Glyco_hydro_92N	PFAM:PF17678.7
contig_1	1922179	1922394	-	LLMDKN_004236	7.6	9.1		
contig_1	1922469	1923050	-	LLMDKN_004237	22.4	8.7	PF16335.10|GtaA_6_Hairpin	PFAM:PF16335.10
contig_1	1923101	1924405	-	LLMDKN_004238	47.8	5.0	PF16335.10|GtaA_6_Hairpin	PFAM:PF16335.10
contig_1	1924402	1924701	-	LLMDKN_004239	11.3	4.9		
contig_1	1924722	1924856	-	LLMDKN_004240	5.2	8.2		
contig_1	1924829	1924948	-	LLMDKN_004241	4.3	10.1		
contig_1	1924974	1925543	-	LLMDKN_004242	21.5	9.1		
contig_1	1925540	1925701	-	LLMDKN_004243	6.1	4.8		
contig_1	1925698	1925958	-	LLMDKN_004244	10.1	5.5		
contig_1	1926051	1926632	-	LLMDKN_004245	22.5	5.3		
contig_1	1926651	1927103	-	LLMDKN_004246	17.4	9.0		
contig_1	1927157	1927603	-	LLMDKN_004247	16.9	5.0	PF03663.20|Glyco_hydro_76	PFAM:PF03663.20
contig_1	1927629	1927805	-	LLMDKN_004248	6.6	8.8		
contig_1	1927802	1928116	-	LLMDKN_004249	12.6	5.3	PF03663.20|Glyco_hydro_76	PFAM:PF03663.20
contig_1	1928525	1928701	-	LLMDKN_004250	7.1	9.4		SO:0001217, UniRef:UniRef50_A0A015W6D5
contig_1	1928961	1929206	-	LLMDKN_004251	9.4	9.6	PF04616.20|Glyco_hydro_43	PFAM:PF04616.20
contig_1	1929179	1929454	-	LLMDKN_004252	10.3	9.4	PF04616.20|Glyco_hydro_43	PFAM:PF04616.20
contig_1	1929519	1929935	-	LLMDKN_004253	16.4	7.7	PF04616.20|Glyco_hydro_43	PFAM:PF04616.20
contig_1	1930028	1930249	-	LLMDKN_004254	8.7	8.8		
contig_1	1930246	1930452	-	LLMDKN_004255	7.5	4.5		
contig_1	1930533	1931015	-	LLMDKN_004256	18.1	5.3	PF12866.13|DUF3823, PF18003.7|DUF3823_C	PFAM:PF12866.13, PFAM:PF18003.7
contig_1	1930993	1931241	-	LLMDKN_004257	9.3	8.8		
contig_1	1931264	1931524	-	LLMDKN_004258	10.4	9.2		
contig_1	1931496	1932101	-	LLMDKN_004259	22.0	4.7	PF07980.17|SusD_RagB	PFAM:PF07980.17
contig_1	1932106	1932411	-	LLMDKN_004260	11.4	4.7		
contig_1	1932413	1932754	-	LLMDKN_004261	12.9	8.4	PF14322.12|SusD-like_3	PFAM:PF14322.12
contig_1	1932733	1932930	-	LLMDKN_004262	8.2	9.1		
contig_1	1933121	1933591	-	LLMDKN_004263	17.6	5.0		
contig_1	1933606	1934343	-	LLMDKN_004264	28.0	5.1		
contig_1	1934337	1934864	-	LLMDKN_004265	21.1	9.3		
contig_1	1934836	1935060	-	LLMDKN_004266	8.4	9.1		
contig_1	1935060	1935455	-	LLMDKN_004267	14.7	10.2		
contig_1	1935522	1935893	-	LLMDKN_004268	12.8	9.6	PF07715.20|Plug	PFAM:PF07715.20
contig_1	1935977	1936306	-	LLMDKN_004269	11.7	8.9	PF13620.12|CarboxypepD_reg, PF13715.12|CarbopepD_reg_2	PFAM:PF13620.12, PFAM:PF13715.12
contig_1	1936669	1936827	+	LLMDKN_004270	5.5	7.9		
contig_1	1936769	1936903	+	LLMDKN_004271	5.2	4.8		
contig_1	1936890	1937726	+	LLMDKN_004272	31.6	6.1	PF01074.27|Glyco_hydro_38N	PFAM:PF01074.27
contig_1	1937881	1938177	+	LLMDKN_004273	10.4	5.2		
contig_1	1938242	1939015	+	LLMDKN_004274	29.5	8.7	PF07748.19|Glyco_hydro_38C	PFAM:PF07748.19
contig_1	1939023	1939355	+	LLMDKN_004275	12.1	5.8	PF17677.7|Glyco_hydro38C2	PFAM:PF17677.7
contig_1	1939406	1940284	+	LLMDKN_004276	32.2	5.7	PF00754.31|F5_F8_type_C, PF22633.2|F5_F8_type_C_2	PFAM:PF00754.31, PFAM:PF22633.2
contig_1	1940651	1940851	-	LLMDKN_004277	7.7	8.6	PF16335.10|GtaA_6_Hairpin	PFAM:PF16335.10
contig_1	1940814	1941143	-	LLMDKN_004278	12.8	9.3	PF16335.10|GtaA_6_Hairpin	PFAM:PF16335.10
contig_1	1941148	1941381	-	LLMDKN_004279	8.6	4.5	PF16335.10|GtaA_6_Hairpin	PFAM:PF16335.10
contig_1	1941423	1941707	-	LLMDKN_004280	10.3	7.8	PF16335.10|GtaA_6_Hairpin	PFAM:PF16335.10
contig_1	1941673	1942362	-	LLMDKN_004281	26.0	6.1		
contig_1	1942476	1943141	-	LLMDKN_004282	24.9	5.0		
contig_1	1943257	1944708	-	LLMDKN_004283	55.2	5.7	PF00703.27|Glyco_hydro_2, PF02836.23|Glyco_hydro_2_C, PF02837.24|Glyco_hydro_2_N, PF22666.2|Glyco_hydro_2_N2	PFAM:PF00703.27, PFAM:PF02836.23, PFAM:PF02837.24, PFAM:PF22666.2
contig_1	1944659	1945033	-	LLMDKN_004284	14.1	7.7		
contig_1	1945175	1945729	-	LLMDKN_004285	20.7	5.0	PF04616.20|Glyco_hydro_43	PFAM:PF04616.20
contig_1	1945672	1946286	-	LLMDKN_004286	23.5	6.4	PF04616.20|Glyco_hydro_43	PFAM:PF04616.20
contig_1	1946674	1947081	+	LLMDKN_004287	15.3	6.3	PF07944.18|Beta-AFase-like_GH127_cat	PFAM:PF07944.18
contig_1	1947078	1947659	+	LLMDKN_004288	22.4	5.0	PF07944.18|Beta-AFase-like_GH127_cat	PFAM:PF07944.18
contig_1	1947629	1948066	+	LLMDKN_004289	16.2	7.7	PF07944.18|Beta-AFase-like_GH127_cat, PF20736.2|Glyco_hydro127M	PFAM:PF07944.18, PFAM:PF20736.2
contig_1	1948129	1948386	+	LLMDKN_004290	9.7	10.5		
contig_1	1948359	1948628	+	LLMDKN_004291	10.1	6.3		
contig_1	1948786	1948947	+	LLMDKN_004292	6.2	12.0		
contig_1	1948886	1950358	+	LLMDKN_004293	56.6	5.7	PF07944.18|Beta-AFase-like_GH127_cat, PF20736.2|Glyco_hydro127M	PFAM:PF07944.18, PFAM:PF20736.2
contig_1	1950390	1950704	+	LLMDKN_004294	11.9	6.3		
contig_1	1950844	1951500	+	LLMDKN_004295	24.9	9.0	PF02837.24|Glyco_hydro_2_N, PF22666.2|Glyco_hydro_2_N2	PFAM:PF02837.24, PFAM:PF22666.2
contig_1	1951585	1951833	+	LLMDKN_004296	9.5	9.8	PF00703.27|Glyco_hydro_2	PFAM:PF00703.27
contig_1	1951830	1952027	+	LLMDKN_004297	7.7	8.0		
contig_1	1952188	1952478	+	LLMDKN_004298	11.3	8.7		
contig_1	1952536	1952865	-	LLMDKN_004299	11.7	9.1		
contig_1	1953200	1954060	+	LLMDKN_004300	33.5	8.0	PF03663.20|Glyco_hydro_76, PF07470.19|Glyco_hydro_88, PF07944.18|Beta-AFase-like_GH127_cat	PFAM:PF03663.20, PFAM:PF07470.19, PFAM:PF07944.18
contig_1	1954382	1954990	+	LLMDKN_004301	23.9	5.3	PF04616.20|Glyco_hydro_43	PFAM:PF04616.20
contig_1	1954984	1955268	+	LLMDKN_004302	10.4	5.1	PF04616.20|Glyco_hydro_43	PFAM:PF04616.20
contig_1	1955435	1955629	-	LLMDKN_004303	7.4	9.8		
contig_1	1955642	1956145	-	LLMDKN_004304	18.9	8.4	PF00165.29|HTH_AraC, PF05043.19|Mga, PF12833.13|HTH_18	PFAM:PF00165.29, PFAM:PF05043.19, PFAM:PF12833.13
contig_1	1956135	1956362	-	LLMDKN_004305	8.4	4.9	PF00072.30|Response_reg	PFAM:PF00072.30
contig_1	1956380	1957123	-	LLMDKN_004306	27.1	5.0	PF00512.31|HisKA, PF02518.31|HATPase_c	PFAM:PF00512.31, PFAM:PF02518.31
contig_1	1957099	1957383	-	LLMDKN_004307	11.4	9.7		
contig_1	1957371	1957676	-	LLMDKN_004308	11.9	5.3	PF07495.19|Y_Y_Y	PFAM:PF07495.19
contig_1	1958029	1958574	-	LLMDKN_004309	19.6	4.8	PF07494.17|Reg_prop	PFAM:PF07494.17
contig_1	1958586	1958783	-	LLMDKN_004310	7.4	8.1	PF07494.17|Reg_prop	PFAM:PF07494.17
contig_1	1958726	1958971	-	LLMDKN_004311	9.1	5.6		
contig_1	1958911	1959339	-	LLMDKN_004312	15.9	5.1		
contig_1	1959898	1960323	-	LLMDKN_004313	15.3	10.2		
contig_1	1960304	1960606	-	LLMDKN_004314	11.5	9.7		
contig_1	1960575	1961015	-	LLMDKN_004315	16.4	9.7		
contig_1	1961012	1961362	-	LLMDKN_004316	13.5	5.4	PF14125.13|DUF4292	PFAM:PF14125.13
contig_1	1961313	1961600	-	LLMDKN_004317	10.6	9.6		
contig_1	1961597	1961743	-	LLMDKN_004318	5.6	7.8		
contig_1	1961707	1962015	-	LLMDKN_004319	11.6	9.4	PF13431.12|TPR_17	PFAM:PF13431.12
contig_1	1961990	1962766	-	LLMDKN_004320	29.6	4.5	PF00515.34|TPR_1, PF07719.23|TPR_2, PF12895.13|ANAPC3, PF13176.12|TPR_7, PF13181.12|TPR_8, PF13414.12|TPR_11, PF13428.12|TPR_14, PF13431.12|TPR_17, PF13432.12|TPR_16, PF14559.12|TPR_19, PF14561.12|TPR_20	PFAM:PF00515.34, PFAM:PF07719.23, PFAM:PF12895.13, PFAM:PF13176.12, PFAM:PF13181.12, PFAM:PF13414.12, PFAM:PF13428.12, PFAM:PF13431.12, PFAM:PF13432.12, PFAM:PF14559.12, PFAM:PF14561.12
contig_1	1962770	1963030	-	LLMDKN_004321	10.2	10.2		
contig_1	1963074	1963352	-	LLMDKN_004322	10.7	10.0		
contig_1	1963383	1963538	-	LLMDKN_004323	5.7	4.6	PF00692.24|dUTPase	PFAM:PF00692.24
contig_1	1963612	1963815	-	LLMDKN_004324	7.4	7.9		
contig_1	1963890	1964447	+	LLMDKN_004325	21.4	8.4		
contig_1	1964469	1965047	+	LLMDKN_004326	22.0	5.7		
contig_1	1965047	1965244	+	LLMDKN_004327	7.2	6.0	PF13286.11|HD_assoc	PFAM:PF13286.11
contig_1	1965281	1965445	-	LLMDKN_004328	6.1	5.2		
contig_1	1966370	1966504	-	LLMDKN_004330	5.1	7.9	PF19576.4|Acyltransf_2	PFAM:PF19576.4
contig_1	1966506	1966772	-	LLMDKN_004331	10.0	10.0	PF19576.4|Acyltransf_2	PFAM:PF19576.4
contig_1	1966745	1967083	-	LLMDKN_004332	12.7	5.5	PF19576.4|Acyltransf_2	PFAM:PF19576.4
contig_1	1967450	1967779	-	LLMDKN_004333	12.3	5.5		
contig_1	1968179	1969597	-	LLMDKN_004334	54.4	9.7	PF00593.30|TonB_dep_Rec_b-barrel	PFAM:PF00593.30
contig_1	1969798	1969986	-	LLMDKN_004335	6.9	6.8		
contig_1	1971197	1971430	-	LLMDKN_004337	8.8	9.2		
contig_1	1971700	1971930	-	LLMDKN_004338	8.7	8.6		
contig_1	1971927	1972124	-	LLMDKN_004339	7.5	4.7		
contig_1	1972139	1972294	-	LLMDKN_004340	6.2	8.2		
contig_1	1972353	1972757	-	LLMDKN_004341	14.8	4.6	PF17170.10|DUF5128	PFAM:PF17170.10
contig_1	1972751	1973170	-	LLMDKN_004342	15.5	9.0		
contig_1	1973254	1973379	-	LLMDKN_004343	5.0	9.9		
contig_1	1973530	1973652	+	LLMDKN_004344	4.6	9.7		
contig_1	1973597	1973800	+	LLMDKN_004345	7.4	6.9	PF00216.26|Bac_DNA_binding, PF18291.6|HU-HIG	PFAM:PF00216.26, PFAM:PF18291.6
contig_1	1973763	1974050	+	LLMDKN_004346	10.6	9.4		
contig_1	1974164	1974583	+	LLMDKN_004347	16.7	9.4		
contig_1	1974594	1974818	+	LLMDKN_004348	8.4	4.8		
contig_1	1974776	1974997	+	LLMDKN_004349	8.5	4.5		
contig_1	1974988	1975086	+	LLMDKN_004350	3.7	4.9		
contig_1	1975169	1975378	+	LLMDKN_004351	8.1	9.5		
contig_1	1975323	1975766	-	LLMDKN_004352	17.1	9.1		
contig_1	1975906	1976340	+	LLMDKN_004353	16.3	9.6		
contig_1	1976559	1977194	+	LLMDKN_004354	23.2	5.3	PF00905.27|Transpeptidase	PFAM:PF00905.27
contig_1	1977178	1977603	+	LLMDKN_004355	15.1	9.2	PF00905.27|Transpeptidase	PFAM:PF00905.27
contig_1	1977603	1978031	+	LLMDKN_004356	15.4	9.8	PF03793.24|PASTA	PFAM:PF03793.24
contig_1	1978167	1978682	+	LLMDKN_004357	18.8	5.1	PF01225.30|Mur_ligase, PF08245.18|Mur_ligase_M	PFAM:PF01225.30, PFAM:PF08245.18
contig_1	1978724	1979404	+	LLMDKN_004358	24.7	8.8	PF02875.26|Mur_ligase_C, PF08245.18|Mur_ligase_M	PFAM:PF02875.26, PFAM:PF08245.18
contig_1	1979401	1979502	+	LLMDKN_004359	3.9	6.4		
contig_1	1979677	1980267	+	LLMDKN_004360	21.8	9.1		
contig_1	1980237	1980434	+	LLMDKN_004361	7.0	4.7		
contig_1	1980505	1980669	+	LLMDKN_004362	5.9	9.4		
contig_1	1980720	1980860	+	LLMDKN_004363	5.2	9.6		
contig_1	1981002	1981238	+	LLMDKN_004364	8.5	5.6	PF21377.3|MurD_N	PFAM:PF21377.3
contig_1	1981247	1981942	+	LLMDKN_004365	26.0	5.3	PF08245.18|Mur_ligase_M	PFAM:PF08245.18
contig_1	1981997	1982257	+	LLMDKN_004366	9.9	8.5		
contig_1	1982401	1982817	+	LLMDKN_004367	15.4	9.3		
contig_1	1982976	1983236	+	LLMDKN_004368	9.4	6.7		
contig_1	1983280	1983582	+	LLMDKN_004369	11.1	10.0		
contig_1	1983530	1983670	+	LLMDKN_004370	5.3	10.0		
contig_1	1983753	1984349	+	LLMDKN_004371	21.8	10.0		
contig_1	1984651	1984818	+	LLMDKN_004372	6.0	5.7		
contig_1	1984835	1984960	+	LLMDKN_004373	4.4	9.4	PF01225.30|Mur_ligase	PFAM:PF01225.30
contig_1	1984941	1985174	+	LLMDKN_004374	8.8	5.1		
contig_1	1985270	1985497	+	LLMDKN_004375	8.4	4.4		
contig_1	1985530	1985826	+	LLMDKN_004376	10.9	5.8		
contig_1	1985817	1986122	+	LLMDKN_004377	11.9	8.5	PF02875.26|Mur_ligase_C	PFAM:PF02875.26
contig_1	1986089	1986232	+	LLMDKN_004378	5.3	4.8		
contig_1	1986293	1986826	+	LLMDKN_004379	19.7	9.6		
contig_1	1987083	1987358	+	LLMDKN_004380	9.6	9.6		
contig_1	1987448	1987615	+	LLMDKN_004381	6.0	9.4	PF02491.25|SHS2_FTSA	PFAM:PF02491.25
contig_1	1987772	1988002	-	LLMDKN_004382	8.8	4.5		
contig_1	1988027	1988518	+	LLMDKN_004383	18.8	9.9		
contig_1	1988545	1988820	+	LLMDKN_004384	9.7	7.9	PF00091.31|Tubulin	PFAM:PF00091.31
contig_1	1989042	1989173	+	LLMDKN_004385	4.9	6.1		
contig_1	1989228	1989479	+	LLMDKN_004386	9.7	5.2	PF12327.13|FtsZ_C	PFAM:PF12327.13
contig_1	1989452	1989856	+	LLMDKN_004387	15.3	4.7		
contig_1	1989940	1990095	+	LLMDKN_004388	6.0	9.2		
contig_1	1990183	1990401	+	LLMDKN_004389	7.7	6.2	PF09424.15|YqeY	PFAM:PF09424.15
contig_1	1993088	1993219	+	LLMDKN_004394	4.9	8.1		
contig_1	1993201	1993491	+	LLMDKN_004395	11.0	10.1	PF00204.31|DNA_gyraseB	PFAM:PF00204.31
contig_1	1994257	1994949	-	LLMDKN_004397	25.7	9.3		
contig_1	1994977	1995999	-	LLMDKN_004398	37.9	9.1		
contig_1	1996005	1996190	-	LLMDKN_004399	7.2	9.5		
contig_1	1996168	1996347	-	LLMDKN_004400	6.5	8.8		
contig_1	1996489	1996791	-	LLMDKN_004401	11.5	5.2		
contig_1	1996746	1997048	-	LLMDKN_004402	11.4	7.7		
contig_1	1997021	1997176	-	LLMDKN_004403	5.8	11.8		
contig_1	1997173	1997544	-	LLMDKN_004404	14.5	6.7		
contig_1	1997511	1997753	-	LLMDKN_004405	9.1	4.1		
contig_1	1999581	1999718	+	LLMDKN_004407	5.0	9.0		
contig_1	1999763	1999933	-	LLMDKN_004408	6.1	4.3		
contig_1	1999943	2000437	+	LLMDKN_004409	19.0	5.9		
contig_1	2000434	2000538	+	LLMDKN_004410	3.7	5.3		
contig_1	2001747	2002832	-	LLMDKN_004412	37.3	5.2		
contig_1	2002825	2003346	-	LLMDKN_004413	18.0	4.4		
contig_1	2003328	2003645	-	LLMDKN_004414	11.3	10.0		
contig_1	2003642	2003953	-	LLMDKN_004415	11.8	9.3		
contig_1	2004670	2005425	+	LLMDKN_004416	28.4	9.4	PF16875.11|Glyco_hydro_36N	PFAM:PF16875.11
contig_1	2005489	2006574	+	LLMDKN_004417	41.5	5.2	PF16875.11|Glyco_hydro_36N	PFAM:PF16875.11
contig_1	2006532	2007029	+	LLMDKN_004418	18.6	8.9	PF16874.11|Glyco_hydro_36C	PFAM:PF16874.11
contig_1	2008022	2008564	+	LLMDKN_004420	20.8	9.5		
contig_1	2008543	2009028	+	LLMDKN_004421	18.0	6.1	PF16344.10|FecR_C	PFAM:PF16344.10
contig_1	2009377	2009661	+	LLMDKN_004422	10.8	8.8		
contig_1	2009845	2010120	+	LLMDKN_004423	9.9	10.5		
contig_1	2010444	2010626	+	LLMDKN_004424	6.8	9.8		
contig_1	2010659	2011456	+	LLMDKN_004425	30.1	6.0		
contig_1	2011560	2012237	+	LLMDKN_004426	25.7	5.4	PF00593.30|TonB_dep_Rec_b-barrel	PFAM:PF00593.30
contig_1	2012252	2012617	+	LLMDKN_004427	14.0	9.3		
contig_1	2012670	2013017	+	LLMDKN_004428	13.3	4.5		
contig_1	2013052	2013411	+	LLMDKN_004429	13.7	8.6	PF14322.12|SusD-like_3	PFAM:PF14322.12
contig_1	2013398	2013634	+	LLMDKN_004430	9.1	10.3		
contig_1	2013705	2014040	+	LLMDKN_004431	12.5	5.5		
contig_1	2014046	2014468	+	LLMDKN_004432	16.5	5.2	PF07980.17|SusD_RagB	PFAM:PF07980.17
contig_1	2014644	2014841	+	LLMDKN_004433	7.6	8.1		
contig_1	2014838	2015173	+	LLMDKN_004434	12.5	5.0		
contig_1	2015118	2015564	+	LLMDKN_004435	17.1	8.5		
contig_1	2015641	2016147	+	LLMDKN_004436	19.3	8.4		
contig_1	2016205	2016468	-	LLMDKN_004437	9.5	5.2		
contig_1	2016818	2017276	-	LLMDKN_004438	16.9	6.0	PF00266.25|Aminotran_5	PFAM:PF00266.25
contig_1	2017273	2017608	-	LLMDKN_004439	12.4	5.1	PF00266.25|Aminotran_5	PFAM:PF00266.25
contig_1	2017694	2017837	-	LLMDKN_004440	5.4	8.5	PF00266.25|Aminotran_5	PFAM:PF00266.25
contig_1	2017821	2018066	-	LLMDKN_004441	9.3	6.2	PF00266.25|Aminotran_5	PFAM:PF00266.25
contig_1	2018080	2018613	-	LLMDKN_004442	19.6	5.3	PF01458.23|SUFBD_core	PFAM:PF01458.23
contig_1	2018610	2018987	-	LLMDKN_004443	14.2	4.7	PF01458.23|SUFBD_core	PFAM:PF01458.23
contig_1	2018960	2019154	-	LLMDKN_004444	7.5	6.2		
contig_1	2019403	2019729	-	LLMDKN_004445	12.4	6.1		
contig_1	2019695	2019874	-	LLMDKN_004446	6.7	10.0		
contig_1	2019877	2020191	-	LLMDKN_004447	11.4	5.5	PF00005.33|ABC_tran	PFAM:PF00005.33
contig_1	2020188	2020292	-	LLMDKN_004448	3.8	4.6		
contig_1	2020525	2020920	-	LLMDKN_004449	14.7	7.8		
contig_1	2021850	2022170	-	LLMDKN_004451	12.0	5.0		
contig_1	2022139	2022375	-	LLMDKN_004452	8.7	4.9		
contig_1	2022382	2022885	-	LLMDKN_004453	18.1	8.9		
contig_1	2022960	2023409	-	LLMDKN_004454	16.5	5.6	PF11987.13|IF-2	PFAM:PF11987.13
contig_1	2023611	2024870	-	LLMDKN_004455	45.8	5.3	PF00009.33|GTP_EFTU, PF00071.28|Ras, PF04760.21|IF2_N, PF22042.2|EF-G_D2	PFAM:PF00009.33, PFAM:PF00071.28, PFAM:PF04760.21, PFAM:PF22042.2
contig_1	2024870	2025148	-	LLMDKN_004456	10.5	10.0		
contig_1	2025145	2025471	-	LLMDKN_004457	12.9	11.0		
contig_1	2025496	2025639	-	LLMDKN_004458	5.5	10.2		
contig_1	2025636	2026019	-	LLMDKN_004459	14.7	9.4		
contig_1	2026140	2026565	-	LLMDKN_004460	16.1	4.3	PF07650.23|KH_2	PFAM:PF07650.23
contig_1	2026734	2027117	-	LLMDKN_004461	14.8	9.3		
contig_1	2027102	2027404	-	LLMDKN_004462	11.7	4.9	PF08529.16|NusA_N	PFAM:PF08529.16
contig_1	2027407	2027730	-	LLMDKN_004463	12.4	5.1	PF17384.8|DUF150_C	PFAM:PF17384.8
contig_1	2028083	2028787	-	LLMDKN_004464	27.0	6.0		
contig_1	2028879	2029103	-	LLMDKN_004465	8.2	6.8		
contig_1	2029058	2029222	-	LLMDKN_004466	6.1	9.4		
contig_1	2029222	2029935	-	LLMDKN_004467	27.5	6.2		
contig_1	2030011	2030373	-	LLMDKN_004468	13.6	9.7		
contig_1	2030570	2030908	-	LLMDKN_004469	13.2	7.7		
contig_1	2031026	2031652	-	LLMDKN_004470	24.3	5.9		
contig_1	2031666	2032076	-	LLMDKN_004471	14.6	9.5		
contig_1	2032268	2032780	-	LLMDKN_004472	19.1	9.0		
contig_1	2033013	2033381	-	LLMDKN_004473	13.6	6.2	PF02782.22|FGGY_C	PFAM:PF02782.22
contig_1	2033339	2033806	-	LLMDKN_004474	17.0	4.6	PF02782.22|FGGY_C	PFAM:PF02782.22
contig_1	2033811	2034425	-	LLMDKN_004475	23.2	5.9	PF00370.27|FGGY_N	PFAM:PF00370.27
contig_1	2034445	2034867	-	LLMDKN_004476	15.7	5.2	PF00596.26|Aldolase_II	PFAM:PF00596.26
contig_1	2034833	2035084	-	LLMDKN_004477	9.5	6.7		
contig_1	2035081	2035443	-	LLMDKN_004478	13.2	5.9	PF25137.1|ADH_Fe_C	PFAM:PF25137.1
contig_1	2035453	2035752	-	LLMDKN_004479	10.7	4.4	PF25137.1|ADH_Fe_C	PFAM:PF25137.1
contig_1	2037401	2037634	-	LLMDKN_004482	8.4	8.1	PF07881.17|Fucose_iso_N1, PF07882.17|Fucose_iso_N2	PFAM:PF07881.17, PFAM:PF07882.17
contig_1	2037592	2038023	-	LLMDKN_004483	15.4	8.8	PF07881.17|Fucose_iso_N1	PFAM:PF07881.17
contig_1	2038095	2038184	-	LLMDKN_004484	3.2	6.0		
contig_1	2038211	2038471	-	LLMDKN_004485	9.6	4.7		
contig_1	2038523	2038822	-	LLMDKN_004486	12.1	8.6		
contig_1	2038894	2039067	-	LLMDKN_004487	6.7	9.7		
contig_1	2039293	2039718	+	LLMDKN_004488	16.1	9.8		
contig_1	2040378	2040584	-	LLMDKN_004489	7.8	9.2		
contig_1	2040706	2041074	+	LLMDKN_004490	13.8	9.3	PF10988.14|DUF2807	PFAM:PF10988.14
contig_1	2041016	2041432	+	LLMDKN_004491	14.3	9.1	PF10988.14|DUF2807	PFAM:PF10988.14
contig_1	2041868	2042260	+	LLMDKN_004492	14.2	9.4	PF10988.14|DUF2807	PFAM:PF10988.14
contig_1	2042429	2042641	-	LLMDKN_004493	8.3	9.3		
contig_1	2042644	2042907	-	LLMDKN_004494	9.7	5.3		
contig_1	2043000	2043371	-	LLMDKN_004495	14.0	10.3		
contig_1	2043511	2043915	-	LLMDKN_004496	15.8	5.2	PF04542.20|Sigma70_r2	PFAM:PF04542.20
contig_1	2044222	2044581	-	LLMDKN_004497	12.6	6.0		
contig_1	2044994	2045146	-	LLMDKN_004498	5.6	5.0		
contig_1	2045237	2045710	-	LLMDKN_004499	18.4	5.4	PF17810.6|Arg_decarb_HB	PFAM:PF17810.6
contig_1	2045776	2046729	-	LLMDKN_004500	35.4	6.7	PF02784.22|Orn_Arg_deC_N	PFAM:PF02784.22
contig_1	2046834	2047286	-	LLMDKN_004501	17.6	4.8		
contig_1	2047337	2047912	-	LLMDKN_004502	22.8	5.0		
contig_1	2047921	2049345	-	LLMDKN_004503	54.3	6.4		
contig_1	2049363	2049566	-	LLMDKN_004504	7.4	5.5		
contig_1	2049567	2049689	-	LLMDKN_004505	4.6	8.8		
contig_1	2049696	2050214	-	LLMDKN_004506	19.4	4.8	PF08238.18|Sel1	PFAM:PF08238.18
contig_1	2050171	2050407	-	LLMDKN_004507	9.2	4.6	PF08238.18|Sel1	PFAM:PF08238.18
contig_1	2050467	2050802	-	LLMDKN_004508	12.6	8.7	PF08238.18|Sel1	PFAM:PF08238.18
contig_1	2050834	2051385	-	LLMDKN_004509	21.5	4.5	PF08238.18|Sel1	PFAM:PF08238.18
contig_1	2051375	2052028	-	LLMDKN_004510	24.9	5.0		
contig_1	2052000	2052122	-	LLMDKN_004511	4.6	4.1		
contig_1	2052345	2052614	-	LLMDKN_004512	10.6	9.8	PF01202.28|SKI	PFAM:PF01202.28
contig_1	2052654	2052872	-	LLMDKN_004513	8.7	9.3	PF01202.28|SKI	PFAM:PF01202.28
contig_1	2053049	2053171	-	LLMDKN_004514	4.7	9.0		
contig_1	2053485	2053685	-	LLMDKN_004515	7.6	4.7		
contig_1	2053753	2054070	-	LLMDKN_004516	12.3	10.0	PF00881.29|Nitroreductase	PFAM:PF00881.29
contig_1	2054271	2054432	+	LLMDKN_004517	5.8	9.6	PF01693.22|Cauli_VI	PFAM:PF01693.22
contig_1	2054462	2054698	+	LLMDKN_004518	8.8	9.5		
contig_1	2055580	2056119	-	LLMDKN_004520	20.5	9.4		
contig_1	2056116	2056340	-	LLMDKN_004521	8.5	9.3		
contig_1	2057134	2057604	+	LLMDKN_004522	17.8	4.7	PF00535.33|Glycos_transf_2, PF13641.12|Glyco_tranf_2_3	PFAM:PF00535.33, PFAM:PF13641.12
contig_1	2057787	2058200	+	LLMDKN_004523	16.6	9.7		
contig_1	2058142	2058747	+	LLMDKN_004524	23.3	9.4		
contig_1	2058712	2059308	-	LLMDKN_004525	23.1	8.3		
contig_1	2059617	2060042	+	LLMDKN_004526	16.5	6.7	PF00535.33|Glycos_transf_2	PFAM:PF00535.33
contig_1	2060492	2060749	-	LLMDKN_004527	10.0	9.5		
contig_1	2060758	2060865	-	LLMDKN_004528	4.2	6.5		
contig_1	2060866	2061216	-	LLMDKN_004529	13.5	4.9		
contig_1	2061210	2061383	-	LLMDKN_004530	6.5	6.2		
contig_1	2061424	2061648	-	LLMDKN_004531	9.1	5.5		
contig_1	2062122	2062244	+	LLMDKN_004532	5.0	6.2		
contig_1	2062658	2063002	+	LLMDKN_004533	13.9	10.2		
contig_1	2063297	2063548	+	LLMDKN_004534	9.9	9.9		
contig_1	2063590	2064120	+	LLMDKN_004535	20.0	8.2	PF00535.33|Glycos_transf_2	PFAM:PF00535.33
contig_1	2064098	2064472	+	LLMDKN_004536	15.1	10.1		
contig_1	2064483	2064830	-	LLMDKN_004537	13.3	5.4		
contig_1	2064827	2065273	-	LLMDKN_004538	17.4	10.4		
contig_1	2065266	2065478	-	LLMDKN_004539	8.3	8.5		
contig_1	2065453	2065917	-	LLMDKN_004540	17.2	4.8	PF00535.33|Glycos_transf_2, PF13641.12|Glyco_tranf_2_3	PFAM:PF00535.33, PFAM:PF13641.12
contig_1	2066029	2066262	-	LLMDKN_004541	9.0	5.4		
contig_1	2066271	2066396	-	LLMDKN_004542	4.4	5.7		
contig_1	2066458	2066769	-	LLMDKN_004543	12.1	8.5		
contig_1	2067021	2067254	+	LLMDKN_004544	8.3	9.5	PF02826.25|2-Hacid_dh_C	PFAM:PF02826.25
contig_1	2067239	2067400	+	LLMDKN_004545	6.3	8.8		
contig_1	2067381	2067725	+	LLMDKN_004546	12.3	4.8	PF02826.25|2-Hacid_dh_C	PFAM:PF02826.25
contig_1	2068010	2068165	-	LLMDKN_004547	5.7	4.4	PF00551.24|Formyl_trans_N	PFAM:PF00551.24
contig_1	2068132	2068359	-	LLMDKN_004548	8.6	7.8	PF00551.24|Formyl_trans_N	PFAM:PF00551.24
contig_1	2068662	2068871	+	LLMDKN_004549	7.8	4.6	PF00550.31|PP-binding	PFAM:PF00550.31
contig_1	2068913	2069260	+	LLMDKN_004550	13.0	5.4	PF00109.32|ketoacyl-synt	PFAM:PF00109.32
contig_1	2069331	2069696	+	LLMDKN_004551	12.4	6.8	PF00109.32|ketoacyl-synt	PFAM:PF00109.32
contig_1	2069708	2070178	+	LLMDKN_004552	16.7	5.1	PF02801.28|Ketoacyl-synt_C	PFAM:PF02801.28
contig_1	2070183	2070761	+	LLMDKN_004553	22.7	9.8		
contig_1	2070740	2070991	+	LLMDKN_004554	9.7	9.1		
contig_1	2071072	2071413	-	LLMDKN_004555	12.3	5.2	PF00365.25|PFK	PFAM:PF00365.25
contig_1	2071462	2071908	-	LLMDKN_004556	15.7	7.8	PF00365.25|PFK	PFAM:PF00365.25
contig_1	2071853	2072083	-	LLMDKN_004557	8.2	8.7	PF00365.25|PFK	PFAM:PF00365.25
contig_1	2072478	2072690	+	LLMDKN_004558	8.0	9.5	PF03321.19|GH3	PFAM:PF03321.19
contig_1	2072759	2073136	+	LLMDKN_004559	14.1	9.3	PF03321.19|GH3	PFAM:PF03321.19
contig_1	2073127	2073324	+	LLMDKN_004560	7.8	4.8	PF23571.1|GH3_M	PFAM:PF23571.1
contig_1	2073281	2073424	+	LLMDKN_004561	5.4	9.2		
contig_1	2073467	2073685	+	LLMDKN_004562	8.4	6.1	PF23572.1|GH3_C	PFAM:PF23572.1
contig_1	2073828	2074139	-	LLMDKN_004563	12.4	4.9		
contig_1	2074199	2074414	+	LLMDKN_004564	8.2	9.3		
contig_1	2074460	2074603	-	LLMDKN_004565	5.4	5.0	PF03054.22|tRNA_Me_trans	PFAM:PF03054.22
contig_1	2074612	2074911	-	LLMDKN_004566	11.2	4.7	PF00733.27|Asn_synthase, PF02540.23|NAD_synthase, PF03054.22|tRNA_Me_trans, PF06508.19|QueC	PFAM:PF00733.27, PFAM:PF02540.23, PFAM:PF03054.22, PFAM:PF06508.19
contig_1	2075198	2076100	+	LLMDKN_004567	35.4	9.3		
contig_1	2076465	2076695	+	LLMDKN_004568	8.5	4.7	PF00176.29|SNF2-rel_dom	PFAM:PF00176.29
contig_1	2076860	2077075	+	LLMDKN_004569	8.4	8.0	PF00176.29|SNF2-rel_dom	PFAM:PF00176.29
contig_1	2077478	2077858	+	LLMDKN_004570	14.2	9.6	PF00271.37|Helicase_C	PFAM:PF00271.37
contig_1	2078187	2078405	-	LLMDKN_004571	8.9	9.4		
contig_1	2078416	2078610	-	LLMDKN_004572	7.5	9.9		
contig_1	2078758	2079057	-	LLMDKN_004573	11.4	4.6		
contig_1	2079057	2079257	-	LLMDKN_004574	7.8	7.9		
contig_1	2079223	2079402	-	LLMDKN_004575	6.8	7.8		
contig_1	2079414	2079608	-	LLMDKN_004576	7.2	9.5		
contig_1	2080162	2080287	+	LLMDKN_004577	4.9	8.7		
contig_1	2080392	2080832	-	LLMDKN_004578	16.8	6.9	PF01344.31|Kelch_1, PF07646.21|Kelch_2, PF13964.12|Kelch_6	PFAM:PF01344.31, PFAM:PF07646.21, PFAM:PF13964.12
contig_1	2080781	2081275	-	LLMDKN_004579	19.5	9.3	PF01344.31|Kelch_1, PF07646.21|Kelch_2, PF13415.12|Kelch_3, PF13964.12|Kelch_6	PFAM:PF01344.31, PFAM:PF07646.21, PFAM:PF13415.12, PFAM:PF13964.12
contig_1	2082215	2082568	-	LLMDKN_004581	13.8	9.1		
contig_1	2082529	2082798	-	LLMDKN_004582	10.2	5.8	PF01909.29|NTP_transf_2	PFAM:PF01909.29
contig_1	2082951	2083142	-	LLMDKN_004583	7.4	4.4		
contig_1	2083604	2083966	-	LLMDKN_004584	14.5	9.5		
contig_1	2084028	2084315	-	LLMDKN_004585	11.1	8.7		
contig_1	2084964	2085278	+	LLMDKN_004586	12.2	6.3		
contig_1	2085878	2086048	+	LLMDKN_004587	6.3	4.4	PF02518.31|HATPase_c	PFAM:PF02518.31
contig_1	2086041	2086160	+	LLMDKN_004588	4.7	9.7		
contig_1	2086317	2086463	+	LLMDKN_004589	5.5	4.8		
contig_1	2086460	2086702	+	LLMDKN_004590	9.0	8.8	PF00072.30|Response_reg	PFAM:PF00072.30
contig_1	2086792	2086929	+	LLMDKN_004591	5.0	9.7		
contig_1	2087288	2087842	+	LLMDKN_004592	20.9	6.0	PF08282.18|Hydrolase_3	PFAM:PF08282.18
contig_1	2088436	2088588	+	LLMDKN_004593	5.5	9.5	PF01406.26|tRNA-synt_1e	PFAM:PF01406.26
contig_1	2088881	2089294	+	LLMDKN_004594	15.6	5.7	PF01406.26|tRNA-synt_1e	PFAM:PF01406.26
contig_1	2089410	2089856	+	LLMDKN_004595	16.5	5.0	PF09190.17|DALR_2, PF23493.1|CysS_C	PFAM:PF09190.17, PFAM:PF23493.1
contig_1	2090122	2090583	+	LLMDKN_004596	17.4	9.7	PF03061.28|4HBT	PFAM:PF03061.28
contig_1	2090438	2090800	-	LLMDKN_004597	13.7	9.2	PF11306.15|DUF3108	PFAM:PF11306.15
contig_1	2090904	2091209	-	LLMDKN_004598	11.7	9.6		
contig_1	2091243	2091641	-	LLMDKN_004599	15.4	5.4		
contig_1	2091717	2091920	-	LLMDKN_004600	7.6	4.3		
contig_1	2091917	2092450	-	LLMDKN_004601	21.0	9.2		
contig_1	2092425	2092823	-	LLMDKN_004602	14.4	5.0	PF13205.12|Big_5	PFAM:PF13205.12
contig_1	2092886	2093086	-	LLMDKN_004603	7.1	9.9		
contig_1	2093218	2093478	+	LLMDKN_004604	9.8	5.6		
contig_1	2093568	2093816	+	LLMDKN_004605	9.3	6.1	PF02837.24|Glyco_hydro_2_N	PFAM:PF02837.24
contig_1	2094102	2094551	+	LLMDKN_004606	16.7	7.8	PF00703.27|Glyco_hydro_2, PF02836.23|Glyco_hydro_2_C	PFAM:PF00703.27, PFAM:PF02836.23
contig_1	2094676	2096331	+	LLMDKN_004607	63.3	5.9	PF02836.23|Glyco_hydro_2_C, PF02929.23|Bgal_small_N, PF16353.11|LacZ_4	PFAM:PF02836.23, PFAM:PF02929.23, PFAM:PF16353.11
contig_1	2096769	2097065	+	LLMDKN_004608	10.8	9.5	PF00364.28|Biotin_lipoyl, PF13533.12|Biotin_lipoyl_2	PFAM:PF00364.28, PFAM:PF13533.12
contig_1	2097079	2097255	+	LLMDKN_004609	6.3	8.3		
contig_1	2097316	2097645	+	LLMDKN_004610	11.8	6.7		
contig_1	2097614	2097841	+	LLMDKN_004611	8.2	6.6		
contig_1	2099425	2099601	+	LLMDKN_004613	6.4	9.7		
contig_1	2099552	2099824	+	LLMDKN_004614	9.8	9.2		
contig_1	2099797	2100387	+	LLMDKN_004615	22.1	9.7		
contig_1	2100375	2101058	+	LLMDKN_004616	24.6	4.8		
contig_1	2101101	2101247	+	LLMDKN_004617	5.2	4.8		
contig_1	2101244	2101894	+	LLMDKN_004618	23.6	7.8		
contig_1	2101873	2102325	+	LLMDKN_004619	16.3	9.6		
contig_1	2102268	2102465	+	LLMDKN_004620	7.2	4.6		
contig_1	2102597	2103274	+	LLMDKN_004621	25.0	9.0	PF00132.30|Hexapep, PF13720.11|Acetyltransf_11	PFAM:PF00132.30, PFAM:PF13720.11
contig_1	2104226	2104753	+	LLMDKN_004623	19.7	9.1	PF19577.5|DcaP	PFAM:PF19577.5
contig_1	2105145	2105420	+	LLMDKN_004624	9.8	9.3		
contig_1	2105449	2106027	+	LLMDKN_004625	21.8	5.9	PF01207.24|Dus	PFAM:PF01207.24
contig_1	2106102	2106383	+	LLMDKN_004626	10.8	9.4		
contig_1	2106681	2107022	-	LLMDKN_004627	13.3	4.3		
contig_1	2107022	2107318	-	LLMDKN_004628	11.1	9.9		
contig_1	2107334	2107963	-	LLMDKN_004629	24.6	8.9		
contig_1	2108058	2108603	-	LLMDKN_004630	21.0	6.1		
contig_1	2108699	2108869	+	LLMDKN_004631	6.5	10.1		
contig_1	2108839	2109396	+	LLMDKN_004632	20.7	6.4	PF01113.26|DapB_N, PF05173.19|DapB_C	PFAM:PF01113.26, PFAM:PF05173.19
contig_1	2109453	2109752	+	LLMDKN_004633	11.5	5.9		
contig_1	2109731	2109949	+	LLMDKN_004634	8.4	9.8		
contig_1	2110092	2110340	+	LLMDKN_004635	9.4	5.4	PF10502.14|Peptidase_S26	PFAM:PF10502.14
contig_1	2110450	2110914	+	LLMDKN_004636	18.2	5.6	PF10502.14|Peptidase_S26	PFAM:PF10502.14
contig_1	2111069	2111854	+	LLMDKN_004637	30.3	9.3	PF10502.14|Peptidase_S26	PFAM:PF10502.14
contig_1	2111917	2112093	+	LLMDKN_004638	7.1	6.8		
contig_1	2112142	2112675	+	LLMDKN_004639	20.4	5.8		
contig_1	2112693	2112911	+	LLMDKN_004640	7.6	9.7	PF00106.31|adh_short	PFAM:PF00106.31
contig_1	2112850	2113269	+	LLMDKN_004641	14.8	6.2	PF00106.31|adh_short, PF13561.12|adh_short_C2	PFAM:PF00106.31, PFAM:PF13561.12
contig_1	2113386	2113502	+	LLMDKN_004642	3.9	4.1	PF13561.12|adh_short_C2	PFAM:PF13561.12
contig_1	2114929	2115189	-	LLMDKN_004644	10.2	5.7		
contig_1	2115182	2115373	-	LLMDKN_004645	7.3	5.2		
contig_1	2115333	2115458	-	LLMDKN_004646	4.8	5.3		
contig_1	2115697	2116008	+	LLMDKN_004647	11.6	9.4		
contig_1	2116005	2116727	+	LLMDKN_004648	26.7	9.6		
contig_1	2116610	2116891	-	LLMDKN_004649	10.4	6.5		
contig_1	2117439	2117585	-	LLMDKN_004650	5.7	5.2		
contig_1	2117608	2117943	-	LLMDKN_004651	12.5	9.1	PF05193.26|Peptidase_M16_C	PFAM:PF05193.26
contig_1	2118068	2118457	-	LLMDKN_004652	15.0	4.6		
contig_1	2118463	2118714	-	LLMDKN_004653	9.3	7.0		
contig_1	2118786	2118974	+	LLMDKN_004654	6.6	4.7		
contig_1	2118926	2119279	+	LLMDKN_004655	13.0	9.3		
contig_1	2119314	2119445	+	LLMDKN_004656	4.9	5.7		
contig_1	2119454	2119789	+	LLMDKN_004657	11.8	5.4	PF01380.27|SIS	PFAM:PF01380.27
contig_1	2119789	2119917	+	LLMDKN_004658	4.9	9.4		
contig_1	2119905	2120366	+	LLMDKN_004659	17.1	5.1	PF00294.29|PfkB	PFAM:PF00294.29
contig_1	2120401	2120829	+	LLMDKN_004660	16.2	4.9	PF00294.29|PfkB	PFAM:PF00294.29
contig_1	2120974	2121651	+	LLMDKN_004661	25.8	9.4	PF13350.11|Y_phosphatase3	PFAM:PF13350.11
contig_1	2121731	2122060	+	LLMDKN_004662	12.2	5.3	PF13350.11|Y_phosphatase3	PFAM:PF13350.11
contig_1	2122155	2122358	+	LLMDKN_004663	7.3	4.8	PF00270.35|DEAD	PFAM:PF00270.35
contig_1	2122465	2122854	+	LLMDKN_004664	14.3	7.0	PF00270.35|DEAD	PFAM:PF00270.35
contig_1	2122941	2123228	+	LLMDKN_004665	10.5	8.9	PF00271.37|Helicase_C	PFAM:PF00271.37
contig_1	2123216	2123329	+	LLMDKN_004666	4.3	7.9		
contig_1	2123359	2123601	+	LLMDKN_004667	9.6	9.6		
contig_1	2123639	2124076	+	LLMDKN_004668	15.9	10.3	PF03880.21|DbpA	PFAM:PF03880.21
contig_1	2124710	2125390	+	LLMDKN_004669	26.0	10.0	PF00892.27|EamA	PFAM:PF00892.27
contig_1	2125387	2125560	-	LLMDKN_004670	6.1	10.0		
contig_1	2125557	2127104	-	LLMDKN_004671	59.0	5.2		
contig_1	2127288	2127767	-	LLMDKN_004672	18.3	9.1		
contig_1	2127819	2128451	-	LLMDKN_004673	24.2	6.4		
contig_1	2128872	2129024	-	LLMDKN_004674	5.1	9.7		
contig_1	2129190	2129444	-	LLMDKN_004675	9.6	9.8		
contig_1	2129437	2129721	-	LLMDKN_004676	10.5	4.9		
contig_1	2129778	2130323	-	LLMDKN_004677	20.6	8.6		
contig_1	2130428	2130688	-	LLMDKN_004678	9.4	9.9		
contig_1	2131583	2131732	-	LLMDKN_004680	5.9	4.9		
contig_1	2131862	2132293	-	LLMDKN_004681	16.7	6.8	PF08713.17|DNA_alkylation	PFAM:PF08713.17
contig_1	2132287	2132577	-	LLMDKN_004682	11.1	9.8	PF08713.17|DNA_alkylation	PFAM:PF08713.17
contig_1	2134559	2134681	-	LLMDKN_004685	4.6	7.9		
contig_1	2134841	2134963	-	LLMDKN_004686	5.0	7.9		
contig_1	2134957	2135190	-	LLMDKN_004687	8.7	4.4		
contig_1	2135207	2135374	-	LLMDKN_004688	6.5	9.6		
contig_1	2135346	2136182	-	LLMDKN_004689	31.0	6.7	PF01640.23|Peptidase_C10	PFAM:PF01640.23
contig_1	2136344	2136577	-	LLMDKN_004690	8.7	8.9		
contig_1	2136749	2137750	-	LLMDKN_004691	39.4	8.5		
contig_1	2137747	2138064	-	LLMDKN_004692	12.3	4.5		
contig_1	2138040	2138207	-	LLMDKN_004693	6.4	8.9		
contig_1	2138188	2138442	-	LLMDKN_004694	9.3	6.0		
contig_1	2139383	2139766	+	LLMDKN_004695	14.4	6.8		
contig_1	2139763	2140830	+	LLMDKN_004696	40.7	7.1	PF21680.2|GIDA_C_1st	PFAM:PF21680.2
contig_1	2141115	2141399	+	LLMDKN_004697	10.6	9.8		
contig_1	2141468	2141644	+	LLMDKN_004698	6.5	6.0		
contig_1	2141697	2141846	+	LLMDKN_004699	5.5	6.1		
contig_1	2141922	2142146	+	LLMDKN_004700	8.6	6.0		
contig_1	2142125	2142640	+	LLMDKN_004701	19.7	7.0		
contig_1	2142637	2142774	+	LLMDKN_004702	5.5	7.9		
contig_1	2142795	2143022	+	LLMDKN_004703	8.8	9.3	PF08459.17|UvrC_RNaseH_dom	PFAM:PF08459.17
contig_1	2143124	2143519	+	LLMDKN_004704	15.0	9.8	PF08459.17|UvrC_RNaseH_dom, PF14520.12|HHH_5	PFAM:PF08459.17, PFAM:PF14520.12
contig_1	2143566	2144171	+	LLMDKN_004705	22.6	8.5		
contig_1	2144153	2144335	+	LLMDKN_004706	6.8	7.9	PF03819.22|MazG	PFAM:PF03819.22
contig_1	2144342	2144485	+	LLMDKN_004707	5.6	9.8		
contig_1	2144571	2145248	+	LLMDKN_004708	24.6	4.8	PF01791.15|DeoC	PFAM:PF01791.15
contig_1	2146371	2146655	-	LLMDKN_004710	10.7	4.9		
contig_1	2146786	2147001	-	LLMDKN_004711	8.1	8.0	PF00348.22|polyprenyl_synt	PFAM:PF00348.22
contig_1	2147024	2147284	-	LLMDKN_004712	9.6	9.0	PF00348.22|polyprenyl_synt	PFAM:PF00348.22
contig_1	2147293	2147583	+	LLMDKN_004713	11.6	9.6		
contig_1	2147580	2148440	+	LLMDKN_004714	32.6	6.3	PF01367.25|5_3_exonuc, PF02739.22|5_3_exonuc_N	PFAM:PF01367.25, PFAM:PF02739.22
contig_1	2148506	2148715	+	LLMDKN_004715	7.6	4.3	PF01612.26|DNA_pol_A_exo1	PFAM:PF01612.26
contig_1	2148724	2149002	+	LLMDKN_004716	10.9	6.9	PF01612.26|DNA_pol_A_exo1	PFAM:PF01612.26
contig_1	2149041	2149208	+	LLMDKN_004717	6.2	4.9		
contig_1	2149229	2149594	+	LLMDKN_004718	13.8	9.6		
contig_1	2149711	2150241	+	LLMDKN_004719	20.3	9.2		
contig_1	2150642	2150776	+	LLMDKN_004720	5.4	9.6		
contig_1	2150936	2151115	-	LLMDKN_004721	6.9	10.0		
contig_1	2151288	2151497	-	LLMDKN_004722	7.8	7.7		
contig_1	2151514	2151918	-	LLMDKN_004723	15.9	4.8	PF00072.30|Response_reg	PFAM:PF00072.30
contig_1	2151882	2152046	-	LLMDKN_004724	6.3	5.1		
contig_1	2152272	2152787	-	LLMDKN_004725	19.7	5.6	PF06580.19|His_kinase	PFAM:PF06580.19
contig_1	2152958	2153089	-	LLMDKN_004726	5.0	9.5		
contig_1	2153038	2153427	-	LLMDKN_004727	14.9	8.4		
contig_1	2153402	2153746	-	LLMDKN_004728	13.3	5.0	PF00515.34|TPR_1, PF07719.23|TPR_2, PF13181.12|TPR_8	PFAM:PF00515.34, PFAM:PF07719.23, PFAM:PF13181.12
contig_1	2153748	2153987	-	LLMDKN_004729	9.2	8.8		
contig_1	2154343	2154660	+	LLMDKN_004730	11.9	9.1		
contig_1	2154609	2154983	+	LLMDKN_004731	13.6	8.0		
contig_1	2154980	2155996	+	LLMDKN_004732	37.9	9.2	PF01170.24|UPF0020, PF02926.22|THUMP, PF22020.1|RlmL_1st	PFAM:PF01170.24, PFAM:PF02926.22, PFAM:PF22020.1
contig_1	2156154	2156531	+	LLMDKN_004733	14.7	9.6		
contig_1	2156694	2156933	+	LLMDKN_004734	8.9	7.9		
contig_1	2157032	2157520	+	LLMDKN_004735	18.4	8.5	PF00930.27|DPPIV_N	PFAM:PF00930.27
contig_1	2157873	2158463	+	LLMDKN_004736	21.2	9.5		
contig_1	2158460	2158837	+	LLMDKN_004737	14.6	6.4	PF00326.27|Peptidase_S9	PFAM:PF00326.27
contig_1	2159200	2159304	+	LLMDKN_004739	3.8	5.4		
contig_1	2159383	2159868	+	LLMDKN_004740	17.4	4.8	PF01071.24|GARS_A	PFAM:PF01071.24
contig_1	2159871	2160134	+	LLMDKN_004741	9.3	7.7	PF02843.22|GARS_C	PFAM:PF02843.22
contig_1	2160134	2160565	+	LLMDKN_004742	16.1	8.8		
contig_1	2160669	2161106	+	LLMDKN_004743	17.0	7.8		
contig_1	2161110	2161418	+	LLMDKN_004744	11.2	9.0		
contig_1	2161418	2161585	+	LLMDKN_004745	6.1	9.7		
contig_1	2161597	2161764	+	LLMDKN_004746	6.0	5.4		
contig_1	2161870	2162052	+	LLMDKN_004747	6.9	8.2		
contig_1	2162027	2162371	+	LLMDKN_004748	13.0	6.3		
contig_1	2162430	2162828	+	LLMDKN_004749	15.1	10.1		
contig_1	2162882	2163175	+	LLMDKN_004750	11.0	6.4		
contig_1	2163184	2163360	+	LLMDKN_004751	6.7	5.1		
contig_1	2164476	2165072	-	LLMDKN_004753	21.3	7.8	PF14734.12|DUF4469, PF14848.11|HU-DNA_bdg	PFAM:PF14734.12, PFAM:PF14848.11
contig_1	2165029	2165241	-	LLMDKN_004754	8.0	4.6	PF14848.11|HU-DNA_bdg	PFAM:PF14848.11
contig_1	2165268	2165837	-	LLMDKN_004755	20.7	9.2		
contig_1	2165862	2166113	+	LLMDKN_004756	8.9	6.9		
contig_1	2166034	2166381	-	LLMDKN_004757	12.4	9.4		
contig_1	2166375	2166767	-	LLMDKN_004758	14.0	5.0		
contig_1	2167503	2167757	-	LLMDKN_004759	9.0	8.9		
contig_1	2167745	2167963	-	LLMDKN_004760	8.4	8.6		
contig_1	2167968	2168177	-	LLMDKN_004761	7.7	8.9		
contig_1	2168167	2168466	-	LLMDKN_004762	10.6	9.5		
contig_1	2168507	2168794	-	LLMDKN_004763	10.3	10.8		
contig_1	2168877	2169107	-	LLMDKN_004764	8.6	7.6		
contig_1	2169608	2169829	+	LLMDKN_004765	8.3	7.7		
contig_1	2169778	2170329	+	LLMDKN_004766	20.7	6.9		
contig_1	2170281	2171081	+	LLMDKN_004767	29.3	8.2		
contig_1	2171075	2172967	+	LLMDKN_004768	72.6	6.1		
contig_1	2173165	2173605	+	LLMDKN_004769	17.5	9.8		
contig_1	2173605	2173718	+	LLMDKN_004770	3.9	8.0		
contig_1	2173715	2174071	+	LLMDKN_004771	13.4	4.8		
contig_1	2174046	2174207	+	LLMDKN_004772	5.9	6.5		
contig_1	2174297	2174491	+	LLMDKN_004773	7.5	9.0		
contig_1	2174716	2174946	-	LLMDKN_004774	8.6	6.6		
contig_1	2174943	2175302	-	LLMDKN_004775	12.9	4.7		
contig_1	2175339	2175926	-	LLMDKN_004776	21.2	4.6		
contig_1	2178050	2178856	-	LLMDKN_004779	30.7	6.7		
contig_1	2178817	2179398	-	LLMDKN_004780	21.4	9.2	PF10518.14|TAT_signal	PFAM:PF10518.14
contig_1	2179687	2179854	-	LLMDKN_004781	6.3	10.3		
contig_1	2180411	2180758	+	LLMDKN_004783	12.4	10.3		
contig_1	2180715	2181128	+	LLMDKN_004784	16.0	8.4	PF07676.18|PD40	PFAM:PF07676.18
contig_1	2181231	2181500	+	LLMDKN_004785	10.2	9.4	PF07676.18|PD40	PFAM:PF07676.18
contig_1	2181681	2181881	+	LLMDKN_004786	7.1	5.4	PF07676.18|PD40	PFAM:PF07676.18
contig_1	2181894	2182202	+	LLMDKN_004787	11.8	9.9		
contig_1	2182144	2183493	+	LLMDKN_004788	50.6	8.7	PF14684.11|Tricorn_C1	PFAM:PF14684.11
contig_1	2184573	2184929	-	LLMDKN_004790	13.2	6.3		
contig_1	2185853	2186176	-	LLMDKN_004792	12.4	10.3		
contig_1	2186271	2186483	+	LLMDKN_004793	7.7	9.8		
contig_1	2186389	2186772	-	LLMDKN_004794	15.2	8.7		
contig_1	2186910	2187050	+	LLMDKN_004795	5.7	7.9		
contig_1	2187350	2187772	-	LLMDKN_004796	16.3	9.3		
contig_1	2187738	2187908	-	LLMDKN_004797	5.8	4.1		
contig_1	2187905	2188051	-	LLMDKN_004798	5.5	5.8		
contig_1	2188054	2188350	-	LLMDKN_004799	10.8	5.0		
contig_1	2188631	2188969	-	LLMDKN_004800	13.0	5.9	PF02773.21|S-AdoMet_synt_C	PFAM:PF02773.21
contig_1	2188923	2189570	-	LLMDKN_004801	23.5	8.3	PF02772.21|S-AdoMet_synt_M, PF02773.21|S-AdoMet_synt_C	PFAM:PF02772.21, PFAM:PF02773.21
contig_1	2189539	2189928	-	LLMDKN_004802	14.2	4.6	PF00438.25|S-AdoMet_synt_N	PFAM:PF00438.25
contig_1	2190309	2190596	-	LLMDKN_004804	11.1	5.1	PF01288.25|HPPK	PFAM:PF01288.25
contig_1	2190675	2190770	-	LLMDKN_004805	3.5	9.5		
contig_1	2190770	2191279	-	LLMDKN_004806	19.0	5.8		
contig_1	2191276	2191419	-	LLMDKN_004807	5.4	5.7		
contig_1	2191370	2191588	-	LLMDKN_004808	8.5	5.7		
contig_1	2191572	2191829	-	LLMDKN_004809	10.3	9.6		
contig_1	2191951	2192211	-	LLMDKN_004810	9.4	8.9		
contig_1	2192162	2192416	-	LLMDKN_004811	9.5	5.0		
contig_1	2192573	2192917	-	LLMDKN_004812	12.2	9.6		
contig_1	2192866	2193384	-	LLMDKN_004813	19.5	6.7		
contig_1	2193391	2193621	-	LLMDKN_004814	8.5	10.3		
contig_1	2193653	2193904	-	LLMDKN_004815	9.3	7.8		
contig_1	2193901	2194635	-	LLMDKN_004816	27.8	9.3	PF18075.7|FtsX_ECD	PFAM:PF18075.7
contig_1	2194672	2195013	-	LLMDKN_004817	13.0	5.2	PF13489.12|Methyltransf_23	PFAM:PF13489.12
contig_1	2195004	2195342	-	LLMDKN_004818	13.0	7.8	PF13489.12|Methyltransf_23	PFAM:PF13489.12
contig_1	2195291	2195443	-	LLMDKN_004819	5.4	8.4		
contig_1	2195436	2195924	-	LLMDKN_004820	19.1	9.2		
contig_1	2195921	2196532	-	LLMDKN_004821	22.9	5.3		
contig_1	2196507	2196929	-	LLMDKN_004822	16.4	7.7		
contig_1	2196889	2197275	-	LLMDKN_004823	15.5	5.4		
contig_1	2197283	2197570	-	LLMDKN_004824	10.5	6.1		
contig_1	2197737	2197958	-	LLMDKN_004825	8.4	5.1		
contig_1	2197897	2198070	-	LLMDKN_004826	6.5	4.4		
contig_1	2198081	2198260	-	LLMDKN_004827	6.6	6.5		
contig_1	2198564	2198932	-	LLMDKN_004828	14.0	7.8	PF16288.11|DUF4934, PF17170.10|DUF5128	PFAM:PF16288.11, PFAM:PF17170.10
contig_1	2198976	2199251	-	LLMDKN_004829	10.1	4.4		
contig_1	2199517	2199669	+	LLMDKN_004830	6.1	8.2		
contig_1	2199703	2200059	-	LLMDKN_004831	13.7	5.0		
contig_1	2200229	2200402	-	LLMDKN_004832	6.9	6.2		
contig_1	2200409	2200585	-	LLMDKN_004833	6.5	6.1		
contig_1	2200551	2200835	-	LLMDKN_004834	10.6	5.7		
contig_1	2200832	2201128	-	LLMDKN_004835	11.1	4.9		
contig_1	2201542	2201652	-	LLMDKN_004836	4.1	8.9		
contig_1	2202151	2202444	-	LLMDKN_004838	11.3	7.5		SO:0001217, UniRef:UniRef50_A0A015UEI0
contig_1	2202504	2202914	-	LLMDKN_004839	16.2	7.0		
contig_1	2203023	2203268	-	LLMDKN_004840	9.6	9.1		
contig_1	2203416	2203616	-	LLMDKN_004841	7.7	4.8		SO:0001217, UniRef:UniRef50_A0A015TTP0
contig_1	2203630	2203755	-	LLMDKN_004842	4.9	4.5		
contig_1	2203864	2204064	-	LLMDKN_004843	7.4	5.6		
contig_1	2204175	2204399	-	LLMDKN_004844	8.2	7.7		
contig_1	2204683	2204964	-	LLMDKN_004845	11.5	6.1		
contig_1	2204915	2205544	-	LLMDKN_004846	24.9	7.0	PF17170.10|DUF5128	PFAM:PF17170.10
contig_1	2206139	2206498	-	LLMDKN_004847	14.2	5.9		
contig_1	2206584	2206853	-	LLMDKN_004848	10.3	10.2		
contig_1	2206902	2207096	-	LLMDKN_004849	7.9	9.8		
contig_1	2207466	2207801	-	LLMDKN_004850	12.3	4.7	PF15869.11|TolB_like	PFAM:PF15869.11
contig_1	2207792	2208163	-	LLMDKN_004851	14.1	7.7		
contig_1	2208252	2208545	-	LLMDKN_004852	11.0	5.5		
contig_1	2209137	2209445	-	LLMDKN_004854	12.0	9.2		
contig_1	2209503	2209688	-	LLMDKN_004855	7.4	10.0		
contig_1	2209767	2210189	-	LLMDKN_004856	16.4	6.9		
contig_1	2211249	2211527	+	LLMDKN_004857	10.8	6.7		
contig_1	2211550	2211939	+	LLMDKN_004858	14.6	5.6		
contig_1	2212188	2212508	+	LLMDKN_004859	11.9	6.6		
contig_1	2212514	2212906	+	LLMDKN_004860	15.2	9.6		
contig_1	2212990	2213133	-	LLMDKN_004861	5.4	4.9		
contig_1	2213100	2213324	-	LLMDKN_004862	8.2	9.4	PF16355.11|DUF4982	PFAM:PF16355.11
contig_1	2213321	2213710	-	LLMDKN_004863	15.5	9.3		
contig_1	2213667	2214227	-	LLMDKN_004864	21.7	5.4	PF02836.23|Glyco_hydro_2_C	PFAM:PF02836.23
contig_1	2214175	2215182	-	LLMDKN_004865	37.8	9.3	PF00703.27|Glyco_hydro_2, PF02837.24|Glyco_hydro_2_N	PFAM:PF00703.27, PFAM:PF02837.24
contig_1	2215353	2215730	-	LLMDKN_004866	14.1	6.3	PF01120.23|Alpha_L_fucos	PFAM:PF01120.23
contig_1	2215694	2216536	-	LLMDKN_004867	33.0	7.1	PF01120.23|Alpha_L_fucos	PFAM:PF01120.23
contig_1	2216778	2216945	-	LLMDKN_004868	6.2	8.4	PF01938.26|TRAM	PFAM:PF01938.26
contig_1	2218162	2218359	-	LLMDKN_004870	7.3	5.6		
contig_1	2218483	2218689	+	LLMDKN_004871	8.0	10.2		
contig_1	2218686	2218817	+	LLMDKN_004872	5.1	9.2		
contig_1	2218853	2218969	+	LLMDKN_004873	4.0	9.8		
contig_1	2219128	2219367	+	LLMDKN_004874	8.5	5.1	PF02550.21|AcetylCoA_hydro	PFAM:PF02550.21
contig_1	2219354	2219473	+	LLMDKN_004875	4.7	6.5		
contig_1	2219554	2219721	+	LLMDKN_004876	5.8	9.9		
contig_1	2219691	2220326	+	LLMDKN_004877	23.0	6.4	PF13336.12|AcetylCoA_hyd_C	PFAM:PF13336.12
contig_1	2220405	2220518	-	LLMDKN_004878	4.1	9.4		
contig_1	2220580	2220783	-	LLMDKN_004879	7.7	9.4		
contig_1	2220821	2221201	-	LLMDKN_004880	14.2	6.6		
contig_1	2221231	2221521	-	LLMDKN_004881	11.2	4.7		
contig_1	2221466	2221840	-	LLMDKN_004882	14.5	5.7		
contig_1	2221919	2222389	-	LLMDKN_004883	16.5	5.2	PF02852.28|Pyr_redox_dim	PFAM:PF02852.28
contig_1	2222401	2222772	-	LLMDKN_004884	13.1	5.1	PF00070.33|Pyr_redox, PF02737.24|3HCDH_N, PF07992.20|Pyr_redox_2	PFAM:PF00070.33, PFAM:PF02737.24, PFAM:PF07992.20
contig_1	2222966	2223136	-	LLMDKN_004885	6.2	9.9		
contig_1	2223159	2223671	-	LLMDKN_004886	19.5	9.8	PF06713.17|bPH_4	PFAM:PF06713.17
contig_1	2223830	2224195	+	LLMDKN_004887	13.4	9.4		
contig_1	2224192	2224686	+	LLMDKN_004888	18.4	8.7		
contig_1	2224641	2224859	+	LLMDKN_004889	8.2	6.0		
contig_1	2224862	2225356	+	LLMDKN_004890	18.7	5.4	PF02910.25|Succ_DH_flav_C	PFAM:PF02910.25
contig_1	2225441	2225602	-	LLMDKN_004891	6.0	5.2	PF21349.2|RUBY_RBDX	PFAM:PF21349.2
contig_1	2225622	2225816	-	LLMDKN_004892	7.0	4.5	PF02915.23|Rubrerythrin	PFAM:PF02915.23
contig_1	2225809	2226021	-	LLMDKN_004893	8.0	10.1		
contig_1	2226632	2227252	+	LLMDKN_004895	22.7	5.4		
contig_1	2227483	2227791	+	LLMDKN_004896	11.7	4.8		
contig_1	2227832	2227966	+	LLMDKN_004897	4.9	6.5		
contig_1	2228302	2228760	+	LLMDKN_004898	16.8	9.3	PF07715.20|Plug, PF13620.12|CarboxypepD_reg, PF13715.12|CarbopepD_reg_2	PFAM:PF07715.20, PFAM:PF13620.12, PFAM:PF13715.12
contig_1	2228814	2229068	+	LLMDKN_004899	9.0	7.9		
contig_1	2229040	2229276	+	LLMDKN_004900	9.3	6.1		
contig_1	2229403	2229699	+	LLMDKN_004901	11.3	6.6		
contig_1	2229699	2229839	+	LLMDKN_004902	5.1	4.7		
contig_1	2229821	2230102	+	LLMDKN_004903	10.7	9.7		
contig_1	2230159	2230290	+	LLMDKN_004904	4.8	4.4		
contig_1	2230339	2230578	+	LLMDKN_004905	9.1	8.0		
contig_1	2230595	2230882	+	LLMDKN_004906	10.8	6.7		
contig_1	2230915	2231073	+	LLMDKN_004907	5.9	6.5		
contig_1	2231345	2231590	-	LLMDKN_004908	9.9	9.0		
contig_1	2231604	2231945	-	LLMDKN_004909	12.9	9.5		
contig_1	2231999	2232109	-	LLMDKN_004910	4.1	4.9		
contig_1	2232088	2232630	-	LLMDKN_004911	21.3	9.4		
contig_1	2232597	2232851	-	LLMDKN_004912	9.6	6.8		
contig_1	2233619	2233804	-	LLMDKN_004914	7.3	9.5		
contig_1	2233885	2233998	-	LLMDKN_004915	4.3	4.5		
contig_1	2233947	2234348	-	LLMDKN_004916	14.9	6.9		
contig_1	2234395	2234862	-	LLMDKN_004917	18.0	9.4		
contig_1	2234912	2235214	-	LLMDKN_004918	11.9	8.8		
contig_1	2235390	2235578	-	LLMDKN_004919	7.1	9.5		
contig_1	2235595	2236101	-	LLMDKN_004920	19.1	9.3		
contig_1	2236056	2236385	-	LLMDKN_004921	12.8	4.1		
contig_1	2236661	2237038	+	LLMDKN_004922	15.0	10.2		
contig_1	2237239	2237388	-	LLMDKN_004923	5.4	6.0		
contig_1	2237429	2237860	-	LLMDKN_004924	16.7	10.0		
contig_1	2238336	2238506	+	LLMDKN_004925	6.3	6.7		
contig_1	2238485	2238853	+	LLMDKN_004926	13.4	5.5		
contig_1	2238886	2239137	+	LLMDKN_004927	9.4	9.2		
contig_1	2239786	2240142	-	LLMDKN_004928	13.4	6.7	PF01725.21|Ham1p_like	PFAM:PF01725.21
contig_1	2240754	2240990	+	LLMDKN_004929	9.0	9.2	PF13508.13|Acetyltransf_7	PFAM:PF13508.13
contig_1	2241411	2241812	-	LLMDKN_004930	15.4	9.2	PF10035.14|DUF2179	PFAM:PF10035.14
contig_1	2241809	2242270	-	LLMDKN_004931	17.0	5.1		
contig_1	2242335	2242661	-	LLMDKN_004932	12.1	4.9	PF08264.19|Anticodon_1	PFAM:PF08264.19
contig_1	2242874	2242993	-	LLMDKN_004933	4.5	4.5		
contig_1	2243112	2243570	-	LLMDKN_004934	17.6	8.7		
contig_1	2243810	2244583	-	LLMDKN_004935	29.1	5.9	PF13603.12|tRNA-synt_1_2	PFAM:PF13603.12
contig_1	2245450	2245644	+	LLMDKN_004937	7.6	4.1		
contig_1	2245802	2246275	-	LLMDKN_004938	18.4	10.3		
contig_1	2246465	2247010	+	LLMDKN_004939	20.1	9.2	PF01624.25|MutS_I	PFAM:PF01624.25
contig_1	2246968	2247210	+	LLMDKN_004940	9.5	6.6		
contig_1	2247278	2247559	+	LLMDKN_004941	10.6	8.1	PF05192.23|MutS_III	PFAM:PF05192.23
contig_1	2247556	2247834	+	LLMDKN_004942	10.5	5.3	PF05192.23|MutS_III	PFAM:PF05192.23
contig_1	2247831	2248754	+	LLMDKN_004943	34.6	5.1	PF00488.27|MutS_V, PF05190.23|MutS_IV	PFAM:PF00488.27, PFAM:PF05190.23
contig_1	2248702	2249172	+	LLMDKN_004944	18.0	9.5	PF00488.27|MutS_V	PFAM:PF00488.27
contig_1	2249169	2250371	-	LLMDKN_004945	45.9	8.5	PF00302.23|CAT	PFAM:PF00302.23
contig_1	2250422	2250643	-	LLMDKN_004946	8.6	6.0		
contig_1	2251925	2252188	-	LLMDKN_004948	9.8	4.6		
contig_1	2253081	2253911	-	LLMDKN_004950	31.0	5.7		
contig_1	2253961	2254224	-	LLMDKN_004951	10.3	8.9		
contig_1	2254211	2254465	-	LLMDKN_004952	9.6	10.4		
contig_1	2254748	2254879	+	LLMDKN_004953	4.9	8.0		
contig_1	2254870	2254989	+	LLMDKN_004954	4.3	10.3		
contig_1	2255057	2255449	+	LLMDKN_004955	14.5	8.8		
contig_1	2255978	2256451	+	LLMDKN_004957	16.5	9.2		
contig_1	2256687	2256863	-	LLMDKN_004958	6.9	10.1		
contig_1	2256898	2257146	-	LLMDKN_004959	9.1	4.5		
contig_1	2257226	2257483	+	LLMDKN_004960	9.8	8.4	PF14498.12|Glyco_hyd_65N_2	PFAM:PF14498.12
contig_1	2257431	2257640	+	LLMDKN_004961	7.8	8.0		
contig_1	2257628	2258203	+	LLMDKN_004962	21.1	6.9	PF14498.12|Glyco_hyd_65N_2	PFAM:PF14498.12
contig_1	2258145	2258780	+	LLMDKN_004963	24.2	9.0	PF22124.2|Glyco_hydro_95_cat	PFAM:PF22124.2
contig_1	2258780	2259106	+	LLMDKN_004964	11.9	9.5	PF22124.2|Glyco_hydro_95_cat	PFAM:PF22124.2
contig_1	2259076	2259345	+	LLMDKN_004965	10.4	6.6	PF22124.2|Glyco_hydro_95_cat	PFAM:PF22124.2
contig_1	2259436	2259705	+	LLMDKN_004966	9.7	10.0	PF21307.2|Glyco_hydro_95_C	PFAM:PF21307.2
contig_1	2259663	2259839	-	LLMDKN_004967	6.6	9.6		
contig_1	2260544	2260900	-	LLMDKN_004969	13.8	6.9	PF04545.22|Sigma70_r4, PF08281.18|Sigma70_r4_2	PFAM:PF04545.22, PFAM:PF08281.18
contig_1	2260858	2261049	-	LLMDKN_004970	7.7	10.4		
contig_1	2261241	2261786	-	LLMDKN_004971	20.7	4.7		
contig_1	2261853	2262440	-	LLMDKN_004972	22.1	5.0		
contig_1	2262457	2262615	-	LLMDKN_004973	6.2	6.6		
contig_1	2262730	2263200	-	LLMDKN_004974	18.3	9.2	PF07661.19|MORN_2	PFAM:PF07661.19
contig_1	2263287	2263418	-	LLMDKN_004975	4.9	9.5		
contig_1	2263415	2264011	-	LLMDKN_004976	23.1	9.7		
contig_1	2264272	2264493	-	LLMDKN_004977	8.1	9.8		
contig_1	2264854	2265120	-	LLMDKN_004978	10.3	4.9	PF00575.29|S1	PFAM:PF00575.29
contig_1	2265113	2265703	-	LLMDKN_004979	22.3	9.6	PF00773.24|RNB	PFAM:PF00773.24
contig_1	2265669	2265908	-	LLMDKN_004980	9.5	6.1	PF00773.24|RNB	PFAM:PF00773.24
contig_1	2266279	2266749	-	LLMDKN_004981	17.5	9.6	PF08206.17|OB_RNB, PF17876.7|CSD2	PFAM:PF08206.17, PFAM:PF17876.7
contig_1	2266787	2266963	-	LLMDKN_004982	6.8	9.5		
contig_1	2267226	2267816	+	LLMDKN_004983	21.1	5.5		
contig_1	2267813	2268001	+	LLMDKN_004984	7.0	9.2	PF16916.10|ZT_dimer	PFAM:PF16916.10
contig_1	2268023	2268811	+	LLMDKN_004985	30.2	9.5	PF00106.31|adh_short, PF04321.23|RmlD_sub_bind, PF13460.12|NAD_binding_10, PF16363.11|GDP_Man_Dehyd	PFAM:PF00106.31, PFAM:PF04321.23, PFAM:PF13460.12, PFAM:PF16363.11
contig_1	2268772	2269029	+	LLMDKN_004986	9.7	8.9		
contig_1	2269020	2269202	+	LLMDKN_004987	7.1	9.1		
contig_1	2269160	2269897	+	LLMDKN_004988	28.3	8.3		
contig_1	2269886	2270371	-	LLMDKN_004989	18.3	8.8	PF01207.24|Dus	PFAM:PF01207.24
contig_1	2270386	2270718	-	LLMDKN_004990	11.8	6.7	PF01207.24|Dus	PFAM:PF01207.24
contig_1	2272814	2273941	+	LLMDKN_004993	41.6	6.8	PF03061.28|4HBT, PF13279.12|4HBT_2	PFAM:PF03061.28, PFAM:PF13279.12
contig_1	2273908	2274333	+	LLMDKN_004994	15.3	5.6	PF17782.7|DprA_WH	PFAM:PF17782.7
contig_1	2274812	2275327	+	LLMDKN_004995	19.4	8.7		
contig_1	2275376	2275648	+	LLMDKN_004996	10.3	10.1		
contig_1	2275834	2276055	+	LLMDKN_004997	8.3	5.3		
contig_1	2276031	2276246	+	LLMDKN_004998	8.0	6.7		
contig_1	2276191	2276361	+	LLMDKN_004999	6.2	9.1		
contig_1	2276361	2276621	+	LLMDKN_005000	9.0	4.1		
contig_1	2276677	2277048	+	LLMDKN_005001	13.2	5.5	PF08139.17|LPAM_1	PFAM:PF08139.17
contig_1	2277029	2277178	+	LLMDKN_005002	5.5	9.5		
contig_1	2277276	2277473	+	LLMDKN_005003	6.9	4.1		
contig_1	2277452	2277685	+	LLMDKN_005004	8.4	4.2		
contig_1	2278086	2278244	+	LLMDKN_005005	5.9	8.5		
contig_1	2278271	2278387	+	LLMDKN_005006	4.3	4.3		
contig_1	2278407	2278496	+	LLMDKN_005007	3.3	4.8		
contig_1	2278493	2278726	+	LLMDKN_005008	9.2	8.8		
contig_1	2279081	2279302	-	LLMDKN_005009	8.1	9.5		
contig_1	2279277	2279522	-	LLMDKN_005010	8.7	6.5	PF00037.32|Fer4, PF12797.12|Fer4_2	PFAM:PF00037.32, PFAM:PF12797.12
contig_1	2279865	2280125	-	LLMDKN_005012	10.1	5.1	PF02910.25|Succ_DH_flav_C	PFAM:PF02910.25
contig_1	2280091	2280906	-	LLMDKN_005013	30.8	5.7	PF02910.25|Succ_DH_flav_C	PFAM:PF02910.25
contig_1	2280866	2281072	-	LLMDKN_005014	7.5	9.5		
contig_1	2281032	2281238	-	LLMDKN_005015	7.2	9.1		
contig_1	2281423	2281815	-	LLMDKN_005016	14.3	10.7		
contig_1	2281853	2282059	-	LLMDKN_005017	7.9	9.2		
contig_1	2282073	2282543	-	LLMDKN_005018	17.3	7.0		
contig_1	2282863	2283123	+	LLMDKN_005019	10.6	9.6		
contig_1	2283131	2283406	+	LLMDKN_005020	10.2	9.3		
contig_1	2283418	2283807	+	LLMDKN_005021	15.5	9.4		
contig_1	2283971	2284159	-	LLMDKN_005022	7.3	9.5		
contig_1	2284619	2284963	-	LLMDKN_005024	13.4	9.7	PF12833.13|HTH_18	PFAM:PF12833.13
contig_1	2284905	2285408	-	LLMDKN_005025	19.7	5.0		
contig_1	2285766	2285885	+	LLMDKN_005026	4.2	10.3		
contig_1	2285882	2286073	+	LLMDKN_005027	7.3	9.2		
contig_1	2286058	2286279	+	LLMDKN_005028	8.1	9.4		
contig_1	2286371	2286775	-	LLMDKN_005029	16.0	5.6		
contig_1	2286825	2287061	-	LLMDKN_005030	8.9	7.9		
contig_1	2287251	2287346	-	LLMDKN_005031	3.3	4.2		
contig_1	2287476	2287655	-	LLMDKN_005032	6.4	10.3	PF00595.29|PDZ, PF17820.7|PDZ_6	PFAM:PF00595.29, PFAM:PF17820.7
contig_1	2287766	2287996	-	LLMDKN_005033	8.5	7.8	PF22694.1|CtpB_N-like	PFAM:PF22694.1
contig_1	2288006	2288374	-	LLMDKN_005034	14.3	5.6	PF01467.32|CTP_transf_like	PFAM:PF01467.32
contig_1	2288460	2288696	-	LLMDKN_005035	9.1	4.9		
contig_1	2288674	2288961	-	LLMDKN_005036	11.2	9.2		
contig_1	2288971	2289114	-	LLMDKN_005037	5.0	6.1		
contig_1	2290871	2291356	-	LLMDKN_005039	18.5	4.9		
contig_1	2291558	2291659	+	LLMDKN_005040	3.6	4.1		
contig_1	2291680	2291853	+	LLMDKN_005041	6.5	11.1		
contig_1	2291813	2292013	-	LLMDKN_005042	6.8	8.3		
contig_1	2292229	2292525	-	LLMDKN_005043	9.9	6.5		
contig_1	2292800	2293975	+	LLMDKN_005044	44.8	9.4		
contig_1	2293989	2294459	+	LLMDKN_005045	17.9	5.3	PF00924.24|MS_channel_2nd, PF21082.3|MS_channel_3rd	PFAM:PF00924.24, PFAM:PF21082.3
contig_1	2295199	2295435	-	LLMDKN_005046	8.7	9.3		
contig_1	2295490	2296131	-	LLMDKN_005047	24.9	8.4	PF00149.33|Metallophos	PFAM:PF00149.33
contig_1	2296321	2297442	-	LLMDKN_005048	42.6	5.6	PF00593.30|TonB_dep_Rec_b-barrel	PFAM:PF00593.30
contig_1	2297432	2298109	-	LLMDKN_005049	25.9	9.2		
contig_1	2298106	2298831	-	LLMDKN_005050	26.2	9.2	PF07715.20|Plug	PFAM:PF07715.20
contig_1	2298913	2299086	-	LLMDKN_005051	6.4	11.1		
contig_1	2299316	2299627	+	LLMDKN_005052	11.6	10.2		
contig_1	2299624	2299920	+	LLMDKN_005053	11.6	4.9	PF00251.26|Glyco_hydro_32N	PFAM:PF00251.26
contig_1	2299956	2300960	+	LLMDKN_005054	38.2	6.7	PF00251.26|Glyco_hydro_32N	PFAM:PF00251.26
contig_1	2301040	2301993	+	LLMDKN_005055	35.3	8.3	PF00532.27|Peripla_BP_1	PFAM:PF00532.27
contig_1	2302252	2302773	+	LLMDKN_005056	20.1	6.5	PF00512.31|HisKA, PF02518.31|HATPase_c	PFAM:PF00512.31, PFAM:PF02518.31
contig_1	2302739	2303791	+	LLMDKN_005057	40.5	5.2	PF00072.30|Response_reg, PF00165.29|HTH_AraC, PF02518.31|HATPase_c, PF12833.13|HTH_18	PFAM:PF00072.30, PFAM:PF00165.29, PFAM:PF02518.31, PFAM:PF12833.13
contig_1	2303961	2304452	-	LLMDKN_005058	17.5	4.9	PF14734.12|DUF4469	PFAM:PF14734.12
contig_1	2304459	2304722	-	LLMDKN_005059	9.6	5.0	PF14848.11|HU-DNA_bdg	PFAM:PF14848.11
contig_1	2304765	2304989	-	LLMDKN_005060	8.1	9.4		
contig_1	2305138	2305710	-	LLMDKN_005061	20.7	10.0		
contig_1	2305751	2306038	-	LLMDKN_005062	10.4	11.3		
contig_1	2306907	2307038	+	LLMDKN_005063	4.6	8.4		
contig_1	2307040	2307717	+	LLMDKN_005064	24.4	9.4		
contig_1	2307719	2308102	+	LLMDKN_005065	13.5	6.1		
contig_1	2308305	2308979	+	LLMDKN_005066	25.0	5.3		
contig_1	2309026	2309955	+	LLMDKN_005067	35.0	5.0		
contig_1	2310007	2310345	+	LLMDKN_005068	12.2	5.8	PF13620.12|CarboxypepD_reg, PF13715.12|CarbopepD_reg_2	PFAM:PF13620.12, PFAM:PF13715.12
contig_1	2310363	2311388	+	LLMDKN_005069	37.7	5.6	PF07715.20|Plug	PFAM:PF07715.20
contig_1	2311364	2311816	+	LLMDKN_005070	17.6	7.8		
contig_1	2311758	2312087	+	LLMDKN_005071	12.2	9.1		
contig_1	2312030	2312323	+	LLMDKN_005072	10.9	7.8	PF00593.30|TonB_dep_Rec_b-barrel	PFAM:PF00593.30
contig_1	2312355	2313197	+	LLMDKN_005073	31.7	5.8		
contig_1	2313262	2313519	+	LLMDKN_005074	9.6	4.5		
contig_1	2313509	2313682	+	LLMDKN_005075	6.3	7.9		
contig_1	2313679	2314434	+	LLMDKN_005076	28.8	4.7		
contig_1	2314383	2314955	+	LLMDKN_005077	22.5	9.4	PF07980.17|SusD_RagB	PFAM:PF07980.17
contig_1	2315005	2315265	+	LLMDKN_005078	9.8	6.5		
contig_1	2315208	2315381	+	LLMDKN_005079	6.6	4.9		
contig_1	2315348	2315578	-	LLMDKN_005080	8.7	9.4	PF18096.6|Thump_like	PFAM:PF18096.6
contig_1	2315791	2316630	-	LLMDKN_005081	31.9	9.5		
contig_1	2316795	2316983	-	LLMDKN_005082	6.9	9.1		
contig_1	2316970	2317512	-	LLMDKN_005083	20.2	9.1		
contig_1	2317512	2317625	-	LLMDKN_005084	4.4	9.2		
contig_1	2317703	2317906	-	LLMDKN_005085	8.0	7.8		
contig_1	2317929	2318138	+	LLMDKN_005086	7.8	4.1		
contig_1	2318117	2318407	+	LLMDKN_005087	10.5	4.8		
contig_1	2325467	2326171	+	LLMDKN_005093	26.4	5.5		
contig_1	2326420	2326722	+	LLMDKN_005094	11.2	7.8		
contig_1	2326700	2326900	+	LLMDKN_005095	7.6	8.1		
contig_1	2326930	2327853	+	LLMDKN_005096	32.9	5.1		
contig_1	2327963	2328280	+	LLMDKN_005097	11.8	4.1		
contig_1	2328270	2328758	+	LLMDKN_005098	18.3	9.6		
contig_1	2328719	2329243	+	LLMDKN_005099	19.2	5.2		
contig_1	2329200	2329394	+	LLMDKN_005100	6.6	5.8		
contig_1	2329435	2329680	+	LLMDKN_005101	9.2	9.8		
contig_1	2329710	2330426	+	LLMDKN_005102	26.9	5.5		
contig_1	2330387	2330728	+	LLMDKN_005103	12.6	9.0		
contig_1	2330771	2330962	+	LLMDKN_005104	7.2	6.7		
contig_1	2330923	2331474	+	LLMDKN_005105	20.9	9.2	PF06580.19|His_kinase	PFAM:PF06580.19
contig_1	2331521	2331793	+	LLMDKN_005106	10.2	6.8		
contig_1	2331786	2332250	+	LLMDKN_005107	17.6	5.6	PF00072.30|Response_reg	PFAM:PF00072.30
contig_1	2333628	2333999	-	LLMDKN_005111	14.8	9.8	PF13751.12|DDE_Tnp_1_6	PFAM:PF13751.12
contig_1	2333969	2334274	-	LLMDKN_005112	11.9	9.8	PF13751.12|DDE_Tnp_1_6	PFAM:PF13751.12
contig_1	2334294	2334596	-	LLMDKN_005113	12.1	6.8		
contig_1	2334587	2334751	-	LLMDKN_005114	6.5	9.3		
contig_1	2335520	2335819	-	LLMDKN_005116	11.1	5.2	PF00254.34|FKBP_C	PFAM:PF00254.34
contig_1	2335816	2336226	-	LLMDKN_005117	14.8	8.7	PF01346.23|FKBP_N	PFAM:PF01346.23
contig_1	2336706	2336993	-	LLMDKN_005118	10.5	4.9	PF01346.23|FKBP_N	PFAM:PF01346.23
contig_1	2337145	2337330	+	LLMDKN_005119	6.8	9.3		
contig_1	2337339	2337554	+	LLMDKN_005120	7.9	7.9		
contig_1	2337548	2337712	+	LLMDKN_005121	6.1	6.4		
contig_1	2337736	2337855	+	LLMDKN_005122	4.3	4.4		
contig_1	2337852	2338049	+	LLMDKN_005123	7.1	8.1		
contig_1	2337983	2338135	-	LLMDKN_005124	5.9	10.6		
contig_1	2338132	2338566	-	LLMDKN_005125	16.6	5.7	PF00535.33|Glycos_transf_2	PFAM:PF00535.33
contig_1	2338560	2338754	-	LLMDKN_005126	7.2	6.4	PF00535.33|Glycos_transf_2	PFAM:PF00535.33
contig_1	2338747	2339013	-	LLMDKN_005127	9.8	5.1	PF13692.12|Glyco_trans_1_4	PFAM:PF13692.12
contig_1	2338968	2339312	-	LLMDKN_005128	13.3	9.1		
contig_1	2339425	2340009	-	LLMDKN_005129	22.4	9.7	PF13439.12|Glyco_transf_4	PFAM:PF13439.12
contig_1	2340169	2340291	+	LLMDKN_005130	4.3	5.0	PF03721.20|UDPG_MGDP_dh_N	PFAM:PF03721.20
contig_1	2340291	2340650	+	LLMDKN_005131	13.6	7.9	PF03721.20|UDPG_MGDP_dh_N	PFAM:PF03721.20
contig_1	2340692	2340988	+	LLMDKN_005132	10.7	9.6	PF00984.24|UDPG_MGDP_dh	PFAM:PF00984.24
contig_1	2340988	2341323	+	LLMDKN_005133	12.7	6.8	PF03720.21|UDPG_MGDP_dh_C	PFAM:PF03720.21
contig_1	2341470	2341934	+	LLMDKN_005134	17.3	4.5		
contig_1	2342271	2342468	+	LLMDKN_005135	7.2	6.3		
contig_1	2342496	2342648	-	LLMDKN_005136	5.8	8.1		
contig_1	2342600	2343100	-	LLMDKN_005137	18.8	6.2		
contig_1	2343215	2343808	-	LLMDKN_005138	21.8	5.7	PF13692.12|Glyco_trans_1_4	PFAM:PF13692.12
contig_1	2343802	2344011	-	LLMDKN_005139	8.1	9.7		
contig_1	2344036	2344413	-	LLMDKN_005140	14.8	10.0		
contig_1	2344416	2345087	-	LLMDKN_005141	25.6	7.0		
contig_1	2345084	2345425	-	LLMDKN_005142	12.9	8.0		
contig_1	2345438	2345806	-	LLMDKN_005143	13.9	6.4	PF13692.12|Glyco_trans_1_4	PFAM:PF13692.12
contig_1	2345981	2346286	-	LLMDKN_005144	11.8	9.7		
contig_1	2346619	2347314	-	LLMDKN_005145	26.4	9.7		
contig_1	2347461	2347643	-	LLMDKN_005146	6.7	9.5		
contig_1	2347741	2348070	-	LLMDKN_005147	12.2	5.1		
contig_1	2348193	2348705	-	LLMDKN_005148	19.0	5.3	PF01588.26|tRNA_bind	PFAM:PF01588.26
contig_1	2348699	2348809	-	LLMDKN_005149	3.9	4.5		
contig_1	2348857	2349204	-	LLMDKN_005150	13.1	7.8		
contig_1	2349144	2349884	-	LLMDKN_005151	28.8	4.9		
contig_1	2350119	2350298	+	LLMDKN_005152	6.6	5.9		
contig_1	2350577	2350927	-	LLMDKN_005153	14.0	9.3		
contig_1	2350963	2351142	-	LLMDKN_005154	6.9	9.5		
contig_1	2351165	2351413	-	LLMDKN_005155	9.1	5.2		
contig_1	2351475	2351768	-	LLMDKN_005156	11.3	5.0		
contig_1	2352488	2352697	-	LLMDKN_005157	8.2	4.8		
contig_1	2352860	2353573	-	LLMDKN_005158	27.0	6.8		
contig_1	2353625	2353912	-	LLMDKN_005159	10.6	5.9		
contig_1	2354019	2354384	+	LLMDKN_005160	14.1	5.7		
contig_1	2354554	2354766	+	LLMDKN_005161	8.0	7.8		
contig_1	2355323	2355526	-	LLMDKN_005162	7.6	6.7		
contig_1	2355834	2356058	+	LLMDKN_005163	8.9	9.7		
contig_1	2356055	2356357	+	LLMDKN_005164	11.5	6.8		
contig_1	2356300	2356521	+	LLMDKN_005165	8.6	7.8		
contig_1	2356622	2356912	+	LLMDKN_005166	11.5	6.8		
contig_1	2357384	2357560	+	LLMDKN_005167	6.6	4.9		
contig_1	2357515	2357649	+	LLMDKN_005168	4.9	4.7		
contig_1	2357659	2357970	+	LLMDKN_005169	11.7	9.6	PF03781.22|FGE-sulfatase	PFAM:PF03781.22
contig_1	2358143	2358496	+	LLMDKN_005170	13.4	5.2	PF17170.10|DUF5128	PFAM:PF17170.10
contig_1	2358514	2359002	+	LLMDKN_005171	19.0	8.6		
contig_1	2358960	2359112	+	LLMDKN_005172	5.9	7.8		
contig_1	2359131	2359304	+	LLMDKN_005173	6.2	4.7		
contig_1	2359447	2359629	+	LLMDKN_005174	6.6	4.5		
contig_1	2360027	2360329	+	LLMDKN_005175	11.4	5.4		
contig_1	2360347	2360640	+	LLMDKN_005176	11.2	6.5		
contig_1	2361092	2361403	+	LLMDKN_005177	11.2	4.6	PF13380.12|CoA_binding_2	PFAM:PF13380.12
contig_1	2361437	2361829	+	LLMDKN_005178	14.0	9.0	PF13607.11|Succ_CoA_lig	PFAM:PF13607.11
contig_1	2361876	2362229	+	LLMDKN_005179	12.8	4.8		
contig_1	2362210	2362551	+	LLMDKN_005180	12.4	6.0	PF13549.11|ATP-grasp_5	PFAM:PF13549.11
contig_1	2362568	2362840	+	LLMDKN_005181	10.1	5.6	PF13549.11|ATP-grasp_5	PFAM:PF13549.11
contig_1	2362837	2362986	+	LLMDKN_005182	5.7	4.9	PF13549.11|ATP-grasp_5	PFAM:PF13549.11
contig_1	2363628	2364248	+	LLMDKN_005184	23.5	6.7	PF04055.27|Radical_SAM	PFAM:PF04055.27
contig_1	2364205	2364651	+	LLMDKN_005185	17.1	6.2	PF13186.11|SPASM	PFAM:PF13186.11
contig_1	2364826	2365068	+	LLMDKN_005186	8.8	5.8		
contig_1	2365065	2365193	+	LLMDKN_005187	4.8	6.7		
contig_1	2365198	2365461	+	LLMDKN_005188	10.1	6.5		
contig_1	2365618	2365812	+	LLMDKN_005189	7.3	7.9		
contig_1	2365997	2366149	+	LLMDKN_005190	5.7	4.4		
contig_1	2366245	2366421	+	LLMDKN_005191	6.7	4.6		
contig_1	2366816	2367142	+	LLMDKN_005192	12.5	5.6	PF11589.14|DUF3244	PFAM:PF11589.14
contig_1	2367458	2367829	-	LLMDKN_005193	14.3	9.3		
contig_1	2367771	2368139	-	LLMDKN_005194	13.7	9.9		
contig_1	2368124	2368624	-	LLMDKN_005195	19.0	6.1		
contig_1	2368704	2368883	+	LLMDKN_005196	6.9	9.9		
contig_1	2369040	2369834	-	LLMDKN_005197	31.3	9.4		
contig_1	2370052	2370330	-	LLMDKN_005198	10.9	9.3		
contig_1	2370480	2370773	-	LLMDKN_005199	11.0	9.0		
contig_1	2370982	2371173	-	LLMDKN_005200	7.0	6.5	PF01078.27|Mg_chelatase	PFAM:PF01078.27
contig_1	2371286	2372017	-	LLMDKN_005201	26.2	5.6	PF01078.27|Mg_chelatase, PF05362.19|Lon_C, PF13541.12|ChlI	PFAM:PF01078.27, PFAM:PF05362.19, PFAM:PF13541.12
contig_1	2372053	2372508	-	LLMDKN_005202	17.5	9.6	PF00085.26|Thioredoxin, PF00578.27|AhpC-TSA, PF08534.16|Redoxin, PF13905.12|Thioredoxin_8	PFAM:PF00085.26, PFAM:PF00578.27, PFAM:PF08534.16, PFAM:PF13905.12
contig_1	2372720	2373127	-	LLMDKN_005203	15.0	4.6		
contig_1	2373253	2373564	-	LLMDKN_005204	11.2	9.8		
contig_1	2373664	2373984	-	LLMDKN_005205	12.0	8.8		
contig_1	2373942	2374301	-	LLMDKN_005206	13.5	9.2		
contig_1	2374246	2374698	-	LLMDKN_005207	16.7	6.6		
contig_1	2374728	2374928	-	LLMDKN_005208	7.1	10.0		
contig_1	2375109	2375453	-	LLMDKN_005209	13.3	10.0		
contig_1	2375613	2375936	-	LLMDKN_005210	12.2	5.5	PF02899.23|Phage_int_SAM_1	PFAM:PF02899.23
contig_1	2375878	2376093	-	LLMDKN_005211	8.0	9.5		
contig_1	2376614	2376898	+	LLMDKN_005213	10.4	9.4	PF00224.27|PK	PFAM:PF00224.27
contig_1	2376837	2377145	+	LLMDKN_005214	11.6	7.8	PF00224.27|PK	PFAM:PF00224.27
contig_1	2377196	2377384	+	LLMDKN_005215	7.0	4.3	PF00224.27|PK	PFAM:PF00224.27
contig_1	2377430	2377660	+	LLMDKN_005216	8.7	9.6	PF00224.27|PK	PFAM:PF00224.27
contig_1	2377782	2378063	+	LLMDKN_005217	10.4	6.8		
contig_1	2379461	2379562	+	LLMDKN_005220	3.8	4.7		
contig_1	2379573	2380145	+	LLMDKN_005221	21.3	5.3		
contig_1	2380129	2380275	+	LLMDKN_005222	5.3	5.9		
contig_1	2380604	2380903	-	LLMDKN_005223	11.8	9.2	PF00196.25|GerE, PF04545.22|Sigma70_r4, PF08281.18|Sigma70_r4_2, PF13412.12|HTH_24	PFAM:PF00196.25, PFAM:PF04545.22, PFAM:PF08281.18, PFAM:PF13412.12
contig_1	2380973	2381236	-	LLMDKN_005224	10.0	9.0		
contig_1	2381271	2381714	-	LLMDKN_005225	17.9	9.7		
contig_1	2382084	2382344	+	LLMDKN_005226	10.4	6.1	PF16344.10|FecR_C	PFAM:PF16344.10
contig_1	2382489	2383205	+	LLMDKN_005227	25.8	8.7	PF13715.12|CarbopepD_reg_2	PFAM:PF13715.12
contig_1	2383256	2383432	+	LLMDKN_005228	6.1	4.6	PF07715.20|Plug	PFAM:PF07715.20
contig_1	2383458	2383673	+	LLMDKN_005229	8.2	7.8		
contig_1	2383621	2384073	+	LLMDKN_005230	16.9	5.2		
contig_1	2384225	2385025	+	LLMDKN_005231	30.3	9.0	PF00593.30|TonB_dep_Rec_b-barrel	PFAM:PF00593.30
contig_1	2384995	2385915	+	LLMDKN_005232	34.6	8.4		
contig_1	2385956	2386468	+	LLMDKN_005233	18.4	5.3		
contig_1	2386494	2387102	+	LLMDKN_005234	23.3	6.6	PF07980.17|SusD_RagB	PFAM:PF07980.17
contig_1	2387057	2387884	+	LLMDKN_005235	31.4	4.9	PF07980.17|SusD_RagB	PFAM:PF07980.17
contig_1	2388128	2388916	+	LLMDKN_005236	29.8	5.3		
contig_1	2388913	2389344	+	LLMDKN_005237	16.3	9.2		
contig_1	2389370	2389555	+	LLMDKN_005238	6.9	6.9		
contig_1	2390388	2390504	+	LLMDKN_005239	4.1	4.5		
contig_1	2390541	2390654	+	LLMDKN_005240	4.5	5.0		
contig_1	2390672	2391181	-	LLMDKN_005241	19.3	9.0		
contig_1	2391223	2391516	+	LLMDKN_005242	11.4	6.5		
contig_1	2391536	2392099	-	LLMDKN_005243	21.5	8.7		
contig_1	2392109	2392612	-	LLMDKN_005244	18.5	9.5		
contig_1	2392558	2393061	-	LLMDKN_005245	19.3	10.0		
contig_1	2393071	2393238	-	LLMDKN_005246	6.3	5.6		
contig_1	2395095	2395538	+	LLMDKN_005249	16.8	4.9	PF08448.16|PAS_4	PFAM:PF08448.16
contig_1	2395845	2396351	+	LLMDKN_005250	18.7	10.3		SO:0001217, UniRef:UniRef50_A0AAX3QTE2
contig_1	2396516	2396962	+	LLMDKN_005251	17.5	9.8		
contig_1	2397588	2399003	+	LLMDKN_005252	54.7	9.4		
contig_1	2399027	2399302	+	LLMDKN_005253	10.3	5.7		
contig_1	2399835	2400080	+	LLMDKN_005256	9.3	4.2	PF22273.1|DUF6956	PFAM:PF22273.1
contig_1	2400221	2400472	+	LLMDKN_005257	9.5	10.5		
contig_1	2400475	2400774	+	LLMDKN_005258	11.2	9.6	PF24737.1|DUF7688	PFAM:PF24737.1, SO:0001217, UniRef:UniRef50_I9RD44
contig_1	2400790	2401191	+	LLMDKN_005259	15.1	9.5		
contig_1	2401128	2401364	-	LLMDKN_005260	8.9	9.7		
contig_1	2401361	2401588	-	LLMDKN_005261	8.8	4.6		
contig_1	2401591	2401863	-	LLMDKN_005262	10.3	8.9		
contig_1	2401860	2402150	-	LLMDKN_005263	10.4	8.5		
contig_1	2402140	2402424	-	LLMDKN_005264	10.6	8.7		
contig_1	2402391	2402621	-	LLMDKN_005265	8.4	5.8		
contig_1	2402618	2402764	-	LLMDKN_005266	5.6	8.4		
contig_1	2402746	2402988	-	LLMDKN_005267	9.1	7.0		
contig_1	2403129	2404130	-	LLMDKN_005268	37.6	9.7		
contig_1	2404127	2404339	-	LLMDKN_005269	8.0	9.2		
contig_1	2404382	2404975	-	LLMDKN_005270	22.2	10.4	PF12508.14|Transposon_TraM	PFAM:PF12508.14
contig_1	2404932	2405432	-	LLMDKN_005271	18.6	5.1		
contig_1	2405706	2405954	-	LLMDKN_005272	9.1	6.7		
contig_1	2405962	2406243	-	LLMDKN_005273	10.8	9.7		
contig_1	2406237	2406668	-	LLMDKN_005274	16.6	9.6		
contig_1	2406655	2407206	-	LLMDKN_005275	20.8	9.5		
contig_1	2407194	2407676	-	LLMDKN_005276	18.1	4.8		
contig_1	2407680	2407907	-	LLMDKN_005277	9.0	9.8		
contig_1	2407901	2408107	-	LLMDKN_005278	7.7	4.8		
contig_1	2408206	2408463	-	LLMDKN_005279	9.9	10.1	PF21368.3|AI2M-like_HNH	PFAM:PF21368.3
contig_1	2408524	2409162	-	LLMDKN_005280	25.0	9.5	PF00078.32|RVT_1, PF01348.27|Intron_maturas2	PFAM:PF00078.32, PFAM:PF01348.27
contig_1	2409230	2409604	-	LLMDKN_005281	14.5	9.7	PF00078.32|RVT_1	PFAM:PF00078.32
contig_1	2409597	2409926	-	LLMDKN_005282	12.7	9.6		
contig_1	2409878	2410054	-	LLMDKN_005283	7.1	9.4		
contig_1	2410374	2410589	-	LLMDKN_005284	8.2	10.3		
contig_1	2410576	2410803	-	LLMDKN_005285	8.2	9.4		
contig_1	2410826	2411167	-	LLMDKN_005286	12.4	9.9		
contig_1	2411705	2412319	-	LLMDKN_005288	23.9	10.0		
contig_1	2412358	2412810	+	LLMDKN_005289	16.8	7.9		
contig_1	2412744	2412890	-	LLMDKN_005290	5.7	5.5		
contig_1	2412946	2413362	-	LLMDKN_005291	15.0	5.0		
contig_1	2413390	2413758	-	LLMDKN_005292	13.9	5.0		
contig_1	2414120	2414377	+	LLMDKN_005294	9.3	8.8		
contig_1	2415356	2415613	-	LLMDKN_005296	10.0	7.8		
contig_1	2415703	2415831	-	LLMDKN_005297	5.0	6.0		
contig_1	2415888	2416142	-	LLMDKN_005298	9.0	7.9		
contig_1	2416145	2416384	-	LLMDKN_005299	9.1	6.3		
contig_1	2416408	2417055	+	LLMDKN_005300	23.4	5.4		
contig_1	2417052	2417483	+	LLMDKN_005301	16.4	11.2		
contig_1	2417580	2417906	-	LLMDKN_005302	12.4	5.9		
contig_1	2417924	2418541	+	LLMDKN_005303	24.0	9.6	PF03432.20|Relaxase, PF19514.5|MobC_2	PFAM:PF03432.20, PFAM:PF19514.5
contig_1	2418517	2419683	+	LLMDKN_005304	43.4	9.0		
contig_1	2419713	2420339	+	LLMDKN_005305	24.5	8.4		
contig_1	2420309	2421085	+	LLMDKN_005306	28.8	5.8	PF10412.15|TrwB_AAD_bind	PFAM:PF10412.15
contig_1	2421108	2421305	+	LLMDKN_005307	7.6	6.7		
contig_1	2421416	2421541	-	LLMDKN_005308	4.7	9.4		
contig_1	2421555	2421731	-	LLMDKN_005309	6.8	5.2		
contig_1	2421700	2421996	-	LLMDKN_005310	11.7	9.3		
contig_1	2422109	2422240	-	LLMDKN_005311	5.0	5.2		
contig_1	2422233	2422421	-	LLMDKN_005312	7.4	6.2		
contig_1	2422439	2422597	-	LLMDKN_005313	6.2	4.5		
contig_1	2423245	2423424	-	LLMDKN_005314	6.7	4.6	PF13589.12|HATPase_c_3	PFAM:PF13589.12
contig_1	2423384	2423644	-	LLMDKN_005315	10.0	9.0	PF21247.3|Fic-like_C	PFAM:PF21247.3
contig_1	2423667	2424131	-	LLMDKN_005316	17.5	6.0	PF13749.12|HATPase_c_4	PFAM:PF13749.12
contig_1	2424085	2424390	-	LLMDKN_005317	11.5	6.7		
contig_1	2424341	2424691	-	LLMDKN_005318	13.2	6.6		
contig_1	2424688	2425020	-	LLMDKN_005319	12.4	7.6	PF04326.19|SLFN_AlbA_2	PFAM:PF04326.19
contig_1	2425078	2425647	-	LLMDKN_005320	21.0	8.4		
contig_1	2427171	2427854	-	LLMDKN_005323	26.0	9.9	PF00072.30|Response_reg, PF00158.32|Sigma54_activat, PF14532.12|Sigma54_activ_2	PFAM:PF00072.30, PFAM:PF00158.32, PFAM:PF14532.12
contig_1	2427870	2428103	-	LLMDKN_005324	8.9	6.9		
contig_1	2428045	2428644	-	LLMDKN_005325	22.7	4.9	PF00072.30|Response_reg	PFAM:PF00072.30
contig_1	2428688	2429182	-	LLMDKN_005326	18.1	6.1	PF02518.31|HATPase_c	PFAM:PF02518.31
contig_1	2429190	2429477	-	LLMDKN_005327	10.8	10.5	PF00512.31|HisKA	PFAM:PF00512.31
contig_1	2429483	2429662	-	LLMDKN_005328	6.9	11.3		
contig_1	2429671	2430156	-	LLMDKN_005329	19.1	8.9		
contig_1	2430193	2430564	-	LLMDKN_005330	13.9	8.4	PF00679.30|EFG_C	PFAM:PF00679.30
contig_1	2430709	2431191	-	LLMDKN_005331	18.0	6.1	PF14492.12|EFG_III	PFAM:PF14492.12
contig_1	2431350	2431652	-	LLMDKN_005332	11.0	4.6		
contig_1	2431710	2431979	-	LLMDKN_005333	10.0	9.6	PF00009.33|GTP_EFTU	PFAM:PF00009.33
contig_1	2432728	2433006	-	LLMDKN_005334	10.7	9.5	PF00398.26|RrnaAD	PFAM:PF00398.26
contig_1	2434685	2434975	-	LLMDKN_005336	10.7	5.3	PF13508.13|Acetyltransf_7, PF13673.13|Acetyltransf_10	PFAM:PF13508.13, PFAM:PF13673.13
contig_1	2435572	2435775	-	LLMDKN_005337	7.9	5.4		
contig_1	2436531	2437280	-	LLMDKN_005338	28.6	10.0		
contig_1	2437380	2437487	-	LLMDKN_005339	3.9	4.2		
contig_1	2437466	2438122	-	LLMDKN_005340	24.2	10.2	PF00271.37|Helicase_C	PFAM:PF00271.37
contig_1	2438071	2439093	-	LLMDKN_005341	39.4	9.7		
contig_1	2439200	2439601	-	LLMDKN_005342	15.7	9.2		
contig_1	2439601	2439711	-	LLMDKN_005343	4.2	4.5		
contig_1	2439708	2439980	-	LLMDKN_005344	10.4	5.4		
contig_1	2439935	2440492	-	LLMDKN_005345	21.0	4.8		
contig_1	2440470	2440751	-	LLMDKN_005346	10.2	6.4		
contig_1	2440834	2441301	-	LLMDKN_005347	18.3	9.8		
contig_1	2441252	2441638	-	LLMDKN_005348	13.9	8.0		
contig_1	2441589	2441780	-	LLMDKN_005349	7.0	9.5		
contig_1	2441837	2442247	-	LLMDKN_005350	15.3	5.6		
contig_1	2442319	2442867	+	LLMDKN_005351	20.5	10.1		
contig_1	2442983	2443492	-	LLMDKN_005352	19.0	9.7	PF13342.12|Toprim_Crpt	PFAM:PF13342.12
contig_1	2443712	2444032	-	LLMDKN_005353	11.7	7.8		
contig_1	2443981	2444307	-	LLMDKN_005354	12.0	9.2		
contig_1	2444312	2444812	-	LLMDKN_005355	18.7	6.8		
contig_1	2444766	2445074	-	LLMDKN_005356	11.1	8.1		
contig_1	2445150	2446550	-	LLMDKN_005357	53.2	8.8		
contig_1	2446748	2447044	-	LLMDKN_005358	11.0	9.8		
contig_1	2447769	2448068	+	LLMDKN_005360	11.5	10.6	PF12728.13|HTH_17	PFAM:PF12728.13
contig_1	2448065	2448340	+	LLMDKN_005361	10.7	7.8	PF12728.13|HTH_17	PFAM:PF12728.13
contig_1	2448458	2448613	-	LLMDKN_005362	6.0	9.8		
contig_1	2448633	2448821	-	LLMDKN_005363	7.0	6.5		
contig_1	2450496	2451281	+	LLMDKN_005365	30.0	5.7	PF00512.31|HisKA, PF02518.31|HATPase_c	PFAM:PF00512.31, PFAM:PF02518.31
contig_1	2451244	2451414	+	LLMDKN_005366	6.4	10.6	PF02518.31|HATPase_c	PFAM:PF02518.31
contig_1	2451472	2451648	-	LLMDKN_005367	6.8	9.0	PF13193.12|AMP-binding_C	PFAM:PF13193.12
contig_1	2451614	2451982	-	LLMDKN_005368	14.0	9.9		
contig_1	2451931	2452134	-	LLMDKN_005369	7.3	4.2		
contig_1	2452103	2452501	-	LLMDKN_005370	14.9	5.6		
contig_1	2452495	2452641	-	LLMDKN_005371	5.3	4.4		
contig_1	2452611	2453120	-	LLMDKN_005372	19.8	7.6		
contig_1	2453888	2454067	-	LLMDKN_005374	7.2	10.2	PF00312.27|Ribosomal_S15	PFAM:PF00312.27
contig_1	2454313	2454516	+	LLMDKN_005375	7.7	9.8	PF00009.33|GTP_EFTU	PFAM:PF00009.33
contig_1	2454581	2455096	+	LLMDKN_005376	19.1	5.1	PF00009.33|GTP_EFTU	PFAM:PF00009.33
contig_1	2455093	2455908	+	LLMDKN_005377	30.6	5.1	PF00679.30|EFG_C, PF21018.2|BipA_C	PFAM:PF00679.30, PFAM:PF21018.2
contig_1	2455911	2456114	+	LLMDKN_005378	7.8	9.3	PF21018.2|BipA_C	PFAM:PF21018.2
contig_1	2456343	2456561	-	LLMDKN_005379	8.3	8.9		
contig_1	2456543	2456842	-	LLMDKN_005380	11.8	7.7	PF07980.17|SusD_RagB	PFAM:PF07980.17
contig_1	2456839	2456985	-	LLMDKN_005381	5.6	9.0		
contig_1	2456946	2457269	-	LLMDKN_005382	12.2	9.9		
contig_1	2457208	2457447	-	LLMDKN_005383	9.0	6.5		
contig_1	2457426	2457722	-	LLMDKN_005384	10.8	4.7		
contig_1	2457745	2458350	-	LLMDKN_005385	22.8	5.4	PF14322.12|SusD-like_3	PFAM:PF14322.12
contig_1	2458409	2458621	-	LLMDKN_005386	7.9	6.5		
contig_1	2458597	2459031	-	LLMDKN_005387	16.1	9.4		
contig_1	2459043	2459213	-	LLMDKN_005388	6.5	8.9		
contig_1	2459210	2461567	-	LLMDKN_005389	87.0	6.0	PF00593.30|TonB_dep_Rec_b-barrel, PF07715.20|Plug, PF13620.12|CarboxypepD_reg, PF13715.12|CarbopepD_reg_2	PFAM:PF00593.30, PFAM:PF07715.20, PFAM:PF13620.12, PFAM:PF13715.12
contig_1	2462721	2463185	-	LLMDKN_005390	16.9	8.9	PF21307.2|Glyco_hydro_95_C, PF22124.2|Glyco_hydro_95_cat	PFAM:PF21307.2, PFAM:PF22124.2
contig_1	2463242	2463553	-	LLMDKN_005391	11.6	5.5	PF22124.2|Glyco_hydro_95_cat	PFAM:PF22124.2
contig_1	2463571	2464818	-	LLMDKN_005392	47.2	8.2	PF14498.12|Glyco_hyd_65N_2, PF22124.2|Glyco_hydro_95_cat	PFAM:PF14498.12, PFAM:PF22124.2
contig_1	2464815	2465183	-	LLMDKN_005393	13.4	6.7	PF14498.12|Glyco_hyd_65N_2	PFAM:PF14498.12
contig_1	2465347	2466786	-	LLMDKN_005394	54.6	5.7	PF19543.5|GH123_N	PFAM:PF19543.5
contig_1	2466762	2466956	-	LLMDKN_005395	7.6	9.8	PF19543.5|GH123_N	PFAM:PF19543.5
contig_1	2467034	2467258	-	LLMDKN_005396	7.9	4.5	PF19543.5|GH123_N	PFAM:PF19543.5
contig_1	2467264	2467605	-	LLMDKN_005397	12.1	5.4	PF19543.5|GH123_N, PF22680.2|Glyco_hydro_123_N_2	PFAM:PF19543.5, PFAM:PF22680.2
contig_1	2467547	2467804	-	LLMDKN_005398	9.9	9.7	PF19543.5|GH123_N	PFAM:PF19543.5
contig_1	2467795	2468322	-	LLMDKN_005399	20.2	10.0	PF19543.5|GH123_N	PFAM:PF19543.5
contig_1	2468368	2468931	-	LLMDKN_005400	21.7	9.8		
contig_1	2468943	2469401	-	LLMDKN_005401	17.8	9.8		
contig_1	2469446	2469718	+	LLMDKN_005402	9.9	10.1		
contig_1	2469619	2470266	-	LLMDKN_005403	24.1	8.9	PF13229.12|Beta_helix, PF23764.1|Beta-barrel_GLAA-B_II	PFAM:PF13229.12, PFAM:PF23764.1
contig_1	2470293	2470409	-	LLMDKN_005404	4.2	6.7		
contig_1	2470620	2471321	-	LLMDKN_005405	27.1	9.4		
contig_1	2471648	2472019	-	LLMDKN_005406	13.5	5.4	PF22243.2|DUF5018-rel	PFAM:PF22243.2
contig_1	2472056	2472562	-	LLMDKN_005407	18.8	6.2	PF07980.17|SusD_RagB	PFAM:PF07980.17
contig_1	2472505	2472708	-	LLMDKN_005408	7.7	9.8		
contig_1	2472690	2473169	-	LLMDKN_005409	17.7	4.5		
contig_1	2473231	2473827	-	LLMDKN_005410	22.5	5.5	PF14322.12|SusD-like_3	PFAM:PF14322.12
contig_1	2474011	2474238	-	LLMDKN_005411	8.7	10.0		
contig_1	2474335	2475114	-	LLMDKN_005412	29.4	5.5		
contig_1	2475700	2476101	-	LLMDKN_005413	15.2	9.2		
contig_1	2476098	2476340	-	LLMDKN_005414	9.1	6.5		
contig_1	2476318	2476710	-	LLMDKN_005415	14.0	4.9	PF07715.20|Plug	PFAM:PF07715.20
contig_1	2476686	2477090	-	LLMDKN_005416	14.8	9.2	PF13715.12|CarbopepD_reg_2	PFAM:PF13715.12
contig_1	2478148	2478810	-	LLMDKN_005417	25.0	4.7	PF07980.17|SusD_RagB	PFAM:PF07980.17
contig_1	2478774	2479223	-	LLMDKN_005418	17.1	5.8	PF07980.17|SusD_RagB	PFAM:PF07980.17
contig_1	2479183	2479614	-	LLMDKN_005419	15.8	9.4		
contig_1	2479569	2480078	-	LLMDKN_005420	19.2	9.9		
contig_1	2480167	2481615	-	LLMDKN_005421	53.1	8.3	PF00593.30|TonB_dep_Rec_b-barrel	PFAM:PF00593.30
contig_1	2481670	2483073	-	LLMDKN_005422	52.2	5.6	PF07715.20|Plug	PFAM:PF07715.20
contig_1	2483070	2483450	-	LLMDKN_005423	14.0	9.8	PF13715.12|CarbopepD_reg_2	PFAM:PF13715.12
contig_1	2484327	2484809	+	LLMDKN_005424	18.5	9.4	PF05598.16|DUF772	PFAM:PF05598.16
contig_1	2484810	2484956	+	LLMDKN_005425	6.0	9.8		
contig_1	2484967	2485269	+	LLMDKN_005426	12.1	7.8		
contig_1	2485289	2485486	+	LLMDKN_005427	7.5	4.4		
contig_1	2485562	2485909	+	LLMDKN_005428	13.7	10.3	PF13751.12|DDE_Tnp_1_6	PFAM:PF13751.12
contig_1	2487531	2487659	-	LLMDKN_005430	4.7	4.8		
contig_1	2488543	2488725	+	LLMDKN_005432	7.0	9.8		
contig_1	2488896	2489345	+	LLMDKN_005433	16.9	8.8		
contig_1	2489312	2489575	+	LLMDKN_005434	9.8	5.6		
contig_1	2489698	2490087	-	LLMDKN_005435	14.3	5.3		
contig_1	2490093	2490626	-	LLMDKN_005436	18.8	9.0	PF02775.26|TPP_enzyme_C	PFAM:PF02775.26
contig_1	2490682	2490909	-	LLMDKN_005437	8.5	9.6		
contig_1	2490849	2491145	-	LLMDKN_005438	11.1	6.4		
contig_1	2491100	2491483	-	LLMDKN_005439	14.0	5.1		
contig_1	2491689	2492033	-	LLMDKN_005440	12.6	9.8		
contig_1	2492354	2492533	-	LLMDKN_005441	6.4	4.8		
contig_1	2493177	2494487	-	LLMDKN_005443	48.0	8.7	PF02355.23|SecD_SecF_C, PF07549.19|Sec_GG	PFAM:PF02355.23, PFAM:PF07549.19
contig_1	2494463	2494747	-	LLMDKN_005444	10.1	5.4	PF02355.23|SecD_SecF_C	PFAM:PF02355.23
contig_1	2494840	2495463	-	LLMDKN_005445	22.3	5.9	PF22599.2|SecDF_P1_head	PFAM:PF22599.2
contig_1	2495534	2496016	-	LLMDKN_005446	17.8	5.9	PF21760.3|SecD_1st	PFAM:PF21760.3
contig_1	2496612	2496803	-	LLMDKN_005447	7.4	10.5		
contig_1	2497003	2497527	-	LLMDKN_005448	19.5	6.3	PF03372.29|Exo_endo_phos	PFAM:PF03372.29
contig_1	2497563	2498099	-	LLMDKN_005449	20.4	9.5		
contig_1	2498365	2498493	-	LLMDKN_005450	4.6	8.4		
contig_1	2498484	2499002	-	LLMDKN_005451	19.7	9.6		
contig_1	2499123	2499656	-	LLMDKN_005452	20.2	8.8	PF08551.15|DUF1751	PFAM:PF08551.15
contig_1	2499906	2500178	+	LLMDKN_005453	9.4	9.8	PF00216.26|Bac_DNA_binding, PF18291.6|HU-HIG	PFAM:PF00216.26, PFAM:PF18291.6
contig_1	2500908	2501138	+	LLMDKN_005455	9.1	5.4		
contig_1	2501138	2501812	+	LLMDKN_005456	25.0	4.9		
contig_1	2501818	2502057	+	LLMDKN_005457	8.9	4.7	PF05746.21|DALR_1	PFAM:PF05746.21
contig_1	2502281	2502442	-	LLMDKN_005458	5.8	4.9		
contig_1	2502520	2502849	-	LLMDKN_005459	12.2	5.2		
contig_1	2502870	2503133	-	LLMDKN_005460	9.9	4.8		
contig_1	2503408	2503683	-	LLMDKN_005461	10.5	10.1	PF13368.11|Toprim_C_rpt	PFAM:PF13368.11
contig_1	2503761	2504294	-	LLMDKN_005462	20.1	5.5		
contig_1	2504345	2504815	-	LLMDKN_005463	17.9	5.6		
contig_1	2504943	2505200	-	LLMDKN_005464	9.6	10.4		
contig_1	2505779	2505919	-	LLMDKN_005465	5.3	9.3		
contig_1	2506286	2506879	-	LLMDKN_005466	22.4	7.7		
contig_1	2506864	2507475	-	LLMDKN_005467	22.9	6.6		
contig_1	2507482	2508405	-	LLMDKN_005468	35.1	5.3		
contig_1	2508766	2509359	-	LLMDKN_005469	23.3	9.7	PF07719.23|TPR_2, PF13432.12|TPR_16	PFAM:PF07719.23, PFAM:PF13432.12
contig_1	2509340	2509636	-	LLMDKN_005470	10.8	5.5	PF13174.12|TPR_6	PFAM:PF13174.12
contig_1	2509596	2510393	-	LLMDKN_005471	30.9	9.2	PF00515.34|TPR_1, PF07719.23|TPR_2, PF12895.13|ANAPC3, PF13174.12|TPR_6, PF13424.12|TPR_12, PF13428.12|TPR_14, PF13432.12|TPR_16, PF14559.12|TPR_19	PFAM:PF00515.34, PFAM:PF07719.23, PFAM:PF12895.13, PFAM:PF13174.12, PFAM:PF13424.12, PFAM:PF13428.12, PFAM:PF13432.12, PFAM:PF14559.12
contig_1	2510531	2510689	-	LLMDKN_005472	6.1	5.7		
contig_1	2510632	2511054	-	LLMDKN_005473	16.1	5.9	PF00293.34|NUDIX, PF09297.16|Zn_ribbon_NUD	PFAM:PF00293.34, PFAM:PF09297.16
contig_1	2511391	2511585	+	LLMDKN_005474	7.3	4.7		
contig_1	2512540	2512746	+	LLMDKN_005476	8.0	6.5		
contig_1	2512782	2513063	+	LLMDKN_005477	10.3	9.3		
contig_1	2513063	2513215	+	LLMDKN_005478	5.8	4.2		
contig_1	2513318	2513674	+	LLMDKN_005479	13.3	4.4		
contig_1	2514207	2514404	+	LLMDKN_005480	7.3	4.2		
contig_1	2514593	2515345	+	LLMDKN_005481	29.5	8.7	PF13439.12|Glyco_transf_4	PFAM:PF13439.12
contig_1	2515306	2515542	+	LLMDKN_005482	8.6	6.7	PF13692.12|Glyco_trans_1_4	PFAM:PF13692.12
contig_1	2515484	2515843	+	LLMDKN_005483	14.0	4.9	PF13692.12|Glyco_trans_1_4	PFAM:PF13692.12
contig_1	2517650	2517829	-	LLMDKN_005486	6.9	6.1		
contig_1	2518169	2518720	+	LLMDKN_005487	21.3	8.6	PF17170.10|DUF5128	PFAM:PF17170.10
contig_1	2518677	2518943	+	LLMDKN_005488	10.1	5.8		
contig_1	2519037	2519261	+	LLMDKN_005489	9.0	4.8		
contig_1	2519430	2520245	+	LLMDKN_005490	31.4	5.7	PF04055.27|Radical_SAM, PF13353.11|Fer4_12	PFAM:PF04055.27, PFAM:PF13353.11
contig_1	2520291	2520506	+	LLMDKN_005491	8.1	6.0		
contig_1	2520491	2520793	+	LLMDKN_005492	11.3	9.3		
contig_1	2520735	2520902	+	LLMDKN_005493	6.7	7.8		
contig_1	2520991	2521482	+	LLMDKN_005494	18.8	4.6		
contig_1	2521641	2522126	+	LLMDKN_005495	18.5	5.6		
contig_1	2522523	2522672	+	LLMDKN_005496	5.6	5.1		
contig_1	2523017	2523307	-	LLMDKN_005497	10.6	4.9		
contig_1	2523725	2523874	+	LLMDKN_005498	5.9	4.1		
contig_1	2524087	2524338	+	LLMDKN_005499	9.8	8.7		
contig_1	2524620	2524988	+	LLMDKN_005500	14.1	5.0	PF16288.11|DUF4934, PF17170.10|DUF5128	PFAM:PF16288.11, PFAM:PF17170.10
contig_1	2525025	2525396	+	LLMDKN_005501	14.7	5.4		
contig_1	2525437	2525640	+	LLMDKN_005502	7.9	9.8		
contig_1	2525613	2525789	+	LLMDKN_005503	6.7	6.7		
contig_1	2525847	2526146	+	LLMDKN_005504	10.9	4.9		
contig_1	2526130	2526417	+	LLMDKN_005505	11.3	5.3		
contig_1	2526459	2526620	+	LLMDKN_005506	6.0	5.4		
contig_1	2526608	2527060	+	LLMDKN_005507	17.2	8.9		
contig_1	2527082	2527408	+	LLMDKN_005508	12.3	5.0	PF17170.10|DUF5128	PFAM:PF17170.10
contig_1	2527402	2527911	+	LLMDKN_005509	19.8	9.4	PF17170.10|DUF5128	PFAM:PF17170.10
contig_1	2527901	2528053	+	LLMDKN_005510	5.8	8.0		
contig_1	2528037	2528201	+	LLMDKN_005511	6.2	4.3		
contig_1	2528768	2529256	-	LLMDKN_005512	19.5	7.6		
contig_1	2529502	2529759	+	LLMDKN_005513	10.7	9.7		
contig_1	2529855	2530301	+	LLMDKN_005514	17.3	5.2		
contig_1	2530517	2531086	+	LLMDKN_005515	21.7	5.1	PF13692.12|Glyco_trans_1_4	PFAM:PF13692.12
contig_1	2531801	2532166	+	LLMDKN_005516	13.9	9.1		
contig_1	2532648	2532800	+	LLMDKN_005517	5.6	5.1		
contig_1	2532807	2533055	+	LLMDKN_005518	9.6	5.4		
contig_1	2533125	2533487	+	LLMDKN_005519	14.0	5.1	PF04055.27|Radical_SAM	PFAM:PF04055.27
contig_1	2533441	2533809	+	LLMDKN_005520	14.3	9.7		
contig_1	2533947	2534354	+	LLMDKN_005521	15.8	5.0		
contig_1	2534465	2534671	+	LLMDKN_005522	8.0	4.1		
contig_1	2534692	2534946	+	LLMDKN_005523	9.8	8.8		
contig_1	2535015	2535233	+	LLMDKN_005524	8.6	4.7		
contig_1	2535662	2535952	+	LLMDKN_005525	10.9	9.6	PF12804.13|NTP_transf_3	PFAM:PF12804.13
contig_1	2536095	2536484	+	LLMDKN_005526	15.3	6.3		
contig_1	2536442	2536972	+	LLMDKN_005527	20.4	4.9	PF00155.27|Aminotran_1_2	PFAM:PF00155.27
contig_1	2537008	2537298	+	LLMDKN_005528	11.2	6.7	PF00155.27|Aminotran_1_2	PFAM:PF00155.27
contig_1	2537295	2537471	+	LLMDKN_005529	6.9	9.7		
contig_1	2537468	2537641	+	LLMDKN_005530	6.8	7.8	PF04991.19|LicD	PFAM:PF04991.19
contig_1	2537815	2538258	+	LLMDKN_005531	17.3	9.4		
contig_1	2538240	2538668	+	LLMDKN_005532	16.3	5.7		
contig_1	2538750	2539238	+	LLMDKN_005533	18.9	5.7		
contig_1	2539180	2539398	+	LLMDKN_005534	7.9	6.8		
contig_1	2539636	2540208	+	LLMDKN_005535	21.2	4.8	PF16288.11|DUF4934, PF17170.10|DUF5128	PFAM:PF16288.11, PFAM:PF17170.10
contig_1	2540240	2540542	+	LLMDKN_005536	11.7	4.9		
contig_1	2540502	2540669	+	LLMDKN_005537	6.0	4.5		
contig_1	2540632	2540781	+	LLMDKN_005538	5.4	5.1		
contig_1	2540816	2541085	+	LLMDKN_005539	9.7	7.7	PF16288.11|DUF4934, PF17170.10|DUF5128	PFAM:PF16288.11, PFAM:PF17170.10
contig_1	2541027	2541947	+	LLMDKN_005540	35.0	8.8	PF17170.10|DUF5128	PFAM:PF17170.10
contig_1	2542102	2542389	+	LLMDKN_005541	10.5	5.6	PF05345.18|He_PIG	PFAM:PF05345.18
contig_1	2542350	2543555	+	LLMDKN_005542	44.6	5.2	PF17801.7|Melibiase_C	PFAM:PF17801.7
contig_1	2543547	2543969	-	LLMDKN_005543	15.9	9.8		
contig_1	2544063	2544272	-	LLMDKN_005544	8.0	10.2		
contig_1	2544375	2544788	+	LLMDKN_005545	15.6	4.8		
contig_1	2544752	2544934	+	LLMDKN_005546	6.9	6.7		
contig_1	2544931	2545179	+	LLMDKN_005547	8.8	5.0		
contig_1	2545370	2545714	+	LLMDKN_005548	13.2	9.4		
contig_1	2545683	2545907	+	LLMDKN_005549	8.2	6.7		
contig_1	2546088	2546300	-	LLMDKN_005550	8.2	10.3		
contig_1	2546428	2546694	-	LLMDKN_005551	9.8	5.3	PF20737.2|Glyco_hydro127C	PFAM:PF20737.2
contig_1	2546639	2547715	-	LLMDKN_005552	41.3	9.0	PF07944.18|Beta-AFase-like_GH127_cat, PF20736.2|Glyco_hydro127M	PFAM:PF07944.18, PFAM:PF20736.2
contig_1	2547933	2548367	-	LLMDKN_005553	17.0	7.0	PF07944.18|Beta-AFase-like_GH127_cat	PFAM:PF07944.18
contig_1	2548336	2548797	-	LLMDKN_005554	17.3	7.9		
contig_1	2549017	2549286	-	LLMDKN_005555	10.3	7.9		
contig_1	2549583	2549864	-	LLMDKN_005556	10.5	11.1		
contig_1	2549803	2549946	-	LLMDKN_005557	5.2	5.7		
contig_1	2549918	2550085	-	LLMDKN_005558	6.2	9.8		
contig_1	2550087	2550866	-	LLMDKN_005559	29.3	8.8		
contig_1	2550914	2551117	-	LLMDKN_005560	7.9	8.9	PF01228.26|Gly_radical	PFAM:PF01228.26
contig_1	2551108	2551821	-	LLMDKN_005561	26.6	5.8		
contig_1	2552024	2552224	-	LLMDKN_005562	7.4	7.9		
contig_1	2552280	2552696	-	LLMDKN_005563	16.4	9.4		
contig_1	2552766	2552963	-	LLMDKN_005564	7.3	9.1		
contig_1	2553001	2553570	-	LLMDKN_005565	21.7	9.4	PF04055.27|Radical_SAM	PFAM:PF04055.27
contig_1	2553843	2554079	+	LLMDKN_005566	9.0	6.8		
contig_1	2554063	2554623	-	LLMDKN_005567	21.6	5.7	PF00072.30|Response_reg	PFAM:PF00072.30
contig_1	2554620	2554727	-	LLMDKN_005568	4.0	7.9		
contig_1	2554775	2555080	-	LLMDKN_005569	11.1	4.9	PF02518.31|HATPase_c	PFAM:PF02518.31
contig_1	2555157	2555576	-	LLMDKN_005570	16.8	9.5	PF00512.31|HisKA	PFAM:PF00512.31
contig_1	2555612	2556067	-	LLMDKN_005571	17.3	4.8		
contig_1	2556040	2556222	-	LLMDKN_005572	6.7	4.9		
contig_1	2556219	2556407	-	LLMDKN_005573	6.8	7.9	PF07494.17|Reg_prop	PFAM:PF07494.17
contig_1	2556505	2556909	-	LLMDKN_005574	15.3	6.3	PF07494.17|Reg_prop	PFAM:PF07494.17
contig_1	2556960	2557193	+	LLMDKN_005575	8.4	4.3		
contig_1	2557094	2557903	-	LLMDKN_005576	30.2	9.2	PF07494.17|Reg_prop	PFAM:PF07494.17
contig_1	2558297	2558446	+	LLMDKN_005577	5.4	9.8		
contig_1	2558506	2559567	+	LLMDKN_005578	38.9	6.6	PF07715.20|Plug	PFAM:PF07715.20
contig_1	2559594	2560001	+	LLMDKN_005579	15.4	7.9		
contig_1	2559998	2560639	+	LLMDKN_005580	23.9	8.9	PF00593.30|TonB_dep_Rec_b-barrel	PFAM:PF00593.30
contig_1	2560587	2560823	+	LLMDKN_005581	8.5	9.4		
contig_1	2560827	2561450	+	LLMDKN_005582	23.2	7.8		
contig_1	2561475	2562431	+	LLMDKN_005583	35.5	5.3	PF14322.12|SusD-like_3	PFAM:PF14322.12
contig_1	2562380	2562604	+	LLMDKN_005584	8.4	4.7		
contig_1	2562625	2563038	+	LLMDKN_005585	15.5	5.2	PF07980.17|SusD_RagB	PFAM:PF07980.17
contig_1	2563035	2563136	+	LLMDKN_005586	3.9	9.5		
contig_1	2563258	2563470	+	LLMDKN_005587	8.6	4.7		
contig_1	2563461	2563781	+	LLMDKN_005588	11.4	9.2		
contig_1	2563732	2563896	+	LLMDKN_005589	6.5	8.8		
contig_1	2563896	2564771	+	LLMDKN_005590	32.8	4.8		
contig_1	2564716	2564985	+	LLMDKN_005591	9.9	9.4		
contig_1	2565155	2565559	+	LLMDKN_005592	15.2	6.3		
contig_1	2565516	2565875	+	LLMDKN_005593	13.4	7.8		
contig_1	2565827	2566048	+	LLMDKN_005594	8.4	6.2		
contig_1	2566136	2566534	+	LLMDKN_005595	15.5	4.7		
contig_1	2566518	2566742	+	LLMDKN_005596	8.7	6.0		
contig_1	2566693	2568045	+	LLMDKN_005597	51.6	6.6		
contig_1	2568066	2568248	+	LLMDKN_005598	6.8	4.2	PF07944.18|Beta-AFase-like_GH127_cat	PFAM:PF07944.18
contig_1	2568193	2568978	+	LLMDKN_005599	28.8	5.7	PF07944.18|Beta-AFase-like_GH127_cat	PFAM:PF07944.18
contig_1	2568944	2569249	+	LLMDKN_005600	11.4	9.1	PF07944.18|Beta-AFase-like_GH127_cat, PF20736.2|Glyco_hydro127M	PFAM:PF07944.18, PFAM:PF20736.2
contig_1	2569263	2569769	+	LLMDKN_005601	18.6	7.7	PF20736.2|Glyco_hydro127M, PF20737.2|Glyco_hydro127C	PFAM:PF20736.2, PFAM:PF20737.2
contig_1	2569709	2569924	+	LLMDKN_005602	8.2	9.0	PF20737.2|Glyco_hydro127C	PFAM:PF20737.2
contig_1	2569936	2570094	+	LLMDKN_005603	6.0	4.2		
contig_1	2570075	2570242	+	LLMDKN_005604	6.1	4.7		
contig_1	2570628	2570783	+	LLMDKN_005607	5.6	4.6		
contig_1	2570726	2570944	+	LLMDKN_005608	7.7	9.1	PF00294.29|PfkB	PFAM:PF00294.29
contig_1	2571060	2571443	+	LLMDKN_005609	14.1	4.7	PF00294.29|PfkB	PFAM:PF00294.29
contig_1	2571418	2571615	+	LLMDKN_005610	7.0	4.5	PF00294.29|PfkB	PFAM:PF00294.29
contig_1	2571660	2572046	+	LLMDKN_005611	14.6	4.8		
contig_1	2572110	2572676	+	LLMDKN_005612	20.8	9.7		
contig_1	2572640	2573344	+	LLMDKN_005613	26.7	6.9		
contig_1	2573374	2573538	+	LLMDKN_005614	6.4	5.2		
contig_1	2573551	2574120	+	LLMDKN_005615	20.7	8.4	PF00326.27|Peptidase_S9	PFAM:PF00326.27
contig_1	2573994	2574335	-	LLMDKN_005616	12.5	9.7		
contig_1	2574420	2575181	-	LLMDKN_005617	27.8	5.3		
contig_1	2575782	2576171	-	LLMDKN_005618	14.1	9.2		
contig_1	2576331	2576471	-	LLMDKN_005619	5.1	4.1		
contig_1	2576480	2576659	-	LLMDKN_005620	6.6	9.0	PF00731.26|AIRC	PFAM:PF00731.26
contig_1	2576647	2576787	-	LLMDKN_005621	4.7	4.5	PF00731.26|AIRC	PFAM:PF00731.26
contig_1	2576805	2576984	-	LLMDKN_005622	6.4	5.4	PF00731.26|AIRC	PFAM:PF00731.26
contig_1	2577560	2578240	-	LLMDKN_005624	25.9	10.4		
contig_1	2578379	2578609	-	LLMDKN_005625	8.7	5.4	PF04552.19|Sigma54_DBD	PFAM:PF04552.19
contig_1	2578606	2578953	-	LLMDKN_005626	13.1	7.9	PF04963.19|Sigma54_CBD	PFAM:PF04963.19
contig_1	2578946	2579752	-	LLMDKN_005627	30.0	4.5	PF04963.19|Sigma54_CBD	PFAM:PF04963.19
contig_1	2580025	2580750	+	LLMDKN_005628	26.7	4.9	PF00557.29|Peptidase_M24, PF05195.22|AMP_N	PFAM:PF00557.29, PFAM:PF05195.22
contig_1	2580841	2580966	+	LLMDKN_005629	4.6	7.9		
contig_1	2580972	2581247	+	LLMDKN_005630	10.6	6.1		
contig_1	2582231	2582413	+	LLMDKN_005631	6.4	4.1	PF18291.6|HU-HIG	PFAM:PF18291.6
contig_1	2583003	2583209	+	LLMDKN_005632	7.3	8.9		
contig_1	2583218	2583472	+	LLMDKN_005633	9.5	7.7		
contig_1	2583492	2584259	+	LLMDKN_005634	28.8	6.9	PF01841.26|Transglut_core	PFAM:PF01841.26
contig_1	2584250	2584819	+	LLMDKN_005635	21.3	9.3		
contig_1	2584789	2584932	+	LLMDKN_005636	5.5	10.2		
contig_1	2584929	2585111	-	LLMDKN_005637	7.1	9.5		
contig_1	2585171	2585587	+	LLMDKN_005638	15.4	6.7		
contig_1	2585584	2585703	+	LLMDKN_005639	4.3	4.4		
contig_1	2585655	2586095	+	LLMDKN_005640	15.4	9.4	PF01841.26|Transglut_core	PFAM:PF01841.26
contig_1	2586076	2586531	+	LLMDKN_005641	16.8	9.6		
contig_1	2586558	2586935	+	LLMDKN_005642	14.1	9.3	PF03372.29|Exo_endo_phos	PFAM:PF03372.29
contig_1	2586884	2587429	+	LLMDKN_005643	20.3	5.2	PF03372.29|Exo_endo_phos	PFAM:PF03372.29
contig_1	2587369	2587584	+	LLMDKN_005644	8.2	10.0		
contig_1	2587578	2588282	+	LLMDKN_005645	26.3	5.5	PF00149.33|Metallophos	PFAM:PF00149.33
contig_1	2588279	2588380	+	LLMDKN_005646	3.7	9.3		
contig_1	2588452	2588886	-	LLMDKN_005647	16.0	6.1	PF02518.31|HATPase_c	PFAM:PF02518.31
contig_1	2588840	2589223	-	LLMDKN_005648	14.0	9.2		
contig_1	2589220	2589372	-	LLMDKN_005649	5.9	5.2		
contig_1	2589416	2589808	-	LLMDKN_005650	15.1	9.1		
contig_1	2590240	2590575	-	LLMDKN_005651	13.1	8.6		
contig_1	2590693	2591637	-	LLMDKN_005652	36.1	5.4	PF00485.24|PRK	PFAM:PF00485.24
contig_1	2592014	2592361	+	LLMDKN_005653	12.4	10.2		
contig_1	2592413	2592646	+	LLMDKN_005654	9.1	7.9		
contig_1	2592606	2592869	+	LLMDKN_005655	9.5	6.2		
contig_1	2592951	2593691	+	LLMDKN_005656	28.8	5.1	PF01895.24|PhoU	PFAM:PF01895.24
contig_1	2593797	2594000	-	LLMDKN_005657	7.8	4.5	PF00301.25|Rubredoxin	PFAM:PF00301.25
contig_1	2594102	2594512	+	LLMDKN_005658	15.7	9.4		
contig_1	2594522	2595232	+	LLMDKN_005659	26.4	5.4	PF00512.31|HisKA, PF02518.31|HATPase_c	PFAM:PF00512.31, PFAM:PF02518.31
contig_1	2595192	2595410	+	LLMDKN_005660	7.6	9.1	PF02518.31|HATPase_c	PFAM:PF02518.31
contig_1	2595379	2595771	+	LLMDKN_005661	14.6	4.9	PF00072.30|Response_reg	PFAM:PF00072.30
contig_1	2595836	2595976	+	LLMDKN_005662	5.4	8.1	PF00690.31|Cation_ATPase_N	PFAM:PF00690.31
contig_1	2596222	2597064	+	LLMDKN_005663	30.7	5.2		
contig_1	2597025	2597240	+	LLMDKN_005664	8.2	10.4		
contig_1	2597216	2597611	+	LLMDKN_005665	14.3	4.7		
contig_1	2597638	2598516	+	LLMDKN_005666	32.3	9.6	PF08282.18|Hydrolase_3	PFAM:PF08282.18
contig_1	2598635	2598757	+	LLMDKN_005667	4.8	5.7		
contig_1	2598810	2598923	+	LLMDKN_005668	4.5	4.9		
contig_1	2598908	2599075	+	LLMDKN_005669	6.7	6.1		
contig_1	2599232	2599411	+	LLMDKN_005670	6.6	10.6		
contig_1	2599411	2599530	+	LLMDKN_005671	4.7	9.0		
contig_1	2599497	2600261	+	LLMDKN_005672	29.0	5.8	PF01687.23|Flavokinase	PFAM:PF01687.23
contig_1	2600509	2600745	+	LLMDKN_005673	8.7	9.0		
contig_1	2600862	2601338	+	LLMDKN_005674	18.2	8.7		
contig_1	2601362	2601757	+	LLMDKN_005675	14.7	7.8		
contig_1	2601786	2602001	+	LLMDKN_005676	7.7	4.1		
contig_1	2602402	2602731	-	LLMDKN_005677	12.3	4.2		
contig_1	2602824	2603213	-	LLMDKN_005678	14.6	9.1	PF04389.22|Peptidase_M28	PFAM:PF04389.22
contig_1	2603342	2603746	-	LLMDKN_005679	14.6	9.3		
contig_1	2603802	2604029	-	LLMDKN_005680	8.4	4.3	PF17676.7|Peptidase_S66C	PFAM:PF17676.7
contig_1	2603975	2604637	-	LLMDKN_005681	24.7	9.6	PF02016.21|Peptidase_S66, PF17676.7|Peptidase_S66C	PFAM:PF02016.21, PFAM:PF17676.7
contig_1	2605856	2606017	+	LLMDKN_005683	6.2	5.2		
contig_1	2606189	2606605	+	LLMDKN_005684	14.9	4.8		
contig_1	2606671	2606850	+	LLMDKN_005685	6.5	8.3		
contig_1	2606847	2606993	+	LLMDKN_005686	5.6	6.1		
contig_1	2607808	2607993	+	LLMDKN_005688	7.4	10.4		
contig_1	2607940	2608491	-	LLMDKN_005689	20.1	9.2		
contig_1	2608488	2608697	-	LLMDKN_005690	7.4	11.6		
contig_1	2608691	2609011	-	LLMDKN_005691	11.5	8.7		
contig_1	2609216	2609518	-	LLMDKN_005692	11.0	6.0		
contig_1	2609778	2609978	+	LLMDKN_005693	7.8	8.4		
contig_1	2610018	2610272	+	LLMDKN_005694	9.6	10.5		
contig_1	2610259	2610441	-	LLMDKN_005695	7.0	10.3		
contig_1	2610660	2610848	+	LLMDKN_005696	7.3	7.7		
contig_1	2611076	2611312	-	LLMDKN_005697	8.7	7.9		
contig_1	2611388	2612023	-	LLMDKN_005698	22.7	9.2		
contig_1	2611969	2612130	-	LLMDKN_005699	6.0	9.2		
contig_1	2612121	2612408	-	LLMDKN_005700	10.6	6.4		
contig_1	2612632	2612904	+	LLMDKN_005701	10.5	7.6		
contig_1	2613239	2613490	-	LLMDKN_005702	9.1	6.1		
contig_1	2613513	2613728	-	LLMDKN_005703	8.0	5.1		
contig_1	2613941	2614129	+	LLMDKN_005704	7.0	5.6		
contig_1	2614059	2614622	-	LLMDKN_005705	20.6	9.5		
contig_1	2614630	2614842	-	LLMDKN_005706	7.9	4.8		
contig_1	2615369	2615611	-	LLMDKN_005707	9.0	6.1	PF12741.13|SusD-like	PFAM:PF12741.13
contig_1	2615847	2616113	-	LLMDKN_005708	9.8	6.7	PF12741.13|SusD-like, PF12771.13|SusD-like_2	PFAM:PF12741.13, PFAM:PF12771.13
contig_1	2616361	2616540	-	LLMDKN_005709	6.7	5.1	PF12741.13|SusD-like	PFAM:PF12741.13
contig_1	2616579	2616767	-	LLMDKN_005710	7.2	4.7	PF12741.13|SusD-like	PFAM:PF12741.13
contig_1	2617004	2617261	-	LLMDKN_005711	9.4	9.2		
contig_1	2617219	2617497	-	LLMDKN_005712	10.0	5.5		
contig_1	2617508	2617663	-	LLMDKN_005713	5.5	8.1		
contig_1	2618290	2618484	-	LLMDKN_005714	7.0	7.8		
contig_1	2618481	2618828	-	LLMDKN_005715	13.4	8.0		
contig_1	2618859	2619026	-	LLMDKN_005716	6.5	9.3		
contig_1	2619008	2619190	-	LLMDKN_005717	6.7	9.2		
contig_1	2619169	2619708	-	LLMDKN_005718	18.4	7.8	PF07715.20|Plug	PFAM:PF07715.20
contig_1	2619988	2620173	-	LLMDKN_005719	6.8	9.2		
contig_1	2620118	2620366	-	LLMDKN_005720	9.6	9.3		
contig_1	2620410	2620526	-	LLMDKN_005721	4.6	10.4		
contig_1	2620557	2621015	-	LLMDKN_005722	17.9	9.0	PF16344.10|FecR_C	PFAM:PF16344.10
contig_1	2621027	2621248	-	LLMDKN_005723	8.2	10.0		
contig_1	2621260	2621448	-	LLMDKN_005724	7.2	9.0		
contig_1	2621740	2622165	-	LLMDKN_005725	17.0	6.2	PF04542.20|Sigma70_r2	PFAM:PF04542.20
contig_1	2622337	2622882	-	LLMDKN_005726	20.1	5.8	PF00013.35|KH_1, PF00575.29|S1	PFAM:PF00013.35, PFAM:PF00575.29
contig_1	2622866	2623234	-	LLMDKN_005727	13.2	4.8	PF01138.27|RNase_PH, PF03725.20|RNase_PH_C	PFAM:PF01138.27, PFAM:PF03725.20
contig_1	2623285	2623653	-	LLMDKN_005728	14.0	9.5	PF01138.27|RNase_PH, PF03726.19|PNPase	PFAM:PF01138.27, PFAM:PF03726.19
contig_1	2623592	2623951	-	LLMDKN_005729	13.7	4.8		
contig_1	2623921	2624286	-	LLMDKN_005730	13.6	6.7	PF01138.27|RNase_PH, PF03725.20|RNase_PH_C	PFAM:PF01138.27, PFAM:PF03725.20
contig_1	2624228	2624488	-	LLMDKN_005731	9.4	9.8	PF01138.27|RNase_PH	PFAM:PF01138.27
contig_1	2624719	2624850	+	LLMDKN_005732	4.7	5.9		
contig_1	2626504	2626755	+	LLMDKN_005735	9.4	5.1	PF01230.28|HIT	PFAM:PF01230.28
contig_1	2626700	2626870	+	LLMDKN_005736	6.4	9.2		
contig_1	2629105	2629353	-	LLMDKN_005740	8.8	10.5		
contig_1	2629354	2629782	-	LLMDKN_005741	16.7	9.0		
contig_1	2629835	2629978	-	LLMDKN_005742	5.8	10.0		
contig_1	2631213	2631512	+	LLMDKN_005744	11.9	9.3	PF00165.29|HTH_AraC, PF12833.13|HTH_18	PFAM:PF00165.29, PFAM:PF12833.13
contig_1	2631650	2632069	+	LLMDKN_005745	15.7	8.8	PF01035.26|DNA_binding_1	PFAM:PF01035.26
contig_1	2632202	2632489	-	LLMDKN_005746	10.8	9.0		
contig_1	2632486	2632659	-	LLMDKN_005747	6.9	9.1		
contig_1	2632762	2632932	-	LLMDKN_005748	6.6	4.8		
contig_1	2632965	2633177	+	LLMDKN_005749	8.4	7.8	PF12464.13|Mac	PFAM:PF12464.13
contig_1	2633342	2633458	+	LLMDKN_005750	3.8	4.2	PF00132.30|Hexapep, PF14602.12|Hexapep_2	PFAM:PF00132.30, PFAM:PF14602.12
contig_1	2634884	2635852	-	LLMDKN_005753	37.1	7.8	PF00593.30|TonB_dep_Rec_b-barrel	PFAM:PF00593.30
contig_1	2635818	2636318	-	LLMDKN_005754	18.5	8.9	PF07715.20|Plug	PFAM:PF07715.20
contig_1	2636354	2637112	-	LLMDKN_005755	27.7	5.9	PF08973.16|TM1506	PFAM:PF08973.16
contig_1	2637112	2638035	-	LLMDKN_005756	35.6	5.7	PF00248.27|Aldo_ket_red	PFAM:PF00248.27
contig_1	2638099	2638581	-	LLMDKN_005757	17.5	9.7	PF00248.27|Aldo_ket_red	PFAM:PF00248.27
contig_1	2638547	2638795	-	LLMDKN_005758	8.8	8.9	PF00037.32|Fer4	PFAM:PF00037.32
contig_1	2639064	2639789	-	LLMDKN_005759	26.7	9.7	PF00037.32|Fer4, PF12801.12|Fer4_5, PF12837.12|Fer4_6	PFAM:PF00037.32, PFAM:PF12801.12, PFAM:PF12837.12
contig_1	2639875	2640003	+	LLMDKN_005760	4.6	4.1		
contig_1	2640055	2640798	-	LLMDKN_005761	28.4	9.2	PF04397.21|LytTR	PFAM:PF04397.21
contig_1	2640812	2641081	-	LLMDKN_005762	10.3	5.0		
contig_1	2641100	2641258	-	LLMDKN_005763	6.3	6.1	PF06580.19|His_kinase	PFAM:PF06580.19
contig_1	2641391	2641735	-	LLMDKN_005764	13.2	10.0		
contig_1	2642319	2642657	-	LLMDKN_005765	13.7	9.7		
contig_1	2642627	2642800	-	LLMDKN_005766	6.9	10.2		
contig_1	2642948	2643064	+	LLMDKN_005767	4.1	6.0		
contig_1	2643027	2643425	+	LLMDKN_005768	15.3	9.2	PF13472.12|Lipase_GDSL_2	PFAM:PF13472.12
contig_1	2643715	2643921	+	LLMDKN_005769	7.6	5.6	PF00561.26|Abhydrolase_1	PFAM:PF00561.26
contig_1	2643912	2644214	+	LLMDKN_005770	11.0	6.7		
contig_1	2644257	2644478	+	LLMDKN_005771	8.4	9.6		
contig_1	2644463	2645047	+	LLMDKN_005772	21.5	7.1		
contig_1	2645014	2645235	+	LLMDKN_005773	7.8	7.6		
contig_1	2645247	2645408	-	LLMDKN_005774	6.3	9.4		
contig_1	2645461	2645628	+	LLMDKN_005775	6.3	8.6		
contig_1	2645830	2646336	+	LLMDKN_005776	19.3	6.8		
contig_1	2646258	2646572	-	LLMDKN_005777	12.4	10.1		
contig_1	2646643	2646897	+	LLMDKN_005778	9.2	6.2		
contig_1	2647238	2647465	+	LLMDKN_005779	8.8	10.8		
contig_1	2647565	2648098	+	LLMDKN_005780	19.9	4.6	PF08800.15|BT4734-like_N	PFAM:PF08800.15
contig_1	2648082	2648570	+	LLMDKN_005781	18.9	10.0		
contig_1	2648545	2649315	+	LLMDKN_005782	29.5	9.2	PF05272.17|VapE-like_dom	PFAM:PF05272.17
contig_1	2649323	2649652	-	LLMDKN_005783	12.3	5.5		
contig_1	2650052	2650591	-	LLMDKN_005784	20.9	8.4		
contig_1	2650588	2650734	-	LLMDKN_005785	5.5	9.8		
contig_1	2650977	2651396	-	LLMDKN_005786	16.0	9.2		
contig_1	2651616	2651816	-	LLMDKN_005787	7.5	4.7		
contig_1	2651873	2652265	-	LLMDKN_005788	14.9	9.1		
contig_1	2652267	2652431	-	LLMDKN_005789	6.1	7.8		
contig_1	2652619	2652918	+	LLMDKN_005790	11.8	10.0		
contig_1	2653304	2653546	+	LLMDKN_005791	9.7	9.3		
contig_1	2653537	2653887	+	LLMDKN_005792	13.0	9.5		
contig_1	2653905	2654015	+	LLMDKN_005793	4.3	7.9		
contig_1	2654047	2654502	+	LLMDKN_005794	16.9	5.9	PF01923.23|Cob_adeno_trans	PFAM:PF01923.23
contig_1	2655132	2655533	-	LLMDKN_005796	15.1	9.5		
contig_1	2655617	2655766	-	LLMDKN_005797	5.7	4.2		
contig_1	2655733	2656005	-	LLMDKN_005798	10.1	7.9		
contig_1	2656199	2656330	-	LLMDKN_005799	5.2	4.9	PF17763.6|Asparaginase_C	PFAM:PF17763.6
contig_1	2656408	2656575	-	LLMDKN_005800	6.2	6.9	PF17763.6|Asparaginase_C	PFAM:PF17763.6
contig_1	2656563	2656733	-	LLMDKN_005801	6.0	9.0	PF00710.25|Asparaginase	PFAM:PF00710.25
contig_1	2656754	2657227	-	LLMDKN_005802	16.6	5.8	PF00710.25|Asparaginase	PFAM:PF00710.25
contig_1	2657303	2657539	-	LLMDKN_005803	8.5	9.3		
contig_1	2657597	2658271	-	LLMDKN_005804	24.1	6.6		
contig_1	2658344	2658613	-	LLMDKN_005805	9.2	9.6		
contig_1	2658938	2659153	+	LLMDKN_005806	8.0	5.0		
contig_1	2659147	2659806	+	LLMDKN_005807	24.3	5.7	PF00206.25|Lyase_1	PFAM:PF00206.25
contig_1	2660605	2661021	+	LLMDKN_005809	15.8	5.7	PF17170.10|DUF5128	PFAM:PF17170.10
contig_1	2661449	2661676	+	LLMDKN_005810	8.9	4.7		
contig_1	2661948	2662136	+	LLMDKN_005812	7.1	4.5		
contig_1	2662263	2662451	+	LLMDKN_005813	6.4	7.9		
contig_1	2662547	2662819	+	LLMDKN_005814	10.0	9.2	PF13505.12|OMP_b-brl	PFAM:PF13505.12
contig_1	2662893	2663213	+	LLMDKN_005815	12.2	9.1	PF17764.6|PriA_3primeBD	PFAM:PF17764.6
contig_1	2663543	2663701	+	LLMDKN_005816	5.7	9.5		
contig_1	2664051	2664515	+	LLMDKN_005817	17.6	9.0		
contig_1	2664685	2665347	+	LLMDKN_005818	25.6	9.3	PF00271.37|Helicase_C, PF18074.6|PriA_C	PFAM:PF00271.37, PFAM:PF18074.6
contig_1	2665387	2665815	+	LLMDKN_005819	15.6	9.2	PF22680.2|Glyco_hydro_123_N_2	PFAM:PF22680.2
contig_1	2665760	2665912	+	LLMDKN_005820	5.6	7.7	PF22680.2|Glyco_hydro_123_N_2	PFAM:PF22680.2
contig_1	2665977	2666630	+	LLMDKN_005821	25.2	8.9	PF13320.12|GH123_cat	PFAM:PF13320.12
contig_1	2666578	2667195	+	LLMDKN_005822	23.8	8.6	PF13320.12|GH123_cat	PFAM:PF13320.12
contig_1	2667766	2667990	-	LLMDKN_005824	8.5	5.8		
contig_1	2668077	2668244	-	LLMDKN_005825	6.3	9.7		
contig_1	2668231	2669397	-	LLMDKN_005826	44.3	9.2	PF07697.16|7TMR-HDED, PF07698.17|7TM-7TMR_HD	PFAM:PF07697.16, PFAM:PF07698.17
contig_1	2669369	2669554	-	LLMDKN_005827	7.1	6.9		
contig_1	2669563	2669820	-	LLMDKN_005828	10.2	9.5		
contig_1	2669918	2670037	+	LLMDKN_005829	4.4	10.9	PF00749.27|tRNA-synt_1c	PFAM:PF00749.27
contig_1	2670210	2670335	+	LLMDKN_005830	4.7	4.5		
contig_1	2670320	2670865	+	LLMDKN_005831	20.6	5.5	PF00749.27|tRNA-synt_1c	PFAM:PF00749.27
contig_1	2671025	2671432	+	LLMDKN_005832	15.5	6.7	PF19269.4|Anticodon_2	PFAM:PF19269.4
contig_1	2671446	2671544	+	LLMDKN_005833	3.7	9.8		
contig_1	2671544	2671777	+	LLMDKN_005834	9.2	10.1	PF04413.22|Glycos_transf_N	PFAM:PF04413.22
contig_1	2671750	2672673	+	LLMDKN_005835	35.5	8.7	PF04413.22|Glycos_transf_N	PFAM:PF04413.22
contig_1	2672747	2673073	-	LLMDKN_005836	11.7	8.0	PF00132.30|Hexapep	PFAM:PF00132.30
contig_1	2673036	2673260	-	LLMDKN_005837	8.1	4.8	PF00132.30|Hexapep	PFAM:PF00132.30
contig_1	2673506	2674213	-	LLMDKN_005838	25.7	6.0	PF00557.29|Peptidase_M24	PFAM:PF00557.29
contig_1	2674306	2674584	-	LLMDKN_005839	10.6	4.5	PF16189.11|Creatinase_N_2	PFAM:PF16189.11
contig_1	2674609	2675028	-	LLMDKN_005840	16.0	5.1		
contig_1	2675172	2675366	-	LLMDKN_005841	7.6	10.3		
contig_1	2675599	2675805	+	LLMDKN_005842	8.0	4.3	PF02899.23|Phage_int_SAM_1	PFAM:PF02899.23
contig_1	2675760	2676146	+	LLMDKN_005843	14.5	9.4	PF02899.23|Phage_int_SAM_1	PFAM:PF02899.23
contig_1	2676264	2676458	+	LLMDKN_005844	7.2	9.8		
contig_1	2677360	2677488	+	LLMDKN_005850	4.6	10.3	PF00009.33|GTP_EFTU	PFAM:PF00009.33
contig_1	2677634	2677951	+	LLMDKN_005851	11.3	4.3	PF00009.33|GTP_EFTU	PFAM:PF00009.33
contig_1	2681233	2681562	+	LLMDKN_005858	11.2	6.6	PF00542.24|Ribosomal_L12, PF16320.10|Ribosomal_L12_N	PFAM:PF00542.24, PFAM:PF16320.10
contig_1	2681711	2681989	+	LLMDKN_005859	10.9	4.7		
contig_1	2681976	2682818	+	LLMDKN_005860	32.0	5.2	PF04561.19|RNA_pol_Rpb2_2	PFAM:PF04561.19
contig_1	2682833	2683066	+	LLMDKN_005861	9.0	6.6	PF04561.19|RNA_pol_Rpb2_2	PFAM:PF04561.19
contig_1	2683063	2683896	+	LLMDKN_005862	30.7	5.0	PF04565.21|RNA_pol_Rpb2_3, PF10385.14|RNA_pol_Rpb2_45	PFAM:PF04565.21, PFAM:PF10385.14
contig_1	2683893	2684345	+	LLMDKN_005863	16.8	4.8	PF00562.33|RNA_pol_Rpb2_6	PFAM:PF00562.33
contig_1	2684436	2685056	+	LLMDKN_005864	22.7	9.2	PF00562.33|RNA_pol_Rpb2_6	PFAM:PF00562.33
contig_1	2685076	2685516	+	LLMDKN_005865	16.0	5.6	PF00562.33|RNA_pol_Rpb2_6, PF04560.25|RNA_pol_Rpb2_7	PFAM:PF00562.33, PFAM:PF04560.25
contig_1	2685664	2686347	+	LLMDKN_005866	26.4	9.3	PF04997.17|RNA_pol_Rpb1_1	PFAM:PF04997.17
contig_1	2687743	2688732	+	LLMDKN_005868	35.4	5.3	PF04998.22|RNA_pol_Rpb1_5, PF05000.22|RNA_pol_Rpb1_4	PFAM:PF04998.22, PFAM:PF05000.22
contig_1	2688909	2689931	+	LLMDKN_005869	37.4	6.4	PF04998.22|RNA_pol_Rpb1_5	PFAM:PF04998.22
contig_1	2690023	2690577	-	LLMDKN_005870	21.7	9.1	PF01757.29|Acyl_transf_3	PFAM:PF01757.29
contig_1	2690591	2691004	-	LLMDKN_005871	16.0	9.6	PF01757.29|Acyl_transf_3	PFAM:PF01757.29
contig_1	2691259	2691561	-	LLMDKN_005872	11.8	5.9		
contig_1	2691581	2691760	-	LLMDKN_005873	7.1	8.8		
contig_1	2692302	2692412	+	LLMDKN_005875	3.7	10.8		
contig_1	2692929	2693270	+	LLMDKN_005876	12.6	6.1		
contig_1	2693459	2693563	+	LLMDKN_005877	3.8	10.0		
contig_1	2694020	2694328	+	LLMDKN_005879	11.6	10.4	PF00177.27|Ribosomal_S7	PFAM:PF00177.27
contig_1	2694325	2694495	+	LLMDKN_005880	6.5	10.3	PF00177.27|Ribosomal_S7	PFAM:PF00177.27
contig_1	2695208	2695804	+	LLMDKN_005882	21.8	5.0	PF03144.31|GTP_EFTU_D2, PF22042.2|EF-G_D2	PFAM:PF03144.31, PFAM:PF22042.2
contig_1	2695758	2696672	+	LLMDKN_005883	33.2	5.7	PF00679.30|EFG_C, PF03764.24|EFG_IV, PF14492.12|EFG_III	PFAM:PF00679.30, PFAM:PF03764.24, PFAM:PF14492.12
contig_1	2697113	2697268	+	LLMDKN_005885	5.6	9.4		
contig_1	2697317	2697700	+	LLMDKN_005886	13.5	9.2		
contig_1	2697700	2697936	+	LLMDKN_005887	8.8	9.6		
contig_1	2697933	2698076	+	LLMDKN_005888	5.5	10.8		
contig_1	2698025	2698144	+	LLMDKN_005889	4.4	9.2		
contig_1	2698200	2698331	+	LLMDKN_005890	4.6	5.9		
contig_1	2698645	2698794	+	LLMDKN_005892	5.5	10.5		
contig_1	2699800	2700024	+	LLMDKN_005895	8.3	10.7	PF00237.24|Ribosomal_L22	PFAM:PF00237.24
contig_1	2700005	2700217	+	LLMDKN_005896	8.0	10.6	PF00237.24|Ribosomal_L22	PFAM:PF00237.24
contig_1	2701886	2702014	+	LLMDKN_005901	4.5	8.9	PF00238.24|Ribosomal_L14	PFAM:PF00238.24
contig_1	2702052	2702249	+	LLMDKN_005902	7.3	10.2	PF00238.24|Ribosomal_L14	PFAM:PF00238.24
contig_1	2702270	2702485	+	LLMDKN_005903	7.7	10.1		
contig_1	2703761	2703907	+	LLMDKN_005906	5.3	8.9	PF00410.24|Ribosomal_S8	PFAM:PF00410.24
contig_1	2704868	2705095	+	LLMDKN_005909	7.9	10.0	PF00333.26|Ribosomal_S5	PFAM:PF00333.26
contig_1	2705395	2705571	+	LLMDKN_005910	6.4	10.4	PF00327.25|Ribosomal_L30	PFAM:PF00327.25
contig_1	2705762	2706046	+	LLMDKN_005911	10.1	9.9	PF00828.25|Ribosomal_L27A	PFAM:PF00828.25
contig_1	2706051	2706944	+	LLMDKN_005912	33.0	10.2		
contig_1	2707134	2707394	+	LLMDKN_005913	9.3	9.2		
contig_1	2707409	2707678	+	LLMDKN_005914	9.9	4.9	PF00557.29|Peptidase_M24	PFAM:PF00557.29
contig_1	2707764	2707904	+	LLMDKN_005915	5.1	4.7		
contig_1	2707904	2707996	+	LLMDKN_005916	3.5	5.0		
contig_1	2707968	2708204	+	LLMDKN_005917	8.8	7.8		
contig_1	2708586	2708696	+	LLMDKN_005920	4.0	10.4		
contig_1	2708722	2708964	+	LLMDKN_005921	9.2	10.4		
contig_1	2709173	2709370	+	LLMDKN_005922	7.1	10.0		
contig_1	2710146	2710406	+	LLMDKN_005924	9.7	5.2	PF01000.31|RNA_pol_A_bac, PF01193.29|RNA_pol_L	PFAM:PF01000.31, PFAM:PF01193.29
contig_1	2711732	2712097	+	LLMDKN_005927	13.3	5.8		
contig_1	2712341	2712769	+	LLMDKN_005928	15.7	5.1		
contig_1	2712819	2713049	-	LLMDKN_005929	8.6	4.8		
contig_1	2713185	2713820	-	LLMDKN_005930	23.9	9.0		
contig_1	2713808	2714104	-	LLMDKN_005931	11.1	10.0		
contig_1	2714149	2714472	-	LLMDKN_005932	12.5	8.0		
contig_1	2714469	2714720	-	LLMDKN_005933	10.0	10.2		
contig_1	2715199	2715549	+	LLMDKN_005934	13.4	9.7		
contig_1	2715666	2715833	+	LLMDKN_005935	6.4	4.9		
contig_1	2715982	2716275	+	LLMDKN_005936	11.2	10.0		
contig_1	2716275	2716499	+	LLMDKN_005937	8.6	5.1	PF17391.7|Urocanase_N	PFAM:PF17391.7
contig_1	2716496	2717119	+	LLMDKN_005938	22.6	5.4	PF01175.24|Urocanase, PF17391.7|Urocanase_N	PFAM:PF01175.24, PFAM:PF17391.7
contig_1	2717175	2717639	+	LLMDKN_005939	17.3	9.3	PF17392.7|Urocanase_C	PFAM:PF17392.7
contig_1	2717659	2717964	+	LLMDKN_005940	11.1	6.4	PF17392.7|Urocanase_C	PFAM:PF17392.7
contig_1	2718214	2718381	+	LLMDKN_005941	6.2	4.4	PF07837.17|FTCD_N	PFAM:PF07837.17
contig_1	2718363	2719010	+	LLMDKN_005942	24.0	7.9	PF02971.19|FTCD, PF07837.17|FTCD_N	PFAM:PF02971.19, PFAM:PF07837.17
contig_1	2719017	2719277	+	LLMDKN_005943	9.2	5.2		
contig_1	2719274	2720029	+	LLMDKN_005944	27.4	5.4		
contig_1	2720096	2720275	+	LLMDKN_005945	6.7	7.8		
contig_1	2720298	2720684	+	LLMDKN_005946	14.0	10.3		
contig_1	2720654	2720929	+	LLMDKN_005947	10.0	5.1		
contig_1	2720926	2721615	+	LLMDKN_005948	25.2	6.8		
contig_1	2721593	2721841	+	LLMDKN_005949	9.4	9.6		
contig_1	2721832	2722224	+	LLMDKN_005950	13.8	4.3		
contig_1	2722217	2722312	+	LLMDKN_005951	3.6	5.5		
contig_1	2722402	2722656	-	LLMDKN_005952	9.6	8.1		
contig_1	2722822	2722974	+	LLMDKN_005953	5.5	5.7	PF00440.29|TetR_N	PFAM:PF00440.29
contig_1	2723183	2723467	+	LLMDKN_005954	11.2	5.6		
contig_1	2723513	2723713	+	LLMDKN_005955	7.4	6.2		
contig_1	2723798	2723914	+	LLMDKN_005956	4.1	5.4		
contig_1	2723971	2724105	+	LLMDKN_005957	5.2	5.0		
contig_1	2724137	2724871	+	LLMDKN_005958	27.6	8.6		
contig_1	2724900	2725547	+	LLMDKN_005959	23.8	8.8	PF13533.12|Biotin_lipoyl_2, PF16576.10|HlyD_D23	PFAM:PF13533.12, PFAM:PF16576.10
contig_1	2725522	2725677	+	LLMDKN_005960	5.8	4.7	PF16576.10|HlyD_D23	PFAM:PF16576.10
contig_1	2725656	2725829	+	LLMDKN_005961	6.3	8.0		
contig_1	2726097	2726792	+	LLMDKN_005962	25.4	4.2		
contig_1	2726837	2728726	+	LLMDKN_005963	69.3	5.3		
contig_1	2728782	2729168	+	LLMDKN_005964	14.0	9.8		
contig_1	2729604	2729921	+	LLMDKN_005966	11.9	5.6		
contig_1	2729882	2730727	+	LLMDKN_005967	31.3	8.9		
contig_1	2730778	2730963	+	LLMDKN_005968	6.9	6.3		
contig_1	2730932	2731384	+	LLMDKN_005969	17.1	10.6		
contig_1	2731341	2731742	+	LLMDKN_005970	15.2	10.3	PF13472.12|Lipase_GDSL_2	PFAM:PF13472.12
contig_1	2731727	2731846	+	LLMDKN_005971	4.5	4.9		
contig_1	2731898	2732026	+	LLMDKN_005972	5.0	9.7		
contig_1	2731992	2732474	+	LLMDKN_005973	18.9	9.7		
contig_1	2732663	2733076	+	LLMDKN_005974	16.0	9.1		
contig_1	2733466	2733708	-	LLMDKN_005975	9.1	7.9		
contig_1	2733827	2734042	-	LLMDKN_005976	7.9	9.1		
contig_1	2734135	2734734	-	LLMDKN_005977	22.0	5.6		
contig_1	2734758	2735015	-	LLMDKN_005978	9.5	6.5		
contig_1	2735120	2735509	-	LLMDKN_005979	14.6	4.7		
contig_1	2735494	2735631	-	LLMDKN_005980	5.4	5.6		
contig_1	2735642	2735860	-	LLMDKN_005981	8.0	4.5		
contig_1	2735836	2736162	-	LLMDKN_005982	11.6	5.3		
contig_1	2736132	2736515	-	LLMDKN_005983	14.5	9.2		
contig_1	2736499	2736702	-	LLMDKN_005984	7.5	4.2		
contig_1	2736732	2737604	-	LLMDKN_005985	32.9	9.0		
contig_1	2738052	2738204	-	LLMDKN_005986	5.8	9.3		
contig_1	2738540	2738866	+	LLMDKN_005988	12.2	11.6		
contig_1	2738815	2739225	+	LLMDKN_005989	15.4	9.7	PF13102.12|Phage_int_SAM_5	PFAM:PF13102.12
contig_1	2739272	2739661	-	LLMDKN_005990	14.2	5.1		
contig_1	2739914	2740228	+	LLMDKN_005991	11.9	9.7		
contig_1	2741227	2741358	-	LLMDKN_005994	4.9	6.1		
contig_1	2741575	2741742	-	LLMDKN_005995	6.4	6.3		
contig_1	2742361	2742678	+	LLMDKN_005996	12.6	9.0	PF23653.1|DUF7149	PFAM:PF23653.1
contig_1	2742626	2743288	+	LLMDKN_005997	26.2	5.0	PF23653.1|DUF7149, PF25120.1|DUF7814	PFAM:PF23653.1, PFAM:PF25120.1
contig_1	2743233	2743595	+	LLMDKN_005998	13.9	9.7	PF25120.1|DUF7814	PFAM:PF25120.1
contig_1	2743729	2744406	+	LLMDKN_005999	25.9	6.8	PF07669.17|Eco57I, PF20473.4|MmeI_Mtase	PFAM:PF07669.17, PFAM:PF20473.4
contig_1	2744423	2745106	+	LLMDKN_006000	26.4	9.4	PF07669.17|Eco57I	PFAM:PF07669.17
contig_1	2745082	2745588	+	LLMDKN_006001	19.4	5.8		
contig_1	2745654	2745770	+	LLMDKN_006002	4.5	5.4		
contig_1	2745803	2746312	-	LLMDKN_006003	19.9	9.5	PF05598.16|DUF772	PFAM:PF05598.16
contig_1	2746362	2746460	-	LLMDKN_006004	3.8	7.9		
contig_1	2746652	2746867	+	LLMDKN_006005	8.1	4.8		
contig_1	2746870	2747616	-	LLMDKN_006006	29.2	6.5	PF13646.12|HEAT_2	PFAM:PF13646.12
contig_1	2747625	2747855	-	LLMDKN_006007	8.6	5.0		
contig_1	2747869	2748117	-	LLMDKN_006008	9.4	4.9		
contig_1	2748065	2748436	-	LLMDKN_006009	14.1	9.1		
contig_1	2748439	2748876	-	LLMDKN_006010	17.3	9.2		
contig_1	2749071	2749349	-	LLMDKN_006011	10.6	6.3		
contig_1	2749349	2750599	-	LLMDKN_006012	48.5	7.2	PF13646.12|HEAT_2	PFAM:PF13646.12
contig_1	2750724	2751203	-	LLMDKN_006013	18.4	6.1		
contig_1	2751272	2751505	-	LLMDKN_006014	9.0	6.8		
contig_1	2751562	2751906	-	LLMDKN_006015	13.3	6.1		
contig_1	2751893	2752339	-	LLMDKN_006016	16.8	5.9		
contig_1	2752430	2752633	-	LLMDKN_006017	8.0	10.4		
contig_1	2752676	2752966	-	LLMDKN_006018	10.8	9.2		
contig_1	2753206	2753472	-	LLMDKN_006019	9.9	9.3		
contig_1	2753558	2754142	-	LLMDKN_006020	22.4	8.6	PF21012.3|DUF6850	PFAM:PF21012.3
contig_1	2754165	2754524	-	LLMDKN_006021	13.3	9.1	PF21012.3|DUF6850	PFAM:PF21012.3
contig_1	2754466	2754762	-	LLMDKN_006022	11.0	6.9	PF21012.3|DUF6850	PFAM:PF21012.3
contig_1	2754747	2754923	-	LLMDKN_006023	6.8	10.0		
contig_1	2754899	2755054	-	LLMDKN_006024	5.8	9.6		
contig_1	2756631	2757407	-	LLMDKN_006026	29.6	6.9		
contig_1	2757439	2758038	-	LLMDKN_006027	22.2	6.4		
contig_1	2758108	2758362	-	LLMDKN_006028	9.3	9.8		
contig_1	2758320	2758610	-	LLMDKN_006029	10.2	9.3		
contig_1	2758607	2758816	-	LLMDKN_006030	7.4	4.7		
contig_1	2758785	2759501	-	LLMDKN_006031	27.5	9.3	PF13620.12|CarboxypepD_reg, PF13715.12|CarbopepD_reg_2	PFAM:PF13620.12, PFAM:PF13715.12
contig_1	2759987	2760184	-	LLMDKN_006032	7.5	9.2		SO:0001217, UniRef:UniRef50_A0A414Q373
contig_1	2760355	2760717	-	LLMDKN_006033	13.5	6.6		
contig_1	2761086	2761433	-	LLMDKN_006034	13.4	6.6		
contig_1	2761414	2761734	-	LLMDKN_006035	11.1	4.2	PF07715.20|Plug	PFAM:PF07715.20
contig_1	2761827	2762033	-	LLMDKN_006036	7.3	5.0	PF13620.12|CarboxypepD_reg, PF13715.12|CarbopepD_reg_2	PFAM:PF13620.12, PFAM:PF13715.12
contig_1	2763568	2764086	-	LLMDKN_006037	19.0	9.0	PF01656.29|CbiA, PF09140.17|MipZ, PF13614.12|AAA_31	PFAM:PF01656.29, PFAM:PF09140.17, PFAM:PF13614.12
contig_1	2764162	2764419	+	LLMDKN_006038	9.5	10.3		
contig_1	2764522	2765031	-	LLMDKN_006039	18.9	10.1		
contig_1	2765108	2765302	+	LLMDKN_006040	6.9	6.7		
contig_1	2765902	2766165	+	LLMDKN_006041	9.9	9.4		
contig_1	2766172	2766528	-	LLMDKN_006042	14.1	6.8		
contig_1	2766592	2766882	-	LLMDKN_006043	11.0	4.7	PF00005.33|ABC_tran	PFAM:PF00005.33
contig_1	2766970	2767416	-	LLMDKN_006044	16.9	10.0	PF00005.33|ABC_tran, PF13304.12|AAA_21	PFAM:PF00005.33, PFAM:PF13304.12
contig_1	2767425	2767871	-	LLMDKN_006045	16.1	9.8		
contig_1	2767844	2768233	-	LLMDKN_006046	13.7	10.1		
contig_1	2768239	2768409	-	LLMDKN_006047	6.3	5.6		
contig_1	2768382	2769077	-	LLMDKN_006048	25.5	4.6	PF01497.23|Peripla_BP_2	PFAM:PF01497.23
contig_1	2769385	2769573	-	LLMDKN_006049	7.1	9.6		
contig_1	2769610	2769828	-	LLMDKN_006050	8.2	6.6		
contig_1	2769828	2770289	-	LLMDKN_006051	17.4	10.2	PF00593.30|TonB_dep_Rec_b-barrel	PFAM:PF00593.30
contig_1	2770307	2770558	-	LLMDKN_006052	9.5	9.6		
contig_1	2770531	2770806	-	LLMDKN_006053	10.3	10.2		
contig_1	2771124	2771522	-	LLMDKN_006054	14.8	9.0		
contig_1	2771476	2771694	-	LLMDKN_006055	8.3	4.8		
contig_1	2771813	2772472	-	LLMDKN_006056	25.5	6.5	PF05096.18|Glu_cyclase_2, PF16819.11|DUF5074	PFAM:PF05096.18, PFAM:PF16819.11
contig_1	2772740	2773102	-	LLMDKN_006057	13.3	8.9		
contig_1	2773129	2773791	-	LLMDKN_006058	24.4	5.5		
contig_1	2773782	2774189	-	LLMDKN_006059	14.1	4.1		
contig_1	2774236	2774478	-	LLMDKN_006060	9.3	4.5		
contig_1	2774701	2774880	-	LLMDKN_006061	6.4	4.7		
contig_1	2775088	2775414	-	LLMDKN_006062	12.4	4.8		
contig_1	2775628	2775972	-	LLMDKN_006063	13.2	7.8		
contig_1	2776096	2776224	-	LLMDKN_006064	4.9	6.7		
contig_1	2776270	2776476	-	LLMDKN_006065	7.7	4.6		
contig_1	2776540	2776791	-	LLMDKN_006066	9.5	4.3		
contig_1	2776754	2777365	-	LLMDKN_006067	22.2	4.2		
contig_1	2778378	2778644	+	LLMDKN_006068	9.9	6.5		
contig_1	2778558	2779088	-	LLMDKN_006069	20.9	9.4	PF13102.12|Phage_int_SAM_5	PFAM:PF13102.12
contig_1	2779042	2779455	-	LLMDKN_006070	16.2	9.3	PF17293.8|Arm-DNA-bind_5	PFAM:PF17293.8
contig_1	2779882	2780229	-	LLMDKN_006071	13.4	5.6		
contig_1	2780318	2780818	-	LLMDKN_006072	19.9	10.1	PF13102.12|Phage_int_SAM_5	PFAM:PF13102.12
contig_1	2787672	2788064	+	LLMDKN_006078	14.8	4.4		
contig_1	2788471	2788737	+	LLMDKN_006079	9.9	9.5		
contig_1	2788816	2789454	+	LLMDKN_006080	23.8	6.6	PF08541.16|ACP_syn_III_C, PF08545.16|ACP_syn_III	PFAM:PF08541.16, PFAM:PF08545.16
contig_1	2789465	2789656	+	LLMDKN_006081	6.9	9.5	PF02421.24|FeoB_N	PFAM:PF02421.24
contig_1	2789650	2790186	+	LLMDKN_006082	20.8	5.1	PF00009.33|GTP_EFTU, PF07650.23|KH_2, PF10662.15|PduV-EutP	PFAM:PF00009.33, PFAM:PF07650.23, PFAM:PF10662.15
contig_1	2790940	2791116	+	LLMDKN_006084	6.5	9.2		
contig_1	2791271	2791717	+	LLMDKN_006085	17.5	9.8	PF14714.11|KH_dom-like	PFAM:PF14714.11
contig_1	2791895	2792002	+	LLMDKN_006086	4.0	5.0		
contig_1	2792058	2792540	+	LLMDKN_006087	18.0	9.1	PF00072.30|Response_reg, PF00196.25|GerE	PFAM:PF00072.30, PFAM:PF00196.25
contig_1	2792773	2793120	-	LLMDKN_006088	13.2	4.7		
contig_1	2793105	2793305	-	LLMDKN_006089	7.5	7.8		
contig_1	2793250	2793546	-	LLMDKN_006090	11.0	10.1	PF00005.33|ABC_tran	PFAM:PF00005.33
contig_1	2793650	2794252	-	LLMDKN_006091	22.2	7.7		
contig_1	2794254	2794877	+	LLMDKN_006092	23.4	9.7	PF00005.33|ABC_tran	PFAM:PF00005.33
contig_1	2794988	2795122	+	LLMDKN_006093	5.2	7.8		
contig_1	2795237	2795338	-	LLMDKN_006094	3.6	4.6		
contig_1	2795425	2795718	+	LLMDKN_006095	11.2	6.8		
contig_1	2795827	2796366	+	LLMDKN_006096	21.4	10.4		
contig_1	2796327	2796644	-	LLMDKN_006097	12.1	10.3		
contig_1	2797983	2798087	+	LLMDKN_006099	3.9	8.1		
contig_1	2798976	2799293	+	LLMDKN_006101	11.6	6.6		
contig_1	2799278	2799601	+	LLMDKN_006102	12.0	5.8	PF00004.35|AAA, PF07724.20|AAA_2	PFAM:PF00004.35, PFAM:PF07724.20
contig_1	2799693	2799929	+	LLMDKN_006103	8.8	9.4		
contig_1	2799911	2800153	+	LLMDKN_006104	9.5	5.8	PF10431.15|ClpB_D2-small	PFAM:PF10431.15
contig_1	2800401	2801516	+	LLMDKN_006105	41.8	9.0	PF00270.35|DEAD, PF00271.37|Helicase_C	PFAM:PF00270.35, PFAM:PF00271.37
contig_1	2801532	2802185	+	LLMDKN_006106	24.5	5.0	PF00570.28|HRDC, PF09382.16|RQC	PFAM:PF00570.28, PFAM:PF09382.16
contig_1	2802188	2802490	+	LLMDKN_006107	11.6	4.1	PF21220.3|RecQ-1-like_HTH	PFAM:PF21220.3
contig_1	2802576	2802794	+	LLMDKN_006108	7.9	4.5	PF00478.31|IMPDH	PFAM:PF00478.31
contig_1	2804236	2804406	+	LLMDKN_006110	6.3	9.9		
contig_1	2804403	2804924	+	LLMDKN_006111	19.8	6.3	PF00639.27|Rotamase, PF13145.12|Rotamase_2, PF13616.12|Rotamase_3	PFAM:PF00639.27, PFAM:PF13145.12, PFAM:PF13616.12
contig_1	2804893	2805183	+	LLMDKN_006112	11.2	10.9		
contig_1	2805147	2805425	+	LLMDKN_006113	11.0	9.1		
contig_1	2805395	2805574	+	LLMDKN_006114	6.6	9.6		
contig_1	2805633	2805824	+	LLMDKN_006115	7.4	8.9		
contig_1	2805885	2806478	+	LLMDKN_006116	22.9	5.2		
contig_1	2806471	2806722	+	LLMDKN_006117	10.1	5.4		
contig_1	2808084	2808305	+	LLMDKN_006119	8.5	10.1		
contig_1	2808265	2808615	+	LLMDKN_006120	13.4	5.2		
contig_1	2808615	2809310	+	LLMDKN_006121	26.2	5.9		
contig_1	2809307	2809720	+	LLMDKN_006122	15.9	7.9		
contig_1	2809790	2809972	+	LLMDKN_006123	7.4	10.3		
contig_1	2810124	2810417	+	LLMDKN_006124	10.6	5.7	PF13589.12|HATPase_c_3	PFAM:PF13589.12
contig_1	2810501	2811490	+	LLMDKN_006125	37.5	5.7		
contig_1	2811502	2812131	+	LLMDKN_006126	23.1	5.8	PF08676.16|MutL_C	PFAM:PF08676.16
contig_1	2812500	2812892	+	LLMDKN_006127	15.2	5.0	PF17170.10|DUF5128	PFAM:PF17170.10
contig_1	2812941	2813183	+	LLMDKN_006128	8.9	7.9		
contig_1	2813374	2813556	+	LLMDKN_006129	6.8	4.1		
contig_1	2814132	2814347	-	LLMDKN_006130	8.4	9.3		
contig_1	2814525	2814623	+	LLMDKN_006131	3.7	5.0		
contig_1	2814620	2814808	+	LLMDKN_006132	7.1	9.4	PF17170.10|DUF5128	PFAM:PF17170.10
contig_1	2814762	2814917	+	LLMDKN_006133	6.0	9.4		
contig_1	2815071	2815283	+	LLMDKN_006134	8.0	4.6		
contig_1	2815332	2815595	+	LLMDKN_006135	10.1	5.7		
contig_1	2815921	2816286	+	LLMDKN_006136	13.7	5.4	PF16288.11|DUF4934, PF17170.10|DUF5128	PFAM:PF16288.11, PFAM:PF17170.10
contig_1	2816283	2816516	+	LLMDKN_006137	8.3	8.8		
contig_1	2817123	2817377	+	LLMDKN_006138	10.0	5.1		
contig_1	2817546	2817770	+	LLMDKN_006139	8.2	4.6		
contig_1	2817721	2817948	+	LLMDKN_006140	8.9	8.4		
contig_1	2818062	2818280	+	LLMDKN_006141	8.3	6.5		
contig_1	2818331	2818810	+	LLMDKN_006142	18.1	5.2	PF16288.11|DUF4934, PF17170.10|DUF5128	PFAM:PF16288.11, PFAM:PF17170.10
contig_1	2818835	2819239	+	LLMDKN_006143	15.2	6.7		
contig_1	2819236	2819544	+	LLMDKN_006144	11.8	4.8		
contig_1	2819658	2819978	+	LLMDKN_006145	12.0	4.7		
contig_1	2820173	2820370	+	LLMDKN_006146	6.9	4.1		
contig_1	2820363	2820713	+	LLMDKN_006147	13.9	9.1	PF17170.10|DUF5128	PFAM:PF17170.10
contig_1	2820865	2820975	+	LLMDKN_006148	4.2	4.7		
contig_1	2821285	2821422	+	LLMDKN_006149	5.4	7.7		
contig_1	2822083	2822313	+	LLMDKN_006150	9.1	7.8		
contig_1	2822322	2822552	+	LLMDKN_006151	8.9	9.6		
contig_1	2822581	2823060	+	LLMDKN_006152	18.5	5.2		
contig_1	2823260	2823544	+	LLMDKN_006153	11.3	7.8		
contig_1	2823991	2824212	+	LLMDKN_006154	8.1	5.1	PF17170.10|DUF5128	PFAM:PF17170.10
contig_1	2824181	2824429	+	LLMDKN_006155	9.8	9.0		
contig_1	2824520	2825026	+	LLMDKN_006156	19.3	5.1		
contig_1	2825066	2825374	+	LLMDKN_006157	11.2	6.5		
contig_1	2825427	2825705	+	LLMDKN_006158	10.8	5.0		
contig_1	2825735	2825884	+	LLMDKN_006159	5.7	8.3		
contig_1	2825893	2826225	+	LLMDKN_006160	12.8	9.3		
contig_1	2826692	2827078	+	LLMDKN_006161	14.3	4.7		
contig_1	2827059	2827286	+	LLMDKN_006162	8.7	5.8		
contig_1	2827303	2827821	+	LLMDKN_006163	19.8	8.8		
contig_1	2827775	2828011	+	LLMDKN_006164	9.5	9.4		
contig_1	2828087	2828296	+	LLMDKN_006165	8.0	4.9		
contig_1	2829034	2829393	+	LLMDKN_006167	13.3	4.8		
contig_1	2829333	2829563	+	LLMDKN_006168	8.8	4.5		
contig_1	2829640	2829795	+	LLMDKN_006169	5.8	9.7		
contig_1	2829810	2830100	+	LLMDKN_006170	10.8	5.5		
contig_1	2830079	2830423	+	LLMDKN_006171	13.5	6.9		
contig_1	2830532	2830753	+	LLMDKN_006172	8.3	4.1		
contig_1	2830756	2830980	+	LLMDKN_006173	8.5	9.0		
contig_1	2831081	2831287	+	LLMDKN_006174	7.8	7.7		
contig_1	2831259	2831753	+	LLMDKN_006175	19.9	8.6	PF13439.12|Glyco_transf_4	PFAM:PF13439.12
contig_1	2831722	2831922	+	LLMDKN_006176	7.6	6.5	PF13692.12|Glyco_trans_1_4	PFAM:PF13692.12
contig_1	2831971	2832201	+	LLMDKN_006177	8.8	5.0		
contig_1	2832514	2832711	+	LLMDKN_006178	6.7	5.5		
contig_1	2832732	2832956	+	LLMDKN_006179	9.1	10.0		
contig_1	2833036	2833482	+	LLMDKN_006180	17.0	9.4	PF16288.11|DUF4934, PF17170.10|DUF5128	PFAM:PF16288.11, PFAM:PF17170.10
contig_1	2833487	2833915	+	LLMDKN_006181	16.2	8.5		
contig_1	2834140	2834418	+	LLMDKN_006182	10.6	7.0		
contig_1	2834415	2834615	+	LLMDKN_006183	7.9	8.5		
contig_1	2834615	2834872	+	LLMDKN_006184	10.0	6.6		
contig_1	2834889	2835347	+	LLMDKN_006185	17.6	5.8		
contig_1	2835385	2835591	+	LLMDKN_006186	8.0	8.7		
contig_1	2836957	2837166	+	LLMDKN_006188	8.2	6.2		
contig_1	2837206	2837463	+	LLMDKN_006189	9.6	4.8		
contig_1	2837475	2838011	+	LLMDKN_006190	21.6	4.7		
contig_1	2838045	2838365	+	LLMDKN_006191	12.7	9.0		
contig_1	2838329	2838742	+	LLMDKN_006192	16.3	6.4		
contig_1	2838681	2838878	+	LLMDKN_006193	7.4	5.1		
contig_1	2838867	2839313	-	LLMDKN_006194	17.1	9.9		
contig_1	2839315	2839959	+	LLMDKN_006195	25.8	9.3		
contig_1	2839998	2840105	+	LLMDKN_006196	3.8	9.3		
contig_1	2840141	2840800	+	LLMDKN_006197	24.7	5.0	PF00535.33|Glycos_transf_2	PFAM:PF00535.33
contig_1	2840778	2841062	+	LLMDKN_006198	11.4	9.2		
contig_1	2841130	2841309	+	LLMDKN_006199	7.1	7.6		
contig_1	2841437	2841793	+	LLMDKN_006200	14.3	5.7		
contig_1	2841827	2842000	+	LLMDKN_006201	6.8	8.8		
contig_1	2841943	2842110	+	LLMDKN_006202	6.3	5.2		
contig_1	2842091	2842276	+	LLMDKN_006203	7.0	5.0		
contig_1	2842673	2842858	+	LLMDKN_006204	7.3	7.7		
contig_1	2842859	2843401	+	LLMDKN_006205	20.8	10.5		
contig_1	2843385	2843684	+	LLMDKN_006206	11.6	9.8		
contig_1	2843743	2844126	+	LLMDKN_006207	14.2	6.1	PF00005.33|ABC_tran	PFAM:PF00005.33
contig_1	2844140	2844382	+	LLMDKN_006208	8.7	4.8		
contig_1	2844468	2844665	+	LLMDKN_006209	7.4	8.1		
contig_1	2844668	2845126	+	LLMDKN_006210	17.4	7.8		
contig_1	2845179	2845706	+	LLMDKN_006211	20.1	5.4		
contig_1	2845681	2846100	+	LLMDKN_006212	15.6	9.4		
contig_1	2846174	2846491	+	LLMDKN_006213	11.4	8.1		
contig_1	2846440	2847345	+	LLMDKN_006214	33.1	8.7		
contig_1	2847407	2847817	-	LLMDKN_006215	16.0	6.0		
contig_1	2847820	2848197	-	LLMDKN_006216	14.1	4.9		
contig_1	2848298	2848552	-	LLMDKN_006217	9.6	10.4		
contig_1	2848854	2849237	+	LLMDKN_006218	13.8	4.5		
contig_1	2849203	2849442	+	LLMDKN_006219	8.8	7.8	PF02786.22|CPSase_L_D2	PFAM:PF02786.22
contig_1	2849427	2850203	+	LLMDKN_006220	29.0	5.3	PF02786.22|CPSase_L_D2, PF02787.25|CPSase_L_D3	PFAM:PF02786.22, PFAM:PF02787.25
contig_1	2850312	2850497	+	LLMDKN_006221	7.1	9.3		
contig_1	2850511	2851488	+	LLMDKN_006222	36.6	5.0	PF02222.28|ATP-grasp, PF02786.22|CPSase_L_D2	PFAM:PF02222.28, PFAM:PF02786.22
contig_1	2851485	2852048	+	LLMDKN_006223	20.8	7.8	PF02142.27|MGS	PFAM:PF02142.27
contig_1	2852204	2852521	+	LLMDKN_006224	11.7	9.3	PF04519.19|Bactofilin	PFAM:PF04519.19
contig_1	2852917	2853021	+	LLMDKN_006225	4.2	9.9		
contig_1	2853008	2853220	+	LLMDKN_006226	8.4	6.5	PF13102.12|Phage_int_SAM_5	PFAM:PF13102.12
contig_1	2853550	2853834	+	LLMDKN_006227	11.0	10.5		
contig_1	2854245	2854643	+	LLMDKN_006228	14.1	4.7		
contig_1	2854779	2855114	+	LLMDKN_006229	11.8	4.7		
contig_1	2855129	2855482	+	LLMDKN_006230	12.5	5.2		
contig_1	2855746	2856120	+	LLMDKN_006231	14.1	9.1		
contig_1	2856193	2856417	+	LLMDKN_006232	8.7	4.8		
contig_1	2856536	2856982	+	LLMDKN_006233	17.2	9.6		
contig_1	2856967	2857095	+	LLMDKN_006234	5.0	5.6		
contig_1	2857214	2857405	+	LLMDKN_006235	7.6	11.4		
contig_1	2857399	2858373	+	LLMDKN_006236	37.3	8.9		
contig_1	2858397	2858999	+	LLMDKN_006237	23.2	4.7		
contig_1	2859024	2859698	+	LLMDKN_006238	24.5	9.2		
contig_1	2859682	2859870	+	LLMDKN_006239	6.7	9.2		
contig_1	2859912	2860337	+	LLMDKN_006240	15.2	8.7		
contig_1	2860384	2860482	+	LLMDKN_006241	3.5	9.5		
contig_1	2860592	2860825	+	LLMDKN_006242	8.9	4.7		
contig_1	2860822	2861343	+	LLMDKN_006243	18.3	5.1		
contig_1	2861340	2861483	+	LLMDKN_006244	5.2	9.4		
contig_1	2861690	2861920	+	LLMDKN_006245	8.2	4.9		
contig_1	2861877	2862194	+	LLMDKN_006246	11.2	6.5		
contig_1	2862191	2862589	+	LLMDKN_006247	14.7	6.2		
contig_1	2862613	2863527	+	LLMDKN_006248	33.8	4.9	PF13004.13|BACON	PFAM:PF13004.13
contig_1	2863609	2864064	+	LLMDKN_006249	16.8	9.0		
contig_1	2864073	2864795	+	LLMDKN_006250	26.5	7.8		
contig_1	2864930	2865343	+	LLMDKN_006251	14.7	6.5		
contig_1	2865444	2865722	+	LLMDKN_006252	9.8	6.8		
contig_1	2865763	2865972	+	LLMDKN_006253	7.9	4.1		
contig_1	2866023	2866133	+	LLMDKN_006254	4.0	9.4		
contig_1	2866342	2866488	-	LLMDKN_006255	5.6	10.1		
contig_1	2866437	2866616	-	LLMDKN_006256	6.5	8.1		
contig_1	2866595	2866810	-	LLMDKN_006257	8.2	8.1	PF18344.7|CBM32	PFAM:PF18344.7
contig_1	2866893	2867075	-	LLMDKN_006258	6.7	4.4	PF21774.3|NagJ_C, PF21809.3|Glyco_hydro_84_hel	PFAM:PF21774.3, PFAM:PF21809.3
contig_1	2867132	2867668	-	LLMDKN_006259	20.3	5.3		
contig_1	2867722	2868222	-	LLMDKN_006260	19.3	6.8	PF02838.20|Glyco_hydro_20b	PFAM:PF02838.20
contig_1	2868246	2868659	-	LLMDKN_006261	15.2	10.1		
contig_1	2868680	2868940	+	LLMDKN_006262	9.8	9.2	PF03883.20|H2O2_YaaD	PFAM:PF03883.20
contig_1	2869195	2869356	+	LLMDKN_006263	6.2	10.1		
contig_1	2869316	2869483	+	LLMDKN_006264	6.6	6.2		
contig_1	2869556	2870017	+	LLMDKN_006265	16.6	4.8	PF00132.30|Hexapep, PF14602.12|Hexapep_2	PFAM:PF00132.30, PFAM:PF14602.12
contig_1	2870061	2870252	-	LLMDKN_006266	7.7	5.8		
contig_1	2871185	2871514	+	LLMDKN_006270	12.8	9.0	PF01301.25|Glyco_hydro_35, PF02449.21|Glyco_hydro_42	PFAM:PF01301.25, PFAM:PF02449.21
contig_1	2871522	2871941	+	LLMDKN_006271	16.2	8.7	PF01301.25|Glyco_hydro_35	PFAM:PF01301.25
contig_1	2871948	2872340	+	LLMDKN_006272	14.7	5.5	PF01301.25|Glyco_hydro_35	PFAM:PF01301.25
contig_1	2872337	2873023	+	LLMDKN_006273	25.4	5.7	PF13364.12|BetaGal_ABD2, PF21317.3|BetaGal_ABD_1, PF21467.3|BetaGal_gal-bd	PFAM:PF13364.12, PFAM:PF21317.3, PFAM:PF21467.3
contig_1	2873254	2873907	+	LLMDKN_006274	25.0	5.0	PF00206.25|Lyase_1	PFAM:PF00206.25
contig_1	2873883	2874422	+	LLMDKN_006275	20.1	6.5	PF00206.25|Lyase_1	PFAM:PF00206.25
contig_1	2874404	2874697	+	LLMDKN_006276	11.1	7.8		
contig_1	2874743	2876143	+	LLMDKN_006277	53.9	9.6	PF01479.30|S4, PF13275.11|S4_2	PFAM:PF01479.30, PFAM:PF13275.11
contig_1	2876188	2876751	+	LLMDKN_006278	21.3	9.4	PF01336.31|tRNA_anti-codon	PFAM:PF01336.31
contig_1	2876868	2877818	+	LLMDKN_006279	36.9	5.2	PF00152.25|tRNA-synt_2	PFAM:PF00152.25
contig_1	2877840	2877971	+	LLMDKN_006280	4.7	9.1		
contig_1	2877955	2878296	+	LLMDKN_006281	13.2	4.9	PF14869.12|DUF4488	PFAM:PF14869.12
contig_1	2878642	2879022	+	LLMDKN_006282	14.1	9.7		
contig_1	2879618	2879926	+	LLMDKN_006284	11.6	9.5		
contig_1	2879883	2880455	+	LLMDKN_006285	20.7	5.5		
contig_1	2880578	2880766	+	LLMDKN_006286	7.1	9.3		
contig_1	2880799	2881569	+	LLMDKN_006287	28.1	4.9		
contig_1	2881438	2882058	-	LLMDKN_006288	23.9	8.8	PF01253.27|SUI1	PFAM:PF01253.27
contig_1	2882240	2882617	+	LLMDKN_006289	14.2	9.5		
contig_1	2882599	2882901	+	LLMDKN_006290	11.2	5.0	PF02629.25|CoA_binding	PFAM:PF02629.25
contig_1	2882905	2883267	+	LLMDKN_006291	13.6	9.0	PF01557.24|FAA_hydrolase	PFAM:PF01557.24
contig_1	2883216	2883518	+	LLMDKN_006292	11.1	4.7	PF01557.24|FAA_hydrolase	PFAM:PF01557.24
contig_1	2883558	2883662	+	LLMDKN_006293	3.9	6.7		
contig_1	2883656	2884039	+	LLMDKN_006294	13.7	5.5		
contig_1	2884094	2884723	+	LLMDKN_006295	23.0	5.1	PF00149.33|Metallophos	PFAM:PF00149.33
contig_1	2884668	2885081	+	LLMDKN_006296	15.5	7.0		
contig_1	2885078	2885290	-	LLMDKN_006297	7.8	9.7		
contig_1	2885405	2885938	-	LLMDKN_006298	20.7	9.5	PF20600.3|ExoX-like_C	PFAM:PF20600.3
contig_1	2887040	2887258	+	LLMDKN_006299	8.3	5.3	PF03054.22|tRNA_Me_trans	PFAM:PF03054.22
contig_1	2887239	2887631	+	LLMDKN_006300	15.2	9.6	PF03054.22|tRNA_Me_trans	PFAM:PF03054.22
contig_1	2887782	2888057	+	LLMDKN_006301	10.3	7.8	PF20258.4|tRNA_Me_trans_C	PFAM:PF20258.4
contig_1	2888121	2888486	+	LLMDKN_006302	13.8	9.9		
contig_1	2888432	2889316	+	LLMDKN_006303	31.5	5.3	PF00082.27|Peptidase_S8	PFAM:PF00082.27
contig_1	2889439	2889852	+	LLMDKN_006304	15.6	6.4	PF13742.12|tRNA_anti_2	PFAM:PF13742.12
contig_1	2889798	2890178	+	LLMDKN_006305	14.2	5.7		
contig_1	2890207	2890647	+	LLMDKN_006306	16.7	10.4		
contig_1	2890728	2890817	+	LLMDKN_006307	3.5	4.9		
contig_1	2890951	2891406	+	LLMDKN_006308	17.3	8.9		
contig_1	2891379	2891969	+	LLMDKN_006309	21.5	5.1	PF01063.24|Aminotran_4	PFAM:PF01063.24
contig_1	2892082	2892618	+	LLMDKN_006310	20.3	6.0	PF00753.33|Lactamase_B, PF12706.13|Lactamase_B_2	PFAM:PF00753.33, PFAM:PF12706.13
contig_1	2892593	2892784	+	LLMDKN_006311	7.3	9.1		
contig_1	2893084	2893266	+	LLMDKN_006312	7.1	9.2		
contig_1	2893242	2893553	+	LLMDKN_006313	12.3	4.8		
contig_1	2893566	2893673	+	LLMDKN_006314	4.3	9.7		
contig_1	2893726	2893932	+	LLMDKN_006315	7.2	10.1		
contig_1	2893896	2894165	+	LLMDKN_006316	9.8	9.0	PF01656.29|CbiA	PFAM:PF01656.29
contig_1	2894107	2894670	+	LLMDKN_006317	20.0	5.2		
contig_1	2894762	2895043	-	LLMDKN_006318	10.8	5.6		
contig_1	2895162	2895965	-	LLMDKN_006319	30.5	6.4		
contig_1	2896040	2896288	-	LLMDKN_006320	9.1	7.9		
contig_1	2896251	2896661	-	LLMDKN_006321	15.5	6.4		
contig_1	2896743	2896916	-	LLMDKN_006322	6.2	10.2	PF03544.19|TonB_C	PFAM:PF03544.19
contig_1	2897006	2897203	-	LLMDKN_006323	7.3	10.0	PF03544.19|TonB_C	PFAM:PF03544.19
contig_1	2897369	2897578	-	LLMDKN_006324	7.6	4.6		
contig_1	2897623	2898000	-	LLMDKN_006325	14.8	9.6	PF05569.17|Peptidase_M56	PFAM:PF05569.17
contig_1	2897939	2898433	-	LLMDKN_006326	18.8	5.5		
contig_1	2898453	2898587	-	LLMDKN_006327	5.2	5.2		
contig_1	2898613	2898804	-	LLMDKN_006328	7.4	8.6		
contig_1	2898888	2899052	-	LLMDKN_006329	6.5	11.9		
contig_1	2899095	2899223	-	LLMDKN_006330	5.1	9.8		
contig_1	2899252	2899911	-	LLMDKN_006331	24.5	8.8	PF01061.29|ABC2_membrane	PFAM:PF01061.29
contig_1	2899898	2900344	-	LLMDKN_006332	17.1	5.5		
contig_1	2900344	2901276	-	LLMDKN_006333	34.9	9.1	PF01061.29|ABC2_membrane	PFAM:PF01061.29
contig_1	2901255	2901545	-	LLMDKN_006334	11.2	9.7		
contig_1	2901563	2902243	-	LLMDKN_006335	25.4	9.5	PF16576.10|HlyD_D23	PFAM:PF16576.10
contig_1	2902709	2903200	-	LLMDKN_006336	18.6	8.6		
contig_1	2903145	2903390	-	LLMDKN_006337	9.2	9.5		
contig_1	2903371	2903688	-	LLMDKN_006338	11.5	9.3		
contig_1	2904513	2904785	-	LLMDKN_006339	10.8	9.6		
contig_1	2905009	2905461	+	LLMDKN_006340	16.8	7.7		
contig_1	2905561	2905776	+	LLMDKN_006341	8.3	4.7		
contig_1	2905716	2906216	+	LLMDKN_006342	18.8	6.3		
contig_1	2906225	2906722	+	LLMDKN_006343	19.2	8.4		
contig_1	2906686	2906889	+	LLMDKN_006344	7.8	4.1		
contig_1	2907016	2907195	+	LLMDKN_006345	7.0	10.1		
contig_1	2907235	2907546	+	LLMDKN_006346	12.5	7.8	PF04542.20|Sigma70_r2	PFAM:PF04542.20
contig_1	2907537	2907809	+	LLMDKN_006347	10.5	9.2	PF04545.22|Sigma70_r4, PF08281.18|Sigma70_r4_2	PFAM:PF04545.22, PFAM:PF08281.18
contig_1	2907884	2908708	+	LLMDKN_006348	30.7	5.3	PF16344.10|FecR_C	PFAM:PF16344.10
contig_1	2909056	2909205	-	LLMDKN_006349	5.2	10.3		
contig_1	2909386	2909688	-	LLMDKN_006350	12.0	7.7		
contig_1	2910031	2910351	+	LLMDKN_006351	11.5	8.5	PF00056.29|Ldh_1_N	PFAM:PF00056.29
contig_1	2910332	2910814	+	LLMDKN_006352	16.9	5.7	PF02866.23|Ldh_1_C	PFAM:PF02866.23
contig_1	2910961	2911284	+	LLMDKN_006353	11.5	7.9	PF00930.27|DPPIV_N, PF07676.18|PD40	PFAM:PF00930.27, PFAM:PF07676.18
contig_1	2911326	2911802	+	LLMDKN_006354	18.3	8.7	PF07676.18|PD40	PFAM:PF07676.18
contig_1	2911799	2912587	+	LLMDKN_006355	29.6	6.8	PF00930.27|DPPIV_N, PF07676.18|PD40	PFAM:PF00930.27, PFAM:PF07676.18
contig_1	2912770	2913150	+	LLMDKN_006356	14.1	7.8		
contig_1	2913165	2913386	+	LLMDKN_006357	8.5	5.8	PF14684.11|Tricorn_C1	PFAM:PF14684.11
contig_1	2913344	2913529	+	LLMDKN_006358	7.2	9.4		
contig_1	2913472	2913717	+	LLMDKN_006359	9.6	10.0		
contig_1	2913686	2914240	+	LLMDKN_006360	20.7	6.4		
contig_1	2914477	2914755	+	LLMDKN_006361	10.9	9.3		
contig_1	2914854	2915102	+	LLMDKN_006362	8.9	7.6		
contig_1	2915062	2915361	+	LLMDKN_006363	10.9	4.3		
contig_1	2915309	2915935	+	LLMDKN_006364	24.6	9.5	PF05569.17|Peptidase_M56	PFAM:PF05569.17
contig_1	2915923	2916261	+	LLMDKN_006365	12.5	6.0		
contig_1	2916289	2916450	+	LLMDKN_006366	6.3	6.2		
contig_1	2916460	2916996	+	LLMDKN_006367	20.0	8.9		
contig_1	2917139	2917978	-	LLMDKN_006368	31.8	6.1	PF03372.29|Exo_endo_phos	PFAM:PF03372.29
contig_1	2917983	2919131	-	LLMDKN_006369	43.0	9.2	PF13385.13|Laminin_G_3, PF14873.11|BNR_assoc_N	PFAM:PF13385.13, PFAM:PF14873.11
contig_1	2919228	2919449	-	LLMDKN_006370	8.4	4.9		
contig_1	2919598	2920380	-	LLMDKN_006371	29.8	5.1	PF07980.17|SusD_RagB	PFAM:PF07980.17
contig_1	2920468	2920581	-	LLMDKN_006372	4.4	4.8		
contig_1	2920590	2921177	-	LLMDKN_006373	22.9	4.7	PF14322.12|SusD-like_3	PFAM:PF14322.12
contig_1	2921240	2921644	-	LLMDKN_006374	15.5	8.8		
contig_1	2921599	2921898	-	LLMDKN_006375	11.4	4.6		
contig_1	2921852	2922112	-	LLMDKN_006376	9.6	9.8		
contig_1	2922070	2922879	-	LLMDKN_006377	30.6	6.8	PF00593.30|TonB_dep_Rec_b-barrel	PFAM:PF00593.30
contig_1	2922954	2923589	-	LLMDKN_006378	23.8	5.4		
contig_1	2923582	2924010	-	LLMDKN_006379	15.2	8.9	PF07715.20|Plug	PFAM:PF07715.20
contig_1	2923982	2924254	-	LLMDKN_006380	9.8	4.7	PF13715.12|CarbopepD_reg_2	PFAM:PF13715.12
contig_1	2924357	2924500	-	LLMDKN_006381	5.6	6.0		
contig_1	2924873	2925307	-	LLMDKN_006382	17.0	9.4	PF16344.10|FecR_C	PFAM:PF16344.10
contig_1	2925261	2925551	-	LLMDKN_006383	11.1	10.1		
contig_1	2925502	2925729	-	LLMDKN_006384	8.8	11.6		
contig_1	2925669	2925821	-	LLMDKN_006385	5.9	11.0		
contig_1	2925849	2926094	-	LLMDKN_006386	9.5	9.0	PF00196.25|GerE, PF04545.22|Sigma70_r4, PF08281.18|Sigma70_r4_2	PFAM:PF00196.25, PFAM:PF04545.22, PFAM:PF08281.18
contig_1	2926233	2926496	-	LLMDKN_006387	10.4	5.0	PF04542.20|Sigma70_r2	PFAM:PF04542.20
contig_1	2926726	2927193	+	LLMDKN_006388	17.9	9.6		
contig_1	2927901	2928446	+	LLMDKN_006389	21.1	9.4	PF13102.12|Phage_int_SAM_5, PF17293.8|Arm-DNA-bind_5	PFAM:PF13102.12, PFAM:PF17293.8
contig_1	2928472	2928648	+	LLMDKN_006390	6.7	5.3		
contig_1	2928650	2928748	+	LLMDKN_006391	3.8	4.6		
contig_1	2928745	2929194	+	LLMDKN_006392	16.6	10.3		
contig_1	2929047	2929601	-	LLMDKN_006393	21.2	9.6	PF12728.13|HTH_17	PFAM:PF12728.13
contig_1	2929603	2929785	-	LLMDKN_006394	7.2	4.9	PF12728.13|HTH_17	PFAM:PF12728.13
contig_1	2929782	2929895	-	LLMDKN_006395	4.3	8.8		
contig_1	2929976	2930215	-	LLMDKN_006396	9.3	11.4		
contig_1	2930396	2931016	-	LLMDKN_006397	23.7	5.5		
contig_1	2931013	2931603	-	LLMDKN_006398	23.0	9.4		
contig_1	2931569	2931766	-	LLMDKN_006399	7.6	5.3	PF07693.20|KAP_NTPase	PFAM:PF07693.20
contig_1	2931775	2932056	-	LLMDKN_006400	10.7	9.6	PF07693.20|KAP_NTPase	PFAM:PF07693.20
contig_1	2932200	2932712	-	LLMDKN_006401	18.1	11.2		
contig_1	2932871	2933350	+	LLMDKN_006402	18.7	9.2	PF08401.16|ArdcN	PFAM:PF08401.16
contig_1	2933316	2933921	+	LLMDKN_006403	23.4	8.2		
contig_1	2934647	2934826	-	LLMDKN_006405	6.8	11.6		
contig_1	2934869	2935018	+	LLMDKN_006406	5.8	9.9		
contig_1	2935042	2935284	+	LLMDKN_006407	9.2	9.6		
contig_1	2935244	2935738	+	LLMDKN_006408	19.0	10.1		
contig_1	2935735	2936043	+	LLMDKN_006409	11.3	10.6		
contig_1	2936006	2936227	+	LLMDKN_006410	8.2	5.3		
contig_1	2936214	2936867	+	LLMDKN_006411	25.0	5.3		
contig_1	2936916	2937440	+	LLMDKN_006412	20.2	5.8		
contig_1	2937587	2937994	-	LLMDKN_006413	14.1	5.4		
contig_1	2938015	2938158	+	LLMDKN_006414	5.8	4.1		
contig_1	2938155	2938502	+	LLMDKN_006415	13.0	8.6	PF24737.1|DUF7688	PFAM:PF24737.1
contig_1	2938758	2939324	+	LLMDKN_006416	20.6	6.1		
contig_1	2939350	2939505	-	LLMDKN_006417	5.9	9.9		
contig_1	2939502	2939966	-	LLMDKN_006418	17.0	5.4		
contig_1	2939935	2940198	-	LLMDKN_006419	9.8	4.7		
contig_1	2940370	2940603	-	LLMDKN_006420	8.5	5.4		
contig_1	2940546	2941055	-	LLMDKN_006421	19.4	4.9		
contig_1	2941030	2941323	-	LLMDKN_006422	11.3	4.2		
contig_1	2941621	2941887	-	LLMDKN_006423	10.0	5.0		
contig_1	2941921	2942091	-	LLMDKN_006424	6.2	11.5		
contig_1	2942095	2942487	-	LLMDKN_006425	15.1	9.7		
contig_1	2942662	2943000	-	LLMDKN_006426	12.5	9.9		
contig_1	2943075	2943347	-	LLMDKN_006427	9.6	9.0	PF12508.14|Transposon_TraM	PFAM:PF12508.14
contig_1	2943328	2943615	-	LLMDKN_006428	10.2	9.8	PF12508.14|Transposon_TraM	PFAM:PF12508.14
contig_1	2943630	2944076	-	LLMDKN_006429	16.6	4.5		
contig_1	2944471	2945142	-	LLMDKN_006430	25.4	10.9		
contig_1	2945139	2945540	-	LLMDKN_006431	15.4	9.7		
contig_1	2945592	2946449	-	LLMDKN_006432	33.2	11.1		
contig_1	2946498	2946590	-	LLMDKN_006433	3.5	4.3		
contig_1	2946581	2946970	-	LLMDKN_006434	14.7	9.5		
contig_1	2947049	2947267	-	LLMDKN_006435	7.8	10.9		
contig_1	2947854	2948201	-	LLMDKN_006437	12.9	5.2		
contig_1	2950681	2950923	-	LLMDKN_006439	8.7	7.9		
contig_1	2950920	2951537	-	LLMDKN_006440	25.0	10.3		
contig_1	2951769	2951957	-	LLMDKN_006441	7.1	5.3		
contig_1	2951972	2952187	-	LLMDKN_006442	8.0	6.2		
contig_1	2952857	2953066	-	LLMDKN_006444	7.5	9.0		
contig_1	2953191	2953409	-	LLMDKN_006445	7.6	9.9		
contig_1	2953428	2953517	-	LLMDKN_006446	3.4	5.0		
contig_1	2953598	2954014	-	LLMDKN_006447	15.2	4.1		
contig_1	2954011	2954325	-	LLMDKN_006448	12.1	9.4		
contig_1	2954415	2954933	-	LLMDKN_006449	19.2	5.4		
contig_1	2954991	2955215	-	LLMDKN_006450	8.4	7.8	PF01656.29|CbiA	PFAM:PF01656.29
contig_1	2956390	2957070	+	LLMDKN_006452	25.2	7.1	PF03432.20|Relaxase	PFAM:PF03432.20
contig_1	2957170	2957778	+	LLMDKN_006453	22.1	9.8		
contig_1	2957718	2958371	+	LLMDKN_006454	24.9	11.1		
contig_1	2958329	2958760	+	LLMDKN_006455	16.6	7.7		
contig_1	2958730	2959212	+	LLMDKN_006456	18.0	6.1		
contig_1	2959209	2959457	+	LLMDKN_006457	9.0	9.7		
contig_1	2959549	2959746	+	LLMDKN_006458	7.7	9.0		
contig_1	2960243	2960422	+	LLMDKN_006459	7.1	9.6		SO:0001217, UniRef:UniRef50_A0AAP3SN40
contig_1	2961148	2961639	+	LLMDKN_006460	17.0	4.6		
contig_1	2961640	2961828	+	LLMDKN_006461	7.0	10.0		
contig_1	2962003	2962371	+	LLMDKN_006462	13.6	5.4		
contig_1	2962395	2962745	+	LLMDKN_006463	13.4	9.3		
contig_1	2962825	2963169	+	LLMDKN_006464	13.3	8.7		
contig_1	2963213	2963557	+	LLMDKN_006465	12.8	9.2		
contig_1	2963557	2964105	+	LLMDKN_006466	20.8	9.6		
contig_1	2964051	2964428	+	LLMDKN_006467	14.1	8.8		
contig_1	2964600	2964785	+	LLMDKN_006468	7.1	8.4		
contig_1	2965157	2965678	+	LLMDKN_006469	19.2	8.7		
contig_1	2965804	2966067	+	LLMDKN_006470	9.8	10.1		
contig_1	2965979	2966509	-	LLMDKN_006471	19.5	9.8		
contig_1	2966586	2966897	-	LLMDKN_006472	11.1	10.5		
contig_1	2967562	2967807	-	LLMDKN_006474	9.1	4.9		
contig_1	2968037	2968663	+	LLMDKN_006475	24.3	8.5		
contig_1	2969077	2969268	+	LLMDKN_006476	7.3	4.1		SO:0001217, UniRef:UniRef50_F7M0L1
contig_1	2969577	2969999	+	LLMDKN_006477	15.3	9.5		
contig_1	2969980	2970189	+	LLMDKN_006478	7.9	4.1		
contig_1	2970186	2970383	+	LLMDKN_006479	7.0	4.1		
contig_1	2970444	2970686	-	LLMDKN_006480	9.0	7.7		
contig_1	2971063	2972265	+	LLMDKN_006481	45.0	8.5		
contig_1	2972217	2972432	+	LLMDKN_006482	8.3	9.9		
contig_1	2972521	2972799	+	LLMDKN_006483	10.2	9.4		
contig_1	2972796	2973191	+	LLMDKN_006484	14.9	8.9		
contig_1	2973239	2974024	+	LLMDKN_006485	28.6	6.8		
contig_1	2973973	2974509	+	LLMDKN_006486	20.0	6.8		
contig_1	2974858	2975049	+	LLMDKN_006487	7.4	9.5		
contig_1	2975060	2975398	+	LLMDKN_006488	12.9	9.8		
contig_1	2975347	2975712	+	LLMDKN_006489	13.8	5.7	PF06250.17|YhcG_C	PFAM:PF06250.17
contig_1	2975688	2975984	+	LLMDKN_006490	11.5	6.4	PF06250.17|YhcG_C	PFAM:PF06250.17
contig_1	2976122	2976370	-	LLMDKN_006492	8.8	4.5		
contig_1	2976364	2976606	-	LLMDKN_006493	9.2	4.3		
contig_1	2976971	2977387	-	LLMDKN_006494	16.4	9.8	PF12728.13|HTH_17	PFAM:PF12728.13
contig_1	2977405	2977584	-	LLMDKN_006495	6.7	9.7		
contig_1	2977547	2978668	-	LLMDKN_006496	40.7	6.6		
contig_1	2979116	2979784	-	LLMDKN_006497	25.6	9.5	PF12728.13|HTH_17	PFAM:PF12728.13
contig_1	2980091	2980354	-	LLMDKN_006498	10.3	6.0		
contig_1	2980300	2980458	-	LLMDKN_006499	5.9	11.3		
contig_1	2980471	2980803	-	LLMDKN_006500	13.0	8.6		
contig_1	2980784	2980921	-	LLMDKN_006501	5.3	4.5		
contig_1	2981130	2982008	-	LLMDKN_006502	33.4	5.1		
contig_1	2982123	2982716	-	LLMDKN_006503	22.5	9.9		
contig_1	2982706	2983125	-	LLMDKN_006504	16.1	5.0		
contig_1	2983184	2983291	-	LLMDKN_006505	4.2	4.8		
contig_1	2983288	2983686	-	LLMDKN_006506	14.8	6.6		
contig_1	2983769	2984332	-	LLMDKN_006507	20.7	8.6	PF06321.17|P_gingi_FimA	PFAM:PF06321.17
contig_1	2984396	2984722	-	LLMDKN_006508	12.9	5.6		
contig_1	2984912	2985082	-	LLMDKN_006509	6.4	9.4		
contig_1	2985246	2985584	+	LLMDKN_006510	12.3	6.7		
contig_1	2985511	2985798	-	LLMDKN_006511	10.8	9.0		
contig_1	2985820	2986038	-	LLMDKN_006512	8.3	9.0		
contig_1	2986031	2986270	-	LLMDKN_006513	9.0	8.1		
contig_1	2986267	2986710	-	LLMDKN_006514	16.1	4.5		
contig_1	2987010	2987267	-	LLMDKN_006515	9.0	8.0		
contig_1	2987264	2987728	-	LLMDKN_006516	17.1	5.2		
contig_1	2987685	2988125	-	LLMDKN_006517	15.7	5.6		
contig_1	2988067	2988333	-	LLMDKN_006518	9.7	9.3		
contig_1	2988388	2988525	-	LLMDKN_006519	5.0	9.6		
contig_1	2988504	2988671	-	LLMDKN_006520	6.2	4.3	PF14559.12|TPR_19	PFAM:PF14559.12
contig_1	2988620	2988973	-	LLMDKN_006521	13.5	5.2		
contig_1	2989035	2989889	-	LLMDKN_006522	31.6	9.0		
contig_1	2990618	2990824	-	LLMDKN_006524	7.8	9.2		
contig_1	2991109	2991606	+	LLMDKN_006525	19.5	5.4		
contig_1	2991572	2991901	+	LLMDKN_006526	12.3	9.2	PF00165.29|HTH_AraC, PF12833.13|HTH_18	PFAM:PF00165.29, PFAM:PF12833.13
contig_1	2991771	2992031	-	LLMDKN_006527	10.3	10.1		
contig_1	2992291	2992485	-	LLMDKN_006528	7.4	10.1		
contig_1	2992482	2993120	-	LLMDKN_006529	24.3	9.3		
contig_1	2993330	2993488	-	LLMDKN_006530	6.3	6.2		
contig_1	2993763	2993975	-	LLMDKN_006531	8.0	9.5		
contig_1	2994063	2994329	-	LLMDKN_006532	10.3	4.2		
contig_1	2994326	2994709	-	LLMDKN_006533	14.8	6.1		
contig_1	2994709	2994951	-	LLMDKN_006534	9.2	9.6		
contig_1	2995130	2995273	-	LLMDKN_006535	5.8	9.7		
contig_1	2995389	2996174	-	LLMDKN_006536	29.5	8.8	PF00593.30|TonB_dep_Rec_b-barrel	PFAM:PF00593.30
contig_1	2996680	2997087	-	LLMDKN_006537	14.2	10.5	PF07715.20|Plug	PFAM:PF07715.20
contig_1	2997084	2997455	-	LLMDKN_006538	14.1	9.5		
contig_1	2997531	2997740	+	LLMDKN_006539	7.7	5.3		
contig_1	2997638	2997883	-	LLMDKN_006540	9.1	6.1		
contig_1	2997990	2998178	-	LLMDKN_006541	7.1	4.8		
contig_1	2998157	2998411	-	LLMDKN_006542	10.2	7.8		
contig_1	2998670	2999323	-	LLMDKN_006543	25.5	9.8		
contig_1	2999406	2999714	-	LLMDKN_006544	12.0	8.7		
contig_1	2999686	2999790	-	LLMDKN_006545	4.4	9.5		
contig_1	2999787	3000128	-	LLMDKN_006546	13.2	6.5		
contig_1	3000364	3000537	+	LLMDKN_006547	6.5	10.7		
contig_1	3000606	3001037	-	LLMDKN_006548	16.6	5.4	PF07980.17|SusD_RagB	PFAM:PF07980.17
contig_1	3001063	3001689	-	LLMDKN_006549	23.7	4.7		
contig_1	3001653	3002003	-	LLMDKN_006550	12.9	8.2	PF14322.12|SusD-like_3	PFAM:PF14322.12
contig_1	3002300	3002815	-	LLMDKN_006551	19.3	6.6		
contig_1	3002779	3003063	-	LLMDKN_006552	10.3	4.9		
contig_1	3003060	3003554	-	LLMDKN_006553	18.2	5.1	PF00593.30|TonB_dep_Rec_b-barrel	PFAM:PF00593.30
contig_1	3003509	3003649	-	LLMDKN_006554	4.9	4.6		
contig_1	3003670	3003798	-	LLMDKN_006555	4.7	8.2		
contig_1	3003753	3004037	-	LLMDKN_006556	10.4	4.7		
contig_1	3004034	3004435	-	LLMDKN_006557	15.3	9.7		
contig_1	3004468	3004689	-	LLMDKN_006558	8.1	10.6		
contig_1	3004763	3004885	-	LLMDKN_006559	4.3	4.7		
contig_1	3004973	3005164	-	LLMDKN_006560	6.5	4.1		
contig_1	3005306	3005476	-	LLMDKN_006561	6.2	5.2	PF14466.11|PLCC	PFAM:PF14466.11
contig_1	3005614	3005772	-	LLMDKN_006562	5.8	8.0	PF14466.11|PLCC	PFAM:PF14466.11
contig_1	3012428	3012646	+	LLMDKN_006568	8.1	10.3		
contig_1	3013176	3013517	+	LLMDKN_006569	12.7	10.0		
contig_1	3013514	3013819	+	LLMDKN_006570	10.6	5.0		
contig_1	3013887	3014195	+	LLMDKN_006571	11.4	6.2		
contig_1	3014192	3014419	+	LLMDKN_006572	8.5	7.9		
contig_1	3014521	3014787	+	LLMDKN_006573	10.1	4.6		
contig_1	3014732	3015115	+	LLMDKN_006574	14.3	5.1		
contig_1	3015231	3015392	+	LLMDKN_006575	5.6	11.1		
contig_1	3015352	3015450	+	LLMDKN_006576	3.7	4.6		
contig_1	3015572	3015670	+	LLMDKN_006577	3.6	5.0		
contig_1	3015708	3015965	+	LLMDKN_006578	9.5	9.7	PF03544.19|TonB_C	PFAM:PF03544.19
contig_1	3016006	3016629	+	LLMDKN_006579	23.4	6.2		
contig_1	3017009	3017557	+	LLMDKN_006580	20.1	8.3	PF07719.23|TPR_2, PF13174.12|TPR_6, PF13428.12|TPR_14, PF13431.12|TPR_17, PF13432.12|TPR_16, PF14559.12|TPR_19	PFAM:PF07719.23, PFAM:PF13174.12, PFAM:PF13428.12, PFAM:PF13431.12, PFAM:PF13432.12, PFAM:PF14559.12
contig_1	3017554	3017772	+	LLMDKN_006581	8.3	5.6		
contig_1	3017792	3018238	+	LLMDKN_006582	16.9	5.3	PF13414.12|TPR_11	PFAM:PF13414.12
contig_1	3018274	3018375	+	LLMDKN_006583	3.7	9.3		
contig_1	3018860	3018985	+	LLMDKN_006584	4.9	8.0		
contig_1	3019039	3019170	+	LLMDKN_006585	5.0	4.3		
contig_1	3019231	3019872	+	LLMDKN_006586	24.8	4.8		
contig_1	3019869	3020177	+	LLMDKN_006587	11.8	8.7		
contig_1	3020194	3020373	+	LLMDKN_006588	6.8	4.7		
contig_1	3020444	3020866	+	LLMDKN_006589	16.7	9.4		
contig_1	3020903	3021172	+	LLMDKN_006590	10.2	6.5		
contig_1	3021142	3021288	+	LLMDKN_006591	5.4	10.5		
contig_1	3021295	3021573	+	LLMDKN_006592	10.5	5.9		
contig_1	3021667	3021858	+	LLMDKN_006593	7.4	4.4		
contig_1	3022004	3022513	+	LLMDKN_006594	19.4	4.8		
contig_1	3022519	3022653	+	LLMDKN_006595	5.2	5.0		
contig_1	3022619	3023104	+	LLMDKN_006596	17.9	9.2		
contig_1	3023071	3023226	+	LLMDKN_006597	5.5	8.3		
contig_1	3023229	3023360	+	LLMDKN_006598	4.7	6.0		
contig_1	3023931	3024335	+	LLMDKN_006600	15.2	9.0		
contig_1	3024456	3024953	+	LLMDKN_006601	19.5	9.6		
contig_1	3025063	3025311	+	LLMDKN_006602	9.3	5.0		
contig_1	3025295	3025750	+	LLMDKN_006603	17.6	9.4	PF05598.16|DUF772	PFAM:PF05598.16
contig_1	3025692	3025856	+	LLMDKN_006604	6.5	9.3		
contig_1	3025869	3026399	+	LLMDKN_006605	20.8	9.0	PF13751.12|DDE_Tnp_1_6	PFAM:PF13751.12
contig_1	3026446	3026745	+	LLMDKN_006606	11.7	9.8	PF13751.12|DDE_Tnp_1_6	PFAM:PF13751.12
contig_1	3027313	3027492	+	LLMDKN_006608	7.1	9.9		
contig_1	3027480	3027638	+	LLMDKN_006609	6.0	6.9		
contig_1	3028426	3028542	+	LLMDKN_006611	4.3	5.5		
contig_1	3028693	3029100	+	LLMDKN_006612	15.5	8.2		
contig_1	3029252	3029458	-	LLMDKN_006613	7.9	10.1		
contig_1	3029670	3029819	-	LLMDKN_006614	5.7	6.5	PF02954.25|HTH_8	PFAM:PF02954.25
contig_1	3029780	3030163	-	LLMDKN_006615	15.0	10.1		
contig_1	3030120	3030416	-	LLMDKN_006616	10.8	6.6	PF00158.32|Sigma54_activat	PFAM:PF00158.32
contig_1	3030636	3030818	-	LLMDKN_006617	6.7	6.0	PF00072.30|Response_reg	PFAM:PF00072.30
contig_1	3031185	3031397	+	LLMDKN_006618	8.1	6.7	PF00160.26|Pro_isomerase	PFAM:PF00160.26
contig_1	3031363	3031581	+	LLMDKN_006619	8.0	10.0		
contig_1	3031557	3031868	+	LLMDKN_006620	11.9	6.3		
contig_1	3031816	3031920	+	LLMDKN_006621	3.9	9.5	PF00160.26|Pro_isomerase	PFAM:PF00160.26
contig_1	3031952	3032110	+	LLMDKN_006622	5.8	6.4		
contig_1	3032124	3032501	+	LLMDKN_006623	14.5	4.8		
contig_1	3032449	3032700	+	LLMDKN_006624	9.7	10.0	PF05193.26|Peptidase_M16_C	PFAM:PF05193.26
contig_1	3032657	3033199	+	LLMDKN_006625	20.6	5.0	PF05193.26|Peptidase_M16_C	PFAM:PF05193.26
contig_1	3033313	3033411	-	LLMDKN_006626	3.4	5.9		
contig_1	3033430	3033837	+	LLMDKN_006627	14.9	9.2		
contig_1	3033851	3034231	+	LLMDKN_006628	14.0	11.3		
contig_1	3034251	3034520	+	LLMDKN_006629	10.1	10.0		
contig_1	3034524	3034637	+	LLMDKN_006630	4.0	7.8		
contig_1	3034621	3034881	+	LLMDKN_006631	10.0	5.3		
contig_1	3034903	3036003	+	LLMDKN_006632	41.3	9.2	PF00512.31|HisKA, PF02518.31|HATPase_c	PFAM:PF00512.31, PFAM:PF02518.31
contig_1	3035985	3036530	+	LLMDKN_006633	20.0	4.6	PF00072.30|Response_reg	PFAM:PF00072.30
contig_1	3036594	3036833	+	LLMDKN_006634	8.8	5.0		
contig_1	3036938	3037234	+	LLMDKN_006635	11.4	10.2		
contig_1	3037237	3037641	+	LLMDKN_006636	15.0	6.1		
contig_1	3037638	3039059	+	LLMDKN_006637	52.7	7.8		
contig_1	3039050	3039496	+	LLMDKN_006638	16.5	9.1		
contig_1	3039462	3039902	+	LLMDKN_006639	16.4	4.6		
contig_1	3039953	3040495	+	LLMDKN_006640	20.1	8.7	PF04357.19|TamB	PFAM:PF04357.19
contig_1	3040652	3041104	+	LLMDKN_006641	15.9	4.8	PF04357.19|TamB	PFAM:PF04357.19
contig_1	3041194	3041487	+	LLMDKN_006642	11.4	10.3		
contig_1	3041511	3042113	+	LLMDKN_006643	22.8	9.6		
contig_1	3042082	3042738	+	LLMDKN_006644	25.4	9.4		
contig_1	3042839	3042967	+	LLMDKN_006645	5.0	7.9		
contig_1	3043013	3043306	+	LLMDKN_006646	11.0	9.2		
contig_1	3043269	3043550	+	LLMDKN_006647	10.5	10.7	PF01103.29|Omp85	PFAM:PF01103.29
contig_1	3043597	3043842	+	LLMDKN_006648	9.2	7.8	PF01103.29|Omp85	PFAM:PF01103.29
contig_1	3045383	3045655	+	LLMDKN_006650	10.2	9.7		
contig_1	3045764	3046741	+	LLMDKN_006651	37.2	9.3		
contig_1	3047081	3047491	+	LLMDKN_006652	16.0	11.8		
contig_1	3047525	3048157	+	LLMDKN_006653	23.1	8.8	PF07715.20|Plug	PFAM:PF07715.20
contig_1	3048324	3048512	+	LLMDKN_006654	6.9	9.0		
contig_1	3048451	3048966	+	LLMDKN_006655	20.0	4.8	PF00005.33|ABC_tran	PFAM:PF00005.33
contig_1	3048924	3049634	+	LLMDKN_006656	27.2	7.0	PF00005.33|ABC_tran, PF12848.13|ABC_tran_Xtn	PFAM:PF00005.33, PFAM:PF12848.13
contig_1	3049621	3050223	+	LLMDKN_006657	22.4	5.3	PF00005.33|ABC_tran	PFAM:PF00005.33
contig_1	3050180	3050302	+	LLMDKN_006658	4.9	4.5		
contig_1	3050299	3050478	+	LLMDKN_006659	6.3	8.4		
contig_1	3050510	3051124	+	LLMDKN_006660	23.1	8.6		
contig_1	3051130	3051546	+	LLMDKN_006661	15.9	4.8		
contig_1	3051651	3052103	+	LLMDKN_006662	17.0	5.3		
contig_1	3052150	3052314	+	LLMDKN_006663	6.1	6.5		
contig_1	3052542	3052949	+	LLMDKN_006664	14.9	4.9	PF02142.27|MGS	PFAM:PF02142.27
contig_1	3053178	3053528	+	LLMDKN_006665	12.8	4.2		
contig_1	3053518	3053835	+	LLMDKN_006666	11.6	9.6		
contig_1	3053835	3054008	+	LLMDKN_006667	6.3	5.0		
contig_1	3054081	3054239	+	LLMDKN_006668	5.6	6.0		
contig_1	3054239	3054397	+	LLMDKN_006669	6.5	10.8		
contig_1	3054391	3054876	+	LLMDKN_006670	17.1	4.6	PF14450.12|FtsA	PFAM:PF14450.12
contig_1	3054887	3055108	+	LLMDKN_006671	7.9	6.8		
contig_1	3055211	3055399	+	LLMDKN_006672	7.3	9.3		
contig_1	3055432	3055584	+	LLMDKN_006673	5.8	5.0		
contig_1	3055709	3056074	+	LLMDKN_006674	13.8	6.7	PF04085.20|MreC	PFAM:PF04085.20
contig_1	3056052	3056186	+	LLMDKN_006675	5.1	9.2		
contig_1	3056273	3056551	+	LLMDKN_006676	10.7	9.7		
contig_1	3056569	3057030	+	LLMDKN_006677	17.7	9.1	PF03717.20|PBP_dimer	PFAM:PF03717.20
contig_1	3057050	3057244	+	LLMDKN_006678	7.6	4.7	PF03717.20|PBP_dimer	PFAM:PF03717.20
contig_1	3057377	3057535	+	LLMDKN_006679	6.3	11.6		
contig_1	3057826	3058224	+	LLMDKN_006680	14.5	8.7	PF00905.27|Transpeptidase	PFAM:PF00905.27
contig_1	3058221	3058379	+	LLMDKN_006681	5.7	9.5		
contig_1	3058409	3058540	+	LLMDKN_006682	5.1	4.2		
contig_1	3058491	3058709	+	LLMDKN_006683	8.3	7.9		
contig_1	3058763	3058975	+	LLMDKN_006684	8.1	9.2		
contig_1	3058984	3059376	+	LLMDKN_006685	14.7	7.8		
contig_1	3059391	3059603	+	LLMDKN_006686	7.7	4.4		
contig_1	3059600	3059926	+	LLMDKN_006687	11.9	8.7		
contig_1	3059954	3060136	-	LLMDKN_006688	7.0	5.0		
contig_1	3060267	3060773	+	LLMDKN_006689	19.6	11.9		
contig_1	3061008	3061727	-	LLMDKN_006690	26.9	9.1		
contig_1	3061890	3062063	-	LLMDKN_006691	7.1	9.0		
contig_1	3062112	3062402	-	LLMDKN_006692	11.0	6.1	PF13177.12|DNA_pol3_delta2	PFAM:PF13177.12
contig_1	3062372	3062869	-	LLMDKN_006693	18.8	8.2	PF13177.12|DNA_pol3_delta2	PFAM:PF13177.12
contig_1	3062873	3063229	-	LLMDKN_006694	13.3	5.9	PF02219.23|MTHFR	PFAM:PF02219.23
contig_1	3063186	3063308	-	LLMDKN_006695	4.7	8.8		
contig_1	3063277	3063564	-	LLMDKN_006696	10.6	4.8	PF02219.23|MTHFR	PFAM:PF02219.23
contig_1	3064547	3064702	+	LLMDKN_006697	5.7	4.4	PF13808.11|DDE_Tnp_1_assoc	PFAM:PF13808.11
contig_1	3064731	3065276	+	LLMDKN_006698	20.7	6.1	PF01609.27|DDE_Tnp_1	PFAM:PF01609.27
contig_1	3065563	3065760	-	LLMDKN_006699	7.7	4.8		
contig_1	3065785	3066216	+	LLMDKN_006700	16.4	9.7		
contig_1	3072525	3072983	-	LLMDKN_006706	16.7	7.0	PF20143.4|NAD_kinase_C	PFAM:PF20143.4
contig_1	3072929	3073369	-	LLMDKN_006707	16.6	6.2	PF01513.26|NAD_kinase	PFAM:PF01513.26
contig_1	3073574	3074161	+	LLMDKN_006708	21.7	5.7	PF03740.19|PdxJ	PFAM:PF03740.19
contig_1	3074161	3074541	+	LLMDKN_006709	14.2	8.5		
contig_1	3074538	3074726	+	LLMDKN_006710	6.6	9.7		
contig_1	3074728	3074940	+	LLMDKN_006711	7.6	4.4		
contig_1	3075009	3075194	-	LLMDKN_006712	6.5	4.5		
contig_1	3075215	3075433	+	LLMDKN_006713	8.4	6.7		
contig_1	3075481	3075810	+	LLMDKN_006714	12.0	4.8		
contig_1	3075905	3076033	+	LLMDKN_006715	4.0	4.6		
contig_1	3076100	3076273	+	LLMDKN_006716	6.2	10.4		
contig_1	3076414	3076608	+	LLMDKN_006717	7.2	4.4		
contig_1	3076618	3076824	+	LLMDKN_006718	7.6	9.6	PF01965.30|DJ-1_PfpI	PFAM:PF01965.30
contig_1	3076809	3076919	+	LLMDKN_006719	4.0	10.0		
contig_1	3076997	3077176	+	LLMDKN_006720	7.2	6.5		
contig_1	3077118	3077282	+	LLMDKN_006721	6.3	10.0		
contig_1	3077249	3077461	+	LLMDKN_006722	8.1	5.7		
contig_1	3077600	3078430	+	LLMDKN_006723	32.3	9.6	PF17191.10|RecG_wedge	PFAM:PF17191.10
contig_1	3078592	3079176	+	LLMDKN_006724	21.9	7.7	PF00270.35|DEAD, PF00271.37|Helicase_C	PFAM:PF00270.35, PFAM:PF00271.37
contig_1	3079145	3079384	+	LLMDKN_006725	8.9	8.8	PF00271.37|Helicase_C	PFAM:PF00271.37
contig_1	3079384	3079656	+	LLMDKN_006726	9.9	4.6	PF19833.4|RecG_dom3_C	PFAM:PF19833.4
contig_1	3079693	3080199	+	LLMDKN_006727	19.7	9.9	PF00334.24|NDK	PFAM:PF00334.24
contig_1	3080496	3080861	+	LLMDKN_006728	14.0	9.6	PF01551.29|Peptidase_M23	PFAM:PF01551.29
contig_1	3080873	3081244	+	LLMDKN_006729	13.6	10.1	PF01476.26|LysM, PF01551.29|Peptidase_M23	PFAM:PF01476.26, PFAM:PF01551.29
contig_1	3081519	3081893	+	LLMDKN_006730	14.1	4.3	PF07659.16|DUF1599	PFAM:PF07659.16
contig_1	3081883	3082743	+	LLMDKN_006731	32.6	6.3	PF07291.16|MauE	PFAM:PF07291.16
contig_1	3082724	3083233	+	LLMDKN_006732	19.7	5.8		
contig_1	3084120	3084707	+	LLMDKN_006734	21.9	9.4	PF05036.18|SPOR	PFAM:PF05036.18
contig_1	3084712	3084912	+	LLMDKN_006735	7.7	6.2	PF01227.27|GTP_cyclohydroI	PFAM:PF01227.27
contig_1	3084918	3085157	+	LLMDKN_006736	9.2	8.0	PF01227.27|GTP_cyclohydroI	PFAM:PF01227.27
contig_1	3085280	3085492	+	LLMDKN_006737	8.5	5.4		
contig_1	3085467	3085712	+	LLMDKN_006738	9.1	6.9		
contig_1	3085738	3085854	+	LLMDKN_006739	4.4	8.1		
contig_1	3086178	3086498	+	LLMDKN_006740	12.2	7.9		
contig_1	3087223	3087468	+	LLMDKN_006741	9.3	5.5		
contig_1	3087495	3087863	+	LLMDKN_006742	13.0	5.0	PF13620.12|CarboxypepD_reg, PF13715.12|CarbopepD_reg_2	PFAM:PF13620.12, PFAM:PF13715.12
contig_1	3087802	3087930	-	LLMDKN_006743	4.8	4.6		
contig_1	3087965	3088132	+	LLMDKN_006744	5.7	5.1	PF07715.20|Plug	PFAM:PF07715.20
contig_1	3088110	3088337	+	LLMDKN_006745	8.3	10.0		
contig_1	3088319	3088870	+	LLMDKN_006746	20.9	9.3		
contig_1	3088858	3089061	+	LLMDKN_006747	7.4	4.8		
contig_1	3089151	3089324	+	LLMDKN_006748	6.7	10.1		
contig_1	3089299	3089493	+	LLMDKN_006749	7.3	10.4		
contig_1	3089496	3089654	+	LLMDKN_006750	6.0	6.1		
contig_1	3089621	3090010	+	LLMDKN_006751	14.4	4.8		
contig_1	3090326	3090466	+	LLMDKN_006752	5.4	4.2		
contig_1	3090477	3090971	+	LLMDKN_006753	18.7	6.3	PF12771.13|SusD-like_2, PF14322.12|SusD-like_3	PFAM:PF12771.13, PFAM:PF14322.12
contig_1	3091075	3091557	+	LLMDKN_006754	18.4	8.7		
contig_1	3091577	3092002	+	LLMDKN_006755	16.2	5.1	PF07980.17|SusD_RagB	PFAM:PF07980.17
contig_1	3092138	3092317	+	LLMDKN_006756	6.5	5.0		
contig_1	3092340	3092783	+	LLMDKN_006757	16.3	9.7		
contig_1	3093153	3093359	+	LLMDKN_006758	7.4	9.7		
contig_1	3093807	3094328	-	LLMDKN_006759	20.2	5.2		
contig_1	3094282	3094962	-	LLMDKN_006760	25.8	9.6	PF10410.14|DnaB_bind	PFAM:PF10410.14
contig_1	3094962	3095201	-	LLMDKN_006761	9.0	9.1	PF08275.17|DNAG_N	PFAM:PF08275.17
contig_1	3095245	3095835	-	LLMDKN_006762	22.5	9.0	PF01807.25|Zn_ribbon_DnaG, PF08275.17|DNAG_N	PFAM:PF01807.25, PFAM:PF08275.17
contig_1	3096215	3096541	-	LLMDKN_006763	12.4	10.0		
contig_1	3096562	3096831	-	LLMDKN_006764	10.0	5.3		
contig_1	3096871	3097332	-	LLMDKN_006765	17.4	6.1	PF02153.23|PDH_N	PFAM:PF02153.23
contig_1	3097348	3097497	-	LLMDKN_006766	5.7	5.2	PF01817.26|CM_2	PFAM:PF01817.26
contig_1	3097475	3098173	-	LLMDKN_006767	26.3	7.0	PF00793.26|DAHP_synth_1, PF01817.26|CM_2	PFAM:PF00793.26, PFAM:PF01817.26
contig_1	3098282	3098410	-	LLMDKN_006768	4.6	4.3		
contig_1	3098356	3099330	-	LLMDKN_006769	36.7	8.5	PF00155.27|Aminotran_1_2	PFAM:PF00155.27
contig_1	3099321	3099614	-	LLMDKN_006770	11.0	9.9		
contig_1	3099621	3100325	-	LLMDKN_006771	26.9	7.7		
contig_1	3100300	3100476	-	LLMDKN_006772	6.6	4.8		
contig_1	3100755	3101495	+	LLMDKN_006773	28.3	6.9	PF00392.27|GntR, PF07729.17|FCD	PFAM:PF00392.27, PFAM:PF07729.17
contig_1	3101485	3101592	+	LLMDKN_006774	4.1	4.6		
contig_1	3101880	3102374	+	LLMDKN_006775	18.1	6.1	PF00701.28|DHDPS	PFAM:PF00701.28
contig_1	3102367	3102624	+	LLMDKN_006776	9.3	6.7	PF00701.28|DHDPS	PFAM:PF00701.28
contig_1	3102676	3102798	+	LLMDKN_006777	4.7	7.8		
contig_1	3102881	3103390	+	LLMDKN_006778	18.4	9.0	PF13620.12|CarboxypepD_reg, PF13715.12|CarbopepD_reg_2	PFAM:PF13620.12, PFAM:PF13715.12
contig_1	3103470	3103994	+	LLMDKN_006779	19.3	6.3		
contig_1	3103976	3104401	+	LLMDKN_006780	15.6	7.9		
contig_1	3104532	3105026	+	LLMDKN_006781	18.7	6.8	PF00593.30|TonB_dep_Rec_b-barrel	PFAM:PF00593.30
contig_1	3104986	3105279	+	LLMDKN_006782	10.6	5.1	PF00593.30|TonB_dep_Rec_b-barrel	PFAM:PF00593.30
contig_1	3105338	3105454	+	LLMDKN_006783	4.1	4.7		
contig_1	3105647	3105985	+	LLMDKN_006784	12.7	9.3		
contig_1	3106341	3106568	+	LLMDKN_006785	8.5	6.8		
contig_1	3106645	3106950	+	LLMDKN_006786	11.0	4.8		
contig_1	3106950	3107267	+	LLMDKN_006787	11.9	9.6		
contig_1	3107264	3107458	+	LLMDKN_006788	7.3	4.7	PF07980.17|SusD_RagB	PFAM:PF07980.17
contig_1	3107483	3107716	+	LLMDKN_006789	9.0	4.6		
contig_1	3107736	3108038	+	LLMDKN_006790	11.1	9.6		
contig_1	3108035	3108412	+	LLMDKN_006791	13.8	7.8	PF02012.26|BNR	PFAM:PF02012.26
contig_1	3108445	3108834	+	LLMDKN_006792	14.5	5.7		
contig_1	3108858	3109166	+	LLMDKN_006793	11.2	9.5		
contig_1	3109187	3109609	+	LLMDKN_006794	15.4	8.5		
contig_1	3109567	3109785	+	LLMDKN_006795	8.1	7.9		
contig_1	3109728	3110009	+	LLMDKN_006796	10.4	9.0	PF13859.12|BNR_3	PFAM:PF13859.12
contig_1	3109981	3110187	+	LLMDKN_006797	7.7	9.4		
contig_1	3110153	3110392	+	LLMDKN_006798	8.9	6.8		
contig_1	3110516	3110845	+	LLMDKN_006799	12.5	9.8		
contig_1	3110898	3111158	+	LLMDKN_006800	9.7	9.2		
contig_1	3111177	3111623	+	LLMDKN_006801	15.9	6.1		
contig_1	3111823	3112665	-	LLMDKN_006802	31.5	4.5	PF00515.34|TPR_1, PF07719.23|TPR_2, PF12895.13|ANAPC3, PF13174.12|TPR_6, PF13181.12|TPR_8, PF13371.12|TPR_9, PF13374.12|TPR_10, PF13414.12|TPR_11, PF13424.12|TPR_12, PF13428.12|TPR_14, PF13431.12|TPR_17, PF13432.12|TPR_16, PF14559.12|TPR_19, PF23914.1|TPR_CcmH_CycH, PF25062.1|ARM_TT21_N, PF25063.1|ARM_TT21_C	PFAM:PF00515.34, PFAM:PF07719.23, PFAM:PF12895.13, PFAM:PF13174.12, PFAM:PF13181.12, PFAM:PF13371.12, PFAM:PF13374.12, PFAM:PF13414.12, PFAM:PF13424.12, PFAM:PF13428.12, PFAM:PF13431.12, PFAM:PF13432.12, PFAM:PF14559.12, PFAM:PF23914.1, PFAM:PF25062.1, PFAM:PF25063.1
contig_1	3112851	3113480	-	LLMDKN_006803	23.5	7.7		
contig_1	3113434	3113691	-	LLMDKN_006804	10.2	5.6		
contig_1	3113697	3114101	-	LLMDKN_006805	15.4	10.8	PF00271.37|Helicase_C	PFAM:PF00271.37
contig_1	3114160	3114438	-	LLMDKN_006806	10.7	6.7	PF00270.35|DEAD	PFAM:PF00270.35
contig_1	3114496	3114744	-	LLMDKN_006807	9.1	6.1	PF00270.35|DEAD	PFAM:PF00270.35
contig_1	3114741	3115754	-	LLMDKN_006808	38.2	5.6	PF02272.25|DHHA1, PF17768.7|RecJ_OB	PFAM:PF02272.25, PFAM:PF17768.7
contig_1	3115801	3116154	+	LLMDKN_006809	13.4	9.0		
contig_1	3116069	3116302	-	LLMDKN_006810	9.1	5.2	PF01368.27|DHH	PFAM:PF01368.27
contig_1	3116275	3116460	-	LLMDKN_006811	7.1	9.5		
contig_1	3116550	3116699	+	LLMDKN_006812	6.1	9.2		
contig_1	3116650	3117048	+	LLMDKN_006813	15.3	5.8		
contig_1	3117248	3117412	+	LLMDKN_006814	6.3	6.5		
contig_1	3117533	3117766	-	LLMDKN_006815	8.6	10.1		
contig_1	3117881	3118027	-	LLMDKN_006816	5.3	5.0		
contig_1	3117984	3118217	-	LLMDKN_006817	8.4	7.9		
contig_1	3118273	3118389	-	LLMDKN_006818	4.3	4.6		
contig_1	3118529	3118774	-	LLMDKN_006819	9.1	5.2		
contig_1	3118743	3118880	-	LLMDKN_006820	5.7	10.3		
contig_1	3120085	3120561	+	LLMDKN_006822	18.1	9.3		
contig_1	3121151	3121369	+	LLMDKN_006824	8.2	5.0		
contig_1	3121558	3121773	+	LLMDKN_006825	8.3	9.5		
contig_1	3121783	3122007	+	LLMDKN_006826	8.5	5.0		
contig_1	3122108	3122290	+	LLMDKN_006827	6.9	7.9		
contig_1	3122306	3122422	+	LLMDKN_006828	4.1	4.9		
contig_1	3122611	3122886	+	LLMDKN_006829	10.0	4.9		
contig_1	3123270	3123692	+	LLMDKN_006830	16.3	5.4		
contig_1	3123921	3124133	+	LLMDKN_006831	8.1	8.0		
contig_1	3124219	3124404	+	LLMDKN_006832	7.1	9.2		
contig_1	3124537	3124902	+	LLMDKN_006833	14.4	9.4		
contig_1	3124893	3125096	+	LLMDKN_006834	7.3	9.8		
contig_1	3125273	3125608	+	LLMDKN_006835	13.1	7.6		
contig_1	3126746	3126991	+	LLMDKN_006836	9.6	4.9		
contig_1	3127287	3127430	+	LLMDKN_006837	5.7	9.8		
contig_1	3127507	3127722	+	LLMDKN_006838	8.5	6.1		
contig_1	3127682	3127945	+	LLMDKN_006839	10.8	10.1		
contig_1	3127955	3128254	+	LLMDKN_006840	10.8	6.5	PF00132.30|Hexapep, PF14602.12|Hexapep_2	PFAM:PF00132.30, PFAM:PF14602.12
contig_1	3128326	3128616	+	LLMDKN_006841	11.4	10.1		
contig_1	3129298	3129777	+	LLMDKN_006842	18.9	7.6		
contig_1	3130164	3130487	+	LLMDKN_006843	12.6	4.7		
contig_1	3130699	3130992	-	LLMDKN_006844	11.2	10.3		
contig_1	3131840	3131986	+	LLMDKN_006845	5.8	4.3		
contig_1	3132158	3132424	+	LLMDKN_006846	10.1	4.6	PF00535.33|Glycos_transf_2	PFAM:PF00535.33
contig_1	3132441	3132611	+	LLMDKN_006847	6.8	7.8		
contig_1	3132635	3132889	+	LLMDKN_006848	10.2	10.2		
contig_1	3132910	3133140	+	LLMDKN_006849	8.8	8.0		
contig_1	3133166	3133648	+	LLMDKN_006850	17.6	8.1	PF16363.11|GDP_Man_Dehyd	PFAM:PF16363.11
contig_1	3133642	3133806	+	LLMDKN_006851	6.4	10.0		
contig_1	3134881	3135045	+	LLMDKN_006853	5.8	4.7		
contig_1	3135058	3135309	+	LLMDKN_006854	9.8	9.1		
contig_1	3135632	3135823	+	LLMDKN_006855	7.1	8.9		
contig_1	3135807	3136019	+	LLMDKN_006856	7.5	9.1		
contig_1	3136402	3136602	+	LLMDKN_006857	7.9	10.2		
contig_1	3136595	3137161	+	LLMDKN_006858	20.4	4.2		
contig_1	3137100	3137285	+	LLMDKN_006859	7.1	5.1		
contig_1	3137309	3137461	+	LLMDKN_006860	5.8	8.1		
contig_1	3137427	3137909	+	LLMDKN_006861	18.1	8.5		
contig_1	3137916	3138026	+	LLMDKN_006862	3.8	6.1		
contig_1	3138001	3138207	+	LLMDKN_006863	7.4	4.1		
contig_1	3138271	3138711	+	LLMDKN_006864	17.5	9.7	PF16130.10|DUF4842	PFAM:PF16130.10
contig_1	3138794	3139066	-	LLMDKN_006865	10.3	6.2	PF13279.12|4HBT_2, PF20791.3|Acyl-ACP_TE_C	PFAM:PF13279.12, PFAM:PF20791.3
contig_1	3139301	3139708	+	LLMDKN_006866	14.9	5.5		
contig_1	3139831	3140274	+	LLMDKN_006867	16.2	9.7		
contig_1	3140250	3140474	+	LLMDKN_006868	8.4	6.0		
contig_1	3140546	3140869	+	LLMDKN_006869	11.8	4.9		
contig_1	3140869	3141162	+	LLMDKN_006870	10.6	6.9		
contig_1	3141149	3141310	+	LLMDKN_006871	5.8	5.5		
contig_1	3141265	3141495	+	LLMDKN_006872	9.0	6.1	PF00571.33|CBS	PFAM:PF00571.33
contig_1	3141539	3142114	+	LLMDKN_006873	21.8	6.5	PF00551.24|Formyl_trans_N	PFAM:PF00551.24
contig_1	3142135	3142449	+	LLMDKN_006874	11.6	8.8	PF02911.23|Formyl_trans_C	PFAM:PF02911.23
contig_1	3142765	3142959	+	LLMDKN_006875	7.3	6.7	PF00834.25|Ribul_P_3_epim	PFAM:PF00834.25
contig_1	3142954	3143385	-	LLMDKN_006876	15.9	8.3		
contig_1	3143453	3143671	+	LLMDKN_006877	8.5	8.6		
contig_1	3143827	3144012	+	LLMDKN_006878	6.8	4.8		
contig_1	3143957	3144226	+	LLMDKN_006879	9.8	4.7		
contig_1	3144364	3144609	-	LLMDKN_006880	9.3	10.1		
contig_1	3144799	3145083	+	LLMDKN_006881	10.6	9.9		
contig_1	3145158	3145502	+	LLMDKN_006882	13.3	8.5		
contig_1	3145496	3145648	+	LLMDKN_006883	5.5	6.8		
contig_1	3145620	3145997	+	LLMDKN_006884	14.5	5.2	PF01368.27|DHH	PFAM:PF01368.27
contig_1	3146014	3146352	+	LLMDKN_006885	13.1	7.7		
contig_1	3146349	3146561	+	LLMDKN_006886	7.7	7.8	PF02272.25|DHHA1	PFAM:PF02272.25
contig_1	3146733	3146951	+	LLMDKN_006887	8.5	9.9		
contig_1	3146979	3147380	+	LLMDKN_006888	15.2	9.4		
contig_1	3147422	3147943	+	LLMDKN_006889	18.8	6.3	PF02878.22|PGM_PMM_I	PFAM:PF02878.22
contig_1	3148040	3148171	+	LLMDKN_006890	4.9	8.4		
contig_1	3148194	3148808	+	LLMDKN_006891	22.5	5.4	PF00408.26|PGM_PMM_IV, PF02880.22|PGM_PMM_III	PFAM:PF00408.26, PFAM:PF02880.22
contig_1	3149056	3149325	+	LLMDKN_006892	10.2	8.6		
contig_1	3149454	3150368	+	LLMDKN_006893	34.7	6.2	PF00703.27|Glyco_hydro_2, PF02836.23|Glyco_hydro_2_C	PFAM:PF00703.27, PFAM:PF02836.23
contig_1	3150296	3150469	-	LLMDKN_006894	6.4	10.0		
contig_1	3150658	3151008	+	LLMDKN_006895	13.4	6.9		
contig_1	3150995	3151273	+	LLMDKN_006896	10.3	4.5		
contig_1	3151276	3151524	+	LLMDKN_006897	9.3	4.6		
contig_1	3151521	3151961	+	LLMDKN_006898	16.5	8.3		
contig_1	3152171	3152572	+	LLMDKN_006899	15.8	8.7	PF01301.25|Glyco_hydro_35, PF02449.21|Glyco_hydro_42	PFAM:PF01301.25, PFAM:PF02449.21
contig_1	3152523	3152672	+	LLMDKN_006900	5.4	4.7	PF01301.25|Glyco_hydro_35	PFAM:PF01301.25
contig_1	3152669	3153586	+	LLMDKN_006901	34.9	5.5	PF01301.25|Glyco_hydro_35, PF21317.3|BetaGal_ABD_1	PFAM:PF01301.25, PFAM:PF21317.3
contig_1	3153606	3153785	+	LLMDKN_006902	6.8	10.4	PF21467.3|BetaGal_gal-bd	PFAM:PF21467.3
contig_1	3153961	3154359	+	LLMDKN_006903	15.1	7.7	PF00754.31|F5_F8_type_C	PFAM:PF00754.31
contig_1	3154593	3155348	+	LLMDKN_006904	27.4	5.2	PF16288.11|DUF4934, PF17170.10|DUF5128	PFAM:PF16288.11, PFAM:PF17170.10
contig_1	3155293	3155760	+	LLMDKN_006905	17.8	5.6		
contig_1	3155903	3156556	-	LLMDKN_006906	24.2	7.6	PF18128.7|HydF_dimer, PF18133.7|HydF_tetramer	PFAM:PF18128.7, PFAM:PF18133.7
contig_1	3156540	3157088	-	LLMDKN_006907	19.8	5.5	PF00071.28|Ras, PF00350.29|Dynamin_N, PF02421.24|FeoB_N, PF03193.22|RsgA_GTPase	PFAM:PF00071.28, PFAM:PF00350.29, PFAM:PF02421.24, PFAM:PF03193.22
contig_1	3157123	3157527	-	LLMDKN_006908	14.6	7.6	PF06968.18|BATS	PFAM:PF06968.18
contig_1	3157524	3157787	-	LLMDKN_006909	9.6	5.1	PF06968.18|BATS	PFAM:PF06968.18
contig_1	3157766	3157987	-	LLMDKN_006910	8.5	5.0		
contig_1	3157984	3158295	-	LLMDKN_006911	11.9	9.8		
contig_1	3158252	3158506	-	LLMDKN_006912	9.7	5.2		
contig_1	3158519	3158731	-	LLMDKN_006913	7.6	4.9		
contig_1	3158758	3159204	-	LLMDKN_006914	17.4	7.0		
contig_1	3159273	3159488	+	LLMDKN_006915	7.9	4.8		
contig_1	3159534	3159908	-	LLMDKN_006916	13.5	6.8	PF02906.19|Fe_hyd_lg_C	PFAM:PF02906.19
contig_1	3159968	3160834	-	LLMDKN_006917	31.9	6.2	PF00037.32|Fer4, PF02906.19|Fe_hyd_lg_C, PF12797.12|Fer4_2, PF12837.12|Fer4_6, PF12838.12|Fer4_7, PF13237.11|Fer4_10, PF13247.11|Fer4_11, PF13484.11|Fer4_16, PF14697.11|Fer4_21	PFAM:PF00037.32, PFAM:PF02906.19, PFAM:PF12797.12, PFAM:PF12837.12, PFAM:PF12838.12, PFAM:PF13237.11, PFAM:PF13247.11, PFAM:PF13484.11, PFAM:PF14697.11
contig_1	3161089	3161412	-	LLMDKN_006918	12.3	8.4	PF04397.21|LytTR	PFAM:PF04397.21
contig_1	3161470	3161853	-	LLMDKN_006919	14.4	5.3	PF00072.30|Response_reg	PFAM:PF00072.30
contig_1	3161850	3162383	-	LLMDKN_006920	20.5	5.0	PF06580.19|His_kinase	PFAM:PF06580.19
contig_1	3162392	3162658	-	LLMDKN_006921	10.5	6.4		
contig_1	3162624	3162923	-	LLMDKN_006922	11.4	6.3		
contig_1	3162952	3163101	-	LLMDKN_006923	5.5	10.0		
contig_1	3163136	3163381	-	LLMDKN_006924	8.9	6.2		
contig_1	3163323	3163841	-	LLMDKN_006925	18.9	9.2	PF16576.10|HlyD_D23	PFAM:PF16576.10
contig_1	3163896	3164225	-	LLMDKN_006926	12.2	9.5		
contig_1	3164262	3164804	-	LLMDKN_006927	20.9	7.8		
contig_1	3164888	3165115	+	LLMDKN_006928	8.6	8.5		
contig_1	3165181	3166650	-	LLMDKN_006929	54.4	8.2		
contig_1	3166622	3166762	-	LLMDKN_006930	5.2	10.0		
contig_1	3166854	3167060	-	LLMDKN_006931	7.3	5.1		
contig_1	3167104	3167472	-	LLMDKN_006932	13.7	10.0		
contig_1	3168388	3168981	+	LLMDKN_006934	21.5	5.9	PF17678.7|Glyco_hydro_92N	PFAM:PF17678.7
contig_1	3168960	3169283	+	LLMDKN_006935	12.5	9.8	PF17678.7|Glyco_hydro_92N	PFAM:PF17678.7
contig_1	3169350	3169562	+	LLMDKN_006936	8.2	4.7	PF07971.18|Glyco_hydro_92	PFAM:PF07971.18
contig_1	3169531	3170220	+	LLMDKN_006937	25.6	9.5	PF07971.18|Glyco_hydro_92	PFAM:PF07971.18
contig_1	3170217	3170351	+	LLMDKN_006938	5.4	9.5	PF07971.18|Glyco_hydro_92	PFAM:PF07971.18
contig_1	3170382	3170804	+	LLMDKN_006939	16.2	9.5	PF07971.18|Glyco_hydro_92	PFAM:PF07971.18
contig_1	3171972	3172286	-	LLMDKN_006942	12.0	7.9		
contig_1	3172786	3173193	-	LLMDKN_006943	15.7	8.6		
contig_1	3173356	3174204	+	LLMDKN_006944	32.6	5.3	PF09640.15|DUF2027	PFAM:PF09640.15
contig_1	3174167	3174322	+	LLMDKN_006945	5.9	9.7	PF01713.27|Smr	PFAM:PF01713.27
contig_1	3174433	3174687	+	LLMDKN_006946	9.8	8.9		
contig_1	3175001	3175147	+	LLMDKN_006947	5.6	6.7		
contig_1	3175894	3176013	+	LLMDKN_006948	4.6	5.2		
contig_1	3176208	3176327	+	LLMDKN_006949	4.4	7.8		
contig_1	3176314	3176526	+	LLMDKN_006950	8.0	9.8		
contig_1	3176762	3177328	+	LLMDKN_006951	22.1	7.1		
contig_1	3177673	3178035	-	LLMDKN_006952	13.4	8.4		
contig_1	3178372	3178782	-	LLMDKN_006953	14.7	8.8		
contig_1	3178907	3179077	-	LLMDKN_006954	6.1	9.4		
contig_1	3179225	3179461	-	LLMDKN_006955	8.8	4.9		
contig_1	3179454	3179735	-	LLMDKN_006956	11.0	4.4		
contig_1	3179908	3180117	+	LLMDKN_006957	7.7	9.4		
contig_1	3180037	3180258	-	LLMDKN_006958	8.3	9.2		
contig_1	3180255	3181400	-	LLMDKN_006959	43.7	9.8	PF00593.30|TonB_dep_Rec_b-barrel	PFAM:PF00593.30
contig_1	3181445	3181651	-	LLMDKN_006960	8.0	9.9		
contig_1	3181602	3182435	-	LLMDKN_006961	31.1	6.5	PF07715.20|Plug	PFAM:PF07715.20
contig_1	3182603	3182893	-	LLMDKN_006962	11.1	9.3		
contig_1	3182945	3183184	-	LLMDKN_006963	9.0	5.5	PF16344.10|FecR_C	PFAM:PF16344.10
contig_1	3183223	3183819	-	LLMDKN_006964	23.0	9.5		
contig_1	3183842	3184270	-	LLMDKN_006965	16.5	10.1		
contig_1	3184396	3184956	-	LLMDKN_006966	22.1	10.1		
contig_1	3184969	3185478	-	LLMDKN_006967	19.6	5.1	PF06969.22|HemN_C	PFAM:PF06969.22
contig_1	3185483	3186055	-	LLMDKN_006968	22.2	5.6	PF04055.27|Radical_SAM	PFAM:PF04055.27
contig_1	3186305	3186724	+	LLMDKN_006969	16.2	9.1		
contig_1	3186739	3186912	-	LLMDKN_006970	7.0	9.6		
contig_1	3187050	3187253	+	LLMDKN_006971	6.9	4.3		
contig_1	3187260	3187556	+	LLMDKN_006972	11.6	9.3		
contig_1	3187557	3187886	+	LLMDKN_006973	12.6	9.6		
contig_1	3187825	3188232	+	LLMDKN_006974	15.6	8.4		
contig_1	3188236	3188427	+	LLMDKN_006975	7.3	9.8		
contig_1	3188378	3188731	+	LLMDKN_006976	13.7	6.2		
contig_1	3189007	3189726	+	LLMDKN_006977	26.7	5.0	PF00009.33|GTP_EFTU	PFAM:PF00009.33
contig_1	3189719	3190507	+	LLMDKN_006978	29.8	9.2	PF03144.31|GTP_EFTU_D2, PF14492.12|EFG_III, PF22042.2|EF-G_D2	PFAM:PF03144.31, PFAM:PF14492.12, PFAM:PF22042.2
contig_1	3190455	3191114	+	LLMDKN_006979	24.3	6.3	PF00679.30|EFG_C, PF03764.24|EFG_IV	PFAM:PF00679.30, PFAM:PF03764.24
contig_1	3191526	3192002	+	LLMDKN_006980	18.3	9.5		
contig_1	3192047	3192175	+	LLMDKN_006981	5.0	9.5		
contig_1	3192273	3192884	+	LLMDKN_006982	23.6	9.8	PF00512.31|HisKA	PFAM:PF00512.31
contig_1	3192914	3193045	+	LLMDKN_006983	4.9	9.8		
contig_1	3193127	3194023	+	LLMDKN_006984	34.7	8.9	PF00072.30|Response_reg, PF00486.34|Trans_reg_C	PFAM:PF00072.30, PFAM:PF00486.34
contig_1	3194465	3194665	-	LLMDKN_006985	7.8	10.4		
contig_1	3194827	3195018	+	LLMDKN_006986	7.3	5.3	PF01250.22|Ribosomal_S6	PFAM:PF01250.22
contig_1	3195050	3195451	+	LLMDKN_006987	15.8	10.7		
contig_1	3195549	3195821	+	LLMDKN_006988	9.6	9.6	PF03948.19|Ribosomal_L9_C	PFAM:PF03948.19
contig_1	3196144	3196341	-	LLMDKN_006989	6.3	4.1		
contig_1	3196525	3196899	-	LLMDKN_006990	14.3	5.0	PF23562.2|AMP-binding_C_3	PFAM:PF23562.2
contig_1	3196934	3197311	-	LLMDKN_006991	14.0	6.9		
contig_1	3197350	3197535	-	LLMDKN_006992	6.8	6.5		
contig_1	3197481	3198140	-	LLMDKN_006993	24.8	6.7		
contig_1	3198301	3198939	+	LLMDKN_006994	23.6	9.2		
contig_1	3199221	3199658	+	LLMDKN_006995	16.1	5.1		
contig_1	3199702	3200361	+	LLMDKN_006996	25.6	8.7		
contig_1	3200306	3200557	+	LLMDKN_006997	10.3	9.0		
contig_1	3200550	3201215	+	LLMDKN_006998	25.1	5.1	PF00535.33|Glycos_transf_2, PF13641.12|Glyco_tranf_2_3	PFAM:PF00535.33, PFAM:PF13641.12
contig_1	3201203	3201520	+	LLMDKN_006999	12.3	10.1		
contig_1	3201679	3201801	+	LLMDKN_007000	4.4	6.0		
contig_1	3201809	3202105	+	LLMDKN_007001	11.3	6.8		
contig_1	3202203	3202439	+	LLMDKN_007002	8.8	9.8		
contig_1	3202679	3202957	-	LLMDKN_007003	10.7	5.9		
contig_1	3202961	3203242	+	LLMDKN_007004	10.6	4.9		
contig_1	3203177	3203752	-	LLMDKN_007005	22.5	5.1		
contig_1	3203730	3203960	-	LLMDKN_007006	8.3	9.3		
contig_1	3204128	3204925	-	LLMDKN_007007	30.1	6.4	PF02152.23|FolB	PFAM:PF02152.23
contig_1	3204958	3205545	-	LLMDKN_007008	22.7	9.6	PF01757.29|Acyl_transf_3	PFAM:PF01757.29
contig_1	3205548	3205760	-	LLMDKN_007009	8.4	9.6		
contig_1	3205708	3206859	-	LLMDKN_007010	45.7	5.5	PF02446.23|Glyco_hydro_77	PFAM:PF02446.23
contig_1	3206860	3207303	-	LLMDKN_007011	16.9	7.8	PF02446.23|Glyco_hydro_77	PFAM:PF02446.23
contig_1	3207392	3208183	-	LLMDKN_007012	30.3	8.7	PF02446.23|Glyco_hydro_77	PFAM:PF02446.23
contig_1	3208504	3208656	+	LLMDKN_007013	6.0	6.5		
contig_1	3208586	3210541	-	LLMDKN_007014	74.3	6.3		
contig_1	3210538	3210879	-	LLMDKN_007015	12.2	6.3		
contig_1	3210876	3211226	-	LLMDKN_007016	13.7	8.5	PF00317.26|Ribonuc_red_lgN	PFAM:PF00317.26
contig_1	3211499	3211744	+	LLMDKN_007017	9.3	6.5		
contig_1	3211753	3212121	+	LLMDKN_007018	13.8	4.6	PF00881.29|Nitroreductase	PFAM:PF00881.29
contig_1	3212391	3213146	-	LLMDKN_007019	29.1	9.0	PF00308.24|Bac_DnaA	PFAM:PF00308.24
contig_1	3213355	3213702	-	LLMDKN_007020	13.3	5.4	PF11638.13|DnaA_N	PFAM:PF11638.13
contig_1	3214037	3214219	-	LLMDKN_007021	7.0	9.2		
contig_1	3214243	3214536	-	LLMDKN_007022	10.7	8.0		
contig_1	3214484	3214936	-	LLMDKN_007023	16.6	8.7	PF02470.25|MlaD	PFAM:PF02470.25
contig_1	3214957	3215160	-	LLMDKN_007024	8.0	9.8		
contig_1	3215291	3215569	-	LLMDKN_007025	10.4	5.1	PF01520.23|Amidase_3	PFAM:PF01520.23
contig_1	3215874	3216260	-	LLMDKN_007026	14.6	9.6	PF01520.23|Amidase_3	PFAM:PF01520.23
contig_1	3216367	3216576	+	LLMDKN_007027	8.3	8.7		
contig_1	3216587	3216865	+	LLMDKN_007028	9.9	8.5		
contig_1	3216999	3217214	+	LLMDKN_007029	8.0	9.5		
contig_1	3217320	3217709	+	LLMDKN_007030	15.4	5.4	PF13508.13|Acetyltransf_7	PFAM:PF13508.13
contig_1	3218078	3218299	+	LLMDKN_007031	9.0	9.7		
contig_1	3218302	3218571	+	LLMDKN_007032	10.3	7.6		
contig_1	3218561	3218884	+	LLMDKN_007033	12.3	7.8		
contig_1	3218911	3219321	-	LLMDKN_007034	15.7	8.6		
contig_1	3219386	3219589	-	LLMDKN_007035	7.5	9.0		
contig_1	3219601	3219798	-	LLMDKN_007036	7.6	4.9		
contig_1	3219865	3220467	-	LLMDKN_007037	22.3	5.8	PF13650.11|Asp_protease_2, PF13975.11|gag-asp_proteas	PFAM:PF13650.11, PFAM:PF13975.11
contig_1	3220635	3220967	-	LLMDKN_007038	12.8	4.9		
contig_1	3221213	3221353	-	LLMDKN_007039	5.1	8.1		
contig_1	3221480	3221647	-	LLMDKN_007040	6.4	6.0		
contig_1	3221631	3222032	-	LLMDKN_007041	15.0	7.9	PF13287.12|Fn3_assoc, PF13290.12|CHB_HEX_C_1	PFAM:PF13287.12, PFAM:PF13290.12
contig_1	3222121	3222408	-	LLMDKN_007042	11.0	6.6	PF00728.28|Glyco_hydro_20	PFAM:PF00728.28
contig_1	3222529	3222693	-	LLMDKN_007043	5.9	7.8	PF00728.28|Glyco_hydro_20	PFAM:PF00728.28
contig_1	3222690	3222809	-	LLMDKN_007044	4.5	4.5		
contig_1	3222796	3223263	-	LLMDKN_007045	17.7	6.4	PF00728.28|Glyco_hydro_20, PF02838.20|Glyco_hydro_20b	PFAM:PF00728.28, PFAM:PF02838.20
contig_1	3223302	3223514	-	LLMDKN_007046	7.6	9.1		
contig_1	3223978	3224103	+	LLMDKN_007047	4.8	6.7		
contig_1	3224100	3224519	+	LLMDKN_007048	15.9	6.6		
contig_1	3224563	3224679	+	LLMDKN_007049	4.4	7.9		
contig_1	3225004	3226248	+	LLMDKN_007050	47.4	9.6	PF19838.5|LptD_2	PFAM:PF19838.5
contig_1	3226257	3226637	+	LLMDKN_007051	14.9	9.7	PF19838.5|LptD_2	PFAM:PF19838.5
contig_1	3226728	3227321	+	LLMDKN_007052	23.1	9.3		
contig_1	3227444	3227845	-	LLMDKN_007053	14.6	8.2		
contig_1	3227833	3228072	-	LLMDKN_007054	9.3	6.3		
contig_1	3228095	3228328	-	LLMDKN_007055	9.1	9.2		
contig_1	3228465	3228959	-	LLMDKN_007056	19.2	5.1	PF03590.20|AsnA	PFAM:PF03590.20
contig_1	3230290	3230454	+	LLMDKN_007059	6.1	5.1		
contig_1	3230393	3230797	+	LLMDKN_007060	15.2	4.7		
contig_1	3230980	3231576	-	LLMDKN_007061	22.0	4.9		
contig_1	3231647	3232069	-	LLMDKN_007062	15.8	9.5		
contig_1	3232030	3232209	-	LLMDKN_007063	6.9	10.8		
contig_1	3232235	3232558	-	LLMDKN_007064	12.4	7.9	PF07479.19|NAD_Gly3P_dh_C, PF20618.3|GPD_NAD_C_bact	PFAM:PF07479.19, PFAM:PF20618.3
contig_1	3232943	3233227	-	LLMDKN_007065	10.6	9.6		
contig_1	3233327	3233449	-	LLMDKN_007066	4.7	8.9		
contig_1	3233834	3234760	-	LLMDKN_007068	35.5	5.4	PF00152.25|tRNA-synt_2, PF01409.25|tRNA-synt_2d	PFAM:PF00152.25, PFAM:PF01409.25
contig_1	3234724	3235056	-	LLMDKN_007069	12.4	8.4		
contig_1	3235195	3235371	+	LLMDKN_007070	6.4	9.6		
contig_1	3235383	3235556	+	LLMDKN_007071	5.9	8.3		
contig_1	3235594	3235818	+	LLMDKN_007072	8.4	10.0		
contig_1	3236002	3236418	+	LLMDKN_007073	15.2	9.6		
contig_1	3236654	3236914	+	LLMDKN_007074	9.0	7.8	PF01734.28|Patatin	PFAM:PF01734.28
contig_1	3236881	3237051	+	LLMDKN_007075	6.5	6.5		
contig_1	3237002	3237289	+	LLMDKN_007076	10.2	6.0	PF01734.28|Patatin	PFAM:PF01734.28
contig_1	3237298	3237810	+	LLMDKN_007077	19.4	5.6		
contig_1	3237846	3238685	+	LLMDKN_007078	32.3	9.1	PF19143.6|Omp85_2	PFAM:PF19143.6
contig_1	3238666	3238836	+	LLMDKN_007079	6.2	4.5	PF19143.6|Omp85_2	PFAM:PF19143.6
contig_1	3238826	3239176	+	LLMDKN_007080	13.7	10.2		
contig_1	3240450	3240686	+	LLMDKN_007081	9.6	9.6		
contig_1	3240736	3241293	-	LLMDKN_007082	21.0	9.6	PF00027.35|cNMP_binding	PFAM:PF00027.35
contig_1	3241326	3241655	+	LLMDKN_007083	12.7	7.6		
contig_1	3241624	3242685	-	LLMDKN_007084	39.3	9.8		
contig_1	3242737	3242952	-	LLMDKN_007085	8.0	6.4		
contig_1	3243076	3243342	+	LLMDKN_007086	9.9	6.1	PF13189.12|Cytidylate_kin2	PFAM:PF13189.12
contig_1	3243766	3244056	-	LLMDKN_007087	10.5	6.2		
contig_1	3244041	3244205	-	LLMDKN_007088	5.8	7.8		
contig_1	3244217	3244459	-	LLMDKN_007089	9.4	9.0		
contig_1	3244521	3245465	-	LLMDKN_007090	34.7	9.2		
contig_1	3246239	3246394	+	LLMDKN_007091	5.9	5.3		
contig_1	3246424	3247029	+	LLMDKN_007092	22.2	5.5		
contig_1	3247011	3247586	+	LLMDKN_007093	21.4	6.1		
contig_1	3247602	3247937	+	LLMDKN_007094	12.4	8.5		
contig_1	3247877	3248077	+	LLMDKN_007095	7.3	4.9		
contig_1	3248233	3248664	+	LLMDKN_007096	16.1	7.9		
contig_1	3248753	3249067	+	LLMDKN_007097	11.7	9.8		
contig_1	3249031	3249459	+	LLMDKN_007098	15.7	5.6		
contig_1	3250241	3250336	+	LLMDKN_007100	3.7	4.1		
contig_1	3250670	3250918	-	LLMDKN_007101	9.0	9.7	PF01120.23|Alpha_L_fucos	PFAM:PF01120.23
contig_1	3251065	3251532	-	LLMDKN_007102	18.0	9.6	PF01120.23|Alpha_L_fucos	PFAM:PF01120.23
contig_1	3251784	3252014	+	LLMDKN_007103	8.8	7.7		
contig_1	3252201	3252671	+	LLMDKN_007104	18.2	9.9		
contig_1	3252694	3252882	+	LLMDKN_007105	7.3	9.2		
contig_1	3252950	3253144	+	LLMDKN_007106	7.2	10.3		
contig_1	3253239	3253487	+	LLMDKN_007107	9.2	5.2		
contig_1	3253539	3253826	+	LLMDKN_007108	11.4	9.8		
contig_1	3253823	3254017	+	LLMDKN_007109	6.7	8.4		
contig_1	3254107	3254313	+	LLMDKN_007110	7.8	9.2		
contig_1	3254333	3254746	+	LLMDKN_007111	15.6	8.7		
contig_1	3255083	3255232	+	LLMDKN_007112	5.9	6.5		
contig_1	3255235	3255441	+	LLMDKN_007113	8.0	9.6		
contig_1	3255517	3255966	+	LLMDKN_007114	17.3	5.5		
contig_1	3255954	3256145	+	LLMDKN_007115	7.3	9.0		
contig_1	3256103	3256654	+	LLMDKN_007116	21.4	6.0		
contig_1	3256819	3256986	+	LLMDKN_007117	6.0	4.1		
contig_1	3256937	3257101	+	LLMDKN_007118	5.8	5.4		
contig_1	3257183	3257635	+	LLMDKN_007119	15.7	8.6		
contig_1	3257851	3258447	+	LLMDKN_007120	22.1	7.5		
contig_1	3258459	3258803	+	LLMDKN_007121	13.0	9.8		
contig_1	3258880	3259140	+	LLMDKN_007122	10.0	6.0		
contig_1	3259080	3259634	+	LLMDKN_007123	20.9	5.6	PF02275.23|CBAH	PFAM:PF02275.23
contig_1	3259711	3260022	-	LLMDKN_007124	12.1	9.8		
contig_1	3260236	3261102	-	LLMDKN_007125	32.6	5.5	PF07687.19|M20_dimer	PFAM:PF07687.19
contig_1	3261115	3261276	-	LLMDKN_007126	6.0	4.7		
contig_1	3261372	3261617	-	LLMDKN_007127	8.4	9.1		
contig_1	3261605	3261787	-	LLMDKN_007128	6.7	8.7		
contig_1	3261853	3262233	-	LLMDKN_007129	14.3	7.0		
contig_1	3262452	3262652	+	LLMDKN_007130	7.9	4.1		
contig_1	3263130	3263303	+	LLMDKN_007131	6.6	5.1		
contig_1	3263334	3263579	+	LLMDKN_007132	9.6	8.3		
contig_1	3263534	3263713	+	LLMDKN_007133	6.3	6.0		
contig_1	3263770	3264363	+	LLMDKN_007134	22.6	5.2	PF16344.10|FecR_C	PFAM:PF16344.10
contig_1	3264927	3265367	+	LLMDKN_007135	16.1	5.2	PF13715.12|CarbopepD_reg_2	PFAM:PF13715.12
contig_1	3265364	3265909	+	LLMDKN_007136	20.3	5.1		
contig_1	3266138	3266512	+	LLMDKN_007137	14.4	9.4		
contig_1	3266487	3266651	+	LLMDKN_007138	6.2	9.8		
contig_1	3266733	3266948	+	LLMDKN_007139	7.5	9.8		
contig_1	3266956	3267240	+	LLMDKN_007140	10.7	10.3		
contig_1	3267522	3267905	+	LLMDKN_007141	14.7	9.5		
contig_1	3267995	3268342	+	LLMDKN_007142	12.9	5.7		
contig_1	3268320	3268535	+	LLMDKN_007143	8.3	4.3	PF14322.12|SusD-like_3	PFAM:PF14322.12
contig_1	3268635	3269234	+	LLMDKN_007144	22.9	5.7		
contig_1	3269231	3269359	+	LLMDKN_007145	4.6	9.2		
contig_1	3269412	3269678	+	LLMDKN_007146	10.3	8.1	PF07980.17|SusD_RagB	PFAM:PF07980.17
contig_1	3269675	3269827	+	LLMDKN_007147	5.9	6.1	PF07980.17|SusD_RagB	PFAM:PF07980.17
contig_1	3269853	3270044	+	LLMDKN_007148	6.9	4.1		
contig_1	3270023	3270196	+	LLMDKN_007149	6.1	4.5	PF08522.16|BT_3987-like_N	PFAM:PF08522.16
contig_1	3270142	3270354	+	LLMDKN_007150	7.9	6.5		
contig_1	3270318	3270815	+	LLMDKN_007151	18.4	6.3	PF08522.16|BT_3987-like_N	PFAM:PF08522.16
contig_1	3270967	3271170	+	LLMDKN_007152	7.4	5.1		
contig_1	3271774	3271962	-	LLMDKN_007153	7.2	6.6		
contig_1	3272048	3272335	+	LLMDKN_007154	10.7	6.7		
contig_1	3272389	3273060	+	LLMDKN_007155	24.1	5.4	PF07715.20|Plug	PFAM:PF07715.20
contig_1	3273066	3273179	+	LLMDKN_007156	4.4	9.5		
contig_1	3273127	3273372	+	LLMDKN_007157	9.5	9.5		
contig_1	3273348	3274112	+	LLMDKN_007158	29.1	9.5		
contig_1	3274109	3274639	+	LLMDKN_007159	19.9	5.0	PF00593.30|TonB_dep_Rec_b-barrel	PFAM:PF00593.30
contig_1	3274736	3274969	+	LLMDKN_007160	8.5	4.3		
contig_1	3274969	3275220	+	LLMDKN_007161	10.0	9.9		
contig_1	3275327	3275737	+	LLMDKN_007162	15.3	4.7		
contig_1	3275715	3276074	+	LLMDKN_007163	13.8	5.0	PF14322.12|SusD-like_3	PFAM:PF14322.12
contig_1	3276020	3276196	+	LLMDKN_007164	6.6	9.0		
contig_1	3276190	3276603	+	LLMDKN_007165	15.8	5.3	PF07980.17|SusD_RagB	PFAM:PF07980.17
contig_1	3276680	3277126	+	LLMDKN_007166	17.5	8.2	PF07980.17|SusD_RagB	PFAM:PF07980.17
contig_1	3277159	3277254	+	LLMDKN_007167	3.7	7.9		
contig_1	3277481	3277633	-	LLMDKN_007168	5.9	4.5		
contig_1	3277760	3277918	-	LLMDKN_007169	5.8	10.0		
contig_1	3277873	3278106	-	LLMDKN_007170	8.9	5.0	PF17170.10|DUF5128	PFAM:PF17170.10
contig_1	3278562	3278675	+	LLMDKN_007171	4.2	4.8		
contig_1	3278999	3279259	+	LLMDKN_007172	10.0	5.8		
contig_1	3279404	3279541	+	LLMDKN_007173	5.2	7.8		
contig_1	3279774	3279995	-	LLMDKN_007174	8.7	9.8		
contig_1	3280482	3280688	-	LLMDKN_007175	7.9	9.8		
contig_1	3281049	3281219	-	LLMDKN_007176	6.4	4.1		
contig_1	3281167	3281394	-	LLMDKN_007177	8.8	9.1		
contig_1	3281448	3281786	-	LLMDKN_007178	12.6	9.0		
contig_1	3282217	3282351	-	LLMDKN_007179	5.3	8.1		
contig_1	3282995	3283150	-	LLMDKN_007180	6.1	8.8		
contig_1	3283152	3283592	-	LLMDKN_007181	17.4	5.1		
contig_1	3283549	3283701	-	LLMDKN_007182	5.9	6.1		
contig_1	3283649	3283843	-	LLMDKN_007183	7.1	5.2		
contig_1	3284113	3284349	-	LLMDKN_007184	9.2	4.8		
contig_1	3285741	3285935	-	LLMDKN_007185	7.2	9.0	PF01609.27|DDE_Tnp_1	PFAM:PF01609.27
contig_1	3285936	3286193	+	LLMDKN_007186	9.9	9.5		
contig_1	3286359	3286895	+	LLMDKN_007187	20.8	11.0		
contig_1	3286911	3287345	+	LLMDKN_007188	16.8	10.2		
contig_1	3287719	3288093	+	LLMDKN_007189	14.1	4.7		
contig_1	3288246	3288461	+	LLMDKN_007190	8.4	9.7		
contig_1	3288547	3288723	+	LLMDKN_007191	7.0	9.0		
contig_1	3288665	3288847	+	LLMDKN_007192	7.4	9.7		
contig_1	3289006	3289293	+	LLMDKN_007193	10.7	5.2	PF13692.12|Glyco_trans_1_4	PFAM:PF13692.12
contig_1	3289828	3290025	-	LLMDKN_007194	7.5	9.6		
contig_1	3290617	3290880	+	LLMDKN_007195	10.5	9.5		
contig_1	3291017	3291313	+	LLMDKN_007196	11.8	8.6	PF04542.20|Sigma70_r2	PFAM:PF04542.20
contig_1	3291427	3291684	+	LLMDKN_007197	9.9	6.6	PF00196.25|GerE, PF08281.18|Sigma70_r4_2	PFAM:PF00196.25, PFAM:PF08281.18
contig_1	3291754	3292461	+	LLMDKN_007198	27.3	5.3		
contig_1	3292504	3292782	+	LLMDKN_007199	10.6	4.4	PF16344.10|FecR_C	PFAM:PF16344.10
contig_1	3293069	3293362	+	LLMDKN_007200	11.2	6.6		
contig_1	3293359	3293493	+	LLMDKN_007201	5.0	9.8		
contig_1	3293490	3294068	+	LLMDKN_007202	20.2	8.5	PF07715.20|Plug	PFAM:PF07715.20
contig_1	3294287	3294538	+	LLMDKN_007203	10.0	9.7		
contig_1	3294531	3295487	+	LLMDKN_007204	35.5	8.4		
contig_1	3295481	3295843	+	LLMDKN_007205	13.7	9.0		
contig_1	3295885	3296154	+	LLMDKN_007206	10.3	8.8		
contig_1	3296528	3297121	+	LLMDKN_007207	23.1	7.8	PF14322.12|SusD-like_3	PFAM:PF14322.12
contig_1	3297082	3297279	+	LLMDKN_007208	7.5	8.6		
contig_1	3297276	3297902	+	LLMDKN_007209	23.8	5.0	PF07980.17|SusD_RagB	PFAM:PF07980.17
contig_1	3297845	3297973	+	LLMDKN_007210	4.9	7.8	PF07980.17|SusD_RagB	PFAM:PF07980.17
contig_1	3297960	3298247	+	LLMDKN_007211	10.8	4.9		
contig_1	3298348	3298479	+	LLMDKN_007212	4.4	6.0		
contig_1	3298587	3299051	+	LLMDKN_007213	17.6	7.7		
contig_1	3299370	3299648	+	LLMDKN_007214	10.2	9.0		
contig_1	3299633	3299806	+	LLMDKN_007215	6.1	4.7		
contig_1	3299791	3300063	+	LLMDKN_007216	9.6	4.8	PF01011.27|PQQ, PF13360.12|PQQ_2, PF13570.12|PQQ_3	PFAM:PF01011.27, PFAM:PF13360.12, PFAM:PF13570.12
contig_1	3300050	3300505	+	LLMDKN_007217	16.3	6.4	PF13360.12|PQQ_2	PFAM:PF13360.12
contig_1	3300492	3300800	+	LLMDKN_007218	11.2	6.2	PF01011.27|PQQ, PF13570.12|PQQ_3	PFAM:PF01011.27, PFAM:PF13570.12
contig_1	3300848	3301180	+	LLMDKN_007219	12.2	9.2		
contig_1	3301177	3301374	+	LLMDKN_007220	7.7	7.8		
contig_1	3301405	3301605	+	LLMDKN_007221	7.4	4.3		
contig_1	3302001	3302162	+	LLMDKN_007222	6.1	5.0		
contig_1	3302165	3302326	+	LLMDKN_007223	6.3	4.5		
contig_1	3302411	3302704	+	LLMDKN_007224	11.4	5.3		
contig_1	3302781	3303128	+	LLMDKN_007225	12.4	8.7		
contig_1	3303437	3303856	+	LLMDKN_007226	16.2	7.9		
contig_1	3304023	3304244	+	LLMDKN_007227	8.7	7.9		
contig_1	3304721	3304921	+	LLMDKN_007228	7.2	4.1		
contig_1	3304949	3305206	+	LLMDKN_007229	9.1	9.7		
contig_1	3305206	3305487	+	LLMDKN_007230	10.5	8.7		
contig_1	3305435	3305692	+	LLMDKN_007231	9.2	4.1		
contig_1	3305749	3305880	+	LLMDKN_007232	4.8	8.1		
contig_1	3305934	3306059	+	LLMDKN_007233	4.7	4.8		
contig_1	3306082	3306252	+	LLMDKN_007234	6.4	5.0		
contig_1	3306867	3307004	+	LLMDKN_007236	5.3	4.2		
contig_1	3306988	3307092	+	LLMDKN_007237	3.9	4.6		
contig_1	3307299	3307466	+	LLMDKN_007238	6.3	8.1		
contig_1	3307486	3307689	+	LLMDKN_007239	7.7	10.9		
contig_1	3308312	3308473	-	LLMDKN_007240	6.2	8.0		
contig_1	3308704	3308835	-	LLMDKN_007241	4.7	9.2		
contig_1	3308887	3309102	-	LLMDKN_007242	7.9	9.3		
contig_1	3309598	3309852	-	LLMDKN_007243	9.5	7.8	PF13201.12|PCMD	PFAM:PF13201.12
contig_1	3310007	3310204	-	LLMDKN_007244	7.3	8.6		
contig_1	3310353	3310580	-	LLMDKN_007245	9.0	6.5		
contig_1	3310599	3311036	-	LLMDKN_007246	16.2	6.5		
contig_1	3311033	3311341	-	LLMDKN_007247	11.7	9.0		
contig_1	3311661	3311801	+	LLMDKN_007248	4.9	6.1		
contig_1	3311869	3312429	+	LLMDKN_007249	21.5	5.1		
contig_1	3312414	3312698	+	LLMDKN_007250	9.8	5.7	PF03313.21|SDH_alpha	PFAM:PF03313.21
contig_1	3312695	3312946	+	LLMDKN_007251	8.8	4.8	PF03313.21|SDH_alpha	PFAM:PF03313.21
contig_1	3313670	3313942	-	LLMDKN_007253	9.3	4.1		
contig_1	3314022	3314258	-	LLMDKN_007254	8.9	4.8	PF00254.34|FKBP_C	PFAM:PF00254.34
contig_1	3314271	3314483	+	LLMDKN_007255	8.4	9.6		
contig_1	3314716	3315003	+	LLMDKN_007256	10.6	4.8		
contig_1	3314951	3315433	+	LLMDKN_007257	18.8	9.1	PF00165.29|HTH_AraC, PF12833.13|HTH_18	PFAM:PF00165.29, PFAM:PF12833.13
contig_1	3315464	3315712	+	LLMDKN_007258	9.2	5.6		
contig_1	3315748	3316185	+	LLMDKN_007259	16.6	9.6		
contig_1	3316140	3316511	+	LLMDKN_007260	13.9	8.9		
contig_1	3316566	3317393	+	LLMDKN_007261	29.3	4.6	PF01391.23|Collagen	PFAM:PF01391.23
contig_1	3317492	3317791	+	LLMDKN_007262	11.5	4.9		
contig_1	3318022	3318330	+	LLMDKN_007263	11.0	4.9		
contig_1	3318302	3318922	+	LLMDKN_007264	22.2	7.7	PF09603.15|Fib_succ_major	PFAM:PF09603.15
contig_1	3318952	3319101	+	LLMDKN_007265	5.7	9.4		
contig_1	3319058	3319210	+	LLMDKN_007266	5.5	4.1		
contig_1	3319220	3319819	+	LLMDKN_007267	20.0	4.1	PF01391.23|Collagen	PFAM:PF01391.23
contig_1	3319816	3320016	+	LLMDKN_007268	7.3	8.7		
contig_1	3320010	3320198	+	LLMDKN_007269	6.7	5.1		
contig_1	3320407	3321099	+	LLMDKN_007270	24.4	5.1	PF09603.15|Fib_succ_major	PFAM:PF09603.15
contig_1	3321041	3321409	+	LLMDKN_007271	13.6	4.9		
contig_1	3321393	3321668	+	LLMDKN_007272	10.4	11.6		
contig_1	3321683	3321988	+	LLMDKN_007273	10.7	4.7		
contig_1	3321998	3322438	+	LLMDKN_007274	15.4	7.6		
contig_1	3322398	3323123	+	LLMDKN_007275	26.5	8.9	PF09603.15|Fib_succ_major	PFAM:PF09603.15
contig_1	3324065	3324412	+	LLMDKN_007276	12.2	4.7	PF00920.27|ILVD_EDD_N	PFAM:PF00920.27
contig_1	3324391	3324597	+	LLMDKN_007277	7.4	6.7	PF00920.27|ILVD_EDD_N	PFAM:PF00920.27
contig_1	3325663	3325875	+	LLMDKN_007279	7.7	7.0	PF02776.23|TPP_enzyme_N	PFAM:PF02776.23
contig_1	3325880	3326140	+	LLMDKN_007280	9.3	4.8	PF02776.23|TPP_enzyme_N	PFAM:PF02776.23
contig_1	3326171	3326416	+	LLMDKN_007281	8.9	5.4	PF00205.28|TPP_enzyme_M	PFAM:PF00205.28
contig_1	3326370	3327161	+	LLMDKN_007282	28.8	5.7	PF00205.28|TPP_enzyme_M, PF02775.26|TPP_enzyme_C	PFAM:PF00205.28, PFAM:PF02775.26
contig_1	3327110	3327319	+	LLMDKN_007283	7.9	5.0	PF02775.26|TPP_enzyme_C	PFAM:PF02775.26
contig_1	3327377	3327589	+	LLMDKN_007284	8.0	11.7	PF01842.31|ACT, PF22629.2|ACT_AHAS_ss	PFAM:PF01842.31, PFAM:PF22629.2
contig_1	3327592	3327936	+	LLMDKN_007285	13.3	5.1	PF10369.15|ALS_ss_C	PFAM:PF10369.15
contig_1	3327937	3328029	+	LLMDKN_007286	3.4	7.9		
contig_1	3327989	3328219	+	LLMDKN_007287	8.9	4.9	PF01643.23|Acyl-ACP_TE	PFAM:PF01643.23
contig_1	3328191	3328646	+	LLMDKN_007288	17.7	6.1	PF01643.23|Acyl-ACP_TE, PF20791.3|Acyl-ACP_TE_C	PFAM:PF01643.23, PFAM:PF20791.3
contig_1	3328744	3329283	+	LLMDKN_007289	19.4	8.6	PF13505.12|OMP_b-brl, PF13568.12|OMP_b-brl_2	PFAM:PF13505.12, PFAM:PF13568.12
contig_1	3329372	3329650	+	LLMDKN_007290	10.1	9.7		
contig_1	3329650	3329853	+	LLMDKN_007291	7.3	6.7		
contig_1	3329843	3330415	+	LLMDKN_007292	21.2	5.1	PF01450.25|KARI_C	PFAM:PF01450.25
contig_1	3330615	3330752	+	LLMDKN_007293	5.0	7.7		
contig_1	3330703	3331047	+	LLMDKN_007294	13.1	4.9		
contig_1	3331047	3331202	+	LLMDKN_007295	5.7	4.1		
contig_1	3331287	3331475	+	LLMDKN_007296	6.6	9.2		
contig_1	3331616	3331966	+	LLMDKN_007297	13.5	4.3		
contig_1	3331983	3332111	+	LLMDKN_007298	4.7	4.6		
contig_1	3332081	3332302	+	LLMDKN_007299	8.1	9.4		
contig_1	3332257	3332541	+	LLMDKN_007300	10.8	5.7	PF16130.10|DUF4842	PFAM:PF16130.10
contig_1	3332712	3332837	-	LLMDKN_007301	4.7	10.5		
contig_1	3332843	3333349	-	LLMDKN_007302	19.6	5.5	PF13087.12|AAA_12	PFAM:PF13087.12
contig_1	3333349	3334134	-	LLMDKN_007303	29.6	9.2	PF13086.12|AAA_11, PF13245.12|AAA_19, PF13604.12|AAA_30	PFAM:PF13086.12, PFAM:PF13245.12, PFAM:PF13604.12
contig_1	3334138	3334362	-	LLMDKN_007304	8.6	5.1		
contig_1	3334319	3334678	-	LLMDKN_007305	14.4	7.7		
contig_1	3334751	3335215	+	LLMDKN_007306	18.0	9.2		
contig_1	3335179	3335523	+	LLMDKN_007307	11.8	5.2		
contig_1	3335508	3335675	+	LLMDKN_007308	6.0	4.1		
contig_1	3335704	3336369	+	LLMDKN_007309	24.4	9.0		
contig_1	3336457	3336798	+	LLMDKN_007310	12.8	9.1	PF00694.25|Aconitase_C	PFAM:PF00694.25
contig_1	3336773	3336991	+	LLMDKN_007311	8.3	5.4		
contig_1	3337134	3337415	+	LLMDKN_007312	9.7	4.6	PF00180.25|Iso_dh	PFAM:PF00180.25
contig_1	3337418	3337681	+	LLMDKN_007313	10.4	9.1	PF00180.25|Iso_dh	PFAM:PF00180.25
contig_1	3337662	3337904	+	LLMDKN_007314	9.0	8.9	PF00180.25|Iso_dh	PFAM:PF00180.25
contig_1	3337886	3338104	+	LLMDKN_007315	7.8	4.6	PF00180.25|Iso_dh	PFAM:PF00180.25
contig_1	3338083	3338328	+	LLMDKN_007316	9.1	6.1	PF00180.25|Iso_dh	PFAM:PF00180.25
contig_1	3338318	3338575	+	LLMDKN_007317	9.9	8.7		
contig_1	3338592	3339044	+	LLMDKN_007318	17.7	5.4	PF00285.26|Citrate_synt	PFAM:PF00285.26
contig_1	3338990	3339655	+	LLMDKN_007319	24.9	7.1	PF00285.26|Citrate_synt	PFAM:PF00285.26
contig_1	3339760	3340104	+	LLMDKN_007320	12.9	9.9		
contig_1	3340132	3340527	+	LLMDKN_007321	15.4	9.5		
contig_1	3340535	3340699	+	LLMDKN_007322	6.0	8.7		
contig_1	3340657	3340845	+	LLMDKN_007323	6.8	8.3		
contig_1	3340876	3341313	+	LLMDKN_007324	16.6	5.8	PF00724.26|Oxidored_FMN	PFAM:PF00724.26
contig_1	3341261	3341761	+	LLMDKN_007325	19.0	9.2		
contig_1	3341762	3342328	+	LLMDKN_007326	20.8	8.9	PF00106.31|adh_short, PF13561.12|adh_short_C2	PFAM:PF00106.31, PFAM:PF13561.12
contig_1	3342355	3342630	+	LLMDKN_007327	10.6	6.2		
contig_1	3342691	3342972	-	LLMDKN_007328	10.6	6.9	PF00365.25|PFK	PFAM:PF00365.25
contig_1	3342989	3343174	-	LLMDKN_007329	6.8	8.1	PF00365.25|PFK	PFAM:PF00365.25
contig_1	3343231	3343671	-	LLMDKN_007330	15.5	8.8	PF00365.25|PFK, PF01513.26|NAD_kinase	PFAM:PF00365.25, PFAM:PF01513.26
contig_1	3343880	3344287	-	LLMDKN_007331	15.8	8.9		
contig_1	3344271	3344603	-	LLMDKN_007332	12.4	6.3		
contig_1	3344743	3345261	-	LLMDKN_007333	19.6	6.3	PF02224.24|Cytidylate_kin	PFAM:PF02224.24
contig_1	3345203	3345373	-	LLMDKN_007334	6.4	4.9	PF02224.24|Cytidylate_kin	PFAM:PF02224.24
contig_1	3345590	3345811	+	LLMDKN_007335	8.4	4.6		
contig_1	3345861	3345971	+	LLMDKN_007336	4.1	4.1		
contig_1	3346006	3346275	+	LLMDKN_007337	10.3	10.1	PF03544.19|TonB_C	PFAM:PF03544.19
contig_1	3346435	3346881	+	LLMDKN_007338	17.5	4.8	PF00348.22|polyprenyl_synt	PFAM:PF00348.22
contig_1	3346895	3347107	+	LLMDKN_007339	7.6	4.3	PF00348.22|polyprenyl_synt	PFAM:PF00348.22
contig_1	3347120	3347263	+	LLMDKN_007340	5.4	9.7		
contig_1	3347459	3348040	+	LLMDKN_007341	22.6	8.9		
contig_1	3348106	3348279	+	LLMDKN_007342	6.5	6.0	PF01026.27|TatD_DNase	PFAM:PF01026.27
contig_1	3348279	3348386	+	LLMDKN_007343	4.1	4.9		
contig_1	3348376	3348576	+	LLMDKN_007344	7.7	6.7	PF01026.27|TatD_DNase	PFAM:PF01026.27
contig_1	3348644	3348838	+	LLMDKN_007345	7.4	5.3	PF01026.27|TatD_DNase	PFAM:PF01026.27
contig_1	3349179	3349730	+	LLMDKN_007347	19.5	5.0		
contig_1	3349697	3349978	+	LLMDKN_007348	10.1	6.1		
contig_1	3349980	3350297	+	LLMDKN_007349	11.5	5.9		
contig_1	3350242	3350451	+	LLMDKN_007350	7.6	6.0		
contig_1	3351700	3351825	+	LLMDKN_007353	4.6	4.6		
contig_1	3351828	3352577	-	LLMDKN_007354	27.8	5.7		
contig_1	3352525	3353109	-	LLMDKN_007355	22.5	9.4	PF16217.10|M64_N	PFAM:PF16217.10
contig_1	3353834	3354235	-	LLMDKN_007357	14.6	5.8	PF00186.24|DHFR_1	PFAM:PF00186.24
contig_1	3355808	3356083	+	LLMDKN_007360	10.7	10.1	PF01609.27|DDE_Tnp_1	PFAM:PF01609.27
contig_1	3356226	3356384	-	LLMDKN_007361	5.9	4.9	PF13091.12|PLDc_2	PFAM:PF13091.12
contig_1	3356344	3356949	-	LLMDKN_007362	23.0	9.9	PF13091.12|PLDc_2	PFAM:PF13091.12
contig_1	3357098	3357421	-	LLMDKN_007363	12.4	6.8		
contig_1	3357897	3358094	-	LLMDKN_007364	7.3	11.6		
contig_1	3358205	3358450	-	LLMDKN_007365	9.1	5.7	PF04545.22|Sigma70_r4, PF08281.18|Sigma70_r4_2	PFAM:PF04545.22, PFAM:PF08281.18
contig_1	3358420	3358752	-	LLMDKN_007366	12.8	9.2	PF04542.20|Sigma70_r2	PFAM:PF04542.20
contig_1	3358749	3359081	-	LLMDKN_007367	12.3	5.6	PF19762.4|DUF6249	PFAM:PF19762.4
contig_1	3359035	3359373	-	LLMDKN_007368	12.5	4.5		
contig_1	3359950	3360063	+	LLMDKN_007370	4.2	6.1		
contig_1	3360060	3360170	+	LLMDKN_007371	4.1	11.1		
contig_1	3360854	3361414	+	LLMDKN_007372	20.8	9.7		
contig_1	3362411	3362722	-	LLMDKN_007374	12.0	7.9		
contig_1	3362719	3363588	-	LLMDKN_007375	32.3	7.7		
contig_1	3363695	3363994	-	LLMDKN_007376	10.7	8.2		
contig_1	3363955	3364623	-	LLMDKN_007377	24.6	6.0		
contig_1	3364676	3364990	-	LLMDKN_007378	11.3	6.7		
contig_1	3365214	3365945	-	LLMDKN_007379	26.8	9.3		
contig_1	3366017	3366796	-	LLMDKN_007380	28.1	5.0		
contig_1	3366873	3367793	-	LLMDKN_007381	33.2	6.5	PF13533.12|Biotin_lipoyl_2, PF16576.10|HlyD_D23	PFAM:PF13533.12, PFAM:PF16576.10
contig_1	3367763	3368113	-	LLMDKN_007382	12.6	5.5		
contig_1	3368282	3368686	-	LLMDKN_007383	15.4	8.6		
contig_1	3368814	3368942	-	LLMDKN_007384	4.8	9.9		
contig_1	3368917	3369099	-	LLMDKN_007385	6.7	11.3		
contig_1	3369216	3369488	-	LLMDKN_007386	10.5	5.9		
contig_1	3369505	3369735	-	LLMDKN_007387	8.5	5.6		
contig_1	3369744	3369968	-	LLMDKN_007388	8.3	6.6		
contig_1	3369908	3370351	-	LLMDKN_007389	17.7	9.6	PF12848.13|ABC_tran_Xtn	PFAM:PF12848.13
contig_1	3370401	3370757	-	LLMDKN_007390	13.3	4.9	PF00005.33|ABC_tran	PFAM:PF00005.33
contig_1	3371104	3371370	+	LLMDKN_007391	9.9	6.5	PF00072.30|Response_reg	PFAM:PF00072.30
contig_1	3371449	3371826	-	LLMDKN_007392	14.7	5.2		
contig_1	3372024	3372335	+	LLMDKN_007393	12.0	10.1		
contig_1	3372313	3373428	-	LLMDKN_007394	40.6	8.3		
contig_1	3373500	3373688	+	LLMDKN_007395	6.9	10.3		
contig_1	3373623	3374132	-	LLMDKN_007396	20.2	9.6	PF13090.12|PP_kinase_C	PFAM:PF13090.12
contig_1	3374152	3374889	-	LLMDKN_007397	28.1	9.2	PF13090.12|PP_kinase_C, PF13091.12|PLDc_2, PF17941.7|PP_kinase_C_1	PFAM:PF13090.12, PFAM:PF13091.12, PFAM:PF17941.7
contig_1	3375067	3375426	-	LLMDKN_007398	13.9	8.8	PF02503.22|PP_kinase	PFAM:PF02503.22
contig_1	3375461	3375844	-	LLMDKN_007399	14.9	7.9	PF13089.11|PP_kinase_N	PFAM:PF13089.11
contig_1	3375951	3376238	+	LLMDKN_007400	11.1	5.5	PF12850.12|Metallophos_2	PFAM:PF12850.12
contig_1	3376294	3376386	+	LLMDKN_007401	3.4	6.5		
contig_1	3377303	3377425	+	LLMDKN_007403	4.5	6.1		
contig_1	3377445	3377618	+	LLMDKN_007404	6.2	6.5		
contig_1	3377746	3378009	+	LLMDKN_007405	10.2	10.3	PF16363.11|GDP_Man_Dehyd	PFAM:PF16363.11
contig_1	3378059	3378244	+	LLMDKN_007406	6.9	5.5	PF16363.11|GDP_Man_Dehyd	PFAM:PF16363.11
contig_1	3378249	3378587	+	LLMDKN_007407	13.5	5.6	PF16363.11|GDP_Man_Dehyd	PFAM:PF16363.11
contig_1	3378664	3378882	-	LLMDKN_007408	8.5	10.0		
contig_1	3378900	3379481	-	LLMDKN_007409	21.2	8.5		
contig_1	3379533	3379640	+	LLMDKN_007410	4.0	4.1		
contig_1	3379904	3380128	+	LLMDKN_007411	8.8	6.4		
contig_1	3380086	3380637	+	LLMDKN_007412	20.4	8.5		
contig_1	3380609	3381244	-	LLMDKN_007413	24.3	9.5	PF01467.32|CTP_transf_like	PFAM:PF01467.32
contig_1	3381211	3381471	-	LLMDKN_007414	9.9	8.6	PF00625.27|Guanylate_kin	PFAM:PF00625.27
contig_1	3381861	3381980	-	LLMDKN_007415	4.5	5.6	PF08340.16|YicC-like_C	PFAM:PF08340.16
contig_1	3382108	3382209	-	LLMDKN_007416	3.9	9.2		
contig_1	3382187	3382600	-	LLMDKN_007417	15.9	5.3	PF03755.18|YicC-like_N	PFAM:PF03755.18
contig_1	3383037	3383240	+	LLMDKN_007418	7.3	5.4		
contig_1	3383145	3383657	-	LLMDKN_007419	19.5	9.8		
contig_1	3383730	3384107	-	LLMDKN_007420	14.4	5.1		
contig_1	3384049	3384417	-	LLMDKN_007421	14.9	9.9		
contig_1	3384587	3384832	-	LLMDKN_007422	9.1	6.6		
contig_1	3385006	3385236	-	LLMDKN_007423	8.8	9.5	PF02518.31|HATPase_c	PFAM:PF02518.31
contig_1	3385230	3385841	-	LLMDKN_007424	23.2	5.3	PF00512.31|HisKA	PFAM:PF00512.31
contig_1	3385868	3386311	-	LLMDKN_007425	16.4	9.0		
contig_1	3386567	3386956	+	LLMDKN_007426	14.0	4.7		
contig_1	3387061	3387177	+	LLMDKN_007427	4.5	6.0		
contig_1	3387361	3387621	+	LLMDKN_007428	10.5	10.0		
contig_1	3387654	3387842	+	LLMDKN_007429	7.4	9.4		
contig_1	3387890	3388018	+	LLMDKN_007430	4.8	10.3		
contig_1	3388564	3389040	+	LLMDKN_007432	17.5	4.7		
contig_1	3389037	3389195	+	LLMDKN_007433	5.7	8.5		
contig_1	3389192	3389356	+	LLMDKN_007434	6.5	4.7		
contig_1	3389513	3389740	+	LLMDKN_007435	8.3	4.1	PF24986.1|PRC_RimM	PFAM:PF24986.1
contig_1	3389785	3390270	+	LLMDKN_007436	18.6	5.5		
contig_1	3390294	3390668	+	LLMDKN_007437	13.7	6.4	PF01551.29|Peptidase_M23	PFAM:PF01551.29
contig_1	3391639	3391836	+	LLMDKN_007439	7.2	4.3	PF13288.12|DXPR_C	PFAM:PF13288.12
contig_1	3391856	3392032	+	LLMDKN_007440	7.0	10.1		
contig_1	3392100	3392456	-	LLMDKN_007441	13.9	8.6		
contig_1	3392467	3393216	+	LLMDKN_007442	28.3	9.4	PF00595.29|PDZ, PF13180.12|PDZ_2, PF17820.7|PDZ_6	PFAM:PF00595.29, PFAM:PF13180.12, PFAM:PF17820.7
contig_1	3393305	3393871	-	LLMDKN_007443	21.7	5.0		
contig_1	3393843	3394004	-	LLMDKN_007444	6.1	10.0		
contig_1	3394001	3394099	-	LLMDKN_007445	3.6	4.4		
contig_1	3394057	3394197	-	LLMDKN_007446	5.5	6.5		
contig_1	3394390	3394506	+	LLMDKN_007447	4.2	5.0		
contig_1	3394528	3394746	+	LLMDKN_007448	8.7	6.1		
contig_1	3394779	3395183	+	LLMDKN_007449	14.4	4.8		
contig_1	3396284	3396607	+	LLMDKN_007451	11.7	8.9		
contig_1	3396642	3396818	+	LLMDKN_007452	6.2	10.0		
contig_1	3396748	3397251	-	LLMDKN_007453	18.2	7.7		
contig_1	3397260	3397733	-	LLMDKN_007454	17.4	10.1		
contig_1	3398127	3398393	-	LLMDKN_007455	9.8	5.6	PF04055.27|Radical_SAM, PF13353.11|Fer4_12	PFAM:PF04055.27, PFAM:PF13353.11
contig_1	3398401	3398679	-	LLMDKN_007456	10.7	9.4		
contig_1	3398622	3399104	-	LLMDKN_007457	17.9	9.7		
contig_1	3399083	3399403	-	LLMDKN_007458	12.2	8.8		
contig_1	3399378	3400406	-	LLMDKN_007459	38.8	6.5		
contig_1	3400363	3400500	-	LLMDKN_007460	5.1	6.0		
contig_1	3400463	3400909	-	LLMDKN_007461	16.4	8.8	PF03477.21|ATP-cone	PFAM:PF03477.21
contig_1	3401173	3401358	-	LLMDKN_007462	6.7	4.8		
contig_1	3401384	3401791	-	LLMDKN_007463	14.9	9.5		
contig_1	3401917	3402087	-	LLMDKN_007464	6.3	5.0		
contig_1	3402048	3402569	-	LLMDKN_007465	18.7	9.3	PF16654.10|DAPDH_C	PFAM:PF16654.10
contig_1	3402508	3402765	-	LLMDKN_007466	9.6	9.5		
contig_1	3403718	3404125	-	LLMDKN_007468	15.8	8.9		
contig_1	3404258	3404530	-	LLMDKN_007469	10.2	9.7		
contig_1	3404657	3404947	-	LLMDKN_007470	11.2	9.2		
contig_1	3405394	3405618	-	LLMDKN_007472	8.4	7.7		
contig_1	3405618	3406049	-	LLMDKN_007473	16.4	9.7		
contig_1	3406058	3406615	+	LLMDKN_007474	21.5	4.5		
contig_1	3406675	3407019	+	LLMDKN_007475	13.0	4.9		
contig_1	3408087	3408248	-	LLMDKN_007477	6.1	10.5		
contig_1	3408214	3408378	-	LLMDKN_007478	5.7	4.8		
contig_1	3408378	3408560	-	LLMDKN_007479	6.7	10.0	PF00216.26|Bac_DNA_binding, PF18291.6|HU-HIG	PFAM:PF00216.26, PFAM:PF18291.6
contig_1	3409429	3409815	-	LLMDKN_007481	15.1	5.2		
contig_1	3409841	3410128	-	LLMDKN_007482	10.9	9.5	PF05272.17|VapE-like_dom	PFAM:PF05272.17
contig_1	3410103	3411023	-	LLMDKN_007483	35.2	9.9	PF05272.17|VapE-like_dom	PFAM:PF05272.17
contig_1	3411315	3411488	+	LLMDKN_007484	6.3	4.5		
contig_1	3411419	3411583	-	LLMDKN_007485	6.2	10.7		
contig_1	3411851	3412216	-	LLMDKN_007486	14.0	9.3		
contig_1	3412693	3413145	+	LLMDKN_007487	17.7	9.8	PF02357.24|NusG	PFAM:PF02357.24
contig_1	3413998	3414600	+	LLMDKN_007489	22.2	9.4		
contig_1	3414579	3414869	+	LLMDKN_007490	10.7	9.3		
contig_1	3414874	3414990	+	LLMDKN_007491	4.4	8.3		
contig_1	3415026	3415244	+	LLMDKN_007492	8.2	5.1		
contig_1	3415231	3415488	+	LLMDKN_007493	9.2	9.4	PF01041.23|DegT_DnrJ_EryC1	PFAM:PF01041.23
contig_1	3415590	3416216	+	LLMDKN_007494	23.5	8.9	PF01041.23|DegT_DnrJ_EryC1	PFAM:PF01041.23
contig_1	3416186	3416347	+	LLMDKN_007495	6.1	8.2		
contig_1	3416385	3417395	+	LLMDKN_007496	37.5	5.8	PF12804.13|NTP_transf_3	PFAM:PF12804.13
contig_1	3417820	3418224	+	LLMDKN_007497	15.4	7.8		
contig_1	3418325	3418804	+	LLMDKN_007498	18.3	4.7	PF16363.11|GDP_Man_Dehyd	PFAM:PF16363.11
contig_1	3418859	3419125	+	LLMDKN_007499	9.8	5.2		
contig_1	3419236	3419889	+	LLMDKN_007500	25.4	5.8	PF16363.11|GDP_Man_Dehyd	PFAM:PF16363.11
contig_1	3419886	3420149	+	LLMDKN_007501	10.0	4.3		
contig_1	3420254	3420577	+	LLMDKN_007502	12.4	6.5		
contig_1	3420587	3420823	+	LLMDKN_007503	8.6	4.9		
contig_1	3420765	3420962	+	LLMDKN_007504	7.8	9.1		
contig_1	3421006	3421548	+	LLMDKN_007505	20.6	9.7		
contig_1	3421521	3422003	+	LLMDKN_007506	18.4	5.1	PF00535.33|Glycos_transf_2	PFAM:PF00535.33
contig_1	3422083	3422295	+	LLMDKN_007507	8.1	10.1		
contig_1	3422462	3422593	+	LLMDKN_007508	5.0	10.9		
contig_1	3423227	3423574	+	LLMDKN_007509	13.0	7.9	PF13692.12|Glyco_trans_1_4	PFAM:PF13692.12
contig_1	3423940	3424212	+	LLMDKN_007510	10.7	9.1		
contig_1	3424892	3425104	+	LLMDKN_007511	8.5	8.6		
contig_1	3425227	3425502	+	LLMDKN_007512	10.9	4.8		
contig_1	3425714	3425965	+	LLMDKN_007513	10.2	7.7		
contig_1	3426014	3426409	+	LLMDKN_007514	15.3	9.4		
contig_1	3427856	3427996	+	LLMDKN_007517	5.3	4.7		
contig_1	3427993	3428136	+	LLMDKN_007518	5.4	9.6		
contig_1	3428133	3428222	+	LLMDKN_007519	3.2	5.9		
contig_1	3428347	3428553	+	LLMDKN_007520	7.5	6.8	PF00908.23|dTDP_sugar_isom	PFAM:PF00908.23
contig_1	3428501	3428674	+	LLMDKN_007521	6.6	5.0	PF00908.23|dTDP_sugar_isom	PFAM:PF00908.23
contig_1	3428671	3428898	+	LLMDKN_007522	8.5	4.6		
contig_1	3428840	3428974	+	LLMDKN_007523	5.2	6.0		
contig_1	3429008	3429388	+	LLMDKN_007524	14.6	5.0		
contig_1	3429813	3430070	+	LLMDKN_007525	9.7	8.9		
contig_1	3430045	3430167	+	LLMDKN_007526	4.9	10.8		
contig_1	3430164	3430484	+	LLMDKN_007527	11.9	4.8	PF00313.28|CSD	PFAM:PF00313.28
contig_1	3430743	3431141	-	LLMDKN_007528	15.8	9.5		
contig_1	3431154	3431435	-	LLMDKN_007529	10.6	5.3	PF14491.11|DUF4435	PFAM:PF14491.11
contig_1	3431944	3432066	-	LLMDKN_007530	4.9	10.0		
contig_1	3432167	3432388	-	LLMDKN_007531	8.3	9.3	PF13175.12|AAA_15, PF13304.12|AAA_21, PF13476.12|AAA_23	PFAM:PF13175.12, PFAM:PF13304.12, PFAM:PF13476.12
contig_1	3432510	3432734	-	LLMDKN_007532	9.0	10.7		
contig_1	3432731	3432832	-	LLMDKN_007533	3.5	5.9		
contig_1	3432793	3433065	-	LLMDKN_007534	9.8	9.2		
contig_1	3433046	3433282	-	LLMDKN_007535	9.3	7.9		
contig_1	3433576	3433728	+	LLMDKN_007536	6.0	5.0		
contig_1	3433673	3433990	+	LLMDKN_007537	11.9	10.9	PF01743.26|PolyA_pol	PFAM:PF01743.26
contig_1	3433933	3434364	+	LLMDKN_007538	16.4	4.8	PF01743.26|PolyA_pol, PF12627.12|PolyA_pol_RNAbd	PFAM:PF01743.26, PFAM:PF12627.12
contig_1	3434336	3434695	+	LLMDKN_007539	14.1	10.1		
contig_1	3434704	3434913	+	LLMDKN_007540	8.1	8.7		
contig_1	3435458	3435697	+	LLMDKN_007541	9.1	9.9		
contig_1	3435645	3435803	+	LLMDKN_007542	6.0	6.5		
contig_1	3435891	3435998	+	LLMDKN_007543	3.8	4.8		
contig_1	3436025	3436357	+	LLMDKN_007544	12.6	9.0		
contig_1	3436306	3436563	+	LLMDKN_007545	9.2	4.3		
contig_1	3436560	3436811	+	LLMDKN_007546	9.7	4.5		
contig_1	3436857	3437390	+	LLMDKN_007547	19.9	6.0		
contig_1	3437437	3437538	+	LLMDKN_007548	3.5	10.2		
contig_1	3437544	3437639	+	LLMDKN_007549	3.6	4.3		
contig_1	3437734	3438213	+	LLMDKN_007550	18.5	8.5	PF13428.12|TPR_14, PF14559.12|TPR_19	PFAM:PF13428.12, PFAM:PF14559.12
contig_1	3438153	3438905	+	LLMDKN_007551	28.3	6.8		
contig_1	3439135	3439971	+	LLMDKN_007552	30.4	8.7	PF00656.27|Peptidase_C14	PFAM:PF00656.27
contig_1	3440007	3440156	+	LLMDKN_007553	5.6	5.2		
contig_1	3441542	3441844	-	LLMDKN_007555	10.7	6.0	PF00208.27|ELFV_dehydrog	PFAM:PF00208.27
contig_1	3443044	3443832	-	LLMDKN_007557	29.3	9.3	PF00326.27|Peptidase_S9	PFAM:PF00326.27
contig_1	3443897	3444313	-	LLMDKN_007558	15.8	8.9	PF02897.21|Peptidase_S9_N	PFAM:PF02897.21
contig_1	3444465	3444770	-	LLMDKN_007559	11.7	7.8	PF02897.21|Peptidase_S9_N	PFAM:PF02897.21
contig_1	3444888	3445100	+	LLMDKN_007560	7.9	7.7		
contig_1	3445368	3445622	+	LLMDKN_007561	10.0	7.8		
contig_1	3445636	3446034	+	LLMDKN_007562	15.0	5.3		
contig_1	3446013	3446375	+	LLMDKN_007563	13.5	9.6		
contig_1	3446342	3447451	+	LLMDKN_007564	42.1	8.8		
contig_1	3447495	3447872	+	LLMDKN_007565	14.5	6.7		
contig_1	3447830	3448342	+	LLMDKN_007566	19.4	7.1		
contig_1	3448849	3449055	+	LLMDKN_007567	7.7	4.6		
contig_1	3449256	3449375	+	LLMDKN_007568	4.2	4.1		
contig_1	3449362	3450108	+	LLMDKN_007569	27.2	4.9		
contig_1	3450105	3450194	+	LLMDKN_007570	3.4	4.1		
contig_1	3450167	3450727	+	LLMDKN_007571	20.2	4.2		
contig_1	3450735	3451190	+	LLMDKN_007572	17.0	5.4		
contig_1	3451261	3451383	+	LLMDKN_007573	4.7	5.0		
contig_1	3451380	3451676	+	LLMDKN_007574	10.5	4.7		
contig_1	3451750	3451902	+	LLMDKN_007575	5.9	10.3		
contig_1	3451928	3452527	+	LLMDKN_007576	22.1	5.0	PF13201.12|PCMD	PFAM:PF13201.12
contig_1	3452701	3453261	+	LLMDKN_007577	20.7	6.6		
contig_1	3453282	3453590	+	LLMDKN_007578	11.5	4.2		
contig_1	3453596	3453916	+	LLMDKN_007579	12.1	9.6		
contig_1	3453937	3454344	+	LLMDKN_007580	15.2	5.0	PF16656.11|Pur_ac_phosph_N	PFAM:PF16656.11
contig_1	3454341	3454484	+	LLMDKN_007581	4.9	8.8		
contig_1	3454471	3454896	+	LLMDKN_007582	15.9	6.1	PF13201.12|PCMD	PFAM:PF13201.12
contig_1	3454933	3455511	+	LLMDKN_007583	21.2	4.8		
contig_1	3455508	3455939	+	LLMDKN_007584	15.9	4.8		
contig_1	3455948	3456277	+	LLMDKN_007585	12.0	4.8		
contig_1	3456299	3457015	+	LLMDKN_007586	26.2	5.3		
contig_1	3457052	3457267	+	LLMDKN_007587	7.9	7.9		
contig_1	3457389	3457667	+	LLMDKN_007588	9.8	4.6		
contig_1	3457797	3458237	+	LLMDKN_007589	17.3	10.1		
contig_1	3459118	3459357	-	LLMDKN_007590	9.2	9.0	PF13280.11|WYL	PFAM:PF13280.11
contig_1	3459333	3459710	-	LLMDKN_007591	14.8	9.1	PF08220.18|HTH_DeoR, PF08279.18|HTH_11	PFAM:PF08220.18, PFAM:PF08279.18
contig_1	3459794	3459949	-	LLMDKN_007592	5.9	9.0		
contig_1	3460038	3460175	-	LLMDKN_007593	5.3	4.6	PF03575.23|Peptidase_S51	PFAM:PF03575.23
contig_1	3460165	3460413	-	LLMDKN_007594	9.5	6.2		
contig_1	3460917	3461216	-	LLMDKN_007595	11.5	4.9		
contig_1	3461530	3461772	+	LLMDKN_007596	9.5	4.8		
contig_1	3461720	3461851	+	LLMDKN_007597	4.8	4.9		
contig_1	3462020	3462223	-	LLMDKN_007598	7.7	8.7		
contig_1	3462390	3462638	-	LLMDKN_007599	9.5	10.2		
contig_1	3462632	3463051	-	LLMDKN_007600	16.0	5.1		
contig_1	3464346	3464927	-	LLMDKN_007602	22.6	5.7	PF23916.1|TIM-barrel_EndoS	PFAM:PF23916.1
contig_1	3464958	3465203	-	LLMDKN_007603	9.7	6.7		
contig_1	3465312	3465503	-	LLMDKN_007604	7.2	9.1	PF12741.13|SusD-like	PFAM:PF12741.13
contig_1	3465536	3466117	-	LLMDKN_007605	21.1	5.3	PF12741.13|SusD-like, PF12771.13|SusD-like_2	PFAM:PF12741.13, PFAM:PF12771.13
contig_1	3466114	3466968	-	LLMDKN_007606	31.9	7.6	PF12741.13|SusD-like, PF12771.13|SusD-like_2	PFAM:PF12741.13, PFAM:PF12771.13
contig_1	3466988	3467158	-	LLMDKN_007607	6.3	9.5		
contig_1	3467191	3467415	-	LLMDKN_007608	8.3	8.9		
contig_1	3467537	3468658	-	LLMDKN_007609	41.4	8.7	PF00593.30|TonB_dep_Rec_b-barrel	PFAM:PF00593.30
contig_1	3468640	3469065	-	LLMDKN_007610	16.4	7.8		
contig_1	3469031	3469204	-	LLMDKN_007611	6.6	9.9		
contig_1	3469270	3469656	-	LLMDKN_007612	13.4	9.0	PF07715.20|Plug	PFAM:PF07715.20
contig_1	3469897	3470142	-	LLMDKN_007613	9.2	7.9		
contig_1	3470538	3470675	-	LLMDKN_007614	5.5	8.2	PF16344.10|FecR_C	PFAM:PF16344.10
contig_1	3470700	3471035	-	LLMDKN_007615	12.4	9.4		
contig_1	3471095	3471397	-	LLMDKN_007616	11.4	5.9		
contig_1	3472152	3472388	-	LLMDKN_007618	8.9	9.7		
contig_1	3472400	3472546	+	LLMDKN_007619	5.5	4.7		
contig_1	3472474	3472749	-	LLMDKN_007620	9.8	6.5	PF00208.27|ELFV_dehydrog	PFAM:PF00208.27
contig_1	3472712	3473065	-	LLMDKN_007621	13.2	6.7	PF00208.27|ELFV_dehydrog	PFAM:PF00208.27
contig_1	3473049	3473162	-	LLMDKN_007622	3.9	9.4	PF00208.27|ELFV_dehydrog	PFAM:PF00208.27
contig_1	3473204	3473449	-	LLMDKN_007623	8.6	6.8	PF02812.23|ELFV_dehydrog_N	PFAM:PF02812.23
contig_1	3473979	3474149	-	LLMDKN_007625	6.3	8.8		SO:0001217, UniRef:UniRef50_I9RNK7
contig_1	3474146	3474364	-	LLMDKN_007626	7.9	5.0		
contig_1	3474361	3474645	-	LLMDKN_007627	10.5	5.2		
contig_1	3474642	3476132	-	LLMDKN_007628	55.2	6.0	PF00390.24|malic, PF03949.21|Malic_M	PFAM:PF00390.24, PFAM:PF03949.21
contig_1	3476258	3476434	-	LLMDKN_007629	6.2	5.7	PF00390.24|malic	PFAM:PF00390.24
contig_1	3476804	3477037	+	LLMDKN_007630	9.2	5.4		
contig_1	3477305	3477430	+	LLMDKN_007631	5.1	4.6		
contig_1	3477539	3477784	+	LLMDKN_007632	9.2	9.5	PF12072.13|RNase_Y_N	PFAM:PF12072.13
contig_1	3480012	3480131	+	LLMDKN_007635	4.3	10.5		
contig_1	3480115	3480237	+	LLMDKN_007636	4.6	7.9		
contig_1	3480234	3480497	+	LLMDKN_007637	9.9	4.1		
contig_1	3480711	3481478	-	LLMDKN_007638	30.0	7.1	PF01757.29|Acyl_transf_3	PFAM:PF01757.29
contig_1	3481575	3481826	+	LLMDKN_007639	9.2	8.8		
contig_1	3481855	3482160	+	LLMDKN_007640	11.1	6.7	PF01048.26|PNP_UDP_1	PFAM:PF01048.26
contig_1	3482163	3482357	+	LLMDKN_007641	7.2	4.4		
contig_1	3482354	3482470	+	LLMDKN_007642	4.4	6.7		
contig_1	3482437	3482562	-	LLMDKN_007643	4.8	9.7		
contig_1	3482582	3482881	-	LLMDKN_007644	11.3	10.0		
contig_1	3483498	3483776	+	LLMDKN_007646	10.5	6.3		
contig_1	3483900	3484157	+	LLMDKN_007647	9.7	5.6	PF02754.22|CCG	PFAM:PF02754.22
contig_1	3484118	3484312	-	LLMDKN_007648	7.3	9.7		
contig_1	3484314	3484649	+	LLMDKN_007649	12.6	4.9	PF02754.22|CCG	PFAM:PF02754.22
contig_1	3484826	3485224	+	LLMDKN_007650	14.8	6.3	PF02589.21|LUD_dom	PFAM:PF02589.21
contig_1	3485206	3485745	+	LLMDKN_007651	19.8	8.8	PF00037.32|Fer4, PF02589.21|LUD_dom, PF13183.11|Fer4_8	PFAM:PF00037.32, PFAM:PF02589.21, PFAM:PF13183.11
contig_1	3485712	3486032	+	LLMDKN_007652	12.0	8.9	PF11870.13|LutB_C	PFAM:PF11870.13
contig_1	3486129	3486296	+	LLMDKN_007653	6.0	8.8		
contig_1	3486290	3486607	+	LLMDKN_007654	11.6	8.0	PF02589.21|LUD_dom	PFAM:PF02589.21
contig_1	3486761	3487480	+	LLMDKN_007655	27.2	5.1	PF00294.29|PfkB	PFAM:PF00294.29
contig_1	3487775	3487900	-	LLMDKN_007656	4.4	4.2		
contig_1	3488355	3488474	-	LLMDKN_007657	4.5	9.7	PF12034.13|YfbK_C	PFAM:PF12034.13
contig_1	3488497	3488655	-	LLMDKN_007658	5.8	4.2	PF12034.13|YfbK_C	PFAM:PF12034.13
contig_1	3488705	3488893	-	LLMDKN_007659	7.0	8.8		
contig_1	3488941	3489597	-	LLMDKN_007660	24.6	8.5	PF00092.34|VWA, PF13519.12|VWA_2	PFAM:PF00092.34, PFAM:PF13519.12
contig_1	3489706	3489969	-	LLMDKN_007661	9.2	9.7	PF13620.12|CarboxypepD_reg, PF13715.12|CarbopepD_reg_2	PFAM:PF13620.12, PFAM:PF13715.12
contig_1	3490071	3490307	+	LLMDKN_007662	9.4	8.9		
contig_1	3490418	3490660	+	LLMDKN_007663	9.4	6.9	PF08281.18|Sigma70_r4_2	PFAM:PF08281.18
contig_1	3490657	3491034	+	LLMDKN_007664	15.2	11.4		
contig_1	3490986	3491222	+	LLMDKN_007665	8.6	4.6		
contig_1	3491203	3491832	+	LLMDKN_007666	22.4	6.6	PF13620.12|CarboxypepD_reg, PF13715.12|CarbopepD_reg_2	PFAM:PF13620.12, PFAM:PF13715.12
contig_1	3492021	3492347	-	LLMDKN_007668	12.5	9.3		
contig_1	3492391	3492870	-	LLMDKN_007669	18.6	8.3		
contig_1	3493083	3493775	+	LLMDKN_007670	26.7	9.3		
contig_1	3493800	3494237	+	LLMDKN_007671	16.3	8.7		
contig_1	3494216	3494740	+	LLMDKN_007672	18.7	6.2		
contig_1	3494849	3495127	+	LLMDKN_007673	9.5	4.9		
contig_1	3495202	3495549	-	LLMDKN_007674	13.0	10.5		
contig_1	3495624	3495920	-	LLMDKN_007675	11.4	9.8		
contig_1	3496014	3496583	-	LLMDKN_007676	21.8	6.2		
contig_1	3496754	3497284	-	LLMDKN_007677	20.4	9.3		
contig_1	3497305	3497910	-	LLMDKN_007678	23.9	10.0	PF13751.12|DDE_Tnp_1_6	PFAM:PF13751.12
contig_1	3498024	3498233	-	LLMDKN_007679	8.3	9.8		
contig_1	3498224	3498388	-	LLMDKN_007680	6.5	9.3		
contig_1	3498379	3498672	-	LLMDKN_007681	11.1	6.8		
contig_1	3499167	3499376	-	LLMDKN_007683	8.1	9.9		
contig_1	3499373	3499816	-	LLMDKN_007684	16.6	10.0		
contig_1	3499919	3500275	-	LLMDKN_007685	13.8	9.1		
contig_1	3500310	3500888	-	LLMDKN_007686	20.3	9.6		
contig_1	3500896	3501021	-	LLMDKN_007687	4.5	8.0		
contig_1	3501063	3501299	-	LLMDKN_007688	9.1	6.0		
contig_1	3501660	3502073	-	LLMDKN_007689	15.8	9.3	PF04326.19|SLFN_AlbA_2	PFAM:PF04326.19
contig_1	3502327	3502434	+	LLMDKN_007690	4.4	7.9		
contig_1	3502394	3502543	+	LLMDKN_007691	5.4	8.1		
contig_1	3502733	3502969	-	LLMDKN_007692	9.1	9.3		
contig_1	3502982	3503341	-	LLMDKN_007693	13.9	7.8	PF01625.27|PMSR, PF01641.26|SelR	PFAM:PF01625.27, PFAM:PF01641.26
contig_1	3503487	3503693	-	LLMDKN_007694	7.8	9.8	PF01625.27|PMSR	PFAM:PF01625.27
contig_1	3503976	3504671	+	LLMDKN_007695	27.5	9.3	PF13280.11|WYL	PFAM:PF13280.11
contig_1	3504871	3505200	+	LLMDKN_007696	12.1	7.6		
contig_1	3505209	3505430	+	LLMDKN_007697	8.5	9.5		
contig_1	3505435	3505902	+	LLMDKN_007698	18.2	5.3		
contig_1	3505985	3506107	+	LLMDKN_007699	4.6	10.0		
contig_1	3506147	3506272	+	LLMDKN_007700	4.7	4.2		
contig_1	3506297	3506947	+	LLMDKN_007701	25.2	8.9	PF13566.11|DUF4130	PFAM:PF13566.11
contig_1	3507981	3508103	+	LLMDKN_007703	4.4	5.9		
contig_1	3508596	3509423	+	LLMDKN_007704	30.2	5.6		
contig_1	3509375	3509722	+	LLMDKN_007705	13.4	5.0		
contig_1	3509767	3510090	+	LLMDKN_007706	12.7	9.6		
contig_1	3510162	3510530	+	LLMDKN_007707	13.4	5.9	PF13086.12|AAA_11, PF13245.12|AAA_19, PF13604.12|AAA_30	PFAM:PF13086.12, PFAM:PF13245.12, PFAM:PF13604.12
contig_1	3510515	3510715	+	LLMDKN_007708	8.0	7.8		
contig_1	3510669	3511154	+	LLMDKN_007709	18.6	9.8		
contig_1	3511280	3511486	+	LLMDKN_007710	7.8	4.8		
contig_1	3511510	3512616	+	LLMDKN_007711	42.2	5.0	PF13086.12|AAA_11	PFAM:PF13086.12
contig_1	3512582	3512857	+	LLMDKN_007712	10.4	4.6		
contig_1	3512845	3513027	+	LLMDKN_007713	6.8	10.1		
contig_1	3513030	3513167	+	LLMDKN_007714	4.8	9.4		
contig_1	3513181	3513321	+	LLMDKN_007715	5.0	8.8		
contig_1	3513350	3513937	+	LLMDKN_007716	22.5	9.6		
contig_1	3513895	3514107	+	LLMDKN_007717	7.9	10.0		
contig_1	3514102	3514470	-	LLMDKN_007718	13.6	8.3		
contig_1	3514427	3514879	-	LLMDKN_007719	17.7	11.5		
contig_1	3516286	3516540	+	LLMDKN_007721	9.3	4.8		
contig_1	3516736	3517005	+	LLMDKN_007722	9.9	5.6		
contig_1	3517026	3517583	+	LLMDKN_007723	20.7	4.5		
contig_1	3517550	3518164	+	LLMDKN_007724	21.8	6.2		
contig_1	3518127	3518567	+	LLMDKN_007725	15.6	4.8		
contig_1	3518593	3519315	+	LLMDKN_007726	25.6	8.4		
contig_1	3519263	3519817	+	LLMDKN_007727	19.9	10.5		
contig_1	3519621	3520160	-	LLMDKN_007728	20.7	5.6		
contig_1	3520211	3520462	+	LLMDKN_007729	9.2	10.3		
contig_1	3520601	3520888	+	LLMDKN_007730	10.5	5.2		
contig_1	3520869	3521642	+	LLMDKN_007731	27.9	6.1		
contig_1	3521639	3521830	+	LLMDKN_007732	7.2	10.1		
contig_1	3521815	3522105	+	LLMDKN_007733	11.2	6.2		
contig_1	3522204	3523016	+	LLMDKN_007734	29.6	5.5	PF16576.10|HlyD_D23, PF19335.5|HMBD	PFAM:PF16576.10, PFAM:PF19335.5
contig_1	3523115	3523645	+	LLMDKN_007735	18.9	5.8		
contig_1	3523642	3523791	+	LLMDKN_007736	5.4	8.6		
contig_1	3524203	3524709	+	LLMDKN_007737	18.9	6.3		
contig_1	3524648	3524899	+	LLMDKN_007738	9.5	5.0		
contig_1	3525485	3526063	-	LLMDKN_007739	20.8	7.7		
contig_1	3526230	3526658	-	LLMDKN_007740	14.8	6.7		
contig_1	3526795	3527091	-	LLMDKN_007741	10.4	5.5		
contig_1	3527301	3527633	-	LLMDKN_007742	12.3	5.4		
contig_1	3527745	3528185	-	LLMDKN_007743	16.9	9.6		
contig_1	3529056	3529532	-	LLMDKN_007745	17.7	9.0		
contig_1	3529489	3529848	-	LLMDKN_007746	14.2	10.4		
contig_1	3529877	3530200	-	LLMDKN_007747	11.9	5.6		
contig_1	3531893	3532201	+	LLMDKN_007750	11.5	5.8		
contig_1	3532883	3533086	+	LLMDKN_007752	7.2	6.0		
contig_1	3533463	3533684	-	LLMDKN_007753	8.8	10.6		
contig_1	3535436	3535606	-	LLMDKN_007756	6.4	5.8		
contig_1	3535617	3536327	-	LLMDKN_007757	26.7	5.5		
contig_1	3536455	3537102	-	LLMDKN_007758	24.6	9.8	PF01520.23|Amidase_3	PFAM:PF01520.23
contig_1	3537701	3538195	+	LLMDKN_007759	18.1	9.5	PF01053.26|Cys_Met_Meta_PP	PFAM:PF01053.26
contig_1	3538141	3538383	+	LLMDKN_007760	8.8	5.5	PF01053.26|Cys_Met_Meta_PP	PFAM:PF01053.26
contig_1	3538349	3538933	+	LLMDKN_007761	21.2	6.4	PF01053.26|Cys_Met_Meta_PP	PFAM:PF01053.26
contig_1	3539123	3539788	+	LLMDKN_007762	25.0	8.6	PF13102.12|Phage_int_SAM_5	PFAM:PF13102.12
contig_1	3539731	3540240	+	LLMDKN_007763	18.6	10.6		
contig_1	3540469	3540750	-	LLMDKN_007764	10.4	10.9		
contig_1	3540798	3541322	+	LLMDKN_007765	19.0	6.6		
contig_1	3541306	3541530	-	LLMDKN_007766	8.0	4.8		
contig_1	3542144	3542317	+	LLMDKN_007767	6.6	4.4		
contig_1	3542314	3542673	+	LLMDKN_007768	14.0	5.4		
contig_1	3542747	3543442	+	LLMDKN_007769	26.4	7.6	PF00512.31|HisKA, PF02518.31|HATPase_c	PFAM:PF00512.31, PFAM:PF02518.31
contig_1	3543412	3544083	+	LLMDKN_007770	24.4	4.9	PF00072.30|Response_reg	PFAM:PF00072.30
contig_1	3543956	3544255	-	LLMDKN_007771	11.5	10.4		
contig_1	3544366	3544566	+	LLMDKN_007772	7.9	5.0		
contig_1	3544555	3545310	-	LLMDKN_007773	27.6	10.1		
contig_1	3545606	3545962	+	LLMDKN_007774	12.1	6.1		
contig_1	3546315	3547205	-	LLMDKN_007775	32.8	9.9		
contig_1	3547234	3547479	+	LLMDKN_007776	9.0	10.4		
contig_1	3547467	3548552	-	LLMDKN_007777	39.5	9.9		
contig_1	3548512	3549168	-	LLMDKN_007778	24.2	4.6		
contig_1	3549557	3549817	-	LLMDKN_007779	9.3	5.1		
contig_1	3549909	3550250	-	LLMDKN_007780	12.5	5.1		
contig_1	3550247	3550468	-	LLMDKN_007781	8.3	9.9		
contig_1	3550601	3550711	-	LLMDKN_007782	4.1	9.9		
contig_1	3550813	3551070	-	LLMDKN_007783	9.2	4.7		
contig_1	3551070	3551345	-	LLMDKN_007784	9.5	4.9		
contig_1	3551995	3552228	-	LLMDKN_007785	8.7	7.9		SO:0001217, UniRef:UniRef50_Q64QF0
contig_1	3552643	3553143	+	LLMDKN_007786	18.0	8.8	PF00478.31|IMPDH	PFAM:PF00478.31
contig_1	3553140	3553901	+	LLMDKN_007787	28.0	5.1	PF00478.31|IMPDH	PFAM:PF00478.31
contig_1	3553950	3554183	+	LLMDKN_007788	8.2	9.2	PF00478.31|IMPDH	PFAM:PF00478.31
contig_1	3554271	3554621	-	LLMDKN_007789	13.1	10.4	PF00165.29|HTH_AraC, PF12833.13|HTH_18	PFAM:PF00165.29, PFAM:PF12833.13
contig_1	3554609	3555124	-	LLMDKN_007790	19.3	9.4		
contig_1	3555346	3556275	+	LLMDKN_007791	35.2	8.1		
contig_1	3556411	3556716	+	LLMDKN_007792	11.1	4.1		
contig_1	3556694	3556846	+	LLMDKN_007793	5.7	8.2	PF02518.31|HATPase_c	PFAM:PF02518.31
contig_1	3556836	3556976	+	LLMDKN_007794	5.0	4.6	PF02518.31|HATPase_c	PFAM:PF02518.31
contig_1	3557037	3557372	-	LLMDKN_007795	12.2	5.4	PF03625.19|DUF302	PFAM:PF03625.19
contig_1	3557375	3557578	-	LLMDKN_007796	7.4	6.1		
contig_1	3557569	3557790	-	LLMDKN_007797	8.4	8.9		
contig_1	3557765	3558493	-	LLMDKN_007798	26.7	7.0	PF00144.29|Beta-lactamase	PFAM:PF00144.29
contig_1	3558475	3558729	-	LLMDKN_007799	9.3	8.0		
contig_1	3559970	3560257	+	LLMDKN_007801	10.7	9.8		
contig_1	3560116	3560589	-	LLMDKN_007802	17.1	5.3		
contig_1	3560650	3560853	+	LLMDKN_007803	7.7	4.9		
contig_1	3560916	3561074	-	LLMDKN_007804	6.2	9.2		
contig_1	3561013	3561531	-	LLMDKN_007805	19.6	8.6	PF00165.29|HTH_AraC, PF12833.13|HTH_18	PFAM:PF00165.29, PFAM:PF12833.13
contig_1	3561548	3562003	+	LLMDKN_007806	17.4	9.4		
contig_1	3562723	3563214	-	LLMDKN_007808	17.9	4.7		
contig_1	3563199	3563675	-	LLMDKN_007809	17.3	8.6		
contig_1	3563693	3564085	-	LLMDKN_007810	14.5	7.7	PF00364.28|Biotin_lipoyl, PF13533.12|Biotin_lipoyl_2	PFAM:PF00364.28, PFAM:PF13533.12
contig_1	3564055	3564171	-	LLMDKN_007811	4.3	9.8		
contig_1	3564209	3564376	-	LLMDKN_007812	6.3	6.0		
contig_1	3564322	3565191	-	LLMDKN_007813	33.0	5.8	PF02785.25|Biotin_carb_C, PF02786.22|CPSase_L_D2	PFAM:PF02785.25, PFAM:PF02786.22
contig_1	3565367	3565642	-	LLMDKN_007814	9.9	6.3	PF00289.28|Biotin_carb_N	PFAM:PF00289.28
contig_1	3565830	3566123	-	LLMDKN_007815	11.2	10.2		
contig_1	3566251	3566724	+	LLMDKN_007816	17.3	8.9	PF00999.27|Na_H_Exchanger	PFAM:PF00999.27
contig_1	3566718	3567323	+	LLMDKN_007817	21.7	5.1	PF00999.27|Na_H_Exchanger	PFAM:PF00999.27
contig_1	3567819	3568370	+	LLMDKN_007818	21.5	5.6	PF02080.26|TrkA_C	PFAM:PF02080.26
contig_1	3568789	3569061	+	LLMDKN_007819	10.5	9.7		
contig_1	3569613	3569942	+	LLMDKN_007820	13.4	6.7		
contig_1	3569903	3570250	+	LLMDKN_007821	13.0	8.8	PF08534.16|Redoxin	PFAM:PF08534.16
contig_1	3570238	3570480	+	LLMDKN_007822	9.3	9.1		
contig_1	3570504	3570638	-	LLMDKN_007823	5.2	5.7		
contig_1	3570669	3571382	-	LLMDKN_007824	27.3	7.1		
contig_1	3571345	3571671	-	LLMDKN_007825	13.1	7.8	PF17767.7|NAPRTase_N	PFAM:PF17767.7
contig_1	3571857	3572069	-	LLMDKN_007826	8.2	8.7		
contig_1	3572138	3572248	-	LLMDKN_007827	4.4	9.0		
contig_1	3572245	3572547	-	LLMDKN_007828	11.1	9.9		
contig_1	3572505	3572744	-	LLMDKN_007829	9.2	6.3		
contig_1	3572793	3572981	-	LLMDKN_007830	7.3	4.8		
contig_1	3573182	3573331	-	LLMDKN_007831	5.8	6.0		
contig_1	3573620	3574222	-	LLMDKN_007832	21.5	5.3	PF00106.31|adh_short, PF13561.12|adh_short_C2	PFAM:PF00106.31, PFAM:PF13561.12
contig_1	3574168	3574392	-	LLMDKN_007833	8.3	10.4	PF00106.31|adh_short	PFAM:PF00106.31
contig_1	3575513	3575716	+	LLMDKN_007834	7.6	9.9	PF13304.12|AAA_21	PFAM:PF13304.12
contig_1	3576009	3576203	+	LLMDKN_007835	7.5	9.9		
contig_1	3576263	3576367	+	LLMDKN_007836	4.0	10.0		
contig_1	3576364	3576633	+	LLMDKN_007837	10.9	5.0	PF13304.12|AAA_21	PFAM:PF13304.12
contig_1	3577192	3577332	+	LLMDKN_007838	5.4	4.5		
contig_1	3577332	3577577	+	LLMDKN_007839	9.6	10.2		
contig_1	3577618	3578148	+	LLMDKN_007840	19.9	4.8		
contig_1	3578145	3578276	+	LLMDKN_007841	4.9	4.3		
contig_1	3578278	3578754	+	LLMDKN_007842	18.5	4.4		
contig_1	3578845	3579117	+	LLMDKN_007843	10.3	8.8		
contig_1	3579349	3579555	+	LLMDKN_007844	7.7	4.6		
contig_1	3579586	3579801	+	LLMDKN_007845	8.2	4.7		
contig_1	3579987	3580163	+	LLMDKN_007846	6.9	4.7		
contig_1	3580156	3580347	+	LLMDKN_007847	7.3	4.2		
contig_1	3580507	3580680	+	LLMDKN_007848	6.8	4.1		
contig_1	3580646	3580855	+	LLMDKN_007849	8.1	9.2		
contig_1	3581131	3581373	+	LLMDKN_007850	9.5	9.6		
contig_1	3581381	3581479	+	LLMDKN_007851	3.8	4.2		
contig_1	3581490	3581603	+	LLMDKN_007852	4.3	9.2		
contig_1	3581578	3581997	+	LLMDKN_007853	16.3	5.4		
contig_1	3582031	3582315	+	LLMDKN_007854	10.9	10.1		
contig_1	3582312	3582644	+	LLMDKN_007855	12.9	6.8		
contig_1	3582892	3583350	+	LLMDKN_007856	17.8	4.4		
contig_1	3583919	3584047	+	LLMDKN_007857	4.9	4.2		
contig_1	3584176	3584400	+	LLMDKN_007858	8.2	6.7		
contig_1	3584616	3585239	+	LLMDKN_007859	24.0	5.9		
contig_1	3585323	3585658	+	LLMDKN_007860	12.9	8.8		
contig_1	3585793	3586032	+	LLMDKN_007861	9.2	6.1		
contig_1	3586001	3586489	+	LLMDKN_007862	19.3	6.2		
contig_1	3586569	3586796	+	LLMDKN_007863	8.8	10.8		
contig_1	3587110	3587508	+	LLMDKN_007864	14.9	4.9	PF00092.34|VWA, PF13519.12|VWA_2	PFAM:PF00092.34, PFAM:PF13519.12
contig_1	3587629	3587814	+	LLMDKN_007865	6.4	9.8	PF01661.27|Macro	PFAM:PF01661.27
contig_1	3587772	3588023	+	LLMDKN_007866	9.2	8.9	PF01661.27|Macro	PFAM:PF01661.27
contig_1	3588177	3588326	+	LLMDKN_007867	5.4	9.3		
contig_1	3588266	3588472	+	LLMDKN_007868	7.9	6.0		
contig_1	3588608	3588898	+	LLMDKN_007869	11.5	9.1		
contig_1	3588962	3589174	+	LLMDKN_007870	8.1	9.7	PF01381.28|HTH_3, PF13443.12|HTH_26	PFAM:PF01381.28, PFAM:PF13443.12
contig_1	3589185	3589703	+	LLMDKN_007871	19.9	7.8	PF04326.19|SLFN_AlbA_2	PFAM:PF04326.19
contig_1	3589658	3590590	+	LLMDKN_007872	35.4	6.1	PF13749.12|HATPase_c_4	PFAM:PF13749.12
contig_1	3590607	3590744	+	LLMDKN_007873	5.1	8.1		
contig_1	3590769	3591002	+	LLMDKN_007874	8.8	7.9		
contig_1	3591074	3591256	+	LLMDKN_007875	7.3	9.4		
contig_1	3591681	3591941	+	LLMDKN_007876	10.5	9.4		
contig_1	3592268	3592519	+	LLMDKN_007877	9.8	5.3		
contig_1	3593423	3593650	+	LLMDKN_007878	8.7	6.5		
contig_1	3593918	3594325	+	LLMDKN_007879	15.8	8.7		
contig_1	3594541	3594783	+	LLMDKN_007880	9.4	9.1		
contig_1	3594819	3595130	+	LLMDKN_007881	12.5	4.3		
contig_1	3595207	3595467	+	LLMDKN_007882	10.6	9.3		
contig_1	3595616	3595792	+	LLMDKN_007883	6.8	4.4		
contig_1	3596212	3596319	+	LLMDKN_007884	4.1	6.1		
contig_1	3596410	3596664	+	LLMDKN_007885	10.0	4.3		
contig_1	3597498	3597596	+	LLMDKN_007886	3.8	6.5		
contig_1	3597845	3598051	+	LLMDKN_007887	8.0	9.3		
contig_1	3598008	3598112	+	LLMDKN_007888	4.2	6.1		
contig_1	3598311	3598754	+	LLMDKN_007889	16.6	9.6		
contig_1	3599221	3599403	+	LLMDKN_007890	7.3	10.5		
contig_1	3599387	3600070	+	LLMDKN_007891	26.7	8.9	PF00271.37|Helicase_C	PFAM:PF00271.37
contig_1	3600054	3600215	+	LLMDKN_007892	6.3	9.8		
contig_1	3600478	3600999	+	LLMDKN_007893	20.1	9.1		
contig_1	3600996	3601703	+	LLMDKN_007894	27.0	9.0		
contig_1	3601732	3602031	+	LLMDKN_007895	11.2	4.7		
contig_1	3602031	3602120	+	LLMDKN_007896	3.8	8.8		
contig_1	3602107	3602265	+	LLMDKN_007897	6.3	4.6		
contig_1	3602265	3602450	+	LLMDKN_007898	6.7	4.1		
contig_1	3602535	3602645	+	LLMDKN_007899	4.2	4.7		
contig_1	3603086	3603256	+	LLMDKN_007900	6.2	5.5		
contig_1	3603911	3604111	+	LLMDKN_007901	7.7	9.7		
contig_1	3604548	3604928	-	LLMDKN_007902	14.2	4.3		
contig_1	3604925	3605026	-	LLMDKN_007903	3.9	9.2		
contig_1	3605063	3605311	-	LLMDKN_007904	9.2	5.7		
contig_1	3605480	3605791	-	LLMDKN_007905	11.7	9.4		
contig_1	3605751	3606170	-	LLMDKN_007906	16.3	5.8		
contig_1	3606273	3606431	-	LLMDKN_007907	6.0	5.6		
contig_1	3607149	3607544	-	LLMDKN_007908	15.2	5.1		
contig_1	3607924	3608082	-	LLMDKN_007909	5.5	4.1		
contig_1	3608088	3608312	-	LLMDKN_007910	8.7	9.6		
contig_1	3608540	3608686	-	LLMDKN_007911	5.6	6.5		
contig_1	3608788	3608997	-	LLMDKN_007912	8.3	8.1		
contig_1	3609546	3609683	-	LLMDKN_007913	5.4	6.7		
contig_1	3609723	3610220	-	LLMDKN_007914	18.6	9.6		
contig_1	3610175	3610804	-	LLMDKN_007915	25.5	8.8	PF13102.12|Phage_int_SAM_5	PFAM:PF13102.12
contig_1	3610973	3611257	-	LLMDKN_007916	11.3	9.7	PF12728.13|HTH_17	PFAM:PF12728.13
contig_1	3611254	3611832	-	LLMDKN_007917	23.3	9.7	PF12728.13|HTH_17, PF13384.12|HTH_23	PFAM:PF12728.13, PFAM:PF13384.12
contig_1	3612390	3613244	-	LLMDKN_007918	31.5	4.9	PF00025.27|Arf, PF00071.28|Ras, PF00350.29|Dynamin_N, PF02421.24|FeoB_N, PF03193.22|RsgA_GTPase, PF04670.18|Gtr1_RagA	PFAM:PF00025.27, PFAM:PF00071.28, PFAM:PF00350.29, PFAM:PF02421.24, PFAM:PF03193.22, PFAM:PF04670.18
contig_1	3613244	3613540	-	LLMDKN_007919	10.6	9.2		
contig_1	3613829	3614179	+	LLMDKN_007920	13.4	7.7	PF08447.18|PAS_3	PFAM:PF08447.18
contig_1	3614208	3614909	+	LLMDKN_007921	26.6	5.5	PF00512.31|HisKA	PFAM:PF00512.31
contig_1	3614887	3615282	+	LLMDKN_007922	14.5	5.9	PF02518.31|HATPase_c	PFAM:PF02518.31
contig_1	3615255	3615593	+	LLMDKN_007923	12.7	5.5	PF00072.30|Response_reg	PFAM:PF00072.30
contig_1	3615672	3615788	+	LLMDKN_007924	4.1	10.3	PF13460.12|NAD_binding_10	PFAM:PF13460.12
contig_1	3615811	3615990	+	LLMDKN_007925	6.5	4.8	PF13460.12|NAD_binding_10	PFAM:PF13460.12
contig_1	3616089	3616325	+	LLMDKN_007926	8.9	5.0		
contig_1	3616309	3616599	-	LLMDKN_007927	11.6	7.7		
contig_1	3616650	3616835	-	LLMDKN_007928	6.8	4.1		
contig_1	3616845	3617219	-	LLMDKN_007929	13.7	8.8	PF01048.26|PNP_UDP_1	PFAM:PF01048.26
contig_1	3617373	3617651	-	LLMDKN_007930	10.4	6.8	PF01048.26|PNP_UDP_1	PFAM:PF01048.26
contig_1	3617841	3618629	-	LLMDKN_007931	27.9	5.4		
contig_1	3618626	3618841	-	LLMDKN_007932	8.1	8.2		
contig_1	3618917	3619063	-	LLMDKN_007933	5.2	9.9		
contig_1	3619349	3620044	-	LLMDKN_007934	27.3	5.4		
contig_1	3620041	3620364	-	LLMDKN_007935	12.5	5.6		
contig_1	3620486	3620776	-	LLMDKN_007936	10.7	9.4	PF07719.23|TPR_2, PF13174.12|TPR_6, PF13181.12|TPR_8, PF13428.12|TPR_14, PF13432.12|TPR_16, PF14559.12|TPR_19	PFAM:PF07719.23, PFAM:PF13174.12, PFAM:PF13181.12, PFAM:PF13428.12, PFAM:PF13432.12, PFAM:PF14559.12
contig_1	3621018	3621365	+	LLMDKN_007937	13.1	9.6		
contig_1	3621338	3621559	+	LLMDKN_007938	8.5	9.4		
contig_1	3621910	3622059	+	LLMDKN_007939	5.7	8.0		
contig_1	3622177	3622299	-	LLMDKN_007940	4.3	4.3		
contig_1	3622314	3622640	-	LLMDKN_007941	12.1	8.8		
contig_1	3622619	3622849	-	LLMDKN_007942	8.3	9.2		
contig_1	3623276	3623560	-	LLMDKN_007943	10.2	8.8		
contig_1	3623661	3623807	-	LLMDKN_007944	5.5	9.3		
contig_1	3623812	3624168	-	LLMDKN_007945	13.4	8.8	PF19515.5|DUF6048	PFAM:PF19515.5
contig_1	3624524	3624934	-	LLMDKN_007946	15.7	9.4		
contig_1	3624876	3625073	-	LLMDKN_007947	7.4	7.7		
contig_1	3625077	3625301	-	LLMDKN_007948	8.4	8.1		
contig_1	3626061	3626273	-	LLMDKN_007950	7.8	4.6		
contig_1	3626266	3626454	-	LLMDKN_007951	7.4	9.3		
contig_1	3627201	3627416	-	LLMDKN_007954	8.2	9.8		
contig_1	3627717	3627962	-	LLMDKN_007955	9.3	5.6	PF13561.12|adh_short_C2	PFAM:PF13561.12
contig_1	3628171	3628383	-	LLMDKN_007956	7.9	4.5	PF00106.31|adh_short, PF13561.12|adh_short_C2	PFAM:PF00106.31, PFAM:PF13561.12
contig_1	3628359	3628610	-	LLMDKN_007957	9.7	10.5		
contig_1	3629443	3629859	-	LLMDKN_007958	16.1	8.2	PF06445.20|GyrI-like	PFAM:PF06445.20
contig_1	3629828	3630256	-	LLMDKN_007959	16.5	6.3		
contig_1	3630899	3631054	-	LLMDKN_007960	5.6	5.7	PF07883.17|Cupin_2	PFAM:PF07883.17
contig_1	3631021	3631230	-	LLMDKN_007961	7.9	9.0		
contig_1	3631588	3632304	+	LLMDKN_007962	26.6	6.1		
contig_1	3632440	3632688	+	LLMDKN_007963	9.2	9.2		
contig_1	3632825	3633088	-	LLMDKN_007964	10.2	6.5	PF13302.13|Acetyltransf_3	PFAM:PF13302.13
contig_1	3633385	3633732	+	LLMDKN_007965	13.4	9.4		
contig_1	3634945	3635172	-	LLMDKN_007966	9.2	9.7		
contig_1	3635163	3635339	-	LLMDKN_007967	6.6	9.8		
contig_1	3635698	3636423	-	LLMDKN_007968	27.6	9.0	PF13749.12|HATPase_c_4, PF21247.3|Fic-like_C	PFAM:PF13749.12, PFAM:PF21247.3
contig_1	3636424	3636858	-	LLMDKN_007969	16.8	6.9		
contig_1	3636860	3637111	-	LLMDKN_007970	9.2	4.5	PF04326.19|SLFN_AlbA_2	PFAM:PF04326.19
contig_1	3637297	3637458	-	LLMDKN_007971	6.1	10.3	PF01638.23|HxlR	PFAM:PF01638.23
contig_1	3637965	3638189	+	LLMDKN_007972	8.2	5.1	PF00857.26|Isochorismatase	PFAM:PF00857.26
contig_1	3638274	3638441	+	LLMDKN_007973	6.4	6.0		
contig_1	3638472	3638873	-	LLMDKN_007974	14.8	6.9		
contig_1	3638945	3639277	+	LLMDKN_007975	12.7	9.7	PF12728.13|HTH_17	PFAM:PF12728.13
contig_1	3639321	3639701	-	LLMDKN_007976	14.7	9.2		
contig_1	3639902	3640015	-	LLMDKN_007977	4.5	5.3		
contig_1	3640035	3640274	-	LLMDKN_007978	8.7	10.6		
contig_1	3640452	3640586	-	LLMDKN_007979	5.2	10.6		
contig_1	3640583	3640933	-	LLMDKN_007980	13.7	9.4	PF03432.20|Relaxase	PFAM:PF03432.20
contig_1	3640990	3641232	+	LLMDKN_007981	9.0	7.9		
contig_1	3641761	3642228	-	LLMDKN_007982	17.9	10.7		
contig_1	3642256	3642459	-	LLMDKN_007983	7.5	9.6		
contig_1	3643036	3643581	-	LLMDKN_007984	21.2	5.7	PF05272.17|VapE-like_dom	PFAM:PF05272.17
contig_1	3643594	3643977	+	LLMDKN_007985	13.9	8.3		
contig_1	3644038	3644208	-	LLMDKN_007986	6.2	9.4		
contig_1	3644275	3645036	+	LLMDKN_007987	29.3	9.9	PF12728.13|HTH_17	PFAM:PF12728.13
contig_1	3645036	3645230	+	LLMDKN_007988	7.7	8.6	PF12728.13|HTH_17	PFAM:PF12728.13
contig_1	3645937	3646155	-	LLMDKN_007989	8.7	9.7		
contig_1	3646894	3647286	-	LLMDKN_007990	15.6	9.2	PF13102.12|Phage_int_SAM_5	PFAM:PF13102.12
contig_1	3647423	3647542	-	LLMDKN_007991	4.7	11.0		
contig_1	3647494	3647661	-	LLMDKN_007992	6.4	10.9		
contig_2	83	268	+	LLMDKN_007993	7.4	10.6		
contig_2	176	682	-	LLMDKN_007994	18.9	9.7		
contig_2	835	1371	-	LLMDKN_007995	20.0	8.5		
contig_2	1523	1714	+	LLMDKN_007996	7.1	9.0	PF17293.8|Arm-DNA-bind_5	PFAM:PF17293.8
contig_2	2008	2391	+	LLMDKN_007997	15.0	10.5		
contig_2	2491	2685	+	LLMDKN_007998	7.4	9.2		
contig_2	2767	2973	-	LLMDKN_007999	8.1	10.0	PF12728.13|HTH_17	PFAM:PF12728.13
contig_2	2963	3202	-	LLMDKN_008000	9.0	8.9		
contig_2	3213	3485	-	LLMDKN_008001	10.4	7.8		
contig_2	5017	5142	+	LLMDKN_008002	4.6	5.0		
contig_2	6351	6581	+	LLMDKN_008003	9.0	8.9		
contig_2	6551	6751	+	LLMDKN_008004	8.1	10.5		
contig_2	6888	7034	+	LLMDKN_008005	5.5	4.9		
contig_2	7835	8338	-	LLMDKN_008006	20.3	10.2		
contig_2	8373	8687	-	LLMDKN_008007	11.8	9.4	PF00078.32|RVT_1	PFAM:PF00078.32
contig_2	8823	9098	-	LLMDKN_008008	10.4	9.4		
contig_2	9585	9914	-	LLMDKN_008009	12.5	9.8		
contig_2	10071	10592	-	LLMDKN_008010	20.0	5.0	PF00149.33|Metallophos	PFAM:PF00149.33
contig_2	10721	10948	-	LLMDKN_008011	8.6	6.2		
contig_2	10908	11174	-	LLMDKN_008012	10.0	7.8	PF16656.11|Pur_ac_phosph_N	PFAM:PF16656.11
contig_2	11504	11761	-	LLMDKN_008013	9.6	9.9		
contig_2	11847	12089	-	LLMDKN_008014	9.8	4.9		
contig_2	12031	12384	-	LLMDKN_008015	13.3	5.5		
contig_2	12425	13081	-	LLMDKN_008016	24.2	9.2	PF01266.30|DAO, PF07992.20|Pyr_redox_2, PF13450.12|NAD_binding_8	PFAM:PF01266.30, PFAM:PF07992.20, PFAM:PF13450.12
contig_2	13081	13200	-	LLMDKN_008017	4.4	6.7		
contig_2	13505	13645	-	LLMDKN_008018	5.4	9.2		
contig_2	13688	14110	-	LLMDKN_008019	16.2	8.4	PF00728.28|Glyco_hydro_20	PFAM:PF00728.28
contig_2	14107	14931	-	LLMDKN_008020	31.9	6.1	PF00728.28|Glyco_hydro_20, PF02838.20|Glyco_hydro_20b	PFAM:PF00728.28, PFAM:PF02838.20
contig_2	14934	15110	-	LLMDKN_008021	6.5	9.6		
contig_2	15279	15437	-	LLMDKN_008022	6.0	4.4	PF07980.17|SusD_RagB	PFAM:PF07980.17
contig_2	15388	15894	-	LLMDKN_008023	19.4	8.7	PF07980.17|SusD_RagB	PFAM:PF07980.17
contig_2	16074	16922	-	LLMDKN_008024	31.5	4.7	PF14322.12|SusD-like_3	PFAM:PF14322.12
contig_2	17115	17330	-	LLMDKN_008025	8.6	8.8		
contig_2	17273	17485	-	LLMDKN_008026	8.0	10.3		
contig_2	17434	18006	-	LLMDKN_008027	21.3	5.0		
contig_2	17973	18872	-	LLMDKN_008028	34.1	6.7		
contig_2	18874	19044	-	LLMDKN_008029	6.4	9.2		
contig_2	19088	19756	-	LLMDKN_008030	23.9	5.1	PF07715.20|Plug	PFAM:PF07715.20
contig_2	19753	19926	-	LLMDKN_008031	6.3	4.5	PF13715.12|CarbopepD_reg_2	PFAM:PF13715.12
contig_2	19994	20239	-	LLMDKN_008032	9.5	10.1		
contig_2	20251	20415	-	LLMDKN_008033	6.3	7.8		
contig_2	20574	20759	-	LLMDKN_008034	7.2	6.8	PF16344.10|FecR_C	PFAM:PF16344.10
contig_2	20852	21001	-	LLMDKN_008035	5.5	5.2		
contig_2	21160	21474	-	LLMDKN_008036	12.3	9.9		
contig_2	21656	21994	-	LLMDKN_008037	13.1	9.3	PF04545.22|Sigma70_r4, PF08281.18|Sigma70_r4_2	PFAM:PF04545.22, PFAM:PF08281.18
contig_2	21961	22182	-	LLMDKN_008038	8.8	8.5		
contig_2	22232	22588	+	LLMDKN_008039	13.9	5.2		
contig_2	22585	22827	+	LLMDKN_008040	9.2	4.7		
contig_2	23211	23402	+	LLMDKN_008041	7.5	9.3		
contig_2	23635	23880	+	LLMDKN_008042	8.9	11.6		
contig_2	23832	24344	+	LLMDKN_008043	19.3	7.1		
contig_2	24311	24445	+	LLMDKN_008044	5.2	9.7		
contig_2	24561	25037	+	LLMDKN_008045	17.8	8.5		SO:0001217, UniRef:UniRef50_Q8A4Y1
contig_2	25182	25349	+	LLMDKN_008046	6.1	6.6		
contig_2	26073	26228	+	LLMDKN_008049	6.0	8.7		
contig_2	28891	29523	-	LLMDKN_008053	24.0	7.0		
contig_2	29545	29871	-	LLMDKN_008054	12.2	6.3		
contig_2	30074	30436	-	LLMDKN_008055	13.7	9.5		
contig_2	30427	30609	-	LLMDKN_008056	6.8	5.4		
contig_2	30704	31021	-	LLMDKN_008057	11.7	7.7		
contig_2	31042	31155	-	LLMDKN_008058	4.1	4.5		
contig_2	31125	31283	-	LLMDKN_008059	6.2	8.1		
contig_2	31247	31456	-	LLMDKN_008060	8.4	6.7		
contig_2	31614	31748	-	LLMDKN_008061	4.7	6.5		
contig_2	31784	32203	-	LLMDKN_008062	16.1	6.7	PF02080.26|TrkA_C	PFAM:PF02080.26
contig_2	32421	32660	+	LLMDKN_008063	9.3	9.2		
contig_2	32603	32884	-	LLMDKN_008064	10.0	4.3	PF00999.27|Na_H_Exchanger	PFAM:PF00999.27
contig_2	32881	33369	-	LLMDKN_008065	17.8	9.2	PF00999.27|Na_H_Exchanger	PFAM:PF00999.27
contig_2	33432	33725	+	LLMDKN_008066	11.0	9.5		
contig_2	33786	34286	-	LLMDKN_008067	18.1	7.9	PF00365.25|PFK	PFAM:PF00365.25
contig_2	34226	34444	-	LLMDKN_008068	7.8	4.4	PF00365.25|PFK	PFAM:PF00365.25
contig_2	34761	34880	-	LLMDKN_008069	4.4	9.7	PF08281.18|Sigma70_r4_2, PF13412.12|HTH_24	PFAM:PF08281.18, PFAM:PF13412.12
contig_2	34847	35248	-	LLMDKN_008070	15.9	9.2	PF04542.20|Sigma70_r2	PFAM:PF04542.20
contig_2	35270	35824	+	LLMDKN_008071	21.0	9.4		
contig_2	36004	36138	-	LLMDKN_008072	4.9	6.7		
contig_2	36392	36634	-	LLMDKN_008073	8.9	6.7	PF00300.27|His_Phos_1	PFAM:PF00300.27
contig_2	36627	36974	-	LLMDKN_008074	12.4	8.8	PF01791.15|DeoC	PFAM:PF01791.15
contig_2	37048	37677	-	LLMDKN_008075	23.2	6.6	PF01791.15|DeoC	PFAM:PF01791.15
contig_2	37697	37927	-	LLMDKN_008076	8.9	5.6	PF00210.30|Ferritin	PFAM:PF00210.30
contig_2	37887	38159	-	LLMDKN_008077	10.4	7.7	PF00210.30|Ferritin	PFAM:PF00210.30
contig_2	38954	39199	-	LLMDKN_008079	9.7	6.0		
contig_2	39196	39444	-	LLMDKN_008080	9.7	5.8	PF00210.30|Ferritin	PFAM:PF00210.30
contig_2	39783	40040	+	LLMDKN_008081	9.5	7.7		
contig_2	40412	40636	-	LLMDKN_008082	9.1	4.6		
contig_2	41043	41615	-	LLMDKN_008084	22.5	9.5	PF01609.27|DDE_Tnp_1, PF13751.12|DDE_Tnp_1_6	PFAM:PF01609.27, PFAM:PF13751.12
contig_2	41802	41903	-	LLMDKN_008085	3.7	9.3		
contig_2	41879	42304	-	LLMDKN_008086	16.5	10.9	PF05598.16|DUF772	PFAM:PF05598.16
contig_2	42551	42664	+	LLMDKN_008087	4.5	9.7		
contig_2	43104	43358	-	LLMDKN_008089	9.9	9.8		
contig_2	43378	43542	-	LLMDKN_008090	6.5	10.0		
contig_2	44341	44436	-	LLMDKN_008092	3.6	4.9		
contig_2	44451	44705	+	LLMDKN_008093	10.1	10.4		
contig_2	44857	45066	-	LLMDKN_008094	8.0	9.6		
contig_2	45294	45644	-	LLMDKN_008095	13.9	6.7		
contig_2	45641	45949	-	LLMDKN_008096	12.2	9.5	PF13102.12|Phage_int_SAM_5	PFAM:PF13102.12
contig_2	45982	46299	-	LLMDKN_008097	12.1	10.1	PF17293.8|Arm-DNA-bind_5	PFAM:PF17293.8
contig_2	46869	47015	-	LLMDKN_008100	5.8	4.7		
contig_2	47501	48316	+	LLMDKN_008101	29.3	4.4		
contig_2	48391	48579	+	LLMDKN_008102	6.9	4.6		
contig_2	48649	49116	+	LLMDKN_008103	17.7	10.2		
contig_2	49028	50104	-	LLMDKN_008104	41.1	7.2		
contig_2	50101	50196	-	LLMDKN_008105	3.6	10.0	PF02954.25|HTH_8	PFAM:PF02954.25
contig_2	50187	51134	-	LLMDKN_008106	35.1	9.0	PF00158.32|Sigma54_activat, PF01078.27|Mg_chelatase, PF07728.20|AAA_5, PF14532.12|Sigma54_activ_2	PFAM:PF00158.32, PFAM:PF01078.27, PFAM:PF07728.20, PFAM:PF14532.12
contig_2	51205	51336	-	LLMDKN_008107	4.7	4.1		
contig_2	51344	51466	-	LLMDKN_008108	4.6	4.7		
contig_2	51817	52485	+	LLMDKN_008109	25.2	9.2		
contig_2	52467	53045	+	LLMDKN_008110	21.6	8.8		
contig_2	53296	53856	+	LLMDKN_008111	22.0	9.5		
contig_2	53796	53906	+	LLMDKN_008112	4.1	9.1		
contig_2	53903	54460	+	LLMDKN_008113	21.0	9.8		
contig_2	54632	55294	+	LLMDKN_008114	25.0	9.2	PF12704.14|MacB_PCD	PFAM:PF12704.14
contig_2	55676	56584	+	LLMDKN_008115	35.9	7.6		
contig_2	56646	57110	+	LLMDKN_008116	17.5	9.5	PF02687.27|FtsX	PFAM:PF02687.27
contig_2	57259	57531	+	LLMDKN_008117	10.6	10.1		
contig_2	57630	57956	+	LLMDKN_008118	12.5	6.1	PF12704.14|MacB_PCD	PFAM:PF12704.14
contig_2	58342	59301	+	LLMDKN_008119	36.6	9.2	PF12704.14|MacB_PCD	PFAM:PF12704.14
contig_2	59298	59627	+	LLMDKN_008120	12.5	10.3	PF02687.27|FtsX	PFAM:PF02687.27
contig_2	59624	59758	+	LLMDKN_008121	5.1	10.1		
contig_2	59755	60051	+	LLMDKN_008122	11.4	5.2		
contig_2	60362	61204	+	LLMDKN_008123	31.9	8.6		
contig_2	61260	61547	+	LLMDKN_008124	10.7	9.7		
contig_2	61531	61848	+	LLMDKN_008125	12.1	8.8	PF02687.27|FtsX	PFAM:PF02687.27
contig_2	62075	62344	+	LLMDKN_008126	10.3	5.0		
contig_2	62423	62584	+	LLMDKN_008127	6.0	6.5		
contig_2	62581	62934	+	LLMDKN_008128	13.1	10.1		
contig_2	62974	64158	+	LLMDKN_008129	45.2	6.9	PF02687.27|FtsX	PFAM:PF02687.27
contig_2	64058	64405	-	LLMDKN_008130	13.4	10.1		
contig_2	64529	64786	+	LLMDKN_008131	10.0	9.3		
contig_2	64755	65390	+	LLMDKN_008132	24.2	8.8	PF12704.14|MacB_PCD	PFAM:PF12704.14
contig_2	65421	65588	+	LLMDKN_008133	6.1	4.3		
contig_2	65775	66014	+	LLMDKN_008134	9.7	9.5		
contig_2	66216	66515	+	LLMDKN_008135	11.4	8.5		
contig_2	66479	66706	+	LLMDKN_008136	8.8	9.7		
contig_2	66787	66975	+	LLMDKN_008137	7.0	9.2		
contig_2	67045	67182	-	LLMDKN_008138	5.1	4.7		
contig_2	67375	67662	+	LLMDKN_008139	10.8	4.9		
contig_2	67719	68291	+	LLMDKN_008140	21.9	9.3		
contig_2	68251	68736	+	LLMDKN_008141	18.5	6.1	PF12704.14|MacB_PCD	PFAM:PF12704.14
contig_2	68733	68843	+	LLMDKN_008142	3.9	9.5		
contig_2	68888	69121	+	LLMDKN_008143	8.9	9.5		
contig_2	69148	69429	+	LLMDKN_008144	10.2	6.2	PF00005.33|ABC_tran, PF03215.21|Rad17	PFAM:PF00005.33, PFAM:PF03215.21
contig_2	69477	69605	+	LLMDKN_008145	4.8	10.4		
contig_2	70034	70129	+	LLMDKN_008146	3.6	9.7		
contig_2	70126	70518	+	LLMDKN_008147	14.5	5.3		
contig_2	70541	70981	+	LLMDKN_008148	16.3	6.9		
contig_2	70982	71251	+	LLMDKN_008149	10.5	9.8		
contig_2	71298	71666	+	LLMDKN_008150	13.9	5.3		
contig_2	71765	72097	+	LLMDKN_008151	13.1	8.9	PF02687.27|FtsX	PFAM:PF02687.27
contig_2	71994	72290	-	LLMDKN_008152	11.4	9.9		
contig_2	72323	73006	-	LLMDKN_008153	25.0	5.7	PF00155.27|Aminotran_1_2	PFAM:PF00155.27
contig_2	72948	73391	-	LLMDKN_008154	16.2	6.8	PF00155.27|Aminotran_1_2	PFAM:PF00155.27
contig_2	73719	74156	+	LLMDKN_008155	15.9	5.2		
contig_2	74208	74636	+	LLMDKN_008156	16.1	6.1	PF19279.4|YegS_C	PFAM:PF19279.4
contig_2	74862	75350	+	LLMDKN_008157	18.8	8.6	PF00152.25|tRNA-synt_2, PF01336.31|tRNA_anti-codon	PFAM:PF00152.25, PFAM:PF01336.31
contig_2	75341	75652	+	LLMDKN_008158	11.8	4.6	PF00152.25|tRNA-synt_2, PF01409.25|tRNA-synt_2d	PFAM:PF00152.25, PFAM:PF01409.25
contig_2	75612	76028	+	LLMDKN_008159	15.5	5.9	PF00152.25|tRNA-synt_2, PF02938.19|GAD	PFAM:PF00152.25, PFAM:PF02938.19
contig_2	76054	76146	+	LLMDKN_008160	3.5	10.0		
contig_2	76191	76529	+	LLMDKN_008161	12.3	6.0	PF00152.25|tRNA-synt_2	PFAM:PF00152.25
contig_2	76469	76621	+	LLMDKN_008162	5.7	4.3		
contig_2	76704	77006	+	LLMDKN_008163	11.7	6.0	PF04138.20|GtrA_DPMS_TM	PFAM:PF04138.20
contig_2	77200	77505	-	LLMDKN_008164	11.3	9.0		
contig_2	77519	77725	-	LLMDKN_008165	8.2	8.0		
contig_2	77837	77929	+	LLMDKN_008166	3.4	6.7		
contig_2	77985	78344	-	LLMDKN_008167	13.6	5.3		
contig_2	78341	78709	-	LLMDKN_008168	13.9	5.8		
contig_2	78655	78981	-	LLMDKN_008169	12.2	5.0		
contig_2	78954	79097	-	LLMDKN_008170	5.1	4.1		
contig_2	79236	79508	-	LLMDKN_008171	9.3	5.6	PF04060.18|FeS	PFAM:PF04060.18
contig_2	79492	79752	-	LLMDKN_008172	9.7	6.1		
contig_2	80067	80321	+	LLMDKN_008173	9.5	6.2	PF00005.33|ABC_tran	PFAM:PF00005.33
contig_2	80516	80764	-	LLMDKN_008174	9.5	9.5		
contig_2	81007	81213	+	LLMDKN_008175	7.4	9.4		
contig_2	81498	81701	+	LLMDKN_008176	8.1	9.6		
contig_2	81793	81963	+	LLMDKN_008177	6.1	4.9	PF00903.31|Glyoxalase	PFAM:PF00903.31
contig_2	81956	82111	-	LLMDKN_008178	6.2	10.2		
contig_2	82477	82686	+	LLMDKN_008179	7.3	4.3		
contig_2	82789	83040	+	LLMDKN_008180	9.2	5.0		
contig_2	83124	83363	+	LLMDKN_008181	9.0	5.9		
contig_2	83607	84032	+	LLMDKN_008182	16.3	4.9		
contig_2	84115	84402	+	LLMDKN_008183	11.0	10.0	PF02591.20|Zn_ribbon_9	PFAM:PF02591.20
contig_2	84640	84975	+	LLMDKN_008184	13.0	5.3		
contig_2	84917	85153	+	LLMDKN_008185	8.8	5.7		
contig_2	85442	86044	+	LLMDKN_008186	22.0	7.9		
contig_2	86152	86310	+	LLMDKN_008187	5.6	6.0		
contig_2	86783	87205	+	LLMDKN_008188	15.3	8.8		
contig_2	87210	87923	+	LLMDKN_008189	26.1	9.0		
contig_2	87994	88719	+	LLMDKN_008190	25.4	5.3		
contig_2	88695	88988	+	LLMDKN_008191	11.0	8.8		
contig_2	89051	89515	+	LLMDKN_008192	17.0	5.3		
contig_2	89547	89768	+	LLMDKN_008193	7.9	5.1		
contig_2	89716	90288	+	LLMDKN_008194	20.7	7.9		
contig_2	90293	90457	+	LLMDKN_008195	6.6	9.8		
contig_2	90684	90962	-	LLMDKN_008196	10.8	6.7	PF13588.12|HSDR_N_2	PFAM:PF13588.12
contig_2	90962	91132	-	LLMDKN_008197	6.5	11.3		
contig_2	91197	91328	+	LLMDKN_008198	5.3	8.0		
contig_2	91427	91972	+	LLMDKN_008199	20.3	6.4	PF01048.26|PNP_UDP_1	PFAM:PF01048.26
contig_2	91991	92188	+	LLMDKN_008200	7.9	4.7		
contig_2	92161	92385	+	LLMDKN_008201	8.4	9.3	PF06144.19|DNA_pol3_delta	PFAM:PF06144.19
contig_2	92462	92605	+	LLMDKN_008202	5.1	7.9		
contig_2	92656	92946	+	LLMDKN_008203	10.9	9.7		
contig_2	92909	93022	+	LLMDKN_008204	4.0	6.5		
contig_2	94289	94408	+	LLMDKN_008205	4.2	8.4	PF01381.28|HTH_3	PFAM:PF01381.28
contig_2	94419	94613	+	LLMDKN_008206	7.2	4.5		
contig_2	94769	95518	+	LLMDKN_008207	27.7	8.7	PF00175.26|NAD_binding_1, PF10418.14|DHODB_Fe-S_bind	PFAM:PF00175.26, PFAM:PF10418.14
contig_2	95579	95875	+	LLMDKN_008208	10.9	6.8	PF01180.27|DHO_dh	PFAM:PF01180.27
contig_2	96052	96438	+	LLMDKN_008209	13.4	5.7	PF01180.27|DHO_dh, PF01207.24|Dus, PF03060.21|NMO	PFAM:PF01180.27, PFAM:PF01207.24, PFAM:PF03060.21
contig_2	97478	97927	+	LLMDKN_008211	17.6	5.8	PF01653.23|DNA_ligase_aden	PFAM:PF01653.23
contig_2	97927	98310	+	LLMDKN_008212	14.8	8.6	PF01653.23|DNA_ligase_aden	PFAM:PF01653.23
contig_2	98298	98609	+	LLMDKN_008213	11.2	8.1	PF03120.22|DNA_ligase_OB	PFAM:PF03120.22
contig_2	98655	98987	+	LLMDKN_008214	12.6	8.7		
contig_2	99052	99354	+	LLMDKN_008215	11.5	8.9	PF00533.33|BRCT	PFAM:PF00533.33
contig_2	99607	99726	+	LLMDKN_008216	4.5	4.7	PF00701.28|DHDPS	PFAM:PF00701.28
contig_2	99720	99812	+	LLMDKN_008217	3.2	10.3		
contig_2	99826	100014	+	LLMDKN_008218	6.9	8.0	PF00701.28|DHDPS	PFAM:PF00701.28
contig_2	100186	100416	+	LLMDKN_008219	8.5	9.1	PF00701.28|DHDPS	PFAM:PF00701.28
contig_2	100984	101208	-	LLMDKN_008223	8.7	8.9		
contig_2	101165	101389	-	LLMDKN_008224	8.7	9.8		
contig_2	101334	101513	-	LLMDKN_008225	7.1	8.9		
contig_2	101552	101737	-	LLMDKN_008226	7.1	8.1		
contig_2	101783	101917	-	LLMDKN_008227	5.2	10.5		
contig_2	101905	102072	-	LLMDKN_008228	6.4	6.0		
contig_2	102230	102469	-	LLMDKN_008229	9.7	10.2		
contig_2	102469	102774	-	LLMDKN_008230	11.5	5.0	PF01734.28|Patatin	PFAM:PF01734.28
contig_2	103043	103285	-	LLMDKN_008231	9.4	7.7	PF01734.28|Patatin	PFAM:PF01734.28
contig_2	103722	103988	-	LLMDKN_008232	10.4	9.6		
contig_2	104040	104396	-	LLMDKN_008233	13.9	4.9		
contig_2	104453	104845	-	LLMDKN_008234	15.3	7.9		
contig_2	105174	105461	-	LLMDKN_008235	10.5	4.9		
contig_2	105476	105628	+	LLMDKN_008236	5.9	9.4		
contig_2	105654	106256	-	LLMDKN_008237	22.6	4.9	PF07724.20|AAA_2, PF07728.20|AAA_5, PF10431.15|ClpB_D2-small	PFAM:PF07724.20, PFAM:PF07728.20, PFAM:PF10431.15
contig_2	106273	106416	-	LLMDKN_008238	5.1	4.5	PF07724.20|AAA_2	PFAM:PF07724.20
contig_2	106437	106709	-	LLMDKN_008239	9.7	9.5		
contig_2	106706	106807	-	LLMDKN_008240	3.8	8.1		
contig_2	106841	107086	-	LLMDKN_008241	9.9	9.5	PF17871.7|AAA_lid_9	PFAM:PF17871.7
contig_2	107086	107412	-	LLMDKN_008242	12.1	9.7	PF00004.35|AAA	PFAM:PF00004.35
contig_2	107393	108082	-	LLMDKN_008243	25.1	5.1	PF13191.12|AAA_16	PFAM:PF13191.12
contig_2	108534	108713	+	LLMDKN_008244	7.0	9.2		
contig_2	108797	109345	+	LLMDKN_008245	20.5	5.0	PF00521.26|DNA_topoisoIV	PFAM:PF00521.26
contig_2	109342	109491	+	LLMDKN_008246	5.4	4.9		
contig_2	109454	109690	+	LLMDKN_008247	9.1	10.4	PF00521.26|DNA_topoisoIV	PFAM:PF00521.26
contig_2	109754	109852	+	LLMDKN_008248	3.6	8.0		
contig_2	109830	110231	+	LLMDKN_008249	15.5	4.8	PF03989.18|DNA_gyraseA_C	PFAM:PF03989.18
contig_2	110218	111072	+	LLMDKN_008250	31.8	6.3	PF03989.18|DNA_gyraseA_C	PFAM:PF03989.18
contig_2	111126	111518	+	LLMDKN_008251	14.8	6.3		
contig_2	111673	112005	+	LLMDKN_008252	12.8	6.6		
contig_2	112908	113363	-	LLMDKN_008253	17.3	7.0	PF00582.32|Usp	PFAM:PF00582.32
contig_2	113418	113651	-	LLMDKN_008254	8.5	5.3	PF09413.15|DUF2007	PFAM:PF09413.15
contig_2	113720	113956	-	LLMDKN_008255	8.8	5.5		
contig_2	114443	114649	-	LLMDKN_008256	7.7	9.5		
contig_2	114637	115038	-	LLMDKN_008257	14.6	4.8	PF00515.34|TPR_1, PF07719.23|TPR_2, PF13181.12|TPR_8, PF13414.12|TPR_11	PFAM:PF00515.34, PFAM:PF07719.23, PFAM:PF13181.12, PFAM:PF13414.12
contig_2	115079	115573	-	LLMDKN_008258	18.8	9.3		
contig_2	115606	115767	-	LLMDKN_008259	6.4	9.5		
contig_2	115724	115960	-	LLMDKN_008260	8.8	8.0	PF13584.12|BatD	PFAM:PF13584.12
contig_2	116087	116407	-	LLMDKN_008261	12.6	9.3		
contig_2	116379	116669	-	LLMDKN_008262	9.8	4.4	PF13584.12|BatD	PFAM:PF13584.12
contig_2	117024	117266	-	LLMDKN_008263	9.5	10.1		
contig_2	117282	117416	-	LLMDKN_008264	5.2	9.8		
contig_2	117376	117654	-	LLMDKN_008265	10.6	10.0	PF13431.12|TPR_17	PFAM:PF13431.12
contig_2	117670	118029	-	LLMDKN_008266	13.5	5.7		
contig_2	117980	118372	-	LLMDKN_008267	14.1	9.1	PF00092.34|VWA, PF13519.12|VWA_2	PFAM:PF00092.34, PFAM:PF13519.12
contig_2	118341	118562	-	LLMDKN_008268	8.2	9.6		
contig_2	118956	119120	-	LLMDKN_008269	6.2	6.0		
contig_2	119253	119684	-	LLMDKN_008270	16.1	8.8	PF07584.16|BatA, PF13519.12|VWA_2	PFAM:PF07584.16, PFAM:PF13519.12
contig_2	119707	120333	-	LLMDKN_008271	24.5	7.7		
contig_2	120303	120779	-	LLMDKN_008272	18.3	5.6		
contig_2	120814	121239	-	LLMDKN_008273	16.4	8.7	PF01882.25|DUF58	PFAM:PF01882.25
contig_2	121296	121685	-	LLMDKN_008274	15.0	5.2	PF01882.25|DUF58	PFAM:PF01882.25
contig_2	121981	122520	-	LLMDKN_008276	20.9	5.5	PF07726.17|AAA_3, PF07728.20|AAA_5	PFAM:PF07726.17, PFAM:PF07728.20
contig_2	122524	122742	-	LLMDKN_008277	8.2	6.3		
contig_2	122893	123105	-	LLMDKN_008278	8.4	9.8		
contig_2	123127	123318	-	LLMDKN_008279	7.0	9.8		
contig_2	123297	123476	-	LLMDKN_008280	6.8	6.2		
contig_2	123637	123825	-	LLMDKN_008281	7.1	4.4		
contig_2	123818	124024	-	LLMDKN_008282	7.6	4.1		
contig_2	124224	124391	-	LLMDKN_008283	6.5	5.1	PF00216.26|Bac_DNA_binding	PFAM:PF00216.26
contig_2	124505	124675	-	LLMDKN_008284	6.2	4.6	PF00216.26|Bac_DNA_binding	PFAM:PF00216.26
contig_2	124738	124935	-	LLMDKN_008285	7.6	4.1	PF18693.7|TRAM_2	PFAM:PF18693.7
contig_2	125014	125400	-	LLMDKN_008286	15.7	9.8	PF04055.27|Radical_SAM	PFAM:PF04055.27
contig_2	125422	125772	-	LLMDKN_008287	13.6	6.5		
contig_2	125762	126058	-	LLMDKN_008288	11.2	5.9		
contig_2	126055	126147	-	LLMDKN_008289	3.5	4.7		
contig_2	126654	126899	-	LLMDKN_008291	9.2	4.1	PF02881.24|SRP54_N	PFAM:PF02881.24
contig_2	127119	127331	-	LLMDKN_008292	8.0	10.3		
contig_2	128042	128851	-	LLMDKN_008293	29.0	5.3	PF18146.6|CinA_KH	PFAM:PF18146.6
contig_2	128879	129175	-	LLMDKN_008294	10.9	4.9	PF00994.29|MoCF_biosynth	PFAM:PF00994.29
contig_2	129244	129411	-	LLMDKN_008295	6.4	9.4		
contig_2	129353	129637	-	LLMDKN_008296	10.8	8.0	PF22521.2|HypF_C_2	PFAM:PF22521.2
contig_2	129613	130263	-	LLMDKN_008297	23.1	5.6		
contig_2	130298	130702	+	LLMDKN_008298	15.2	9.8		
contig_2	130840	131436	+	LLMDKN_008299	22.5	8.3		
contig_2	131529	132524	+	LLMDKN_008300	37.5	7.7		
contig_2	132467	133486	+	LLMDKN_008301	38.3	5.7		
contig_2	133483	134751	+	LLMDKN_008302	47.9	5.3	PF04357.19|TamB	PFAM:PF04357.19
contig_2	134989	135270	+	LLMDKN_008303	10.3	5.3		
contig_2	135180	135353	-	LLMDKN_008304	6.2	8.3	PF03733.18|YccF	PFAM:PF03733.18
contig_2	135555	136334	-	LLMDKN_008305	29.6	9.0	PF03129.25|HGTP_anticodon	PFAM:PF03129.25
contig_2	136387	136968	-	LLMDKN_008306	22.0	8.8		
contig_2	137125	137322	-	LLMDKN_008307	7.2	9.1	PF09360.15|zf-CDGSH	PFAM:PF09360.15
contig_2	137333	137755	-	LLMDKN_008308	16.0	6.1	PF06902.16|Fer4_19	PFAM:PF06902.16
contig_2	137989	138255	-	LLMDKN_008309	10.1	6.0		
contig_2	138231	138512	-	LLMDKN_008310	10.7	6.9		
contig_2	138460	138651	-	LLMDKN_008311	7.2	6.6		
contig_2	138853	139740	-	LLMDKN_008312	32.5	5.2	PF14685.13|PDZ_Tricorn	PFAM:PF14685.13
contig_2	139697	139939	-	LLMDKN_008313	9.1	9.1		
contig_2	139923	140381	-	LLMDKN_008314	17.3	6.6	PF14684.11|Tricorn_C1	PFAM:PF14684.11
contig_2	140374	140763	-	LLMDKN_008315	14.3	5.8	PF07676.18|PD40	PFAM:PF07676.18
contig_2	140715	140909	-	LLMDKN_008316	7.7	9.8		
contig_2	140900	141364	-	LLMDKN_008317	16.8	5.8	PF07676.18|PD40	PFAM:PF07676.18
contig_2	141372	141839	-	LLMDKN_008318	17.7	8.7	PF07676.18|PD40	PFAM:PF07676.18
contig_2	141793	141945	-	LLMDKN_008319	5.3	4.9	PF07676.18|PD40	PFAM:PF07676.18
contig_2	143003	143374	+	LLMDKN_008322	13.6	5.9	PF02277.22|DBI_PRT	PFAM:PF02277.22
contig_2	143332	143463	+	LLMDKN_008323	5.2	4.8		
contig_2	143439	144038	+	LLMDKN_008324	21.8	6.3	PF02277.22|DBI_PRT	PFAM:PF02277.22
contig_2	144013	144351	+	LLMDKN_008325	11.9	6.0		
contig_2	144348	144746	+	LLMDKN_008326	14.9	9.1		
contig_2	145460	145981	-	LLMDKN_008328	19.2	8.9		
contig_2	145942	146259	-	LLMDKN_008329	12.2	9.4		
contig_2	146210	146434	-	LLMDKN_008330	8.4	6.5		
contig_2	146448	147098	-	LLMDKN_008331	24.6	5.4	PF00155.27|Aminotran_1_2	PFAM:PF00155.27
contig_2	147175	147459	-	LLMDKN_008332	10.4	7.8		
contig_2	147571	148386	-	LLMDKN_008333	30.6	6.2	PF07685.20|GATase_3	PFAM:PF07685.20
contig_2	148386	148481	-	LLMDKN_008334	3.3	5.3		
contig_2	148478	148936	-	LLMDKN_008335	16.7	9.0	PF01656.29|CbiA	PFAM:PF01656.29
contig_2	150007	150318	+	LLMDKN_008336	11.9	5.7		
contig_2	150293	150865	+	LLMDKN_008337	21.6	9.4		
contig_2	151571	151786	+	LLMDKN_008338	8.6	5.4		
contig_2	151915	152130	+	LLMDKN_008339	8.3	9.9		
contig_2	154939	155637	+	LLMDKN_008342	26.1	8.8		
contig_2	155580	155723	-	LLMDKN_008343	5.4	6.5		
contig_2	155732	156004	-	LLMDKN_008344	9.7	5.7		
contig_2	157246	158400	-	LLMDKN_008346	43.7	5.0	PF00512.31|HisKA, PF02518.31|HATPase_c, PF08447.18|PAS_3	PFAM:PF00512.31, PFAM:PF02518.31, PFAM:PF08447.18
contig_2	158400	159077	-	LLMDKN_008347	25.9	4.7		
contig_2	159252	159782	-	LLMDKN_008348	20.4	6.4	PF01923.23|Cob_adeno_trans	PFAM:PF01923.23
contig_2	159816	160163	-	LLMDKN_008349	13.0	9.1	PF07685.20|GATase_3	PFAM:PF07685.20
contig_2	160467	160814	-	LLMDKN_008350	12.9	7.8	PF01656.29|CbiA, PF13500.12|AAA_26	PFAM:PF01656.29, PFAM:PF13500.12
contig_2	160798	161088	-	LLMDKN_008351	10.5	9.1	PF01656.29|CbiA	PFAM:PF01656.29
contig_2	161165	161782	-	LLMDKN_008352	23.2	5.2		
contig_2	162413	162580	-	LLMDKN_008354	5.9	4.7	PF06738.18|ThrE	PFAM:PF06738.18
contig_2	162595	163179	-	LLMDKN_008355	22.0	9.4	PF06738.18|ThrE	PFAM:PF06738.18
contig_2	163194	163313	-	LLMDKN_008356	4.6	5.0		
contig_2	164021	164230	+	LLMDKN_008357	7.6	10.8		
contig_2	164291	164470	+	LLMDKN_008358	6.5	10.0		
contig_2	164461	165873	+	LLMDKN_008359	53.0	8.6	PF00593.30|TonB_dep_Rec_b-barrel, PF07715.20|Plug	PFAM:PF00593.30, PFAM:PF07715.20
contig_2	165821	166369	+	LLMDKN_008360	20.3	9.7	PF00593.30|TonB_dep_Rec_b-barrel	PFAM:PF00593.30
contig_2	166306	166584	-	LLMDKN_008361	10.3	8.8		
contig_2	166886	167227	+	LLMDKN_008362	12.7	6.3	PF01903.22|CbiX	PFAM:PF01903.22
contig_2	167170	167379	+	LLMDKN_008363	8.1	10.8		
contig_2	167318	167839	+	LLMDKN_008364	19.6	10.1	PF07715.20|Plug	PFAM:PF07715.20
contig_2	167853	168236	+	LLMDKN_008365	13.7	9.2		
contig_2	168236	168382	+	LLMDKN_008366	5.6	4.1		
contig_2	168478	169170	+	LLMDKN_008367	25.9	8.7	PF00593.30|TonB_dep_Rec_b-barrel	PFAM:PF00593.30
contig_2	169241	169489	+	LLMDKN_008368	9.4	9.8		
contig_2	169441	169647	+	LLMDKN_008369	7.8	7.9		
contig_2	169763	170272	+	LLMDKN_008370	19.4	9.7		
contig_2	170269	170508	+	LLMDKN_008371	8.9	10.8		
contig_2	170456	171127	+	LLMDKN_008372	26.2	9.7		
contig_2	171420	171626	+	LLMDKN_008373	7.7	9.6		
contig_2	171666	172193	+	LLMDKN_008374	20.1	6.8	PF00590.25|TP_methylase	PFAM:PF00590.25
contig_2	172201	172758	+	LLMDKN_008375	20.0	7.1		
contig_2	172915	173133	-	LLMDKN_008376	8.1	8.1		
contig_2	173151	174029	+	LLMDKN_008377	33.2	5.8		
contig_2	174269	174583	+	LLMDKN_008378	11.4	7.7	PF11760.13|CbiG_N	PFAM:PF11760.13
contig_2	174568	174849	+	LLMDKN_008379	10.5	9.4		
contig_2	174879	175607	+	LLMDKN_008380	26.2	5.5	PF00590.25|TP_methylase, PF01890.21|CbiG_C	PFAM:PF00590.25, PFAM:PF01890.21
contig_2	175768	176340	+	LLMDKN_008381	21.5	8.3		
contig_2	176557	176991	+	LLMDKN_008382	15.4	5.3		
contig_2	176976	177329	+	LLMDKN_008383	12.4	9.8		
contig_2	177356	177730	+	LLMDKN_008384	13.6	6.9		
contig_2	178703	179251	-	LLMDKN_008386	20.5	6.6		
contig_2	179205	179525	-	LLMDKN_008387	11.9	10.1		
contig_2	180522	181043	-	LLMDKN_008389	19.0	5.4		
contig_2	181047	181217	-	LLMDKN_008390	6.2	8.1		
contig_2	181244	181366	-	LLMDKN_008391	4.5	4.4		
contig_2	181356	182402	-	LLMDKN_008392	38.7	7.9		
contig_2	182464	183726	-	LLMDKN_008393	45.4	4.5		
contig_2	183851	184285	-	LLMDKN_008394	15.4	4.3		
contig_2	184319	184675	-	LLMDKN_008395	12.5	9.3		
contig_2	184617	184874	-	LLMDKN_008396	9.1	4.7		
contig_2	185014	185862	-	LLMDKN_008397	29.8	5.2		
contig_2	185838	186425	-	LLMDKN_008398	20.3	5.9		
contig_2	186370	186570	-	LLMDKN_008399	6.9	8.4		
contig_2	186554	187120	-	LLMDKN_008400	21.0	4.3		
contig_2	187184	187603	-	LLMDKN_008401	15.3	4.5		
contig_2	187754	187948	-	LLMDKN_008402	7.0	4.7	PF15495.12|Fimbrillin_C	PFAM:PF15495.12
contig_2	187948	188208	-	LLMDKN_008403	9.3	8.8		
contig_2	188216	188311	-	LLMDKN_008404	3.6	9.8		
contig_2	188305	188898	-	LLMDKN_008405	21.4	9.1		
contig_2	188909	189412	-	LLMDKN_008406	17.8	4.6		
contig_2	189409	189873	-	LLMDKN_008407	17.6	8.3		
contig_2	189912	190532	-	LLMDKN_008408	22.2	9.3		
contig_2	190499	190837	-	LLMDKN_008409	11.8	11.6		
contig_2	190846	191100	-	LLMDKN_008410	9.5	9.6	PF03797.25|Autotransporter	PFAM:PF03797.25
contig_2	191106	191381	-	LLMDKN_008411	10.0	9.3		
contig_2	191437	191691	-	LLMDKN_008412	9.6	5.8		
contig_2	191673	191810	-	LLMDKN_008413	5.0	4.6		
contig_2	191841	192035	-	LLMDKN_008414	7.8	10.0		
contig_2	192077	192472	+	LLMDKN_008415	15.1	10.7		
contig_2	192334	192684	-	LLMDKN_008416	13.7	10.5		
contig_2	192724	192891	-	LLMDKN_008417	5.7	10.0		
contig_2	192888	193145	-	LLMDKN_008418	10.1	8.1	PF13102.12|Phage_int_SAM_5	PFAM:PF13102.12
contig_2	193876	193998	-	LLMDKN_008419	4.6	6.1		
contig_2	193995	194615	-	LLMDKN_008420	24.4	4.8		
contig_2	194615	194812	-	LLMDKN_008421	7.3	4.7		
contig_2	194785	195114	-	LLMDKN_008422	12.6	5.2		
contig_2	195080	195385	-	LLMDKN_008423	11.4	9.9		
contig_2	195680	195868	-	LLMDKN_008424	7.5	5.0		
contig_2	197143	197256	-	LLMDKN_008426	4.1	4.4		
contig_2	197256	197531	-	LLMDKN_008427	10.4	9.4		
contig_2	197528	197905	-	LLMDKN_008428	13.5	5.2	PF03727.22|Hexokinase_2	PFAM:PF03727.22
contig_2	197859	198419	-	LLMDKN_008429	21.3	8.7	PF00349.27|Hexokinase_1	PFAM:PF00349.27
contig_2	198694	198816	+	LLMDKN_008430	4.6	7.7		
contig_2	198801	199013	+	LLMDKN_008431	8.3	5.4		
contig_2	199356	199976	+	LLMDKN_008432	24.2	9.2		SO:0001217, UniRef:UniRef50_I9V479
contig_2	200179	200643	+	LLMDKN_008433	17.5	6.0	PF00772.26|DnaB	PFAM:PF00772.26
contig_2	200690	201490	+	LLMDKN_008434	29.8	8.7	PF03796.21|DnaB_C	PFAM:PF03796.21
contig_2	201605	201949	+	LLMDKN_008435	13.0	7.9		
contig_2	202013	202654	+	LLMDKN_008436	23.9	9.1	PF01510.30|Amidase_2	PFAM:PF01510.30
contig_2	202953	203264	-	LLMDKN_008437	12.1	9.4	PF01381.28|HTH_3, PF13560.12|HTH_31	PFAM:PF01381.28, PFAM:PF13560.12
contig_2	203310	203630	-	LLMDKN_008438	12.9	8.8	PF05973.20|Gp49	PFAM:PF05973.20
contig_2	204270	204545	+	LLMDKN_008440	10.2	10.7		
contig_2	204666	205178	+	LLMDKN_008441	20.1	9.8		
contig_2	206168	206545	-	LLMDKN_008448	14.1	6.2		
contig_2	206500	207096	-	LLMDKN_008449	22.2	8.1		
contig_2	207214	207426	-	LLMDKN_008450	7.4	9.7	PF21196.3|PcrA_UvrD_tudor	PFAM:PF21196.3
contig_2	207432	207875	-	LLMDKN_008451	16.9	9.3	PF13361.12|UvrD_C, PF13538.12|UvrD_C_2	PFAM:PF13361.12, PFAM:PF13538.12
contig_2	207881	208579	-	LLMDKN_008452	26.7	5.1	PF13361.12|UvrD_C	PFAM:PF13361.12
contig_2	208668	209570	-	LLMDKN_008453	33.5	9.8	PF00580.27|UvrD-helicase, PF13245.12|AAA_19	PFAM:PF00580.27, PFAM:PF13245.12
contig_2	209692	210750	+	LLMDKN_008454	39.9	5.8	PF00081.27|Sod_Fe_N, PF02777.23|Sod_Fe_C	PFAM:PF00081.27, PFAM:PF02777.23
contig_2	210846	211373	+	LLMDKN_008455	19.5	6.9	PF02581.23|TMP-TENI	PFAM:PF02581.23
contig_2	212443	212652	+	LLMDKN_008457	7.7	6.5	PF13667.11|ThiC-associated	PFAM:PF13667.11
contig_2	212793	213374	+	LLMDKN_008458	21.7	4.6	PF01964.24|ThiC_Rad_SAM	PFAM:PF01964.24
contig_2	213371	213751	+	LLMDKN_008459	14.4	5.1	PF01964.24|ThiC_Rad_SAM	PFAM:PF01964.24
contig_2	213769	214062	+	LLMDKN_008460	10.8	5.7	PF01964.24|ThiC_Rad_SAM	PFAM:PF01964.24
contig_2	214108	214329	+	LLMDKN_008461	8.9	5.8		
contig_2	214284	214673	+	LLMDKN_008462	14.9	9.3		
contig_2	214655	214948	+	LLMDKN_008463	11.3	8.7		
contig_2	214945	215472	+	LLMDKN_008464	20.6	9.3		
contig_2	215430	215777	+	LLMDKN_008465	13.0	4.9	PF06968.18|BATS	PFAM:PF06968.18
contig_2	215817	216263	+	LLMDKN_008466	16.0	5.2	PF00899.27|ThiF	PFAM:PF00899.27
contig_2	216453	216698	+	LLMDKN_008467	9.6	8.8		
contig_2	216671	217207	+	LLMDKN_008468	20.6	8.3	PF02581.23|TMP-TENI	PFAM:PF02581.23
contig_2	217243	217743	-	LLMDKN_008469	18.5	5.5	PF13505.12|OMP_b-brl	PFAM:PF13505.12
contig_2	217958	218194	-	LLMDKN_008470	8.2	5.2		
contig_2	218158	218532	-	LLMDKN_008471	13.6	9.3	PF13505.12|OMP_b-brl, PF13568.12|OMP_b-brl_2	PFAM:PF13505.12, PFAM:PF13568.12
contig_2	218872	219156	-	LLMDKN_008472	10.5	5.3	PF02896.24|PEP-utilizers_C	PFAM:PF02896.24
contig_2	219140	219367	-	LLMDKN_008473	8.5	8.0	PF02896.24|PEP-utilizers_C	PFAM:PF02896.24
contig_2	219418	219624	-	LLMDKN_008474	7.6	6.7	PF02896.24|PEP-utilizers_C	PFAM:PF02896.24
contig_2	219629	220252	-	LLMDKN_008475	22.0	5.8	PF00391.29|PEP-utilizers, PF02896.24|PEP-utilizers_C	PFAM:PF00391.29, PFAM:PF02896.24
contig_2	220233	220670	-	LLMDKN_008476	16.5	4.8		
contig_2	220639	220770	-	LLMDKN_008477	4.6	4.5		
contig_2	220767	221042	-	LLMDKN_008478	10.5	6.9		
contig_2	221000	221158	-	LLMDKN_008479	5.7	9.3		
contig_2	221714	222148	+	LLMDKN_008480	16.1	9.7	PF01938.26|TRAM	PFAM:PF01938.26
contig_2	222348	222956	+	LLMDKN_008481	23.0	4.6	PF13847.12|Methyltransf_31	PFAM:PF13847.12
contig_2	222938	223132	+	LLMDKN_008482	7.4	6.4		
contig_2	223143	223406	+	LLMDKN_008483	10.0	10.4		
contig_2	223588	224013	+	LLMDKN_008484	16.1	10.0		
contig_2	224128	224532	-	LLMDKN_008485	15.1	4.1		
contig_2	224554	224712	-	LLMDKN_008486	6.1	9.0		
contig_2	224661	224819	-	LLMDKN_008487	6.2	4.7		
contig_2	224804	224995	-	LLMDKN_008488	7.1	8.9		
contig_2	227078	227206	-	LLMDKN_008489	5.1	8.2		
contig_2	227268	227387	-	LLMDKN_008490	4.7	5.5		
contig_2	227345	227518	-	LLMDKN_008491	6.8	10.1		
contig_2	227527	227730	-	LLMDKN_008492	7.7	10.0		
contig_2	227755	227922	-	LLMDKN_008493	6.4	5.1		
contig_2	228014	228220	-	LLMDKN_008494	7.9	9.7		
contig_2	228353	228586	-	LLMDKN_008495	9.1	4.8		
contig_2	228665	228874	-	LLMDKN_008496	8.3	5.8		
contig_2	228942	229295	-	LLMDKN_008497	12.6	4.9		
contig_2	229434	229652	-	LLMDKN_008498	8.4	5.6		
contig_2	229628	230002	-	LLMDKN_008499	14.4	8.9		
contig_2	230015	230203	-	LLMDKN_008500	7.5	6.5		
contig_2	230225	230488	-	LLMDKN_008501	9.7	9.8		
contig_2	230667	230966	-	LLMDKN_008502	12.0	5.2		
contig_2	231081	231320	-	LLMDKN_008503	9.6	9.7		
contig_2	231523	231663	-	LLMDKN_008504	5.7	11.0		
contig_2	231615	231821	-	LLMDKN_008505	8.0	5.6		
contig_2	231864	232097	-	LLMDKN_008506	9.2	10.4	PF00271.37|Helicase_C, PF22590.2|Cas3-like_C_2	PFAM:PF00271.37, PFAM:PF22590.2
contig_2	232192	232542	-	LLMDKN_008507	13.1	5.6		
contig_2	232575	232748	-	LLMDKN_008508	6.8	9.4		
contig_2	232745	233101	-	LLMDKN_008509	13.8	9.3		
contig_2	233741	234070	-	LLMDKN_008510	12.3	9.4		
contig_2	234082	234219	-	LLMDKN_008511	4.7	9.8		
contig_2	235268	235537	+	LLMDKN_008512	10.1	5.0		
contig_2	235483	235668	+	LLMDKN_008513	6.9	4.7	PF00557.29|Peptidase_M24	PFAM:PF00557.29
contig_2	235653	236012	+	LLMDKN_008514	13.1	4.3	PF00557.29|Peptidase_M24	PFAM:PF00557.29
contig_2	236013	236405	+	LLMDKN_008515	15.4	6.6		
contig_2	236449	236745	+	LLMDKN_008516	11.0	9.6		
contig_2	236789	237130	+	LLMDKN_008517	12.9	9.3		
contig_2	237085	237240	+	LLMDKN_008518	5.9	4.9		
contig_2	237526	238068	+	LLMDKN_008519	20.2	9.0		
contig_2	238292	238717	-	LLMDKN_008520	15.1	6.0		
contig_2	238693	238863	-	LLMDKN_008521	6.5	9.8		
contig_2	238823	238966	-	LLMDKN_008522	5.6	9.5		
contig_2	238909	239253	-	LLMDKN_008523	12.2	7.7		
contig_2	239558	239854	-	LLMDKN_008524	11.1	6.7		
contig_2	239805	240329	-	LLMDKN_008525	20.1	6.9		
contig_2	240310	240609	-	LLMDKN_008526	11.5	8.0		
contig_2	240618	240752	-	LLMDKN_008527	4.9	9.5		
contig_2	240907	241647	-	LLMDKN_008528	28.0	8.5	PF00679.30|EFG_C	PFAM:PF00679.30
contig_2	241616	241885	-	LLMDKN_008529	9.6	5.0		
contig_2	241882	242019	-	LLMDKN_008530	5.3	10.0		
contig_2	242016	242603	-	LLMDKN_008531	21.7	4.6	PF00009.33|GTP_EFTU, PF00071.28|Ras	PFAM:PF00009.33, PFAM:PF00071.28
contig_2	243032	243136	-	LLMDKN_008532	4.1	9.7		
contig_2	243148	243444	-	LLMDKN_008533	10.9	9.0		
contig_2	244098	244196	-	LLMDKN_008535	3.5	5.3		
contig_2	245044	245217	-	LLMDKN_008537	5.8	6.0		
contig_2	245239	245673	+	LLMDKN_008538	16.5	9.9		
contig_2	245666	246103	-	LLMDKN_008539	15.7	6.8		
contig_2	246787	247404	+	LLMDKN_008541	23.8	9.8	PF05598.16|DUF772	PFAM:PF05598.16
contig_2	247570	247872	+	LLMDKN_008542	12.1	6.8		
contig_2	247892	248083	+	LLMDKN_008543	7.4	9.0	PF13751.12|DDE_Tnp_1_6	PFAM:PF13751.12
contig_2	248047	248466	+	LLMDKN_008544	16.6	10.8	PF13751.12|DDE_Tnp_1_6	PFAM:PF13751.12
contig_2	248689	248790	-	LLMDKN_008545	3.8	6.0	PF12637.12|TSCPD	PFAM:PF12637.12
contig_2	249627	249884	-	LLMDKN_008547	9.8	7.9	PF03147.19|FDX-ACB	PFAM:PF03147.19
contig_2	249865	251718	-	LLMDKN_008548	68.4	5.5	PF03483.22|B3_4, PF03484.21|B5, PF17759.6|tRNA_synthFbeta	PFAM:PF03483.22, PFAM:PF03484.21, PFAM:PF17759.6
contig_2	251808	252221	-	LLMDKN_008549	15.0	5.9	PF01588.26|tRNA_bind	PFAM:PF01588.26
contig_2	252241	252585	-	LLMDKN_008550	13.1	9.1		
contig_2	252579	252827	-	LLMDKN_008551	9.3	4.9		
contig_2	252776	253186	-	LLMDKN_008552	16.0	6.2		
contig_2	253314	253469	-	LLMDKN_008553	5.7	9.5		
contig_2	253474	253704	-	LLMDKN_008554	8.5	9.4		
contig_2	253710	253844	-	LLMDKN_008555	5.0	8.9		
contig_2	253905	254090	-	LLMDKN_008556	6.8	5.5		
contig_2	254310	254669	-	LLMDKN_008557	14.3	7.8		
contig_2	254666	254788	-	LLMDKN_008558	4.3	4.1	PF00535.33|Glycos_transf_2	PFAM:PF00535.33
contig_2	255256	255450	-	LLMDKN_008559	7.5	4.4	PF00535.33|Glycos_transf_2	PFAM:PF00535.33
contig_2	255422	255676	-	LLMDKN_008560	9.6	4.3	PF00535.33|Glycos_transf_2	PFAM:PF00535.33
contig_2	256819	256983	+	LLMDKN_008561	6.6	10.2		
contig_2	257051	257218	-	LLMDKN_008562	6.6	9.2		
contig_2	257212	257520	-	LLMDKN_008563	11.7	7.6		
contig_2	257542	257754	-	LLMDKN_008564	8.1	4.9	PF00535.33|Glycos_transf_2	PFAM:PF00535.33
contig_2	257925	258179	-	LLMDKN_008565	9.7	4.7		
contig_2	258366	258644	-	LLMDKN_008566	10.7	7.7	PF00535.33|Glycos_transf_2	PFAM:PF00535.33
contig_2	260050	260334	-	LLMDKN_008567	11.2	5.5		
contig_2	260640	261275	-	LLMDKN_008568	23.6	9.7		
contig_2	261518	261676	-	LLMDKN_008569	6.1	5.8		
contig_2	261950	262342	-	LLMDKN_008570	14.4	4.9	PF02775.26|TPP_enzyme_C	PFAM:PF02775.26
contig_2	262356	262715	-	LLMDKN_008571	13.8	9.1	PF02775.26|TPP_enzyme_C	PFAM:PF02775.26
contig_2	262729	262929	-	LLMDKN_008572	7.6	6.2		
contig_2	263013	263453	-	LLMDKN_008573	16.6	4.7		
contig_2	263450	263686	-	LLMDKN_008574	8.8	5.1	PF02776.23|TPP_enzyme_N	PFAM:PF02776.23
contig_2	263673	264311	-	LLMDKN_008575	23.9	6.8	PF16363.11|GDP_Man_Dehyd	PFAM:PF16363.11
contig_2	264399	264593	-	LLMDKN_008576	7.1	6.7		
contig_2	264590	264808	-	LLMDKN_008577	8.5	5.3		
contig_2	264789	265070	-	LLMDKN_008578	10.4	5.2		
contig_2	265091	265372	-	LLMDKN_008579	10.4	5.8	PF16363.11|GDP_Man_Dehyd	PFAM:PF16363.11
contig_2	265369	265665	-	LLMDKN_008580	11.2	6.1	PF16363.11|GDP_Man_Dehyd	PFAM:PF16363.11
contig_2	265761	266021	+	LLMDKN_008581	9.7	5.6		
contig_2	266018	266236	+	LLMDKN_008582	7.8	4.5		
contig_2	266137	266442	-	LLMDKN_008583	11.6	9.6	PF12804.13|NTP_transf_3	PFAM:PF12804.13
contig_2	266480	266641	-	LLMDKN_008584	6.1	8.2		
contig_2	267567	267818	-	LLMDKN_008586	9.8	8.8		
contig_2	267927	268382	-	LLMDKN_008587	17.3	7.0	PF00908.23|dTDP_sugar_isom	PFAM:PF00908.23
contig_2	268396	268533	-	LLMDKN_008588	5.1	6.1		
contig_2	269305	269457	-	LLMDKN_008590	6.1	4.1		
contig_2	269441	269653	-	LLMDKN_008591	8.0	4.7		
contig_2	269658	269792	-	LLMDKN_008592	5.1	5.3		
contig_2	269928	270092	-	LLMDKN_008593	6.2	4.6		
contig_2	270207	270335	-	LLMDKN_008594	5.1	6.1		
contig_2	271373	271621	-	LLMDKN_008595	9.1	10.1		
contig_2	271702	272067	-	LLMDKN_008596	13.4	7.0		
contig_2	272157	272540	-	LLMDKN_008597	13.5	4.6		
contig_2	272480	273067	-	LLMDKN_008598	22.5	7.7		
contig_2	273033	273464	-	LLMDKN_008599	15.9	7.7	PF07959.18|Fucose_pyrophosphorylase	PFAM:PF07959.18
contig_2	273482	273709	-	LLMDKN_008600	8.5	4.4		
contig_2	273681	273956	-	LLMDKN_008601	10.5	5.5		
contig_2	274345	274623	-	LLMDKN_008602	10.8	6.0	PF05336.19|rhaM	PFAM:PF05336.19
contig_2	274663	275379	-	LLMDKN_008603	26.6	5.5	PF03796.21|DnaB_C	PFAM:PF03796.21
contig_2	275366	275515	-	LLMDKN_008604	5.5	8.0	PF03796.21|DnaB_C	PFAM:PF03796.21
contig_2	275508	276230	-	LLMDKN_008605	27.0	5.7	PF00772.26|DnaB, PF03796.21|DnaB_C	PFAM:PF00772.26, PFAM:PF03796.21
contig_2	276411	276665	+	LLMDKN_008606	9.6	5.0		
contig_2	276674	276967	+	LLMDKN_008607	10.7	6.0	PF00288.32|GHMP_kinases_N	PFAM:PF00288.32
contig_2	277035	277235	+	LLMDKN_008608	7.4	4.4	PF08544.19|GHMP_kinases_C	PFAM:PF08544.19
contig_2	277273	277518	+	LLMDKN_008609	8.9	6.1	PF16288.11|DUF4934, PF17170.10|DUF5128	PFAM:PF16288.11, PFAM:PF17170.10
contig_2	277614	277826	+	LLMDKN_008610	7.9	7.8		
contig_2	277915	278172	+	LLMDKN_008611	10.2	9.5		
contig_2	278198	278503	+	LLMDKN_008612	11.7	4.8		
contig_2	278640	279119	+	LLMDKN_008613	18.1	6.7	PF16288.11|DUF4934, PF17170.10|DUF5128	PFAM:PF16288.11, PFAM:PF17170.10
contig_2	279485	279673	+	LLMDKN_008614	7.5	9.4		
contig_2	280205	280327	-	LLMDKN_008616	4.8	5.1		
contig_2	280291	280500	-	LLMDKN_008617	7.7	9.9		
contig_2	280460	281038	-	LLMDKN_008618	21.1	8.4	PF16363.11|GDP_Man_Dehyd	PFAM:PF16363.11
contig_2	280978	281244	-	LLMDKN_008619	9.9	7.9	PF16363.11|GDP_Man_Dehyd	PFAM:PF16363.11
contig_2	281558	282022	-	LLMDKN_008620	16.6	8.3		
contig_2	282034	282306	-	LLMDKN_008621	9.5	7.9		
contig_2	282383	282619	-	LLMDKN_008622	8.3	8.8		
contig_2	282637	282861	-	LLMDKN_008623	7.5	4.7	PF04205.19|FMN_bind	PFAM:PF04205.19
contig_2	282858	283013	-	LLMDKN_008624	5.6	9.5	PF04205.19|FMN_bind	PFAM:PF04205.19
contig_2	282992	283111	-	LLMDKN_008625	4.6	9.3		
contig_2	283173	283277	-	LLMDKN_008626	3.5	6.5		
contig_2	283305	283595	-	LLMDKN_008627	10.5	9.5		
contig_2	283556	284044	-	LLMDKN_008628	17.5	8.9		
contig_2	283990	284295	-	LLMDKN_008629	11.0	8.3		
contig_2	284349	285296	-	LLMDKN_008630	33.6	6.7	PF01512.22|Complex1_51K, PF10531.15|SLBB, PF13237.11|Fer4_10, PF13534.11|Fer4_17	PFAM:PF01512.22, PFAM:PF10531.15, PFAM:PF13237.11, PFAM:PF13534.11
contig_2	285347	285643	-	LLMDKN_008631	10.0	9.6	PF13375.12|RnfC_N	PFAM:PF13375.12
contig_2	285909	286553	-	LLMDKN_008632	22.0	7.3	PF00037.32|Fer4, PF04060.18|FeS, PF12797.12|Fer4_2, PF12837.12|Fer4_6, PF12838.12|Fer4_7, PF13237.11|Fer4_10, PF13459.11|Fer4_15, PF14697.11|Fer4_21	PFAM:PF00037.32, PFAM:PF04060.18, PFAM:PF12797.12, PFAM:PF12837.12, PFAM:PF12838.12, PFAM:PF13237.11, PFAM:PF13459.11, PFAM:PF14697.11
contig_2	287272	287478	-	LLMDKN_008634	7.8	4.9		
contig_2	287505	287636	-	LLMDKN_008635	5.2	10.3		
contig_2	287795	288067	-	LLMDKN_008636	10.4	9.1		
contig_2	288101	288655	-	LLMDKN_008637	21.0	6.8		
contig_2	288740	289189	-	LLMDKN_008638	17.2	8.8		
contig_2	289574	289993	+	LLMDKN_008639	15.4	8.8	PF06418.20|CTP_synth_N	PFAM:PF06418.20
contig_2	290018	290674	+	LLMDKN_008640	24.3	5.5	PF06418.20|CTP_synth_N	PFAM:PF06418.20
contig_2	290728	291174	+	LLMDKN_008641	17.3	5.8	PF00117.34|GATase	PFAM:PF00117.34
contig_2	291553	292107	+	LLMDKN_008642	21.2	9.4	PF14849.12|YidC_periplas	PFAM:PF14849.12
contig_2	292244	293059	+	LLMDKN_008643	30.9	5.5		
contig_2	293124	293342	+	LLMDKN_008644	8.6	9.1		
contig_2	293339	293620	+	LLMDKN_008645	10.6	10.2		
contig_2	293662	293901	+	LLMDKN_008646	8.8	9.6		
contig_2	293919	294125	-	LLMDKN_008647	7.3	9.1		
contig_2	294131	294502	+	LLMDKN_008648	14.0	6.5		
contig_2	296088	296663	+	LLMDKN_008650	22.2	5.1	PF00326.27|Peptidase_S9, PF00561.26|Abhydrolase_1, PF01738.24|DLH, PF08840.17|BAAT_C	PFAM:PF00326.27, PFAM:PF00561.26, PFAM:PF01738.24, PFAM:PF08840.17
contig_2	296776	296982	-	LLMDKN_008651	8.0	10.1	PF13751.12|DDE_Tnp_1_6	PFAM:PF13751.12
contig_2	296952	297260	-	LLMDKN_008652	12.1	9.9	PF13751.12|DDE_Tnp_1_6	PFAM:PF13751.12
contig_2	297206	297583	-	LLMDKN_008653	14.9	9.0		
contig_2	297574	297738	-	LLMDKN_008654	6.5	9.3		
contig_2	298565	299050	-	LLMDKN_008656	18.3	5.9	PF12706.13|Lactamase_B_2	PFAM:PF12706.13
contig_2	299165	299308	-	LLMDKN_008657	5.3	5.6		
contig_2	299321	299503	-	LLMDKN_008658	7.2	12.0		
contig_2	299860	300207	-	LLMDKN_008659	13.2	9.5	PF12682.12|Flavodoxin_4, PF12724.12|Flavodoxin_5	PFAM:PF12682.12, PFAM:PF12724.12
contig_2	300374	300712	+	LLMDKN_008660	12.2	5.6		
contig_2	300636	300821	-	LLMDKN_008661	6.4	5.2		
contig_2	300821	301057	-	LLMDKN_008662	9.4	9.0		
contig_2	301303	301479	-	LLMDKN_008663	6.5	8.2	PF22571.1|LiaI-LiaF-TM_PspC	PFAM:PF22571.1
contig_2	301427	301660	-	LLMDKN_008664	8.0	6.4		
contig_2	301612	302010	-	LLMDKN_008665	14.5	7.6	PF04024.17|PspC	PFAM:PF04024.17
contig_2	302007	302381	-	LLMDKN_008666	14.0	4.8	PF22564.2|HAAS	PFAM:PF22564.2
contig_2	302893	303033	+	LLMDKN_008668	5.4	4.9		
contig_2	303015	303326	+	LLMDKN_008669	12.0	6.4	PF13508.13|Acetyltransf_7, PF13673.13|Acetyltransf_10	PFAM:PF13508.13, PFAM:PF13673.13
contig_2	303497	303886	-	LLMDKN_008670	13.9	8.8		
contig_2	303886	304098	-	LLMDKN_008671	7.6	9.9		
contig_2	304105	304311	-	LLMDKN_008672	7.9	8.0		
contig_2	304284	304784	-	LLMDKN_008673	18.2	6.7		
contig_2	304784	305152	-	LLMDKN_008674	13.1	8.6		
contig_2	305213	305539	-	LLMDKN_008675	12.0	8.3		
contig_2	305547	305693	-	LLMDKN_008676	5.4	6.5		
contig_2	305767	306315	-	LLMDKN_008677	20.7	6.7	PF00005.33|ABC_tran	PFAM:PF00005.33
contig_2	306425	307081	-	LLMDKN_008678	24.0	9.3		
contig_2	307090	307590	-	LLMDKN_008679	18.8	5.5		
contig_2	307553	307726	-	LLMDKN_008680	6.8	5.2	PF17755.6|UvrA_DNA-bind	PFAM:PF17755.6
contig_2	307753	308058	-	LLMDKN_008681	11.3	7.7		
contig_2	308129	308674	-	LLMDKN_008682	20.7	9.0	PF17760.6|UvrA_inter	PFAM:PF17760.6
contig_2	308986	309753	+	LLMDKN_008683	28.7	9.7	PF01476.26|LysM	PFAM:PF01476.26
contig_2	309970	310098	+	LLMDKN_008684	4.8	9.8		
contig_2	310086	310487	+	LLMDKN_008685	15.8	5.9		
contig_2	310487	310618	+	LLMDKN_008686	5.2	9.4		
contig_2	310658	311239	+	LLMDKN_008687	21.4	6.2	PF13568.12|OMP_b-brl_2	PFAM:PF13568.12
contig_2	311401	311709	-	LLMDKN_008688	11.7	10.0		
contig_2	311666	311851	-	LLMDKN_008689	6.7	7.9		
contig_2	313763	313861	-	LLMDKN_008693	3.6	10.4	PF14535.12|AMP-binding_C_2	PFAM:PF14535.12
contig_2	313806	314144	-	LLMDKN_008694	12.9	7.7	PF14535.12|AMP-binding_C_2	PFAM:PF14535.12
contig_2	315920	316168	+	LLMDKN_008697	9.6	5.1		
contig_2	316256	316408	+	LLMDKN_008698	5.7	7.9		
contig_2	316476	316643	+	LLMDKN_008699	6.7	5.2		
contig_2	316606	317211	+	LLMDKN_008700	23.3	9.6	PF00271.37|Helicase_C	PFAM:PF00271.37
contig_2	317542	317769	+	LLMDKN_008701	8.5	9.4		
contig_2	317763	318146	+	LLMDKN_008702	14.5	5.6	PF02698.23|DUF218	PFAM:PF02698.23
contig_2	318180	318407	+	LLMDKN_008703	8.9	9.6		
contig_2	318613	318771	+	LLMDKN_008704	5.9	9.7	PF01841.26|Transglut_core	PFAM:PF01841.26
contig_2	319339	319488	+	LLMDKN_008705	5.6	8.7	PF07973.19|tRNA_SAD	PFAM:PF07973.19
contig_2	319735	320004	+	LLMDKN_008706	10.3	6.3		
contig_2	320033	320164	+	LLMDKN_008707	4.9	4.7	PF00011.27|HSP20	PFAM:PF00011.27
contig_2	320641	320886	+	LLMDKN_008708	9.4	11.2		
contig_2	321148	321567	-	LLMDKN_008709	15.6	8.4	PF00072.30|Response_reg	PFAM:PF00072.30
contig_2	321861	322322	-	LLMDKN_008710	17.7	4.9	PF00512.31|HisKA	PFAM:PF00512.31
contig_2	322273	322479	-	LLMDKN_008711	7.6	4.9		
contig_2	322487	323191	-	LLMDKN_008712	27.3	7.7	PF08447.18|PAS_3	PFAM:PF08447.18
contig_2	323203	323766	-	LLMDKN_008713	22.0	4.6	PF13188.13|PAS_8	PFAM:PF13188.13
contig_2	323840	324139	-	LLMDKN_008714	11.6	4.8		
contig_2	324306	325025	-	LLMDKN_008715	27.2	8.8	PF01061.29|ABC2_membrane, PF12679.13|ABC2_membrane_2	PFAM:PF01061.29, PFAM:PF12679.13
contig_2	324982	325383	-	LLMDKN_008716	14.2	4.5		
contig_2	326566	326724	-	LLMDKN_008718	6.0	5.7		
contig_2	326917	327615	-	LLMDKN_008719	26.1	8.2	PF00005.33|ABC_tran, PF13304.12|AAA_21	PFAM:PF00005.33, PFAM:PF13304.12
contig_2	327680	328033	-	LLMDKN_008720	13.0	7.8	PF00005.33|ABC_tran	PFAM:PF00005.33
contig_2	328044	328589	-	LLMDKN_008721	19.8	5.7	PF16576.10|HlyD_D23	PFAM:PF16576.10
contig_2	328586	328747	-	LLMDKN_008722	6.2	10.1		
contig_2	328744	328941	-	LLMDKN_008723	6.9	4.3		
contig_2	328955	329359	-	LLMDKN_008724	15.7	9.6		
contig_2	329362	329754	-	LLMDKN_008725	14.7	5.0		
contig_2	330560	330826	-	LLMDKN_008726	9.7	9.2		
contig_2	330784	331023	-	LLMDKN_008727	9.8	5.8		
contig_2	331023	331763	-	LLMDKN_008728	28.5	5.9	PF17170.10|DUF5128	PFAM:PF17170.10
contig_2	331997	332635	+	LLMDKN_008729	25.1	6.4		
contig_2	332976	333629	-	LLMDKN_008730	25.3	7.7		
contig_2	333654	334151	-	LLMDKN_008731	19.0	9.1		
contig_2	334915	335229	-	LLMDKN_008732	11.9	8.8		
contig_2	335312	335689	-	LLMDKN_008733	14.4	4.9	PF00085.26|Thioredoxin	PFAM:PF00085.26
contig_2	335714	335926	-	LLMDKN_008734	8.0	5.7	PF02142.27|MGS	PFAM:PF02142.27
contig_2	335896	336207	-	LLMDKN_008735	11.4	9.6	PF02142.27|MGS	PFAM:PF02142.27
contig_2	336186	337364	-	LLMDKN_008736	44.0	6.0	PF02222.28|ATP-grasp, PF02786.22|CPSase_L_D2, PF08443.16|RimK, PF15632.11|ATPgrasp_Ter	PFAM:PF02222.28, PFAM:PF02786.22, PFAM:PF08443.16, PFAM:PF15632.11
contig_2	337508	338398	-	LLMDKN_008737	33.7	8.2	PF02786.22|CPSase_L_D2, PF02787.25|CPSase_L_D3	PFAM:PF02786.22, PFAM:PF02787.25
contig_2	338533	338940	-	LLMDKN_008738	15.0	5.3		
contig_2	339092	339622	-	LLMDKN_008739	19.9	5.8	PF00117.34|GATase, PF07722.19|Peptidase_C26	PFAM:PF00117.34, PFAM:PF07722.19
contig_2	339607	340242	-	LLMDKN_008740	24.2	6.4	PF00988.28|CPSase_sm_chain	PFAM:PF00988.28
contig_2	340301	340684	-	LLMDKN_008741	14.5	5.7		
contig_2	340738	341724	-	LLMDKN_008742	36.9	5.7		
contig_2	341721	342017	-	LLMDKN_008743	10.8	6.1		
contig_2	342010	342162	-	LLMDKN_008744	6.0	9.8		
contig_2	342159	342548	-	LLMDKN_008745	14.3	8.1		
contig_2	343135	343620	+	LLMDKN_008746	18.1	9.2	PF00310.26|GATase_2	PFAM:PF00310.26
contig_2	343578	343847	+	LLMDKN_008747	9.9	10.0	PF00310.26|GATase_2	PFAM:PF00310.26
contig_2	343885	344247	+	LLMDKN_008748	13.3	5.3	PF00310.26|GATase_2	PFAM:PF00310.26
contig_2	344366	344539	+	LLMDKN_008749	6.3	6.7	PF04898.20|Glu_syn_central	PFAM:PF04898.20
contig_2	344536	344673	+	LLMDKN_008750	5.0	4.9	PF04898.20|Glu_syn_central	PFAM:PF04898.20
contig_2	344646	345278	+	LLMDKN_008751	23.7	9.8	PF04898.20|Glu_syn_central	PFAM:PF04898.20
contig_2	345493	346032	+	LLMDKN_008752	19.7	9.2	PF01645.23|Glu_synthase	PFAM:PF01645.23
contig_2	346173	346436	+	LLMDKN_008753	9.5	6.7	PF01645.23|Glu_synthase	PFAM:PF01645.23
contig_2	346397	346705	-	LLMDKN_008754	11.2	4.7		
contig_2	346750	347529	+	LLMDKN_008755	28.9	7.6		
contig_2	347551	348123	+	LLMDKN_008756	21.2	8.4	PF14691.11|Fer4_20	PFAM:PF14691.11
contig_2	348147	348887	+	LLMDKN_008757	27.7	10.0		
contig_2	348968	349567	+	LLMDKN_008758	22.6	5.9	PF12481.13|DUF3700, PF13522.11|GATase_6, PF13537.11|GATase_7	PFAM:PF12481.13, PFAM:PF13522.11, PFAM:PF13537.11
contig_2	349530	349646	+	LLMDKN_008759	4.6	9.8		
contig_2	349646	350233	+	LLMDKN_008760	21.7	6.3	PF00733.27|Asn_synthase	PFAM:PF00733.27
contig_2	350205	350447	+	LLMDKN_008761	9.0	8.9	PF00733.27|Asn_synthase	PFAM:PF00733.27
contig_2	350444	350638	+	LLMDKN_008762	7.1	5.6		
contig_2	351033	351578	+	LLMDKN_008763	20.7	8.7		
contig_2	351920	352507	+	LLMDKN_008764	21.6	8.9	PF01678.24|DAP_epimerase	PFAM:PF01678.24
contig_2	352518	352778	+	LLMDKN_008765	9.3	5.6	PF01678.24|DAP_epimerase	PFAM:PF01678.24
contig_2	352891	353286	+	LLMDKN_008766	14.5	6.0		
contig_2	353286	354137	+	LLMDKN_008767	32.8	9.7	PF00155.27|Aminotran_1_2	PFAM:PF00155.27
contig_2	354326	354550	+	LLMDKN_008768	8.3	6.3		
contig_2	354590	354994	+	LLMDKN_008769	14.8	8.9		
contig_2	354984	355127	+	LLMDKN_008770	5.2	8.1		
contig_2	355239	355829	+	LLMDKN_008771	21.5	9.1		
contig_2	355983	356222	+	LLMDKN_008772	9.4	9.8	PF18318.6|Gln-synt_C-ter	PFAM:PF18318.6
contig_2	356347	356454	+	LLMDKN_008773	4.4	5.6		
contig_2	356668	356994	-	LLMDKN_008774	11.9	9.4	PF03729.18|DUF308	PFAM:PF03729.18
contig_2	357089	357232	-	LLMDKN_008775	5.2	5.7	PF03729.18|DUF308	PFAM:PF03729.18
contig_2	357607	358188	+	LLMDKN_008776	22.7	5.6	PF02503.22|PP_kinase	PFAM:PF02503.22
contig_2	358185	358502	+	LLMDKN_008777	12.3	10.0	PF02503.22|PP_kinase	PFAM:PF02503.22
contig_2	358483	358668	+	LLMDKN_008778	6.9	10.0	PF17941.7|PP_kinase_C_1	PFAM:PF17941.7
contig_2	358677	359024	+	LLMDKN_008779	13.1	9.7	PF17941.7|PP_kinase_C_1	PFAM:PF17941.7
contig_2	359021	359374	+	LLMDKN_008780	13.2	6.7	PF13090.12|PP_kinase_C, PF13091.12|PLDc_2	PFAM:PF13090.12, PFAM:PF13091.12
contig_2	359462	359596	+	LLMDKN_008781	4.7	9.4		
contig_2	359597	359887	+	LLMDKN_008782	11.2	9.7		
contig_2	360014	360172	+	LLMDKN_008783	5.8	10.7		
contig_2	360534	361058	-	LLMDKN_008784	19.7	5.7	PF25137.1|ADH_Fe_C	PFAM:PF25137.1
contig_2	361058	361675	-	LLMDKN_008785	22.4	6.4	PF00465.25|Fe-ADH	PFAM:PF00465.25
contig_2	361885	362223	-	LLMDKN_008786	13.2	8.7		
contig_2	362261	362464	-	LLMDKN_008787	8.0	8.9		
contig_2	362950	363183	+	LLMDKN_008788	8.9	5.8		
contig_2	363174	363644	+	LLMDKN_008789	17.7	9.5		
contig_2	364341	365021	+	LLMDKN_008791	25.1	5.5	PF04715.19|Anth_synt_I_N	PFAM:PF04715.19
contig_2	365197	365730	+	LLMDKN_008792	19.7	9.8	PF00425.24|Chorismate_bind	PFAM:PF00425.24
contig_2	365849	366259	+	LLMDKN_008793	15.3	4.8	PF00117.34|GATase	PFAM:PF00117.34
contig_2	366238	366441	+	LLMDKN_008794	7.7	6.2	PF00117.34|GATase	PFAM:PF00117.34
contig_2	366979	367134	+	LLMDKN_008796	5.8	4.7	PF00591.27|Glycos_transf_3	PFAM:PF00591.27
contig_2	367272	367448	+	LLMDKN_008797	6.3	5.3		
contig_2	368562	368885	+	LLMDKN_008799	12.5	8.4	PF00697.28|PRAI	PFAM:PF00697.28
contig_2	369185	369367	+	LLMDKN_008800	6.7	8.3	PF00290.26|Trp_syntA	PFAM:PF00290.26
contig_2	369373	369687	+	LLMDKN_008801	12.2	4.8	PF00290.26|Trp_syntA	PFAM:PF00290.26
contig_2	369684	369857	+	LLMDKN_008802	6.3	9.8	PF00290.26|Trp_syntA	PFAM:PF00290.26
contig_2	370058	370285	+	LLMDKN_008803	8.8	8.1	PF00710.25|Asparaginase	PFAM:PF00710.25
contig_2	370246	370629	+	LLMDKN_008804	14.4	9.0	PF00710.25|Asparaginase	PFAM:PF00710.25
contig_2	370617	371102	+	LLMDKN_008805	17.8	8.4	PF17763.6|Asparaginase_C	PFAM:PF17763.6
contig_2	371349	371528	+	LLMDKN_008806	6.7	4.7		
contig_2	371605	372444	+	LLMDKN_008807	30.2	5.1		
contig_2	372888	373772	+	LLMDKN_008808	33.3	8.5	PF16130.10|DUF4842	PFAM:PF16130.10
contig_2	374374	374718	+	LLMDKN_008810	13.1	7.8		
contig_2	374713	374877	-	LLMDKN_008811	5.9	6.5		
contig_2	374904	375185	+	LLMDKN_008812	11.2	4.7	PF02397.22|Bac_transf	PFAM:PF02397.22
contig_2	375214	375453	+	LLMDKN_008813	8.9	4.7	PF02397.22|Bac_transf	PFAM:PF02397.22
contig_2	375655	376449	+	LLMDKN_008814	31.0	9.2		
contig_2	377657	378079	-	LLMDKN_008816	15.7	5.2	PF00196.25|GerE	PFAM:PF00196.25
contig_2	378045	378266	-	LLMDKN_008817	8.1	7.8		
contig_2	378256	378540	-	LLMDKN_008818	10.9	6.9		
contig_2	378533	378787	-	LLMDKN_008819	9.9	4.8		
contig_2	378784	378924	-	LLMDKN_008820	5.3	4.5		
contig_2	379302	379628	+	LLMDKN_008821	11.9	5.6		
contig_2	379772	380233	+	LLMDKN_008822	17.5	9.1		
contig_2	380958	381236	-	LLMDKN_008824	11.2	6.0		
contig_2	381905	382162	+	LLMDKN_008825	9.7	7.8		
contig_2	382141	383139	+	LLMDKN_008826	36.6	9.6		
contig_2	383496	383753	-	LLMDKN_008827	9.8	4.9		
contig_2	383821	384036	-	LLMDKN_008828	8.2	10.9		
contig_2	384027	384509	-	LLMDKN_008829	17.8	5.6		
contig_2	384935	385630	-	LLMDKN_008830	26.3	6.9		
contig_2	386185	386601	-	LLMDKN_008831	15.6	7.8		
contig_2	386702	386935	-	LLMDKN_008832	8.7	4.8		
contig_2	386916	387206	-	LLMDKN_008833	11.2	9.5	PF00593.30|TonB_dep_Rec_b-barrel	PFAM:PF00593.30
contig_2	387545	388129	-	LLMDKN_008834	21.1	7.8	PF07715.20|Plug	PFAM:PF07715.20
contig_2	388220	388393	-	LLMDKN_008835	6.5	10.0	PF13715.12|CarbopepD_reg_2	PFAM:PF13715.12
contig_2	389096	389482	+	LLMDKN_008837	14.0	9.5		
contig_2	389505	390326	+	LLMDKN_008838	30.1	8.5	PF00005.33|ABC_tran	PFAM:PF00005.33
contig_2	391097	391369	+	LLMDKN_008840	10.3	6.9		
contig_2	391369	391584	+	LLMDKN_008841	8.0	10.6		
contig_2	391545	392384	+	LLMDKN_008842	30.8	6.2	PF00005.33|ABC_tran	PFAM:PF00005.33
contig_2	392330	392659	+	LLMDKN_008843	12.3	9.2		
contig_2	392848	393270	-	LLMDKN_008844	16.3	9.5		
contig_2	393291	393983	-	LLMDKN_008845	25.7	6.4		
contig_2	394048	394539	-	LLMDKN_008846	18.4	7.0		
contig_2	394533	394697	-	LLMDKN_008847	6.3	9.7		
contig_2	394702	395142	-	LLMDKN_008848	16.4	7.9		
contig_2	395153	395668	-	LLMDKN_008849	19.0	9.4		
contig_2	395819	396289	-	LLMDKN_008850	17.4	5.1	PF13533.12|Biotin_lipoyl_2, PF16576.10|HlyD_D23	PFAM:PF13533.12, PFAM:PF16576.10
contig_2	396626	396730	-	LLMDKN_008851	3.8	4.1		
contig_2	396724	396843	-	LLMDKN_008852	4.2	10.8		
contig_2	396867	397367	-	LLMDKN_008853	17.5	9.6	PF02080.26|TrkA_C	PFAM:PF02080.26
contig_2	397364	397942	-	LLMDKN_008854	20.9	6.2	PF02080.26|TrkA_C	PFAM:PF02080.26
contig_2	398075	398224	-	LLMDKN_008855	5.4	8.3		
contig_2	398902	399543	-	LLMDKN_008856	23.0	5.4		
contig_2	399858	400202	-	LLMDKN_008857	13.1	6.7		SO:0001217, UniRef:UniRef50_I9SZW5
contig_2	400342	400491	-	LLMDKN_008858	5.6	9.7		
contig_2	400497	400631	-	LLMDKN_008859	5.3	6.2		
contig_2	400782	401006	+	LLMDKN_008860	8.4	6.1		
contig_2	401122	401247	+	LLMDKN_008861	4.9	10.0		
contig_2	401322	401693	+	LLMDKN_008862	14.1	9.6	PF01823.24|MACPF	PFAM:PF01823.24
contig_2	401959	402147	+	LLMDKN_008863	7.0	7.8		
contig_2	404320	404652	+	LLMDKN_008866	12.5	4.9	PF07715.20|Plug	PFAM:PF07715.20
contig_2	404807	405019	+	LLMDKN_008867	8.3	9.2		
contig_2	404982	405101	+	LLMDKN_008868	4.9	10.2		
contig_2	405134	405484	+	LLMDKN_008869	13.5	7.9	PF00593.30|TonB_dep_Rec_b-barrel	PFAM:PF00593.30
contig_2	405510	405809	+	LLMDKN_008870	11.4	9.8		
contig_2	405806	406051	+	LLMDKN_008871	9.4	9.0		
contig_2	406168	406749	+	LLMDKN_008872	21.8	6.4		
contig_2	406761	407174	+	LLMDKN_008873	15.3	4.4		
contig_2	407255	407932	+	LLMDKN_008874	24.9	8.6		
contig_2	407886	408185	+	LLMDKN_008875	11.2	6.7		
contig_2	408169	408324	+	LLMDKN_008876	5.6	8.2		
contig_2	408574	409194	+	LLMDKN_008877	22.1	5.5		
contig_2	409265	409354	+	LLMDKN_008878	3.1	4.7		
contig_2	409375	409620	+	LLMDKN_008879	9.1	5.0		
contig_2	409608	409952	+	LLMDKN_008880	12.8	6.1		
contig_2	409907	410221	+	LLMDKN_008881	11.7	6.9		
contig_2	410172	410393	+	LLMDKN_008882	8.1	10.2		
contig_2	410402	410836	+	LLMDKN_008883	16.1	8.6		
contig_2	410830	411081	+	LLMDKN_008884	8.8	10.3		
contig_2	411128	411502	+	LLMDKN_008885	13.6	6.6		
contig_2	411564	411728	+	LLMDKN_008886	6.1	8.2		
contig_2	412422	412568	-	LLMDKN_008888	5.4	5.1		
contig_2	412744	412932	+	LLMDKN_008889	6.9	9.9		
contig_2	415032	415310	-	LLMDKN_008893	9.6	5.4	PF00294.29|PfkB	PFAM:PF00294.29
contig_2	415307	415783	-	LLMDKN_008894	17.6	7.0	PF00294.29|PfkB	PFAM:PF00294.29
contig_2	415797	415949	-	LLMDKN_008895	5.5	6.0		
contig_2	416597	417340	+	LLMDKN_008896	28.5	5.4		
contig_2	417393	417743	-	LLMDKN_008897	13.4	6.9	PF13508.13|Acetyltransf_7	PFAM:PF13508.13
contig_2	417688	417840	-	LLMDKN_008898	6.1	4.4		
contig_2	418069	418164	-	LLMDKN_008900	3.4	4.9		
contig_2	418520	418675	+	LLMDKN_008901	5.5	4.7		
contig_2	418697	418852	+	LLMDKN_008902	5.5	11.2		
contig_2	419100	419816	+	LLMDKN_008903	28.0	8.8		
contig_2	420008	420154	+	LLMDKN_008904	5.5	9.2		
contig_2	420127	420369	+	LLMDKN_008905	9.6	9.2		
contig_2	420378	420518	+	LLMDKN_008906	5.5	7.9		
contig_2	420561	421082	+	LLMDKN_008907	20.1	8.9		
contig_2	421121	421327	+	LLMDKN_008908	7.4	5.0	PF00512.31|HisKA	PFAM:PF00512.31
contig_2	421408	421689	+	LLMDKN_008909	10.2	9.4		
contig_2	421749	422153	+	LLMDKN_008910	15.3	5.7	PF00072.30|Response_reg	PFAM:PF00072.30
contig_2	422153	422254	+	LLMDKN_008911	3.9	9.5		
contig_2	423414	423899	-	LLMDKN_008913	18.9	6.6		
contig_2	423863	424462	-	LLMDKN_008914	21.6	9.1		
contig_2	424503	424943	-	LLMDKN_008915	16.9	9.4	PF00690.31|Cation_ATPase_N	PFAM:PF00690.31
contig_2	425098	425832	-	LLMDKN_008916	27.6	5.0	PF00512.31|HisKA, PF02518.31|HATPase_c	PFAM:PF00512.31, PFAM:PF02518.31
contig_2	425974	426153	-	LLMDKN_008917	6.8	6.7		
contig_2	426150	426278	-	LLMDKN_008918	5.1	5.0		
contig_2	426531	426656	-	LLMDKN_008919	5.0	8.2	PF00486.34|Trans_reg_C	PFAM:PF00486.34
contig_2	426614	427150	-	LLMDKN_008920	20.3	8.4	PF00072.30|Response_reg	PFAM:PF00072.30
contig_2	427152	427442	+	LLMDKN_008921	11.0	9.4		
contig_2	427521	427616	-	LLMDKN_008922	3.6	4.2		
contig_2	427618	427872	-	LLMDKN_008923	9.7	10.5	PF13671.12|AAA_33	PFAM:PF13671.12
contig_2	427971	428348	-	LLMDKN_008924	14.4	8.8		
contig_2	428404	428631	-	LLMDKN_008925	8.9	6.4		
contig_2	428628	428741	-	LLMDKN_008926	4.6	9.8		
contig_2	428789	429340	-	LLMDKN_008927	21.2	5.4		
contig_2	429367	429774	-	LLMDKN_008928	15.4	10.4	PF00472.26|RF-1	PFAM:PF00472.26
contig_2	430109	430489	-	LLMDKN_008929	13.6	9.6		
contig_2	430491	431153	-	LLMDKN_008930	23.9	6.8		
contig_2	431180	431386	-	LLMDKN_008931	7.7	9.6		
contig_2	431873	432223	+	LLMDKN_008932	13.1	9.3		
contig_2	432217	432447	+	LLMDKN_008933	7.8	5.4	PF03553.21|Na_H_antiporter	PFAM:PF03553.21
contig_2	432459	432575	+	LLMDKN_008934	4.1	4.7		
contig_2	432581	433282	+	LLMDKN_008935	24.8	9.2	PF03553.21|Na_H_antiporter	PFAM:PF03553.21
contig_2	433295	433636	-	LLMDKN_008936	12.9	9.4		
contig_2	434114	434221	+	LLMDKN_008938	3.4	4.2		
contig_2	434477	434623	-	LLMDKN_008939	5.6	10.1		
contig_2	434598	434864	-	LLMDKN_008940	9.9	9.2		
contig_2	434886	435077	-	LLMDKN_008941	7.0	4.5		
contig_2	435206	435496	-	LLMDKN_008942	11.4	5.2		
contig_2	435471	435668	-	LLMDKN_008943	7.4	9.4		
contig_2	435736	435990	-	LLMDKN_008944	9.5	4.7		
contig_2	436414	436683	-	LLMDKN_008945	9.3	9.2	PF00076.28|RRM_1	PFAM:PF00076.28
contig_2	436997	437986	-	LLMDKN_008946	37.8	8.1		
contig_2	437979	438299	-	LLMDKN_008947	12.4	4.7		
contig_2	438383	438673	-	LLMDKN_008948	10.5	9.2		
contig_2	438652	439194	-	LLMDKN_008949	19.9	9.7		
contig_2	439181	439390	-	LLMDKN_008950	7.5	4.1		
contig_2	439351	439512	-	LLMDKN_008951	5.7	4.5		
contig_2	439518	439742	+	LLMDKN_008952	8.5	9.4		
contig_2	440001	441056	-	LLMDKN_008953	39.5	4.6	PF00005.33|ABC_tran	PFAM:PF00005.33
contig_2	441037	441237	-	LLMDKN_008954	7.4	9.1	PF00005.33|ABC_tran	PFAM:PF00005.33
contig_2	441604	441780	+	LLMDKN_008955	6.4	6.1		
contig_2	441963	442631	+	LLMDKN_008956	25.2	5.8	PF00085.26|Thioredoxin, PF00578.27|AhpC-TSA, PF08534.16|Redoxin, PF13098.12|Thioredoxin_2, PF13905.12|Thioredoxin_8	PFAM:PF00085.26, PFAM:PF00578.27, PFAM:PF08534.16, PFAM:PF13098.12, PFAM:PF13905.12
contig_2	442804	443310	-	LLMDKN_008957	19.3	9.1		
contig_2	443307	443456	-	LLMDKN_008958	5.7	9.5		
contig_2	443555	443791	-	LLMDKN_008959	9.0	7.9		
contig_2	446152	446775	-	LLMDKN_008961	24.0	6.0		
contig_2	446736	446957	-	LLMDKN_008962	8.1	9.0		
contig_2	446957	447661	-	LLMDKN_008963	26.7	5.0	PF08323.17|Glyco_transf_5	PFAM:PF08323.17
contig_2	448049	448309	-	LLMDKN_008964	8.7	6.5	PF00137.26|ATP-synt_C	PFAM:PF00137.26
contig_2	448270	448509	-	LLMDKN_008965	8.1	8.8	PF00137.26|ATP-synt_C	PFAM:PF00137.26
contig_2	448555	448983	-	LLMDKN_008966	15.1	8.1		
contig_2	448983	449330	-	LLMDKN_008967	13.0	8.3		
contig_2	449312	449995	-	LLMDKN_008968	25.9	4.6		
contig_2	449999	450373	-	LLMDKN_008969	13.9	7.9		
contig_2	450473	450709	-	LLMDKN_008970	9.3	9.8		
contig_2	450657	450875	-	LLMDKN_008971	8.4	7.7		
contig_2	450892	450987	-	LLMDKN_008972	3.7	10.7		
contig_2	450993	451442	-	LLMDKN_008973	16.9	6.7	PF22919.1|ATP-synt_VA_C	PFAM:PF22919.1
contig_2	451420	452322	-	LLMDKN_008974	32.8	5.2	PF00006.31|ATP-synt_ab, PF02874.29|ATP-synt_ab_N	PFAM:PF00006.31, PFAM:PF02874.29
contig_2	452352	452825	-	LLMDKN_008975	18.7	4.6	PF22919.1|ATP-synt_VA_C	PFAM:PF22919.1
contig_2	452842	453342	-	LLMDKN_008976	18.0	5.5	PF00006.31|ATP-synt_ab	PFAM:PF00006.31
contig_2	453339	453479	-	LLMDKN_008977	5.2	8.3		
contig_2	453481	454071	-	LLMDKN_008978	21.7	4.9	PF02874.29|ATP-synt_ab_N, PF16886.11|ATP-synt_ab_Xtn	PFAM:PF02874.29, PFAM:PF16886.11
contig_2	454252	454848	-	LLMDKN_008979	22.7	4.6		
contig_2	454859	454993	-	LLMDKN_008980	5.0	4.6		
contig_2	455005	455394	-	LLMDKN_008981	14.2	5.5		
contig_2	461420	461632	-	LLMDKN_008987	8.3	9.9		
contig_2	462889	463869	-	LLMDKN_008988	35.9	5.3	PF01979.26|Amidohydro_1, PF07969.17|Amidohydro_3	PFAM:PF01979.26, PFAM:PF07969.17
contig_2	464275	464541	+	LLMDKN_008989	9.9	4.7	PF00072.30|Response_reg	PFAM:PF00072.30
contig_2	464538	464765	+	LLMDKN_008990	9.1	10.1		
contig_2	464728	464874	+	LLMDKN_008991	5.6	6.5		
contig_2	464892	464990	+	LLMDKN_008992	3.8	10.9		
contig_2	464941	465954	+	LLMDKN_008993	39.8	5.0	PF00512.31|HisKA	PFAM:PF00512.31
contig_2	466600	466947	+	LLMDKN_008994	13.2	6.6	PF11396.14|PepSY_like	PFAM:PF11396.14
contig_2	467034	467369	+	LLMDKN_008995	12.7	5.7	PF11396.14|PepSY_like	PFAM:PF11396.14
contig_2	467381	467884	+	LLMDKN_008996	18.9	4.3	PF11396.14|PepSY_like	PFAM:PF11396.14
contig_2	468068	468367	-	LLMDKN_008997	11.7	8.9		
contig_2	468367	468855	-	LLMDKN_008998	17.8	4.3		
contig_2	468976	469209	-	LLMDKN_008999	8.8	7.8		
contig_2	469406	469795	-	LLMDKN_009000	15.0	8.8		
contig_2	469882	470004	-	LLMDKN_009001	4.7	9.7	PF04545.22|Sigma70_r4	PFAM:PF04545.22
contig_2	470942	471826	-	LLMDKN_009003	31.1	7.7	PF00089.32|Trypsin, PF00595.29|PDZ, PF12812.13|PDZ_1, PF13180.12|PDZ_2, PF13365.12|Trypsin_2, PF17820.7|PDZ_6	PFAM:PF00089.32, PFAM:PF00595.29, PFAM:PF12812.13, PFAM:PF13180.12, PFAM:PF13365.12, PFAM:PF17820.7
contig_2	471871	472404	-	LLMDKN_009004	19.3	5.0	PF00089.32|Trypsin, PF13365.12|Trypsin_2	PFAM:PF00089.32, PFAM:PF13365.12
contig_2	472817	473533	-	LLMDKN_009005	27.4	5.0	PF01841.26|Transglut_core	PFAM:PF01841.26
contig_2	473508	473828	-	LLMDKN_009006	11.6	9.0		
contig_2	473782	474135	-	LLMDKN_009007	14.1	7.7		
contig_2	474167	474421	-	LLMDKN_009008	9.0	8.6	PF13378.12|MR_MLE_C	PFAM:PF13378.12
contig_2	474471	474572	-	LLMDKN_009009	3.7	4.5		
contig_2	474565	474774	-	LLMDKN_009010	8.0	7.8		
contig_2	474720	475001	-	LLMDKN_009011	10.4	8.0	PF02746.21|MR_MLE_N	PFAM:PF02746.21
contig_2	474973	475143	-	LLMDKN_009012	6.2	4.1		
contig_2	475439	475678	-	LLMDKN_009013	9.2	9.4		
contig_2	475653	476306	-	LLMDKN_009014	24.7	8.7	PF08239.17|SH3_3, PF18348.7|SH3_16	PFAM:PF08239.17, PFAM:PF18348.7
contig_2	476314	476520	-	LLMDKN_009015	8.0	9.4		
contig_2	477250	477660	+	LLMDKN_009017	15.7	9.8		
contig_2	477711	478559	+	LLMDKN_009018	33.0	5.9		
contig_2	479717	480082	-	LLMDKN_009020	13.8	5.4	PF00677.23|Lum_binding	PFAM:PF00677.23
contig_2	480079	480318	-	LLMDKN_009021	8.9	5.5	PF00677.23|Lum_binding	PFAM:PF00677.23
contig_2	481418	481978	-	LLMDKN_009024	21.4	6.0	PF00005.33|ABC_tran, PF13304.12|AAA_21	PFAM:PF00005.33, PFAM:PF13304.12
contig_2	481959	482123	-	LLMDKN_009025	6.4	8.1		
contig_2	482146	482247	-	LLMDKN_009026	3.9	7.9		
contig_2	483190	483411	-	LLMDKN_009028	7.9	6.8		
contig_2	483363	483869	-	LLMDKN_009029	18.1	8.7		
contig_2	483821	484078	-	LLMDKN_009030	9.8	5.7		
contig_2	484643	485359	+	LLMDKN_009031	25.9	9.8		
contig_2	486023	486772	+	LLMDKN_009033	28.9	5.3	PF00749.27|tRNA-synt_1c, PF03950.23|tRNA-synt_1c_C	PFAM:PF00749.27, PFAM:PF03950.23
contig_2	486769	487182	+	LLMDKN_009034	15.5	6.1	PF03950.23|tRNA-synt_1c_C, PF20974.2|tRNA-synt_1c_C2	PFAM:PF03950.23, PFAM:PF20974.2
contig_2	487122	487262	+	LLMDKN_009035	5.3	9.3		
contig_2	487491	487730	+	LLMDKN_009036	9.0	5.1		
contig_2	487711	487884	+	LLMDKN_009037	6.3	4.1	PF14559.12|TPR_19	PFAM:PF14559.12
contig_2	487881	488264	-	LLMDKN_009038	14.3	5.2		
contig_2	488269	488667	+	LLMDKN_009039	14.6	5.5	PF00515.34|TPR_1, PF07719.23|TPR_2, PF13181.12|TPR_8, PF13424.12|TPR_12, PF13431.12|TPR_17, PF14559.12|TPR_19	PFAM:PF00515.34, PFAM:PF07719.23, PFAM:PF13181.12, PFAM:PF13424.12, PFAM:PF13431.12, PFAM:PF14559.12
contig_2	488628	488873	+	LLMDKN_009040	9.5	4.3		
contig_2	489080	489688	+	LLMDKN_009041	22.5	9.2	PF09335.16|VTT_dom	PFAM:PF09335.16
contig_2	490737	490877	-	LLMDKN_009043	4.8	4.7	PF08534.16|Redoxin	PFAM:PF08534.16
contig_2	490880	491074	-	LLMDKN_009044	7.0	8.8		
contig_2	491095	491238	-	LLMDKN_009045	5.2	9.5		
contig_2	491482	491871	+	LLMDKN_009046	14.6	7.7	PF03729.18|DUF308	PFAM:PF03729.18
contig_2	492196	492564	-	LLMDKN_009047	14.3	10.1	PF00239.26|Resolvase	PFAM:PF00239.26
contig_2	492906	493649	+	LLMDKN_009048	28.2	9.6	PF02899.23|Phage_int_SAM_1, PF13102.12|Phage_int_SAM_5	PFAM:PF02899.23, PFAM:PF13102.12
contig_2	493703	493825	+	LLMDKN_009049	4.5	8.1		
contig_2	494772	495440	+	LLMDKN_009050	25.5	9.4	PF02397.22|Bac_transf, PF13727.12|CoA_binding_3	PFAM:PF02397.22, PFAM:PF13727.12
contig_2	495434	495745	+	LLMDKN_009051	12.5	9.8	PF02397.22|Bac_transf	PFAM:PF02397.22
contig_2	495968	496165	+	LLMDKN_009052	7.1	4.3		
contig_2	496337	496564	+	LLMDKN_009053	8.5	6.0		
contig_2	496625	496957	+	LLMDKN_009054	13.1	9.2		
contig_2	497030	498325	+	LLMDKN_009055	47.7	9.5		
contig_2	498325	498480	+	LLMDKN_009056	5.6	9.8		
contig_2	498643	499023	+	LLMDKN_009057	14.5	10.0		
contig_2	498992	499099	+	LLMDKN_009058	4.3	7.9		
contig_2	499177	499311	-	LLMDKN_009059	4.9	10.0		
contig_2	499296	499619	-	LLMDKN_009060	12.0	9.3	PF01510.30|Amidase_2	PFAM:PF01510.30
contig_2	499680	499892	-	LLMDKN_009061	8.0	9.8		
contig_2	499995	500318	-	LLMDKN_009062	11.8	9.8	PF00216.26|Bac_DNA_binding, PF18291.6|HU-HIG	PFAM:PF00216.26, PFAM:PF18291.6
contig_2	500359	500667	-	LLMDKN_009063	11.4	9.0		
contig_2	500628	500780	-	LLMDKN_009064	5.7	9.3		
contig_2	500902	501054	-	LLMDKN_009065	5.8	10.4		
contig_2	501064	501339	-	LLMDKN_009066	10.2	7.8		
contig_2	501397	501699	-	LLMDKN_009067	11.5	5.7		
contig_2	501651	501944	-	LLMDKN_009068	10.9	6.9		
contig_2	501929	502240	-	LLMDKN_009069	12.0	10.7		
contig_2	502257	502583	-	LLMDKN_009070	12.0	5.2		
contig_2	502705	502995	-	LLMDKN_009071	11.0	9.6	PF08800.15|BT4734-like_N	PFAM:PF08800.15
contig_2	502943	503344	-	LLMDKN_009072	14.7	9.1	PF08800.15|BT4734-like_N	PFAM:PF08800.15
contig_2	503405	503578	-	LLMDKN_009073	6.4	4.6		
contig_2	503873	504145	-	LLMDKN_009074	9.9	6.8		
contig_2	504180	504401	+	LLMDKN_009075	8.3	4.7		
contig_2	504463	504570	+	LLMDKN_009076	3.7	4.9		
contig_2	504629	505054	+	LLMDKN_009077	15.6	9.5		
contig_2	505026	505517	+	LLMDKN_009078	18.8	9.5		
contig_2	505465	505689	+	LLMDKN_009079	8.7	9.5		
contig_2	505869	506057	-	LLMDKN_009080	7.0	5.4		
contig_2	506134	506325	-	LLMDKN_009081	7.2	7.7		
contig_2	506921	507613	+	LLMDKN_009082	27.6	8.7		
contig_2	507613	508026	+	LLMDKN_009083	16.7	9.0		
contig_2	507952	508194	-	LLMDKN_009084	9.1	9.7		
contig_2	508703	508996	+	LLMDKN_009085	11.6	7.8		
contig_2	509020	509358	+	LLMDKN_009086	13.6	9.9		
contig_2	509330	509515	+	LLMDKN_009087	7.5	4.3		
contig_2	509866	510150	-	LLMDKN_009088	10.9	9.5		
contig_2	510255	510512	-	LLMDKN_009089	10.1	4.8		
contig_2	510634	510813	+	LLMDKN_009090	6.5	7.7		
contig_2	511049	511273	+	LLMDKN_009091	9.3	8.8		
contig_2	512414	512725	+	LLMDKN_009092	12.7	9.7		
contig_2	512695	512862	+	LLMDKN_009093	6.0	7.9		
contig_2	513025	513270	+	LLMDKN_009094	9.5	5.8		
contig_2	513236	513412	+	LLMDKN_009095	6.4	8.7		
contig_2	513728	513970	+	LLMDKN_009096	9.5	9.5		
contig_2	514328	514606	+	LLMDKN_009097	10.4	9.8		
contig_2	514987	515199	+	LLMDKN_009098	7.9	5.2	PF03721.20|UDPG_MGDP_dh_N	PFAM:PF03721.20
contig_2	515238	515378	+	LLMDKN_009099	5.2	9.8	PF03721.20|UDPG_MGDP_dh_N	PFAM:PF03721.20
contig_2	515405	515896	+	LLMDKN_009100	18.2	9.5	PF00984.24|UDPG_MGDP_dh	PFAM:PF00984.24
contig_2	515886	516230	+	LLMDKN_009101	13.0	4.8	PF03720.21|UDPG_MGDP_dh_C	PFAM:PF03720.21
contig_2	516593	516793	+	LLMDKN_009102	6.7	8.1	PF00132.30|Hexapep	PFAM:PF00132.30
contig_2	517053	517325	+	LLMDKN_009103	10.8	8.7		
contig_2	517357	517524	+	LLMDKN_009104	6.6	11.8		
contig_2	517509	517607	+	LLMDKN_009105	3.6	9.7		
contig_2	517747	517974	+	LLMDKN_009106	8.6	8.6		
contig_2	518024	518230	+	LLMDKN_009107	8.1	9.8		
contig_2	518309	518530	+	LLMDKN_009108	8.7	9.3		
contig_2	518493	518777	+	LLMDKN_009109	10.7	4.9	PF13692.12|Glyco_trans_1_4	PFAM:PF13692.12
contig_2	518806	518982	+	LLMDKN_009110	6.5	9.8		
contig_2	519469	519795	+	LLMDKN_009111	12.6	8.9		
contig_2	521036	521668	+	LLMDKN_009113	23.8	9.2	PF00892.27|EamA	PFAM:PF00892.27
contig_2	521734	521916	+	LLMDKN_009114	7.1	7.9		
contig_2	521903	522184	+	LLMDKN_009115	11.1	9.2		
contig_2	522172	522750	+	LLMDKN_009116	23.0	9.2		
contig_2	522757	523008	+	LLMDKN_009117	9.5	5.6		
contig_2	522974	523135	+	LLMDKN_009118	6.7	8.9		
contig_2	523442	523687	+	LLMDKN_009119	9.4	9.9		
contig_2	523782	524111	+	LLMDKN_009120	12.9	9.7		
contig_2	524163	524426	+	LLMDKN_009121	9.7	8.1		
contig_2	524577	524888	+	LLMDKN_009122	12.2	6.4		
contig_2	524930	525472	+	LLMDKN_009123	20.3	9.7		
contig_2	525579	525782	+	LLMDKN_009124	7.6	9.9		
contig_2	525803	526702	+	LLMDKN_009125	33.3	8.5		
contig_2	526686	526829	+	LLMDKN_009126	5.8	9.4		
contig_2	526868	527377	+	LLMDKN_009127	18.0	4.9	PF13620.12|CarboxypepD_reg	PFAM:PF13620.12
contig_2	527419	527778	+	LLMDKN_009128	12.7	5.0		
contig_2	527775	528149	+	LLMDKN_009129	13.5	7.8		
contig_2	528892	529377	+	LLMDKN_009131	18.8	9.2	PF22827.1|GldL_N	PFAM:PF22827.1
contig_2	529320	529427	+	LLMDKN_009132	4.1	8.1		
contig_2	529455	529733	+	LLMDKN_009133	10.4	4.5	PF12081.13|GldM_1st	PFAM:PF12081.13
contig_2	529702	529872	+	LLMDKN_009134	6.2	10.1	PF12081.13|GldM_1st	PFAM:PF12081.13
contig_2	530045	530320	+	LLMDKN_009135	10.3	8.9	PF21602.3|GldM_3rd	PFAM:PF21602.3
contig_2	530344	530562	+	LLMDKN_009136	8.3	9.9		
contig_2	530553	530687	+	LLMDKN_009137	4.9	10.0		
contig_2	530749	530871	+	LLMDKN_009138	4.5	9.5		
contig_2	530858	531598	+	LLMDKN_009139	27.9	9.6		
contig_2	531547	531846	+	LLMDKN_009140	11.4	5.2		
contig_2	531872	532438	+	LLMDKN_009141	21.5	7.0		
contig_2	532414	532803	+	LLMDKN_009142	14.5	6.3		
contig_2	532945	533064	+	LLMDKN_009143	4.8	4.7		
contig_2	533076	533366	+	LLMDKN_009144	11.0	5.2		
contig_2	533404	533628	+	LLMDKN_009145	8.1	5.0		
contig_2	533707	533970	-	LLMDKN_009146	9.4	10.4		
contig_2	534106	534423	-	LLMDKN_009147	10.9	6.0		
contig_2	534479	534724	-	LLMDKN_009148	9.1	5.1		
contig_2	534773	535285	-	LLMDKN_009149	18.5	4.7	PF00364.28|Biotin_lipoyl, PF13533.12|Biotin_lipoyl_2	PFAM:PF00364.28, PFAM:PF13533.12
contig_2	535373	535726	-	LLMDKN_009150	13.2	7.8		
contig_2	535864	536484	-	LLMDKN_009151	22.5	6.1	PF00682.25|HMGL-like	PFAM:PF00682.25
contig_2	536469	536600	-	LLMDKN_009152	5.0	9.9		
contig_2	537068	537454	-	LLMDKN_009154	14.2	6.6	PF02872.23|5_nucleotid_C	PFAM:PF02872.23
contig_2	537543	537683	-	LLMDKN_009155	5.4	4.9		
contig_2	538117	538695	-	LLMDKN_009156	20.9	9.0		
contig_2	538706	538954	-	LLMDKN_009157	9.3	6.8		
contig_2	539144	539515	-	LLMDKN_009158	13.9	7.6		
contig_2	539541	540137	-	LLMDKN_009159	22.7	5.3	PF04055.27|Radical_SAM	PFAM:PF04055.27
contig_2	540166	540327	-	LLMDKN_009160	6.3	4.6		
contig_2	540337	540564	-	LLMDKN_009161	8.6	5.0		
contig_2	541113	541241	-	LLMDKN_009162	4.3	4.1		
contig_2	543480	543743	+	LLMDKN_009165	10.2	10.3		
contig_2	544232	544738	+	LLMDKN_009167	19.4	8.3	PF14297.12|Lin1244_N	PFAM:PF14297.12
contig_2	546041	546271	+	LLMDKN_009168	9.0	5.8		
contig_2	546237	546509	+	LLMDKN_009169	10.1	4.7		
contig_2	546575	547156	+	LLMDKN_009170	22.1	9.2	PF01168.26|Ala_racemase_N	PFAM:PF01168.26
contig_2	547102	547314	+	LLMDKN_009171	8.2	5.8		
contig_2	547525	547974	+	LLMDKN_009172	17.0	5.6		
contig_2	547980	548267	+	LLMDKN_009173	10.2	7.8		
contig_2	548224	548367	+	LLMDKN_009174	5.8	9.8		
contig_2	548440	548622	-	LLMDKN_009175	7.1	9.7		
contig_2	548846	549085	-	LLMDKN_009176	8.9	5.8		
contig_2	549123	549275	-	LLMDKN_009177	5.9	8.7		
contig_2	549272	549472	-	LLMDKN_009178	7.7	7.9		
contig_2	549477	549857	-	LLMDKN_009179	14.9	9.6		
contig_2	549874	550152	+	LLMDKN_009180	11.2	10.6		
contig_2	550142	550378	-	LLMDKN_009181	8.8	9.1		SO:0001217, UniRef:UniRef50_A0A6I0SHJ6
contig_2	550409	550948	-	LLMDKN_009182	19.5	4.7		
contig_2	551014	551223	-	LLMDKN_009183	7.9	4.7		
contig_2	551229	551825	-	LLMDKN_009184	22.5	5.8		
contig_2	551855	552073	-	LLMDKN_009185	7.7	8.8		
contig_2	552061	552582	-	LLMDKN_009186	18.2	4.6		
contig_2	552572	552790	-	LLMDKN_009187	7.8	10.0		
contig_2	552987	553202	-	LLMDKN_009188	8.5	5.2	PF04397.21|LytTR	PFAM:PF04397.21
contig_2	553177	553302	-	LLMDKN_009189	4.7	4.5		
contig_2	553307	553561	-	LLMDKN_009190	9.5	8.6		
contig_2	553882	554154	-	LLMDKN_009191	10.5	4.7		
contig_2	554241	554777	-	LLMDKN_009192	19.8	5.1		
contig_2	554788	555009	-	LLMDKN_009193	8.8	4.8		
contig_2	555006	555353	-	LLMDKN_009194	13.2	9.1		
contig_2	555368	555631	-	LLMDKN_009195	9.9	9.8	PF00550.31|PP-binding	PFAM:PF00550.31
contig_2	555628	556485	-	LLMDKN_009196	32.6	5.5		
contig_2	556436	556675	-	LLMDKN_009197	9.2	5.1		
contig_2	556675	557019	-	LLMDKN_009198	12.3	5.5		
contig_2	557090	557212	-	LLMDKN_009199	4.6	4.9		
contig_2	557324	557506	-	LLMDKN_009200	6.9	7.7		
contig_2	557479	558282	-	LLMDKN_009201	31.6	9.1	PF00593.30|TonB_dep_Rec_b-barrel	PFAM:PF00593.30
contig_2	558385	558762	-	LLMDKN_009202	14.1	9.6		
contig_2	558779	559033	-	LLMDKN_009203	8.9	7.9	PF07715.20|Plug	PFAM:PF07715.20
contig_2	559250	559423	-	LLMDKN_009204	6.9	7.8		
contig_2	559732	560271	-	LLMDKN_009205	20.9	5.3	PF02518.31|HATPase_c	PFAM:PF02518.31
contig_2	560691	561665	-	LLMDKN_009206	37.0	5.5	PF02518.31|HATPase_c	PFAM:PF02518.31
contig_2	561614	562168	-	LLMDKN_009207	21.2	5.5	PF07495.19|Y_Y_Y	PFAM:PF07495.19
contig_2	562201	562386	-	LLMDKN_009208	6.9	5.5		
contig_2	562405	562632	-	LLMDKN_009209	8.3	4.5		
contig_2	562592	563350	-	LLMDKN_009210	28.0	4.9	PF07494.17|Reg_prop	PFAM:PF07494.17
contig_2	563343	563477	-	LLMDKN_009211	5.0	7.7		
contig_2	563520	564101	-	LLMDKN_009212	21.7	9.3	PF00400.38|WD40	PFAM:PF00400.38
contig_2	564150	564395	-	LLMDKN_009213	8.7	4.9		
contig_2	564358	565068	-	LLMDKN_009214	26.5	9.4		
contig_2	565155	565490	-	LLMDKN_009215	12.7	4.3	PF13581.12|HATPase_c_2	PFAM:PF13581.12
contig_2	565833	566198	-	LLMDKN_009217	13.4	4.4		
contig_2	566198	566647	-	LLMDKN_009218	16.4	5.0		
contig_2	566672	566764	-	LLMDKN_009219	3.3	9.2		
contig_2	566761	567033	-	LLMDKN_009220	10.6	6.1	PF00072.30|Response_reg	PFAM:PF00072.30
contig_2	569209	569616	-	LLMDKN_009223	15.2	8.8	PF13727.12|CoA_binding_3	PFAM:PF13727.12
contig_2	569616	569912	-	LLMDKN_009224	11.7	9.8		
contig_2	571144	571380	-	LLMDKN_009226	9.0	4.5	PF13638.12|PIN_4	PFAM:PF13638.12
contig_2	571533	572081	+	LLMDKN_009227	20.6	6.0	PF08245.18|Mur_ligase_M	PFAM:PF08245.18
contig_2	572165	572434	+	LLMDKN_009228	10.1	5.4		
contig_2	572529	572924	+	LLMDKN_009229	14.3	8.5	PF02875.26|Mur_ligase_C	PFAM:PF02875.26
contig_2	572945	573190	-	LLMDKN_009230	8.7	4.5	PF01042.26|Ribonuc_L-PSP	PFAM:PF01042.26
contig_2	573613	574233	+	LLMDKN_009231	23.8	9.7	PF05598.16|DUF772	PFAM:PF05598.16
contig_2	574246	574389	+	LLMDKN_009232	5.7	9.2		
contig_2	574400	574780	+	LLMDKN_009233	15.0	9.1		
contig_2	575407	575967	-	LLMDKN_009235	21.0	5.1	PF00515.34|TPR_1, PF07719.23|TPR_2, PF12895.13|ANAPC3, PF13371.12|TPR_9, PF13428.12|TPR_14, PF14559.12|TPR_19	PFAM:PF00515.34, PFAM:PF07719.23, PFAM:PF12895.13, PFAM:PF13371.12, PFAM:PF13428.12, PFAM:PF14559.12
contig_2	575909	576577	-	LLMDKN_009236	24.6	5.1		
contig_2	576570	576854	-	LLMDKN_009237	9.9	8.7		
contig_2	576851	576988	-	LLMDKN_009238	5.2	9.0		
contig_2	577499	577774	-	LLMDKN_009240	10.1	9.5	PF08032.17|SpoU_sub_bind	PFAM:PF08032.17
contig_2	577846	578319	-	LLMDKN_009241	17.1	5.6		
contig_2	578292	578561	-	LLMDKN_009242	10.3	10.1		
contig_2	578621	579055	-	LLMDKN_009243	16.2	4.4		
contig_2	579085	579369	-	LLMDKN_009244	10.8	6.8		
contig_2	579366	579521	-	LLMDKN_009245	5.8	4.3		
contig_2	579525	579827	-	LLMDKN_009246	11.2	9.4	PF04127.22|DFP	PFAM:PF04127.22
contig_2	579827	580225	-	LLMDKN_009247	14.5	4.8	PF04127.22|DFP	PFAM:PF04127.22
contig_2	580491	580718	-	LLMDKN_009248	7.9	9.6	PF02441.25|Flavoprotein	PFAM:PF02441.25
contig_2	580838	581194	-	LLMDKN_009249	13.5	4.8		
contig_2	581146	581319	-	LLMDKN_009250	6.5	9.2		
contig_2	581306	581476	-	LLMDKN_009251	6.3	4.6	PF00929.31|RNase_T	PFAM:PF00929.31
contig_2	581629	582141	-	LLMDKN_009252	19.1	4.6	PF02768.20|DNA_pol3_beta_3	PFAM:PF02768.20
contig_2	582138	582518	-	LLMDKN_009253	14.1	4.8	PF02767.21|DNA_pol3_beta_2	PFAM:PF02767.21
contig_2	582463	582888	-	LLMDKN_009254	15.8	8.7	PF00712.24|DNA_pol3_beta	PFAM:PF00712.24
contig_2	582906	583280	+	LLMDKN_009255	13.9	4.8	PF11325.14|DUF3127	PFAM:PF11325.14
contig_2	583453	583713	+	LLMDKN_009256	9.7	9.6		
contig_2	583734	584396	-	LLMDKN_009257	25.1	7.7		
contig_2	584362	584502	-	LLMDKN_009258	5.4	10.0		
contig_2	584489	584947	-	LLMDKN_009259	17.9	5.8		
contig_2	585854	586042	-	LLMDKN_009261	6.6	8.0	PF02873.21|MurB_C	PFAM:PF02873.21
contig_2	586035	586640	-	LLMDKN_009262	23.2	5.3	PF01565.28|FAD_binding_4	PFAM:PF01565.28
contig_2	586643	586873	-	LLMDKN_009263	8.8	6.3		
contig_2	587626	587769	-	LLMDKN_009265	5.2	9.8		
contig_2	587826	588251	-	LLMDKN_009266	15.9	4.8		
contig_2	588248	588649	-	LLMDKN_009267	14.9	5.8	PF04321.23|RmlD_sub_bind, PF16363.11|GDP_Man_Dehyd	PFAM:PF04321.23, PFAM:PF16363.11
contig_2	590148	590552	+	LLMDKN_009269	15.3	8.8		
contig_2	590680	591015	-	LLMDKN_009270	12.0	7.8		
contig_2	591314	591661	-	LLMDKN_009271	13.0	10.1		
contig_2	591622	592251	-	LLMDKN_009272	22.9	5.1		
contig_2	592220	592891	-	LLMDKN_009273	24.4	5.9		
contig_2	592916	593293	-	LLMDKN_009274	13.4	9.5		
contig_2	593521	593997	-	LLMDKN_009275	18.1	4.9		
contig_2	595190	595996	-	LLMDKN_009277	30.2	9.0		
contig_2	595963	596166	-	LLMDKN_009278	7.4	5.6		
contig_2	596168	596284	-	LLMDKN_009279	4.0	4.7		
contig_2	596253	596462	-	LLMDKN_009280	7.7	4.6		
contig_2	596416	596715	-	LLMDKN_009281	10.8	7.8		
contig_2	596687	597010	-	LLMDKN_009282	11.9	6.7		
contig_2	597192	597449	-	LLMDKN_009283	8.8	4.4		
contig_2	597597	598619	-	LLMDKN_009284	37.0	5.7		
contig_2	598665	598964	-	LLMDKN_009285	11.2	4.8		
contig_2	599023	599595	-	LLMDKN_009286	21.0	5.7		
contig_2	600763	600978	-	LLMDKN_009288	7.7	4.7		
contig_2	601295	601576	-	LLMDKN_009289	10.0	7.9		
contig_2	601645	602070	-	LLMDKN_009290	15.6	5.3		
contig_2	602016	602549	-	LLMDKN_009291	18.8	6.2		
contig_2	602561	602938	-	LLMDKN_009292	13.0	6.2		
contig_2	602892	603524	-	LLMDKN_009293	22.3	9.3		
contig_2	603767	603976	-	LLMDKN_009294	7.5	4.6		
contig_2	603985	604896	-	LLMDKN_009295	32.3	8.7		
contig_2	605058	605423	-	LLMDKN_009296	12.9	5.5		
contig_2	605410	605811	-	LLMDKN_009297	14.7	10.7		
contig_2	606043	606327	-	LLMDKN_009298	9.4	8.9		
contig_2	606306	606503	-	LLMDKN_009299	7.2	7.8		
contig_2	606500	606943	-	LLMDKN_009300	14.9	4.7		
contig_2	607091	607675	-	LLMDKN_009301	20.4	4.5		
contig_2	607749	608045	-	LLMDKN_009302	10.9	8.5		
contig_2	608224	608961	-	LLMDKN_009303	26.6	10.0		
contig_2	608989	609228	-	LLMDKN_009304	9.0	9.1		
contig_2	609254	609502	-	LLMDKN_009305	9.2	5.2		
contig_2	609999	610136	-	LLMDKN_009306	5.0	4.9		
contig_2	610117	610866	-	LLMDKN_009307	27.8	9.7	PF13102.12|Phage_int_SAM_5	PFAM:PF13102.12
contig_2	611598	611864	+	LLMDKN_009309	9.8	10.3		
contig_2	611994	612266	+	LLMDKN_009310	10.1	10.9		
contig_2	612263	612613	+	LLMDKN_009311	13.8	7.8		
contig_2	612959	613354	-	LLMDKN_009312	15.0	5.9	PF00210.30|Ferritin	PFAM:PF00210.30
contig_2	613412	613528	-	LLMDKN_009313	4.2	6.1		
contig_2	613534	613950	-	LLMDKN_009314	15.5	5.7	PF00278.28|Orn_DAP_Arg_deC	PFAM:PF00278.28
contig_2	614016	614438	+	LLMDKN_009315	15.2	4.4		
contig_2	614402	614569	-	LLMDKN_009316	6.6	9.5		
contig_2	614712	615092	-	LLMDKN_009317	14.2	4.8	PF22468.2|ACT_9	PFAM:PF22468.2
contig_2	615137	616033	-	LLMDKN_009318	33.6	5.7		
contig_2	616065	616391	-	LLMDKN_009319	12.0	5.1	PF00005.33|ABC_tran	PFAM:PF00005.33
contig_2	617085	617351	+	LLMDKN_009321	10.1	9.2		
contig_2	617581	617919	-	LLMDKN_009322	12.0	5.6		
contig_2	617938	618129	+	LLMDKN_009323	6.7	10.9		
contig_2	618415	618768	-	LLMDKN_009324	12.8	5.1		
contig_2	618728	619093	-	LLMDKN_009325	13.5	6.1		
contig_2	619205	619537	-	LLMDKN_009326	13.0	7.9	PF00117.34|GATase	PFAM:PF00117.34
contig_2	619518	619763	-	LLMDKN_009327	9.1	10.1		
contig_2	621742	622170	-	LLMDKN_009331	16.4	5.4	PF03235.19|GmrSD_N	PFAM:PF03235.19
contig_2	622374	622622	-	LLMDKN_009332	9.5	9.4		
contig_2	624215	624394	-	LLMDKN_009335	6.6	9.6		
contig_2	624391	624810	-	LLMDKN_009336	16.3	8.4	PF20240.3|DUF6597	PFAM:PF20240.3
contig_2	624807	625016	-	LLMDKN_009337	7.8	5.1	PF20240.3|DUF6597	PFAM:PF20240.3
contig_2	625532	625858	-	LLMDKN_009339	12.4	5.6	PF00165.29|HTH_AraC, PF12833.13|HTH_18	PFAM:PF00165.29, PFAM:PF12833.13
contig_2	625876	626049	-	LLMDKN_009340	6.5	4.6		
contig_2	626022	626342	-	LLMDKN_009341	11.7	7.8	PF20240.3|DUF6597	PFAM:PF20240.3
contig_2	626706	627155	+	LLMDKN_009342	17.3	9.7		
contig_2	626973	627386	-	LLMDKN_009343	14.9	7.6		
contig_2	627787	628476	+	LLMDKN_009344	25.8	8.7	PF01149.29|Fapy_DNA_glyco	PFAM:PF01149.29
contig_2	628669	628893	+	LLMDKN_009345	8.3	6.5		
contig_2	628951	629262	+	LLMDKN_009346	11.3	7.8	PF01965.30|DJ-1_PfpI	PFAM:PF01965.30
contig_2	629267	629515	+	LLMDKN_009347	9.5	10.1		
contig_2	629524	629916	+	LLMDKN_009348	15.2	8.6		
contig_2	630163	630510	+	LLMDKN_009349	13.5	9.8		
contig_2	630644	631006	-	LLMDKN_009350	13.6	5.9	PF00293.34|NUDIX, PF14815.12|NUDIX_4	PFAM:PF00293.34, PFAM:PF14815.12
contig_2	631201	631773	+	LLMDKN_009351	21.8	8.8		
contig_2	631922	632137	+	LLMDKN_009352	8.4	9.3		
contig_2	632337	632648	-	LLMDKN_009353	11.7	10.4		
contig_2	632925	633608	+	LLMDKN_009354	25.6	9.2		
contig_2	633968	634360	+	LLMDKN_009355	15.2	5.1		
contig_2	634367	635422	-	LLMDKN_009356	40.7	5.7		
contig_2	635461	635832	-	LLMDKN_009357	14.8	4.9		
contig_2	635811	636446	-	LLMDKN_009358	25.0	8.8		
contig_2	636434	636691	-	LLMDKN_009359	10.4	8.5		
contig_2	636648	636842	-	LLMDKN_009360	7.5	8.1		
contig_2	636839	637099	-	LLMDKN_009361	10.2	6.6		
contig_2	637063	637446	-	LLMDKN_009362	15.1	6.9		
contig_2	637488	637778	-	LLMDKN_009363	11.4	9.6		
contig_2	637845	638036	-	LLMDKN_009364	7.6	10.0		
contig_2	639988	640083	-	LLMDKN_009367	3.5	6.1		
contig_2	640031	640333	-	LLMDKN_009368	10.7	5.2		
contig_2	640309	640641	-	LLMDKN_009369	12.1	8.5	PF00892.27|EamA	PFAM:PF00892.27
contig_2	640632	640901	-	LLMDKN_009370	9.7	9.0		
contig_2	640947	641330	+	LLMDKN_009371	15.1	9.1		
contig_2	641362	641604	+	LLMDKN_009372	9.6	9.4		
contig_2	641666	642007	+	LLMDKN_009373	12.6	6.1		
contig_2	642014	642397	+	LLMDKN_009374	15.2	9.6		
contig_2	642915	643160	-	LLMDKN_009375	9.3	8.5		
contig_2	643225	643779	+	LLMDKN_009376	21.4	10.0		
contig_2	643733	643927	+	LLMDKN_009377	6.7	8.4	PF00106.31|adh_short	PFAM:PF00106.31
contig_2	643924	644475	+	LLMDKN_009378	20.3	9.1	PF00106.31|adh_short	PFAM:PF00106.31
contig_2	644494	644793	+	LLMDKN_009379	12.0	8.6	PF12674.12|Zn_ribbon_2	PFAM:PF12674.12
contig_2	645081	645248	-	LLMDKN_009380	6.7	4.9		
contig_2	645332	645475	-	LLMDKN_009381	5.5	5.2	PF08212.18|Lipocalin_2	PFAM:PF08212.18
contig_2	645578	646201	-	LLMDKN_009382	22.9	6.5	PF08212.18|Lipocalin_2	PFAM:PF08212.18
contig_2	646159	646515	-	LLMDKN_009383	13.4	9.1		
contig_2	646719	646991	-	LLMDKN_009384	10.6	7.8	PF01183.26|Glyco_hydro_25	PFAM:PF01183.26
contig_2	647007	647411	-	LLMDKN_009385	16.1	8.1	PF01183.26|Glyco_hydro_25	PFAM:PF01183.26
contig_2	647554	648180	-	LLMDKN_009386	24.0	8.4		
contig_2	648177	648500	-	LLMDKN_009387	11.8	4.8		
contig_2	648469	648801	-	LLMDKN_009388	12.4	6.6	PF13088.12|BNR_2	PFAM:PF13088.12
contig_2	648835	649260	-	LLMDKN_009389	15.7	8.6		
contig_2	649358	650380	-	LLMDKN_009390	37.9	6.1	PF00365.25|PFK	PFAM:PF00365.25
contig_2	650373	651002	-	LLMDKN_009391	22.2	6.0	PF00365.25|PFK	PFAM:PF00365.25
contig_2	651225	651452	+	LLMDKN_009392	8.4	5.8		
contig_2	651359	652081	-	LLMDKN_009393	26.8	6.4	PF13402.12|Peptidase_M60	PFAM:PF13402.12
contig_2	652057	652179	-	LLMDKN_009394	4.6	6.7		
contig_2	652130	652435	-	LLMDKN_009395	11.8	7.0	PF13402.12|Peptidase_M60	PFAM:PF13402.12
contig_2	652459	652650	-	LLMDKN_009396	6.8	6.7		
contig_2	652904	653083	-	LLMDKN_009397	6.5	10.0		
contig_2	653083	653388	-	LLMDKN_009398	11.2	4.8	PF00754.31|F5_F8_type_C	PFAM:PF00754.31
contig_2	653352	653747	-	LLMDKN_009399	14.6	4.9	PF13004.13|BACON	PFAM:PF13004.13
contig_2	653707	653973	-	LLMDKN_009400	9.5	4.8		
contig_2	654209	654796	-	LLMDKN_009401	21.5	4.7	PF00754.31|F5_F8_type_C, PF22633.2|F5_F8_type_C_2	PFAM:PF00754.31, PFAM:PF22633.2
contig_2	654757	655056	-	LLMDKN_009402	11.0	7.7		
contig_2	655127	655516	-	LLMDKN_009403	15.0	5.3	PF07980.17|SusD_RagB	PFAM:PF07980.17
contig_2	655474	655701	-	LLMDKN_009404	8.2	9.3	PF07980.17|SusD_RagB	PFAM:PF07980.17
contig_2	655811	656464	-	LLMDKN_009405	24.3	5.7	PF07980.17|SusD_RagB	PFAM:PF07980.17
contig_2	656503	656721	-	LLMDKN_009406	8.4	6.5		
contig_2	656666	656932	-	LLMDKN_009407	9.9	5.5		
contig_2	657045	657752	-	LLMDKN_009408	26.5	7.8		
contig_2	657749	657898	-	LLMDKN_009409	5.6	10.0		
contig_2	657935	658282	-	LLMDKN_009410	12.7	9.0		
contig_2	658285	658557	-	LLMDKN_009411	10.0	8.1		
contig_2	658565	658831	+	LLMDKN_009412	9.7	9.9		
contig_2	658812	659102	-	LLMDKN_009413	10.9	9.2		
contig_2	659148	660059	-	LLMDKN_009414	32.5	5.3	PF07715.20|Plug, PF13620.12|CarboxypepD_reg, PF13715.12|CarbopepD_reg_2	PFAM:PF07715.20, PFAM:PF13620.12, PFAM:PF13715.12
contig_2	660053	660229	-	LLMDKN_009415	6.6	9.6		
contig_2	660261	660422	-	LLMDKN_009416	6.0	10.0		
contig_2	660461	660766	-	LLMDKN_009417	12.0	6.7	PF16344.10|FecR_C	PFAM:PF16344.10
contig_2	660873	661238	-	LLMDKN_009418	14.1	9.2		
contig_2	661864	662256	+	LLMDKN_009419	15.8	5.9	PF04542.20|Sigma70_r2	PFAM:PF04542.20
contig_2	662253	662387	+	LLMDKN_009420	5.6	9.9		
contig_2	662401	662760	-	LLMDKN_009421	13.3	9.4		
contig_2	662748	663122	-	LLMDKN_009422	13.8	9.2		
contig_2	663082	663492	-	LLMDKN_009423	15.2	5.1		
contig_2	663468	663785	-	LLMDKN_009424	12.5	9.1		
contig_2	663862	664380	-	LLMDKN_009425	18.4	8.8		
contig_2	664468	665118	-	LLMDKN_009426	24.2	5.9		
contig_2	665072	665380	-	LLMDKN_009427	11.1	9.1		
contig_2	665495	666937	-	LLMDKN_009428	51.8	4.8	PF02355.23|SecD_SecF_C	PFAM:PF02355.23
contig_2	667115	667924	-	LLMDKN_009429	29.7	5.6		
contig_2	667936	668079	-	LLMDKN_009430	5.6	5.0		
contig_2	668640	668846	+	LLMDKN_009431	7.3	6.0	PF01734.28|Patatin	PFAM:PF01734.28
contig_2	669106	669384	+	LLMDKN_009432	10.2	9.0	PF01734.28|Patatin	PFAM:PF01734.28
contig_2	669686	670048	-	LLMDKN_009433	13.7	7.7		
contig_2	670095	670763	+	LLMDKN_009434	24.4	8.8	PF19143.6|Omp85_2	PFAM:PF19143.6
contig_2	670736	670909	-	LLMDKN_009435	6.4	9.6		
contig_2	671094	671288	+	LLMDKN_009436	7.3	8.0		
contig_2	671344	671499	+	LLMDKN_009437	5.8	9.6		
contig_2	671612	671836	-	LLMDKN_009438	8.8	5.6		
contig_2	671856	672170	+	LLMDKN_009439	11.8	5.1		
contig_2	672190	672627	+	LLMDKN_009440	16.8	6.1		
contig_2	672816	673238	+	LLMDKN_009441	15.3	6.6	PF01979.26|Amidohydro_1	PFAM:PF01979.26
contig_2	673336	673866	+	LLMDKN_009442	19.8	6.3	PF01979.26|Amidohydro_1	PFAM:PF01979.26
contig_2	674401	674925	+	LLMDKN_009443	20.2	8.5	PF01182.26|Glucosamine_iso	PFAM:PF01182.26
contig_2	674868	675557	+	LLMDKN_009444	25.8	6.4		
contig_2	675578	675742	+	LLMDKN_009445	6.3	9.6		
contig_2	675909	676172	+	LLMDKN_009446	10.1	4.7		
contig_2	677087	677599	+	LLMDKN_009448	19.6	9.4		
contig_2	677574	677750	+	LLMDKN_009449	6.8	7.9		
contig_2	677710	677889	+	LLMDKN_009450	6.9	10.0		
contig_2	678145	678246	+	LLMDKN_009451	3.4	4.7		
contig_2	678243	678959	+	LLMDKN_009452	26.8	9.3		
contig_2	679144	679998	+	LLMDKN_009453	31.1	4.9		
contig_2	680477	680677	+	LLMDKN_009454	7.6	4.9		
contig_2	680884	681204	+	LLMDKN_009455	12.2	4.7		SO:0001217, UniRef:UniRef50_H1Q102
contig_2	681413	681604	+	LLMDKN_009457	7.3	10.1		
contig_2	681601	681756	+	LLMDKN_009458	6.0	4.2		
contig_2	682031	682237	+	LLMDKN_009459	7.1	9.0		
contig_2	682224	682355	+	LLMDKN_009460	5.2	6.1		
contig_2	682339	682761	+	LLMDKN_009461	15.7	6.8		
contig_2	682718	683065	+	LLMDKN_009462	12.9	6.3		
contig_2	683104	683286	+	LLMDKN_009463	7.0	9.1		
contig_2	683241	683687	+	LLMDKN_009464	16.4	9.4		
contig_2	683873	684118	-	LLMDKN_009465	9.3	9.9		
contig_2	684122	684433	-	LLMDKN_009466	12.2	8.6		
contig_2	684402	684677	-	LLMDKN_009467	10.3	4.8	PF03461.20|TRCF	PFAM:PF03461.20
contig_2	684707	684988	-	LLMDKN_009468	10.1	4.6		
contig_2	684955	685239	-	LLMDKN_009469	10.8	8.7	PF00271.37|Helicase_C	PFAM:PF00271.37
contig_2	685270	686235	-	LLMDKN_009470	36.2	9.5	PF00270.35|DEAD	PFAM:PF00270.35
contig_2	686199	686846	-	LLMDKN_009471	24.9	6.5	PF02559.22|CarD_TRCF_RID	PFAM:PF02559.22
contig_2	686997	687380	-	LLMDKN_009472	14.5	5.4	PF17757.6|UvrB_inter	PFAM:PF17757.6
contig_2	687460	687606	-	LLMDKN_009473	5.4	6.2		
contig_2	687799	687987	+	LLMDKN_009474	6.8	4.8	PF00535.33|Glycos_transf_2	PFAM:PF00535.33
contig_2	688040	688462	+	LLMDKN_009475	16.0	8.5	PF00535.33|Glycos_transf_2	PFAM:PF00535.33
contig_2	688556	688771	+	LLMDKN_009476	7.9	10.2		
contig_2	688903	689151	+	LLMDKN_009477	9.5	9.1		
contig_2	689148	689336	+	LLMDKN_009478	7.2	9.2		
contig_2	689668	689934	+	LLMDKN_009479	10.2	6.8		
contig_2	690080	690355	+	LLMDKN_009480	10.6	10.0		
contig_2	690439	690546	+	LLMDKN_009481	4.2	4.7		
contig_2	690690	691145	+	LLMDKN_009482	17.3	10.0	PF02965.22|Met_synt_B12	PFAM:PF02965.22
contig_2	692211	692849	-	LLMDKN_009484	23.8	9.0	PF13505.12|OMP_b-brl, PF13568.12|OMP_b-brl_2	PFAM:PF13505.12, PFAM:PF13568.12
contig_2	692887	693021	-	LLMDKN_009485	5.3	9.0		
contig_2	693014	693133	-	LLMDKN_009486	4.4	9.9		
contig_2	693156	693857	-	LLMDKN_009487	26.5	9.0	PF13568.12|OMP_b-brl_2	PFAM:PF13568.12
contig_2	693805	694020	-	LLMDKN_009488	7.7	9.5	PF13715.12|CarbopepD_reg_2	PFAM:PF13715.12
contig_2	695184	695435	+	LLMDKN_009490	9.9	8.7		
contig_2	695322	695642	-	LLMDKN_009491	12.1	4.9		
contig_2	695639	695878	-	LLMDKN_009492	8.8	6.2		
contig_2	696064	696444	+	LLMDKN_009493	14.6	5.9	PF04542.20|Sigma70_r2	PFAM:PF04542.20
contig_2	696395	696568	+	LLMDKN_009494	6.7	9.6	PF08281.18|Sigma70_r4_2	PFAM:PF08281.18
contig_2	696586	696711	+	LLMDKN_009495	4.7	5.2		
contig_2	696765	697175	+	LLMDKN_009496	16.4	9.5		
contig_2	698502	698813	-	LLMDKN_009498	11.8	7.1		
contig_2	698836	699840	+	LLMDKN_009499	37.3	9.9		
contig_2	699665	700093	-	LLMDKN_009500	15.6	10.4		
contig_2	700172	700723	+	LLMDKN_009501	20.3	9.3		
contig_2	700868	701227	+	LLMDKN_009502	13.2	4.9		
contig_2	701230	701772	+	LLMDKN_009503	19.9	9.3	PF00005.33|ABC_tran	PFAM:PF00005.33
contig_2	701772	701939	+	LLMDKN_009504	6.3	6.2		
contig_2	701909	702232	-	LLMDKN_009505	12.3	9.3		
contig_2	702551	702757	-	LLMDKN_009506	7.5	5.1		
contig_2	702760	703122	-	LLMDKN_009507	13.9	9.4		
contig_2	703257	703874	-	LLMDKN_009508	24.1	8.8		
contig_2	703901	704275	-	LLMDKN_009509	14.8	10.2		
contig_2	704469	704741	-	LLMDKN_009510	11.0	9.8		
contig_2	704767	705120	-	LLMDKN_009511	13.2	4.8		
contig_2	705678	706481	-	LLMDKN_009512	30.4	5.6	PF12320.13|SbcD_C	PFAM:PF12320.13
contig_2	706908	707150	+	LLMDKN_009513	8.9	9.4		
contig_2	707184	707537	+	LLMDKN_009514	13.3	10.1		
contig_2	707480	707659	+	LLMDKN_009515	6.6	9.5		
contig_2	707622	707756	+	LLMDKN_009516	4.7	4.7		
contig_2	707994	708632	-	LLMDKN_009517	24.3	10.0		
contig_2	708589	709308	-	LLMDKN_009518	27.7	9.7		
contig_2	709293	709460	-	LLMDKN_009519	6.5	8.1		
contig_2	709469	710431	-	LLMDKN_009520	36.7	9.3		
contig_2	710475	711593	-	LLMDKN_009521	41.7	6.2		
contig_2	711601	712374	-	LLMDKN_009522	28.7	9.4		
contig_2	712371	712712	-	LLMDKN_009523	13.3	9.6		
contig_2	712715	713320	-	LLMDKN_009524	22.7	4.8	PF02355.23|SecD_SecF_C	PFAM:PF02355.23
contig_2	713374	714186	-	LLMDKN_009525	31.4	4.9		
contig_2	714128	714412	-	LLMDKN_009526	11.1	9.2		
contig_2	714521	714826	-	LLMDKN_009527	11.4	8.7		
contig_2	714828	715010	-	LLMDKN_009528	7.1	7.8		
contig_2	715007	715789	-	LLMDKN_009529	29.3	4.7		
contig_2	715816	716337	-	LLMDKN_009530	18.8	5.4		
contig_2	716346	716519	-	LLMDKN_009531	6.3	5.1		
contig_2	716539	716748	-	LLMDKN_009532	8.0	9.7		
contig_2	717322	717558	-	LLMDKN_009533	9.3	9.9		
contig_2	717690	717947	-	LLMDKN_009534	9.9	9.0		
contig_2	717905	718516	-	LLMDKN_009535	23.1	9.4		
contig_2	718552	718779	-	LLMDKN_009536	8.0	9.9		
contig_2	718776	718928	-	LLMDKN_009537	5.4	5.9		
contig_2	718989	719216	-	LLMDKN_009538	9.0	9.5		
contig_2	719174	719371	-	LLMDKN_009539	7.6	9.7		
contig_2	719441	719860	-	LLMDKN_009540	15.7	6.2	PF10502.14|Peptidase_S26	PFAM:PF10502.14
contig_2	720025	720198	-	LLMDKN_009541	6.2	4.5		
contig_2	720232	720390	-	LLMDKN_009542	5.7	4.5		
contig_2	720503	720637	-	LLMDKN_009543	5.4	4.3		
contig_2	720674	720931	-	LLMDKN_009544	10.0	8.8		
contig_2	721752	721925	-	LLMDKN_009545	6.7	4.3		
contig_2	722049	722393	-	LLMDKN_009546	13.5	5.2	PF13970.12|DUF4221	PFAM:PF13970.12
contig_2	722651	722908	-	LLMDKN_009547	9.8	4.6		
contig_2	722978	723142	-	LLMDKN_009548	6.3	7.8		
contig_2	723123	723428	-	LLMDKN_009549	11.8	9.4		
contig_2	723510	723749	-	LLMDKN_009550	9.4	4.4		
contig_2	723922	724236	-	LLMDKN_009551	12.0	5.1		
contig_2	724707	724979	-	LLMDKN_009552	10.3	9.2		
contig_2	724976	725263	-	LLMDKN_009553	10.7	8.7		
contig_2	725244	725369	-	LLMDKN_009554	4.8	9.6		
contig_2	725447	725752	-	LLMDKN_009555	11.5	5.2		
contig_2	725697	725981	-	LLMDKN_009556	10.3	7.8		
contig_2	725968	726189	-	LLMDKN_009557	8.8	4.8		
contig_2	726186	726680	-	LLMDKN_009558	19.1	9.1		
contig_2	726817	727077	-	LLMDKN_009559	9.6	7.7	PF22544.2|HYDIN_VesB_CFA65-like_Ig	PFAM:PF22544.2
contig_2	727025	727348	-	LLMDKN_009560	12.7	5.0		
contig_2	727369	727536	-	LLMDKN_009561	6.7	9.6		
contig_2	727854	728063	-	LLMDKN_009562	8.1	9.3		
contig_2	728100	728258	-	LLMDKN_009563	6.3	4.5		
contig_2	728224	728367	-	LLMDKN_009564	5.4	9.9		
contig_2	728364	728492	-	LLMDKN_009565	5.0	4.2		
contig_2	728452	728934	-	LLMDKN_009566	19.0	5.4		
contig_2	728943	729101	-	LLMDKN_009567	6.0	5.0		
contig_2	729320	729496	-	LLMDKN_009568	6.0	4.5		
contig_2	729484	729591	-	LLMDKN_009569	4.0	10.0		
contig_2	729530	729688	-	LLMDKN_009570	6.2	6.5		
contig_2	729771	730370	-	LLMDKN_009571	22.3	8.3	PF15869.11|TolB_like	PFAM:PF15869.11
contig_2	730398	730811	-	LLMDKN_009572	16.0	5.1	PF15869.11|TolB_like	PFAM:PF15869.11
contig_2	730893	731105	-	LLMDKN_009573	7.9	5.1		
contig_2	731384	731836	+	LLMDKN_009574	17.5	8.7		
contig_2	731833	732090	+	LLMDKN_009575	10.5	9.8		
contig_2	732197	732424	+	LLMDKN_009576	9.0	10.2		
contig_2	732726	732962	-	LLMDKN_009577	8.9	4.7		
contig_2	732974	733408	-	LLMDKN_009578	16.8	5.0		
contig_2	734073	734330	-	LLMDKN_009580	9.8	8.6		
contig_2	734385	734696	-	LLMDKN_009581	12.6	9.0		
contig_2	734726	735352	-	LLMDKN_009582	24.1	7.6	PF13424.12|TPR_12	PFAM:PF13424.12
contig_2	735334	735486	-	LLMDKN_009583	5.8	8.9		
contig_2	735486	735851	-	LLMDKN_009584	13.8	5.8		
contig_2	735874	735996	-	LLMDKN_009585	4.8	9.4		
contig_2	735971	736279	-	LLMDKN_009586	11.8	4.9		
contig_2	736283	736507	-	LLMDKN_009587	8.5	7.9		
contig_2	736485	736604	-	LLMDKN_009588	4.4	9.4		
contig_2	736844	737077	+	LLMDKN_009589	9.0	6.8		
contig_2	737172	737420	+	LLMDKN_009590	9.7	5.5		
contig_2	737586	737702	+	LLMDKN_009591	4.2	4.1		
contig_2	737702	738082	+	LLMDKN_009592	14.6	6.3	PF13186.11|SPASM	PFAM:PF13186.11
contig_2	738125	738367	+	LLMDKN_009593	9.0	6.7		
contig_2	738364	738879	+	LLMDKN_009594	19.3	8.3		
contig_2	738997	739179	+	LLMDKN_009595	6.8	10.0		
contig_2	739365	739628	+	LLMDKN_009596	10.2	5.9		
contig_2	739644	739988	+	LLMDKN_009597	13.1	9.7		
contig_2	740041	740286	+	LLMDKN_009598	8.8	4.1		
contig_2	740326	740847	+	LLMDKN_009599	19.1	5.6		
contig_2	741141	741542	+	LLMDKN_009600	15.5	8.0		
contig_2	741669	742460	+	LLMDKN_009601	29.6	7.6		
contig_2	742744	743070	-	LLMDKN_009603	12.0	4.9	PF04101.22|Glyco_tran_28_C, PF13528.12|Glyco_trans_1_3	PFAM:PF04101.22, PFAM:PF13528.12
contig_2	743130	743333	-	LLMDKN_009604	7.5	6.0		
contig_2	743620	743799	-	LLMDKN_009605	6.7	10.5		
contig_2	743874	744068	-	LLMDKN_009606	7.5	4.9		
contig_2	744098	744583	-	LLMDKN_009607	18.8	9.5	PF00149.33|Metallophos	PFAM:PF00149.33
contig_2	744850	745107	+	LLMDKN_009608	9.8	8.3	PF00085.26|Thioredoxin	PFAM:PF00085.26
contig_2	745163	745597	+	LLMDKN_009609	16.4	9.3	PF00085.26|Thioredoxin	PFAM:PF00085.26
contig_2	745894	746442	-	LLMDKN_009610	21.1	9.0	PF00881.29|Nitroreductase	PFAM:PF00881.29
contig_2	746469	746633	-	LLMDKN_009611	6.2	9.9		
contig_2	746581	746958	-	LLMDKN_009612	14.0	4.7	PF00210.30|Ferritin, PF02915.23|Rubrerythrin	PFAM:PF00210.30, PFAM:PF02915.23
contig_2	748300	748707	-	LLMDKN_009615	15.7	5.0		
contig_2	748725	749267	-	LLMDKN_009616	20.8	8.3		
contig_2	749230	749523	-	LLMDKN_009617	11.3	9.4		
contig_2	749542	750006	-	LLMDKN_009618	17.4	4.8		
contig_2	750078	750287	-	LLMDKN_009619	7.5	8.8		
contig_2	750517	751026	+	LLMDKN_009620	18.9	5.4		
contig_2	751016	751552	+	LLMDKN_009621	19.7	8.2	PF02540.23|NAD_synthase	PFAM:PF02540.23
contig_2	751504	751983	+	LLMDKN_009622	17.7	6.0	PF02540.23|NAD_synthase	PFAM:PF02540.23
contig_2	751998	752273	+	LLMDKN_009623	11.0	9.7		
contig_2	752405	752596	+	LLMDKN_009624	7.1	9.9		
contig_2	752644	752757	+	LLMDKN_009625	4.3	10.0		
contig_2	752781	752966	+	LLMDKN_009626	7.3	9.9		
contig_2	753301	753438	+	LLMDKN_009627	5.1	6.7		
contig_2	753440	753622	+	LLMDKN_009628	6.3	5.0		
contig_2	753642	754238	+	LLMDKN_009629	22.0	9.1		
contig_2	754309	754728	+	LLMDKN_009630	16.3	5.1		
contig_2	754778	755269	+	LLMDKN_009631	18.7	9.2		
contig_2	755357	755482	+	LLMDKN_009632	4.9	10.4		
contig_2	755500	755817	+	LLMDKN_009633	12.0	6.5		
contig_2	755802	756062	+	LLMDKN_009634	10.0	9.7		
contig_2	756059	756205	+	LLMDKN_009635	5.2	4.7		
contig_2	756221	756436	+	LLMDKN_009636	8.1	9.5		
contig_2	756378	756542	+	LLMDKN_009637	6.5	9.1		
contig_2	756518	757090	+	LLMDKN_009638	22.2	4.9	PF12741.13|SusD-like, PF12771.13|SusD-like_2, PF14322.12|SusD-like_3	PFAM:PF12741.13, PFAM:PF12771.13, PFAM:PF14322.12
contig_2	757041	757724	+	LLMDKN_009639	25.8	5.1	PF12741.13|SusD-like, PF12771.13|SusD-like_2	PFAM:PF12741.13, PFAM:PF12771.13
contig_2	757902	758321	+	LLMDKN_009640	15.6	4.9	PF00149.33|Metallophos	PFAM:PF00149.33
contig_2	758318	758539	+	LLMDKN_009641	8.3	5.7		
contig_2	758544	758795	+	LLMDKN_009642	9.5	7.8		
contig_2	758896	759057	-	LLMDKN_009643	6.0	9.5		
contig_2	759084	759413	-	LLMDKN_009644	12.6	5.2		
contig_2	759561	760442	-	LLMDKN_009645	33.7	7.6	PF00155.27|Aminotran_1_2	PFAM:PF00155.27
contig_2	760385	760756	-	LLMDKN_009646	13.6	4.3	PF00155.27|Aminotran_1_2	PFAM:PF00155.27
contig_2	761221	761808	-	LLMDKN_009647	21.2	4.9		
contig_2	761810	762217	-	LLMDKN_009648	15.0	8.5		
contig_2	762389	762595	-	LLMDKN_009649	7.5	5.7	PF08029.16|HisG_C	PFAM:PF08029.16
contig_2	762582	762755	-	LLMDKN_009650	6.5	5.4		
contig_2	762737	762955	-	LLMDKN_009651	7.7	6.5		
contig_2	762925	763245	-	LLMDKN_009652	11.9	5.1		
contig_2	764106	764636	+	LLMDKN_009654	20.1	7.1		
contig_2	764590	764814	+	LLMDKN_009655	8.6	5.0	PF17954.7|Pirin_C_2	PFAM:PF17954.7
contig_2	764872	765060	-	LLMDKN_009656	7.3	4.5		
contig_2	765003	765452	-	LLMDKN_009657	17.0	6.7	PF13098.12|Thioredoxin_2, PF13899.12|Thioredoxin_7	PFAM:PF13098.12, PFAM:PF13899.12
contig_2	765622	766095	-	LLMDKN_009658	16.7	8.7	PF02683.22|DsbD_TM	PFAM:PF02683.22
contig_2	766160	766615	-	LLMDKN_009659	16.5	4.7		
contig_2	766793	766906	-	LLMDKN_009660	4.1	9.8		
contig_2	767006	767131	-	LLMDKN_009661	4.7	4.6	PF07876.18|Dabb	PFAM:PF07876.18
contig_2	767098	767304	-	LLMDKN_009662	7.7	9.8	PF07876.18|Dabb	PFAM:PF07876.18
contig_2	767405	767764	+	LLMDKN_009663	13.3	6.4	PF00485.24|PRK, PF06414.18|Zeta_toxin	PFAM:PF00485.24, PFAM:PF06414.18
contig_2	767706	767924	+	LLMDKN_009664	8.5	10.0	PF00485.24|PRK	PFAM:PF00485.24
contig_2	767988	768251	+	LLMDKN_009665	10.0	5.5		
contig_2	768305	768643	+	LLMDKN_009666	12.6	6.3		
contig_2	768663	768851	-	LLMDKN_009667	6.8	9.3		
contig_2	769020	769343	+	LLMDKN_009668	12.1	6.1	PF01464.25|SLT	PFAM:PF01464.25
contig_2	769303	769461	-	LLMDKN_009669	6.3	7.9		
contig_2	769687	770046	-	LLMDKN_009670	13.4	9.4		
contig_2	770141	770416	-	LLMDKN_009671	10.0	6.5		
contig_2	770368	770706	-	LLMDKN_009672	12.7	8.4		
contig_2	770707	770898	-	LLMDKN_009673	6.6	4.6		
contig_2	770909	771142	-	LLMDKN_009674	8.8	8.6		
contig_2	771918	772268	-	LLMDKN_009676	12.6	8.0		
contig_2	772283	772408	-	LLMDKN_009677	4.4	5.5		
contig_2	772494	772943	-	LLMDKN_009678	16.4	4.6	PF02607.22|B12-binding_2	PFAM:PF02607.22
contig_2	772987	773226	-	LLMDKN_009679	9.0	8.8	PF00809.28|Pterin_bind	PFAM:PF00809.28
contig_2	773204	773920	-	LLMDKN_009680	26.3	5.0	PF00809.28|Pterin_bind	PFAM:PF00809.28
contig_2	773944	774333	-	LLMDKN_009681	13.9	4.8		
contig_2	774308	774790	-	LLMDKN_009682	18.8	6.0		
contig_2	774756	774872	-	LLMDKN_009683	4.1	10.5		
contig_2	774932	775147	-	LLMDKN_009684	8.2	8.8		
contig_2	775154	775441	-	LLMDKN_009685	10.6	9.7		
contig_2	775393	775617	-	LLMDKN_009686	7.9	7.6		
contig_2	775738	775899	-	LLMDKN_009687	6.2	7.9		
contig_2	775868	776479	-	LLMDKN_009688	22.1	5.0		
contig_2	776431	776541	-	LLMDKN_009689	3.9	9.2		
contig_2	776629	776922	-	LLMDKN_009690	11.5	4.3	PF14300.12|DMP19	PFAM:PF14300.12
contig_2	776919	777077	-	LLMDKN_009691	6.0	4.2		
contig_2	778033	778146	+	LLMDKN_009693	4.4	10.1		
contig_2	778088	778333	+	LLMDKN_009694	8.7	5.8		
contig_2	778755	779057	+	LLMDKN_009696	11.1	8.8		
contig_2	779089	779763	+	LLMDKN_009697	23.8	8.6		
contig_2	780085	780312	+	LLMDKN_009698	8.5	9.5		
contig_2	780574	780921	+	LLMDKN_009699	13.1	5.9	PF08541.16|ACP_syn_III_C	PFAM:PF08541.16
contig_2	780918	781091	+	LLMDKN_009700	6.4	6.5	PF08541.16|ACP_syn_III_C	PFAM:PF08541.16
contig_2	781256	781378	+	LLMDKN_009701	4.7	6.0		
contig_2	781375	781476	+	LLMDKN_009702	3.9	4.1		
contig_2	781600	781818	+	LLMDKN_009703	8.3	9.3		
contig_2	781910	782182	+	LLMDKN_009704	10.4	6.3		
contig_2	782167	782526	+	LLMDKN_009705	13.5	5.6		
contig_2	782700	783254	+	LLMDKN_009706	20.6	9.6		
contig_2	783233	783433	+	LLMDKN_009707	7.3	8.7		
contig_2	783475	783648	+	LLMDKN_009708	6.5	4.6		
contig_2	783658	783792	-	LLMDKN_009709	5.3	9.8		
contig_2	783750	783980	-	LLMDKN_009710	8.8	6.0		
contig_2	784161	784436	-	LLMDKN_009711	10.6	7.9		
contig_2	784420	784896	-	LLMDKN_009712	17.7	6.5		
contig_2	785108	785377	-	LLMDKN_009713	10.1	9.5		
contig_2	785359	785574	-	LLMDKN_009714	8.1	7.7		
contig_2	785538	785702	-	LLMDKN_009715	6.2	5.2		
contig_2	785732	786067	-	LLMDKN_009716	12.7	6.9		
contig_2	786192	786521	-	LLMDKN_009717	13.3	9.2		
contig_2	786649	786825	-	LLMDKN_009718	6.6	4.9	PF00535.33|Glycos_transf_2	PFAM:PF00535.33
contig_2	787233	787712	-	LLMDKN_009719	18.6	9.5	PF13439.12|Glyco_transf_4	PFAM:PF13439.12
contig_2	788228	788413	-	LLMDKN_009720	7.0	4.1		
contig_2	788460	788669	-	LLMDKN_009721	8.1	9.8		
contig_2	788769	789032	-	LLMDKN_009722	10.6	9.5		
contig_2	789025	789309	-	LLMDKN_009723	10.5	8.5	PF13237.11|Fer4_10	PFAM:PF13237.11
contig_2	789414	789980	-	LLMDKN_009724	21.4	9.5		
contig_2	789958	790332	-	LLMDKN_009725	14.3	7.9		
contig_2	790274	790594	-	LLMDKN_009726	12.3	9.1		
contig_2	790728	790886	-	LLMDKN_009727	5.8	8.3		
contig_2	790972	791535	-	LLMDKN_009728	21.7	9.3		
contig_2	791552	791803	-	LLMDKN_009729	10.0	9.2		
contig_2	792653	792991	-	LLMDKN_009730	13.2	10.3		
contig_2	793002	793184	-	LLMDKN_009731	7.4	6.2		
contig_2	793211	793387	-	LLMDKN_009732	6.9	9.1		
contig_2	793398	793580	-	LLMDKN_009733	6.6	8.7		
contig_2	793805	794020	-	LLMDKN_009734	8.1	9.0		
contig_2	795429	795737	-	LLMDKN_009735	11.8	9.0		
contig_2	795770	795988	-	LLMDKN_009736	8.0	4.9		
contig_2	796143	796310	-	LLMDKN_009737	6.4	4.7		
contig_2	796414	796647	-	LLMDKN_009738	9.0	5.5		
contig_2	796616	796810	-	LLMDKN_009739	7.3	9.2	PF01467.32|CTP_transf_like	PFAM:PF01467.32
contig_2	796780	796893	-	LLMDKN_009740	4.5	9.0		
contig_2	796975	797097	-	LLMDKN_009741	4.5	4.1		
contig_2	797145	797336	-	LLMDKN_009742	7.4	4.5		
contig_2	797795	797950	+	LLMDKN_009743	6.3	6.8		
contig_2	798050	798403	-	LLMDKN_009744	13.9	9.7		
contig_2	798484	798984	-	LLMDKN_009745	18.8	4.5	PF00535.33|Glycos_transf_2, PF13641.12|Glyco_tranf_2_3	PFAM:PF00535.33, PFAM:PF13641.12
contig_2	799083	799457	-	LLMDKN_009746	14.7	9.0		
contig_2	799511	799702	-	LLMDKN_009747	7.7	10.4		
contig_2	799703	800071	-	LLMDKN_009748	14.1	6.1		
contig_2	800091	800405	-	LLMDKN_009749	12.3	9.4		
contig_2	800533	800805	-	LLMDKN_009750	11.0	5.8		
contig_2	802799	803014	+	LLMDKN_009753	8.4	10.2		
contig_2	803026	803271	+	LLMDKN_009754	9.7	9.4		
contig_2	803514	803630	+	LLMDKN_009755	4.3	4.3		
contig_2	803720	803935	+	LLMDKN_009756	8.4	9.5		
contig_2	804018	804296	+	LLMDKN_009757	10.1	9.4		
contig_2	804705	804992	-	LLMDKN_009758	10.7	8.8	PF00037.32|Fer4, PF12797.12|Fer4_2, PF13237.11|Fer4_10	PFAM:PF00037.32, PFAM:PF12797.12, PFAM:PF13237.11
contig_2	805165	805557	-	LLMDKN_009759	14.1	6.3		
contig_2	805852	806046	+	LLMDKN_009760	7.3	9.5		
contig_2	806043	806324	+	LLMDKN_009761	10.2	9.7		
contig_2	806709	807392	+	LLMDKN_009762	25.5	5.7	PF00006.31|ATP-synt_ab, PF07497.18|Rho_RNA_bind	PFAM:PF00006.31, PFAM:PF07497.18
contig_2	808038	808721	+	LLMDKN_009764	25.9	9.6		
contig_2	808688	808891	+	LLMDKN_009765	7.9	5.2		
contig_2	808960	809220	+	LLMDKN_009766	10.2	9.7		
contig_2	809217	809399	+	LLMDKN_009767	6.8	4.4	PF00512.31|HisKA	PFAM:PF00512.31
contig_2	809396	809875	+	LLMDKN_009768	17.5	4.9	PF02518.31|HATPase_c	PFAM:PF02518.31
contig_2	809872	810648	+	LLMDKN_009769	29.9	8.7		
contig_2	810724	810939	+	LLMDKN_009770	8.3	6.5		
contig_2	810975	811091	+	LLMDKN_009771	4.3	4.9		
contig_2	811100	811288	+	LLMDKN_009772	7.1	8.3		
contig_2	811345	811821	+	LLMDKN_009773	18.4	5.3		
contig_2	813386	813592	+	LLMDKN_009775	7.8	8.8	PF02881.24|SRP54_N	PFAM:PF02881.24
contig_2	813577	813897	+	LLMDKN_009776	11.6	8.8	PF00448.28|SRP54, PF06414.18|Zeta_toxin	PFAM:PF00448.28, PFAM:PF06414.18
contig_2	813991	814416	+	LLMDKN_009777	15.5	5.9	PF00448.28|SRP54	PFAM:PF00448.28
contig_2	814341	814511	-	LLMDKN_009778	6.0	4.1		
contig_2	814519	814704	+	LLMDKN_009779	7.0	11.4	PF02978.25|SRP_SPB	PFAM:PF02978.25
contig_2	815108	815401	+	LLMDKN_009780	10.8	6.9		
contig_2	815495	815923	+	LLMDKN_009781	16.0	9.1	PF00578.27|AhpC-TSA	PFAM:PF00578.27
contig_2	815890	816156	+	LLMDKN_009782	9.9	9.4		
contig_2	817323	817520	+	LLMDKN_009784	7.3	10.3		
contig_2	817624	818511	+	LLMDKN_009785	34.4	8.6	PF00578.27|AhpC-TSA, PF08534.16|Redoxin	PFAM:PF00578.27, PFAM:PF08534.16
contig_2	818466	818627	+	LLMDKN_009786	6.1	9.5		
contig_2	818795	819055	+	LLMDKN_009787	9.6	9.3		
contig_2	819209	819367	+	LLMDKN_009788	5.8	8.1		
contig_2	819566	819835	+	LLMDKN_009789	10.1	10.4		
contig_2	820187	820789	-	LLMDKN_009791	23.1	8.4		
contig_2	820756	821244	-	LLMDKN_009792	18.8	9.5		
contig_2	821277	821705	-	LLMDKN_009793	16.2	9.8		
contig_2	821695	821949	-	LLMDKN_009794	10.2	8.0		
contig_2	821972	822349	-	LLMDKN_009795	14.6	5.3		
contig_2	822298	822558	-	LLMDKN_009796	9.9	9.8	PF00005.33|ABC_tran	PFAM:PF00005.33
contig_2	822512	822859	-	LLMDKN_009797	13.2	9.4	PF00005.33|ABC_tran	PFAM:PF00005.33
contig_2	822916	823104	-	LLMDKN_009798	7.1	10.5		
contig_2	823135	823464	-	LLMDKN_009799	12.9	9.8		
contig_2	823448	823627	-	LLMDKN_009800	6.7	9.0		
contig_2	823603	823803	-	LLMDKN_009801	7.5	7.7		
contig_2	823793	824038	-	LLMDKN_009802	8.5	7.8		
contig_2	824266	824676	-	LLMDKN_009803	14.9	6.8	PF21012.3|DUF6850	PFAM:PF21012.3
contig_2	824637	825200	-	LLMDKN_009804	20.6	9.5	PF21012.3|DUF6850	PFAM:PF21012.3
contig_2	825218	825607	-	LLMDKN_009805	14.8	6.6	PF21012.3|DUF6850	PFAM:PF21012.3
contig_2	825646	826536	-	LLMDKN_009806	33.0	4.9		
contig_2	826475	826852	-	LLMDKN_009807	13.9	5.8		
contig_2	827029	828711	-	LLMDKN_009808	65.0	8.9		
contig_2	828726	829148	-	LLMDKN_009809	15.1	8.9	PF07715.20|Plug	PFAM:PF07715.20
contig_2	829130	829372	-	LLMDKN_009810	9.0	9.3		
contig_2	829347	829574	-	LLMDKN_009811	8.6	6.3	PF13620.12|CarboxypepD_reg, PF13715.12|CarbopepD_reg_2	PFAM:PF13620.12, PFAM:PF13715.12
contig_2	830050	830463	-	LLMDKN_009812	14.0	9.3	PF10988.14|DUF2807, PF13349.12|DUF4097	PFAM:PF10988.14, PFAM:PF13349.12
contig_2	830408	830611	-	LLMDKN_009813	6.7	4.9		
contig_2	830746	831288	+	LLMDKN_009814	21.0	9.1		
contig_2	831136	831666	-	LLMDKN_009815	20.4	6.8		
contig_2	833235	833423	+	LLMDKN_009817	7.5	9.8	PF04977.20|DivIC	PFAM:PF04977.20
contig_2	833517	833777	+	LLMDKN_009818	9.9	10.0		
contig_2	834272	834688	-	LLMDKN_009820	15.6	9.7		
contig_2	834803	835198	-	LLMDKN_009821	15.3	9.7		
contig_2	835309	835785	-	LLMDKN_009822	17.6	9.1		
contig_2	835861	836319	-	LLMDKN_009823	16.7	9.7		
contig_2	836581	836835	-	LLMDKN_009824	9.5	4.5		
contig_2	836784	837221	-	LLMDKN_009825	16.7	9.5		
contig_2	837329	837760	+	LLMDKN_009826	15.9	8.0		
contig_2	837621	837968	-	LLMDKN_009827	12.9	9.7		
contig_2	838392	838520	+	LLMDKN_009829	5.0	9.3		
contig_2	838599	838748	+	LLMDKN_009830	5.5	4.3		
contig_2	838697	839452	+	LLMDKN_009831	28.1	5.0	PF07687.19|M20_dimer	PFAM:PF07687.19
contig_2	839416	839856	+	LLMDKN_009832	16.1	6.5		
contig_2	840165	840554	+	LLMDKN_009833	14.6	6.4	PF19580.5|Exo_endo_phos_3	PFAM:PF19580.5
contig_2	840536	840877	+	LLMDKN_009834	13.0	9.7	PF19580.5|Exo_endo_phos_3	PFAM:PF19580.5
contig_2	840862	841035	+	LLMDKN_009835	6.6	6.0		
contig_2	841045	841173	+	LLMDKN_009836	4.8	4.2		
contig_2	841205	842011	-	LLMDKN_009837	30.2	10.0	PF00924.24|MS_channel_2nd	PFAM:PF00924.24
contig_2	841971	842159	-	LLMDKN_009838	6.8	5.5		
contig_2	842305	842418	-	LLMDKN_009839	4.0	6.5		
contig_2	842372	842809	-	LLMDKN_009840	15.7	5.8	PF00923.25|TAL_FSA	PFAM:PF00923.25
contig_2	842839	842949	-	LLMDKN_009841	4.0	4.6	PF00923.25|TAL_FSA	PFAM:PF00923.25
contig_2	843015	843734	-	LLMDKN_009842	26.4	9.5	PF00754.31|F5_F8_type_C, PF22633.2|F5_F8_type_C_2	PFAM:PF00754.31, PFAM:PF22633.2
contig_2	843700	844533	-	LLMDKN_009843	31.6	7.6	PF01120.23|Alpha_L_fucos	PFAM:PF01120.23
contig_2	844491	844748	-	LLMDKN_009844	9.8	8.0		
contig_2	844985	845485	-	LLMDKN_009845	18.7	6.3	PF02929.23|Bgal_small_N	PFAM:PF02929.23
contig_2	845506	846939	-	LLMDKN_009846	54.4	7.6	PF02836.23|Glyco_hydro_2_C, PF02929.23|Bgal_small_N, PF16353.11|LacZ_4	PFAM:PF02836.23, PFAM:PF02929.23, PFAM:PF16353.11
contig_2	846911	847930	-	LLMDKN_009847	38.8	5.8	PF00703.27|Glyco_hydro_2, PF02837.24|Glyco_hydro_2_N, PF13364.12|BetaGal_ABD2, PF22666.2|Glyco_hydro_2_N2	PFAM:PF00703.27, PFAM:PF02837.24, PFAM:PF13364.12, PFAM:PF22666.2
contig_2	848158	848421	-	LLMDKN_009848	9.8	5.7		
contig_2	848393	848854	-	LLMDKN_009849	17.0	9.1	PF13287.12|Fn3_assoc, PF13290.12|CHB_HEX_C_1	PFAM:PF13287.12, PFAM:PF13290.12
contig_2	848803	849312	-	LLMDKN_009850	19.9	9.5	PF00728.28|Glyco_hydro_20	PFAM:PF00728.28
contig_2	849299	849808	-	LLMDKN_009851	18.9	5.6	PF00728.28|Glyco_hydro_20	PFAM:PF00728.28
contig_2	849990	850229	-	LLMDKN_009852	9.1	6.7	PF02838.20|Glyco_hydro_20b	PFAM:PF02838.20
contig_2	850226	850480	-	LLMDKN_009853	9.1	8.6		
contig_2	852605	852952	+	LLMDKN_009855	12.3	5.2		
contig_2	852978	853190	+	LLMDKN_009856	8.0	6.2		
contig_2	853156	853827	+	LLMDKN_009857	26.0	9.4		
contig_2	854061	854378	-	LLMDKN_009858	12.4	5.0	PF00728.28|Glyco_hydro_20	PFAM:PF00728.28
contig_2	854502	855260	-	LLMDKN_009859	28.8	9.2	PF00728.28|Glyco_hydro_20	PFAM:PF00728.28
contig_2	855272	855466	-	LLMDKN_009860	7.2	9.2		
contig_2	855435	855707	-	LLMDKN_009861	10.2	9.3		
contig_2	856045	856341	+	LLMDKN_009862	11.3	5.8	PF07494.17|Reg_prop	PFAM:PF07494.17
contig_2	856338	856649	+	LLMDKN_009863	11.9	8.7		
contig_2	856603	856758	-	LLMDKN_009864	5.7	9.8		
contig_2	857154	857954	+	LLMDKN_009865	29.9	5.6	PF07494.17|Reg_prop	PFAM:PF07494.17
contig_2	858025	858399	+	LLMDKN_009866	14.5	9.5		
contig_2	858546	858809	+	LLMDKN_009867	10.1	5.3	PF12833.13|HTH_18	PFAM:PF12833.13
contig_2	861073	861207	+	LLMDKN_009870	5.3	8.7		
contig_2	861247	861579	-	LLMDKN_009871	12.6	9.9	PF00005.33|ABC_tran	PFAM:PF00005.33
contig_2	861610	861834	-	LLMDKN_009872	8.4	9.8	PF00005.33|ABC_tran	PFAM:PF00005.33
contig_2	861828	862307	-	LLMDKN_009873	18.0	5.2		
contig_2	862267	862626	-	LLMDKN_009874	13.2	6.7	PF00005.33|ABC_tran	PFAM:PF00005.33
contig_2	862730	863074	-	LLMDKN_009875	13.1	5.9		
contig_2	863074	863505	-	LLMDKN_009876	16.3	5.7		
contig_2	863554	863862	-	LLMDKN_009877	12.1	8.9		
contig_2	863874	864203	-	LLMDKN_009878	12.2	5.7		
contig_2	864295	864489	-	LLMDKN_009879	7.5	5.1	PF00728.28|Glyco_hydro_20	PFAM:PF00728.28
contig_2	864446	865057	-	LLMDKN_009880	24.0	9.4	PF00728.28|Glyco_hydro_20	PFAM:PF00728.28
contig_2	865076	865516	-	LLMDKN_009881	16.9	10.2	PF00728.28|Glyco_hydro_20, PF02838.20|Glyco_hydro_20b	PFAM:PF00728.28, PFAM:PF02838.20
contig_2	865513	865707	-	LLMDKN_009882	7.4	10.2		
contig_2	865921	866727	-	LLMDKN_009883	31.0	5.7	PF07980.17|SusD_RagB	PFAM:PF07980.17
contig_2	866821	867114	-	LLMDKN_009884	10.8	4.7		
contig_2	867111	867296	-	LLMDKN_009885	6.9	5.5		
contig_2	867310	867783	-	LLMDKN_009886	18.5	9.2	PF14322.12|SusD-like_3	PFAM:PF14322.12
contig_2	867798	868208	-	LLMDKN_009887	16.0	8.8		
contig_2	868249	868839	-	LLMDKN_009888	22.5	9.3	PF00593.30|TonB_dep_Rec_b-barrel	PFAM:PF00593.30
contig_2	869001	869291	-	LLMDKN_009889	10.8	9.4		
contig_2	869349	869582	-	LLMDKN_009890	9.2	10.0		
contig_2	869593	870243	-	LLMDKN_009891	24.9	5.0		
contig_2	870278	870628	-	LLMDKN_009892	12.6	5.1	PF07715.20|Plug	PFAM:PF07715.20
contig_2	870787	870978	-	LLMDKN_009893	6.9	9.2		
contig_2	871588	871869	-	LLMDKN_009894	10.7	7.8		
contig_2	871979	872380	-	LLMDKN_009895	15.4	10.1		
contig_2	872470	872613	-	LLMDKN_009896	5.3	9.7	PF00196.25|GerE, PF08281.18|Sigma70_r4_2	PFAM:PF00196.25, PFAM:PF08281.18
contig_2	872610	872864	-	LLMDKN_009897	9.9	6.3		
contig_2	872840	873031	-	LLMDKN_009898	7.3	4.7		
contig_2	873209	873682	-	LLMDKN_009899	17.8	6.9	PF21653.3|pulA_all-beta	PFAM:PF21653.3
contig_2	873699	874028	-	LLMDKN_009900	11.8	5.8		
contig_2	874025	874741	-	LLMDKN_009901	27.0	6.0	PF00128.31|Alpha-amylase	PFAM:PF00128.31
contig_2	874754	874876	-	LLMDKN_009902	4.3	9.9		
contig_2	874917	875201	-	LLMDKN_009903	10.3	5.3	PF02922.24|CBM_48	PFAM:PF02922.24
contig_2	875220	875477	-	LLMDKN_009904	9.3	6.7	PF02075.23|RuvC	PFAM:PF02075.23
contig_2	875719	875820	-	LLMDKN_009905	3.7	10.9		
contig_2	876532	876672	-	LLMDKN_009908	5.3	5.8		
contig_2	876745	877698	-	LLMDKN_009909	36.4	8.1		
contig_2	877900	878049	-	LLMDKN_009910	5.9	9.4		
contig_2	878210	878785	+	LLMDKN_009911	21.6	5.2	PF01409.25|tRNA-synt_2d, PF02912.23|Phe_tRNA-synt_N	PFAM:PF01409.25, PFAM:PF02912.23
contig_2	879351	879800	+	LLMDKN_009913	16.6	6.7		
contig_2	879815	880003	+	LLMDKN_009914	6.6	6.7		
contig_2	880035	880586	+	LLMDKN_009915	20.2	8.7		
contig_2	881405	881788	+	LLMDKN_009917	13.9	5.2	PF00162.24|PGK	PFAM:PF00162.24
contig_2	881785	882279	+	LLMDKN_009918	18.1	8.4	PF00162.24|PGK	PFAM:PF00162.24
contig_2	882276	882626	+	LLMDKN_009919	12.2	5.1	PF00162.24|PGK	PFAM:PF00162.24
contig_2	882694	883056	+	LLMDKN_009920	13.1	7.7		
contig_2	883164	883646	+	LLMDKN_009921	17.6	6.1		
contig_2	883745	884467	+	LLMDKN_009922	27.5	9.7		
contig_2	884708	884962	+	LLMDKN_009923	9.7	6.2		
contig_2	884923	885753	+	LLMDKN_009924	31.0	8.8		
contig_2	885904	886494	+	LLMDKN_009925	23.3	5.0		
contig_2	886494	886778	+	LLMDKN_009926	11.2	9.8		
contig_2	886748	887467	+	LLMDKN_009927	28.4	4.9		
contig_2	887663	888100	+	LLMDKN_009928	17.1	5.1	PF00515.34|TPR_1, PF07719.23|TPR_2, PF13181.12|TPR_8, PF13428.12|TPR_14	PFAM:PF00515.34, PFAM:PF07719.23, PFAM:PF13181.12, PFAM:PF13428.12
contig_2	888326	888511	+	LLMDKN_009929	6.9	9.3		
contig_2	888474	888803	-	LLMDKN_009930	12.8	8.8		
contig_2	889190	889381	-	LLMDKN_009931	7.0	5.0		
contig_2	889437	889601	-	LLMDKN_009932	6.2	5.2		
contig_2	889555	889695	-	LLMDKN_009933	5.3	8.5		
contig_2	889683	890003	-	LLMDKN_009934	11.6	6.7		
contig_2	890278	890778	-	LLMDKN_009935	19.1	6.1		
contig_2	890807	890995	-	LLMDKN_009936	7.1	10.0		
contig_2	890964	891089	-	LLMDKN_009937	4.8	6.0		
contig_2	891299	892084	+	LLMDKN_009938	30.1	6.0		
contig_2	892253	892384	+	LLMDKN_009939	4.8	5.1		
contig_2	892527	892811	+	LLMDKN_009940	10.8	6.7		
contig_2	893092	893322	+	LLMDKN_009942	8.9	10.1		
contig_2	893449	893937	+	LLMDKN_009943	18.7	9.9		
contig_2	893928	894272	+	LLMDKN_009944	13.1	9.9		
contig_2	894269	894484	+	LLMDKN_009945	8.4	5.6		
contig_2	894503	894883	+	LLMDKN_009946	14.6	6.9		
contig_2	895223	895381	+	LLMDKN_009947	6.3	9.8		
contig_2	895378	895500	+	LLMDKN_009948	4.6	5.6		
contig_2	896781	897101	-	LLMDKN_009951	11.8	4.9	PF08282.18|Hydrolase_3	PFAM:PF08282.18
contig_2	898443	898826	-	LLMDKN_009954	14.0	5.1	PF00881.29|Nitroreductase	PFAM:PF00881.29
contig_2	898859	898978	-	LLMDKN_009955	4.6	8.2	PF00881.29|Nitroreductase	PFAM:PF00881.29
contig_2	899176	899379	-	LLMDKN_009956	7.5	5.8		
contig_2	899340	899609	-	LLMDKN_009957	9.9	9.9	PF00484.24|Pro_CA	PFAM:PF00484.24
contig_2	899754	900047	+	LLMDKN_009958	11.2	6.6		
contig_2	900049	900750	+	LLMDKN_009959	27.9	10.4	PF13480.13|Acetyltransf_6	PFAM:PF13480.13
contig_2	900809	900997	-	LLMDKN_009960	7.5	9.9		
contig_2	902069	902431	-	LLMDKN_009962	13.9	8.4		
contig_2	902445	902630	+	LLMDKN_009963	6.7	10.3		
contig_2	902627	902752	+	LLMDKN_009964	4.5	10.0		
contig_2	902727	903002	+	LLMDKN_009965	10.3	10.0		
contig_2	903110	903328	+	LLMDKN_009966	8.1	5.0		
contig_2	903322	903546	+	LLMDKN_009967	8.4	5.5		
contig_2	903655	903978	+	LLMDKN_009968	11.9	9.6		
contig_2	904004	904195	+	LLMDKN_009969	7.1	9.6		
contig_2	904195	904407	+	LLMDKN_009970	7.5	9.7	PF00364.28|Biotin_lipoyl, PF13533.12|Biotin_lipoyl_2	PFAM:PF00364.28, PFAM:PF13533.12
contig_2	904475	905095	+	LLMDKN_009971	22.2	9.4		
contig_2	905856	906248	+	LLMDKN_009973	14.7	8.8	PF07719.23|TPR_2, PF13428.12|TPR_14, PF14559.12|TPR_19	PFAM:PF07719.23, PFAM:PF13428.12, PFAM:PF14559.12
contig_2	906190	906420	+	LLMDKN_009974	8.5	4.7		
contig_2	906442	907029	+	LLMDKN_009975	22.8	9.7		
contig_2	907230	907745	+	LLMDKN_009976	19.6	8.3	PF00515.34|TPR_1, PF07719.23|TPR_2, PF12895.13|ANAPC3, PF13174.12|TPR_6, PF13181.12|TPR_8, PF13428.12|TPR_14, PF13431.12|TPR_17, PF13432.12|TPR_16, PF14559.12|TPR_19	PFAM:PF00515.34, PFAM:PF07719.23, PFAM:PF12895.13, PFAM:PF13174.12, PFAM:PF13181.12, PFAM:PF13428.12, PFAM:PF13431.12, PFAM:PF13432.12, PFAM:PF14559.12
contig_2	907782	908150	-	LLMDKN_009977	13.4	5.1		
contig_2	908158	908559	+	LLMDKN_009978	15.4	9.5		
contig_2	910175	910480	+	LLMDKN_009980	11.2	9.5	PF10438.15|Cyc-maltodext_C	PFAM:PF10438.15
contig_2	910549	911154	+	LLMDKN_009981	23.4	9.3	PF01047.28|MarR, PF22381.2|Staph_reg_Sar_Rot	PFAM:PF01047.28, PFAM:PF22381.2
contig_2	911317	911517	+	LLMDKN_009982	7.2	10.1		
contig_2	911645	911785	+	LLMDKN_009983	5.3	8.1		
contig_2	911925	912068	+	LLMDKN_009984	5.2	5.1		
contig_2	912105	912728	+	LLMDKN_009985	23.7	7.7		
contig_2	912683	913345	+	LLMDKN_009986	25.4	10.0		
contig_2	913486	913662	+	LLMDKN_009987	6.2	9.3		
contig_2	914493	914879	-	LLMDKN_009988	14.1	4.8	PF01116.26|F_bP_aldolase	PFAM:PF01116.26
contig_2	914887	915150	-	LLMDKN_009989	9.6	9.6	PF01116.26|F_bP_aldolase	PFAM:PF01116.26
contig_2	915328	915816	-	LLMDKN_009990	18.8	6.2	PF19580.5|Exo_endo_phos_3	PFAM:PF19580.5
contig_2	915839	916387	-	LLMDKN_009991	20.9	6.9	PF19580.5|Exo_endo_phos_3	PFAM:PF19580.5
contig_2	916820	916984	+	LLMDKN_009992	6.1	9.1		
contig_2	917076	917855	-	LLMDKN_009993	29.0	5.0	PF00512.31|HisKA, PF02518.31|HATPase_c	PFAM:PF00512.31, PFAM:PF02518.31
contig_2	918168	918773	-	LLMDKN_009994	22.7	8.3		
contig_2	918718	918867	-	LLMDKN_009995	5.8	9.7		
contig_2	918839	919171	-	LLMDKN_009996	12.6	5.3		
contig_2	919210	919437	-	LLMDKN_009997	8.6	9.1		
contig_2	919645	920007	+	LLMDKN_009998	13.6	9.5		
contig_2	919970	920584	+	LLMDKN_009999	23.8	5.3	PF01435.24|Peptidase_M48	PFAM:PF01435.24
contig_2	920759	921166	+	LLMDKN_010000	15.6	5.9		
contig_2	921275	921700	-	LLMDKN_010001	15.8	8.5		
contig_2	921896	922369	-	LLMDKN_010002	17.7	7.8	PF00128.31|Alpha-amylase	PFAM:PF00128.31
contig_2	922369	922671	-	LLMDKN_010003	11.4	5.0	PF00128.31|Alpha-amylase	PFAM:PF00128.31
contig_2	922668	923180	-	LLMDKN_010004	19.0	8.6		
contig_2	923584	924129	-	LLMDKN_010005	19.5	4.8	PF13004.13|BACON	PFAM:PF13004.13
contig_2	924220	924363	+	LLMDKN_010006	5.4	9.4		
contig_2	924309	925004	-	LLMDKN_010007	25.2	5.0		
contig_2	925015	925194	-	LLMDKN_010008	6.6	4.7		
contig_2	925277	925882	-	LLMDKN_010009	22.2	5.0	PF14292.12|SusE	PFAM:PF14292.12
contig_2	927545	928846	-	LLMDKN_010011	49.2	8.2	PF00593.30|TonB_dep_Rec_b-barrel	PFAM:PF00593.30
contig_2	928843	929010	-	LLMDKN_010012	6.4	7.9		
contig_2	929167	930075	-	LLMDKN_010013	33.2	6.9	PF07715.20|Plug	PFAM:PF07715.20
contig_2	930033	930536	-	LLMDKN_010014	17.3	6.7	PF13620.12|CarboxypepD_reg, PF13715.12|CarbopepD_reg_2	PFAM:PF13620.12, PFAM:PF13715.12
contig_2	931054	931293	-	LLMDKN_010015	8.8	4.9		
contig_2	931310	932134	+	LLMDKN_010016	30.8	6.1	PF00532.27|Peripla_BP_1, PF13377.12|Peripla_BP_3	PFAM:PF00532.27, PFAM:PF13377.12
contig_2	932161	932787	+	LLMDKN_010017	23.0	10.2		
contig_2	932825	933190	+	LLMDKN_010018	13.7	7.1		
contig_2	933196	933537	+	LLMDKN_010019	11.9	6.5		
contig_2	933694	933969	-	LLMDKN_010020	10.1	9.2		
contig_2	933935	934396	-	LLMDKN_010021	16.9	6.4		
contig_2	934409	935137	-	LLMDKN_010022	26.0	4.4		
contig_2	935258	935623	-	LLMDKN_010023	13.0	10.5		
contig_2	935578	935784	-	LLMDKN_010024	7.5	4.5		
contig_2	935775	936002	-	LLMDKN_010025	8.1	4.7		
contig_2	936074	937081	-	LLMDKN_010026	36.8	5.7	PF13004.13|BACON	PFAM:PF13004.13
contig_2	937178	937435	-	LLMDKN_010027	8.6	4.1		
contig_2	937444	937827	-	LLMDKN_010028	13.4	8.6		
contig_2	938002	938436	-	LLMDKN_010029	15.2	4.5		
contig_2	938585	938788	-	LLMDKN_010030	7.2	10.2		
contig_2	938792	939205	-	LLMDKN_010031	14.6	9.6		
contig_2	939209	939379	-	LLMDKN_010032	5.9	4.5		
contig_2	939396	940193	-	LLMDKN_010033	28.8	8.5		
contig_2	940132	940566	-	LLMDKN_010034	15.5	9.9		
contig_2	940675	940851	-	LLMDKN_010035	6.1	5.0		
contig_2	940814	941053	-	LLMDKN_010036	8.2	4.1		
contig_2	941311	941541	-	LLMDKN_010037	8.0	6.7		
contig_2	941648	942604	-	LLMDKN_010038	35.1	6.4		
contig_2	942553	942831	-	LLMDKN_010039	10.1	7.9		
contig_2	942958	943785	-	LLMDKN_010040	29.0	7.6		
contig_2	943919	944236	+	LLMDKN_010041	11.7	4.6		
contig_2	944242	944649	+	LLMDKN_010042	14.6	10.6		
contig_2	944505	944900	-	LLMDKN_010043	15.1	5.8		
contig_2	945000	945275	-	LLMDKN_010044	10.4	5.3		
contig_2	945272	945508	-	LLMDKN_010045	9.0	10.3		
contig_2	945519	945746	-	LLMDKN_010046	8.7	10.7		
contig_2	945820	946152	-	LLMDKN_010047	12.8	10.2		
contig_2	947113	947343	+	LLMDKN_010049	9.0	4.8		
contig_2	947605	948066	+	LLMDKN_010050	18.1	9.4		
contig_2	948187	948579	+	LLMDKN_010051	15.3	9.9		
contig_2	948981	949427	+	LLMDKN_010052	17.4	6.2	PF12784.13|PDDEXK_2	PFAM:PF12784.13
contig_2	949424	949684	+	LLMDKN_010053	10.2	9.4		
contig_2	949651	949884	+	LLMDKN_010054	8.8	5.2		
contig_2	949972	950199	+	LLMDKN_010055	8.6	9.5		
contig_2	950218	950574	+	LLMDKN_010056	13.2	6.7		
contig_2	950565	951236	+	LLMDKN_010057	25.0	5.3		
contig_2	951212	951355	-	LLMDKN_010058	5.3	5.2		
contig_2	951358	951867	+	LLMDKN_010059	19.4	9.9	PF13481.12|AAA_25	PFAM:PF13481.12
contig_2	951891	952178	+	LLMDKN_010060	10.6	9.8		
contig_2	952111	952413	-	LLMDKN_010061	11.0	9.9		
contig_2	952743	953162	+	LLMDKN_010062	15.4	9.1	PF00216.26|Bac_DNA_binding, PF18291.6|HU-HIG	PFAM:PF00216.26, PFAM:PF18291.6
contig_2	953192	953332	+	LLMDKN_010063	5.2	10.4		
contig_2	953419	953637	-	LLMDKN_010064	8.1	7.9		
contig_2	953673	954368	+	LLMDKN_010065	26.6	7.0		
contig_2	954404	954706	+	LLMDKN_010066	11.8	9.6	PF03632.21|Glyco_hydro_65m	PFAM:PF03632.21
contig_2	954700	954942	+	LLMDKN_010067	9.3	6.8	PF03632.21|Glyco_hydro_65m	PFAM:PF03632.21
contig_2	954917	955198	+	LLMDKN_010068	10.9	6.6	PF03632.21|Glyco_hydro_65m	PFAM:PF03632.21
contig_2	955204	955647	+	LLMDKN_010069	17.2	5.8	PF03632.21|Glyco_hydro_65m	PFAM:PF03632.21
contig_2	955671	955769	+	LLMDKN_010070	3.6	9.0		
contig_2	955963	956793	+	LLMDKN_010071	31.1	9.2		
contig_2	956832	956999	+	LLMDKN_010072	5.9	6.1		
contig_2	957028	957183	-	LLMDKN_010073	6.1	6.5		
contig_2	957486	957917	+	LLMDKN_010074	15.9	9.0		
contig_2	957859	958362	+	LLMDKN_010075	18.1	4.9		
contig_2	958329	958688	+	LLMDKN_010076	12.8	10.3		
contig_2	958727	958906	+	LLMDKN_010077	6.9	7.9		
contig_2	959000	959350	+	LLMDKN_010078	13.1	6.6		
contig_2	959314	959733	+	LLMDKN_010079	15.7	9.8		
contig_2	959745	959984	+	LLMDKN_010080	9.0	10.4		
contig_2	959930	960181	+	LLMDKN_010081	8.7	6.5		
contig_2	960208	960627	+	LLMDKN_010082	15.5	9.1		
contig_2	960662	961483	+	LLMDKN_010083	30.7	5.3		
contig_2	961728	962000	+	LLMDKN_010084	9.7	4.1		
contig_2	961975	963000	+	LLMDKN_010085	38.9	5.2	PF16130.10|DUF4842	PFAM:PF16130.10
contig_2	963295	963621	+	LLMDKN_010086	11.6	4.2	PF16129.10|DUF4841	PFAM:PF16129.10
contig_2	963751	963870	+	LLMDKN_010087	4.7	4.6		
contig_2	963875	963997	+	LLMDKN_010088	4.4	5.9		
contig_2	964090	964617	+	LLMDKN_010089	20.2	6.1	PF16130.10|DUF4842	PFAM:PF16130.10
contig_2	964827	964994	+	LLMDKN_010090	6.3	9.5		
contig_2	964937	965290	+	LLMDKN_010091	13.7	4.6	PF18076.6|FGAR-AT_N	PFAM:PF18076.6
contig_2	965459	965812	+	LLMDKN_010092	12.8	4.8		
contig_2	965838	967529	+	LLMDKN_010093	61.5	5.3	PF02769.27|AIRS_C, PF22689.1|FGAR-AT_PurM_N-like	PFAM:PF02769.27, PFAM:PF22689.1
contig_2	967480	967863	+	LLMDKN_010094	14.8	10.0		
contig_2	968840	969226	+	LLMDKN_010096	15.0	9.1		
contig_2	969293	969970	+	LLMDKN_010097	25.9	6.3	PF07494.17|Reg_prop	PFAM:PF07494.17
contig_2	969988	970203	+	LLMDKN_010098	7.9	9.4		
contig_2	970194	970535	+	LLMDKN_010099	13.0	5.1	PF07494.17|Reg_prop	PFAM:PF07494.17
contig_2	970660	970881	+	LLMDKN_010100	8.3	4.6		
contig_2	970862	971605	+	LLMDKN_010101	28.7	5.6	PF00512.31|HisKA, PF02518.31|HATPase_c	PFAM:PF00512.31, PFAM:PF02518.31
contig_2	971577	971918	+	LLMDKN_010102	12.6	10.1	PF02518.31|HATPase_c	PFAM:PF02518.31
contig_2	972088	972699	+	LLMDKN_010103	23.1	6.5	PF00072.30|Response_reg, PF00165.29|HTH_AraC, PF12833.13|HTH_18	PFAM:PF00072.30, PFAM:PF00165.29, PFAM:PF12833.13
contig_2	972805	973059	+	LLMDKN_010104	9.1	9.4		
contig_2	973089	973298	+	LLMDKN_010105	7.9	10.0		
contig_2	974000	974266	-	LLMDKN_010107	10.4	9.1		
contig_2	974342	975559	-	LLMDKN_010108	46.4	9.4	PF02638.21|GHL10	PFAM:PF02638.21
contig_2	975767	977362	+	LLMDKN_010109	60.1	5.4	PF00005.33|ABC_tran, PF17755.6|UvrA_DNA-bind, PF17760.6|UvrA_inter	PFAM:PF00005.33, PFAM:PF17755.6, PFAM:PF17760.6
contig_2	977359	977997	+	LLMDKN_010110	24.3	8.5		
contig_2	978627	979301	-	LLMDKN_010112	24.9	9.2		
contig_2	979362	979736	-	LLMDKN_010113	13.9	8.9		
contig_2	979684	980697	-	LLMDKN_010114	37.2	8.7	PF02554.20|CstA	PFAM:PF02554.20
contig_2	980648	980809	-	LLMDKN_010115	5.9	6.5	PF02554.20|CstA	PFAM:PF02554.20
contig_2	981033	981590	+	LLMDKN_010116	20.9	8.9	PF02638.21|GHL10	PFAM:PF02638.21
contig_2	981916	982698	+	LLMDKN_010117	30.3	5.2		
contig_2	982674	983129	+	LLMDKN_010118	18.1	6.7		
contig_2	983534	983827	+	LLMDKN_010119	11.0	10.0		
contig_2	983933	984226	+	LLMDKN_010120	11.1	7.7		
contig_2	984241	985107	+	LLMDKN_010121	32.3	5.0	PF00512.31|HisKA, PF02518.31|HATPase_c	PFAM:PF00512.31, PFAM:PF02518.31
contig_2	985064	985624	-	LLMDKN_010122	20.8	9.2		
contig_2	985600	986133	-	LLMDKN_010123	19.3	4.7		
contig_2	986256	986555	-	LLMDKN_010124	11.0	9.3		
contig_2	986660	986860	+	LLMDKN_010125	7.7	8.7		
contig_2	986903	987823	+	LLMDKN_010126	36.0	9.5		
contig_2	987802	987942	+	LLMDKN_010127	5.6	6.8		
contig_2	987936	988115	+	LLMDKN_010128	6.6	9.1		
contig_2	988096	988236	+	LLMDKN_010129	5.8	9.0	PF09851.14|SHOCT	PFAM:PF09851.14
contig_2	988185	988838	+	LLMDKN_010130	24.0	5.7	PF09851.14|SHOCT	PFAM:PF09851.14
contig_2	988835	989191	+	LLMDKN_010131	13.7	9.9		
contig_2	989387	989683	+	LLMDKN_010132	11.6	7.8		
contig_2	992037	993395	+	LLMDKN_010134	49.3	5.8	PF02775.26|TPP_enzyme_C	PFAM:PF02775.26
contig_2	993554	993883	+	LLMDKN_010135	12.4	4.3		
contig_2	993922	994101	+	LLMDKN_010136	6.9	8.8		
contig_2	994242	994871	-	LLMDKN_010137	23.3	5.2		
contig_2	994828	994998	-	LLMDKN_010138	5.9	9.2		
contig_2	994985	995260	-	LLMDKN_010139	9.9	10.7		
contig_2	995262	995687	-	LLMDKN_010140	15.2	10.5		
contig_2	995699	995845	-	LLMDKN_010141	5.6	4.6		
contig_2	995842	996417	-	LLMDKN_010142	21.4	5.0	PF00571.33|CBS	PFAM:PF00571.33
contig_2	996392	996865	-	LLMDKN_010143	18.1	8.6	PF00005.33|ABC_tran	PFAM:PF00005.33
contig_2	997341	998345	-	LLMDKN_010144	37.4	8.7	PF00165.29|HTH_AraC, PF01035.26|DNA_binding_1, PF12833.13|HTH_18	PFAM:PF00165.29, PFAM:PF01035.26, PFAM:PF12833.13
contig_2	998297	998692	-	LLMDKN_010145	14.3	4.4	PF00072.30|Response_reg	PFAM:PF00072.30
contig_2	998708	998914	+	LLMDKN_010146	7.6	7.7		
contig_2	999022	999297	+	LLMDKN_010147	10.1	9.4		
contig_2	999279	1000499	-	LLMDKN_010148	45.0	6.1	PF00532.27|Peripla_BP_1	PFAM:PF00532.27
contig_2	1000908	1001453	-	LLMDKN_010149	20.9	9.1		
contig_2	1001495	1001617	-	LLMDKN_010150	4.3	7.8		
contig_2	1001782	1002951	-	LLMDKN_010151	42.9	8.4		
contig_2	1002984	1003547	-	LLMDKN_010152	20.9	5.3	PF08244.19|Glyco_hydro_32C	PFAM:PF08244.19
contig_2	1003666	1004187	-	LLMDKN_010153	20.1	5.0	PF00251.26|Glyco_hydro_32N	PFAM:PF00251.26
contig_2	1004141	1004365	-	LLMDKN_010154	7.9	6.0	PF00251.26|Glyco_hydro_32N	PFAM:PF00251.26
contig_2	1004335	1004568	-	LLMDKN_010155	9.3	7.9	PF00251.26|Glyco_hydro_32N	PFAM:PF00251.26
contig_2	1004571	1004873	-	LLMDKN_010156	11.1	4.9		
contig_2	1004998	1005186	-	LLMDKN_010157	6.7	9.6		
contig_2	1005149	1005697	-	LLMDKN_010158	20.8	8.8		
contig_2	1005681	1006208	-	LLMDKN_010159	20.6	5.0		
contig_2	1006205	1006537	-	LLMDKN_010160	12.4	8.9		
contig_2	1006722	1006922	-	LLMDKN_010161	7.3	9.6		
contig_2	1006936	1007256	-	LLMDKN_010162	11.3	7.9		
contig_2	1007542	1007649	-	LLMDKN_010163	4.0	8.1		
contig_2	1007760	1007900	-	LLMDKN_010164	5.1	7.9		
contig_2	1008137	1008397	-	LLMDKN_010165	9.8	4.7		
contig_2	1008424	1008645	-	LLMDKN_010166	8.1	6.1		
contig_2	1008868	1009761	-	LLMDKN_010167	32.4	4.7		
contig_2	1009727	1009921	-	LLMDKN_010168	7.0	8.9		
contig_2	1009905	1010099	-	LLMDKN_010169	7.0	6.1		
contig_2	1010087	1010218	-	LLMDKN_010170	4.7	6.1		
contig_2	1010258	1010353	-	LLMDKN_010171	3.2	8.1		
contig_2	1010368	1010490	-	LLMDKN_010172	4.1	6.5		
contig_2	1011379	1011615	+	LLMDKN_010173	8.8	9.9		
contig_2	1011602	1011859	+	LLMDKN_010174	9.8	9.8	PF13102.12|Phage_int_SAM_5	PFAM:PF13102.12
contig_2	1012066	1012227	+	LLMDKN_010175	6.5	9.3		
contig_2	1012224	1012484	+	LLMDKN_010176	9.8	5.2		
contig_2	1012542	1012757	+	LLMDKN_010177	8.3	6.8		
contig_2	1012835	1013086	+	LLMDKN_010178	9.4	9.9		
contig_2	1013188	1013574	+	LLMDKN_010179	14.7	6.7	PF06250.17|YhcG_C	PFAM:PF06250.17
contig_2	1013980	1014093	-	LLMDKN_010180	4.3	8.1		
contig_2	1014086	1014523	-	LLMDKN_010181	16.9	6.1	PF00293.34|NUDIX	PFAM:PF00293.34
contig_2	1014741	1015025	-	LLMDKN_010182	10.9	6.3		
contig_2	1014991	1015155	-	LLMDKN_010183	6.5	7.8		
contig_2	1015152	1015418	-	LLMDKN_010184	10.6	8.9		
contig_2	1015443	1015595	-	LLMDKN_010185	6.0	4.8		
contig_2	1015925	1016158	-	LLMDKN_010186	8.9	9.0		
contig_2	1016364	1016591	+	LLMDKN_010187	8.8	9.8		
contig_2	1016581	1016691	+	LLMDKN_010188	4.0	7.8		
contig_2	1016688	1017011	+	LLMDKN_010189	12.4	9.3		
contig_2	1016879	1017232	-	LLMDKN_010190	13.5	5.9		
contig_2	1017485	1018096	-	LLMDKN_010191	23.8	4.9	PF06250.17|YhcG_C	PFAM:PF06250.17
contig_2	1018102	1018365	-	LLMDKN_010192	10.3	6.8		
contig_2	1018395	1018631	-	LLMDKN_010193	8.7	10.0		
contig_2	1019192	1019890	+	LLMDKN_010194	26.3	6.5	PF12704.14|MacB_PCD	PFAM:PF12704.14
contig_2	1020244	1020621	+	LLMDKN_010195	14.7	9.9		
contig_2	1020579	1020716	+	LLMDKN_010196	5.2	4.2		
contig_2	1020716	1020952	+	LLMDKN_010197	9.0	4.8		
contig_2	1021596	1021937	-	LLMDKN_010198	12.6	9.4	PF00881.29|Nitroreductase	PFAM:PF00881.29
contig_2	1021907	1022323	-	LLMDKN_010199	15.9	9.2	PF00881.29|Nitroreductase	PFAM:PF00881.29
contig_2	1022352	1022450	-	LLMDKN_010200	3.5	6.5		
contig_2	1022422	1023045	-	LLMDKN_010201	23.1	5.2	PF01965.30|DJ-1_PfpI	PFAM:PF01965.30
contig_2	1023371	1023613	-	LLMDKN_010202	8.9	10.0	PF01734.28|Patatin	PFAM:PF01734.28
contig_2	1023678	1024019	-	LLMDKN_010203	12.8	9.2	PF01734.28|Patatin	PFAM:PF01734.28
contig_2	1024393	1024674	-	LLMDKN_010204	10.7	9.3		
contig_2	1024619	1024747	-	LLMDKN_010205	4.6	6.0		
contig_2	1024869	1025168	-	LLMDKN_010206	10.5	5.8	PF00999.27|Na_H_Exchanger	PFAM:PF00999.27
contig_2	1025147	1025779	-	LLMDKN_010207	22.8	7.8	PF00999.27|Na_H_Exchanger	PFAM:PF00999.27
contig_2	1025973	1026248	-	LLMDKN_010208	10.2	7.6		
contig_2	1026610	1026804	-	LLMDKN_010209	7.2	6.6		
contig_2	1026937	1027272	-	LLMDKN_010210	12.3	4.1	PF13418.12|Kelch_4	PFAM:PF13418.12
contig_2	1027269	1027937	-	LLMDKN_010211	24.6	5.4	PF01344.31|Kelch_1, PF07646.21|Kelch_2, PF13415.12|Kelch_3, PF13418.12|Kelch_4, PF13964.12|Kelch_6, PF24681.1|Kelch_KLHDC2_KLHL20_DRC7	PFAM:PF01344.31, PFAM:PF07646.21, PFAM:PF13415.12, PFAM:PF13418.12, PFAM:PF13964.12, PFAM:PF24681.1
contig_2	1028189	1028545	+	LLMDKN_010212	13.1	6.5		
contig_2	1028633	1029514	+	LLMDKN_010213	32.9	4.4		
contig_2	1029511	1029819	+	LLMDKN_010214	10.8	6.0		
contig_2	1029836	1030162	+	LLMDKN_010215	11.9	9.7		
contig_2	1030141	1030350	+	LLMDKN_010216	7.6	4.7		
contig_2	1030344	1030481	+	LLMDKN_010217	5.2	10.2		
contig_2	1030442	1030720	+	LLMDKN_010218	10.4	9.9		
contig_2	1030879	1031160	-	LLMDKN_010219	9.8	8.6	PF04170.18|NlpE	PFAM:PF04170.18
contig_2	1031303	1031527	+	LLMDKN_010220	8.3	10.2		
contig_2	1031529	1031873	+	LLMDKN_010221	12.8	9.5		
contig_2	1031870	1032367	+	LLMDKN_010222	18.6	4.8		
contig_2	1032662	1032772	-	LLMDKN_010223	4.2	6.7		
contig_2	1032794	1033312	-	LLMDKN_010224	19.6	4.9	PF00072.30|Response_reg	PFAM:PF00072.30
contig_2	1033395	1034003	-	LLMDKN_010225	23.2	8.4	PF06580.19|His_kinase	PFAM:PF06580.19
contig_2	1034070	1034531	-	LLMDKN_010226	18.1	9.9		
contig_2	1034667	1035143	+	LLMDKN_010227	17.7	7.8		
contig_2	1035127	1035540	-	LLMDKN_010228	15.3	8.8		
contig_2	1035714	1035968	+	LLMDKN_010229	9.8	4.6		
contig_2	1036085	1036411	+	LLMDKN_010230	12.3	9.4		
contig_2	1036389	1036826	+	LLMDKN_010231	16.5	4.6		
contig_2	1036820	1038052	+	LLMDKN_010232	46.7	4.8	PF07980.17|SusD_RagB, PF12771.13|SusD-like_2, PF14322.12|SusD-like_3	PFAM:PF07980.17, PFAM:PF12771.13, PFAM:PF14322.12
contig_2	1038094	1038264	+	LLMDKN_010233	6.5	9.0	PF07980.17|SusD_RagB	PFAM:PF07980.17
contig_2	1038246	1038437	+	LLMDKN_010234	7.6	10.1	PF07980.17|SusD_RagB	PFAM:PF07980.17
contig_2	1039150	1039437	+	LLMDKN_010235	10.8	6.1		
contig_2	1039380	1039526	+	LLMDKN_010236	5.3	10.3		
contig_2	1039490	1039957	+	LLMDKN_010237	17.5	8.8	PF03629.24|SASA	PFAM:PF03629.24
contig_2	1039994	1040284	+	LLMDKN_010238	10.7	9.7		
contig_2	1040302	1040520	+	LLMDKN_010239	8.0	9.1	PF08305.17|NPCBM	PFAM:PF08305.17
contig_2	1040556	1040831	+	LLMDKN_010240	10.1	6.2	PF08305.17|NPCBM	PFAM:PF08305.17
contig_2	1040822	1040986	+	LLMDKN_010241	5.7	4.7		
contig_2	1041115	1041309	+	LLMDKN_010242	7.3	9.4		
contig_2	1041294	1041659	+	LLMDKN_010243	14.2	6.4		
contig_2	1041711	1042223	+	LLMDKN_010244	19.2	6.1		
contig_2	1042298	1042786	+	LLMDKN_010245	19.0	7.7		
contig_2	1043597	1043845	+	LLMDKN_010246	8.9	8.9		
contig_2	1043865	1044197	+	LLMDKN_010247	12.7	5.0	PF10566.15|Glyco_hydro_97	PFAM:PF10566.15
contig_2	1044176	1044931	+	LLMDKN_010248	28.6	5.9	PF10566.15|Glyco_hydro_97, PF14509.12|GH97_C	PFAM:PF10566.15, PFAM:PF14509.12
contig_2	1044919	1045053	+	LLMDKN_010249	5.0	10.2		
contig_2	1046126	1046311	+	LLMDKN_010250	6.7	9.7	PF13715.12|CarbopepD_reg_2	PFAM:PF13715.12
contig_2	1046298	1046405	+	LLMDKN_010251	3.8	7.9		
contig_2	1046395	1047420	+	LLMDKN_010252	37.8	8.8	PF07715.20|Plug	PFAM:PF07715.20
contig_2	1047378	1047605	+	LLMDKN_010253	8.8	4.8		
contig_2	1047577	1048038	+	LLMDKN_010254	17.7	7.9		
contig_2	1048016	1048300	+	LLMDKN_010255	10.6	8.9	PF00593.30|TonB_dep_Rec_b-barrel	PFAM:PF00593.30
contig_2	1048297	1049121	+	LLMDKN_010256	31.1	5.4		
contig_2	1049338	1049943	+	LLMDKN_010257	23.2	6.5	PF14322.12|SusD-like_3	PFAM:PF14322.12
contig_2	1049943	1050674	+	LLMDKN_010258	27.8	5.6	PF07980.17|SusD_RagB	PFAM:PF07980.17
contig_2	1050661	1050837	+	LLMDKN_010259	6.9	8.0	PF07980.17|SusD_RagB	PFAM:PF07980.17
contig_2	1050914	1051072	+	LLMDKN_010260	5.7	9.7		
contig_2	1051039	1051374	+	LLMDKN_010261	12.5	5.9	PF01120.23|Alpha_L_fucos	PFAM:PF01120.23
contig_2	1051427	1051822	+	LLMDKN_010262	15.0	5.0		
contig_2	1051780	1052427	+	LLMDKN_010263	24.5	6.5	PF00754.31|F5_F8_type_C, PF22633.2|F5_F8_type_C_2	PFAM:PF00754.31, PFAM:PF22633.2
contig_2	1052457	1052789	+	LLMDKN_010264	12.3	5.3		
contig_2	1052921	1053202	-	LLMDKN_010265	10.6	10.0		
contig_2	1053325	1053774	+	LLMDKN_010266	17.3	8.4	PF17170.10|DUF5128	PFAM:PF17170.10
contig_2	1053776	1054048	+	LLMDKN_010267	10.6	8.8		
contig_2	1053987	1054130	+	LLMDKN_010268	5.5	4.1		
contig_2	1054626	1055225	+	LLMDKN_010269	21.8	6.0	PF01012.27|ETF	PFAM:PF01012.27
contig_2	1055241	1055756	+	LLMDKN_010270	18.8	5.4	PF01012.27|ETF	PFAM:PF01012.27
contig_2	1055775	1055909	-	LLMDKN_010271	5.3	4.2		
contig_2	1055950	1056261	+	LLMDKN_010272	11.1	6.0	PF00766.25|ETF_alpha	PFAM:PF00766.25
contig_2	1056265	1056870	+	LLMDKN_010273	22.4	4.6	PF02771.21|Acyl-CoA_dh_N	PFAM:PF02771.21
contig_2	1056876	1057331	+	LLMDKN_010274	16.5	9.5	PF00441.29|Acyl-CoA_dh_1, PF02770.24|Acyl-CoA_dh_M, PF08028.16|Acyl-CoA_dh_2	PFAM:PF00441.29, PFAM:PF02770.24, PFAM:PF08028.16
contig_2	1057448	1057735	+	LLMDKN_010275	10.7	5.7	PF00441.29|Acyl-CoA_dh_1, PF12186.13|AcylCoA_dehyd_C	PFAM:PF00441.29, PFAM:PF12186.13
contig_2	1057732	1058088	+	LLMDKN_010276	13.7	9.1	PF12186.13|AcylCoA_dehyd_C	PFAM:PF12186.13
contig_2	1058208	1058423	+	LLMDKN_010277	7.7	11.3		
contig_2	1058450	1059004	+	LLMDKN_010278	21.3	9.6	PF02837.24|Glyco_hydro_2_N, PF13364.12|BetaGal_ABD2, PF22666.2|Glyco_hydro_2_N2	PFAM:PF02837.24, PFAM:PF13364.12, PFAM:PF22666.2
contig_2	1058971	1059261	+	LLMDKN_010279	10.9	8.9		
contig_2	1059271	1059744	+	LLMDKN_010280	18.1	7.1	PF00703.27|Glyco_hydro_2, PF02836.23|Glyco_hydro_2_C	PFAM:PF00703.27, PFAM:PF02836.23
contig_2	1059726	1059839	+	LLMDKN_010281	4.1	6.0	PF02836.23|Glyco_hydro_2_C	PFAM:PF02836.23
contig_2	1059869	1060750	+	LLMDKN_010282	33.3	5.2	PF02836.23|Glyco_hydro_2_C, PF16353.11|LacZ_4	PFAM:PF02836.23, PFAM:PF16353.11
contig_2	1060876	1061703	+	LLMDKN_010283	29.6	8.3	PF02929.23|Bgal_small_N	PFAM:PF02929.23
contig_2	1061645	1062238	+	LLMDKN_010284	22.3	6.6	PF00754.31|F5_F8_type_C, PF22633.2|F5_F8_type_C_2	PFAM:PF00754.31, PFAM:PF22633.2
contig_2	1062395	1062610	-	LLMDKN_010285	8.2	5.5	PF13591.12|MerR_2	PFAM:PF13591.12
contig_2	1062708	1063151	-	LLMDKN_010286	16.2	9.0	PF01556.23|DnaJ_C	PFAM:PF01556.23
contig_2	1063145	1063648	-	LLMDKN_010287	18.7	9.4	PF00226.36|DnaJ	PFAM:PF00226.36
contig_2	1063662	1063847	-	LLMDKN_010288	6.9	9.0		
contig_2	1063892	1064275	-	LLMDKN_010289	14.4	4.9	PF02518.31|HATPase_c	PFAM:PF02518.31
contig_2	1064233	1064676	-	LLMDKN_010290	16.6	5.6	PF00512.31|HisKA	PFAM:PF00512.31
contig_2	1064788	1065087	-	LLMDKN_010291	11.6	8.9		
contig_2	1065050	1065304	-	LLMDKN_010292	10.1	4.9	PF00989.32|PAS	PFAM:PF00989.32
contig_2	1065501	1066442	-	LLMDKN_010293	35.8	8.5		
contig_2	1066400	1067104	-	LLMDKN_010294	26.3	8.9	PF08019.17|EptA_B_N	PFAM:PF08019.17
contig_2	1067124	1067558	-	LLMDKN_010295	16.9	9.6		
contig_2	1067639	1068430	-	LLMDKN_010296	29.9	9.3		
contig_2	1068689	1069342	+	LLMDKN_010297	24.9	9.4	PF00759.25|Glyco_hydro_9, PF02927.20|CelD_N	PFAM:PF00759.25, PFAM:PF02927.20
contig_2	1069344	1069508	+	LLMDKN_010298	6.1	5.5		
contig_2	1069535	1070056	+	LLMDKN_010299	19.8	5.9	PF00759.25|Glyco_hydro_9	PFAM:PF00759.25
contig_2	1070065	1070589	+	LLMDKN_010300	19.4	5.5	PF00759.25|Glyco_hydro_9	PFAM:PF00759.25
contig_2	1070455	1070742	-	LLMDKN_010301	10.4	6.7		
contig_2	1070825	1071199	+	LLMDKN_010302	14.1	9.5		
contig_2	1071363	1071518	-	LLMDKN_010303	6.4	9.9		
contig_2	1071571	1071885	+	LLMDKN_010304	11.6	10.1		
contig_2	1072443	1072748	+	LLMDKN_010305	12.1	9.2		
contig_2	1072745	1072963	+	LLMDKN_010306	8.4	10.0		
contig_2	1072960	1073193	+	LLMDKN_010307	9.0	6.2		
contig_2	1073193	1073576	+	LLMDKN_010308	14.8	5.3		
contig_2	1073573	1074112	+	LLMDKN_010309	20.2	9.8	PF00085.26|Thioredoxin, PF08534.16|Redoxin	PFAM:PF00085.26, PFAM:PF08534.16
contig_2	1074352	1074606	-	LLMDKN_010310	10.1	5.8		
contig_2	1074564	1074815	-	LLMDKN_010311	9.6	9.5		
contig_2	1074815	1075429	-	LLMDKN_010312	21.9	5.5	PF01212.27|Beta_elim_lyase	PFAM:PF01212.27
contig_2	1075708	1075926	-	LLMDKN_010313	8.3	8.7		
contig_2	1076154	1076405	+	LLMDKN_010314	9.6	9.7		
contig_2	1076776	1076889	+	LLMDKN_010315	4.1	5.9		
contig_2	1076898	1077209	+	LLMDKN_010316	11.3	9.4		
contig_2	1077351	1077488	-	LLMDKN_010317	5.1	9.5	PF10771.15|DUF2582	PFAM:PF10771.15
contig_2	1078212	1078460	+	LLMDKN_010319	9.1	7.7		
contig_2	1078411	1078593	+	LLMDKN_010320	6.9	4.5		
contig_2	1080398	1080760	-	LLMDKN_010323	14.1	8.7		
contig_2	1080748	1080930	-	LLMDKN_010324	6.9	4.5		
contig_2	1081614	1081856	-	LLMDKN_010326	9.1	4.5		
contig_2	1081813	1082055	-	LLMDKN_010327	9.3	9.7		
contig_2	1082231	1082557	-	LLMDKN_010328	12.7	5.4	PF17170.10|DUF5128	PFAM:PF17170.10
contig_2	1082914	1083015	-	LLMDKN_010329	3.5	4.6		
contig_2	1083006	1083266	-	LLMDKN_010330	9.3	6.6		
contig_2	1083299	1084174	-	LLMDKN_010331	31.9	5.9		
contig_2	1084137	1084490	-	LLMDKN_010332	12.2	9.5		
contig_2	1084653	1084868	-	LLMDKN_010333	7.8	5.8	PF00166.26|Cpn10	PFAM:PF00166.26
contig_2	1085647	1086012	+	LLMDKN_010334	13.8	9.8		
contig_2	1086054	1086308	+	LLMDKN_010335	9.2	5.0		
contig_2	1086645	1086830	+	LLMDKN_010336	6.9	5.7		
contig_2	1086827	1087150	+	LLMDKN_010337	12.4	10.1		
contig_2	1087171	1087515	+	LLMDKN_010338	13.3	4.5		
contig_2	1087937	1088479	+	LLMDKN_010339	20.2	4.4		
contig_2	1088521	1088661	+	LLMDKN_010340	5.1	4.2		
contig_2	1088930	1089109	+	LLMDKN_010341	6.9	9.5		
contig_2	1089124	1089513	+	LLMDKN_010342	15.0	5.4		
contig_2	1089605	1089958	+	LLMDKN_010343	13.4	5.9		
contig_2	1091280	1091696	+	LLMDKN_010345	16.2	9.7		
contig_2	1091678	1091926	+	LLMDKN_010346	9.3	6.5		
contig_2	1091902	1092072	+	LLMDKN_010347	6.5	9.8		
contig_2	1092193	1092405	+	LLMDKN_010348	8.1	5.0		
contig_2	1092402	1092590	+	LLMDKN_010349	7.9	9.8		
contig_2	1092647	1092847	+	LLMDKN_010350	7.7	10.1		
contig_2	1092841	1092939	+	LLMDKN_010351	3.6	6.0		
contig_2	1093143	1093337	-	LLMDKN_010352	7.0	9.6		
contig_2	1093376	1093585	+	LLMDKN_010353	7.9	8.6		
contig_2	1093570	1093710	+	LLMDKN_010354	5.2	8.9		
contig_2	1093804	1094094	-	LLMDKN_010355	11.6	5.0	PF03976.20|PPK2	PFAM:PF03976.20
contig_2	1094186	1094353	-	LLMDKN_010356	6.2	10.0		
contig_2	1094293	1094529	-	LLMDKN_010357	8.9	6.8	PF03976.20|PPK2	PFAM:PF03976.20
contig_2	1094729	1094986	-	LLMDKN_010358	9.8	9.4		
contig_2	1095198	1095608	-	LLMDKN_010359	16.6	9.6		
contig_2	1095618	1095917	-	LLMDKN_010360	11.9	7.7	PF08281.18|Sigma70_r4_2	PFAM:PF08281.18
contig_2	1095933	1096088	-	LLMDKN_010361	6.2	4.4	PF04542.20|Sigma70_r2	PFAM:PF04542.20
contig_2	1096224	1096454	-	LLMDKN_010362	8.7	9.5		
contig_2	1097329	1097682	-	LLMDKN_010364	13.4	9.4		
contig_2	1098018	1098182	-	LLMDKN_010365	6.3	8.0		
contig_2	1098378	1098647	-	LLMDKN_010366	10.0	5.4		
contig_2	1098640	1098777	-	LLMDKN_010367	5.0	8.1		
contig_2	1098812	1099156	-	LLMDKN_010368	13.0	5.6		
contig_2	1099324	1099491	-	LLMDKN_010369	6.2	6.5		
contig_2	1099665	1100090	-	LLMDKN_010370	16.4	6.3		
contig_2	1100063	1100386	-	LLMDKN_010371	12.8	5.7		
contig_2	1100560	1101186	-	LLMDKN_010372	23.4	8.8		
contig_2	1101807	1102301	+	LLMDKN_010373	18.3	7.8	PF17678.7|Glyco_hydro_92N	PFAM:PF17678.7
contig_2	1102288	1102707	+	LLMDKN_010374	16.0	5.0	PF07971.18|Glyco_hydro_92	PFAM:PF07971.18
contig_2	1102686	1103072	+	LLMDKN_010375	14.4	5.4	PF07971.18|Glyco_hydro_92	PFAM:PF07971.18
contig_2	1103118	1103753	+	LLMDKN_010376	23.9	8.8	PF07971.18|Glyco_hydro_92	PFAM:PF07971.18
contig_2	1103831	1104001	+	LLMDKN_010377	6.1	10.3		
contig_2	1103994	1104980	+	LLMDKN_010378	37.2	6.9	PF07676.18|PD40	PFAM:PF07676.18
contig_2	1105032	1105478	+	LLMDKN_010379	16.6	5.2		
contig_2	1105629	1106348	+	LLMDKN_010380	27.1	5.6	PF00326.27|Peptidase_S9, PF01738.24|DLH, PF08840.17|BAAT_C, PF12146.15|Hydrolase_4	PFAM:PF00326.27, PFAM:PF01738.24, PFAM:PF08840.17, PFAM:PF12146.15
contig_2	1106632	1106841	-	LLMDKN_010381	7.7	10.1	PF03129.25|HGTP_anticodon	PFAM:PF03129.25
contig_2	1106825	1107694	-	LLMDKN_010382	32.1	5.1	PF00587.30|tRNA-synt_2b, PF13393.11|tRNA-synt_His	PFAM:PF00587.30, PFAM:PF13393.11
contig_2	1107739	1107987	-	LLMDKN_010383	9.6	9.5	PF13393.11|tRNA-synt_His	PFAM:PF13393.11
contig_2	1107936	1108118	-	LLMDKN_010384	7.1	9.6		
contig_2	1108231	1108392	+	LLMDKN_010385	6.2	10.0		
contig_2	1108410	1109441	+	LLMDKN_010386	39.9	9.3		
contig_2	1110460	1111026	-	LLMDKN_010388	21.6	9.5	PF01120.23|Alpha_L_fucos	PFAM:PF01120.23
contig_2	1111054	1111470	-	LLMDKN_010389	15.8	9.4	PF01120.23|Alpha_L_fucos	PFAM:PF01120.23
contig_2	1111872	1112309	-	LLMDKN_010390	16.8	4.4	PF00709.27|Adenylsucc_synt	PFAM:PF00709.27
contig_2	1112562	1113143	-	LLMDKN_010391	20.9	9.3	PF00709.27|Adenylsucc_synt	PFAM:PF00709.27
contig_2	1113730	1114047	+	LLMDKN_010393	12.0	6.0		
contig_2	1114103	1114357	+	LLMDKN_010394	9.6	8.7		
contig_2	1114621	1115100	+	LLMDKN_010395	18.2	10.1		
contig_2	1115133	1115390	+	LLMDKN_010396	10.0	7.9		
contig_2	1115540	1115755	-	LLMDKN_010397	8.0	5.8		
contig_2	1115733	1116074	-	LLMDKN_010398	13.1	6.6	PF08713.17|DNA_alkylation	PFAM:PF08713.17
contig_2	1116196	1116879	-	LLMDKN_010399	25.7	5.5		
contig_2	1116822	1117478	-	LLMDKN_010400	24.6	5.0		
contig_2	1117565	1117714	-	LLMDKN_010401	5.5	4.1		
contig_2	1117725	1118249	-	LLMDKN_010402	19.8	6.9		
contig_2	1119190	1119693	+	LLMDKN_010404	18.7	7.7	PF00270.35|DEAD	PFAM:PF00270.35
contig_2	1119738	1119932	+	LLMDKN_010405	7.0	7.8	PF00271.37|Helicase_C	PFAM:PF00271.37
contig_2	1120201	1120590	+	LLMDKN_010406	14.5	8.7	PF09382.16|RQC	PFAM:PF09382.16
contig_2	1120530	1120850	+	LLMDKN_010407	12.2	9.7	PF00570.28|HRDC	PFAM:PF00570.28
contig_2	1120915	1121118	-	LLMDKN_010408	7.5	11.2		
contig_2	1121219	1121566	-	LLMDKN_010409	13.0	4.7	PF07719.23|TPR_2, PF13181.12|TPR_8, PF13428.12|TPR_14, PF13431.12|TPR_17	PFAM:PF07719.23, PFAM:PF13181.12, PFAM:PF13428.12, PFAM:PF13431.12
contig_2	1121521	1121940	-	LLMDKN_010410	16.3	9.8	PF00515.34|TPR_1, PF07719.23|TPR_2, PF13174.12|TPR_6, PF13181.12|TPR_8, PF13414.12|TPR_11, PF13424.12|TPR_12, PF13428.12|TPR_14, PF13431.12|TPR_17, PF13432.12|TPR_16, PF14559.12|TPR_19	PFAM:PF00515.34, PFAM:PF07719.23, PFAM:PF13174.12, PFAM:PF13181.12, PFAM:PF13414.12, PFAM:PF13424.12, PFAM:PF13428.12, PFAM:PF13431.12, PFAM:PF13432.12, PFAM:PF14559.12
contig_2	1122254	1122592	-	LLMDKN_010411	11.9	4.7		
contig_2	1122615	1122857	-	LLMDKN_010412	8.3	4.9		
contig_2	1123235	1124212	+	LLMDKN_010414	37.7	10.0		
contig_2	1124424	1125002	+	LLMDKN_010415	21.7	5.7		
contig_2	1124942	1125169	+	LLMDKN_010416	8.5	5.2		
contig_2	1125162	1125422	+	LLMDKN_010417	9.8	6.5		
contig_2	1125395	1125826	+	LLMDKN_010418	15.9	9.3		
contig_2	1127618	1128514	-	LLMDKN_010420	33.5	7.6		
contig_2	1128534	1129349	-	LLMDKN_010421	31.4	5.7		
contig_2	1129300	1129800	-	LLMDKN_010422	18.7	7.8		
contig_2	1129782	1130141	-	LLMDKN_010423	12.8	8.8	PF07715.20|Plug	PFAM:PF07715.20
contig_2	1130143	1130337	-	LLMDKN_010424	7.0	9.3		
contig_2	1130334	1130765	-	LLMDKN_010425	15.5	8.5	PF13620.12|CarboxypepD_reg, PF13715.12|CarbopepD_reg_2	PFAM:PF13620.12, PFAM:PF13715.12
contig_2	1131246	1131626	+	LLMDKN_010426	14.3	9.3		
contig_2	1131938	1132102	-	LLMDKN_010427	6.4	6.5		
contig_2	1133262	1133711	-	LLMDKN_010429	16.8	8.8		
contig_2	1133686	1134450	-	LLMDKN_010430	29.0	9.5		
contig_2	1134825	1135319	-	LLMDKN_010431	19.0	9.4	PF07578.16|LAB_N	PFAM:PF07578.16
contig_2	1135479	1135775	-	LLMDKN_010432	11.6	10.0		
contig_2	1135772	1136005	-	LLMDKN_010433	8.4	4.8	PF00535.33|Glycos_transf_2	PFAM:PF00535.33
contig_2	1136041	1136256	+	LLMDKN_010434	8.5	9.8		
contig_2	1136325	1136672	+	LLMDKN_010435	13.0	9.8		
contig_2	1136501	1137073	-	LLMDKN_010436	21.5	5.3	PF00180.25|Iso_dh	PFAM:PF00180.25
contig_2	1137082	1137492	-	LLMDKN_010437	14.7	5.2	PF00180.25|Iso_dh	PFAM:PF00180.25
contig_2	1137505	1137744	-	LLMDKN_010438	8.9	9.2	PF08502.15|LeuA_dimer	PFAM:PF08502.15
contig_2	1137692	1137979	-	LLMDKN_010439	10.7	6.1	PF08502.15|LeuA_dimer	PFAM:PF08502.15
contig_2	1137976	1138797	-	LLMDKN_010440	30.7	5.9	PF00682.25|HMGL-like	PFAM:PF00682.25
contig_2	1138913	1139035	-	LLMDKN_010441	4.5	5.6		
contig_2	1139058	1139270	-	LLMDKN_010442	8.1	4.6		
contig_2	1139275	1139604	-	LLMDKN_010443	12.3	6.7	PF00694.25|Aconitase_C	PFAM:PF00694.25
contig_2	1140243	1140653	-	LLMDKN_010445	15.0	6.3		
contig_2	1140593	1140856	-	LLMDKN_010446	9.5	9.0		
contig_2	1140840	1141100	-	LLMDKN_010447	9.8	5.4		
contig_2	1141149	1141517	-	LLMDKN_010448	13.2	6.8	PF08502.15|LeuA_dimer	PFAM:PF08502.15
contig_2	1141585	1141836	-	LLMDKN_010449	8.9	6.8	PF22615.1|IPMS_D2, PF22617.1|HCS_D2	PFAM:PF22615.1, PFAM:PF22617.1
contig_2	1141821	1142435	-	LLMDKN_010450	22.5	7.7	PF00682.25|HMGL-like	PFAM:PF00682.25
contig_2	1142381	1142554	-	LLMDKN_010451	6.2	4.9	PF00682.25|HMGL-like	PFAM:PF00682.25
contig_2	1142514	1142645	-	LLMDKN_010452	4.8	7.7		
contig_2	1143047	1143289	-	LLMDKN_010453	8.2	5.3		
contig_2	1150624	1150767	+	LLMDKN_010460	5.0	8.2		
contig_2	1150770	1150901	+	LLMDKN_010461	4.6	4.7		
contig_2	1150987	1151427	+	LLMDKN_010462	16.6	8.8		
contig_2	1151630	1151971	+	LLMDKN_010463	12.1	7.8	PF00574.28|CLP_protease	PFAM:PF00574.28
contig_2	1151971	1152282	+	LLMDKN_010464	11.5	7.9		
contig_2	1152291	1152401	+	LLMDKN_010465	4.3	9.7		
contig_2	1152536	1152976	+	LLMDKN_010466	16.4	9.2		
contig_2	1153039	1153539	+	LLMDKN_010467	19.3	5.5		
contig_2	1153478	1153849	+	LLMDKN_010468	13.7	6.8	PF01048.26|PNP_UDP_1	PFAM:PF01048.26
contig_2	1153978	1154292	+	LLMDKN_010469	11.2	6.4	PF01048.26|PNP_UDP_1	PFAM:PF01048.26
contig_2	1154319	1154696	+	LLMDKN_010470	13.9	6.3	PF00586.29|AIRS	PFAM:PF00586.29
contig_2	1154636	1154881	+	LLMDKN_010471	8.7	4.5	PF00586.29|AIRS	PFAM:PF00586.29
contig_2	1154862	1155353	+	LLMDKN_010472	18.3	4.8		
contig_2	1155796	1155993	+	LLMDKN_010474	7.3	10.3	PF17293.8|Arm-DNA-bind_5	PFAM:PF17293.8
contig_2	1155939	1156199	+	LLMDKN_010475	9.9	9.6		
contig_2	1156274	1156948	+	LLMDKN_010476	26.0	8.9	PF13102.12|Phage_int_SAM_5	PFAM:PF13102.12
contig_2	1156945	1157034	+	LLMDKN_010477	3.4	10.3		
contig_2	1157440	1157715	+	LLMDKN_010479	10.3	10.2		
contig_2	1159785	1160096	+	LLMDKN_010483	12.2	8.8	PF19514.5|MobC_2	PFAM:PF19514.5
contig_2	1160059	1160172	+	LLMDKN_010484	4.6	8.1	PF19514.5|MobC_2	PFAM:PF19514.5
contig_2	1161030	1161473	-	LLMDKN_010486	16.6	7.9	PF06580.19|His_kinase	PFAM:PF06580.19
contig_2	1161497	1161664	-	LLMDKN_010487	6.3	8.0		
contig_2	1161661	1161939	-	LLMDKN_010488	10.6	4.4		
contig_2	1162311	1162709	+	LLMDKN_010489	15.3	5.8	PF13302.13|Acetyltransf_3	PFAM:PF13302.13
contig_2	1162845	1163285	+	LLMDKN_010490	15.8	5.2	PF13533.12|Biotin_lipoyl_2	PFAM:PF13533.12
contig_2	1163288	1163833	+	LLMDKN_010491	19.9	6.6		
contig_2	1163964	1166588	+	LLMDKN_010492	95.0	5.1	PF02355.23|SecD_SecF_C	PFAM:PF02355.23
contig_2	1166585	1167079	+	LLMDKN_010493	18.0	9.6		
contig_2	1167080	1167529	+	LLMDKN_010494	16.4	7.8	PF08139.17|LPAM_1	PFAM:PF08139.17
contig_2	1167495	1167698	+	LLMDKN_010495	7.6	9.3		
contig_2	1167682	1167960	+	LLMDKN_010496	10.2	6.5		
contig_2	1167924	1168352	+	LLMDKN_010497	15.7	7.9		
contig_2	1168573	1168896	+	LLMDKN_010498	12.9	9.1		
contig_2	1168839	1169552	+	LLMDKN_010499	27.5	10.3		
contig_2	1170167	1170394	+	LLMDKN_010500	8.6	9.0		
contig_2	1170403	1170597	+	LLMDKN_010501	7.6	8.0		
contig_2	1170594	1170788	+	LLMDKN_010502	7.2	9.8		
contig_2	1171010	1171261	+	LLMDKN_010503	9.7	9.7		
contig_2	1171382	1171492	+	LLMDKN_010504	4.2	4.8		
contig_2	1171706	1171864	+	LLMDKN_010505	6.1	9.9		
contig_2	1172282	1172383	+	LLMDKN_010506	3.5	4.1		
contig_2	1172523	1172759	+	LLMDKN_010507	9.1	6.9	PF00512.31|HisKA	PFAM:PF00512.31
contig_2	1172803	1172952	+	LLMDKN_010508	5.8	5.0		
contig_2	1172977	1173360	+	LLMDKN_010509	14.4	5.1	PF02518.31|HATPase_c	PFAM:PF02518.31
contig_2	1173389	1173625	+	LLMDKN_010510	8.4	4.6	PF00072.30|Response_reg	PFAM:PF00072.30
contig_2	1173592	1173936	+	LLMDKN_010511	13.0	5.7		
contig_2	1173989	1174399	+	LLMDKN_010512	15.7	9.4	PF00072.30|Response_reg	PFAM:PF00072.30
contig_2	1175135	1175347	-	LLMDKN_010514	8.1	9.4		
contig_2	1175531	1175734	-	LLMDKN_010515	7.9	8.8		
contig_2	1175719	1176072	-	LLMDKN_010516	13.7	6.6	PF08937.16|ThsB_TIR, PF13676.11|TIR_2	PFAM:PF08937.16, PFAM:PF13676.11
contig_2	1176199	1176789	-	LLMDKN_010517	21.9	5.4		
contig_2	1178085	1178315	+	LLMDKN_010518	9.4	11.3		
contig_2	1178462	1178632	+	LLMDKN_010519	6.4	7.9		
contig_2	1178860	1179066	+	LLMDKN_010520	8.0	7.8		
contig_2	1179074	1179265	+	LLMDKN_010521	7.3	5.0		
contig_2	1179267	1179491	+	LLMDKN_010522	8.6	9.0		
contig_2	1179513	1179572	+	LLMDKN_010523	2.5	4.3		
contig_3	1205	1366	+	LLMDKN_010524	6.4	5.0		
contig_3	1479	1616	-	LLMDKN_010525	5.2	8.0		
contig_3	1819	2058	-	LLMDKN_010526	9.3	9.8		
contig_3	3567	3740	+	LLMDKN_010527	7.0	8.9		
contig_3	3694	3948	-	LLMDKN_010528	9.8	10.0		
contig_3	4502	4819	-	LLMDKN_010529	11.7	6.0	PF00145.23|DNA_methylase	PFAM:PF00145.23
contig_3	4825	5079	-	LLMDKN_010530	9.6	9.9		
contig_3	5049	5543	-	LLMDKN_010531	19.4	10.0		
contig_3	5548	5736	-	LLMDKN_010532	7.6	9.2		
contig_3	5871	6278	-	LLMDKN_010533	15.7	7.9		
contig_3	6693	6899	-	LLMDKN_010534	7.9	10.4		
contig_3	6900	7007	-	LLMDKN_010535	4.3	6.1		
contig_3	7031	7411	-	LLMDKN_010536	14.6	10.1		
contig_3	7589	7846	-	LLMDKN_010537	10.0	9.3		
contig_3	7886	8116	-	LLMDKN_010538	8.5	7.8		
contig_3	8091	8363	-	LLMDKN_010539	10.4	8.6		
contig_3	8344	8520	-	LLMDKN_010540	6.3	5.2		
contig_3	8669	9151	-	LLMDKN_010541	17.9	6.1	PF00132.30|Hexapep, PF12464.13|Mac	PFAM:PF00132.30, PFAM:PF12464.13
contig_3	9166	9423	-	LLMDKN_010542	9.3	5.1	PF00881.29|Nitroreductase	PFAM:PF00881.29
contig_3	9929	10510	+	LLMDKN_010543	22.7	8.4		
contig_3	10507	10632	+	LLMDKN_010544	4.8	9.3		
contig_3	10909	11142	+	LLMDKN_010545	9.0	8.6	PF12728.13|HTH_17	PFAM:PF12728.13
contig_3	11476	11691	+	LLMDKN_010547	8.3	8.1		
contig_3	13745	14224	+	LLMDKN_010550	18.2	7.7	PF00005.33|ABC_tran	PFAM:PF00005.33
contig_3	14258	14701	+	LLMDKN_010551	17.3	6.5	PF12848.13|ABC_tran_Xtn	PFAM:PF12848.13
contig_3	14706	14843	+	LLMDKN_010552	4.8	6.5		
contig_3	14846	15115	+	LLMDKN_010553	10.1	6.7		
contig_3	15135	15344	+	LLMDKN_010554	7.9	6.0		
contig_3	15599	15892	+	LLMDKN_010555	10.3	9.5	PF13620.12|CarboxypepD_reg, PF13715.12|CarbopepD_reg_2	PFAM:PF13620.12, PFAM:PF13715.12
contig_3	15898	16041	+	LLMDKN_010556	5.2	5.0		
contig_3	16134	16487	+	LLMDKN_010557	12.5	9.6		
contig_3	16620	16829	+	LLMDKN_010558	8.3	9.6		
contig_3	16771	17415	+	LLMDKN_010559	23.9	6.3		
contig_3	17594	17830	+	LLMDKN_010560	9.0	6.7		
contig_3	17769	18380	+	LLMDKN_010561	22.5	8.8		
contig_3	18403	18978	+	LLMDKN_010562	21.8	5.4		
contig_3	18948	19463	+	LLMDKN_010563	18.8	4.7		
contig_3	19457	19798	+	LLMDKN_010564	12.7	5.3		
contig_3	19740	20291	+	LLMDKN_010565	20.6	5.1		
contig_3	20578	21450	-	LLMDKN_010566	33.2	8.9	PF03372.29|Exo_endo_phos	PFAM:PF03372.29
contig_3	21468	21590	-	LLMDKN_010567	4.3	10.7		
contig_3	21769	22455	-	LLMDKN_010568	25.7	5.4	PF02518.31|HATPase_c	PFAM:PF02518.31
contig_3	22443	22946	-	LLMDKN_010569	19.3	5.4	PF00512.31|HisKA	PFAM:PF00512.31
contig_3	23012	23236	-	LLMDKN_010570	8.5	5.0		
contig_3	23308	24207	-	LLMDKN_010571	35.5	6.0		
contig_3	24443	24985	-	LLMDKN_010572	20.7	9.9	PF13632.12|Glyco_trans_2_3	PFAM:PF13632.12
contig_3	24985	25164	-	LLMDKN_010573	6.2	6.1		
contig_3	25262	25636	-	LLMDKN_010574	14.4	9.9		
contig_3	25783	26421	-	LLMDKN_010575	24.4	9.2	PF00535.33|Glycos_transf_2, PF13632.12|Glyco_trans_2_3	PFAM:PF00535.33, PFAM:PF13632.12
contig_3	26552	26797	-	LLMDKN_010576	9.3	8.0	PF08759.17|GT-D	PFAM:PF08759.17
contig_3	26837	27208	-	LLMDKN_010577	14.9	9.9	PF08759.17|GT-D	PFAM:PF08759.17
contig_3	27202	27477	-	LLMDKN_010578	10.8	10.1		
contig_3	27583	27720	-	LLMDKN_010579	4.8	4.6		
contig_3	27842	28552	-	LLMDKN_010580	28.2	9.6		
contig_3	28699	29397	-	LLMDKN_010581	26.6	9.7		
contig_3	29372	29743	-	LLMDKN_010582	14.1	9.7		
contig_3	29832	30929	-	LLMDKN_010583	40.8	9.6		
contig_3	31053	31235	-	LLMDKN_010584	6.2	7.9		
contig_3	31334	31603	-	LLMDKN_010585	10.6	9.9		
contig_3	31563	31841	-	LLMDKN_010586	11.0	9.1		
contig_3	31944	32309	-	LLMDKN_010587	13.5	4.1	PF00535.33|Glycos_transf_2, PF13641.12|Glyco_tranf_2_3	PFAM:PF00535.33, PFAM:PF13641.12
contig_3	32359	32715	-	LLMDKN_010588	13.5	8.9		
contig_3	33122	33364	+	LLMDKN_010589	9.2	4.4		
contig_3	33406	33792	-	LLMDKN_010590	14.6	11.3		
contig_3	33890	34618	-	LLMDKN_010591	27.4	9.5	PF00535.33|Glycos_transf_2, PF13641.12|Glyco_tranf_2_3	PFAM:PF00535.33, PFAM:PF13641.12
contig_3	34662	35126	-	LLMDKN_010592	18.0	9.4		
contig_3	35138	35554	-	LLMDKN_010593	15.3	5.9	PF00535.33|Glycos_transf_2	PFAM:PF00535.33
contig_3	35579	36055	-	LLMDKN_010594	18.4	9.0		
contig_3	36398	36910	+	LLMDKN_010595	18.7	8.9		
contig_3	36837	37046	-	LLMDKN_010596	7.7	10.6		
contig_3	37043	37384	-	LLMDKN_010597	13.4	9.5		
contig_3	37423	37815	-	LLMDKN_010598	14.6	9.5		
contig_3	37791	37904	-	LLMDKN_010599	4.0	9.8		
contig_3	37901	38014	-	LLMDKN_010600	4.6	10.6		
contig_3	38049	38903	-	LLMDKN_010601	32.9	7.7		
contig_3	38900	39259	-	LLMDKN_010602	13.6	9.6		
contig_3	39340	39735	-	LLMDKN_010603	15.0	5.3		
contig_3	39831	40022	-	LLMDKN_010604	7.2	6.5		
contig_3	40123	40596	-	LLMDKN_010605	17.9	10.0		
contig_3	40587	41072	-	LLMDKN_010606	18.7	9.0		
contig_3	41084	41350	-	LLMDKN_010607	9.7	9.7		
contig_3	41589	42149	+	LLMDKN_010608	20.9	8.6		
contig_3	42130	42936	+	LLMDKN_010609	31.0	8.6		
contig_3	43468	43704	+	LLMDKN_010610	8.5	8.8	PF05896.17|NQRA_N	PFAM:PF05896.17
contig_3	43644	44354	+	LLMDKN_010611	25.5	9.2	PF05896.17|NQRA_N, PF24836.1|NQRA_2nd	PFAM:PF05896.17, PFAM:PF24836.1
contig_3	44326	44655	+	LLMDKN_010612	12.5	6.1	PF11973.14|NQRA_SLBB	PFAM:PF11973.14
contig_3	44688	44819	+	LLMDKN_010613	4.9	4.3		
contig_3	45643	46056	+	LLMDKN_010615	15.8	8.6		
contig_3	46087	46359	+	LLMDKN_010616	10.2	9.3		
contig_3	46340	46606	+	LLMDKN_010617	9.5	5.2	PF04205.19|FMN_bind	PFAM:PF04205.19
contig_3	46603	46722	+	LLMDKN_010618	4.2	4.6	PF04205.19|FMN_bind	PFAM:PF04205.19
contig_3	46797	47183	+	LLMDKN_010619	13.9	9.2		
contig_3	47129	47374	+	LLMDKN_010620	9.2	8.5		
contig_3	47405	47953	+	LLMDKN_010621	19.5	6.2		
contig_3	49095	49322	+	LLMDKN_010623	8.2	4.5		
contig_3	49413	49910	+	LLMDKN_010624	18.7	7.6		
contig_3	49895	50152	+	LLMDKN_010625	9.7	4.9		
contig_3	50260	50538	+	LLMDKN_010626	11.0	5.7	PF15869.11|TolB_like	PFAM:PF15869.11
contig_3	50554	50979	+	LLMDKN_010627	15.4	6.8	PF00270.35|DEAD	PFAM:PF00270.35
contig_3	50957	51325	+	LLMDKN_010628	13.9	5.5		
contig_3	51342	51785	+	LLMDKN_010629	16.8	5.9	PF00271.37|Helicase_C, PF03880.21|DbpA	PFAM:PF00271.37, PFAM:PF03880.21
contig_3	53470	53649	+	LLMDKN_010631	6.6	9.3		
contig_3	53630	54058	+	LLMDKN_010632	15.3	6.1	PF00389.36|2-Hacid_dh, PF02826.25|2-Hacid_dh_C	PFAM:PF00389.36, PFAM:PF02826.25
contig_3	54055	54453	+	LLMDKN_010633	14.7	8.5	PF02826.25|2-Hacid_dh_C	PFAM:PF02826.25
contig_3	54465	54836	+	LLMDKN_010634	14.1	5.2		
contig_3	54863	55021	+	LLMDKN_010635	5.9	8.2		
contig_3	55018	55386	+	LLMDKN_010636	13.6	5.5		
contig_3	55341	55709	+	LLMDKN_010637	13.6	5.1		
contig_3	55849	56025	+	LLMDKN_010638	6.5	6.1		
contig_3	56082	56249	+	LLMDKN_010639	6.2	4.9	PF00254.34|FKBP_C	PFAM:PF00254.34
contig_3	56275	56538	+	LLMDKN_010640	10.4	9.5		
contig_3	56596	56706	+	LLMDKN_010641	3.6	4.3		
contig_3	56717	56893	+	LLMDKN_010642	6.9	4.7		
contig_3	56958	57209	+	LLMDKN_010643	9.5	6.6		
contig_3	57157	57303	+	LLMDKN_010644	5.3	4.9		
contig_3	57245	57442	+	LLMDKN_010645	7.4	4.6		
contig_3	57649	57777	+	LLMDKN_010646	4.9	9.4		
contig_3	57774	58040	+	LLMDKN_010647	10.1	5.8		
contig_3	58072	58164	+	LLMDKN_010648	3.7	11.0		
contig_3	58161	58523	+	LLMDKN_010649	13.5	7.7	PF00881.29|Nitroreductase	PFAM:PF00881.29
contig_3	58579	58776	-	LLMDKN_010650	7.3	6.8		
contig_3	58760	58885	-	LLMDKN_010651	4.7	8.7		
contig_3	58943	59602	-	LLMDKN_010652	23.8	5.5	PF21478.3|GcvP2_C	PFAM:PF21478.3
contig_3	59760	60347	-	LLMDKN_010653	21.5	6.4		
contig_3	60471	61109	-	LLMDKN_010654	24.0	8.8	PF02347.22|GDC-P	PFAM:PF02347.22
contig_3	61254	61610	-	LLMDKN_010655	12.9	9.9	PF02347.22|GDC-P	PFAM:PF02347.22
contig_3	62319	62654	-	LLMDKN_010657	12.7	10.3		
contig_3	62624	62983	-	LLMDKN_010658	13.6	6.3		
contig_3	63954	64247	+	LLMDKN_010660	11.2	9.0		
contig_3	64244	64423	+	LLMDKN_010661	6.5	6.5		
contig_3	64539	64823	+	LLMDKN_010662	10.5	9.7		
contig_3	64840	65364	+	LLMDKN_010663	19.1	8.4	PF07715.20|Plug	PFAM:PF07715.20
contig_3	65500	66033	+	LLMDKN_010664	19.9	6.1	PF00593.30|TonB_dep_Rec_b-barrel	PFAM:PF00593.30
contig_3	65978	66823	+	LLMDKN_010665	32.0	9.0	PF00593.30|TonB_dep_Rec_b-barrel	PFAM:PF00593.30
contig_3	66890	67045	+	LLMDKN_010666	5.7	9.4		
contig_3	67053	67184	+	LLMDKN_010667	5.1	9.3	PF00403.32|HMA	PFAM:PF00403.32
contig_3	67236	67442	+	LLMDKN_010668	7.5	10.9	PF00403.32|HMA	PFAM:PF00403.32
contig_3	67450	67776	+	LLMDKN_010669	12.6	8.2		
contig_3	67832	69268	+	LLMDKN_010670	51.1	5.1	PF00702.32|Hydrolase, PF08282.18|Hydrolase_3	PFAM:PF00702.32, PFAM:PF08282.18
contig_3	69265	69447	+	LLMDKN_010671	6.5	10.3		
contig_3	69468	69965	-	LLMDKN_010672	19.1	9.4	PF00165.29|HTH_AraC, PF12833.13|HTH_18	PFAM:PF00165.29, PFAM:PF12833.13
contig_3	69962	70402	-	LLMDKN_010673	16.8	4.9		
contig_3	71725	72021	-	LLMDKN_010675	11.0	9.8		
contig_3	72008	72331	-	LLMDKN_010676	12.0	4.8		
contig_3	72367	72597	-	LLMDKN_010677	8.4	9.4		
contig_3	72616	72765	-	LLMDKN_010678	5.3	9.8		
contig_3	72765	72917	-	LLMDKN_010679	5.6	5.6		
contig_3	72957	73856	-	LLMDKN_010680	31.0	9.0		
contig_3	73898	74206	-	LLMDKN_010681	11.2	7.9		
contig_3	74317	74601	-	LLMDKN_010682	10.1	9.0		
contig_3	74778	75128	-	LLMDKN_010683	12.8	9.3	PF22544.2|HYDIN_VesB_CFA65-like_Ig	PFAM:PF22544.2
contig_3	75188	75346	+	LLMDKN_010684	5.4	7.8		
contig_3	75315	76178	-	LLMDKN_010685	32.3	6.8	PF02518.31|HATPase_c, PF13589.12|HATPase_c_3	PFAM:PF02518.31, PFAM:PF13589.12
contig_3	76382	76600	+	LLMDKN_010686	7.7	4.5		
contig_3	76850	77323	-	LLMDKN_010687	17.5	9.9	PF00158.32|Sigma54_activat, PF14532.12|Sigma54_activ_2	PFAM:PF00158.32, PFAM:PF14532.12
contig_3	77450	77671	-	LLMDKN_010688	8.0	6.2		
contig_3	77695	78138	-	LLMDKN_010689	17.3	9.1	PF00072.30|Response_reg	PFAM:PF00072.30
contig_3	78250	78600	+	LLMDKN_010690	13.0	8.9	PF16287.11|DUF4933	PFAM:PF16287.11
contig_3	78570	78737	+	LLMDKN_010691	6.5	4.5		
contig_3	78679	78972	+	LLMDKN_010692	11.1	9.6		
contig_3	78932	79165	+	LLMDKN_010693	8.4	6.5		
contig_3	79182	79331	+	LLMDKN_010694	5.3	6.5		
contig_3	79350	79514	+	LLMDKN_010695	5.9	4.7		
contig_3	79604	79783	+	LLMDKN_010696	6.7	5.5		
contig_3	79780	79911	+	LLMDKN_010697	4.8	4.6		
contig_3	79919	80566	+	LLMDKN_010698	24.7	9.0	PF12704.14|MacB_PCD	PFAM:PF12704.14
contig_3	80578	81735	+	LLMDKN_010699	43.2	8.5	PF02687.27|FtsX	PFAM:PF02687.27
contig_3	81686	82021	+	LLMDKN_010700	12.7	9.6	PF02687.27|FtsX	PFAM:PF02687.27
contig_3	82508	82714	+	LLMDKN_010702	7.5	5.0		
contig_3	82748	82906	+	LLMDKN_010703	6.1	6.0		
contig_3	82853	83224	-	LLMDKN_010704	13.8	9.5	PF16270.11|DUF4923	PFAM:PF16270.11
contig_3	83182	83454	-	LLMDKN_010705	10.2	10.0	PF16270.11|DUF4923	PFAM:PF16270.11
contig_3	83472	83618	-	LLMDKN_010706	5.8	4.9		
contig_3	83636	83953	-	LLMDKN_010707	12.1	5.8		
contig_3	84445	84867	-	LLMDKN_010708	15.7	8.7		
contig_3	85089	85586	+	LLMDKN_010709	19.1	8.9		
contig_3	86309	86611	-	LLMDKN_010711	11.8	9.2		
contig_3	88076	88414	+	LLMDKN_010712	12.4	8.8	PF02132.21|RecR_ZnF	PFAM:PF02132.21
contig_3	88487	88609	+	LLMDKN_010713	4.3	4.9	PF21175.2|RecR_C	PFAM:PF21175.2
contig_3	88649	88819	+	LLMDKN_010714	6.4	9.6		
contig_3	88816	89100	+	LLMDKN_010715	10.5	9.2		
contig_3	89104	89442	+	LLMDKN_010716	13.2	5.5	PF13302.13|Acetyltransf_3	PFAM:PF13302.13
contig_3	89458	89640	+	LLMDKN_010717	6.9	7.7		
contig_3	89643	89813	-	LLMDKN_010718	6.6	9.1		
contig_3	89855	90052	-	LLMDKN_010719	7.6	4.6		
contig_3	90076	90231	-	LLMDKN_010720	5.7	5.0		
contig_3	90302	90481	-	LLMDKN_010721	6.6	6.2		
contig_3	90478	90666	-	LLMDKN_010722	7.2	6.6		
contig_3	90638	91162	-	LLMDKN_010723	19.9	5.5	PF00155.27|Aminotran_1_2	PFAM:PF00155.27
contig_3	91168	91428	-	LLMDKN_010724	9.4	4.5	PF00155.27|Aminotran_1_2	PFAM:PF00155.27
contig_3	91482	91616	-	LLMDKN_010725	5.2	6.0		
contig_3	92310	92447	-	LLMDKN_010727	5.2	9.7		
contig_3	92874	93221	-	LLMDKN_010729	13.0	10.0		
contig_3	93199	93387	-	LLMDKN_010730	7.8	10.4		
contig_3	93971	94282	-	LLMDKN_010731	12.6	9.7		
contig_3	94234	94452	-	LLMDKN_010732	8.3	6.7		
contig_3	94585	94737	+	LLMDKN_010733	5.9	4.5		
contig_3	94734	95174	+	LLMDKN_010734	17.0	6.7		
contig_3	95158	95385	+	LLMDKN_010735	9.0	9.3		
contig_3	95369	95608	+	LLMDKN_010736	9.6	9.5	PF16344.10|FecR_C	PFAM:PF16344.10
contig_3	96209	96508	+	LLMDKN_010737	10.6	4.4	PF13620.12|CarboxypepD_reg, PF13715.12|CarbopepD_reg_2	PFAM:PF13620.12, PFAM:PF13715.12
contig_3	96568	97098	+	LLMDKN_010738	18.8	8.9	PF07715.20|Plug	PFAM:PF07715.20
contig_3	97188	97289	+	LLMDKN_010739	3.7	8.3		
contig_3	97286	97723	+	LLMDKN_010740	16.9	5.6		
contig_3	97729	98382	+	LLMDKN_010741	24.9	9.1	PF00593.30|TonB_dep_Rec_b-barrel	PFAM:PF00593.30
contig_3	98357	99313	+	LLMDKN_010742	35.3	6.3		
contig_3	99381	99593	+	LLMDKN_010743	8.0	4.2		
contig_3	99547	99687	+	LLMDKN_010744	5.3	5.1		
contig_3	99800	99961	+	LLMDKN_010745	6.1	9.2		
contig_3	100087	100449	+	LLMDKN_010746	13.8	5.6		
contig_3	100527	101018	+	LLMDKN_010747	18.6	5.7	PF07980.17|SusD_RagB	PFAM:PF07980.17
contig_3	100961	101287	+	LLMDKN_010748	12.3	4.9		
contig_3	101606	101863	+	LLMDKN_010749	10.0	9.5		
contig_3	102020	102169	+	LLMDKN_010750	5.3	5.1		
contig_3	102244	102381	+	LLMDKN_010751	5.5	9.9		
contig_3	102357	102590	+	LLMDKN_010752	9.0	6.2		
contig_3	102550	102825	+	LLMDKN_010753	10.0	4.9		
contig_3	102822	103028	+	LLMDKN_010754	8.1	9.5		
contig_3	103091	103339	+	LLMDKN_010755	9.2	9.3		
contig_3	103324	104010	+	LLMDKN_010756	25.6	5.1	PF02837.24|Glyco_hydro_2_N, PF22666.2|Glyco_hydro_2_N2	PFAM:PF02837.24, PFAM:PF22666.2
contig_3	104032	104217	+	LLMDKN_010757	6.8	9.5		
contig_3	104210	104578	+	LLMDKN_010758	14.4	6.3	PF02836.23|Glyco_hydro_2_C	PFAM:PF02836.23
contig_3	104656	105219	+	LLMDKN_010759	21.9	9.3		
contig_3	105168	105692	+	LLMDKN_010760	19.2	5.8	PF18565.7|Glyco_hydro2_C5	PFAM:PF18565.7
contig_3	105939	106190	+	LLMDKN_010761	9.4	9.0		
contig_3	106215	106733	+	LLMDKN_010762	20.2	9.3		
contig_3	106708	106797	+	LLMDKN_010763	3.1	4.5		
contig_3	106860	107372	+	LLMDKN_010764	19.8	8.3		
contig_3	107759	108169	-	LLMDKN_010765	15.8	6.1	PF10502.14|Peptidase_S26	PFAM:PF10502.14
contig_3	108261	108542	-	LLMDKN_010766	11.3	9.5		
contig_3	108628	108831	-	LLMDKN_010767	7.7	6.7		
contig_3	109092	109265	-	LLMDKN_010768	6.1	6.0		
contig_3	109425	109574	+	LLMDKN_010769	5.6	9.2	PF13404.12|HTH_AsnC-type, PF13412.12|HTH_24	PFAM:PF13404.12, PFAM:PF13412.12
contig_3	109589	109804	+	LLMDKN_010770	8.3	4.9	PF01037.27|AsnC_trans_reg	PFAM:PF01037.27
contig_3	109823	110083	-	LLMDKN_010771	9.9	6.7		
contig_3	110183	110320	-	LLMDKN_010772	5.6	8.9		
contig_3	110767	110979	-	LLMDKN_010773	8.3	4.5		
contig_3	111295	111777	+	LLMDKN_010774	18.7	9.2		
contig_3	111849	112076	+	LLMDKN_010775	8.8	7.8		
contig_3	112200	112523	+	LLMDKN_010776	13.5	9.5		
contig_3	112598	113104	+	LLMDKN_010777	19.8	9.3		
contig_3	113174	113341	+	LLMDKN_010778	6.6	6.5		
contig_3	113329	113619	+	LLMDKN_010779	10.9	6.3		
contig_3	113518	113730	-	LLMDKN_010780	7.8	10.4		
contig_3	113791	114027	-	LLMDKN_010781	8.8	9.5		
contig_3	114359	115003	+	LLMDKN_010782	25.1	9.3		
contig_3	114993	115271	+	LLMDKN_010783	10.1	10.2		
contig_3	115234	115512	+	LLMDKN_010784	11.1	9.6		
contig_3	115503	115610	+	LLMDKN_010785	3.8	4.2		
contig_3	115708	116082	+	LLMDKN_010786	14.4	9.0		
contig_3	116173	116337	+	LLMDKN_010787	6.1	9.7		
contig_3	116624	116791	+	LLMDKN_010788	6.1	8.1		
contig_3	117111	117494	+	LLMDKN_010789	14.8	9.4		
contig_3	117540	117665	-	LLMDKN_010790	5.0	10.2		
contig_3	117738	117971	+	LLMDKN_010791	8.3	9.8		
contig_3	117931	118413	+	LLMDKN_010792	18.8	6.6		
contig_3	118574	118741	+	LLMDKN_010793	6.6	8.9		
contig_3	118701	119039	+	LLMDKN_010794	12.6	4.9		
contig_3	119096	119305	+	LLMDKN_010795	7.5	5.2		
contig_3	119257	119646	+	LLMDKN_010796	14.3	4.6	PF06321.17|P_gingi_FimA	PFAM:PF06321.17
contig_3	119643	119765	+	LLMDKN_010797	4.5	5.6		
contig_3	119722	120399	+	LLMDKN_010798	25.6	5.2		
contig_3	120348	120518	+	LLMDKN_010799	6.5	9.6	PF15495.12|Fimbrillin_C	PFAM:PF15495.12
contig_3	120661	120861	+	LLMDKN_010800	7.8	4.7		
contig_3	121067	121432	+	LLMDKN_010801	14.1	4.8		
contig_3	121429	121638	+	LLMDKN_010802	8.0	5.0		
contig_3	121826	122086	-	LLMDKN_010803	9.9	9.3		
contig_3	122086	122247	-	LLMDKN_010804	6.1	9.6		
contig_3	122223	122615	-	LLMDKN_010805	15.3	9.2		
contig_3	122964	123293	-	LLMDKN_010806	12.7	5.4		
contig_3	123368	123838	-	LLMDKN_010807	18.3	6.7		
contig_3	123838	124053	-	LLMDKN_010808	7.9	5.7		
contig_3	124150	124545	-	LLMDKN_010809	15.5	10.2		
contig_3	124762	124926	+	LLMDKN_010810	6.3	4.7		
contig_3	125718	125861	+	LLMDKN_010812	5.2	4.4	PF00072.30|Response_reg	PFAM:PF00072.30
contig_3	125858	126046	+	LLMDKN_010813	7.0	9.1		
contig_3	126158	126247	+	LLMDKN_010814	3.5	4.8		
contig_3	126229	126420	+	LLMDKN_010815	7.0	5.1		
contig_3	126480	126725	+	LLMDKN_010816	8.9	5.2	PF02518.31|HATPase_c	PFAM:PF02518.31
contig_3	126869	127246	-	LLMDKN_010817	14.5	5.5	PF12705.13|PDDEXK_1	PFAM:PF12705.13
contig_3	127904	128170	-	LLMDKN_010818	10.1	7.9		
contig_3	128190	128366	-	LLMDKN_010819	6.6	9.2		
contig_3	128308	128802	-	LLMDKN_010820	19.4	6.8		
contig_3	128768	129400	-	LLMDKN_010821	25.4	6.9		
contig_3	129358	129735	-	LLMDKN_010822	14.6	4.7		
contig_3	129745	130317	-	LLMDKN_010823	22.0	9.3	PF12705.13|PDDEXK_1	PFAM:PF12705.13
contig_3	130256	131164	-	LLMDKN_010824	35.1	4.7	PF13361.12|UvrD_C, PF13538.12|UvrD_C_2	PFAM:PF13361.12, PFAM:PF13538.12
contig_3	131216	131644	-	LLMDKN_010825	16.6	9.3	PF00580.27|UvrD-helicase	PFAM:PF00580.27
contig_3	131641	131982	-	LLMDKN_010826	13.3	5.9	PF00580.27|UvrD-helicase	PFAM:PF00580.27
contig_3	132275	132616	-	LLMDKN_010827	13.1	5.4		
contig_3	132925	133503	-	LLMDKN_010828	22.2	6.3	PF00728.28|Glyco_hydro_20	PFAM:PF00728.28
contig_3	133540	133692	-	LLMDKN_010829	5.5	5.6	PF00728.28|Glyco_hydro_20	PFAM:PF00728.28
contig_3	133763	133915	-	LLMDKN_010830	5.9	5.4	PF00728.28|Glyco_hydro_20	PFAM:PF00728.28
contig_3	134239	134418	-	LLMDKN_010831	6.7	9.9		
contig_3	134966	135685	+	LLMDKN_010832	27.0	9.0		
contig_3	135642	135965	+	LLMDKN_010833	12.3	5.8		
contig_3	136077	136310	+	LLMDKN_010834	8.6	8.0		
contig_3	136314	136511	+	LLMDKN_010835	7.5	11.0		
contig_3	136679	137059	+	LLMDKN_010836	14.8	9.2		
contig_3	137114	137398	+	LLMDKN_010837	10.7	9.1		
contig_3	137529	137840	+	LLMDKN_010838	11.2	4.7	PF13620.12|CarboxypepD_reg, PF13715.12|CarbopepD_reg_2	PFAM:PF13620.12, PFAM:PF13715.12
contig_3	137866	138018	+	LLMDKN_010839	5.5	8.2		
contig_3	138040	138234	+	LLMDKN_010840	7.1	6.5		
contig_3	138282	138656	+	LLMDKN_010841	13.9	9.6		
contig_3	138724	138975	+	LLMDKN_010842	9.7	9.2		
contig_3	138972	139391	+	LLMDKN_010843	16.4	7.9		
contig_3	139388	140077	+	LLMDKN_010844	26.2	9.4	PF00593.30|TonB_dep_Rec_b-barrel	PFAM:PF00593.30
contig_3	140176	140541	+	LLMDKN_010845	14.0	5.3		
contig_3	140548	140826	+	LLMDKN_010846	11.1	10.1		
contig_3	140896	141021	+	LLMDKN_010847	4.6	8.8		
contig_3	141003	141242	+	LLMDKN_010848	9.4	5.7		
contig_3	141288	141557	+	LLMDKN_010849	10.0	6.7	PF14322.12|SusD-like_3	PFAM:PF14322.12
contig_3	141620	142213	+	LLMDKN_010850	22.3	8.6	PF07980.17|SusD_RagB	PFAM:PF07980.17
contig_3	143034	143366	+	LLMDKN_010851	13.2	6.7	PF02899.23|Phage_int_SAM_1, PF13495.12|Phage_int_SAM_4	PFAM:PF02899.23, PFAM:PF13495.12
contig_3	143371	143655	+	LLMDKN_010852	11.1	9.4		
contig_3	143594	143755	+	LLMDKN_010853	6.5	9.2		
contig_3	143873	143980	+	LLMDKN_010854	4.1	4.4		
contig_3	144075	144329	+	LLMDKN_010855	10.1	7.7		
contig_3	144330	144560	+	LLMDKN_010856	9.2	7.8		
contig_3	144778	145029	+	LLMDKN_010857	9.8	5.1		
contig_3	145258	145464	+	LLMDKN_010858	8.2	4.1	PF24832.1|DUF7716	PFAM:PF24832.1
contig_3	145543	145809	+	LLMDKN_010859	10.3	5.7		
contig_3	146025	146519	+	LLMDKN_010860	19.4	4.5		SO:0001217, UniRef:UniRef50_A0A0I9S9K6
contig_3	146565	146717	+	LLMDKN_010861	6.1	4.6		
contig_3	147136	147489	-	LLMDKN_010862	13.7	9.3		
contig_3	147833	148000	+	LLMDKN_010863	6.2	9.1		
contig_3	148078	148299	+	LLMDKN_010864	8.4	6.6	PF01661.27|Macro	PFAM:PF01661.27
contig_3	148368	148691	+	LLMDKN_010865	12.5	9.8		
contig_3	149440	149646	+	LLMDKN_010867	7.8	9.0		
contig_3	149753	149881	+	LLMDKN_010868	4.7	5.5		
contig_3	150015	150356	+	LLMDKN_010869	13.3	9.1		
contig_3	150353	150475	+	LLMDKN_010870	4.8	9.8		
contig_3	150901	151056	-	LLMDKN_010871	5.8	9.8		
contig_3	151093	151338	-	LLMDKN_010872	9.2	9.7		
contig_3	151310	151483	-	LLMDKN_010873	6.2	8.8		
contig_3	151504	151881	-	LLMDKN_010874	14.7	10.6		
contig_3	151921	152073	-	LLMDKN_010875	6.1	9.2		
contig_3	152525	152668	+	LLMDKN_010876	5.6	4.8		
contig_3	152685	152882	+	LLMDKN_010877	7.5	9.3		
contig_3	152840	153016	+	LLMDKN_010878	6.9	9.4		
contig_3	153157	153351	+	LLMDKN_010879	7.4	5.7	PF00165.29|HTH_AraC, PF12833.13|HTH_18	PFAM:PF00165.29, PFAM:PF12833.13
contig_3	153357	153509	+	LLMDKN_010880	5.9	9.4		
contig_3	153704	153817	-	LLMDKN_010881	4.4	5.0		
contig_3	153843	154094	-	LLMDKN_010882	9.4	4.4		
contig_3	154124	154366	-	LLMDKN_010883	9.3	5.6		
contig_3	154802	155032	-	LLMDKN_010884	9.6	5.8		
contig_3	155017	155214	-	LLMDKN_010885	8.0	6.7		
contig_3	155383	155826	-	LLMDKN_010886	17.1	8.3		
contig_3	155817	156086	-	LLMDKN_010887	10.6	5.0		
contig_3	156071	156208	-	LLMDKN_010888	5.0	6.0	PF20030.5|bpMoxR	PFAM:PF20030.5
contig_3	156313	156597	-	LLMDKN_010889	10.7	9.9	PF07728.20|AAA_5, PF20030.5|bpMoxR	PFAM:PF07728.20, PFAM:PF20030.5
contig_3	156763	156972	+	LLMDKN_010890	7.6	6.6	PF20613.4|HipA_2	PFAM:PF20613.4
contig_3	156969	157202	+	LLMDKN_010891	8.5	4.4		
contig_3	157223	157477	+	LLMDKN_010892	9.7	4.6		
contig_3	157906	158259	-	LLMDKN_010894	13.7	5.2	PF23562.2|AMP-binding_C_3	PFAM:PF23562.2
contig_3	158235	158564	-	LLMDKN_010895	12.2	9.4		
contig_3	158540	158746	-	LLMDKN_010896	7.9	10.3		
contig_3	158697	159326	-	LLMDKN_010897	24.1	9.1		
contig_3	159342	159572	-	LLMDKN_010898	8.8	6.7		
contig_3	159775	159978	-	LLMDKN_010899	7.6	9.8	PF02080.26|TrkA_C	PFAM:PF02080.26
contig_3	160171	160350	-	LLMDKN_010900	6.6	11.8	PF00999.27|Na_H_Exchanger	PFAM:PF00999.27
contig_3	160329	160910	-	LLMDKN_010901	21.6	9.1	PF00999.27|Na_H_Exchanger	PFAM:PF00999.27
contig_3	160964	161128	-	LLMDKN_010902	5.9	6.5		
contig_3	161315	161575	-	LLMDKN_010903	10.0	10.2		
contig_3	161684	161992	+	LLMDKN_010904	11.0	9.8		
contig_3	163154	163345	-	LLMDKN_010907	6.8	9.4		
contig_3	163284	163484	-	LLMDKN_010908	7.5	9.7		
contig_3	163453	164010	-	LLMDKN_010909	20.8	5.9		
contig_3	164441	164713	-	LLMDKN_010910	10.3	10.7		
contig_3	164771	165106	-	LLMDKN_010911	12.5	8.8	PF00027.35|cNMP_binding	PFAM:PF00027.35
contig_3	165454	165891	-	LLMDKN_010912	16.7	6.2		
contig_3	166097	166345	-	LLMDKN_010913	9.4	5.5		
contig_3	166329	167222	-	LLMDKN_010914	33.6	7.7	PF00158.32|Sigma54_activat, PF02954.25|HTH_8, PF14532.12|Sigma54_activ_2	PFAM:PF00158.32, PFAM:PF02954.25, PFAM:PF14532.12
contig_3	167450	167869	-	LLMDKN_010915	15.5	9.2	PF00072.30|Response_reg	PFAM:PF00072.30
contig_3	168020	168199	-	LLMDKN_010916	7.1	9.9		
contig_3	168184	168729	-	LLMDKN_010917	21.3	9.1		
contig_3	168754	169038	-	LLMDKN_010918	11.0	4.6		
contig_3	169028	169516	-	LLMDKN_010919	18.5	5.6	PF00149.33|Metallophos	PFAM:PF00149.33
contig_3	169897	170175	+	LLMDKN_010920	10.4	6.1		
contig_3	170157	170642	+	LLMDKN_010921	18.4	5.4	PF12704.14|MacB_PCD	PFAM:PF12704.14
contig_3	170648	170989	+	LLMDKN_010922	12.3	6.8	PF02687.27|FtsX	PFAM:PF02687.27
contig_3	171066	172067	+	LLMDKN_010923	37.8	6.7	PF02687.27|FtsX, PF12704.14|MacB_PCD	PFAM:PF02687.27, PFAM:PF12704.14
contig_3	173525	174541	+	LLMDKN_010925	38.7	9.0	PF02687.27|FtsX	PFAM:PF02687.27
contig_3	174496	175065	+	LLMDKN_010926	21.9	9.3	PF02687.27|FtsX	PFAM:PF02687.27
contig_3	175123	175284	+	LLMDKN_010927	6.0	9.5		
contig_3	175321	175485	+	LLMDKN_010928	6.2	4.9		
contig_3	175630	176007	+	LLMDKN_010929	14.0	8.1		
contig_3	176004	176321	+	LLMDKN_010930	11.9	7.7	PF02687.27|FtsX	PFAM:PF02687.27
contig_3	176580	176747	+	LLMDKN_010931	6.2	9.6		
contig_3	176871	177038	+	LLMDKN_010932	6.5	5.7		
contig_3	177025	177414	+	LLMDKN_010933	14.6	8.5	PF02687.27|FtsX	PFAM:PF02687.27
contig_3	178116	178247	+	LLMDKN_010935	4.9	11.8		
contig_3	178308	178535	+	LLMDKN_010936	9.0	9.6		
contig_3	178474	179151	+	LLMDKN_010937	25.2	6.4	PF02687.27|FtsX, PF12704.14|MacB_PCD	PFAM:PF02687.27, PFAM:PF12704.14
contig_3	179109	179306	+	LLMDKN_010938	7.3	4.8		
contig_3	179400	179669	+	LLMDKN_010939	10.4	4.7		
contig_3	179666	180007	+	LLMDKN_010940	12.7	8.8		
contig_3	179995	180420	+	LLMDKN_010941	15.7	5.5	PF02687.27|FtsX	PFAM:PF02687.27
contig_3	180620	180859	-	LLMDKN_010942	8.8	5.4		
contig_3	180810	181052	-	LLMDKN_010943	9.0	9.7		
contig_3	181054	181566	-	LLMDKN_010944	19.0	10.4		
contig_3	181566	181868	-	LLMDKN_010945	10.8	6.7		
contig_3	181981	182241	+	LLMDKN_010946	10.0	4.4		
contig_3	182286	182636	+	LLMDKN_010947	13.0	5.3	PF00702.32|Hydrolase	PFAM:PF00702.32
contig_3	182710	182916	+	LLMDKN_010948	7.8	9.4		
contig_3	183184	183504	+	LLMDKN_010949	12.1	6.3		
contig_3	183720	183848	+	LLMDKN_010950	4.8	6.0		
contig_3	184624	184878	+	LLMDKN_010952	9.2	6.5		
contig_3	184845	185360	+	LLMDKN_010953	18.6	5.1		
contig_3	185368	185775	+	LLMDKN_010954	15.2	9.2		
contig_3	185801	186532	+	LLMDKN_010955	26.4	9.7		
contig_3	186612	186839	-	LLMDKN_010956	7.8	5.7		
contig_3	187012	187860	-	LLMDKN_010957	32.1	6.9	PF13291.12|ACT_4, PF19296.4|RelA_AH_RIS	PFAM:PF13291.12, PFAM:PF19296.4
contig_3	187869	188306	-	LLMDKN_010958	16.7	5.8	PF02824.27|TGS	PFAM:PF02824.27
contig_3	188312	188470	-	LLMDKN_010959	6.2	10.2		
contig_3	188538	188765	-	LLMDKN_010960	8.9	8.0		
contig_3	188713	189063	-	LLMDKN_010961	13.3	5.6		
contig_3	189100	189351	-	LLMDKN_010962	9.8	6.3		
contig_3	189360	189698	+	LLMDKN_010963	12.9	10.0		
contig_3	189710	190855	+	LLMDKN_010964	42.5	5.9		
contig_3	190935	191438	-	LLMDKN_010965	19.8	9.7	PF13751.12|DDE_Tnp_1_6	PFAM:PF13751.12
contig_3	191384	191761	-	LLMDKN_010966	14.9	9.0		
contig_3	191772	191912	-	LLMDKN_010967	5.5	8.1		
contig_3	191854	192198	-	LLMDKN_010968	13.2	8.5		
contig_3	192674	192919	-	LLMDKN_010970	9.2	5.1	PF00076.28|RRM_1	PFAM:PF00076.28
contig_3	192916	193110	-	LLMDKN_010971	7.6	9.4		
contig_3	193442	194053	+	LLMDKN_010972	23.0	9.2	PF02222.28|ATP-grasp, PF02786.22|CPSase_L_D2, PF22660.2|RS_preATP-grasp-like	PFAM:PF02222.28, PFAM:PF02786.22, PFAM:PF22660.2
contig_3	194055	194339	+	LLMDKN_010973	10.7	5.3	PF02222.28|ATP-grasp	PFAM:PF02222.28
contig_3	194311	194679	+	LLMDKN_010974	13.7	5.9	PF02222.28|ATP-grasp, PF21244.3|PurT_C	PFAM:PF02222.28, PFAM:PF21244.3
contig_3	195134	195280	+	LLMDKN_010975	5.9	9.5		
contig_3	195310	195450	+	LLMDKN_010976	5.1	5.4		
contig_3	195501	195692	+	LLMDKN_010977	6.9	6.5		
contig_3	195707	196000	+	LLMDKN_010978	10.7	9.0	PF00006.31|ATP-synt_ab	PFAM:PF00006.31
contig_3	196142	196411	+	LLMDKN_010979	9.6	5.4	PF00006.31|ATP-synt_ab	PFAM:PF00006.31
contig_3	196440	196829	+	LLMDKN_010980	14.6	5.1	PF22919.1|ATP-synt_VA_C	PFAM:PF22919.1
contig_3	196841	197086	+	LLMDKN_010981	8.6	4.5	PF02823.21|ATP-synt_DE_N	PFAM:PF02823.21
contig_3	197116	197469	+	LLMDKN_010982	13.0	6.2		
contig_3	197530	198102	+	LLMDKN_010983	21.2	6.1		
contig_3	198207	198683	+	LLMDKN_010984	17.5	6.7	PF00119.25|ATP-synt_A	PFAM:PF00119.25
contig_3	200061	200477	+	LLMDKN_010988	15.1	4.7	PF02874.29|ATP-synt_ab_N	PFAM:PF02874.29
contig_3	201344	201568	+	LLMDKN_010990	8.4	6.5	PF00306.32|ATP-synt_ab_C	PFAM:PF00306.32
contig_3	201786	201950	+	LLMDKN_010991	6.2	9.7		
contig_3	201922	202161	+	LLMDKN_010992	9.1	5.8		
contig_3	202166	202534	+	LLMDKN_010993	13.6	4.9	PF00231.24|ATP-synt	PFAM:PF00231.24
contig_3	202645	202905	+	LLMDKN_010994	9.7	7.9		
contig_3	202998	203525	+	LLMDKN_010995	20.3	5.2	PF13604.12|AAA_30	PFAM:PF13604.12
contig_3	203656	204486	+	LLMDKN_010996	32.6	6.3		
contig_3	204624	204911	+	LLMDKN_010997	10.7	10.1	PF00570.28|HRDC	PFAM:PF00570.28
contig_3	204927	205238	+	LLMDKN_010998	11.5	9.3	PF14493.12|HTH_40	PFAM:PF14493.12
contig_3	205898	206473	+	LLMDKN_011000	22.1	8.6		
contig_3	206470	206970	+	LLMDKN_011001	19.0	9.4		
contig_3	207029	207166	-	LLMDKN_011002	5.5	8.6		
contig_3	207174	207740	+	LLMDKN_011003	21.1	5.4	PF13533.12|Biotin_lipoyl_2, PF16576.10|HlyD_D23	PFAM:PF13533.12, PFAM:PF16576.10
contig_3	207749	208078	+	LLMDKN_011004	12.2	5.0	PF16576.10|HlyD_D23	PFAM:PF16576.10
contig_3	208017	208259	+	LLMDKN_011005	9.1	6.6		
contig_3	208312	208839	+	LLMDKN_011006	19.6	5.7		
contig_3	208920	209048	+	LLMDKN_011007	4.7	8.2		
contig_3	209045	209284	+	LLMDKN_011008	9.0	4.6		
contig_3	209260	209796	+	LLMDKN_011009	19.6	7.8		
contig_3	209847	210197	+	LLMDKN_011010	12.9	10.0		
contig_3	210205	210612	+	LLMDKN_011011	15.0	9.1		
contig_3	210531	210716	-	LLMDKN_011012	7.4	5.0		
contig_3	210758	210967	+	LLMDKN_011013	7.7	6.5		
contig_3	211125	211349	+	LLMDKN_011014	8.0	7.8		
contig_3	211429	211881	+	LLMDKN_011015	17.0	4.8	PF00072.30|Response_reg	PFAM:PF00072.30
contig_3	211937	212104	+	LLMDKN_011016	6.4	9.1	PF00486.34|Trans_reg_C	PFAM:PF00486.34
contig_3	212124	212297	+	LLMDKN_011017	6.5	8.9		
contig_3	212299	212541	+	LLMDKN_011018	9.4	5.7		
contig_3	212490	212720	+	LLMDKN_011019	8.4	5.3		
contig_3	212692	213075	+	LLMDKN_011020	14.9	10.0	PF00512.31|HisKA, PF00672.30|HAMP	PFAM:PF00512.31, PFAM:PF00672.30
contig_3	213072	213407	+	LLMDKN_011021	12.8	6.6	PF02518.31|HATPase_c	PFAM:PF02518.31
contig_3	213710	214327	+	LLMDKN_011022	22.6	9.4		
contig_3	214479	215096	-	LLMDKN_011023	23.8	8.6	PF13472.12|Lipase_GDSL_2, PF14606.12|Lipase_GDSL_3	PFAM:PF13472.12, PFAM:PF14606.12
contig_3	215120	215257	-	LLMDKN_011024	5.3	5.2		
contig_3	215276	215677	-	LLMDKN_011025	14.5	8.6	PF14606.12|Lipase_GDSL_3	PFAM:PF14606.12
contig_3	215619	215978	-	LLMDKN_011026	13.0	9.2	PF14607.12|GxDLY	PFAM:PF14607.12
contig_3	216801	217013	-	LLMDKN_011027	8.5	5.2		
contig_3	217037	217270	-	LLMDKN_011028	8.6	6.1	PF00590.25|TP_methylase	PFAM:PF00590.25
contig_3	217360	217644	+	LLMDKN_011029	10.7	8.8		
contig_3	217658	217930	+	LLMDKN_011030	10.0	8.9		
contig_3	217905	218300	+	LLMDKN_011031	14.8	7.9		
contig_3	218487	218807	+	LLMDKN_011032	12.5	4.5		
contig_3	218816	219070	+	LLMDKN_011033	9.3	10.0		
contig_3	219251	219682	+	LLMDKN_011034	15.5	9.7		
contig_3	219855	220232	+	LLMDKN_011035	13.5	9.1	PF00005.33|ABC_tran	PFAM:PF00005.33
contig_3	220195	220365	+	LLMDKN_011036	6.2	6.7	PF00005.33|ABC_tran	PFAM:PF00005.33
contig_3	220403	220558	+	LLMDKN_011037	5.8	5.4		
contig_3	220567	220857	+	LLMDKN_011038	10.9	5.7		
contig_3	220983	221237	+	LLMDKN_011039	9.1	7.8		
contig_3	221165	221437	-	LLMDKN_011040	9.9	9.2	PF04321.23|RmlD_sub_bind	PFAM:PF04321.23
contig_3	221407	221658	-	LLMDKN_011041	9.5	5.0	PF04321.23|RmlD_sub_bind	PFAM:PF04321.23
contig_3	221679	221885	-	LLMDKN_011042	7.6	9.4		
contig_3	222382	222645	-	LLMDKN_011044	10.1	8.5		
contig_3	222674	222835	-	LLMDKN_011045	6.1	8.3		SO:0001217, UniRef:UniRef50_A0A9Q4JEE5
contig_3	222929	223216	-	LLMDKN_011046	11.1	6.1		
contig_3	223191	223514	-	LLMDKN_011047	12.2	4.5	PF00072.30|Response_reg	PFAM:PF00072.30
contig_3	223652	224158	-	LLMDKN_011048	19.3	5.5	PF02518.31|HATPase_c	PFAM:PF02518.31
contig_3	224247	224687	-	LLMDKN_011049	16.4	4.8		
contig_3	224696	225112	-	LLMDKN_011050	16.1	8.9		
contig_3	226363	226653	+	LLMDKN_011051	11.1	8.1		
contig_3	226961	227125	+	LLMDKN_011052	6.1	5.2		
contig_3	227133	227525	+	LLMDKN_011053	15.0	8.8		
contig_3	227477	228199	+	LLMDKN_011054	27.7	9.9	PF11799.13|IMS_C, PF13438.11|DUF4113	PFAM:PF11799.13, PFAM:PF13438.11
contig_3	228564	228962	-	LLMDKN_011055	15.6	4.8	PF08867.16|FRG	PFAM:PF08867.16
contig_3	228949	229341	-	LLMDKN_011056	15.2	5.7		
contig_3	229555	229767	-	LLMDKN_011057	8.3	4.2		
contig_3	229810	230088	-	LLMDKN_011058	10.8	4.2	PF00515.34|TPR_1, PF07719.23|TPR_2, PF13424.12|TPR_12	PFAM:PF00515.34, PFAM:PF07719.23, PFAM:PF13424.12
contig_3	230040	230249	-	LLMDKN_011059	8.0	9.4		
contig_3	230290	230436	-	LLMDKN_011060	5.4	4.5		
contig_3	230426	230587	-	LLMDKN_011061	6.3	5.6		
contig_3	230733	230972	-	LLMDKN_011062	8.8	5.0		
contig_3	231257	231655	-	LLMDKN_011063	15.2	5.3		
contig_3	232273	232401	-	LLMDKN_011064	4.8	8.9		
contig_3	232627	232995	-	LLMDKN_011065	14.6	5.6		
contig_3	232964	233374	-	LLMDKN_011066	16.3	4.9		
contig_3	233782	233979	-	LLMDKN_011067	7.7	8.1		
contig_3	234104	234265	-	LLMDKN_011068	6.2	7.8		
contig_3	234281	234418	-	LLMDKN_011069	5.3	9.2		
contig_3	234450	234668	-	LLMDKN_011070	8.5	9.0		
contig_3	234661	234825	-	LLMDKN_011071	6.5	5.7		
contig_3	234855	235070	-	LLMDKN_011072	8.4	9.5		
contig_3	235852	235944	-	LLMDKN_011073	3.5	6.0		
contig_3	235937	236122	-	LLMDKN_011074	7.2	5.1		
contig_3	236097	236279	-	LLMDKN_011075	6.7	9.3		
contig_3	237079	237306	+	LLMDKN_011076	8.9	4.5		
contig_3	238040	238321	+	LLMDKN_011077	10.2	6.3		
contig_3	238356	238514	+	LLMDKN_011078	6.3	6.0		
contig_3	238582	238755	+	LLMDKN_011079	6.3	5.7		
contig_3	238857	239099	+	LLMDKN_011080	9.1	6.7		
contig_3	239087	239395	+	LLMDKN_011081	11.6	9.5		
contig_3	239475	239777	+	LLMDKN_011082	11.8	5.2		
contig_3	239737	239982	+	LLMDKN_011083	9.5	6.6		
contig_3	240006	240155	+	LLMDKN_011084	5.8	9.9		
contig_3	240474	240806	+	LLMDKN_011085	12.3	9.1		
contig_3	240788	241270	+	LLMDKN_011086	18.1	5.4		
contig_3	241260	241523	+	LLMDKN_011087	9.8	5.1		
contig_3	241472	241648	+	LLMDKN_011088	6.5	9.4		
contig_3	241682	242110	+	LLMDKN_011089	15.8	9.0	PF13342.12|Toprim_Crpt	PFAM:PF13342.12
contig_3	242981	243334	-	LLMDKN_011090	13.3	9.0	PF01381.28|HTH_3	PFAM:PF01381.28
contig_3	244055	244273	+	LLMDKN_011091	8.2	7.7		
contig_3	244270	244554	+	LLMDKN_011092	11.0	9.3		
contig_3	244566	244739	+	LLMDKN_011093	6.3	4.7		
contig_3	245062	245451	+	LLMDKN_011094	14.8	4.1	PF08989.15|DUF1896	PFAM:PF08989.15
contig_3	245638	245781	-	LLMDKN_011095	5.8	6.5		
contig_3	246010	246111	-	LLMDKN_011096	3.4	8.4		
contig_3	246108	246572	-	LLMDKN_011097	18.0	9.1	PF08843.17|AbiEii	PFAM:PF08843.17
contig_3	246578	246871	-	LLMDKN_011098	11.2	5.1		
contig_3	246837	247094	-	LLMDKN_011099	9.8	6.5		
contig_3	247101	247346	+	LLMDKN_011100	9.7	9.1		
contig_3	247887	248171	+	LLMDKN_011101	10.9	7.9		
contig_3	248168	248317	+	LLMDKN_011102	5.6	9.4		
contig_3	248396	248569	-	LLMDKN_011103	6.7	10.0		
contig_3	248601	248810	+	LLMDKN_011104	7.4	8.3		
contig_3	248876	249583	+	LLMDKN_011105	25.7	4.8		
contig_3	249540	250064	+	LLMDKN_011106	19.0	4.7		
contig_3	250435	250968	+	LLMDKN_011107	19.7	4.7		
contig_3	251057	251773	+	LLMDKN_011108	27.2	6.2		
contig_3	251775	252212	+	LLMDKN_011109	17.3	10.7		
contig_3	252173	252397	+	LLMDKN_011110	8.7	8.1		
contig_3	252479	252757	+	LLMDKN_011111	10.8	6.0		
contig_3	252793	252948	+	LLMDKN_011112	5.7	6.7	PF00271.37|Helicase_C	PFAM:PF00271.37
contig_3	252980	253225	+	LLMDKN_011113	9.3	9.2		
contig_3	253209	253514	+	LLMDKN_011114	11.8	6.7		
contig_3	253514	253690	+	LLMDKN_011115	6.7	5.7		
contig_3	253745	254053	+	LLMDKN_011116	11.3	6.3		
contig_3	254078	254479	+	LLMDKN_011117	15.2	7.9		
contig_3	254470	254640	+	LLMDKN_011118	6.3	5.1		
contig_3	255118	255363	+	LLMDKN_011120	9.3	10.2		
contig_3	255314	255613	+	LLMDKN_011121	11.5	10.2		
contig_3	255619	255807	+	LLMDKN_011122	7.3	9.5		
contig_3	255885	256004	+	LLMDKN_011123	4.5	9.4		
contig_3	256035	256253	+	LLMDKN_011124	7.7	6.1		
contig_3	256210	256842	+	LLMDKN_011125	24.5	7.8	PF13304.12|AAA_21	PFAM:PF13304.12
contig_3	256821	256925	+	LLMDKN_011126	4.0	4.1		
contig_3	256968	257297	+	LLMDKN_011127	12.5	9.5		
contig_3	257264	257485	+	LLMDKN_011128	8.6	9.3		
contig_3	257580	257918	-	LLMDKN_011129	12.8	9.7	PF12728.13|HTH_17	PFAM:PF12728.13
contig_3	257950	258192	-	LLMDKN_011130	9.4	9.2		
contig_3	258243	258836	-	LLMDKN_011131	21.6	6.8	PF13481.12|AAA_25	PFAM:PF13481.12
contig_3	258986	259927	-	LLMDKN_011132	35.5	9.4		
contig_3	260042	260320	-	LLMDKN_011133	10.6	8.6		
contig_3	260402	260959	-	LLMDKN_011134	20.7	8.4	PF01872.23|RibD_C	PFAM:PF01872.23
contig_3	261284	261487	+	LLMDKN_011135	8.1	5.2		
contig_3	261735	261926	+	LLMDKN_011136	7.0	4.1		
contig_3	262040	262150	-	LLMDKN_011137	4.4	8.3		
contig_3	262144	262368	-	LLMDKN_011138	8.9	4.8		
contig_3	262858	263064	-	LLMDKN_011139	8.2	10.2		
contig_3	263034	263321	-	LLMDKN_011140	11.0	7.8	PF12770.12|CHAT	PFAM:PF12770.12
contig_3	263419	263976	-	LLMDKN_011141	21.2	4.5		
contig_3	264001	264189	-	LLMDKN_011142	7.5	4.8		
contig_3	264330	264530	-	LLMDKN_011143	7.3	10.4		
contig_3	264939	265112	-	LLMDKN_011144	6.7	9.2		
contig_3	265063	265236	-	LLMDKN_011145	6.6	9.1		
contig_3	265355	265726	-	LLMDKN_011146	14.3	7.7		
contig_3	266334	266480	+	LLMDKN_011147	5.4	9.3		
contig_3	267126	267626	+	LLMDKN_011148	19.3	8.8		
contig_3	267596	267964	+	LLMDKN_011149	14.2	9.7		
contig_3	268620	268940	+	LLMDKN_011150	12.6	9.7		
contig_3	269081	269314	-	LLMDKN_011151	9.6	7.7		
contig_3	270183	270473	+	LLMDKN_011152	11.5	8.6		
contig_3	271555	271656	+	LLMDKN_011153	4.1	9.7		
contig_3	272420	272569	+	LLMDKN_011154	5.9	8.6		
contig_3	272758	272889	+	LLMDKN_011155	5.2	4.9		
contig_3	273000	273206	+	LLMDKN_011156	8.2	8.0		
contig_4	2	97	+	LLMDKN_011157	3.6	4.5		
contig_4	318	533	+	LLMDKN_011158	8.0	6.7		
contig_4	552	746	+	LLMDKN_011159	7.2	6.7		
contig_4	807	1043	-	LLMDKN_011160	9.0	10.0		
contig_4	1113	1250	-	LLMDKN_011161	5.4	8.8		
contig_4	1318	1455	-	LLMDKN_011162	5.3	9.3	PF00196.25|GerE	PFAM:PF00196.25
contig_4	1506	1844	-	LLMDKN_011163	13.1	5.4		
contig_4	1857	2021	-	LLMDKN_011164	6.5	8.1		
contig_4	2464	2760	+	LLMDKN_011165	11.4	6.1		
contig_4	2854	3213	+	LLMDKN_011166	13.7	9.2		
contig_4	3278	3532	+	LLMDKN_011167	9.9	9.5		
contig_4	4628	4738	+	LLMDKN_011169	4.1	10.0		
contig_4	5332	5511	+	LLMDKN_011170	6.8	9.2		
contig_4	5508	5735	+	LLMDKN_011171	9.2	10.4		
contig_4	5735	5845	+	LLMDKN_011172	4.2	8.4		
contig_4	5954	6127	+	LLMDKN_011173	6.4	10.0		
contig_4	6124	6369	+	LLMDKN_011174	9.9	9.4		
contig_4	6360	6524	+	LLMDKN_011175	6.0	8.9		
contig_4	6809	7033	+	LLMDKN_011176	9.0	6.1		
contig_4	7354	7449	+	LLMDKN_011177	3.8	5.2		
contig_4	8052	8213	-	LLMDKN_011178	6.5	9.2		
contig_4	8386	8544	-	LLMDKN_011179	6.0	9.3		
contig_4	8565	9035	-	LLMDKN_011180	19.1	9.6	PF13102.12|Phage_int_SAM_5	PFAM:PF13102.12
contig_4	8980	9105	-	LLMDKN_011181	4.4	9.1		
contig_4	9178	9372	-	LLMDKN_011182	7.0	9.7	PF17293.8|Arm-DNA-bind_5	PFAM:PF17293.8
contig_4	9524	9778	-	LLMDKN_011183	9.6	10.3		
contig_4	9782	10078	-	LLMDKN_011184	11.9	9.8		
contig_4	10493	11098	+	LLMDKN_011185	23.6	10.6	PF05598.16|DUF772	PFAM:PF05598.16
contig_4	11264	11506	+	LLMDKN_011186	9.7	9.9		
contig_4	11488	11637	+	LLMDKN_011187	6.0	9.5		
contig_4	11740	11988	+	LLMDKN_011188	9.8	10.2	PF13751.12|DDE_Tnp_1_6	PFAM:PF13751.12
contig_4	13066	13320	-	LLMDKN_011189	9.6	10.5		
contig_4	13624	13779	+	LLMDKN_011190	6.1	4.9		
contig_4	13816	14037	+	LLMDKN_011191	8.9	9.8		
contig_4	14067	14243	+	LLMDKN_011192	6.9	5.1	PF12728.13|HTH_17	PFAM:PF12728.13
contig_4	14366	14755	+	LLMDKN_011193	14.5	10.0		
contig_4	14780	15004	+	LLMDKN_011194	8.5	5.7		
contig_4	15340	15909	+	LLMDKN_011195	21.4	5.2		
contig_4	16042	16146	+	LLMDKN_011196	4.1	4.7		
contig_4	16329	16547	+	LLMDKN_011197	8.4	7.7		
contig_4	16819	17178	+	LLMDKN_011198	13.9	9.4		
contig_4	17275	17511	+	LLMDKN_011199	9.1	6.2		
contig_4	17537	17713	+	LLMDKN_011200	6.7	8.1		
contig_4	17685	17906	+	LLMDKN_011201	7.9	4.5	PF12770.12|CHAT	PFAM:PF12770.12
contig_4	18186	18389	-	LLMDKN_011202	7.5	9.1		
contig_4	18643	18963	-	LLMDKN_011203	11.9	9.1		
contig_4	19065	19388	+	LLMDKN_011204	12.4	9.7	PF17293.8|Arm-DNA-bind_5	PFAM:PF17293.8
contig_4	19379	20257	+	LLMDKN_011205	33.6	9.2	PF13102.12|Phage_int_SAM_5	PFAM:PF13102.12
contig_4	20449	20625	+	LLMDKN_011206	6.5	4.7		
contig_4	20633	20938	+	LLMDKN_011207	12.0	7.0	PF13102.12|Phage_int_SAM_5	PFAM:PF13102.12
contig_4	21039	21431	+	LLMDKN_011208	14.7	7.0		
contig_4	21373	21705	+	LLMDKN_011209	12.7	7.7		
contig_4	21642	21914	-	LLMDKN_011210	10.2	9.4	PF12728.13|HTH_17	PFAM:PF12728.13
contig_4	21931	22281	-	LLMDKN_011211	13.9	10.0	PF12728.13|HTH_17	PFAM:PF12728.13
contig_4	22286	22402	-	LLMDKN_011212	4.7	9.4		
contig_4	22905	23147	-	LLMDKN_011213	9.5	9.2		
contig_4	24856	25035	-	LLMDKN_011214	6.8	9.7		
contig_4	25267	25473	-	LLMDKN_011215	8.0	6.6		
contig_4	25530	25667	-	LLMDKN_011216	5.7	6.7		
contig_4	25674	25892	-	LLMDKN_011217	8.6	9.3		
contig_4	28444	28602	-	LLMDKN_011218	6.1	4.4		
contig_4	28778	28957	-	LLMDKN_011219	6.8	6.5		
contig_4	28991	29389	-	LLMDKN_011220	14.7	8.9		
contig_4	30986	31231	+	LLMDKN_011221	9.5	9.3		
contig_4	31266	31493	+	LLMDKN_011222	8.5	9.6		
contig_4	31600	31812	-	LLMDKN_011223	8.0	4.5	PF00005.33|ABC_tran	PFAM:PF00005.33
contig_4	31914	32450	-	LLMDKN_011224	20.3	9.3		
contig_4	32474	32620	-	LLMDKN_011225	5.8	7.9		
contig_4	32717	32902	-	LLMDKN_011226	7.1	8.1		
contig_4	32893	33162	-	LLMDKN_011227	10.0	8.9		
contig_4	33215	33646	-	LLMDKN_011228	16.0	5.1	PF13529.12|Peptidase_C39_2	PFAM:PF13529.12
contig_4	33970	34161	-	LLMDKN_011229	7.3	9.6		
contig_4	34589	35092	-	LLMDKN_011230	19.7	8.8		
contig_4	35502	35816	-	LLMDKN_011231	12.4	9.0		
contig_4	35768	35917	-	LLMDKN_011232	6.0	6.5		
contig_4	35947	36075	-	LLMDKN_011233	5.3	5.6		
contig_4	36101	36235	-	LLMDKN_011234	5.2	4.4		
contig_4	36377	36694	-	LLMDKN_011235	11.7	8.9		
contig_4	36816	37043	-	LLMDKN_011236	8.6	9.6		
contig_4	37031	37429	-	LLMDKN_011237	15.1	6.6	PF13620.12|CarboxypepD_reg, PF13715.12|CarbopepD_reg_2	PFAM:PF13620.12, PFAM:PF13715.12
contig_4	37426	37653	-	LLMDKN_011238	8.4	4.5		
contig_4	37676	38017	-	LLMDKN_011239	13.3	8.8		
contig_4	38621	38914	+	LLMDKN_011240	11.6	5.5	PF04542.20|Sigma70_r2	PFAM:PF04542.20
contig_4	38877	39038	+	LLMDKN_011241	6.1	8.9		
contig_4	39366	39563	+	LLMDKN_011242	7.7	9.9		
contig_4	39635	39796	+	LLMDKN_011243	5.9	7.8		
contig_4	40030	40323	-	LLMDKN_011244	11.2	9.6		
contig_4	40511	40732	+	LLMDKN_011245	8.5	9.5		
contig_4	40738	40935	+	LLMDKN_011246	7.2	4.4		
contig_4	40878	41147	+	LLMDKN_011247	9.9	7.9		
contig_4	41194	41391	+	LLMDKN_011248	7.5	10.3		
contig_4	41429	41839	+	LLMDKN_011249	15.6	7.0		
contig_4	41812	42048	+	LLMDKN_011250	9.4	9.5		
contig_4	42098	42424	+	LLMDKN_011251	12.4	9.9		
contig_4	42434	42589	+	LLMDKN_011252	5.8	9.0		
contig_4	43113	43253	-	LLMDKN_011253	5.3	4.1		
contig_4	43244	43612	-	LLMDKN_011254	14.6	9.6	PF13102.12|Phage_int_SAM_5	PFAM:PF13102.12
contig_4	43588	43890	-	LLMDKN_011255	11.9	10.5	PF17293.8|Arm-DNA-bind_5	PFAM:PF17293.8
contig_4	44863	45045	+	LLMDKN_011256	6.8	8.7		
contig_4	44999	45232	+	LLMDKN_011257	8.9	4.8	PF12682.12|Flavodoxin_4	PFAM:PF12682.12
contig_4	45195	45479	+	LLMDKN_011258	10.7	8.5	PF12682.12|Flavodoxin_4	PFAM:PF12682.12
contig_4	45476	45937	+	LLMDKN_011259	16.8	5.6	PF01613.24|Flavin_Reduct	PFAM:PF01613.24
contig_4	45988	46188	+	LLMDKN_011260	7.9	5.8		
contig_4	46154	46510	+	LLMDKN_011261	12.4	6.9	PF00132.30|Hexapep, PF14602.12|Hexapep_2	PFAM:PF00132.30, PFAM:PF14602.12
contig_4	46670	47155	-	LLMDKN_011262	17.7	4.8		
contig_4	47173	47310	-	LLMDKN_011263	5.3	6.7		
contig_4	47347	47634	-	LLMDKN_011264	11.5	6.8	PF06445.20|GyrI-like, PF14526.11|Cass2	PFAM:PF06445.20, PFAM:PF14526.11
contig_4	47725	47997	-	LLMDKN_011265	10.9	10.1		
contig_4	47979	48278	-	LLMDKN_011266	11.9	6.3		
contig_4	48984	49193	+	LLMDKN_011267	7.8	9.6		
contig_4	49307	49456	-	LLMDKN_011268	5.8	10.0		
contig_4	49425	49679	-	LLMDKN_011269	10.1	9.4	PF06445.20|GyrI-like	PFAM:PF06445.20
contig_4	50092	50274	+	LLMDKN_011270	6.9	7.8		
contig_4	50264	50365	+	LLMDKN_011271	3.5	8.2		
contig_4	50416	50598	+	LLMDKN_011272	7.1	6.7		
contig_4	50562	50849	+	LLMDKN_011273	10.5	5.3	PF08240.17|ADH_N	PFAM:PF08240.17
contig_4	51022	51492	+	LLMDKN_011274	17.5	5.3	PF00107.32|ADH_zinc_N, PF13602.12|ADH_zinc_N_2	PFAM:PF00107.32, PFAM:PF13602.12
contig_4	51748	51975	+	LLMDKN_011275	8.6	9.8		
contig_4	51980	52621	+	LLMDKN_011276	23.7	5.9	PF01738.24|DLH	PFAM:PF01738.24
contig_4	52607	52846	-	LLMDKN_011277	9.1	9.2		
contig_4	53247	53534	+	LLMDKN_011278	10.9	6.8	PF12541.14|DUF3737	PFAM:PF12541.14
contig_4	53494	53628	+	LLMDKN_011279	5.3	6.5	PF12541.14|DUF3737	PFAM:PF12541.14
contig_4	53649	54107	+	LLMDKN_011280	17.2	4.7	PF12541.14|DUF3737	PFAM:PF12541.14
contig_4	54176	54310	+	LLMDKN_011281	5.1	5.0		
contig_4	54267	54545	+	LLMDKN_011282	10.6	6.7	PF00155.27|Aminotran_1_2	PFAM:PF00155.27
contig_4	54713	55153	+	LLMDKN_011283	16.6	4.9	PF00155.27|Aminotran_1_2	PFAM:PF00155.27
contig_4	55165	55296	+	LLMDKN_011284	5.0	9.1		
contig_4	55440	55841	+	LLMDKN_011285	14.7	6.2		
contig_4	55856	56905	+	LLMDKN_011286	40.0	6.9		
contig_4	56863	57105	+	LLMDKN_011287	9.5	9.2		
contig_4	57206	57610	+	LLMDKN_011288	15.4	10.6		
contig_4	57579	58940	-	LLMDKN_011289	53.1	6.5	PF00512.31|HisKA, PF02518.31|HATPase_c	PFAM:PF00512.31, PFAM:PF02518.31
contig_4	58927	59205	-	LLMDKN_011290	10.7	6.1		
contig_4	59189	59395	-	LLMDKN_011291	7.9	7.8		
contig_4	59356	59649	-	LLMDKN_011292	11.3	9.3		
contig_4	59654	60070	+	LLMDKN_011293	15.3	9.4		
contig_4	60034	60501	+	LLMDKN_011294	17.3	7.7		
contig_4	60474	60623	+	LLMDKN_011295	5.1	8.0		
contig_4	60620	61426	+	LLMDKN_011296	29.4	5.1		
contig_4	61361	61891	-	LLMDKN_011297	20.6	8.5	PF21347.3|DUF3108_like	PFAM:PF21347.3
contig_4	61945	62223	-	LLMDKN_011298	10.3	5.1	PF21347.3|DUF3108_like	PFAM:PF21347.3
contig_4	62443	62622	-	LLMDKN_011299	6.5	4.7	PF00464.25|SHMT	PFAM:PF00464.25
contig_4	62642	62833	-	LLMDKN_011300	7.0	7.8	PF00464.25|SHMT	PFAM:PF00464.25
contig_4	62866	63153	-	LLMDKN_011301	10.5	9.8	PF00464.25|SHMT	PFAM:PF00464.25
contig_4	63114	63386	-	LLMDKN_011302	10.1	6.3	PF00464.25|SHMT	PFAM:PF00464.25
contig_4	63406	63744	-	LLMDKN_011303	13.2	8.6	PF00464.25|SHMT	PFAM:PF00464.25
contig_4	64073	64381	-	LLMDKN_011304	11.9	6.4	PF13568.12|OMP_b-brl_2	PFAM:PF13568.12
contig_4	64580	64696	-	LLMDKN_011305	4.7	9.5		
contig_4	64757	65056	-	LLMDKN_011306	11.2	8.3	PF01613.24|Flavin_Reduct	PFAM:PF01613.24
contig_4	65105	65374	-	LLMDKN_011307	10.4	8.9	PF02748.20|PyrI_C	PFAM:PF02748.20
contig_4	65382	65534	-	LLMDKN_011308	5.7	9.5	PF01948.23|PyrI	PFAM:PF01948.23
contig_4	66326	66577	-	LLMDKN_011310	9.4	10.3	PF02729.26|OTCace_N	PFAM:PF02729.26
contig_4	67131	67295	+	LLMDKN_011311	5.9	10.0		
contig_4	67537	67776	+	LLMDKN_011312	8.7	7.9		
contig_4	67908	68582	-	LLMDKN_011313	26.0	4.5		
contig_4	68566	68826	-	LLMDKN_011314	9.9	8.9		
contig_4	69083	69256	-	LLMDKN_011315	6.2	4.6		
contig_4	69291	69836	-	LLMDKN_011316	20.5	9.0		
contig_4	70022	70225	-	LLMDKN_011317	7.3	5.5		
contig_4	70368	71015	+	LLMDKN_011318	24.7	6.8	PF08667.16|BetR	PFAM:PF08667.16
contig_4	71039	71176	+	LLMDKN_011319	5.4	10.0		
contig_4	71499	71885	+	LLMDKN_011320	14.7	8.8		
contig_4	72042	72200	+	LLMDKN_011321	5.7	9.5		
contig_4	72221	72499	+	LLMDKN_011322	9.9	4.2		
contig_4	72637	72843	+	LLMDKN_011323	7.5	5.1		
contig_4	72840	72980	+	LLMDKN_011324	5.5	10.9		
contig_4	72995	73279	+	LLMDKN_011325	10.0	7.9		
contig_4	73438	73668	+	LLMDKN_011326	8.0	5.3		
contig_4	73764	74222	-	LLMDKN_011327	17.2	5.4	PF20628.3|Dyp_perox_C	PFAM:PF20628.3
contig_4	74247	74471	-	LLMDKN_011328	8.4	6.1	PF04261.18|Dyp_perox_N	PFAM:PF04261.18
contig_4	74450	74716	-	LLMDKN_011329	10.1	6.5	PF04261.18|Dyp_perox_N	PFAM:PF04261.18
contig_4	74981	75532	-	LLMDKN_011330	21.3	9.4	PF07980.17|SusD_RagB	PFAM:PF07980.17
contig_4	75550	75795	-	LLMDKN_011331	9.3	4.9		
contig_4	75792	75917	-	LLMDKN_011332	4.8	8.1		
contig_4	75874	76227	-	LLMDKN_011333	13.7	5.7		
contig_4	76389	76595	-	LLMDKN_011334	7.9	9.6	PF14322.12|SusD-like_3	PFAM:PF14322.12
contig_4	76540	77046	-	LLMDKN_011335	19.3	5.7		
contig_4	77121	77615	-	LLMDKN_011336	18.9	9.3		
contig_4	77563	78201	-	LLMDKN_011337	24.0	5.0		
contig_4	78173	78466	-	LLMDKN_011338	11.2	9.6		
contig_4	78414	78581	-	LLMDKN_011339	5.9	6.0		
contig_4	78581	78784	-	LLMDKN_011340	7.8	5.1		
contig_4	78796	79155	-	LLMDKN_011341	13.5	8.6		
contig_4	79161	79763	-	LLMDKN_011342	21.0	5.4	PF07715.20|Plug	PFAM:PF07715.20
contig_4	79747	80256	-	LLMDKN_011343	18.0	5.6	PF13620.12|CarboxypepD_reg, PF13715.12|CarbopepD_reg_2	PFAM:PF13620.12, PFAM:PF13715.12
contig_4	80657	80830	+	LLMDKN_011344	6.7	9.6		
contig_4	80863	81120	+	LLMDKN_011345	9.4	4.1		
contig_4	81131	81283	-	LLMDKN_011346	5.9	9.6		
contig_4	82115	82453	+	LLMDKN_011347	12.9	7.8		
contig_4	82479	82718	+	LLMDKN_011348	9.3	6.7		
contig_4	83158	83337	+	LLMDKN_011349	6.5	9.6		
contig_4	83279	83377	+	LLMDKN_011350	3.4	4.2		
contig_4	83427	83573	+	LLMDKN_011351	5.4	5.1		
contig_4	83588	83767	+	LLMDKN_011352	6.6	5.1		
contig_4	84051	84551	+	LLMDKN_011353	19.6	7.6	PF00912.28|Transgly	PFAM:PF00912.28
contig_4	84529	84735	+	LLMDKN_011354	8.0	9.8		
contig_4	84732	84899	+	LLMDKN_011355	6.3	6.6		
contig_4	84896	85207	+	LLMDKN_011356	12.1	10.0	PF00905.27|Transpeptidase	PFAM:PF00905.27
contig_4	85201	85458	+	LLMDKN_011357	9.4	9.3		
contig_4	85400	85888	+	LLMDKN_011358	18.0	9.3	PF00905.27|Transpeptidase	PFAM:PF00905.27
contig_4	85934	86245	+	LLMDKN_011359	12.2	9.6	PF01288.25|HPPK	PFAM:PF01288.25
contig_4	86398	86652	+	LLMDKN_011360	9.1	4.9		
contig_4	86679	87218	+	LLMDKN_011361	20.5	5.7		
contig_4	87157	87522	+	LLMDKN_011362	13.6	6.3		
contig_4	87667	87891	-	LLMDKN_011363	8.8	9.7		
contig_4	87956	88360	+	LLMDKN_011364	15.3	4.9	PF05193.26|Peptidase_M16_C	PFAM:PF05193.26
contig_4	88378	88671	+	LLMDKN_011365	10.8	10.2		
contig_4	88776	88967	+	LLMDKN_011366	7.7	8.9	PF02493.26|MORN	PFAM:PF02493.26
contig_4	88985	89590	+	LLMDKN_011367	22.5	9.0	PF02493.26|MORN	PFAM:PF02493.26
contig_4	89757	89960	-	LLMDKN_011368	7.1	5.0	PF14572.12|Pribosyl_synth	PFAM:PF14572.12
contig_4	89963	90403	-	LLMDKN_011369	16.0	9.1	PF13793.12|Pribosyltran_N	PFAM:PF13793.12
contig_4	90739	91050	+	LLMDKN_011370	12.0	8.4		
contig_4	91061	92212	+	LLMDKN_011371	44.7	6.8	PF17140.10|DUF5113	PFAM:PF17140.10
contig_4	92160	92387	+	LLMDKN_011372	8.1	4.1		
contig_4	92452	92778	+	LLMDKN_011373	12.7	9.4		
contig_4	92834	93052	+	LLMDKN_011374	8.2	6.3		
contig_4	93049	93309	+	LLMDKN_011375	9.5	5.4	PF02518.31|HATPase_c	PFAM:PF02518.31
contig_4	93282	93788	+	LLMDKN_011376	19.6	5.7	PF17140.10|DUF5113	PFAM:PF17140.10
contig_4	93730	94032	+	LLMDKN_011377	11.7	9.3	PF17140.10|DUF5113	PFAM:PF17140.10
contig_4	94059	94394	+	LLMDKN_011378	13.2	9.3		
contig_4	94507	94827	+	LLMDKN_011379	12.2	7.7		
contig_4	94830	95000	+	LLMDKN_011380	6.7	9.6		
contig_4	95242	95643	+	LLMDKN_011381	14.8	4.8	PF00072.30|Response_reg	PFAM:PF00072.30
contig_4	95855	95974	+	LLMDKN_011382	4.4	4.7	PF19355.4|DUF5932	PFAM:PF19355.4
contig_4	95975	96211	+	LLMDKN_011383	8.6	10.7		
contig_4	96384	96779	+	LLMDKN_011384	14.4	6.6		
contig_4	96740	96901	+	LLMDKN_011385	5.7	8.3		
contig_4	97083	97415	+	LLMDKN_011386	12.8	8.8		
contig_4	97830	98213	+	LLMDKN_011388	15.2	6.3		
contig_4	98207	98476	+	LLMDKN_011389	10.4	8.2		
contig_4	98706	98840	+	LLMDKN_011390	4.9	8.5		
contig_4	98812	99027	+	LLMDKN_011391	8.1	9.3		
contig_4	98993	99253	+	LLMDKN_011392	9.9	10.1		
contig_4	99243	99446	+	LLMDKN_011393	7.6	9.6		
contig_4	100065	100355	+	LLMDKN_011394	11.4	4.9	PF00425.24|Chorismate_bind	PFAM:PF00425.24
contig_4	100786	100965	+	LLMDKN_011395	6.6	4.7		
contig_4	101294	101779	+	LLMDKN_011397	19.1	9.2	PF09365.15|DUF2461	PFAM:PF09365.15
contig_4	101737	101874	+	LLMDKN_011398	5.1	5.0	PF09365.15|DUF2461	PFAM:PF09365.15
contig_4	102148	102378	+	LLMDKN_011399	8.9	8.9		
contig_4	102649	102876	+	LLMDKN_011400	8.7	7.7		
contig_4	103060	103449	+	LLMDKN_011401	14.8	4.8		
contig_4	103461	103967	+	LLMDKN_011402	20.3	6.2		
contig_4	104216	104356	-	LLMDKN_011403	5.2	6.1		
contig_4	104421	105044	-	LLMDKN_011404	24.4	7.6	PF00128.31|Alpha-amylase	PFAM:PF00128.31
contig_4	104992	105123	-	LLMDKN_011405	5.2	5.0		
contig_4	105922	106386	-	LLMDKN_011407	17.4	7.0	PF02894.22|GFO_IDH_MocA_C	PFAM:PF02894.22
contig_4	106356	106607	-	LLMDKN_011408	9.5	5.7	PF02894.22|GFO_IDH_MocA_C, PF22725.1|GFO_IDH_MocA_C3	PFAM:PF02894.22, PFAM:PF22725.1
contig_4	106633	106734	-	LLMDKN_011409	3.6	6.1	PF01408.29|GFO_IDH_MocA	PFAM:PF01408.29
contig_4	106704	106940	-	LLMDKN_011410	9.1	6.8	PF01408.29|GFO_IDH_MocA	PFAM:PF01408.29
contig_4	107049	107231	-	LLMDKN_011411	7.0	5.2		
contig_4	107231	107344	-	LLMDKN_011412	4.1	6.5		
contig_4	107308	107625	-	LLMDKN_011413	12.0	6.4		
contig_4	107585	107773	-	LLMDKN_011414	6.6	9.7	PF01734.28|Patatin	PFAM:PF01734.28
contig_4	107947	108060	-	LLMDKN_011415	4.2	8.9		
contig_4	108196	108501	-	LLMDKN_011416	11.3	9.4		
contig_4	108524	108973	-	LLMDKN_011417	16.4	10.1		
contig_4	109375	109650	+	LLMDKN_011418	10.2	4.8		
contig_4	109641	110198	+	LLMDKN_011419	21.0	4.6	PF00120.29|Gln-synt_C	PFAM:PF00120.29
contig_4	110140	110874	+	LLMDKN_011420	27.4	7.0	PF00120.29|Gln-synt_C	PFAM:PF00120.29
contig_4	111610	111861	+	LLMDKN_011422	9.5	9.7	PF00106.31|adh_short	PFAM:PF00106.31
contig_4	111822	112007	+	LLMDKN_011423	7.0	5.0		
contig_4	112013	112324	+	LLMDKN_011424	11.9	10.4		
contig_4	112527	112784	+	LLMDKN_011425	9.8	9.5		
contig_4	112751	113083	+	LLMDKN_011426	11.9	8.1		
contig_4	113202	113411	-	LLMDKN_011427	8.0	5.6	PF10771.15|DUF2582	PFAM:PF10771.15
contig_4	114359	114631	-	LLMDKN_011428	10.1	6.7		
contig_4	114592	115128	-	LLMDKN_011429	19.8	9.6	PF02629.25|CoA_binding	PFAM:PF02629.25
contig_4	115104	115211	-	LLMDKN_011430	4.1	10.3		
contig_4	115270	115458	-	LLMDKN_011431	7.0	10.0	PF00549.24|Ligase_CoA	PFAM:PF00549.24
contig_4	115400	115615	-	LLMDKN_011432	7.8	7.8	PF00549.24|Ligase_CoA	PFAM:PF00549.24
contig_4	115573	115890	-	LLMDKN_011433	11.9	4.8		
contig_4	115893	116285	-	LLMDKN_011434	14.3	7.8	PF08442.15|ATP-grasp_2	PFAM:PF08442.15
contig_4	116663	116968	-	LLMDKN_011435	10.8	7.8		
contig_4	116968	117240	-	LLMDKN_011436	9.3	4.5		
contig_4	117254	117505	-	LLMDKN_011437	9.2	8.8	PF00698.26|Acyl_transf_1	PFAM:PF00698.26
contig_4	117610	117759	-	LLMDKN_011438	5.4	5.2		
contig_4	117834	118295	-	LLMDKN_011439	16.8	5.0	PF00294.29|PfkB	PFAM:PF00294.29
contig_4	118246	118443	-	LLMDKN_011440	6.5	5.6		
contig_4	118502	118675	+	LLMDKN_011441	6.8	9.5		
contig_4	118788	118949	+	LLMDKN_011442	5.9	5.4		
contig_4	118955	119212	+	LLMDKN_011443	9.9	9.8		
contig_4	119203	119409	+	LLMDKN_011444	8.2	9.6	PF21906.2|NrtR_WHD	PFAM:PF21906.2
contig_4	119415	119510	+	LLMDKN_011445	3.8	9.6		
contig_4	119618	119983	+	LLMDKN_011446	13.3	6.6	PF00370.27|FGGY_N	PFAM:PF00370.27
contig_4	119949	120326	+	LLMDKN_011447	14.1	4.8	PF00370.27|FGGY_N	PFAM:PF00370.27
contig_4	120471	121070	+	LLMDKN_011448	22.6	8.8		
contig_4	121231	121770	+	LLMDKN_011449	20.1	5.9		
contig_4	121804	122484	+	LLMDKN_011450	25.2	4.9		
contig_4	122550	123518	+	LLMDKN_011451	35.3	5.5		
contig_4	123515	123997	+	LLMDKN_011452	17.9	9.0		
contig_4	124551	125324	-	LLMDKN_011453	29.4	5.5		
contig_4	125391	125603	-	LLMDKN_011454	8.0	10.1		
contig_4	125609	125725	-	LLMDKN_011455	4.5	4.4		
contig_4	125864	126424	+	LLMDKN_011456	21.9	9.3		
contig_4	126464	126949	+	LLMDKN_011457	18.1	6.1		
contig_4	127026	127403	+	LLMDKN_011458	14.1	5.3		
contig_4	127519	127758	+	LLMDKN_011459	8.9	9.6		
contig_4	127733	127897	+	LLMDKN_011460	5.9	5.5	PF00578.27|AhpC-TSA	PFAM:PF00578.27
contig_4	127884	128153	+	LLMDKN_011461	9.9	4.9	PF10417.14|1-cysPrx_C	PFAM:PF10417.14
contig_4	128365	128547	+	LLMDKN_011462	7.1	6.2	PF00076.28|RRM_1	PFAM:PF00076.28
contig_4	128685	129161	-	LLMDKN_011463	18.1	5.7		
contig_4	129226	129474	-	LLMDKN_011464	8.8	4.2		
contig_4	129449	129679	-	LLMDKN_011465	8.9	9.3		
contig_4	129688	130083	-	LLMDKN_011466	14.3	9.8		
contig_4	130099	130206	-	LLMDKN_011467	4.2	7.9		
contig_4	130222	130890	-	LLMDKN_011468	24.7	6.0		
contig_4	130964	131386	-	LLMDKN_011469	16.3	6.5		
contig_4	131598	131759	-	LLMDKN_011470	6.3	9.5		
contig_4	132025	132231	+	LLMDKN_011471	8.0	9.9		
contig_4	133359	133553	-	LLMDKN_011472	6.9	6.0		
contig_4	133984	134448	-	LLMDKN_011473	16.4	8.5		
contig_4	134638	134820	+	LLMDKN_011474	6.9	5.2	PF00133.28|tRNA-synt_1	PFAM:PF00133.28
contig_4	135016	135384	+	LLMDKN_011475	14.5	8.9	PF00133.28|tRNA-synt_1	PFAM:PF00133.28
contig_4	135336	135770	+	LLMDKN_011476	15.9	8.3		
contig_4	135709	136104	+	LLMDKN_011477	15.7	7.7		
contig_4	136307	136972	+	LLMDKN_011478	25.9	5.0	PF00133.28|tRNA-synt_1	PFAM:PF00133.28
contig_4	137012	137287	+	LLMDKN_011479	10.5	9.8	PF08264.19|Anticodon_1	PFAM:PF08264.19
contig_4	137284	137583	+	LLMDKN_011480	11.2	9.7		
contig_4	138247	138465	+	LLMDKN_011481	8.0	9.8	PF01258.23|zf-dskA_traR	PFAM:PF01258.23
contig_4	138580	138903	+	LLMDKN_011482	12.8	9.8		
contig_4	138884	139135	+	LLMDKN_011483	9.6	5.8		
contig_4	139077	139439	+	LLMDKN_011484	13.5	9.1		
contig_4	139378	139671	+	LLMDKN_011485	11.2	9.6		
contig_4	139595	139846	-	LLMDKN_011486	9.2	9.3		
contig_4	140409	140612	+	LLMDKN_011487	7.9	5.1		
contig_4	140566	140697	-	LLMDKN_011488	4.9	7.9		
contig_4	140682	140999	-	LLMDKN_011489	11.8	9.8		
contig_4	141660	141761	+	LLMDKN_011490	3.8	11.3		
contig_4	141719	142057	+	LLMDKN_011491	12.4	5.4	PF03544.19|TonB_C	PFAM:PF03544.19
contig_4	142487	142648	+	LLMDKN_011492	6.0	9.2		
contig_4	142794	143054	+	LLMDKN_011493	10.1	7.8		
contig_4	143036	143575	+	LLMDKN_011494	20.3	8.9		
contig_4	143799	144134	+	LLMDKN_011495	12.2	9.7		
contig_4	144106	144411	+	LLMDKN_011496	11.0	7.9	PF01103.29|Omp85	PFAM:PF01103.29
contig_4	144396	144569	+	LLMDKN_011497	6.7	9.5		
contig_4	144523	144780	-	LLMDKN_011498	9.8	6.7		
contig_4	144783	145160	-	LLMDKN_011499	13.6	4.7		
contig_4	145405	145548	-	LLMDKN_011500	5.4	6.5		
contig_4	145701	145880	-	LLMDKN_011501	7.3	9.5		
contig_4	146005	146283	+	LLMDKN_011502	10.9	6.5		
contig_4	146621	146860	-	LLMDKN_011503	9.4	6.3		
contig_4	148210	148356	+	LLMDKN_011505	5.3	9.5		
contig_4	148331	148534	+	LLMDKN_011506	7.6	8.9		
contig_4	148476	148766	+	LLMDKN_011507	11.0	9.4		
contig_4	149862	149996	-	LLMDKN_011508	4.9	6.5		
contig_4	150025	150294	-	LLMDKN_011509	9.6	8.7		
contig_4	151115	151645	-	LLMDKN_011511	20.5	5.3	PF12706.13|Lactamase_B_2	PFAM:PF12706.13
contig_4	151811	152233	+	LLMDKN_011512	15.5	10.1		
contig_4	152182	153123	-	LLMDKN_011513	34.4	9.1		
contig_4	153120	153311	-	LLMDKN_011514	7.1	6.5		
contig_4	153392	154111	-	LLMDKN_011515	27.6	9.3	PF02614.20|UxaC	PFAM:PF02614.20
contig_4	154241	154348	-	LLMDKN_011516	4.1	4.7	PF02614.20|UxaC	PFAM:PF02614.20
contig_4	154320	154622	-	LLMDKN_011517	11.6	6.1	PF02614.20|UxaC	PFAM:PF02614.20
contig_4	154619	154933	-	LLMDKN_011518	12.4	6.0	PF02614.20|UxaC	PFAM:PF02614.20
contig_4	155313	155531	-	LLMDKN_011519	8.3	9.1		
contig_4	155885	156118	-	LLMDKN_011520	8.3	9.2	PF05036.18|SPOR	PFAM:PF05036.18
contig_4	156169	156396	-	LLMDKN_011521	8.5	10.5		
contig_4	156511	156711	-	LLMDKN_011522	7.6	8.2		
contig_4	156807	156920	-	LLMDKN_011523	4.0	4.8	PF18174.6|HU-CCDC81_bac_1	PFAM:PF18174.6
contig_4	157245	157442	+	LLMDKN_011524	7.5	9.3	PF00908.23|dTDP_sugar_isom	PFAM:PF00908.23
contig_4	157439	157639	+	LLMDKN_011525	7.5	4.5	PF00908.23|dTDP_sugar_isom	PFAM:PF00908.23
contig_4	157650	157790	+	LLMDKN_011526	4.9	5.5	PF00070.33|Pyr_redox, PF02558.23|ApbA, PF02737.24|3HCDH_N, PF03721.20|UDPG_MGDP_dh_N	PFAM:PF00070.33, PFAM:PF02558.23, PFAM:PF02737.24, PFAM:PF03721.20
contig_4	157807	157935	+	LLMDKN_011527	4.6	6.0		
contig_4	158094	158564	+	LLMDKN_011528	17.5	8.5	PF00984.24|UDPG_MGDP_dh, PF03721.20|UDPG_MGDP_dh_N	PFAM:PF00984.24, PFAM:PF03721.20
contig_4	158533	158811	+	LLMDKN_011529	10.3	9.3	PF03720.21|UDPG_MGDP_dh_C	PFAM:PF03720.21
contig_4	158778	159086	+	LLMDKN_011530	12.1	9.3	PF03720.21|UDPG_MGDP_dh_C	PFAM:PF03720.21
contig_4	159107	159532	+	LLMDKN_011531	16.5	8.4		
contig_4	159586	159771	+	LLMDKN_011532	7.0	5.5		
contig_4	159768	159908	+	LLMDKN_011533	5.1	7.8		
contig_4	159944	160069	-	LLMDKN_011534	4.8	4.1		
contig_4	160106	160435	-	LLMDKN_011535	12.8	9.2	PF00271.37|Helicase_C	PFAM:PF00271.37
contig_4	160501	161067	-	LLMDKN_011536	20.8	5.6	PF00270.35|DEAD	PFAM:PF00270.35
contig_4	161051	161278	-	LLMDKN_011537	8.4	4.7	PF00270.35|DEAD	PFAM:PF00270.35
contig_4	161321	161566	-	LLMDKN_011538	8.6	8.0	PF08282.18|Hydrolase_3	PFAM:PF08282.18
contig_4	161634	162101	-	LLMDKN_011539	17.9	5.0	PF00702.32|Hydrolase	PFAM:PF00702.32
contig_4	162058	162234	-	LLMDKN_011540	6.5	10.8	PF21086.3|ACT_PSP_2	PFAM:PF21086.3
contig_4	162267	162461	-	LLMDKN_011541	7.2	7.9	PF13740.12|ACT_6	PFAM:PF13740.12
contig_4	162994	163338	+	LLMDKN_011542	13.0	9.1	PF13905.12|Thioredoxin_8	PFAM:PF13905.12
contig_4	163490	163663	-	LLMDKN_011543	6.3	9.7		
contig_4	163630	164370	-	LLMDKN_011544	28.6	9.3		
contig_4	164315	164590	-	LLMDKN_011545	10.9	9.4		
contig_4	164716	165333	-	LLMDKN_011546	23.6	8.1	PF01702.25|TGT	PFAM:PF01702.25
contig_4	165287	165631	-	LLMDKN_011547	12.9	8.8	PF01702.25|TGT	PFAM:PF01702.25
contig_4	165882	166841	-	LLMDKN_011548	35.5	5.9	PF00004.35|AAA, PF05362.19|Lon_C, PF22667.2|Lon_lid	PFAM:PF00004.35, PFAM:PF05362.19, PFAM:PF22667.2
contig_4	166865	167029	-	LLMDKN_011549	5.9	11.1	PF00004.35|AAA	PFAM:PF00004.35
contig_4	167010	167369	-	LLMDKN_011550	13.8	6.5		
contig_4	167339	167926	-	LLMDKN_011551	22.9	5.5		
contig_4	168002	168181	-	LLMDKN_011552	7.0	4.1		
contig_4	168366	168605	+	LLMDKN_011553	8.5	8.9	PF05175.20|MTS	PFAM:PF05175.20
contig_4	168910	169101	-	LLMDKN_011554	7.1	8.0		
contig_4	169703	169939	-	LLMDKN_011556	8.9	9.2		SO:0001217, UniRef:UniRef50_A0A412XUN7
contig_4	170025	170243	-	LLMDKN_011557	8.6	9.9		
contig_4	170406	170681	-	LLMDKN_011558	10.8	9.0	PF08797.16|HIRAN	PFAM:PF08797.16
contig_4	170763	170936	-	LLMDKN_011559	6.6	7.8		
contig_4	171544	171759	-	LLMDKN_011560	8.2	4.5		
contig_4	171907	172002	-	LLMDKN_011561	3.6	10.2		
contig_4	172304	172510	-	LLMDKN_011562	8.3	8.9		
contig_4	172827	173243	-	LLMDKN_011563	15.9	6.3	PF10543.14|ORF6N	PFAM:PF10543.14
contig_4	173269	173397	-	LLMDKN_011564	5.0	9.1	PF10543.14|ORF6N	PFAM:PF10543.14
contig_4	173413	173832	-	LLMDKN_011565	16.4	9.3		
contig_4	173973	174134	-	LLMDKN_011566	6.1	7.8		
contig_4	174572	174937	+	LLMDKN_011567	12.8	4.9		
contig_4	175404	175964	+	LLMDKN_011569	20.8	9.2		
contig_4	176204	176485	+	LLMDKN_011570	11.0	6.1		
contig_4	176551	176889	-	LLMDKN_011571	12.4	9.1		
contig_4	176841	177062	-	LLMDKN_011572	7.6	5.4		
contig_4	177200	177526	+	LLMDKN_011573	12.5	8.6		
contig_4	177766	178173	+	LLMDKN_011574	15.9	7.7	PF13102.12|Phage_int_SAM_5	PFAM:PF13102.12
contig_4	178152	178565	+	LLMDKN_011575	15.8	8.7		
contig_4	178504	178647	+	LLMDKN_011576	5.6	10.1		
contig_4	178674	178823	+	LLMDKN_011577	5.9	10.0		
contig_4	179280	179588	+	LLMDKN_011579	11.7	5.1		
contig_4	180131	180424	+	LLMDKN_011580	11.7	9.5		
contig_4	180478	180636	+	LLMDKN_011581	6.2	4.2		
contig_4	180590	180829	+	LLMDKN_011582	9.0	10.6	PF02810.21|SEC-C	PFAM:PF02810.21
contig_4	180781	180903	+	LLMDKN_011583	4.7	8.3		
contig_4	181572	182048	+	LLMDKN_011584	17.9	6.8		
contig_4	181988	182452	+	LLMDKN_011585	17.6	9.2		
contig_4	182410	182586	+	LLMDKN_011586	6.3	4.1		
contig_4	182610	182795	+	LLMDKN_011587	7.4	9.9		SO:0001217, UniRef:UniRef50_D1JNG1
contig_4	182812	183090	+	LLMDKN_011588	10.4	6.9		
contig_4	183032	183262	+	LLMDKN_011589	9.2	8.6		
contig_4	183412	183915	+	LLMDKN_011590	18.9	9.8		
contig_4	184127	184309	+	LLMDKN_011591	6.7	6.1		
contig_4	184269	184622	+	LLMDKN_011592	13.7	6.5		
contig_4	184612	184770	+	LLMDKN_011593	5.8	8.0		
contig_4	184797	184964	+	LLMDKN_011594	6.3	9.1		
contig_4	185287	185856	+	LLMDKN_011595	21.6	9.2		
contig_4	185874	186407	+	LLMDKN_011596	20.7	7.9		
contig_4	186386	186598	+	LLMDKN_011597	7.5	4.7		
contig_4	186574	187005	+	LLMDKN_011598	15.3	9.2		
contig_4	187134	187727	+	LLMDKN_011599	21.0	4.8		
contig_4	187672	187959	-	LLMDKN_011600	10.4	9.6		
contig_4	188041	188367	+	LLMDKN_011601	12.2	9.1		
contig_4	188418	188795	+	LLMDKN_011602	14.8	4.9		
contig_4	188898	189119	+	LLMDKN_011603	8.5	9.9		
contig_4	189308	189469	+	LLMDKN_011604	5.9	5.0		
contig_4	189578	189910	+	LLMDKN_011605	12.6	10.5		
contig_4	189938	190279	+	LLMDKN_011606	13.1	9.9		
contig_4	190281	190880	+	LLMDKN_011607	22.6	9.5		
contig_4	191136	191792	+	LLMDKN_011608	24.8	9.1		
contig_4	192959	193153	+	LLMDKN_011610	7.1	9.5		
contig_4	193382	193669	+	LLMDKN_011611	11.1	8.8		
contig_4	193932	194798	+	LLMDKN_011612	33.4	7.0		
contig_4	194783	195019	+	LLMDKN_011613	8.8	8.8		
contig_4	195040	195261	+	LLMDKN_011614	8.7	5.3		
contig_4	195252	195608	+	LLMDKN_011615	13.1	9.3		
contig_4	196076	196435	+	LLMDKN_011616	13.2	9.0		
contig_4	196416	196907	-	LLMDKN_011617	18.2	8.8		
contig_4	197119	197412	+	LLMDKN_011618	10.7	6.5		
contig_4	197399	197737	+	LLMDKN_011619	12.5	6.3		
contig_4	197680	197817	+	LLMDKN_011620	5.3	6.5		
contig_4	197814	198128	+	LLMDKN_011621	11.3	9.2	PF08291.16|Peptidase_M15_3	PFAM:PF08291.16
contig_4	199184	199519	+	LLMDKN_011624	13.0	10.0		
contig_4	199504	199788	+	LLMDKN_011625	11.0	10.2		
contig_4	199807	199938	+	LLMDKN_011626	4.8	5.0		
contig_4	199920	200081	+	LLMDKN_011627	5.7	5.0		
contig_4	200081	200479	+	LLMDKN_011628	14.3	11.0		
contig_4	200476	201120	+	LLMDKN_011629	23.5	10.5		
contig_4	201200	201394	+	LLMDKN_011630	6.9	4.8		
contig_4	201391	201684	+	LLMDKN_011631	11.1	6.7		
contig_4	201681	201914	+	LLMDKN_011632	8.9	4.9		
contig_4	201961	202167	+	LLMDKN_011633	7.7	9.6		
contig_4	202109	202777	+	LLMDKN_011634	24.6	9.0		
contig_4	202905	203231	+	LLMDKN_011635	11.7	9.6		
contig_4	203298	203657	+	LLMDKN_011636	13.4	9.6		
contig_4	203893	204777	+	LLMDKN_011637	32.5	9.1		
contig_4	204958	205335	+	LLMDKN_011638	14.7	5.1		
contig_4	205719	206132	+	LLMDKN_011639	15.3	6.4		
contig_4	206457	206786	+	LLMDKN_011640	12.5	5.2		
contig_4	206806	207120	+	LLMDKN_011641	11.0	10.4		
contig_4	207183	207281	+	LLMDKN_011642	3.4	5.4		
contig_4	207673	207921	-	LLMDKN_011643	8.3	9.2		
contig_4	208343	208468	+	LLMDKN_011644	4.8	11.2		
contig_4	208673	208777	+	LLMDKN_011645	4.2	8.1		
contig_4	209386	209631	+	LLMDKN_011646	9.1	9.5		
contig_4	211134	211283	-	LLMDKN_011647	5.5	8.1		
contig_4	211345	211557	+	LLMDKN_011648	8.1	10.1	PF17293.8|Arm-DNA-bind_5	PFAM:PF17293.8
contig_4	211570	212139	+	LLMDKN_011649	20.7	11.4		
contig_4	212620	212784	+	LLMDKN_011650	6.2	9.4	PF17293.8|Arm-DNA-bind_5	PFAM:PF17293.8
contig_5	591	1043	+	LLMDKN_011651	17.7	5.5		
contig_5	1688	1948	+	LLMDKN_011652	10.0	8.9		
contig_5	1983	2450	+	LLMDKN_011653	18.4	8.8		
contig_5	2681	2977	+	LLMDKN_011654	11.9	7.9		
contig_5	2977	3162	+	LLMDKN_011655	7.4	9.7		
contig_5	3524	3694	+	LLMDKN_011657	6.8	4.3		
contig_5	3702	3791	+	LLMDKN_011658	3.7	8.1		
contig_5	3862	4125	+	LLMDKN_011659	10.7	4.5		SO:0001217, UniRef:UniRef50_A0A5N0LC23
contig_5	4184	4342	+	LLMDKN_011660	6.2	9.1	PF20600.3|ExoX-like_C	PFAM:PF20600.3
contig_5	4356	4610	+	LLMDKN_011661	9.8	5.1		
contig_5	5216	5410	+	LLMDKN_011662	7.7	9.3	PF22292.1|DUF6965	PFAM:PF22292.1
contig_5	5648	5776	+	LLMDKN_011663	5.0	4.6		
contig_5	6341	6676	+	LLMDKN_011664	12.7	9.3		
contig_5	6700	6858	+	LLMDKN_011665	6.4	5.7		
contig_5	6822	7010	+	LLMDKN_011666	7.3	5.6		
contig_5	7156	7398	-	LLMDKN_011667	9.7	5.8		
contig_5	7440	7694	-	LLMDKN_011668	9.5	6.5		
contig_5	7727	8050	-	LLMDKN_011669	12.7	5.6		
contig_5	8037	8294	-	LLMDKN_011670	10.0	4.9		
contig_5	8806	9066	-	LLMDKN_011671	10.3	5.5		
contig_5	9550	9705	-	LLMDKN_011672	6.0	11.5		
contig_5	10269	10439	-	LLMDKN_011673	6.9	10.0		
contig_5	10573	11151	+	LLMDKN_011674	22.3	5.0		SO:0001217, UniRef:UniRef50_A0AAE6K893
contig_5	11383	11742	+	LLMDKN_011675	14.3	6.1		
contig_5	12279	12542	+	LLMDKN_011676	10.2	8.6		
contig_5	12709	13086	+	LLMDKN_011677	14.5	4.7		
contig_5	13056	13418	+	LLMDKN_011678	13.7	9.0	PF10412.15|TrwB_AAD_bind	PFAM:PF10412.15
contig_5	13982	14473	+	LLMDKN_011679	19.0	8.5		
contig_5	14696	14950	+	LLMDKN_011681	9.9	7.7		
contig_5	15092	15295	+	LLMDKN_011682	7.6	8.6		
contig_5	15283	15558	+	LLMDKN_011683	10.4	4.8		
contig_5	15621	15881	+	LLMDKN_011684	9.6	9.6	PF05127.20|Helicase_RecD, PF13086.12|AAA_11	PFAM:PF05127.20, PFAM:PF13086.12
contig_5	15992	16174	+	LLMDKN_011685	6.7	5.6	PF13086.12|AAA_11	PFAM:PF13086.12
contig_5	16195	16800	+	LLMDKN_011686	22.6	5.4	PF13087.12|AAA_12	PFAM:PF13087.12
contig_5	16830	17030	+	LLMDKN_011687	8.0	10.0		
contig_5	17014	17352	-	LLMDKN_011688	13.4	8.6		
contig_5	17516	17827	-	LLMDKN_011689	12.0	9.6		
contig_5	17824	18045	-	LLMDKN_011690	8.7	7.8		
contig_5	18268	18810	+	LLMDKN_011691	21.1	7.8		
contig_5	18759	18986	+	LLMDKN_011692	8.6	6.5		
contig_5	19284	19613	+	LLMDKN_011693	12.2	10.6		
contig_5	19776	19898	+	LLMDKN_011694	4.7	6.1	PF00239.26|Resolvase	PFAM:PF00239.26
contig_5	19888	20067	+	LLMDKN_011695	7.3	9.7	PF00239.26|Resolvase	PFAM:PF00239.26
contig_5	20045	20371	+	LLMDKN_011696	11.9	10.0	PF00239.26|Resolvase	PFAM:PF00239.26
contig_5	20838	21032	+	LLMDKN_011697	7.1	5.5		
contig_5	21022	21525	+	LLMDKN_011698	19.0	9.5	PF01640.23|Peptidase_C10	PFAM:PF01640.23
contig_5	21619	21846	+	LLMDKN_011699	8.3	7.8		
contig_5	22111	22383	-	LLMDKN_011700	10.4	9.5		
contig_5	22534	22758	-	LLMDKN_011701	8.8	9.7		
contig_5	23508	23855	-	LLMDKN_011702	12.4	9.6		
contig_5	23861	24079	-	LLMDKN_011703	9.1	9.9		
contig_5	24190	24390	-	LLMDKN_011704	7.7	6.2		
contig_5	24588	24830	-	LLMDKN_011705	9.3	4.5		
contig_5	24867	25109	-	LLMDKN_011706	9.3	4.4		
contig_5	26007	26630	-	LLMDKN_011707	24.1	7.2		
contig_5	26627	26794	-	LLMDKN_011708	6.3	8.1		
contig_5	26871	27068	-	LLMDKN_011709	7.4	6.5		
contig_5	27238	27348	-	LLMDKN_011710	4.4	6.0		
contig_5	27383	27631	-	LLMDKN_011711	9.2	4.4		
contig_5	27906	28124	+	LLMDKN_011712	7.6	9.7		
contig_5	28495	29478	+	LLMDKN_011713	37.1	5.6		
contig_5	29472	29723	+	LLMDKN_011714	9.7	5.7		
contig_5	29917	30246	+	LLMDKN_011715	12.3	9.8		
contig_5	30243	30530	+	LLMDKN_011716	11.0	5.3		
contig_5	30475	30708	+	LLMDKN_011717	8.8	6.5		
contig_5	30668	31156	+	LLMDKN_011718	18.9	8.7		
contig_5	31400	32755	+	LLMDKN_011719	50.9	5.2	PF07980.17|SusD_RagB	PFAM:PF07980.17
contig_5	33039	33128	+	LLMDKN_011720	3.5	6.1		
contig_5	33125	33418	+	LLMDKN_011721	11.2	4.8		
contig_5	33396	33812	+	LLMDKN_011722	15.8	5.3	PF03372.29|Exo_endo_phos	PFAM:PF03372.29
contig_5	34489	34659	-	LLMDKN_011723	6.4	9.3		
contig_5	34659	34904	-	LLMDKN_011724	9.5	5.8		
contig_5	35215	35667	-	LLMDKN_011725	17.3	7.7		
contig_5	35664	35948	-	LLMDKN_011726	10.7	9.1		
contig_5	36382	36768	-	LLMDKN_011727	15.2	4.2		
contig_5	37507	37755	-	LLMDKN_011728	9.3	9.9		
contig_5	37788	37892	-	LLMDKN_011729	3.7	5.4		
contig_5	37895	38341	-	LLMDKN_011730	16.3	5.1		
contig_5	38788	38907	-	LLMDKN_011731	4.4	9.5		
contig_5	38942	39094	-	LLMDKN_011732	5.7	6.5		
contig_5	39407	39577	-	LLMDKN_011733	6.6	8.7		
contig_5	39571	39729	-	LLMDKN_011734	6.1	9.6		
contig_5	39939	40619	-	LLMDKN_011735	25.9	9.1		
contig_5	40622	41110	-	LLMDKN_011736	18.4	6.1		
contig_5	41133	42107	-	LLMDKN_011737	37.8	5.3		
contig_5	42055	42291	-	LLMDKN_011738	8.8	6.9		
contig_5	42312	42572	-	LLMDKN_011739	9.5	8.1		
contig_5	42699	42896	+	LLMDKN_011740	7.5	7.7		
contig_5	42943	43281	-	LLMDKN_011741	13.1	7.7		
contig_5	43313	43546	-	LLMDKN_011742	9.1	5.8	PF08989.15|DUF1896	PFAM:PF08989.15
contig_5	43959	44204	-	LLMDKN_011743	9.4	5.1		
contig_5	44231	44461	-	LLMDKN_011744	8.7	6.6		
contig_5	44561	44791	-	LLMDKN_011745	8.7	8.0		
contig_5	44845	45279	-	LLMDKN_011746	16.4	6.3	PF13475.11|DUF4116	PFAM:PF13475.11
contig_5	45565	45894	-	LLMDKN_011747	12.4	6.3		
contig_5	45849	46133	-	LLMDKN_011748	10.9	8.9		
contig_5	46176	46535	-	LLMDKN_011749	13.6	6.2		
contig_5	46603	47022	-	LLMDKN_011750	16.2	9.0	PF08401.16|ArdcN	PFAM:PF08401.16
contig_5	47015	47218	-	LLMDKN_011751	8.1	4.3		
contig_5	47360	47662	-	LLMDKN_011752	11.8	6.4		
contig_5	47646	47870	-	LLMDKN_011753	8.7	9.7		
contig_5	47867	48463	-	LLMDKN_011754	23.0	5.5		
contig_5	48683	48862	-	LLMDKN_011755	6.7	5.1		
contig_5	48840	49160	-	LLMDKN_011756	11.6	5.7		
contig_5	49218	49370	-	LLMDKN_011757	6.2	9.0		
contig_5	49991	50218	-	LLMDKN_011758	8.5	5.1		
contig_5	50206	50379	-	LLMDKN_011759	6.4	9.5	PF01656.29|CbiA, PF09140.17|MipZ, PF13614.12|AAA_31	PFAM:PF01656.29, PFAM:PF09140.17, PFAM:PF13614.12
contig_5	50462	50725	-	LLMDKN_011760	10.4	9.5		
contig_5	50837	51220	-	LLMDKN_011761	14.7	5.3		
contig_5	51524	51958	+	LLMDKN_011762	17.5	9.5		
contig_5	51972	52109	+	LLMDKN_011763	5.4	4.9		
contig_5	52429	52686	+	LLMDKN_011764	10.2	11.5		
contig_5	52903	53721	+	LLMDKN_011765	31.2	10.2	PF07282.18|Cas12f1-like_TNB	PFAM:PF07282.18
contig_5	53807	54496	+	LLMDKN_011766	26.5	7.6	PF13102.12|Phage_int_SAM_5	PFAM:PF13102.12
contig_5	54989	55102	-	LLMDKN_011767	4.2	4.7		
contig_5	56088	56351	+	LLMDKN_011769	10.3	8.8		
contig_5	56600	56806	+	LLMDKN_011770	7.8	8.0		
contig_5	56899	57129	+	LLMDKN_011771	8.9	9.3		
contig_5	57594	57812	+	LLMDKN_011772	8.3	9.9		
contig_5	57767	58081	+	LLMDKN_011773	12.1	5.0		
contig_5	58081	58278	+	LLMDKN_011774	7.7	9.5		
contig_5	58278	59459	+	LLMDKN_011775	45.7	6.1	PF07719.23|TPR_2, PF13181.12|TPR_8	PFAM:PF07719.23, PFAM:PF13181.12
contig_5	59475	59951	+	LLMDKN_011776	17.8	4.6		
contig_5	59900	60325	+	LLMDKN_011777	15.6	5.3		
contig_5	60351	60539	+	LLMDKN_011778	6.9	4.8		
contig_5	61311	61589	+	LLMDKN_011780	10.6	5.3		
contig_5	61634	61924	+	LLMDKN_011781	11.2	8.0		
contig_5	62009	62491	+	LLMDKN_011782	17.1	4.7		
contig_5	62436	63977	+	LLMDKN_011783	53.4	9.4	PF01717.24|Meth_synt_2, PF13004.13|BACON	PFAM:PF01717.24, PFAM:PF13004.13
contig_5	63983	64228	+	LLMDKN_011784	8.9	4.9		
contig_5	64225	64323	+	LLMDKN_011785	3.8	4.1		
contig_5	64320	64514	+	LLMDKN_011786	6.6	5.0		
contig_5	64480	64674	+	LLMDKN_011787	7.5	7.9		
contig_5	64781	65011	+	LLMDKN_011788	8.5	10.1		
contig_5	65102	65350	+	LLMDKN_011789	9.3	9.6		
contig_5	65421	65744	+	LLMDKN_011790	12.5	9.9		
contig_5	65787	65996	+	LLMDKN_011791	8.4	9.7		
contig_5	66076	66213	+	LLMDKN_011792	5.4	5.3		
contig_5	66170	66685	+	LLMDKN_011793	20.1	7.7		
contig_5	66658	66900	+	LLMDKN_011794	9.2	8.6		
contig_5	66876	67367	+	LLMDKN_011795	18.7	6.1		
contig_5	67431	67769	+	LLMDKN_011796	12.9	8.9		
contig_5	68410	68913	+	LLMDKN_011798	18.4	4.6		
contig_5	68913	69191	+	LLMDKN_011799	10.3	8.9		
contig_5	69329	69934	-	LLMDKN_011800	22.9	9.8	PF07282.18|Cas12f1-like_TNB	PFAM:PF07282.18
contig_5	70082	70348	-	LLMDKN_011801	10.2	9.8		
contig_5	70477	70683	+	LLMDKN_011802	7.7	10.2		
contig_5	71436	71792	+	LLMDKN_011804	13.3	5.0		
contig_5	72012	72197	+	LLMDKN_011805	7.1	9.6	PF12508.14|Transposon_TraM	PFAM:PF12508.14
contig_5	72163	72294	+	LLMDKN_011806	4.2	9.7		
contig_5	72534	72758	+	LLMDKN_011807	8.3	7.9		
contig_5	72722	73285	+	LLMDKN_011808	21.6	9.6		
contig_5	73382	73507	+	LLMDKN_011809	4.8	9.7		
contig_5	74017	74397	+	LLMDKN_011811	14.9	8.5		
contig_5	74977	75279	+	LLMDKN_011812	10.6	6.5	PF18998.6|Flg_new_2	PFAM:PF18998.6
contig_5	75764	76024	+	LLMDKN_011813	10.1	7.9		
contig_5	76163	76402	+	LLMDKN_011814	9.2	9.1		
contig_5	76585	77016	+	LLMDKN_011815	16.4	8.6		
contig_5	77003	77254	+	LLMDKN_011816	9.7	6.3		
contig_5	77403	77924	+	LLMDKN_011817	20.3	5.1		
contig_5	77909	78217	+	LLMDKN_011818	12.4	6.1		
contig_6	1	123	-	LLMDKN_011819	4.7	11.8		
contig_6	130	507	+	LLMDKN_011820	14.8	9.3		
contig_6	1045	1224	-	LLMDKN_011821	6.7	6.6		
contig_6	1424	1927	-	LLMDKN_011822	19.5	5.7		
contig_6	1964	2308	-	LLMDKN_011823	13.2	5.6		
contig_6	2284	2505	-	LLMDKN_011824	8.4	7.8		
contig_6	2619	2804	-	LLMDKN_011825	6.5	4.5		SO:0001217, UniRef:UniRef50_A0A415SFC0
contig_6	2849	3067	-	LLMDKN_011826	8.2	9.8		
contig_6	3165	3623	-	LLMDKN_011827	18.2	9.6	PF01051.27|Rep3_N, PF21205.3|Rep3_C	PFAM:PF01051.27, PFAM:PF21205.3
contig_6	3673	3861	+	LLMDKN_011828	7.4	6.9		
contig_6	4027	4227	-	LLMDKN_011829	8.2	10.0		
contig_6	4235	4516	+	LLMDKN_011830	11.2	9.5		
contig_6	4965	5219	+	LLMDKN_011832	9.6	7.6		
contig_6	5306	5434	+	LLMDKN_011833	4.8	9.6		
contig_6	5400	6386	+	LLMDKN_011834	37.9	8.4		
contig_6	6332	6604	+	LLMDKN_011835	10.3	9.8		
contig_6	6594	6806	+	LLMDKN_011836	8.4	6.1		
contig_6	6718	7212	-	LLMDKN_011837	19.1	9.5	PF20240.3|DUF6597	PFAM:PF20240.3
contig_6	8034	8720	+	LLMDKN_011839	25.6	9.2		
contig_6	9375	9572	-	LLMDKN_011840	7.5	9.2		
contig_6	9772	10275	-	LLMDKN_011841	19.5	5.7		
contig_6	10332	10634	-	LLMDKN_011842	11.6	6.0		
contig_6	10970	11113	-	LLMDKN_011843	5.1	4.2		
contig_6	11122	11379	-	LLMDKN_011844	10.3	9.9		
contig_7	307	627	+	LLMDKN_011845	12.0	7.8	PF20240.3|DUF6597	PFAM:PF20240.3
contig_7	673	1266	-	LLMDKN_011846	22.5	9.4		
contig_7	1678	1881	-	LLMDKN_011847	7.9	7.9		
contig_7	2729	2974	-	LLMDKN_011849	9.6	9.4		
contig_7	3350	3583	-	LLMDKN_011850	9.0	9.6		
contig_7	3633	4091	+	LLMDKN_011851	18.2	9.6	PF01051.27|Rep3_N, PF21205.3|Rep3_C	PFAM:PF01051.27, PFAM:PF21205.3
contig_7	4186	4383	+	LLMDKN_011852	7.5	5.7		
contig_7	4432	4632	+	LLMDKN_011853	7.1	4.5		SO:0001217, UniRef:UniRef50_A0A415SFC0
contig_7	4929	5114	+	LLMDKN_011854	6.9	10.3		
contig_7	5111	5284	+	LLMDKN_011855	6.9	6.6		
contig_7	5321	5611	+	LLMDKN_011856	11.1	5.1		
contig_7	5574	5744	+	LLMDKN_011857	6.8	6.5		
contig_7	6020	6217	+	LLMDKN_011858	7.5	9.2		
contig_7	6874	7077	-	LLMDKN_011859	7.4	6.1		
contig_7	7088	7525	+	LLMDKN_011860	16.4	9.6		
contig_7	7809	8096	+	LLMDKN_011861	10.9	7.7	PF01243.27|PNPOx_N	PFAM:PF01243.27
contig_7	8071	8262	+	LLMDKN_011862	7.3	8.1		
contig_7	8482	9051	+	LLMDKN_011863	21.3	9.1	PF20240.3|DUF6597	PFAM:PF20240.3
contig_7	9190	9570	-	LLMDKN_011864	14.3	8.6		
contig_7	9664	10092	-	LLMDKN_011865	16.1	9.7		
contig_7	10693	10917	-	LLMDKN_011866	8.6	9.8		
contig_7	10999	11217	-	LLMDKN_011867	8.4	4.9		
contig_8	2	271	+	LLMDKN_011868	10.4	8.8		
contig_8	296	589	+	LLMDKN_011869	11.2	10.2		
contig_8	3367	3585	-	LLMDKN_011870	8.5	9.5		
contig_8	3616	3795	-	LLMDKN_011871	6.9	6.5		
contig_8	4042	4626	-	LLMDKN_011872	22.1	10.6		
contig_8	5387	5707	+	LLMDKN_011873	11.9	9.7		
contig_8	6279	6536	+	LLMDKN_011874	9.6	9.4		
contig_8	6533	6754	+	LLMDKN_011875	8.4	7.9		
contig_8	7179	7358	-	LLMDKN_011876	7.1	10.3		
contig_8	7463	7672	-	LLMDKN_011877	8.0	9.7		
contig_8	8014	8472	+	LLMDKN_011878	17.2	7.9		
contig_8	9666	10016	-	LLMDKN_011879	13.9	7.7		
contig_9	1025	1198	+	LLMDKN_011880	6.6	4.1		
contig_9	1134	1460	-	LLMDKN_011881	12.2	9.5		
contig_9	1493	1630	-	LLMDKN_011882	5.2	9.7		
contig_9	1748	2119	-	LLMDKN_011883	14.0	8.8		
contig_9	2116	2382	-	LLMDKN_011884	10.2	9.7		
contig_9	2375	2536	-	LLMDKN_011885	6.0	4.6		
contig_9	2703	2858	+	LLMDKN_011886	5.9	7.8		
contig_9	2845	3015	+	LLMDKN_011887	6.8	9.6		
contig_9	3149	3304	+	LLMDKN_011888	6.1	7.8		
contig_9	3304	3492	+	LLMDKN_011889	7.6	6.8		
contig_9	4105	4305	+	LLMDKN_011890	7.0	4.5		SO:0001217, UniRef:UniRef50_A0A415SFC0
contig_9	4637	4939	+	LLMDKN_011891	11.5	5.6		
contig_9	4999	5502	+	LLMDKN_011892	19.5	5.7		
contig_9	6548	6790	-	LLMDKN_011893	9.0	9.0		
contig_9	6750	7049	-	LLMDKN_011894	11.3	8.1		
contig_9	7826	7939	+	LLMDKN_011896	4.4	7.9		
contig_9	8125	8421	+	LLMDKN_011897	11.5	8.9	PF20240.3|DUF6597	PFAM:PF20240.3
contig_9	8404	8661	-	LLMDKN_011898	9.7	6.6		
contig_9	8721	9032	-	LLMDKN_011899	11.7	9.7		
contig_9	9032	9142	-	LLMDKN_011900	4.0	9.0		
contig_9	9200	9478	-	LLMDKN_011901	10.6	9.4		
contig_10	2	244	-	LLMDKN_011902	9.3	5.7		
contig_10	538	1119	-	LLMDKN_011903	21.7	9.4		
contig_10	1741	1863	+	LLMDKN_011904	4.6	9.4		
contig_10	1860	2312	+	LLMDKN_011905	16.9	9.0		
contig_10	2309	2488	+	LLMDKN_011906	6.4	9.4		
contig_10	2633	2872	+	LLMDKN_011907	9.4	7.9		
contig_10	3021	3242	+	LLMDKN_011908	8.5	6.7		
contig_10	3363	3638	-	LLMDKN_011909	10.8	9.2		
contig_10	3742	3939	-	LLMDKN_011910	7.5	6.7		
contig_10	3959	4168	-	LLMDKN_011911	8.1	7.7		
contig_10	4125	4271	-	LLMDKN_011912	5.8	7.9		
contig_10	4632	4880	+	LLMDKN_011913	9.3	10.1		
contig_10	4898	5029	+	LLMDKN_011914	5.0	6.8		
contig_10	5112	5408	+	LLMDKN_011915	11.9	10.3		
contig_10	5810	6055	-	LLMDKN_011916	9.0	5.3		
contig_10	6184	6648	-	LLMDKN_011917	18.2	6.3		
contig_10	6728	7087	-	LLMDKN_011918	13.7	5.6		
contig_10	7844	8023	-	LLMDKN_011919	7.0	9.0	PF21205.3|Rep3_C	PFAM:PF21205.3
contig_10	8221	8517	+	LLMDKN_011920	11.1	9.3		
contig_10	8459	8599	-	LLMDKN_011921	5.6	10.1		
contig_10	8678	8923	-	LLMDKN_011922	9.7	9.1		
contig_10	8880	9332	-	LLMDKN_011923	17.1	10.0		
contig_11	1	93	-	LLMDKN_011924	3.5	10.3		
contig_11	470	835	+	LLMDKN_011925	13.7	10.0		
contig_11	853	1359	+	LLMDKN_011926	19.7	9.5		
contig_11	1708	1866	-	LLMDKN_011927	6.3	9.6		
contig_11	2133	2636	-	LLMDKN_011928	19.5	5.7		
contig_11	2673	3017	-	LLMDKN_011929	13.2	5.6		
contig_11	3247	3393	+	LLMDKN_011930	5.5	4.9		
contig_11	3420	3527	-	LLMDKN_011931	3.8	4.4		
contig_11	4089	4484	-	LLMDKN_011932	15.4	6.1	PF01051.27|Rep3_N	PFAM:PF01051.27
contig_11	5250	5507	+	LLMDKN_011934	9.9	9.8		
contig_11	6006	6119	+	LLMDKN_011935	4.2	9.8		
contig_11	6126	6500	+	LLMDKN_011936	14.2	9.2		
contig_11	6600	6749	+	LLMDKN_011937	5.5	6.2		
contig_11	6923	7078	+	LLMDKN_011938	6.0	8.1		
contig_11	7231	7512	+	LLMDKN_011939	11.1	10.6		
contig_11	7405	7881	-	LLMDKN_011940	18.7	9.6	PF20240.3|DUF6597	PFAM:PF20240.3
contig_11	8023	8205	-	LLMDKN_011941	6.8	5.6		
contig_11	8196	8336	-	LLMDKN_011942	5.4	4.7		
contig_11	8323	8463	-	LLMDKN_011943	5.1	7.8		
contig_12	399	653	+	LLMDKN_011944	9.5	9.7		
contig_12	1319	1531	+	LLMDKN_011945	8.3	10.5		
contig_12	1685	1894	+	LLMDKN_011946	8.2	6.7		
contig_12	2418	2600	-	LLMDKN_011947	6.8	5.6		
contig_12	2591	2869	-	LLMDKN_011948	10.7	6.8	PF01243.27|PNPOx_N	PFAM:PF01243.27
contig_12	3105	3464	+	LLMDKN_011949	13.8	10.0		
contig_12	3590	4027	+	LLMDKN_011950	17.0	9.4		
contig_12	4417	4695	-	LLMDKN_011951	10.5	7.7		
contig_12	4838	5158	-	LLMDKN_011952	12.7	8.5		
contig_12	5398	5736	-	LLMDKN_011953	12.9	6.6		
contig_12	6033	6230	-	LLMDKN_011954	7.1	4.5		SO:0001217, UniRef:UniRef50_A0A415SFC0
contig_12	6992	7234	-	LLMDKN_011955	9.3	4.8		
contig_12	7312	7830	-	LLMDKN_011956	20.2	10.2		
contig_12	8046	8219	+	LLMDKN_011957	6.9	6.0		
contig_12	8204	8374	-	LLMDKN_011958	6.2	9.1		
contig_13	1	90	-	LLMDKN_011959	3.4	9.2		
contig_13	677	820	-	LLMDKN_011960	5.3	4.1		
contig_13	1449	1667	+	LLMDKN_011961	8.6	8.8		
contig_13	2802	2960	-	LLMDKN_011962	6.1	6.5		
contig_13	3117	3395	+	LLMDKN_011963	11.0	9.7		
contig_13	3399	3611	+	LLMDKN_011964	8.1	5.8		
contig_13	3755	3988	+	LLMDKN_011965	8.8	9.6		
contig_13	4714	5070	+	LLMDKN_011966	13.7	9.2		
contig_13	5152	5358	-	LLMDKN_011967	8.3	9.8		
contig_13	5818	6117	-	LLMDKN_011968	10.6	5.4		
contig_13	6768	6992	-	LLMDKN_011969	8.7	6.7		
contig_13	7424	7594	-	LLMDKN_011970	6.8	8.7		
contig_13	8205	8357	+	LLMDKN_011971	6.0	9.8		
contig_14	260	433	-	LLMDKN_011972	6.4	9.6		
contig_14	463	744	+	LLMDKN_011973	10.7	8.0		
contig_14	860	1060	+	LLMDKN_011974	7.6	10.2		
contig_14	1158	1682	-	LLMDKN_011975	19.6	9.9	PF20240.3|DUF6597	PFAM:PF20240.3
contig_14	1928	2077	-	LLMDKN_011976	5.8	6.7		
contig_14	2173	2349	-	LLMDKN_011977	6.9	9.8		
contig_14	2516	2689	+	LLMDKN_011978	6.8	9.5		
contig_14	2804	3202	+	LLMDKN_011979	15.4	9.9		
contig_14	3284	3847	+	LLMDKN_011980	21.8	9.9		
contig_14	3958	4374	-	LLMDKN_011981	16.2	10.6		
contig_14	4349	4522	-	LLMDKN_011982	6.9	9.2		
contig_14	4491	4670	-	LLMDKN_011983	7.0	5.6		
contig_14	6474	6698	-	LLMDKN_011984	8.5	5.2		
contig_14	6784	7362	-	LLMDKN_011985	22.4	9.5		
contig_14	7503	7787	+	LLMDKN_011986	10.1	5.2		
contig_15	1	129	+	LLMDKN_011987	5.1	9.4		
contig_15	194	364	+	LLMDKN_011988	6.9	9.8		
contig_15	324	875	+	LLMDKN_011989	20.9	9.0	PF20240.3|DUF6597	PFAM:PF20240.3
contig_15	859	1197	-	LLMDKN_011990	12.8	9.9		
contig_15	1599	1922	-	LLMDKN_011991	12.5	9.7		
contig_15	2593	2850	-	LLMDKN_011992	9.8	7.7		
contig_15	3016	3489	+	LLMDKN_011993	18.4	9.5		
contig_15	3561	3842	+	LLMDKN_011994	10.6	7.6		
contig_15	4574	4771	+	LLMDKN_011995	7.1	4.5		SO:0001217, UniRef:UniRef50_A0A415SFC0
contig_15	5107	5430	+	LLMDKN_011996	12.5	6.0		
contig_15	5470	5973	+	LLMDKN_011997	19.5	5.7		
contig_15	5948	6352	+	LLMDKN_011998	15.2	7.8		
contig_15	6294	6497	-	LLMDKN_011999	8.2	9.0		
contig_15	6607	6900	-	LLMDKN_012000	11.5	10.1		
contig_15	7019	7222	-	LLMDKN_012001	7.7	9.8		
contig_15	7222	7707	-	LLMDKN_012002	18.1	9.1		
contig_15	8021	8224	+	LLMDKN_012003	7.8	8.6		
contig_16	304	687	+	LLMDKN_012004	14.7	9.4		
contig_16	630	938	+	LLMDKN_012005	11.9	9.7		
contig_16	1481	1723	-	LLMDKN_012006	9.4	9.7		
contig_16	1698	2177	-	LLMDKN_012007	18.8	6.3		
contig_16	2237	2584	-	LLMDKN_012008	13.5	10.2		
contig_16	2914	3036	-	LLMDKN_012009	4.5	4.4		
contig_16	3347	3658	-	LLMDKN_012010	12.2	9.4	PF21205.3|Rep3_C	PFAM:PF21205.3
contig_16	3851	4174	-	LLMDKN_012011	12.6	6.8		
contig_16	4544	4789	+	LLMDKN_012012	9.6	9.4		
contig_16	5546	5830	+	LLMDKN_012014	10.9	8.7		
contig_16	5799	6149	+	LLMDKN_012015	13.4	9.8		
contig_16	6165	6437	+	LLMDKN_012016	10.2	4.8		
contig_16	6409	6624	+	LLMDKN_012017	7.8	7.9		
contig_16	6864	7040	+	LLMDKN_012018	6.8	5.0		
contig_16	6952	7365	-	LLMDKN_012019	15.7	9.4	PF20240.3|DUF6597	PFAM:PF20240.3
contig_16	7553	7738	-	LLMDKN_012020	7.2	9.7		
contig_16	7719	7847	-	LLMDKN_012021	4.9	4.2		
contig_17	2	112	+	LLMDKN_012022	4.5	9.1		
contig_17	172	468	+	LLMDKN_012023	11.6	9.1	PF01051.27|Rep3_N	PFAM:PF01051.27
contig_17	517	648	+	LLMDKN_012024	5.1	5.2	PF21205.3|Rep3_C	PFAM:PF21205.3
contig_17	593	766	+	LLMDKN_012025	6.5	9.5		
contig_17	811	1086	+	LLMDKN_012026	10.8	10.1		
contig_17	1288	1473	+	LLMDKN_012027	7.0	7.9		
contig_17	1539	1805	+	LLMDKN_012028	10.4	10.0		
contig_17	1885	2343	+	LLMDKN_012029	18.0	7.7		
contig_17	3341	3499	-	LLMDKN_012030	6.1	4.6		
contig_17	3517	4092	-	LLMDKN_012031	21.7	9.3		
contig_17	4472	4780	+	LLMDKN_012032	11.7	5.4		
contig_17	4975	5457	+	LLMDKN_012033	18.4	9.0	PF20240.3|DUF6597	PFAM:PF20240.3
contig_17	5309	5659	-	LLMDKN_012034	13.6	10.2		
contig_17	6185	6373	-	LLMDKN_012035	7.2	9.6		
contig_17	6391	6696	-	LLMDKN_012036	12.0	9.3		
contig_17	7387	7533	-	LLMDKN_012037	5.7	9.2		
contig_18	925	1497	+	LLMDKN_012039	21.3	8.6		
contig_18	1429	1986	-	LLMDKN_012040	21.0	9.9		
contig_18	2525	2779	-	LLMDKN_012041	10.1	9.5		
contig_18	2789	3241	+	LLMDKN_012042	17.5	9.8		
contig_18	4858	5127	+	LLMDKN_012043	9.9	9.7		
contig_18	5800	6141	+	LLMDKN_012044	12.9	9.8		
contig_18	6899	7081	-	LLMDKN_012045	6.9	4.8		
contig_19	565	684	-	LLMDKN_012046	4.7	4.3		
contig_19	951	1232	+	LLMDKN_012047	11.0	11.1		
contig_19	1257	1403	+	LLMDKN_012048	5.4	9.5		
contig_19	1819	2238	-	LLMDKN_012049	16.1	10.1		
contig_19	2958	3119	-	LLMDKN_012050	6.1	5.0		
contig_19	3074	3301	-	LLMDKN_012051	8.6	5.8		
contig_19	3347	3589	-	LLMDKN_012052	9.1	9.3		
contig_19	4393	4626	+	LLMDKN_012053	8.7	9.9		
contig_19	4694	4906	-	LLMDKN_012054	8.3	5.4		
contig_19	4896	5057	-	LLMDKN_012055	6.5	9.2		
contig_19	5067	5321	-	LLMDKN_012056	9.8	10.8		
contig_19	5895	6182	+	LLMDKN_012057	10.8	9.3		
contig_19	6654	6941	-	LLMDKN_012058	10.6	6.7		
contig_19	6928	7107	-	LLMDKN_012059	6.8	5.7		
contig_19	7656	7826	+	LLMDKN_012060	6.7	10.7		
contig_20	240	371	-	LLMDKN_012061	4.8	9.5		
contig_20	864	1262	+	LLMDKN_012062	15.5	10.0		
contig_20	1291	1497	+	LLMDKN_012063	7.6	7.9		
contig_20	2724	3026	+	LLMDKN_012064	11.9	9.7		
contig_20	3252	3452	+	LLMDKN_012065	7.3	4.8		
contig_20	4155	4388	-	LLMDKN_012066	9.0	8.9		
contig_20	5096	5272	+	LLMDKN_012067	6.6	9.3		
contig_20	5244	5729	+	LLMDKN_012068	18.2	9.9		
contig_21	32	259	+	LLMDKN_012069	8.8	9.2		
contig_21	388	711	-	LLMDKN_012070	12.1	4.9		
contig_21	780	923	-	LLMDKN_012071	5.0	9.4		
contig_21	963	1163	-	LLMDKN_012072	7.6	8.6		
contig_21	1734	2108	-	LLMDKN_012073	14.5	4.8		
contig_21	2111	2275	-	LLMDKN_012074	6.3	6.4		
contig_21	2311	2784	-	LLMDKN_012075	18.1	9.9		
contig_21	3012	3182	+	LLMDKN_012076	6.3	10.0		
contig_21	3371	3682	-	LLMDKN_012077	12.7	7.8		
contig_21	3750	3986	-	LLMDKN_012078	8.8	9.8	PF02452.23|PemK_toxin	PFAM:PF02452.23
contig_21	4695	5264	+	LLMDKN_012080	21.9	6.2	PF03432.20|Relaxase	PFAM:PF03432.20
contig_21	5377	5637	+	LLMDKN_012081	9.9	9.9		
