assemblyΩ1_628	UniRef100_Q64WG0~K06894	91.4	1863	156	2	1	1862	1	1860	0.0	3437
assemblyΩ1_1940	UniRef100_A0A221JK66~K00265	89.2	1516	160	2	1	1514	1	1515	0.0	2633
assemblyΩ1_3048	UniRef100_A0A139T344~K15726	94.1	1439	85	0	1	1439	1	1439	0.0	2553
assemblyΩ1_3455	UniRef100_Q5L898~K03046	99.7	1427	4	0	1	1427	1	1427	0.0	2748
assemblyΩ1_1994	UniRef100_Q64SU0~K02230	93.8	1439	71	1	1	1421	1	1439	0.0	2586
assemblyΩ1_2530	UniRef100_A0A1G1TV42~K01190	97.2	1341	38	0	1	1341	1	1341	0.0	2684
assemblyΩ3_41	UniRef100_A0A0E2ATW9~K02337	97.9	1298	27	0	1	1298	1	1298	0.0	2545
assemblyΩ1_3456	UniRef100_Q5L897~K03043	99.8	1270	2	0	1	1270	1	1270	0.0	2487
assemblyΩ1_2747	UniRef100_A0A016E482~K07787	94.4	1237	69	0	1	1237	1	1237	0.0	2269
assemblyΩ1_4102	UniRef100_G8XBE4~K03427	53.3	1273	552	17	3	1240	1	1265	0.0	1260
assemblyΩ1_2466	UniRef100_Q5LAM4~K01952	98.1	1234	23	0	1	1234	16	1249	0.0	2448
assemblyΩ1_19	UniRef100_Q64YD9~K01190	95.1	1184	58	0	34	1217	1	1184	0.0	2260
assemblyΩ1_4055	UniRef100_A0A139SYD2~K01191	96.4	1205	43	0	1	1205	1	1205	0.0	2388
assemblyΩ1_2482	UniRef100_A0A0K6BWL1~K03737	99.1	1184	11	0	1	1184	1	1184	0.0	2380
assemblyΩ1_3390	UniRef100_Q1CRG0~K00571	36.5	1213	635	29	27	1181	29	1164	8.65e-213	654
assemblyΩ1_3249	UniRef100_A0A127AYQ9~K21573	31.2	1059	602	40	150	1146	33	1026	6.54e-125	415
assemblyΩ1_2971	UniRef100_A0A173VRK9~K13821	82.2	1141	203	0	3	1143	6	1146	0.0	1930
assemblyΩ1_160	UniRef100_W0ET35~K10742	40.6	996	504	20	176	1137	1	942	6.30e-212	641
assemblyΩ1_1551	UniRef100_Q5LCU8~K01870	97.1	1141	33	0	1	1141	1	1141	0.0	2277
assemblyΩ1_38	UniRef100_H8KRZ8~K02014	32.8	1115	620	32	118	1137	17	1097	6.86e-157	502
assemblyΩ1_217	UniRef100_A0A127AYQ9~K21573	32.2	1058	610	36	132	1136	23	1026	1.40e-128	424
assemblyΩ1_4336	UniRef100_A0A0E2AM14~K21573	33.1	1080	556	32	113	1135	32	1002	1.79e-147	474
assemblyΩ1_1652	UniRef100_A0A0P0FUY0~K21573	30.0	1055	589	41	129	1134	26	980	5.24e-99	343
assemblyΩ1_219	UniRef100_A0A127AYQ9~K21573	31.6	1055	621	35	129	1130	20	1026	3.30e-129	426
assemblyΩ1_3515	UniRef100_Q93TH9~K02014	30.1	1134	626	34	129	1129	26	1125	9.59e-137	449
assemblyΩ1_1157	UniRef100_A0A127AYQ9~K21573	31.0	1051	623	31	133	1127	22	1026	2.19e-130	429
assemblyΩ1_3111	UniRef100_A0A127AYQ9~K21573	30.6	1044	630	28	138	1126	23	1026	7.84e-132	433
assemblyΩ1_322	UniRef100_A0A127AYQ9~K21573	32.3	1046	609	30	138	1126	23	1026	5.73e-144	465
assemblyΩ1_2245	UniRef100_A0A015S2Q2~K03723	97.9	1125	24	0	1	1125	1	1125	0.0	2174
assemblyΩ1_1076	UniRef100_Q93TH9~K02014	98.1	1125	21	0	1	1125	1	1125	0.0	2231
assemblyΩ1_4090	UniRef100_A0A0H4VLB0~K21573	30.3	1131	593	40	51	1117	22	1021	7.07e-109	370
assemblyΩ1_198	UniRef100_E1WLW6~K01190	96.3	1111	41	0	1	1111	1	1111	0.0	2234
assemblyΩ1_328	UniRef100_A0A1G1U6I2~K03070	99.1	1109	10	0	1	1109	1	1109	0.0	2109
assemblyΩ1_211	UniRef100_A0A127AYQ9~K21573	32.6	1037	609	32	129	1105	20	1026	5.98e-138	449
assemblyΩ1_215	UniRef100_A0A0P0GN69~K21573	30.0	1056	617	33	118	1103	44	1047	1.01e-112	381
assemblyΩ1_534	UniRef100_H8KRZ8~K02014	30.3	1118	616	33	110	1098	12	1095	7.19e-114	385
assemblyΩ1_4370	UniRef100_A0A127AYQ9~K21573	33.8	1039	593	34	115	1093	23	1026	5.57e-150	480
assemblyΩ1_3256	UniRef100_Q8A7W6~K08676	48.6	1104	546	14	1	1090	1	1097	0.0	952
assemblyΩ1_3862	UniRef100_Q8A7W6~K08676	75.1	1103	256	4	1	1086	1	1101	0.0	1600
assemblyΩ1_2791	UniRef100_H8KRZ8~K02014	31.0	983	533	30	110	991	15	953	2.18e-100	348
assemblyΩ1_3627	UniRef100_A0A127AYQ9~K21573	30.2	1090	612	39	59	1086	24	1026	5.09e-118	395
assemblyΩ1_1761	UniRef100_A0A017NIW8~K08676	97.2	1077	30	0	1	1077	1	1077	0.0	2125
assemblyΩ1_1936	UniRef100_A0A015SHU3~K01955	98.6	1076	15	0	1	1076	1	1076	0.0	2100
assemblyΩ1_3308	UniRef100_A0A149NRN0~K01955	99.2	1073	9	0	1	1073	6	1078	0.0	2093
assemblyΩ1_2719	UniRef100_A0A078T3M4~K03296	81.4	1061	197	0	1	1061	1	1061	0.0	1680
assemblyΩ1_3930	UniRef100_A0A0K6BNM4~K03296	93.7	1067	67	0	1	1067	1	1067	0.0	1918
assemblyΩ1_3752	UniRef100_A0A127AYQ9~K21573	31.0	1069	618	29	50	1063	23	1026	2.71e-142	459
assemblyΩ1_155	UniRef100_A0A127AYQ9~K21573	30.1	1098	657	31	1	1060	1	1025	4.07e-125	413
assemblyΩ1_2587	UniRef100_A0A127AYQ9~K21573	32.0	1055	612	35	58	1059	24	1026	9.02e-133	434
assemblyΩ1_3559	UniRef100_A0A0H4VLB0~K21573	31.2	1078	647	32	17	1056	1	1021	9.13e-121	401
assemblyΩ1_3403	UniRef100_A0A016E2A2~K03296	99.2	1052	8	0	1	1052	1	1052	0.0	1958
assemblyΩ1_2227	UniRef100_E6VRD9~K18138	46.2	1035	542	6	5	1030	5	1033	7.90e-297	860
assemblyΩ1_107	UniRef100_A0A0H4VLB0~K21573	33.2	1073	634	28	2	1045	3	1021	5.73e-156	494
assemblyΩ1_807	UniRef100_A0A127AYQ9~K21573	32.0	1108	597	36	6	1042	4	1026	4.91e-128	421
assemblyΩ1_1357	UniRef100_A0A1G1U1G5~K15726	95.0	1041	52	0	1	1041	1	1041	0.0	1889
assemblyΩ1_1720	UniRef100_A0A0P0M5U4~K03296	76.1	1039	246	2	1	1038	1	1038	0.0	1516
assemblyΩ1_2616	UniRef100_A0A078T3M4~K03296	59.5	1036	419	1	1	1035	1	1036	0.0	1201
assemblyΩ1_3932	UniRef100_A0A016DF42~K01190	93.9	1035	62	1	1	1035	1	1034	0.0	2058
assemblyΩ1_2882	UniRef100_Q7MXU3~K07787	73.8	1029	267	3	1	1028	1	1027	0.0	1445
assemblyΩ1_2383	UniRef100_A0A139TDJ0~K01190	92.5	1020	76	0	1	1020	1	1020	0.0	2006
assemblyΩ1_4112	UniRef100_A0A0H4VLB0~K21573	35.3	1045	626	17	1	1019	1	1021	1.18e-178	553
assemblyΩ1_4097	UniRef100_A0A127AYQ9~K21573	34.5	1031	609	26	32	1016	16	1026	4.92e-169	528
assemblyΩ1_3992	UniRef100_Q5LIN1~K02519	97.2	1016	27	1	1	1016	1	1015	0.0	1627
assemblyΩ1_3947	UniRef100_A5FJ22~K08282	31.9	918	553	19	92	998	94	950	2.00e-123	406
assemblyΩ3_11	UniRef100_A0A0K6BPR9~K18138	98.6	1011	14	0	1	1011	1	1011	0.0	1885
assemblyΩ1_2462	UniRef100_G8QP23~K18303	30.0	1046	688	6	2	1010	5	1043	1.51e-148	475
assemblyΩ1_3742	UniRef100_A0A1D9LGG9~K18303	30.9	997	680	7	16	1007	20	1012	8.19e-149	475
assemblyΩ1_393	UniRef100_Q64X84~K01156	92.1	1010	80	0	1	1010	1	1010	0.0	1832
assemblyΩ1_3611	UniRef100_A0A0E2AJS1~K12257	98.8	1007	12	0	1	1007	1	1007	0.0	1868
assemblyΩ1_2444	UniRef100_A0A0E2AM14~K21573	98.9	1002	11	0	1	1002	1	1002	0.0	1980
assemblyΩ1_3058	UniRef100_A0A1Q2HSJ4~K01190	40.7	996	536	19	15	994	8	964	6.94e-264	771
assemblyΩ1_3175	UniRef100_D6D6A8~K21573	34.1	1022	563	35	43	998	31	1007	2.78e-147	470
assemblyΩ1_2259	UniRef100_Q64RJ0~K03546	93.2	987	67	0	1	987	1	987	0.0	1595
assemblyΩ3_1	UniRef100_A0A0H4VLB0~K21573	33.3	997	590	26	2	972	74	1021	8.50e-145	463
assemblyΩ1_4373	UniRef100_A6L4D5~K01190	36.2	802	460	15	30	809	35	806	8.23e-145	459
assemblyΩ1_4133	UniRef100_A0A139T2M6~K18930	89.3	948	99	1	1	948	1	946	0.0	1749
assemblyΩ1_1883	UniRef100_Q4QEX2~K05305	37.2	1144	496	23	27	949	46	1187	1.24e-230	691
assemblyΩ1_1227	UniRef100_Q5LDN2~K00281	96.5	949	33	0	1	949	1	949	0.0	1863
assemblyΩ7_1	UniRef100_A0A0H4VLB0~K21573	33.5	981	590	25	1	944	66	1021	9.41e-148	470
assemblyΩ1_3803	UniRef100_R7AKH8~K01869	96.8	943	30	0	1	943	1	943	0.0	1897
assemblyΩ1_1912	UniRef100_A0A149N5F1~K03701	98.7	942	12	0	1	942	1	942	0.0	1843
assemblyΩ1_282	UniRef100_Q64XK8~K07263	92.7	939	69	0	1	939	1	939	0.0	1738
assemblyΩ1_3887	UniRef100_A0A149NP30~K02335	95.4	935	43	0	1	935	30	964	0.0	1749
assemblyΩ1_4375	UniRef100_A0A068NKQ1~K12308	34.4	916	512	23	12	918	6	841	3.52e-157	489
assemblyΩ1_2471	UniRef100_Q64R17~K03701	97.3	925	25	0	1	925	3	927	0.0	1833
assemblyΩ1_2317	UniRef100_A0A1C0W9Q1~K00548	96.2	916	35	0	1	916	17	932	0.0	1724
assemblyΩ1_926	UniRef100_A6L055~K21573	31.2	941	546	28	34	914	102	1001	5.11e-115	382
assemblyΩ1_1833	UniRef100_A0A0K6BUP5~K01006	99.4	906	5	0	1	906	1	906	0.0	1773
assemblyΩ1_3007	UniRef100_E1WWW8~K00705	93.1	900	62	0	1	900	1	900	0.0	1784
assemblyΩ1_1267	UniRef100_A0A0P0FGA7~K01190	86.5	895	121	0	1	895	1	895	0.0	1662
assemblyΩ1_3533	UniRef100_A0A139TFI5~K01537	97.2	894	25	0	1	894	1	894	0.0	1674
assemblyΩ1_860	UniRef100_Q64VR4~K01190	91.2	891	77	1	1	890	1	891	0.0	1703
assemblyΩ1_2009	UniRef100_A0A0P0FQD5~K01531	71.6	884	250	1	1	884	1	883	0.0	1268
assemblyΩ1_207	UniRef100_A0A139TIV5~K05349	91.1	883	79	0	1	883	1	883	0.0	1646
assemblyΩ1_4116	UniRef100_A0A149N1E5~K02621	97.5	882	22	0	1	882	1	882	0.0	1727
assemblyΩ1_4217	UniRef100_A0A0K6BPN2~K07277	99.2	878	7	0	1	878	1	878	0.0	1673
assemblyΩ1_312	UniRef100_Q5LGN1~K01873	96.9	875	27	0	1	875	1	875	0.0	1727
assemblyΩ1_3005	UniRef100_E1WWW7~K00525	98.6	872	12	0	2	873	11	882	0.0	1743
assemblyΩ1_46	UniRef100_Q64YB4~K01872	98.4	872	14	0	1	872	1	872	0.0	1709
assemblyΩ1_3802	UniRef100_Q5L7B7~K03555	98.2	871	16	0	1	871	9	879	0.0	1680
assemblyΩ1_1067	UniRef100_A0A1C7P8S8~K01190	45.8	866	438	14	1	860	1	841	1.34e-272	783
assemblyΩ1_420	UniRef100_A0A0K6BSE2~K03695	99.0	862	9	0	1	862	1	862	0.0	1607
assemblyΩ1_920	UniRef100_A0A139T845~K01192	92.6	856	63	0	1	856	1	856	0.0	1671
assemblyΩ1_2028	UniRef100_A0A149N4Z7~K00688	98.4	854	14	0	1	854	1	854	0.0	1733
assemblyΩ1_1665	UniRef100_A0A1G1U776~K00688	100	852	0	0	1	852	1	852	0.0	1778
assemblyΩ1_2569	UniRef100_Q3IDF4~K01303	30.9	761	485	14	92	841	101	831	8.83e-116	377
assemblyΩ1_1735	UniRef100_A0A0K6BVA8~K02469	98.7	845	11	0	1	845	1	845	0.0	1624
assemblyΩ1_461	UniRef100_Q5FRA2~K01187	40.9	724	369	18	35	718	52	756	2.82e-188	564
assemblyΩ1_1734	UniRef100_A0A0K6BUU9~K03696	96.9	844	26	0	1	844	1	844	0.0	1519
assemblyΩ1_630	UniRef100_A0A0K6BRR9~K04759	97.5	827	21	0	14	840	1	827	0.0	1603
assemblyΩ1_1096	UniRef100_A0A0K2HLU4~K00525	86.5	839	112	1	1	838	1	839	0.0	1474
assemblyΩ1_925	UniRef100_A0A015QR55~K01190	97.1	833	24	0	1	833	1	833	0.0	1692
assemblyΩ1_3969	UniRef100_A0A174II56~K07126	86.1	719	100	0	1	719	1	719	2.77e-301	854
assemblyΩ1_478	UniRef100_A0A0E2ASH9~K07456	93.4	832	55	0	1	832	1	832	0.0	1481
assemblyΩ1_3473	UniRef100_R6Z6W9~K04066	95.9	828	34	0	4	831	11	838	0.0	1577
assemblyΩ1_163	UniRef100_E1WLT1~K01775	97.7	831	19	0	1	831	10	840	0.0	1622
assemblyΩ3_5	UniRef100_E1WL67~K01256	88.1	829	99	0	1	829	9	837	0.0	1491
assemblyΩ1_3626	UniRef100_A0A0K6C0H5~K15923	94.7	829	44	0	1	829	1	829	0.0	1650
assemblyΩ1_295	UniRef100_Q64XJ3~K03466	95.2	829	40	0	1	829	1	829	0.0	1529
assemblyΩ1_3793	UniRef100_F4L677~K15923	47.7	799	404	8	13	804	11	802	8.76e-265	762
assemblyΩ1_4321	UniRef100_D9SJL4~K04085	48.7	837	410	8	1	826	1	829	1.72e-261	753
assemblyΩ1_1578	UniRef100_A0A149NK85~K01338	98.9	822	9	0	1	822	1	822	0.0	1568
assemblyΩ1_3555	UniRef100_A0A015TBQ6~K09955	92.8	820	59	0	1	820	1	820	0.0	1574
assemblyΩ1_1863	UniRef100_Q5LC76~K01890	97.3	820	22	0	1	820	1	820	0.0	1597
assemblyΩ1_298	UniRef100_A0A015PKE0~K12373	92.3	814	63	0	1	814	1	814	0.0	1563
assemblyΩ1_115	UniRef100_A0A139TC01~K05349	88.1	812	97	0	1	812	3	814	0.0	1447
assemblyΩ1_4358	UniRef100_A0A1G1TYL8~K12524	98.6	811	11	0	1	811	1	811	0.0	1544
assemblyΩ1_800	UniRef100_A0A1G1U7D8~K02004	97.6	806	19	0	1	806	1	806	0.0	1546
assemblyΩ1_1243	UniRef100_G8TKC0~K02004	33.5	837	496	22	1	805	1	808	1.70e-122	393
assemblyΩ1_3816	UniRef100_A0A139TG86~K02014	97.5	800	20	0	2	801	5	804	0.0	1535
assemblyΩ1_798	UniRef100_A0A221JMM5~K02004	88.4	801	93	0	1	801	1	801	0.0	1392
assemblyΩ1_4369	UniRef100_H6NEG8~K15923	31.3	760	461	26	44	767	120	854	1.16e-83	292
assemblyΩ1_2851	UniRef100_A0A0K6BXL0~K21636	99.0	796	8	0	1	796	1	796	0.0	1569
assemblyΩ1_2134	UniRef100_F0R1S7~K02014	42.1	779	431	11	20	790	18	784	1.92e-198	588
assemblyΩ1_1821	UniRef100_A0A0E2ANQ2~K03657	94.1	786	46	0	1	786	1	786	0.0	1457
assemblyΩ1_627	UniRef100_E1WSM3~K05367	91.5	786	60	1	1	786	1	779	0.0	1491
assemblyΩ1_4005	UniRef100_Q64ZP0~K07407	94.0	719	43	0	67	785	1	719	0.0	1418
assemblyΩ1_1786	UniRef100_G8UJ88~K02014	62.8	783	283	4	2	783	39	814	0.0	1008
assemblyΩ1_985	UniRef100_A0A1C0X299~K16089	36.8	684	414	7	80	762	10	676	1.29e-154	472
assemblyΩ1_3604	UniRef100_A0A0E2AJW5~K03168	97.2	781	22	0	1	781	1	781	0.0	1469
assemblyΩ1_3181	UniRef100_F7LKH2~K02014	99.9	778	1	0	1	778	1	778	0.0	1588
assemblyΩ1_1507	UniRef100_A0A139TEW2~K05366	96.8	777	25	0	1	777	1	777	0.0	1540
assemblyΩ1_921	UniRef100_A0A015TRD6~K12373	98.8	774	9	0	1	774	1	774	0.0	1569
assemblyΩ1_2460	UniRef100_F7LUE6~K00691	86.6	770	103	0	3	772	1	770	0.0	1402
assemblyΩ1_2384	UniRef100_A0A0E2AKH8~K12373	87.6	772	95	1	1	772	1	771	0.0	1417
assemblyΩ1_725	UniRef100_A0A139T190~K01153	99.7	771	2	0	1	771	1	771	0.0	1541
assemblyΩ1_3057	UniRef100_Q64PE2~K12308	92.8	769	55	0	1	769	1	769	0.0	1511
assemblyΩ1_1332	UniRef100_A0A139TER4~K02004	50.1	770	374	7	2	769	1	762	6.88e-255	731
assemblyΩ1_1329	UniRef100_A0A139TEZ6~K02004	70.2	768	229	0	2	769	1	768	0.0	1073
assemblyΩ1_2996	UniRef100_Q64PM0~K12373	86.3	768	105	0	1	768	1	768	0.0	1407
assemblyΩ1_1977	UniRef100_A0A015VDY5~K16089	96.7	767	25	0	1	767	1	767	0.0	1502
assemblyΩ1_4095	UniRef100_A0A015X9Q3~K05349	95.6	766	34	0	1	766	1	766	0.0	1459
assemblyΩ1_3498	UniRef100_E1WPX4~K02014	87.7	765	94	0	1	765	1	765	0.0	1391
assemblyΩ1_1330	UniRef100_E1WMP8~K02004	48.1	769	387	9	1	764	1	762	2.87e-242	699
assemblyΩ1_1327	UniRef100_A0A139TER4~K02004	70.0	764	227	2	1	764	1	762	0.0	1074
assemblyΩ1_979	UniRef100_D1JLB0~K16089	97.9	763	16	0	1	763	1	763	0.0	1519
assemblyΩ1_2786	UniRef100_A0A149N391~K00029	99.2	762	6	0	1	762	1	762	0.0	1475
assemblyΩ1_273	UniRef100_A0A015S802~K00266	98.6	762	11	0	1	762	1	762	0.0	1466
assemblyΩ1_201	UniRef100_H8KLM1~K15923	49.1	735	365	5	26	751	24	758	1.53e-270	770
assemblyΩ1_518	UniRef100_A0A149MY71~K03455	97.6	754	18	0	1	754	1	754	0.0	1397
assemblyΩ1_2705	UniRef100_Q64QG1~K03455	87.4	752	95	0	1	752	1	752	0.0	1250
assemblyΩ1_1732	UniRef100_A0A149N6J9~K07001	95.1	750	37	0	1	750	17	766	0.0	1447
assemblyΩ1_1666	UniRef100_A0A1G1U7A6~K03455	100	748	0	0	1	748	1	748	0.0	1392
assemblyΩ1_49	UniRef100_A0A016I810~K00951	97.6	748	17	1	1	748	1	747	0.0	1432
assemblyΩ1_2913	UniRef100_A0A015TR32~K01681	97.6	747	18	0	1	747	1	747	0.0	1455
assemblyΩ1_805	UniRef100_E1WTS4~K00833	94.2	741	43	0	1	741	1	741	0.0	1433
assemblyΩ1_547	UniRef100_A0A0K6BSQ7~K00656	99.6	742	3	0	1	742	1	742	0.0	1477
assemblyΩ1_2974	UniRef100_A0A139T3L0~K03169	93.0	716	50	0	25	740	1	716	0.0	1299
assemblyΩ1_4364	UniRef100_A0A015TZ31~K02014	93.5	739	48	0	1	739	1	739	0.0	1423
assemblyΩ1_3297	UniRef100_A0A016BRV7~K01197	93.4	739	49	0	1	739	1	739	0.0	1415
assemblyΩ1_1340	UniRef100_A0A139TF05~K00951	99.1	737	7	0	1	737	40	776	0.0	1429
assemblyΩ1_3312	UniRef100_A0A0K6BZF6~K06147	98.6	736	10	0	1	736	1	736	0.0	1407
assemblyΩ1_2985	UniRef100_A0A0K6BXV8~K07001	89.7	736	76	0	1	736	1	736	0.0	1355
assemblyΩ1_2229	UniRef100_A0A149NIT3~K07001	95.4	736	34	0	1	736	1	736	0.0	1398
assemblyΩ1_1234	UniRef100_A0A0K6BTM2~K01533	98.0	736	15	0	1	736	1	736	0.0	1365
assemblyΩ1_247	UniRef100_A0A0K6BQI3~K01278	97.8	736	16	0	1	736	1	736	0.0	1492
assemblyΩ1_4007	UniRef100_A0A1C0WW37~K15987	99.0	734	7	0	1	734	1	734	0.0	1358
assemblyΩ1_1463	UniRef100_X5DVL6~K20344	35.4	725	463	3	2	726	4	723	3.15e-142	440
assemblyΩ1_1946	UniRef100_A0A1C7GZT7~K01915	94.5	729	40	0	1	729	1	729	0.0	1389
assemblyΩ1_300	UniRef100_A0A149NDG9~K01915	98.9	729	8	0	1	729	1	729	0.0	1437
assemblyΩ1_3350	UniRef100_A0A0K6BZI2~K03654	99.9	726	1	0	1	726	1	726	0.0	1431
assemblyΩ3_14	UniRef100_A0A081U9T1~K06147	100	723	0	0	1	723	1	723	0.0	1412
assemblyΩ1_106	UniRef100_E1WLM5~K05349	91.1	720	64	0	1	720	1	720	0.0	1334
assemblyΩ1_436	UniRef100_A9KVV1~K01991	30.7	706	432	16	31	691	109	802	4.55e-86	295
assemblyΩ1_4037	UniRef100_A0A139SYA7~K02014	90.3	719	70	0	1	719	1	719	0.0	1373
assemblyΩ1_1845	UniRef100_Q64T82~K07012	94.7	719	38	0	1	719	1	719	0.0	1353
assemblyΩ1_407	UniRef100_Q64X35~K21574	95.8	719	30	0	1	719	1	719	0.0	1434
assemblyΩ3_8	UniRef100_A0A015Q4X7~K01205	94.3	718	41	0	1	718	1	718	0.0	1425
assemblyΩ1_3024	UniRef100_A0A149N220~K02355	99.4	718	4	0	1	718	1	718	0.0	1430
assemblyΩ1_2977	UniRef100_A0A0K6BXQ8~K01847	99.6	715	3	0	1	715	1	715	0.0	1410
assemblyΩ1_3786	UniRef100_A0A0K6C0B5~K12573	98.6	714	10	0	1	714	1	714	0.0	1377
assemblyΩ1_1993	UniRef100_A0A139T4T5~K16089	96.6	714	24	0	1	714	1	714	0.0	1396
assemblyΩ1_336	UniRef100_A0A1G1U6G1~K03770	96.5	712	25	0	1	712	1	712	0.0	1323
assemblyΩ1_3512	UniRef100_Q5L7Z7~K00962	99.3	708	5	0	1	708	1	708	0.0	1373
assemblyΩ1_4026	UniRef100_Q659S5~K03587	97.2	707	20	0	1	707	1	707	0.0	1355
assemblyΩ1_974	UniRef100_Q64VC5~K06959	95.2	707	34	0	1	707	1	707	0.0	1317
assemblyΩ1_3447	UniRef100_Q5L8A7~K02355	99.3	705	5	0	1	705	1	705	0.0	1386
assemblyΩ1_2456	UniRef100_A0A0P0FW97~K17680	51.5	610	267	9	88	688	3	592	1.51e-204	594
assemblyΩ1_3827	UniRef100_E1WJS4~K01190	92.2	704	55	0	1	704	1	704	0.0	1382
assemblyΩ1_2298	UniRef100_A0A017N6J6~K01284	93.0	703	49	0	1	703	1	703	0.0	1323
assemblyΩ1_3199	UniRef100_A0A139KR05~K03169	100	700	0	0	1	700	1	700	0.0	1377
assemblyΩ1_2763	UniRef100_E1WV68~K01843	95.9	699	29	0	1	699	1	699	0.0	1334
assemblyΩ1_3121	UniRef100_A0A1G1TY03~K03655	97.1	698	20	0	1	698	1	698	0.0	1325
assemblyΩ1_1386	UniRef100_A0A0K2HIV3~K03169	67.6	689	221	1	10	696	4	692	0.0	935
assemblyΩ1_4084	UniRef100_Q64ZE7~K01190	92.5	695	52	0	1	695	1	695	0.0	1379
assemblyΩ1_3640	UniRef100_A0A2D3M935~K03169	96.7	696	23	0	1	696	1	696	0.0	1354
assemblyΩ1_4266	UniRef100_A0A2D3NE61~K03169	100	695	0	0	1	695	1	695	0.0	1391
assemblyΩ1_4071	UniRef100_A0A0N7I9M7~K09955	61.9	683	251	4	12	692	10	685	0.0	918
assemblyΩ1_2809	UniRef100_D6CW75~K01322	67.7	703	217	4	1	694	1	702	0.0	994
assemblyΩ1_1501	UniRef100_A0A076J2B8~K21572	50.5	697	315	9	2	695	1	670	1.42e-237	681
assemblyΩ1_582	UniRef100_E1WRZ7~K03169	99.4	695	4	0	1	695	1	695	0.0	1359
assemblyΩ1_3881	UniRef100_Q650J0~K01278	92.8	691	50	0	1	691	29	719	0.0	1378
assemblyΩ1_3565	UniRef100_A0A0N7I9M7~K09955	64.6	690	240	2	1	690	1	686	0.0	955
assemblyΩ1_2875	UniRef100_A0A015VMZ1~K00937	95.7	691	30	0	1	691	1	691	0.0	1328
assemblyΩ1_1784	UniRef100_A0A1G1TNF7~K16089	95.1	691	33	1	1	691	1	690	0.0	1333
assemblyΩ1_232	UniRef100_A0A016HC81~K01284	92.1	685	54	0	1	685	1	685	0.0	1288
assemblyΩ1_923	UniRef100_E1WUA9~K12373	93.9	690	42	0	1	690	1	690	0.0	1334
assemblyΩ1_919	UniRef100_A0A139T865~K05970	94.6	690	37	0	1	690	1	690	0.0	1389
assemblyΩ1_2350	UniRef100_Q5LAX6~K03628	92.5	691	47	3	1	689	1	688	0.0	1125
assemblyΩ1_1094	UniRef100_E1QIS2~K02014	32.4	678	428	11	28	688	34	698	3.30e-114	365
assemblyΩ1_369	UniRef100_A0A139TAG5~K16089	94.8	687	36	0	1	687	1	687	0.0	1337
assemblyΩ1_3713	UniRef100_A0A015V8Q6~K09181	96.9	686	21	0	1	686	1	686	0.0	1300
assemblyΩ1_3470	UniRef100_A0A1G1TZA2~K07037	97.4	685	18	0	1	685	1	685	0.0	1295
assemblyΩ1_3371	UniRef100_K1G2I8~K02014	100	685	0	0	1	685	1	685	0.0	1398
assemblyΩ1_2578	UniRef100_I9VQH3~K01277	95.3	683	32	0	1	683	1	683	0.0	1315
assemblyΩ1_236	UniRef100_A0A076J2B8~K21572	53.2	686	302	8	1	683	1	670	2.85e-244	697
assemblyΩ1_1733	UniRef100_Q5LCH4~K04079	96.9	681	21	0	1	681	1	681	0.0	1300
assemblyΩ1_3723	UniRef100_Q64MP7~K01874	99.3	679	5	0	1	679	1	679	0.0	1379
assemblyΩ1_788	UniRef100_E1WTQ7~K19049	83.7	673	110	0	7	679	1	673	0.0	1173
assemblyΩ1_829	UniRef100_A0A0K6BS87~K11381	98.4	678	11	0	1	678	1	678	0.0	1347
assemblyΩ1_3140	UniRef100_D1JX42~K07386	95.3	677	32	0	1	677	1	677	0.0	1321
assemblyΩ1_1920	UniRef100_Q5LC24~K03702	98.2	677	12	0	1	677	1	677	0.0	1298
assemblyΩ1_3628	UniRef100_A0A1C0X6S5~K21572	62.1	689	234	10	4	675	2	680	6.35e-312	869
assemblyΩ1_4329	UniRef100_A0A017PA88~K01547	96.9	674	21	0	1	674	9	682	0.0	1229
assemblyΩ1_510	UniRef100_A0A1H6JWC8~K21572	57.5	673	275	8	1	671	1	664	3.71e-273	770
assemblyΩ1_3062	UniRef100_E1WMT3~K02238	78.0	672	148	0	1	672	28	699	0.0	1044
assemblyΩ1_915	UniRef100_A0A1C0X6S5~K21572	57.7	683	272	9	3	671	1	680	9.16e-294	823
assemblyΩ1_531	UniRef100_A0A139T106~K01187	91.4	671	58	0	1	671	18	688	0.0	1306
assemblyΩ1_1522	UniRef100_A0A015U1K4~K00700	97.0	670	20	0	1	670	1	670	0.0	1389
assemblyΩ1_1265	UniRef100_C6IQA4~K21572	84.2	673	103	2	1	670	1	673	0.0	1194
assemblyΩ1_2310	UniRef100_Q64RE3~K04084	96.0	669	27	0	1	669	1	669	0.0	1275
assemblyΩ1_849	UniRef100_A0A015VGY9~K00615	98.5	669	10	0	1	669	1	669	0.0	1300
assemblyΩ1_3108	UniRef100_D1JV89~K02316	97.0	667	20	0	1	667	9	675	0.0	1284
assemblyΩ1_238	UniRef100_A0A1C0X6S5~K21572	64.0	683	227	11	1	667	1	680	0.0	890
assemblyΩ1_3619	UniRef100_A0A0K2HN06~K21572	51.8	654	294	9	9	653	10	651	2.70e-225	648
assemblyΩ1_1730	UniRef100_Q5LCI0~K01972	95.6	664	29	0	1	664	1	664	0.0	1276
assemblyΩ1_2398	UniRef100_E1WTM4~K01200	93.8	664	41	0	1	664	3	666	0.0	1297
assemblyΩ1_994	UniRef100_Q5LE70~K04041	99.1	664	6	0	1	664	1	664	0.0	1335
assemblyΩ1_394	UniRef100_Q64X83~K07316	97.6	664	16	0	1	664	5	668	0.0	1279
assemblyΩ1_2235	UniRef100_A0A0K6BWP1~K02564	99.8	663	1	0	1	663	1	663	0.0	1330
assemblyΩ1_58	UniRef100_A0A149NGV7~K03798	97.7	664	13	1	1	662	14	677	0.0	1254
assemblyΩ1_3411	UniRef100_A0A016AQF0~K01712	94.5	659	36	0	1	659	1	659	0.0	1286
assemblyΩ1_154	UniRef100_A0A0M3RIZ6~K21572	48.0	671	305	14	3	657	6	648	6.67e-198	577
assemblyΩ1_1948	UniRef100_A0A139T4V8~K00937	93.9	643	39	0	1	643	1	643	0.0	1206
assemblyΩ1_3550	UniRef100_Q64N34~K03526	93.8	613	38	0	42	654	1	613	0.0	1163
assemblyΩ1_1650	UniRef100_A0A0P0EWH9~K12373	100	655	0	0	1	655	1	655	0.0	1337
assemblyΩ1_4315	UniRef100_A0A221JCY0~K21572	89.8	654	67	0	1	654	3	656	0.0	1266
assemblyΩ1_24	UniRef100_A0A139TCG5~K12373	97.5	653	16	0	1	653	1	653	0.0	1316
assemblyΩ1_4013	UniRef100_A0A0K6BQ12~K02470	99.1	652	6	0	1	652	1	652	0.0	1287
assemblyΩ1_3141	UniRef100_A0A016CJ22~K06158	98.2	651	12	0	1	651	1	651	0.0	1221
assemblyΩ1_3694	UniRef100_A0A1Q6JKA5~K21572	66.1	649	210	5	1	648	1	640	0.0	908
assemblyΩ1_508	UniRef100_A0A015VHK8~K01534	88.1	648	77	0	1	648	1	648	0.0	1123
assemblyΩ1_145	UniRef100_A0A015PE15~K01662	97.4	648	17	0	1	648	1	648	0.0	1286
assemblyΩ1_3908	UniRef100_A0A0E2AWS6~K05592	93.8	647	40	0	1	647	1	647	0.0	1167
assemblyΩ1_3772	UniRef100_Q7X479~K00239	99.5	647	3	0	1	647	1	647	0.0	1300
assemblyΩ1_882	UniRef100_Q5LEQ6~K01868	99.1	646	6	0	1	646	1	646	0.0	1305
assemblyΩ1_4263	UniRef100_P70882~K18220	100	641	0	0	1	641	1	641	0.0	1271
assemblyΩ1_3648	UniRef100_G8UJ67~K18220	99.8	641	1	0	1	641	5	645	0.0	1262
assemblyΩ1_2299	UniRef100_Q64RF4~K01950	93.0	641	45	0	1	641	1	641	0.0	1208
assemblyΩ1_4342	UniRef100_A0A1G1TYR8~K07091	95.3	634	30	0	7	640	1	634	0.0	1193
assemblyΩ1_2522	UniRef100_G8TG21~K01187	36.3	546	308	10	91	635	119	625	2.48e-110	351
assemblyΩ1_438	UniRef100_Q5LG30~K04043	95.8	639	27	0	1	639	1	639	0.0	1094
assemblyΩ1_2221	UniRef100_A0A149NJA9~K21572	94.5	636	35	0	1	636	1	636	0.0	1241
assemblyΩ1_134	UniRef100_A0A1C0WKD7~K00341	96.7	636	21	0	1	636	1	636	0.0	1207
assemblyΩ1_3095	UniRef100_A0A149NQD8~K03654	96.8	634	20	0	1	634	1	634	0.0	1232
assemblyΩ1_2142	UniRef100_A0A223DW95~K19421	36.5	587	351	7	40	622	36	604	5.40e-115	362
assemblyΩ1_893	UniRef100_W6KP07~K13013	36.1	581	343	9	57	619	52	622	4.38e-109	347
assemblyΩ1_1791	UniRef100_A0A149N689~K02188	69.0	642	190	5	1	633	1	642	6.32e-306	850
assemblyΩ1_2978	UniRef100_A0A0K6BYP5~K01847	97.8	632	14	0	1	632	1	632	0.0	1231
assemblyΩ1_3972	UniRef100_Q5LIQ3~K01585	99.5	630	3	0	1	630	1	630	0.0	1240
assemblyΩ1_3294	UniRef100_E1WNE0~K12308	94.7	626	33	0	1	626	1	626	0.0	1256
assemblyΩ1_2964	UniRef100_A0A0K6BXP8~K21572	97.1	628	18	0	1	628	1	628	0.0	1258
assemblyΩ1_3562	UniRef100_A0A139TGA3~K00656	90.6	627	59	0	1	627	63	689	0.0	1167
assemblyΩ1_1938	UniRef100_A0A149N534~K00764	97.0	627	19	0	1	627	1	627	0.0	1227
assemblyΩ1_3343	UniRef100_A0A0K6BYU3~K03572	97.1	626	17	1	1	626	1	625	0.0	1176
assemblyΩ1_2525	UniRef100_Q64QW6~K01206	97.4	626	16	0	1	626	1	626	0.0	1281
assemblyΩ1_3895	UniRef100_Q650H5~K03495	96.5	625	22	0	1	625	1	625	0.0	1221
assemblyΩ1_3764	UniRef100_A0A149NNA7~K02622	98.4	623	10	0	1	623	1	623	0.0	1217
assemblyΩ1_2491	UniRef100_Q45155~K03332	94.7	622	33	0	1	622	1	622	0.0	1244
assemblyΩ1_2394	UniRef100_A0A076IVY7~K21572	47.4	631	286	16	1	618	1	598	2.04e-184	540
assemblyΩ1_785	UniRef100_A0A139T774~K15738	98.6	621	9	0	1	621	1	621	0.0	1197
assemblyΩ1_3893	UniRef100_Q5LIY7~K03703	96.2	607	23	0	13	619	1	607	0.0	1135
assemblyΩ1_4145	UniRef100_A0A1I6PZ68~K21572	73.9	616	152	2	1	616	1	607	0.0	924
assemblyΩ1_3135	UniRef100_A0A015NTB7~K05515	99.2	618	5	0	1	618	1	618	0.0	1249
assemblyΩ1_1901	UniRef100_Q64T26~K03217	97.6	617	15	0	1	617	1	617	0.0	1178
assemblyΩ1_3621	UniRef100_A0A139SYY1~K21572	96.3	617	23	0	1	617	9	625	0.0	1225
assemblyΩ1_3612	UniRef100_A0A1C0W5T3~K00174	96.8	616	20	0	1	616	1	616	0.0	1196
assemblyΩ1_2432	UniRef100_A0A0K6BWH7~K21575	95.3	616	29	0	1	616	1	616	0.0	1231
assemblyΩ1_4089	UniRef100_A0A1G1TS49~K21572	99.5	615	3	0	1	615	1	615	0.0	1261
assemblyΩ1_4057	UniRef100_F4C8Z2~K21572	60.5	618	237	5	1	615	1	614	9.24e-263	739
assemblyΩ1_4001	UniRef100_A0A0K6BP21~K21572	96.3	614	23	0	1	614	1	614	0.0	1230
assemblyΩ1_2370	UniRef100_Q64RA5~K02343	96.1	614	24	0	1	614	1	614	0.0	1138
assemblyΩ1_3606	UniRef100_A0A1G1TUK1~K01887	98.2	597	11	0	17	613	1	597	0.0	1162
assemblyΩ1_2959	UniRef100_A0A1G4GAZ6~K21572	48.7	628	280	15	10	613	5	614	4.31e-177	521
assemblyΩ1_4241	UniRef100_Q2G689~K00986	39.1	596	322	10	31	604	22	598	2.46e-121	379
assemblyΩ1_3965	UniRef100_A0A016C2U3~K11085	87.9	611	74	0	1	611	1	611	0.0	1046
assemblyΩ1_3669	UniRef100_Q2G689~K00986	39.1	596	322	10	31	604	22	598	2.46e-121	379
assemblyΩ1_457	UniRef100_A0A1T5GM91~K03498	34.0	574	357	10	42	610	41	597	9.96e-76	258
assemblyΩ1_2109	UniRef100_A0A015P1D2~K01960	99.2	611	4	1	1	610	1	611	0.0	1207
assemblyΩ1_4347	UniRef100_A0A139T220~K08303	91.6	608	51	0	1	608	1	608	0.0	1122
assemblyΩ1_2770	UniRef100_Q64Q99~K07114	78.6	611	127	2	1	608	1	610	0.0	939
assemblyΩ1_2382	UniRef100_A0A1C0W9T4~K01206	93.4	605	40	0	1	605	1	605	0.0	1183
assemblyΩ1_2031	UniRef100_A0A016AUS4~K02123	96.5	605	21	0	1	605	1	605	0.0	1134
assemblyΩ1_4053	UniRef100_Q53WD0~K01190	31.5	596	323	20	44	593	5	561	2.88e-72	248
assemblyΩ1_2146	UniRef100_Q9KCZ2~K07487	35.6	545	326	2	20	539	17	561	1.02e-110	349
assemblyΩ1_4075	UniRef100_A0A0K6BP95~K01897	98.7	601	8	0	1	601	1	601	0.0	1192
assemblyΩ1_2580	UniRef100_E1WUJ3~K03654	93.8	601	37	0	1	601	7	607	0.0	1122
assemblyΩ1_1447	UniRef100_Q9KCZ2~K07487	35.6	545	326	2	20	539	17	561	9.88e-111	349
assemblyΩ1_2921	UniRef100_A0A015X3Z0~K01687	99.5	600	3	0	1	600	1	600	0.0	1182
assemblyΩ1_1980	UniRef100_A0A0P0GX56~K06147	72.2	597	166	0	1	597	5	601	5.75e-301	835
assemblyΩ1_3629	UniRef100_A0A0K6BZU7~K06207	99.7	599	2	0	1	599	1	599	0.0	1178
assemblyΩ1_1790	UniRef100_L8AF34~K13541	30.2	597	351	20	15	578	45	608	4.52e-44	172
assemblyΩ1_2941	UniRef100_E1WWD2~K21572	93.1	597	41	0	1	597	1	597	0.0	1153
assemblyΩ1_305	UniRef100_A0A081TN02~K02945	100	597	0	0	1	597	1	597	0.0	1129
assemblyΩ1_3065	UniRef100_A0A0K6BYE5~K03281	99.2	596	5	0	1	596	2	597	0.0	1109
assemblyΩ1_4049	UniRef100_A1R0Y6~K01195	43.8	592	302	12	24	588	6	593	1.05e-156	468
assemblyΩ1_1853	UniRef100_Q5LC85~K03596	99.3	593	4	0	1	593	1	593	0.0	1162
assemblyΩ1_779	UniRef100_E1WTG7~K02484	95.4	593	27	0	1	593	18	610	0.0	1109
assemblyΩ1_3466	UniRef100_Q64NI6~K01262	90.2	592	58	0	1	592	1	592	0.0	1097
assemblyΩ1_2601	UniRef100_A0A139T4J5~K04773	92.4	592	45	0	1	592	1	592	0.0	1070
assemblyΩ1_220	UniRef100_A0A0E2AUG9~K21572	65.7	595	200	3	1	592	1	594	1.26e-292	813
assemblyΩ1_1075	UniRef100_A0A139T8P4~K01960	97.8	591	13	0	1	591	1	591	0.0	1176
assemblyΩ1_3982	UniRef100_Q64ZS4~K01818	98.0	590	12	0	1	590	1	590	0.0	1199
assemblyΩ1_3970	UniRef100_Q64ZU0~K04079	92.9	588	42	0	1	588	1	588	0.0	1095
assemblyΩ1_2258	UniRef100_A0A139TCY0~K06147	95.2	588	28	0	1	588	1	588	0.0	1048
assemblyΩ1_216	UniRef100_A0A0E2RPZ1~K21572	98.6	588	8	0	1	588	1	588	0.0	1179
assemblyΩ1_218	UniRef100_A0A149NCG3~K21572	98.0	586	12	0	1	586	1	586	0.0	1198
assemblyΩ1_2034	UniRef100_A0A0K6BVJ0~K02117	98.8	585	7	0	1	585	1	585	0.0	1155
assemblyΩ1_1706	UniRef100_Q5LCK2~K01876	98.3	585	10	0	1	585	1	585	0.0	1162
assemblyΩ2_73	UniRef100_A0A1A9HZP4~K21572	60.3	589	228	5	1	584	1	588	5.61e-264	740
assemblyΩ1_2545	UniRef100_A0A015PYJ0~K00156	97.2	579	16	0	4	582	1	579	0.0	1127
assemblyΩ1_3751	UniRef100_A0A017N4I3~K21572	98.5	581	9	0	1	581	1	581	0.0	1187
assemblyΩ1_686	UniRef100_A0A0K6BS94~K01835	98.3	581	10	0	1	581	1	581	0.0	1152
assemblyΩ1_2059	UniRef100_A0A139TB50~K01886	97.6	579	14	0	1	579	4	582	0.0	1177
assemblyΩ1_976	UniRef100_A0A139T8G5~K01119	96.5	579	20	0	1	579	4	582	0.0	1142
assemblyΩ1_1981	UniRef100_A0A0N7IG58~K06147	79.3	576	119	0	1	576	1	576	0.0	912
assemblyΩ1_3736	UniRef100_Q9KCZ2~K07487	35.6	545	326	2	20	539	17	561	4.52e-111	349
assemblyΩ1_2987	UniRef100_Q5L9E5~K04567	97.0	575	17	0	1	575	1	575	0.0	1134
assemblyΩ1_506	UniRef100_Q9KCZ2~K07487	35.6	545	326	2	20	539	17	561	4.52e-111	349
assemblyΩ1_229	UniRef100_A0A016CTA3~K03797	99.5	575	3	0	1	575	1	575	0.0	1125
assemblyΩ1_3617	UniRef100_Q9KCZ2~K07487	35.6	545	326	2	20	539	17	561	4.39e-111	349
assemblyΩ1_2257	UniRef100_A0A015P0X6~K06147	94.9	574	29	0	1	574	1	574	0.0	1017
assemblyΩ1_1486	UniRef100_Q5LD60~K01938	98.9	555	6	0	19	573	1	555	0.0	1084
assemblyΩ1_3094	UniRef100_Q64PA7~K07462	99.1	572	5	0	1	572	1	572	0.0	1131
assemblyΩ1_1651	UniRef100_A0A0P0FSU7~K21572	100	572	0	0	1	572	1	572	0.0	1167
assemblyΩ1_3237	UniRef100_A0A139KQS8~K03497	100	570	0	0	1	570	1	570	0.0	1107
assemblyΩ1_2762	UniRef100_Q9KCZ2~K07487	35.6	545	326	2	20	539	17	561	3.88e-111	349
assemblyΩ1_4328	UniRef100_Q5LHU7~K01546	96.5	568	20	0	1	568	1	568	0.0	1098
assemblyΩ1_2529	UniRef100_M6ZS56~K00249	36.9	545	321	9	3	528	5	545	5.95e-98	315
assemblyΩ1_2534	UniRef100_I3YQN4~K03760	42.6	549	305	7	21	566	28	569	2.19e-133	406
assemblyΩ1_4203	UniRef100_Q9KCZ2~K07487	35.6	545	326	2	20	539	17	561	3.33e-111	349
assemblyΩ1_3536	UniRef100_A0A0K6BZI7~K03324	99.6	565	2	0	1	565	1	565	0.0	1057
assemblyΩ1_3156	UniRef100_Q9KCZ2~K07487	35.6	545	326	2	20	539	17	561	3.33e-111	349
assemblyΩ1_2920	UniRef100_A0A0K6BYE7~K01652	97.9	565	12	0	1	565	1	565	0.0	1103
assemblyΩ1_722	UniRef100_P0CJ82~K07085	95.0	565	28	0	1	565	1	565	0.0	1060
assemblyΩ1_1826	UniRef100_Q5LCA5~K03147	97.7	564	13	0	1	564	1	564	0.0	1147
assemblyΩ1_996	UniRef100_I9BGR1~K01897	99.5	563	3	0	1	563	1	563	0.0	1117
assemblyΩ1_2524	UniRef100_A0A0K6BWS5~K21572	97.2	562	16	0	1	562	1	562	0.0	1155
assemblyΩ1_3632	UniRef100_A0A0K6C0P2~K00666	98.2	552	10	0	10	561	7	558	0.0	1136
assemblyΩ1_3553	UniRef100_A0A1G1TUH9~K03797	98.6	561	8	0	1	561	1	561	0.0	1088
assemblyΩ1_2149	UniRef100_Q64S05~K03631	95.9	561	23	0	1	561	1	561	0.0	1008
assemblyΩ1_3817	UniRef100_A0A0K6BNH5~K03321	96.2	559	21	0	1	559	1	559	0.0	981
assemblyΩ1_1860	UniRef100_Q9KCZ2~K07487	35.6	545	326	2	20	539	17	561	2.86e-111	349
assemblyΩ1_226	UniRef100_Q9KCZ2~K07487	35.6	545	326	2	20	539	17	561	2.86e-111	349
assemblyΩ1_16	UniRef100_A0A149NGT2~K21572	95.2	560	27	0	1	560	1	560	0.0	1118
assemblyΩ1_4073	UniRef100_Q9KCZ2~K07487	35.6	545	326	2	20	539	17	561	2.77e-111	349
assemblyΩ1_4351	UniRef100_A0A149N035~K07137	93.9	528	32	0	29	556	1	528	0.0	991
assemblyΩ1_3537	UniRef100_A0A0K6BZP4~K00876	98.0	557	11	0	1	557	1	557	0.0	1109
assemblyΩ1_3015	UniRef100_A0A149N208~K01897	97.8	557	12	0	1	557	1	557	0.0	1102
assemblyΩ1_1	UniRef100_Q9KCZ2~K07487	35.6	545	326	2	20	539	17	561	2.61e-111	349
assemblyΩ1_1942	UniRef100_A0A149N528~K01953	91.8	558	44	1	1	556	1	558	0.0	1052
assemblyΩ1_525	UniRef100_Q5LFS5~K02551	94.2	554	32	0	1	554	1	554	0.0	1072
assemblyΩ1_108	UniRef100_A0A016CPQ2~K21572	98.2	555	10	0	1	555	1	555	0.0	1116
assemblyΩ1_2980	UniRef100_Q64PN7~K07085	99.1	554	5	0	1	554	1	554	0.0	1071
assemblyΩ1_1318	UniRef100_F7LPV8~K01897	97.1	554	16	0	1	554	7	560	0.0	1085
assemblyΩ1_2029	UniRef100_A0A1D8MRK1~K00693	30.0	593	354	12	6	547	1	583	1.32e-74	253
assemblyΩ1_1874	UniRef100_A0A0E2TFG7~K01652	96.9	553	17	0	1	553	26	578	0.0	1081
assemblyΩ1_993	UniRef100_A0A078SDI0~K07085	48.0	560	278	5	1	551	1	556	1.08e-176	516
assemblyΩ1_3098	UniRef100_Q64PA3~K01186	98.9	552	6	0	1	552	1	552	0.0	1115
assemblyΩ1_1910	UniRef100_A0A0K6BVZ0~K03305	98.4	552	9	0	1	552	1	552	0.0	1071
assemblyΩ1_1193	UniRef100_A0A1D9GYF5~K06020	58.6	551	221	2	1	549	8	553	9.64e-222	630
assemblyΩ3_9	UniRef100_E1WL71~K03294	98.0	550	11	0	1	550	1	550	0.0	1064
assemblyΩ1_4281	UniRef100_A0A0K6BPQ4~K01895	96.0	551	22	0	1	551	1	551	0.0	1095
assemblyΩ1_4255	UniRef100_W0EVY8~K00986	62.1	543	201	4	1	540	1	541	2.05e-246	692
assemblyΩ1_3219	UniRef100_D4VKI7~K00986	100	551	0	0	1	551	1	551	0.0	1130
assemblyΩ1_566	UniRef100_D4VKI7~K00986	100	551	0	0	1	551	1	551	0.0	1130
assemblyΩ1_2387	UniRef100_A0A1G1U4X5~K12373	95.2	545	26	0	1	545	1	545	0.0	1077
assemblyΩ3_6	UniRef100_A0A016C180~K01676	98.0	548	11	0	1	548	1	548	0.0	1104
assemblyΩ1_3758	UniRef100_F4C2X8~K03332	73.0	541	144	1	8	548	8	546	4.52e-312	858
assemblyΩ1_2745	UniRef100_A0A139T477~K07798	84.9	548	83	0	1	548	1	548	0.0	917
assemblyΩ1_2218	UniRef100_A0A0K6BWX4~K00895	99.5	547	3	0	1	547	1	547	0.0	1083
assemblyΩ1_721	UniRef100_Q93CN2~K09758	97.8	547	12	0	1	547	2	548	0.0	1084
assemblyΩ1_323	UniRef100_A0A149NDF6~K21572	98.0	546	11	0	1	546	1	546	0.0	1096
assemblyΩ1_2549	UniRef100_Q5LAF6~K04077	96.9	545	17	0	1	545	1	545	0.0	994
assemblyΩ1_1156	UniRef100_A0A139T6Y9~K21572	100	545	0	0	1	545	1	545	0.0	1094
assemblyΩ1_904	UniRef100_A0A149NNT8~K21572	44.0	548	269	19	1	538	1	520	9.04e-126	384
assemblyΩ1_210	UniRef100_A0A139TIH4~K21572	96.9	545	17	0	1	545	1	545	0.0	1120
assemblyΩ1_190	UniRef100_F7MBB5~K07192	90.0	550	49	1	1	544	1	550	5.26e-201	577
assemblyΩ1_2878	UniRef100_A0A0K6BXN1~K06158	98.7	544	7	0	1	544	1	544	0.0	1034
assemblyΩ1_916	UniRef100_P31206~K01186	97.6	544	13	0	1	544	1	544	0.0	1077
assemblyΩ1_1321	UniRef100_Q5LDB2~K05601	94.8	543	28	0	1	543	1	543	0.0	1034
assemblyΩ1_927	UniRef100_E1WUB4~K21572	88.8	543	61	0	1	543	1	543	0.0	1004
assemblyΩ2_33	UniRef100_A7M3R6~K03497	37.8	545	316	7	11	539	11	548	2.24e-98	315
assemblyΩ1_3766	UniRef100_A0A149NN71~K03797	98.1	540	10	0	1	540	1	540	0.0	1037
assemblyΩ1_2586	UniRef100_A0A0K6BWM6~K21572	96.8	539	17	0	1	539	1	539	0.0	1058
assemblyΩ1_2443	UniRef100_A0A0E2AKM6~K21572	98.3	539	9	0	1	539	1	539	0.0	1088
assemblyΩ1_392	UniRef100_Q64X85~K06177	81.6	539	99	0	1	539	1	539	0.0	895
assemblyΩ1_3110	UniRef100_A0A0E2AY67~K21572	86.7	535	71	0	3	537	1	535	0.0	931
assemblyΩ1_930	UniRef100_C4AWS6~K10834	42.6	528	298	3	1	525	70	595	6.57e-152	453
assemblyΩ1_3814	UniRef100_A0A015TNP7~K01130	89.6	536	56	0	1	536	1	536	0.0	1037
assemblyΩ1_3616	UniRef100_Q5L7N5~K01610	99.8	535	1	0	1	535	1	535	0.0	1082
assemblyΩ1_3176	UniRef100_A0A015U147~K21572	100	534	0	0	1	534	1	534	0.0	1097
assemblyΩ1_1900	UniRef100_Q5LC42~K01937	99.2	533	4	0	1	533	1	533	0.0	1067
assemblyΩ1_2442	UniRef100_A0A015VM20~K21571	94.2	532	31	0	1	532	1	532	0.0	1021
assemblyΩ1_1985	UniRef100_Q64SU9~K07085	98.3	532	9	0	1	532	1	532	0.0	979
assemblyΩ1_890	UniRef100_A0A0K6BTF4~K00179	96.6	530	18	0	1	530	1	530	0.0	1032
assemblyΩ1_808	UniRef100_Q64VX1~K21572	96.6	530	18	0	1	530	25	554	0.0	1053
assemblyΩ1_139	UniRef100_Q5LH50~K13378	98.3	530	9	0	1	530	1	530	0.0	1071
assemblyΩ3_26	UniRef100_A0A1C7GVM5~K04043	37.8	513	278	14	8	510	5	486	1.31e-92	297
assemblyΩ1_4000	UniRef100_C9RS30~K07407	32.6	546	299	20	28	526	37	560	9.17e-77	259
assemblyΩ1_694	UniRef100_K9WK59~K06158	30.0	553	311	16	3	524	2	509	5.77e-54	197
assemblyΩ1_611	UniRef100_F7LMJ3~K01187	95.3	529	25	0	1	529	23	551	0.0	1070
assemblyΩ1_4290	UniRef100_A0A017PIG3~K20265	95.1	530	24	1	1	528	1	530	0.0	956
assemblyΩ1_2385	UniRef100_A0LYA0~K01138	52.1	505	229	6	21	514	22	524	4.25e-179	521
assemblyΩ1_1351	UniRef100_Q5LD82~K02111	99.1	527	5	0	1	527	1	527	0.0	1003
assemblyΩ1_4376	UniRef100_A0A1B2E5N2~K01198&K01209	30.5	532	300	19	34	521	8	513	3.32e-56	202
assemblyΩ1_3864	UniRef100_M9RS69~K01133	30.0	456	284	13	46	489	2	434	5.31e-50	186
assemblyΩ1_1371	UniRef100_A0A0D3LFL8~K07636	30.1	535	330	10	2	525	3	504	1.39e-56	203
assemblyΩ1_1292	UniRef100_A0A149NLH9~K12373	91.4	525	45	0	1	525	1	525	0.0	1009
assemblyΩ1_1315	UniRef100_E1WMN6~K03924	88.2	524	62	0	1	524	1	524	0.0	946
assemblyΩ1_1268	UniRef100_A0A0P0FRX5~K01130	90.2	522	51	0	1	522	2	523	0.0	998
assemblyΩ1_760	UniRef100_A0A0K6BSM7~K08301	99.6	524	2	0	1	524	1	524	0.0	1011
assemblyΩ1_522	UniRef100_A0A1C0WIQ1~K02837	99.0	524	5	0	1	524	1	524	0.0	1044
assemblyΩ1_3819	UniRef100_A0A0K6BN83~K00278	98.9	523	6	0	1	523	1	523	0.0	1043
assemblyΩ1_912	UniRef100_A0A139T857~K21572	99.6	523	2	0	1	523	8	530	0.0	1048
assemblyΩ1_729	UniRef100_Q5LF56~K01154	69.4	474	104	8	64	518	2	453	2.15e-208	591
assemblyΩ1_454	UniRef100_B8G9L1~K03281	31.3	470	293	13	25	478	28	483	7.90e-39	155
assemblyΩ1_4371	UniRef100_A0A1G1U2W5~K21572	99.2	522	4	0	1	522	1	522	0.0	1076
assemblyΩ1_909	UniRef100_A0A149NNT8~K21572	92.7	521	37	1	1	521	1	520	0.0	996
assemblyΩ1_763	UniRef100_Q7UNN1~K01134	41.2	519	288	9	2	514	15	522	4.55e-133	402
assemblyΩ1_324	UniRef100_Q7UNN1~K01134	43.1	485	264	7	32	511	42	519	5.51e-134	404
assemblyΩ1_911	UniRef100_A0A139T874~K21572	92.9	520	37	0	1	520	1	520	0.0	995
assemblyΩ1_3023	UniRef100_Q08408~K07636	99.2	519	4	0	1	519	1	519	0.0	999
assemblyΩ1_2686	UniRef100_A0A0H4PCU0~K03655	48.7	427	213	4	1	427	1	421	6.79e-132	399
assemblyΩ1_325	UniRef100_Q7UNN1~K01134	42.6	484	259	6	40	509	44	522	9.79e-140	419
assemblyΩ1_2393	UniRef100_A0A1Q2HQT6~K12373	34.8	520	300	11	23	513	52	561	1.87e-96	309
assemblyΩ1_150	UniRef100_Q7US96~K01138	31.9	479	269	15	33	502	31	461	8.00e-59	208
assemblyΩ1_3348	UniRef100_A0A139THH3~K03771	83.0	517	88	0	1	517	1	517	1.38e-309	850
assemblyΩ1_2426	UniRef100_A0A0B5FTR2~K01966	66.6	512	170	1	7	517	4	515	2.76e-243	682
assemblyΩ1_2314	UniRef100_A0A0K6BWA9~K03307	98.3	517	9	0	1	517	1	517	0.0	986
assemblyΩ1_1058	UniRef100_A0A0K6BU85~K00425	92.1	517	41	0	1	517	1	517	0.0	970
assemblyΩ1_470	UniRef100_Q9RQ71~K03387	91.5	516	44	0	1	516	1	516	0.0	938
assemblyΩ1_2853	UniRef100_A0A015PXM6~K08169	95.9	462	19	0	52	513	5	466	1.58e-307	842
assemblyΩ1_2047	UniRef100_A0A0S4KRN6~K04771	40.4	460	237	10	57	497	53	494	3.04e-83	273
assemblyΩ1_1885	UniRef100_A0A0K6BV54~K02314	99.0	515	5	0	1	515	1	515	0.0	988
assemblyΩ1_815	UniRef100_A0A016AQY7~K01966	98.8	514	6	0	1	514	1	514	0.0	999
assemblyΩ1_4117	UniRef100_A0A0K6BP47~K01880	99.4	513	3	0	1	513	1	513	0.0	1034
assemblyΩ1_3693	UniRef100_D9RR92~K01130	71.7	481	135	1	31	510	29	509	1.96e-277	768
assemblyΩ1_453	UniRef100_Q89YV1~K03655	100	513	0	0	1	513	1	513	0.0	991
assemblyΩ1_3706	UniRef100_E1WRK7~K07391	95.1	512	25	0	1	512	1	512	0.0	947
assemblyΩ1_4085	UniRef100_A0A139TEH5~K12373	95.7	511	22	0	1	511	1	511	0.0	1037
assemblyΩ1_2783	UniRef100_Q5L9Y0~K18682	99.6	511	2	0	1	511	1	511	0.0	902
assemblyΩ1_2708	UniRef100_A0A0K6BWV9~K01966	96.1	511	20	0	1	511	1	511	0.0	975
assemblyΩ1_1266	UniRef100_Q7US96~K01138	33.6	458	236	17	26	468	31	435	2.52e-58	207
assemblyΩ1_2594	UniRef100_A0A0K6BWY8~K09011	99.2	509	4	0	1	509	1	509	0.0	1005
assemblyΩ1_1983	UniRef100_Q64SV1~K03446	97.6	508	12	0	1	508	1	508	0.0	971
assemblyΩ1_3109	UniRef100_Q7UPK7~K01134	30.1	475	264	16	17	482	45	460	2.63e-45	171
assemblyΩ1_3139	UniRef100_A0A0K6BZ14~K00602	99.2	507	4	0	1	507	1	507	0.0	991
assemblyΩ1_2413	UniRef100_A0A220SDT8~K03367	37.3	475	276	8	26	498	21	475	8.97e-94	299
assemblyΩ1_235	UniRef100_Q5LGV6~K01951	98.8	507	6	0	1	507	1	507	0.0	1025
assemblyΩ1_4096	UniRef100_A0A0E2SAE0~K21572	98.4	506	8	0	1	506	1	506	0.0	1016
assemblyΩ1_726	UniRef100_A0A139T142~K03427	100	506	0	0	1	506	1	506	0.0	1023
assemblyΩ1_3469	UniRef100_Q5L883~K01885	98.2	505	9	0	1	505	1	505	0.0	1022
assemblyΩ1_1344	UniRef100_Q5LD89~K02112	99.6	505	2	0	1	505	1	505	0.0	975
assemblyΩ1_4010	UniRef100_Q64ZN5~K15633	96.8	504	16	0	1	504	1	504	0.0	997
assemblyΩ1_2706	UniRef100_A0A149N3L8~K01961	97.6	504	12	0	1	504	3	506	0.0	985
assemblyΩ1_2392	UniRef100_E6SR73~K01130	68.0	507	154	5	1	504	1	502	4.39e-271	751
assemblyΩ1_816	UniRef100_A0A139T740~K01961	99.8	503	1	0	1	503	1	503	0.0	1003
assemblyΩ1_347	UniRef100_A0A139T9Y7~K17759&K17758	96.2	503	19	0	1	503	1	503	0.0	946
assemblyΩ1_1539	UniRef100_E1WN83~K00854	87.0	501	65	0	1	501	1	501	0.0	894
assemblyΩ1_668	UniRef100_A0A0P0G5A1~K06076	49.0	512	181	10	1	501	1	443	1.43e-147	435
assemblyΩ1_1527	UniRef100_D1JN78~K01915	94.6	500	27	0	1	500	2	501	0.0	967
assemblyΩ7_2	UniRef100_A0A149MZL2~K21572	96.6	499	17	0	1	499	6	504	0.0	966
assemblyΩ1_3823	UniRef100_A0A0F6TU26~K22214	50.8	484	237	1	6	489	8	490	1.42e-169	493
assemblyΩ1_809	UniRef100_A0A139T7I5~K03303	98.0	499	10	0	1	499	1	499	0.0	879
assemblyΩ1_3407	UniRef100_E1WNZ8~K01745	97.2	498	14	0	1	498	1	498	0.0	952
assemblyΩ1_2597	UniRef100_A0A0K6BWX2~K01649	99.6	498	2	0	1	498	1	498	0.0	966
assemblyΩ1_1035	UniRef100_A0A0K6BU19~K00036	97.4	498	13	0	1	498	1	498	0.0	1006
assemblyΩ1_157	UniRef100_Q64XZ0~K08191	91.9	495	40	0	4	498	3	497	0.0	929
assemblyΩ1_2937	UniRef100_E6SR73~K01130	55.7	488	210	3	4	490	20	502	2.26e-195	559
assemblyΩ1_2715	UniRef100_A0A0K6BX51~K00088	98.8	497	6	0	1	497	1	497	0.0	993
assemblyΩ1_1758	UniRef100_Q5LCF0~K01881	98.4	497	8	0	1	497	1	497	0.0	989
assemblyΩ1_3570	UniRef100_A0A015UZF2~K07407	92.3	496	38	0	1	496	1	496	0.0	978
assemblyΩ1_4113	UniRef100_A0A015X1A4~K21572	98.2	494	9	0	1	494	1	494	0.0	972
assemblyΩ1_3399	UniRef100_Q6MMG4~K19294	40.1	486	262	10	23	495	1	470	3.65e-103	322
assemblyΩ1_2956	UniRef100_Q9I3X6~K07487	34.6	483	287	11	3	468	4	474	6.39e-73	244
assemblyΩ1_1768	UniRef100_Q5LCE1~K02232	97.6	495	12	0	1	495	1	495	0.0	977
assemblyΩ1_3921	UniRef100_A0A0K6BNH7~K03100	95.7	494	21	0	1	494	1	494	0.0	993
assemblyΩ1_3591	UniRef100_A0A0E3VQI0~K06871	50.4	498	242	4	1	494	2	498	1.46e-179	518
assemblyΩ1_133	UniRef100_A0A0K6BQN5~K00342	99.0	494	5	0	1	494	1	494	0.0	950
assemblyΩ1_4124	UniRef100_Q5LI95~K03385	97.6	493	12	0	1	493	1	493	0.0	995
assemblyΩ1_3545	UniRef100_A0A1G1TUC6~K03092	94.3	492	28	0	1	492	1	492	3.47e-311	852
assemblyΩ1_1211	UniRef100_A0A139T9Z4~K01372	95.0	480	24	0	13	492	3	482	0.0	936
assemblyΩ1_3936	UniRef100_Q5LIT7~K01883	99.6	491	2	0	1	491	1	491	0.0	1007
assemblyΩ1_3349	UniRef100_A0A0K6BYZ4~K00088	98.6	491	7	0	1	491	1	491	0.0	936
assemblyΩ1_1034	UniRef100_A0A149NB76~K00033	98.2	491	9	0	1	491	1	491	0.0	967
assemblyΩ1_3052	UniRef100_B2A8A3~K00533	35.9	473	277	10	3	460	4	465	8.48e-62	216
assemblyΩ1_1019	UniRef100_F9Z736~K03328	31.2	461	316	1	6	465	4	464	8.18e-71	239
assemblyΩ1_4065	UniRef100_A0A0K6BQ62~K09704	98.2	488	9	0	1	488	1	488	0.0	1000
assemblyΩ1_2386	UniRef100_E6SR73~K01130	43.1	520	230	12	4	481	5	500	3.47e-133	400
assemblyΩ1_2378	UniRef100_A0A0K6BWD2~K01270	93.0	488	34	0	1	488	1	488	0.0	931
assemblyΩ1_1319	UniRef100_Q5LDB4~K11105	96.9	488	15	0	1	488	3	490	0.0	880
assemblyΩ1_4316	UniRef100_E6SR73~K01130	44.8	495	215	9	32	486	25	501	3.90e-137	410
assemblyΩ1_3100	UniRef100_A0A1G1TY16~K21572	99.6	486	2	0	1	486	1	486	0.0	981
assemblyΩ1_1929	UniRef100_D1JPD4~K01990	95.7	486	21	0	1	486	3	488	0.0	937
assemblyΩ1_1203	UniRef100_A0A015NYD7~K03328	90.3	483	47	0	1	483	1	483	2.15e-306	839
assemblyΩ1_459	UniRef100_P45737~K03781	98.1	486	9	0	1	486	1	486	0.0	999
assemblyΩ1_4025	UniRef100_A0A017PEL5~K01928	94.8	485	25	0	1	485	1	485	0.0	910
assemblyΩ1_3701	UniRef100_A0A0K6C004~K00873	98.6	485	7	0	1	485	1	485	0.0	929
assemblyΩ1_3653	UniRef100_A0A1C7GZM3~K03655	61.0	485	182	5	1	483	1	480	2.91e-195	557
assemblyΩ1_3134	UniRef100_A0A0K6BZ10~K05837	96.9	485	15	0	1	485	1	485	0.0	914
assemblyΩ1_64	UniRef100_A0A015S8Q9~K01270	95.7	485	21	0	1	485	1	485	0.0	932
assemblyΩ1_3994	UniRef100_A0A139SYY3~K09014	99.6	484	2	0	1	484	2	485	0.0	964
assemblyΩ1_3319	UniRef100_A0A0E3VQI1~K06871	46.7	490	248	8	1	483	1	484	1.99e-143	426
assemblyΩ1_2391	UniRef100_E1WTL7~K05776	95.5	484	21	1	1	484	1	483	0.0	902
assemblyΩ1_1515	UniRef100_A0A016G0X7~K12942	95.7	484	21	0	1	484	1	484	0.0	919
assemblyΩ1_18	UniRef100_A0A068NRB6~K01206	61.7	447	147	2	32	478	2	424	2.16e-209	591
assemblyΩ1_1541	UniRef100_F7LR10~K08138	97.1	481	14	0	1	481	1	481	0.0	915
assemblyΩ1_4337	UniRef100_Q8VTA8~K21572	59.8	478	185	4	9	481	20	495	2.74e-200	570
assemblyΩ1_2814	UniRef100_A0A139T3Z5~K00970	96.7	478	16	0	1	478	1	478	0.0	921
assemblyΩ1_2474	UniRef100_B1KNH1~K06200	49.8	466	212	10	1	455	1	455	2.76e-143	425
assemblyΩ1_2326	UniRef100_A0A1G1U541~K01176	91.3	481	42	0	1	481	1	481	0.0	945
assemblyΩ1_803	UniRef100_A0A139T752~K09789&K02169	83.5	491	71	1	1	481	1	491	2.44e-301	826
assemblyΩ1_153	UniRef100_A0A0U1EPQ8~K01138	42.9	468	249	8	21	473	37	501	1.10e-133	402
assemblyΩ1_4155	UniRef100_F7LJ47~K01580	97.5	480	12	0	1	480	1	480	0.0	971
assemblyΩ1_3822	UniRef100_A0A015UEB5~K07259	92.3	467	36	0	11	477	1	467	0.0	867
assemblyΩ1_32	UniRef100_A0A149NGR4~K06131	97.9	479	10	0	1	479	1	479	0.0	937
assemblyΩ1_2520	UniRef100_A0A221UV28~K05970	46.5	447	226	7	30	471	22	460	6.92e-137	408
assemblyΩ1_143	UniRef100_A0A149NG35~K03498	96.4	478	17	0	1	478	6	483	0.0	904
assemblyΩ1_132	UniRef100_A0A016CTJ2~K00343	95.0	478	24	0	1	478	1	478	0.0	878
assemblyΩ1_3476	UniRef100_A0A149MVC8~K01744	98.3	477	8	0	1	477	1	477	0.0	932
assemblyΩ1_4018	UniRef100_A0A016ENL7~K03590	97.3	476	13	0	1	476	1	476	1.30e-284	783
assemblyΩ1_865	UniRef100_Q64VQ9~K00956	96.8	476	15	0	1	476	1	476	0.0	916
assemblyΩ1_623	UniRef100_A0A015QS85~K03315	96.2	476	18	0	1	476	1	476	0.0	875
assemblyΩ1_3003	UniRef100_Q5L9D0~K02313	98.7	476	5	1	1	475	1	476	0.0	929
assemblyΩ1_1054	UniRef100_A0A1G1U4H0~K12340	94.0	466	28	0	1	466	1	466	1.16e-303	831
assemblyΩ1_3826	UniRef100_A0A1D7QBZ0~K01206	53.6	442	197	6	20	456	24	462	1.83e-172	499
assemblyΩ1_3691	UniRef100_Q64MT2~K01251	100	472	0	0	1	472	16	487	0.0	947
assemblyΩ1_3054	UniRef100_A0A139T3C7~K03150	96.0	472	19	0	1	472	1	472	0.0	900
assemblyΩ1_2885	UniRef100_A0A0A1B263~K11392	30.7	485	296	14	4	465	10	477	2.23e-52	189
assemblyΩ1_1834	UniRef100_A0A015P219~K03215	98.9	472	5	0	1	472	1	472	0.0	936
assemblyΩ1_36	UniRef100_Q64YC5~K01144	95.8	472	20	0	1	472	1	472	0.0	908
assemblyΩ1_3985	UniRef100_A0A016DTZ4~K00848	91.9	470	38	0	1	470	1	470	0.0	880
assemblyΩ1_795	UniRef100_F4L4B7~K02481	41.6	449	251	4	30	468	2	449	7.56e-110	338
assemblyΩ1_4322	UniRef100_A0A139T2L1~K00928	77.5	454	102	0	1	454	25	478	3.43e-253	703
assemblyΩ1_1788	UniRef100_O29534~K05934	34.6	465	264	13	5	459	9	443	1.46e-69	234
assemblyΩ1_1955	UniRef100_A0A139T4L4~K01657	96.4	468	17	0	1	468	17	484	0.0	909
assemblyΩ1_1718	UniRef100_A0A140E695~K18300	35.3	422	263	5	48	462	53	471	3.01e-73	244
assemblyΩ1_1567	UniRef100_Q5LCT3~K01812	90.8	468	43	0	1	468	1	468	0.0	906
assemblyΩ1_503	UniRef100_A0A1C0WXU1~K00764	97.4	468	12	0	1	468	1	468	0.0	939
assemblyΩ1_3291	UniRef100_A0A0K6BYP3~K01893	98.5	467	7	0	1	467	1	467	0.0	940
assemblyΩ1_2646	UniRef100_A0A076IJZ9~K03655	97.6	380	9	0	1	380	1	380	3.58e-272	751
assemblyΩ1_2067	UniRef100_A0A0E2AL55~K03606	94.4	467	26	0	1	467	1	467	0.0	899
assemblyΩ1_4191	UniRef100_A0A015X0Z4~K01077	96.8	466	15	0	1	466	1	466	0.0	896
assemblyΩ1_3292	UniRef100_Q5L8W1~K06178	97.9	466	10	0	1	466	1	466	5.37e-218	613
assemblyΩ1_2671	UniRef100_Q5LG80~K03650	95.3	465	22	0	1	465	1	465	1.22e-311	850
assemblyΩ1_2016	UniRef100_A0A139T568~K14415	89.9	465	47	0	1	465	1	465	4.27e-312	852
assemblyΩ3_2	UniRef100_A0A0K6BPZ4~K21572	97.8	464	10	0	1	464	1	464	0.0	900
assemblyΩ1_4020	UniRef100_E1WM63~K01924	93.8	464	29	0	1	464	1	464	0.0	883
assemblyΩ1_2596	UniRef100_Q5LAB1~K01703	97.0	464	14	0	1	464	1	464	0.0	920
assemblyΩ1_3929	UniRef100_A0A0P0RQG5~K18139	30.7	476	311	7	1	460	1	473	4.27e-52	189
assemblyΩ1_2975	UniRef100_A0A149N2K1~K01206	91.4	463	40	0	1	463	1	463	0.0	914
assemblyΩ1_2313	UniRef100_A0A0E2AA91~K18691	93.7	463	29	0	1	463	1	463	0.0	882
assemblyΩ1_1546	UniRef100_A0A0K6BUF3~K00428	96.5	463	16	0	1	463	1	463	0.0	912
assemblyΩ1_3059	UniRef100_A0A0K6BY95~K01840	98.7	462	6	0	1	462	1	462	0.0	893
assemblyΩ1_2986	UniRef100_A0A089ILM1~K18908	30.1	425	294	3	25	449	14	435	6.13e-55	195
assemblyΩ1_1091	UniRef100_E1WVF2~K00231	84.6	462	71	0	1	462	1	462	1.61e-287	789
assemblyΩ1_268	UniRef100_A0A015S7Z5~K07405	96.8	433	14	0	1	433	1	433	4.80e-312	851
assemblyΩ1_122	UniRef100_A0A139TBL7~K03292	96.3	462	17	0	1	462	1	462	0.0	880
assemblyΩ1_3941	UniRef100_Q64ZX6~K06871	56.7	464	193	5	1	459	1	461	2.26e-181	520
assemblyΩ1_2774	UniRef100_A0A0K6BY98~K18929	98.5	461	7	0	1	461	1	461	0.0	928
assemblyΩ1_174	UniRef100_A0A0K6BQV2~K16363	98.5	461	7	0	1	461	1	461	0.0	910
assemblyΩ1_3497	UniRef100_A0A016EA19~K07079	96.1	460	18	0	1	460	1	460	0.0	926
assemblyΩ1_2415	UniRef100_A0A075QWY4~K19294	33.0	391	230	9	6	379	10	385	1.13e-56	200
assemblyΩ1_152	UniRef100_A0A1P8ECK1~K01206	36.0	472	259	12	5	459	3	448	6.14e-101	315
assemblyΩ1_2760	UniRef100_A0A0K6BX93~K03310	92.8	459	33	0	1	459	1	459	6.29e-311	848
assemblyΩ1_2247	UniRef100_A0A0K6BWZ4~K01465	93.5	459	30	0	1	459	1	459	0.0	865
assemblyΩ1_2025	UniRef100_Q64SQ6~K11072	98.5	459	7	0	1	459	3	461	0.0	907
assemblyΩ1_205	UniRef100_Q64XT8~K03444	92.6	459	34	0	1	459	1	459	1.09e-311	850
assemblyΩ1_2627	UniRef100_A0LPV8~K06926	31.0	449	281	10	1	442	1	427	4.12e-60	209
assemblyΩ1_2226	UniRef100_A0A0K6BWY4~K18139	96.9	458	14	0	1	458	1	458	0.0	869
assemblyΩ1_2144	UniRef100_A0A139TB93~K11754	86.2	458	63	0	1	458	1	458	3.55e-289	793
assemblyΩ1_695	UniRef100_C3X8C1~K21739	60.8	459	175	3	1	456	1	457	2.09e-190	543
assemblyΩ1_3825	UniRef100_Q5LJ70~K06168	98.5	456	7	0	1	456	1	456	0.0	895
assemblyΩ1_3754	UniRef100_A0A077EIS3~K02100	41.6	437	245	4	8	435	10	445	4.84e-100	312
assemblyΩ1_3544	UniRef100_A0A0K6BZI4~K01262	94.7	457	24	0	1	457	1	457	0.0	879
assemblyΩ1_2720	UniRef100_A0A1A9AYI2~K18139	35.1	413	267	1	41	453	43	454	7.82e-63	216
assemblyΩ1_3346	UniRef100_A0A149NQL8~K03771	97.6	456	11	0	1	456	1	456	1.68e-316	862
assemblyΩ1_1241	UniRef100_A0A0B5B9S2~K02481	42.2	455	254	4	7	456	3	453	2.97e-105	326
assemblyΩ2_59	UniRef100_A0A1X9SLG4~K07496	55.4	442	177	3	13	454	6	427	1.71e-161	468
assemblyΩ1_4353	UniRef100_A0A0K6BPV5~K04485	98.9	455	5	0	1	455	1	455	0.0	876
assemblyΩ1_4151	UniRef100_A0A149N162~K03308	98.0	455	9	0	1	455	1	455	0.0	870
assemblyΩ1_2955	UniRef100_A0A078TKG4~K06871	44.2	443	236	7	1	439	1	436	3.51e-124	374
assemblyΩ1_456	UniRef100_A0A0K6BSJ8~K06001	99.3	455	3	0	1	455	1	455	0.0	915
assemblyΩ1_2969	UniRef100_Q72LC6~K01436	41.7	436	244	4	14	448	1	427	2.91e-113	345
assemblyΩ1_2570	UniRef100_A0A0E2AL88~K01892	98.5	454	7	0	1	454	1	454	0.0	867
assemblyΩ1_1811	UniRef100_A0A1G1TVJ2~K02314	95.8	454	19	0	1	454	1	454	0.0	868
assemblyΩ1_1693	UniRef100_Q3SM99~K02481	42.4	453	246	4	6	454	7	448	9.22e-105	324
assemblyΩ1_1092	UniRef100_D2TUX4~K02495	40.6	441	246	7	5	440	12	441	2.32e-95	300
assemblyΩ1_1941	UniRef100_A0A1C7GZW2~K00266	80.6	449	82	2	1	449	1	444	1.74e-271	748
assemblyΩ1_2617	UniRef100_A0A1D8J6C6~K18139	30.1	471	299	9	2	450	4	466	3.59e-56	199
assemblyΩ1_828	UniRef100_F7LNN2~K00658	85.6	457	59	2	1	452	1	455	4.10e-265	732
assemblyΩ1_3997	UniRef100_A0A139SY69~K09015	97.1	451	13	0	1	451	1	451	0.0	872
assemblyΩ1_3353	UniRef100_A0A0K6BYV0~K03545	96.7	451	15	0	1	451	1	451	9.87e-304	829
assemblyΩ1_2857	UniRef100_A0A0K6BXL7~K11749	94.2	451	26	0	1	451	1	451	8.65e-314	855
assemblyΩ1_1212	UniRef100_A0A1C0WRS4~K00346	98.2	450	8	0	1	450	42	491	0.0	872
assemblyΩ1_4327	UniRef100_A0A015P6Z7~K02481	96.0	447	18	0	1	447	1	447	6.02e-308	840
assemblyΩ1_825	UniRef100_A0A0K6BST5~K00382	93.8	449	28	0	1	449	1	449	1.56e-315	859
assemblyΩ1_719	UniRef100_A0A015WY73~K02481	95.5	449	20	0	1	449	1	449	8.45e-304	829
assemblyΩ1_158	UniRef100_A0A0K6BQB1~K01206	98.4	449	7	0	1	449	1	449	0.0	934
assemblyΩ1_3425	UniRef100_A0A081TN82~K03076	100	448	0	0	1	448	1	448	9.72e-314	854
assemblyΩ1_3293	UniRef100_A0A0K6BZD8~K01756	97.5	448	11	0	1	448	1	448	0.0	871
assemblyΩ1_801	UniRef100_A0A139T7G1~K03885	97.8	447	10	0	1	447	1	447	0.0	877
assemblyΩ1_765	UniRef100_Q8RDM6~K03699	34.2	427	252	8	35	445	12	425	1.50e-58	204
assemblyΩ1_4278	UniRef100_Q64Z15~K01755	95.5	446	20	0	1	446	1	446	2.12e-312	851
assemblyΩ1_3821	UniRef100_E1WJR8~K00382	94.6	447	24	0	1	447	1	447	1.70e-302	826
assemblyΩ1_3151	UniRef100_A0A0K6BYV6~K07713	95.3	447	21	0	1	447	1	447	1.40e-301	823
assemblyΩ1_2911	UniRef100_A0A0K6BXL5~K01647	99.1	447	4	0	1	447	1	447	0.0	875
assemblyΩ1_2833	UniRef100_F7LSW6~K12452	98.7	447	6	0	1	447	1	447	0.0	919
assemblyΩ1_1878	UniRef100_A0A0E2ANW5~K12452	99.3	447	3	0	1	447	1	447	0.0	924
assemblyΩ1_146	UniRef100_Q64Y00~K06889	86.9	443	58	0	1	443	1	443	1.22e-281	773
assemblyΩ1_144	UniRef100_A0A0K6BQS2~K03499	99.6	446	2	0	1	446	1	446	0.0	869
assemblyΩ1_61	UniRef100_A0A149NGW9~K06213	99.8	446	1	0	1	446	1	446	5.69e-266	733
assemblyΩ1_2989	UniRef100_Q5L9E3~K01810	98.0	445	9	0	1	445	1	445	0.0	870
assemblyΩ1_2810	UniRef100_A0A0K6BY40~K00262	99.6	445	2	0	1	445	1	445	0.0	894
assemblyΩ1_1894	UniRef100_A0A149N5E2~K03615	98.0	445	9	0	1	445	1	445	1.02e-302	826
assemblyΩ1_613	UniRef100_A0A0K6BS17~K03699	94.9	428	22	0	18	445	1	428	8.98e-277	760
assemblyΩ1_4023	UniRef100_A0A1G1TRY7~K01925	97.5	444	11	0	1	444	1	444	0.0	868
assemblyΩ1_2788	UniRef100_A0A0K6BYB2~K00262	99.3	444	3	0	1	444	1	444	0.0	895
assemblyΩ1_2022	UniRef100_A0A149N4Z3~K11069	93.5	444	29	0	1	444	1	444	1.50e-315	858
assemblyΩ1_1779	UniRef100_E1WP49~K02224	84.9	444	67	0	1	444	1	444	1.93e-279	767
assemblyΩ1_3986	UniRef100_A0A017PDU5~K02429	98.9	443	5	0	1	443	1	443	4.63e-314	855
assemblyΩ1_1324	UniRef100_A0A0D3LN08~K02481	42.2	460	241	6	4	443	2	456	7.60e-104	322
assemblyΩ1_1295	UniRef100_A0A1G1U188~K21572	88.0	443	53	0	1	443	1	443	1.44e-285	783
assemblyΩ1_4041	UniRef100_Q64ZK4~K01129	95.0	441	22	0	1	441	11	451	8.05e-305	832
assemblyΩ1_3148	UniRef100_A0A0E2AV76~K03327	96.8	441	14	0	1	441	1	441	3.19e-304	830
assemblyΩ1_2764	UniRef100_A0A0K6BX54~K16345	98.0	440	9	0	1	440	1	440	1.69e-299	818
assemblyΩ1_2215	UniRef100_E1WS93~K07071	92.7	440	32	0	1	440	1	440	2.98e-309	842
assemblyΩ1_2143	UniRef100_A0A0K6BVT3~K07175	98.4	441	7	0	1	441	1	441	3.39e-315	857
assemblyΩ1_851	UniRef100_A0A0K6BS93~K02429	99.8	441	1	0	1	441	1	441	1.16e-316	861
assemblyΩ1_4303	UniRef100_A0A139T2T8~K12340	94.8	440	23	0	1	440	4	443	2.96e-291	797
assemblyΩ1_4261	UniRef100_A0A2D3NEC1~K07713	100	440	0	0	1	440	1	440	0.0	868
assemblyΩ1_3882	UniRef100_A0A149NP28~K07444	97.3	440	12	0	1	440	12	451	3.01e-302	825
assemblyΩ1_3650	UniRef100_A0A2D3M957~K07713	98.0	440	9	0	1	440	1	440	1.43e-311	848
assemblyΩ1_907	UniRef100_A0A139T639~K06921	98.4	440	7	0	1	440	1	440	3.13e-315	857
assemblyΩ1_87	UniRef100_A0A076ITQ9~K01841	85.6	436	63	0	1	436	1	436	3.04e-274	754
assemblyΩ3_30	UniRef100_A0A139T1X9~K03327	87.4	436	55	0	1	436	3	438	1.63e-273	752
assemblyΩ1_4078	UniRef100_Q64ZF2~K07221	98.9	439	5	0	1	439	1	439	0.0	877
assemblyΩ1_3563	UniRef100_A0A089LQ56~K02100	40.5	447	254	5	1	435	15	461	6.69e-105	325
assemblyΩ1_3311	UniRef100_A6LG33~K02022	39.7	431	254	2	7	437	4	428	1.27e-92	292
assemblyΩ1_3014	UniRef100_A0A1G1TZZ6~K18707	96.8	439	14	0	1	439	1	439	9.29e-312	848
assemblyΩ1_2354	UniRef100_A0A0K6BW18~K03106	99.3	439	3	0	1	439	1	439	8.72e-301	821
assemblyΩ1_2182	UniRef100_A0A0K6BVX6~K00928	98.4	439	7	0	1	439	1	439	1.18e-314	856
assemblyΩ1_2051	UniRef100_A0A0K6BVK1~K07058	99.8	439	1	0	1	439	1	439	2.97e-308	840
assemblyΩ1_2033	UniRef100_A0A0K6BVC0~K02118	99.8	439	1	0	1	439	1	439	5.82e-317	862
assemblyΩ1_1540	UniRef100_Q64U20~K01805	96.1	439	17	0	1	439	1	439	0.0	871
assemblyΩ1_1219	UniRef100_C6Y319~K05591	52.4	435	204	3	4	438	3	434	1.50e-154	450
assemblyΩ1_2446	UniRef100_D1JSN1~K16211	95.4	438	20	0	1	438	1	438	6.47e-307	836
assemblyΩ1_739	UniRef100_A0A139T7N3~K00012	99.8	438	1	0	1	438	1	438	0.0	863
assemblyΩ1_3359	UniRef100_Q5L8K8~K03977	100	437	0	0	1	437	1	437	8.76e-316	858
assemblyΩ1_2087	UniRef100_A0A076IL95~K00012	82.6	437	76	0	1	437	1	437	3.64e-269	741
assemblyΩ1_1851	UniRef100_Q5LC87~K03313	97.9	437	9	0	1	437	1	437	3.04e-300	819
assemblyΩ1_1571	UniRef100_A0A1G1U117~K00012	96.3	437	16	0	1	437	1	437	1.21e-306	835
assemblyΩ1_4017	UniRef100_A0A0K6BNU9~K03531	99.3	436	3	0	1	436	1	436	8.23e-293	800
assemblyΩ1_3477	UniRef100_A0A139SZL0~K07791	97.7	436	10	0	1	436	9	444	4.41e-283	776
assemblyΩ1_888	UniRef100_A0A149N9E4~K01912	98.4	435	7	0	1	435	1	435	1.37e-311	848
assemblyΩ1_791	UniRef100_Q64VY8~K09808	94.3	435	25	0	1	435	1	435	1.08e-292	800
assemblyΩ1_707	UniRef100_A0A0P0GVG1~K02004	47.4	435	223	3	1	435	1	429	9.59e-125	374
assemblyΩ1_705	UniRef100_A0A174NND5~K02004	49.0	437	217	5	1	435	1	433	1.71e-144	424
assemblyΩ1_704	UniRef100_A0A221JKM4~K02004	41.7	441	241	8	1	435	1	431	8.12e-102	315
assemblyΩ1_2861	UniRef100_Q5L9P3~K00790	97.2	434	12	0	1	434	1	434	3.19e-305	832
assemblyΩ1_2622	UniRef100_D4IQJ7~K07713	65.9	431	145	2	3	433	6	434	2.37e-197	559
assemblyΩ1_2573	UniRef100_A0A015TGD2~K01206	98.4	434	7	0	1	434	1	434	0.0	906
assemblyΩ1_703	UniRef100_A0A174NND5~K02004	49.3	434	217	3	1	433	1	432	2.03e-145	427
assemblyΩ1_4360	UniRef100_Q64YR7~K01733	93.3	433	29	0	1	433	1	433	6.10e-298	813
assemblyΩ1_114	UniRef100_A0A149NG05~K19355	89.1	433	47	0	1	433	3	435	5.28e-304	828
assemblyΩ1_4153	UniRef100_E1WKP0~K01929	93.1	432	30	0	1	432	1	432	4.63e-297	811
assemblyΩ1_4135	UniRef100_A0A0K6BP65~K08218	95.8	432	18	0	1	432	1	432	1.13e-313	853
assemblyΩ1_3001	UniRef100_A0A139T3H9~K01448	90.0	418	37	2	16	432	1	414	2.22e-263	725
assemblyΩ1_2698	UniRef100_E6SRM3~K06926	78.2	432	94	0	1	432	1	432	1.81e-248	688
assemblyΩ1_1919	UniRef100_A0A0K6BUW6~K01912	98.4	432	7	0	1	432	1	432	0.0	867
assemblyΩ1_1749	UniRef100_E1WP21~K14441	94.0	432	26	0	1	432	1	432	1.30e-303	827
assemblyΩ1_715	UniRef100_A0A0K6BS02~K02004	91.9	431	35	0	1	431	1	431	1.97e-282	774
assemblyΩ1_50	UniRef100_A0A139TC62~K08307	97.5	432	11	0	1	432	8	439	3.11e-315	857
assemblyΩ1_4022	UniRef100_A0A017PDE0~K03588	97.4	431	11	0	1	431	1	431	1.37e-293	802
assemblyΩ1_629	UniRef100_Q64WF9~K04075	84.2	425	67	0	1	425	1	425	1.10e-261	721
assemblyΩ1_3861	UniRef100_A0A0E2AW57~K01866	98.1	430	8	0	1	430	1	430	1.18e-314	855
assemblyΩ1_3855	UniRef100_Q5LJ26~K00789	97.9	430	9	0	1	430	1	430	4.51e-303	826
assemblyΩ1_706	UniRef100_A0A221JKM4~K02004	40.1	446	235	4	1	429	1	431	3.21e-108	332
assemblyΩ1_404	UniRef100_Q5LG64~K01689	99.1	429	4	0	1	429	1	429	5.54e-308	838
assemblyΩ1_2929	UniRef100_C7P8X1~K20021	31.4	424	246	12	5	426	3	383	3.67e-42	159
assemblyΩ1_2306	UniRef100_E1WT13~K00013	93.9	428	26	0	1	428	1	428	3.18e-286	783
assemblyΩ1_619	UniRef100_A0A016EAY7~K01740	98.4	428	7	0	1	428	1	428	6.39e-302	823
assemblyΩ1_857	UniRef100_A0A0K6BTD0~K11927	97.0	427	13	0	1	427	1	427	1.22e-294	804
assemblyΩ1_2726	UniRef100_A0A0K6BX32~K01740	99.5	426	2	0	1	426	1	426	0.0	863
assemblyΩ1_1488	UniRef100_Q5LD58~K00600	99.5	426	2	0	1	426	1	426	3.22e-310	843
assemblyΩ1_1063	UniRef100_Q8KNJ2~K21168	40.7	432	238	9	8	424	11	439	4.97e-85	272
assemblyΩ1_360	UniRef100_A0A139TAK1~K02474	98.6	425	6	0	1	425	1	425	1.65e-307	837
assemblyΩ1_3880	UniRef100_A0A149NNZ1~K01945	95.3	424	20	0	1	424	1	424	2.04e-296	808
assemblyΩ1_2890	UniRef100_A0A0E2AN12~K06131	97.4	424	11	0	1	424	1	424	3.21e-309	841
assemblyΩ1_275	UniRef100_A0A0K6BR46~K01875	99.1	424	4	0	1	424	1	424	9.19e-309	840
assemblyΩ1_2574	UniRef100_Q5LAD5~K01939	98.8	423	5	0	1	423	1	423	2.65e-312	848
assemblyΩ1_1217	UniRef100_A0A0K6BUM1~K00351	99.5	423	2	0	1	423	1	423	6.24e-311	845
assemblyΩ1_1066	UniRef100_A0A1G1U4G2~K07478	98.6	423	6	0	1	423	1	423	1.51e-302	824
assemblyΩ1_999	UniRef100_E1WUX3~K07133	98.6	423	6	0	1	423	1	423	2.18e-311	846
assemblyΩ1_4024	UniRef100_A0A0K6BNT2~K01000	99.1	422	4	0	1	422	1	422	4.47e-299	815
assemblyΩ1_1374	UniRef100_A0A0P0FUK9~K03502	59.5	422	165	3	1	422	1	416	2.40e-176	504
assemblyΩ1_702	UniRef100_A0A223HQ55~K02004	35.6	438	248	11	1	422	1	420	8.86e-72	237
assemblyΩ1_539	UniRef100_A0A0K6BRV2~K08218	97.2	422	12	0	1	422	1	422	6.08e-297	810
assemblyΩ1_711	UniRef100_A0A1G1U9E1~K01607	64.2	419	131	3	1	419	1	400	8.65e-192	543
assemblyΩ1_701	UniRef100_F7LNA3~K02004	86.5	421	57	0	1	421	1	421	2.14e-269	740
assemblyΩ1_3991	UniRef100_A0A0K6BP12~K02600	99.8	420	1	0	1	420	1	420	4.77e-293	800
assemblyΩ1_3952	UniRef100_A0A016E6P7~K09458	98.6	420	6	0	1	420	1	420	1.33e-299	816
assemblyΩ1_1355	UniRef100_Q64UA0~K15725	85.4	419	61	0	1	419	1	419	9.66e-254	700
assemblyΩ1_4306	UniRef100_A0A0K6BPH0~K02004	98.1	419	8	0	1	419	1	419	2.04e-298	813
assemblyΩ1_2405	UniRef100_A0A0K6BXA1~K00927	99.5	419	2	0	1	419	1	419	1.44e-298	813
assemblyΩ1_1573	UniRef100_F4CAS5~K11927	43.4	376	206	3	1	375	1	370	6.56e-96	299
assemblyΩ1_1180	UniRef100_A0A1D7QKQ2~K00558	62.9	407	151	0	9	415	1	407	1.75e-185	527
assemblyΩ1_335	UniRef100_A0PYY8~K03699	30.2	427	266	12	4	418	12	418	3.08e-46	170
assemblyΩ3_3	UniRef100_A0A015S8W8~K03665	99.0	417	4	0	1	417	1	417	4.71e-287	784
assemblyΩ1_3409	UniRef100_E1WP00~K01468	94.5	417	23	0	1	417	1	417	1.41e-288	788
assemblyΩ1_1858	UniRef100_A0A0K6BUR1~K03322	97.6	417	10	0	1	417	1	417	1.44e-281	770
assemblyΩ1_116	UniRef100_A0A1C7I826~K01599	44.1	417	226	2	4	417	3	415	4.53e-131	389
assemblyΩ1_3265	UniRef100_A0A017N827~K01992	96.2	416	16	0	1	416	1	416	6.91e-284	776
assemblyΩ1_3149	UniRef100_Q11Q91~K07263	52.2	410	196	0	1	410	1	410	3.08e-147	430
assemblyΩ1_1695	UniRef100_A0A0P0GVL9~K02005	78.4	416	90	0	1	416	1	416	6.96e-231	642
assemblyΩ1_21	UniRef100_Q5LHG9~K00800	88.4	406	47	0	1	406	1	406	2.14e-265	729
assemblyΩ1_4211	UniRef100_A0A1C0WWM6~K00147	90.4	415	40	0	1	415	1	415	2.43e-272	747
assemblyΩ1_3913	UniRef100_A0A088A820~K17732	30.2	411	246	9	14	399	47	441	3.24e-43	163
assemblyΩ1_3351	UniRef100_Q5L8L7~K03544	99.3	415	3	0	1	415	1	415	7.41e-299	814
assemblyΩ1_797	UniRef100_A0A1G1U7D1~K02005	93.3	415	28	0	1	415	1	415	3.24e-277	759
assemblyΩ1_700	UniRef100_A0A1G1TYG5~K02005	97.8	415	9	0	1	415	1	415	6.53e-277	758
assemblyΩ1_75	UniRef100_A0A0K6BQ41~K16053	97.1	415	12	0	1	415	1	415	1.41e-287	785
assemblyΩ1_4305	UniRef100_A0A0K6BQL9~K02004	97.1	414	12	0	1	414	1	414	5.17e-294	801
assemblyΩ1_3274	UniRef100_E1WNC1~K03601	94.4	410	23	0	1	410	1	410	2.84e-221	617
assemblyΩ1_716	UniRef100_A0A1G1TYK4~K02004	87.2	414	53	0	1	414	1	414	8.52e-261	717
assemblyΩ1_3780	UniRef100_A0A015UZ19~K08303	98.1	413	8	0	1	413	10	422	1.58e-292	798
assemblyΩ1_3698	UniRef100_A0A016CI74~K09808	94.2	412	24	0	1	412	1	412	1.16e-273	750
assemblyΩ1_2286	UniRef100_A0A0E2AWY8~K06871	96.3	410	15	0	3	412	2	411	4.66e-316	857
assemblyΩ1_1789	UniRef100_A0A139T5M6~K00595	75.5	400	96	1	10	409	29	426	1.72e-218	611
assemblyΩ1_2108	UniRef100_A0A149NF03~K01572	99.5	411	2	0	1	411	2	412	1.39e-283	775
assemblyΩ1_259	UniRef100_A0A1G1U6L8~K01740	92.5	411	31	0	1	411	1	411	1.31e-274	752
assemblyΩ1_2909	UniRef100_V9XJF2~K22347	42.3	376	215	2	9	383	8	382	1.40e-90	285
assemblyΩ1_2260	UniRef100_A0A0E2AKK7~K03547	94.4	410	23	0	1	410	1	410	1.55e-277	759
assemblyΩ1_1945	UniRef100_Q64SY6~K10206	97.6	410	10	0	1	410	1	410	4.87e-306	832
assemblyΩ1_1754	UniRef100_Q5LCF4~K03742	92.2	410	32	0	1	410	1	410	2.50e-267	734
assemblyΩ1_291	UniRef100_A0A149NDJ8~K11537	97.8	410	9	0	1	410	10	419	1.42e-298	813
assemblyΩ1_176	UniRef100_A0A0K6BRK8~K06885	98.3	409	7	0	1	409	1	409	3.49e-294	801
assemblyΩ1_3579	UniRef100_E1WQS5~K06871	46.6	406	212	2	3	408	89	489	4.47e-133	396
assemblyΩ1_2486	UniRef100_A0A015T1V2~K02000	97.1	408	12	0	1	408	1	408	1.21e-273	749
assemblyΩ1_1849	UniRef100_A0A149N5M8~K09760	97.8	408	9	0	1	408	1	408	4.97e-250	690
assemblyΩ1_340	UniRef100_I0IL36~K10941	36.7	392	199	4	16	407	6	348	4.83e-77	248
assemblyΩ1_1574	UniRef100_A0A149NK90~K01079	98.8	407	5	0	1	407	1	407	2.07e-285	779
assemblyΩ1_1053	UniRef100_A0A149NB40~K02005	90.7	407	38	0	1	407	1	407	2.42e-245	678
assemblyΩ1_654	UniRef100_Q1ILE9~K13010	34.3	400	234	8	1	396	12	386	2.05e-68	227
assemblyΩ1_502	UniRef100_Q5LFT7~K01258	98.5	407	6	0	1	407	1	407	1.54e-296	807
assemblyΩ1_3468	UniRef100_A0A1G1TZ70~K02527	97.3	406	11	0	1	406	1	406	1.28e-299	815
assemblyΩ1_3044	UniRef100_A0A139T3R5~K07568	97.5	406	10	0	1	406	28	433	5.05e-299	815
assemblyΩ1_1051	UniRef100_A0A149NBA3~K02004	97.5	406	10	0	1	406	1	406	9.30e-277	757
assemblyΩ1_372	UniRef100_Q64XA5~K03979	99.7	386	1	0	20	405	1	386	2.90e-268	735
assemblyΩ1_4343	UniRef100_Q5LHT1~K14652	98.3	404	7	0	1	404	1	404	1.78e-289	789
assemblyΩ1_387	UniRef100_A0A0K6BQY7~K01572	99.5	404	2	0	1	404	1	404	2.78e-277	758
assemblyΩ1_4359	UniRef100_A0A015TTF5~K15635	96.5	402	14	0	1	402	1	402	5.14e-293	798
assemblyΩ1_4087	UniRef100_A0A0P0G2R9~K18581	39.9	411	226	9	1	401	1	400	6.31e-92	288
assemblyΩ1_3998	UniRef100_A0A139SY65~K11717	95.3	403	19	0	1	403	11	413	1.74e-282	772
assemblyΩ1_1564	UniRef100_F7LPW5~K08217	92.1	403	32	0	1	403	1	403	1.48e-260	716
assemblyΩ1_1028	UniRef100_A0A1D8TW40~K03208	30.3	402	267	9	1	394	1	397	1.75e-36	144
assemblyΩ1_274	UniRef100_A0A220VGT3~K02429	30.1	408	266	9	4	398	2	403	1.15e-54	192
assemblyΩ1_1808	UniRef100_A0A0K6BVT2~K00844	91.8	402	33	0	1	402	1	402	1.03e-271	744
assemblyΩ1_1542	UniRef100_A0A1W2W483~K18398	35.3	391	238	8	23	398	19	409	1.51e-79	258
assemblyΩ1_1526	UniRef100_E1WN70~K08223	94.5	402	22	0	1	402	1	402	5.16e-261	717
assemblyΩ1_898	UniRef100_Q7MLY6~K15545	31.1	366	241	5	36	397	64	422	1.69e-50	181
assemblyΩ1_476	UniRef100_A0A015P5B7~K01752	97.5	402	10	0	1	402	1	402	2.75e-292	796
assemblyΩ1_4286	UniRef100_A0A0I9RV49~K01940	100	401	0	0	1	401	1	401	2.97e-291	793
assemblyΩ1_3917	UniRef100_E1WK17~K01686	92.0	402	31	1	1	401	1	402	1.87e-276	756
assemblyΩ1_645	UniRef100_A0A0P0G278~K02472	88.3	401	47	0	1	401	1	401	8.38e-266	729
assemblyΩ1_3730	UniRef100_A0A0K6C058~K02472	98.5	400	6	0	1	400	1	400	4.95e-294	800
assemblyΩ1_790	UniRef100_A0A081U5G7~K00812	100	399	0	0	1	399	1	399	3.92e-295	803
assemblyΩ1_251	UniRef100_C4LFR6~K12264	31.5	394	261	7	7	394	5	395	8.78e-58	201
assemblyΩ1_4190	UniRef100_Q5LI41~K00925	99.0	398	4	0	1	398	1	398	1.39e-283	774
assemblyΩ1_2057	UniRef100_A0A0K6BV93~K02037	98.2	398	7	0	1	398	1	398	1.78e-270	741
assemblyΩ1_4344	UniRef100_A0A0K6BPU4~K00812	98.7	397	5	0	1	397	1	397	2.23e-284	776
assemblyΩ1_2341	UniRef100_W0JLJ0~K09809	31.1	412	220	20	6	393	5	376	5.32e-24	108
assemblyΩ1_2150	UniRef100_A0A0K6BVU9~K13038	97.0	397	12	0	1	397	1	397	5.86e-280	764
assemblyΩ1_430	UniRef100_A0A0K6BSF2~K00290	99.0	397	4	0	1	397	1	397	1.14e-302	822
assemblyΩ1_123	UniRef100_Q64Y26~K16213	86.2	391	54	0	6	396	1	391	1.34e-261	718
assemblyΩ1_44	UniRef100_F0R860~K07552	63.3	384	141	0	4	387	3	386	2.63e-165	474
assemblyΩ1_2912	UniRef100_A0A017NAU5~K00031	95.2	396	19	0	1	396	1	396	4.65e-281	767
assemblyΩ1_2408	UniRef100_F7LU25~K07148	93.4	396	26	0	1	396	1	396	7.07e-276	754
assemblyΩ1_2228	UniRef100_A0A015NVY7~K03585	96.2	396	15	0	1	396	1	396	6.93e-267	731
assemblyΩ1_1776	UniRef100_A0A015NXA2~K01992	95.2	396	19	0	1	396	1	396	2.36e-274	750
assemblyΩ1_2159	UniRef100_A0A139TBB9~K00639	99.5	395	2	0	1	395	21	415	8.55e-286	780
assemblyΩ1_1982	UniRef100_A0A149N4U9~K07148	94.4	395	22	0	1	395	1	395	1.32e-275	753
assemblyΩ1_1483	UniRef100_A0A0P0EYY1~K14155	73.5	385	102	0	1	385	1	385	1.33e-222	619
assemblyΩ1_804	UniRef100_A0A015UA34~K00652	84.7	391	60	0	1	391	1	391	6.93e-242	668
assemblyΩ1_3462	UniRef100_Q5L890~K02358	100	394	0	0	1	394	1	394	2.84e-290	790
assemblyΩ1_3105	UniRef100_A0A0K6BZB5~K10206	99.5	394	2	0	1	394	1	394	2.76e-297	808
assemblyΩ1_2515	UniRef100_H6LAI3~K01372	50.5	372	182	2	24	394	33	403	5.25e-138	405
assemblyΩ1_1704	UniRef100_A0A0K6BUE2~K00652	99.7	394	1	0	1	394	1	394	1.58e-287	783
assemblyΩ1_1320	UniRef100_A0A1G1U1D3~K02824	97.5	394	10	0	1	394	1	394	1.51e-267	733
assemblyΩ1_928	UniRef100_Q5LED4~K03686	96.4	394	14	0	1	394	1	394	1.10e-239	662
assemblyΩ1_900	UniRef100_A0A0K6BSS0~K01787	97.5	394	10	0	1	394	1	394	4.44e-303	823
assemblyΩ1_258	UniRef100_A0A016CT22~K14155	93.4	394	26	0	1	394	1	394	1.97e-281	768
assemblyΩ1_3264	UniRef100_E1WNA8~K01992	96.9	393	12	0	1	393	1	393	3.23e-275	752
assemblyΩ1_2478	UniRef100_A0A081UKC4~K07133	100	392	0	0	1	392	1	392	2.53e-292	795
assemblyΩ1_1213	UniRef100_A0A0K6BTK5~K00347	99.0	392	4	0	1	392	1	392	1.44e-282	771
assemblyΩ1_292	UniRef100_A0A0K6BQM8~K06969	98.5	392	6	0	1	392	1	392	5.11e-292	795
assemblyΩ1_1969	UniRef100_A0A1G1TNN6~K00602	98.0	391	8	0	1	391	1	391	1.52e-288	786
assemblyΩ1_1954	UniRef100_Q5LBZ8~K01696	97.4	390	10	0	1	390	1	390	1.29e-284	776
assemblyΩ1_1775	UniRef100_I9VHQ7~K01992	97.2	390	11	0	1	390	1	390	1.19e-264	725
assemblyΩ1_121	UniRef100_Q5LH68~K16212	95.1	390	19	0	1	390	1	390	2.83e-288	785
assemblyΩ1_2380	UniRef100_A0A0P0GCB2~K16053	74.0	389	101	0	1	389	1	389	1.92e-212	593
assemblyΩ1_2140	UniRef100_A0A149NFJ5~K07315	90.5	389	37	0	1	389	1	389	4.01e-251	691
assemblyΩ1_2858	UniRef100_Q5L9P6~K00099	97.4	388	10	0	1	388	1	388	8.54e-273	746
assemblyΩ1_2703	UniRef100_A0A139T578~K00763	93.0	388	27	0	1	388	1	388	2.55e-274	749
assemblyΩ1_2256	UniRef100_A0A015PZ54~K07098	95.9	388	16	0	1	388	1	388	3.69e-283	772
assemblyΩ1_2234	UniRef100_A0A0K6BW35~K01443	99.7	388	1	0	1	388	1	388	2.32e-286	780
assemblyΩ1_1343	UniRef100_Q5LD90~K08289	97.9	388	8	0	1	388	1	388	2.19e-275	752
assemblyΩ1_179	UniRef100_A0A1G1U437~K01933	99.0	388	4	0	1	388	1	388	7.44e-283	771
assemblyΩ1_2811	UniRef100_Q74E59~K01271	33.8	390	250	4	5	386	8	397	1.42e-70	232
assemblyΩ1_2181	UniRef100_A0A1G1TQ27~K01586	96.9	387	12	0	1	387	1	387	8.60e-277	756
assemblyΩ1_3931	UniRef100_A0A0K6BNI5~K03585	68.7	383	119	1	1	383	1	382	1.17e-171	489
assemblyΩ1_2429	UniRef100_A0A0K6BX46~K01572	99.2	386	3	0	1	386	1	386	1.16e-269	738
assemblyΩ1_3983	UniRef100_A0A1G1TRY3~K00048	96.4	384	14	0	1	384	1	384	7.65e-258	707
assemblyΩ1_850	UniRef100_A0A0K6BSW0~K00849	99.0	383	4	0	1	383	1	383	6.62e-284	773
assemblyΩ1_646	UniRef100_A0A223HNR1~K01791	76.4	382	88	1	1	380	1	382	1.05e-214	598
assemblyΩ1_377	UniRef100_A0A1T3EPQ9~K07404	53.6	373	157	4	13	382	16	375	1.86e-129	382
assemblyΩ1_2049	UniRef100_Q64SN3~K19802	96.1	383	15	0	1	383	1	383	3.07e-268	734
assemblyΩ1_2039	UniRef100_A0A016BTH9~K01443	99.7	383	1	0	1	383	1	383	8.30e-280	763
assemblyΩ1_1347	UniRef100_A0A0E2AR75~K02108	95.6	383	17	0	1	383	1	383	1.03e-266	730
assemblyΩ1_97	UniRef100_A0A015QFR0~K19068	83.0	383	65	0	1	383	1	383	6.73e-240	662
assemblyΩ1_1534	UniRef100_Q5LCW4~K01903	92.1	382	30	0	1	382	1	382	2.60e-248	683
assemblyΩ1_1363	UniRef100_A0A0E2SUD9~K02016	95.0	382	19	0	1	382	1	382	6.24e-272	743
assemblyΩ1_1059	UniRef100_A0A0K6BT91~K00426	96.9	382	12	0	1	382	1	382	6.97e-269	735
assemblyΩ1_4279	UniRef100_A0A223HTN2~K00865	60.6	381	149	1	1	381	1	380	2.36e-157	453
assemblyΩ1_1950	UniRef100_A0A0K6BUZ1~K08325	96.9	381	12	0	1	381	1	381	1.93e-270	739
assemblyΩ1_1021	UniRef100_A0A139TBY4~K01791	73.9	383	98	1	1	381	11	393	8.16e-209	584
assemblyΩ1_88	UniRef100_A0A076IR79~K09459	73.2	380	99	1	1	380	1	377	3.10e-195	549
assemblyΩ1_4021	UniRef100_A0A1C0X468~K02563	92.1	379	30	0	1	379	1	379	8.68e-246	677
assemblyΩ1_1563	UniRef100_Q5LCT7~K07221	83.7	380	62	0	1	380	1	380	4.31e-246	677
assemblyΩ1_434	UniRef100_A0A139T104~K02016	85.0	380	57	0	1	380	1	380	6.52e-241	664
assemblyΩ1_3372	UniRef100_A0A0P0EWD0~K02016	100	379	0	0	1	379	1	379	3.24e-277	756
assemblyΩ1_2872	UniRef100_A0A0K6BYI1~K01710	99.2	379	3	0	1	379	1	379	1.70e-288	785
assemblyΩ1_1719	UniRef100_Q07NN1~K03585	34.1	372	231	6	7	369	21	387	1.28e-53	188
assemblyΩ1_1296	UniRef100_A0A0P0GU91~K04763	46.9	369	187	6	9	374	18	380	1.77e-101	311
assemblyΩ1_98	UniRef100_A0A0P0FVX7~K01791	81.8	379	69	0	1	379	1	379	5.55e-228	632
assemblyΩ1_89	UniRef100_A0A0B5HWG5~K19954	34.6	381	230	11	11	379	12	385	3.49e-48	173
assemblyΩ1_4066	UniRef100_A0A149NJF8~K01785	95.0	378	19	0	1	378	1	378	3.21e-272	743
assemblyΩ1_651	UniRef100_A0A0N7IG71~K19068	69.1	375	116	0	1	375	1	375	1.03e-196	553
assemblyΩ1_55	UniRef100_A0A139TCF3~K00748	93.9	377	23	0	1	377	1	377	6.31e-258	707
assemblyΩ1_4258	UniRef100_A0A2D3NE79~K07133	100	376	0	0	1	376	1	376	2.63e-270	738
assemblyΩ1_3729	UniRef100_A0A016E1P0~K01791	94.9	376	19	0	1	376	1	376	2.07e-267	731
assemblyΩ1_3564	UniRef100_E1WQR1~K01785	92.3	376	29	0	1	376	4	379	1.34e-266	729
assemblyΩ1_2602	UniRef100_Q64QN6~K00912	86.9	375	49	0	1	375	1	375	1.83e-245	676
assemblyΩ1_2209	UniRef100_D5EWD7~K06921	51.2	373	181	1	4	375	1	373	6.06e-130	383
assemblyΩ1_1577	UniRef100_A0A0K6BU92~K00773	98.7	376	5	0	1	376	1	376	1.32e-279	762
assemblyΩ1_1026	UniRef100_A0A0I9UUW5~K01791	98.9	376	4	0	1	376	1	376	2.63e-270	738
assemblyΩ1_652	UniRef100_A0A098C086~K01791	79.1	387	70	1	1	376	1	387	1.30e-220	613
assemblyΩ1_4332	UniRef100_Q8VTB3~K07646	94.9	375	19	0	1	375	1	375	4.54e-250	687
assemblyΩ1_1289	UniRef100_A0A0K6BU06~K11527	96.3	375	14	0	1	375	1	375	5.77e-253	694
assemblyΩ1_4284	UniRef100_A0A1G1TSG7~K00821	95.5	374	17	0	1	374	1	374	4.87e-265	725
assemblyΩ1_2304	UniRef100_E1WT11~K01089	93.9	374	23	0	1	374	1	374	3.58e-267	730
assemblyΩ1_2152	UniRef100_A0A0K6BVI2~K02338	98.7	374	5	0	1	374	1	374	2.03e-257	706
assemblyΩ1_1828	UniRef100_A0A0K6BUN9~K03150	97.6	374	9	0	1	374	1	374	8.55e-275	749
assemblyΩ1_120	UniRef100_A0A149NFY7~K01218	91.7	374	31	0	1	374	1	374	1.03e-266	729
assemblyΩ1_3778	UniRef100_F7LIU1~K04096	91.2	373	33	0	1	373	1	373	2.51e-246	677
assemblyΩ1_2615	UniRef100_A0A1G1TR42~K03585	70.5	369	109	0	1	369	1	369	1.09e-175	499
assemblyΩ1_868	UniRef100_A0A174AYT0~K03286	46.8	393	158	10	1	373	1	362	3.71e-83	263
assemblyΩ1_2358	UniRef100_Q64RB5~K07282	90.9	372	34	0	1	372	1	372	5.95e-249	684
assemblyΩ1_1927	UniRef100_A0A139T5K1~K01992	89.8	372	38	0	1	372	1	372	1.52e-235	650
assemblyΩ1_876	UniRef100_A0A174AYT0~K03286	47.7	392	155	9	1	372	1	362	1.25e-86	272
assemblyΩ1_3522	UniRef100_A0A015UZJ6~K00929	95.4	371	17	0	1	371	1	371	1.80e-254	698
assemblyΩ1_3039	UniRef100_K4IGF8~K18831	41.6	363	202	6	12	371	9	364	2.16e-98	302
assemblyΩ1_1709	UniRef100_A1U1G5~K10536	53.6	345	147	5	36	370	7	348	4.34e-118	352
assemblyΩ1_113	UniRef100_A0A1G1U401~K01218	89.2	370	40	0	1	370	1	370	4.31e-262	717
assemblyΩ2_43	UniRef100_G2SKE3~K07496	33.2	355	217	7	3	347	4	348	2.48e-42	157
assemblyΩ1_2727	UniRef100_A0A149N3Q6~K01448	91.3	346	26	1	29	370	1	346	2.12e-226	626
assemblyΩ1_224	UniRef100_Q64XR8~K03629	98.9	369	4	0	1	369	1	369	3.99e-262	717
assemblyΩ1_178	UniRef100_Q5LH11~K02835	99.5	370	2	0	1	370	1	370	9.39e-261	714
assemblyΩ1_3131	UniRef100_A0A016E2Q7~K02341	96.2	369	14	0	1	369	1	369	6.11e-261	714
assemblyΩ1_2718	UniRef100_A0A0K6BX47~K03585	95.1	365	18	0	1	365	1	365	1.74e-240	662
assemblyΩ1_1975	UniRef100_Q8TLW5~K00428	49.0	343	159	6	28	358	29	367	6.81e-103	313
assemblyΩ1_683	UniRef100_A0A015S6S4~K00259	95.1	369	18	0	1	369	1	369	5.15e-253	694
assemblyΩ1_524	UniRef100_A0A139T1D8~K02361	85.6	368	53	0	1	368	1	368	8.20e-236	650
assemblyΩ1_3269	UniRef100_A0A0K6BYM8~K03593	98.4	368	6	0	1	368	1	368	1.81e-257	705
assemblyΩ1_605	UniRef100_Q64WI5~K04763	80.1	367	73	0	1	367	16	382	1.85e-210	587
assemblyΩ1_491	UniRef100_K6BTH9~K11031	54.7	371	159	3	1	364	1	369	5.35e-136	398
assemblyΩ1_3798	UniRef100_A0A017N395~K06942	100	367	0	0	1	367	1	367	3.68e-261	714
assemblyΩ1_4304	UniRef100_A0A015Q525~K02005	96.7	366	12	0	1	366	1	366	5.20e-240	661
assemblyΩ1_1928	UniRef100_Q64T01~K01992	96.2	366	14	0	1	366	1	366	5.90e-230	635
assemblyΩ1_1820	UniRef100_K1FUA8~K13747	95.6	366	16	0	1	366	32	397	1.09e-260	714
assemblyΩ1_1017	UniRef100_Q6T1W6~K20680	56.2	365	156	2	1	365	1	361	9.04e-137	399
assemblyΩ1_85	UniRef100_C7MX47~K16436	59.3	366	148	1	1	365	1	366	6.68e-143	415
assemblyΩ1_2834	UniRef100_A0A075KJF8~K02851	32.3	316	188	3	7	322	5	294	1.17e-43	160
assemblyΩ1_1576	UniRef100_A0A0K6BV26~K11720	98.9	365	4	0	1	365	1	365	9.91e-249	683
assemblyΩ1_852	UniRef100_E1WTX0~K01785	97.8	365	8	0	1	365	10	374	3.69e-269	735
assemblyΩ1_339	UniRef100_A0A0K6BR86~K00097	98.9	365	4	0	1	365	1	365	1.56e-261	715
assemblyΩ1_529	UniRef100_A0A139T0Y5~K01911	83.2	364	61	0	1	364	1	364	5.22e-216	600
assemblyΩ1_380	UniRef100_Q64X95~K02346	95.6	364	16	0	1	364	1	364	1.42e-252	692
assemblyΩ1_3948	UniRef100_E1WK51~K00566	88.2	363	43	0	1	363	2	364	1.56e-242	667
assemblyΩ1_3309	UniRef100_A0A149NRL8~K01867	98.3	363	6	0	1	363	1	363	4.86e-264	721
assemblyΩ1_71	UniRef100_A0A0K6BRA8~K07588	98.9	363	4	0	1	363	1	363	2.48e-257	704
assemblyΩ1_3276	UniRef100_Q5L8X6~K00566	95.6	362	16	0	1	362	1	362	1.34e-265	725
assemblyΩ1_2854	UniRef100_A0A1G1TXA9~K03430	96.4	362	13	0	1	362	1	362	7.14e-261	713
assemblyΩ1_2757	UniRef100_A0A1G1TX29~K12267	92.3	362	27	1	1	362	1	361	8.98e-257	703
assemblyΩ1_1356	UniRef100_I9B3M7~K15727	84.3	363	56	1	1	362	1	363	2.65e-222	616
assemblyΩ1_1225	UniRef100_A0A0E2APC5~K01155	93.9	362	22	0	1	362	1	362	3.57e-245	674
assemblyΩ1_1437	UniRef100_Q635H9~K01259	33.2	328	209	7	34	359	8	327	1.25e-47	170
assemblyΩ1_1069	UniRef100_A0A1G1U4M1~K01791	95.8	361	15	0	1	361	1	361	1.37e-253	695
assemblyΩ1_501	UniRef100_Q5LFT6~K00605	96.4	361	13	0	1	361	1	361	2.06e-264	722
assemblyΩ1_197	UniRef100_E8MF12~K13059	38.6	363	206	7	2	360	6	355	1.37e-72	235
assemblyΩ3_12	UniRef100_A0A0K6BQ03~K03585	96.9	360	11	0	1	360	1	360	3.81e-239	658
assemblyΩ1_4212	UniRef100_A0A139T2C8~K00931	94.4	360	20	0	1	360	21	380	2.15e-243	670
assemblyΩ1_3508	UniRef100_A0A0K6BZE5~K00971	96.1	360	14	0	1	360	1	360	2.38e-258	707
assemblyΩ1_845	UniRef100_A0A0K6BSV6~K00174	99.2	360	3	0	1	360	1	360	5.16e-253	693
assemblyΩ1_2831	UniRef100_F7LSW8~K01709	98.3	359	6	0	1	359	1	359	1.57e-267	730
assemblyΩ1_1907	UniRef100_A0A2D2PCA0~K03973	31.9	373	199	11	1	350	1	341	9.02e-35	136
assemblyΩ1_1876	UniRef100_E1WPM6~K01709	96.4	359	13	0	1	359	1	359	3.98e-261	714
assemblyΩ1_1153	UniRef100_A0A149N7X8~K01442	100	359	0	0	1	359	1	359	1.57e-267	730
assemblyΩ1_4074	UniRef100_A0A016CV92~K01438	97.7	353	8	0	1	353	1	353	4.09e-250	686
assemblyΩ1_2968	UniRef100_Q64PP7~K01736	99.2	358	3	0	1	358	1	358	1.10e-262	717
assemblyΩ1_1937	UniRef100_D1JPE2~K01956	97.5	358	9	0	1	358	10	367	2.49e-268	732
assemblyΩ1_1480	UniRef100_F8KWY5~K13979	70.7	345	101	0	1	345	1	345	8.06e-185	520
assemblyΩ1_138	UniRef100_Q5LH51~K00337	99.2	358	3	0	1	358	1	358	1.61e-255	699
assemblyΩ1_4199	UniRef100_A0A0K6BPN4~K06180	98.0	357	7	0	1	357	1	357	1.76e-263	719
assemblyΩ1_2004	UniRef100_A0A0E2B035~K02529	90.9	352	32	0	1	352	1	352	1.82e-237	654
assemblyΩ1_998	UniRef100_Q8VU13~K01711	99.7	357	1	0	1	357	1	357	1.29e-265	725
assemblyΩ1_997	UniRef100_E1WUX1~K02377	99.2	356	3	0	1	356	5	360	8.37e-267	728
assemblyΩ1_2434	UniRef100_A0A017NEI9~K03543	88.5	355	41	0	1	355	1	355	1.00e-220	611
assemblyΩ1_1220	UniRef100_Q5LDN9~K00831	99.7	355	1	0	1	355	1	355	4.13e-261	713
assemblyΩ1_1012	UniRef100_A0A221UZW6~K00648	60.7	354	139	0	1	354	1	354	4.41e-161	460
assemblyΩ1_3106	UniRef100_A0A1G1TY17~K04516	99.4	353	2	0	1	353	3	355	1.49e-258	707
assemblyΩ1_2593	UniRef100_Q5LAB4~K00052	99.4	353	2	0	1	353	1	353	4.13e-260	711
assemblyΩ1_2112	UniRef100_F0LKT7~K20608	33.2	349	213	9	1	344	2	335	2.20e-50	177
assemblyΩ1_620	UniRef100_Q64WG8~K00566	95.8	353	15	0	1	353	1	353	5.62e-258	705
assemblyΩ1_477	UniRef100_A0A0K6BRR8~K03284	94.1	353	21	0	1	353	1	353	5.93e-244	670
assemblyΩ1_29	UniRef100_A0A149NGU7~K01735	94.1	353	21	0	1	353	1	353	7.54e-247	677
assemblyΩ1_3852	UniRef100_Q5LJ28~K07568	99.1	352	3	0	1	352	1	352	6.07e-257	702
assemblyΩ1_3478	UniRef100_A0A0K6BZ79~K01424	94.3	352	20	0	1	352	1	352	1.27e-233	644
assemblyΩ1_1524	UniRef100_D3EG58~K16044	42.2	348	197	1	4	351	3	346	1.00e-100	306
assemblyΩ1_3909	UniRef100_A0A139LL29~K01104	72.6	351	95	1	1	350	38	388	1.78e-187	528
assemblyΩ1_2970	UniRef100_Q64PP5~K01442	91.7	350	29	0	1	350	1	350	2.82e-243	668
assemblyΩ1_2389	UniRef100_R6Z605~K11645	98.0	350	7	0	1	350	16	365	1.02e-253	695
assemblyΩ1_2107	UniRef100_A0A149NEY4~K00971	92.0	349	28	0	1	349	1	349	1.30e-245	674
assemblyΩ1_1671	UniRef100_A0A076IIG8~K11645	99.4	349	2	0	1	349	1	349	4.11e-258	705
assemblyΩ1_1097	UniRef100_A0A076J516~K00526	92.8	349	25	0	1	349	1	349	4.35e-244	670
assemblyΩ1_1961	UniRef100_A0A1G1TNP6~K01424	98.9	348	4	0	1	348	1	348	2.46e-254	696
assemblyΩ1_762	UniRef100_A0A015P4G0~K03575	88.2	348	41	0	1	348	1	348	1.72e-229	633
assemblyΩ1_3955	UniRef100_A0A015SAA6~K03473	87.9	346	42	0	1	346	1	346	2.50e-224	620
assemblyΩ1_3888	UniRef100_A0A0E2AVG5~K02523	97.1	347	10	0	1	347	1	347	4.26e-234	644
assemblyΩ1_2916	UniRef100_Q5L9J3~K00053	99.1	347	3	0	1	347	16	362	2.22e-251	689
assemblyΩ1_428	UniRef100_A0A016BZY4~K03553	99.4	347	2	0	1	347	1	347	1.69e-240	660
assemblyΩ1_4220	UniRef100_I9VZJ1~K11752	89.6	346	36	0	1	346	1	346	5.13e-230	634
assemblyΩ1_175	UniRef100_Q64XW8~K02536	96.5	346	12	0	1	346	1	346	1.26e-151	436
assemblyΩ1_3053	UniRef100_A0A015PX35~K01012	90.4	344	33	0	1	344	1	344	4.26e-233	642
assemblyΩ1_2992	UniRef100_Q5L9E0~K01914	99.7	345	1	0	1	345	1	345	4.99e-257	702
assemblyΩ1_2305	UniRef100_A0A015TMF7~K00817	94.5	345	19	0	1	345	1	345	3.71e-243	667
assemblyΩ1_2202	UniRef100_Q64RQ5~K06970	87.5	305	35	1	44	345	1	305	1.36e-201	560
assemblyΩ1_1763	UniRef100_Q5LCE6~K00768	93.3	345	23	0	1	345	1	345	1.02e-240	661
assemblyΩ1_1364	UniRef100_A0A0K6BU58~K02015	98.6	345	5	0	1	345	1	345	1.07e-226	625
assemblyΩ1_891	UniRef100_A0A015Q2D5~K07082	88.1	345	41	0	1	345	1	345	9.59e-230	633
assemblyΩ1_2604	UniRef100_A0A081UG38~K00946	98.3	344	6	0	1	344	1	344	2.26e-248	680
assemblyΩ1_1973	UniRef100_A0A017NIG1~K16936&K16937	91.6	344	29	0	1	344	1	344	9.68e-234	643
assemblyΩ1_1889	UniRef100_A0A0E2TAX1~K01784	98.8	344	4	0	1	344	1	344	7.87e-249	681
assemblyΩ1_509	UniRef100_A5UIY3~K19239	41.2	323	186	2	12	333	9	328	1.20e-75	242
assemblyΩ1_337	UniRef100_Q5LGK5~K06941	95.9	344	14	0	1	344	1	344	2.70e-240	660
assemblyΩ1_105	UniRef100_A0A149NFX6~K19265	96.1	333	13	0	12	344	1	333	2.54e-240	659
assemblyΩ1_26	UniRef100_A0A0P0GJF2~K03543	77.3	344	78	0	1	344	1	344	9.63e-195	545
assemblyΩ1_3061	UniRef100_A0A0K6BYY1~K06881	96.8	343	11	0	1	343	1	343	3.09e-250	685
assemblyΩ1_3012	UniRef100_A0A1G1TZZ4~K07011	91.5	343	29	0	1	343	1	343	3.81e-235	647
assemblyΩ1_3903	UniRef100_Q5LIX0~K03551	98.2	342	6	0	1	342	1	342	2.82e-241	662
assemblyΩ1_2829	UniRef100_E1WVN4~K12454	97.3	335	9	0	1	335	1	335	3.78e-249	682
assemblyΩ1_1481	UniRef100_A0A221JKA6~K06889	86.5	342	46	0	1	342	1	342	1.52e-211	587
assemblyΩ1_96	UniRef100_A0A017NGK6~K17716	97.4	341	9	0	1	341	1	341	5.72e-243	666
assemblyΩ1_2002	UniRef100_E1WQK1~K00874	93.3	341	23	0	1	341	1	341	8.94e-233	640
assemblyΩ1_1742	UniRef100_Q9X4N4~K07114	97.7	341	8	0	1	341	1	341	2.45e-230	634
assemblyΩ1_3138	UniRef100_A0A081UGS0~K03569	100	340	0	0	1	340	1	340	2.41e-241	662
assemblyΩ1_1025	UniRef100_A0A015P3V0~K17716	99.4	340	2	0	1	340	1	340	2.74e-247	677
assemblyΩ1_4189	UniRef100_A0A0K6BPM5~K00625	99.7	339	1	0	1	339	1	339	1.61e-234	645
assemblyΩ1_3272	UniRef100_A0A0K6BYL0~K00826	99.7	339	1	0	1	339	1	339	2.11e-255	697
assemblyΩ1_2565	UniRef100_Q64QS6~K07027	96.8	339	11	0	1	339	8	346	2.55e-235	647
assemblyΩ1_2528	UniRef100_A0A0K6BXL2~K03522	98.2	339	6	0	1	339	1	339	1.57e-241	662
assemblyΩ1_2406	UniRef100_A0A139TDC6~K02051	74.0	339	88	0	1	339	1	339	3.80e-178	502
assemblyΩ1_2402	UniRef100_E1WTM8~K01889	98.2	339	6	0	1	339	1	339	2.33e-243	667
assemblyΩ1_1755	UniRef100_Q5LCF3~K01409	97.3	339	9	0	1	339	1	339	4.50e-241	661
assemblyΩ1_1723	UniRef100_A0A015S482~K02340	97.3	339	9	0	1	339	1	339	3.40e-236	649
assemblyΩ1_650	UniRef100_A0A017NGK6~K17716	88.5	339	39	0	1	339	1	339	3.01e-219	606
assemblyΩ1_528	UniRef100_Q6ARP5~K02549	45.1	357	150	7	11	330	13	360	5.65e-91	282
assemblyΩ1_3404	UniRef100_A0A0N9M683~K03585	31.5	289	188	4	56	336	44	330	1.37e-35	138
assemblyΩ1_2660	UniRef100_E1WQX8~K03734	95.6	338	15	0	1	338	9	346	3.25e-240	659
assemblyΩ1_4076	UniRef100_A0A0K6BP10~K02836	99.1	319	3	0	19	337	1	319	7.24e-228	627
assemblyΩ1_2540	UniRef100_A0A015WTC0~K01620	91.7	337	28	0	1	337	1	337	2.79e-234	644
assemblyΩ1_1767	UniRef100_A0A139T5J8~K04720	94.4	337	19	0	1	337	1	337	2.79e-234	644
assemblyΩ1_188	UniRef100_A0A149NSC0~K06217	99.7	337	1	0	1	337	1	337	8.92e-231	635
assemblyΩ1_4146	UniRef100_A0A1C0WWM0~K00133	99.1	336	3	0	1	336	1	336	1.45e-240	660
assemblyΩ1_3950	UniRef100_A0A081UD84~K21071	100	336	0	0	1	336	1	336	3.72e-243	666
assemblyΩ1_3613	UniRef100_A0A015P916~K00175	97.0	336	10	0	1	336	1	336	8.16e-247	676
assemblyΩ1_2589	UniRef100_A0A149NRW9~K08679	92.9	336	24	0	1	336	1	336	1.56e-235	647
assemblyΩ1_2445	UniRef100_A0A0K6BWB1~K02529	96.1	336	13	0	1	336	1	336	4.46e-235	646
assemblyΩ1_667	UniRef100_A0A0K6BSG4~K03778	98.8	336	4	0	1	336	1	336	5.91e-240	658
assemblyΩ1_3784	UniRef100_A0A0K6C101~K01784	98.2	335	6	0	1	335	1	335	2.95e-244	669
assemblyΩ1_1029	UniRef100_A4G491~K01784	30.0	283	171	6	3	280	4	264	1.32e-31	126
assemblyΩ1_3361	UniRef100_A0A0K6BYT3~K00648	99.1	334	3	0	1	334	1	334	5.12e-249	681
assemblyΩ1_2436	UniRef100_A0A0K6BXD9~K01624	98.8	334	4	0	1	334	1	334	2.06e-239	657
assemblyΩ1_2156	UniRef100_Q64RZ8~K00075	90.7	332	31	0	3	334	1	332	1.77e-219	606
assemblyΩ1_1365	UniRef100_A0A017NBS8~K02013	95.2	333	16	0	1	333	1	333	2.70e-226	624
assemblyΩ1_119	UniRef100_A0A015TTV0~K01599	90.4	334	32	0	1	334	1	334	4.88e-222	613
assemblyΩ1_4292	UniRef100_A0A1G1TSK4~K00024	99.7	333	1	0	1	333	1	333	8.09e-241	660
assemblyΩ1_2325	UniRef100_A0A0K6BX50~K00648	96.1	332	13	0	1	332	1	332	4.66e-241	661
assemblyΩ1_1841	UniRef100_A0A015TIM3~K15342	97.5	323	8	0	1	323	1	323	1.31e-231	637
assemblyΩ1_433	UniRef100_A0A0K6BRQ1~K02015	93.4	333	22	0	1	333	1	333	2.27e-213	591
assemblyΩ1_233	UniRef100_Q59199~K00134	99.7	333	1	0	1	333	1	333	6.37e-238	653
assemblyΩ1_171	UniRef100_Q5LH18~K00791	92.0	300	24	0	30	329	1	300	1.57e-196	547
assemblyΩ1_63	UniRef100_A0A139TCF8~K07027	94.9	333	17	0	1	333	1	333	1.58e-222	614
assemblyΩ1_3964	UniRef100_A0A1Q2KW72~K19427	31.4	299	174	7	7	284	6	294	2.04e-27	116
assemblyΩ1_3962	UniRef100_A0A0B7LGI0~K00745	37.0	273	164	4	7	277	2	268	6.37e-40	149
assemblyΩ1_1774	UniRef100_A0A0K6BUY2~K01993	95.5	332	15	0	1	332	1	332	1.28e-216	599
assemblyΩ1_542	UniRef100_A0A139T0V9~K04761	97.9	332	7	0	1	332	1	332	1.66e-228	629
assemblyΩ1_540	UniRef100_A0A0K6BS51~K18785	98.2	332	6	0	1	332	1	332	2.38e-262	714
assemblyΩ3_49	UniRef100_A0A149NGQ4~K03924	95.5	331	15	0	1	331	9	339	1.37e-217	602
assemblyΩ1_3315	UniRef100_A0A140SUC0~K19354	30.4	326	196	6	1	319	2	303	3.76e-37	142
assemblyΩ1_2988	UniRef100_A0A081U6S8~K00057	100	331	0	0	1	331	1	331	4.17e-242	663
assemblyΩ1_2339	UniRef100_Q3A908~K00096	33.9	333	209	7	1	327	3	330	6.28e-59	199
assemblyΩ1_1957	UniRef100_Q64SX6~K00766	95.8	330	14	0	1	330	1	330	1.21e-225	622
assemblyΩ1_1904	UniRef100_E4PLJ6~K13985	35.1	319	182	11	12	316	7	314	1.63e-49	174
assemblyΩ1_1746	UniRef100_A0A0K6BVP5~K03924	99.4	331	2	0	1	331	1	331	6.26e-228	627
assemblyΩ1_1335	UniRef100_Q64UC1~K00254	91.8	331	27	0	1	331	1	331	3.10e-228	628
assemblyΩ1_3808	UniRef100_A0A0K6C060~K03517	97.9	330	7	0	1	330	1	330	1.39e-235	647
assemblyΩ1_3417	UniRef100_Q5L8D6~K03040	100	330	0	0	1	330	1	330	3.13e-232	638
assemblyΩ1_3285	UniRef100_Q5L8W8~K02357	97.9	330	7	0	1	330	1	330	1.46e-221	611
assemblyΩ1_3263	UniRef100_A0A015VA60~K01993	97.0	330	10	0	1	330	1	330	1.22e-213	591
assemblyΩ1_1893	UniRef100_A0A0K6BVX7~K03614	97.0	330	10	0	1	330	1	330	2.36e-227	626
assemblyΩ1_3554	UniRef100_A5GJD0~K00847	37.6	311	184	5	4	308	15	321	4.48e-55	188
assemblyΩ1_415	UniRef100_A0A0E2AV80~K03625	99.1	329	3	0	1	329	1	329	2.18e-227	626
assemblyΩ1_1667	UniRef100_A0A1G1U757~K00850	100	328	0	0	1	328	1	328	4.63e-233	640
assemblyΩ1_1519	UniRef100_A0A139TEH8~K01665	82.9	327	56	0	2	328	1	327	5.45e-202	561
assemblyΩ1_1743	UniRef100_Q9X4N3~K07114	96.9	327	10	0	1	327	1	327	4.21e-224	617
assemblyΩ1_4308	UniRef100_Q5GBH5~K00845	99.4	326	2	0	1	326	1	326	8.94e-230	632
assemblyΩ1_3373	UniRef100_A0A081UFX2~K02015	100	326	0	0	1	326	1	326	4.09e-210	582
assemblyΩ1_2907	UniRef100_A0A139T3G7~K00850	99.4	326	2	0	1	326	4	329	4.25e-231	635
assemblyΩ1_4060	UniRef100_A0A017PDJ0~K06113	98.2	325	6	0	1	325	1	325	3.60e-249	681
assemblyΩ1_3782	UniRef100_A1BIQ3~K05540	52.4	309	142	3	1	309	1	304	1.09e-100	305
assemblyΩ3_59	UniRef100_E4T2I0~K00077	66.6	308	103	0	1	308	1	308	4.03e-140	404
assemblyΩ1_4200	UniRef100_A0A1G1TSE1~K01921	97.5	324	8	0	1	324	1	324	4.82e-233	640
assemblyΩ1_2903	UniRef100_A0A0E2TKP8~K13789	93.5	324	21	0	1	324	1	324	8.41e-218	601
assemblyΩ1_2122	UniRef100_F7LW22~K00226	96.9	324	10	0	1	324	1	324	2.53e-224	618
assemblyΩ1_682	UniRef100_A0A0K6BSH7~K02371	95.5	311	14	0	11	321	1	311	7.24e-212	586
assemblyΩ1_853	UniRef100_A0A0K6BSD3~K01809	97.2	323	9	0	1	323	1	323	7.70e-234	642
assemblyΩ1_4285	UniRef100_Q64YZ5~K00145	97.2	322	9	0	1	322	1	322	6.10e-235	644
assemblyΩ1_4009	UniRef100_A0A0K6BP19~K03284	97.7	308	7	0	15	322	1	308	6.51e-213	588
assemblyΩ1_1072	UniRef100_Q5LE03~K03799	97.8	322	7	0	1	322	1	322	1.70e-216	598
assemblyΩ1_4156	UniRef100_Q5LI65~K01425	99.1	321	3	0	1	321	1	321	6.06e-230	632
assemblyΩ1_1766	UniRef100_Q64TE1~K02227	87.2	321	41	0	1	321	1	321	1.79e-206	572
assemblyΩ1_3762	UniRef100_A0A017N3J9~K07301	95.3	320	13	2	1	320	1	318	9.93e-203	563
assemblyΩ1_3703	UniRef100_A0A0K6BZV3~K04763	94.0	316	19	0	1	316	1	316	9.00e-210	580
assemblyΩ1_1750	UniRef100_A0A0K6BUI3~K03110	98.7	319	4	0	1	319	1	319	2.33e-217	600
assemblyΩ1_2728	UniRef100_Q1CZ82~K00547	39.3	308	184	1	5	309	9	316	2.28e-71	229
assemblyΩ1_1065	UniRef100_A0A149NB41~K00018	94.3	318	18	0	1	318	1	318	6.01e-224	616
assemblyΩ1_366	UniRef100_A0A1L6KRT3~K13007	32.3	310	186	9	21	310	25	330	2.90e-25	109
assemblyΩ1_4356	UniRef100_A0A221JMG0~K01991	54.8	259	113	3	62	317	19	276	3.54e-85	263
assemblyΩ1_4208	UniRef100_A0A139T2C3~K13043	99.4	317	2	0	1	317	26	342	1.05e-232	639
assemblyΩ1_3130	UniRef100_A0A139THB7~K00297	95.0	317	16	0	1	317	15	331	8.03e-225	619
assemblyΩ1_2656	UniRef100_Q3AT96~K00721	43.9	321	162	6	3	315	8	318	1.99e-79	250
assemblyΩ1_2158	UniRef100_C2TBS2~K01784	60.8	316	122	1	1	316	4	317	2.08e-130	380
assemblyΩ1_2583	UniRef100_A0A1G1TY96~K01738	93.0	316	22	0	1	316	1	316	7.36e-208	575
assemblyΩ1_2329	UniRef100_Q8KIV0~K13007	30.1	296	169	10	9	275	13	299	4.68e-13	75.5
assemblyΩ1_1500	UniRef100_A0A139TEV7~K07223	91.1	316	28	0	1	316	1	316	5.90e-214	591
assemblyΩ1_184	UniRef100_A0A149NSB8~K06889	95.6	316	14	0	1	316	1	316	8.64e-232	636
assemblyΩ1_3795	UniRef100_A0A0K6C0C1~K01738	95.2	315	15	0	1	315	1	315	1.75e-210	582
assemblyΩ1_3166	UniRef100_A0A0K6BYX1~K02040	94.9	315	16	0	1	315	1	315	4.02e-216	596
assemblyΩ1_297	UniRef100_A0A0K6BQN6~K00384	98.4	315	5	0	1	315	1	315	1.04e-227	625
assemblyΩ1_3064	UniRef100_Q5L975~K00604	92.7	313	23	0	1	313	11	323	4.42e-215	594
assemblyΩ1_2327	UniRef100_A0A139TDS4~K07058	92.6	310	23	0	1	310	1	310	1.45e-194	541
assemblyΩ1_1204	UniRef100_E1SIS7~K19354	32.5	277	176	5	8	278	5	276	8.24e-31	124
assemblyΩ1_3523	UniRef100_A0A0K6BZM6~K00634&K00625	97.1	313	9	0	1	313	1	313	1.31e-220	607
assemblyΩ1_3257	UniRef100_Q5L8Z8~K00024	98.7	313	4	0	1	313	1	313	1.40e-215	595
assemblyΩ1_2532	UniRef100_A0A149NMA9~K05516	95.5	313	14	0	1	313	1	313	3.63e-179	503
assemblyΩ1_187	UniRef100_Q5LH03~K01923	98.7	312	4	0	1	312	1	312	7.31e-225	618
assemblyΩ1_1512	UniRef100_D1JN06~K00948	99.7	312	1	0	1	312	1	312	8.16e-219	603
assemblyΩ1_1288	UniRef100_A0A139TFC8~K08678	97.4	312	8	0	1	312	1	312	2.03e-228	627
assemblyΩ1_3920	UniRef100_A0A149MTR3~K03100	93.6	311	20	0	1	311	1	311	3.74e-219	603
assemblyΩ1_3876	UniRef100_I9W0I8~K09815	94.5	275	15	0	37	311	31	305	5.46e-193	537
assemblyΩ1_3799	UniRef100_E1WT72~K00077	94.8	308	16	0	3	310	1	308	3.99e-209	578
assemblyΩ1_2825	UniRef100_E6SSX7~K12997	41.1	302	177	1	5	305	2	303	2.65e-77	244
assemblyΩ1_740	UniRef100_A0A016EH50~K08678	98.4	307	5	0	1	307	1	307	2.64e-224	617
assemblyΩ1_250	UniRef100_A0A1G1U6U2~K07139	94.2	311	18	0	1	311	1	311	2.63e-219	604
assemblyΩ3_21	UniRef100_Q5LHL3~K06949	98.7	310	4	0	1	310	1	310	2.03e-227	624
assemblyΩ1_3760	UniRef100_W0ETI8~K14379	69.9	282	83	2	29	308	37	318	1.32e-147	423
assemblyΩ1_2342	UniRef100_A0A1Q2KW72~K19427	30.8	299	169	8	1	267	6	298	1.73e-26	113
assemblyΩ1_3868	UniRef100_A0A0E2RXW4~K18979	88.0	309	37	0	1	309	1	309	3.84e-211	583
assemblyΩ1_3531	UniRef100_A0A149NMK2~K11753	91.5	307	26	0	1	307	1	307	3.13e-211	583
assemblyΩ1_1492	UniRef100_Q5LD54~K00609	99.0	308	3	0	1	308	1	308	2.09e-219	604
assemblyΩ1_2849	UniRef100_Q5L9Q6~K03340	99.7	299	1	0	9	307	1	299	2.28e-216	596
assemblyΩ1_2772	UniRef100_A0A0K6BY07~K00868	96.6	290	10	0	18	307	1	290	1.27e-204	566
assemblyΩ1_183	UniRef100_A0A0K6BRL3~K06872	88.4	277	30	1	1	277	1	275	6.65e-181	506
assemblyΩ1_3910	UniRef100_A0A016DCG5~K00847	95.8	306	13	0	1	306	1	306	7.27e-219	602
assemblyΩ1_1221	UniRef100_A0A1G1U5M2~K00058	97.4	306	8	0	1	306	1	306	2.14e-211	583
assemblyΩ1_285	UniRef100_Q64XK5~K00791	95.4	306	14	0	1	306	3	308	7.72e-210	580
assemblyΩ1_4346	UniRef100_Q64YS9~K00651	98.0	305	6	0	1	305	1	305	7.62e-225	617
assemblyΩ1_4182	UniRef100_A0A139T2A1~K01163	97.4	305	8	0	1	305	1	305	8.28e-229	627
assemblyΩ1_1835	UniRef100_A0A139T5D2~K06180	97.7	305	7	0	1	305	9	313	3.54e-216	596
assemblyΩ1_1785	UniRef100_Q64TB9~K02190	96.4	305	11	0	1	305	1	305	3.67e-207	573
assemblyΩ1_899	UniRef100_A0A0K6BSL3~K01639	98.4	305	5	0	1	305	1	305	2.89e-229	629
assemblyΩ1_4028	UniRef100_Q5LIJ0~K03438	96.4	304	11	0	1	304	1	304	2.50e-209	578
assemblyΩ1_3961	UniRef100_A0A223HNA4~K03276	38.0	263	160	1	4	266	3	262	3.50e-66	215
assemblyΩ1_3525	UniRef100_A0A139TFL4~K01297	84.2	304	48	0	1	304	1	304	4.34e-194	540
assemblyΩ1_1949	UniRef100_F7LRL2~K01524	94.7	304	16	0	1	304	1	304	1.16e-198	551
assemblyΩ1_306	UniRef100_Q64XI2~K00784	94.1	304	18	0	1	304	1	304	2.33e-214	591
assemblyΩ1_1728	UniRef100_Q5LCI2~K17828	98.3	303	5	0	1	303	1	303	1.46e-212	586
assemblyΩ1_864	UniRef100_Q5LES4~K00957	100	303	0	0	1	303	1	303	8.89e-223	612
assemblyΩ1_4365	UniRef100_A0A015TUN0~K03442	91.4	301	26	0	2	302	1	301	5.05e-178	499
assemblyΩ1_3102	UniRef100_A0A0K6BYI3~K01639	98.0	302	6	0	1	302	1	302	3.60e-217	598
assemblyΩ1_2092	UniRef100_A0A0E3S6G6~K00721	33.6	298	194	3	4	301	6	299	7.11e-47	165
assemblyΩ1_1987	UniRef100_A0A015Q0A9~K16264	92.4	301	23	0	1	301	1	301	1.97e-189	528
assemblyΩ1_753	UniRef100_E1WTE3~K19997	83.9	298	48	0	5	302	1	298	1.90e-186	520
assemblyΩ1_3733	UniRef100_E1WSG2~K12410	90.2	246	24	0	56	301	2	247	3.88e-162	456
assemblyΩ1_3890	UniRef100_A0A0K6BNA8~K01619	95.0	300	15	0	1	300	1	300	2.39e-205	568
assemblyΩ1_3410	UniRef100_A0A0K6BZQ0~K00603	95.0	300	15	0	1	300	1	300	4.14e-206	570
assemblyΩ1_3104	UniRef100_A0A0K6BYB8~K04518	97.6	290	7	0	11	300	5	294	2.23e-204	565
assemblyΩ1_3959	UniRef100_Q8VQ46~K20883	33.6	289	178	6	20	298	5	289	4.08e-40	147
assemblyΩ1_3883	UniRef100_A0A0K6BND8~K00640	99.0	299	3	0	1	299	1	299	3.47e-218	600
assemblyΩ1_3785	UniRef100_A0A0X8LPU5~K13283	31.4	274	178	5	25	297	22	286	1.86e-29	119
assemblyΩ1_2750	UniRef100_A0A0K6BX83~K10716	93.3	299	20	0	1	299	1	299	1.74e-186	520
assemblyΩ1_391	UniRef100_E1WQ96~K03827	78.9	299	63	0	1	299	1	299	1.64e-168	474
assemblyΩ1_195	UniRef100_A0A1G1U474~K08978	96.7	299	10	0	1	299	1	299	1.56e-205	568
assemblyΩ1_3074	UniRef100_A0A0E2SXW0~K19997	81.5	298	55	0	1	298	1	298	8.16e-180	503
assemblyΩ1_2871	UniRef100_A0A149N2V8~K02548	93.6	298	19	0	1	298	1	298	5.03e-206	569
assemblyΩ1_1930	UniRef100_A0A0K6BW10~K01993	91.6	297	25	0	1	297	1	297	2.29e-186	520
assemblyΩ1_692	UniRef100_E1WT84~K01590	96.0	298	12	0	1	298	1	298	4.37e-216	595
assemblyΩ1_422	UniRef100_I4D503~K21900	36.4	258	161	1	6	263	6	260	7.91e-46	162
assemblyΩ1_100	UniRef100_A0A0E2SXW0~K19997	78.5	298	64	0	1	298	1	298	2.89e-173	486
assemblyΩ1_3002	UniRef100_A0A0K6BY15~K02067	98.3	297	5	0	1	297	1	297	3.16e-165	466
assemblyΩ1_3000	UniRef100_A0A149N1W3~K03453	93.9	295	18	0	1	295	1	295	1.45e-195	543
assemblyΩ1_2194	UniRef100_Q8A570~K13652	68.7	297	93	0	1	297	19	315	4.27e-151	431
assemblyΩ1_1731	UniRef100_A0A1G1TNA6~K01714	97.6	297	7	0	1	297	1	297	4.86e-208	574
assemblyΩ1_1366	UniRef100_A0A015Q1J2~K00067	88.5	295	34	0	1	295	1	295	3.18e-190	529
assemblyΩ1_1005	UniRef100_A0A016JH39~K00973	86.5	297	40	0	1	297	1	297	3.68e-187	521
assemblyΩ1_2267	UniRef100_A0A139TCY8~K03100	92.6	296	22	0	1	296	12	307	8.58e-211	582
assemblyΩ1_1206	UniRef100_A0A015QQL6~K07011	90.5	296	28	0	1	296	1	296	1.32e-200	555
assemblyΩ1_736	UniRef100_E1WTC2~K00973	93.6	296	19	0	1	296	1	296	1.44e-204	565
assemblyΩ1_52	UniRef100_A0A081TTW7~K03497	100	296	0	0	1	296	1	296	1.13e-201	558
assemblyΩ1_3049	UniRef100_D1JV29~K15727	85.8	295	42	0	1	295	7	301	4.31e-168	473
assemblyΩ1_2821	UniRef100_A0A016ASH2~K00973	99.7	295	1	0	1	295	1	295	1.30e-211	583
assemblyΩ1_2362	UniRef100_A0A076ILC9~K01990	99.3	295	2	0	1	295	1	295	1.21e-216	596
assemblyΩ1_1880	UniRef100_A0A139T789~K00973	96.9	293	9	0	1	293	1	293	1.76e-207	573
assemblyΩ1_1535	UniRef100_A0A139TEJ7~K00645	98.6	295	4	0	1	295	20	314	6.91e-207	572
assemblyΩ1_2741	UniRef100_D6D830~K07115	53.6	291	119	2	2	291	3	278	4.94e-103	308
assemblyΩ1_2654	UniRef100_A5IL49~K00059	41.8	256	131	5	53	294	5	256	1.21e-58	194
assemblyΩ1_1708	UniRef100_A0A149N6H6~K12251	95.6	294	13	0	1	294	1	294	1.78e-213	588
assemblyΩ1_355	UniRef100_A0A0K2HEU3~K01644	69.6	293	86	2	2	292	4	295	2.86e-147	421
assemblyΩ1_3958	UniRef100_F0P1E2~K07011	33.9	301	190	4	1	293	2	301	5.10e-52	178
assemblyΩ1_3464	UniRef100_A0A0K6BZB1~K03733	93.5	293	19	0	1	293	1	293	1.12e-195	543
assemblyΩ1_3360	UniRef100_A0A139THR4~K03595	98.3	293	5	0	1	293	13	305	5.56e-208	574
assemblyΩ1_2356	UniRef100_Q5LAX0~K01491	98.0	293	6	0	1	293	1	293	2.40e-206	570
assemblyΩ1_82	UniRef100_Q9RGK4~K00973	82.9	292	50	0	1	292	1	292	2.25e-177	496
assemblyΩ1_3033	UniRef100_S6AUN6~K07165	32.4	287	166	13	12	287	61	330	6.66e-20	94.4
assemblyΩ1_2666	UniRef100_A0A1G1U1R9~K00757	97.9	292	6	0	1	292	1	292	1.30e-214	590
assemblyΩ1_2056	UniRef100_A0A0K6BW46~K02038	99.0	291	3	0	1	291	1	291	8.99e-201	555
assemblyΩ1_892	UniRef100_E1WU82~K01173	67.1	292	95	1	1	291	1	292	3.15e-139	400
assemblyΩ1_4311	UniRef100_A0A149N0U7~K01081	90.7	290	27	0	1	290	1	290	1.04e-194	540
assemblyΩ1_3951	UniRef100_Q64ZV9~K03685	90.3	290	28	0	1	290	1	290	5.64e-183	510
assemblyΩ1_3128	UniRef100_Q5L911~K00858	97.6	290	7	0	1	290	1	290	1.75e-202	560
assemblyΩ1_2906	UniRef100_Q5L9K3~K03527	98.3	290	5	0	1	290	1	290	1.34e-206	570
assemblyΩ1_2527	UniRef100_A0A0K6BWG4~K03521	99.3	290	2	0	1	290	1	290	1.23e-202	560
assemblyΩ1_1895	UniRef100_A0A0K6BV65~K03616	99.0	290	3	0	1	290	1	290	7.01e-177	495
assemblyΩ1_1352	UniRef100_Q5LD81~K02115	95.5	290	13	0	1	290	1	290	1.16e-191	532
assemblyΩ1_90	UniRef100_A0A0I9SCS9~K07271	36.8	266	150	6	7	265	9	263	4.73e-41	149
assemblyΩ1_3735	UniRef100_D3IBW3~K03773	50.9	289	139	3	1	287	1	288	1.44e-93	284
assemblyΩ1_3614	UniRef100_A0A139SYX7~K01126	88.9	271	30	0	17	287	1	271	1.80e-177	496
assemblyΩ1_2489	UniRef100_A0A0K6BX87~K00847	94.8	289	15	0	1	289	8	296	5.16e-203	561
assemblyΩ1_1533	UniRef100_A0A0K6BU24~K01902	93.4	289	19	0	1	289	1	289	1.15e-186	520
assemblyΩ1_2908	UniRef100_A0A1Q3G5G7~K11153	36.8	280	171	3	1	278	32	307	1.67e-45	161
assemblyΩ1_246	UniRef100_Q5LGU6~K03644	95.1	288	14	0	1	288	1	288	4.68e-206	568
assemblyΩ1_2873	UniRef100_A0A0K6BXM7~K00973	96.5	287	10	0	1	287	1	287	8.03e-202	558
assemblyΩ1_1027	UniRef100_A0A0I9RTN5~K00067	100	287	0	0	1	287	1	287	2.96e-213	587
assemblyΩ1_521	UniRef100_A0A0K6BS18~K00067	92.7	287	21	0	1	287	1	287	3.98e-202	558
assemblyΩ1_4158	UniRef100_K1GSR3~K00796	94.0	283	17	0	1	283	1	283	1.58e-187	521
assemblyΩ1_3163	UniRef100_F7LWV1~K01990	93.7	286	18	0	1	286	1	286	1.72e-191	531
assemblyΩ1_2859	UniRef100_A0A1C0WCQ8~K06194	99.0	286	3	0	1	286	1	286	1.23e-200	555
assemblyΩ1_2058	UniRef100_A0A0E2ALD6~K02040	97.1	276	8	0	11	286	8	283	2.45e-188	523
assemblyΩ1_2046	UniRef100_Q5ICN5~K03086	100	286	0	0	1	286	1	286	4.94e-191	530
assemblyΩ1_745	UniRef100_Q8VQ46~K20883	30.4	296	181	11	3	285	4	287	1.10e-28	117
assemblyΩ1_3013	UniRef100_A0A0K6BY65~K02517	95.1	285	14	0	1	285	14	298	5.75e-204	563
assemblyΩ1_2653	UniRef100_A0A0K6BX20~K13652	92.6	284	21	0	1	284	1	284	1.74e-195	541
assemblyΩ1_2484	UniRef100_A0A015TH18~K02002	95.4	285	12	1	1	285	1	284	1.82e-199	551
assemblyΩ1_2216	UniRef100_A0A0E2A9R4~K07273	90.2	285	28	0	1	285	1	285	6.06e-196	543
assemblyΩ1_242	UniRef100_A0A081UB01~K00208	100	285	0	0	1	285	1	285	5.89e-203	560
assemblyΩ1_3848	UniRef100_A0A0K6BN71~K09811	99.3	283	2	0	2	284	11	293	1.89e-187	521
assemblyΩ1_3503	UniRef100_F4C1Q7~K10778	66.4	280	94	0	1	280	1	280	4.61e-140	401
assemblyΩ1_1848	UniRef100_A0A0K6BUQ0~K01265	96.8	284	9	0	1	284	1	284	2.32e-204	564
assemblyΩ1_3079	UniRef100_A0A1Z1EDR0~K21367	32.6	304	175	11	1	281	2	298	2.76e-38	142
assemblyΩ1_2307	UniRef100_Q5LAZ7~K00765	97.5	283	7	0	1	283	1	283	1.17e-192	534
assemblyΩ1_1015	UniRef100_A0A0A8HB57~K00662	34.2	243	149	7	16	253	13	249	1.38e-29	118
assemblyΩ1_935	UniRef100_A0A139T8G1~K07052	83.4	283	45	1	1	283	1	281	9.72e-164	461
assemblyΩ1_4293	UniRef100_A0A141RMJ4~K00243	95.7	282	12	0	1	282	1	282	2.59e-200	553
assemblyΩ1_271	UniRef100_Q5LGS1~K01918	97.2	282	8	0	1	282	1	282	3.53e-198	548
assemblyΩ1_4130	UniRef100_Q5LI89~K07106	96.4	281	10	0	1	281	1	281	1.12e-189	526
assemblyΩ1_3137	UniRef100_A0A0K6BZT1~K03570	95.7	281	12	0	1	281	1	281	2.17e-187	521
assemblyΩ1_4214	UniRef100_A0A0K6BPC9~K01776	88.2	280	33	0	1	280	1	280	4.53e-184	512
assemblyΩ1_3865	UniRef100_Q5LJ16~K01815	97.1	280	8	0	1	280	1	280	1.45e-205	566
assemblyΩ1_1089	UniRef100_F4LLW2~K06221	63.4	276	101	0	1	276	1	276	2.03e-124	362
assemblyΩ1_831	UniRef100_Q5LEW2~K02687	94.3	280	16	0	1	280	1	280	4.48e-200	553
assemblyΩ1_62	UniRef100_Q5LHC9~K02528	94.1	272	16	0	1	272	1	272	9.68e-184	511
assemblyΩ1_3150	UniRef100_A0A149NPU7~K01802	95.3	279	13	0	1	279	1	279	1.89e-196	543
assemblyΩ1_2196	UniRef100_A0A221JH24~K10563	72.8	276	75	0	1	276	1	276	9.87e-149	423
assemblyΩ1_677	UniRef100_A0A0K6BSH3~K00767	98.9	279	3	0	1	279	1	279	3.13e-195	540
assemblyΩ1_57	UniRef100_A0A0K6BQF8~K00981	95.0	278	14	0	1	278	1	278	1.94e-189	526
assemblyΩ1_4274	UniRef100_A0A139T347~K02493	86.0	278	39	0	1	278	1	278	9.54e-169	473
assemblyΩ1_3937	UniRef100_W2E897~K21064	33.9	271	148	6	3	270	4	246	7.96e-36	134
assemblyΩ1_3286	UniRef100_Q5L8W7~K02967	99.6	278	1	0	1	278	1	278	2.98e-188	523
assemblyΩ1_2135	UniRef100_A0A1U9JJU5~K19661	31.1	280	160	8	11	277	62	321	4.83e-23	102
assemblyΩ1_455	UniRef100_Q5LG28~K01151	97.8	278	6	0	1	278	1	278	4.34e-206	568
assemblyΩ1_3800	UniRef100_A0A077DFP5~K13292	37.8	270	147	7	13	277	8	261	1.63e-49	170
assemblyΩ1_1536	UniRef100_A0A149NKH2~K00941	85.9	277	39	0	1	277	1	277	9.85e-166	466
assemblyΩ1_786	UniRef100_A0A0K6BS58~K04486	92.4	277	21	0	1	277	1	277	2.05e-199	551
assemblyΩ1_819	UniRef100_Q2RZS1~K00574	42.0	264	144	4	11	273	10	265	1.34e-67	216
assemblyΩ1_3442	UniRef100_Q5L8B2~K02886	99.3	274	2	0	1	274	1	274	7.12e-194	536
assemblyΩ1_2900	UniRef100_A0A0K6BYC8~K03561	99.6	274	0	1	1	274	1	273	3.84e-175	489
assemblyΩ1_2485	UniRef100_A0A0K6BWD6~K02001	98.5	274	4	0	1	274	1	274	1.36e-182	508
assemblyΩ1_1886	UniRef100_Q5LC56~K00919	87.6	274	34	0	1	274	1	274	3.06e-179	499
assemblyΩ1_1717	UniRef100_A0A139LB31~K07164	76.6	273	63	1	1	272	1	273	8.04e-103	306
assemblyΩ1_752	UniRef100_A0A139T7M4~K07011	96.7	270	9	0	4	273	3	272	1.19e-196	543
assemblyΩ1_527	UniRef100_A0A149MY64~K01661	99.3	274	2	0	1	274	1	274	1.63e-199	551
assemblyΩ1_270	UniRef100_A0A139TA61~K00703	98.2	274	5	0	1	274	54	327	1.99e-199	553
assemblyΩ1_177	UniRef100_Q5LH12~K01591	98.9	274	3	0	1	274	1	274	4.29e-195	540
assemblyΩ1_1958	UniRef100_A0A0K6BVB3~K01609	87.8	270	30	1	1	267	1	270	4.39e-164	461
assemblyΩ1_1337	UniRef100_Q5LD96~K00606	99.3	273	2	0	1	273	1	273	1.55e-192	533
assemblyΩ2_62	UniRef100_B8D1E5~K03496	45.3	245	126	6	28	267	4	245	3.06e-57	189
assemblyΩ1_861	UniRef100_A0A0K6BTD3~K01082	89.0	272	30	0	1	272	1	272	3.57e-177	494
assemblyΩ1_617	UniRef100_Q7MX03~K01070	62.5	248	93	0	24	271	2	249	1.88e-122	355
assemblyΩ1_3167	UniRef100_A0A149NQ14~K03832	98.2	271	5	0	1	271	1	271	5.57e-185	514
assemblyΩ1_3918	UniRef100_A0A1Z4RNP2~K00059	38.6	264	140	5	3	264	7	250	3.37e-48	166
assemblyΩ1_3875	UniRef100_A0A016EGJ8~K09817	92.2	268	21	0	1	268	1	268	7.56e-180	501
assemblyΩ1_3170	UniRef100_A0A0K6BZN1~K03561	98.5	270	4	0	1	270	1	270	1.93e-180	502
assemblyΩ1_2822	UniRef100_Q03084~K18788	41.3	269	155	3	2	270	7	272	4.08e-66	213
assemblyΩ1_373	UniRef100_F7LLY2~K05810	86.2	269	37	0	1	269	1	269	1.62e-172	482
assemblyΩ1_252	UniRef100_Q5LGU0~K02564	100	270	0	0	1	270	1	270	4.66e-197	544
assemblyΩ3_53	UniRef100_A0A0K6BPW2~K09816	98.5	269	4	0	1	269	1	269	4.90e-178	496
assemblyΩ1_2603	UniRef100_Q5LAA3~K03783	99.6	269	1	0	1	269	3	271	2.12e-193	535
assemblyΩ1_1944	UniRef100_E1WQF0~K01778	88.5	269	31	0	1	269	4	272	2.23e-177	494
assemblyΩ1_1040	UniRef100_A1K6Q5~K03437	31.3	265	170	8	6	267	4	259	2.66e-22	99.0
assemblyΩ1_3568	UniRef100_A0A0K6BZT2~K01092	92.9	268	19	0	1	268	1	268	1.42e-181	505
assemblyΩ1_3271	UniRef100_A0A0K6BZB9~K06897	91.8	268	22	0	1	268	1	268	1.27e-184	513
assemblyΩ1_731	UniRef100_D3PD72~K04763	30.9	265	157	9	9	250	11	272	1.66e-21	97.4
assemblyΩ1_3215	UniRef100_D2QV27~K03496	30.8	224	143	3	16	238	5	217	1.17e-27	112
assemblyΩ1_1917	UniRef100_A0A0K6BV86~K05807	97.4	267	7	0	1	267	1	267	5.57e-183	508
assemblyΩ1_1565	UniRef100_A0A166Z4X5~K00784	34.6	263	172	0	4	266	8	270	5.91e-39	142
assemblyΩ1_1373	UniRef100_I3YN58~K03503	31.4	287	163	7	7	261	6	290	3.73e-35	133
assemblyΩ1_283	UniRef100_A0A0K6BQL8~K01627	96.6	267	9	0	1	267	1	267	1.37e-183	510
assemblyΩ1_3850	UniRef100_Q5LJ30~K06153	98.1	266	5	0	1	266	1	266	1.65e-179	499
assemblyΩ1_3647	UniRef100_A0A1G1TQX2~K00561	100	266	0	0	1	266	1	266	2.48e-190	527
assemblyΩ1_1525	UniRef100_A0A149NKI5~K07001	98.9	266	3	0	1	266	3	268	1.38e-192	533
assemblyΩ1_614	UniRef100_A0A015TSG1~K07387	97.7	266	6	0	1	266	1	266	3.48e-181	504
assemblyΩ1_161	UniRef100_A0A0K6BRJ4~K03118	92.7	261	19	0	1	261	1	261	1.76e-169	474
assemblyΩ1_3424	UniRef100_A0A0K6BZ74~K01265	99.2	265	2	0	1	265	1	265	3.54e-194	536
assemblyΩ1_2024	UniRef100_A0A0I9S1W7~K11071	100	265	0	0	1	265	1	265	1.37e-182	507
assemblyΩ1_1869	UniRef100_D4G259~K16698	32.6	221	136	6	3	217	8	221	5.44e-20	92.4
assemblyΩ1_1149	UniRef100_H6KZP5~K03496	40.8	255	136	4	9	261	8	249	6.20e-60	196
assemblyΩ1_3866	UniRef100_A0A0K6BNC1~K00046	98.1	263	5	0	1	263	1	263	5.18e-184	511
assemblyΩ1_3251	UniRef100_X5DGU3~K21572	31.9	288	153	6	14	264	21	302	3.62e-32	125
assemblyΩ1_2892	UniRef100_Q5L9L6~K00560	95.8	264	11	0	1	264	1	264	9.40e-194	535
assemblyΩ1_2148	UniRef100_A0A0K6BWQ5~K03218	99.2	246	2	0	19	264	1	246	5.31e-173	482
assemblyΩ1_1712	UniRef100_A0A015TU52~K02069	95.8	264	11	0	1	264	1	264	2.06e-172	481
assemblyΩ1_2905	UniRef100_Q5L9K4~K00945	95.6	228	10	0	35	262	1	228	2.83e-150	424
assemblyΩ1_2855	UniRef100_Q5L9P9~K05306	88.9	262	29	0	1	262	1	262	2.66e-163	458
assemblyΩ1_3530	UniRef100_A0A149NMJ4~K07052	88.9	262	29	0	1	262	1	262	1.49e-164	461
assemblyΩ1_3379	UniRef100_B2RGU3~K03496	30.3	251	160	4	6	250	3	244	1.22e-28	115
assemblyΩ1_3004	UniRef100_F9D494~K19286	62.0	245	93	0	14	258	1	245	8.56e-109	320
assemblyΩ1_2068	UniRef100_A0A139TB29~K01991	91.6	262	22	0	1	262	1	262	1.10e-166	467
assemblyΩ1_2023	UniRef100_A0A0K6BV89~K11070	99.6	262	1	0	1	262	1	262	4.17e-171	478
assemblyΩ1_227	UniRef100_A0A1G1U6S6~K04486	91.2	262	23	0	1	262	1	262	8.65e-189	523
assemblyΩ1_310	UniRef100_A0A0K6BR56~K02428	95.0	261	13	0	1	261	1	261	6.78e-181	503
assemblyΩ1_257	UniRef100_A0A0X8G351~K03768	31.7	262	161	4	5	260	6	255	3.64e-30	119
assemblyΩ1_570	UniRef100_A0A0A2F031~K03496	30.3	238	153	5	12	249	4	228	2.42e-27	111
assemblyΩ1_3051	UniRef100_A0A016BSE0~K02477	87.6	259	32	0	1	259	1	259	6.84e-164	459
assemblyΩ1_2699	UniRef100_A0A2G5XFW9~K00059	39.3	252	148	3	1	251	1	248	8.97e-50	169
assemblyΩ1_693	UniRef100_A0A015P4W3~K03426	85.0	260	38	1	1	259	1	260	3.02e-165	463
assemblyΩ1_2901	UniRef100_A0A149N2I2~K03424	93.0	258	18	0	1	258	1	258	1.59e-173	484
assemblyΩ1_2832	UniRef100_A0A0I9S7H2~K00978	100	258	0	0	1	258	1	258	6.40e-198	545
assemblyΩ1_1877	UniRef100_A0A0I9S7H2~K00978	100	258	0	0	1	258	1	258	6.40e-198	545
assemblyΩ1_1825	UniRef100_Q5LCA6~K03149	94.2	258	15	0	1	258	1	258	8.79e-171	477
assemblyΩ1_1727	UniRef100_A0A1G1TNB5~K02823	92.2	258	20	0	1	258	1	258	2.35e-175	488
assemblyΩ1_1722	UniRef100_A0A0K6BUT4~K01241	98.8	258	3	0	1	258	1	258	7.41e-188	520
assemblyΩ1_4283	UniRef100_A0A0K6BQJ4~K00286	95.7	257	11	0	1	257	1	257	5.04e-165	462
assemblyΩ1_3973	UniRef100_Q5LIQ2~K00930	94.9	257	13	0	1	257	5	261	1.82e-168	471
assemblyΩ1_3739	UniRef100_D2QDK0~K02477	38.5	257	153	1	4	255	1	257	4.88e-60	196
assemblyΩ1_3732	UniRef100_I3Z6T3~K13683	33.6	256	149	8	8	249	4	252	2.68e-30	119
assemblyΩ1_3296	UniRef100_Q5L8V7~K09861	90.7	257	24	0	1	257	1	257	2.84e-171	478
assemblyΩ1_3107	UniRef100_A0A0K6BYI6~K00210	99.6	257	1	0	1	257	1	257	5.81e-180	500
assemblyΩ1_2151	UniRef100_A0A0K6BWG7~K02342	98.4	257	4	0	1	257	1	257	5.41e-185	513
assemblyΩ1_1865	UniRef100_A0A0E2SXW0~K19997	92.6	257	19	0	1	257	42	298	1.96e-174	488
assemblyΩ1_3928	UniRef100_A0A0K6BNF0~K00677	95.7	256	11	0	1	256	1	256	1.05e-161	454
assemblyΩ1_3357	UniRef100_A0A0K6BZR7~K02065	99.6	256	1	0	1	256	1	256	5.85e-184	510
assemblyΩ1_2233	UniRef100_G8M4C6~K01501	31.5	235	141	10	30	248	49	279	1.90e-16	83.2
assemblyΩ1_1960	UniRef100_Q5LBZ2~K01695	92.8	251	18	0	1	251	1	251	7.99e-170	474
assemblyΩ1_858	UniRef100_A0A1W5CJ13~K05886	54.5	253	115	0	1	253	4	256	9.73e-95	284
assemblyΩ1_173	UniRef100_A0A0K6BQS1~K00677	98.0	255	5	0	1	255	1	255	2.95e-112	328
assemblyΩ1_54	UniRef100_Q5LHD7~K03787	96.5	255	9	0	1	255	1	255	1.75e-189	524
assemblyΩ1_53	UniRef100_A0A141RAN2~K03496	100	255	0	0	1	255	1	255	1.26e-173	484
assemblyΩ1_4193	UniRef100_A0A015S9E7~K03269	97.2	254	7	0	1	254	1	254	9.78e-191	527
assemblyΩ1_4159	UniRef100_W8TH53~K18672	44.4	248	134	2	6	253	12	255	1.03e-55	186
assemblyΩ1_2331	UniRef100_G8TLD3~K13002	43.1	248	137	1	1	248	1	244	3.93e-61	198
assemblyΩ1_364	UniRef100_G8TLD3~K13002	46.0	250	131	1	1	250	1	246	4.45e-68	216
assemblyΩ1_4251	UniRef100_B2RGU3~K03496	32.5	255	154	5	1	251	1	241	1.65e-30	119
assemblyΩ1_3355	UniRef100_A0A0I9S6A1~K06861	100	253	0	0	1	253	1	253	1.67e-177	493
assemblyΩ1_2910	UniRef100_A0A015TKL6~K12343	89.7	253	26	0	1	253	1	253	3.09e-173	483
assemblyΩ1_2055	UniRef100_Q5LBQ4~K02036	98.8	253	3	0	1	253	1	253	8.61e-180	499
assemblyΩ1_1857	UniRef100_A0A0K6BVJ4~K01142	98.4	253	4	0	1	253	1	253	6.37e-191	527
assemblyΩ1_1556	UniRef100_A0A0K6BUJ0~K03437	86.2	253	35	0	1	253	1	253	1.04e-155	438
assemblyΩ1_980	UniRef100_A0A0K6BTX3~K01470	94.1	253	15	0	1	253	1	253	4.27e-180	500
assemblyΩ1_843	UniRef100_A0A149N8P0~K00175	99.2	253	2	0	1	253	1	253	6.12e-189	522
assemblyΩ1_3374	UniRef100_D1JP04~K02013	100	252	0	0	1	252	12	263	2.06e-180	501
assemblyΩ1_3270	UniRef100_Q64P45~K03439	99.6	252	1	0	1	252	1	252	7.72e-187	517
assemblyΩ1_2261	UniRef100_A0A149NIC0~K00655	97.6	251	6	0	1	251	31	281	1.38e-178	497
assemblyΩ1_2155	UniRef100_A0A1C0WT75~K06167	94.8	252	13	0	1	252	4	255	3.78e-181	503
assemblyΩ1_1943	UniRef100_A0A0K6BV13~K01126	95.6	252	11	0	1	252	1	252	7.93e-178	494
assemblyΩ1_1509	UniRef100_A0A1H4H2W3~K00979	92.3	247	19	0	1	247	1	247	1.30e-164	461
assemblyΩ1_194	UniRef100_Q5LGZ6~K06173	96.0	252	10	0	1	252	1	252	3.38e-181	503
assemblyΩ3_33	UniRef100_A0A015TP12~K03524	71.7	251	71	0	1	251	1	251	1.64e-128	369
assemblyΩ1_3885	UniRef100_A0A016GMN9~K02477	95.2	251	12	0	1	251	1	251	8.87e-172	479
assemblyΩ1_3773	UniRef100_A0A017PH91~K00240	99.2	251	2	0	1	251	1	251	6.59e-183	507
assemblyΩ1_3495	UniRef100_C7X7A0~K02477	46.9	254	130	2	1	249	1	254	6.10e-74	231
assemblyΩ1_3116	UniRef100_Q5L923~K01803	97.6	251	6	0	1	251	1	251	1.08e-172	481
assemblyΩ1_2782	UniRef100_Q5L9Y1~K06201	94.4	251	14	0	1	251	1	251	2.44e-169	473
assemblyΩ1_2612	UniRef100_C7PGW0~K02477	39.9	253	149	2	1	251	1	252	4.15e-58	191
assemblyΩ1_1177	UniRef100_D8K241~K07454	53.8	253	109	3	2	250	10	258	2.04e-88	268
assemblyΩ1_3996	UniRef100_A0A139SYK8~K09013	99.6	250	1	0	1	250	20	269	7.28e-175	487
assemblyΩ1_3858	UniRef100_A0A0K6BN81~K01719	98.8	250	3	0	1	250	1	250	1.13e-178	496
assemblyΩ1_3561	UniRef100_A0A149NMX9~K04069	88.0	250	30	0	1	250	12	261	7.93e-168	469
assemblyΩ1_3075	UniRef100_A0A1X9MFM9~K16698	43.7	245	132	3	4	243	13	256	1.85e-63	204
assemblyΩ1_2185	UniRef100_Q5LBD7~K02500	99.6	250	1	0	1	250	1	250	1.61e-178	496
assemblyΩ1_1866	UniRef100_G8TLD3~K13002	46.4	250	127	3	1	248	1	245	1.19e-69	220
assemblyΩ1_3748	UniRef100_E1WSH2~K08641	82.7	249	43	0	1	249	15	263	1.44e-145	413
assemblyΩ1_2738	UniRef100_A0A0X8JMP7~K17837	48.9	219	112	0	20	238	32	250	2.82e-80	247
assemblyΩ1_2662	UniRef100_Q3A6S7~K14058	37.7	239	141	3	7	239	5	241	1.92e-42	150
assemblyΩ1_1670	UniRef100_A0A1G1U746~K01834	100	249	0	0	1	249	1	249	8.69e-187	516
assemblyΩ1_3154	UniRef100_A0A0K6BZ28~K00059	98.8	248	3	0	1	248	1	248	3.21e-168	469
assemblyΩ1_2390	UniRef100_Q5LAT7~K01834	99.2	248	2	0	1	248	1	248	2.21e-184	510
assemblyΩ1_2246	UniRef100_A0A149NIV9~K00721	98.0	248	5	0	1	248	1	248	1.48e-178	496
assemblyΩ1_1078	UniRef100_Q3V7G2~K03814	94.0	248	15	0	1	248	1	248	9.45e-161	451
assemblyΩ1_2918	UniRef100_I3YPU7~K01071	39.1	207	125	1	10	216	7	212	1.82e-47	163
assemblyΩ1_1764	UniRef100_F7LR50~K02233	89.5	247	26	0	1	247	1	247	4.64e-156	439
assemblyΩ1_1052	UniRef100_A0A0K6BT86~K02003	97.2	247	7	0	1	247	1	247	8.17e-166	463
assemblyΩ1_185	UniRef100_A0A016EJ50~K00014	96.0	247	10	0	1	247	1	247	4.27e-177	492
assemblyΩ1_4019	UniRef100_A0A0K6BNS8~K03589	95.9	246	10	0	1	246	1	246	3.49e-171	477
assemblyΩ1_2998	UniRef100_F9CZH8~K07052	43.3	247	139	1	1	246	9	255	5.91e-68	216
assemblyΩ1_2775	UniRef100_A0A0K6BXC6~K18928	98.0	246	5	0	1	246	1	246	8.66e-181	501
assemblyΩ1_2212	UniRef100_Q97TP7~K07124	34.2	234	151	2	1	231	1	234	1.81e-33	127
assemblyΩ1_4291	UniRef100_C3X953~K10716	59.0	229	94	0	9	237	8	236	5.79e-92	278
assemblyΩ1_2516	UniRef100_A0A1G1TZK3~K02477	94.3	245	14	0	1	245	1	245	3.33e-164	459
assemblyΩ1_1517	UniRef100_A0A0K6BUU8~K02651	93.9	245	15	0	1	245	1	245	7.83e-163	456
assemblyΩ1_186	UniRef100_Q5LH04~K03183	96.3	245	9	0	1	245	1	245	2.66e-170	474
assemblyΩ1_4218	UniRef100_A0A0K6BPP6~K00806	94.7	244	13	0	1	244	1	244	4.97e-170	474
assemblyΩ1_3439	UniRef100_Q5L8B5~K02982	100	244	0	0	1	244	1	244	6.49e-166	463
assemblyΩ1_2592	UniRef100_W0TNW8~K00721	34.8	230	143	3	8	231	2	230	3.32e-40	144
assemblyΩ1_1538	UniRef100_H8KT39~K03574	40.4	240	122	6	6	243	4	224	3.29e-47	162
assemblyΩ1_4148	UniRef100_A0A0E2AT57~K22132	95.0	242	12	0	1	242	1	242	2.64e-164	459
assemblyΩ1_4015	UniRef100_Q5LIK3~K03584	96.3	242	9	0	1	242	1	242	2.02e-168	469
assemblyΩ1_3922	UniRef100_A0A0K6BPK9~K00215	96.3	242	9	0	1	242	1	242	2.36e-167	467
assemblyΩ1_3352	UniRef100_Q64NW2~K01358	100	220	0	0	23	242	1	220	1.95e-154	433
assemblyΩ1_2991	UniRef100_K4MGB9~K01838	36.5	219	132	4	20	238	2	213	2.00e-36	134
assemblyΩ1_1014	UniRef100_D9TKY4~K00059	36.8	250	134	7	2	238	7	245	4.60e-31	120
assemblyΩ1_398	UniRef100_Q64QI1~K07322	83.1	242	41	0	1	242	1	242	2.39e-151	426
assemblyΩ1_546	UniRef100_A0A0E2ASQ0~K04069	95.9	241	10	0	1	241	1	241	7.10e-173	481
assemblyΩ1_3126	UniRef100_A0A0K6BZ65~K03561	97.9	240	5	0	1	240	1	240	2.43e-159	446
assemblyΩ1_2236	UniRef100_E1WSB2~K01104	87.5	240	30	0	1	240	21	260	1.53e-153	432
assemblyΩ1_2186	UniRef100_A0A1G1TQ00~K01814	95.0	239	12	0	1	239	1	239	1.80e-165	462
assemblyΩ1_2098	UniRef100_A0A0E2ALI4~K05946	92.9	239	17	0	1	239	1	239	1.04e-164	460
assemblyΩ1_4307	UniRef100_A0A1G1TSN1~K02003	99.2	238	2	0	1	238	1	238	4.26e-168	468
assemblyΩ1_2121	UniRef100_A0A0K6BWK6~K06997	98.2	222	4	0	17	238	1	222	1.12e-157	441
assemblyΩ1_1036	UniRef100_A0A0K6BT23~K01057	97.5	236	6	0	1	236	1	236	3.80e-171	476
assemblyΩ1_799	UniRef100_A0A149N8U3~K02003	99.2	238	2	0	1	238	1	238	1.12e-163	457
assemblyΩ1_3127	UniRef100_Q5L912~K03474	98.7	237	3	0	1	237	1	237	3.95e-168	468
assemblyΩ1_1579	UniRef100_E1WNM2~K15460	73.8	237	62	0	1	237	1	237	7.09e-123	354
assemblyΩ1_1529	UniRef100_Q97TP7~K07124	41.7	240	136	2	1	236	1	240	1.49e-54	181
assemblyΩ3_39	UniRef100_A0A149MZE4~K17103	94.1	236	14	0	1	236	1	236	8.15e-156	437
assemblyΩ3_29	UniRef100_Q5LHK5~K09903	98.3	236	4	0	1	236	1	236	4.39e-160	448
assemblyΩ1_3356	UniRef100_A0A0K6BYS8~K02066	100	235	0	0	2	236	13	247	3.11e-158	444
assemblyΩ1_2309	UniRef100_A0A0K6BWA4~K06911	93.2	235	16	0	1	235	1	235	1.88e-165	461
assemblyΩ1_663	UniRef100_Q5LFJ5~K00275	92.8	235	17	0	1	235	1	235	3.11e-164	458
assemblyΩ1_1968	UniRef100_Q5LBY4~K07322	99.1	234	2	0	1	234	2	235	2.38e-170	474
assemblyΩ1_1362	UniRef100_A0A0K6BV24~K03394	87.2	234	30	0	1	234	1	234	4.30e-148	417
assemblyΩ1_664	UniRef100_A0A0K6BSY6~K06911	93.2	234	16	0	1	234	1	234	3.37e-163	456
assemblyΩ1_280	UniRef100_A0A0K6BR49~K01990	94.4	234	13	0	1	234	1	234	2.87e-162	453
assemblyΩ1_244	UniRef100_A0A0K6BQH6~K07056	97.9	234	5	0	1	234	1	234	7.08e-165	460
assemblyΩ1_3851	UniRef100_Q5LJ29~K03177	96.6	233	8	0	1	233	1	233	2.78e-166	463
assemblyΩ1_3022	UniRef100_A0A223NQF9~K07658	40.0	230	134	3	1	226	1	230	1.18e-48	165
assemblyΩ1_2841	UniRef100_A0A0K6BXJ9~K01807	92.7	233	17	0	1	233	1	233	1.86e-155	436
assemblyΩ1_1829	UniRef100_A0A149N5T7~K21029	90.6	233	22	0	1	233	1	233	2.42e-151	426
assemblyΩ1_826	UniRef100_A0A015Q2I8~K03800	77.9	231	51	0	1	231	1	231	1.00e-127	366
assemblyΩ1_299	UniRef100_A0A0K6BR63~K21556	97.9	233	5	0	1	233	1	233	4.76e-158	442
assemblyΩ1_3979	UniRef100_A0A0K6BPW5~K07043	92.7	232	17	0	1	232	1	232	3.62e-157	440
assemblyΩ1_3459	UniRef100_Q5L894~K02863	100	232	0	0	1	232	1	232	1.32e-159	446
assemblyΩ1_2183	UniRef100_A0A0K6BWI9~K09812	96.6	232	8	0	1	232	1	232	1.37e-161	451
assemblyΩ1_1049	UniRef100_A0A1G1TZK3~K02477	43.9	239	123	2	3	230	2	240	5.26e-68	215
assemblyΩ1_4194	UniRef100_A0A015VK74~K03630	94.8	229	12	0	3	231	2	230	7.61e-156	437
assemblyΩ1_4183	UniRef100_A0A076W8I9~K05339	34.6	217	140	1	13	229	16	230	1.47e-35	131
assemblyΩ1_1370	UniRef100_A0PW48~K07672	36.2	224	141	1	5	228	32	253	1.45e-42	150
assemblyΩ4_6	UniRef100_A0A0K6BQW6~K07025	89.6	230	24	0	1	230	1	230	5.76e-153	429
assemblyΩ1_3771	UniRef100_Q7X480~K00241	99.6	230	1	0	1	230	1	230	1.81e-165	461
assemblyΩ1_3567	UniRef100_Q11PD5~K00764	33.5	218	143	1	11	228	18	233	3.42e-31	120
assemblyΩ1_3207	UniRef100_A0A139KQY2~K06188	100	230	0	0	1	230	1	230	7.31e-156	437
assemblyΩ1_3204	UniRef100_D7I9M6~K09807	100	230	0	0	1	230	1	230	1.95e-160	448
assemblyΩ1_2863	UniRef100_D1JUL4~K14742	97.4	229	6	0	1	229	10	238	5.49e-164	457
assemblyΩ1_2506	UniRef100_A5DXF5~K22211	33.8	225	142	4	6	224	5	228	2.04e-29	115
assemblyΩ1_2054	UniRef100_A0A0K6BVD8~K02039	96.1	229	9	0	1	229	1	229	5.72e-148	417
assemblyΩ1_2011	UniRef100_F8EA33~K07665	50.7	227	110	1	2	228	1	225	3.39e-76	235
assemblyΩ1_780	UniRef100_E4T5B3~K07657	72.8	228	61	1	1	227	1	228	2.93e-111	324
assemblyΩ1_289	UniRef100_Q64XK1~K09761	93.9	229	14	0	1	229	1	229	2.36e-156	438
assemblyΩ3_40	UniRef100_Q5LHJ3~K01613	96.9	228	7	0	1	228	1	228	5.84e-161	449
assemblyΩ1_2740	UniRef100_A0A0K6BX86~K07025	91.7	228	19	0	1	228	1	228	1.19e-144	408
assemblyΩ1_2572	UniRef100_A0A015P053~K06973	96.1	228	9	0	1	228	1	228	7.85e-150	421
assemblyΩ1_458	UniRef100_A0A0K6BRR0~K03499	96.9	228	7	0	1	228	1	228	3.11e-156	437
assemblyΩ1_278	UniRef100_R6ZBM6~K01091	93.4	228	15	0	1	228	1	228	1.48e-154	433
assemblyΩ1_2904	UniRef100_A0A0K6BXR1~K03832	96.5	227	8	0	1	227	1	227	7.28e-150	421
assemblyΩ1_1984	UniRef100_A0A220VHI8~K03543	31.2	186	121	2	40	223	22	202	2.81e-27	109
assemblyΩ1_672	UniRef100_A0A0K6BSG9~K09125	99.1	226	2	0	1	226	1	226	1.48e-153	431
assemblyΩ1_287	UniRef100_A0A139LC86~K02003	75.7	214	52	0	13	226	1	214	1.08e-118	342
assemblyΩ1_3938	UniRef100_A0A142EAB6~K07660	30.9	223	139	6	5	218	1	217	3.41e-20	91.3
assemblyΩ1_2404	UniRef100_A0A1C0WFR7~K10773	96.9	225	7	0	1	225	1	225	3.13e-159	445
assemblyΩ1_2040	UniRef100_A0A1B0VKZ6~K02483	39.9	223	127	3	1	223	1	216	8.42e-45	155
assemblyΩ1_1729	UniRef100_A0A015S486~K00554	98.2	225	4	0	1	225	1	225	3.13e-159	445
assemblyΩ1_1214	UniRef100_A0A0K6BTT2~K00348	97.3	225	6	0	1	225	1	225	1.95e-153	430
assemblyΩ4_4	UniRef100_A0A0K6BQ25~K07056	96.9	224	7	0	1	224	1	224	7.65e-155	434
assemblyΩ1_3608	UniRef100_C6Y011~K09650	42.9	238	116	6	2	223	7	240	3.67e-49	166
assemblyΩ1_3153	UniRef100_A0A0K6BYY3~K06180	95.5	221	10	0	1	221	1	221	5.04e-157	439
assemblyΩ1_1892	UniRef100_A0A149N5D0~K03612	96.9	224	5	1	1	224	1	222	7.03e-146	411
assemblyΩ1_1702	UniRef100_A0A0K6BUR7~K02003	98.7	224	3	0	1	224	1	224	2.19e-154	432
assemblyΩ1_1360	UniRef100_D4IL55~K05595	53.3	214	100	0	10	223	10	223	1.19e-74	231
assemblyΩ1_1358	UniRef100_D2QKD0~K07665	50.5	220	108	1	3	222	2	220	7.36e-71	221
assemblyΩ1_1331	UniRef100_Q64UC8~K02003	94.6	224	12	0	1	224	3	226	4.02e-146	412
assemblyΩ1_1328	UniRef100_Q64UC8~K02003	93.8	224	14	0	1	224	3	226	4.02e-146	412
assemblyΩ1_1244	UniRef100_A0A1C0WUC4~K02003	92.4	224	17	0	1	224	1	224	3.59e-144	407
assemblyΩ1_1229	UniRef100_Q64UQ5~K03501	95.1	224	11	0	1	224	1	224	1.48e-152	428
assemblyΩ1_3317	UniRef100_A0A060R687~K21749	46.2	221	118	1	3	223	6	225	2.55e-64	204
assemblyΩ1_1847	UniRef100_A0A1T5HUJ3~K19091	45.5	222	116	4	1	222	1	217	3.34e-55	181
assemblyΩ1_2001	UniRef100_A0A016E6M0~K01625	92.3	222	17	0	1	222	1	222	1.32e-154	433
assemblyΩ1_462	UniRef100_A0A015P598~K03088	95.0	181	9	0	42	222	1	181	1.43e-119	343
assemblyΩ1_331	UniRef100_A0A015S7R6~K03525	93.2	222	15	0	1	222	22	243	1.57e-151	426
assemblyΩ1_2753	UniRef100_A0A149N3R3~K07507	96.4	221	8	0	1	221	2	222	5.97e-144	406
assemblyΩ1_2585	UniRef100_A0A0K6BXR9~K19302	89.6	221	23	0	1	221	1	221	3.62e-147	414
assemblyΩ1_1236	UniRef100_Q5LDM3~K03801	95.0	221	11	0	1	221	1	221	1.82e-156	437
assemblyΩ1_713	UniRef100_A0A0K6BRY6~K02003	98.6	221	3	0	1	221	1	221	4.79e-152	426
assemblyΩ1_712	UniRef100_A0A0K6BRY6~K02003	98.2	221	4	0	1	221	1	221	1.95e-151	425
assemblyΩ1_3283	UniRef100_Q5L8X0~K01926	97.7	220	5	0	1	220	1	220	6.57e-154	431
assemblyΩ1_3122	UniRef100_A0A1G1TXZ9~K00991	90.9	220	19	1	1	220	1	219	7.01e-142	400
assemblyΩ1_2993	UniRef100_Q5L9D9~K03648	96.8	220	7	0	1	220	1	220	1.28e-160	448
assemblyΩ1_2981	UniRef100_A0A174YWT4~K00945	44.9	216	104	4	12	220	1	208	1.85e-52	174
assemblyΩ1_673	UniRef100_Q5LFI6~K06920	99.1	219	2	0	1	219	1	219	5.89e-161	449
assemblyΩ1_2381	UniRef100_Q5LAU6~K00616	96.8	217	7	0	1	217	1	217	8.97e-151	423
assemblyΩ1_1334	UniRef100_A0A089LKY2~K01838	31.3	208	114	8	9	199	8	203	2.30e-18	85.9
assemblyΩ1_3615	UniRef100_A0A0K6BZY2~K00761	98.6	217	3	0	1	217	1	217	6.83e-150	421
assemblyΩ1_883	UniRef100_Q5LEQ5~K02520	91.6	203	17	0	15	217	1	203	4.81e-124	355
assemblyΩ1_519	UniRef100_H0H4K9~K16327	31.1	206	127	6	8	207	3	199	7.82e-20	89.7
assemblyΩ1_4149	UniRef100_Q64Z80~K09810	93.5	216	14	0	1	216	1	216	7.61e-142	400
assemblyΩ1_3500	UniRef100_A0A1C0W670~K09702	91.2	216	19	0	1	216	1	216	3.01e-148	416
assemblyΩ1_3063	UniRef100_A0A1C0W8G8~K01783	95.8	216	9	0	1	216	3	218	3.10e-146	411
assemblyΩ1_2850	UniRef100_A0A016GBZ9~K11068	94.9	216	11	0	1	216	1	216	3.54e-156	436
assemblyΩ1_2668	UniRef100_A0A0K6BRH3~K07118	95.4	216	10	0	1	216	1	216	8.99e-150	420
assemblyΩ1_1185	UniRef100_I9TKZ0~K01091	98.1	216	4	0	1	216	1	216	1.49e-148	417
assemblyΩ1_3358	UniRef100_A0A0S2SD18~K14979	30.8	208	139	2	7	213	10	213	1.21e-18	86.7
assemblyΩ1_1673	UniRef100_C7X5I2~K05595	100	215	0	0	1	215	27	241	1.18e-146	413
assemblyΩ1_149	UniRef100_A0A015QHI4~K01091	93.5	215	14	0	1	215	1	215	3.12e-145	409
assemblyΩ4_7	UniRef100_A0A081U9R0~K05595	100	214	0	0	1	214	1	214	9.67e-144	405
assemblyΩ1_4198	UniRef100_A0A0N7IF75~K12132	68.5	213	67	0	1	213	1	213	4.72e-100	294
assemblyΩ1_3801	UniRef100_A0A0K6C0V3~K19271	95.8	213	9	0	1	213	1	213	4.30e-151	423
assemblyΩ1_2061	UniRef100_Q1WSK2~K01077	32.2	202	128	3	11	212	10	202	3.25e-28	111
assemblyΩ1_802	UniRef100_A0A015U8Z4~K01935	92.0	213	17	0	1	213	1	213	1.17e-139	394
assemblyΩ1_4276	UniRef100_Q5LI12~K00762	99.5	212	1	0	1	212	1	212	4.85e-152	426
assemblyΩ1_3984	UniRef100_A0A0P0GVA0~K22130	78.3	212	46	0	1	212	1	212	3.41e-127	363
assemblyΩ1_3700	UniRef100_C7M9L1~K00588	45.1	206	113	0	7	212	8	213	4.58e-64	203
assemblyΩ1_2343	UniRef100_A0A120HS56~K22278	35.0	197	118	4	21	208	34	229	2.24e-30	117
assemblyΩ1_1921	UniRef100_A0A139T553~K03748	88.7	212	24	0	1	212	22	233	2.86e-133	379
assemblyΩ1_1228	UniRef100_Q0S1B7~K01069	36.1	216	124	6	6	210	15	227	7.31e-35	129
assemblyΩ1_117	UniRef100_B8DZS9~K00548	50.2	209	104	0	1	209	1	209	1.67e-66	209
assemblyΩ1_3966	UniRef100_A0A015TN94~K03469	91.5	211	16	1	1	211	1	209	7.69e-139	392
assemblyΩ1_3860	UniRef100_A0A015VCA8~K03424	83.4	211	35	0	1	211	1	211	3.69e-126	360
assemblyΩ1_3087	UniRef100_D9TI61~K01838	35.5	183	113	3	1	182	1	179	3.00e-26	106
assemblyΩ1_2735	UniRef100_A0A1H4H9S9~K18234	82.9	205	35	0	1	205	1	205	1.30e-125	358
assemblyΩ1_1553	UniRef100_A0A0K6BU75~K03101	97.6	210	5	0	1	210	1	210	3.99e-150	421
assemblyΩ1_1544	UniRef100_Q938I6~K03386	97.1	210	6	0	1	210	1	210	1.45e-152	427
assemblyΩ1_1215	UniRef100_A0A0I9RV36~K00349	100	210	0	0	1	210	1	210	1.13e-140	397
assemblyΩ1_3408	UniRef100_Q891R4~K01746	48.3	203	105	0	1	203	1	203	1.56e-54	178
assemblyΩ1_929	UniRef100_Q5LED3~K03687	94.4	195	11	0	15	209	1	195	1.63e-118	340
assemblyΩ1_3575	UniRef100_A0A1Z3W983~K07271	50.3	193	94	2	15	207	1	191	1.51e-69	216
assemblyΩ1_3532	UniRef100_A0A149NMJ9~K20866	94.7	207	11	0	1	207	1	207	8.73e-146	409
assemblyΩ1_3444	UniRef100_Q5L8B0~K02926	100	208	0	0	1	208	1	208	1.96e-140	396
assemblyΩ1_2798	UniRef100_A0A1G1TUX7~K05995	88.0	208	25	0	1	208	1	208	1.07e-128	366
assemblyΩ1_1216	UniRef100_A0A0K6BTG9~K00350	99.5	208	1	0	1	208	1	208	1.34e-122	351
assemblyΩ1_4362	UniRef100_A0A1C0WY67~K00949	91.3	207	18	0	1	207	1	207	6.34e-141	397
assemblyΩ1_3767	UniRef100_F4C8I8~K19302	42.0	181	99	3	5	182	7	184	9.84e-36	130
assemblyΩ1_2015	UniRef100_A0A1G1TNK6~K02839	91.3	206	18	0	1	206	1	206	5.64e-139	392
assemblyΩ1_1711	UniRef100_A0A0K6BUH6~K02068	91.3	206	18	0	1	206	1	206	2.46e-133	378
assemblyΩ1_3445	UniRef100_Q5L8A9~K02906	100	205	0	0	1	205	1	205	7.49e-148	414
assemblyΩ1_1822	UniRef100_A0A0P0F4S7~K04564	92.2	205	16	0	1	205	1	205	4.66e-142	400
assemblyΩ1_1682	UniRef100_A0A174AA89~K03734	99.5	205	1	0	1	205	1	205	4.70e-151	422
assemblyΩ1_1252	UniRef100_Q5LDK8~K06187	100	205	0	0	1	205	1	205	1.98e-143	403
assemblyΩ1_418	UniRef100_Q5LG50~K00859	90.7	205	19	0	1	205	1	205	1.48e-129	368
assemblyΩ1_3869	UniRef100_K9VG18~K22278	34.6	191	115	4	20	202	38	226	1.03e-31	120
assemblyΩ1_3282	UniRef100_V4AD63~K01557	41.1	202	118	1	2	203	15	215	1.51e-48	163
assemblyΩ1_2868	UniRef100_Q5L9N9~K00942	92.2	204	16	0	1	204	1	204	4.99e-132	374
assemblyΩ1_1824	UniRef100_E1WP98~K00788	89.2	204	22	0	1	204	1	204	1.08e-126	361
assemblyΩ1_606	UniRef100_F0R985~K22041	33.7	193	119	2	7	199	7	190	7.42e-26	104
assemblyΩ1_254	UniRef100_D3E172~K07566	35.7	199	118	6	3	197	1	193	1.07e-31	120
assemblyΩ1_2184	UniRef100_A0A0K6BVK2~K11755	99.5	203	1	0	1	203	1	203	5.28e-147	412
assemblyΩ1_1762	UniRef100_Q64TE5~K02231	95.5	199	9	0	1	199	1	199	9.16e-138	389
assemblyΩ1_2312	UniRef100_A0A0K6BX37~K00876	98.5	202	3	0	1	202	1	202	3.41e-143	402
assemblyΩ1_1830	UniRef100_A0A0K6BUS2~K00788	96.5	202	7	0	1	202	1	202	7.79e-144	404
assemblyΩ1_863	UniRef100_Q5LES5~K00860	95.0	202	10	0	1	202	1	202	2.21e-134	380
assemblyΩ1_4008	UniRef100_Q64ZN7~K03470	93.5	201	13	0	1	201	1	201	1.10e-138	391
assemblyΩ1_3911	UniRef100_A0A0K6BPJ8~K06041	99.5	201	1	0	1	201	1	201	4.49e-138	389
assemblyΩ1_3418	UniRef100_Q5L8D5~K02986	98.5	201	3	0	1	201	1	201	6.65e-140	394
assemblyΩ1_2376	UniRef100_A0A0K6BW37~K06142	99.0	201	2	0	1	201	1	201	5.41e-130	369
assemblyΩ1_2032	UniRef100_A0A0K6BWB4~K02120	99.5	201	1	0	1	201	1	201	3.40e-133	377
assemblyΩ1_1247	UniRef100_Q64UN4~K03978	96.0	201	8	0	1	201	1	201	1.83e-137	388
assemblyΩ1_1186	UniRef100_A0A0P0GFC0~K00661	96.0	201	8	0	1	201	1	201	7.77e-139	391
assemblyΩ1_3967	UniRef100_A0A016C7R7~K07078	98.5	200	3	0	1	200	1	200	3.45e-146	410
assemblyΩ1_2848	UniRef100_Q5L9Q7~K03550	95.5	201	8	1	1	200	1	201	2.27e-124	355
assemblyΩ1_2053	UniRef100_A0A0K6BV88~K00793	98.0	200	4	0	1	200	1	200	1.06e-140	396
assemblyΩ1_1956	UniRef100_Q64SX7~K01658	90.5	199	19	0	1	199	26	224	2.54e-129	368
assemblyΩ1_696	UniRef100_L0DA44~K21741	54.4	182	82	1	8	189	8	188	2.51e-64	202
assemblyΩ4_2	UniRef100_Q5LHP5~K00857	98.0	199	4	0	1	199	1	199	6.14e-135	381
assemblyΩ1_532	UniRef100_A0A149MY45~K03088	94.5	199	11	0	1	199	5	203	1.26e-128	365
assemblyΩ1_1520	UniRef100_A0A016E7V4~K02619	73.2	198	53	0	1	198	1	198	7.31e-106	308
assemblyΩ1_264	UniRef100_A0A139TAG2~K05595	100	198	0	0	1	198	44	241	7.35e-125	357
assemblyΩ2_8	UniRef100_A0A2A3VZU2~K21528	43.2	183	99	2	1	183	1	178	2.15e-38	136
assemblyΩ1_2927	UniRef100_A0A0K6BXS8~K03775	96.4	196	7	0	1	196	1	196	8.01e-125	355
assemblyΩ1_2869	UniRef100_A0A016E3U9~K00969	90.3	186	18	0	1	186	1	186	4.74e-125	356
assemblyΩ1_2595	UniRef100_A0A0K6BXJ2~K01704	99.5	196	1	0	1	196	1	196	3.32e-142	399
assemblyΩ1_2187	UniRef100_Q64RT0~K02501	96.4	196	7	0	1	196	1	196	2.42e-135	382
assemblyΩ1_2036	UniRef100_A0A0K6BV74~K02121	98.5	196	3	0	1	196	1	196	4.43e-106	308
assemblyΩ1_1765	UniRef100_A0A139T5W5~K02226	86.7	181	24	0	1	181	1	181	1.55e-114	329
assemblyΩ1_1255	UniRef100_Q64UM6~K07735	97.4	196	5	0	1	196	1	196	4.72e-142	399
assemblyΩ1_413	UniRef100_Q5LG55~K02897	96.9	196	6	0	1	196	1	196	7.46e-130	368
assemblyΩ1_4367	UniRef100_A0A149MZT1~K03088	92.8	194	14	0	1	194	1	194	1.28e-125	357
assemblyΩ1_4123	UniRef100_Q64ZA8~K15876	93.3	195	13	0	1	195	1	195	1.47e-140	395
assemblyΩ1_3856	UniRef100_E1WJV1~K06966	92.3	195	15	0	1	195	4	198	9.36e-131	370
assemblyΩ1_3501	UniRef100_A0A0K6C015~K00661&K00633	92.8	195	14	0	1	195	1	195	5.07e-132	374
assemblyΩ1_1959	UniRef100_A0A1C0X6I5~K01817	90.3	195	19	0	1	195	24	218	1.10e-129	369
assemblyΩ1_1891	UniRef100_A0A0K6BVM6~K03613	99.5	195	1	0	1	195	1	195	3.29e-128	364
assemblyΩ1_1159	UniRef100_A0A139T6L9~K03088	100	195	0	0	1	195	1	195	4.04e-138	389
assemblyΩ1_655	UniRef100_A0A0U2WCS1~K13012	42.3	194	95	3	3	195	7	184	4.46e-36	130
assemblyΩ1_3806	UniRef100_Q64MG2~K02428	90.7	194	18	0	1	194	1	194	2.50e-127	362
assemblyΩ1_3734	UniRef100_A0A0K6C019~K03773	98.5	194	3	0	1	194	1	194	1.20e-134	380
assemblyΩ1_3114	UniRef100_Q5L925~K01495	99.0	194	2	0	1	194	1	194	8.46e-135	380
assemblyΩ1_889	UniRef100_A0A149N9E5~K00180	97.4	194	5	0	1	194	1	194	2.72e-131	372
assemblyΩ1_260	UniRef100_A0A1G4G6V3~K03088	49.4	162	80	2	18	177	9	170	3.27e-45	153
assemblyΩ1_4330	UniRef100_Q64YU7~K01548	92.6	189	14	0	1	189	1	189	6.65e-122	348
assemblyΩ1_4118	UniRef100_A0A0K6BPF7~K03773	68.4	193	51	3	1	193	1	183	9.53e-88	261
assemblyΩ1_2418	UniRef100_Q5LAQ8~K06287	93.3	193	13	0	1	193	1	193	2.82e-128	364
assemblyΩ1_314	UniRef100_A0A0E2AUV6~K03088	92.2	192	15	0	1	192	14	205	2.38e-123	352
assemblyΩ1_182	UniRef100_A0A0K6BQC9~K03744	99.0	193	2	0	1	193	1	193	4.88e-129	366
assemblyΩ1_140	UniRef100_Q5LH49~K00331	100	191	0	0	1	191	4	194	1.15e-139	393
assemblyΩ1_2967	UniRef100_C6VRK5~K03088	33.9	171	109	3	14	182	14	182	5.71e-25	102
assemblyΩ1_2773	UniRef100_A0A149N397~K00782	96.4	192	7	0	1	192	1	192	1.84e-128	364
assemblyΩ1_2479	UniRef100_Q64R06~K09940	91.4	186	16	0	1	186	1	186	1.72e-118	339
assemblyΩ1_1262	UniRef100_A0A139KL58~K03088	85.4	192	28	0	1	192	1	192	7.09e-117	335
assemblyΩ1_3954	UniRef100_A0A149MTU3~K11175	89.9	189	19	0	1	189	18	206	5.12e-120	343
assemblyΩ1_2363	UniRef100_A0A076J2D4~K09939	94.2	191	11	0	1	191	1	191	6.46e-133	375
assemblyΩ1_737	UniRef100_Q5LF41~K01790	97.9	191	4	0	1	191	1	191	2.18e-140	394
assemblyΩ1_320	UniRef100_A0A0K6BR81~K03088	92.7	191	14	0	1	191	1	191	2.50e-121	346
assemblyΩ1_213	UniRef100_A0A0K6BQV9~K03088	96.3	191	7	0	1	191	1	191	9.09e-124	352
assemblyΩ1_4363	UniRef100_A0A017PAT6~K03811	92.6	190	14	0	1	190	1	190	7.95e-113	325
assemblyΩ1_3113	UniRef100_A0A0K6BZC8~K03088	84.2	190	30	0	1	190	1	190	7.00e-112	322
assemblyΩ1_3093	UniRef100_A0A016G4R7~K01246	97.9	190	4	0	1	190	1	190	1.12e-137	387
assemblyΩ1_2944	UniRef100_A0A149N2M5~K03088	90.0	190	19	0	1	190	1	190	1.01e-115	332
assemblyΩ1_2481	UniRef100_E1WU31~K09940	42.0	193	101	5	1	190	1	185	6.88e-37	132
assemblyΩ1_1890	UniRef100_A0A081U5U5~K03617	100	190	0	0	1	190	1	190	4.48e-119	340
assemblyΩ1_1879	UniRef100_Q8A836~K01790	79.7	182	37	0	1	182	1	182	3.19e-108	313
assemblyΩ1_1778	UniRef100_L7UIV2~K00798	44.7	179	98	1	3	180	2	180	1.58e-42	146
assemblyΩ1_3430	UniRef100_Q5L8C4~K02933	97.4	189	5	0	1	189	1	189	2.53e-129	366
assemblyΩ1_2088	UniRef100_Q64SJ4~K00640	48.9	182	84	5	1	179	4	179	4.12e-45	153
assemblyΩ1_1906	UniRef100_A0A0A2SJL0~K00661	50.0	158	75	3	32	186	28	184	3.60e-38	135
assemblyΩ1_1654	UniRef100_C9KSB9~K03088	100	189	0	0	1	189	14	202	2.07e-131	372
assemblyΩ1_887	UniRef100_Q5LEQ1~K03816	98.9	189	2	0	1	189	1	189	3.60e-129	366
assemblyΩ1_371	UniRef100_Q5LGH0~K00939	99.5	189	1	0	1	189	1	189	1.12e-132	375
assemblyΩ1_290	UniRef100_A0A149NDI6~K08999	95.8	189	8	0	1	189	1	189	5.50e-124	353
assemblyΩ1_4196	UniRef100_A0A174HED3~K02356	99.5	188	1	0	1	188	1	188	2.09e-132	374
assemblyΩ1_3247	UniRef100_I9V2M6~K03088	94.7	188	10	0	1	188	1	188	2.32e-120	343
assemblyΩ1_2779	UniRef100_A0A0K6BYA4~K01243	96.3	188	7	0	1	188	1	188	1.47e-132	374
assemblyΩ1_2399	UniRef100_Q5LAS7~K01159	98.4	188	3	0	1	188	1	188	1.21e-131	372
assemblyΩ1_471	UniRef100_A0A081ULI6~K03386	100	188	0	0	1	188	1	188	2.27e-136	384
assemblyΩ1_4334	UniRef100_Q8VTB1~K03088	91.4	187	16	0	1	187	1	187	6.62e-115	330
assemblyΩ1_3481	UniRef100_A0A0K6C064~K00798	96.3	187	7	0	1	187	1	187	3.61e-128	363
assemblyΩ1_931	UniRef100_E1WUB8~K03088	91.4	187	16	0	1	187	1	187	3.42e-117	335
assemblyΩ1_412	UniRef100_Q5LG56~K01056	94.7	187	10	0	1	187	1	187	2.65e-130	369
assemblyΩ3_22	UniRef100_Q5LHL2~K02838	100	186	0	0	1	186	1	186	1.47e-122	349
assemblyΩ1_3492	UniRef100_A0A0K6BZB4~K01515	89.2	185	20	0	1	185	1	185	7.30e-125	355
assemblyΩ1_3295	UniRef100_A0A016CAE7~K00661	95.6	180	8	0	1	180	1	180	6.73e-116	332
assemblyΩ1_2919	UniRef100_A0A1G1TXI6~K01653	98.9	186	2	0	1	186	2	187	4.73e-126	358
assemblyΩ1_1073	UniRef100_A0A015TKN2~K03744	97.8	186	4	0	1	186	1	186	1.41e-120	344
assemblyΩ1_3433	UniRef100_Q5L8C1~K02931	99.5	185	1	0	1	185	1	185	1.93e-122	348
assemblyΩ1_3031	UniRef100_A0A0K6BY49~K03088	96.2	183	7	0	1	183	1	183	3.44e-116	333
assemblyΩ1_2397	UniRef100_A0A015NVL4~K03088	83.9	186	29	1	1	185	1	186	3.41e-98	287
assemblyΩ1_3260	UniRef100_A0A0P0GQT6~K03088	67.9	159	51	0	14	172	9	167	1.81e-69	214
assemblyΩ1_1469	UniRef100_A0A1P8JJD7~K03088	47.8	184	86	4	1	179	1	179	1.02e-48	162
assemblyΩ1_878	UniRef100_Q5LEQ9~K01462	98.4	184	3	0	1	184	1	184	9.62e-127	359
assemblyΩ1_42	UniRef100_A0A0K6BQC5~K03088	95.7	184	8	0	1	184	1	184	1.53e-123	351
assemblyΩ1_3697	UniRef100_A0A0K6C0J1~K03088	94.0	183	11	0	1	183	1	183	4.02e-114	327
assemblyΩ1_3123	UniRef100_A0A141RP24~K03152	98.4	183	3	0	1	183	1	183	2.28e-129	366
assemblyΩ1_2542	UniRef100_A0A0K6BWU2~K03088	89.6	183	19	0	1	183	1	183	1.91e-112	323
assemblyΩ1_1084	UniRef100_A0A016APS2~K03088	89.1	183	20	0	1	183	1	183	3.17e-111	320
assemblyΩ1_678	UniRef100_A0A221JKR4~K03088	86.9	183	24	0	1	183	1	183	4.69e-113	325
assemblyΩ1_307	UniRef100_A0A0K6BQP4~K03088	97.8	183	4	0	1	183	1	183	7.33e-126	357
assemblyΩ1_2888	UniRef100_A0A0K6BYB9~K03088	98.9	182	2	0	1	182	1	182	4.78e-126	357
assemblyΩ1_2469	UniRef100_A0A016CM25~K07240	97.8	182	4	0	1	182	1	182	1.04e-120	344
assemblyΩ1_2225	UniRef100_A0A0K6BVR6~K03088	95.6	182	8	0	1	182	1	182	1.23e-103	301
assemblyΩ1_1570	UniRef100_A0A149NKA5~K01790	92.3	182	14	0	1	182	1	182	1.47e-120	343
assemblyΩ1_544	UniRef100_A0A0K6BRV4~K03088	97.8	182	4	0	1	182	1	182	9.65e-126	357
assemblyΩ1_357	UniRef100_A0A223V099~K00661	44.8	172	94	1	11	182	2	172	1.38e-43	148
assemblyΩ1_2844	UniRef100_A0A0K6BXE8~K03823	96.6	177	6	0	5	181	1	177	5.46e-126	357
assemblyΩ1_2776	UniRef100_A0A015PXP3~K10026	96.1	181	7	0	1	181	1	181	2.47e-132	373
assemblyΩ1_2018	UniRef100_Q5LBU1~K02959	94.5	181	10	0	1	181	1	181	5.83e-90	266
assemblyΩ1_4004	UniRef100_A0A1G1TSK7~K03088	95.0	180	9	0	1	180	1	180	1.22e-118	338
assemblyΩ1_3461	UniRef100_A0A0I9TYY2~K02601	100	180	0	0	1	180	1	180	1.13e-123	351
assemblyΩ1_3046	UniRef100_A0A0K6BYW8~K00432	92.2	180	14	0	1	180	1	180	1.80e-120	343
assemblyΩ1_2860	UniRef100_Q5L9P4~K02860	95.0	180	9	0	1	180	1	180	1.32e-122	348
assemblyΩ1_2820	UniRef100_A0A0K6BXH7~K01790	98.3	180	3	0	1	180	1	180	2.12e-128	363
assemblyΩ1_2468	UniRef100_A0A139TCR2~K07240	96.6	179	6	0	1	179	1	179	3.78e-122	347
assemblyΩ1_2423	UniRef100_E1WTP9~K01673	97.2	180	5	0	1	180	3	182	2.98e-124	353
assemblyΩ1_842	UniRef100_A0A0K6BTB8~K00177	100	179	0	0	1	179	1	179	2.38e-125	355
assemblyΩ1_3968	UniRef100_Q5LIQ7~K00891	89.4	179	19	0	1	179	1	179	1.04e-114	328
assemblyΩ1_2614	UniRef100_F6FW90~K00663	33.5	185	97	6	3	173	20	192	5.30e-16	78.2
assemblyΩ1_1350	UniRef100_Q5LD83~K02113	97.2	179	5	0	1	179	8	186	6.38e-122	347
assemblyΩ1_2995	UniRef100_A0A149N1W9~K06950	85.4	178	26	0	1	178	1	178	1.94e-114	328
assemblyΩ1_2789	UniRef100_A0A139T444~K03088	92.7	179	12	1	1	178	1	179	6.45e-111	319
assemblyΩ1_2649	UniRef100_A0A015VYP4~K03827	90.2	174	17	0	1	174	1	174	1.59e-118	338
assemblyΩ1_1663	UniRef100_A0A1G1U785~K01734	100	178	0	0	1	178	1	178	3.14e-129	365
assemblyΩ1_1254	UniRef100_A0A149NBY2~K00657	93.3	178	12	0	1	178	2	179	1.37e-121	346
assemblyΩ1_370	UniRef100_Q9XDI7~K00760	96.6	178	6	0	1	178	1	178	8.95e-120	341
assemblyΩ1_3513	UniRef100_A0A017N612~K03088	93.8	177	11	0	1	177	10	186	1.17e-112	323
assemblyΩ1_1269	UniRef100_D6D4P9~K03100	84.7	177	27	0	1	177	12	188	1.64e-108	313
assemblyΩ1_3912	UniRef100_E1WK13~K06966	92.6	176	13	0	1	176	1	176	2.37e-114	327
assemblyΩ1_3894	UniRef100_E1WJY9~K00759	95.5	176	8	0	1	176	3	178	1.12e-117	336
assemblyΩ1_3066	UniRef100_A0A149N1N2~K07566	97.7	176	4	0	1	176	12	187	9.30e-119	339
assemblyΩ1_3045	UniRef100_A0A0U4W156~K01823	35.3	153	94	4	8	157	21	171	2.29e-19	86.7
assemblyΩ1_2007	UniRef100_F9ZAC0~K05520	69.5	174	53	0	1	174	1	174	1.31e-81	244
assemblyΩ1_4231	UniRef100_A0A2D3NEE7~K01185	100	175	0	0	1	175	1	175	4.65e-125	354
assemblyΩ1_2480	UniRef100_E1WU32~K09940	98.8	169	2	0	1	169	1	169	4.34e-90	266
assemblyΩ1_2419	UniRef100_A0A016BU39~K03270	92.5	173	13	0	1	173	1	173	2.05e-118	337
assemblyΩ1_1475	UniRef100_A0A143QB14~K00661	32.5	154	99	2	23	171	29	182	8.33e-06	50.4
assemblyΩ1_838	UniRef100_A0A0K6BSA1~K03088	93.1	173	12	0	1	173	1	173	2.77e-107	309
assemblyΩ1_3428	UniRef100_Q5L8C6~K02988	99.4	172	1	0	1	172	1	172	1.44e-113	325
assemblyΩ1_3011	UniRef100_A0A0K6BYZ6~K01734	98.8	172	2	0	1	172	1	172	8.73e-124	351
assemblyΩ1_1557	UniRef100_A0A1D7QN03~K03832	30.7	166	95	2	5	170	4	149	3.33e-16	77.4
assemblyΩ1_429	UniRef100_A0A0K6BR54~K03564	97.3	148	4	0	25	172	1	148	4.20e-103	298
assemblyΩ1_4216	UniRef100_A0A0K6BPD2~K06142	98.2	171	3	0	1	171	1	171	4.61e-105	303
assemblyΩ1_2769	UniRef100_A0A016FX53~K03088	79.9	169	34	0	2	170	22	190	4.26e-94	276
assemblyΩ1_2254	UniRef100_A0A0E2AK23~K03088	88.9	171	18	1	1	171	1	170	2.21e-89	264
assemblyΩ1_1250	UniRef100_A0A2D3DP57~K16168	31.3	144	98	1	24	167	22	164	2.60e-15	75.5
assemblyΩ1_426	UniRef100_A0A149MX66~K03088	90.6	171	16	0	1	171	1	171	1.18e-107	310
assemblyΩ1_279	UniRef100_A0A139TA64~K13694	93.6	171	11	0	1	171	1	171	4.66e-114	326
assemblyΩ5_7	UniRef100_B1IGM5~K07005	56.7	164	70	1	1	163	1	164	1.82e-56	180
assemblyΩ1_3458	UniRef100_A0A0K6BZ62~K02864	99.4	170	1	0	1	170	1	170	4.32e-114	326
assemblyΩ1_2600	UniRef100_A0A015VYR3~K03594	100	170	0	0	1	170	1	170	1.63e-118	337
assemblyΩ1_1842	UniRef100_A0A015WVB5~K07464	94.7	170	9	0	1	170	1	170	1.99e-119	340
assemblyΩ1_136	UniRef100_A0A0K6BRH0~K00339	97.6	170	4	0	1	170	1	170	2.12e-105	304
assemblyΩ1_4215	UniRef100_A0A0K6BQI0~K06142	97.0	169	5	0	1	169	1	169	3.97e-105	303
assemblyΩ1_3974	UniRef100_A0A0K6BPW1~K03088	98.2	169	3	0	1	169	1	169	2.22e-111	319
assemblyΩ1_1970	UniRef100_A0A139T4T8~K03839	96.4	169	6	0	1	169	43	211	5.06e-122	348
assemblyΩ1_1187	UniRef100_N0AVU6~K04719	30.0	190	101	5	9	166	16	205	3.24e-13	70.9
assemblyΩ1_830	UniRef100_A0A1C0WVQ7~K03839	96.4	167	6	0	1	167	1	167	6.96e-117	333
assemblyΩ1_4035	UniRef100_A0A141RAP8~K03088	99.4	168	1	0	1	168	1	168	2.72e-116	332
assemblyΩ1_3548	UniRef100_A0A015PA88~K01588	98.8	168	2	0	1	168	1	168	1.28e-105	305
assemblyΩ1_4122	UniRef100_A0A0K6BP52~K07005	95.8	167	7	0	1	167	1	167	9.87e-114	325
assemblyΩ1_3993	UniRef100_A0A0K6BNS2~K03558	93.4	167	11	0	1	167	1	167	1.79e-56	180
assemblyΩ1_1074	UniRef100_A0A0K6BTA6~K03088	99.4	167	1	0	1	167	1	167	5.30e-118	336
assemblyΩ1_671	UniRef100_A0A0K6BS64~K03088	98.2	167	3	0	1	167	1	167	6.19e-117	333
assemblyΩ1_3794	UniRef100_A0A017PG58~K07005	96.8	157	5	0	10	166	1	157	2.51e-109	313
assemblyΩ1_2063	UniRef100_A0A0K6BVE7~K11065	98.2	166	3	0	1	166	1	166	5.29e-113	323
assemblyΩ1_2667	UniRef100_A0A016CSM5~K02342	94.5	165	9	0	1	165	1	165	5.10e-115	328
assemblyΩ1_1668	UniRef100_A0A174LJX1~K03088	98.8	165	2	0	1	165	1	165	3.46e-113	323
assemblyΩ1_1349	UniRef100_Q5LD84~K02109	96.4	165	6	0	1	165	1	165	2.36e-79	238
assemblyΩ1_2893	UniRef100_A0A015UJC0~K00287	94.5	164	9	0	1	164	1	164	1.91e-110	317
assemblyΩ1_222	UniRef100_A0A174GRN5~K00794	92.1	164	13	0	1	164	1	164	2.53e-110	316
assemblyΩ1_2874	UniRef100_A0A0K6BXN2~K07095	98.8	163	2	0	1	163	1	163	5.78e-120	340
assemblyΩ1_33	UniRef100_A3U9J4~K08316	42.3	163	90	3	2	162	16	176	3.02e-36	129
assemblyΩ1_2575	UniRef100_A0A0K6BWU1~K03711	99.4	162	1	0	1	162	1	162	1.94e-113	324
assemblyΩ1_3791	UniRef100_A0A0K6C044~K03088	93.2	161	11	0	1	161	1	161	6.23e-105	302
assemblyΩ1_3737	UniRef100_A0A0E2AJD5~K03718	99.4	161	1	0	1	161	1	161	8.55e-112	320
assemblyΩ1_3416	UniRef100_Q5L8D7~K02879	98.1	161	3	0	1	161	1	161	9.51e-100	289
assemblyΩ1_1974	UniRef100_Q3JRN4~K03671	37.2	145	76	3	18	158	13	146	1.04e-23	96.3
assemblyΩ1_1672	UniRef100_B0NQA3~K02217	100	160	0	0	1	160	1	160	2.99e-109	313
assemblyΩ1_698	UniRef100_A0A0K6BRY7~K01489	96.3	160	6	0	1	160	1	160	2.55e-108	311
assemblyΩ1_3281	UniRef100_Q5L8X2~K01770	100	159	0	0	1	159	1	159	1.04e-111	319
assemblyΩ1_2180	UniRef100_E1WS50~K02217	95.6	159	7	0	1	159	1	159	2.88e-109	313
assemblyΩ1_1911	UniRef100_A0A149N5F8~K03976	96.2	159	6	0	1	159	1	159	2.03e-109	313
assemblyΩ1_137	UniRef100_A0A0K6BQ94~K00338	96.9	159	5	0	1	159	1	159	4.36e-95	277
assemblyΩ1_3448	UniRef100_A0A0N7IFM8~K02992	98.7	158	2	0	1	158	1	158	2.11e-106	306
assemblyΩ1_2894	UniRef100_A0A0K6BYC4~K03718	99.4	158	1	0	1	158	1	158	9.68e-112	319
assemblyΩ1_2243	UniRef100_A0A0K6BW26~K09793	91.8	158	13	0	1	158	1	158	8.51e-97	281
assemblyΩ1_4288	UniRef100_Q64YZ2~K03402	98.7	157	2	0	1	157	1	157	8.58e-101	291
assemblyΩ1_3471	UniRef100_A0A0K6BZ57~K01104	94.9	157	8	0	1	157	1	157	1.43e-108	311
assemblyΩ1_2562	UniRef100_A0A139TFQ7~K03088	87.9	157	19	0	1	157	1	157	4.76e-98	285
assemblyΩ1_2203	UniRef100_A0A076J9B1~K03741	42.7	157	90	0	1	157	1	157	1.17e-42	144
assemblyΩ1_675	UniRef100_Q5LFI4~K00783	98.7	157	2	0	1	157	1	157	4.11e-108	310
assemblyΩ1_541	UniRef100_Q9FDN5~K04047	96.2	157	6	0	1	157	1	157	2.89e-108	310
assemblyΩ1_354	UniRef100_A0A1Q2M6P4~K18290	50.7	146	72	0	6	151	17	162	9.14e-43	145
assemblyΩ1_4079	UniRef100_C7M6B4~K01768	64.7	156	54	1	1	155	1	156	2.87e-69	212
assemblyΩ1_3990	UniRef100_Q5LIN3~K09748	99.4	155	1	0	1	155	1	155	9.73e-106	304
assemblyΩ1_2293	UniRef100_F2KT05~K03671	32.6	132	82	3	21	152	9	133	1.23e-17	80.1
assemblyΩ1_1273	UniRef100_A0A0K6BUH9~K05800	96.1	155	6	0	1	155	1	155	9.35e-104	299
assemblyΩ1_977	UniRef100_A0A0E2ASH6~K08968	91.6	155	13	0	1	155	1	155	1.94e-101	293
assemblyΩ1_4275	UniRef100_A0A149N0P0~K03565	92.2	154	12	0	1	154	1	154	3.96e-100	290
assemblyΩ1_3510	UniRef100_A0A016C9R2~K03624	99.4	154	1	0	1	154	1	154	1.81e-96	280
assemblyΩ1_2897	UniRef100_D5EU03~K03559	45.9	148	71	2	3	150	7	145	2.24e-35	125
assemblyΩ1_2852	UniRef100_A0A0K6BXL1~K04068	88.7	151	17	0	1	151	1	151	8.09e-104	299
assemblyΩ1_3853	UniRef100_A0A1C0X4L2~K00950	88.2	153	18	0	1	153	1	153	6.56e-94	274
assemblyΩ1_3288	UniRef100_A0A081TU68~K02871	100	153	0	0	1	153	1	153	1.06e-108	311
assemblyΩ1_3120	UniRef100_A0A149NQG0~K00940	98.7	153	2	0	1	153	2	154	8.66e-106	304
assemblyΩ1_2030	UniRef100_A0A081TY28~K02124	100	153	0	0	1	153	1	153	1.96e-95	278
assemblyΩ1_1491	UniRef100_Q5LD55~K00610	98.0	153	3	0	1	153	1	153	4.14e-106	305
assemblyΩ1_3781	UniRef100_A0A015S6Q1~K09924	94.1	152	9	0	1	152	1	152	1.28e-95	278
assemblyΩ1_764	UniRef100_A0A149N8Y9~K03111	94.7	152	8	0	1	152	1	152	3.98e-99	287
assemblyΩ1_674	UniRef100_Q64WA9~K09457	96.7	151	5	0	1	151	1	151	1.84e-108	310
assemblyΩ1_228	UniRef100_E1WLZ4~K01934	90.7	151	14	0	1	151	1	151	6.13e-98	284
assemblyΩ1_4029	UniRef100_Q5LII9~K03925	93.3	150	10	0	1	150	1	150	2.50e-96	280
assemblyΩ1_3892	UniRef100_Q650H8~K07560	92.7	150	11	0	1	150	1	150	5.69e-98	284
assemblyΩ1_3765	UniRef100_Q5L7F1~K00954	98.0	150	3	0	1	150	1	150	4.51e-104	299
assemblyΩ1_2318	UniRef100_Q5LAY7~K03664	100	150	0	0	1	150	1	150	1.02e-100	291
assemblyΩ1_4016	UniRef100_A0A0K6BP26~K09117	97.3	149	4	0	1	149	1	149	5.45e-91	266
assemblyΩ1_2070	UniRef100_A0A139TBS8~K01447	99.3	149	1	0	1	149	9	157	6.71e-114	324
assemblyΩ1_834	UniRef100_Q8TKJ8~K01487	61.1	149	58	0	1	149	14	162	9.89e-60	187
assemblyΩ1_3426	UniRef100_Q5L8C8~K02876	98.6	148	2	0	1	148	1	148	4.51e-94	274
assemblyΩ1_902	UniRef100_B6ESK1~K19334	34.8	138	84	3	14	146	14	150	1.88e-16	77.4
assemblyΩ1_728	UniRef100_A0A078RBF7~K07341	93.9	148	9	0	1	148	1	148	4.30e-99	287
assemblyΩ1_3460	UniRef100_Q5L893~K02867	99.3	147	1	0	1	147	1	147	1.35e-99	288
assemblyΩ1_3234	UniRef100_D9RX11~K03630	38.3	141	85	2	8	147	9	148	1.34e-29	110
assemblyΩ1_3017	UniRef100_Q5L9B7~K02939	99.3	147	1	0	1	147	1	147	4.02e-92	269
assemblyΩ1_1813	UniRef100_A0A139TBS8~K01447	82.1	145	26	0	1	145	9	153	1.33e-90	265
assemblyΩ1_3509	UniRef100_A0A0K6C0B3~K02503	94.8	134	7	0	13	146	1	134	1.09e-86	254
assemblyΩ1_234	UniRef100_Q5LGV7~K03282	99.3	146	1	0	1	146	1	146	3.85e-85	251
assemblyΩ3_37	UniRef100_A0A0K6BPT1~K11991	94.5	145	8	0	1	145	1	145	1.31e-96	280
assemblyΩ1_1560	UniRef100_A0A0K6BUA4~K15977	92.4	145	11	0	1	145	1	145	4.72e-90	263
assemblyΩ1_230	UniRef100_A0A0K6BQG7~K01493	97.9	145	3	0	1	145	1	145	1.42e-100	290
assemblyΩ1_4042	UniRef100_Q5LIH9~K01520	96.5	144	5	0	1	144	1	144	6.02e-97	281
assemblyΩ1_3438	UniRef100_Q5L8B6~K02878	100	144	0	0	1	144	1	144	1.48e-97	282
assemblyΩ1_3067	UniRef100_A0A0K6BY68~K07107	97.9	144	3	0	1	144	1	144	3.35e-103	296
assemblyΩ1_848	UniRef100_A0A0K6BSC7~K01808	99.3	144	1	0	1	144	1	144	6.26e-108	308
assemblyΩ1_507	UniRef100_A0A139T103~K03711	95.1	143	7	0	1	143	3	145	1.71e-96	280
assemblyΩ1_3527	UniRef100_A0A017N418~K02426	95.8	142	6	0	1	142	1	142	5.59e-92	268
assemblyΩ1_2340	UniRef100_W6S4E4~K00980	42.8	138	66	3	1	136	1	127	1.35e-26	102
assemblyΩ1_1674	UniRef100_A0A076IM58~K02217	99.3	142	1	0	1	142	9	150	1.27e-101	293
assemblyΩ1_1669	UniRef100_A0A1G1U774~K13993	100	142	0	0	1	142	1	142	8.90e-89	260
assemblyΩ1_1176	UniRef100_G8UME0~K07458	55.9	143	60	1	3	142	9	151	6.08e-55	175
assemblyΩ1_2138	UniRef100_A0LQJ6~K04757	33.9	127	80	2	9	131	23	149	2.29e-15	74.3
assemblyΩ1_1924	UniRef100_A0A139T585~K13993	95.7	141	6	0	1	141	2	142	2.10e-89	261
assemblyΩ1_1007	UniRef100_Q6T1W8~K20679	46.8	124	66	0	11	134	5	128	6.22e-32	116
assemblyΩ1_411	UniRef100_A0A0K6BSD1~K04762	97.9	141	3	0	1	141	1	141	5.18e-92	268
assemblyΩ1_3206	UniRef100_A0A139KQY0~K03282	100	140	0	0	1	140	1	140	1.13e-90	265
assemblyΩ1_3125	UniRef100_A0A0K6BYK2~K03559	99.3	140	1	0	1	140	1	140	8.31e-93	270
assemblyΩ1_1041	UniRef100_A0A1P8E9L5~K07127	51.5	136	63	2	6	140	5	138	8.11e-42	141
assemblyΩ3_52	UniRef100_A0A0K6BR34~K06925	99.3	139	1	0	1	139	1	139	1.14e-94	275
assemblyΩ1_3900	UniRef100_B2KAT6~K07042	32.8	125	76	3	18	134	16	140	6.46e-15	72.8
assemblyΩ1_3702	UniRef100_A0A015PCP6~K03786	96.4	139	5	0	1	139	1	139	1.10e-92	270
assemblyΩ1_2296	UniRef100_D1JT17~K03711	92.8	139	10	0	1	139	1	139	1.62e-94	274
assemblyΩ1_1896	UniRef100_A0A0K6BVN2~K03803	92.8	139	10	0	1	139	1	139	6.56e-85	250
assemblyΩ1_877	UniRef100_Q5LER0~K07447	94.9	138	7	0	1	138	1	138	2.69e-88	258
assemblyΩ1_83	UniRef100_Q6T1W8~K20679	45.5	123	67	0	7	129	4	126	5.79e-34	121
assemblyΩ1_3440	UniRef100_Q5L8B4~K02890	100	136	0	0	1	136	1	136	5.69e-89	260
assemblyΩ1_3935	UniRef100_A0A081TP00~K02614	100	134	0	0	1	134	1	134	2.00e-88	258
assemblyΩ1_3779	UniRef100_A0A1C0X4D2~K07107	98.5	134	2	0	1	134	4	137	9.74e-92	267
assemblyΩ1_2425	UniRef100_A0A174MMR3~K05606	99.3	134	1	0	1	134	1	134	2.53e-91	266
assemblyΩ1_3449	UniRef100_Q5L8A5~K02950	100	133	0	0	1	133	1	133	2.63e-88	258
assemblyΩ1_1223	UniRef100_A0A0E2AQK9~K01802	89.5	133	14	0	1	133	1	133	3.60e-86	253
assemblyΩ1_2877	UniRef100_A0A0A7GG29~K03413	40.9	115	65	2	12	126	3	114	9.98e-19	81.6
assemblyΩ1_3431	UniRef100_Q5L8C3~K02994	100	131	0	0	1	131	1	131	7.91e-89	259
assemblyΩ1_3504	UniRef100_M4WXJ7~K00567	52.3	130	53	1	3	123	23	152	1.35e-39	135
assemblyΩ1_2200	UniRef100_Q64RQ9~K03574	88.5	130	15	0	1	130	1	130	3.63e-80	237
assemblyΩ1_3420	UniRef100_Q5L8D4~K02948	100	129	0	0	1	129	1	129	1.13e-87	256
assemblyΩ1_3287	UniRef100_Q5L8W6~K02996	99.2	128	1	0	1	128	1	128	1.61e-82	243
assemblyΩ1_1339	UniRef100_A0A015WW68~K00901	89.8	128	13	0	1	128	1	128	8.61e-78	231
assemblyΩ1_406	UniRef100_A0A016JPG7~K06199	83.5	127	21	0	1	127	1	127	2.57e-72	217
assemblyΩ1_1714	UniRef100_A0A016AP57~K01759	90.6	127	12	0	1	127	1	127	3.39e-79	234
assemblyΩ1_3859	UniRef100_A0A0K6BNK6~K03536	94.4	126	7	0	1	126	1	126	9.73e-74	221
assemblyΩ1_3547	UniRef100_Q64N36~K02437	95.2	125	6	0	1	125	1	125	8.36e-84	246
assemblyΩ1_3421	UniRef100_Q5L8D3~K02952	100	126	0	0	1	126	1	126	1.97e-82	243
assemblyΩ1_660	UniRef100_A0A0K6BRW1~K01759	96.0	125	5	0	1	125	1	125	1.33e-89	261
assemblyΩ1_343	UniRef100_A0A0K6BQT0~K03075	99.2	126	1	0	1	126	1	126	2.76e-64	197
assemblyΩ1_3457	UniRef100_Q5L896~K02935	100	124	0	0	1	124	1	124	5.61e-63	193
assemblyΩ1_3255	UniRef100_L0S6G0~K02171	31.6	117	79	1	7	122	7	123	3.42e-10	59.7
assemblyΩ1_2145	UniRef100_A0A0K6BWG3~K09022	96.0	124	5	0	1	124	1	124	7.79e-79	233
assemblyΩ1_3161	UniRef100_A0A167H1X0~K07979	32.1	109	74	0	3	111	5	113	3.48e-15	72.4
assemblyΩ1_3009	UniRef100_A0A015TES6~K01633	92.6	122	9	0	1	122	1	122	4.55e-77	229
assemblyΩ1_2661	UniRef100_A0A0K6BR25~K09922	96.7	122	4	0	1	122	1	122	1.03e-82	243
assemblyΩ1_1508	UniRef100_A0A0K6BV66~K00950	91.0	122	11	0	1	122	1	122	7.55e-76	226
assemblyΩ3_35	UniRef100_Q5LHJ8~K07460	90.9	121	11	0	1	121	1	121	1.72e-76	227
assemblyΩ1_3435	UniRef100_Q5L8B9~K02874	100	121	0	0	1	121	1	121	7.58e-80	236
assemblyΩ1_2192	UniRef100_A0A139TDC5~K06996	98.3	121	2	0	1	121	1	121	1.16e-83	245
assemblyΩ1_1963	UniRef100_A0A0D3LNS9~K03413	37.2	121	76	0	1	121	1	121	1.74e-24	96.3
assemblyΩ1_2778	UniRef100_A0A1G1TX80~K09790	97.5	120	3	0	1	120	1	120	2.27e-76	227
assemblyΩ1_59	UniRef100_A0A0K6BQ23~K09710	97.5	119	3	0	1	119	1	119	5.59e-81	238
assemblyΩ1_1354	UniRef100_W0NZA5~K03671	39.5	114	58	1	2	115	3	105	5.57e-23	91.7
assemblyΩ1_4309	UniRef100_Q5LHW2~K02884	100	117	0	0	1	117	1	117	6.34e-77	228
assemblyΩ1_2767	UniRef100_A0A0K6BXA6~K00537	94.0	117	7	0	1	117	1	117	6.34e-77	228
assemblyΩ1_272	UniRef100_Q5LGS0~K01579	96.6	117	4	0	1	117	1	117	7.41e-76	225
assemblyΩ1_3284	UniRef100_A0A1G1U2M6~K03113	97.4	116	3	0	1	116	1	116	2.92e-77	229
assemblyΩ1_885	UniRef100_Q8AAN9~K02887	99.1	116	1	0	1	116	1	116	5.66e-75	223
assemblyΩ1_141	UniRef100_Q5LH48~K00330	100	116	0	0	1	116	1	116	1.39e-75	224
assemblyΩ1_3429	UniRef100_Q5L8C5~K02881	99.1	114	1	0	1	114	1	114	1.58e-71	214
assemblyΩ1_3019	UniRef100_Q5L9B5~K02990	100	114	0	0	1	114	1	114	1.99e-74	221
assemblyΩ1_4184	UniRef100_E6SUH0~K06518	92.9	112	8	0	1	112	1	112	7.57e-69	207
assemblyΩ1_2487	UniRef100_A0A0K6BWL9~K07443	90.1	111	11	0	1	111	1	111	9.80e-72	214
assemblyΩ1_1908	UniRef100_A0A0K6BVN8~K10947	95.5	111	5	0	1	111	1	111	6.26e-72	215
assemblyΩ1_3699	UniRef100_A0A0K6C0Q3~K02834	97.3	110	3	0	1	110	1	110	5.38e-68	205
assemblyΩ1_2777	UniRef100_A0A0K6BY12~K01737	96.4	110	4	0	1	110	1	110	7.34e-75	222
assemblyΩ1_2094	UniRef100_A0A075LMC4~K12962	39.0	105	60	1	2	106	7	107	6.70e-14	68.2
assemblyΩ1_1884	UniRef100_A0A1G1TNV4~K03534	99.1	109	1	0	1	109	1	109	5.83e-76	225
assemblyΩ1_2739	UniRef100_A0A139T4U2~K11741	95.4	108	5	0	1	108	1	108	1.67e-68	206
assemblyΩ1_818	UniRef100_K9ZMF7~K03892	30.0	90	61	2	19	107	18	106	3.82e-06	48.1
assemblyΩ1_758	UniRef100_A0A1C7H0K0~K07154	69.1	97	30	0	1	97	1	97	2.43e-45	147
assemblyΩ1_416	UniRef100_A0A081TVE3~K03210	100	108	0	0	1	108	1	108	1.97e-69	208
assemblyΩ1_3040	UniRef100_A0A015W7I2~K07334	99.1	107	1	0	1	107	1	107	2.81e-73	218
assemblyΩ6_6	UniRef100_A0A1B3WLP9~K07171	72.4	105	29	0	1	105	1	105	2.68e-48	155
assemblyΩ1_3434	UniRef100_Q5L8C0~K02895	99.1	106	1	0	1	106	1	106	1.70e-69	208
assemblyΩ1_2328	UniRef100_A0A0P0D1E1~K00389	42.2	102	59	0	1	102	3	104	8.23e-19	80.5
assemblyΩ1_277	UniRef100_Q5LGR5~K02888	100	105	0	0	1	105	1	105	9.15e-69	206
assemblyΩ3_42	UniRef100_A0A0K6BPT6~K03671	94.2	104	6	0	1	104	1	104	5.12e-70	209
assemblyΩ1_2292	UniRef100_A0A0P0FFX8~K03671	82.8	99	17	0	1	99	1	99	6.46e-56	174
assemblyΩ1_1233	UniRef100_A0A0K6BUN8~K08364	95.1	103	5	0	1	103	1	103	3.77e-58	179
assemblyΩ1_135	UniRef100_A0A0K6BQ87~K00340	100	103	0	0	1	103	1	103	4.24e-64	194
assemblyΩ1_3643	UniRef100_A0A2D3MAC0~K07148	100	102	0	0	1	102	1	102	2.19e-70	210
assemblyΩ1_3446	UniRef100_Q5L8A8~K02946	100	101	0	0	1	101	1	101	1.49e-63	193
assemblyΩ1_2139	UniRef100_Q64S16~K04749	92.0	100	8	0	1	100	1	100	4.82e-60	184
assemblyΩ1_769	UniRef100_A0A0K6BSG1~K06975	94.0	100	6	0	1	100	1	100	8.68e-67	201
assemblyΩ1_3463	UniRef100_A0A081TQY9~K05808	100	99	0	0	1	99	1	99	5.07e-61	186
assemblyΩ1_3432	UniRef100_Q5L8C2~K02954	99.0	99	1	0	1	99	1	99	8.75e-62	188
assemblyΩ1_1935	UniRef100_A0A0P0EZD9~K03671	65.3	98	34	0	1	98	1	98	9.42e-43	140
assemblyΩ1_2784	UniRef100_A0A0K6BYA9~K09888	96.9	97	3	0	1	97	1	97	5.12e-60	184
assemblyΩ1_2093	UniRef100_W0EB14~K12962	55.7	97	43	0	1	97	18	114	2.02e-31	112
assemblyΩ1_3443	UniRef100_A0A0K6BZ49~K02892	99.0	96	1	0	1	96	1	96	2.87e-61	187
assemblyΩ1_1748	UniRef100_A0A0K6BUW0~K03530	91.7	96	8	0	1	96	1	96	1.27e-55	172
assemblyΩ1_3205	UniRef100_A0A139KQW8~K03530	100	95	0	0	1	95	1	95	6.54e-62	188
assemblyΩ1_761	UniRef100_A0A081U0Z3~K03530	100	91	0	0	1	91	1	91	3.74e-57	176
assemblyΩ1_3607	UniRef100_A0A0K6C0E1~K03530	94.4	90	5	0	1	90	1	90	7.05e-48	152
assemblyΩ1_3018	UniRef100_A0A1G8JI38~K02963	98.9	90	1	0	1	90	1	90	9.98e-57	175
assemblyΩ1_2550	UniRef100_A0A174XA23~K04078	98.9	90	1	0	1	90	1	90	4.94e-57	176
assemblyΩ1_3630	UniRef100_Q5L7M0~K02956	98.9	89	1	0	1	89	1	89	1.87e-56	174
assemblyΩ1_3441	UniRef100_Q5L8B3~K02965	100	89	0	0	1	89	1	89	1.66e-59	182
assemblyΩ1_276	UniRef100_Q5LGR6~K02899	98.9	89	1	0	1	89	1	89	5.58e-58	178
assemblyΩ1_2214	UniRef100_A0A149NJA4~K06975	94.3	87	5	0	1	87	1	87	1.10e-54	169
assemblyΩ1_1840	UniRef100_Q64T87~K09951	97.7	87	2	0	1	87	1	87	1.62e-56	174
assemblyΩ1_1753	UniRef100_Q5LCF5~K02902	98.8	86	1	0	1	86	1	86	6.39e-58	177
assemblyΩ1_3436	UniRef100_Q5L8B8~K02961	97.6	85	2	0	1	85	5	89	1.04e-52	164
assemblyΩ1_2110	UniRef100_A0A0K6BWK2~K01573	88.2	85	10	0	1	85	1	85	9.96e-39	129
assemblyΩ1_1348	UniRef100_Q5LD85~K02110	100	85	0	0	1	85	1	85	1.78e-32	113
assemblyΩ1_4014	UniRef100_Q5LIK4~K02968	96.4	84	3	0	1	84	1	84	1.09e-46	149
assemblyΩ1_2438	UniRef100_Q5LAN8~K02909	97.6	83	2	0	1	83	1	83	2.37e-54	168
assemblyΩ6_7	UniRef100_A0A1B3WI28~K07172	50.0	82	41	0	1	82	1	82	9.95e-24	91.3
assemblyΩ1_3354	UniRef100_A4RRZ7~K14407	40.0	75	45	0	3	77	6	80	2.47e-15	70.1
assemblyΩ1_1545	UniRef100_A4RRZ7~K14407	41.3	75	44	0	3	77	6	80	2.67e-12	62.4
assemblyΩ1_1345	UniRef100_A0A0K6BUN1~K02114	97.5	81	2	0	1	81	1	81	2.71e-50	158
assemblyΩ1_1342	UniRef100_B7FSF3~K14407	40.3	72	43	0	3	74	1	72	8.43e-12	60.8
assemblyΩ1_2414	UniRef100_A0A0K6BX34~K02078	96.3	80	3	0	1	80	1	80	2.95e-49	155
assemblyΩ1_4197	UniRef100_F3PX35~K02914	94.9	78	4	0	1	78	5	82	2.58e-43	140
assemblyΩ1_3953	UniRef100_Q5LIS0~K02078	100	78	0	0	1	78	1	78	4.81e-45	144
assemblyΩ1_3465	UniRef100_R5J8U5~K02970	97.4	78	2	0	1	78	1	78	2.29e-43	140
assemblyΩ1_846	UniRef100_A0A081TMF3~K00176	100	75	0	0	1	75	1	75	6.27e-33	114
assemblyΩ1_162	UniRef100_A0A0I9SB40~K03116	94.6	74	4	0	1	74	1	74	4.57e-26	96.7
assemblyΩ5_11	UniRef100_A0A1G1TQX9~K19158	100	73	0	0	1	73	17	89	2.37e-48	153
assemblyΩ1_3528	UniRef100_A0A0K6BZN2~K07727	97.2	71	2	0	1	71	1	71	3.19e-41	134
assemblyΩ1_3423	UniRef100_Q5L8D1~K02518	100	72	0	0	1	72	1	72	1.56e-45	145
assemblyΩ1_3273	UniRef100_A0A0K6BZJ4~K03602	94.3	70	4	0	1	70	1	70	1.13e-35	120
assemblyΩ1_1013	UniRef100_A0A1T3ERN8~K02078	44.9	69	38	0	1	69	1	69	3.51e-12	61.2
assemblyΩ1_3437	UniRef100_Q5L8B7~K02904	100	65	0	0	1	65	1	65	3.95e-36	121
assemblyΩ1_1823	UniRef100_A0A0P0EUA9~K03154	75.8	66	15	1	1	65	1	66	2.47e-28	101
assemblyΩ1_884	UniRef100_Q8AAP0~K02916	100	65	0	0	1	65	1	65	8.28e-38	125
assemblyΩ1_1752	UniRef100_Q5LCF6~K02913	100	62	0	0	1	62	1	62	1.12e-36	122
assemblyΩ1_3362	UniRef100_Q64NV0~K02911	100	61	0	0	1	61	1	61	3.90e-41	133
assemblyΩ1_3427	UniRef100_Q5L8C7~K02907	98.3	58	1	0	1	58	1	58	9.30e-32	109
assemblyΩ1_3535	UniRef100_A0A175ACE0~K05297	62.5	48	18	0	1	48	1	48	7.05e-18	74.3
assemblyΩ1_3422	UniRef100_Q5L8D2~K02919	100	38	0	0	1	38	1	38	1.69e-19	77.4
