locus_tag	ftype	length_bp	gene	EC_number	COG	product
IFOHMJLD_00001	gene	630				
IFOHMJLD_00001	CDS	630				hypothetical protein
IFOHMJLD_00002	gene	429				
IFOHMJLD_00002	CDS	429				hypothetical protein
IFOHMJLD_00003	gene	783				
IFOHMJLD_00003	CDS	783				hypothetical protein
IFOHMJLD_00004	gene	423				
IFOHMJLD_00004	CDS	423				hypothetical protein
IFOHMJLD_00005	gene	1239				
IFOHMJLD_00005	CDS	1239				hypothetical protein
IFOHMJLD_00006	gene	2010				
IFOHMJLD_00006	CDS	2010				hypothetical protein
IFOHMJLD_00007	gene	1017				
IFOHMJLD_00007	CDS	1017				hypothetical protein
IFOHMJLD_00008	gene	702				
IFOHMJLD_00008	CDS	702				hypothetical protein
IFOHMJLD_00009	gene	198				
IFOHMJLD_00009	CDS	198				hypothetical protein
IFOHMJLD_00010	gene	201				
IFOHMJLD_00010	CDS	201				hypothetical protein
IFOHMJLD_00011	gene	411				
IFOHMJLD_00011	CDS	411				hypothetical protein
IFOHMJLD_00012	gene	627				
IFOHMJLD_00012	CDS	627				hypothetical protein
IFOHMJLD_00013	gene	231				
IFOHMJLD_00013	CDS	231				hypothetical protein
IFOHMJLD_00014	gene	1323				
IFOHMJLD_00014	CDS	1323				hypothetical protein
IFOHMJLD_00015	gene	2088	topB_1			
IFOHMJLD_00015	CDS	2088	topB_1	5.6.2.1	COG0550	DNA topoisomerase 3
IFOHMJLD_00016	gene	519				
IFOHMJLD_00016	CDS	519				hypothetical protein
IFOHMJLD_00017	gene	2073				
IFOHMJLD_00017	CDS	2073				hypothetical protein
IFOHMJLD_00018	gene	360				
IFOHMJLD_00018	CDS	360				hypothetical protein
IFOHMJLD_00019	gene	903				
IFOHMJLD_00019	CDS	903				hypothetical protein
IFOHMJLD_00020	gene	843				
IFOHMJLD_00020	CDS	843				hypothetical protein
IFOHMJLD_00021	gene	459				
IFOHMJLD_00021	CDS	459				hypothetical protein
IFOHMJLD_00022	gene	468				
IFOHMJLD_00022	CDS	468				hypothetical protein
IFOHMJLD_00023	gene	579				
IFOHMJLD_00023	CDS	579				hypothetical protein
IFOHMJLD_00024	gene	594				
IFOHMJLD_00024	CDS	594				hypothetical protein
IFOHMJLD_00025	gene	468				
IFOHMJLD_00025	CDS	468				hypothetical protein
IFOHMJLD_00026	gene	393				
IFOHMJLD_00026	CDS	393				hypothetical protein
IFOHMJLD_00027	gene	384				
IFOHMJLD_00027	CDS	384				hypothetical protein
IFOHMJLD_00028	gene	405				
IFOHMJLD_00028	CDS	405				hypothetical protein
IFOHMJLD_00029	gene	588				
IFOHMJLD_00029	CDS	588				hypothetical protein
IFOHMJLD_00030	gene	522				
IFOHMJLD_00030	CDS	522				hypothetical protein
IFOHMJLD_00031	gene	702				
IFOHMJLD_00031	CDS	702				hypothetical protein
IFOHMJLD_00032	gene	444				
IFOHMJLD_00032	CDS	444				hypothetical protein
IFOHMJLD_00033	gene	591				
IFOHMJLD_00033	CDS	591				hypothetical protein
IFOHMJLD_00034	gene	423				
IFOHMJLD_00034	CDS	423				hypothetical protein
IFOHMJLD_00035	gene	519				
IFOHMJLD_00035	CDS	519				hypothetical protein
IFOHMJLD_00036	gene	363				
IFOHMJLD_00036	CDS	363				hypothetical protein
IFOHMJLD_00037	gene	375				
IFOHMJLD_00037	CDS	375				hypothetical protein
IFOHMJLD_00038	gene	1107	xerC_1			
IFOHMJLD_00038	CDS	1107	xerC_1			Tyrosine recombinase XerC
IFOHMJLD_00039	gene	615				
IFOHMJLD_00039	CDS	615				hypothetical protein
IFOHMJLD_00040	gene	675				
IFOHMJLD_00040	CDS	675				hypothetical protein
IFOHMJLD_00041	gene	1140				
IFOHMJLD_00041	CDS	1140				hypothetical protein
IFOHMJLD_00042	gene	2574				
IFOHMJLD_00042	CDS	2574				hypothetical protein
IFOHMJLD_00043	gene	558				
IFOHMJLD_00043	CDS	558				hypothetical protein
IFOHMJLD_00044	gene	1590	yicI			
IFOHMJLD_00044	CDS	1590	yicI	3.2.1.177	COG1501	Alpha-xylosidase
IFOHMJLD_00045	gene	474				
IFOHMJLD_00045	CDS	474				hypothetical protein
IFOHMJLD_00046	gene	1338	paeA			
IFOHMJLD_00046	CDS	1338	paeA		COG1253	Polyamine export protein
IFOHMJLD_00047	gene	801	loiP			
IFOHMJLD_00047	CDS	801	loiP	3.4.24.-	COG0501	Metalloprotease LoiP
IFOHMJLD_00048	gene	2373				
IFOHMJLD_00048	CDS	2373				hypothetical protein
IFOHMJLD_00049	gene	438				
IFOHMJLD_00049	CDS	438				hypothetical protein
IFOHMJLD_00050	gene	819				
IFOHMJLD_00050	CDS	819				hypothetical protein
IFOHMJLD_00051	gene	822				
IFOHMJLD_00051	CDS	822				hypothetical protein
IFOHMJLD_00052	gene	1287				
IFOHMJLD_00052	CDS	1287		2.5.1.-	COG2873	O-acetyl-L-homoserine sulfhydrylase
IFOHMJLD_00053	gene	1062	mnmA_1			
IFOHMJLD_00053	CDS	1062	mnmA_1	2.8.1.13		tRNA-specific 2-thiouridylase MnmA
IFOHMJLD_00054	gene	678	narL			
IFOHMJLD_00054	CDS	678	narL		COG2197	putative transcriptional regulatory protein NarL
IFOHMJLD_00055	gene	591				
IFOHMJLD_00055	CDS	591				hypothetical protein
IFOHMJLD_00056	gene	1431	nhaC			
IFOHMJLD_00056	CDS	1431	nhaC		COG1757	Na(+)/H(+) antiporter NhaC
IFOHMJLD_00057	gene	855				
IFOHMJLD_00057	CDS	855				hypothetical protein
IFOHMJLD_00058	gene	438				
IFOHMJLD_00058	CDS	438				hypothetical protein
IFOHMJLD_00059	gene	1176				
IFOHMJLD_00059	CDS	1176			COG2814	putative transporter
IFOHMJLD_00060	gene	2361	pbpC			
IFOHMJLD_00060	CDS	2361	pbpC		COG4953	Penicillin-binding protein 1C
IFOHMJLD_00061	gene	5589				
IFOHMJLD_00061	CDS	5589				hypothetical protein
IFOHMJLD_00062	gene	1296	tilS			
IFOHMJLD_00062	CDS	1296	tilS	6.3.4.19	COG0037	tRNA(Ile)-lysidine synthase
IFOHMJLD_00063	gene	2523	der_1			
IFOHMJLD_00063	CDS	2523	der_1			GTPase Der
IFOHMJLD_00064	gene	213				
IFOHMJLD_00064	CDS	213				hypothetical protein
IFOHMJLD_00065	gene	73				
IFOHMJLD_00065	tRNA	73				tRNA-Cys(gca)
IFOHMJLD_00066	gene	1086				
IFOHMJLD_00066	CDS	1086				hypothetical protein
IFOHMJLD_00067	gene	753				
IFOHMJLD_00067	CDS	753				hypothetical protein
IFOHMJLD_00068	gene	984				
IFOHMJLD_00068	CDS	984				hypothetical protein
IFOHMJLD_00069	gene	1875				
IFOHMJLD_00069	CDS	1875				hypothetical protein
IFOHMJLD_00070	gene	1260				
IFOHMJLD_00070	CDS	1260				hypothetical protein
IFOHMJLD_00071	gene	1014				
IFOHMJLD_00071	CDS	1014				hypothetical protein
IFOHMJLD_00072	gene	1008				
IFOHMJLD_00072	CDS	1008				hypothetical protein
IFOHMJLD_00073	gene	174				
IFOHMJLD_00073	CDS	174				hypothetical protein
IFOHMJLD_00074	gene	165				
IFOHMJLD_00074	CDS	165				hypothetical protein
IFOHMJLD_00075	gene	519				
IFOHMJLD_00075	CDS	519				hypothetical protein
IFOHMJLD_00076	gene	474				
IFOHMJLD_00076	CDS	474				hypothetical protein
IFOHMJLD_00077	gene	1455				
IFOHMJLD_00077	CDS	1455				hypothetical protein
IFOHMJLD_00078	gene	1389				
IFOHMJLD_00078	CDS	1389				hypothetical protein
IFOHMJLD_00079	gene	1206	wecC_1			
IFOHMJLD_00079	CDS	1206	wecC_1	1.1.1.336	COG0677	UDP-N-acetyl-D-mannosamine dehydrogenase
IFOHMJLD_00080	gene	1155				
IFOHMJLD_00080	CDS	1155		5.1.3.14		UDP-N-acetylglucosamine 2-epimerase
IFOHMJLD_00081	gene	1077				
IFOHMJLD_00081	CDS	1077				hypothetical protein
IFOHMJLD_00082	gene	1095				
IFOHMJLD_00082	CDS	1095				hypothetical protein
IFOHMJLD_00083	gene	510	dapH_1			
IFOHMJLD_00083	CDS	510	dapH_1	2.3.1.89		2,3,4,5-tetrahydropyridine-2,6-dicarboxylate N-acetyltransferase
IFOHMJLD_00084	gene	1020	capD_1			
IFOHMJLD_00084	CDS	1020	capD_1	5.1.3.2	COG1086	UDP-glucose 4-epimerase
IFOHMJLD_00085	gene	1134	wbjC_1			
IFOHMJLD_00085	CDS	1134	wbjC_1	1.1.1.367		UDP-2-acetamido-2,6-beta-L-arabino-hexul-4-ose reductase
IFOHMJLD_00086	gene	1131	wbpI_1			
IFOHMJLD_00086	CDS	1131	wbpI_1	5.1.3.23		UDP-2,3-diacetamido-2,3-dideoxy-D-glucuronate 2-epimerase
IFOHMJLD_00087	gene	1107				
IFOHMJLD_00087	CDS	1107				hypothetical protein
IFOHMJLD_00088	gene	1224	arnB			
IFOHMJLD_00088	CDS	1224	arnB	2.6.1.87		UDP-4-amino-4-deoxy-L-arabinose--oxoglutarate aminotransferase
IFOHMJLD_00089	gene	588				
IFOHMJLD_00089	CDS	588				hypothetical protein
IFOHMJLD_00090	gene	75				
IFOHMJLD_00090	tRNA	75				tRNA-Thr(tgt)
IFOHMJLD_00091	gene	597	resA_1			
IFOHMJLD_00091	CDS	597	resA_1			Thiol-disulfide oxidoreductase ResA
IFOHMJLD_00092	gene	1866				
IFOHMJLD_00092	CDS	1866				hypothetical protein
IFOHMJLD_00093	gene	735				
IFOHMJLD_00093	CDS	735				hypothetical protein
IFOHMJLD_00094	gene	189				
IFOHMJLD_00094	CDS	189				hypothetical protein
IFOHMJLD_00095	gene	381				
IFOHMJLD_00095	CDS	381				hypothetical protein
IFOHMJLD_00096	gene	1080				
IFOHMJLD_00096	CDS	1080				hypothetical protein
IFOHMJLD_00097	gene	726				
IFOHMJLD_00097	CDS	726				hypothetical protein
IFOHMJLD_00098	gene	708	pdxH			
IFOHMJLD_00098	CDS	708	pdxH	1.4.3.5	COG0259	Pyridoxine/pyridoxamine 5'-phosphate oxidase
IFOHMJLD_00099	gene	705	yhhW_1			
IFOHMJLD_00099	CDS	705	yhhW_1	1.13.11.24	COG1741	Quercetin 2,3-dioxygenase
IFOHMJLD_00100	gene	1812				
IFOHMJLD_00100	CDS	1812				hypothetical protein
IFOHMJLD_00101	gene	108				
IFOHMJLD_00101	CDS	108				hypothetical protein
IFOHMJLD_00102	gene	543				
IFOHMJLD_00102	CDS	543				hypothetical protein
IFOHMJLD_00103	gene	1011	ldhA			
IFOHMJLD_00103	CDS	1011	ldhA	1.1.1.28	COG1052	D-lactate dehydrogenase
IFOHMJLD_00104	gene	1506				
IFOHMJLD_00104	CDS	1506				hypothetical protein
IFOHMJLD_00105	gene	1152				
IFOHMJLD_00105	CDS	1152				hypothetical protein
IFOHMJLD_00106	gene	1290				
IFOHMJLD_00106	CDS	1290				hypothetical protein
IFOHMJLD_00107	gene	504	ecfG_1			
IFOHMJLD_00107	CDS	504	ecfG_1			ECF RNA polymerase sigma factor EcfG
IFOHMJLD_00108	gene	681				
IFOHMJLD_00108	CDS	681				queuosine precursor transporter
IFOHMJLD_00109	gene	660	queC			
IFOHMJLD_00109	CDS	660	queC	6.3.4.20	COG0603	7-cyano-7-deazaguanine synthase
IFOHMJLD_00110	gene	456	queF			
IFOHMJLD_00110	CDS	456	queF	1.7.1.13	COG0780	NADPH-dependent 7-cyano-7-deazaguanine reductase
IFOHMJLD_00111	gene	474	rlmH			
IFOHMJLD_00111	CDS	474	rlmH	2.1.1.177		Ribosomal RNA large subunit methyltransferase H
IFOHMJLD_00112	gene	393				
IFOHMJLD_00112	CDS	393				hypothetical protein
IFOHMJLD_00113	gene	840	nadC			
IFOHMJLD_00113	CDS	840	nadC	2.4.2.19	COG0157	Nicotinate-nucleotide pyrophosphorylase [carboxylating]
IFOHMJLD_00114	gene	552	ylaC			
IFOHMJLD_00114	CDS	552	ylaC		COG1595	RNA polymerase sigma factor YlaC
IFOHMJLD_00115	gene	1041				
IFOHMJLD_00115	CDS	1041				hypothetical protein
IFOHMJLD_00116	gene	513				
IFOHMJLD_00116	CDS	513				hypothetical protein
IFOHMJLD_00117	gene	705				
IFOHMJLD_00117	CDS	705				hypothetical protein
IFOHMJLD_00118	gene	975				
IFOHMJLD_00118	CDS	975		1.6.5.9		NADH:quinone reductase
IFOHMJLD_00119	gene	1110	ald			
IFOHMJLD_00119	CDS	1110	ald	1.4.1.1	COG0686	Alanine dehydrogenase
IFOHMJLD_00120	gene	1653				
IFOHMJLD_00120	CDS	1653				hypothetical protein
IFOHMJLD_00121	gene	1638				
IFOHMJLD_00121	CDS	1638				hypothetical protein
IFOHMJLD_00122	gene	1746	pgcA			
IFOHMJLD_00122	CDS	1746	pgcA	5.4.2.2	COG1109	Phosphoglucomutase
IFOHMJLD_00123	gene	621				
IFOHMJLD_00123	CDS	621				hypothetical protein
IFOHMJLD_00124	gene	900				
IFOHMJLD_00124	CDS	900				hypothetical protein
IFOHMJLD_00125	gene	2400				
IFOHMJLD_00125	CDS	2400				hypothetical protein
IFOHMJLD_00126	gene	114				
IFOHMJLD_00126	CDS	114				hypothetical protein
IFOHMJLD_00127	gene	915	xerC_2			
IFOHMJLD_00127	CDS	915	xerC_2			Tyrosine recombinase XerC
IFOHMJLD_00128	gene	897	hdc			
IFOHMJLD_00128	CDS	897	hdc	4.1.1.22		Histidine decarboxylase proenzyme
IFOHMJLD_00129	gene	780	nudC_1			
IFOHMJLD_00129	CDS	780	nudC_1	3.6.1.22		NAD-capped RNA hydrolase NudC
IFOHMJLD_00130	gene	1590	ybiT_1			
IFOHMJLD_00130	CDS	1590	ybiT_1		COG0488	putative ATP-binding protein YbiT
IFOHMJLD_00131	gene	1377	rclA			
IFOHMJLD_00131	CDS	1377	rclA		COG1249	putative pyridine nucleotide-disulfide oxidoreductase RclA
IFOHMJLD_00132	gene	603	rclC			
IFOHMJLD_00132	CDS	603	rclC		COG3059	Inner membrane protein RclC
IFOHMJLD_00133	gene	807				
IFOHMJLD_00133	CDS	807				hypothetical protein
IFOHMJLD_00134	gene	483	cdd			
IFOHMJLD_00134	CDS	483	cdd	3.5.4.5	COG0295	Cytidine deaminase
IFOHMJLD_00135	gene	900				
IFOHMJLD_00135	CDS	900				hypothetical protein
IFOHMJLD_00136	gene	1248				
IFOHMJLD_00136	CDS	1248				hypothetical protein
IFOHMJLD_00137	gene	1266				
IFOHMJLD_00137	CDS	1266				hypothetical protein
IFOHMJLD_00138	gene	1269				
IFOHMJLD_00138	CDS	1269				hypothetical protein
IFOHMJLD_00139	gene	1305				
IFOHMJLD_00139	CDS	1305				hypothetical protein
IFOHMJLD_00140	gene	1308				
IFOHMJLD_00140	CDS	1308				hypothetical protein
IFOHMJLD_00141	gene	1308				
IFOHMJLD_00141	CDS	1308				hypothetical protein
IFOHMJLD_00142	gene	1290				
IFOHMJLD_00142	CDS	1290				hypothetical protein
IFOHMJLD_00143	gene	1308				
IFOHMJLD_00143	CDS	1308				hypothetical protein
IFOHMJLD_00144	gene	1263				
IFOHMJLD_00144	CDS	1263				hypothetical protein
IFOHMJLD_00145	gene	909				
IFOHMJLD_00145	CDS	909				hypothetical protein
IFOHMJLD_00146	gene	900	rhaR_1			
IFOHMJLD_00146	CDS	900	rhaR_1			HTH-type transcriptional activator RhaR
IFOHMJLD_00147	gene	1266				
IFOHMJLD_00147	CDS	1266				hypothetical protein
IFOHMJLD_00148	gene	666	yknY_1			
IFOHMJLD_00148	CDS	666	yknY_1	7.6.2.-	COG1136	putative ABC transporter ATP-binding protein YknY
IFOHMJLD_00149	gene	666	yknY_2			
IFOHMJLD_00149	CDS	666	yknY_2	7.6.2.-	COG1136	putative ABC transporter ATP-binding protein YknY
IFOHMJLD_00150	gene	630				
IFOHMJLD_00150	CDS	630				hypothetical protein
IFOHMJLD_00151	gene	1299				
IFOHMJLD_00151	CDS	1299				hypothetical protein
IFOHMJLD_00152	gene	1245				
IFOHMJLD_00152	CDS	1245				hypothetical protein
IFOHMJLD_00153	gene	2613	rcsC_1			
IFOHMJLD_00153	CDS	2613	rcsC_1	2.7.13.3		Sensor histidine kinase RcsC
IFOHMJLD_00154	gene	1473				
IFOHMJLD_00154	CDS	1473				hypothetical protein
IFOHMJLD_00155	gene	1350	atoC_1			
IFOHMJLD_00155	CDS	1350	atoC_1		COG2204	Regulatory protein AtoC
IFOHMJLD_00156	gene	1293	sasA_1			
IFOHMJLD_00156	CDS	1293	sasA_1	2.7.13.3		Adaptive-response sensory-kinase SasA
IFOHMJLD_00157	gene	1644	asD			
IFOHMJLD_00157	CDS	1644	asD	2.6.1.1		Bifunctional aspartate aminotransferase and L-aspartate beta-decarboxylase
IFOHMJLD_00158	gene	1698	aspT_1			
IFOHMJLD_00158	CDS	1698	aspT_1			Aspartate/alanine antiporter
IFOHMJLD_00159	gene	990				
IFOHMJLD_00159	CDS	990				hypothetical protein
IFOHMJLD_00160	gene	285				
IFOHMJLD_00160	CDS	285				hypothetical protein
IFOHMJLD_00161	gene	2316	hsdR			
IFOHMJLD_00161	CDS	2316	hsdR	3.1.21.3		Type I restriction enzyme EcoAI endonuclease subunit
IFOHMJLD_00162	gene	1521	hsdM			
IFOHMJLD_00162	CDS	1521	hsdM	2.1.1.72	COG0286	Type I restriction enzymeP methylase subunit
IFOHMJLD_00163	gene	1017				
IFOHMJLD_00163	CDS	1017				hypothetical protein
IFOHMJLD_00164	gene	447				
IFOHMJLD_00164	CDS	447				hypothetical protein
IFOHMJLD_00165	gene	1572	hsdS			
IFOHMJLD_00165	CDS	1572	hsdS		COG0732	Type I restriction enzyme EcoAI specificity subunit
IFOHMJLD_00166	gene	600				
IFOHMJLD_00166	CDS	600				hypothetical protein
IFOHMJLD_00167	gene	807	xerD_1			
IFOHMJLD_00167	CDS	807	xerD_1			Tyrosine recombinase XerD
IFOHMJLD_00168	gene	915				
IFOHMJLD_00168	CDS	915				hypothetical protein
IFOHMJLD_00169	gene	348				
IFOHMJLD_00169	CDS	348				hypothetical protein
IFOHMJLD_00170	gene	639				
IFOHMJLD_00170	CDS	639				hypothetical protein
IFOHMJLD_00171	gene	483				
IFOHMJLD_00171	CDS	483				hypothetical protein
IFOHMJLD_00172	gene	891	rffH_1			
IFOHMJLD_00172	CDS	891	rffH_1	2.7.7.24	COG1209	Glucose-1-phosphate thymidylyltransferase 2
IFOHMJLD_00173	gene	576	rfbC_1			
IFOHMJLD_00173	CDS	576	rfbC_1	5.1.3.13		dTDP-4-dehydrorhamnose 3,5-epimerase
IFOHMJLD_00174	gene	390				
IFOHMJLD_00174	CDS	390				hypothetical protein
IFOHMJLD_00175	gene	1317	tuaD_1			
IFOHMJLD_00175	CDS	1317	tuaD_1	1.1.1.22	COG1004	UDP-glucose 6-dehydrogenase TuaD
IFOHMJLD_00176	gene	936	UXNAcS_1			
IFOHMJLD_00176	CDS	936	UXNAcS_1	4.1.1.128	COG0451	UDP-N-acetyl-alpha-D-glucosaminuronate decarboxylase
IFOHMJLD_00177	gene	216				
IFOHMJLD_00177	CDS	216				hypothetical protein
IFOHMJLD_00178	gene	204				
IFOHMJLD_00178	CDS	204				hypothetical protein
IFOHMJLD_00179	gene	1434	tuaB_1			
IFOHMJLD_00179	CDS	1434	tuaB_1		COG2244	Teichuronic acid biosynthesis protein TuaB
IFOHMJLD_00180	gene	933	gspA_1			
IFOHMJLD_00180	CDS	933	gspA_1		COG1442	General stress protein A
IFOHMJLD_00181	gene	861	wbgN_1			
IFOHMJLD_00181	CDS	861	wbgN_1	2.4.1.341		Alpha-1,2-colitosyltransferase
IFOHMJLD_00182	gene	762				
IFOHMJLD_00182	CDS	762				hypothetical protein
IFOHMJLD_00183	gene	1017				
IFOHMJLD_00183	CDS	1017				hypothetical protein
IFOHMJLD_00184	gene	1038				
IFOHMJLD_00184	CDS	1038				hypothetical protein
IFOHMJLD_00185	gene	720				
IFOHMJLD_00185	CDS	720				hypothetical protein
IFOHMJLD_00186	gene	1056				
IFOHMJLD_00186	CDS	1056				hypothetical protein
IFOHMJLD_00187	gene	1044	wclY			
IFOHMJLD_00187	CDS	1044	wclY	2.4.1.-		O-antigen biosynthesis glycosyltransferase WclY
IFOHMJLD_00188	gene	825	wbbL			
IFOHMJLD_00188	CDS	825	wbbL	2.4.1.289	COG1216	N-acetylglucosaminyl-diphospho-decaprenol L-rhamnosyltransferase
IFOHMJLD_00189	gene	909	gnu_1			
IFOHMJLD_00189	CDS	909	gnu_1	5.1.3.26	COG0451	N-acetyl-alpha-D-glucosaminyl-diphospho-ditrans,octacis-undecaprenol 4-epimerase
IFOHMJLD_00190	gene	99				
IFOHMJLD_00190	CDS	99				hypothetical protein
IFOHMJLD_00191	gene	951	wecA_1			
IFOHMJLD_00191	CDS	951	wecA_1	2.7.8.33		Undecaprenyl-phosphate alpha-N-acetylglucosaminyl 1-phosphate transferase
IFOHMJLD_00192	gene	588				
IFOHMJLD_00192	CDS	588				hypothetical protein
IFOHMJLD_00193	gene	216				
IFOHMJLD_00193	CDS	216				hypothetical protein
IFOHMJLD_00194	gene	327				
IFOHMJLD_00194	CDS	327			COG3550	putative protein
IFOHMJLD_00195	gene	336				
IFOHMJLD_00195	CDS	336				hypothetical protein
IFOHMJLD_00196	gene	1575	rne			
IFOHMJLD_00196	CDS	1575	rne	3.1.26.12	COG1530	Ribonuclease E
IFOHMJLD_00197	gene	276	hup_1			
IFOHMJLD_00197	CDS	276	hup_1			DNA-binding protein HU
IFOHMJLD_00198	gene	1047	mutY			
IFOHMJLD_00198	CDS	1047	mutY	3.2.2.31		Adenine DNA glycosylase
IFOHMJLD_00199	gene	1569				
IFOHMJLD_00199	CDS	1569		3.1.6.-	COG3119	N-acetylgalactosamine-6-O-sulfatase
IFOHMJLD_00200	gene	459	ssb			
IFOHMJLD_00200	CDS	459	ssb		COG0629	Single-stranded DNA-binding protein
IFOHMJLD_00201	gene	1347				
IFOHMJLD_00201	CDS	1347				hypothetical protein
IFOHMJLD_00202	gene	651				
IFOHMJLD_00202	CDS	651				hypothetical protein
IFOHMJLD_00203	gene	2307				
IFOHMJLD_00203	CDS	2307				hypothetical protein
IFOHMJLD_00204	gene	105				
IFOHMJLD_00204	CDS	105				hypothetical protein
IFOHMJLD_00205	gene	303				
IFOHMJLD_00205	CDS	303				hypothetical protein
IFOHMJLD_00206	gene	864				
IFOHMJLD_00206	CDS	864				hypothetical protein
IFOHMJLD_00207	gene	1086				
IFOHMJLD_00207	CDS	1086				hypothetical protein
IFOHMJLD_00208	gene	1029				
IFOHMJLD_00208	CDS	1029				hypothetical protein
IFOHMJLD_00209	gene	1539				
IFOHMJLD_00209	CDS	1539				hypothetical protein
IFOHMJLD_00210	gene	1326				
IFOHMJLD_00210	CDS	1326				hypothetical protein
IFOHMJLD_00211	gene	2043				
IFOHMJLD_00211	CDS	2043				hypothetical protein
IFOHMJLD_00212	gene	2181	btuB_1			
IFOHMJLD_00212	CDS	2181	btuB_1			Vitamin B12 transporter BtuB
IFOHMJLD_00213	gene	936				
IFOHMJLD_00213	CDS	936				hypothetical protein
IFOHMJLD_00214	gene	1839				
IFOHMJLD_00214	CDS	1839				hypothetical protein
IFOHMJLD_00215	gene	1782	sasA_2			
IFOHMJLD_00215	CDS	1782	sasA_2	2.7.13.3		Adaptive-response sensory-kinase SasA
IFOHMJLD_00216	gene	690	walR			
IFOHMJLD_00216	CDS	690	walR		COG0745	Transcriptional regulatory protein WalR
IFOHMJLD_00217	gene	1194				
IFOHMJLD_00217	CDS	1194				hypothetical protein
IFOHMJLD_00218	gene	1476				
IFOHMJLD_00218	CDS	1476				hypothetical protein
IFOHMJLD_00219	gene	384				
IFOHMJLD_00219	CDS	384				hypothetical protein
IFOHMJLD_00220	gene	831				
IFOHMJLD_00220	CDS	831				hypothetical protein
IFOHMJLD_00221	gene	1866	ettA_1			
IFOHMJLD_00221	CDS	1866	ettA_1	3.6.1.-	COG0488	Energy-dependent translational throttle protein EttA
IFOHMJLD_00222	gene	834				
IFOHMJLD_00222	CDS	834				hypothetical protein
IFOHMJLD_00223	gene	825				
IFOHMJLD_00223	CDS	825		3.2.1.103		Keratan-sulfate endo-1,4-beta-galactosidase
IFOHMJLD_00224	gene	2040	cslA			
IFOHMJLD_00224	CDS	2040	cslA	4.2.2.5	COG5492	Chondroitinase-AC
IFOHMJLD_00225	gene	1236				
IFOHMJLD_00225	CDS	1236				hypothetical protein
IFOHMJLD_00226	gene	1200	aspC			
IFOHMJLD_00226	CDS	1200	aspC	2.6.1.1	COG0436	Aspartate aminotransferase
IFOHMJLD_00227	gene	1308	lolE_1			
IFOHMJLD_00227	CDS	1308	lolE_1		COG4591	Lipoprotein-releasing system transmembrane protein LolE
IFOHMJLD_00228	gene	1173				
IFOHMJLD_00228	CDS	1173				hypothetical protein
IFOHMJLD_00229	gene	999				
IFOHMJLD_00229	CDS	999				hypothetical protein
IFOHMJLD_00230	gene	1257	sasA_3			
IFOHMJLD_00230	CDS	1257	sasA_3	2.7.13.3		Adaptive-response sensory-kinase SasA
IFOHMJLD_00231	gene	1413	zraR_1			
IFOHMJLD_00231	CDS	1413	zraR_1			Transcriptional regulatory protein ZraR
IFOHMJLD_00232	gene	1329				
IFOHMJLD_00232	CDS	1329				hypothetical protein
IFOHMJLD_00233	gene	1248	mdtA_1			
IFOHMJLD_00233	CDS	1248	mdtA_1			Multidrug resistance protein MdtA
IFOHMJLD_00234	gene	2406				
IFOHMJLD_00234	CDS	2406				hypothetical protein
IFOHMJLD_00235	gene	717	macB_1			
IFOHMJLD_00235	CDS	717	macB_1	7.6.2.-	COG0577	Macrolide export ATP-binding/permease protein MacB
IFOHMJLD_00236	gene	2421				
IFOHMJLD_00236	CDS	2421				hypothetical protein
IFOHMJLD_00237	gene	1347	ndhA			
IFOHMJLD_00237	CDS	1347	ndhA	1.6.5.9	COG1252	Type II NADH:quinone oxidoreductase NdhA
IFOHMJLD_00238	gene	642	bioD1			
IFOHMJLD_00238	CDS	642	bioD1	6.3.3.3	COG0132	ATP-dependent dethiobiotin synthetase BioD 1
IFOHMJLD_00239	gene	1446	bioC_1			
IFOHMJLD_00239	CDS	1446	bioC_1	2.1.1.197		Malonyl-[acyl-carrier protein] O-methyltransferase
IFOHMJLD_00240	gene	1188	bioF			
IFOHMJLD_00240	CDS	1188	bioF	2.3.1.47		8-amino-7-oxononanoate synthase
IFOHMJLD_00241	gene	2238	bioA			
IFOHMJLD_00241	CDS	2238	bioA	2.6.1.62		Adenosylmethionine-8-amino-7-oxononanoate aminotransferase
IFOHMJLD_00242	gene	408				
IFOHMJLD_00242	CDS	408				hypothetical protein
IFOHMJLD_00243	gene	3129				
IFOHMJLD_00243	CDS	3129			COG4771	TonB-dependent receptor P3
IFOHMJLD_00244	gene	1593				
IFOHMJLD_00244	CDS	1593				hypothetical protein
IFOHMJLD_00245	gene	1500	glcA			
IFOHMJLD_00245	CDS	1500	glcA		COG1620	Glycolate permease GlcA
IFOHMJLD_00246	gene	162				
IFOHMJLD_00246	CDS	162				hypothetical protein
IFOHMJLD_00247	gene	2325				
IFOHMJLD_00247	CDS	2325				hypothetical protein
IFOHMJLD_00248	gene	237				
IFOHMJLD_00248	CDS	237				hypothetical protein
IFOHMJLD_00249	gene	1449				
IFOHMJLD_00249	CDS	1449				hypothetical protein
IFOHMJLD_00250	gene	594				
IFOHMJLD_00250	CDS	594				hypothetical protein
IFOHMJLD_00251	gene	1545	pccB_1			
IFOHMJLD_00251	CDS	1545	pccB_1	6.4.1.3	COG4799	Propionyl-CoA carboxylase beta chain
IFOHMJLD_00252	gene	1512	cfiB_1			
IFOHMJLD_00252	CDS	1512	cfiB_1	6.4.1.7	COG0439	2-oxoglutarate carboxylase small subunit
IFOHMJLD_00253	gene	525				
IFOHMJLD_00253	CDS	525				hypothetical protein
IFOHMJLD_00254	gene	327				
IFOHMJLD_00254	CDS	327				hypothetical protein
IFOHMJLD_00255	gene	831	arsM			
IFOHMJLD_00255	CDS	831	arsM	2.1.1.137	COG2226	Arsenite methyltransferase
IFOHMJLD_00256	gene	1263	dadD			
IFOHMJLD_00256	CDS	1263	dadD	3.5.4.31		5'-deoxyadenosine deaminase
IFOHMJLD_00257	gene	1656				
IFOHMJLD_00257	CDS	1656				hypothetical protein
IFOHMJLD_00258	gene	1590				
IFOHMJLD_00258	CDS	1590				hypothetical protein
IFOHMJLD_00259	gene	207				
IFOHMJLD_00259	CDS	207				hypothetical protein
IFOHMJLD_00260	gene	549				
IFOHMJLD_00260	CDS	549				hypothetical protein
IFOHMJLD_00261	gene	1350	lpd			
IFOHMJLD_00261	CDS	1350	lpd	1.8.1.4	COG1249	Dihydrolipoyl dehydrogenase
IFOHMJLD_00262	gene	702				
IFOHMJLD_00262	CDS	702		6.3.1.20		Lipoate--protein ligase 1
IFOHMJLD_00263	gene	2445	rcsC_2			
IFOHMJLD_00263	CDS	2445	rcsC_2	2.7.13.3		Sensor histidine kinase RcsC
IFOHMJLD_00264	gene	1359	pdhC			
IFOHMJLD_00264	CDS	1359	pdhC	2.3.1.12		Dihydrolipoyllysine-residue acetyltransferase component of pyruvate dehydrogenase complex
IFOHMJLD_00265	gene	2037	dxs_1			
IFOHMJLD_00265	CDS	2037	dxs_1	2.2.1.7		1-deoxy-D-xylulose-5-phosphate synthase
IFOHMJLD_00266	gene	510	isiB			
IFOHMJLD_00266	CDS	510	isiB		COG0716	Flavodoxin
IFOHMJLD_00267	gene	843	prmA			
IFOHMJLD_00267	CDS	843	prmA	2.1.1.-	COG2264	Ribosomal protein L11 methyltransferase
IFOHMJLD_00268	gene	1344				
IFOHMJLD_00268	CDS	1344				hypothetical protein
IFOHMJLD_00269	gene	1671				
IFOHMJLD_00269	CDS	1671				hypothetical protein
IFOHMJLD_00270	gene	450	guaD			
IFOHMJLD_00270	CDS	450	guaD	3.5.4.3	COG0590	Guanine deaminase
IFOHMJLD_00271	gene	894				
IFOHMJLD_00271	CDS	894				hypothetical protein
IFOHMJLD_00272	gene	450				
IFOHMJLD_00272	CDS	450				hypothetical protein
IFOHMJLD_00273	gene	426				
IFOHMJLD_00273	CDS	426				hypothetical protein
IFOHMJLD_00274	gene	522				
IFOHMJLD_00274	CDS	522				hypothetical protein
IFOHMJLD_00275	gene	987				
IFOHMJLD_00275	CDS	987		1.-.-.-	COG0673	Oxidoreductase P35
IFOHMJLD_00276	gene	825	mltF_1			
IFOHMJLD_00276	CDS	825	mltF_1			Membrane-bound lytic murein transglycosylase F
IFOHMJLD_00277	gene	2043				
IFOHMJLD_00277	CDS	2043				hypothetical protein
IFOHMJLD_00278	gene	543				
IFOHMJLD_00278	CDS	543				hypothetical protein
IFOHMJLD_00279	gene	762	korB_1			
IFOHMJLD_00279	CDS	762	korB_1	1.2.7.3	COG1013	2-oxoglutarate oxidoreductase subunit KorB
IFOHMJLD_00280	gene	252				
IFOHMJLD_00280	CDS	252				hypothetical protein
IFOHMJLD_00281	gene	1083	korA_1			
IFOHMJLD_00281	CDS	1083	korA_1	1.2.7.3	COG0674	2-oxoglutarate oxidoreductase subunit KorA
IFOHMJLD_00282	gene	228	rsxB_1			
IFOHMJLD_00282	CDS	228	rsxB_1	7.-.-.-		Ion-translocating oxidoreductase complex subunit B
IFOHMJLD_00283	gene	276				
IFOHMJLD_00283	CDS	276				hypothetical protein
IFOHMJLD_00284	gene	435	rpiB			
IFOHMJLD_00284	CDS	435	rpiB	5.3.1.6	COG0698	Ribose-5-phosphate isomerase B
IFOHMJLD_00285	gene	2010	tkt			
IFOHMJLD_00285	CDS	2010	tkt	2.2.1.1		Transketolase
IFOHMJLD_00286	gene	1155	galK			
IFOHMJLD_00286	CDS	1155	galK	2.7.1.6	COG0153	Galactokinase
IFOHMJLD_00287	gene	1326	fucP_1			
IFOHMJLD_00287	CDS	1326	fucP_1		COG0738	L-fucose-proton symporter
IFOHMJLD_00288	gene	1098	mro_1			
IFOHMJLD_00288	CDS	1098	mro_1	5.1.3.3		Aldose 1-epimerase
IFOHMJLD_00289	gene	972	manA_1			
IFOHMJLD_00289	CDS	972	manA_1	5.3.1.8	COG1482	Mannose-6-phosphate isomerase ManA
IFOHMJLD_00290	gene	264				
IFOHMJLD_00290	CDS	264				hypothetical protein
IFOHMJLD_00291	gene	366				
IFOHMJLD_00291	CDS	366				hypothetical protein
IFOHMJLD_00292	gene	210				
IFOHMJLD_00292	CDS	210				hypothetical protein
IFOHMJLD_00293	gene	1284	rhlE			
IFOHMJLD_00293	CDS	1284	rhlE	3.6.4.13	COG0513	ATP-dependent RNA helicase RhlE
IFOHMJLD_00294	gene	771	ydfG			
IFOHMJLD_00294	CDS	771	ydfG	1.1.1.381	COG4221	NADP-dependent 3-hydroxy acid dehydrogenase YdfG
IFOHMJLD_00295	gene	498				
IFOHMJLD_00295	CDS	498				hypothetical protein
IFOHMJLD_00296	gene	2673	lacZ_1			
IFOHMJLD_00296	CDS	2673	lacZ_1	3.2.1.23		Beta-galactosidase
IFOHMJLD_00297	gene	819	cysQ			
IFOHMJLD_00297	CDS	819	cysQ	3.1.3.7		3'(2'),5'-bisphosphate nucleotidase CysQ
IFOHMJLD_00298	gene	1557				
IFOHMJLD_00298	CDS	1557				hypothetical protein
IFOHMJLD_00299	gene	609	cysC			
IFOHMJLD_00299	CDS	609	cysC	2.7.1.25	COG0529	Adenylyl-sulfate kinase
IFOHMJLD_00300	gene	912	cysD			
IFOHMJLD_00300	CDS	912	cysD	2.7.7.4	COG0175	Sulfate adenylyltransferase subunit 2
IFOHMJLD_00301	gene	1431	cysN			
IFOHMJLD_00301	CDS	1431	cysN	2.7.7.4	COG2895	Sulfate adenylyltransferase subunit 1
IFOHMJLD_00302	gene	1107	stf3			
IFOHMJLD_00302	CDS	1107	stf3	2.8.2.40	COG0446	Omega-hydroxy-beta-dihydromenaquinone-9 sulfotransferase Stf3
IFOHMJLD_00303	gene	963				
IFOHMJLD_00303	CDS	963				hypothetical protein
IFOHMJLD_00304	gene	1122				
IFOHMJLD_00304	CDS	1122			COG2885	Outer membrane protein 40
IFOHMJLD_00305	gene	804				
IFOHMJLD_00305	CDS	804				hypothetical protein
IFOHMJLD_00306	gene	2223				
IFOHMJLD_00306	CDS	2223				hypothetical protein
IFOHMJLD_00307	gene	795				
IFOHMJLD_00307	CDS	795				hypothetical protein
IFOHMJLD_00308	gene	1143	xerC_3			
IFOHMJLD_00308	CDS	1143	xerC_3			Tyrosine recombinase XerC
IFOHMJLD_00309	gene	1248				
IFOHMJLD_00309	CDS	1248				hypothetical protein
IFOHMJLD_00310	gene	1077				
IFOHMJLD_00310	CDS	1077				hypothetical protein
IFOHMJLD_00311	gene	729				
IFOHMJLD_00311	CDS	729				hypothetical protein
IFOHMJLD_00312	gene	1119				
IFOHMJLD_00312	CDS	1119			COG2885	Outer membrane protein 40
IFOHMJLD_00313	gene	417	yrrK			
IFOHMJLD_00313	CDS	417	yrrK	3.1.-.-	COG0816	Putative pre-16S rRNA nuclease
IFOHMJLD_00314	gene	555	def			
IFOHMJLD_00314	CDS	555	def	3.5.1.88	COG0242	Peptide deformylase
IFOHMJLD_00315	gene	1218				
IFOHMJLD_00315	CDS	1218				hypothetical protein
IFOHMJLD_00316	gene	114				
IFOHMJLD_00316	CDS	114				hypothetical protein
IFOHMJLD_00317	gene	2049	lapB_1			
IFOHMJLD_00317	CDS	2049	lapB_1			Lipopolysaccharide assembly protein B
IFOHMJLD_00318	gene	1941	thrS			
IFOHMJLD_00318	CDS	1941	thrS	6.1.1.3	COG0441	Threonine--tRNA ligase
IFOHMJLD_00319	gene	654	infC			
IFOHMJLD_00319	CDS	654	infC			Translation initiation factor IF-3
IFOHMJLD_00320	gene	198	rpmI			
IFOHMJLD_00320	CDS	198	rpmI		COG0291	Large ribosomal subunit protein bL35
IFOHMJLD_00321	gene	351	rplT			
IFOHMJLD_00321	CDS	351	rplT			Large ribosomal subunit protein bL20
IFOHMJLD_00322	gene	789	rsxB_2			
IFOHMJLD_00322	CDS	789	rsxB_2	7.-.-.-		Ion-translocating oxidoreductase complex subunit B
IFOHMJLD_00323	gene	570	xpt			
IFOHMJLD_00323	CDS	570	xpt	2.4.2.22	COG0503	Xanthine phosphoribosyltransferase
IFOHMJLD_00324	gene	1308				
IFOHMJLD_00324	CDS	1308		6.2.1.30	COG1541	Phenylacetate-coenzyme A ligase
IFOHMJLD_00325	gene	585				
IFOHMJLD_00325	CDS	585				hypothetical protein
IFOHMJLD_00326	gene	1593				
IFOHMJLD_00326	CDS	1593				hypothetical protein
IFOHMJLD_00327	gene	1038	mltG			
IFOHMJLD_00327	CDS	1038	mltG	4.2.2.29		Endolytic murein transglycosylase
IFOHMJLD_00328	gene	876				
IFOHMJLD_00328	CDS	876				hypothetical protein
IFOHMJLD_00329	gene	74				
IFOHMJLD_00329	tRNA	74				tRNA-Thr(cgt)
IFOHMJLD_00330	gene	1905	pglF_1			
IFOHMJLD_00330	CDS	1905	pglF_1	4.2.1.135	COG1086	UDP-N-acetyl-alpha-D-glucosamine C6 dehydratase
IFOHMJLD_00331	gene	2550				
IFOHMJLD_00331	CDS	2550				hypothetical protein
IFOHMJLD_00332	gene	1119				
IFOHMJLD_00332	CDS	1119				hypothetical protein
IFOHMJLD_00333	gene	534	rfaH_1			
IFOHMJLD_00333	CDS	534	rfaH_1			Transcription antitermination protein RfaH
IFOHMJLD_00334	gene	465				
IFOHMJLD_00334	CDS	465				hypothetical protein
IFOHMJLD_00335	gene	1209	nagC			
IFOHMJLD_00335	CDS	1209	nagC		COG1846	DNA-binding transcriptional dual regulator NagC
IFOHMJLD_00336	gene	918	nanA_1			
IFOHMJLD_00336	CDS	918	nanA_1	4.1.3.3	COG0329	N-acetylneuraminate lyase
IFOHMJLD_00337	gene	1185	bfce_1			
IFOHMJLD_00337	CDS	1185	bfce_1	5.1.3.11	COG2942	Cellobiose 2-epimerase
IFOHMJLD_00338	gene	1239	exuT_1			
IFOHMJLD_00338	CDS	1239	exuT_1		COG2271	Hexuronate transporter
IFOHMJLD_00339	gene	447	nanQ			
IFOHMJLD_00339	CDS	447	nanQ		COG2731	N-acetylneuraminate anomerase
IFOHMJLD_00340	gene	3330				
IFOHMJLD_00340	CDS	3330				hypothetical protein
IFOHMJLD_00341	gene	1569				
IFOHMJLD_00341	CDS	1569			COG0702	SusD-like protein P25
IFOHMJLD_00342	gene	3324				
IFOHMJLD_00342	CDS	3324				hypothetical protein
IFOHMJLD_00343	gene	1563				
IFOHMJLD_00343	CDS	1563			COG0702	SusD-like protein P38
IFOHMJLD_00344	gene	1572				
IFOHMJLD_00344	CDS	1572			COG0702	SusD-like protein P38
IFOHMJLD_00345	gene	3270				
IFOHMJLD_00345	CDS	3270			COG4771	TonB-dependent receptor P39
IFOHMJLD_00346	gene	3171	susC_1			
IFOHMJLD_00346	CDS	3171	susC_1		COG1629	TonB-dependent receptor SusC
IFOHMJLD_00347	gene	2016				
IFOHMJLD_00347	CDS	2016				hypothetical protein
IFOHMJLD_00348	gene	1635				
IFOHMJLD_00348	CDS	1635				hypothetical protein
IFOHMJLD_00349	gene	2013				
IFOHMJLD_00349	CDS	2013				hypothetical protein
IFOHMJLD_00350	gene	642				
IFOHMJLD_00350	CDS	642				hypothetical protein
IFOHMJLD_00351	gene	2073				
IFOHMJLD_00351	CDS	2073				hypothetical protein
IFOHMJLD_00352	gene	2571	csxA			
IFOHMJLD_00352	CDS	2571	csxA	3.2.1.165	COG3250	Exo-beta-D-glucosaminidase
IFOHMJLD_00353	gene	2325				
IFOHMJLD_00353	CDS	2325				hypothetical protein
IFOHMJLD_00354	gene	1215	nanM_1			
IFOHMJLD_00354	CDS	1215	nanM_1	5.1.3.24		N-acetylneuraminate epimerase
IFOHMJLD_00355	gene	2073				
IFOHMJLD_00355	CDS	2073				hypothetical protein
IFOHMJLD_00356	gene	2250				
IFOHMJLD_00356	CDS	2250				hypothetical protein
IFOHMJLD_00357	gene	2502				
IFOHMJLD_00357	CDS	2502		3.2.1.23	COG3250	Beta-galactosidase BoGH2A
IFOHMJLD_00358	gene	2745	susC_2			
IFOHMJLD_00358	CDS	2745	susC_2		COG1629	TonB-dependent receptor SusC
IFOHMJLD_00359	gene	1632				
IFOHMJLD_00359	CDS	1632				hypothetical protein
IFOHMJLD_00360	gene	1185	dnaJ			
IFOHMJLD_00360	CDS	1185	dnaJ		COG0484	Chaperone protein DnaJ
IFOHMJLD_00361	gene	630	grpE			
IFOHMJLD_00361	CDS	630	grpE		COG0576	Protein GrpE
IFOHMJLD_00362	gene	1614	ybiT_2			
IFOHMJLD_00362	CDS	1614	ybiT_2		COG0488	putative ATP-binding protein YbiT
IFOHMJLD_00363	gene	564	sigW_1			
IFOHMJLD_00363	CDS	564	sigW_1		COG1595	ECF RNA polymerase sigma factor SigW
IFOHMJLD_00364	gene	423				
IFOHMJLD_00364	CDS	423				hypothetical protein
IFOHMJLD_00365	gene	1068				
IFOHMJLD_00365	CDS	1068				hypothetical protein
IFOHMJLD_00366	gene	1047				
IFOHMJLD_00366	CDS	1047				hypothetical protein
IFOHMJLD_00367	gene	852				
IFOHMJLD_00367	CDS	852				hypothetical protein
IFOHMJLD_00368	gene	1167				
IFOHMJLD_00368	CDS	1167				hypothetical protein
IFOHMJLD_00369	gene	2130				
IFOHMJLD_00369	CDS	2130				hypothetical protein
IFOHMJLD_00370	gene	606				
IFOHMJLD_00370	CDS	606				hypothetical protein
IFOHMJLD_00371	gene	852				
IFOHMJLD_00371	CDS	852				hypothetical protein
IFOHMJLD_00372	gene	1215	xerC_4			
IFOHMJLD_00372	CDS	1215	xerC_4			Tyrosine recombinase XerC
IFOHMJLD_00373	gene	153				
IFOHMJLD_00373	CDS	153				hypothetical protein
IFOHMJLD_00374	gene	567				
IFOHMJLD_00374	CDS	567				hypothetical protein
IFOHMJLD_00375	gene	1341	lapB_2			
IFOHMJLD_00375	CDS	1341	lapB_2			Lipopolysaccharide assembly protein B
IFOHMJLD_00376	gene	216				
IFOHMJLD_00376	CDS	216				hypothetical protein
IFOHMJLD_00377	gene	402				
IFOHMJLD_00377	CDS	402				hypothetical protein
IFOHMJLD_00378	gene	1308				
IFOHMJLD_00378	CDS	1308				hypothetical protein
IFOHMJLD_00379	gene	972				
IFOHMJLD_00379	CDS	972				hypothetical protein
IFOHMJLD_00380	gene	1242				
IFOHMJLD_00380	CDS	1242				hypothetical protein
IFOHMJLD_00381	gene	384				
IFOHMJLD_00381	CDS	384				hypothetical protein
IFOHMJLD_00382	gene	1221	xerC_5			
IFOHMJLD_00382	CDS	1221	xerC_5			Tyrosine recombinase XerC
IFOHMJLD_00383	gene	1059				
IFOHMJLD_00383	CDS	1059				hypothetical protein
IFOHMJLD_00384	gene	1137				
IFOHMJLD_00384	CDS	1137				hypothetical protein
IFOHMJLD_00385	gene	1650				
IFOHMJLD_00385	CDS	1650				hypothetical protein
IFOHMJLD_00386	gene	924				
IFOHMJLD_00386	CDS	924				hypothetical protein
IFOHMJLD_00387	gene	1572				
IFOHMJLD_00387	CDS	1572				hypothetical protein
IFOHMJLD_00388	gene	1053				
IFOHMJLD_00388	CDS	1053				hypothetical protein
IFOHMJLD_00389	gene	969				
IFOHMJLD_00389	CDS	969				hypothetical protein
IFOHMJLD_00390	gene	954				
IFOHMJLD_00390	CDS	954				hypothetical protein
IFOHMJLD_00391	gene	939				
IFOHMJLD_00391	CDS	939				hypothetical protein
IFOHMJLD_00392	gene	1002				
IFOHMJLD_00392	CDS	1002				hypothetical protein
IFOHMJLD_00393	gene	984				
IFOHMJLD_00393	CDS	984				hypothetical protein
IFOHMJLD_00394	gene	996				
IFOHMJLD_00394	CDS	996				hypothetical protein
IFOHMJLD_00395	gene	1065				
IFOHMJLD_00395	CDS	1065				hypothetical protein
IFOHMJLD_00396	gene	927				
IFOHMJLD_00396	CDS	927				hypothetical protein
IFOHMJLD_00397	gene	1572				
IFOHMJLD_00397	CDS	1572				hypothetical protein
IFOHMJLD_00398	gene	1071				
IFOHMJLD_00398	CDS	1071				hypothetical protein
IFOHMJLD_00399	gene	957				
IFOHMJLD_00399	CDS	957				hypothetical protein
IFOHMJLD_00400	gene	1590				
IFOHMJLD_00400	CDS	1590				hypothetical protein
IFOHMJLD_00401	gene	936				
IFOHMJLD_00401	CDS	936				hypothetical protein
IFOHMJLD_00402	gene	1185				
IFOHMJLD_00402	CDS	1185				hypothetical protein
IFOHMJLD_00403	gene	2049				
IFOHMJLD_00403	CDS	2049				hypothetical protein
IFOHMJLD_00404	gene	369				
IFOHMJLD_00404	CDS	369				hypothetical protein
IFOHMJLD_00405	gene	1008				
IFOHMJLD_00405	CDS	1008				hypothetical protein
IFOHMJLD_00406	gene	2124	yhgF			
IFOHMJLD_00406	CDS	2124	yhgF		COG2183	Protein YhgF
IFOHMJLD_00407	gene	1914	rcsC_3			
IFOHMJLD_00407	CDS	1914	rcsC_3	2.7.13.3		Sensor histidine kinase RcsC
IFOHMJLD_00408	gene	1740	yfkN_1			
IFOHMJLD_00408	CDS	1740	yfkN_1		COG0737	Trifunctional nucleotide phosphoesterase protein YfkN
IFOHMJLD_00409	gene	468	msrC			
IFOHMJLD_00409	CDS	468	msrC	1.8.4.14	COG1956	Free methionine-R-sulfoxide reductase
IFOHMJLD_00410	gene	339				
IFOHMJLD_00410	CDS	339				hypothetical protein
IFOHMJLD_00411	gene	2292	btuB_2			
IFOHMJLD_00411	CDS	2292	btuB_2			Vitamin B12 transporter BtuB
IFOHMJLD_00412	gene	762	mftE			
IFOHMJLD_00412	CDS	762	mftE	3.4.14.14	COG1402	Mycofactocin precursor peptide peptidase
IFOHMJLD_00413	gene	585				
IFOHMJLD_00413	CDS	585				hypothetical protein
IFOHMJLD_00414	gene	88				
IFOHMJLD_00414	tRNA	88				tRNA-Ser(gct)
IFOHMJLD_00415	gene	73				
IFOHMJLD_00415	tRNA	73				tRNA-Glu(ctc)
IFOHMJLD_00416	gene	1359	murJ			
IFOHMJLD_00416	CDS	1359	murJ			lipid II flippase MurJ
IFOHMJLD_00417	gene	903				
IFOHMJLD_00417	CDS	903				hypothetical protein
IFOHMJLD_00418	gene	705				
IFOHMJLD_00418	CDS	705				hypothetical protein
IFOHMJLD_00419	gene	2355	btuB_3			
IFOHMJLD_00419	CDS	2355	btuB_3			Vitamin B12 transporter BtuB
IFOHMJLD_00420	gene	636				
IFOHMJLD_00420	CDS	636				hypothetical protein
IFOHMJLD_00421	gene	141				
IFOHMJLD_00421	CDS	141				hypothetical protein
IFOHMJLD_00422	gene	495				
IFOHMJLD_00422	CDS	495				hypothetical protein
IFOHMJLD_00423	gene	1401				
IFOHMJLD_00423	CDS	1401				hypothetical protein
IFOHMJLD_00424	gene	2772				
IFOHMJLD_00424	CDS	2772				hypothetical protein
IFOHMJLD_00425	gene	447				
IFOHMJLD_00425	CDS	447				hypothetical protein
IFOHMJLD_00426	gene	1353	yeeO			
IFOHMJLD_00426	CDS	1353	yeeO		COG0534	putative FMN/FAD exporter YeeO
IFOHMJLD_00427	gene	1662	aspT_2			
IFOHMJLD_00427	CDS	1662	aspT_2			Aspartate/alanine antiporter
IFOHMJLD_00428	gene	1995	fbp			
IFOHMJLD_00428	CDS	1995	fbp	3.1.3.11	COG3855	Fructose-1,6-bisphosphatase class 3
IFOHMJLD_00429	gene	1158				
IFOHMJLD_00429	CDS	1158				hypothetical protein
IFOHMJLD_00430	gene	1692	lcfB			
IFOHMJLD_00430	CDS	1692	lcfB	6.2.1.3	COG0318	Long-chain-fatty-acid--CoA ligase
IFOHMJLD_00431	gene	1071	fcl			
IFOHMJLD_00431	CDS	1071	fcl	1.1.1.271	COG0451	GDP-L-fucose synthase
IFOHMJLD_00432	gene	1074	gmd			
IFOHMJLD_00432	CDS	1074	gmd	4.2.1.47	COG1089	GDP-mannose 4,6-dehydratase
IFOHMJLD_00433	gene	1272				
IFOHMJLD_00433	CDS	1272				hypothetical protein
IFOHMJLD_00434	gene	804				
IFOHMJLD_00434	CDS	804				hypothetical protein
IFOHMJLD_00435	gene	348				
IFOHMJLD_00435	CDS	348				hypothetical protein
IFOHMJLD_00436	gene	339				
IFOHMJLD_00436	CDS	339				hypothetical protein
IFOHMJLD_00437	gene	525				
IFOHMJLD_00437	CDS	525				hypothetical protein
IFOHMJLD_00438	gene	483				
IFOHMJLD_00438	CDS	483				hypothetical protein
IFOHMJLD_00439	gene	894	rffH_2			
IFOHMJLD_00439	CDS	894	rffH_2	2.7.7.24	COG1209	Glucose-1-phosphate thymidylyltransferase 2
IFOHMJLD_00440	gene	405	fdtA_1			
IFOHMJLD_00440	CDS	405	fdtA_1	5.3.2.3		TDP-4-oxo-6-deoxy-alpha-D-glucose-3,4-oxoisomerase
IFOHMJLD_00441	gene	426	fdtA_2			
IFOHMJLD_00441	CDS	426	fdtA_2	5.3.2.3		TDP-4-oxo-6-deoxy-alpha-D-glucose-3,4-oxoisomerase
IFOHMJLD_00442	gene	564				
IFOHMJLD_00442	CDS	564				hypothetical protein
IFOHMJLD_00443	gene	1530	zmaJ_1			
IFOHMJLD_00443	CDS	1530	zmaJ_1	6.2.1.72		Zwittermicin A synthase ZmaJ
IFOHMJLD_00444	gene	804				
IFOHMJLD_00444	CDS	804				hypothetical protein
IFOHMJLD_00445	gene	231				
IFOHMJLD_00445	CDS	231				hypothetical protein
IFOHMJLD_00446	gene	1065	fabH_1			
IFOHMJLD_00446	CDS	1065	fabH_1	2.3.1.180	COG0332	Beta-ketoacyl-[acyl-carrier-protein] synthase III
IFOHMJLD_00447	gene	210				
IFOHMJLD_00447	CDS	210				hypothetical protein
IFOHMJLD_00448	gene	729	fabG_1			
IFOHMJLD_00448	CDS	729	fabG_1	1.1.1.100	COG1028	3-oxoacyl-[acyl-carrier-protein] reductase FabG
IFOHMJLD_00449	gene	852				
IFOHMJLD_00449	CDS	852				hypothetical protein
IFOHMJLD_00450	gene	621				
IFOHMJLD_00450	CDS	621		3.-.-.-		putative metallo-hydrolase
IFOHMJLD_00451	gene	1101	fdtB			
IFOHMJLD_00451	CDS	1101	fdtB	2.6.1.90		dTDP-3-amino-3,6-dideoxy-alpha-D-galactopyranose transaminase
IFOHMJLD_00452	gene	981				
IFOHMJLD_00452	CDS	981				hypothetical protein
IFOHMJLD_00453	gene	1470	wzxE			
IFOHMJLD_00453	CDS	1470	wzxE			Lipid III flippase
IFOHMJLD_00454	gene	1227				
IFOHMJLD_00454	CDS	1227				hypothetical protein
IFOHMJLD_00455	gene	1146				
IFOHMJLD_00455	CDS	1146		5.1.3.14		UDP-N-acetylglucosamine 2-epimerase
IFOHMJLD_00456	gene	1119				
IFOHMJLD_00456	CDS	1119				hypothetical protein
IFOHMJLD_00457	gene	1362				
IFOHMJLD_00457	CDS	1362				hypothetical protein
IFOHMJLD_00458	gene	1128				
IFOHMJLD_00458	CDS	1128				hypothetical protein
IFOHMJLD_00459	gene	1023	capD_2			
IFOHMJLD_00459	CDS	1023	capD_2	5.1.3.2	COG1086	UDP-glucose 4-epimerase
IFOHMJLD_00460	gene	1131	wbpI_2			
IFOHMJLD_00460	CDS	1131	wbpI_2	5.1.3.23		UDP-2,3-diacetamido-2,3-dideoxy-D-glucuronate 2-epimerase
IFOHMJLD_00461	gene	864				
IFOHMJLD_00461	CDS	864				hypothetical protein
IFOHMJLD_00462	gene	1212				
IFOHMJLD_00462	CDS	1212				hypothetical protein
IFOHMJLD_00463	gene	1008	gnu_2			
IFOHMJLD_00463	CDS	1008	gnu_2	5.1.3.26	COG0451	N-acetyl-alpha-D-glucosaminyl-diphospho-ditrans,octacis-undecaprenol 4-epimerase
IFOHMJLD_00464	gene	951	wecA_2			
IFOHMJLD_00464	CDS	951	wecA_2	2.7.8.33		Undecaprenyl-phosphate alpha-N-acetylglucosaminyl 1-phosphate transferase
	repeat_region	381				
IFOHMJLD_00465	gene	480				
IFOHMJLD_00465	CDS	480				hypothetical protein
IFOHMJLD_00466	gene	105				
IFOHMJLD_00466	CDS	105				hypothetical protein
IFOHMJLD_00467	gene	1179	sstT			
IFOHMJLD_00467	CDS	1179	sstT		COG3633	Serine/threonine transporter SstT
IFOHMJLD_00468	gene	1476	gnd			
IFOHMJLD_00468	CDS	1476	gnd	1.1.1.44		6-phosphogluconate dehydrogenase, decarboxylating
IFOHMJLD_00469	gene	1497	zwf			
IFOHMJLD_00469	CDS	1497	zwf	1.1.1.49	COG0364	Glucose-6-phosphate 1-dehydrogenase
IFOHMJLD_00470	gene	717	pgl_1			
IFOHMJLD_00470	CDS	717	pgl_1	3.1.1.31	COG0363	6-phosphogluconolactonase
IFOHMJLD_00471	gene	225				
IFOHMJLD_00471	CDS	225				hypothetical protein
IFOHMJLD_00472	gene	315				
IFOHMJLD_00472	CDS	315				hypothetical protein
IFOHMJLD_00473	gene	2064				
IFOHMJLD_00473	CDS	2064				hypothetical protein
IFOHMJLD_00474	gene	810	rlmB			
IFOHMJLD_00474	CDS	810	rlmB	2.1.1.185		23S rRNA (guanosine-2'-O-)-methyltransferase RlmB
IFOHMJLD_00475	gene	423	hiuH			
IFOHMJLD_00475	CDS	423	hiuH	3.5.2.17	COG2351	5-hydroxyisourate hydrolase
IFOHMJLD_00476	gene	1674				
IFOHMJLD_00476	CDS	1674				hypothetical protein
IFOHMJLD_00477	gene	711				
IFOHMJLD_00477	CDS	711				hypothetical protein
IFOHMJLD_00478	gene	108				
IFOHMJLD_00478	CDS	108				hypothetical protein
IFOHMJLD_00479	gene	267				
IFOHMJLD_00479	CDS	267				hypothetical protein
IFOHMJLD_00480	gene	519				
IFOHMJLD_00480	CDS	519				hypothetical protein
IFOHMJLD_00481	gene	330				
IFOHMJLD_00481	CDS	330				hypothetical protein
IFOHMJLD_00482	gene	1155				
IFOHMJLD_00482	CDS	1155				hypothetical protein
IFOHMJLD_00483	gene	699	btsR_1			
IFOHMJLD_00483	CDS	699	btsR_1		COG3279	Transcriptional regulatory protein BtsR
IFOHMJLD_00484	gene	1059				
IFOHMJLD_00484	CDS	1059				hypothetical protein
IFOHMJLD_00485	gene	1221	macB_2			
IFOHMJLD_00485	CDS	1221	macB_2	7.6.2.-		Macrolide export ATP-binding/permease protein MacB
IFOHMJLD_00486	gene	744	yknY_3			
IFOHMJLD_00486	CDS	744	yknY_3	7.6.2.-	COG1136	putative ABC transporter ATP-binding protein YknY
IFOHMJLD_00487	gene	1224	pvdR_1			
IFOHMJLD_00487	CDS	1224	pvdR_1		COG0845	Pyoverdine export membrane fusion protein PvdR
IFOHMJLD_00488	gene	1428	oprM_1			
IFOHMJLD_00488	CDS	1428	oprM_1			Outer membrane protein OprM
IFOHMJLD_00489	gene	828				
IFOHMJLD_00489	CDS	828				hypothetical protein
IFOHMJLD_00490	gene	213				
IFOHMJLD_00490	CDS	213				hypothetical protein
IFOHMJLD_00491	gene	216				
IFOHMJLD_00491	CDS	216				hypothetical protein
IFOHMJLD_00492	gene	1554	appC			
IFOHMJLD_00492	CDS	1554	appC	7.1.1.3	COG1271	Cytochrome bd-II ubiquinol oxidase subunit 1
IFOHMJLD_00493	gene	1149	cydB			
IFOHMJLD_00493	CDS	1149	cydB	7.1.1.7	COG1294	Cytochrome bd-I ubiquinol oxidase subunit 2
IFOHMJLD_00494	gene	1065				
IFOHMJLD_00494	CDS	1065				hypothetical protein
IFOHMJLD_00495	gene	1011				
IFOHMJLD_00495	CDS	1011				hypothetical protein
IFOHMJLD_00496	gene	852				
IFOHMJLD_00496	CDS	852				hypothetical protein
IFOHMJLD_00497	gene	1281				
IFOHMJLD_00497	CDS	1281				hypothetical protein
IFOHMJLD_00498	gene	1512				
IFOHMJLD_00498	CDS	1512				hypothetical protein
IFOHMJLD_00499	gene	957	hpr			
IFOHMJLD_00499	CDS	957	hpr	1.1.1.81	COG1052	Hydroxypyruvate reductase
IFOHMJLD_00500	gene	1272	rarA			
IFOHMJLD_00500	CDS	1272	rarA		COG2256	Replication-associated recombination protein A
IFOHMJLD_00501	gene	2595	lacZ_2			
IFOHMJLD_00501	CDS	2595	lacZ_2	3.2.1.23		Beta-galactosidase
IFOHMJLD_00502	gene	2562				
IFOHMJLD_00502	CDS	2562				hypothetical protein
IFOHMJLD_00503	gene	1086	wbpI_3			
IFOHMJLD_00503	CDS	1086	wbpI_3	5.1.3.23		UDP-2,3-diacetamido-2,3-dideoxy-D-glucuronate 2-epimerase
IFOHMJLD_00504	gene	627				
IFOHMJLD_00504	CDS	627				hypothetical protein
IFOHMJLD_00505	gene	495				
IFOHMJLD_00505	CDS	495				hypothetical protein
IFOHMJLD_00506	gene	969	htpX			
IFOHMJLD_00506	CDS	969	htpX	3.4.24.-		Protease HtpX
IFOHMJLD_00507	gene	561	lemA_1			
IFOHMJLD_00507	CDS	561	lemA_1		COG1704	Protein LemA
IFOHMJLD_00508	gene	504	ecfG_2			
IFOHMJLD_00508	CDS	504	ecfG_2			ECF RNA polymerase sigma factor EcfG
IFOHMJLD_00509	gene	1776				
IFOHMJLD_00509	CDS	1776				hypothetical protein
IFOHMJLD_00510	gene	3378				
IFOHMJLD_00510	CDS	3378			COG4771	TonB-dependent receptor P3
IFOHMJLD_00511	gene	1890				
IFOHMJLD_00511	CDS	1890				hypothetical protein
IFOHMJLD_00512	gene	747	mtgA_1			
IFOHMJLD_00512	CDS	747	mtgA_1	2.4.99.28	COG0744	Biosynthetic peptidoglycan transglycosylase
IFOHMJLD_00513	gene	675	pal_1			
IFOHMJLD_00513	CDS	675	pal_1			Peptidoglycan-associated lipoprotein
IFOHMJLD_00514	gene	1344	mepA_1			
IFOHMJLD_00514	CDS	1344	mepA_1			Multidrug export protein MepA
IFOHMJLD_00515	gene	900	eamA			
IFOHMJLD_00515	CDS	900	eamA		COG0697	putative amino-acid metabolite efflux pump
IFOHMJLD_00516	gene	1560				
IFOHMJLD_00516	CDS	1560				hypothetical protein
IFOHMJLD_00517	gene	846				
IFOHMJLD_00517	CDS	846				hypothetical protein
IFOHMJLD_00518	gene	552	rpoE_1			
IFOHMJLD_00518	CDS	552	rpoE_1		COG1595	ECF RNA polymerase sigma-E factor
IFOHMJLD_00519	gene	1263				
IFOHMJLD_00519	CDS	1263				hypothetical protein
IFOHMJLD_00520	gene	543				
IFOHMJLD_00520	CDS	543				hypothetical protein
IFOHMJLD_00521	gene	1371				
IFOHMJLD_00521	CDS	1371				hypothetical protein
IFOHMJLD_00522	gene	129				
IFOHMJLD_00522	CDS	129				hypothetical protein
IFOHMJLD_00523	gene	843				
IFOHMJLD_00523	CDS	843		1.1.1.-	COG0656	Aldo-keto reductase/MSMEI_2347
IFOHMJLD_00524	gene	774	bioC_2			
IFOHMJLD_00524	CDS	774	bioC_2	2.1.1.197		Malonyl-[acyl-carrier protein] O-methyltransferase
IFOHMJLD_00525	gene	1389	pgoX			
IFOHMJLD_00525	CDS	1389	pgoX	1.3.3.4		Protoporphyrinogen oxidase
IFOHMJLD_00526	gene	1365	hemN			
IFOHMJLD_00526	CDS	1365	hemN	1.3.98.3	COG0635	Oxygen-independent coproporphyrinogen III oxidase
IFOHMJLD_00527	gene	1230	schE			
IFOHMJLD_00527	CDS	1230	schE		COG2814	Schizokinen exporter SchE
IFOHMJLD_00528	gene	2070	iacT_1			
IFOHMJLD_00528	CDS	2070	iacT_1		COG4773	Iron and copper transporter IacT
IFOHMJLD_00529	gene	99				
IFOHMJLD_00529	CDS	99				hypothetical protein
IFOHMJLD_00530	gene	2517	nrdA			
IFOHMJLD_00530	CDS	2517	nrdA	1.17.4.1	COG0209	Ribonucleoside-diphosphate reductase subunit alpha
IFOHMJLD_00531	gene	1050	nrdB			
IFOHMJLD_00531	CDS	1050	nrdB	1.17.4.1	COG0208	Ribonucleoside-diphosphate reductase subunit beta
IFOHMJLD_00532	gene	117				
IFOHMJLD_00532	CDS	117				hypothetical protein
IFOHMJLD_00533	gene	183				
IFOHMJLD_00533	CDS	183				hypothetical protein
IFOHMJLD_00534	gene	1770	rhaS_1			
IFOHMJLD_00534	CDS	1770	rhaS_1			HTH-type transcriptional activator RhaS
IFOHMJLD_00535	gene	312				
IFOHMJLD_00535	CDS	312				hypothetical protein
IFOHMJLD_00536	gene	1125				
IFOHMJLD_00536	CDS	1125				hypothetical protein
IFOHMJLD_00537	gene	897				
IFOHMJLD_00537	CDS	897				hypothetical protein
IFOHMJLD_00538	gene	960				
IFOHMJLD_00538	CDS	960				hypothetical protein
IFOHMJLD_00539	gene	888				
IFOHMJLD_00539	CDS	888				hypothetical protein
IFOHMJLD_00540	gene	1617				
IFOHMJLD_00540	CDS	1617				Putative fimbrium tip subunit Fim1C
IFOHMJLD_00541	gene	1062				
IFOHMJLD_00541	CDS	1062				hypothetical protein
IFOHMJLD_00542	gene	363	add			
IFOHMJLD_00542	CDS	363	add	3.5.4.4		Adenosine deaminase
IFOHMJLD_00543	gene	222				
IFOHMJLD_00543	CDS	222				hypothetical protein
IFOHMJLD_00544	gene	372				
IFOHMJLD_00544	CDS	372				hypothetical protein
IFOHMJLD_00545	gene	180				
IFOHMJLD_00545	CDS	180				hypothetical protein
IFOHMJLD_00546	gene	216				
IFOHMJLD_00546	CDS	216				hypothetical protein
IFOHMJLD_00547	gene	498				
IFOHMJLD_00547	CDS	498				hypothetical protein
IFOHMJLD_00548	gene	1110				
IFOHMJLD_00548	CDS	1110				hypothetical protein
IFOHMJLD_00549	gene	543				
IFOHMJLD_00549	CDS	543				hypothetical protein
IFOHMJLD_00550	gene	909	dnaG_1			
IFOHMJLD_00550	CDS	909	dnaG_1	2.7.7.101		DNA primase
IFOHMJLD_00551	gene	729				
IFOHMJLD_00551	CDS	729				hypothetical protein
IFOHMJLD_00552	gene	117				
IFOHMJLD_00552	CDS	117				hypothetical protein
IFOHMJLD_00553	gene	642				
IFOHMJLD_00553	CDS	642				hypothetical protein
IFOHMJLD_00554	gene	345				
IFOHMJLD_00554	CDS	345				hypothetical protein
IFOHMJLD_00555	gene	285				
IFOHMJLD_00555	CDS	285				hypothetical protein
IFOHMJLD_00556	gene	276				
IFOHMJLD_00556	CDS	276				hypothetical protein
IFOHMJLD_00557	gene	375				
IFOHMJLD_00557	CDS	375				hypothetical protein
IFOHMJLD_00558	gene	336				
IFOHMJLD_00558	CDS	336				hypothetical protein
IFOHMJLD_00559	gene	303				
IFOHMJLD_00559	CDS	303				hypothetical protein
IFOHMJLD_00560	gene	543				
IFOHMJLD_00560	CDS	543				hypothetical protein
IFOHMJLD_00561	gene	2064				
IFOHMJLD_00561	CDS	2064				hypothetical protein
IFOHMJLD_00562	gene	882				
IFOHMJLD_00562	CDS	882				hypothetical protein
IFOHMJLD_00563	gene	963				
IFOHMJLD_00563	CDS	963				hypothetical protein
IFOHMJLD_00564	gene	1605				
IFOHMJLD_00564	CDS	1605				hypothetical protein
IFOHMJLD_00565	gene	798				
IFOHMJLD_00565	CDS	798				hypothetical protein
IFOHMJLD_00566	gene	309				
IFOHMJLD_00566	CDS	309				hypothetical protein
IFOHMJLD_00567	gene	342				
IFOHMJLD_00567	CDS	342				hypothetical protein
IFOHMJLD_00568	gene	2421				
IFOHMJLD_00568	CDS	2421				hypothetical protein
IFOHMJLD_00569	gene	522				
IFOHMJLD_00569	CDS	522				hypothetical protein
IFOHMJLD_00570	gene	774				
IFOHMJLD_00570	CDS	774				hypothetical protein
IFOHMJLD_00571	gene	642				
IFOHMJLD_00571	CDS	642				hypothetical protein
IFOHMJLD_00572	gene	981				
IFOHMJLD_00572	CDS	981				hypothetical protein
IFOHMJLD_00573	gene	456				
IFOHMJLD_00573	CDS	456				hypothetical protein
IFOHMJLD_00574	gene	189				
IFOHMJLD_00574	CDS	189				hypothetical protein
IFOHMJLD_00575	gene	444				
IFOHMJLD_00575	CDS	444				hypothetical protein
IFOHMJLD_00576	gene	1155				
IFOHMJLD_00576	CDS	1155				hypothetical protein
IFOHMJLD_00577	gene	552				
IFOHMJLD_00577	CDS	552				hypothetical protein
IFOHMJLD_00578	gene	342				
IFOHMJLD_00578	CDS	342				hypothetical protein
IFOHMJLD_00579	gene	309				
IFOHMJLD_00579	CDS	309				hypothetical protein
IFOHMJLD_00580	gene	1584				
IFOHMJLD_00580	CDS	1584				hypothetical protein
IFOHMJLD_00581	gene	1845				
IFOHMJLD_00581	CDS	1845				hypothetical protein
IFOHMJLD_00582	gene	279				
IFOHMJLD_00582	CDS	279				hypothetical protein
IFOHMJLD_00583	gene	798	soj_1			
IFOHMJLD_00583	CDS	798	soj_1	3.6.4.-	COG1192	Sporulation initiation inhibitor protein Soj
IFOHMJLD_00584	gene	141				
IFOHMJLD_00584	CDS	141				hypothetical protein
IFOHMJLD_00585	gene	243				
IFOHMJLD_00585	CDS	243				hypothetical protein
IFOHMJLD_00586	gene	942				
IFOHMJLD_00586	CDS	942				hypothetical protein
IFOHMJLD_00587	gene	1080	cbh			
IFOHMJLD_00587	CDS	1080	cbh	2.3.1.-		Bile salt hydrolase/transferase
IFOHMJLD_00588	gene	285				
IFOHMJLD_00588	CDS	285				hypothetical protein
IFOHMJLD_00589	gene	1560				
IFOHMJLD_00589	CDS	1560				hypothetical protein
IFOHMJLD_00590	gene	1638				
IFOHMJLD_00590	CDS	1638			COG0561	SusD-like protein
IFOHMJLD_00591	gene	3384				
IFOHMJLD_00591	CDS	3384			COG4771	TonB-dependent receptor P3
IFOHMJLD_00592	gene	957				
IFOHMJLD_00592	CDS	957				hypothetical protein
IFOHMJLD_00593	gene	588				
IFOHMJLD_00593	CDS	588				hypothetical protein
IFOHMJLD_00594	gene	144				
IFOHMJLD_00594	CDS	144				hypothetical protein
IFOHMJLD_00595	gene	405				
IFOHMJLD_00595	CDS	405				hypothetical protein
IFOHMJLD_00596	gene	1317				
IFOHMJLD_00596	CDS	1317				hypothetical protein
IFOHMJLD_00597	gene	3081				
IFOHMJLD_00597	CDS	3081				hypothetical protein
IFOHMJLD_00598	gene	354				
IFOHMJLD_00598	CDS	354				hypothetical protein
IFOHMJLD_00599	gene	1605				
IFOHMJLD_00599	CDS	1605				hypothetical protein
IFOHMJLD_00600	gene	951				
IFOHMJLD_00600	CDS	951				hypothetical protein
IFOHMJLD_00601	gene	486				
IFOHMJLD_00601	CDS	486				hypothetical protein
IFOHMJLD_00602	gene	945				
IFOHMJLD_00602	CDS	945				hypothetical protein
IFOHMJLD_00603	gene	243				
IFOHMJLD_00603	CDS	243				hypothetical protein
IFOHMJLD_00604	gene	216				
IFOHMJLD_00604	CDS	216				hypothetical protein
IFOHMJLD_00605	gene	270				
IFOHMJLD_00605	CDS	270				hypothetical protein
IFOHMJLD_00606	gene	222				
IFOHMJLD_00606	CDS	222				hypothetical protein
IFOHMJLD_00607	gene	1644				
IFOHMJLD_00607	CDS	1644				hypothetical protein
IFOHMJLD_00608	gene	843				
IFOHMJLD_00608	CDS	843				IS21 family transposase ISBf2
IFOHMJLD_00609	gene	918				
IFOHMJLD_00609	CDS	918				hypothetical protein
IFOHMJLD_00610	gene	429	vsr			
IFOHMJLD_00610	CDS	429	vsr	3.1.-.-	COG3727	DNA mismatch endonuclease Vsr
IFOHMJLD_00611	gene	756				
IFOHMJLD_00611	CDS	756				hypothetical protein
IFOHMJLD_00612	gene	1323				
IFOHMJLD_00612	CDS	1323				hypothetical protein
IFOHMJLD_00613	gene	2103				
IFOHMJLD_00613	CDS	2103				hypothetical protein
IFOHMJLD_00614	gene	1257	drmMII			
IFOHMJLD_00614	CDS	1257	drmMII	2.1.1.37		Type II methyltransferase M.Bpa9945I
IFOHMJLD_00615	gene	918				
IFOHMJLD_00615	CDS	918				hypothetical protein
IFOHMJLD_00616	gene	585				
IFOHMJLD_00616	CDS	585				hypothetical protein
IFOHMJLD_00617	gene	333				
IFOHMJLD_00617	CDS	333				hypothetical protein
IFOHMJLD_00618	gene	228				
IFOHMJLD_00618	CDS	228				hypothetical protein
IFOHMJLD_00619	gene	651	ptkA			
IFOHMJLD_00619	CDS	651	ptkA	2.7.10.-	COG0546	Tyrosine-protein kinase PtkA
IFOHMJLD_00620	gene	606				
IFOHMJLD_00620	CDS	606		2.3.1.-		Putative acetyltransferase
IFOHMJLD_00621	gene	510	nfrA2_1			
IFOHMJLD_00621	CDS	510	nfrA2_1	1.5.1.39	COG0778	FMN reductase [NAD(P)H]
IFOHMJLD_00622	gene	843	btr_1			
IFOHMJLD_00622	CDS	843	btr_1		COG0614	HTH-type transcriptional activator Btr
IFOHMJLD_00623	gene	315				
IFOHMJLD_00623	CDS	315				hypothetical protein
IFOHMJLD_00624	gene	294				
IFOHMJLD_00624	CDS	294				hypothetical protein
IFOHMJLD_00625	gene	294				
IFOHMJLD_00625	CDS	294				hypothetical protein
IFOHMJLD_00626	gene	1221	xerC_6			
IFOHMJLD_00626	CDS	1221	xerC_6			Tyrosine recombinase XerC
IFOHMJLD_00627	gene	74				
IFOHMJLD_00627	tRNA	74				tRNA-Lys(ttt)
IFOHMJLD_00628	gene	1659	ettA_2			
IFOHMJLD_00628	CDS	1659	ettA_2	3.6.1.-	COG0488	Energy-dependent translational throttle protein EttA
IFOHMJLD_00629	gene	2790	btuB_4			
IFOHMJLD_00629	CDS	2790	btuB_4			Vitamin B12 transporter BtuB
IFOHMJLD_00630	gene	1884				
IFOHMJLD_00630	CDS	1884				hypothetical protein
IFOHMJLD_00631	gene	1086				
IFOHMJLD_00631	CDS	1086				hypothetical protein
IFOHMJLD_00632	gene	2688	rcsC_4			
IFOHMJLD_00632	CDS	2688	rcsC_4	2.7.13.3		Sensor histidine kinase RcsC
IFOHMJLD_00633	gene	1206				
IFOHMJLD_00633	CDS	1206				hypothetical protein
IFOHMJLD_00634	gene	858				
IFOHMJLD_00634	CDS	858				hypothetical protein
IFOHMJLD_00635	gene	912	glyD			
IFOHMJLD_00635	CDS	912	glyD		COG1442	Glycosyltransferase GlyD
IFOHMJLD_00636	gene	1161	mshA_1			
IFOHMJLD_00636	CDS	1161	mshA_1	2.4.1.250		D-inositol-3-phosphate glycosyltransferase
IFOHMJLD_00637	gene	1116				
IFOHMJLD_00637	CDS	1116				hypothetical protein
IFOHMJLD_00638	gene	1461	tuaB_2			
IFOHMJLD_00638	CDS	1461	tuaB_2		COG2244	Teichuronic acid biosynthesis protein TuaB
IFOHMJLD_00639	gene	945	epsH			
IFOHMJLD_00639	CDS	945	epsH	2.4.-.-	COG1216	Putative glycosyltransferase EpsH
IFOHMJLD_00640	gene	1212				
IFOHMJLD_00640	CDS	1212				hypothetical protein
IFOHMJLD_00641	gene	891				
IFOHMJLD_00641	CDS	891				hypothetical protein
IFOHMJLD_00642	gene	1353				
IFOHMJLD_00642	CDS	1353				hypothetical protein
IFOHMJLD_00643	gene	2220				
IFOHMJLD_00643	CDS	2220				hypothetical protein
IFOHMJLD_00644	gene	750				
IFOHMJLD_00644	CDS	750				hypothetical protein
IFOHMJLD_00645	gene	1191				
IFOHMJLD_00645	CDS	1191				hypothetical protein
IFOHMJLD_00646	gene	1479	pepE_1			
IFOHMJLD_00646	CDS	1479	pepE_1	3.4.22.-	COG3579	Aminopeptidase E
IFOHMJLD_00647	gene	1353	nqrA			
IFOHMJLD_00647	CDS	1353	nqrA	7.2.1.1	COG1726	Na(+)-translocating NADH-quinone reductase subunit A
IFOHMJLD_00648	gene	1179	nqrB			
IFOHMJLD_00648	CDS	1179	nqrB	7.2.1.1	COG1805	Na(+)-translocating NADH-quinone reductase subunit B
IFOHMJLD_00649	gene	678	nqrC			
IFOHMJLD_00649	CDS	678	nqrC	7.2.1.1	COG2869	Na(+)-translocating NADH-quinone reductase subunit C
IFOHMJLD_00650	gene	633	nqrD			
IFOHMJLD_00650	CDS	633	nqrD	7.2.1.1	COG1347	Na(+)-translocating NADH-quinone reductase subunit D
IFOHMJLD_00651	gene	627	nqrE			
IFOHMJLD_00651	CDS	627	nqrE	7.2.1.1	COG2209	Na(+)-translocating NADH-quinone reductase subunit E
IFOHMJLD_00652	gene	1272	nqrF			
IFOHMJLD_00652	CDS	1272	nqrF	7.2.1.1		Na(+)-translocating NADH-quinone reductase subunit F
IFOHMJLD_00653	gene	1125				
IFOHMJLD_00653	CDS	1125				hypothetical protein
IFOHMJLD_00654	gene	1320	dbpA			
IFOHMJLD_00654	CDS	1320	dbpA	3.6.4.13	COG0513	ATP-dependent RNA helicase DbpA
IFOHMJLD_00655	gene	1068	serC			
IFOHMJLD_00655	CDS	1068	serC	2.6.1.52	COG1932	Phosphoserine aminotransferase
IFOHMJLD_00656	gene	921				
IFOHMJLD_00656	CDS	921		1.1.1.81	COG1052	Hydroxypyruvate reductase
IFOHMJLD_00657	gene	1248				
IFOHMJLD_00657	CDS	1248				hypothetical protein
IFOHMJLD_00658	gene	402	mip_1			
IFOHMJLD_00658	CDS	402	mip_1	5.2.1.8	COG0545	Outer membrane protein MIP
IFOHMJLD_00659	gene	618				
IFOHMJLD_00659	CDS	618				hypothetical protein
IFOHMJLD_00660	gene	1089				
IFOHMJLD_00660	CDS	1089				hypothetical protein
IFOHMJLD_00661	gene	573	fbiB			
IFOHMJLD_00661	CDS	573	fbiB	1.3.8.17		Bifunctional F420 biosynthesis protein FbiB
IFOHMJLD_00662	gene	2850	gcvP			
IFOHMJLD_00662	CDS	2850	gcvP	1.4.4.2	COG0403	Glycine dehydrogenase (decarboxylating)
IFOHMJLD_00663	gene	639	gloC			
IFOHMJLD_00663	CDS	639	gloC	3.1.2.6	COG0491	Hydroxyacylglutathione hydrolase GloC
IFOHMJLD_00664	gene	675	rsmG			
IFOHMJLD_00664	CDS	675	rsmG	2.1.1.170		Ribosomal RNA small subunit methyltransferase G
IFOHMJLD_00665	gene	855				
IFOHMJLD_00665	CDS	855				hypothetical protein
IFOHMJLD_00666	gene	390				
IFOHMJLD_00666	CDS	390				hypothetical protein
IFOHMJLD_00667	gene	2217	btuB_5			
IFOHMJLD_00667	CDS	2217	btuB_5			Vitamin B12 transporter BtuB
IFOHMJLD_00668	gene	312				
IFOHMJLD_00668	CDS	312				hypothetical protein
IFOHMJLD_00669	gene	2211	pacS			
IFOHMJLD_00669	CDS	2211	pacS	7.2.2.8	COG2217	putative copper-transporting ATPase PacS
IFOHMJLD_00670	gene	840	rhaS_2			
IFOHMJLD_00670	CDS	840	rhaS_2			HTH-type transcriptional activator RhaS
IFOHMJLD_00671	gene	666	lipB			
IFOHMJLD_00671	CDS	666	lipB	2.3.1.181	COG0321	Octanoyltransferase
IFOHMJLD_00672	gene	873				
IFOHMJLD_00672	CDS	873				hypothetical protein
IFOHMJLD_00673	gene	1989				
IFOHMJLD_00673	CDS	1989				hypothetical protein
IFOHMJLD_00674	gene	396				
IFOHMJLD_00674	CDS	396				hypothetical protein
IFOHMJLD_00675	gene	1320	sasA_4			
IFOHMJLD_00675	CDS	1320	sasA_4	2.7.13.3		Adaptive-response sensory-kinase SasA
IFOHMJLD_00676	gene	1371	atoC_2			
IFOHMJLD_00676	CDS	1371	atoC_2		COG2204	Regulatory protein AtoC
IFOHMJLD_00677	gene	1347				
IFOHMJLD_00677	CDS	1347				hypothetical protein
IFOHMJLD_00678	gene	2418				
IFOHMJLD_00678	CDS	2418				hypothetical protein
IFOHMJLD_00679	gene	675	yknY_4			
IFOHMJLD_00679	CDS	675	yknY_4	7.6.2.-	COG1136	putative ABC transporter ATP-binding protein YknY
IFOHMJLD_00680	gene	159				
IFOHMJLD_00680	CDS	159				hypothetical protein
IFOHMJLD_00681	gene	600				
IFOHMJLD_00681	CDS	600				hypothetical protein
IFOHMJLD_00682	gene	606	engB			
IFOHMJLD_00682	CDS	606	engB		COG0218	putative GTP-binding protein EngB
IFOHMJLD_00683	gene	1446				
IFOHMJLD_00683	CDS	1446				hypothetical protein
IFOHMJLD_00684	gene	258				
IFOHMJLD_00684	CDS	258				hypothetical protein
IFOHMJLD_00685	gene	516				
IFOHMJLD_00685	CDS	516				hypothetical protein
IFOHMJLD_00686	gene	411				
IFOHMJLD_00686	CDS	411				hypothetical protein
IFOHMJLD_00687	gene	618	recR			
IFOHMJLD_00687	CDS	618	recR		COG0353	Recombination protein RecR
IFOHMJLD_00688	gene	450				
IFOHMJLD_00688	CDS	450				hypothetical protein
IFOHMJLD_00689	gene	537	speG			
IFOHMJLD_00689	CDS	537	speG	2.3.1.57	COG1670	Spermidine N(1)-acetyltransferase
IFOHMJLD_00690	gene	591				
IFOHMJLD_00690	CDS	591				hypothetical protein
IFOHMJLD_00691	gene	1317	dapL_1			
IFOHMJLD_00691	CDS	1317	dapL_1	2.6.1.83		LL-diaminopimelate aminotransferase
IFOHMJLD_00692	gene	75				
IFOHMJLD_00692	tRNA	75				tRNA-Asp(gtc)
IFOHMJLD_00693	gene	102				
IFOHMJLD_00693	CDS	102				hypothetical protein
IFOHMJLD_00694	gene	153				
IFOHMJLD_00694	CDS	153				hypothetical protein
IFOHMJLD_00695	gene	171				
IFOHMJLD_00695	CDS	171				hypothetical protein
IFOHMJLD_00696	gene	441				
IFOHMJLD_00696	CDS	441				hypothetical protein
IFOHMJLD_00697	gene	237				
IFOHMJLD_00697	CDS	237				hypothetical protein
IFOHMJLD_00698	gene	579				
IFOHMJLD_00698	CDS	579				hypothetical protein
IFOHMJLD_00699	gene	1017				
IFOHMJLD_00699	CDS	1017				hypothetical protein
IFOHMJLD_00700	gene	3513				
IFOHMJLD_00700	CDS	3513			COG4771	TonB-dependent receptor P3
IFOHMJLD_00701	gene	2013				
IFOHMJLD_00701	CDS	2013				hypothetical protein
IFOHMJLD_00702	gene	1533	atsA_1			
IFOHMJLD_00702	CDS	1533	atsA_1	3.1.6.1		Arylsulfatase
IFOHMJLD_00703	gene	2688	lacZ_3			
IFOHMJLD_00703	CDS	2688	lacZ_3	3.2.1.23		Beta-galactosidase
IFOHMJLD_00704	gene	1575	atsA_2			
IFOHMJLD_00704	CDS	1575	atsA_2	3.1.6.1		Arylsulfatase
IFOHMJLD_00705	gene	534				
IFOHMJLD_00705	CDS	534				hypothetical protein
IFOHMJLD_00706	gene	282				
IFOHMJLD_00706	CDS	282				hypothetical protein
IFOHMJLD_00707	gene	339				
IFOHMJLD_00707	CDS	339				hypothetical protein
IFOHMJLD_00708	gene	438				
IFOHMJLD_00708	CDS	438				hypothetical protein
IFOHMJLD_00709	gene	468	decR			
IFOHMJLD_00709	CDS	468	decR		COG1522	DNA-binding transcriptional activator DecR
IFOHMJLD_00710	gene	324				
IFOHMJLD_00710	CDS	324				hypothetical protein
IFOHMJLD_00711	gene	849				
IFOHMJLD_00711	CDS	849				hypothetical protein
IFOHMJLD_00712	gene	396				
IFOHMJLD_00712	CDS	396				hypothetical protein
IFOHMJLD_00713	gene	1305				
IFOHMJLD_00713	CDS	1305				hypothetical protein
IFOHMJLD_00714	gene	546	ybdM_1			
IFOHMJLD_00714	CDS	546	ybdM_1		COG1475	putative protein YbdM
IFOHMJLD_00715	gene	1698				
IFOHMJLD_00715	CDS	1698				hypothetical protein
IFOHMJLD_00716	gene	795				
IFOHMJLD_00716	CDS	795		2.1.1.-		Putative TrmH family tRNA/rRNA methyltransferase
IFOHMJLD_00717	gene	1686	recN			
IFOHMJLD_00717	CDS	1686	recN		COG0497	DNA repair protein RecN
IFOHMJLD_00718	gene	1194	undec1A			
IFOHMJLD_00718	CDS	1194	undec1A	4.1.1.-		Cysteine/Cysteine sulfinic acid decarboxylase
IFOHMJLD_00719	gene	774	dinG			
IFOHMJLD_00719	CDS	774	dinG	3.1.-.-		3'-5' exonuclease DinG
IFOHMJLD_00720	gene	1125	dnaN			
IFOHMJLD_00720	CDS	1125	dnaN			Beta sliding clamp
IFOHMJLD_00721	gene	375				
IFOHMJLD_00721	CDS	375				hypothetical protein
IFOHMJLD_00722	gene	1638				
IFOHMJLD_00722	CDS	1638				hypothetical protein
IFOHMJLD_00723	gene	759	phnP			
IFOHMJLD_00723	CDS	759	phnP	3.1.4.55	COG1235	Phosphoribosyl 1,2-cyclic phosphate phosphodiesterase
IFOHMJLD_00724	gene	1005	murB			
IFOHMJLD_00724	CDS	1005	murB	1.3.1.98		UDP-N-acetylenolpyruvoylglucosamine reductase
IFOHMJLD_00725	gene	843				
IFOHMJLD_00725	CDS	843				hypothetical protein
IFOHMJLD_00726	gene	954				
IFOHMJLD_00726	CDS	954				putative epimerase/dehydratase
IFOHMJLD_00727	gene	1188	kbl			
IFOHMJLD_00727	CDS	1188	kbl	2.3.1.29	COG0156	2-amino-3-ketobutyrate coenzyme A ligase
IFOHMJLD_00728	gene	405				
IFOHMJLD_00728	CDS	405				hypothetical protein
IFOHMJLD_00729	gene	2178				
IFOHMJLD_00729	CDS	2178				hypothetical protein
IFOHMJLD_00730	gene	312				
IFOHMJLD_00730	CDS	312				hypothetical protein
IFOHMJLD_00731	gene	1572				
IFOHMJLD_00731	CDS	1572				hypothetical protein
IFOHMJLD_00732	gene	2448				
IFOHMJLD_00732	CDS	2448				hypothetical protein
IFOHMJLD_00733	gene	1104				
IFOHMJLD_00733	CDS	1104				hypothetical protein
IFOHMJLD_00734	gene	1023				
IFOHMJLD_00734	CDS	1023				hypothetical protein
IFOHMJLD_00735	gene	1017				
IFOHMJLD_00735	CDS	1017				hypothetical protein
IFOHMJLD_00736	gene	816				
IFOHMJLD_00736	CDS	816				hypothetical protein
IFOHMJLD_00737	gene	903				
IFOHMJLD_00737	CDS	903				hypothetical protein
IFOHMJLD_00738	gene	1065				
IFOHMJLD_00738	CDS	1065				hypothetical protein
IFOHMJLD_00739	gene	1146				
IFOHMJLD_00739	CDS	1146				hypothetical protein
IFOHMJLD_00740	gene	969				
IFOHMJLD_00740	CDS	969				hypothetical protein
IFOHMJLD_00741	gene	1011				
IFOHMJLD_00741	CDS	1011				hypothetical protein
IFOHMJLD_00742	gene	957				
IFOHMJLD_00742	CDS	957				hypothetical protein
IFOHMJLD_00743	gene	1146				
IFOHMJLD_00743	CDS	1146				hypothetical protein
IFOHMJLD_00744	gene	393				
IFOHMJLD_00744	CDS	393				hypothetical protein
IFOHMJLD_00745	gene	945				
IFOHMJLD_00745	CDS	945				hypothetical protein
IFOHMJLD_00746	gene	312				
IFOHMJLD_00746	CDS	312				hypothetical protein
IFOHMJLD_00747	gene	621				
IFOHMJLD_00747	CDS	621				hypothetical protein
IFOHMJLD_00748	gene	480	ftnA_1			
IFOHMJLD_00748	CDS	480	ftnA_1	1.16.3.2		Bacterial non-heme ferritin
IFOHMJLD_00749	gene	1164	lysA			
IFOHMJLD_00749	CDS	1164	lysA	4.1.1.20	COG0019	Diaminopimelate decarboxylase
IFOHMJLD_00750	gene	1320	lysC_1			
IFOHMJLD_00750	CDS	1320	lysC_1	2.7.2.4	COG0527	Lysine-sensitive aspartokinase 3
IFOHMJLD_00751	gene	699	ftsE			
IFOHMJLD_00751	CDS	699	ftsE		COG2884	Cell division ATP-binding protein FtsE
IFOHMJLD_00752	gene	612	hisI			
IFOHMJLD_00752	CDS	612	hisI			Histidine biosynthesis bifunctional protein HisIE
IFOHMJLD_00753	gene	753	hisF			
IFOHMJLD_00753	CDS	753	hisF	4.3.2.10	COG0107	Imidazole glycerol phosphate synthase subunit HisF
IFOHMJLD_00754	gene	720	hisA			
IFOHMJLD_00754	CDS	720	hisA	5.3.1.16		1-(5-phosphoribosyl)-5-[(5-phosphoribosylamino)methylideneamino] imidazole-4-carboxamide isomerase
IFOHMJLD_00755	gene	591	hisH			
IFOHMJLD_00755	CDS	591	hisH	4.3.2.10	COG0118	Imidazole glycerol phosphate synthase subunit HisH
IFOHMJLD_00756	gene	75				
IFOHMJLD_00756	tRNA	75				tRNA-Asp(gtc)
IFOHMJLD_00757	gene	75				
IFOHMJLD_00757	tRNA	75				tRNA-Asp(gtc)
IFOHMJLD_00758	gene	2076				
IFOHMJLD_00758	CDS	2076				hypothetical protein
IFOHMJLD_00759	gene	408				
IFOHMJLD_00759	CDS	408				hypothetical protein
IFOHMJLD_00760	gene	243				
IFOHMJLD_00760	CDS	243				hypothetical protein
IFOHMJLD_00761	gene	822				
IFOHMJLD_00761	CDS	822				hypothetical protein
IFOHMJLD_00762	gene	366				
IFOHMJLD_00762	CDS	366				hypothetical protein
IFOHMJLD_00763	gene	807				
IFOHMJLD_00763	CDS	807				hypothetical protein
IFOHMJLD_00764	gene	894				
IFOHMJLD_00764	CDS	894				putative HTH-type transcriptional regulator
IFOHMJLD_00765	gene	180				
IFOHMJLD_00765	CDS	180				hypothetical protein
IFOHMJLD_00766	gene	840	mutM			
IFOHMJLD_00766	CDS	840	mutM	3.2.2.23		Formamidopyrimidine-DNA glycosylase
IFOHMJLD_00767	gene	594	ydeA			
IFOHMJLD_00767	CDS	594	ydeA	3.2.-.-	COG0693	putative protease YdeA
IFOHMJLD_00768	gene	732				
IFOHMJLD_00768	CDS	732				hypothetical protein
IFOHMJLD_00769	gene	486				
IFOHMJLD_00769	CDS	486				hypothetical protein
IFOHMJLD_00770	gene	393	nudG			
IFOHMJLD_00770	CDS	393	nudG	3.6.1.65	COG0494	CTP pyrophosphohydrolase
IFOHMJLD_00771	gene	933				
IFOHMJLD_00771	CDS	933				hypothetical protein
IFOHMJLD_00772	gene	1038	rlmF			
IFOHMJLD_00772	CDS	1038	rlmF	2.1.1.181	COG3129	Ribosomal RNA large subunit methyltransferase F
IFOHMJLD_00773	gene	474				
IFOHMJLD_00773	CDS	474				hypothetical protein
IFOHMJLD_00774	gene	3666				
IFOHMJLD_00774	CDS	3666				hypothetical protein
IFOHMJLD_00775	gene	561				
IFOHMJLD_00775	CDS	561				hypothetical protein
IFOHMJLD_00776	gene	1215				
IFOHMJLD_00776	CDS	1215				hypothetical protein
IFOHMJLD_00777	gene	933				
IFOHMJLD_00777	CDS	933				hypothetical protein
IFOHMJLD_00778	gene	297				
IFOHMJLD_00778	CDS	297				hypothetical protein
IFOHMJLD_00779	gene	1131				
IFOHMJLD_00779	CDS	1131				hypothetical protein
IFOHMJLD_00780	gene	138				
IFOHMJLD_00780	CDS	138				hypothetical protein
IFOHMJLD_00781	gene	492				
IFOHMJLD_00781	CDS	492				hypothetical protein
IFOHMJLD_00782	gene	741				
IFOHMJLD_00782	CDS	741		1.-.-.-	COG4221	putative oxidoreductase
IFOHMJLD_00783	gene	270				
IFOHMJLD_00783	CDS	270				hypothetical protein
IFOHMJLD_00784	gene	264				
IFOHMJLD_00784	CDS	264				hypothetical protein
IFOHMJLD_00785	gene	1326				
IFOHMJLD_00785	CDS	1326				hypothetical protein
IFOHMJLD_00786	gene	858				
IFOHMJLD_00786	CDS	858				hypothetical protein
IFOHMJLD_00787	gene	1707				
IFOHMJLD_00787	CDS	1707				hypothetical protein
IFOHMJLD_00788	gene	1644	pfp_1			
IFOHMJLD_00788	CDS	1644	pfp_1	2.7.1.90		Pyrophosphate--fructose 6-phosphate 1-phosphotransferase
IFOHMJLD_00789	gene	2820				
IFOHMJLD_00789	CDS	2820				hypothetical protein
IFOHMJLD_00790	gene	897				
IFOHMJLD_00790	CDS	897				hypothetical protein
IFOHMJLD_00791	gene	1911				
IFOHMJLD_00791	CDS	1911				hypothetical protein
IFOHMJLD_00792	gene	3378	susC_3			
IFOHMJLD_00792	CDS	3378	susC_3		COG1629	TonB-dependent receptor SusC
IFOHMJLD_00793	gene	753				
IFOHMJLD_00793	CDS	753				hypothetical protein
IFOHMJLD_00794	gene	270				
IFOHMJLD_00794	CDS	270				hypothetical protein
IFOHMJLD_00795	gene	549				
IFOHMJLD_00795	CDS	549				hypothetical protein
IFOHMJLD_00796	gene	1377	oprM_2			
IFOHMJLD_00796	CDS	1377	oprM_2			Outer membrane protein OprM
IFOHMJLD_00797	gene	3147	bepE_1			
IFOHMJLD_00797	CDS	3147	bepE_1			multidrug efflux RND transporter permease subunit BepE
IFOHMJLD_00798	gene	1191	bepF_1			
IFOHMJLD_00798	CDS	1191	bepF_1			Efflux pump periplasmic linker BepF
IFOHMJLD_00799	gene	2211				
IFOHMJLD_00799	CDS	2211				hypothetical protein
IFOHMJLD_00800	gene	294				
IFOHMJLD_00800	CDS	294				hypothetical protein
IFOHMJLD_00801	gene	270				
IFOHMJLD_00801	CDS	270				hypothetical protein
IFOHMJLD_00802	gene	558				
IFOHMJLD_00802	CDS	558				hypothetical protein
IFOHMJLD_00803	gene	771	yafV			
IFOHMJLD_00803	CDS	771	yafV	3.5.1.3	COG0388	Omega-amidase YafV
IFOHMJLD_00804	gene	1167	nagA_1			
IFOHMJLD_00804	CDS	1167	nagA_1	3.5.1.25	COG1820	N-acetylglucosamine-6-phosphate deacetylase
IFOHMJLD_00805	gene	1992	nagB_1			
IFOHMJLD_00805	CDS	1992	nagB_1	3.5.99.6		Glucosamine-6-phosphate deaminase
IFOHMJLD_00806	gene	723	iphP			
IFOHMJLD_00806	CDS	723	iphP	3.1.3.48		Tyrosine-protein phosphatase
IFOHMJLD_00807	gene	2910				
IFOHMJLD_00807	CDS	2910				hypothetical protein
IFOHMJLD_00808	gene	402				
IFOHMJLD_00808	CDS	402				hypothetical protein
IFOHMJLD_00809	gene	126				
IFOHMJLD_00809	CDS	126				hypothetical protein
IFOHMJLD_00810	gene	321				
IFOHMJLD_00810	CDS	321				hypothetical protein
IFOHMJLD_00811	gene	216				
IFOHMJLD_00811	CDS	216				hypothetical protein
IFOHMJLD_00812	gene	345				
IFOHMJLD_00812	CDS	345				hypothetical protein
IFOHMJLD_00813	gene	477				
IFOHMJLD_00813	CDS	477				hypothetical protein
IFOHMJLD_00814	gene	1854				
IFOHMJLD_00814	CDS	1854				hypothetical protein
IFOHMJLD_00815	gene	3378	mfd			
IFOHMJLD_00815	CDS	3378	mfd	3.6.4.-		Transcription-repair-coupling factor
IFOHMJLD_00816	gene	747	ppm1			
IFOHMJLD_00816	CDS	747	ppm1	2.4.1.-	COG0463	Polyprenol monophosphomannose synthase
IFOHMJLD_00817	gene	1380	pyrC			
IFOHMJLD_00817	CDS	1380	pyrC	3.5.2.3	COG0044	Dihydroorotase
IFOHMJLD_00818	gene	957	metH_1			
IFOHMJLD_00818	CDS	957	metH_1	2.1.1.13	COG0646	Methionine synthase
IFOHMJLD_00819	gene	921				
IFOHMJLD_00819	CDS	921				hypothetical protein
IFOHMJLD_00820	gene	891				
IFOHMJLD_00820	CDS	891				hypothetical protein
IFOHMJLD_00821	gene	867				
IFOHMJLD_00821	CDS	867				hypothetical protein
IFOHMJLD_00822	gene	1137				
IFOHMJLD_00822	CDS	1137				hypothetical protein
IFOHMJLD_00823	gene	408				
IFOHMJLD_00823	CDS	408				hypothetical protein
IFOHMJLD_00824	gene	516	sigG			
IFOHMJLD_00824	CDS	516	sigG		COG1595	ECF RNA polymerase sigma factor SigG
IFOHMJLD_00825	gene	585				
IFOHMJLD_00825	CDS	585				hypothetical protein
IFOHMJLD_00826	gene	1167				
IFOHMJLD_00826	CDS	1167				hypothetical protein
IFOHMJLD_00827	gene	1725				
IFOHMJLD_00827	CDS	1725			COG1132	putative ABC transporter ATP-binding protein
IFOHMJLD_00828	gene	1767				
IFOHMJLD_00828	CDS	1767			COG1132	putative ABC transporter ATP-binding protein
IFOHMJLD_00829	gene	2964				
IFOHMJLD_00829	CDS	2964				hypothetical protein
IFOHMJLD_00830	gene	1233	sbcD_1			
IFOHMJLD_00830	CDS	1233	sbcD_1		COG0420	Nuclease SbcCD subunit D
IFOHMJLD_00831	gene	759	plsC			
IFOHMJLD_00831	CDS	759	plsC	2.3.1.51	COG0204	1-acyl-sn-glycerol-3-phosphate acyltransferase
IFOHMJLD_00832	gene	3204	mdtC_1			
IFOHMJLD_00832	CDS	3204	mdtC_1			Multidrug resistance protein MdtC
IFOHMJLD_00833	gene	1494				
IFOHMJLD_00833	CDS	1494				hypothetical protein
IFOHMJLD_00834	gene	3078	mdtB_1			
IFOHMJLD_00834	CDS	3078	mdtB_1			Multidrug resistance protein MdtB
IFOHMJLD_00835	gene	1071	mdtA_2			
IFOHMJLD_00835	CDS	1071	mdtA_2			Multidrug resistance protein MdtA
IFOHMJLD_00836	gene	1692				
IFOHMJLD_00836	CDS	1692				hypothetical protein
IFOHMJLD_00837	gene	891				
IFOHMJLD_00837	CDS	891				hypothetical protein
IFOHMJLD_00838	gene	1029				
IFOHMJLD_00838	CDS	1029				hypothetical protein
IFOHMJLD_00839	gene	1161				
IFOHMJLD_00839	CDS	1161				hypothetical protein
IFOHMJLD_00840	gene	555				
IFOHMJLD_00840	CDS	555				hypothetical protein
IFOHMJLD_00841	gene	1023				
IFOHMJLD_00841	CDS	1023				hypothetical protein
IFOHMJLD_00842	gene	1974				
IFOHMJLD_00842	CDS	1974				hypothetical protein
IFOHMJLD_00843	gene	876				
IFOHMJLD_00843	CDS	876				hypothetical protein
IFOHMJLD_00844	gene	381				
IFOHMJLD_00844	CDS	381				hypothetical protein
IFOHMJLD_00845	gene	1128				
IFOHMJLD_00845	CDS	1128				hypothetical protein
IFOHMJLD_00846	gene	270				
IFOHMJLD_00846	CDS	270				hypothetical protein
IFOHMJLD_00847	gene	156				
IFOHMJLD_00847	CDS	156				hypothetical protein
IFOHMJLD_00848	gene	1062				
IFOHMJLD_00848	CDS	1062				hypothetical protein
IFOHMJLD_00849	gene	210				
IFOHMJLD_00849	CDS	210				hypothetical protein
IFOHMJLD_00850	gene	1098				
IFOHMJLD_00850	CDS	1098				hypothetical protein
IFOHMJLD_00851	gene	795				
IFOHMJLD_00851	CDS	795				hypothetical protein
IFOHMJLD_00852	gene	393				
IFOHMJLD_00852	CDS	393				hypothetical protein
IFOHMJLD_00853	gene	201				
IFOHMJLD_00853	CDS	201				hypothetical protein
IFOHMJLD_00854	gene	1764				
IFOHMJLD_00854	CDS	1764				hypothetical protein
IFOHMJLD_00855	gene	729				
IFOHMJLD_00855	CDS	729				hypothetical protein
IFOHMJLD_00856	gene	1239	chuR			
IFOHMJLD_00856	CDS	1239	chuR	1.1.98.7	COG0641	Serine-type anaerobic sulfatase-maturating enzyme
IFOHMJLD_00857	gene	2166	dpp7_1			
IFOHMJLD_00857	CDS	2166	dpp7_1	3.4.14.-	COG3591	Dipeptidyl-peptidase 7
IFOHMJLD_00858	gene	2166	dpp7_2			
IFOHMJLD_00858	CDS	2166	dpp7_2	3.4.14.-	COG3591	Dipeptidyl-peptidase 7
IFOHMJLD_00859	gene	183				
IFOHMJLD_00859	CDS	183				hypothetical protein
IFOHMJLD_00860	gene	1125				
IFOHMJLD_00860	CDS	1125				hypothetical protein
IFOHMJLD_00861	gene	807				
IFOHMJLD_00861	CDS	807				hypothetical protein
IFOHMJLD_00862	gene	312				
IFOHMJLD_00862	CDS	312				Thioredoxin C-2
IFOHMJLD_00863	gene	468				
IFOHMJLD_00863	CDS	468				hypothetical protein
IFOHMJLD_00864	gene	636				
IFOHMJLD_00864	CDS	636				hypothetical protein
IFOHMJLD_00865	gene	558	rbr3A			
IFOHMJLD_00865	CDS	558	rbr3A	1.11.1.1	COG1592	Reverse rubrerythrin-1
IFOHMJLD_00866	gene	420	perR			
IFOHMJLD_00866	CDS	420	perR		COG0735	Peroxide-responsive repressor PerR
IFOHMJLD_00867	gene	348	yhaI			
IFOHMJLD_00867	CDS	348	yhaI		COG3152	Inner membrane protein YhaI
IFOHMJLD_00868	gene	2112	dcp			
IFOHMJLD_00868	CDS	2112	dcp	3.4.15.5	COG0339	Dipeptidyl carboxypeptidase
IFOHMJLD_00869	gene	1926	nadE			
IFOHMJLD_00869	CDS	1926	nadE	6.3.5.1	COG0171	Glutamine-dependent NAD(+) synthetase
IFOHMJLD_00870	gene	537				
IFOHMJLD_00870	CDS	537				hypothetical protein
IFOHMJLD_00871	gene	3159	susC_4			
IFOHMJLD_00871	CDS	3159	susC_4		COG1629	TonB-dependent receptor SusC
IFOHMJLD_00872	gene	1473				
IFOHMJLD_00872	CDS	1473				hypothetical protein
IFOHMJLD_00873	gene	1005				
IFOHMJLD_00873	CDS	1005				hypothetical protein
IFOHMJLD_00874	gene	1125	hisB			
IFOHMJLD_00874	CDS	1125	hisB		COG0131	Histidine biosynthesis bifunctional protein HisB
IFOHMJLD_00875	gene	1038	hisC			
IFOHMJLD_00875	CDS	1038	hisC	2.6.1.9		Histidinol-phosphate aminotransferase
IFOHMJLD_00876	gene	1287	hisD			
IFOHMJLD_00876	CDS	1287	hisD	1.1.1.23	COG0141	Histidinol dehydrogenase
IFOHMJLD_00877	gene	852	hisG			
IFOHMJLD_00877	CDS	852	hisG	2.4.2.17		ATP phosphoribosyltransferase
IFOHMJLD_00878	gene	492				
IFOHMJLD_00878	CDS	492				hypothetical protein
IFOHMJLD_00879	gene	708	yhhW_2			
IFOHMJLD_00879	CDS	708	yhhW_2	1.13.11.24	COG1741	Quercetin 2,3-dioxygenase
IFOHMJLD_00880	gene	2010	dsbD			
IFOHMJLD_00880	CDS	2010	dsbD	1.8.1.8		Thiol:disulfide interchange protein DsbD
IFOHMJLD_00881	gene	300				
IFOHMJLD_00881	CDS	300				hypothetical protein
IFOHMJLD_00882	gene	609	udk_1			
IFOHMJLD_00882	CDS	609	udk_1	2.7.1.48	COG0572	Uridine kinase
IFOHMJLD_00883	gene	1392	mltF_2			
IFOHMJLD_00883	CDS	1392	mltF_2	4.2.2.-		Membrane-bound lytic murein transglycosylase F
IFOHMJLD_00884	gene	1554	opuE			
IFOHMJLD_00884	CDS	1554	opuE		COG0591	Osmoregulated proline transporter OpuE
IFOHMJLD_00885	gene	126				
IFOHMJLD_00885	CDS	126				hypothetical protein
IFOHMJLD_00886	gene	606	nfrA1			
IFOHMJLD_00886	CDS	606	nfrA1	1.5.1.38	COG0778	FMN reductase (NADPH)
IFOHMJLD_00887	gene	2751	metH_2			
IFOHMJLD_00887	CDS	2751	metH_2	2.1.1.13	COG0646	Methionine synthase
IFOHMJLD_00888	gene	453	smpB			
IFOHMJLD_00888	CDS	453	smpB		COG0691	SsrA-binding protein
IFOHMJLD_00889	gene	573				
IFOHMJLD_00889	CDS	573				hypothetical protein
IFOHMJLD_00890	gene	804				
IFOHMJLD_00890	CDS	804				hypothetical protein
IFOHMJLD_00891	gene	501				
IFOHMJLD_00891	CDS	501				hypothetical protein
IFOHMJLD_00892	gene	405				
IFOHMJLD_00892	CDS	405				hypothetical protein
IFOHMJLD_00893	gene	702				
IFOHMJLD_00893	CDS	702				hypothetical protein
IFOHMJLD_00894	gene	1011				
IFOHMJLD_00894	CDS	1011				hypothetical protein
IFOHMJLD_00895	gene	1002	fabH_2			
IFOHMJLD_00895	CDS	1002	fabH_2	2.3.1.180	COG0332	Beta-ketoacyl-[acyl-carrier-protein] synthase III
IFOHMJLD_00896	gene	1446				
IFOHMJLD_00896	CDS	1446		3.2.1.1		Alpha-amylase
IFOHMJLD_00897	gene	945				
IFOHMJLD_00897	CDS	945				hypothetical protein
IFOHMJLD_00898	gene	321				
IFOHMJLD_00898	CDS	321				hypothetical protein
IFOHMJLD_00899	gene	951	wecA_3			
IFOHMJLD_00899	CDS	951	wecA_3	2.7.8.33		Undecaprenyl-phosphate alpha-N-acetylglucosaminyl 1-phosphate transferase
IFOHMJLD_00900	gene	963	hldD_1			
IFOHMJLD_00900	CDS	963	hldD_1	5.1.3.20		ADP-L-glycero-D-manno-heptose-6-epimerase
IFOHMJLD_00901	gene	765				
IFOHMJLD_00901	CDS	765				hypothetical protein
IFOHMJLD_00902	gene	1206	mshA_2			
IFOHMJLD_00902	CDS	1206	mshA_2	2.4.1.250		D-inositol-3-phosphate glycosyltransferase
IFOHMJLD_00903	gene	996				
IFOHMJLD_00903	CDS	996				hypothetical protein
IFOHMJLD_00904	gene	1545				
IFOHMJLD_00904	CDS	1545				hypothetical protein
IFOHMJLD_00905	gene	753				
IFOHMJLD_00905	CDS	753				hypothetical protein
IFOHMJLD_00906	gene	1029	gtfA_1			
IFOHMJLD_00906	CDS	1029	gtfA_1	2.4.1.-		UDP-N-acetylglucosamine--peptide N-acetylglucosaminyltransferase GtfA subunit
IFOHMJLD_00907	gene	1104				
IFOHMJLD_00907	CDS	1104				hypothetical protein
IFOHMJLD_00908	gene	1311				
IFOHMJLD_00908	CDS	1311				hypothetical protein
IFOHMJLD_00909	gene	996				
IFOHMJLD_00909	CDS	996				hypothetical protein
IFOHMJLD_00910	gene	429	tagD			
IFOHMJLD_00910	CDS	429	tagD	2.7.7.39	COG0615	Glycerol-3-phosphate cytidylyltransferase
IFOHMJLD_00911	gene	1194	tagF			
IFOHMJLD_00911	CDS	1194	tagF	2.7.8.12	COG0463	Teichoic acid poly(glycerol phosphate) polymerase
IFOHMJLD_00912	gene	933	glyG			
IFOHMJLD_00912	CDS	933	glyG		COG1215	Glycosyltransferase GlyG
IFOHMJLD_00913	gene	639				
IFOHMJLD_00913	CDS	639		3.5.1.104		Peptidoglycan-N-acetylglucosamine deacetylase
IFOHMJLD_00914	gene	1140				
IFOHMJLD_00914	CDS	1140				hypothetical protein
IFOHMJLD_00915	gene	483				
IFOHMJLD_00915	CDS	483				hypothetical protein
IFOHMJLD_00916	gene	540	rfaH_2			
IFOHMJLD_00916	CDS	540	rfaH_2			Transcription antitermination protein RfaH
IFOHMJLD_00917	gene	348				
IFOHMJLD_00917	CDS	348				hypothetical protein
IFOHMJLD_00918	gene	873				
IFOHMJLD_00918	CDS	873				hypothetical protein
IFOHMJLD_00919	gene	837	rsxB_3			
IFOHMJLD_00919	CDS	837	rsxB_3	7.-.-.-		Ion-translocating oxidoreductase complex subunit B
IFOHMJLD_00920	gene	2070	rho			
IFOHMJLD_00920	CDS	2070	rho	3.6.4.-		Transcription termination factor Rho
IFOHMJLD_00921	gene	1764	rcsC_5			
IFOHMJLD_00921	CDS	1764	rcsC_5	2.7.13.3		Sensor histidine kinase RcsC
IFOHMJLD_00922	gene	1953	rcsC_6			
IFOHMJLD_00922	CDS	1953	rcsC_6	2.7.13.3		Sensor histidine kinase RcsC
IFOHMJLD_00923	gene	1323	mdtK_1			
IFOHMJLD_00923	CDS	1323	mdtK_1			Multidrug resistance protein MdtK
IFOHMJLD_00924	gene	1320	ffh			
IFOHMJLD_00924	CDS	1320	ffh	3.6.5.4	COG0541	Signal recognition particle protein
IFOHMJLD_00925	gene	1086	resA_2			
IFOHMJLD_00925	CDS	1086	resA_2			Thiol-disulfide oxidoreductase ResA
IFOHMJLD_00926	gene	882	folD			
IFOHMJLD_00926	CDS	882	folD		COG0190	Bifunctional protein FolD protein
IFOHMJLD_00927	gene	1632	resA_3			
IFOHMJLD_00927	CDS	1632	resA_3			Thiol-disulfide oxidoreductase ResA
IFOHMJLD_00928	gene	1119				
IFOHMJLD_00928	CDS	1119				hypothetical protein
IFOHMJLD_00929	gene	75				
IFOHMJLD_00929	tRNA	75				tRNA-His(gtg)
IFOHMJLD_00930	gene	1029				
IFOHMJLD_00930	CDS	1029				hypothetical protein
IFOHMJLD_00931	gene	672				
IFOHMJLD_00931	CDS	672				hypothetical protein
IFOHMJLD_00932	gene	888	rbbA_1			
IFOHMJLD_00932	CDS	888	rbbA_1		COG0842	Ribosome-associated ATPase
IFOHMJLD_00933	gene	576				
IFOHMJLD_00933	CDS	576				hypothetical protein
IFOHMJLD_00934	gene	585				
IFOHMJLD_00934	CDS	585				hypothetical protein
IFOHMJLD_00935	gene	1551				
IFOHMJLD_00935	CDS	1551				hypothetical protein
IFOHMJLD_00936	gene	1215				
IFOHMJLD_00936	CDS	1215				hypothetical protein
IFOHMJLD_00937	gene	2739				
IFOHMJLD_00937	CDS	2739				hypothetical protein
IFOHMJLD_00938	gene	180				
IFOHMJLD_00938	CDS	180				hypothetical protein
IFOHMJLD_00939	gene	987				
IFOHMJLD_00939	CDS	987				hypothetical protein
IFOHMJLD_00940	gene	1845	ruvB_1			
IFOHMJLD_00940	CDS	1845	ruvB_1	3.6.4.-		Holliday junction branch migration complex subunit RuvB
IFOHMJLD_00941	gene	303				
IFOHMJLD_00941	CDS	303				hypothetical protein
IFOHMJLD_00942	gene	345				
IFOHMJLD_00942	CDS	345				hypothetical protein
IFOHMJLD_00943	gene	408				
IFOHMJLD_00943	CDS	408				hypothetical protein
IFOHMJLD_00944	gene	1872				
IFOHMJLD_00944	CDS	1872				hypothetical protein
IFOHMJLD_00945	gene	900				
IFOHMJLD_00945	CDS	900				hypothetical protein
IFOHMJLD_00946	gene	606				
IFOHMJLD_00946	CDS	606				hypothetical protein
IFOHMJLD_00947	gene	234				
IFOHMJLD_00947	CDS	234				hypothetical protein
IFOHMJLD_00948	gene	1467	pepD_1			
IFOHMJLD_00948	CDS	1467	pepD_1	3.4.13.18	COG2195	Cytosol non-specific dipeptidase
IFOHMJLD_00949	gene	1071				
IFOHMJLD_00949	CDS	1071				hypothetical protein
IFOHMJLD_00950	gene	1170	ybdG_1			
IFOHMJLD_00950	CDS	1170	ybdG_1		COG0668	Mechanosensing system component YbdG
IFOHMJLD_00951	gene	657	tal			
IFOHMJLD_00951	CDS	657	tal	2.2.1.2	COG0176	Transaldolase
IFOHMJLD_00952	gene	1818				
IFOHMJLD_00952	CDS	1818				hypothetical protein
IFOHMJLD_00953	gene	3063	lacZ_4			
IFOHMJLD_00953	CDS	3063	lacZ_4	3.2.1.23	COG3250	Beta-galactosidase
IFOHMJLD_00954	gene	2319				
IFOHMJLD_00954	CDS	2319				hypothetical protein
IFOHMJLD_00955	gene	1584				
IFOHMJLD_00955	CDS	1584		3.1.6.-	COG3119	N-acetylglucosamine-6-O-sulfatase
IFOHMJLD_00956	gene	1467				
IFOHMJLD_00956	CDS	1467		3.1.6.-	COG3119	N-acetylgalactosamine-6-O-sulfatase
IFOHMJLD_00957	gene	1650				
IFOHMJLD_00957	CDS	1650		3.2.1.52	COG3525	Beta-hexosaminidase
IFOHMJLD_00958	gene	2919	rhaR_2			
IFOHMJLD_00958	CDS	2919	rhaR_2			HTH-type transcriptional activator RhaR
IFOHMJLD_00959	gene	1053	fbaB_1			
IFOHMJLD_00959	CDS	1053	fbaB_1	4.1.2.13	COG1830	Fructose-bisphosphate aldolase class 1
IFOHMJLD_00960	gene	747	gpmA_1			
IFOHMJLD_00960	CDS	747	gpmA_1	5.4.2.11	COG0588	2,3-bisphosphoglycerate-dependent phosphoglycerate mutase
IFOHMJLD_00961	gene	1455	modF			
IFOHMJLD_00961	CDS	1455	modF		COG1119	ABC transporter ATP-binding protein ModF
IFOHMJLD_00962	gene	1515				
IFOHMJLD_00962	CDS	1515		3.1.6.-	COG3119	N-acetylgalactosamine-6-O-sulfatase
IFOHMJLD_00963	gene	1557				
IFOHMJLD_00963	CDS	1557		3.2.1.52	COG3525	Beta-hexosaminidase
IFOHMJLD_00964	gene	1866				
IFOHMJLD_00964	CDS	1866				hypothetical protein
IFOHMJLD_00965	gene	3438				
IFOHMJLD_00965	CDS	3438			COG4771	TonB-dependent receptor P3
IFOHMJLD_00966	gene	999				
IFOHMJLD_00966	CDS	999				hypothetical protein
IFOHMJLD_00967	gene	558				
IFOHMJLD_00967	CDS	558				hypothetical protein
IFOHMJLD_00968	gene	1995	pulA			
IFOHMJLD_00968	CDS	1995	pulA	3.2.1.41	COG1523	Pullulanase
IFOHMJLD_00969	gene	567	ruvC			
IFOHMJLD_00969	CDS	567	ruvC	3.1.21.10		Crossover junction endodeoxyribonuclease RuvC
IFOHMJLD_00970	gene	303				
IFOHMJLD_00970	CDS	303				hypothetical protein
IFOHMJLD_00971	gene	75				
IFOHMJLD_00971	tRNA	75				tRNA-Ala(ggc)
IFOHMJLD_00972	gene	1179				
IFOHMJLD_00972	CDS	1179				hypothetical protein
IFOHMJLD_00973	gene	1020	pheS			
IFOHMJLD_00973	CDS	1020	pheS	6.1.1.20	COG0016	Phenylalanine--tRNA ligase alpha subunit
IFOHMJLD_00974	gene	1194	yhhS			
IFOHMJLD_00974	CDS	1194	yhhS			putative MFS-type transporter YhhS
IFOHMJLD_00975	gene	678	nth			
IFOHMJLD_00975	CDS	678	nth	4.2.99.18	COG0177	Endonuclease III
IFOHMJLD_00976	gene	1260	pgk			
IFOHMJLD_00976	CDS	1260	pgk	2.7.2.3	COG0126	Phosphoglycerate kinase
IFOHMJLD_00977	gene	1020				
IFOHMJLD_00977	CDS	1020				hypothetical protein
IFOHMJLD_00978	gene	1035				
IFOHMJLD_00978	CDS	1035				hypothetical protein
IFOHMJLD_00979	gene	1191				
IFOHMJLD_00979	CDS	1191				hypothetical protein
IFOHMJLD_00980	gene	2199				
IFOHMJLD_00980	CDS	2199				hypothetical protein
IFOHMJLD_00981	gene	510				
IFOHMJLD_00981	CDS	510				hypothetical protein
IFOHMJLD_00982	gene	837				
IFOHMJLD_00982	CDS	837		3.2.1.103		Keratan-sulfate endo-1,4-beta-galactosidase
IFOHMJLD_00983	gene	918				
IFOHMJLD_00983	CDS	918				hypothetical protein
IFOHMJLD_00984	gene	1524	zmaJ_2			
IFOHMJLD_00984	CDS	1524	zmaJ_2	6.2.1.72		Zwittermicin A synthase ZmaJ
IFOHMJLD_00985	gene	243				
IFOHMJLD_00985	CDS	243				hypothetical protein
IFOHMJLD_00986	gene	1383				
IFOHMJLD_00986	CDS	1383				hypothetical protein
IFOHMJLD_00987	gene	1071				
IFOHMJLD_00987	CDS	1071				hypothetical protein
IFOHMJLD_00988	gene	393				
IFOHMJLD_00988	CDS	393				hypothetical protein
IFOHMJLD_00989	gene	582	maf			
IFOHMJLD_00989	CDS	582	maf	3.6.1.9	COG0424	dTTP/UTP pyrophosphatase
IFOHMJLD_00990	gene	522	kdsC			
IFOHMJLD_00990	CDS	522	kdsC	3.1.3.45	COG1778	3-deoxy-D-manno-octulosonate 8-phosphate phosphatase KdsC
IFOHMJLD_00991	gene	792				
IFOHMJLD_00991	CDS	792				hypothetical protein
IFOHMJLD_00992	gene	333				
IFOHMJLD_00992	CDS	333				hypothetical protein
IFOHMJLD_00993	gene	537				
IFOHMJLD_00993	CDS	537				hypothetical protein
IFOHMJLD_00994	gene	543	csh			
IFOHMJLD_00994	CDS	543	csh	3.13.1.5		Carbon disulfide hydrolase
IFOHMJLD_00995	gene	984				
IFOHMJLD_00995	CDS	984				hypothetical protein
IFOHMJLD_00996	gene	405	epi			
IFOHMJLD_00996	CDS	405	epi	5.1.99.-	COG0346	Ethylmalonyl-CoA/methylmalonyl-CoA epimerase
IFOHMJLD_00997	gene	1554	pccB_2			
IFOHMJLD_00997	CDS	1554	pccB_2	6.4.1.3	COG4799	Propionyl-CoA carboxylase beta chain
IFOHMJLD_00998	gene	915				
IFOHMJLD_00998	CDS	915				hypothetical protein
IFOHMJLD_00999	gene	432				
IFOHMJLD_00999	CDS	432				hypothetical protein
IFOHMJLD_01000	gene	1161	mmdB_1			
IFOHMJLD_01000	CDS	1161	mmdB_1	7.2.4.3		Methylmalonyl-CoA decarboxylase subunit beta
IFOHMJLD_01001	gene	1335				
IFOHMJLD_01001	CDS	1335				hypothetical protein
IFOHMJLD_01002	gene	1299				
IFOHMJLD_01002	CDS	1299				hypothetical protein
IFOHMJLD_01003	gene	1851	susA			
IFOHMJLD_01003	CDS	1851	susA	3.2.1.135	COG0366	Neopullulanase SusA
IFOHMJLD_01004	gene	441				
IFOHMJLD_01004	CDS	441				hypothetical protein
IFOHMJLD_01005	gene	1068	emrA_1			
IFOHMJLD_01005	CDS	1068	emrA_1			Colistin resistance protein EmrA
IFOHMJLD_01006	gene	1596				
IFOHMJLD_01006	CDS	1596				hypothetical protein
IFOHMJLD_01007	gene	1005	fda			
IFOHMJLD_01007	CDS	1005	fda	4.1.2.13	COG0191	Fructose-bisphosphate aldolase
IFOHMJLD_01008	gene	1020				
IFOHMJLD_01008	CDS	1020				hypothetical protein
IFOHMJLD_01009	gene	252	rpmE2			
IFOHMJLD_01009	CDS	252	rpmE2		COG0254	Large ribosomal subunit protein bL31B
IFOHMJLD_01010	gene	2361	rcsC_7			
IFOHMJLD_01010	CDS	2361	rcsC_7	2.7.13.3		Sensor histidine kinase RcsC
IFOHMJLD_01011	gene	1527	bepA_1			
IFOHMJLD_01011	CDS	1527	bepA_1	3.4.-.-		Beta-barrel assembly-enhancing protease
IFOHMJLD_01012	gene	2859	glgB_1			
IFOHMJLD_01012	CDS	2859	glgB_1	2.4.1.18		1,4-alpha-glucan branching enzyme GlgB
IFOHMJLD_01013	gene	1599				
IFOHMJLD_01013	CDS	1599				hypothetical protein
IFOHMJLD_01014	gene	1620	susD			
IFOHMJLD_01014	CDS	1620	susD		COG3637	Starch-binding protein SusD
IFOHMJLD_01015	gene	3009	susC_5			
IFOHMJLD_01015	CDS	3009	susC_5		COG1629	TonB-dependent receptor SusC
IFOHMJLD_01016	gene	1011	cytR			
IFOHMJLD_01016	CDS	1011	cytR		COG1609	HTH-type transcriptional repressor CytR
IFOHMJLD_01017	gene	1317				
IFOHMJLD_01017	CDS	1317				hypothetical protein
IFOHMJLD_01018	gene	2334				
IFOHMJLD_01018	CDS	2334				hypothetical protein
IFOHMJLD_01019	gene	2361				
IFOHMJLD_01019	CDS	2361				hypothetical protein
IFOHMJLD_01020	gene	2607				
IFOHMJLD_01020	CDS	2607				hypothetical protein
IFOHMJLD_01021	gene	2421				
IFOHMJLD_01021	CDS	2421				hypothetical protein
IFOHMJLD_01022	gene	1017				
IFOHMJLD_01022	CDS	1017				hypothetical protein
IFOHMJLD_01023	gene	1272				
IFOHMJLD_01023	CDS	1272				hypothetical protein
IFOHMJLD_01024	gene	561				
IFOHMJLD_01024	CDS	561				hypothetical protein
IFOHMJLD_01025	gene	978				
IFOHMJLD_01025	CDS	978				hypothetical protein
IFOHMJLD_01026	gene	900				
IFOHMJLD_01026	CDS	900				hypothetical protein
IFOHMJLD_01027	gene	2118				
IFOHMJLD_01027	CDS	2118				hypothetical protein
IFOHMJLD_01028	gene	246				
IFOHMJLD_01028	CDS	246				hypothetical protein
IFOHMJLD_01029	gene	468				
IFOHMJLD_01029	CDS	468				hypothetical protein
IFOHMJLD_01030	gene	96				
IFOHMJLD_01030	CDS	96				hypothetical protein
IFOHMJLD_01031	gene	2322	malP			
IFOHMJLD_01031	CDS	2322	malP	2.4.1.8		Maltose phosphorylase
IFOHMJLD_01032	gene	1053	ttgD			
IFOHMJLD_01032	CDS	1053	ttgD			Toluene efflux pump periplasmic linker protein TtgD
IFOHMJLD_01033	gene	3036	acrD			
IFOHMJLD_01033	CDS	3036	acrD		COG0841	putative aminoglycoside efflux pump
IFOHMJLD_01034	gene	1275				
IFOHMJLD_01034	CDS	1275				hypothetical protein
IFOHMJLD_01035	gene	1290				
IFOHMJLD_01035	CDS	1290				hypothetical protein
IFOHMJLD_01036	gene	1308				
IFOHMJLD_01036	CDS	1308				hypothetical protein
IFOHMJLD_01037	gene	3705	purL			
IFOHMJLD_01037	CDS	3705	purL	6.3.5.3	COG0046	Phosphoribosylformylglycinamidine synthase
IFOHMJLD_01038	gene	3996	rcsC_8			
IFOHMJLD_01038	CDS	3996	rcsC_8	2.7.13.3		Sensor histidine kinase RcsC
IFOHMJLD_01039	gene	543	srpC			
IFOHMJLD_01039	CDS	543	srpC		COG2059	putative chromate transport protein
IFOHMJLD_01040	gene	549	chrA			
IFOHMJLD_01040	CDS	549	chrA			Chromate transport protein
IFOHMJLD_01041	gene	1509				
IFOHMJLD_01041	CDS	1509				hypothetical protein
IFOHMJLD_01042	gene	2778	uvrA_1			
IFOHMJLD_01042	CDS	2778	uvrA_1			UvrABC system protein A
IFOHMJLD_01043	gene	483				
IFOHMJLD_01043	CDS	483				hypothetical protein
IFOHMJLD_01044	gene	231				
IFOHMJLD_01044	CDS	231				hypothetical protein
IFOHMJLD_01045	gene	1446				
IFOHMJLD_01045	CDS	1446				hypothetical protein
IFOHMJLD_01046	gene	1518				
IFOHMJLD_01046	CDS	1518				hypothetical protein
IFOHMJLD_01047	gene	2262	rcsC_9			
IFOHMJLD_01047	CDS	2262	rcsC_9	2.7.13.3		Sensor histidine kinase RcsC
IFOHMJLD_01048	gene	1182				
IFOHMJLD_01048	CDS	1182				hypothetical protein
IFOHMJLD_01049	gene	1179				
IFOHMJLD_01049	CDS	1179				hypothetical protein
IFOHMJLD_01050	gene	579				
IFOHMJLD_01050	CDS	579				hypothetical protein
IFOHMJLD_01051	gene	528				
IFOHMJLD_01051	CDS	528				hypothetical protein
IFOHMJLD_01052	gene	573				
IFOHMJLD_01052	CDS	573				hypothetical protein
IFOHMJLD_01053	gene	3555				
IFOHMJLD_01053	CDS	3555		1.2.7.1	COG0674	Pyruvate:ferredoxin oxidoreductase
IFOHMJLD_01054	gene	504				
IFOHMJLD_01054	CDS	504				hypothetical protein
IFOHMJLD_01055	gene	858				
IFOHMJLD_01055	CDS	858				hypothetical protein
IFOHMJLD_01056	gene	825	opuAB			
IFOHMJLD_01056	CDS	825	opuAB		COG4176	Glycine betaine transport system permease protein OpuAB
IFOHMJLD_01057	gene	1227	gbuA			
IFOHMJLD_01057	CDS	1227	gbuA	7.6.2.9		Glycine betaine/carnitine transport ATP-binding protein GbuA
IFOHMJLD_01058	gene	336	atl			
IFOHMJLD_01058	CDS	336	atl		COG3695	DNA base-flipping protein
IFOHMJLD_01059	gene	2724	rcsC_10			
IFOHMJLD_01059	CDS	2724	rcsC_10	2.7.13.3		Sensor histidine kinase RcsC
IFOHMJLD_01060	gene	870	pfkB			
IFOHMJLD_01060	CDS	870	pfkB	2.7.1.11	COG0524	ATP-dependent 6-phosphofructokinase
IFOHMJLD_01061	gene	1167				
IFOHMJLD_01061	CDS	1167				hypothetical protein
IFOHMJLD_01062	gene	1869	sacC_1			
IFOHMJLD_01062	CDS	1869	sacC_1	3.2.1.80	COG1621	Levanase
IFOHMJLD_01063	gene	2289				
IFOHMJLD_01063	CDS	2289				hypothetical protein
IFOHMJLD_01064	gene	312				
IFOHMJLD_01064	CDS	312				hypothetical protein
IFOHMJLD_01065	gene	693				
IFOHMJLD_01065	CDS	693				hypothetical protein
IFOHMJLD_01066	gene	294				
IFOHMJLD_01066	CDS	294				hypothetical protein
IFOHMJLD_01067	gene	282				
IFOHMJLD_01067	CDS	282				hypothetical protein
IFOHMJLD_01068	gene	420				
IFOHMJLD_01068	CDS	420				hypothetical protein
IFOHMJLD_01069	gene	3249				
IFOHMJLD_01069	CDS	3249				hypothetical protein
IFOHMJLD_01070	gene	1476	xerC_7			
IFOHMJLD_01070	CDS	1476	xerC_7			Tyrosine recombinase XerC
IFOHMJLD_01071	gene	1353	xerC_8			
IFOHMJLD_01071	CDS	1353	xerC_8			Tyrosine recombinase XerC
IFOHMJLD_01072	gene	294				
IFOHMJLD_01072	CDS	294				hypothetical protein
IFOHMJLD_01073	gene	204				
IFOHMJLD_01073	CDS	204				hypothetical protein
IFOHMJLD_01074	gene	120				
IFOHMJLD_01074	CDS	120				hypothetical protein
IFOHMJLD_01075	gene	1410				
IFOHMJLD_01075	CDS	1410				hypothetical protein
IFOHMJLD_01076	gene	1389				
IFOHMJLD_01076	CDS	1389				hypothetical protein
IFOHMJLD_01077	gene	2769				
IFOHMJLD_01077	CDS	2769				hypothetical protein
IFOHMJLD_01078	gene	486				
IFOHMJLD_01078	CDS	486				hypothetical protein
IFOHMJLD_01079	gene	639				
IFOHMJLD_01079	CDS	639				hypothetical protein
IFOHMJLD_01080	gene	2199	lagD			
IFOHMJLD_01080	CDS	2199	lagD	3.4.22.-		Lactococcin-G-processing and transport ATP-binding protein LagD
IFOHMJLD_01081	gene	516	resA_4			
IFOHMJLD_01081	CDS	516	resA_4			Thiol-disulfide oxidoreductase ResA
IFOHMJLD_01082	gene	174				
IFOHMJLD_01082	CDS	174				hypothetical protein
IFOHMJLD_01083	gene	663				
IFOHMJLD_01083	CDS	663				hypothetical protein
IFOHMJLD_01084	gene	2316				
IFOHMJLD_01084	CDS	2316				hypothetical protein
IFOHMJLD_01085	gene	909				
IFOHMJLD_01085	CDS	909				hypothetical protein
IFOHMJLD_01086	gene	555				
IFOHMJLD_01086	CDS	555				hypothetical protein
IFOHMJLD_01087	gene	957				
IFOHMJLD_01087	CDS	957				hypothetical protein
IFOHMJLD_01088	gene	2421				
IFOHMJLD_01088	CDS	2421				hypothetical protein
IFOHMJLD_01089	gene	804				
IFOHMJLD_01089	CDS	804				hypothetical protein
IFOHMJLD_01090	gene	537				
IFOHMJLD_01090	CDS	537				hypothetical protein
IFOHMJLD_01091	gene	561	flr_1			
IFOHMJLD_01091	CDS	561	flr_1			Flavoredoxin
IFOHMJLD_01092	gene	522				
IFOHMJLD_01092	CDS	522		2.3.1.-		Putative acetyltransferase
IFOHMJLD_01093	gene	702	queG_1			
IFOHMJLD_01093	CDS	702	queG_1	1.17.99.6		Epoxyqueuosine reductase
IFOHMJLD_01094	gene	1128	sbmC			
IFOHMJLD_01094	CDS	1128	sbmC			DNA gyrase inhibitor
IFOHMJLD_01095	gene	435				
IFOHMJLD_01095	CDS	435				hypothetical protein
IFOHMJLD_01096	gene	549	ywqN			
IFOHMJLD_01096	CDS	549	ywqN	1.-.-.-	COG0655	Putative NAD(P)H-dependent FMN-containing oxidoreductase YwqN
IFOHMJLD_01097	gene	1077	adhc1			
IFOHMJLD_01097	CDS	1077	adhc1	1.1.1.2	COG1064	NADP-dependent alcohol dehydrogenase C 1
IFOHMJLD_01098	gene	1029				
IFOHMJLD_01098	CDS	1029				putative protein
IFOHMJLD_01099	gene	867				
IFOHMJLD_01099	CDS	867				hypothetical protein
IFOHMJLD_01100	gene	1188	patB_1			
IFOHMJLD_01100	CDS	1188	patB_1	4.4.1.13	COG1168	Cystathionine beta-lyase PatB
IFOHMJLD_01101	gene	2112				
IFOHMJLD_01101	CDS	2112				hypothetical protein
IFOHMJLD_01102	gene	2010	sasA_5			
IFOHMJLD_01102	CDS	2010	sasA_5	2.7.13.3		Adaptive-response sensory-kinase SasA
IFOHMJLD_01103	gene	1722	fhs			
IFOHMJLD_01103	CDS	1722	fhs	6.3.4.3	COG2759	Formate--tetrahydrofolate ligase
IFOHMJLD_01104	gene	711				
IFOHMJLD_01104	CDS	711				hypothetical protein
IFOHMJLD_01105	gene	1281	glyA			
IFOHMJLD_01105	CDS	1281	glyA	2.1.2.1		Serine hydroxymethyltransferase
IFOHMJLD_01106	gene	729				
IFOHMJLD_01106	CDS	729				hypothetical protein
IFOHMJLD_01107	gene	570	flr_2			
IFOHMJLD_01107	CDS	570	flr_2			Flavoredoxin
IFOHMJLD_01108	gene	462	pyrI			
IFOHMJLD_01108	CDS	462	pyrI		COG1781	Aspartate carbamoyltransferase regulatory chain
IFOHMJLD_01109	gene	927	pyrB			
IFOHMJLD_01109	CDS	927	pyrB	2.1.3.2	COG0540	Aspartate carbamoyltransferase catalytic subunit
IFOHMJLD_01110	gene	279				
IFOHMJLD_01110	CDS	279				hypothetical protein
IFOHMJLD_01111	gene	621				
IFOHMJLD_01111	CDS	621				hypothetical protein
IFOHMJLD_01112	gene	918				
IFOHMJLD_01112	CDS	918				hypothetical protein
IFOHMJLD_01113	gene	1380				
IFOHMJLD_01113	CDS	1380				hypothetical protein
IFOHMJLD_01114	gene	957				
IFOHMJLD_01114	CDS	957				hypothetical protein
IFOHMJLD_01115	gene	2172				
IFOHMJLD_01115	CDS	2172				hypothetical protein
IFOHMJLD_01116	gene	951				
IFOHMJLD_01116	CDS	951		1.11.1.-	COG2837	Dye-decolorizing peroxidase
IFOHMJLD_01117	gene	2088				
IFOHMJLD_01117	CDS	2088				hypothetical protein
IFOHMJLD_01118	gene	3270				
IFOHMJLD_01118	CDS	3270			COG4771	TonB-dependent receptor P3
IFOHMJLD_01119	gene	495				
IFOHMJLD_01119	CDS	495				hypothetical protein
IFOHMJLD_01120	gene	96				
IFOHMJLD_01120	CDS	96				hypothetical protein
IFOHMJLD_01121	gene	714				
IFOHMJLD_01121	CDS	714				hypothetical protein
IFOHMJLD_01122	gene	468				
IFOHMJLD_01122	CDS	468				hypothetical protein
IFOHMJLD_01123	gene	2334	mrcA			
IFOHMJLD_01123	CDS	2334	mrcA		COG5009	Penicillin-binding protein 1A
IFOHMJLD_01124	gene	369				
IFOHMJLD_01124	CDS	369				hypothetical protein
IFOHMJLD_01125	gene	759	kdsB			
IFOHMJLD_01125	CDS	759	kdsB	2.7.7.90	COG1212	8-amino-3,8-dideoxy-manno-octulosonate cytidylyltransferase
IFOHMJLD_01126	gene	1287				
IFOHMJLD_01126	CDS	1287		3.4.24.-	COG0612	putative zinc protease
IFOHMJLD_01127	gene	1212				
IFOHMJLD_01127	CDS	1212				hypothetical protein
IFOHMJLD_01128	gene	939	prs			
IFOHMJLD_01128	CDS	939	prs	2.7.6.1	COG0462	Ribose-phosphate pyrophosphokinase
IFOHMJLD_01129	gene	4476	sasA_6			
IFOHMJLD_01129	CDS	4476	sasA_6	2.7.13.3		Adaptive-response sensory-kinase SasA
IFOHMJLD_01130	gene	729				
IFOHMJLD_01130	CDS	729				hypothetical protein
IFOHMJLD_01131	gene	1455	abgT			
IFOHMJLD_01131	CDS	1455	abgT		COG2978	p-aminobenzoyl-glutamate transport protein
IFOHMJLD_01132	gene	75				
IFOHMJLD_01132	tRNA	75				tRNA-Arg(tct)
IFOHMJLD_01133	gene	699				
IFOHMJLD_01133	CDS	699				hypothetical protein
IFOHMJLD_01134	gene	738				
IFOHMJLD_01134	CDS	738				hypothetical protein
IFOHMJLD_01135	gene	108				
IFOHMJLD_01135	CDS	108				hypothetical protein
IFOHMJLD_01136	gene	987	menF_1			
IFOHMJLD_01136	CDS	987	menF_1	5.4.4.2		Isochorismate synthase MenF
IFOHMJLD_01137	gene	597				
IFOHMJLD_01137	CDS	597				hypothetical protein
IFOHMJLD_01138	gene	669				
IFOHMJLD_01138	CDS	669				hypothetical protein
IFOHMJLD_01139	gene	2013	glgB_2			
IFOHMJLD_01139	CDS	2013	glgB_2	2.4.1.18		1,4-alpha-glucan branching enzyme GlgB
IFOHMJLD_01140	gene	1698	glgE			
IFOHMJLD_01140	CDS	1698	glgE	2.4.99.16		Alpha-1,4-glucan:maltose-1-phosphate maltosyltransferase
IFOHMJLD_01141	gene	1059	iolW			
IFOHMJLD_01141	CDS	1059	iolW	1.1.1.371	COG0673	scyllo-inositol 2-dehydrogenase (NADP(+)) IolW
IFOHMJLD_01142	gene	801				
IFOHMJLD_01142	CDS	801				hypothetical protein
IFOHMJLD_01143	gene	1209	fsr			
IFOHMJLD_01143	CDS	1209	fsr		COG2223	Fosmidomycin resistance protein
IFOHMJLD_01144	gene	1503	glnA_1			
IFOHMJLD_01144	CDS	1503	glnA_1	6.3.1.2	COG0174	Glutamine synthetase
IFOHMJLD_01145	gene	579				
IFOHMJLD_01145	CDS	579				hypothetical protein
IFOHMJLD_01146	gene	714				
IFOHMJLD_01146	CDS	714		1.-.-.-	COG4221	putative oxidoreductase
IFOHMJLD_01147	gene	594				
IFOHMJLD_01147	CDS	594				hypothetical protein
IFOHMJLD_01148	gene	210				
IFOHMJLD_01148	CDS	210				hypothetical protein
IFOHMJLD_01149	gene	171				
IFOHMJLD_01149	CDS	171				hypothetical protein
IFOHMJLD_01150	gene	870	sucD			
IFOHMJLD_01150	CDS	870	sucD	6.2.1.5	COG0074	Succinate--CoA ligase [ADP-forming] subunit alpha
IFOHMJLD_01151	gene	1149	sucC			
IFOHMJLD_01151	CDS	1149	sucC	6.2.1.5		Succinate--CoA ligase [ADP-forming] subunit beta
IFOHMJLD_01152	gene	888	fabD			
IFOHMJLD_01152	CDS	888	fabD	2.3.1.39		Malonyl CoA-acyl carrier protein transacylase
IFOHMJLD_01153	gene	834	thiD			
IFOHMJLD_01153	CDS	834	thiD	2.7.1.49	COG0351	Hydroxymethylpyrimidine/phosphomethylpyrimidine kinase
IFOHMJLD_01154	gene	129				
IFOHMJLD_01154	CDS	129				hypothetical protein
IFOHMJLD_01155	gene	732				
IFOHMJLD_01155	CDS	732			COG1051	ADPR responsive transcriptional repressor NtrR
IFOHMJLD_01156	gene	1506	xylB			
IFOHMJLD_01156	CDS	1506	xylB	2.7.1.17		Xylulose kinase
IFOHMJLD_01157	gene	1320	xylA			
IFOHMJLD_01157	CDS	1320	xylA	5.3.1.5	COG2115	Xylose isomerase
IFOHMJLD_01158	gene	1449	xylE_1			
IFOHMJLD_01158	CDS	1449	xylE_1		COG0477	D-xylose-proton symporter
IFOHMJLD_01159	gene	1209				
IFOHMJLD_01159	CDS	1209				hypothetical protein
IFOHMJLD_01160	gene	1542				
IFOHMJLD_01160	CDS	1542				hypothetical protein
IFOHMJLD_01161	gene	633	ahpC_1			
IFOHMJLD_01161	CDS	633	ahpC_1	1.11.1.26	COG0450	Alkyl hydroperoxide reductase C
IFOHMJLD_01162	gene	246				
IFOHMJLD_01162	CDS	246				hypothetical protein
IFOHMJLD_01163	gene	1392	ccp			
IFOHMJLD_01163	CDS	1392	ccp	1.11.1.-	COG1858	Cytochrome c peroxidase Ccp
IFOHMJLD_01164	gene	786	ccsA_1			
IFOHMJLD_01164	CDS	786	ccsA_1			Cytochrome c biogenesis protein CcsA
IFOHMJLD_01165	gene	957				
IFOHMJLD_01165	CDS	957				hypothetical protein
IFOHMJLD_01166	gene	1266				
IFOHMJLD_01166	CDS	1266				hypothetical protein
IFOHMJLD_01167	gene	1050	yhiM			
IFOHMJLD_01167	CDS	1050	yhiM			Inner membrane protein YhiM
IFOHMJLD_01168	gene	3426	ileS			
IFOHMJLD_01168	CDS	3426	ileS	6.1.1.5	COG0060	Isoleucine--tRNA ligase
IFOHMJLD_01169	gene	381	dksA			
IFOHMJLD_01169	CDS	381	dksA			RNA polymerase-binding transcription factor DksA
IFOHMJLD_01170	gene	633	lspA			
IFOHMJLD_01170	CDS	633	lspA	3.4.23.36		Lipoprotein signal peptidase
IFOHMJLD_01171	gene	1047				
IFOHMJLD_01171	CDS	1047				hypothetical protein
IFOHMJLD_01172	gene	333				
IFOHMJLD_01172	CDS	333				hypothetical protein
IFOHMJLD_01173	gene	762	rlmP			
IFOHMJLD_01173	CDS	762	rlmP	2.1.1.-	COG0566	23S rRNA (guanosine(2553)-2'-O)-methyltransferase RlmP
IFOHMJLD_01174	gene	519				
IFOHMJLD_01174	CDS	519				hypothetical protein
IFOHMJLD_01175	gene	2313	bamA_1			
IFOHMJLD_01175	CDS	2313	bamA_1			Outer membrane protein assembly factor BamA
IFOHMJLD_01176	gene	555				
IFOHMJLD_01176	CDS	555				hypothetical protein
IFOHMJLD_01177	gene	438				
IFOHMJLD_01177	CDS	438				hypothetical protein
IFOHMJLD_01178	gene	111				
IFOHMJLD_01178	CDS	111				hypothetical protein
IFOHMJLD_01179	gene	528				
IFOHMJLD_01179	CDS	528				hypothetical protein
IFOHMJLD_01180	gene	74				
IFOHMJLD_01180	tRNA	74				tRNA-Lys(ctt)
IFOHMJLD_01181	gene	1143				
IFOHMJLD_01181	CDS	1143				hypothetical protein
IFOHMJLD_01182	gene	1212	entS			
IFOHMJLD_01182	CDS	1212	entS			Enterobactin exporter EntS
IFOHMJLD_01183	gene	74				
IFOHMJLD_01183	tRNA	74				tRNA-Lys(ctt)
IFOHMJLD_01184	gene	804	yycJ			
IFOHMJLD_01184	CDS	804	yycJ	3.1.11.-	COG1235	Exodeoxyribonuclease YycJ
IFOHMJLD_01185	gene	1389	mdtH			
IFOHMJLD_01185	CDS	1389	mdtH			Multidrug resistance protein MdtH
IFOHMJLD_01186	gene	1407	uxaC			
IFOHMJLD_01186	CDS	1407	uxaC	5.3.1.12	COG1904	Uronate isomerase
IFOHMJLD_01187	gene	537				
IFOHMJLD_01187	CDS	537				hypothetical protein
IFOHMJLD_01188	gene	1062				
IFOHMJLD_01188	CDS	1062				hypothetical protein
IFOHMJLD_01189	gene	549	rfbC_2			
IFOHMJLD_01189	CDS	549	rfbC_2	5.1.3.13		dTDP-4-dehydrorhamnose 3,5-epimerase
IFOHMJLD_01190	gene	1314	tuaD_2			
IFOHMJLD_01190	CDS	1314	tuaD_2	1.1.1.22	COG1004	UDP-glucose 6-dehydrogenase TuaD
IFOHMJLD_01191	gene	822				
IFOHMJLD_01191	CDS	822				hypothetical protein
IFOHMJLD_01192	gene	1257	cshA_1			
IFOHMJLD_01192	CDS	1257	cshA_1	3.6.4.13	COG0513	ATP-dependent RNA helicase CshA
IFOHMJLD_01193	gene	1224	serB			
IFOHMJLD_01193	CDS	1224	serB	3.1.3.3		Phosphoserine phosphatase
IFOHMJLD_01194	gene	510	resA_5			
IFOHMJLD_01194	CDS	510	resA_5			Thiol-disulfide oxidoreductase ResA
IFOHMJLD_01195	gene	1098				
IFOHMJLD_01195	CDS	1098				hypothetical protein
IFOHMJLD_01196	gene	1131	tgt			
IFOHMJLD_01196	CDS	1131	tgt	2.4.2.29		Queuine tRNA-ribosyltransferase
IFOHMJLD_01197	gene	2469	lon			
IFOHMJLD_01197	CDS	2469	lon	3.4.21.53	COG0466	Lon protease
IFOHMJLD_01198	gene	714	yfiC			
IFOHMJLD_01198	CDS	714	yfiC	2.1.1.223	COG4123	tRNA1(Val) (adenine(37)-N6)-methyltransferase
IFOHMJLD_01199	gene	252				
IFOHMJLD_01199	CDS	252				hypothetical protein
IFOHMJLD_01200	gene	177				
IFOHMJLD_01200	CDS	177				hypothetical protein
IFOHMJLD_01201	gene	531				
IFOHMJLD_01201	CDS	531				hypothetical protein
IFOHMJLD_01202	gene	366				
IFOHMJLD_01202	CDS	366				hypothetical protein
IFOHMJLD_01203	gene	387				
IFOHMJLD_01203	CDS	387				hypothetical protein
IFOHMJLD_01204	gene	435				
IFOHMJLD_01204	CDS	435				hypothetical protein
IFOHMJLD_01205	gene	567				
IFOHMJLD_01205	CDS	567				hypothetical protein
IFOHMJLD_01206	gene	501				
IFOHMJLD_01206	CDS	501				hypothetical protein
IFOHMJLD_01207	gene	609				
IFOHMJLD_01207	CDS	609				hypothetical protein
IFOHMJLD_01208	gene	201				
IFOHMJLD_01208	CDS	201				hypothetical protein
IFOHMJLD_01209	gene	291				
IFOHMJLD_01209	CDS	291				hypothetical protein
IFOHMJLD_01210	gene	234				
IFOHMJLD_01210	CDS	234				hypothetical protein
IFOHMJLD_01211	gene	450				
IFOHMJLD_01211	CDS	450				hypothetical protein
IFOHMJLD_01212	gene	366				
IFOHMJLD_01212	CDS	366				hypothetical protein
IFOHMJLD_01213	gene	210				
IFOHMJLD_01213	CDS	210				hypothetical protein
IFOHMJLD_01214	gene	447				
IFOHMJLD_01214	CDS	447				hypothetical protein
IFOHMJLD_01215	gene	996				
IFOHMJLD_01215	CDS	996				hypothetical protein
IFOHMJLD_01216	gene	150				
IFOHMJLD_01216	CDS	150				hypothetical protein
IFOHMJLD_01217	gene	195				
IFOHMJLD_01217	CDS	195				hypothetical protein
IFOHMJLD_01218	gene	99				
IFOHMJLD_01218	CDS	99				hypothetical protein
IFOHMJLD_01219	gene	189				
IFOHMJLD_01219	CDS	189				hypothetical protein
IFOHMJLD_01220	gene	219				
IFOHMJLD_01220	CDS	219				hypothetical protein
IFOHMJLD_01221	gene	213				
IFOHMJLD_01221	CDS	213				hypothetical protein
IFOHMJLD_01222	gene	168				
IFOHMJLD_01222	CDS	168				hypothetical protein
IFOHMJLD_01223	gene	402				
IFOHMJLD_01223	CDS	402				hypothetical protein
IFOHMJLD_01224	gene	159				
IFOHMJLD_01224	CDS	159				hypothetical protein
IFOHMJLD_01225	gene	234				
IFOHMJLD_01225	CDS	234				hypothetical protein
IFOHMJLD_01226	gene	945				
IFOHMJLD_01226	CDS	945				hypothetical protein
IFOHMJLD_01227	gene	678				
IFOHMJLD_01227	CDS	678				hypothetical protein
IFOHMJLD_01228	gene	186				
IFOHMJLD_01228	CDS	186				hypothetical protein
IFOHMJLD_01229	gene	492				
IFOHMJLD_01229	CDS	492				hypothetical protein
IFOHMJLD_01230	gene	432				
IFOHMJLD_01230	CDS	432				hypothetical protein
IFOHMJLD_01231	gene	591				
IFOHMJLD_01231	CDS	591				hypothetical protein
IFOHMJLD_01232	gene	315				
IFOHMJLD_01232	CDS	315				hypothetical protein
IFOHMJLD_01233	gene	2217				
IFOHMJLD_01233	CDS	2217				hypothetical protein
IFOHMJLD_01234	gene	819				
IFOHMJLD_01234	CDS	819				hypothetical protein
IFOHMJLD_01235	gene	936				
IFOHMJLD_01235	CDS	936				hypothetical protein
IFOHMJLD_01236	gene	342				
IFOHMJLD_01236	CDS	342				hypothetical protein
IFOHMJLD_01237	gene	678				
IFOHMJLD_01237	CDS	678				hypothetical protein
IFOHMJLD_01238	gene	1707				
IFOHMJLD_01238	CDS	1707				hypothetical protein
IFOHMJLD_01239	gene	471				
IFOHMJLD_01239	CDS	471				hypothetical protein
IFOHMJLD_01240	gene	543				
IFOHMJLD_01240	CDS	543				hypothetical protein
IFOHMJLD_01241	gene	291				
IFOHMJLD_01241	CDS	291				hypothetical protein
IFOHMJLD_01242	gene	1353				
IFOHMJLD_01242	CDS	1353				hypothetical protein
IFOHMJLD_01243	gene	552				
IFOHMJLD_01243	CDS	552				hypothetical protein
IFOHMJLD_01244	gene	942				
IFOHMJLD_01244	CDS	942				hypothetical protein
IFOHMJLD_01245	gene	801				
IFOHMJLD_01245	CDS	801				hypothetical protein
IFOHMJLD_01246	gene	396				
IFOHMJLD_01246	CDS	396				hypothetical protein
IFOHMJLD_01247	gene	444				
IFOHMJLD_01247	CDS	444				hypothetical protein
IFOHMJLD_01248	gene	465				
IFOHMJLD_01248	CDS	465				hypothetical protein
IFOHMJLD_01249	gene	4059				
IFOHMJLD_01249	CDS	4059				hypothetical protein
IFOHMJLD_01250	gene	2103				
IFOHMJLD_01250	CDS	2103				hypothetical protein
IFOHMJLD_01251	gene	1194				
IFOHMJLD_01251	CDS	1194				hypothetical protein
IFOHMJLD_01252	gene	624				
IFOHMJLD_01252	CDS	624				hypothetical protein
IFOHMJLD_01253	gene	627				
IFOHMJLD_01253	CDS	627				hypothetical protein
IFOHMJLD_01254	gene	435				
IFOHMJLD_01254	CDS	435				hypothetical protein
IFOHMJLD_01255	gene	339				
IFOHMJLD_01255	CDS	339				hypothetical protein
IFOHMJLD_01256	gene	90				
IFOHMJLD_01256	CDS	90				hypothetical protein
IFOHMJLD_01257	gene	405				
IFOHMJLD_01257	CDS	405				hypothetical protein
IFOHMJLD_01258	gene	1230	xerC_9			
IFOHMJLD_01258	CDS	1230	xerC_9			Tyrosine recombinase XerC
IFOHMJLD_01259	gene	1212	xerC_10			
IFOHMJLD_01259	CDS	1212	xerC_10			Tyrosine recombinase XerC
IFOHMJLD_01260	gene	294				
IFOHMJLD_01260	CDS	294				hypothetical protein
IFOHMJLD_01261	gene	120				
IFOHMJLD_01261	CDS	120				hypothetical protein
IFOHMJLD_01262	gene	834				
IFOHMJLD_01262	CDS	834				hypothetical protein
IFOHMJLD_01263	gene	1281				
IFOHMJLD_01263	CDS	1281				hypothetical protein
IFOHMJLD_01264	gene	396				
IFOHMJLD_01264	CDS	396				hypothetical protein
IFOHMJLD_01265	gene	258				
IFOHMJLD_01265	CDS	258				hypothetical protein
IFOHMJLD_01266	gene	693				
IFOHMJLD_01266	CDS	693				hypothetical protein
IFOHMJLD_01267	gene	489				
IFOHMJLD_01267	CDS	489				hypothetical protein
IFOHMJLD_01268	gene	1170				
IFOHMJLD_01268	CDS	1170				hypothetical protein
IFOHMJLD_01269	gene	1869				
IFOHMJLD_01269	CDS	1869				hypothetical protein
IFOHMJLD_01270	gene	1968				
IFOHMJLD_01270	CDS	1968				hypothetical protein
IFOHMJLD_01271	gene	1719				
IFOHMJLD_01271	CDS	1719			COG0702	SusD-like protein P2
IFOHMJLD_01272	gene	3405	susC_6			
IFOHMJLD_01272	CDS	3405	susC_6		COG1629	TonB-dependent receptor SusC
IFOHMJLD_01273	gene	969				
IFOHMJLD_01273	CDS	969				hypothetical protein
IFOHMJLD_01274	gene	570				
IFOHMJLD_01274	CDS	570				hypothetical protein
IFOHMJLD_01275	gene	165				
IFOHMJLD_01275	CDS	165				hypothetical protein
IFOHMJLD_01276	gene	915				
IFOHMJLD_01276	CDS	915				hypothetical protein
IFOHMJLD_01277	gene	264				
IFOHMJLD_01277	CDS	264				hypothetical protein
IFOHMJLD_01278	gene	411				
IFOHMJLD_01278	CDS	411				hypothetical protein
IFOHMJLD_01279	gene	120				
IFOHMJLD_01279	CDS	120				hypothetical protein
IFOHMJLD_01280	gene	198				
IFOHMJLD_01280	CDS	198				hypothetical protein
IFOHMJLD_01281	gene	294				
IFOHMJLD_01281	CDS	294				hypothetical protein
IFOHMJLD_01282	gene	294	xerC_11			
IFOHMJLD_01282	CDS	294	xerC_11			Tyrosine recombinase XerC
IFOHMJLD_01283	gene	537	mgsA_1			
IFOHMJLD_01283	CDS	537	mgsA_1	4.2.3.3	COG1803	Methylglyoxal synthase
IFOHMJLD_01284	gene	795				
IFOHMJLD_01284	CDS	795				hypothetical protein
IFOHMJLD_01285	gene	2559	glgP_1			
IFOHMJLD_01285	CDS	2559	glgP_1	2.4.1.1	COG0058	Glycogen phosphorylase
IFOHMJLD_01286	gene	2247	kefB_1			
IFOHMJLD_01286	CDS	2247	kefB_1			Glutathione-regulated potassium-efflux system protein KefB
IFOHMJLD_01287	gene	987	pfkA_1			
IFOHMJLD_01287	CDS	987	pfkA_1	2.7.1.11	COG0205	ATP-dependent 6-phosphofructokinase 1
IFOHMJLD_01288	gene	498	sigH			
IFOHMJLD_01288	CDS	498	sigH			ECF RNA polymerase sigma factor SigH
IFOHMJLD_01289	gene	429				
IFOHMJLD_01289	CDS	429				Acid shock protein
IFOHMJLD_01290	gene	750	gpmA_2			
IFOHMJLD_01290	CDS	750	gpmA_2	5.4.2.11	COG0588	2,3-bisphosphoglycerate-dependent phosphoglycerate mutase
IFOHMJLD_01291	gene	1050	fbaB_2			
IFOHMJLD_01291	CDS	1050	fbaB_2	4.1.2.13	COG1830	Fructose-bisphosphate aldolase class 1
IFOHMJLD_01292	gene	483	ftnA_2			
IFOHMJLD_01292	CDS	483	ftnA_2	1.16.3.2		Bacterial non-heme ferritin
IFOHMJLD_01293	gene	648				
IFOHMJLD_01293	CDS	648				hypothetical protein
IFOHMJLD_01294	gene	429	ftnA_3			
IFOHMJLD_01294	CDS	429	ftnA_3	1.16.3.2		Bacterial non-heme ferritin
IFOHMJLD_01295	gene	180				
IFOHMJLD_01295	CDS	180				hypothetical protein
IFOHMJLD_01296	gene	303				
IFOHMJLD_01296	CDS	303				hypothetical protein
IFOHMJLD_01297	gene	540				
IFOHMJLD_01297	CDS	540				IS1182 family transposase ISMsp1
IFOHMJLD_01298	gene	207				
IFOHMJLD_01298	CDS	207				hypothetical protein
IFOHMJLD_01299	gene	306				
IFOHMJLD_01299	CDS	306				hypothetical protein
IFOHMJLD_01300	gene	408				
IFOHMJLD_01300	CDS	408				hypothetical protein
IFOHMJLD_01301	gene	618	apbE_1			
IFOHMJLD_01301	CDS	618	apbE_1	2.7.1.180	COG1477	FAD:protein FMN transferase
IFOHMJLD_01302	gene	96				
IFOHMJLD_01302	CDS	96				hypothetical protein
IFOHMJLD_01303	gene	294				
IFOHMJLD_01303	CDS	294				hypothetical protein
IFOHMJLD_01304	gene	180				
IFOHMJLD_01304	CDS	180				hypothetical protein
IFOHMJLD_01305	gene	1095				
IFOHMJLD_01305	CDS	1095				hypothetical protein
IFOHMJLD_01306	gene	76				
IFOHMJLD_01306	tRNA	76				tRNA-Pro(tgg)
IFOHMJLD_01307	gene	76				
IFOHMJLD_01307	tRNA	76				tRNA-Pro(tgg)
IFOHMJLD_01308	gene	219				
IFOHMJLD_01308	CDS	219				hypothetical protein
IFOHMJLD_01309	gene	951				
IFOHMJLD_01309	CDS	951				hypothetical protein
IFOHMJLD_01310	gene	342				
IFOHMJLD_01310	CDS	342				hypothetical protein
IFOHMJLD_01311	gene	174				
IFOHMJLD_01311	CDS	174				hypothetical protein
IFOHMJLD_01312	gene	1278	sasA_7			
IFOHMJLD_01312	CDS	1278	sasA_7	2.7.13.3		Adaptive-response sensory-kinase SasA
IFOHMJLD_01313	gene	1365	zraR_2			
IFOHMJLD_01313	CDS	1365	zraR_2			Transcriptional regulatory protein ZraR
IFOHMJLD_01314	gene	1473				
IFOHMJLD_01314	CDS	1473				hypothetical protein
IFOHMJLD_01315	gene	1251	mdtA_3			
IFOHMJLD_01315	CDS	1251	mdtA_3			Multidrug resistance protein MdtA
IFOHMJLD_01316	gene	2433				
IFOHMJLD_01316	CDS	2433				hypothetical protein
IFOHMJLD_01317	gene	2349				
IFOHMJLD_01317	CDS	2349				hypothetical protein
IFOHMJLD_01318	gene	2331				
IFOHMJLD_01318	CDS	2331				hypothetical protein
IFOHMJLD_01319	gene	2391				
IFOHMJLD_01319	CDS	2391				hypothetical protein
IFOHMJLD_01320	gene	2229				
IFOHMJLD_01320	CDS	2229				hypothetical protein
IFOHMJLD_01321	gene	2334				
IFOHMJLD_01321	CDS	2334				hypothetical protein
IFOHMJLD_01322	gene	675	yknY_5			
IFOHMJLD_01322	CDS	675	yknY_5	7.6.2.-	COG1136	putative ABC transporter ATP-binding protein YknY
IFOHMJLD_01323	gene	2343				
IFOHMJLD_01323	CDS	2343				hypothetical protein
IFOHMJLD_01324	gene	1185	spt			
IFOHMJLD_01324	CDS	1185	spt	2.3.1.50	COG0156	Serine palmitoyltransferase
IFOHMJLD_01325	gene	1059	dagK_1			
IFOHMJLD_01325	CDS	1059	dagK_1	2.7.1.107		Diacylglycerol kinase
IFOHMJLD_01326	gene	1758	aspS			
IFOHMJLD_01326	CDS	1758	aspS	6.1.1.12		Aspartate--tRNA ligase
IFOHMJLD_01327	gene	384				
IFOHMJLD_01327	CDS	384				hypothetical protein
IFOHMJLD_01328	gene	885	ctu			
IFOHMJLD_01328	CDS	885	ctu	3.5.1.20	COG0388	Citrullinase
IFOHMJLD_01329	gene	1116	aguA			
IFOHMJLD_01329	CDS	1116	aguA	3.5.3.12	COG2957	Putative agmatine deiminase
IFOHMJLD_01330	gene	531				
IFOHMJLD_01330	CDS	531				hypothetical protein
IFOHMJLD_01331	gene	621				
IFOHMJLD_01331	CDS	621			COG1132	putative ABC transporter ATP-binding/permease protein
IFOHMJLD_01332	gene	795	fetB			
IFOHMJLD_01332	CDS	795	fetB		COG0390	putative iron export permease protein FetB
IFOHMJLD_01333	gene	282				
IFOHMJLD_01333	CDS	282				hypothetical protein
IFOHMJLD_01334	gene	384				
IFOHMJLD_01334	CDS	384				hypothetical protein
IFOHMJLD_01335	gene	414				
IFOHMJLD_01335	CDS	414				hypothetical protein
IFOHMJLD_01336	gene	1095				
IFOHMJLD_01336	CDS	1095				GTP cyclohydrolase 1 type 2 
IFOHMJLD_01337	gene	825				
IFOHMJLD_01337	CDS	825				hypothetical protein
IFOHMJLD_01338	gene	1407	oprM_3			
IFOHMJLD_01338	CDS	1407	oprM_3			Outer membrane protein OprM
IFOHMJLD_01339	gene	1140	bepF_2			
IFOHMJLD_01339	CDS	1140	bepF_2			Efflux pump periplasmic linker BepF
IFOHMJLD_01340	gene	3123	bepE_2			
IFOHMJLD_01340	CDS	3123	bepE_2			multidrug efflux RND transporter permease subunit BepE
IFOHMJLD_01341	gene	450				
IFOHMJLD_01341	CDS	450				hypothetical protein
IFOHMJLD_01342	gene	777	amn			
IFOHMJLD_01342	CDS	777	amn	3.2.2.4	COG0775	AMP nucleosidase
IFOHMJLD_01343	gene	1020				
IFOHMJLD_01343	CDS	1020				hypothetical protein
IFOHMJLD_01344	gene	456				
IFOHMJLD_01344	CDS	456				hypothetical protein
IFOHMJLD_01345	gene	141				
IFOHMJLD_01345	CDS	141				hypothetical protein
IFOHMJLD_01346	gene	777	pyrK_1			
IFOHMJLD_01346	CDS	777	pyrK_1		COG0543	Dihydroorotate dehydrogenase B (NAD(+)), electron transfer subunit
IFOHMJLD_01347	gene	912	pyrD_1			
IFOHMJLD_01347	CDS	912	pyrD_1	1.3.1.14	COG0167	Dihydroorotate dehydrogenase B (NAD(+)), catalytic subunit
IFOHMJLD_01348	gene	678	trmD			
IFOHMJLD_01348	CDS	678	trmD	2.1.1.228		tRNA (guanine-N(1)-)-methyltransferase
IFOHMJLD_01349	gene	1998	ligA			
IFOHMJLD_01349	CDS	1998	ligA	6.5.1.2	COG0272	DNA ligase
IFOHMJLD_01350	gene	894	dapA			
IFOHMJLD_01350	CDS	894	dapA	4.3.3.7	COG0329	4-hydroxy-tetrahydrodipicolinate synthase
IFOHMJLD_01351	gene	75				
IFOHMJLD_01351	tRNA	75				tRNA-Arg(acg)
IFOHMJLD_01352	gene	75				
IFOHMJLD_01352	tRNA	75				tRNA-Arg(acg)
IFOHMJLD_01353	gene	75				
IFOHMJLD_01353	tRNA	75				tRNA-Arg(acg)
IFOHMJLD_01354	gene	2253				
IFOHMJLD_01354	CDS	2253				hypothetical protein
IFOHMJLD_01355	gene	2046	htpG_1			
IFOHMJLD_01355	CDS	2046	htpG_1		COG0326	Chaperone protein HtpG
IFOHMJLD_01356	gene	2535	clpC			
IFOHMJLD_01356	CDS	2535	clpC			ATP-dependent Clp protease ATP-binding subunit ClpC
IFOHMJLD_01357	gene	2538	gyrA_1			
IFOHMJLD_01357	CDS	2538	gyrA_1			DNA gyrase subunit A GyrA
IFOHMJLD_01358	gene	1215				
IFOHMJLD_01358	CDS	1215				hypothetical protein
IFOHMJLD_01359	gene	1122				
IFOHMJLD_01359	CDS	1122				hypothetical protein
IFOHMJLD_01360	gene	285				
IFOHMJLD_01360	CDS	285				hypothetical protein
IFOHMJLD_01361	gene	837				
IFOHMJLD_01361	CDS	837				hypothetical protein
IFOHMJLD_01362	gene	1824				
IFOHMJLD_01362	CDS	1824				hypothetical protein
IFOHMJLD_01363	gene	711	ycf3			
IFOHMJLD_01363	CDS	711	ycf3			Photosystem I assembly protein Ycf3
IFOHMJLD_01364	gene	1026				
IFOHMJLD_01364	CDS	1026				hypothetical protein
IFOHMJLD_01365	gene	984				
IFOHMJLD_01365	CDS	984				hypothetical protein
IFOHMJLD_01366	gene	1074				
IFOHMJLD_01366	CDS	1074				hypothetical protein
IFOHMJLD_01367	gene	870				
IFOHMJLD_01367	CDS	870			COG1721	putative protein
IFOHMJLD_01368	gene	996	moxR1_1			
IFOHMJLD_01368	CDS	996	moxR1_1		COG0714	Chaperone MoxR1
IFOHMJLD_01369	gene	1404	ihfA			
IFOHMJLD_01369	CDS	1404	ihfA			Integration host factor subunit alpha
IFOHMJLD_01370	gene	291				
IFOHMJLD_01370	CDS	291			COG0776	DNA-binding protein HU
IFOHMJLD_01371	gene	1299	rimO			
IFOHMJLD_01371	CDS	1299	rimO	2.8.4.4	COG0621	Ribosomal protein uS12 methylthiotransferase RimO
IFOHMJLD_01372	gene	960	ftsY			
IFOHMJLD_01372	CDS	960	ftsY	3.6.5.4	COG0552	Signal recognition particle receptor FtsY
IFOHMJLD_01373	gene	159				
IFOHMJLD_01373	CDS	159				hypothetical protein
IFOHMJLD_01374	gene	189	rpmG1			
IFOHMJLD_01374	CDS	189	rpmG1		COG0267	Large ribosomal subunit protein bL33A
IFOHMJLD_01375	gene	261	rpmB			
IFOHMJLD_01375	CDS	261	rpmB			Large ribosomal subunit protein bL28
IFOHMJLD_01376	gene	1233	pncC			
IFOHMJLD_01376	CDS	1233	pncC	3.5.1.42	COG1058	Nicotinamide-nucleotide amidohydrolase PncC
IFOHMJLD_01377	gene	1020	tsaD			
IFOHMJLD_01377	CDS	1020	tsaD	2.3.1.234	COG0533	tRNA N6-adenosine threonylcarbamoyltransferase
IFOHMJLD_01378	gene	4437				
IFOHMJLD_01378	CDS	4437				hypothetical protein
IFOHMJLD_01379	gene	381	yccF			
IFOHMJLD_01379	CDS	381	yccF		COG3304	Inner membrane protein YccF
IFOHMJLD_01380	gene	1494	proS			
IFOHMJLD_01380	CDS	1494	proS	6.1.1.15	COG0442	Proline--tRNA ligase
IFOHMJLD_01381	gene	765				
IFOHMJLD_01381	CDS	765				hypothetical protein
IFOHMJLD_01382	gene	735				
IFOHMJLD_01382	CDS	735				hypothetical protein
IFOHMJLD_01383	gene	3234	tri1_1			
IFOHMJLD_01383	CDS	3234	tri1_1	3.4.21.-	COG0793	Tricorn protease 
IFOHMJLD_01384	gene	74				
IFOHMJLD_01384	tRNA	74				tRNA-Gly(ccc)
IFOHMJLD_01385	gene	612	cobP			
IFOHMJLD_01385	CDS	612	cobP	2.7.1.156		Bifunctional adenosylcobalamin biosynthesis protein CobP
IFOHMJLD_01386	gene	1038	cobT			
IFOHMJLD_01386	CDS	1038	cobT	2.4.2.21		Nicotinate-nucleotide--dimethylbenzimidazole phosphoribosyltransferase
IFOHMJLD_01387	gene	744	cobS			
IFOHMJLD_01387	CDS	744	cobS	2.7.8.26		Adenosylcobinamide-GDP ribazoletransferase
IFOHMJLD_01388	gene	591				
IFOHMJLD_01388	CDS	591				hypothetical protein
IFOHMJLD_01389	gene	966	cobD_1			
IFOHMJLD_01389	CDS	966	cobD_1		COG1270	Cobalamin biosynthesis protein CobD
IFOHMJLD_01390	gene	1014	cobD_2			
IFOHMJLD_01390	CDS	1014	cobD_2	4.1.1.81		Threonine-phosphate decarboxylase
IFOHMJLD_01391	gene	1488	cobQ			
IFOHMJLD_01391	CDS	1488	cobQ			Cobyric acid synthase
IFOHMJLD_01392	gene	246				
IFOHMJLD_01392	CDS	246				hypothetical protein
IFOHMJLD_01393	gene	573				
IFOHMJLD_01393	CDS	573				hypothetical protein
IFOHMJLD_01394	gene	348				
IFOHMJLD_01394	CDS	348				hypothetical protein
IFOHMJLD_01395	gene	324				
IFOHMJLD_01395	CDS	324				hypothetical protein
IFOHMJLD_01396	gene	1449				
IFOHMJLD_01396	CDS	1449				hypothetical protein
IFOHMJLD_01397	gene	999	emrA_2			
IFOHMJLD_01397	CDS	999	emrA_2			Colistin resistance protein EmrA
IFOHMJLD_01398	gene	1173				
IFOHMJLD_01398	CDS	1173				hypothetical protein
IFOHMJLD_01399	gene	1191				
IFOHMJLD_01399	CDS	1191				hypothetical protein
IFOHMJLD_01400	gene	1902	rcsC_11			
IFOHMJLD_01400	CDS	1902	rcsC_11	2.7.13.3		Sensor histidine kinase RcsC
IFOHMJLD_01401	gene	573	yvqK			
IFOHMJLD_01401	CDS	573	yvqK	2.5.1.17	COG2096	Corrinoid adenosyltransferase
IFOHMJLD_01402	gene	1335	cbiA			
IFOHMJLD_01402	CDS	1335	cbiA	6.3.5.11		Cobyrinate a,c-diamide synthase
IFOHMJLD_01403	gene	735				
IFOHMJLD_01403	CDS	735				hypothetical protein
IFOHMJLD_01404	gene	486	yjjB_1			
IFOHMJLD_01404	CDS	486	yjjB_1		COG3610	putative succinate transporter subunit YjjB
IFOHMJLD_01405	gene	768	yjjP_1			
IFOHMJLD_01405	CDS	768	yjjP_1		COG2966	putative succinate transporter subunit YjjP
IFOHMJLD_01406	gene	144				
IFOHMJLD_01406	CDS	144				hypothetical protein
IFOHMJLD_01407	gene	2076	cirA_1			
IFOHMJLD_01407	CDS	2076	cirA_1		COG4771	Colicin I receptor
IFOHMJLD_01408	gene	918	cbiK			
IFOHMJLD_01408	CDS	918	cbiK	4.99.1.3		Sirohydrochlorin cobaltochelatase
IFOHMJLD_01409	gene	2355	cntO_1			
IFOHMJLD_01409	CDS	2355	cntO_1			Metal-pseudopaline receptor CntO
IFOHMJLD_01410	gene	1473				
IFOHMJLD_01410	CDS	1473				hypothetical protein
IFOHMJLD_01411	gene	1410	cysG_1			
IFOHMJLD_01411	CDS	1410	cysG_1	4.99.1.4		Siroheme synthase
IFOHMJLD_01412	gene	1239	cbiET			
IFOHMJLD_01412	CDS	1239	cbiET			Cobalamin biosynthesis bifunctional protein CbiET
IFOHMJLD_01413	gene	1800	cysG_2			
IFOHMJLD_01413	CDS	1800	cysG_2	4.99.1.4		Siroheme synthase
IFOHMJLD_01414	gene	1902	cbiD			
IFOHMJLD_01414	CDS	1902	cbiD	2.1.1.195		Cobalt-precorrin-5B C(1)-methyltransferase
IFOHMJLD_01415	gene	675				
IFOHMJLD_01415	CDS	675				hypothetical protein
IFOHMJLD_01416	gene	603				
IFOHMJLD_01416	CDS	603				hypothetical protein
IFOHMJLD_01417	gene	885				
IFOHMJLD_01417	CDS	885				hypothetical protein
IFOHMJLD_01418	gene	1041				
IFOHMJLD_01418	CDS	1041				hypothetical protein
IFOHMJLD_01419	gene	2112				
IFOHMJLD_01419	CDS	2112				hypothetical protein
IFOHMJLD_01420	gene	1026				
IFOHMJLD_01420	CDS	1026				hypothetical protein
IFOHMJLD_01421	gene	1557				
IFOHMJLD_01421	CDS	1557				hypothetical protein
IFOHMJLD_01422	gene	1053	mfa2			
IFOHMJLD_01422	CDS	1053	mfa2			Minor fimbrium anchoring subunit Mfa2
IFOHMJLD_01423	gene	1632				
IFOHMJLD_01423	CDS	1632				hypothetical protein
IFOHMJLD_01424	gene	1401				
IFOHMJLD_01424	CDS	1401				hypothetical protein
IFOHMJLD_01425	gene	558				
IFOHMJLD_01425	CDS	558				hypothetical protein
IFOHMJLD_01426	gene	375				
IFOHMJLD_01426	CDS	375				hypothetical protein
IFOHMJLD_01427	gene	939				
IFOHMJLD_01427	CDS	939				hypothetical protein
IFOHMJLD_01428	gene	375				
IFOHMJLD_01428	CDS	375				hypothetical protein
IFOHMJLD_01429	gene	1578				
IFOHMJLD_01429	CDS	1578				hypothetical protein
IFOHMJLD_01430	gene	1257				
IFOHMJLD_01430	CDS	1257				hypothetical protein
IFOHMJLD_01431	gene	1209				
IFOHMJLD_01431	CDS	1209				hypothetical protein
IFOHMJLD_01432	gene	312				
IFOHMJLD_01432	CDS	312				hypothetical protein
IFOHMJLD_01433	gene	621				
IFOHMJLD_01433	CDS	621				hypothetical protein
IFOHMJLD_01434	gene	1365	dnaB_1			
IFOHMJLD_01434	CDS	1365	dnaB_1	5.6.2.3		Replicative DNA helicase DnaB
IFOHMJLD_01435	gene	480				
IFOHMJLD_01435	CDS	480				hypothetical protein
IFOHMJLD_01436	gene	444				
IFOHMJLD_01436	CDS	444				hypothetical protein
IFOHMJLD_01437	gene	141				
IFOHMJLD_01437	CDS	141				hypothetical protein
IFOHMJLD_01438	gene	312				
IFOHMJLD_01438	CDS	312				hypothetical protein
IFOHMJLD_01439	gene	366				
IFOHMJLD_01439	CDS	366				hypothetical protein
IFOHMJLD_01440	gene	846				
IFOHMJLD_01440	CDS	846				hypothetical protein
IFOHMJLD_01441	gene	1008				
IFOHMJLD_01441	CDS	1008				hypothetical protein
IFOHMJLD_01442	gene	966				
IFOHMJLD_01442	CDS	966				Putative fimbrium anchoring subunit Fim4B
IFOHMJLD_01443	gene	975				
IFOHMJLD_01443	CDS	975				hypothetical protein
IFOHMJLD_01444	gene	1122				
IFOHMJLD_01444	CDS	1122				hypothetical protein
IFOHMJLD_01445	gene	405				
IFOHMJLD_01445	CDS	405		3.1.-.-	COG0824	Putative esterase
IFOHMJLD_01446	gene	1242	ubiU			
IFOHMJLD_01446	CDS	1242	ubiU	1.97.1.15		Ubiquinone biosynthesis hydroxylase UbiU
IFOHMJLD_01447	gene	459				
IFOHMJLD_01447	CDS	459				hypothetical protein
IFOHMJLD_01448	gene	978	dusB			
IFOHMJLD_01448	CDS	978	dusB	1.3.1.-		tRNA-dihydrouridine synthase B
IFOHMJLD_01449	gene	966				
IFOHMJLD_01449	CDS	966				hypothetical protein
IFOHMJLD_01450	gene	1008				
IFOHMJLD_01450	CDS	1008		1.1.1.51		3-beta-hydroxysteroid dehydrogenase
IFOHMJLD_01451	gene	900	mneP			
IFOHMJLD_01451	CDS	900	mneP		COG0053	Manganese efflux system protein MneP
IFOHMJLD_01452	gene	2145	rnr			
IFOHMJLD_01452	CDS	2145	rnr	3.1.13.1	COG0557	Ribonuclease R
IFOHMJLD_01453	gene	207				
IFOHMJLD_01453	CDS	207				hypothetical protein
IFOHMJLD_01454	gene	468				
IFOHMJLD_01454	CDS	468				hypothetical protein
IFOHMJLD_01455	gene	963				
IFOHMJLD_01455	CDS	963				hypothetical protein
IFOHMJLD_01456	gene	1146				
IFOHMJLD_01456	CDS	1146				hypothetical protein
IFOHMJLD_01457	gene	486	sigV_1			
IFOHMJLD_01457	CDS	486	sigV_1		COG1595	RNA polymerase sigma factor SigV
IFOHMJLD_01458	gene	597				
IFOHMJLD_01458	CDS	597				hypothetical protein
IFOHMJLD_01459	gene	2484				
IFOHMJLD_01459	CDS	2484				hypothetical protein
IFOHMJLD_01460	gene	474				
IFOHMJLD_01460	CDS	474				hypothetical protein
IFOHMJLD_01461	gene	948	cysK1_1			
IFOHMJLD_01461	CDS	948	cysK1_1	2.5.1.47	COG0031	O-acetylserine sulfhydrylase
IFOHMJLD_01462	gene	813				
IFOHMJLD_01462	CDS	813				hypothetical protein
IFOHMJLD_01463	gene	1386				
IFOHMJLD_01463	CDS	1386				hypothetical protein
IFOHMJLD_01464	gene	1104	ychF			
IFOHMJLD_01464	CDS	1104	ychF		COG0012	Ribosome-binding ATPase YchF
IFOHMJLD_01465	gene	930				
IFOHMJLD_01465	CDS	930				hypothetical protein
IFOHMJLD_01466	gene	834	lgt			
IFOHMJLD_01466	CDS	834	lgt	2.5.1.145	COG0682	Phosphatidylglycerol--prolipoprotein diacylglyceryl transferase
IFOHMJLD_01467	gene	642	cat			
IFOHMJLD_01467	CDS	642	cat	2.3.1.28		Chloramphenicol acetyltransferase
IFOHMJLD_01468	gene	2616	mutS_1			
IFOHMJLD_01468	CDS	2616	mutS_1			DNA mismatch repair protein MutS
IFOHMJLD_01469	gene	2832	leuS			
IFOHMJLD_01469	CDS	2832	leuS	6.1.1.4		Leucine--tRNA ligase
IFOHMJLD_01470	gene	900				
IFOHMJLD_01470	CDS	900				hypothetical protein
IFOHMJLD_01471	gene	468				
IFOHMJLD_01471	CDS	468				hypothetical protein
IFOHMJLD_01472	gene	585				
IFOHMJLD_01472	CDS	585		3.6.1.66		dITP/XTP pyrophosphatase
IFOHMJLD_01473	gene	198				
IFOHMJLD_01473	CDS	198				hypothetical protein
IFOHMJLD_01474	gene	993	nadA			
IFOHMJLD_01474	CDS	993	nadA	2.5.1.72	COG0379	Quinolinate synthase
IFOHMJLD_01475	gene	582				
IFOHMJLD_01475	CDS	582		2.1.1.-		Putative TrmH family tRNA/rRNA methyltransferase
IFOHMJLD_01476	gene	600				
IFOHMJLD_01476	CDS	600				hypothetical protein
IFOHMJLD_01477	gene	2028				
IFOHMJLD_01477	CDS	2028				hypothetical protein
IFOHMJLD_01478	gene	774				
IFOHMJLD_01478	CDS	774				hypothetical protein
IFOHMJLD_01479	gene	507				
IFOHMJLD_01479	CDS	507				hypothetical protein
IFOHMJLD_01480	gene	1611	atsA_3			
IFOHMJLD_01480	CDS	1611	atsA_3	3.1.6.1		Arylsulfatase
IFOHMJLD_01481	gene	627				
IFOHMJLD_01481	CDS	627				hypothetical protein
IFOHMJLD_01482	gene	2406	cntO_2			
IFOHMJLD_01482	CDS	2406	cntO_2			Metal-pseudopaline receptor CntO
IFOHMJLD_01483	gene	1683	dauA			
IFOHMJLD_01483	CDS	1683	dauA		COG0659	C4-dicarboxylic acid transporter DauA
IFOHMJLD_01484	gene	579	rbr			
IFOHMJLD_01484	CDS	579	rbr		COG1592	Rubrerythrin
IFOHMJLD_01485	gene	1572	nadB			
IFOHMJLD_01485	CDS	1572	nadB	1.4.3.16	COG0029	L-aspartate oxidase
IFOHMJLD_01486	gene	399				
IFOHMJLD_01486	CDS	399				hypothetical protein
IFOHMJLD_01487	gene	1344	pdhD			
IFOHMJLD_01487	CDS	1344	pdhD	1.8.1.4		Dihydrolipoyl dehydrogenase
IFOHMJLD_01488	gene	1440	dacC			
IFOHMJLD_01488	CDS	1440	dacC	3.4.16.4	COG2027	D-alanyl-D-alanine carboxypeptidase DacC
IFOHMJLD_01489	gene	1500	scpC			
IFOHMJLD_01489	CDS	1500	scpC	2.8.3.27	COG0427	Propanoyl-CoA:succinate CoA transferase
IFOHMJLD_01490	gene	300				
IFOHMJLD_01490	CDS	300				hypothetical protein
IFOHMJLD_01491	gene	1374	miaB			
IFOHMJLD_01491	CDS	1374	miaB	2.8.4.3	COG0621	tRNA-2-methylthio-N(6)-dimethylallyladenosine synthase
IFOHMJLD_01492	gene	1419				
IFOHMJLD_01492	CDS	1419				hypothetical protein
IFOHMJLD_01493	gene	2115	lacZ_5			
IFOHMJLD_01493	CDS	2115	lacZ_5	3.2.1.31	COG3250	Beta-glucuronidase
IFOHMJLD_01494	gene	1725				
IFOHMJLD_01494	CDS	1725				hypothetical protein
IFOHMJLD_01495	gene	1218				
IFOHMJLD_01495	CDS	1218				hypothetical protein
IFOHMJLD_01496	gene	237				
IFOHMJLD_01496	CDS	237				hypothetical protein
IFOHMJLD_01497	gene	1068				
IFOHMJLD_01497	CDS	1068				hypothetical protein
IFOHMJLD_01498	gene	150				
IFOHMJLD_01498	CDS	150				hypothetical protein
IFOHMJLD_01499	gene	969				
IFOHMJLD_01499	CDS	969				hypothetical protein
IFOHMJLD_01500	gene	1119				
IFOHMJLD_01500	CDS	1119				hypothetical protein
IFOHMJLD_01501	gene	300				
IFOHMJLD_01501	CDS	300				hypothetical protein
IFOHMJLD_01502	gene	771				
IFOHMJLD_01502	CDS	771				hypothetical protein
IFOHMJLD_01503	gene	1140				
IFOHMJLD_01503	CDS	1140				hypothetical protein
IFOHMJLD_01504	gene	222				
IFOHMJLD_01504	CDS	222				hypothetical protein
IFOHMJLD_01505	gene	96				
IFOHMJLD_01505	CDS	96				hypothetical protein
IFOHMJLD_01506	gene	231				
IFOHMJLD_01506	CDS	231				hypothetical protein
IFOHMJLD_01507	gene	1044				
IFOHMJLD_01507	CDS	1044				hypothetical protein
IFOHMJLD_01508	gene	855				
IFOHMJLD_01508	CDS	855				hypothetical protein
IFOHMJLD_01509	gene	120				
IFOHMJLD_01509	CDS	120				hypothetical protein
IFOHMJLD_01510	gene	1275				
IFOHMJLD_01510	CDS	1275				hypothetical protein
IFOHMJLD_01511	gene	126				
IFOHMJLD_01511	CDS	126				hypothetical protein
IFOHMJLD_01512	gene	1983				
IFOHMJLD_01512	CDS	1983				hypothetical protein
IFOHMJLD_01513	gene	900	cmoM			
IFOHMJLD_01513	CDS	900	cmoM	2.1.1.-		tRNA 5-carboxymethoxyuridine methyltransferase
IFOHMJLD_01514	gene	855	ftsX			
IFOHMJLD_01514	CDS	855	ftsX		COG2177	Cell division protein FtsX
IFOHMJLD_01515	gene	234				
IFOHMJLD_01515	CDS	234				hypothetical protein
IFOHMJLD_01516	gene	801	uppP			
IFOHMJLD_01516	CDS	801	uppP	3.6.1.27	COG1968	Undecaprenyl-diphosphatase
IFOHMJLD_01517	gene	702	truB			
IFOHMJLD_01517	CDS	702	truB	5.4.99.25	COG0130	tRNA pseudouridine synthase B
IFOHMJLD_01518	gene	1059	queA_1			
IFOHMJLD_01518	CDS	1059	queA_1	2.4.99.17		S-adenosylmethionine:tRNA ribosyltransferase-isomerase
IFOHMJLD_01519	gene	462	sulD			
IFOHMJLD_01519	CDS	462	sulD		COG0801	Bifunctional folate synthesis protein
IFOHMJLD_01520	gene	195				
IFOHMJLD_01520	CDS	195				hypothetical protein
IFOHMJLD_01521	gene	1293	metK			
IFOHMJLD_01521	CDS	1293	metK	2.5.1.6		S-adenosylmethionine synthase
IFOHMJLD_01522	gene	588				
IFOHMJLD_01522	CDS	588		3.2.2.-		Cytokinin riboside 5'-monophosphate phosphoribohydrolase
IFOHMJLD_01523	gene	828				
IFOHMJLD_01523	CDS	828				hypothetical protein
IFOHMJLD_01524	gene	753				
IFOHMJLD_01524	CDS	753				hypothetical protein
IFOHMJLD_01525	gene	381	rnpA			
IFOHMJLD_01525	CDS	381	rnpA	3.1.26.5		Ribonuclease P protein component
IFOHMJLD_01526	gene	636	dtd3_1			
IFOHMJLD_01526	CDS	636	dtd3_1	3.1.1.96		D-aminoacyl-tRNA deacylase
IFOHMJLD_01527	gene	1293	tyrS			
IFOHMJLD_01527	CDS	1293	tyrS	6.1.1.1		Tyrosine--tRNA ligase
IFOHMJLD_01528	gene	3273	tri1_2			
IFOHMJLD_01528	CDS	3273	tri1_2	3.4.21.-	COG0793	Tricorn protease 
IFOHMJLD_01529	gene	75				
IFOHMJLD_01529	tRNA	75				tRNA-Gln(ttg)
IFOHMJLD_01530	gene	168				
IFOHMJLD_01530	CDS	168				hypothetical protein
IFOHMJLD_01531	gene	1581				
IFOHMJLD_01531	CDS	1581		3.1.6.1	COG3119	Arylsulfatase
IFOHMJLD_01532	gene	843	kduI			
IFOHMJLD_01532	CDS	843	kduI	5.3.1.17	COG3717	4-deoxy-L-threo-5-hexosulose-uronate ketol-isomerase
IFOHMJLD_01533	gene	795	kduD			
IFOHMJLD_01533	CDS	795	kduD	1.1.1.127	COG1028	2-dehydro-3-deoxy-D-gluconate 5-dehydrogenase
IFOHMJLD_01534	gene	1272				
IFOHMJLD_01534	CDS	1272				hypothetical protein
IFOHMJLD_01535	gene	930	queG_2			
IFOHMJLD_01535	CDS	930	queG_2	1.17.99.6		Epoxyqueuosine reductase
IFOHMJLD_01536	gene	615	pgdA			
IFOHMJLD_01536	CDS	615	pgdA	3.5.1.104	COG0726	Peptidoglycan-N-acetylglucosamine deacetylase
IFOHMJLD_01537	gene	3363				
IFOHMJLD_01537	CDS	3363				hypothetical protein
IFOHMJLD_01538	gene	222				
IFOHMJLD_01538	CDS	222				hypothetical protein
IFOHMJLD_01539	gene	1608				
IFOHMJLD_01539	CDS	1608				hypothetical protein
IFOHMJLD_01540	gene	1596				
IFOHMJLD_01540	CDS	1596				hypothetical protein
IFOHMJLD_01541	gene	759				
IFOHMJLD_01541	CDS	759				hypothetical protein
IFOHMJLD_01542	gene	813	uup_1			
IFOHMJLD_01542	CDS	813	uup_1	3.6.1.-		ATP-binding protein Uup
IFOHMJLD_01543	gene	936	psaA			
IFOHMJLD_01543	CDS	936	psaA		COG0803	Manganese ABC transporter substrate-binding lipoprotein PsaA
IFOHMJLD_01544	gene	765	mnmC			
IFOHMJLD_01544	CDS	765	mnmC		COG0665	tRNA 5-methylaminomethyl-2-thiouridine biosynthesis bifunctional protein MnmC
IFOHMJLD_01545	gene	477	yqaA			
IFOHMJLD_01545	CDS	477	yqaA		COG1238	Inner membrane protein YqaA
IFOHMJLD_01546	gene	993				
IFOHMJLD_01546	CDS	993				hypothetical protein
IFOHMJLD_01547	gene	1275	purD			
IFOHMJLD_01547	CDS	1275	purD	6.3.4.13	COG0151	Phosphoribosylamine--glycine ligase
IFOHMJLD_01548	gene	2076	ptpA			
IFOHMJLD_01548	CDS	2076	ptpA	3.4.14.12	COG0823	Prolyl tripeptidyl peptidase
IFOHMJLD_01549	gene	1323	rlmL			
IFOHMJLD_01549	CDS	1323	rlmL		COG0116	Ribosomal RNA large subunit methyltransferase K/L
IFOHMJLD_01550	gene	900	srpH			
IFOHMJLD_01550	CDS	900	srpH	2.3.1.30	COG1045	Serine acetyltransferase, plasmid
IFOHMJLD_01551	gene	2061				
IFOHMJLD_01551	CDS	2061				hypothetical protein
IFOHMJLD_01552	gene	756	cheB			
IFOHMJLD_01552	CDS	756	cheB	3.5.1.44		Protein-glutamate methylesterase/protein-glutamine glutaminase
IFOHMJLD_01553	gene	396				
IFOHMJLD_01553	CDS	396				hypothetical protein
IFOHMJLD_01554	gene	2808	polA			
IFOHMJLD_01554	CDS	2808	polA	2.7.7.7	COG0258	DNA polymerase I
IFOHMJLD_01555	gene	1044	sdsA			
IFOHMJLD_01555	CDS	1044	sdsA	2.5.1.84		All-trans-nonaprenyl-diphosphate synthase (geranyl-diphosphate specific)
IFOHMJLD_01556	gene	708				
IFOHMJLD_01556	CDS	708				hypothetical protein
IFOHMJLD_01557	gene	903	deoC			
IFOHMJLD_01557	CDS	903	deoC	4.1.2.4		Deoxyribose-phosphate aldolase
IFOHMJLD_01558	gene	339	ypjD			
IFOHMJLD_01558	CDS	339	ypjD		COG1694	putative protein YpjD
IFOHMJLD_01559	gene	453	dtd			
IFOHMJLD_01559	CDS	453	dtd	3.1.1.96	COG1490	D-aminoacyl-tRNA deacylase
IFOHMJLD_01560	gene	1863	uvrC			
IFOHMJLD_01560	CDS	1863	uvrC		COG0322	UvrABC system protein C
IFOHMJLD_01561	gene	531	apt			
IFOHMJLD_01561	CDS	531	apt	2.4.2.7	COG0503	Adenine phosphoribosyltransferase
IFOHMJLD_01562	gene	1878	mnmG			
IFOHMJLD_01562	CDS	1878	mnmG		COG0445	tRNA uridine 5-carboxymethylaminomethyl modification enzyme MnmG
IFOHMJLD_01563	gene	1692				
IFOHMJLD_01563	CDS	1692				hypothetical protein
IFOHMJLD_01564	gene	363				
IFOHMJLD_01564	CDS	363				hypothetical protein
IFOHMJLD_01565	gene	1224				
IFOHMJLD_01565	CDS	1224				hypothetical protein
IFOHMJLD_01566	gene	381				
IFOHMJLD_01566	CDS	381				hypothetical protein
IFOHMJLD_01567	gene	420	ybeY			
IFOHMJLD_01567	CDS	420	ybeY	3.1.-.-		Endoribonuclease YbeY
IFOHMJLD_01568	gene	1233				
IFOHMJLD_01568	CDS	1233				hypothetical protein
IFOHMJLD_01569	gene	699				
IFOHMJLD_01569	CDS	699				hypothetical protein
IFOHMJLD_01570	gene	1029	ruvB_2			
IFOHMJLD_01570	CDS	1029	ruvB_2	3.6.4.-		Holliday junction branch migration complex subunit RuvB
IFOHMJLD_01571	gene	1497				
IFOHMJLD_01571	CDS	1497				hypothetical protein
IFOHMJLD_01572	gene	1368				
IFOHMJLD_01572	CDS	1368				hypothetical protein
IFOHMJLD_01573	gene	2187	dpp7_3			
IFOHMJLD_01573	CDS	2187	dpp7_3	3.4.14.-	COG3591	Dipeptidyl-peptidase 7
IFOHMJLD_01574	gene	864				
IFOHMJLD_01574	CDS	864				hypothetical protein
IFOHMJLD_01575	gene	1944	deaD			
IFOHMJLD_01575	CDS	1944	deaD	3.6.4.13	COG0513	ATP-dependent RNA helicase DeaD
IFOHMJLD_01576	gene	1056				
IFOHMJLD_01576	CDS	1056				hypothetical protein
IFOHMJLD_01577	gene	921	scrK			
IFOHMJLD_01577	CDS	921	scrK	2.7.1.4		Fructokinase
IFOHMJLD_01578	gene	606	kdsD			
IFOHMJLD_01578	CDS	606	kdsD	5.3.1.13		Arabinose 5-phosphate isomerase KdsD
IFOHMJLD_01579	gene	531				
IFOHMJLD_01579	CDS	531		3.2.2.-		Cytokinin riboside 5'-monophosphate phosphoribohydrolase
IFOHMJLD_01580	gene	1248				
IFOHMJLD_01580	CDS	1248		3.4.24.-	COG0612	putative zinc protease
IFOHMJLD_01581	gene	375				
IFOHMJLD_01581	CDS	375				hypothetical protein
IFOHMJLD_01582	gene	1158				
IFOHMJLD_01582	CDS	1158				hypothetical protein
IFOHMJLD_01583	gene	528				
IFOHMJLD_01583	CDS	528				hypothetical protein
IFOHMJLD_01584	gene	1206	uxuA			
IFOHMJLD_01584	CDS	1206	uxuA	4.2.1.8	COG1312	Mannonate dehydratase
IFOHMJLD_01585	gene	813	uxuB			
IFOHMJLD_01585	CDS	813	uxuB	1.-.-.-	COG1028	putative oxidoreductase UxuB
IFOHMJLD_01586	gene	645				
IFOHMJLD_01586	CDS	645				hypothetical protein
IFOHMJLD_01587	gene	936	lepB			
IFOHMJLD_01587	CDS	936	lepB	3.4.21.89	COG0681	Signal peptidase I
IFOHMJLD_01588	gene	1485				
IFOHMJLD_01588	CDS	1485				hypothetical protein
IFOHMJLD_01589	gene	729	dapB			
IFOHMJLD_01589	CDS	729	dapB	1.17.1.8	COG0289	4-hydroxy-tetrahydrodipicolinate reductase
IFOHMJLD_01590	gene	1269				
IFOHMJLD_01590	CDS	1269				hypothetical protein
IFOHMJLD_01591	gene	561				
IFOHMJLD_01591	CDS	561				hypothetical protein
IFOHMJLD_01592	gene	936	dusC			
IFOHMJLD_01592	CDS	936	dusC	1.3.1.-		tRNA-dihydrouridine(16) synthase
IFOHMJLD_01593	gene	1221				
IFOHMJLD_01593	CDS	1221				hypothetical protein
IFOHMJLD_01594	gene	642				
IFOHMJLD_01594	CDS	642				hypothetical protein
IFOHMJLD_01595	gene	771	lpxA_1			
IFOHMJLD_01595	CDS	771	lpxA_1	2.3.1.129	COG1043	Acyl-[acyl-carrier-protein]--UDP-N-acetylglucosamine O-acyltransferase
IFOHMJLD_01596	gene	1392	cusC_1			
IFOHMJLD_01596	CDS	1392	cusC_1		COG1538	Cation efflux system protein CusC
IFOHMJLD_01597	gene	3204	bepE_3			
IFOHMJLD_01597	CDS	3204	bepE_3			Efflux pump membrane transporter BepE
IFOHMJLD_01598	gene	1161	mdtE_1			
IFOHMJLD_01598	CDS	1161	mdtE_1		COG0845	Multidrug resistance protein MdtE
IFOHMJLD_01599	gene	3108	lacZ_6			
IFOHMJLD_01599	CDS	3108	lacZ_6	3.2.1.23	COG3250	Beta-galactosidase
IFOHMJLD_01600	gene	1923				
IFOHMJLD_01600	CDS	1923				hypothetical protein
IFOHMJLD_01601	gene	846				
IFOHMJLD_01601	CDS	846				hypothetical protein
IFOHMJLD_01602	gene	405	paaI			
IFOHMJLD_01602	CDS	405	paaI	3.1.2.-	COG2050	Acyl-coenzyme A thioesterase PaaI
IFOHMJLD_01603	gene	1476	cysS			
IFOHMJLD_01603	CDS	1476	cysS	6.1.1.16	COG0215	Cysteine--tRNA ligase
IFOHMJLD_01604	gene	837	yidA			
IFOHMJLD_01604	CDS	837	yidA	3.1.3.23	COG0561	Sugar phosphatase YidA
IFOHMJLD_01605	gene	678	kdpE			
IFOHMJLD_01605	CDS	678	kdpE		COG0745	Transcriptional regulatory protein KdpE
IFOHMJLD_01606	gene	1353	sasA_8			
IFOHMJLD_01606	CDS	1353	sasA_8	2.7.13.3		Adaptive-response sensory-kinase SasA
IFOHMJLD_01607	gene	138				
IFOHMJLD_01607	CDS	138				hypothetical protein
IFOHMJLD_01608	gene	1386				
IFOHMJLD_01608	CDS	1386				hypothetical protein
IFOHMJLD_01609	gene	345				
IFOHMJLD_01609	CDS	345				hypothetical protein
IFOHMJLD_01610	gene	672				
IFOHMJLD_01610	CDS	672				hypothetical protein
IFOHMJLD_01611	gene	300				
IFOHMJLD_01611	CDS	300				hypothetical protein
IFOHMJLD_01612	gene	1281				
IFOHMJLD_01612	CDS	1281				hypothetical protein
IFOHMJLD_01613	gene	1179				
IFOHMJLD_01613	CDS	1179				hypothetical protein
IFOHMJLD_01614	gene	3042				
IFOHMJLD_01614	CDS	3042				hypothetical protein
IFOHMJLD_01615	gene	1092	mnmA_2			
IFOHMJLD_01615	CDS	1092	mnmA_2	2.8.1.13	COG0482	tRNA-specific 2-thiouridylase MnmA
IFOHMJLD_01616	gene	1512				
IFOHMJLD_01616	CDS	1512				hypothetical protein
IFOHMJLD_01617	gene	1011	pfp_2			
IFOHMJLD_01617	CDS	1011	pfp_2	2.7.1.90		Pyrophosphate--fructose 6-phosphate 1-phosphotransferase
IFOHMJLD_01618	gene	873	rnc			
IFOHMJLD_01618	CDS	873	rnc	3.1.26.3		Ribonuclease 3
IFOHMJLD_01619	gene	1263	fabF			
IFOHMJLD_01619	CDS	1263	fabF	2.3.1.179	COG0304	3-oxoacyl-[acyl-carrier-protein] synthase 2
IFOHMJLD_01620	gene	237	acpP			
IFOHMJLD_01620	CDS	237	acpP			Acyl carrier protein
IFOHMJLD_01621	gene	576	purN			
IFOHMJLD_01621	CDS	576	purN	2.1.2.2		Phosphoribosylglycinamide formyltransferase
IFOHMJLD_01622	gene	1044	pdxB			
IFOHMJLD_01622	CDS	1044	pdxB	1.1.1.290		Erythronate-4-phosphate dehydrogenase
IFOHMJLD_01623	gene	771				
IFOHMJLD_01623	CDS	771				hypothetical protein
IFOHMJLD_01624	gene	1455				
IFOHMJLD_01624	CDS	1455				hypothetical protein
IFOHMJLD_01625	gene	882				
IFOHMJLD_01625	CDS	882				hypothetical protein
IFOHMJLD_01626	gene	900	wbgN_2			
IFOHMJLD_01626	CDS	900	wbgN_2	2.4.1.341		Alpha-1,2-colitosyltransferase
IFOHMJLD_01627	gene	1020				
IFOHMJLD_01627	CDS	1020				hypothetical protein
IFOHMJLD_01628	gene	915	gspA_2			
IFOHMJLD_01628	CDS	915	gspA_2		COG1442	General stress protein A
IFOHMJLD_01629	gene	999	arnC_1			
IFOHMJLD_01629	CDS	999	arnC_1	2.4.2.53		Undecaprenyl-phosphate 4-deoxy-4-formamido-L-arabinose transferase
IFOHMJLD_01630	gene	1236	gtfA_2			
IFOHMJLD_01630	CDS	1236	gtfA_2	2.4.1.-		UDP-N-acetylglucosamine--peptide N-acetylglucosaminyltransferase GtfA subunit
IFOHMJLD_01631	gene	999				
IFOHMJLD_01631	CDS	999				hypothetical protein
IFOHMJLD_01632	gene	1836	msbA			
IFOHMJLD_01632	CDS	1836	msbA	7.5.2.6	COG1132	ATP-dependent lipid A-core flippase
IFOHMJLD_01633	gene	636	rnhA			
IFOHMJLD_01633	CDS	636	rnhA	3.1.26.4	COG0328	Ribonuclease H
IFOHMJLD_01634	gene	603				
IFOHMJLD_01634	CDS	603				hypothetical protein
IFOHMJLD_01635	gene	540	aroK			
IFOHMJLD_01635	CDS	540	aroK	2.7.1.71	COG0703	Shikimate kinase
IFOHMJLD_01636	gene	2499				
IFOHMJLD_01636	CDS	2499				hypothetical protein
IFOHMJLD_01637	gene	1767	htpG_2			
IFOHMJLD_01637	CDS	1767	htpG_2			Chaperone protein HtpG
IFOHMJLD_01638	gene	1080				
IFOHMJLD_01638	CDS	1080				hypothetical protein
IFOHMJLD_01639	gene	1893	speA			
IFOHMJLD_01639	CDS	1893	speA	4.1.1.19	COG1166	Biosynthetic arginine decarboxylase
IFOHMJLD_01640	gene	774	argB			
IFOHMJLD_01640	CDS	774	argB	2.7.2.8	COG0548	Acetylglutamate kinase
IFOHMJLD_01641	gene	510	sigE			
IFOHMJLD_01641	CDS	510	sigE			ECF RNA polymerase sigma factor SigE
IFOHMJLD_01642	gene	516				
IFOHMJLD_01642	CDS	516				hypothetical protein
IFOHMJLD_01643	gene	477				
IFOHMJLD_01643	CDS	477				hypothetical protein
IFOHMJLD_01644	gene	780				
IFOHMJLD_01644	CDS	780				hypothetical protein
IFOHMJLD_01645	gene	735				
IFOHMJLD_01645	CDS	735				hypothetical protein
IFOHMJLD_01646	gene	699				
IFOHMJLD_01646	CDS	699				hypothetical protein
IFOHMJLD_01647	gene	399				
IFOHMJLD_01647	CDS	399				hypothetical protein
IFOHMJLD_01648	gene	981				
IFOHMJLD_01648	CDS	981				hypothetical protein
IFOHMJLD_01649	gene	1773	fucI			
IFOHMJLD_01649	CDS	1773	fucI	5.3.1.25	COG2407	L-fucose isomerase
IFOHMJLD_01650	gene	1155	fucO			
IFOHMJLD_01650	CDS	1155	fucO	1.1.1.77	COG1454	Lactaldehyde reductase
IFOHMJLD_01651	gene	639	otnC			
IFOHMJLD_01651	CDS	639	otnC	4.1.1.104	COG0235	3-oxo-tetronate 4-phosphate decarboxylase
IFOHMJLD_01652	gene	1413	rhaB			
IFOHMJLD_01652	CDS	1413	rhaB	2.7.1.5	COG1070	L-Rhamnulokinase
IFOHMJLD_01653	gene	1332	fucP_2			
IFOHMJLD_01653	CDS	1332	fucP_2		COG0738	L-fucose-proton symporter
IFOHMJLD_01654	gene	1104				
IFOHMJLD_01654	CDS	1104				hypothetical protein
IFOHMJLD_01655	gene	1152				
IFOHMJLD_01655	CDS	1152				hypothetical protein
IFOHMJLD_01656	gene	1215				
IFOHMJLD_01656	CDS	1215				hypothetical protein
IFOHMJLD_01657	gene	468	rimP			
IFOHMJLD_01657	CDS	468	rimP			Ribosome maturation factor RimP
IFOHMJLD_01658	gene	1263	nusA			
IFOHMJLD_01658	CDS	1263	nusA		COG0195	Transcription termination/antitermination protein NusA
IFOHMJLD_01659	gene	3051	lepA_1			
IFOHMJLD_01659	CDS	3051	lepA_1			Elongation factor 4
IFOHMJLD_01660	gene	504				
IFOHMJLD_01660	CDS	504				hypothetical protein
IFOHMJLD_01661	gene	1455	sufB			
IFOHMJLD_01661	CDS	1455	sufB		COG0719	Iron-sulfur cluster assembly protein SufB
IFOHMJLD_01662	gene	747				
IFOHMJLD_01662	CDS	747				hypothetical protein
IFOHMJLD_01663	gene	753	sufC			
IFOHMJLD_01663	CDS	753	sufC		COG0396	putative ATP-dependent transporter SufC
IFOHMJLD_01664	gene	1356	sufD			
IFOHMJLD_01664	CDS	1356	sufD		COG0719	Iron-sulfur cluster assembly protein SufD
IFOHMJLD_01665	gene	1212	cyd			
IFOHMJLD_01665	CDS	1212	cyd	2.8.1.7	COG0520	Cysteine desulfurase
IFOHMJLD_01666	gene	321				
IFOHMJLD_01666	CDS	321				hypothetical protein
IFOHMJLD_01667	gene	1590				
IFOHMJLD_01667	CDS	1590				hypothetical protein
IFOHMJLD_01668	gene	1845				
IFOHMJLD_01668	CDS	1845				hypothetical protein
IFOHMJLD_01669	gene	3399				
IFOHMJLD_01669	CDS	3399			COG1629	TonB-dependent receptor P26
IFOHMJLD_01670	gene	1149				
IFOHMJLD_01670	CDS	1149				hypothetical protein
IFOHMJLD_01671	gene	543	sigW_2			
IFOHMJLD_01671	CDS	543	sigW_2		COG1595	ECF RNA polymerase sigma factor SigW
IFOHMJLD_01672	gene	2358	agaA			
IFOHMJLD_01672	CDS	2358	agaA	3.2.1.22		Alpha-galactosidase AgaA
IFOHMJLD_01673	gene	555				
IFOHMJLD_01673	CDS	555				hypothetical protein
IFOHMJLD_01674	gene	2205	hppA1			
IFOHMJLD_01674	CDS	2205	hppA1	7.2.3.1	COG3808	Putative K(+)-stimulated pyrophosphate-energized sodium pump 1
IFOHMJLD_01675	gene	606	rnhB			
IFOHMJLD_01675	CDS	606	rnhB	3.1.26.4	COG0164	Ribonuclease HII
IFOHMJLD_01676	gene	969	corA_1			
IFOHMJLD_01676	CDS	969	corA_1		COG0598	Cobalt/magnesium transport protein CorA
IFOHMJLD_01677	gene	1515	gpmI_1			
IFOHMJLD_01677	CDS	1515	gpmI_1	5.4.2.12	COG0696	2,3-bisphosphoglycerate-independent phosphoglycerate mutase
IFOHMJLD_01678	gene	582				
IFOHMJLD_01678	CDS	582				hypothetical protein
IFOHMJLD_01679	gene	2967				
IFOHMJLD_01679	CDS	2967				hypothetical protein
IFOHMJLD_01680	gene	1959	gyrB_1			
IFOHMJLD_01680	CDS	1959	gyrB_1	5.6.2.2	COG0187	DNA gyrase subunit B
IFOHMJLD_01681	gene	255	rpsT			
IFOHMJLD_01681	CDS	255	rpsT		COG0268	Small ribosomal subunit protein bS20
IFOHMJLD_01682	gene	73				
IFOHMJLD_01682	tRNA	73				tRNA-Glu(ttc)
IFOHMJLD_01683	gene	729	recO			
IFOHMJLD_01683	CDS	729	recO			DNA repair protein RecO
IFOHMJLD_01684	gene	450	yqeY			
IFOHMJLD_01684	CDS	450	yqeY		COG1610	putative protein YqeY
IFOHMJLD_01685	gene	1311	ftsZ			
IFOHMJLD_01685	CDS	1311	ftsZ			Cell division protein FtsZ
IFOHMJLD_01686	gene	1431	ftsA			
IFOHMJLD_01686	CDS	1431	ftsA			Cell division protein FtsA
IFOHMJLD_01687	gene	741				
IFOHMJLD_01687	CDS	741				hypothetical protein
IFOHMJLD_01688	gene	1395	murC			
IFOHMJLD_01688	CDS	1395	murC	6.3.2.8	COG0773	UDP-N-acetylmuramate--L-alanine ligase
IFOHMJLD_01689	gene	1143	murG			
IFOHMJLD_01689	CDS	1143	murG	2.4.1.227	COG0707	UDP-N-acetylglucosamine--N-acetylmuramyl-(pentapeptide) pyrophosphoryl-undecaprenol N-acetylglucosamine transferase
IFOHMJLD_01690	gene	1296	mrdB_1			
IFOHMJLD_01690	CDS	1296	mrdB_1	2.4.99.28		Peptidoglycan glycosyltransferase MrdB
IFOHMJLD_01691	gene	1335	murD			
IFOHMJLD_01691	CDS	1335	murD	6.3.2.9		UDP-N-acetylmuramoylalanine--D-glutamate ligase
IFOHMJLD_01692	gene	1269	mraY			
IFOHMJLD_01692	CDS	1269	mraY	2.7.8.13	COG0472	Phospho-N-acetylmuramoyl-pentapeptide-transferase
IFOHMJLD_01693	gene	1458	murE			
IFOHMJLD_01693	CDS	1458	murE	6.3.2.13		UDP-N-acetylmuramoyl-L-alanyl-D-glutamate--2,6-diaminopimelate ligase
IFOHMJLD_01694	gene	2124	ftsI			
IFOHMJLD_01694	CDS	2124	ftsI	3.4.16.4		Peptidoglycan D,D-transpeptidase FtsI
IFOHMJLD_01695	gene	342				
IFOHMJLD_01695	CDS	342				hypothetical protein
IFOHMJLD_01696	gene	915	rsmH			
IFOHMJLD_01696	CDS	915	rsmH	2.1.1.199	COG0275	Ribosomal RNA small subunit methyltransferase H
IFOHMJLD_01697	gene	453	mraZ			
IFOHMJLD_01697	CDS	453	mraZ		COG2001	Transcriptional regulator MraZ
IFOHMJLD_01698	gene	501				
IFOHMJLD_01698	CDS	501				hypothetical protein
IFOHMJLD_01699	gene	204				
IFOHMJLD_01699	CDS	204				hypothetical protein
IFOHMJLD_01700	gene	390				
IFOHMJLD_01700	CDS	390				hypothetical protein
IFOHMJLD_01701	gene	1050				
IFOHMJLD_01701	CDS	1050				hypothetical protein
IFOHMJLD_01702	gene	546				
IFOHMJLD_01702	CDS	546				hypothetical protein
IFOHMJLD_01703	gene	507	ecfG_3			
IFOHMJLD_01703	CDS	507	ecfG_3			ECF RNA polymerase sigma factor EcfG
IFOHMJLD_01704	gene	441				
IFOHMJLD_01704	CDS	441				hypothetical protein
IFOHMJLD_01705	gene	2160	btuB_6			
IFOHMJLD_01705	CDS	2160	btuB_6			Vitamin B12 transporter BtuB
IFOHMJLD_01706	gene	489				
IFOHMJLD_01706	CDS	489				hypothetical protein
IFOHMJLD_01707	gene	819	glsA			
IFOHMJLD_01707	CDS	819	glsA	2.3.1.-	COG0204	Lyso-glycine lipid O-acyltransferase
IFOHMJLD_01708	gene	1014	glsB			
IFOHMJLD_01708	CDS	1014	glsB	2.3.2.-	COG3176	Glycine N(alpha)-acyltransferase
IFOHMJLD_01709	gene	1326	dgt			
IFOHMJLD_01709	CDS	1326	dgt	3.1.5.1		Deoxyguanosinetriphosphate triphosphohydrolase
IFOHMJLD_01710	gene	435	dut			
IFOHMJLD_01710	CDS	435	dut	3.6.1.23	COG0756	Deoxyuridine 5'-triphosphate nucleotidohydrolase
IFOHMJLD_01711	gene	1758	bepA_2			
IFOHMJLD_01711	CDS	1758	bepA_2	3.4.-.-		Beta-barrel assembly-enhancing protease
IFOHMJLD_01712	gene	588				
IFOHMJLD_01712	CDS	588				hypothetical protein
IFOHMJLD_01713	gene	1314				
IFOHMJLD_01713	CDS	1314				hypothetical protein
IFOHMJLD_01714	gene	3990	rcsC_12			
IFOHMJLD_01714	CDS	3990	rcsC_12	2.7.13.3		Sensor histidine kinase RcsC
IFOHMJLD_01715	gene	1077				
IFOHMJLD_01715	CDS	1077		3.2.1.55	COG3940	Extracellular exo-alpha-(1->5)-L-arabinofuranosidase
IFOHMJLD_01716	gene	1020				
IFOHMJLD_01716	CDS	1020				hypothetical protein
IFOHMJLD_01717	gene	1761	uidA			
IFOHMJLD_01717	CDS	1761	uidA	3.2.1.31	COG3250	Beta-glucuronidase
IFOHMJLD_01718	gene	2037				
IFOHMJLD_01718	CDS	2037				hypothetical protein
IFOHMJLD_01719	gene	2064				
IFOHMJLD_01719	CDS	2064				hypothetical protein
IFOHMJLD_01720	gene	1107				
IFOHMJLD_01720	CDS	1107		3.2.1.55	COG3940	Extracellular exo-alpha-(1->5)-L-arabinofuranosidase
IFOHMJLD_01721	gene	1815	lacZ_7			
IFOHMJLD_01721	CDS	1815	lacZ_7	3.2.1.23		Beta-galactosidase
IFOHMJLD_01722	gene	2508				
IFOHMJLD_01722	CDS	2508				hypothetical protein
IFOHMJLD_01723	gene	3618				
IFOHMJLD_01723	CDS	3618				hypothetical protein
IFOHMJLD_01724	gene	3201				
IFOHMJLD_01724	CDS	3201			COG4771	TonB-dependent receptor P3
IFOHMJLD_01725	gene	1848				
IFOHMJLD_01725	CDS	1848				hypothetical protein
IFOHMJLD_01726	gene	693				
IFOHMJLD_01726	CDS	693				hypothetical protein
IFOHMJLD_01727	gene	426				
IFOHMJLD_01727	CDS	426				hypothetical protein
IFOHMJLD_01728	gene	978	arbA			
IFOHMJLD_01728	CDS	978	arbA	3.2.1.55	COG3507	Extracellular exo-alpha-(1->5)-L-arabinofuranosidase ArbA
IFOHMJLD_01729	gene	1119				
IFOHMJLD_01729	CDS	1119				hypothetical protein
IFOHMJLD_01730	gene	2163				
IFOHMJLD_01730	CDS	2163				hypothetical protein
IFOHMJLD_01731	gene	2481				
IFOHMJLD_01731	CDS	2481				hypothetical protein
IFOHMJLD_01732	gene	2286				
IFOHMJLD_01732	CDS	2286				hypothetical protein
IFOHMJLD_01733	gene	1467				
IFOHMJLD_01733	CDS	1467				hypothetical protein
IFOHMJLD_01734	gene	1137	mro_2			
IFOHMJLD_01734	CDS	1137	mro_2	5.1.3.3		Aldose 1-epimerase
IFOHMJLD_01735	gene	969				
IFOHMJLD_01735	CDS	969				hypothetical protein
IFOHMJLD_01736	gene	1047				
IFOHMJLD_01736	CDS	1047				hypothetical protein
IFOHMJLD_01737	gene	1380				
IFOHMJLD_01737	CDS	1380				hypothetical protein
IFOHMJLD_01738	gene	978				
IFOHMJLD_01738	CDS	978				hypothetical protein
IFOHMJLD_01739	gene	2088	hypBA1			
IFOHMJLD_01739	CDS	2088	hypBA1	3.2.1.185		Non-reducing end beta-L-arabinofuranosidase
IFOHMJLD_01740	gene	2400				
IFOHMJLD_01740	CDS	2400				hypothetical protein
IFOHMJLD_01741	gene	789				
IFOHMJLD_01741	CDS	789				hypothetical protein
IFOHMJLD_01742	gene	456	ygfA			
IFOHMJLD_01742	CDS	456	ygfA	6.3.3.2	COG0212	5-formyltetrahydrofolate cyclo-ligase
IFOHMJLD_01743	gene	1728				
IFOHMJLD_01743	CDS	1728				hypothetical protein
IFOHMJLD_01744	gene	438	tadA_1			
IFOHMJLD_01744	CDS	438	tadA_1	3.5.4.33		tRNA-specific adenosine deaminase
IFOHMJLD_01745	gene	498				
IFOHMJLD_01745	CDS	498				hypothetical protein
IFOHMJLD_01746	gene	2076	prlC			
IFOHMJLD_01746	CDS	2076	prlC	3.4.24.70		Oligopeptidase A
IFOHMJLD_01747	gene	1002	gapA			
IFOHMJLD_01747	CDS	1002	gapA	1.2.1.12	COG0057	Glyceraldehyde-3-phosphate dehydrogenase A
IFOHMJLD_01748	gene	441	mscL_1			
IFOHMJLD_01748	CDS	441	mscL_1		COG1970	Large-conductance mechanosensitive channel
IFOHMJLD_01749	gene	1524	guaA			
IFOHMJLD_01749	CDS	1524	guaA	6.3.5.2		GMP synthase [glutamine-hydrolyzing]
IFOHMJLD_01750	gene	2052				
IFOHMJLD_01750	CDS	2052				hypothetical protein
IFOHMJLD_01751	gene	3267	susC_7			
IFOHMJLD_01751	CDS	3267	susC_7		COG1629	TonB-dependent receptor SusC
IFOHMJLD_01752	gene	2004				
IFOHMJLD_01752	CDS	2004				hypothetical protein
IFOHMJLD_01753	gene	3264				
IFOHMJLD_01753	CDS	3264			COG4771	TonB-dependent receptor P3
IFOHMJLD_01754	gene	147				
IFOHMJLD_01754	CDS	147				hypothetical protein
IFOHMJLD_01755	gene	150				
IFOHMJLD_01755	CDS	150				hypothetical protein
IFOHMJLD_01756	gene	858	fabI			
IFOHMJLD_01756	CDS	858	fabI	1.3.1.9	COG0623	Enoyl-[acyl-carrier-protein] reductase [NADH] FabI
IFOHMJLD_01757	gene	1014				
IFOHMJLD_01757	CDS	1014				hypothetical protein
IFOHMJLD_01758	gene	705	rsmI_1			
IFOHMJLD_01758	CDS	705	rsmI_1	2.1.1.198	COG0313	Ribosomal RNA small subunit methyltransferase I
IFOHMJLD_01759	gene	1119				
IFOHMJLD_01759	CDS	1119				hypothetical protein
IFOHMJLD_01760	gene	867	lipA			
IFOHMJLD_01760	CDS	867	lipA	2.8.1.8	COG0320	Lipoyl synthase
IFOHMJLD_01761	gene	2211	dap4			
IFOHMJLD_01761	CDS	2211	dap4	3.4.14.5		Dipeptidyl aminopeptidase 4
IFOHMJLD_01762	gene	729				
IFOHMJLD_01762	CDS	729				hypothetical protein
IFOHMJLD_01763	gene	843				
IFOHMJLD_01763	CDS	843				hypothetical protein
IFOHMJLD_01764	gene	936				
IFOHMJLD_01764	CDS	936				hypothetical protein
IFOHMJLD_01765	gene	1200	norV			
IFOHMJLD_01765	CDS	1200	norV		COG0426	Anaerobic nitric oxide reductase flavorubredoxin
IFOHMJLD_01766	gene	813	nagB_2			
IFOHMJLD_01766	CDS	813	nagB_2	3.5.99.6		Glucosamine-6-phosphate deaminase
IFOHMJLD_01767	gene	426				
IFOHMJLD_01767	CDS	426				hypothetical protein
IFOHMJLD_01768	gene	615	yciO			
IFOHMJLD_01768	CDS	615	yciO		COG0009	putative protein YciO
IFOHMJLD_01769	gene	2514				
IFOHMJLD_01769	CDS	2514				hypothetical protein
IFOHMJLD_01770	gene	2001	recD2_1			
IFOHMJLD_01770	CDS	2001	recD2_1	5.6.2.3		ATP-dependent RecD2 DNA helicase
IFOHMJLD_01771	gene	786				
IFOHMJLD_01771	CDS	786				Putative bifunctional phosphatase/peptidyl-prolyl cis-trans isomerase
IFOHMJLD_01772	gene	1185	patB_2			
IFOHMJLD_01772	CDS	1185	patB_2	4.4.1.13	COG1168	Cystathionine beta-lyase PatB
IFOHMJLD_01773	gene	1236				
IFOHMJLD_01773	CDS	1236		2.5.1.-	COG2873	O-acetyl-L-homoserine sulfhydrylase
IFOHMJLD_01774	gene	585	sigM			
IFOHMJLD_01774	CDS	585	sigM		COG1595	ECF RNA polymerase sigma factor SigM
IFOHMJLD_01775	gene	1107				
IFOHMJLD_01775	CDS	1107				hypothetical protein
IFOHMJLD_01776	gene	444				
IFOHMJLD_01776	CDS	444				hypothetical protein
IFOHMJLD_01777	gene	744				
IFOHMJLD_01777	CDS	744				hypothetical protein
IFOHMJLD_01778	gene	597				
IFOHMJLD_01778	CDS	597				hypothetical protein
IFOHMJLD_01779	gene	693				
IFOHMJLD_01779	CDS	693				hypothetical protein
IFOHMJLD_01780	gene	1941				
IFOHMJLD_01780	CDS	1941				hypothetical protein
IFOHMJLD_01781	gene	1263	mshA_3			
IFOHMJLD_01781	CDS	1263	mshA_3	2.4.1.250		D-inositol-3-phosphate glycosyltransferase
IFOHMJLD_01782	gene	1389				
IFOHMJLD_01782	CDS	1389				hypothetical protein
IFOHMJLD_01783	gene	1488				
IFOHMJLD_01783	CDS	1488				hypothetical protein
IFOHMJLD_01784	gene	825	glgA			
IFOHMJLD_01784	CDS	825	glgA	2.4.1.21	COG0297	Glycogen synthase
IFOHMJLD_01785	gene	849	panC			
IFOHMJLD_01785	CDS	849	panC	6.3.2.1	COG0414	Pantothenate synthetase
IFOHMJLD_01786	gene	354	panD			
IFOHMJLD_01786	CDS	354	panD	4.1.1.11	COG0853	Aspartate 1-decarboxylase
IFOHMJLD_01787	gene	2289	pyrK_2			
IFOHMJLD_01787	CDS	2289	pyrK_2			Dihydroorotate dehydrogenase B (NAD(+)), electron transfer subunit
IFOHMJLD_01788	gene	1212	fucP_3			
IFOHMJLD_01788	CDS	1212	fucP_3		COG0738	L-fucose-proton symporter
IFOHMJLD_01789	gene	1275	serS			
IFOHMJLD_01789	CDS	1275	serS	6.1.1.11	COG0172	Serine--tRNA ligase
IFOHMJLD_01790	gene	270	rpmA			
IFOHMJLD_01790	CDS	270	rpmA			Large ribosomal subunit protein bL27
IFOHMJLD_01791	gene	318	rplU			
IFOHMJLD_01791	CDS	318	rplU			Large ribosomal subunit protein bL21
IFOHMJLD_01792	gene	687	indB			
IFOHMJLD_01792	CDS	687	indB	3.-.-.-	COG0546	putative phosphatase IndB
IFOHMJLD_01793	gene	516				
IFOHMJLD_01793	CDS	516				hypothetical protein
IFOHMJLD_01794	gene	705	lnrL			
IFOHMJLD_01794	CDS	705	lnrL	7.6.2.-	COG1131	Linearmycin resistance ATP-binding protein LnrL
IFOHMJLD_01795	gene	1482				
IFOHMJLD_01795	CDS	1482				hypothetical protein
IFOHMJLD_01796	gene	2820	pqqL			
IFOHMJLD_01796	CDS	2820	pqqL	3.4.24.-	COG0612	putative zinc protease PqqL
IFOHMJLD_01797	gene	804	kdsA_1			
IFOHMJLD_01797	CDS	804	kdsA_1	2.5.1.55	COG2877	2-dehydro-3-deoxyphosphooctonate aldolase
IFOHMJLD_01798	gene	927	dagK_2			
IFOHMJLD_01798	CDS	927	dagK_2	2.7.1.107	COG1597	Diacylglycerol kinase
IFOHMJLD_01799	gene	921	miaA_1			
IFOHMJLD_01799	CDS	921	miaA_1	2.5.1.75	COG0324	tRNA dimethylallyltransferase
IFOHMJLD_01800	gene	1206				
IFOHMJLD_01800	CDS	1206				hypothetical protein
IFOHMJLD_01801	gene	681	ytrE			
IFOHMJLD_01801	CDS	681	ytrE		COG1136	ABC transporter ATP-binding protein YtrE
IFOHMJLD_01802	gene	1554				
IFOHMJLD_01802	CDS	1554				hypothetical protein
IFOHMJLD_01803	gene	690	rsmE			
IFOHMJLD_01803	CDS	690	rsmE	2.1.1.193	COG1385	Ribosomal RNA small subunit methyltransferase E
IFOHMJLD_01804	gene	570				
IFOHMJLD_01804	CDS	570			COG1259	putative protein
IFOHMJLD_01805	gene	1233	xapB			
IFOHMJLD_01805	CDS	1233	xapB		COG2211	Xanthosine permease
IFOHMJLD_01806	gene	1179	rlmI			
IFOHMJLD_01806	CDS	1179	rlmI	2.1.1.191	COG1092	Ribosomal RNA large subunit methyltransferase I
IFOHMJLD_01807	gene	648	rnd			
IFOHMJLD_01807	CDS	648	rnd	3.1.13.5		Ribonuclease D
IFOHMJLD_01808	gene	636				
IFOHMJLD_01808	CDS	636				hypothetical protein
IFOHMJLD_01809	gene	2490				
IFOHMJLD_01809	CDS	2490				hypothetical protein
IFOHMJLD_01810	gene	642				
IFOHMJLD_01810	CDS	642				hypothetical protein
IFOHMJLD_01811	gene	948	trxB			
IFOHMJLD_01811	CDS	948	trxB	1.8.1.9	COG0492	Thioredoxin reductase
IFOHMJLD_01812	gene	2445				
IFOHMJLD_01812	CDS	2445				hypothetical protein
IFOHMJLD_01813	gene	702	crp			
IFOHMJLD_01813	CDS	702	crp			CRP-like cAMP-activated global transcriptional regulator
IFOHMJLD_01814	gene	2190	glnA_2			
IFOHMJLD_01814	CDS	2190	glnA_2	6.3.1.2		Glutamine synthetase
IFOHMJLD_01815	gene	114				
IFOHMJLD_01815	CDS	114				hypothetical protein
IFOHMJLD_01816	gene	2220				
IFOHMJLD_01816	CDS	2220				hypothetical protein
IFOHMJLD_01817	gene	147				
IFOHMJLD_01817	CDS	147				hypothetical protein
IFOHMJLD_01818	gene	1116				
IFOHMJLD_01818	CDS	1116				hypothetical protein
IFOHMJLD_01819	gene	1794	rpsA			
IFOHMJLD_01819	CDS	1794	rpsA			Small ribosomal subunit protein bS1
IFOHMJLD_01820	gene	915	rnz			
IFOHMJLD_01820	CDS	915	rnz	3.1.26.11	COG1234	Ribonuclease Z
IFOHMJLD_01821	gene	552	sigW_3			
IFOHMJLD_01821	CDS	552	sigW_3		COG1595	ECF RNA polymerase sigma factor SigW
IFOHMJLD_01822	gene	414				
IFOHMJLD_01822	CDS	414				hypothetical protein
IFOHMJLD_01823	gene	453				
IFOHMJLD_01823	CDS	453				hypothetical protein
IFOHMJLD_01824	gene	786	mazG			
IFOHMJLD_01824	CDS	786	mazG	3.6.1.8	COG3956	Nucleoside triphosphate pyrophosphohydrolase
IFOHMJLD_01825	gene	1065				
IFOHMJLD_01825	CDS	1065				hypothetical protein
IFOHMJLD_01826	gene	2631	valS			
IFOHMJLD_01826	CDS	2631	valS	6.1.1.9		Valine--tRNA ligase
IFOHMJLD_01827	gene	1887	rcsC_13			
IFOHMJLD_01827	CDS	1887	rcsC_13	2.7.13.3		Sensor histidine kinase RcsC
IFOHMJLD_01828	gene	582	rpoE_2			
IFOHMJLD_01828	CDS	582	rpoE_2		COG1595	ECF RNA polymerase sigma factor RpoE
IFOHMJLD_01829	gene	1023				
IFOHMJLD_01829	CDS	1023				hypothetical protein
IFOHMJLD_01830	gene	3303				
IFOHMJLD_01830	CDS	3303				hypothetical protein
IFOHMJLD_01831	gene	1521				
IFOHMJLD_01831	CDS	1521				hypothetical protein
IFOHMJLD_01832	gene	1032				
IFOHMJLD_01832	CDS	1032				hypothetical protein
IFOHMJLD_01833	gene	1074				
IFOHMJLD_01833	CDS	1074				hypothetical protein
IFOHMJLD_01834	gene	576	algU_1			
IFOHMJLD_01834	CDS	576	algU_1			RNA polymerase sigma-H factor
IFOHMJLD_01835	gene	1008				
IFOHMJLD_01835	CDS	1008				hypothetical protein
IFOHMJLD_01836	gene	3381				
IFOHMJLD_01836	CDS	3381			COG4771	TonB-dependent receptor P3
IFOHMJLD_01837	gene	1641				
IFOHMJLD_01837	CDS	1641			COG0702	SusD-like protein P2
IFOHMJLD_01838	gene	1566				
IFOHMJLD_01838	CDS	1566		3.1.6.-	COG3119	N-acetylgalactosamine-6-O-sulfatase
IFOHMJLD_01839	gene	1560				
IFOHMJLD_01839	CDS	1560		3.1.6.-	COG3119	N-acetylgalactosamine-6-O-sulfatase
IFOHMJLD_01840	gene	447				
IFOHMJLD_01840	CDS	447				hypothetical protein
IFOHMJLD_01841	gene	1101				
IFOHMJLD_01841	CDS	1101				hypothetical protein
IFOHMJLD_01842	gene	3330	secA			
IFOHMJLD_01842	CDS	3330	secA	7.4.2.8		Protein translocase subunit SecA
IFOHMJLD_01843	gene	1575	pafA			
IFOHMJLD_01843	CDS	1575	pafA	3.1.3.1	COG1524	Alkaline phosphatase PafA
IFOHMJLD_01844	gene	1206				
IFOHMJLD_01844	CDS	1206				hypothetical protein
IFOHMJLD_01845	gene	669	coaX			
IFOHMJLD_01845	CDS	669	coaX	2.7.1.33	COG1521	Type III pantothenate kinase
IFOHMJLD_01846	gene	1275				
IFOHMJLD_01846	CDS	1275				hypothetical protein
IFOHMJLD_01847	gene	1326				
IFOHMJLD_01847	CDS	1326				hypothetical protein
IFOHMJLD_01848	gene	618				
IFOHMJLD_01848	CDS	618				hypothetical protein
IFOHMJLD_01849	gene	1257				
IFOHMJLD_01849	CDS	1257				hypothetical protein
IFOHMJLD_01850	gene	2139				
IFOHMJLD_01850	CDS	2139				hypothetical protein
IFOHMJLD_01851	gene	1035	rlmN			
IFOHMJLD_01851	CDS	1035	rlmN	2.1.1.192	COG0820	Dual-specificity RNA methyltransferase RlmN
IFOHMJLD_01852	gene	1047				
IFOHMJLD_01852	CDS	1047				hypothetical protein
IFOHMJLD_01853	gene	1098	pdxA2			
IFOHMJLD_01853	CDS	1098	pdxA2	1.1.1.408	COG1995	D-threonate 4-phosphate dehydrogenase
IFOHMJLD_01854	gene	1227	fleQ			
IFOHMJLD_01854	CDS	1227	fleQ			Transcriptional regulator FleQ
IFOHMJLD_01855	gene	501				
IFOHMJLD_01855	CDS	501				hypothetical protein
IFOHMJLD_01856	gene	765				
IFOHMJLD_01856	CDS	765				hypothetical protein
IFOHMJLD_01857	gene	381				
IFOHMJLD_01857	CDS	381				hypothetical protein
IFOHMJLD_01858	gene	1389				
IFOHMJLD_01858	CDS	1389				hypothetical protein
IFOHMJLD_01859	gene	354	pqqD			
IFOHMJLD_01859	CDS	354	pqqD			PqqA binding protein
IFOHMJLD_01860	gene	1056				
IFOHMJLD_01860	CDS	1056				hypothetical protein
IFOHMJLD_01861	gene	1512	nnr			
IFOHMJLD_01861	CDS	1512	nnr		COG0062	Bifunctional NAD(P)H-hydrate repair enzyme Nnr
IFOHMJLD_01862	gene	1341				
IFOHMJLD_01862	CDS	1341				hypothetical protein
IFOHMJLD_01863	gene	636	ubiE_1			
IFOHMJLD_01863	CDS	636	ubiE_1	2.1.1.163		Ubiquinone/menaquinone biosynthesis C-methyltransferase UbiE
IFOHMJLD_01864	gene	180				
IFOHMJLD_01864	CDS	180				hypothetical protein
IFOHMJLD_01865	gene	519	rfaH_3			
IFOHMJLD_01865	CDS	519	rfaH_3			Transcription antitermination protein RfaH
IFOHMJLD_01866	gene	399				
IFOHMJLD_01866	CDS	399				hypothetical protein
IFOHMJLD_01867	gene	1518				
IFOHMJLD_01867	CDS	1518				hypothetical protein
IFOHMJLD_01868	gene	474	mch			
IFOHMJLD_01868	CDS	474	mch	4.2.1.148	COG2030	Mesaconyl-CoA hydratase
IFOHMJLD_01869	gene	885	citE			
IFOHMJLD_01869	CDS	885	citE	4.1.3.6		Citrate lyase subunit beta
IFOHMJLD_01870	gene	918				
IFOHMJLD_01870	CDS	918				hypothetical protein
IFOHMJLD_01871	gene	549	dapH_2			
IFOHMJLD_01871	CDS	549	dapH_2	2.3.1.89		2,3,4,5-tetrahydropyridine-2,6-dicarboxylate N-acetyltransferase
IFOHMJLD_01872	gene	1221				
IFOHMJLD_01872	CDS	1221				hypothetical protein
IFOHMJLD_01873	gene	951				
IFOHMJLD_01873	CDS	951				hypothetical protein
IFOHMJLD_01874	gene	1278	wbpO			
IFOHMJLD_01874	CDS	1278	wbpO	1.1.1.136		UDP-N-acetyl-D-glucosamine 6-dehydrogenase
IFOHMJLD_01875	gene	1116				
IFOHMJLD_01875	CDS	1116				hypothetical protein
IFOHMJLD_01876	gene	780				
IFOHMJLD_01876	CDS	780				hypothetical protein
IFOHMJLD_01877	gene	1224	mshA_4			
IFOHMJLD_01877	CDS	1224	mshA_4	2.4.1.250		D-inositol-3-phosphate glycosyltransferase
IFOHMJLD_01878	gene	765				
IFOHMJLD_01878	CDS	765				hypothetical protein
IFOHMJLD_01879	gene	1020	hldD_2			
IFOHMJLD_01879	CDS	1020	hldD_2	5.1.3.20		ADP-L-glycero-D-manno-heptose-6-epimerase
IFOHMJLD_01880	gene	957	tagO_1			
IFOHMJLD_01880	CDS	957	tagO_1	2.7.8.33	COG0472	putative undecaprenyl-phosphate N-acetylglucosaminyl 1-phosphate transferase
IFOHMJLD_01881	gene	1515				
IFOHMJLD_01881	CDS	1515				hypothetical protein
IFOHMJLD_01882	gene	654				
IFOHMJLD_01882	CDS	654				hypothetical protein
IFOHMJLD_01883	gene	2064	cirA_2			
IFOHMJLD_01883	CDS	2064	cirA_2		COG4771	Colicin I receptor
IFOHMJLD_01884	gene	537	hpt			
IFOHMJLD_01884	CDS	537	hpt	2.4.2.8		Hypoxanthine phosphoribosyltransferase
IFOHMJLD_01885	gene	570	adk1			
IFOHMJLD_01885	CDS	570	adk1	2.7.4.3	COG0563	Adenylate kinase 1
IFOHMJLD_01886	gene	1218	obg			
IFOHMJLD_01886	CDS	1218	obg	3.6.5.-		GTPase Obg
IFOHMJLD_01887	gene	813				
IFOHMJLD_01887	CDS	813		2.4.2.1	COG1496	Purine nucleoside phosphorylase
IFOHMJLD_01888	gene	666				
IFOHMJLD_01888	CDS	666				hypothetical protein
IFOHMJLD_01889	gene	732				
IFOHMJLD_01889	CDS	732				hypothetical protein
IFOHMJLD_01890	gene	1146				
IFOHMJLD_01890	CDS	1146				hypothetical protein
IFOHMJLD_01891	gene	1155	pgl_2			
IFOHMJLD_01891	CDS	1155	pgl_2	3.1.1.31	COG2706	6-phosphogluconolactonase
IFOHMJLD_01892	gene	396	ssrA			
IFOHMJLD_01892	tmRNA	396	ssrA			transfer-messenger RNA, SsrA
IFOHMJLD_01893	gene	2688				
IFOHMJLD_01893	CDS	2688				hypothetical protein
IFOHMJLD_01894	gene	1017	rhaR_3			
IFOHMJLD_01894	CDS	1017	rhaR_3			HTH-type transcriptional activator RhaR
IFOHMJLD_01895	gene	1095	dinB			
IFOHMJLD_01895	CDS	1095	dinB	2.7.7.7	COG0389	DNA polymerase IV
IFOHMJLD_01896	gene	429				
IFOHMJLD_01896	CDS	429				hypothetical protein
IFOHMJLD_01897	gene	2679				
IFOHMJLD_01897	CDS	2679				hypothetical protein
IFOHMJLD_01898	gene	1596				
IFOHMJLD_01898	CDS	1596				hypothetical protein
IFOHMJLD_01899	gene	135				
IFOHMJLD_01899	CDS	135				hypothetical protein
IFOHMJLD_01900	gene	384				
IFOHMJLD_01900	CDS	384				hypothetical protein
IFOHMJLD_01901	gene	441				
IFOHMJLD_01901	CDS	441				hypothetical protein
IFOHMJLD_01902	gene	1215	madB			
IFOHMJLD_01902	CDS	1215	madB	7.2.4.1		Carboxybiotin decarboxylase
IFOHMJLD_01903	gene	876	rhaR_4			
IFOHMJLD_01903	CDS	876	rhaR_4			HTH-type transcriptional activator RhaR
IFOHMJLD_01904	gene	420				
IFOHMJLD_01904	CDS	420				hypothetical protein
IFOHMJLD_01905	gene	2859				
IFOHMJLD_01905	CDS	2859				hypothetical protein
IFOHMJLD_01906	gene	900				
IFOHMJLD_01906	CDS	900				hypothetical protein
IFOHMJLD_01907	gene	1620				
IFOHMJLD_01907	CDS	1620				hypothetical protein
IFOHMJLD_01908	gene	3033				
IFOHMJLD_01908	CDS	3033				hypothetical protein
IFOHMJLD_01909	gene	1995				
IFOHMJLD_01909	CDS	1995				hypothetical protein
IFOHMJLD_01910	gene	3867				
IFOHMJLD_01910	CDS	3867				hypothetical protein
IFOHMJLD_01911	gene	1890				
IFOHMJLD_01911	CDS	1890				hypothetical protein
IFOHMJLD_01912	gene	600				
IFOHMJLD_01912	CDS	600				hypothetical protein
IFOHMJLD_01913	gene	729	scdA			
IFOHMJLD_01913	CDS	729	scdA		COG2846	Iron-sulfur cluster repair protein ScdA
IFOHMJLD_01914	gene	168				
IFOHMJLD_01914	CDS	168				hypothetical protein
IFOHMJLD_01915	gene	465	htdZ			
IFOHMJLD_01915	CDS	465	htdZ	4.2.1.-	COG2030	3-hydroxyacyl-thioester dehydratase Z
IFOHMJLD_01916	gene	396				
IFOHMJLD_01916	CDS	396				hypothetical protein
IFOHMJLD_01917	gene	861				
IFOHMJLD_01917	CDS	861				hypothetical protein
IFOHMJLD_01918	gene	1170				
IFOHMJLD_01918	CDS	1170				hypothetical protein
IFOHMJLD_01919	gene	1290	eno			
IFOHMJLD_01919	CDS	1290	eno	4.2.1.11	COG0148	Enolase
IFOHMJLD_01920	gene	666				
IFOHMJLD_01920	CDS	666				hypothetical protein
IFOHMJLD_01921	gene	387	fluC			
IFOHMJLD_01921	CDS	387	fluC			Fluoride-specific ion channel FluC
IFOHMJLD_01922	gene	2160	susB_1			
IFOHMJLD_01922	CDS	2160	susB_1	3.2.1.3	COG1082	Glucan 1,4-alpha-glucosidase SusB
IFOHMJLD_01923	gene	360				
IFOHMJLD_01923	CDS	360				hypothetical protein
IFOHMJLD_01924	gene	1578				
IFOHMJLD_01924	CDS	1578				hypothetical protein
IFOHMJLD_01925	gene	780				
IFOHMJLD_01925	CDS	780				hypothetical protein
IFOHMJLD_01926	gene	426	rqcP			
IFOHMJLD_01926	CDS	426	rqcP			RQC P-site tRNA stabilizing factor
IFOHMJLD_01927	gene	564	pth			
IFOHMJLD_01927	CDS	564	pth	3.1.1.29	COG0193	Peptidyl-tRNA hydrolase
IFOHMJLD_01928	gene	591	rplY			
IFOHMJLD_01928	CDS	591	rplY			Large ribosomal subunit protein bL25
IFOHMJLD_01929	gene	387				
IFOHMJLD_01929	CDS	387				hypothetical protein
IFOHMJLD_01930	gene	990	nusB			
IFOHMJLD_01930	CDS	990	nusB			Transcription antitermination protein NusB
IFOHMJLD_01931	gene	327				
IFOHMJLD_01931	CDS	327				hypothetical protein
IFOHMJLD_01932	gene	1014				
IFOHMJLD_01932	CDS	1014				hypothetical protein
IFOHMJLD_01933	gene	618	coaE			
IFOHMJLD_01933	CDS	618	coaE	2.7.1.24	COG0237	Dephospho-CoA kinase
IFOHMJLD_01934	gene	417				
IFOHMJLD_01934	CDS	417				hypothetical protein
IFOHMJLD_01935	gene	2589	clpB1			
IFOHMJLD_01935	CDS	2589	clpB1		COG0542	Chaperone protein ClpB 1
IFOHMJLD_01936	gene	582				
IFOHMJLD_01936	CDS	582				hypothetical protein
IFOHMJLD_01937	gene	897	cysL			
IFOHMJLD_01937	CDS	897	cysL		COG0583	HTH-type transcriptional regulator CysL
IFOHMJLD_01938	gene	993				
IFOHMJLD_01938	CDS	993				hypothetical protein
IFOHMJLD_01939	gene	684				
IFOHMJLD_01939	CDS	684				hypothetical protein
IFOHMJLD_01940	gene	528				
IFOHMJLD_01940	CDS	528				hypothetical protein
IFOHMJLD_01941	gene	516	sigJ			
IFOHMJLD_01941	CDS	516	sigJ		COG1595	ECF RNA polymerase sigma factor SigJ
IFOHMJLD_01942	gene	225				
IFOHMJLD_01942	CDS	225				hypothetical protein
IFOHMJLD_01943	gene	1044	recA			
IFOHMJLD_01943	CDS	1044	recA		COG0468	Protein RecA
IFOHMJLD_01944	gene	519	bcp			
IFOHMJLD_01944	CDS	519	bcp	1.11.1.24	COG1225	Putative peroxiredoxin bcp
IFOHMJLD_01945	gene	1194				
IFOHMJLD_01945	CDS	1194		1.5.1.55	COG1748	Carboxyaminopropylagmatine dehydrogenase
IFOHMJLD_01946	gene	1251				
IFOHMJLD_01946	CDS	1251				hypothetical protein
IFOHMJLD_01947	gene	792				
IFOHMJLD_01947	CDS	792				hypothetical protein
IFOHMJLD_01948	gene	1002	hmuU_1			
IFOHMJLD_01948	CDS	1002	hmuU_1		COG0609	Hemin transport system permease protein HmuU
IFOHMJLD_01949	gene	1143				
IFOHMJLD_01949	CDS	1143				hypothetical protein
IFOHMJLD_01950	gene	114				
IFOHMJLD_01950	CDS	114				hypothetical protein
IFOHMJLD_01951	gene	2163				
IFOHMJLD_01951	CDS	2163				hypothetical protein
IFOHMJLD_01952	gene	525				
IFOHMJLD_01952	CDS	525				hypothetical protein
IFOHMJLD_01953	gene	1920	dnaK_1			
IFOHMJLD_01953	CDS	1920	dnaK_1		COG0443	Chaperone protein DnaK
IFOHMJLD_01954	gene	546				
IFOHMJLD_01954	CDS	546				hypothetical protein
IFOHMJLD_01955	gene	1263	xerC_12			
IFOHMJLD_01955	CDS	1263	xerC_12			Tyrosine recombinase XerC
IFOHMJLD_01956	gene	354				
IFOHMJLD_01956	CDS	354				hypothetical protein
IFOHMJLD_01957	gene	597				
IFOHMJLD_01957	CDS	597				hypothetical protein
IFOHMJLD_01958	gene	1803				
IFOHMJLD_01958	CDS	1803				hypothetical protein
IFOHMJLD_01959	gene	369				
IFOHMJLD_01959	CDS	369				hypothetical protein
IFOHMJLD_01960	gene	900				
IFOHMJLD_01960	CDS	900				hypothetical protein
IFOHMJLD_01961	gene	648				
IFOHMJLD_01961	CDS	648				hypothetical protein
IFOHMJLD_01962	gene	654	hin_1			
IFOHMJLD_01962	CDS	654	hin_1			DNA-invertase hin
IFOHMJLD_01963	gene	1257				
IFOHMJLD_01963	CDS	1257				hypothetical protein
IFOHMJLD_01964	gene	648				
IFOHMJLD_01964	CDS	648				hypothetical protein
IFOHMJLD_01965	gene	3000				
IFOHMJLD_01965	CDS	3000				hypothetical protein
IFOHMJLD_01966	gene	3474	rapA			
IFOHMJLD_01966	CDS	3474	rapA	3.6.4.-		RNA polymerase-associated protein RapA
IFOHMJLD_01967	gene	705				
IFOHMJLD_01967	CDS	705				hypothetical protein
IFOHMJLD_01968	gene	1542				
IFOHMJLD_01968	CDS	1542				hypothetical protein
IFOHMJLD_01969	gene	1572	clcA			
IFOHMJLD_01969	CDS	1572	clcA			H(+)/Cl(-) exchange transporter ClcA
IFOHMJLD_01970	gene	837	nfo			
IFOHMJLD_01970	CDS	837	nfo	3.1.21.2	COG0648	Endonuclease 4
IFOHMJLD_01971	gene	1368	trpB			
IFOHMJLD_01971	CDS	1368	trpB	4.2.1.20	COG0133	Tryptophan synthase beta chain
IFOHMJLD_01972	gene	1836				
IFOHMJLD_01972	CDS	1836				hypothetical protein
IFOHMJLD_01973	gene	687	ktrA			
IFOHMJLD_01973	CDS	687	ktrA		COG0569	Ktr system potassium uptake protein A
IFOHMJLD_01974	gene	1461	katA			
IFOHMJLD_01974	CDS	1461	katA	1.11.1.6		Catalase
IFOHMJLD_01975	gene	180				
IFOHMJLD_01975	CDS	180				hypothetical protein
IFOHMJLD_01976	gene	2538				
IFOHMJLD_01976	CDS	2538				hypothetical protein
IFOHMJLD_01977	gene	669				
IFOHMJLD_01977	CDS	669				hypothetical protein
IFOHMJLD_01978	gene	993	xynD			
IFOHMJLD_01978	CDS	993	xynD	3.2.1.55	COG3507	Arabinoxylan arabinofuranohydrolase
IFOHMJLD_01979	gene	966				
IFOHMJLD_01979	CDS	966				hypothetical protein
IFOHMJLD_01980	gene	3387				
IFOHMJLD_01980	CDS	3387				hypothetical protein
IFOHMJLD_01981	gene	1524				
IFOHMJLD_01981	CDS	1524				hypothetical protein
IFOHMJLD_01982	gene	987				
IFOHMJLD_01982	CDS	987				hypothetical protein
IFOHMJLD_01983	gene	99				
IFOHMJLD_01983	CDS	99				hypothetical protein
IFOHMJLD_01984	gene	1008				
IFOHMJLD_01984	CDS	1008				hypothetical protein
IFOHMJLD_01985	gene	1551	ahpF			
IFOHMJLD_01985	CDS	1551	ahpF	1.8.1.-		Alkyl hydroperoxide reductase subunit F
IFOHMJLD_01986	gene	567	ahpC_2			
IFOHMJLD_01986	CDS	567	ahpC_2	1.11.1.26		Alkyl hydroperoxide reductase C
IFOHMJLD_01987	gene	468				
IFOHMJLD_01987	CDS	468				hypothetical protein
IFOHMJLD_01988	gene	555				
IFOHMJLD_01988	CDS	555				hypothetical protein
IFOHMJLD_01989	gene	444				
IFOHMJLD_01989	CDS	444				hypothetical protein
IFOHMJLD_01990	gene	501				
IFOHMJLD_01990	CDS	501				hypothetical protein
IFOHMJLD_01991	gene	1209	tdcG			
IFOHMJLD_01991	CDS	1209	tdcG	4.3.1.17	COG1760	L-serine dehydratase TdcG
IFOHMJLD_01992	gene	1062	corA_2			
IFOHMJLD_01992	CDS	1062	corA_2		COG0598	Cobalt/magnesium transport protein CorA
IFOHMJLD_01993	gene	2499	mutS2			
IFOHMJLD_01993	CDS	2499	mutS2	3.1.-.-		Endonuclease MutS2
IFOHMJLD_01994	gene	86				
IFOHMJLD_01994	tRNA	86				tRNA-Ser(tga)
IFOHMJLD_01995	gene	240				
IFOHMJLD_01995	CDS	240				hypothetical protein
IFOHMJLD_01996	gene	396				
IFOHMJLD_01996	CDS	396				hypothetical protein
IFOHMJLD_01997	gene	324				
IFOHMJLD_01997	CDS	324				hypothetical protein
IFOHMJLD_01998	gene	450				
IFOHMJLD_01998	CDS	450				hypothetical protein
IFOHMJLD_01999	gene	288				
IFOHMJLD_01999	CDS	288				hypothetical protein
IFOHMJLD_02000	gene	306				
IFOHMJLD_02000	CDS	306				hypothetical protein
IFOHMJLD_02001	gene	303				
IFOHMJLD_02001	CDS	303				hypothetical protein
IFOHMJLD_02002	gene	294				
IFOHMJLD_02002	CDS	294				hypothetical protein
IFOHMJLD_02003	gene	747				
IFOHMJLD_02003	CDS	747				hypothetical protein
IFOHMJLD_02004	gene	1314	xerC_13			
IFOHMJLD_02004	CDS	1314	xerC_13			Tyrosine recombinase XerC
IFOHMJLD_02005	gene	1233	xerC_14			
IFOHMJLD_02005	CDS	1233	xerC_14			Tyrosine recombinase XerC
IFOHMJLD_02006	gene	2622				
IFOHMJLD_02006	CDS	2622				hypothetical protein
IFOHMJLD_02007	gene	3186				
IFOHMJLD_02007	CDS	3186			COG4771	TonB-dependent receptor P3
IFOHMJLD_02008	gene	1683				
IFOHMJLD_02008	CDS	1683				hypothetical protein
IFOHMJLD_02009	gene	954				
IFOHMJLD_02009	CDS	954				hypothetical protein
IFOHMJLD_02010	gene	1452				
IFOHMJLD_02010	CDS	1452				hypothetical protein
IFOHMJLD_02011	gene	3654	lacZ_8			
IFOHMJLD_02011	CDS	3654	lacZ_8	3.2.1.23	COG3250	Beta-galactosidase
IFOHMJLD_02012	gene	153				
IFOHMJLD_02012	CDS	153				hypothetical protein
IFOHMJLD_02013	gene	1251	aroA			
IFOHMJLD_02013	CDS	1251	aroA	2.5.1.19	COG0128	3-phosphoshikimate 1-carboxyvinyltransferase
IFOHMJLD_02014	gene	876				
IFOHMJLD_02014	CDS	876				hypothetical protein
IFOHMJLD_02015	gene	1170	rcsC_14			
IFOHMJLD_02015	CDS	1170	rcsC_14	2.7.13.3		Sensor histidine kinase RcsC
IFOHMJLD_02016	gene	1962				
IFOHMJLD_02016	CDS	1962		3.2.1.52	COG3525	Beta-hexosaminidase
IFOHMJLD_02017	gene	1320				
IFOHMJLD_02017	CDS	1320				hypothetical protein
IFOHMJLD_02018	gene	1035	emrA_3			
IFOHMJLD_02018	CDS	1035	emrA_3			Colistin resistance protein EmrA
IFOHMJLD_02019	gene	1581				
IFOHMJLD_02019	CDS	1581				hypothetical protein
IFOHMJLD_02020	gene	1089	wecH_1			
IFOHMJLD_02020	CDS	1089	wecH_1	2.3.1.-		O-acetyltransferase WecH
IFOHMJLD_02021	gene	75				
IFOHMJLD_02021	tRNA	75				tRNA-Pro(ggg)
IFOHMJLD_02022	gene	1062	aroB			
IFOHMJLD_02022	CDS	1062	aroB	4.2.3.4	COG0337	3-dehydroquinate synthase
IFOHMJLD_02023	gene	405				
IFOHMJLD_02023	CDS	405				hypothetical protein
IFOHMJLD_02024	gene	2892				
IFOHMJLD_02024	CDS	2892				hypothetical protein
IFOHMJLD_02025	gene	1440	clsA_1			
IFOHMJLD_02025	CDS	1440	clsA_1	2.7.8.-	COG1502	Major cardiolipin synthase ClsA
IFOHMJLD_02026	gene	492				
IFOHMJLD_02026	CDS	492		2.1.1.-	COG0742	RNA/DNA methyltransferase
IFOHMJLD_02027	gene	795				
IFOHMJLD_02027	CDS	795				hypothetical protein
IFOHMJLD_02028	gene	684				
IFOHMJLD_02028	CDS	684				hypothetical protein
IFOHMJLD_02029	gene	1419	recD2_2			
IFOHMJLD_02029	CDS	1419	recD2_2	5.6.2.3		ATP-dependent RecD2 DNA helicase
IFOHMJLD_02030	gene	1734				
IFOHMJLD_02030	CDS	1734				hypothetical protein
IFOHMJLD_02031	gene	3417				
IFOHMJLD_02031	CDS	3417			COG4771	TonB-dependent receptor P3
IFOHMJLD_02032	gene	2226				
IFOHMJLD_02032	CDS	2226				hypothetical protein
IFOHMJLD_02033	gene	2268				
IFOHMJLD_02033	CDS	2268				hypothetical protein
IFOHMJLD_02034	gene	999				
IFOHMJLD_02034	CDS	999				hypothetical protein
IFOHMJLD_02035	gene	555	sigW_4			
IFOHMJLD_02035	CDS	555	sigW_4		COG1595	ECF RNA polymerase sigma factor SigW
IFOHMJLD_02036	gene	2202				
IFOHMJLD_02036	CDS	2202				hypothetical protein
IFOHMJLD_02037	gene	1194	bcr			
IFOHMJLD_02037	CDS	1194	bcr		COG2814	Bicyclomycin resistance protein
IFOHMJLD_02038	gene	855				
IFOHMJLD_02038	CDS	855				hypothetical protein
IFOHMJLD_02039	gene	2619	alaS			
IFOHMJLD_02039	CDS	2619	alaS	6.1.1.7	COG0013	Alanine--tRNA ligase
IFOHMJLD_02040	gene	969				
IFOHMJLD_02040	CDS	969				hypothetical protein
IFOHMJLD_02041	gene	366				
IFOHMJLD_02041	CDS	366				hypothetical protein
IFOHMJLD_02042	gene	2247	spoT			
IFOHMJLD_02042	CDS	2247	spoT	3.1.7.2	COG0317	Guanosine-3',5'-bis(diphosphate) 3'-pyrophosphohydrolase
IFOHMJLD_02043	gene	1299				
IFOHMJLD_02043	CDS	1299				hypothetical protein
IFOHMJLD_02044	gene	870				
IFOHMJLD_02044	CDS	870				hypothetical protein
IFOHMJLD_02045	gene	891	parB			
IFOHMJLD_02045	CDS	891	parB		COG1475	putative chromosome-partitioning protein ParB
IFOHMJLD_02046	gene	768	soj_2			
IFOHMJLD_02046	CDS	768	soj_2	3.6.4.-	COG1192	Sporulation initiation inhibitor protein Soj
IFOHMJLD_02047	gene	768	surE			
IFOHMJLD_02047	CDS	768	surE	3.1.3.5	COG0496	5'-nucleotidase SurE
IFOHMJLD_02048	gene	1134	lpxB			
IFOHMJLD_02048	CDS	1134	lpxB	2.4.1.182	COG0763	Lipid-A-disaccharide synthase
IFOHMJLD_02049	gene	741				
IFOHMJLD_02049	CDS	741				hypothetical protein
IFOHMJLD_02050	gene	840				
IFOHMJLD_02050	CDS	840				hypothetical protein
IFOHMJLD_02051	gene	1989	ftsH			
IFOHMJLD_02051	CDS	1989	ftsH	3.4.24.-	COG0465	ATP-dependent zinc metalloprotease FtsH
IFOHMJLD_02052	gene	360	rsfS			
IFOHMJLD_02052	CDS	360	rsfS		COG0799	Ribosomal silencing factor RsfS
IFOHMJLD_02053	gene	72				
IFOHMJLD_02053	tRNA	72				tRNA-Gln(ctg)
IFOHMJLD_02054	gene	1851				
IFOHMJLD_02054	CDS	1851				hypothetical protein
IFOHMJLD_02055	gene	1341	mgtE			
IFOHMJLD_02055	CDS	1341	mgtE		COG2239	Magnesium transporter MgtE
IFOHMJLD_02056	gene	843	rsmA			
IFOHMJLD_02056	CDS	843	rsmA	2.1.1.182	COG0030	Ribosomal RNA small subunit methyltransferase A
IFOHMJLD_02057	gene	1002				
IFOHMJLD_02057	CDS	1002				hypothetical protein
IFOHMJLD_02058	gene	1458	pepD_2			
IFOHMJLD_02058	CDS	1458	pepD_2	3.4.13.18	COG2195	Cytosol non-specific dipeptidase
IFOHMJLD_02059	gene	1683				
IFOHMJLD_02059	CDS	1683				hypothetical protein
IFOHMJLD_02060	gene	1152				
IFOHMJLD_02060	CDS	1152				hypothetical protein
IFOHMJLD_02061	gene	2751				
IFOHMJLD_02061	CDS	2751				hypothetical protein
IFOHMJLD_02062	gene	741				
IFOHMJLD_02062	CDS	741				hypothetical protein
IFOHMJLD_02063	gene	5781				
IFOHMJLD_02063	CDS	5781				hypothetical protein
IFOHMJLD_02064	gene	1089				
IFOHMJLD_02064	CDS	1089				hypothetical protein
IFOHMJLD_02065	gene	1092				
IFOHMJLD_02065	CDS	1092		3.6.-.-	COG1703	putative GTPase
IFOHMJLD_02066	gene	942				
IFOHMJLD_02066	CDS	942				hypothetical protein
IFOHMJLD_02067	gene	828				
IFOHMJLD_02067	CDS	828				hypothetical protein
IFOHMJLD_02068	gene	1017				
IFOHMJLD_02068	CDS	1017				hypothetical protein
IFOHMJLD_02069	gene	1248	ybdG_2			
IFOHMJLD_02069	CDS	1248	ybdG_2		COG0668	Mechanosensing system component YbdG
IFOHMJLD_02070	gene	894	rhaS_3			
IFOHMJLD_02070	CDS	894	rhaS_3			HTH-type transcriptional activator RhaS
IFOHMJLD_02071	gene	873				
IFOHMJLD_02071	CDS	873				hypothetical protein
IFOHMJLD_02072	gene	348				
IFOHMJLD_02072	CDS	348				hypothetical protein
IFOHMJLD_02073	gene	369				
IFOHMJLD_02073	CDS	369				hypothetical protein
IFOHMJLD_02074	gene	537	rfaH_4			
IFOHMJLD_02074	CDS	537	rfaH_4			Transcription antitermination protein RfaH
IFOHMJLD_02075	gene	489				
IFOHMJLD_02075	CDS	489				hypothetical protein
IFOHMJLD_02076	gene	882	rmlA			
IFOHMJLD_02076	CDS	882	rmlA	2.7.7.24		Glucose-1-phosphate thymidylyltransferase
IFOHMJLD_02077	gene	414	fdtA_3			
IFOHMJLD_02077	CDS	414	fdtA_3	5.3.2.3		TDP-4-oxo-6-deoxy-alpha-D-glucose-3,4-oxoisomerase
IFOHMJLD_02078	gene	411	fdtA_4			
IFOHMJLD_02078	CDS	411	fdtA_4	5.3.2.3		TDP-4-oxo-6-deoxy-alpha-D-glucose-3,4-oxoisomerase
IFOHMJLD_02079	gene	1101	megDII			
IFOHMJLD_02079	CDS	1101	megDII	2.6.1.106		dTDP-3-amino-3,4,6-trideoxy-alpha-D-glucose transaminase
IFOHMJLD_02080	gene	1512				
IFOHMJLD_02080	CDS	1512				hypothetical protein
IFOHMJLD_02081	gene	1323	fom1			
IFOHMJLD_02081	CDS	1323	fom1			Fosfomycin biosynthesis bifunctional protein Fom1
IFOHMJLD_02082	gene	1146	bcpC			
IFOHMJLD_02082	CDS	1146	bcpC	4.1.1.82		Phosphonopyruvate decarboxylase
IFOHMJLD_02083	gene	1140				
IFOHMJLD_02083	CDS	1140				hypothetical protein
IFOHMJLD_02084	gene	873				
IFOHMJLD_02084	CDS	873				hypothetical protein
IFOHMJLD_02085	gene	861	arnC_2			
IFOHMJLD_02085	CDS	861	arnC_2	2.4.2.53		Undecaprenyl-phosphate 4-deoxy-4-formamido-L-arabinose transferase
IFOHMJLD_02086	gene	1062				
IFOHMJLD_02086	CDS	1062				hypothetical protein
IFOHMJLD_02087	gene	936				
IFOHMJLD_02087	CDS	936				hypothetical protein
IFOHMJLD_02088	gene	1200				
IFOHMJLD_02088	CDS	1200				hypothetical protein
IFOHMJLD_02089	gene	1026				
IFOHMJLD_02089	CDS	1026				hypothetical protein
IFOHMJLD_02090	gene	1029	capD_3			
IFOHMJLD_02090	CDS	1029	capD_3	5.1.3.2	COG1086	UDP-glucose 4-epimerase
IFOHMJLD_02091	gene	1152	wbjC_2			
IFOHMJLD_02091	CDS	1152	wbjC_2	1.1.1.367		UDP-2-acetamido-2,6-beta-L-arabino-hexul-4-ose reductase
IFOHMJLD_02092	gene	1140	wbpI_4			
IFOHMJLD_02092	CDS	1140	wbpI_4	5.1.3.23		UDP-2,3-diacetamido-2,3-dideoxy-D-glucuronate 2-epimerase
IFOHMJLD_02093	gene	1221				
IFOHMJLD_02093	CDS	1221				hypothetical protein
IFOHMJLD_02094	gene	897	gnu_3			
IFOHMJLD_02094	CDS	897	gnu_3	5.1.3.26	COG0451	N-acetyl-alpha-D-glucosaminyl-diphospho-ditrans,octacis-undecaprenol 4-epimerase
IFOHMJLD_02095	gene	951	wecA_4			
IFOHMJLD_02095	CDS	951	wecA_4	2.7.8.33		Undecaprenyl-phosphate alpha-N-acetylglucosaminyl 1-phosphate transferase
IFOHMJLD_02096	gene	588				
IFOHMJLD_02096	CDS	588				hypothetical protein
IFOHMJLD_02097	gene	447				
IFOHMJLD_02097	CDS	447				hypothetical protein
IFOHMJLD_02098	gene	1548				
IFOHMJLD_02098	CDS	1548				hypothetical protein
IFOHMJLD_02099	gene	1035	gpr			
IFOHMJLD_02099	CDS	1035	gpr	1.1.1.-	COG0667	L-glyceraldehyde 3-phosphate reductase
IFOHMJLD_02100	gene	2169				
IFOHMJLD_02100	CDS	2169		3.2.1.-	COG1472	Beta-xylosidase
IFOHMJLD_02101	gene	3138				
IFOHMJLD_02101	CDS	3138			COG4771	TonB-dependent receptor P3
IFOHMJLD_02102	gene	1668				
IFOHMJLD_02102	CDS	1668				hypothetical protein
IFOHMJLD_02103	gene	1143				
IFOHMJLD_02103	CDS	1143				hypothetical protein
IFOHMJLD_02104	gene	1782				
IFOHMJLD_02104	CDS	1782				hypothetical protein
IFOHMJLD_02105	gene	1374				
IFOHMJLD_02105	CDS	1374				hypothetical protein
IFOHMJLD_02106	gene	1848				
IFOHMJLD_02106	CDS	1848				hypothetical protein
IFOHMJLD_02107	gene	1116				
IFOHMJLD_02107	CDS	1116		3.2.1.78		Mannan endo-1,4-beta-mannosidase
IFOHMJLD_02108	gene	1302				
IFOHMJLD_02108	CDS	1302				hypothetical protein
IFOHMJLD_02109	gene	2439				
IFOHMJLD_02109	CDS	2439		3.2.1.-	COG1472	Beta-xylosidase
IFOHMJLD_02110	gene	1254				
IFOHMJLD_02110	CDS	1254				hypothetical protein
IFOHMJLD_02111	gene	639	glmS			
IFOHMJLD_02111	CDS	639	glmS	5.4.99.1		Glutamate mutase sigma subunit
IFOHMJLD_02112	gene	693				
IFOHMJLD_02112	CDS	693				hypothetical protein
IFOHMJLD_02113	gene	1005	hemE			
IFOHMJLD_02113	CDS	1005	hemE	4.1.1.37		Uroporphyrinogen decarboxylase
IFOHMJLD_02114	gene	1125	manA_2			
IFOHMJLD_02114	CDS	1125	manA_2	3.2.1.78	COG4124	Mannan endo-1,4-beta-mannosidase
IFOHMJLD_02115	gene	1173				
IFOHMJLD_02115	CDS	1173		2.4.1.281	COG2152	4-O-beta-D-mannosyl-D-glucose phosphorylase
IFOHMJLD_02116	gene	1389	yagG			
IFOHMJLD_02116	CDS	1389	yagG		COG2211	Putative glycoside/cation symporter YagG
IFOHMJLD_02117	gene	1194	bfce_2			
IFOHMJLD_02117	CDS	1194	bfce_2	5.1.3.11	COG2942	Cellobiose 2-epimerase
IFOHMJLD_02118	gene	1764				
IFOHMJLD_02118	CDS	1764				hypothetical protein
IFOHMJLD_02119	gene	1461				
IFOHMJLD_02119	CDS	1461				hypothetical protein
IFOHMJLD_02120	gene	1131	rutC			
IFOHMJLD_02120	CDS	1131	rutC	3.5.-.-		3-aminoacrylate deaminase RutC
IFOHMJLD_02121	gene	135				
IFOHMJLD_02121	CDS	135				hypothetical protein
IFOHMJLD_02122	gene	1149				
IFOHMJLD_02122	CDS	1149				hypothetical protein
IFOHMJLD_02123	gene	1275				
IFOHMJLD_02123	CDS	1275				hypothetical protein
IFOHMJLD_02124	gene	2700				
IFOHMJLD_02124	CDS	2700				hypothetical protein
IFOHMJLD_02125	gene	2760	rcsC_15			
IFOHMJLD_02125	CDS	2760	rcsC_15	2.7.13.3		Sensor histidine kinase RcsC
IFOHMJLD_02126	gene	1437	ndhB			
IFOHMJLD_02126	CDS	1437	ndhB	7.1.1.-	COG1007	NAD(P)H-quinone oxidoreductase subunit 2
IFOHMJLD_02127	gene	1485	ndhD1			
IFOHMJLD_02127	CDS	1485	ndhD1	7.1.1.-	COG1008	NAD(P)H-quinone oxidoreductase chain 4 1
IFOHMJLD_02128	gene	1911	nuoL			
IFOHMJLD_02128	CDS	1911	nuoL	7.1.1.-	COG1009	NADH-quinone oxidoreductase subunit L
IFOHMJLD_02129	gene	312				
IFOHMJLD_02129	CDS	312		7.1.1.-		NADH-quinone oxidoreductase subunit 11
IFOHMJLD_02130	gene	513	nuoJ			
IFOHMJLD_02130	CDS	513	nuoJ	7.1.1.-	COG0839	NADH-quinone oxidoreductase subunit J
IFOHMJLD_02131	gene	480	nuoI			
IFOHMJLD_02131	CDS	480	nuoI	7.1.1.-	COG1143	NADH-quinone oxidoreductase subunit I
IFOHMJLD_02132	gene	1077	nuoH			
IFOHMJLD_02132	CDS	1077	nuoH	7.1.1.-	COG1005	NADH-quinone oxidoreductase subunit H
IFOHMJLD_02133	gene	1593	nuoC2			
IFOHMJLD_02133	CDS	1593	nuoC2	7.1.1.-	COG0649	NADH-quinone oxidoreductase subunit C/D 2
IFOHMJLD_02134	gene	582	nqo6			
IFOHMJLD_02134	CDS	582	nqo6	7.1.1.-	COG0377	NADH-quinone oxidoreductase subunit 6
IFOHMJLD_02135	gene	351	ndhC			
IFOHMJLD_02135	CDS	351	ndhC	7.1.1.-	COG0838	NAD(P)H-quinone oxidoreductase subunit 3
IFOHMJLD_02136	gene	378				
IFOHMJLD_02136	CDS	378				hypothetical protein
IFOHMJLD_02137	gene	1437	trkH			
IFOHMJLD_02137	CDS	1437	trkH		COG0168	Trk system potassium uptake protein TrkH
IFOHMJLD_02138	gene	1341	trkA			
IFOHMJLD_02138	CDS	1341	trkA		COG0569	Trk system potassium uptake protein TrkA
IFOHMJLD_02139	gene	1947	dxs_2			
IFOHMJLD_02139	CDS	1947	dxs_2	2.2.1.7	COG1154	1-deoxy-D-xylulose-5-phosphate synthase
IFOHMJLD_02140	gene	1341	estD			
IFOHMJLD_02140	CDS	1341	estD	3.1.1.1	COG1073	Esterase EstD
IFOHMJLD_02141	gene	303				
IFOHMJLD_02141	CDS	303				hypothetical protein
IFOHMJLD_02142	gene	1134				
IFOHMJLD_02142	CDS	1134				hypothetical protein
IFOHMJLD_02143	gene	648	gph			
IFOHMJLD_02143	CDS	648	gph	3.1.3.18	COG0546	Phosphoglycolate phosphatase
IFOHMJLD_02144	gene	1557				
IFOHMJLD_02144	CDS	1557		3.1.6.-	COG3119	N-acetylgalactosamine-6-O-sulfatase
IFOHMJLD_02145	gene	2079				
IFOHMJLD_02145	CDS	2079				hypothetical protein
IFOHMJLD_02146	gene	1383				
IFOHMJLD_02146	CDS	1383				hypothetical protein
IFOHMJLD_02147	gene	1446				
IFOHMJLD_02147	CDS	1446		3.1.6.-	COG3119	Endo-4-O-sulfatase
IFOHMJLD_02148	gene	1983				
IFOHMJLD_02148	CDS	1983				hypothetical protein
IFOHMJLD_02149	gene	3186				
IFOHMJLD_02149	CDS	3186			COG4771	TonB-dependent receptor P39
IFOHMJLD_02150	gene	4086	rcsC_16			
IFOHMJLD_02150	CDS	4086	rcsC_16	2.7.13.3		Sensor histidine kinase RcsC
IFOHMJLD_02151	gene	1497	exuT_2			
IFOHMJLD_02151	CDS	1497	exuT_2		COG2271	Hexuronate transporter
IFOHMJLD_02152	gene	1350				
IFOHMJLD_02152	CDS	1350				hypothetical protein
IFOHMJLD_02153	gene	1248				
IFOHMJLD_02153	CDS	1248				hypothetical protein
IFOHMJLD_02154	gene	3429				
IFOHMJLD_02154	CDS	3429				hypothetical protein
IFOHMJLD_02155	gene	801	tatC2			
IFOHMJLD_02155	CDS	801	tatC2		COG0805	Sec-independent protein translocase protein TatCy
IFOHMJLD_02156	gene	228	tatA			
IFOHMJLD_02156	CDS	228	tatA			Sec-independent protein translocase protein TatA
IFOHMJLD_02157	gene	2496				
IFOHMJLD_02157	CDS	2496		5.1.1.1		Alanine racemase
IFOHMJLD_02158	gene	987				
IFOHMJLD_02158	CDS	987				hypothetical protein
IFOHMJLD_02159	gene	366	mecI			
IFOHMJLD_02159	CDS	366	mecI			Methicillin resistance regulatory protein MecI
IFOHMJLD_02160	gene	1341				
IFOHMJLD_02160	CDS	1341				hypothetical protein
IFOHMJLD_02161	gene	114				
IFOHMJLD_02161	CDS	114				hypothetical protein
IFOHMJLD_02162	gene	2043				
IFOHMJLD_02162	CDS	2043				hypothetical protein
IFOHMJLD_02163	gene	1176				
IFOHMJLD_02163	CDS	1176				hypothetical protein
IFOHMJLD_02164	gene	312				
IFOHMJLD_02164	CDS	312				hypothetical protein
IFOHMJLD_02165	gene	1002	miaA_2			
IFOHMJLD_02165	CDS	1002	miaA_2	2.5.1.75	COG0324	tRNA dimethylallyltransferase
IFOHMJLD_02166	gene	669				
IFOHMJLD_02166	CDS	669				hypothetical protein
IFOHMJLD_02167	gene	768	lpxA_2			
IFOHMJLD_02167	CDS	768	lpxA_2	2.3.1.129	COG1043	Acyl-[acyl-carrier-protein]--UDP-N-acetylglucosamine O-acyltransferase
IFOHMJLD_02168	gene	1386	lpxC			
IFOHMJLD_02168	CDS	1386	lpxC	3.5.1.108		UDP-3-O-acyl-N-acetylglucosamine deacetylase
IFOHMJLD_02169	gene	1041	lpxD			
IFOHMJLD_02169	CDS	1041	lpxD	2.3.1.191		UDP-3-O-acylglucosamine N-acyltransferase
IFOHMJLD_02170	gene	1230				
IFOHMJLD_02170	CDS	1230				hypothetical protein
IFOHMJLD_02171	gene	825	pyrF			
IFOHMJLD_02171	CDS	825	pyrF	4.1.1.23	COG0284	Orotidine 5'-phosphate decarboxylase
IFOHMJLD_02172	gene	1113	prfA			
IFOHMJLD_02172	CDS	1113	prfA		COG0216	Peptide chain release factor RF1
IFOHMJLD_02173	gene	1167	purM			
IFOHMJLD_02173	CDS	1167	purM	6.3.3.1		Phosphoribosylformylglycinamidine cyclo-ligase
IFOHMJLD_02174	gene	186				
IFOHMJLD_02174	CDS	186				hypothetical protein
IFOHMJLD_02175	gene	129				
IFOHMJLD_02175	CDS	129				hypothetical protein
IFOHMJLD_02176	gene	582	lemA_2			
IFOHMJLD_02176	CDS	582	lemA_2		COG1704	Protein LemA
IFOHMJLD_02177	gene	924				
IFOHMJLD_02177	CDS	924				hypothetical protein
IFOHMJLD_02178	gene	951				
IFOHMJLD_02178	CDS	951				hypothetical protein
IFOHMJLD_02179	gene	744	aroE			
IFOHMJLD_02179	CDS	744	aroE	1.1.1.25	COG0169	Shikimate dehydrogenase (NADP(+))
IFOHMJLD_02180	gene	738	ubiE_2			
IFOHMJLD_02180	CDS	738	ubiE_2	2.1.1.163	COG2226	Ubiquinone/menaquinone biosynthesis C-methyltransferase UbiE
IFOHMJLD_02181	gene	942	purC			
IFOHMJLD_02181	CDS	942	purC	6.3.2.6	COG0152	Phosphoribosylaminoimidazole-succinocarboxamide synthase
IFOHMJLD_02182	gene	1014				
IFOHMJLD_02182	CDS	1014			COG1702	PhoH-like protein
IFOHMJLD_02183	gene	681				
IFOHMJLD_02183	CDS	681				hypothetical protein
IFOHMJLD_02184	gene	1638	floT			
IFOHMJLD_02184	CDS	1638	floT		COG2268	Flotillin-like protein FloT
IFOHMJLD_02185	gene	498				
IFOHMJLD_02185	CDS	498				hypothetical protein
IFOHMJLD_02186	gene	1788	glaB_1			
IFOHMJLD_02186	CDS	1788	glaB_1	3.2.1.-	COG5434	Alpha-1,3-galactosidase B
IFOHMJLD_02187	gene	1155				
IFOHMJLD_02187	CDS	1155				hypothetical protein
IFOHMJLD_02188	gene	759	truA			
IFOHMJLD_02188	CDS	759	truA	5.4.99.12	COG0101	tRNA pseudouridine synthase A
IFOHMJLD_02189	gene	900				
IFOHMJLD_02189	CDS	900				hypothetical protein
IFOHMJLD_02190	gene	654				
IFOHMJLD_02190	CDS	654				hypothetical protein
IFOHMJLD_02191	gene	1086	nahK			
IFOHMJLD_02191	CDS	1086	nahK	2.7.1.162		N-acetylhexosamine 1-kinase
IFOHMJLD_02192	gene	3336	lacZ_9			
IFOHMJLD_02192	CDS	3336	lacZ_9	3.2.1.23	COG3250	Beta-galactosidase
IFOHMJLD_02193	gene	813				
IFOHMJLD_02193	CDS	813				hypothetical protein
IFOHMJLD_02194	gene	1395				
IFOHMJLD_02194	CDS	1395		3.2.1.-	COG0673	Glycosyl hydrolase family 109 protein 1
IFOHMJLD_02195	gene	2268				
IFOHMJLD_02195	CDS	2268				hypothetical protein
IFOHMJLD_02196	gene	297				
IFOHMJLD_02196	CDS	297				hypothetical protein
IFOHMJLD_02197	gene	2772				
IFOHMJLD_02197	CDS	2772				hypothetical protein
IFOHMJLD_02198	gene	3294				
IFOHMJLD_02198	CDS	3294				hypothetical protein
IFOHMJLD_02199	gene	1380	xylE_2			
IFOHMJLD_02199	CDS	1380	xylE_2		COG0477	D-xylose-proton symporter
IFOHMJLD_02200	gene	897	btr_2			
IFOHMJLD_02200	CDS	897	btr_2		COG0614	HTH-type transcriptional activator Btr
IFOHMJLD_02201	gene	2652	xyl3A			
IFOHMJLD_02201	CDS	2652	xyl3A	3.2.1.37	COG1472	Xylan 1,4-beta-xylosidase
IFOHMJLD_02202	gene	1437				
IFOHMJLD_02202	CDS	1437				hypothetical protein
IFOHMJLD_02203	gene	1476				
IFOHMJLD_02203	CDS	1476				hypothetical protein
IFOHMJLD_02204	gene	1638				
IFOHMJLD_02204	CDS	1638			COG0702	SusD-like protein P2
IFOHMJLD_02205	gene	3075	susC_8			
IFOHMJLD_02205	CDS	3075	susC_8		COG1629	TonB-dependent receptor SusC
IFOHMJLD_02206	gene	873	nadK			
IFOHMJLD_02206	CDS	873	nadK	2.7.1.23		NAD kinase
IFOHMJLD_02207	gene	714	pdxJ			
IFOHMJLD_02207	CDS	714	pdxJ	2.6.99.2	COG0854	Pyridoxine 5'-phosphate synthase
IFOHMJLD_02208	gene	723	tolQ_1			
IFOHMJLD_02208	CDS	723	tolQ_1		COG0811	Tol-Pal system protein TolQ
IFOHMJLD_02209	gene	423	tolR_1			
IFOHMJLD_02209	CDS	423	tolR_1			Tol-Pal system protein TolR
IFOHMJLD_02210	gene	843				
IFOHMJLD_02210	CDS	843				hypothetical protein
IFOHMJLD_02211	gene	552	yajL			
IFOHMJLD_02211	CDS	552	yajL	3.1.2.-	COG0693	Protein/nucleic acid deglycase 3
IFOHMJLD_02212	gene	663	ispD			
IFOHMJLD_02212	CDS	663	ispD	2.7.7.60	COG1211	2-C-methyl-D-erythritol 4-phosphate cytidylyltransferase
IFOHMJLD_02213	gene	2097	recG			
IFOHMJLD_02213	CDS	2097	recG	5.6.2.4		ATP-dependent DNA helicase RecG
IFOHMJLD_02214	gene	462	ndk			
IFOHMJLD_02214	CDS	462	ndk	2.7.4.6	COG0105	Nucleoside diphosphate kinase
IFOHMJLD_02215	gene	855				
IFOHMJLD_02215	CDS	855				hypothetical protein
IFOHMJLD_02216	gene	543				
IFOHMJLD_02216	CDS	543				hypothetical protein
IFOHMJLD_02217	gene	1344				
IFOHMJLD_02217	CDS	1344				hypothetical protein
IFOHMJLD_02218	gene	756	tpiA			
IFOHMJLD_02218	CDS	756	tpiA	5.3.1.1	COG0149	Triosephosphate isomerase
IFOHMJLD_02219	gene	450				
IFOHMJLD_02219	CDS	450				hypothetical protein
IFOHMJLD_02220	gene	585	folE			
IFOHMJLD_02220	CDS	585	folE	3.5.4.16	COG0302	GTP cyclohydrolase 1
IFOHMJLD_02221	gene	573				
IFOHMJLD_02221	CDS	573				hypothetical protein
IFOHMJLD_02222	gene	936				
IFOHMJLD_02222	CDS	936				hypothetical protein
IFOHMJLD_02223	gene	3381				
IFOHMJLD_02223	CDS	3381			COG1629	TonB-dependent receptor P26
IFOHMJLD_02224	gene	1614				
IFOHMJLD_02224	CDS	1614			COG0702	SusD-like protein P2
IFOHMJLD_02225	gene	1527	atsA_4			
IFOHMJLD_02225	CDS	1527	atsA_4	3.1.6.1		Arylsulfatase
IFOHMJLD_02226	gene	2004	dnaG_2			
IFOHMJLD_02226	CDS	2004	dnaG_2	2.7.7.101		DNA primase
IFOHMJLD_02227	gene	774				
IFOHMJLD_02227	CDS	774				hypothetical protein
IFOHMJLD_02228	gene	1062	kdsA_2			
IFOHMJLD_02228	CDS	1062	kdsA_2	2.5.1.55		2-dehydro-3-deoxyphosphooctonate aldolase
IFOHMJLD_02229	gene	1185	dapL_2			
IFOHMJLD_02229	CDS	1185	dapL_2	2.6.1.83	COG0436	LL-diaminopimelate aminotransferase
IFOHMJLD_02230	gene	903	pheA			
IFOHMJLD_02230	CDS	903	pheA		COG0077	Bifunctional chorismate mutase/prephenate dehydratase
IFOHMJLD_02231	gene	723	lldR			
IFOHMJLD_02231	CDS	723	lldR		COG2186	Putative L-lactate dehydrogenase operon regulatory protein
IFOHMJLD_02232	gene	909	nanA_2			
IFOHMJLD_02232	CDS	909	nanA_2	4.1.3.3	COG0329	N-acetylneuraminate lyase
IFOHMJLD_02233	gene	3297				
IFOHMJLD_02233	CDS	3297			COG1629	TonB-dependent receptor P26
IFOHMJLD_02234	gene	1461				
IFOHMJLD_02234	CDS	1461			COG0702	SusD-like protein P38
IFOHMJLD_02235	gene	1101				
IFOHMJLD_02235	CDS	1101				hypothetical protein
IFOHMJLD_02236	gene	1659				
IFOHMJLD_02236	CDS	1659				hypothetical protein
IFOHMJLD_02237	gene	1236				
IFOHMJLD_02237	CDS	1236				hypothetical protein
IFOHMJLD_02238	gene	963	bepA_3			
IFOHMJLD_02238	CDS	963	bepA_3	3.4.-.-		Beta-barrel assembly-enhancing protease
IFOHMJLD_02239	gene	1905	cshA_2			
IFOHMJLD_02239	CDS	1905	cshA_2	3.6.4.13		DEAD-box ATP-dependent RNA helicase CshA
IFOHMJLD_02240	gene	1719	recJ			
IFOHMJLD_02240	CDS	1719	recJ	3.1.-.-	COG0608	Single-stranded-DNA-specific exonuclease RecJ
IFOHMJLD_02241	gene	573	tag			
IFOHMJLD_02241	CDS	573	tag	3.2.2.20	COG2818	DNA-3-methyladenine glycosylase 1
IFOHMJLD_02242	gene	834				
IFOHMJLD_02242	CDS	834				hypothetical protein
IFOHMJLD_02243	gene	348				
IFOHMJLD_02243	CDS	348				hypothetical protein
IFOHMJLD_02244	gene	432				
IFOHMJLD_02244	CDS	432				hypothetical protein
IFOHMJLD_02245	gene	486				
IFOHMJLD_02245	CDS	486				hypothetical protein
IFOHMJLD_02246	gene	621				
IFOHMJLD_02246	CDS	621				hypothetical protein
IFOHMJLD_02247	gene	633				
IFOHMJLD_02247	CDS	633		3.1.3.-	COG0637	Phosphorylated carbohydrates phosphatase
IFOHMJLD_02248	gene	717				
IFOHMJLD_02248	CDS	717				hypothetical protein
IFOHMJLD_02249	gene	732				
IFOHMJLD_02249	CDS	732				hypothetical protein
IFOHMJLD_02250	gene	324				
IFOHMJLD_02250	CDS	324				hypothetical protein
IFOHMJLD_02251	gene	1533				
IFOHMJLD_02251	CDS	1533				hypothetical protein
IFOHMJLD_02252	gene	852				
IFOHMJLD_02252	CDS	852				hypothetical protein
IFOHMJLD_02253	gene	1056				
IFOHMJLD_02253	CDS	1056				hypothetical protein
IFOHMJLD_02254	gene	501	dapH_3			
IFOHMJLD_02254	CDS	501	dapH_3	2.3.1.89		2,3,4,5-tetrahydropyridine-2,6-dicarboxylate N-acetyltransferase
IFOHMJLD_02255	gene	852	wbgN_3			
IFOHMJLD_02255	CDS	852	wbgN_3	2.4.1.341		Alpha-1,2-colitosyltransferase
IFOHMJLD_02256	gene	987				
IFOHMJLD_02256	CDS	987				hypothetical protein
IFOHMJLD_02257	gene	1086				
IFOHMJLD_02257	CDS	1086				hypothetical protein
IFOHMJLD_02258	gene	834				
IFOHMJLD_02258	CDS	834				hypothetical protein
IFOHMJLD_02259	gene	753	wfgD			
IFOHMJLD_02259	CDS	753	wfgD	2.4.1.305		UDP-Glc:alpha-D-GlcNAc-diphosphoundecaprenol beta-1,3-glucosyltransferase WfgD
IFOHMJLD_02260	gene	897	gnu_4			
IFOHMJLD_02260	CDS	897	gnu_4	5.1.3.26	COG0451	N-acetyl-alpha-D-glucosaminyl-diphospho-ditrans,octacis-undecaprenol 4-epimerase
IFOHMJLD_02261	gene	951	wecA_5			
IFOHMJLD_02261	CDS	951	wecA_5	2.7.8.33		Undecaprenyl-phosphate alpha-N-acetylglucosaminyl 1-phosphate transferase
IFOHMJLD_02262	gene	126				
IFOHMJLD_02262	CDS	126				hypothetical protein
IFOHMJLD_02263	gene	252				
IFOHMJLD_02263	CDS	252				hypothetical protein
IFOHMJLD_02264	gene	480				
IFOHMJLD_02264	CDS	480				hypothetical protein
IFOHMJLD_02265	gene	93				
IFOHMJLD_02265	CDS	93				hypothetical protein
IFOHMJLD_02266	gene	2070				
IFOHMJLD_02266	CDS	2070				hypothetical protein
IFOHMJLD_02267	gene	435				
IFOHMJLD_02267	CDS	435				hypothetical protein
IFOHMJLD_02268	gene	531	tsaC			
IFOHMJLD_02268	CDS	531	tsaC	2.7.7.87	COG0009	Threonylcarbamoyl-AMP synthase
IFOHMJLD_02269	gene	1791	clcB			
IFOHMJLD_02269	CDS	1791	clcB			Voltage-gated ClC-type chloride channel ClcB
IFOHMJLD_02270	gene	945	fmt			
IFOHMJLD_02270	CDS	945	fmt	2.1.2.9		Methionyl-tRNA formyltransferase
IFOHMJLD_02271	gene	651	rpe			
IFOHMJLD_02271	CDS	651	rpe	5.1.3.1	COG0036	Ribulose-phosphate 3-epimerase
IFOHMJLD_02272	gene	2100				
IFOHMJLD_02272	CDS	2100				hypothetical protein
IFOHMJLD_02273	gene	1032	nrnA			
IFOHMJLD_02273	CDS	1032	nrnA	3.1.-.-	COG0618	Bifunctional oligoribonuclease and PAP phosphatase NrnA
IFOHMJLD_02274	gene	645				
IFOHMJLD_02274	CDS	645				hypothetical protein
IFOHMJLD_02275	gene	1389	algC			
IFOHMJLD_02275	CDS	1389	algC	5.4.2.2		Phosphomannomutase/phosphoglucomutase
IFOHMJLD_02276	gene	3006	lacZ_10			
IFOHMJLD_02276	CDS	3006	lacZ_10	3.2.1.23		Beta-galactosidase
IFOHMJLD_02277	gene	2310				
IFOHMJLD_02277	CDS	2310				hypothetical protein
IFOHMJLD_02278	gene	1197				
IFOHMJLD_02278	CDS	1197				hypothetical protein
IFOHMJLD_02279	gene	1185	mnmE_1			
IFOHMJLD_02279	CDS	1185	mnmE_1	3.6.-.-		tRNA modification GTPase MnmE
IFOHMJLD_02280	gene	1419	bioB			
IFOHMJLD_02280	CDS	1419	bioB	2.8.1.6		Biotin synthase
IFOHMJLD_02281	gene	1038				
IFOHMJLD_02281	CDS	1038		1.8.-.-	COG0502	[FeFe] hydrogenase maturase subunit HydE
IFOHMJLD_02282	gene	1470	rsxB_4			
IFOHMJLD_02282	CDS	1470	rsxB_4	7.-.-.-		Ion-translocating oxidoreductase complex subunit B
IFOHMJLD_02283	gene	780	lytR_1			
IFOHMJLD_02283	CDS	780	lytR_1		COG3279	Transcriptional regulatory protein LytR
IFOHMJLD_02284	gene	1062				
IFOHMJLD_02284	CDS	1062				hypothetical protein
IFOHMJLD_02285	gene	888				
IFOHMJLD_02285	CDS	888				hypothetical protein
IFOHMJLD_02286	gene	4320	mdtC_2			
IFOHMJLD_02286	CDS	4320	mdtC_2			Multidrug resistance protein MdtC
IFOHMJLD_02287	gene	2343				
IFOHMJLD_02287	CDS	2343				hypothetical protein
IFOHMJLD_02288	gene	543	bsaA			
IFOHMJLD_02288	CDS	543	bsaA			Glutathione peroxidase BsaA
IFOHMJLD_02289	gene	531	idi			
IFOHMJLD_02289	CDS	531	idi	5.3.3.2	COG1443	Isopentenyl-diphosphate Delta-isomerase
IFOHMJLD_02290	gene	1221	queA_2			
IFOHMJLD_02290	CDS	1221	queA_2	2.4.99.17	COG0809	S-adenosylmethionine:tRNA ribosyltransferase-isomerase
IFOHMJLD_02291	gene	1050				
IFOHMJLD_02291	CDS	1050				hypothetical protein
IFOHMJLD_02292	gene	225				
IFOHMJLD_02292	CDS	225				hypothetical protein
IFOHMJLD_02293	gene	639				
IFOHMJLD_02293	CDS	639				hypothetical protein
IFOHMJLD_02294	gene	324				
IFOHMJLD_02294	CDS	324				hypothetical protein
IFOHMJLD_02295	gene	1116				
IFOHMJLD_02295	CDS	1116				hypothetical protein
IFOHMJLD_02296	gene	354				
IFOHMJLD_02296	CDS	354				hypothetical protein
IFOHMJLD_02297	gene	603	lysO			
IFOHMJLD_02297	CDS	603	lysO		COG2431	Lysine exporter LysO
IFOHMJLD_02298	gene	288				
IFOHMJLD_02298	CDS	288				hypothetical protein
IFOHMJLD_02299	gene	1035				
IFOHMJLD_02299	CDS	1035				hypothetical protein
IFOHMJLD_02300	gene	2679				
IFOHMJLD_02300	CDS	2679				hypothetical protein
IFOHMJLD_02301	gene	879				
IFOHMJLD_02301	CDS	879				hypothetical protein
IFOHMJLD_02302	gene	438				
IFOHMJLD_02302	CDS	438				hypothetical protein
IFOHMJLD_02303	gene	558				
IFOHMJLD_02303	CDS	558				hypothetical protein
IFOHMJLD_02304	gene	1134	hemW			
IFOHMJLD_02304	CDS	1134	hemW		COG0635	Heme chaperone HemW
IFOHMJLD_02305	gene	285				
IFOHMJLD_02305	CDS	285				hypothetical protein
IFOHMJLD_02306	gene	171				
IFOHMJLD_02306	CDS	171				hypothetical protein
IFOHMJLD_02307	gene	312				
IFOHMJLD_02307	CDS	312				hypothetical protein
IFOHMJLD_02308	gene	987				
IFOHMJLD_02308	CDS	987				hypothetical protein
IFOHMJLD_02309	gene	495				
IFOHMJLD_02309	CDS	495				hypothetical protein
IFOHMJLD_02310	gene	2157	fusA_1			
IFOHMJLD_02310	CDS	2157	fusA_1		COG0480	Elongation factor G
IFOHMJLD_02311	gene	1560	sasA_9			
IFOHMJLD_02311	CDS	1560	sasA_9	2.7.13.3		Adaptive-response sensory-kinase SasA
IFOHMJLD_02312	gene	702	mprA			
IFOHMJLD_02312	CDS	702	mprA		COG0745	Response regulator MprA
IFOHMJLD_02313	gene	177				
IFOHMJLD_02313	CDS	177				hypothetical protein
IFOHMJLD_02314	gene	447	slyA			
IFOHMJLD_02314	CDS	447	slyA			Transcriptional regulator SlyA
IFOHMJLD_02315	gene	345	rpsF			
IFOHMJLD_02315	CDS	345	rpsF			Small ribosomal subunit protein bS6
IFOHMJLD_02316	gene	273	rpsR			
IFOHMJLD_02316	CDS	273	rpsR			Small ribosomal subunit protein bS18
IFOHMJLD_02317	gene	444	rplI			
IFOHMJLD_02317	CDS	444	rplI			Large ribosomal subunit protein bL9
IFOHMJLD_02318	gene	216				
IFOHMJLD_02318	CDS	216				hypothetical protein
IFOHMJLD_02319	gene	1674				
IFOHMJLD_02319	CDS	1674		6.2.1.3	COG1022	Long-chain-fatty-acid--CoA ligase FadD15
IFOHMJLD_02320	gene	1320	mtaB			
IFOHMJLD_02320	CDS	1320	mtaB	2.8.4.5	COG0621	Threonylcarbamoyladenosine tRNA methylthiotransferase MtaB
IFOHMJLD_02321	gene	858	lpxL			
IFOHMJLD_02321	CDS	858	lpxL	2.3.1.241		Lipid A biosynthesis lauroyltransferase
IFOHMJLD_02322	gene	1032				
IFOHMJLD_02322	CDS	1032				hypothetical protein
IFOHMJLD_02323	gene	519	mgsA_2			
IFOHMJLD_02323	CDS	519	mgsA_2	4.2.3.3	COG1803	Methylglyoxal synthase
IFOHMJLD_02324	gene	1422				
IFOHMJLD_02324	CDS	1422				hypothetical protein
IFOHMJLD_02325	gene	369	folB			
IFOHMJLD_02325	CDS	369	folB	4.1.2.25		Dihydroneopterin aldolase
IFOHMJLD_02326	gene	1032				
IFOHMJLD_02326	CDS	1032				hypothetical protein
IFOHMJLD_02327	gene	2703				
IFOHMJLD_02327	CDS	2703				hypothetical protein
IFOHMJLD_02328	gene	153				
IFOHMJLD_02328	CDS	153				hypothetical protein
IFOHMJLD_02329	gene	2622				
IFOHMJLD_02329	CDS	2622				hypothetical protein
IFOHMJLD_02330	gene	789	nfrA2_2			
IFOHMJLD_02330	CDS	789	nfrA2_2	1.5.1.39	COG0778	FMN reductase [NAD(P)H]
IFOHMJLD_02331	gene	1428	dnaA			
IFOHMJLD_02331	CDS	1428	dnaA	3.6.4.-	COG0593	Chromosomal replication initiator protein DnaA
IFOHMJLD_02332	gene	894				
IFOHMJLD_02332	CDS	894				hypothetical protein
IFOHMJLD_02333	gene	1299				
IFOHMJLD_02333	CDS	1299				hypothetical protein
IFOHMJLD_02334	gene	894				
IFOHMJLD_02334	CDS	894				hypothetical protein
IFOHMJLD_02335	gene	471				
IFOHMJLD_02335	CDS	471				hypothetical protein
IFOHMJLD_02336	gene	741				
IFOHMJLD_02336	CDS	741				hypothetical protein
IFOHMJLD_02337	gene	2094				
IFOHMJLD_02337	CDS	2094				hypothetical protein
IFOHMJLD_02338	gene	2307				
IFOHMJLD_02338	CDS	2307				hypothetical protein
IFOHMJLD_02339	gene	537				
IFOHMJLD_02339	CDS	537				hypothetical protein
IFOHMJLD_02340	gene	2709	lptD_1			
IFOHMJLD_02340	CDS	2709	lptD_1			LPS-assembly protein LptD
IFOHMJLD_02341	gene	663	ung			
IFOHMJLD_02341	CDS	663	ung	3.2.2.27	COG0692	Uracil-DNA glycosylase
IFOHMJLD_02342	gene	1038	asnA			
IFOHMJLD_02342	CDS	1038	asnA	6.3.1.1	COG2502	Aspartate--ammonia ligase
IFOHMJLD_02343	gene	73				
IFOHMJLD_02343	tRNA	73				tRNA-Arg(ccg)
IFOHMJLD_02344	gene	729	hxpA			
IFOHMJLD_02344	CDS	729	hxpA	3.1.3.22	COG0637	Hexitol phosphatase A
IFOHMJLD_02345	gene	507				
IFOHMJLD_02345	CDS	507				hypothetical protein
IFOHMJLD_02346	gene	1338	pgi			
IFOHMJLD_02346	CDS	1338	pgi	5.3.1.9	COG0166	Glucose-6-phosphate isomerase
IFOHMJLD_02347	gene	996	gpsA			
IFOHMJLD_02347	CDS	996	gpsA	1.1.1.94	COG0240	Glycerol-3-phosphate dehydrogenase [NAD(P)+]
IFOHMJLD_02348	gene	1728	lysU			
IFOHMJLD_02348	CDS	1728	lysU	6.1.1.6	COG1190	Lysine--tRNA ligase, heat inducible
IFOHMJLD_02349	gene	1389	mepA_2			
IFOHMJLD_02349	CDS	1389	mepA_2			Multidrug export protein MepA
IFOHMJLD_02350	gene	2211				
IFOHMJLD_02350	CDS	2211				hypothetical protein
IFOHMJLD_02351	gene	354				
IFOHMJLD_02351	CDS	354				hypothetical protein
IFOHMJLD_02352	gene	570				
IFOHMJLD_02352	CDS	570				hypothetical protein
IFOHMJLD_02353	gene	1452	mepA_3			
IFOHMJLD_02353	CDS	1452	mepA_3		COG0534	Multidrug export protein MepA
IFOHMJLD_02354	gene	663	cmk_1			
IFOHMJLD_02354	CDS	663	cmk_1	2.7.4.25		Cytidylate kinase
IFOHMJLD_02355	gene	1665	aspT_3			
IFOHMJLD_02355	CDS	1665	aspT_3			Aspartate/alanine antiporter
IFOHMJLD_02356	gene	189				
IFOHMJLD_02356	CDS	189				hypothetical protein
IFOHMJLD_02357	gene	1899	icmF			
IFOHMJLD_02357	CDS	1899	icmF	5.4.99.13		Fused isobutyryl-CoA mutase
IFOHMJLD_02358	gene	2148	mutB			
IFOHMJLD_02358	CDS	2148	mutB	5.4.99.2		Methylmalonyl-CoA mutase large subunit
IFOHMJLD_02359	gene	96				
IFOHMJLD_02359	CDS	96				hypothetical protein
IFOHMJLD_02360	gene	1392				
IFOHMJLD_02360	CDS	1392				hypothetical protein
IFOHMJLD_02361	gene	2223	topB_2			
IFOHMJLD_02361	CDS	2223	topB_2	5.6.2.1	COG0550	DNA topoisomerase 3
IFOHMJLD_02362	gene	723				
IFOHMJLD_02362	CDS	723				hypothetical protein
IFOHMJLD_02363	gene	99				
IFOHMJLD_02363	CDS	99				hypothetical protein
IFOHMJLD_02364	gene	3432	rocA			
IFOHMJLD_02364	CDS	3432	rocA	1.2.1.88		1-pyrroline-5-carboxylate dehydrogenase
IFOHMJLD_02365	gene	1053	pva			
IFOHMJLD_02365	CDS	1053	pva	3.5.1.11	COG3049	Penicillin V acylase
IFOHMJLD_02366	gene	1365	tpdA			
IFOHMJLD_02366	CDS	1365	tpdA	3.4.13.23		Cysteinylglycine-S-conjugate dipeptidase
IFOHMJLD_02367	gene	1077	aroC			
IFOHMJLD_02367	CDS	1077	aroC	4.2.3.5	COG0082	Chorismate synthase
IFOHMJLD_02368	gene	579				
IFOHMJLD_02368	CDS	579				hypothetical protein
IFOHMJLD_02369	gene	1200				
IFOHMJLD_02369	CDS	1200				hypothetical protein
IFOHMJLD_02370	gene	3453				
IFOHMJLD_02370	CDS	3453			COG4771	TonB-dependent receptor P3
IFOHMJLD_02371	gene	1887				
IFOHMJLD_02371	CDS	1887				hypothetical protein
IFOHMJLD_02372	gene	1323				
IFOHMJLD_02372	CDS	1323				hypothetical protein
IFOHMJLD_02373	gene	114				
IFOHMJLD_02373	CDS	114				hypothetical protein
IFOHMJLD_02374	gene	147				
IFOHMJLD_02374	CDS	147				hypothetical protein
IFOHMJLD_02375	gene	3216				
IFOHMJLD_02375	CDS	3216			COG4771	TonB-dependent receptor P39
IFOHMJLD_02376	gene	1842				
IFOHMJLD_02376	CDS	1842				hypothetical protein
IFOHMJLD_02377	gene	513				
IFOHMJLD_02377	CDS	513				hypothetical protein
IFOHMJLD_02378	gene	1176				
IFOHMJLD_02378	CDS	1176				IS66 family transposase ISBthe6
IFOHMJLD_02379	gene	1488				
IFOHMJLD_02379	CDS	1488				IS1182 family transposase ISPsy36
IFOHMJLD_02380	gene	1368				
IFOHMJLD_02380	CDS	1368				hypothetical protein
IFOHMJLD_02381	gene	1344				
IFOHMJLD_02381	CDS	1344				hypothetical protein
IFOHMJLD_02382	gene	300				
IFOHMJLD_02382	CDS	300				hypothetical protein
IFOHMJLD_02383	gene	195				
IFOHMJLD_02383	CDS	195				hypothetical protein
IFOHMJLD_02384	gene	228				
IFOHMJLD_02384	CDS	228				hypothetical protein
IFOHMJLD_02385	gene	1056				
IFOHMJLD_02385	CDS	1056				hypothetical protein
IFOHMJLD_02386	gene	732				
IFOHMJLD_02386	CDS	732				hypothetical protein
IFOHMJLD_02387	gene	1245	mshA_5			
IFOHMJLD_02387	CDS	1245	mshA_5	2.4.1.250		D-inositol-3-phosphate glycosyltransferase
IFOHMJLD_02388	gene	147				
IFOHMJLD_02388	CDS	147				hypothetical protein
IFOHMJLD_02389	gene	138				
IFOHMJLD_02389	CDS	138				hypothetical protein
IFOHMJLD_02390	gene	573				
IFOHMJLD_02390	CDS	573				hypothetical protein
IFOHMJLD_02391	gene	1026				
IFOHMJLD_02391	CDS	1026				hypothetical protein
IFOHMJLD_02392	gene	3420				
IFOHMJLD_02392	CDS	3420			COG4771	TonB-dependent receptor P3
IFOHMJLD_02393	gene	1794				
IFOHMJLD_02393	CDS	1794				hypothetical protein
IFOHMJLD_02394	gene	2457	bamB_1			
IFOHMJLD_02394	CDS	2457	bamB_1			Outer membrane protein assembly factor BamB
IFOHMJLD_02395	gene	945				
IFOHMJLD_02395	CDS	945				hypothetical protein
IFOHMJLD_02396	gene	924				
IFOHMJLD_02396	CDS	924				hypothetical protein
IFOHMJLD_02397	gene	1494	atsA_5			
IFOHMJLD_02397	CDS	1494	atsA_5	3.1.6.1		Arylsulfatase
IFOHMJLD_02398	gene	1572				
IFOHMJLD_02398	CDS	1572				hypothetical protein
IFOHMJLD_02399	gene	396				
IFOHMJLD_02399	CDS	396				hypothetical protein
IFOHMJLD_02400	gene	138				
IFOHMJLD_02400	CDS	138				hypothetical protein
IFOHMJLD_02401	gene	897				
IFOHMJLD_02401	CDS	897				IS1182 family transposase ISBas1
IFOHMJLD_02402	gene	783				
IFOHMJLD_02402	CDS	783				hypothetical protein
IFOHMJLD_02403	gene	1095				
IFOHMJLD_02403	CDS	1095				hypothetical protein
IFOHMJLD_02404	gene	1128				
IFOHMJLD_02404	CDS	1128				hypothetical protein
IFOHMJLD_02405	gene	1287				
IFOHMJLD_02405	CDS	1287				hypothetical protein
IFOHMJLD_02406	gene	519				
IFOHMJLD_02406	CDS	519				hypothetical protein
IFOHMJLD_02407	gene	591	slyD			
IFOHMJLD_02407	CDS	591	slyD	5.2.1.8		FKBP-type peptidyl-prolyl cis-trans isomerase SlyD
IFOHMJLD_02408	gene	933				
IFOHMJLD_02408	CDS	933				hypothetical protein
IFOHMJLD_02409	gene	1308	ompA_1			
IFOHMJLD_02409	CDS	1308	ompA_1			Outer membrane protein A
IFOHMJLD_02410	gene	2157				
IFOHMJLD_02410	CDS	2157				hypothetical protein
IFOHMJLD_02411	gene	2151				
IFOHMJLD_02411	CDS	2151				hypothetical protein
IFOHMJLD_02412	gene	2076				
IFOHMJLD_02412	CDS	2076				hypothetical protein
IFOHMJLD_02413	gene	1803	ilvD			
IFOHMJLD_02413	CDS	1803	ilvD	4.2.1.9	COG0129	Dihydroxy-acid dehydratase
IFOHMJLD_02414	gene	1698	ilvG			
IFOHMJLD_02414	CDS	1698	ilvG	2.2.1.6		Acetolactate synthase isozyme 2 large subunit
IFOHMJLD_02415	gene	561	ilvH			
IFOHMJLD_02415	CDS	561	ilvH	2.2.1.6	COG0440	Putative acetolactate synthase small subunit
IFOHMJLD_02416	gene	744				
IFOHMJLD_02416	CDS	744				hypothetical protein
IFOHMJLD_02417	gene	585				
IFOHMJLD_02417	CDS	585				hypothetical protein
IFOHMJLD_02418	gene	1044				
IFOHMJLD_02418	CDS	1044		1.1.1.382	COG0059	Ketol-acid reductoisomerase (NAD(+))
IFOHMJLD_02419	gene	1929				
IFOHMJLD_02419	CDS	1929				hypothetical protein
IFOHMJLD_02420	gene	1971				
IFOHMJLD_02420	CDS	1971				hypothetical protein
IFOHMJLD_02421	gene	2244	acnD			
IFOHMJLD_02421	CDS	2244	acnD	4.2.1.117	COG1048	2-methylcitrate dehydratase (2-methyl-trans-aconitate forming)
IFOHMJLD_02422	gene	1191	icd			
IFOHMJLD_02422	CDS	1191	icd	1.1.1.42		Isocitrate dehydrogenase [NADP]
IFOHMJLD_02423	gene	1344	gltA			
IFOHMJLD_02423	CDS	1344	gltA	2.3.3.16	COG0372	Citrate synthase
IFOHMJLD_02424	gene	762				
IFOHMJLD_02424	CDS	762				hypothetical protein
IFOHMJLD_02425	gene	1233	nox			
IFOHMJLD_02425	CDS	1233	nox	1.8.1.20		4,4'-dithiodibutanoate disulfide reductase
IFOHMJLD_02426	gene	867	phaB			
IFOHMJLD_02426	CDS	867	phaB	1.1.1.36	COG1028	Acetoacetyl-CoA reductase
IFOHMJLD_02427	gene	981	pfkA_2			
IFOHMJLD_02427	CDS	981	pfkA_2	2.7.1.11	COG0205	ATP-dependent 6-phosphofructokinase 1
IFOHMJLD_02428	gene	873	ispH			
IFOHMJLD_02428	CDS	873	ispH	1.17.7.4	COG0761	4-hydroxy-3-methylbut-2-enyl diphosphate reductase
IFOHMJLD_02429	gene	792	cmk_2			
IFOHMJLD_02429	CDS	792	cmk_2	2.7.4.25	COG0283	Cytidylate kinase
IFOHMJLD_02430	gene	684				
IFOHMJLD_02430	CDS	684				hypothetical protein
IFOHMJLD_02431	gene	975				
IFOHMJLD_02431	CDS	975		2.5.1.10	COG0142	(2E,6E)-farnesyl diphosphate synthase
IFOHMJLD_02432	gene	711				
IFOHMJLD_02432	CDS	711				hypothetical protein
IFOHMJLD_02433	gene	777	dtd3_2			
IFOHMJLD_02433	CDS	777	dtd3_2	3.1.1.96	COG0084	D-aminoacyl-tRNA deacylase
IFOHMJLD_02434	gene	89				
IFOHMJLD_02434	tRNA	89				tRNA-Ser(gga)
IFOHMJLD_02435	gene	825	tolQ_2			
IFOHMJLD_02435	CDS	825	tolQ_2			Tol-Pal system protein TolQ
IFOHMJLD_02436	gene	471				
IFOHMJLD_02436	CDS	471				hypothetical protein
IFOHMJLD_02437	gene	591				
IFOHMJLD_02437	CDS	591				hypothetical protein
IFOHMJLD_02438	gene	465				
IFOHMJLD_02438	CDS	465				hypothetical protein
IFOHMJLD_02439	gene	126				
IFOHMJLD_02439	CDS	126				hypothetical protein
IFOHMJLD_02440	gene	1281				
IFOHMJLD_02440	CDS	1281				hypothetical protein
IFOHMJLD_02441	gene	477	asnC_1			
IFOHMJLD_02441	CDS	477	asnC_1		COG1522	Regulatory protein AsnC
IFOHMJLD_02442	gene	495	folA			
IFOHMJLD_02442	CDS	495	folA	1.5.1.3		Dihydrofolate reductase
IFOHMJLD_02443	gene	795	thyA			
IFOHMJLD_02443	CDS	795	thyA	2.1.1.45	COG0207	Thymidylate synthase
IFOHMJLD_02444	gene	1077	dapE			
IFOHMJLD_02444	CDS	1077	dapE	3.5.1.18	COG0624	Putative succinyl-diaminopimelate desuccinylase DapE
IFOHMJLD_02445	gene	1806				
IFOHMJLD_02445	CDS	1806		6.2.1.3	COG1022	Long-chain-fatty-acid--CoA ligase FadD15
IFOHMJLD_02446	gene	1014	prfB			
IFOHMJLD_02446	CDS	1014	prfB			Peptide chain release factor 2
IFOHMJLD_02447	gene	135				
IFOHMJLD_02447	CDS	135				hypothetical protein
IFOHMJLD_02448	gene	1320				
IFOHMJLD_02448	CDS	1320				hypothetical protein
IFOHMJLD_02449	gene	471				
IFOHMJLD_02449	CDS	471		3.6.1.25	COG2954	Inorganic triphosphatase
IFOHMJLD_02450	gene	1296				
IFOHMJLD_02450	CDS	1296				hypothetical protein
IFOHMJLD_02451	gene	1575				
IFOHMJLD_02451	CDS	1575				hypothetical protein
IFOHMJLD_02452	gene	1044				
IFOHMJLD_02452	CDS	1044				hypothetical protein
IFOHMJLD_02453	gene	1224				
IFOHMJLD_02453	CDS	1224				hypothetical protein
IFOHMJLD_02454	gene	2091	lacZ_11			
IFOHMJLD_02454	CDS	2091	lacZ_11	3.2.1.31	COG3250	Beta-glucuronidase
IFOHMJLD_02455	gene	1536				
IFOHMJLD_02455	CDS	1536		3.2.1.52	COG3525	Beta-hexosaminidase
IFOHMJLD_02456	gene	912	gpmI_2			
IFOHMJLD_02456	CDS	912	gpmI_2	5.4.2.12		2,3-bisphosphoglycerate-independent phosphoglycerate mutase
IFOHMJLD_02457	gene	1212				
IFOHMJLD_02457	CDS	1212		3.2.1.-	COG4225	Unsaturated glucuronyl hydrolase
IFOHMJLD_02458	gene	1908				
IFOHMJLD_02458	CDS	1908				hypothetical protein
IFOHMJLD_02459	gene	1848				
IFOHMJLD_02459	CDS	1848				hypothetical protein
IFOHMJLD_02460	gene	3354				
IFOHMJLD_02460	CDS	3354			COG4771	TonB-dependent receptor P3
IFOHMJLD_02461	gene	1650	rcsC_17			
IFOHMJLD_02461	CDS	1650	rcsC_17	2.7.13.3		Sensor histidine kinase RcsC
IFOHMJLD_02462	gene	2439				
IFOHMJLD_02462	CDS	2439				hypothetical protein
IFOHMJLD_02463	gene	744				
IFOHMJLD_02463	CDS	744				hypothetical protein
IFOHMJLD_02464	gene	1356				
IFOHMJLD_02464	CDS	1356		3.2.1.214	COG5368	Exo beta-1,2-glucooligosaccharide sophorohydrolase (non-reducing end)
IFOHMJLD_02465	gene	2301				
IFOHMJLD_02465	CDS	2301		3.2.1.-	COG1472	Beta-xylosidase
IFOHMJLD_02466	gene	1521				
IFOHMJLD_02466	CDS	1521			COG0702	SusD-like protein P2
IFOHMJLD_02467	gene	3051				
IFOHMJLD_02467	CDS	3051			COG4771	TonB-dependent receptor P3
IFOHMJLD_02468	gene	99				
IFOHMJLD_02468	CDS	99				hypothetical protein
IFOHMJLD_02469	gene	363				
IFOHMJLD_02469	CDS	363				hypothetical protein
IFOHMJLD_02470	gene	945				
IFOHMJLD_02470	CDS	945				hypothetical protein
IFOHMJLD_02471	gene	858				
IFOHMJLD_02471	CDS	858				hypothetical protein
IFOHMJLD_02472	gene	3723				
IFOHMJLD_02472	CDS	3723				hypothetical protein
IFOHMJLD_02473	gene	291				
IFOHMJLD_02473	CDS	291				hypothetical protein
IFOHMJLD_02474	gene	372				
IFOHMJLD_02474	CDS	372				hypothetical protein
IFOHMJLD_02475	gene	189				
IFOHMJLD_02475	CDS	189				hypothetical protein
IFOHMJLD_02476	gene	273				
IFOHMJLD_02476	CDS	273				hypothetical protein
IFOHMJLD_02477	gene	354				
IFOHMJLD_02477	CDS	354				hypothetical protein
IFOHMJLD_02478	gene	219				
IFOHMJLD_02478	CDS	219				hypothetical protein
IFOHMJLD_02479	gene	594				
IFOHMJLD_02479	CDS	594				hypothetical protein
IFOHMJLD_02480	gene	468				
IFOHMJLD_02480	CDS	468				hypothetical protein
IFOHMJLD_02481	gene	450				
IFOHMJLD_02481	CDS	450				hypothetical protein
IFOHMJLD_02482	gene	83				
IFOHMJLD_02482	tRNA	83				tRNA-Leu(tag)
IFOHMJLD_02483	gene	3060				
IFOHMJLD_02483	CDS	3060			COG4771	TonB-dependent receptor P3
IFOHMJLD_02484	gene	1488				
IFOHMJLD_02484	CDS	1488			COG0702	SusD-like protein P25
IFOHMJLD_02485	gene	1032				
IFOHMJLD_02485	CDS	1032				hypothetical protein
IFOHMJLD_02486	gene	870				
IFOHMJLD_02486	CDS	870				hypothetical protein
IFOHMJLD_02487	gene	2649	gyrA_2			
IFOHMJLD_02487	CDS	2649	gyrA_2	5.6.2.2		DNA gyrase subunit A
IFOHMJLD_02488	gene	1542	glyQS			
IFOHMJLD_02488	CDS	1542	glyQS	6.1.1.14		Glycine--tRNA ligase
IFOHMJLD_02489	gene	582				
IFOHMJLD_02489	CDS	582				hypothetical protein
IFOHMJLD_02490	gene	882				
IFOHMJLD_02490	CDS	882				hypothetical protein
IFOHMJLD_02491	gene	381				
IFOHMJLD_02491	CDS	381				hypothetical protein
IFOHMJLD_02492	gene	1698				
IFOHMJLD_02492	CDS	1698				hypothetical protein
IFOHMJLD_02493	gene	504				
IFOHMJLD_02493	CDS	504				hypothetical protein
IFOHMJLD_02494	gene	588	nrfH			
IFOHMJLD_02494	CDS	588	nrfH		COG3005	Cytochrome c-type protein NrfH
IFOHMJLD_02495	gene	1482	nrfA			
IFOHMJLD_02495	CDS	1482	nrfA	1.7.2.2	COG3303	Cytochrome c-552
IFOHMJLD_02496	gene	1242				
IFOHMJLD_02496	CDS	1242				hypothetical protein
IFOHMJLD_02497	gene	792	ccsA_2			
IFOHMJLD_02497	CDS	792	ccsA_2			Cytochrome c biogenesis protein CcsA
IFOHMJLD_02498	gene	1266				
IFOHMJLD_02498	CDS	1266				hypothetical protein
IFOHMJLD_02499	gene	687				
IFOHMJLD_02499	CDS	687				hypothetical protein
IFOHMJLD_02500	gene	1923	yfeW_1			
IFOHMJLD_02500	CDS	1923	yfeW_1	3.4.16.4		Putative D-alanyl-D-alanine carboxypeptidase
IFOHMJLD_02501	gene	846	murQ			
IFOHMJLD_02501	CDS	846	murQ	4.2.1.126	COG2103	N-acetylmuramic acid 6-phosphate etherase
IFOHMJLD_02502	gene	837				
IFOHMJLD_02502	CDS	837				hypothetical protein
IFOHMJLD_02503	gene	1164				
IFOHMJLD_02503	CDS	1164				hypothetical protein
IFOHMJLD_02504	gene	2862				
IFOHMJLD_02504	CDS	2862				hypothetical protein
IFOHMJLD_02505	gene	1275	namZ_1			
IFOHMJLD_02505	CDS	1275	namZ_1	3.2.1.92	COG3876	Peptidoglycan beta-N-acetylmuramidase NamZ
IFOHMJLD_02506	gene	1299	ampG_1			
IFOHMJLD_02506	CDS	1299	ampG_1		COG2223	Anhydromuropeptide permease
IFOHMJLD_02507	gene	1314	lytB			
IFOHMJLD_02507	CDS	1314	lytB		COG2247	Amidase enhancer
IFOHMJLD_02508	gene	933				
IFOHMJLD_02508	CDS	933				hypothetical protein
IFOHMJLD_02509	gene	1467				
IFOHMJLD_02509	CDS	1467				hypothetical protein
IFOHMJLD_02510	gene	1872	bamB_2			
IFOHMJLD_02510	CDS	1872	bamB_2			Outer membrane protein assembly factor BamB
IFOHMJLD_02511	gene	3051				
IFOHMJLD_02511	CDS	3051				hypothetical protein
IFOHMJLD_02512	gene	1449	siaT			
IFOHMJLD_02512	CDS	1449	siaT		COG0591	Sodium/sialic acid symporter SiaT
IFOHMJLD_02513	gene	1170	namZ_2			
IFOHMJLD_02513	CDS	1170	namZ_2	3.2.1.92	COG3876	Peptidoglycan beta-N-acetylmuramidase NamZ
IFOHMJLD_02514	gene	888				
IFOHMJLD_02514	CDS	888				hypothetical protein
IFOHMJLD_02515	gene	3483	susC_9			
IFOHMJLD_02515	CDS	3483	susC_9		COG1629	TonB-dependent receptor SusC
IFOHMJLD_02516	gene	1860				
IFOHMJLD_02516	CDS	1860			COG0702	SusD-like protein P2
IFOHMJLD_02517	gene	1011	asd			
IFOHMJLD_02517	CDS	1011	asd	1.2.1.11	COG0136	Aspartate-semialdehyde dehydrogenase
IFOHMJLD_02518	gene	2136	kefB_2			
IFOHMJLD_02518	CDS	2136	kefB_2			Glutathione-regulated potassium-efflux system protein KefB
IFOHMJLD_02519	gene	729	tcdA			
IFOHMJLD_02519	CDS	729	tcdA	6.1.-.-	COG1179	tRNA threonylcarbamoyladenosine dehydratase
IFOHMJLD_02520	gene	651	lolD			
IFOHMJLD_02520	CDS	651	lolD	7.6.2.-	COG1136	Lipoprotein-releasing system ATP-binding protein LolD
IFOHMJLD_02521	gene	903				
IFOHMJLD_02521	CDS	903				hypothetical protein
IFOHMJLD_02522	gene	1368				
IFOHMJLD_02522	CDS	1368				hypothetical protein
IFOHMJLD_02523	gene	393				
IFOHMJLD_02523	CDS	393				hypothetical protein
IFOHMJLD_02524	gene	1299	murF			
IFOHMJLD_02524	CDS	1299	murF	6.3.2.10	COG0770	UDP-N-acetylmuramoyl-tripeptide--D-alanyl-D-alanine ligase
IFOHMJLD_02525	gene	1236				
IFOHMJLD_02525	CDS	1236				hypothetical protein
IFOHMJLD_02526	gene	1443	gadB			
IFOHMJLD_02526	CDS	1443	gadB	4.1.1.15	COG0076	Glutamate decarboxylase
IFOHMJLD_02527	gene	966	glsA1			
IFOHMJLD_02527	CDS	966	glsA1	3.5.1.2	COG2066	Glutaminase 1
IFOHMJLD_02528	gene	2079	rcsC_18			
IFOHMJLD_02528	CDS	2079	rcsC_18	2.7.13.3		Sensor histidine kinase RcsC
IFOHMJLD_02529	gene	861	folP			
IFOHMJLD_02529	CDS	861	folP	2.5.1.15	COG0294	Dihydropteroate synthase
IFOHMJLD_02530	gene	765	cdaA			
IFOHMJLD_02530	CDS	765	cdaA	2.7.7.85	COG1624	Cyclic di-AMP synthase CdaA
IFOHMJLD_02531	gene	228				
IFOHMJLD_02531	CDS	228				hypothetical protein
IFOHMJLD_02532	gene	1071				
IFOHMJLD_02532	CDS	1071				hypothetical protein
IFOHMJLD_02533	gene	228				
IFOHMJLD_02533	CDS	228				hypothetical protein
IFOHMJLD_02534	gene	1059				
IFOHMJLD_02534	CDS	1059				hypothetical protein
IFOHMJLD_02535	gene	438				
IFOHMJLD_02535	CDS	438				hypothetical protein
IFOHMJLD_02536	gene	474				
IFOHMJLD_02536	CDS	474				hypothetical protein
IFOHMJLD_02537	gene	399				
IFOHMJLD_02537	CDS	399				hypothetical protein
IFOHMJLD_02538	gene	228				
IFOHMJLD_02538	CDS	228				hypothetical protein
IFOHMJLD_02539	gene	888				
IFOHMJLD_02539	CDS	888				hypothetical protein
IFOHMJLD_02540	gene	480				
IFOHMJLD_02540	CDS	480				hypothetical protein
IFOHMJLD_02541	gene	303				
IFOHMJLD_02541	CDS	303				hypothetical protein
IFOHMJLD_02542	gene	1146				
IFOHMJLD_02542	CDS	1146				hypothetical protein
IFOHMJLD_02543	gene	273				
IFOHMJLD_02543	CDS	273				hypothetical protein
IFOHMJLD_02544	gene	1179				
IFOHMJLD_02544	CDS	1179				hypothetical protein
IFOHMJLD_02545	gene	888				
IFOHMJLD_02545	CDS	888				hypothetical protein
IFOHMJLD_02546	gene	1167				
IFOHMJLD_02546	CDS	1167				hypothetical protein
IFOHMJLD_02547	gene	432				
IFOHMJLD_02547	CDS	432				hypothetical protein
IFOHMJLD_02548	gene	1101				
IFOHMJLD_02548	CDS	1101				hypothetical protein
IFOHMJLD_02549	gene	1122				
IFOHMJLD_02549	CDS	1122				hypothetical protein
IFOHMJLD_02550	gene	1914				
IFOHMJLD_02550	CDS	1914				hypothetical protein
IFOHMJLD_02551	gene	1095				
IFOHMJLD_02551	CDS	1095				hypothetical protein
IFOHMJLD_02552	gene	1017				
IFOHMJLD_02552	CDS	1017				hypothetical protein
IFOHMJLD_02553	gene	918				
IFOHMJLD_02553	CDS	918				hypothetical protein
IFOHMJLD_02554	gene	696	yohK			
IFOHMJLD_02554	CDS	696	yohK		COG1346	Inner membrane protein YohK
IFOHMJLD_02555	gene	339				
IFOHMJLD_02555	CDS	339				hypothetical protein
IFOHMJLD_02556	gene	141				
IFOHMJLD_02556	CDS	141				hypothetical protein
IFOHMJLD_02557	gene	684				
IFOHMJLD_02557	CDS	684				hypothetical protein
IFOHMJLD_02558	gene	798				
IFOHMJLD_02558	CDS	798				hypothetical protein
IFOHMJLD_02559	gene	1554				
IFOHMJLD_02559	CDS	1554				hypothetical protein
IFOHMJLD_02560	gene	1020	pta			
IFOHMJLD_02560	CDS	1020	pta	2.3.1.8	COG0280	Phosphate acetyltransferase
IFOHMJLD_02561	gene	1197	ackA			
IFOHMJLD_02561	CDS	1197	ackA	2.7.2.1	COG0282	Acetate kinase
IFOHMJLD_02562	gene	1401	phoA			
IFOHMJLD_02562	CDS	1401	phoA	3.1.3.1	COG1785	Alkaline phosphatase 4
IFOHMJLD_02563	gene	312				
IFOHMJLD_02563	CDS	312			COG2151	Fe-S protein maturation auxiliary factor
IFOHMJLD_02564	gene	765				
IFOHMJLD_02564	CDS	765		3.6.1.54	COG2908	UDP-2,3-diacylglucosamine hydrolase
IFOHMJLD_02565	gene	696				
IFOHMJLD_02565	CDS	696				hypothetical protein
IFOHMJLD_02566	gene	990				
IFOHMJLD_02566	CDS	990				hypothetical protein
IFOHMJLD_02567	gene	567	efp			
IFOHMJLD_02567	CDS	567	efp		COG0231	Elongation factor P
IFOHMJLD_02568	gene	237	rpmH			
IFOHMJLD_02568	CDS	237	rpmH			Large ribosomal subunit protein bL34
IFOHMJLD_02569	gene	642				
IFOHMJLD_02569	CDS	642				hypothetical protein
IFOHMJLD_02570	gene	1074	rluD_1			
IFOHMJLD_02570	CDS	1074	rluD_1	5.4.99.23	COG0564	Ribosomal large subunit pseudouridine synthase D
IFOHMJLD_02571	gene	975	ddl			
IFOHMJLD_02571	CDS	975	ddl	6.3.2.4	COG1181	D-alanine--D-alanine ligase
IFOHMJLD_02572	gene	1149				
IFOHMJLD_02572	CDS	1149				hypothetical protein
IFOHMJLD_02573	gene	681				
IFOHMJLD_02573	CDS	681				hypothetical protein
IFOHMJLD_02574	gene	996				
IFOHMJLD_02574	CDS	996				hypothetical protein
IFOHMJLD_02575	gene	570				
IFOHMJLD_02575	CDS	570				hypothetical protein
IFOHMJLD_02576	gene	570	maa			
IFOHMJLD_02576	CDS	570	maa	2.3.1.79	COG0110	Maltose O-acetyltransferase
IFOHMJLD_02577	gene	1080				
IFOHMJLD_02577	CDS	1080				hypothetical protein
IFOHMJLD_02578	gene	336				
IFOHMJLD_02578	CDS	336				hypothetical protein
IFOHMJLD_02579	gene	498	paiA			
IFOHMJLD_02579	CDS	498	paiA	2.3.1.57	COG0456	Spermidine/spermine N(1)-acetyltransferase
IFOHMJLD_02580	gene	1659				
IFOHMJLD_02580	CDS	1659				Peptide transporter YePEPT
IFOHMJLD_02581	gene	480	ybaK			
IFOHMJLD_02581	CDS	480	ybaK	4.2.-.-	COG2606	Cys-tRNA(Pro)/Cys-tRNA(Cys) deacylase YbaK
IFOHMJLD_02582	gene	2829	uvrA_2			
IFOHMJLD_02582	CDS	2829	uvrA_2			UvrABC system protein A
IFOHMJLD_02583	gene	1770				
IFOHMJLD_02583	CDS	1770				hypothetical protein
IFOHMJLD_02584	gene	708				
IFOHMJLD_02584	CDS	708				hypothetical protein
IFOHMJLD_02585	gene	450				
IFOHMJLD_02585	CDS	450				hypothetical protein
IFOHMJLD_02586	gene	336				
IFOHMJLD_02586	CDS	336				hypothetical protein
IFOHMJLD_02587	gene	804	bamD			
IFOHMJLD_02587	CDS	804	bamD			Outer membrane protein assembly factor BamD
IFOHMJLD_02588	gene	426				
IFOHMJLD_02588	CDS	426				hypothetical protein
IFOHMJLD_02589	gene	1299				
IFOHMJLD_02589	CDS	1299		6.2.1.30	COG1541	Phenylacetate-coenzyme A ligase
IFOHMJLD_02590	gene	2034	uvrB			
IFOHMJLD_02590	CDS	2034	uvrB		COG0556	UvrABC system protein B
IFOHMJLD_02591	gene	639				
IFOHMJLD_02591	CDS	639				hypothetical protein
IFOHMJLD_02592	gene	786				
IFOHMJLD_02592	CDS	786				hypothetical protein
IFOHMJLD_02593	gene	465				
IFOHMJLD_02593	CDS	465				hypothetical protein
IFOHMJLD_02594	gene	426				
IFOHMJLD_02594	CDS	426				Acid shock protein
IFOHMJLD_02595	gene	456				
IFOHMJLD_02595	CDS	456				hypothetical protein
IFOHMJLD_02596	gene	3072	rcsC_19			
IFOHMJLD_02596	CDS	3072	rcsC_19	2.7.13.3		Sensor histidine kinase RcsC
IFOHMJLD_02597	gene	1119	ybhR			
IFOHMJLD_02597	CDS	1119	ybhR		COG0842	putative multidrug ABC transporter permease YbhR
IFOHMJLD_02598	gene	1101	ybhS			
IFOHMJLD_02598	CDS	1101	ybhS		COG0842	putative multidrug ABC transporter permease YbhS
IFOHMJLD_02599	gene	1461	rbbA_2			
IFOHMJLD_02599	CDS	1461	rbbA_2		COG0842	Ribosome-associated ATPase
IFOHMJLD_02600	gene	897				
IFOHMJLD_02600	CDS	897				hypothetical protein
IFOHMJLD_02601	gene	1257				
IFOHMJLD_02601	CDS	1257				hypothetical protein
IFOHMJLD_02602	gene	1161				
IFOHMJLD_02602	CDS	1161				hypothetical protein
IFOHMJLD_02603	gene	888	rhaR_5			
IFOHMJLD_02603	CDS	888	rhaR_5			HTH-type transcriptional activator RhaR
IFOHMJLD_02604	gene	2157				
IFOHMJLD_02604	CDS	2157				hypothetical protein
IFOHMJLD_02605	gene	297				
IFOHMJLD_02605	CDS	297				hypothetical protein
IFOHMJLD_02606	gene	3231	pyrAB_1			
IFOHMJLD_02606	CDS	3231	pyrAB_1	6.3.4.16	COG0458	Carbamoyl phosphate synthase pyrimidine-specific large chain
IFOHMJLD_02607	gene	1131	pyrAA			
IFOHMJLD_02607	CDS	1131	pyrAA	6.3.5.5	COG0505	Carbamoyl phosphate synthase pyrimidine-specific small chain
IFOHMJLD_02608	gene	1884	purF_1			
IFOHMJLD_02608	CDS	1884	purF_1	2.4.2.14	COG0034	Amidophosphoribosyltransferase
IFOHMJLD_02609	gene	411				
IFOHMJLD_02609	CDS	411				hypothetical protein
IFOHMJLD_02610	gene	4545	gltB			
IFOHMJLD_02610	CDS	4545	gltB	1.4.7.1	COG0067	Ferredoxin-dependent glutamate synthase 1
IFOHMJLD_02611	gene	1362	gltD			
IFOHMJLD_02611	CDS	1362	gltD	1.4.1.13	COG0493	Glutamate synthase [NADPH] small chain
IFOHMJLD_02612	gene	1671	asnB			
IFOHMJLD_02612	CDS	1671	asnB	6.3.5.4	COG0367	Asparagine synthetase B [glutamine-hydrolyzing]
IFOHMJLD_02613	gene	759	UgpQ			
IFOHMJLD_02613	CDS	759	UgpQ	3.1.4.46	COG0584	Glycerophosphodiester phosphodiesterase
IFOHMJLD_02614	gene	810	dapF			
IFOHMJLD_02614	CDS	810	dapF	5.1.1.7	COG0253	Diaminopimelate epimerase
IFOHMJLD_02615	gene	1233	dapL_3			
IFOHMJLD_02615	CDS	1233	dapL_3	2.6.1.83	COG0436	LL-diaminopimelate aminotransferase
IFOHMJLD_02616	gene	2190	glnA_3			
IFOHMJLD_02616	CDS	2190	glnA_3	6.3.1.2		Glutamine synthetase
IFOHMJLD_02617	gene	567				
IFOHMJLD_02617	CDS	567				hypothetical protein
IFOHMJLD_02618	gene	1974	ppk_1			
IFOHMJLD_02618	CDS	1974	ppk_1	2.7.4.1	COG0855	Polyphosphate kinase
IFOHMJLD_02619	gene	915	ppx2			
IFOHMJLD_02619	CDS	915	ppx2	3.6.1.11		Exopolyphosphatase 2
IFOHMJLD_02620	gene	1146	yqhD			
IFOHMJLD_02620	CDS	1146	yqhD	1.1.1.2	COG1979	NADPH-dependent aldehyde reductase YqhD
IFOHMJLD_02621	gene	294				
IFOHMJLD_02621	CDS	294				hypothetical protein
IFOHMJLD_02622	gene	141				
IFOHMJLD_02622	CDS	141				hypothetical protein
IFOHMJLD_02623	gene	159				
IFOHMJLD_02623	CDS	159				hypothetical protein
IFOHMJLD_02624	gene	1173	trpB1			
IFOHMJLD_02624	CDS	1173	trpB1	4.2.1.20	COG0133	Tryptophan synthase beta chain 1
IFOHMJLD_02625	gene	1407	trpE			
IFOHMJLD_02625	CDS	1407	trpE	4.1.3.27		Anthranilate synthase component 1
IFOHMJLD_02626	gene	603	trpG			
IFOHMJLD_02626	CDS	603	trpG	4.1.3.27		Anthranilate synthase component 2
IFOHMJLD_02627	gene	996	trpD2			
IFOHMJLD_02627	CDS	996	trpD2	2.4.2.18	COG0547	Anthranilate phosphoribosyltransferase 2
IFOHMJLD_02628	gene	822	trpC			
IFOHMJLD_02628	CDS	822	trpC	4.1.1.48	COG0134	Indole-3-glycerol phosphate synthase
IFOHMJLD_02629	gene	588	trpF			
IFOHMJLD_02629	CDS	588	trpF	5.3.1.24	COG0135	N-(5'-phosphoribosyl)anthranilate isomerase
IFOHMJLD_02630	gene	771	trpA			
IFOHMJLD_02630	CDS	771	trpA	4.2.1.20	COG0159	Tryptophan synthase alpha chain
IFOHMJLD_02631	gene	1047	ansA			
IFOHMJLD_02631	CDS	1047	ansA	3.5.1.1	COG0252	L-asparaginase 1
IFOHMJLD_02632	gene	2427				
IFOHMJLD_02632	CDS	2427				hypothetical protein
IFOHMJLD_02633	gene	366	tmoS			
IFOHMJLD_02633	CDS	366	tmoS	2.7.13.3		Sensor histidine kinase TmoS
IFOHMJLD_02634	gene	1164				
IFOHMJLD_02634	CDS	1164				hypothetical protein
IFOHMJLD_02635	gene	894				
IFOHMJLD_02635	CDS	894				hypothetical protein
IFOHMJLD_02636	gene	630	dapH_4			
IFOHMJLD_02636	CDS	630	dapH_4	2.3.1.89		2,3,4,5-tetrahydropyridine-2,6-dicarboxylate N-acetyltransferase
IFOHMJLD_02637	gene	609	nreC			
IFOHMJLD_02637	CDS	609	nreC		COG2197	Oxygen regulatory protein NreC
IFOHMJLD_02638	gene	705				
IFOHMJLD_02638	CDS	705				hypothetical protein
IFOHMJLD_02639	gene	1176	purH_1			
IFOHMJLD_02639	CDS	1176	purH_1			Bifunctional purine biosynthesis protein PurH
IFOHMJLD_02640	gene	510				
IFOHMJLD_02640	CDS	510			COG0716	Flavodoxin 1
IFOHMJLD_02641	gene	363				
IFOHMJLD_02641	CDS	363				hypothetical protein
IFOHMJLD_02642	gene	216				
IFOHMJLD_02642	CDS	216				hypothetical protein
IFOHMJLD_02643	gene	1035				
IFOHMJLD_02643	CDS	1035				hypothetical protein
IFOHMJLD_02644	gene	486	resA_6			
IFOHMJLD_02644	CDS	486	resA_6			Thiol-disulfide oxidoreductase ResA
IFOHMJLD_02645	gene	1110	mauG			
IFOHMJLD_02645	CDS	1110	mauG	1.-.-.-	COG1858	Methylamine utilization protein MauG
IFOHMJLD_02646	gene	978				
IFOHMJLD_02646	CDS	978				hypothetical protein
IFOHMJLD_02647	gene	2304	btuB_7			
IFOHMJLD_02647	CDS	2304	btuB_7			Vitamin B12 transporter BtuB
IFOHMJLD_02648	gene	321				
IFOHMJLD_02648	CDS	321				hypothetical protein
IFOHMJLD_02649	gene	120				
IFOHMJLD_02649	CDS	120				hypothetical protein
IFOHMJLD_02650	gene	1803	irtA			
IFOHMJLD_02650	CDS	1803	irtA	7.2.2.-	COG1132	Mycobactin import ATP-binding/permease protein IrtA
IFOHMJLD_02651	gene	1731	ywjA			
IFOHMJLD_02651	CDS	1731	ywjA		COG1132	putative ABC transporter ATP-binding protein YwjA
IFOHMJLD_02652	gene	1188				
IFOHMJLD_02652	CDS	1188				hypothetical protein
IFOHMJLD_02653	gene	1530	emrB			
IFOHMJLD_02653	CDS	1530	emrB		COG2814	Multidrug export protein EmrB
IFOHMJLD_02654	gene	681	aaeA			
IFOHMJLD_02654	CDS	681	aaeA			p-hydroxybenzoic acid efflux pump subunit AaeA
IFOHMJLD_02655	gene	1599	aspT_4			
IFOHMJLD_02655	CDS	1599	aspT_4			Aspartate/alanine antiporter
IFOHMJLD_02656	gene	411				
IFOHMJLD_02656	CDS	411				hypothetical protein
IFOHMJLD_02657	gene	909	czcD			
IFOHMJLD_02657	CDS	909	czcD		COG1230	Cadmium, cobalt and zinc/H(+)-K(+) antiporter
IFOHMJLD_02658	gene	345				
IFOHMJLD_02658	CDS	345				hypothetical protein
IFOHMJLD_02659	gene	267				
IFOHMJLD_02659	CDS	267				hypothetical protein
IFOHMJLD_02660	gene	1521				
IFOHMJLD_02660	CDS	1521				hypothetical protein
IFOHMJLD_02661	gene	852				
IFOHMJLD_02661	CDS	852				hypothetical protein
IFOHMJLD_02662	gene	672				
IFOHMJLD_02662	CDS	672				hypothetical protein
IFOHMJLD_02663	gene	2145	cirA_3			
IFOHMJLD_02663	CDS	2145	cirA_3		COG4771	Colicin I receptor
IFOHMJLD_02664	gene	4266				
IFOHMJLD_02664	CDS	4266				hypothetical protein
IFOHMJLD_02665	gene	690				
IFOHMJLD_02665	CDS	690				hypothetical protein
IFOHMJLD_02666	gene	603				
IFOHMJLD_02666	CDS	603				hypothetical protein
IFOHMJLD_02667	gene	327				
IFOHMJLD_02667	CDS	327				hypothetical protein
IFOHMJLD_02668	gene	189				
IFOHMJLD_02668	CDS	189				hypothetical protein
IFOHMJLD_02669	gene	774	yjjP_2			
IFOHMJLD_02669	CDS	774	yjjP_2		COG2966	putative succinate transporter subunit YjjP
IFOHMJLD_02670	gene	525	yjjB_2			
IFOHMJLD_02670	CDS	525	yjjB_2		COG3610	putative succinate transporter subunit YjjB
IFOHMJLD_02671	gene	669	kdgA			
IFOHMJLD_02671	CDS	669	kdgA	4.1.2.14	COG0800	2-dehydro-3-deoxy-phosphogluconate aldolase
IFOHMJLD_02672	gene	1026	iolC			
IFOHMJLD_02672	CDS	1026	iolC	2.7.1.92		5-dehydro-2-deoxygluconokinase
IFOHMJLD_02673	gene	153				
IFOHMJLD_02673	CDS	153				hypothetical protein
IFOHMJLD_02674	gene	1074	purR			
IFOHMJLD_02674	CDS	1074	purR			HTH-type transcriptional repressor PurR
IFOHMJLD_02675	gene	450	yvbK			
IFOHMJLD_02675	CDS	450	yvbK	2.3.1.-	COG0456	putative N-acetyltransferase YvbK
IFOHMJLD_02676	gene	354	hxlR_1			
IFOHMJLD_02676	CDS	354	hxlR_1		COG1733	HTH-type transcriptional activator HxlR
IFOHMJLD_02677	gene	531				
IFOHMJLD_02677	CDS	531			COG0693	Protein ppBat
IFOHMJLD_02678	gene	3045	rcsC_20			
IFOHMJLD_02678	CDS	3045	rcsC_20	2.7.13.3		Sensor histidine kinase RcsC
IFOHMJLD_02679	gene	2655	mgtB			
IFOHMJLD_02679	CDS	2655	mgtB	7.2.2.14		Magnesium-transporting ATPase, P-type 1
IFOHMJLD_02680	gene	1368	rcsC_21			
IFOHMJLD_02680	CDS	1368	rcsC_21	2.7.13.3		Sensor histidine kinase RcsC
IFOHMJLD_02681	gene	690	cusR_1			
IFOHMJLD_02681	CDS	690	cusR_1		COG0745	Transcriptional regulatory protein CusR
IFOHMJLD_02682	gene	234				
IFOHMJLD_02682	CDS	234				hypothetical protein
IFOHMJLD_02683	gene	1116				
IFOHMJLD_02683	CDS	1116				hypothetical protein
IFOHMJLD_02684	gene	714				
IFOHMJLD_02684	CDS	714				hypothetical protein
IFOHMJLD_02685	gene	621	prfH			
IFOHMJLD_02685	CDS	621	prfH			Peptide chain release factor 
IFOHMJLD_02686	gene	1398				
IFOHMJLD_02686	CDS	1398				hypothetical protein
IFOHMJLD_02687	gene	1302	mleN			
IFOHMJLD_02687	CDS	1302	mleN		COG1757	Malate-2H(+)/Na(+)-lactate antiporter
IFOHMJLD_02688	gene	546	rpsP			
IFOHMJLD_02688	CDS	546	rpsP			Small ribosomal subunit protein bS16
IFOHMJLD_02689	gene	405				
IFOHMJLD_02689	CDS	405				hypothetical protein
IFOHMJLD_02690	gene	1227				
IFOHMJLD_02690	CDS	1227				hypothetical protein
IFOHMJLD_02691	gene	369				
IFOHMJLD_02691	CDS	369				hypothetical protein
IFOHMJLD_02692	gene	1335	potD			
IFOHMJLD_02692	CDS	1335	potD		COG0687	Spermidine/putrescine-binding periplasmic protein
IFOHMJLD_02693	gene	789	potC			
IFOHMJLD_02693	CDS	789	potC		COG1177	Spermidine/putrescine transport system permease protein PotC
IFOHMJLD_02694	gene	798	potH			
IFOHMJLD_02694	CDS	798	potH		COG1176	Putrescine transport system permease protein PotH
IFOHMJLD_02695	gene	1380	uup_2			
IFOHMJLD_02695	CDS	1380	uup_2	3.6.1.-		ATP-binding protein Uup
IFOHMJLD_02696	gene	1140	resA_7			
IFOHMJLD_02696	CDS	1140	resA_7			Thiol-disulfide oxidoreductase ResA
IFOHMJLD_02697	gene	651				
IFOHMJLD_02697	CDS	651				hypothetical protein
IFOHMJLD_02698	gene	2565	glgP_2			
IFOHMJLD_02698	CDS	2565	glgP_2	2.4.1.1	COG0058	Glycogen phosphorylase
IFOHMJLD_02699	gene	1662				
IFOHMJLD_02699	CDS	1662				hypothetical protein
IFOHMJLD_02700	gene	462	ntpK			
IFOHMJLD_02700	CDS	462	ntpK		COG0636	V-type sodium ATPase subunit K
IFOHMJLD_02701	gene	1818	ntpI			
IFOHMJLD_02701	CDS	1818	ntpI		COG1269	V-type sodium ATPase subunit I
IFOHMJLD_02702	gene	606	atpD_1			
IFOHMJLD_02702	CDS	606	atpD_1			A-type ATP synthase subunit D
IFOHMJLD_02703	gene	1320	ntpB			
IFOHMJLD_02703	CDS	1320	ntpB		COG1156	V-type sodium ATPase subunit B
IFOHMJLD_02704	gene	1758	atpA_1			
IFOHMJLD_02704	CDS	1758	atpA_1	7.1.2.2	COG1155	V-type ATP synthase alpha chain
IFOHMJLD_02705	gene	840				
IFOHMJLD_02705	CDS	840				hypothetical protein
IFOHMJLD_02706	gene	591	atpE			
IFOHMJLD_02706	CDS	591	atpE			A-type ATP synthase subunit E
IFOHMJLD_02707	gene	393	ogt			
IFOHMJLD_02707	CDS	393	ogt	2.1.1.63	COG0350	Methylated-DNA--protein-cysteine methyltransferase
IFOHMJLD_02708	gene	855	ada			
IFOHMJLD_02708	CDS	855	ada		COG0350	Bifunctional transcriptional activator/DNA repair enzyme Ada
IFOHMJLD_02709	gene	837				
IFOHMJLD_02709	CDS	837				hypothetical protein
IFOHMJLD_02710	gene	588				
IFOHMJLD_02710	CDS	588		2.3.1.-		Putative acetyltransferase
IFOHMJLD_02711	gene	651				
IFOHMJLD_02711	CDS	651				hypothetical protein
IFOHMJLD_02712	gene	513				
IFOHMJLD_02712	CDS	513				hypothetical protein
IFOHMJLD_02713	gene	2298	btuB_8			
IFOHMJLD_02713	CDS	2298	btuB_8			Vitamin B12 transporter BtuB
IFOHMJLD_02714	gene	1383				
IFOHMJLD_02714	CDS	1383				hypothetical protein
IFOHMJLD_02715	gene	1506	napF			
IFOHMJLD_02715	CDS	1506	napF			Ferredoxin-type protein NapF
IFOHMJLD_02716	gene	756	lytR_2			
IFOHMJLD_02716	CDS	756	lytR_2		COG3279	Transcriptional regulatory protein LytR
IFOHMJLD_02717	gene	1056				
IFOHMJLD_02717	CDS	1056				hypothetical protein
IFOHMJLD_02718	gene	93				
IFOHMJLD_02718	CDS	93				hypothetical protein
IFOHMJLD_02719	gene	561	nudF			
IFOHMJLD_02719	CDS	561	nudF	3.6.1.13	COG0494	ADP-ribose pyrophosphatase
IFOHMJLD_02720	gene	2526				
IFOHMJLD_02720	CDS	2526				hypothetical protein
IFOHMJLD_02721	gene	162				
IFOHMJLD_02721	CDS	162				hypothetical protein
IFOHMJLD_02722	gene	492				
IFOHMJLD_02722	CDS	492				hypothetical protein
IFOHMJLD_02723	gene	621				
IFOHMJLD_02723	CDS	621				hypothetical protein
IFOHMJLD_02724	gene	2082				
IFOHMJLD_02724	CDS	2082				hypothetical protein
IFOHMJLD_02725	gene	2139				
IFOHMJLD_02725	CDS	2139				hypothetical protein
IFOHMJLD_02726	gene	960				
IFOHMJLD_02726	CDS	960				hypothetical protein
IFOHMJLD_02727	gene	120				
IFOHMJLD_02727	CDS	120				hypothetical protein
IFOHMJLD_02728	gene	120				
IFOHMJLD_02728	CDS	120				hypothetical protein
IFOHMJLD_02729	gene	663				
IFOHMJLD_02729	CDS	663				hypothetical protein
IFOHMJLD_02730	gene	564	pduO			
IFOHMJLD_02730	CDS	564	pduO			Corrinoid adenosyltransferase PduO
IFOHMJLD_02731	gene	222				
IFOHMJLD_02731	CDS	222				hypothetical protein
IFOHMJLD_02732	gene	1188				
IFOHMJLD_02732	CDS	1188				hypothetical protein
IFOHMJLD_02733	gene	1059	ansB			
IFOHMJLD_02733	CDS	1059	ansB	3.5.1.1	COG0252	L-asparaginase 2
IFOHMJLD_02734	gene	1311	dcuA			
IFOHMJLD_02734	CDS	1311	dcuA		COG2704	C4-dicarboxylate transporter DcuA
IFOHMJLD_02735	gene	1434				
IFOHMJLD_02735	CDS	1434		4.3.1.1		Aspartate ammonia-lyase
IFOHMJLD_02736	gene	1161				
IFOHMJLD_02736	CDS	1161				hypothetical protein
IFOHMJLD_02737	gene	89				
IFOHMJLD_02737	tRNA	89				tRNA-Ser(cga)
IFOHMJLD_02738	gene	579				
IFOHMJLD_02738	CDS	579				hypothetical protein
IFOHMJLD_02739	gene	2496	priA			
IFOHMJLD_02739	CDS	2496	priA	5.6.2.4	COG1198	Replication restart protein PriA
IFOHMJLD_02740	gene	1800				
IFOHMJLD_02740	CDS	1800				hypothetical protein
IFOHMJLD_02741	gene	474				
IFOHMJLD_02741	CDS	474		3.1.3.48	COG0394	Putative low molecular weight protein-tyrosine-phosphatase
IFOHMJLD_02742	gene	2058	rny_1			
IFOHMJLD_02742	CDS	2058	rny_1	3.1.-.-		Ribonuclease Y
IFOHMJLD_02743	gene	1518	gltX			
IFOHMJLD_02743	CDS	1518	gltX	6.1.1.17		Glutamate--tRNA ligase
IFOHMJLD_02744	gene	1221	waaA			
IFOHMJLD_02744	CDS	1221	waaA	2.4.99.12	COG1519	3-deoxy-D-manno-octulosonic acid transferase
IFOHMJLD_02745	gene	513				
IFOHMJLD_02745	CDS	513		4.2.1.1	COG0663	Carbonic anhydrase
IFOHMJLD_02746	gene	1779				
IFOHMJLD_02746	CDS	1779				hypothetical protein
IFOHMJLD_02747	gene	237	rpsU			
IFOHMJLD_02747	CDS	237	rpsU			Small ribosomal subunit protein bS21
IFOHMJLD_02748	gene	882	xerD_2			
IFOHMJLD_02748	CDS	882	xerD_2			Tyrosine recombinase XerD
IFOHMJLD_02749	gene	300	hpf			
IFOHMJLD_02749	CDS	300	hpf			Ribosome hibernation promoting factor
IFOHMJLD_02750	gene	75				
IFOHMJLD_02750	tRNA	75				tRNA-Thr(tgt)
IFOHMJLD_02751	gene	84				
IFOHMJLD_02751	tRNA	84				tRNA-Tyr(gta)
IFOHMJLD_02752	gene	74				
IFOHMJLD_02752	tRNA	74				tRNA-Gly(tcc)
IFOHMJLD_02753	gene	73				
IFOHMJLD_02753	tRNA	73				tRNA-Thr(ggt)
IFOHMJLD_02754	gene	1185	tufA			
IFOHMJLD_02754	CDS	1185	tufA	3.6.5.3		Elongation factor Tu
IFOHMJLD_02755	gene	74				
IFOHMJLD_02755	tRNA	74				tRNA-Trp(cca)
IFOHMJLD_02756	gene	543	nusG			
IFOHMJLD_02756	CDS	543	nusG		COG0250	Transcription termination/antitermination protein NusG
IFOHMJLD_02757	gene	444	rplK			
IFOHMJLD_02757	CDS	444	rplK		COG0080	Large ribosomal subunit protein uL11
IFOHMJLD_02758	gene	699	rplA			
IFOHMJLD_02758	CDS	699	rplA			Large ribosomal subunit protein uL1
IFOHMJLD_02759	gene	513	rplJ			
IFOHMJLD_02759	CDS	513	rplJ		COG0244	Large ribosomal subunit protein uL10
IFOHMJLD_02760	gene	375	rplL			
IFOHMJLD_02760	CDS	375	rplL			Large ribosomal subunit protein bL12
IFOHMJLD_02761	gene	3813	rpoB			
IFOHMJLD_02761	CDS	3813	rpoB			DNA-directed RNA polymerase subunit beta RpoB
IFOHMJLD_02762	gene	4284	rpoC			
IFOHMJLD_02762	CDS	4284	rpoC	2.7.7.6	COG0086	DNA-directed RNA polymerase subunit beta'
IFOHMJLD_02763	gene	1137	wecH_2			
IFOHMJLD_02763	CDS	1137	wecH_2	2.3.1.-		O-acetyltransferase WecH
IFOHMJLD_02764	gene	525				
IFOHMJLD_02764	CDS	525				hypothetical protein
IFOHMJLD_02765	gene	246				
IFOHMJLD_02765	CDS	246				hypothetical protein
IFOHMJLD_02766	gene	261				
IFOHMJLD_02766	CDS	261				hypothetical protein
IFOHMJLD_02767	gene	306				
IFOHMJLD_02767	CDS	306				hypothetical protein
IFOHMJLD_02768	gene	402	rpsL			
IFOHMJLD_02768	CDS	402	rpsL			Small ribosomal subunit protein uS12
IFOHMJLD_02769	gene	477	rpsG			
IFOHMJLD_02769	CDS	477	rpsG			Small ribosomal subunit protein uS7
IFOHMJLD_02770	gene	2118	fusA_2			
IFOHMJLD_02770	CDS	2118	fusA_2			Elongation factor G
IFOHMJLD_02771	gene	306	rpsJ			
IFOHMJLD_02771	CDS	306	rpsJ		COG0051	Small ribosomal subunit protein uS10
IFOHMJLD_02772	gene	618	rplC			
IFOHMJLD_02772	CDS	618	rplC		COG0087	Large ribosomal subunit protein uL3
IFOHMJLD_02773	gene	627	rplD			
IFOHMJLD_02773	CDS	627	rplD			Large ribosomal subunit protein uL4
IFOHMJLD_02774	gene	291	rplW			
IFOHMJLD_02774	CDS	291	rplW		COG0089	Large ribosomal subunit protein uL23
IFOHMJLD_02775	gene	825	rplB			
IFOHMJLD_02775	CDS	825	rplB		COG0090	Large ribosomal subunit protein uL2
IFOHMJLD_02776	gene	270	rpsS			
IFOHMJLD_02776	CDS	270	rpsS			Small ribosomal subunit protein uS19
IFOHMJLD_02777	gene	411	rplV			
IFOHMJLD_02777	CDS	411	rplV		COG0091	Large ribosomal subunit protein uL22
IFOHMJLD_02778	gene	735	rpsC			
IFOHMJLD_02778	CDS	735	rpsC		COG0092	Small ribosomal subunit protein uS3
IFOHMJLD_02779	gene	435	rplP			
IFOHMJLD_02779	CDS	435	rplP		COG0197	Large ribosomal subunit protein uL16
IFOHMJLD_02780	gene	198	rpmC			
IFOHMJLD_02780	CDS	198	rpmC		COG0255	Large ribosomal subunit protein uL29
IFOHMJLD_02781	gene	258	rpsQ			
IFOHMJLD_02781	CDS	258	rpsQ			Small ribosomal subunit protein uS17
IFOHMJLD_02782	gene	366	rplN			
IFOHMJLD_02782	CDS	366	rplN		COG0093	Large ribosomal subunit protein uL14
IFOHMJLD_02783	gene	321	rplX			
IFOHMJLD_02783	CDS	321	rplX		COG0198	Large ribosomal subunit protein uL24
IFOHMJLD_02784	gene	558	rplE			
IFOHMJLD_02784	CDS	558	rplE		COG0094	Large ribosomal subunit protein uL5
IFOHMJLD_02785	gene	300	rpsN			
IFOHMJLD_02785	CDS	300	rpsN		COG0199	Small ribosomal subunit protein uS14
IFOHMJLD_02786	gene	396	rpsH			
IFOHMJLD_02786	CDS	396	rpsH		COG0096	Small ribosomal subunit protein uS8
IFOHMJLD_02787	gene	570	rplF			
IFOHMJLD_02787	CDS	570	rplF		COG0097	Large ribosomal subunit protein uL6
IFOHMJLD_02788	gene	345	rplR			
IFOHMJLD_02788	CDS	345	rplR		COG0256	Large ribosomal subunit protein uL18
IFOHMJLD_02789	gene	519	rpsE			
IFOHMJLD_02789	CDS	519	rpsE		COG0098	Small ribosomal subunit protein uS5
IFOHMJLD_02790	gene	177	rpmD			
IFOHMJLD_02790	CDS	177	rpmD		COG1841	Large ribosomal subunit protein uL30
IFOHMJLD_02791	gene	447	rplO			
IFOHMJLD_02791	CDS	447	rplO		COG0200	Large ribosomal subunit protein uL15
IFOHMJLD_02792	gene	1347	secY			
IFOHMJLD_02792	CDS	1347	secY		COG0201	Protein translocase subunit SecY
IFOHMJLD_02793	gene	798	map_1			
IFOHMJLD_02793	CDS	798	map_1	3.4.11.18	COG0024	Methionine aminopeptidase 1
IFOHMJLD_02794	gene	219	infA			
IFOHMJLD_02794	CDS	219	infA		COG0361	Translation initiation factor IF-1
IFOHMJLD_02795	gene	117	rpmJ			
IFOHMJLD_02795	CDS	117	rpmJ		COG0257	Large ribosomal subunit protein bL36
IFOHMJLD_02796	gene	381	rpsM			
IFOHMJLD_02796	CDS	381	rpsM			Small ribosomal subunit protein uS13
IFOHMJLD_02797	gene	390	rpsK			
IFOHMJLD_02797	CDS	390	rpsK		COG0100	Small ribosomal subunit protein uS11
IFOHMJLD_02798	gene	153				
IFOHMJLD_02798	CDS	153				hypothetical protein
IFOHMJLD_02799	gene	606	rpsD			
IFOHMJLD_02799	CDS	606	rpsD			Small ribosomal subunit protein uS4
IFOHMJLD_02800	gene	993	rpoA			
IFOHMJLD_02800	CDS	993	rpoA	2.7.7.6	COG0202	DNA-directed RNA polymerase subunit alpha
IFOHMJLD_02801	gene	486	rplQ			
IFOHMJLD_02801	CDS	486	rplQ			Large ribosomal subunit protein bL17
IFOHMJLD_02802	gene	378				
IFOHMJLD_02802	CDS	378				hypothetical protein
IFOHMJLD_02803	gene	540				
IFOHMJLD_02803	CDS	540				hypothetical protein
IFOHMJLD_02804	gene	1815	mutS_2			
IFOHMJLD_02804	CDS	1815	mutS_2			DNA mismatch repair protein MutS
IFOHMJLD_02805	gene	633				
IFOHMJLD_02805	CDS	633				hypothetical protein
IFOHMJLD_02806	gene	1983	hutU			
IFOHMJLD_02806	CDS	1983	hutU	4.2.1.49		Urocanate hydratase
IFOHMJLD_02807	gene	903				
IFOHMJLD_02807	CDS	903		2.1.2.5		Glutamate formimidoyltransferase
IFOHMJLD_02808	gene	1254	hutI			
IFOHMJLD_02808	CDS	1254	hutI	3.5.2.7	COG1228	Imidazolonepropionase
IFOHMJLD_02809	gene	630	fchA			
IFOHMJLD_02809	CDS	630	fchA	3.5.4.9	COG3404	Methenyltetrahydrofolate cyclohydrolase
IFOHMJLD_02810	gene	1497	hutH			
IFOHMJLD_02810	CDS	1497	hutH	4.3.1.3	COG2986	Histidine ammonia-lyase
IFOHMJLD_02811	gene	645				
IFOHMJLD_02811	CDS	645				hypothetical protein
IFOHMJLD_02812	gene	1353	tolC			
IFOHMJLD_02812	CDS	1353	tolC		COG1538	Outer membrane protein TolC
IFOHMJLD_02813	gene	1017	srpA			
IFOHMJLD_02813	CDS	1017	srpA			Solvent efflux pump periplasmic linker SrpA
IFOHMJLD_02814	gene	3159	mdtB_2			
IFOHMJLD_02814	CDS	3159	mdtB_2			Multidrug resistance protein MdtB
IFOHMJLD_02815	gene	294				
IFOHMJLD_02815	CDS	294				hypothetical protein
IFOHMJLD_02816	gene	1374				
IFOHMJLD_02816	CDS	1374				hypothetical protein
IFOHMJLD_02817	gene	897				
IFOHMJLD_02817	CDS	897				hypothetical protein
IFOHMJLD_02818	gene	1488				
IFOHMJLD_02818	CDS	1488				hypothetical protein
IFOHMJLD_02819	gene	576				
IFOHMJLD_02819	CDS	576				hypothetical protein
IFOHMJLD_02820	gene	963				
IFOHMJLD_02820	CDS	963				hypothetical protein
IFOHMJLD_02821	gene	2481				
IFOHMJLD_02821	CDS	2481				hypothetical protein
IFOHMJLD_02822	gene	144				
IFOHMJLD_02822	CDS	144				hypothetical protein
IFOHMJLD_02823	gene	1230	xerC_15			
IFOHMJLD_02823	CDS	1230	xerC_15			Tyrosine recombinase XerC
IFOHMJLD_02824	gene	1212	xerC_16			
IFOHMJLD_02824	CDS	1212	xerC_16			Tyrosine recombinase XerC
IFOHMJLD_02825	gene	294				
IFOHMJLD_02825	CDS	294				hypothetical protein
IFOHMJLD_02826	gene	120				
IFOHMJLD_02826	CDS	120				hypothetical protein
IFOHMJLD_02827	gene	3549				
IFOHMJLD_02827	CDS	3549				hypothetical protein
IFOHMJLD_02828	gene	732				
IFOHMJLD_02828	CDS	732				hypothetical protein
IFOHMJLD_02829	gene	273				
IFOHMJLD_02829	CDS	273				hypothetical protein
IFOHMJLD_02830	gene	2193				
IFOHMJLD_02830	CDS	2193				hypothetical protein
IFOHMJLD_02831	gene	2202				
IFOHMJLD_02831	CDS	2202				hypothetical protein
IFOHMJLD_02832	gene	2148				
IFOHMJLD_02832	CDS	2148				hypothetical protein
IFOHMJLD_02833	gene	1563				
IFOHMJLD_02833	CDS	1563				hypothetical protein
IFOHMJLD_02834	gene	1272				
IFOHMJLD_02834	CDS	1272				hypothetical protein
IFOHMJLD_02835	gene	2871				
IFOHMJLD_02835	CDS	2871				hypothetical protein
IFOHMJLD_02836	gene	105				
IFOHMJLD_02836	CDS	105				hypothetical protein
IFOHMJLD_02837	gene	1881				
IFOHMJLD_02837	CDS	1881				hypothetical protein
IFOHMJLD_02838	gene	789				
IFOHMJLD_02838	CDS	789				Iron-sulfur cluster carrier protein
IFOHMJLD_02839	gene	405				
IFOHMJLD_02839	CDS	405				hypothetical protein
IFOHMJLD_02840	gene	417				
IFOHMJLD_02840	CDS	417				hypothetical protein
IFOHMJLD_02841	gene	273				
IFOHMJLD_02841	CDS	273				hypothetical protein
IFOHMJLD_02842	gene	567				
IFOHMJLD_02842	CDS	567				hypothetical protein
IFOHMJLD_02843	gene	759	fpuD			
IFOHMJLD_02843	CDS	759	fpuD	7.2.2.-		Petrobactin import ATP-binding protein FpuD
IFOHMJLD_02844	gene	981	hmuU_2			
IFOHMJLD_02844	CDS	981	hmuU_2		COG0609	Hemin transport system permease protein HmuU
IFOHMJLD_02845	gene	1140				
IFOHMJLD_02845	CDS	1140				hypothetical protein
IFOHMJLD_02846	gene	2079	btuB_9			
IFOHMJLD_02846	CDS	2079	btuB_9			Vitamin B12 transporter BtuB
IFOHMJLD_02847	gene	1101				
IFOHMJLD_02847	CDS	1101				hypothetical protein
IFOHMJLD_02848	gene	2091				
IFOHMJLD_02848	CDS	2091				hypothetical protein
IFOHMJLD_02849	gene	1782				
IFOHMJLD_02849	CDS	1782				hypothetical protein
IFOHMJLD_02850	gene	918				
IFOHMJLD_02850	CDS	918				hypothetical protein
IFOHMJLD_02851	gene	894				
IFOHMJLD_02851	CDS	894				hypothetical protein
IFOHMJLD_02852	gene	777				
IFOHMJLD_02852	CDS	777				hypothetical protein
IFOHMJLD_02853	gene	1275	clsA_2			
IFOHMJLD_02853	CDS	1275	clsA_2	2.7.8.-	COG1502	Major cardiolipin synthase ClsA
IFOHMJLD_02854	gene	330				
IFOHMJLD_02854	CDS	330				hypothetical protein
IFOHMJLD_02855	gene	549	algU_2			
IFOHMJLD_02855	CDS	549	algU_2			RNA polymerase sigma-H factor
IFOHMJLD_02856	gene	627				
IFOHMJLD_02856	CDS	627				hypothetical protein
IFOHMJLD_02857	gene	573				
IFOHMJLD_02857	CDS	573				hypothetical protein
IFOHMJLD_02858	gene	1419	rsmF			
IFOHMJLD_02858	CDS	1419	rsmF	2.1.1.178	COG0144	Ribosomal RNA small subunit methyltransferase F
IFOHMJLD_02859	gene	747				
IFOHMJLD_02859	CDS	747				hypothetical protein
IFOHMJLD_02860	gene	1179				
IFOHMJLD_02860	CDS	1179				hypothetical protein
IFOHMJLD_02861	gene	3087	czcA_1			
IFOHMJLD_02861	CDS	3087	czcA_1			Cobalt-zinc-cadmium resistance protein CzcA
IFOHMJLD_02862	gene	1239	mdtA_4			
IFOHMJLD_02862	CDS	1239	mdtA_4			Multidrug resistance protein MdtA
IFOHMJLD_02863	gene	405				
IFOHMJLD_02863	CDS	405				hypothetical protein
IFOHMJLD_02864	gene	276				
IFOHMJLD_02864	CDS	276				hypothetical protein
IFOHMJLD_02865	gene	1635	yheS_1			
IFOHMJLD_02865	CDS	1635	yheS_1		COG0488	putative ATP-binding protein YheS
IFOHMJLD_02866	gene	399	divK			
IFOHMJLD_02866	CDS	399	divK			Polar-differentiation response regulator DivK
IFOHMJLD_02867	gene	2250				
IFOHMJLD_02867	CDS	2250				hypothetical protein
IFOHMJLD_02868	gene	2076	ppk_2			
IFOHMJLD_02868	CDS	2076	ppk_2	2.7.4.1	COG0855	Polyphosphate kinase
IFOHMJLD_02869	gene	492				
IFOHMJLD_02869	CDS	492				hypothetical protein
IFOHMJLD_02870	gene	864	rffH_3			
IFOHMJLD_02870	CDS	864	rffH_3	2.7.7.24	COG1209	Glucose-1-phosphate thymidylyltransferase 2
IFOHMJLD_02871	gene	1140	rffG			
IFOHMJLD_02871	CDS	1140	rffG	4.2.1.46	COG1088	dTDP-glucose 4,6-dehydratase 2
IFOHMJLD_02872	gene	897	menA			
IFOHMJLD_02872	CDS	897	menA	2.5.1.74	COG1575	1,4-dihydroxy-2-naphthoate octaprenyltransferase
IFOHMJLD_02873	gene	1107				
IFOHMJLD_02873	CDS	1107				hypothetical protein
IFOHMJLD_02874	gene	591	nadD			
IFOHMJLD_02874	CDS	591	nadD	2.7.7.18	COG1057	Nicotinate-nucleotide adenylyltransferase
IFOHMJLD_02875	gene	615	gmk			
IFOHMJLD_02875	CDS	615	gmk	2.7.4.8	COG0194	Guanylate kinase
IFOHMJLD_02876	gene	900	yloC			
IFOHMJLD_02876	CDS	900	yloC	3.1.26.-	COG1561	Endoribonuclease YloC
IFOHMJLD_02877	gene	204				
IFOHMJLD_02877	CDS	204				hypothetical protein
IFOHMJLD_02878	gene	1629				
IFOHMJLD_02878	CDS	1629				hypothetical protein
IFOHMJLD_02879	gene	1308	sasA_10			
IFOHMJLD_02879	CDS	1308	sasA_10	2.7.13.3		Adaptive-response sensory-kinase SasA
IFOHMJLD_02880	gene	690	tsaB			
IFOHMJLD_02880	CDS	690	tsaB			tRNA threonylcarbamoyladenosine biosynthesis protein TsaB
IFOHMJLD_02881	gene	618				
IFOHMJLD_02881	CDS	618				hypothetical protein
IFOHMJLD_02882	gene	1305	murA			
IFOHMJLD_02882	CDS	1305	murA	2.5.1.7	COG0766	UDP-N-acetylglucosamine 1-carboxyvinyltransferase
IFOHMJLD_02883	gene	543	rimM			
IFOHMJLD_02883	CDS	543	rimM			Ribosome maturation factor RimM
IFOHMJLD_02884	gene	861				
IFOHMJLD_02884	CDS	861				hypothetical protein
IFOHMJLD_02885	gene	1167	dxr			
IFOHMJLD_02885	CDS	1167	dxr	1.1.1.267	COG0743	1-deoxy-D-xylulose 5-phosphate reductoisomerase
IFOHMJLD_02886	gene	1356				
IFOHMJLD_02886	CDS	1356		3.4.24.-	COG0750	Putative zinc metalloprotease
IFOHMJLD_02887	gene	879				
IFOHMJLD_02887	CDS	879				hypothetical protein
IFOHMJLD_02888	gene	792	phnX			
IFOHMJLD_02888	CDS	792	phnX	3.11.1.1		Phosphonoacetaldehyde hydrolase
IFOHMJLD_02889	gene	1089	phnW			
IFOHMJLD_02889	CDS	1089	phnW	2.6.1.37		2-aminoethylphosphonate--pyruvate transaminase
IFOHMJLD_02890	gene	1548	mdtD			
IFOHMJLD_02890	CDS	1548	mdtD			Putative multidrug resistance protein MdtD
IFOHMJLD_02891	gene	465	nrdG			
IFOHMJLD_02891	CDS	465	nrdG	1.97.1.-	COG0602	Anaerobic ribonucleoside-triphosphate reductase-activating protein
IFOHMJLD_02892	gene	2394	nrdD			
IFOHMJLD_02892	CDS	2394	nrdD	1.1.98.6	COG1328	Anaerobic ribonucleoside-triphosphate reductase
IFOHMJLD_02893	gene	651				
IFOHMJLD_02893	CDS	651				hypothetical protein
IFOHMJLD_02894	gene	924	ddh			
IFOHMJLD_02894	CDS	924	ddh	1.4.1.16	COG0673	Meso-diaminopimelate D-dehydrogenase
IFOHMJLD_02895	gene	603	ruvA			
IFOHMJLD_02895	CDS	603	ruvA			Holliday junction branch migration complex subunit RuvA
IFOHMJLD_02896	gene	525				
IFOHMJLD_02896	CDS	525				hypothetical protein
IFOHMJLD_02897	gene	738				
IFOHMJLD_02897	CDS	738				hypothetical protein
IFOHMJLD_02898	gene	354				
IFOHMJLD_02898	CDS	354				hypothetical protein
IFOHMJLD_02899	gene	546	yncA			
IFOHMJLD_02899	CDS	546	yncA	2.3.1.-		L-methionine sulfoximine/L-methionine sulfone acetyltransferase
IFOHMJLD_02900	gene	1005				
IFOHMJLD_02900	CDS	1005				hypothetical protein
IFOHMJLD_02901	gene	141				
IFOHMJLD_02901	CDS	141				hypothetical protein
IFOHMJLD_02902	gene	702	rpiA			
IFOHMJLD_02902	CDS	702	rpiA	5.3.1.6	COG0120	Ribose-5-phosphate isomerase A
IFOHMJLD_02903	gene	471				
IFOHMJLD_02903	CDS	471				hypothetical protein
IFOHMJLD_02904	gene	246				
IFOHMJLD_02904	CDS	246				hypothetical protein
IFOHMJLD_02905	gene	2160				
IFOHMJLD_02905	CDS	2160				hypothetical protein
IFOHMJLD_02906	gene	393				
IFOHMJLD_02906	CDS	393				hypothetical protein
IFOHMJLD_02907	gene	627				
IFOHMJLD_02907	CDS	627				hypothetical protein
IFOHMJLD_02908	gene	486				
IFOHMJLD_02908	CDS	486				hypothetical protein
IFOHMJLD_02909	gene	1098	tagO_2			
IFOHMJLD_02909	CDS	1098	tagO_2	2.7.8.33	COG0472	putative undecaprenyl-phosphate N-acetylglucosaminyl 1-phosphate transferase
IFOHMJLD_02910	gene	1344	spnQ_1			
IFOHMJLD_02910	CDS	1344	spnQ_1	4.2.1.164		dTDP-4-dehydro-2,6-dideoxy-D-glucose 3-dehydratase
IFOHMJLD_02911	gene	777	rfbF_1			
IFOHMJLD_02911	CDS	777	rfbF_1	2.7.7.33	COG1208	Glucose-1-phosphate cytidylyltransferase
IFOHMJLD_02912	gene	1080	rfbG_1			
IFOHMJLD_02912	CDS	1080	rfbG_1	4.2.1.45		CDP-glucose 4,6-dehydratase
IFOHMJLD_02913	gene	900	rmd			
IFOHMJLD_02913	CDS	900	rmd	1.1.1.281		GDP-6-deoxy-D-mannose reductase
IFOHMJLD_02914	gene	1029	rfbE			
IFOHMJLD_02914	CDS	1029	rfbE	5.1.3.10	COG0451	CDP-paratose 2-epimerase
IFOHMJLD_02915	gene	1365				
IFOHMJLD_02915	CDS	1365				hypothetical protein
IFOHMJLD_02916	gene	936				
IFOHMJLD_02916	CDS	936				hypothetical protein
IFOHMJLD_02917	gene	1197				
IFOHMJLD_02917	CDS	1197				hypothetical protein
IFOHMJLD_02918	gene	936				
IFOHMJLD_02918	CDS	936				hypothetical protein
IFOHMJLD_02919	gene	1110				
IFOHMJLD_02919	CDS	1110				hypothetical protein
IFOHMJLD_02920	gene	696				
IFOHMJLD_02920	CDS	696				hypothetical protein
IFOHMJLD_02921	gene	813	wbbD			
IFOHMJLD_02921	CDS	813	wbbD	2.4.1.303		UDP-Gal:alpha-D-GlcNAc-diphosphoundecaprenol beta-1,3-galactosyltransferase
IFOHMJLD_02922	gene	888	rffH_4			
IFOHMJLD_02922	CDS	888	rffH_4	2.7.7.24	COG1209	Glucose-1-phosphate thymidylyltransferase 2
IFOHMJLD_02923	gene	543	rfbC_3			
IFOHMJLD_02923	CDS	543	rfbC_3	5.1.3.13		dTDP-4-dehydrorhamnose 3,5-epimerase
IFOHMJLD_02924	gene	717				
IFOHMJLD_02924	CDS	717				hypothetical protein
IFOHMJLD_02925	gene	441				
IFOHMJLD_02925	CDS	441				hypothetical protein
IFOHMJLD_02926	gene	951				
IFOHMJLD_02926	CDS	951				hypothetical protein
IFOHMJLD_02927	gene	828				
IFOHMJLD_02927	CDS	828				hypothetical protein
IFOHMJLD_02928	gene	843				
IFOHMJLD_02928	CDS	843				hypothetical protein
IFOHMJLD_02929	gene	1446	cca			
IFOHMJLD_02929	CDS	1446	cca	2.7.7.72		CCA-adding enzyme
IFOHMJLD_02930	gene	2103				
IFOHMJLD_02930	CDS	2103				hypothetical protein
IFOHMJLD_02931	gene	2766	bepA_4			
IFOHMJLD_02931	CDS	2766	bepA_4	3.4.-.-		Beta-barrel assembly-enhancing protease
IFOHMJLD_02932	gene	1164	ypdF			
IFOHMJLD_02932	CDS	1164	ypdF	3.4.11.-	COG0006	Aminopeptidase YpdF
IFOHMJLD_02933	gene	1338	gdhB			
IFOHMJLD_02933	CDS	1338	gdhB	1.4.1.2		NAD-specific glutamate dehydrogenase
IFOHMJLD_02934	gene	2088				
IFOHMJLD_02934	CDS	2088		3.4.21.26	COG1505	Prolyl endopeptidase
IFOHMJLD_02935	gene	2970				
IFOHMJLD_02935	CDS	2970				hypothetical protein
IFOHMJLD_02936	gene	792				
IFOHMJLD_02936	CDS	792				hypothetical protein
IFOHMJLD_02937	gene	1329				
IFOHMJLD_02937	CDS	1329				hypothetical protein
IFOHMJLD_02938	gene	1791				
IFOHMJLD_02938	CDS	1791				hypothetical protein
IFOHMJLD_02939	gene	726				
IFOHMJLD_02939	CDS	726				hypothetical protein
IFOHMJLD_02940	gene	1611				
IFOHMJLD_02940	CDS	1611				hypothetical protein
IFOHMJLD_02941	gene	2112				
IFOHMJLD_02941	CDS	2112				hypothetical protein
IFOHMJLD_02942	gene	678				
IFOHMJLD_02942	CDS	678				hypothetical protein
IFOHMJLD_02943	gene	174				
IFOHMJLD_02943	CDS	174				hypothetical protein
IFOHMJLD_02944	gene	933				
IFOHMJLD_02944	CDS	933				hypothetical protein
IFOHMJLD_02945	gene	627				
IFOHMJLD_02945	CDS	627		3.4.21.-	COG3340	putative peptidase
IFOHMJLD_02946	gene	456				
IFOHMJLD_02946	CDS	456				hypothetical protein
IFOHMJLD_02947	gene	321				
IFOHMJLD_02947	CDS	321				hypothetical protein
IFOHMJLD_02948	gene	1032				
IFOHMJLD_02948	CDS	1032				hypothetical protein
IFOHMJLD_02949	gene	1182				
IFOHMJLD_02949	CDS	1182				hypothetical protein
IFOHMJLD_02950	gene	1041				
IFOHMJLD_02950	CDS	1041				hypothetical protein
IFOHMJLD_02951	gene	1629				
IFOHMJLD_02951	CDS	1629				hypothetical protein
IFOHMJLD_02952	gene	3270				
IFOHMJLD_02952	CDS	3270			COG4771	TonB-dependent receptor P3
IFOHMJLD_02953	gene	990				
IFOHMJLD_02953	CDS	990				hypothetical protein
IFOHMJLD_02954	gene	537				
IFOHMJLD_02954	CDS	537				hypothetical protein
IFOHMJLD_02955	gene	1335	gdhA			
IFOHMJLD_02955	CDS	1335	gdhA	1.4.1.3		NAD(P)-specific glutamate dehydrogenase
IFOHMJLD_02956	gene	177				
IFOHMJLD_02956	CDS	177				hypothetical protein
IFOHMJLD_02957	gene	2289	maeB			
IFOHMJLD_02957	CDS	2289	maeB	1.1.1.40	COG0280	NADP-dependent malic enzyme
IFOHMJLD_02958	gene	396				
IFOHMJLD_02958	CDS	396				hypothetical protein
IFOHMJLD_02959	gene	294				
IFOHMJLD_02959	CDS	294				hypothetical protein
IFOHMJLD_02960	gene	1536	rny_2			
IFOHMJLD_02960	CDS	1536	rny_2	3.1.-.-	COG1418	Ribonuclease Y
IFOHMJLD_02961	gene	756	cutC			
IFOHMJLD_02961	CDS	756	cutC			PF03932 family protein CutC
IFOHMJLD_02962	gene	483				
IFOHMJLD_02962	CDS	483				hypothetical protein
IFOHMJLD_02963	gene	1170	wecH_3			
IFOHMJLD_02963	CDS	1170	wecH_3	2.3.1.-		O-acetyltransferase WecH
IFOHMJLD_02964	gene	567	mtnN			
IFOHMJLD_02964	CDS	567	mtnN	3.2.2.9	COG0775	5'-methylthioadenosine/S-adenosylhomocysteine nucleosidase
IFOHMJLD_02965	gene	363	ybaN			
IFOHMJLD_02965	CDS	363	ybaN		COG2832	Inner membrane protein YbaN
IFOHMJLD_02966	gene	333	queD			
IFOHMJLD_02966	CDS	333	queD	4.1.2.50	COG0720	6-carboxy-5,6,7,8-tetrahydropterin synthase
IFOHMJLD_02967	gene	546	queE_1			
IFOHMJLD_02967	CDS	546	queE_1	4.3.99.3	COG0602	7-carboxy-7-deazaguanine synthase
IFOHMJLD_02968	gene	741	lutA			
IFOHMJLD_02968	CDS	741	lutA		COG0247	Lactate utilization protein A
IFOHMJLD_02969	gene	1386	lutB			
IFOHMJLD_02969	CDS	1386	lutB		COG1139	Lactate utilization protein B
IFOHMJLD_02970	gene	579	lutC			
IFOHMJLD_02970	CDS	579	lutC			Lactate utilization protein C
IFOHMJLD_02971	gene	924	pdxK			
IFOHMJLD_02971	CDS	924	pdxK	2.7.1.35	COG2240	Pyridoxine/pyridoxal/pyridoxamine kinase
IFOHMJLD_02972	gene	315				
IFOHMJLD_02972	CDS	315				hypothetical protein
IFOHMJLD_02973	gene	1827				
IFOHMJLD_02973	CDS	1827				hypothetical protein
IFOHMJLD_02974	gene	516				
IFOHMJLD_02974	CDS	516				hypothetical protein
IFOHMJLD_02975	gene	1167				
IFOHMJLD_02975	CDS	1167				hypothetical protein
IFOHMJLD_02976	gene	74				
IFOHMJLD_02976	tRNA	74				tRNA-Trp(cca)
IFOHMJLD_02977	gene	354	mgsR			
IFOHMJLD_02977	CDS	354	mgsR		COG1393	Regulatory protein MgsR
IFOHMJLD_02978	gene	591				
IFOHMJLD_02978	CDS	591				hypothetical protein
IFOHMJLD_02979	gene	708				
IFOHMJLD_02979	CDS	708				hypothetical protein
IFOHMJLD_02980	gene	1326	xanP			
IFOHMJLD_02980	CDS	1326	xanP		COG2233	Xanthine permease XanP
IFOHMJLD_02981	gene	2100				
IFOHMJLD_02981	CDS	2100				hypothetical protein
IFOHMJLD_02982	gene	153				
IFOHMJLD_02982	CDS	153				hypothetical protein
IFOHMJLD_02983	gene	567				
IFOHMJLD_02983	CDS	567				hypothetical protein
IFOHMJLD_02984	gene	969				
IFOHMJLD_02984	CDS	969				hypothetical protein
IFOHMJLD_02985	gene	3441				
IFOHMJLD_02985	CDS	3441			COG4771	TonB-dependent receptor P3
IFOHMJLD_02986	gene	750				
IFOHMJLD_02986	CDS	750			COG0702	SusD-like protein P25
IFOHMJLD_02987	gene	795				
IFOHMJLD_02987	CDS	795				hypothetical protein
IFOHMJLD_02988	gene	375				
IFOHMJLD_02988	CDS	375				hypothetical protein
IFOHMJLD_02989	gene	2037				
IFOHMJLD_02989	CDS	2037				hypothetical protein
IFOHMJLD_02990	gene	2190				
IFOHMJLD_02990	CDS	2190				hypothetical protein
IFOHMJLD_02991	gene	375	blaI			
IFOHMJLD_02991	CDS	375	blaI			Penicillinase repressor
IFOHMJLD_02992	gene	3282	tri1_3			
IFOHMJLD_02992	CDS	3282	tri1_3	3.4.21.-	COG0793	Tricorn protease 
IFOHMJLD_02993	gene	942	mdh_1			
IFOHMJLD_02993	CDS	942	mdh_1	1.1.1.37		Malate dehydrogenase
IFOHMJLD_02994	gene	873				
IFOHMJLD_02994	CDS	873				hypothetical protein
IFOHMJLD_02995	gene	942				
IFOHMJLD_02995	CDS	942				hypothetical protein
IFOHMJLD_02996	gene	555				
IFOHMJLD_02996	CDS	555				hypothetical protein
IFOHMJLD_02997	gene	2568				
IFOHMJLD_02997	CDS	2568				hypothetical protein
IFOHMJLD_02998	gene	1455				
IFOHMJLD_02998	CDS	1455				hypothetical protein
IFOHMJLD_02999	gene	993				
IFOHMJLD_02999	CDS	993				hypothetical protein
IFOHMJLD_03000	gene	1182				
IFOHMJLD_03000	CDS	1182				hypothetical protein
IFOHMJLD_03001	gene	1251				
IFOHMJLD_03001	CDS	1251				hypothetical protein
IFOHMJLD_03002	gene	366				
IFOHMJLD_03002	CDS	366				hypothetical protein
IFOHMJLD_03003	gene	1722				
IFOHMJLD_03003	CDS	1722				hypothetical protein
IFOHMJLD_03004	gene	1902	resA_8			
IFOHMJLD_03004	CDS	1902	resA_8			Thiol-disulfide oxidoreductase ResA
IFOHMJLD_03005	gene	1107	apbC			
IFOHMJLD_03005	CDS	1107	apbC			Iron-sulfur cluster carrier protein
IFOHMJLD_03006	gene	759	trmB			
IFOHMJLD_03006	CDS	759	trmB	2.1.1.33		tRNA (guanine-N(7)-)-methyltransferase
IFOHMJLD_03007	gene	807				
IFOHMJLD_03007	CDS	807				hypothetical protein
IFOHMJLD_03008	gene	1020	ilvE			
IFOHMJLD_03008	CDS	1020	ilvE	2.6.1.42	COG0115	Branched-chain-amino-acid aminotransferase
IFOHMJLD_03009	gene	213				
IFOHMJLD_03009	CDS	213				hypothetical protein
IFOHMJLD_03010	gene	1245	xseA			
IFOHMJLD_03010	CDS	1245	xseA	3.1.11.6	COG1570	Exodeoxyribonuclease 7 large subunit
IFOHMJLD_03011	gene	1356				
IFOHMJLD_03011	CDS	1356				hypothetical protein
IFOHMJLD_03012	gene	1089	mnmA_3			
IFOHMJLD_03012	CDS	1089	mnmA_3	2.8.1.13		tRNA-specific 2-thiouridylase MnmA
IFOHMJLD_03013	gene	243				
IFOHMJLD_03013	CDS	243				hypothetical protein
IFOHMJLD_03014	gene	222				
IFOHMJLD_03014	CDS	222				hypothetical protein
IFOHMJLD_03015	gene	861				
IFOHMJLD_03015	CDS	861				hypothetical protein
IFOHMJLD_03016	gene	1011				
IFOHMJLD_03016	CDS	1011				hypothetical protein
IFOHMJLD_03017	gene	480	ispF			
IFOHMJLD_03017	CDS	480	ispF	4.6.1.12	COG0245	2-C-methyl-D-erythritol 2,4-cyclodiphosphate synthase
IFOHMJLD_03018	gene	615	ycgM			
IFOHMJLD_03018	CDS	615	ycgM	5.3.2.2	COG0179	Oxaloacetate tautomerase YcgM
IFOHMJLD_03019	gene	663	rex			
IFOHMJLD_03019	CDS	663	rex		COG2344	Redox-sensing transcriptional repressor Rex
IFOHMJLD_03020	gene	351				
IFOHMJLD_03020	CDS	351				hypothetical protein
IFOHMJLD_03021	gene	993	tsf			
IFOHMJLD_03021	CDS	993	tsf		COG0264	Elongation factor Ts
IFOHMJLD_03022	gene	837	rpsB			
IFOHMJLD_03022	CDS	837	rpsB		COG0052	Small ribosomal subunit protein uS2
IFOHMJLD_03023	gene	387	rpsI			
IFOHMJLD_03023	CDS	387	rpsI		COG0103	Small ribosomal subunit protein uS9
IFOHMJLD_03024	gene	462	rplM			
IFOHMJLD_03024	CDS	462	rplM			Large ribosomal subunit protein uL13
IFOHMJLD_03025	gene	237				
IFOHMJLD_03025	CDS	237				hypothetical protein
IFOHMJLD_03026	gene	489				
IFOHMJLD_03026	CDS	489				hypothetical protein
IFOHMJLD_03027	gene	1404	asnS			
IFOHMJLD_03027	CDS	1404	asnS	6.1.1.22	COG0017	Asparagine--tRNA ligase
IFOHMJLD_03028	gene	1401				
IFOHMJLD_03028	CDS	1401				hypothetical protein
IFOHMJLD_03029	gene	1347	purB			
IFOHMJLD_03029	CDS	1347	purB	4.3.2.2		Adenylosuccinate lyase
IFOHMJLD_03030	gene	1887	bga			
IFOHMJLD_03030	CDS	1887	bga	3.2.1.23		Beta-galactosidase
IFOHMJLD_03031	gene	76				
IFOHMJLD_03031	tRNA	76				tRNA-Val(tac)
IFOHMJLD_03032	gene	76				
IFOHMJLD_03032	tRNA	76				tRNA-Val(tac)
IFOHMJLD_03033	gene	76				
IFOHMJLD_03033	tRNA	76				tRNA-Val(tac)
IFOHMJLD_03034	gene	561				
IFOHMJLD_03034	CDS	561		2.3.1.-		Putative acetyltransferase
IFOHMJLD_03035	gene	774	yaaA			
IFOHMJLD_03035	CDS	774	yaaA		COG3022	DNA-binding and peroxide stress resistance protein YaaA
IFOHMJLD_03036	gene	2220				
IFOHMJLD_03036	CDS	2220		3.2.1.169	COG3525	O-GlcNAcase
IFOHMJLD_03037	gene	384				
IFOHMJLD_03037	CDS	384				hypothetical protein
IFOHMJLD_03038	gene	1659				
IFOHMJLD_03038	CDS	1659				hypothetical protein
IFOHMJLD_03039	gene	2574				
IFOHMJLD_03039	CDS	2574				hypothetical protein
IFOHMJLD_03040	gene	2463				
IFOHMJLD_03040	CDS	2463				hypothetical protein
IFOHMJLD_03041	gene	1842	pal_2			
IFOHMJLD_03041	CDS	1842	pal_2			Peptidoglycan-associated lipoprotein
IFOHMJLD_03042	gene	597				
IFOHMJLD_03042	CDS	597				hypothetical protein
IFOHMJLD_03043	gene	912				
IFOHMJLD_03043	CDS	912				hypothetical protein
IFOHMJLD_03044	gene	1254				
IFOHMJLD_03044	CDS	1254				hypothetical protein
IFOHMJLD_03045	gene	945	xerC_17			
IFOHMJLD_03045	CDS	945	xerC_17			Tyrosine recombinase XerC
IFOHMJLD_03046	gene	429				
IFOHMJLD_03046	CDS	429				hypothetical protein
IFOHMJLD_03047	gene	3222	pyrAB_2			
IFOHMJLD_03047	CDS	3222	pyrAB_2	6.3.4.16	COG0458	Carbamoyl phosphate synthase pyrimidine-specific large chain
IFOHMJLD_03048	gene	1092	trpS2			
IFOHMJLD_03048	CDS	1092	trpS2	6.1.1.2	COG0180	Tryptophan--tRNA ligase 2
IFOHMJLD_03049	gene	1188				
IFOHMJLD_03049	CDS	1188			COG2885	Outer membrane protein 40
IFOHMJLD_03050	gene	1320				
IFOHMJLD_03050	CDS	1320				hypothetical protein
IFOHMJLD_03051	gene	2211	apxIB			
IFOHMJLD_03051	CDS	2211	apxIB			Toxin RTX-I translocation ATP-binding protein
IFOHMJLD_03052	gene	600				
IFOHMJLD_03052	CDS	600				hypothetical protein
IFOHMJLD_03053	gene	666				
IFOHMJLD_03053	CDS	666				hypothetical protein
IFOHMJLD_03054	gene	996	arnC_3			
IFOHMJLD_03054	CDS	996	arnC_3	2.4.2.53		Undecaprenyl-phosphate 4-deoxy-4-formamido-L-arabinose transferase
IFOHMJLD_03055	gene	2517				
IFOHMJLD_03055	CDS	2517				hypothetical protein
IFOHMJLD_03056	gene	672	neuA			
IFOHMJLD_03056	CDS	672	neuA	2.7.7.43	COG1083	N-acylneuraminate cytidylyltransferase
IFOHMJLD_03057	gene	1173				
IFOHMJLD_03057	CDS	1173				hypothetical protein
IFOHMJLD_03058	gene	1455				
IFOHMJLD_03058	CDS	1455				hypothetical protein
IFOHMJLD_03059	gene	1242				
IFOHMJLD_03059	CDS	1242				hypothetical protein
IFOHMJLD_03060	gene	153				
IFOHMJLD_03060	CDS	153				hypothetical protein
IFOHMJLD_03061	gene	261				
IFOHMJLD_03061	CDS	261				hypothetical protein
IFOHMJLD_03062	gene	1233	mshA_6			
IFOHMJLD_03062	CDS	1233	mshA_6	2.4.1.250		D-inositol-3-phosphate glycosyltransferase
IFOHMJLD_03063	gene	597				
IFOHMJLD_03063	CDS	597				hypothetical protein
IFOHMJLD_03064	gene	783				
IFOHMJLD_03064	CDS	783				hypothetical protein
IFOHMJLD_03065	gene	597				
IFOHMJLD_03065	CDS	597				hypothetical protein
IFOHMJLD_03066	gene	477				
IFOHMJLD_03066	CDS	477				hypothetical protein
IFOHMJLD_03067	gene	108				
IFOHMJLD_03067	CDS	108				hypothetical protein
IFOHMJLD_03068	gene	1785				
IFOHMJLD_03068	CDS	1785				hypothetical protein
IFOHMJLD_03069	gene	1257				
IFOHMJLD_03069	CDS	1257				hypothetical protein
IFOHMJLD_03070	gene	1221				
IFOHMJLD_03070	CDS	1221				hypothetical protein
IFOHMJLD_03071	gene	114				
IFOHMJLD_03071	CDS	114				hypothetical protein
IFOHMJLD_03072	gene	183				
IFOHMJLD_03072	CDS	183				hypothetical protein
IFOHMJLD_03073	gene	1773				
IFOHMJLD_03073	CDS	1773				hypothetical protein
IFOHMJLD_03074	gene	222				
IFOHMJLD_03074	CDS	222				hypothetical protein
IFOHMJLD_03075	gene	1275				
IFOHMJLD_03075	CDS	1275				hypothetical protein
IFOHMJLD_03076	gene	1245				
IFOHMJLD_03076	CDS	1245				hypothetical protein
IFOHMJLD_03077	gene	1224				
IFOHMJLD_03077	CDS	1224				hypothetical protein
IFOHMJLD_03078	gene	1146				
IFOHMJLD_03078	CDS	1146				hypothetical protein
IFOHMJLD_03079	gene	1224				
IFOHMJLD_03079	CDS	1224				hypothetical protein
IFOHMJLD_03080	gene	249				
IFOHMJLD_03080	CDS	249				hypothetical protein
IFOHMJLD_03081	gene	1302				
IFOHMJLD_03081	CDS	1302				hypothetical protein
IFOHMJLD_03082	gene	1881	mutL			
IFOHMJLD_03082	CDS	1881	mutL		COG0323	DNA mismatch repair protein MutL
IFOHMJLD_03083	gene	297				
IFOHMJLD_03083	CDS	297				hypothetical protein
IFOHMJLD_03084	gene	1704	lptD_2			
IFOHMJLD_03084	CDS	1704	lptD_2			LPS-assembly protein LptD
IFOHMJLD_03085	gene	1371	surA_1			
IFOHMJLD_03085	CDS	1371	surA_1	5.2.1.8		Chaperone SurA
IFOHMJLD_03086	gene	843				
IFOHMJLD_03086	CDS	843				hypothetical protein
IFOHMJLD_03087	gene	1554	surA_2			
IFOHMJLD_03087	CDS	1554	surA_2	5.2.1.8		Chaperone SurA
IFOHMJLD_03088	gene	1476	guaB_1			
IFOHMJLD_03088	CDS	1476	guaB_1	1.1.1.205		Inosine-5'-monophosphate dehydrogenase
IFOHMJLD_03089	gene	2181	recQ_1			
IFOHMJLD_03089	CDS	2181	recQ_1	5.6.2.4	COG0514	ATP-dependent DNA helicase RecQ
IFOHMJLD_03090	gene	1248	clpX			
IFOHMJLD_03090	CDS	1248	clpX		COG1219	ATP-dependent Clp protease ATP-binding subunit ClpX
IFOHMJLD_03091	gene	729	clpP			
IFOHMJLD_03091	CDS	729	clpP	3.4.21.92		ATP-dependent Clp protease proteolytic subunit
IFOHMJLD_03092	gene	1356	tig			
IFOHMJLD_03092	CDS	1356	tig	5.2.1.8		Trigger factor
IFOHMJLD_03093	gene	246				
IFOHMJLD_03093	CDS	246				hypothetical protein
IFOHMJLD_03094	gene	762	lptB			
IFOHMJLD_03094	CDS	762	lptB	7.5.2.-	COG1137	Lipopolysaccharide export system ATP-binding protein LptB
IFOHMJLD_03095	gene	711	mlaE			
IFOHMJLD_03095	CDS	711	mlaE		COG0767	Intermembrane phospholipid transport system permease protein MlaE
IFOHMJLD_03096	gene	771	mkl			
IFOHMJLD_03096	CDS	771	mkl		COG1135	putative ribonucleotide transport ATP-binding protein mkl
IFOHMJLD_03097	gene	648	degU			
IFOHMJLD_03097	CDS	648	degU		COG2197	Transcriptional regulatory protein DegU
IFOHMJLD_03098	gene	1314	der_2			
IFOHMJLD_03098	CDS	1314	der_2		COG1160	GTPase Der
IFOHMJLD_03099	gene	882	era			
IFOHMJLD_03099	CDS	882	era			GTPase Era
IFOHMJLD_03100	gene	1005	fabH_3			
IFOHMJLD_03100	CDS	1005	fabH_3	2.3.1.180		Beta-ketoacyl-[acyl-carrier-protein] synthase III
IFOHMJLD_03101	gene	186	rpmF			
IFOHMJLD_03101	CDS	186	rpmF			Large ribosomal subunit protein bL32
IFOHMJLD_03102	gene	576				
IFOHMJLD_03102	CDS	576				hypothetical protein
IFOHMJLD_03103	gene	273				
IFOHMJLD_03103	CDS	273				hypothetical protein
IFOHMJLD_03104	gene	1497	leuA			
IFOHMJLD_03104	CDS	1497	leuA	2.3.3.13	COG0119	2-isopropylmalate synthase
IFOHMJLD_03105	gene	1395	leuC			
IFOHMJLD_03105	CDS	1395	leuC	4.2.1.33	COG0065	3-isopropylmalate dehydratase large subunit
IFOHMJLD_03106	gene	591	leuD1			
IFOHMJLD_03106	CDS	591	leuD1	4.2.1.33		3-isopropylmalate dehydratase small subunit 1
IFOHMJLD_03107	gene	1530	cimA			
IFOHMJLD_03107	CDS	1530	cimA	2.3.3.21		(R)-citramalate synthase CimA
IFOHMJLD_03108	gene	1062	leuB			
IFOHMJLD_03108	CDS	1062	leuB	1.1.1.85		3-isopropylmalate dehydrogenase
IFOHMJLD_03109	gene	735	rgtE			
IFOHMJLD_03109	CDS	735	rgtE	2.4.1.-	COG0463	Dodecaprenyl-phosphate galacturonate synthase
IFOHMJLD_03110	gene	648				
IFOHMJLD_03110	CDS	648				hypothetical protein
IFOHMJLD_03111	gene	1554	arnT_1			
IFOHMJLD_03111	CDS	1554	arnT_1	2.4.2.43		Undecaprenyl phosphate-alpha-4-amino-4-deoxy-L-arabinose arabinosyl transferase
IFOHMJLD_03112	gene	1011	lpsL			
IFOHMJLD_03112	CDS	1011	lpsL	5.1.3.6	COG0451	UDP-glucuronate 4-epimerase
IFOHMJLD_03113	gene	285				
IFOHMJLD_03113	CDS	285				hypothetical protein
IFOHMJLD_03114	gene	3180	susC_10			
IFOHMJLD_03114	CDS	3180	susC_10		COG1629	TonB-dependent receptor SusC
IFOHMJLD_03115	gene	1620				
IFOHMJLD_03115	CDS	1620			COG0702	SusD-like protein P38
IFOHMJLD_03116	gene	666				
IFOHMJLD_03116	CDS	666				hypothetical protein
IFOHMJLD_03117	gene	1839	mdoB			
IFOHMJLD_03117	CDS	1839	mdoB	2.7.8.20		Phosphoglycerol transferase I
IFOHMJLD_03118	gene	951	cysK1_2			
IFOHMJLD_03118	CDS	951	cysK1_2	2.5.1.47	COG0031	O-acetylserine sulfhydrylase
IFOHMJLD_03119	gene	987	lapB_3			
IFOHMJLD_03119	CDS	987	lapB_3			Lipopolysaccharide assembly protein B
IFOHMJLD_03120	gene	207				
IFOHMJLD_03120	CDS	207				hypothetical protein
IFOHMJLD_03121	gene	1806	recQ_2			
IFOHMJLD_03121	CDS	1806	recQ_2	5.6.2.4	COG0514	ATP-dependent DNA helicase RecQ
IFOHMJLD_03122	gene	465				
IFOHMJLD_03122	CDS	465				hypothetical protein
IFOHMJLD_03123	gene	2052				
IFOHMJLD_03123	CDS	2052				hypothetical protein
IFOHMJLD_03124	gene	663				
IFOHMJLD_03124	CDS	663				hypothetical protein
IFOHMJLD_03125	gene	1659	arnT_2			
IFOHMJLD_03125	CDS	1659	arnT_2	2.4.2.43		Undecaprenyl phosphate-alpha-4-amino-4-deoxy-L-arabinose arabinosyl transferase
IFOHMJLD_03126	gene	489	fur			
IFOHMJLD_03126	CDS	489	fur		COG0735	Ferric uptake regulation protein
IFOHMJLD_03127	gene	1272	purA			
IFOHMJLD_03127	CDS	1272	purA	6.3.4.4	COG0104	Adenylosuccinate synthetase
IFOHMJLD_03128	gene	1305				
IFOHMJLD_03128	CDS	1305				hypothetical protein
IFOHMJLD_03129	gene	687				
IFOHMJLD_03129	CDS	687				hypothetical protein
IFOHMJLD_03130	gene	1389				
IFOHMJLD_03130	CDS	1389				hypothetical protein
IFOHMJLD_03131	gene	1365	hisS			
IFOHMJLD_03131	CDS	1365	hisS	6.1.1.21	COG0124	Histidine--tRNA ligase
IFOHMJLD_03132	gene	2538	tolB			
IFOHMJLD_03132	CDS	2538	tolB			Tol-Pal system protein TolB
IFOHMJLD_03133	gene	2184				
IFOHMJLD_03133	CDS	2184				hypothetical protein
IFOHMJLD_03134	gene	1578				
IFOHMJLD_03134	CDS	1578				hypothetical protein
IFOHMJLD_03135	gene	1152				
IFOHMJLD_03135	CDS	1152		2.4.1.337	COG0438	Alpha-monoglucosyldiacylglycerol synthase
IFOHMJLD_03136	gene	1020				
IFOHMJLD_03136	CDS	1020				hypothetical protein
IFOHMJLD_03137	gene	162				
IFOHMJLD_03137	CDS	162				hypothetical protein
IFOHMJLD_03138	gene	306				
IFOHMJLD_03138	CDS	306				hypothetical protein
IFOHMJLD_03139	gene	474	sigV_2			
IFOHMJLD_03139	CDS	474	sigV_2		COG1595	RNA polymerase sigma factor SigV
IFOHMJLD_03140	gene	579				
IFOHMJLD_03140	CDS	579				hypothetical protein
IFOHMJLD_03141	gene	162				
IFOHMJLD_03141	CDS	162				hypothetical protein
IFOHMJLD_03142	gene	882				
IFOHMJLD_03142	CDS	882		2.7.4.-	COG2326	ADP-polyphosphate phosphotransferase
IFOHMJLD_03143	gene	543				
IFOHMJLD_03143	CDS	543				hypothetical protein
IFOHMJLD_03144	gene	2037				
IFOHMJLD_03144	CDS	2037				hypothetical protein
IFOHMJLD_03145	gene	819				
IFOHMJLD_03145	CDS	819				hypothetical protein
IFOHMJLD_03146	gene	1083				
IFOHMJLD_03146	CDS	1083				hypothetical protein
IFOHMJLD_03147	gene	1176				
IFOHMJLD_03147	CDS	1176				hypothetical protein
IFOHMJLD_03148	gene	1134				
IFOHMJLD_03148	CDS	1134				hypothetical protein
IFOHMJLD_03149	gene	1200				
IFOHMJLD_03149	CDS	1200				hypothetical protein
IFOHMJLD_03150	gene	102				
IFOHMJLD_03150	CDS	102				hypothetical protein
IFOHMJLD_03151	gene	273	groES			
IFOHMJLD_03151	CDS	273	groES		COG0234	Co-chaperonin GroES
IFOHMJLD_03152	gene	1638	groEL			
IFOHMJLD_03152	CDS	1638	groEL	5.6.1.7		Chaperonin GroEL
IFOHMJLD_03153	gene	1158				
IFOHMJLD_03153	CDS	1158				hypothetical protein
IFOHMJLD_03154	gene	1284				
IFOHMJLD_03154	CDS	1284				hypothetical protein
IFOHMJLD_03155	gene	579	sgcG			
IFOHMJLD_03155	CDS	579	sgcG	1.3.8.16		2-amino-4-deoxychorismate dehydrogenase
IFOHMJLD_03156	gene	1749	poxB			
IFOHMJLD_03156	CDS	1749	poxB	1.2.5.1	COG0028	Pyruvate dehydrogenase [ubiquinone]
IFOHMJLD_03157	gene	219				
IFOHMJLD_03157	CDS	219				hypothetical protein
IFOHMJLD_03158	gene	426				
IFOHMJLD_03158	CDS	426				hypothetical protein
IFOHMJLD_03159	gene	552	sigW_5			
IFOHMJLD_03159	CDS	552	sigW_5		COG1595	ECF RNA polymerase sigma factor SigW
IFOHMJLD_03160	gene	369				
IFOHMJLD_03160	CDS	369				hypothetical protein
IFOHMJLD_03161	gene	1014	ltaE			
IFOHMJLD_03161	CDS	1014	ltaE	4.1.2.48		Low specificity L-threonine aldolase
IFOHMJLD_03162	gene	2217				
IFOHMJLD_03162	CDS	2217				hypothetical protein
IFOHMJLD_03163	gene	408				
IFOHMJLD_03163	CDS	408				hypothetical protein
IFOHMJLD_03164	gene	2511				
IFOHMJLD_03164	CDS	2511				hypothetical protein
IFOHMJLD_03165	gene	135				
IFOHMJLD_03165	CDS	135				hypothetical protein
IFOHMJLD_03166	gene	1221				
IFOHMJLD_03166	CDS	1221				hypothetical protein
IFOHMJLD_03167	gene	1701				
IFOHMJLD_03167	CDS	1701				hypothetical protein
IFOHMJLD_03168	gene	1614	rcsC_22			
IFOHMJLD_03168	CDS	1614	rcsC_22	2.7.13.3		Sensor histidine kinase RcsC
IFOHMJLD_03169	gene	942	dnaJ2			
IFOHMJLD_03169	CDS	942	dnaJ2		COG0484	Chaperone protein DnaJ 2
IFOHMJLD_03170	gene	312				
IFOHMJLD_03170	CDS	312				hypothetical protein
IFOHMJLD_03171	gene	4026	lacZ_12			
IFOHMJLD_03171	CDS	4026	lacZ_12	3.2.1.23	COG3250	Beta-galactosidase
IFOHMJLD_03172	gene	1704	caiA			
IFOHMJLD_03172	CDS	1704	caiA	1.3.8.13		Crotonobetainyl-CoA reductase
IFOHMJLD_03173	gene	1020	carE			
IFOHMJLD_03173	CDS	1020	carE	1.3.1.108	COG2025	Caffeyl-CoA reductase-Etf complex subunit CarE
IFOHMJLD_03174	gene	873	carD			
IFOHMJLD_03174	CDS	873	carD	1.3.1.108	COG2086	Caffeyl-CoA reductase-Etf complex subunit CarD
IFOHMJLD_03175	gene	1212				
IFOHMJLD_03175	CDS	1212				hypothetical protein
IFOHMJLD_03176	gene	1881				
IFOHMJLD_03176	CDS	1881				hypothetical protein
IFOHMJLD_03177	gene	1689				
IFOHMJLD_03177	CDS	1689				hypothetical protein
IFOHMJLD_03178	gene	3156				
IFOHMJLD_03178	CDS	3156			COG4771	TonB-dependent receptor P3
IFOHMJLD_03179	gene	1923				
IFOHMJLD_03179	CDS	1923		3.2.1.22	COG4948	Retaining alpha-galactosidase
IFOHMJLD_03180	gene	2811				
IFOHMJLD_03180	CDS	2811				hypothetical protein
IFOHMJLD_03181	gene	1437				
IFOHMJLD_03181	CDS	1437				hypothetical protein
IFOHMJLD_03182	gene	3225				
IFOHMJLD_03182	CDS	3225				hypothetical protein
IFOHMJLD_03183	gene	681				
IFOHMJLD_03183	CDS	681				hypothetical protein
IFOHMJLD_03184	gene	1260				
IFOHMJLD_03184	CDS	1260				hypothetical protein
IFOHMJLD_03185	gene	738	btsR_2			
IFOHMJLD_03185	CDS	738	btsR_2		COG3279	Transcriptional regulatory protein BtsR
IFOHMJLD_03186	gene	1185	pepE_2			
IFOHMJLD_03186	CDS	1185	pepE_2	3.4.22.-	COG3579	Aminopeptidase E
IFOHMJLD_03187	gene	459	nlpE			
IFOHMJLD_03187	CDS	459	nlpE		COG3015	Lipoprotein NlpE
IFOHMJLD_03188	gene	1206				
IFOHMJLD_03188	CDS	1206				hypothetical protein
IFOHMJLD_03189	gene	1326				
IFOHMJLD_03189	CDS	1326				hypothetical protein
IFOHMJLD_03190	gene	1053	nanM_2			
IFOHMJLD_03190	CDS	1053	nanM_2	5.1.3.24		N-acetylneuraminate epimerase
IFOHMJLD_03191	gene	300				
IFOHMJLD_03191	CDS	300				hypothetical protein
IFOHMJLD_03192	gene	2190	kefB_3			
IFOHMJLD_03192	CDS	2190	kefB_3			Glutathione-regulated potassium-efflux system protein KefB
IFOHMJLD_03193	gene	840				
IFOHMJLD_03193	CDS	840				hypothetical protein
IFOHMJLD_03194	gene	120				
IFOHMJLD_03194	CDS	120				hypothetical protein
IFOHMJLD_03195	gene	690				
IFOHMJLD_03195	CDS	690				hypothetical protein
IFOHMJLD_03196	gene	729				
IFOHMJLD_03196	CDS	729				hypothetical protein
IFOHMJLD_03197	gene	2313				
IFOHMJLD_03197	CDS	2313				hypothetical protein
IFOHMJLD_03198	gene	1143	yhcG_1			
IFOHMJLD_03198	CDS	1143	yhcG_1	3.1.-.-	COG4804	Putative nuclease YhcG
IFOHMJLD_03199	gene	138				
IFOHMJLD_03199	CDS	138				hypothetical protein
IFOHMJLD_03200	gene	249				
IFOHMJLD_03200	CDS	249				hypothetical protein
IFOHMJLD_03201	gene	324				
IFOHMJLD_03201	CDS	324				hypothetical protein
IFOHMJLD_03202	gene	1722	queE_2			
IFOHMJLD_03202	CDS	1722	queE_2	4.3.99.3		7-carboxy-7-deazaguanine synthase
IFOHMJLD_03203	gene	414	yhcG_2			
IFOHMJLD_03203	CDS	414	yhcG_2	3.1.-.-	COG4804	Putative nuclease YhcG
IFOHMJLD_03204	gene	330				
IFOHMJLD_03204	CDS	330				hypothetical protein
IFOHMJLD_03205	gene	762	sbcD_2			
IFOHMJLD_03205	CDS	762	sbcD_2		COG0420	Nuclease SbcCD subunit D
IFOHMJLD_03206	gene	1617				
IFOHMJLD_03206	CDS	1617				hypothetical protein
IFOHMJLD_03207	gene	1419	rcsC_23			
IFOHMJLD_03207	CDS	1419	rcsC_23	2.7.13.3		Sensor histidine kinase RcsC
IFOHMJLD_03208	gene	1305	atoC_3			
IFOHMJLD_03208	CDS	1305	atoC_3		COG2204	Regulatory protein AtoC
IFOHMJLD_03209	gene	174				
IFOHMJLD_03209	CDS	174				hypothetical protein
IFOHMJLD_03210	gene	543				
IFOHMJLD_03210	CDS	543				hypothetical protein
IFOHMJLD_03211	gene	981				
IFOHMJLD_03211	CDS	981				hypothetical protein
IFOHMJLD_03212	gene	408				
IFOHMJLD_03212	CDS	408				hypothetical protein
IFOHMJLD_03213	gene	1377				
IFOHMJLD_03213	CDS	1377				hypothetical protein
IFOHMJLD_03214	gene	591				
IFOHMJLD_03214	CDS	591				hypothetical protein
IFOHMJLD_03215	gene	852				
IFOHMJLD_03215	CDS	852				hypothetical protein
IFOHMJLD_03216	gene	999				
IFOHMJLD_03216	CDS	999				hypothetical protein
IFOHMJLD_03217	gene	1218	xerC_18			
IFOHMJLD_03217	CDS	1218	xerC_18			Tyrosine recombinase XerC
IFOHMJLD_03218	gene	972				
IFOHMJLD_03218	CDS	972				hypothetical protein
IFOHMJLD_03219	gene	282				
IFOHMJLD_03219	CDS	282				hypothetical protein
IFOHMJLD_03220	gene	288				
IFOHMJLD_03220	CDS	288				hypothetical protein
IFOHMJLD_03221	gene	309				
IFOHMJLD_03221	CDS	309				hypothetical protein
IFOHMJLD_03222	gene	1233				
IFOHMJLD_03222	CDS	1233				hypothetical protein
IFOHMJLD_03223	gene	981				
IFOHMJLD_03223	CDS	981				hypothetical protein
IFOHMJLD_03224	gene	384				
IFOHMJLD_03224	CDS	384				hypothetical protein
IFOHMJLD_03225	gene	924				
IFOHMJLD_03225	CDS	924				hypothetical protein
IFOHMJLD_03226	gene	726				
IFOHMJLD_03226	CDS	726				hypothetical protein
IFOHMJLD_03227	gene	333				
IFOHMJLD_03227	CDS	333				hypothetical protein
IFOHMJLD_03228	gene	411				
IFOHMJLD_03228	CDS	411				hypothetical protein
IFOHMJLD_03229	gene	240				
IFOHMJLD_03229	CDS	240				hypothetical protein
IFOHMJLD_03230	gene	591	trtA			
IFOHMJLD_03230	CDS	591	trtA	3.5.1.-		Triuret hydrolase TrtA
IFOHMJLD_03231	gene	336	hxlR_2			
IFOHMJLD_03231	CDS	336	hxlR_2		COG1733	HTH-type transcriptional activator HxlR
IFOHMJLD_03232	gene	1404				
IFOHMJLD_03232	CDS	1404				hypothetical protein
IFOHMJLD_03233	gene	354				
IFOHMJLD_03233	CDS	354				hypothetical protein
IFOHMJLD_03234	gene	633				
IFOHMJLD_03234	CDS	633				hypothetical protein
IFOHMJLD_03235	gene	537	rimL			
IFOHMJLD_03235	CDS	537	rimL	2.3.1.-	COG1670	Ribosomal-protein-serine acetyltransferase
IFOHMJLD_03236	gene	1290	mdtK_2			
IFOHMJLD_03236	CDS	1290	mdtK_2			Multidrug resistance protein MdtK
IFOHMJLD_03237	gene	327				
IFOHMJLD_03237	CDS	327				hypothetical protein
IFOHMJLD_03238	gene	210				
IFOHMJLD_03238	CDS	210				hypothetical protein
IFOHMJLD_03239	gene	858				
IFOHMJLD_03239	CDS	858				putative HTH-type transcriptional regulator
IFOHMJLD_03240	gene	885	bacC			
IFOHMJLD_03240	CDS	885	bacC	1.1.1.385	COG1028	Dihydroanticapsin 7-dehydrogenase
IFOHMJLD_03241	gene	75				
IFOHMJLD_03241	tRNA	75				tRNA-Thr(tgt)
IFOHMJLD_03242	gene	648				
IFOHMJLD_03242	CDS	648				hypothetical protein
IFOHMJLD_03243	gene	954	arnC_4			
IFOHMJLD_03243	CDS	954	arnC_4	2.4.2.53		Undecaprenyl-phosphate 4-deoxy-4-formamido-L-arabinose transferase
IFOHMJLD_03244	gene	528				
IFOHMJLD_03244	CDS	528				hypothetical protein
IFOHMJLD_03245	gene	753				
IFOHMJLD_03245	CDS	753				hypothetical protein
IFOHMJLD_03246	gene	585	mntP			
IFOHMJLD_03246	CDS	585	mntP		COG1971	putative manganese efflux pump MntP
IFOHMJLD_03247	gene	1017	apbE_2			
IFOHMJLD_03247	CDS	1017	apbE_2	2.7.1.180	COG1477	FAD:protein FMN transferase
IFOHMJLD_03248	gene	369				
IFOHMJLD_03248	CDS	369				hypothetical protein
IFOHMJLD_03249	gene	750	ttcA			
IFOHMJLD_03249	CDS	750	ttcA	2.8.1.-		tRNA-cytidine(32) 2-sulfurtransferase
IFOHMJLD_03250	gene	1428				
IFOHMJLD_03250	CDS	1428				hypothetical protein
IFOHMJLD_03251	gene	471				
IFOHMJLD_03251	CDS	471				hypothetical protein
IFOHMJLD_03252	gene	1002	floA			
IFOHMJLD_03252	CDS	1002	floA		COG4864	Flotillin-like protein FloA
IFOHMJLD_03253	gene	879	deoD			
IFOHMJLD_03253	CDS	879	deoD	2.4.2.1		Purine nucleoside phosphorylase DeoD-type
IFOHMJLD_03254	gene	498	polC			
IFOHMJLD_03254	CDS	498	polC	2.7.7.7	COG2176	DNA polymerase III PolC-type
IFOHMJLD_03255	gene	651				
IFOHMJLD_03255	CDS	651				hypothetical protein
IFOHMJLD_03256	gene	1926	rcsC_24			
IFOHMJLD_03256	CDS	1926	rcsC_24	2.7.13.3		Sensor histidine kinase RcsC
IFOHMJLD_03257	gene	96				
IFOHMJLD_03257	CDS	96				hypothetical protein
IFOHMJLD_03258	gene	1398	mnmE_2			
IFOHMJLD_03258	CDS	1398	mnmE_2	3.6.-.-	COG0486	tRNA modification GTPase MnmE
IFOHMJLD_03259	gene	876				
IFOHMJLD_03259	CDS	876				hypothetical protein
IFOHMJLD_03260	gene	1116	xerC_19			
IFOHMJLD_03260	CDS	1116	xerC_19			Tyrosine recombinase XerC
IFOHMJLD_03261	gene	717				
IFOHMJLD_03261	CDS	717				hypothetical protein
IFOHMJLD_03262	gene	375				
IFOHMJLD_03262	CDS	375				hypothetical protein
IFOHMJLD_03263	gene	1071				
IFOHMJLD_03263	CDS	1071				hypothetical protein
IFOHMJLD_03264	gene	300				
IFOHMJLD_03264	CDS	300				hypothetical protein
IFOHMJLD_03265	gene	1209				
IFOHMJLD_03265	CDS	1209				hypothetical protein
IFOHMJLD_03266	gene	528				
IFOHMJLD_03266	CDS	528				hypothetical protein
IFOHMJLD_03267	gene	567				
IFOHMJLD_03267	CDS	567				hypothetical protein
IFOHMJLD_03268	gene	2157				
IFOHMJLD_03268	CDS	2157				hypothetical protein
IFOHMJLD_03269	gene	4098				
IFOHMJLD_03269	CDS	4098				hypothetical protein
IFOHMJLD_03270	gene	2427				
IFOHMJLD_03270	CDS	2427				hypothetical protein
IFOHMJLD_03271	gene	1752				
IFOHMJLD_03271	CDS	1752				hypothetical protein
IFOHMJLD_03272	gene	1404				
IFOHMJLD_03272	CDS	1404				hypothetical protein
IFOHMJLD_03273	gene	1560				
IFOHMJLD_03273	CDS	1560				hypothetical protein
IFOHMJLD_03274	gene	213				
IFOHMJLD_03274	CDS	213				hypothetical protein
IFOHMJLD_03275	gene	249				
IFOHMJLD_03275	CDS	249				hypothetical protein
IFOHMJLD_03276	gene	297				
IFOHMJLD_03276	CDS	297				hypothetical protein
IFOHMJLD_03277	gene	228	ymdB			
IFOHMJLD_03277	CDS	228	ymdB	3.1.1.106		O-acetyl-ADP-ribose deacetylase
IFOHMJLD_03278	gene	1719				
IFOHMJLD_03278	CDS	1719				hypothetical protein
IFOHMJLD_03279	gene	1746				
IFOHMJLD_03279	CDS	1746				hypothetical protein
IFOHMJLD_03280	gene	1527				
IFOHMJLD_03280	CDS	1527				hypothetical protein
IFOHMJLD_03281	gene	3528				
IFOHMJLD_03281	CDS	3528				hypothetical protein
IFOHMJLD_03282	gene	975				
IFOHMJLD_03282	CDS	975				hypothetical protein
IFOHMJLD_03283	gene	948				
IFOHMJLD_03283	CDS	948				hypothetical protein
IFOHMJLD_03284	gene	420				
IFOHMJLD_03284	CDS	420				hypothetical protein
IFOHMJLD_03285	gene	1299				
IFOHMJLD_03285	CDS	1299				hypothetical protein
IFOHMJLD_03286	gene	780	hdhA			
IFOHMJLD_03286	CDS	780	hdhA	1.1.1.159	COG1028	7alpha-hydroxysteroid dehydrogenase
IFOHMJLD_03287	gene	603				
IFOHMJLD_03287	CDS	603				hypothetical protein
IFOHMJLD_03288	gene	108				
IFOHMJLD_03288	CDS	108				hypothetical protein
IFOHMJLD_03289	gene	978				
IFOHMJLD_03289	CDS	978				Putative NAD(P)H nitroreductase
IFOHMJLD_03290	gene	1167	pncB			
IFOHMJLD_03290	CDS	1167	pncB	6.3.4.21	COG1488	Nicotinate phosphoribosyltransferase
IFOHMJLD_03291	gene	1212	resA_9			
IFOHMJLD_03291	CDS	1212	resA_9			Thiol-disulfide oxidoreductase ResA
IFOHMJLD_03292	gene	2259	kefB_4			
IFOHMJLD_03292	CDS	2259	kefB_4			Glutathione-regulated potassium-efflux system protein KefB
IFOHMJLD_03293	gene	1515	cfiB_2			
IFOHMJLD_03293	CDS	1515	cfiB_2	6.4.1.7	COG0439	2-oxoglutarate carboxylase small subunit
IFOHMJLD_03294	gene	501				
IFOHMJLD_03294	CDS	501				hypothetical protein
IFOHMJLD_03295	gene	1536	mmdA			
IFOHMJLD_03295	CDS	1536	mmdA	7.2.4.3		Methylmalonyl-CoA decarboxylase subunit alpha
IFOHMJLD_03296	gene	885	exsA			
IFOHMJLD_03296	CDS	885	exsA			HTH-type transcriptional regulator ExsA
IFOHMJLD_03297	gene	915				
IFOHMJLD_03297	CDS	915				hypothetical protein
IFOHMJLD_03298	gene	672				
IFOHMJLD_03298	CDS	672				hypothetical protein
IFOHMJLD_03299	gene	1614				
IFOHMJLD_03299	CDS	1614				hypothetical protein
IFOHMJLD_03300	gene	1632	rcsC_25			
IFOHMJLD_03300	CDS	1632	rcsC_25	2.7.13.3		Sensor histidine kinase RcsC
IFOHMJLD_03301	gene	900	rhaS_4			
IFOHMJLD_03301	CDS	900	rhaS_4			HTH-type transcriptional activator RhaS
IFOHMJLD_03302	gene	1494	guaB_2			
IFOHMJLD_03302	CDS	1494	guaB_2	1.1.1.205		Inosine-5'-monophosphate dehydrogenase
IFOHMJLD_03303	gene	234				
IFOHMJLD_03303	CDS	234				hypothetical protein
IFOHMJLD_03304	gene	852				
IFOHMJLD_03304	CDS	852				hypothetical protein
IFOHMJLD_03305	gene	1110	mdtE_2			
IFOHMJLD_03305	CDS	1110	mdtE_2		COG0845	Multidrug resistance protein MdtE
IFOHMJLD_03306	gene	3210	bepE_4			
IFOHMJLD_03306	CDS	3210	bepE_4			Efflux pump membrane transporter BepE
IFOHMJLD_03307	gene	1374	cusC_2			
IFOHMJLD_03307	CDS	1374	cusC_2		COG1538	Cation efflux system protein CusC
IFOHMJLD_03308	gene	2211	rcsC_26			
IFOHMJLD_03308	CDS	2211	rcsC_26	2.7.13.3		Sensor histidine kinase RcsC
IFOHMJLD_03309	gene	270				
IFOHMJLD_03309	CDS	270				hypothetical protein
IFOHMJLD_03310	gene	813				
IFOHMJLD_03310	CDS	813				hypothetical protein
IFOHMJLD_03311	gene	201				
IFOHMJLD_03311	CDS	201				hypothetical protein
IFOHMJLD_03312	gene	1113				
IFOHMJLD_03312	CDS	1113				hypothetical protein
IFOHMJLD_03313	gene	1281				
IFOHMJLD_03313	CDS	1281		2.5.1.-	COG2873	O-acetyl-L-homoserine sulfhydrylase
IFOHMJLD_03314	gene	1113				
IFOHMJLD_03314	CDS	1113				hypothetical protein
IFOHMJLD_03315	gene	957				
IFOHMJLD_03315	CDS	957				hypothetical protein
IFOHMJLD_03316	gene	1056				
IFOHMJLD_03316	CDS	1056				hypothetical protein
IFOHMJLD_03317	gene	258				
IFOHMJLD_03317	CDS	258				hypothetical protein
IFOHMJLD_03318	gene	276				
IFOHMJLD_03318	CDS	276				hypothetical protein
IFOHMJLD_03319	gene	414				
IFOHMJLD_03319	CDS	414				hypothetical protein
IFOHMJLD_03320	gene	204				
IFOHMJLD_03320	CDS	204				hypothetical protein
IFOHMJLD_03321	gene	447				
IFOHMJLD_03321	CDS	447				hypothetical protein
IFOHMJLD_03322	gene	633	vat			
IFOHMJLD_03322	CDS	633	vat	2.3.1.-		Virginiamycin A acetyltransferase
IFOHMJLD_03323	gene	375	ridA			
IFOHMJLD_03323	CDS	375	ridA	3.5.99.10		2-iminobutanoate/2-iminopropanoate deaminase
IFOHMJLD_03324	gene	1377	fpgS			
IFOHMJLD_03324	CDS	1377	fpgS	6.3.2.17		Folylpolyglutamate synthase
IFOHMJLD_03325	gene	1326	phoH2			
IFOHMJLD_03325	CDS	1326	phoH2	3.1.-.-	COG1875	Protein PhoH2
IFOHMJLD_03326	gene	1905	pglF_2			
IFOHMJLD_03326	CDS	1905	pglF_2	4.2.1.135	COG1086	UDP-N-acetyl-alpha-D-glucosamine C6 dehydratase
IFOHMJLD_03327	gene	528				
IFOHMJLD_03327	CDS	528				hypothetical protein
IFOHMJLD_03328	gene	1170	rssB			
IFOHMJLD_03328	CDS	1170	rssB			Regulator of RpoS
IFOHMJLD_03329	gene	306				
IFOHMJLD_03329	CDS	306				hypothetical protein
IFOHMJLD_03330	gene	426				
IFOHMJLD_03330	CDS	426				hypothetical protein
IFOHMJLD_03331	gene	1605				
IFOHMJLD_03331	CDS	1605				hypothetical protein
IFOHMJLD_03332	gene	2790	sasA_11			
IFOHMJLD_03332	CDS	2790	sasA_11	2.7.13.3		Adaptive-response sensory-kinase SasA
IFOHMJLD_03333	gene	837	kinE			
IFOHMJLD_03333	CDS	837	kinE	2.7.13.3	COG5002	Sporulation kinase E
IFOHMJLD_03334	gene	2373	btuB_10			
IFOHMJLD_03334	CDS	2373	btuB_10			Vitamin B12 transporter BtuB
IFOHMJLD_03335	gene	2430	dltA			
IFOHMJLD_03335	CDS	2430	dltA	6.2.1.54		D-alanine--D-alanyl carrier protein ligase
IFOHMJLD_03336	gene	894				
IFOHMJLD_03336	CDS	894				hypothetical protein
IFOHMJLD_03337	gene	345				
IFOHMJLD_03337	CDS	345				hypothetical protein
IFOHMJLD_03338	gene	438				
IFOHMJLD_03338	CDS	438				hypothetical protein
IFOHMJLD_03339	gene	873				
IFOHMJLD_03339	CDS	873				hypothetical protein
IFOHMJLD_03340	gene	813				
IFOHMJLD_03340	CDS	813				hypothetical protein
IFOHMJLD_03341	gene	615				
IFOHMJLD_03341	CDS	615				hypothetical protein
IFOHMJLD_03342	gene	237				
IFOHMJLD_03342	CDS	237				hypothetical protein
IFOHMJLD_03343	gene	507				
IFOHMJLD_03343	CDS	507				hypothetical protein
IFOHMJLD_03344	gene	339				
IFOHMJLD_03344	CDS	339				hypothetical protein
IFOHMJLD_03345	gene	795				
IFOHMJLD_03345	CDS	795				hypothetical protein
IFOHMJLD_03346	gene	975	preA			
IFOHMJLD_03346	CDS	975	preA	1.3.1.1	COG0167	NAD-dependent dihydropyrimidine dehydrogenase subunit PreA
IFOHMJLD_03347	gene	717				
IFOHMJLD_03347	CDS	717			COG0325	Pyridoxal phosphate homeostasis protein
IFOHMJLD_03348	gene	465				
IFOHMJLD_03348	CDS	465				hypothetical protein
IFOHMJLD_03349	gene	90				
IFOHMJLD_03349	CDS	90				hypothetical protein
IFOHMJLD_03350	gene	873				
IFOHMJLD_03350	CDS	873				hypothetical protein
IFOHMJLD_03351	gene	348				
IFOHMJLD_03351	CDS	348				hypothetical protein
IFOHMJLD_03352	gene	330				
IFOHMJLD_03352	CDS	330				hypothetical protein
IFOHMJLD_03353	gene	1128	tigE			
IFOHMJLD_03353	CDS	1128	tigE	4.1.-.-		Radical SAM cyclopropyl synthase TigE
IFOHMJLD_03354	gene	129				
IFOHMJLD_03354	CDS	129				hypothetical protein
IFOHMJLD_03355	gene	1818				
IFOHMJLD_03355	CDS	1818				hypothetical protein
IFOHMJLD_03356	gene	1062	ysdC			
IFOHMJLD_03356	CDS	1062	ysdC	3.4.11.-	COG1363	Putative aminopeptidase YsdC
IFOHMJLD_03357	gene	753				
IFOHMJLD_03357	CDS	753				hypothetical protein
IFOHMJLD_03358	gene	258	oadG			
IFOHMJLD_03358	CDS	258	oadG	7.2.4.2		oxaloacetate decarboxylase gamma chain
IFOHMJLD_03359	gene	1833	cfiA			
IFOHMJLD_03359	CDS	1833	cfiA	6.4.1.7	COG0511	2-oxoglutarate carboxylase large subunit
IFOHMJLD_03360	gene	1236	mmdB_2			
IFOHMJLD_03360	CDS	1236	mmdB_2	7.2.4.3		Methylmalonyl-CoA decarboxylase subunit beta
IFOHMJLD_03361	gene	1050	algA			
IFOHMJLD_03361	CDS	1050	algA			Alginate biosynthesis protein AlgA
IFOHMJLD_03362	gene	429				
IFOHMJLD_03362	CDS	429				hypothetical protein
IFOHMJLD_03363	gene	1098				
IFOHMJLD_03363	CDS	1098				hypothetical protein
IFOHMJLD_03364	gene	1320				
IFOHMJLD_03364	CDS	1320				hypothetical protein
IFOHMJLD_03365	gene	513				
IFOHMJLD_03365	CDS	513				hypothetical protein
IFOHMJLD_03366	gene	576				
IFOHMJLD_03366	CDS	576				hypothetical protein
IFOHMJLD_03367	gene	1284				
IFOHMJLD_03367	CDS	1284				hypothetical protein
IFOHMJLD_03368	gene	1236				
IFOHMJLD_03368	CDS	1236				hypothetical protein
IFOHMJLD_03369	gene	669				
IFOHMJLD_03369	CDS	669				hypothetical protein
IFOHMJLD_03370	gene	720	tagA			
IFOHMJLD_03370	CDS	720	tagA	2.4.1.187	COG1922	N-acetylglucosaminyldiphosphoundecaprenol N-acetyl-beta-D-mannosaminyltransferase
IFOHMJLD_03371	gene	1218	mshA_7			
IFOHMJLD_03371	CDS	1218	mshA_7	2.4.1.250		D-inositol-3-phosphate glycosyltransferase
IFOHMJLD_03372	gene	573				
IFOHMJLD_03372	CDS	573				hypothetical protein
IFOHMJLD_03373	gene	405				
IFOHMJLD_03373	CDS	405				hypothetical protein
IFOHMJLD_03374	gene	330	arnE_1			
IFOHMJLD_03374	CDS	330	arnE_1			4-amino-4-deoxy-L-arabinose-phosphoundecaprenol flippase subunit ArnE
IFOHMJLD_03375	gene	294	arnE_2			
IFOHMJLD_03375	CDS	294	arnE_2			4-amino-4-deoxy-L-arabinose-phosphoundecaprenol flippase subunit ArnE
IFOHMJLD_03376	gene	909				
IFOHMJLD_03376	CDS	909				hypothetical protein
IFOHMJLD_03377	gene	1263				
IFOHMJLD_03377	CDS	1263				hypothetical protein
IFOHMJLD_03378	gene	1089	mshA_8			
IFOHMJLD_03378	CDS	1089	mshA_8	2.4.1.250		D-inositol-3-phosphate glycosyltransferase
IFOHMJLD_03379	gene	891				
IFOHMJLD_03379	CDS	891				hypothetical protein
IFOHMJLD_03380	gene	570	dapH_5			
IFOHMJLD_03380	CDS	570	dapH_5	2.3.1.89		2,3,4,5-tetrahydropyridine-2,6-dicarboxylate N-acetyltransferase
IFOHMJLD_03381	gene	1314	tuaD_3			
IFOHMJLD_03381	CDS	1314	tuaD_3	1.1.1.22	COG1004	UDP-glucose 6-dehydrogenase TuaD
IFOHMJLD_03382	gene	861				
IFOHMJLD_03382	CDS	861				hypothetical protein
IFOHMJLD_03383	gene	822				
IFOHMJLD_03383	CDS	822				hypothetical protein
IFOHMJLD_03384	gene	1110	mshA_9			
IFOHMJLD_03384	CDS	1110	mshA_9	2.4.1.250		D-inositol-3-phosphate glycosyltransferase
IFOHMJLD_03385	gene	1293				
IFOHMJLD_03385	CDS	1293				hypothetical protein
IFOHMJLD_03386	gene	687	oatWY			
IFOHMJLD_03386	CDS	687	oatWY	2.3.1.-		Polysialic acid O-acetyltransferase
IFOHMJLD_03387	gene	990				
IFOHMJLD_03387	CDS	990				hypothetical protein
IFOHMJLD_03388	gene	999				
IFOHMJLD_03388	CDS	999				hypothetical protein
IFOHMJLD_03389	gene	834				
IFOHMJLD_03389	CDS	834				hypothetical protein
IFOHMJLD_03390	gene	1092				
IFOHMJLD_03390	CDS	1092				hypothetical protein
IFOHMJLD_03391	gene	1530				
IFOHMJLD_03391	CDS	1530				hypothetical protein
IFOHMJLD_03392	gene	519	rfaH_5			
IFOHMJLD_03392	CDS	519	rfaH_5			Transcription antitermination protein RfaH
IFOHMJLD_03393	gene	279				
IFOHMJLD_03393	CDS	279				hypothetical protein
IFOHMJLD_03394	gene	1452				
IFOHMJLD_03394	CDS	1452				hypothetical protein
IFOHMJLD_03395	gene	927				
IFOHMJLD_03395	CDS	927				hypothetical protein
IFOHMJLD_03396	gene	249				
IFOHMJLD_03396	CDS	249				hypothetical protein
IFOHMJLD_03397	gene	447				
IFOHMJLD_03397	CDS	447				hypothetical protein
IFOHMJLD_03398	gene	474				
IFOHMJLD_03398	CDS	474				hypothetical protein
IFOHMJLD_03399	gene	2406	wzc			
IFOHMJLD_03399	CDS	2406	wzc	2.7.10.-	COG0489	Tyrosine-protein kinase wzc
IFOHMJLD_03400	gene	789				
IFOHMJLD_03400	CDS	789				hypothetical protein
IFOHMJLD_03401	gene	1404	wcaJ			
IFOHMJLD_03401	CDS	1404	wcaJ	2.7.8.31	COG2148	UDP-glucose:undecaprenyl-phosphate glucose-1-phosphate transferase
IFOHMJLD_03402	gene	921	xerC_20			
IFOHMJLD_03402	CDS	921	xerC_20			Tyrosine recombinase XerC
IFOHMJLD_03403	gene	594	pinR			
IFOHMJLD_03403	CDS	594	pinR	3.1.22.-	COG1961	Serine recombinase PinR
IFOHMJLD_03404	gene	582				
IFOHMJLD_03404	CDS	582				hypothetical protein
IFOHMJLD_03405	gene	501	tpx			
IFOHMJLD_03405	CDS	501	tpx	1.11.1.24		Thiol peroxidase
IFOHMJLD_03406	gene	624				
IFOHMJLD_03406	CDS	624				hypothetical protein
IFOHMJLD_03407	gene	642				
IFOHMJLD_03407	CDS	642				hypothetical protein
IFOHMJLD_03408	gene	1341	lapB_4			
IFOHMJLD_03408	CDS	1341	lapB_4			Lipopolysaccharide assembly protein B
IFOHMJLD_03409	gene	1740	glnS			
IFOHMJLD_03409	CDS	1740	glnS	6.1.1.18	COG0008	Glutamine--tRNA ligase
IFOHMJLD_03410	gene	813	pstS_1			
IFOHMJLD_03410	CDS	813	pstS_1			Phosphate-binding protein PstS
IFOHMJLD_03411	gene	1197				
IFOHMJLD_03411	CDS	1197				hypothetical protein
IFOHMJLD_03412	gene	876	pstA			
IFOHMJLD_03412	CDS	876	pstA		COG0581	Phosphate transport system permease protein PstA
IFOHMJLD_03413	gene	762	pstB3			
IFOHMJLD_03413	CDS	762	pstB3	7.3.2.1	COG1117	Phosphate import ATP-binding protein PstB 3
IFOHMJLD_03414	gene	690	phoU			
IFOHMJLD_03414	CDS	690	phoU		COG0704	Phosphate-specific transport system accessory protein PhoU 
IFOHMJLD_03415	gene	603	ribE			
IFOHMJLD_03415	CDS	603	ribE	2.5.1.9	COG0307	Riboflavin synthase
IFOHMJLD_03416	gene	540	IYD			
IFOHMJLD_03416	CDS	540	IYD	1.21.1.1	COG0778	Iodotyrosine deiodinase
IFOHMJLD_03417	gene	1320				
IFOHMJLD_03417	CDS	1320				hypothetical protein
IFOHMJLD_03418	gene	1203				
IFOHMJLD_03418	CDS	1203				hypothetical protein
IFOHMJLD_03419	gene	1152				
IFOHMJLD_03419	CDS	1152		5.1.1.20	COG4948	L-Ala-D/L-Glu epimerase
IFOHMJLD_03420	gene	1335				
IFOHMJLD_03420	CDS	1335				hypothetical protein
IFOHMJLD_03421	gene	1548	degQ			
IFOHMJLD_03421	CDS	1548	degQ	3.4.21.107	COG0265	Periplasmic pH-dependent serine endoprotease DegQ
IFOHMJLD_03422	gene	861	sigA			
IFOHMJLD_03422	CDS	861	sigA			RNA polymerase sigma factor SigA
IFOHMJLD_03423	gene	402				
IFOHMJLD_03423	CDS	402				hypothetical protein
IFOHMJLD_03424	gene	1176				
IFOHMJLD_03424	CDS	1176				hypothetical protein
IFOHMJLD_03425	gene	843				
IFOHMJLD_03425	CDS	843				hypothetical protein
IFOHMJLD_03426	gene	438				
IFOHMJLD_03426	CDS	438				hypothetical protein
IFOHMJLD_03427	gene	1299				
IFOHMJLD_03427	CDS	1299				hypothetical protein
IFOHMJLD_03428	gene	678	phoP			
IFOHMJLD_03428	CDS	678	phoP		COG0745	Alkaline phosphatase synthesis transcriptional regulatory protein PhoP
IFOHMJLD_03429	gene	1152	nagA_2			
IFOHMJLD_03429	CDS	1152	nagA_2	3.5.1.25	COG1820	N-acetylglucosamine-6-phosphate deacetylase
IFOHMJLD_03430	gene	204				
IFOHMJLD_03430	CDS	204				hypothetical protein
IFOHMJLD_03431	gene	246				
IFOHMJLD_03431	CDS	246				hypothetical protein
IFOHMJLD_03432	gene	1167	purT			
IFOHMJLD_03432	CDS	1167	purT	6.3.1.21	COG0027	Formate-dependent phosphoribosylglycinamide formyltransferase
IFOHMJLD_03433	gene	1518	atpD_2			
IFOHMJLD_03433	CDS	1518	atpD_2	7.1.2.2	COG0055	ATP synthase subunit beta
IFOHMJLD_03434	gene	246	atpC			
IFOHMJLD_03434	CDS	246	atpC		COG0355	ATP synthase epsilon chain
IFOHMJLD_03435	gene	429				
IFOHMJLD_03435	CDS	429				hypothetical protein
IFOHMJLD_03436	gene	1152	atpB			
IFOHMJLD_03436	CDS	1152	atpB			ATP synthase subunit a
IFOHMJLD_03437	gene	258	atpH_1			
IFOHMJLD_03437	CDS	258	atpH_1			ATP synthase subunit c
IFOHMJLD_03438	gene	498	atpF			
IFOHMJLD_03438	CDS	498	atpF			ATP synthase subunit b
IFOHMJLD_03439	gene	540	atpH_2			
IFOHMJLD_03439	CDS	540	atpH_2		COG0712	ATP synthase subunit delta
IFOHMJLD_03440	gene	1584	atpA_2			
IFOHMJLD_03440	CDS	1584	atpA_2	7.1.2.2	COG0056	ATP synthase subunit alpha
IFOHMJLD_03441	gene	873	atpG			
IFOHMJLD_03441	CDS	873	atpG		COG0224	ATP synthase gamma chain
IFOHMJLD_03442	gene	2541	recD			
IFOHMJLD_03442	CDS	2541	recD	5.6.2.3		RecBCD enzyme subunit RecD
IFOHMJLD_03443	gene	357	trxA_1			
IFOHMJLD_03443	CDS	357	trxA_1		COG3118	Thioredoxin 1
IFOHMJLD_03444	gene	1263				
IFOHMJLD_03444	CDS	1263				hypothetical protein
IFOHMJLD_03445	gene	1089	mdtA_5			
IFOHMJLD_03445	CDS	1089	mdtA_5			Multidrug resistance protein MdtA
IFOHMJLD_03446	gene	3126	czcA_2			
IFOHMJLD_03446	CDS	3126	czcA_2			Cobalt-zinc-cadmium resistance protein CzcA
IFOHMJLD_03447	gene	675	cusR_2			
IFOHMJLD_03447	CDS	675	cusR_2		COG0745	Transcriptional regulatory protein CusR
IFOHMJLD_03448	gene	1338	sasA_12			
IFOHMJLD_03448	CDS	1338	sasA_12	2.7.13.3		Adaptive-response sensory-kinase SasA
IFOHMJLD_03449	gene	675				
IFOHMJLD_03449	CDS	675				hypothetical protein
IFOHMJLD_03450	gene	1746				
IFOHMJLD_03450	CDS	1746				hypothetical protein
IFOHMJLD_03451	gene	204				
IFOHMJLD_03451	CDS	204				hypothetical protein
IFOHMJLD_03452	gene	705	cobI			
IFOHMJLD_03452	CDS	705	cobI	2.1.1.130		Precorrin-2 C(20)-methyltransferase
IFOHMJLD_03453	gene	1149				
IFOHMJLD_03453	CDS	1149				hypothetical protein
IFOHMJLD_03454	gene	1038	hmuU_3			
IFOHMJLD_03454	CDS	1038	hmuU_3		COG0609	Hemin transport system permease protein HmuU
IFOHMJLD_03455	gene	1005	btuD			
IFOHMJLD_03455	CDS	1005	btuD	7.6.2.8		Vitamin B12 import ATP-binding protein BtuD
IFOHMJLD_03456	gene	894	rmlD_1			
IFOHMJLD_03456	CDS	894	rmlD_1	1.1.1.133		dTDP-4-dehydrorhamnose reductase
IFOHMJLD_03457	gene	522				
IFOHMJLD_03457	CDS	522				hypothetical protein
IFOHMJLD_03458	gene	168				
IFOHMJLD_03458	CDS	168				hypothetical protein
IFOHMJLD_03459	gene	162				
IFOHMJLD_03459	CDS	162				hypothetical protein
IFOHMJLD_03460	gene	696	trcR			
IFOHMJLD_03460	CDS	696	trcR		COG0745	Transcriptional regulatory protein TrcR
IFOHMJLD_03461	gene	1578	sasA_13			
IFOHMJLD_03461	CDS	1578	sasA_13	2.7.13.3		Adaptive-response sensory-kinase SasA
IFOHMJLD_03462	gene	129				
IFOHMJLD_03462	CDS	129				hypothetical protein
IFOHMJLD_03463	gene	804	lexA			
IFOHMJLD_03463	CDS	804	lexA	3.4.21.88		LexA repressor
IFOHMJLD_03464	gene	1269	umuC			
IFOHMJLD_03464	CDS	1269	umuC		COG0389	Protein UmuC
IFOHMJLD_03465	gene	1155				
IFOHMJLD_03465	CDS	1155				hypothetical protein
IFOHMJLD_03466	gene	2166				
IFOHMJLD_03466	CDS	2166				hypothetical protein
IFOHMJLD_03467	gene	204				
IFOHMJLD_03467	CDS	204				hypothetical protein
IFOHMJLD_03468	gene	735				
IFOHMJLD_03468	CDS	735				hypothetical protein
IFOHMJLD_03469	gene	276				
IFOHMJLD_03469	CDS	276				hypothetical protein
IFOHMJLD_03470	gene	306				
IFOHMJLD_03470	CDS	306				hypothetical protein
IFOHMJLD_03471	gene	303				
IFOHMJLD_03471	CDS	303				hypothetical protein
IFOHMJLD_03472	gene	615				
IFOHMJLD_03472	CDS	615				hypothetical protein
IFOHMJLD_03473	gene	354				
IFOHMJLD_03473	CDS	354				hypothetical protein
IFOHMJLD_03474	gene	2349				
IFOHMJLD_03474	CDS	2349				hypothetical protein
IFOHMJLD_03475	gene	585				
IFOHMJLD_03475	CDS	585				hypothetical protein
IFOHMJLD_03476	gene	2094	topB_3			
IFOHMJLD_03476	CDS	2094	topB_3	5.6.2.1	COG0550	DNA topoisomerase 3
IFOHMJLD_03477	gene	417				
IFOHMJLD_03477	CDS	417				hypothetical protein
IFOHMJLD_03478	gene	702				
IFOHMJLD_03478	CDS	702				hypothetical protein
IFOHMJLD_03479	gene	819				
IFOHMJLD_03479	CDS	819				hypothetical protein
IFOHMJLD_03480	gene	453				
IFOHMJLD_03480	CDS	453				hypothetical protein
IFOHMJLD_03481	gene	369				
IFOHMJLD_03481	CDS	369				hypothetical protein
IFOHMJLD_03482	gene	627				
IFOHMJLD_03482	CDS	627				hypothetical protein
IFOHMJLD_03483	gene	756				
IFOHMJLD_03483	CDS	756				hypothetical protein
IFOHMJLD_03484	gene	123				
IFOHMJLD_03484	CDS	123				hypothetical protein
IFOHMJLD_03485	gene	141				
IFOHMJLD_03485	CDS	141				hypothetical protein
IFOHMJLD_03486	gene	6180				
IFOHMJLD_03486	CDS	6180				hypothetical protein
IFOHMJLD_03487	gene	927				
IFOHMJLD_03487	CDS	927				hypothetical protein
IFOHMJLD_03488	gene	543				
IFOHMJLD_03488	CDS	543				hypothetical protein
IFOHMJLD_03489	gene	1038				
IFOHMJLD_03489	CDS	1038				hypothetical protein
IFOHMJLD_03490	gene	558				
IFOHMJLD_03490	CDS	558				hypothetical protein
IFOHMJLD_03491	gene	339				
IFOHMJLD_03491	CDS	339				hypothetical protein
IFOHMJLD_03492	gene	2073				
IFOHMJLD_03492	CDS	2073				hypothetical protein
IFOHMJLD_03493	gene	360				
IFOHMJLD_03493	CDS	360				hypothetical protein
IFOHMJLD_03494	gene	540				
IFOHMJLD_03494	CDS	540				hypothetical protein
IFOHMJLD_03495	gene	858				
IFOHMJLD_03495	CDS	858				hypothetical protein
IFOHMJLD_03496	gene	1764	noc_1			
IFOHMJLD_03496	CDS	1764	noc_1			Nucleoid occlusion protein
IFOHMJLD_03497	gene	222				
IFOHMJLD_03497	CDS	222				hypothetical protein
IFOHMJLD_03498	gene	195				
IFOHMJLD_03498	CDS	195				hypothetical protein
IFOHMJLD_03499	gene	261				
IFOHMJLD_03499	CDS	261				hypothetical protein
IFOHMJLD_03500	gene	135				
IFOHMJLD_03500	CDS	135				hypothetical protein
IFOHMJLD_03501	gene	6648				
IFOHMJLD_03501	CDS	6648				hypothetical protein
IFOHMJLD_03502	gene	579				
IFOHMJLD_03502	CDS	579				hypothetical protein
IFOHMJLD_03503	gene	597				
IFOHMJLD_03503	CDS	597				hypothetical protein
IFOHMJLD_03504	gene	384				
IFOHMJLD_03504	CDS	384				hypothetical protein
IFOHMJLD_03505	gene	534				
IFOHMJLD_03505	CDS	534				hypothetical protein
IFOHMJLD_03506	gene	498				
IFOHMJLD_03506	CDS	498				hypothetical protein
IFOHMJLD_03507	gene	369				
IFOHMJLD_03507	CDS	369				hypothetical protein
IFOHMJLD_03508	gene	96				
IFOHMJLD_03508	CDS	96				hypothetical protein
IFOHMJLD_03509	gene	168				
IFOHMJLD_03509	CDS	168				hypothetical protein
IFOHMJLD_03510	gene	1140				
IFOHMJLD_03510	CDS	1140				hypothetical protein
IFOHMJLD_03511	gene	648				
IFOHMJLD_03511	CDS	648				hypothetical protein
IFOHMJLD_03512	gene	696				
IFOHMJLD_03512	CDS	696				hypothetical protein
IFOHMJLD_03513	gene	417				
IFOHMJLD_03513	CDS	417				hypothetical protein
IFOHMJLD_03514	gene	261				
IFOHMJLD_03514	CDS	261				hypothetical protein
IFOHMJLD_03515	gene	159				
IFOHMJLD_03515	CDS	159				hypothetical protein
IFOHMJLD_03516	gene	291				
IFOHMJLD_03516	CDS	291				hypothetical protein
IFOHMJLD_03517	gene	309				
IFOHMJLD_03517	CDS	309				hypothetical protein
IFOHMJLD_03518	gene	267				
IFOHMJLD_03518	CDS	267				hypothetical protein
IFOHMJLD_03519	gene	633				
IFOHMJLD_03519	CDS	633				hypothetical protein
IFOHMJLD_03520	gene	222				
IFOHMJLD_03520	CDS	222				hypothetical protein
IFOHMJLD_03521	gene	111				
IFOHMJLD_03521	CDS	111				hypothetical protein
IFOHMJLD_03522	gene	1212				
IFOHMJLD_03522	CDS	1212				hypothetical protein
IFOHMJLD_03523	gene	843				
IFOHMJLD_03523	CDS	843				hypothetical protein
IFOHMJLD_03524	gene	3588				
IFOHMJLD_03524	CDS	3588				hypothetical protein
IFOHMJLD_03525	gene	108				
IFOHMJLD_03525	CDS	108				hypothetical protein
IFOHMJLD_03526	gene	717				
IFOHMJLD_03526	CDS	717				hypothetical protein
IFOHMJLD_03527	gene	1086				
IFOHMJLD_03527	CDS	1086				hypothetical protein
IFOHMJLD_03528	gene	246				
IFOHMJLD_03528	CDS	246				hypothetical protein
IFOHMJLD_03529	gene	330				
IFOHMJLD_03529	CDS	330				hypothetical protein
IFOHMJLD_03530	gene	351				
IFOHMJLD_03530	CDS	351				hypothetical protein
IFOHMJLD_03531	gene	585				
IFOHMJLD_03531	CDS	585				hypothetical protein
IFOHMJLD_03532	gene	921				
IFOHMJLD_03532	CDS	921				hypothetical protein
IFOHMJLD_03533	gene	402				
IFOHMJLD_03533	CDS	402				hypothetical protein
IFOHMJLD_03534	gene	1152				
IFOHMJLD_03534	CDS	1152				hypothetical protein
IFOHMJLD_03535	gene	1317	xerC_21			
IFOHMJLD_03535	CDS	1317	xerC_21			Tyrosine recombinase XerC
IFOHMJLD_03536	gene	882	xerC_22			
IFOHMJLD_03536	CDS	882	xerC_22			Tyrosine recombinase XerC
IFOHMJLD_03537	gene	204				
IFOHMJLD_03537	CDS	204				hypothetical protein
IFOHMJLD_03538	gene	1410	lysC_2			
IFOHMJLD_03538	CDS	1410	lysC_2	2.7.2.4	COG0527	Lysine-sensitive aspartokinase 3
IFOHMJLD_03539	gene	2481	cdr			
IFOHMJLD_03539	CDS	2481	cdr	1.8.1.14		Coenzyme A disulfide reductase
IFOHMJLD_03540	gene	351				
IFOHMJLD_03540	CDS	351				hypothetical protein
IFOHMJLD_03541	gene	1368	ptp			
IFOHMJLD_03541	CDS	1368	ptp	3.4.11.-		Prolyl tri/tetrapeptidyl aminopeptidase
IFOHMJLD_03542	gene	633				
IFOHMJLD_03542	CDS	633				hypothetical protein
IFOHMJLD_03543	gene	627				
IFOHMJLD_03543	CDS	627				hypothetical protein
IFOHMJLD_03544	gene	1461				
IFOHMJLD_03544	CDS	1461		3.1.6.-	COG3119	N-acetylgalactosamine-6-O-sulfatase
IFOHMJLD_03545	gene	1965				
IFOHMJLD_03545	CDS	1965				hypothetical protein
IFOHMJLD_03546	gene	3192				
IFOHMJLD_03546	CDS	3192			COG4771	TonB-dependent receptor P3
IFOHMJLD_03547	gene	3048	yfeW_2			
IFOHMJLD_03547	CDS	3048	yfeW_2	3.4.16.4		Putative D-alanyl-D-alanine carboxypeptidase
IFOHMJLD_03548	gene	2988	yfeW_3			
IFOHMJLD_03548	CDS	2988	yfeW_3	3.4.16.4		Putative D-alanyl-D-alanine carboxypeptidase
IFOHMJLD_03549	gene	873	yfkN_2			
IFOHMJLD_03549	CDS	873	yfkN_2		COG0737	Trifunctional nucleotide phosphoesterase protein YfkN
IFOHMJLD_03550	gene	789				
IFOHMJLD_03550	CDS	789				hypothetical protein
IFOHMJLD_03551	gene	354	rplS			
IFOHMJLD_03551	CDS	354	rplS		COG0335	Large ribosomal subunit protein bL19
IFOHMJLD_03552	gene	981	glk			
IFOHMJLD_03552	CDS	981	glk	2.7.1.2		Glucokinase
IFOHMJLD_03553	gene	717	yknY_6			
IFOHMJLD_03553	CDS	717	yknY_6	7.6.2.-	COG1136	putative ABC transporter ATP-binding protein YknY
IFOHMJLD_03554	gene	1260	macB_3			
IFOHMJLD_03554	CDS	1260	macB_3	7.6.2.-	COG0577	Macrolide export ATP-binding/permease protein MacB
IFOHMJLD_03555	gene	1245	macB_4			
IFOHMJLD_03555	CDS	1245	macB_4	7.6.2.-	COG0577	Macrolide export ATP-binding/permease protein MacB
IFOHMJLD_03556	gene	1101	pvdR_2			
IFOHMJLD_03556	CDS	1101	pvdR_2		COG0845	Pyoverdine export membrane fusion protein PvdR
IFOHMJLD_03557	gene	1323	bepC			
IFOHMJLD_03557	CDS	1323	bepC			Outer membrane efflux protein BepC
IFOHMJLD_03558	gene	240				
IFOHMJLD_03558	CDS	240				hypothetical protein
IFOHMJLD_03559	gene	1071				
IFOHMJLD_03559	CDS	1071				hypothetical protein
IFOHMJLD_03560	gene	1119				
IFOHMJLD_03560	CDS	1119				hypothetical protein
IFOHMJLD_03561	gene	1248	mutS_3			
IFOHMJLD_03561	CDS	1248	mutS_3			DNA mismatch repair protein MutS
IFOHMJLD_03562	gene	1923	mtgA_2			
IFOHMJLD_03562	CDS	1923	mtgA_2	2.4.99.28		Biosynthetic peptidoglycan transglycosylase
IFOHMJLD_03563	gene	171				
IFOHMJLD_03563	CDS	171				hypothetical protein
IFOHMJLD_03564	gene	897				
IFOHMJLD_03564	CDS	897				hypothetical protein
IFOHMJLD_03565	gene	669				
IFOHMJLD_03565	CDS	669				hypothetical protein
IFOHMJLD_03566	gene	630				
IFOHMJLD_03566	CDS	630				hypothetical protein
IFOHMJLD_03567	gene	849	cvfB			
IFOHMJLD_03567	CDS	849	cvfB			Conserved virulence factor B
IFOHMJLD_03568	gene	126				
IFOHMJLD_03568	CDS	126				hypothetical protein
IFOHMJLD_03569	gene	1002	mdh_2			
IFOHMJLD_03569	CDS	1002	mdh_2	1.1.1.37		Malate dehydrogenase
IFOHMJLD_03570	gene	738				
IFOHMJLD_03570	CDS	738				hypothetical protein
IFOHMJLD_03571	gene	1587	gadC			
IFOHMJLD_03571	CDS	1587	gadC		COG0531	Glutamate/gamma-aminobutyrate antiporter
IFOHMJLD_03572	gene	189				
IFOHMJLD_03572	CDS	189				hypothetical protein
IFOHMJLD_03573	gene	74				
IFOHMJLD_03573	tRNA	74				tRNA-Phe(gaa)
IFOHMJLD_03574	gene	74				
IFOHMJLD_03574	tRNA	74				tRNA-Pro(cgg)
IFOHMJLD_03575	gene	474	argR			
IFOHMJLD_03575	CDS	474	argR		COG1438	Arginine repressor
IFOHMJLD_03576	gene	579				
IFOHMJLD_03576	CDS	579				hypothetical protein
IFOHMJLD_03577	gene	1206	argG			
IFOHMJLD_03577	CDS	1206	argG	6.3.4.5	COG0137	Argininosuccinate synthase
IFOHMJLD_03578	gene	969	argC			
IFOHMJLD_03578	CDS	969	argC	1.2.1.38	COG0002	N-acetyl-gamma-glutamyl-phosphate reductase
IFOHMJLD_03579	gene	1125	lysJ			
IFOHMJLD_03579	CDS	1125	lysJ	2.6.1.118	COG4992	[LysW]-aminoadipate semialdehyde transaminase
IFOHMJLD_03580	gene	774	proC			
IFOHMJLD_03580	CDS	774	proC	1.5.1.2		Pyrroline-5-carboxylate reductase
IFOHMJLD_03581	gene	555				
IFOHMJLD_03581	CDS	555				hypothetical protein
IFOHMJLD_03582	gene	1656	acsA			
IFOHMJLD_03582	CDS	1656	acsA	6.2.1.1	COG0365	Acetyl-coenzyme A synthetase
IFOHMJLD_03583	gene	201				
IFOHMJLD_03583	CDS	201				hypothetical protein
IFOHMJLD_03584	gene	1146	garK			
IFOHMJLD_03584	CDS	1146	garK	2.7.1.165	COG1929	Glycerate 2-kinase
IFOHMJLD_03585	gene	85				
IFOHMJLD_03585	tRNA	85				tRNA-Leu(taa)
IFOHMJLD_03586	gene	74				
IFOHMJLD_03586	tRNA	74				tRNA-Gly(gcc)
IFOHMJLD_03587	gene	1344	argH			
IFOHMJLD_03587	CDS	1344	argH	4.3.2.1	COG0165	Argininosuccinate lyase
IFOHMJLD_03588	gene	411				
IFOHMJLD_03588	CDS	411				hypothetical protein
IFOHMJLD_03589	gene	639	pyrE			
IFOHMJLD_03589	CDS	639	pyrE	2.4.2.10	COG0461	Orotate phosphoribosyltransferase
IFOHMJLD_03590	gene	465	recX			
IFOHMJLD_03590	CDS	465	recX			Regulatory protein RecX
IFOHMJLD_03591	gene	837	prmC			
IFOHMJLD_03591	CDS	837	prmC	2.1.1.297		Release factor glutamine methyltransferase
IFOHMJLD_03592	gene	1236	xerC_23			
IFOHMJLD_03592	CDS	1236	xerC_23			Tyrosine recombinase XerC
IFOHMJLD_03593	gene	363				
IFOHMJLD_03593	CDS	363				hypothetical protein
IFOHMJLD_03594	gene	276				
IFOHMJLD_03594	CDS	276				hypothetical protein
IFOHMJLD_03595	gene	294				
IFOHMJLD_03595	CDS	294				hypothetical protein
IFOHMJLD_03596	gene	363				
IFOHMJLD_03596	CDS	363				hypothetical protein
IFOHMJLD_03597	gene	453				
IFOHMJLD_03597	CDS	453				hypothetical protein
IFOHMJLD_03598	gene	1572				
IFOHMJLD_03598	CDS	1572				hypothetical protein
IFOHMJLD_03599	gene	2088	topB_4			
IFOHMJLD_03599	CDS	2088	topB_4	5.6.2.1	COG0550	DNA topoisomerase 3
IFOHMJLD_03600	gene	453				
IFOHMJLD_03600	CDS	453				hypothetical protein
IFOHMJLD_03601	gene	5817				
IFOHMJLD_03601	CDS	5817				hypothetical protein
IFOHMJLD_03602	gene	1926	tet(Q)_1			
IFOHMJLD_03602	CDS	1926	tet(Q)_1			tetracycline resistance ribosomal protection protein Tet(Q)
IFOHMJLD_03603	gene	2319	rcsC_27			
IFOHMJLD_03603	CDS	2319	rcsC_27	2.7.13.3		Sensor histidine kinase RcsC
IFOHMJLD_03604	gene	1323	zraR_3			
IFOHMJLD_03604	CDS	1323	zraR_3		COG2204	Transcriptional regulatory protein ZraR
IFOHMJLD_03605	gene	423				
IFOHMJLD_03605	CDS	423				hypothetical protein
IFOHMJLD_03606	gene	606				
IFOHMJLD_03606	CDS	606				hypothetical protein
IFOHMJLD_03607	gene	1131				
IFOHMJLD_03607	CDS	1131			COG1373	putative protein
IFOHMJLD_03608	gene	3255				
IFOHMJLD_03608	CDS	3255				hypothetical protein
IFOHMJLD_03609	gene	1407				
IFOHMJLD_03609	CDS	1407				hypothetical protein
IFOHMJLD_03610	gene	1656				
IFOHMJLD_03610	CDS	1656				hypothetical protein
IFOHMJLD_03611	gene	726				
IFOHMJLD_03611	CDS	726				hypothetical protein
IFOHMJLD_03612	gene	1248				
IFOHMJLD_03612	CDS	1248				hypothetical protein
IFOHMJLD_03613	gene	429				
IFOHMJLD_03613	CDS	429				hypothetical protein
IFOHMJLD_03614	gene	762				
IFOHMJLD_03614	CDS	762				hypothetical protein
IFOHMJLD_03615	gene	441				
IFOHMJLD_03615	CDS	441				hypothetical protein
IFOHMJLD_03616	gene	342				
IFOHMJLD_03616	CDS	342				hypothetical protein
IFOHMJLD_03617	gene	729				
IFOHMJLD_03617	CDS	729				hypothetical protein
IFOHMJLD_03618	gene	318				
IFOHMJLD_03618	CDS	318				hypothetical protein
IFOHMJLD_03619	gene	333				
IFOHMJLD_03619	CDS	333				hypothetical protein
IFOHMJLD_03620	gene	2505				
IFOHMJLD_03620	CDS	2505				hypothetical protein
IFOHMJLD_03621	gene	381				
IFOHMJLD_03621	CDS	381				hypothetical protein
IFOHMJLD_03622	gene	366				
IFOHMJLD_03622	CDS	366				hypothetical protein
IFOHMJLD_03623	gene	1485				
IFOHMJLD_03623	CDS	1485				hypothetical protein
IFOHMJLD_03624	gene	1221				
IFOHMJLD_03624	CDS	1221				hypothetical protein
IFOHMJLD_03625	gene	366				
IFOHMJLD_03625	CDS	366				hypothetical protein
IFOHMJLD_03626	gene	1308				
IFOHMJLD_03626	CDS	1308				hypothetical protein
IFOHMJLD_03627	gene	1251				
IFOHMJLD_03627	CDS	1251				hypothetical protein
IFOHMJLD_03628	gene	1218				
IFOHMJLD_03628	CDS	1218				hypothetical protein
IFOHMJLD_03629	gene	1116				
IFOHMJLD_03629	CDS	1116				hypothetical protein
IFOHMJLD_03630	gene	1350				
IFOHMJLD_03630	CDS	1350				hypothetical protein
IFOHMJLD_03631	gene	1143	mshA_10			
IFOHMJLD_03631	CDS	1143	mshA_10	2.4.1.250		D-inositol-3-phosphate glycosyltransferase
IFOHMJLD_03632	gene	243				
IFOHMJLD_03632	CDS	243				hypothetical protein
IFOHMJLD_03633	gene	1281				
IFOHMJLD_03633	CDS	1281				hypothetical protein
IFOHMJLD_03634	gene	246				
IFOHMJLD_03634	CDS	246				hypothetical protein
IFOHMJLD_03635	gene	1227				
IFOHMJLD_03635	CDS	1227				hypothetical protein
IFOHMJLD_03636	gene	1248				
IFOHMJLD_03636	CDS	1248				hypothetical protein
IFOHMJLD_03637	gene	141				
IFOHMJLD_03637	CDS	141				hypothetical protein
IFOHMJLD_03638	gene	1806	frbH			
IFOHMJLD_03638	CDS	1806	frbH			CMP-5'-(3-aminopropyl)phosphonate synthase
IFOHMJLD_03639	gene	627				
IFOHMJLD_03639	CDS	627				hypothetical protein
IFOHMJLD_03640	gene	603				
IFOHMJLD_03640	CDS	603				hypothetical protein
IFOHMJLD_03641	gene	762				
IFOHMJLD_03641	CDS	762				hypothetical protein
IFOHMJLD_03642	gene	1194				
IFOHMJLD_03642	CDS	1194				hypothetical protein
IFOHMJLD_03643	gene	1131				
IFOHMJLD_03643	CDS	1131				hypothetical protein
IFOHMJLD_03644	gene	1491				
IFOHMJLD_03644	CDS	1491				hypothetical protein
IFOHMJLD_03645	gene	726				
IFOHMJLD_03645	CDS	726				hypothetical protein
IFOHMJLD_03646	gene	807	suhB			
IFOHMJLD_03646	CDS	807	suhB	3.1.3.25		Nus factor SuhB
IFOHMJLD_03647	gene	693				
IFOHMJLD_03647	CDS	693				hypothetical protein
IFOHMJLD_03648	gene	282	ycnE			
IFOHMJLD_03648	CDS	282	ycnE	1.-.-.-	COG1359	Putative monooxygenase YcnE
IFOHMJLD_03649	gene	2076				
IFOHMJLD_03649	CDS	2076				hypothetical protein
IFOHMJLD_03650	gene	1131	mro_3			
IFOHMJLD_03650	CDS	1131	mro_3	5.1.3.3		Aldose 1-epimerase
IFOHMJLD_03651	gene	1320	xylE_3			
IFOHMJLD_03651	CDS	1320	xylE_3		COG0477	D-xylose-proton symporter
IFOHMJLD_03652	gene	1884	pflD			
IFOHMJLD_03652	CDS	1884	pflD	4.2.1.-	COG1882	putative dehydratase PflD
IFOHMJLD_03653	gene	753	hpdA			
IFOHMJLD_03653	CDS	753	hpdA	1.97.1.-		4-hydroxyphenylacetate decarboxylase activating enzyme
IFOHMJLD_03654	gene	4029	rcsC_28			
IFOHMJLD_03654	CDS	4029	rcsC_28	2.7.13.3		Sensor histidine kinase RcsC
IFOHMJLD_03655	gene	3171				
IFOHMJLD_03655	CDS	3171			COG4771	TonB-dependent receptor P3
IFOHMJLD_03656	gene	1980				
IFOHMJLD_03656	CDS	1980				hypothetical protein
IFOHMJLD_03657	gene	1308				
IFOHMJLD_03657	CDS	1308				hypothetical protein
IFOHMJLD_03658	gene	2751				
IFOHMJLD_03658	CDS	2751				hypothetical protein
IFOHMJLD_03659	gene	2463				
IFOHMJLD_03659	CDS	2463				hypothetical protein
IFOHMJLD_03660	gene	75				
IFOHMJLD_03660	tRNA	75				tRNA-Asn(gtt)
IFOHMJLD_03661	gene	75				
IFOHMJLD_03661	tRNA	75				tRNA-Asn(gtt)
IFOHMJLD_03662	gene	990	ydjH			
IFOHMJLD_03662	CDS	990	ydjH	2.7.1.-	COG0524	putative sugar kinase YdjH
IFOHMJLD_03663	gene	1686				
IFOHMJLD_03663	CDS	1686				hypothetical protein
IFOHMJLD_03664	gene	186				
IFOHMJLD_03664	CDS	186				hypothetical protein
IFOHMJLD_03665	gene	774				
IFOHMJLD_03665	CDS	774				hypothetical protein
IFOHMJLD_03666	gene	1968	ispG			
IFOHMJLD_03666	CDS	1968	ispG	1.17.7.3		4-hydroxy-3-methylbut-2-en-1-yl diphosphate synthase (ferredoxin)
IFOHMJLD_03667	gene	141				
IFOHMJLD_03667	CDS	141				hypothetical protein
IFOHMJLD_03668	gene	507	purE			
IFOHMJLD_03668	CDS	507	purE	5.4.99.18	COG0041	N5-carboxyaminoimidazole ribonucleotide mutase
IFOHMJLD_03669	gene	381	gcvH			
IFOHMJLD_03669	CDS	381	gcvH		COG0509	Glycine cleavage system H protein
IFOHMJLD_03670	gene	681				
IFOHMJLD_03670	CDS	681				hypothetical protein
IFOHMJLD_03671	gene	1479	rpoN			
IFOHMJLD_03671	CDS	1479	rpoN		COG1508	RNA polymerase sigma-54 factor
IFOHMJLD_03672	gene	1374	pepP			
IFOHMJLD_03672	CDS	1374	pepP	3.4.11.9	COG0006	Xaa-Pro aminopeptidase
IFOHMJLD_03673	gene	462				
IFOHMJLD_03673	CDS	462				hypothetical protein
IFOHMJLD_03674	gene	1938				
IFOHMJLD_03674	CDS	1938				hypothetical protein
IFOHMJLD_03675	gene	1581				
IFOHMJLD_03675	CDS	1581				hypothetical protein
IFOHMJLD_03676	gene	1827				
IFOHMJLD_03676	CDS	1827				hypothetical protein
IFOHMJLD_03677	gene	1554	rcsD			
IFOHMJLD_03677	CDS	1554	rcsD	2.7.2.-		Phosphotransferase RcsD
IFOHMJLD_03678	gene	99				
IFOHMJLD_03678	CDS	99				hypothetical protein
IFOHMJLD_03679	gene	1674	udk_2			
IFOHMJLD_03679	CDS	1674	udk_2	2.7.1.48		Uridine kinase
IFOHMJLD_03680	gene	1698				
IFOHMJLD_03680	CDS	1698				hypothetical protein
IFOHMJLD_03681	gene	162	rd			
IFOHMJLD_03681	CDS	162	rd	1.-.-.-	COG1773	Rubredoxin
IFOHMJLD_03682	gene	1671	rcsC_29			
IFOHMJLD_03682	CDS	1671	rcsC_29	2.7.13.3		Sensor histidine kinase RcsC
IFOHMJLD_03683	gene	2685	yoaB			
IFOHMJLD_03683	CDS	2685	yoaB	7.2.2.10	COG0474	Calcium-transporting ATPase 1
IFOHMJLD_03684	gene	627				
IFOHMJLD_03684	CDS	627		3.1.3.-	COG1011	D-ribitol-5-phosphate phosphatase
IFOHMJLD_03685	gene	930	ribCF			
IFOHMJLD_03685	CDS	930	ribCF		COG0196	Bifunctional riboflavin kinase/FMN adenylyltransferase
IFOHMJLD_03686	gene	789				
IFOHMJLD_03686	CDS	789				hypothetical protein
IFOHMJLD_03687	gene	639				
IFOHMJLD_03687	CDS	639				hypothetical protein
IFOHMJLD_03688	gene	219				
IFOHMJLD_03688	CDS	219				hypothetical protein
IFOHMJLD_03689	gene	429	sufE			
IFOHMJLD_03689	CDS	429	sufE		COG2166	Cysteine desulfuration protein SufE
IFOHMJLD_03690	gene	990				
IFOHMJLD_03690	CDS	990				hypothetical protein
IFOHMJLD_03691	gene	915	ykfA			
IFOHMJLD_03691	CDS	915	ykfA	3.4.16.-	COG1619	putative murein peptide carboxypeptidase
IFOHMJLD_03692	gene	792				
IFOHMJLD_03692	CDS	792		3.2.1.103		Keratan-sulfate endo-1,4-beta-galactosidase
IFOHMJLD_03693	gene	942	ptb			
IFOHMJLD_03693	CDS	942	ptb	2.3.1.19	COG0280	Phosphate butyryltransferase
IFOHMJLD_03694	gene	1116	buk2			
IFOHMJLD_03694	CDS	1116	buk2	2.7.2.7	COG3426	Butyrate kinase 2
IFOHMJLD_03695	gene	1638				
IFOHMJLD_03695	CDS	1638				hypothetical protein
IFOHMJLD_03696	gene	501	bioC_3			
IFOHMJLD_03696	CDS	501	bioC_3	2.1.1.197		Malonyl-[acyl-carrier protein] O-methyltransferase
IFOHMJLD_03697	gene	1008				
IFOHMJLD_03697	CDS	1008				hypothetical protein
IFOHMJLD_03698	gene	816				
IFOHMJLD_03698	CDS	816				hypothetical protein
IFOHMJLD_03699	gene	2340	btuB_11			
IFOHMJLD_03699	CDS	2340	btuB_11			Vitamin B12 transporter BtuB
IFOHMJLD_03700	gene	1224				
IFOHMJLD_03700	CDS	1224				hypothetical protein
IFOHMJLD_03701	gene	177				
IFOHMJLD_03701	CDS	177				hypothetical protein
IFOHMJLD_03702	gene	1581				
IFOHMJLD_03702	CDS	1581		3.2.1.-	COG3507	Beta-xylosidase
IFOHMJLD_03703	gene	2784				
IFOHMJLD_03703	CDS	2784				hypothetical protein
IFOHMJLD_03704	gene	2061				
IFOHMJLD_03704	CDS	2061				hypothetical protein
IFOHMJLD_03705	gene	2919	lacZ_13			
IFOHMJLD_03705	CDS	2919	lacZ_13	3.2.1.23		Beta-galactosidase
IFOHMJLD_03706	gene	1893				
IFOHMJLD_03706	CDS	1893				hypothetical protein
IFOHMJLD_03707	gene	1569				
IFOHMJLD_03707	CDS	1569			COG0561	SusD-like protein
IFOHMJLD_03708	gene	3282	susC_11			
IFOHMJLD_03708	CDS	3282	susC_11		COG1629	TonB-dependent receptor SusC
IFOHMJLD_03709	gene	2403				
IFOHMJLD_03709	CDS	2403				hypothetical protein
IFOHMJLD_03710	gene	999				
IFOHMJLD_03710	CDS	999				hypothetical protein
IFOHMJLD_03711	gene	588	sigW_6			
IFOHMJLD_03711	CDS	588	sigW_6		COG1595	ECF RNA polymerase sigma factor SigW
IFOHMJLD_03712	gene	240				
IFOHMJLD_03712	CDS	240				hypothetical protein
IFOHMJLD_03713	gene	909	mscS			
IFOHMJLD_03713	CDS	909	mscS		COG0668	Small-conductance mechanosensitive channel
IFOHMJLD_03714	gene	2220	btuB_12			
IFOHMJLD_03714	CDS	2220	btuB_12			Vitamin B12 transporter BtuB
IFOHMJLD_03715	gene	573	pnuC			
IFOHMJLD_03715	CDS	573	pnuC			Nicotinamide riboside transporter PnuC
IFOHMJLD_03716	gene	624				
IFOHMJLD_03716	CDS	624				hypothetical protein
IFOHMJLD_03717	gene	951				
IFOHMJLD_03717	CDS	951				hypothetical protein
IFOHMJLD_03718	gene	1302	thrC			
IFOHMJLD_03718	CDS	1302	thrC	4.2.3.1	COG0498	Threonine synthase
IFOHMJLD_03719	gene	1212				
IFOHMJLD_03719	CDS	1212				hypothetical protein
IFOHMJLD_03720	gene	2436	thrA			
IFOHMJLD_03720	CDS	2436	thrA		COG0460	Bifunctional aspartokinase/homoserine dehydrogenase 1
IFOHMJLD_03721	gene	141				
IFOHMJLD_03721	CDS	141				hypothetical protein
IFOHMJLD_03722	gene	954				
IFOHMJLD_03722	CDS	954				hypothetical protein
IFOHMJLD_03723	gene	2301	etk			
IFOHMJLD_03723	CDS	2301	etk	2.7.10.-	COG0489	Tyrosine-protein kinase etk
IFOHMJLD_03724	gene	408				
IFOHMJLD_03724	CDS	408				hypothetical protein
IFOHMJLD_03725	gene	1368	radA			
IFOHMJLD_03725	CDS	1368	radA	3.6.4.-	COG1066	DNA repair protein RadA
IFOHMJLD_03726	gene	375				
IFOHMJLD_03726	CDS	375				hypothetical protein
IFOHMJLD_03727	gene	1674				
IFOHMJLD_03727	CDS	1674				hypothetical protein
IFOHMJLD_03728	gene	603				
IFOHMJLD_03728	CDS	603				hypothetical protein
IFOHMJLD_03729	gene	2403	iacT_2			
IFOHMJLD_03729	CDS	2403	iacT_2		COG4773	Iron and copper transporter IacT
IFOHMJLD_03730	gene	975				
IFOHMJLD_03730	CDS	975				hypothetical protein
IFOHMJLD_03731	gene	1827	rlhA			
IFOHMJLD_03731	CDS	1827	rlhA		COG0826	23S rRNA 5-hydroxycytidine synthase
IFOHMJLD_03732	gene	918	metAA			
IFOHMJLD_03732	CDS	918	metAA	2.3.1.31	COG1897	Homoserine O-acetyltransferase
IFOHMJLD_03733	gene	171				
IFOHMJLD_03733	CDS	171				Ferredoxin
IFOHMJLD_03734	gene	1194				
IFOHMJLD_03734	CDS	1194		2.6.1.1		Aspartate/prephenate aminotransferase
IFOHMJLD_03735	gene	1215	ribBA			
IFOHMJLD_03735	CDS	1215	ribBA		COG0108	Riboflavin biosynthesis protein RibBA
IFOHMJLD_03736	gene	1923				
IFOHMJLD_03736	CDS	1923				hypothetical protein
IFOHMJLD_03737	gene	387				
IFOHMJLD_03737	CDS	387				hypothetical protein
IFOHMJLD_03738	gene	77				
IFOHMJLD_03738	tRNA	77				tRNA-Met(cat)
IFOHMJLD_03739	gene	756				
IFOHMJLD_03739	CDS	756				hypothetical protein
IFOHMJLD_03740	gene	2949				
IFOHMJLD_03740	CDS	2949				hypothetical protein
IFOHMJLD_03741	gene	2388				
IFOHMJLD_03741	CDS	2388				hypothetical protein
IFOHMJLD_03742	gene	1446				
IFOHMJLD_03742	CDS	1446				hypothetical protein
IFOHMJLD_03743	gene	3408				
IFOHMJLD_03743	CDS	3408			COG4771	TonB-dependent receptor P3
IFOHMJLD_03744	gene	1011				
IFOHMJLD_03744	CDS	1011				hypothetical protein
IFOHMJLD_03745	gene	564	rpoE_3			
IFOHMJLD_03745	CDS	564	rpoE_3		COG1595	ECF RNA polymerase sigma-E factor
IFOHMJLD_03746	gene	1440	srrB			
IFOHMJLD_03746	CDS	1440	srrB	2.7.13.3		Sensor protein SrrB
IFOHMJLD_03747	gene	1128	kdpD			
IFOHMJLD_03747	CDS	1128	kdpD	2.7.13.3	COG2205	Sensor protein KdpD
IFOHMJLD_03748	gene	750				
IFOHMJLD_03748	CDS	750				hypothetical protein
IFOHMJLD_03749	gene	582	kdpC			
IFOHMJLD_03749	CDS	582	kdpC		COG2156	Potassium-transporting ATPase KdpC subunit
IFOHMJLD_03750	gene	2025	kdpB			
IFOHMJLD_03750	CDS	2025	kdpB	7.2.2.6	COG2216	Potassium-transporting ATPase ATP-binding subunit
IFOHMJLD_03751	gene	1707	kdpA			
IFOHMJLD_03751	CDS	1707	kdpA		COG2060	Potassium-transporting ATPase potassium-binding subunit
IFOHMJLD_03752	gene	1350	atoC_4			
IFOHMJLD_03752	CDS	1350	atoC_4		COG2204	Regulatory protein AtoC
IFOHMJLD_03753	gene	570				
IFOHMJLD_03753	CDS	570				hypothetical protein
IFOHMJLD_03754	gene	120				
IFOHMJLD_03754	CDS	120				hypothetical protein
IFOHMJLD_03755	gene	1620				
IFOHMJLD_03755	CDS	1620				hypothetical protein
IFOHMJLD_03756	gene	393				
IFOHMJLD_03756	CDS	393				hypothetical protein
IFOHMJLD_03757	gene	117				
IFOHMJLD_03757	CDS	117				hypothetical protein
IFOHMJLD_03758	gene	630				
IFOHMJLD_03758	CDS	630				hypothetical protein
IFOHMJLD_03759	gene	1323				
IFOHMJLD_03759	CDS	1323				hypothetical protein
IFOHMJLD_03760	gene	594	hin_2			
IFOHMJLD_03760	CDS	594	hin_2			DNA-invertase hin
IFOHMJLD_03761	gene	531				
IFOHMJLD_03761	CDS	531				hypothetical protein
IFOHMJLD_03762	gene	876				
IFOHMJLD_03762	CDS	876				hypothetical protein
IFOHMJLD_03763	gene	822				
IFOHMJLD_03763	CDS	822				hypothetical protein
IFOHMJLD_03764	gene	1779	recD2_3			
IFOHMJLD_03764	CDS	1779	recD2_3	5.6.2.3		ATP-dependent RecD2 DNA helicase
IFOHMJLD_03765	gene	855				
IFOHMJLD_03765	CDS	855				hypothetical protein
IFOHMJLD_03766	gene	1554				
IFOHMJLD_03766	CDS	1554				hypothetical protein
IFOHMJLD_03767	gene	927				
IFOHMJLD_03767	CDS	927				hypothetical protein
IFOHMJLD_03768	gene	612				
IFOHMJLD_03768	CDS	612				hypothetical protein
IFOHMJLD_03769	gene	171				
IFOHMJLD_03769	CDS	171				hypothetical protein
IFOHMJLD_03770	gene	1287				
IFOHMJLD_03770	CDS	1287				hypothetical protein
IFOHMJLD_03771	gene	894				
IFOHMJLD_03771	CDS	894				hypothetical protein
IFOHMJLD_03772	gene	801				
IFOHMJLD_03772	CDS	801				hypothetical protein
IFOHMJLD_03773	gene	255				
IFOHMJLD_03773	CDS	255				hypothetical protein
IFOHMJLD_03774	gene	168				
IFOHMJLD_03774	CDS	168				hypothetical protein
IFOHMJLD_03775	gene	447				
IFOHMJLD_03775	CDS	447				hypothetical protein
IFOHMJLD_03776	gene	312				
IFOHMJLD_03776	CDS	312				hypothetical protein
IFOHMJLD_03777	gene	339				
IFOHMJLD_03777	CDS	339				hypothetical protein
IFOHMJLD_03778	gene	204				
IFOHMJLD_03778	CDS	204				hypothetical protein
IFOHMJLD_03779	gene	186				
IFOHMJLD_03779	CDS	186				hypothetical protein
IFOHMJLD_03780	gene	342				
IFOHMJLD_03780	CDS	342				hypothetical protein
IFOHMJLD_03781	gene	468				
IFOHMJLD_03781	CDS	468				hypothetical protein
IFOHMJLD_03782	gene	276				
IFOHMJLD_03782	CDS	276				hypothetical protein
IFOHMJLD_03783	gene	213				
IFOHMJLD_03783	CDS	213				hypothetical protein
IFOHMJLD_03784	gene	588				
IFOHMJLD_03784	CDS	588				hypothetical protein
IFOHMJLD_03785	gene	1629	noc_2			
IFOHMJLD_03785	CDS	1629	noc_2			Nucleoid occlusion protein
IFOHMJLD_03786	gene	252				
IFOHMJLD_03786	CDS	252				hypothetical protein
IFOHMJLD_03787	gene	360				
IFOHMJLD_03787	CDS	360				hypothetical protein
IFOHMJLD_03788	gene	579				
IFOHMJLD_03788	CDS	579				hypothetical protein
IFOHMJLD_03789	gene	252				
IFOHMJLD_03789	CDS	252				hypothetical protein
IFOHMJLD_03790	gene	318				
IFOHMJLD_03790	CDS	318				hypothetical protein
IFOHMJLD_03791	gene	546				
IFOHMJLD_03791	CDS	546				hypothetical protein
IFOHMJLD_03792	gene	1140				
IFOHMJLD_03792	CDS	1140				hypothetical protein
IFOHMJLD_03793	gene	1014				
IFOHMJLD_03793	CDS	1014				hypothetical protein
IFOHMJLD_03794	gene	642				
IFOHMJLD_03794	CDS	642				hypothetical protein
IFOHMJLD_03795	gene	1113				
IFOHMJLD_03795	CDS	1113				IS200/IS605 family transposase ISSoc1
IFOHMJLD_03796	gene	786				
IFOHMJLD_03796	CDS	786				hypothetical protein
IFOHMJLD_03797	gene	555				
IFOHMJLD_03797	CDS	555				hypothetical protein
IFOHMJLD_03798	gene	2433				
IFOHMJLD_03798	CDS	2433				hypothetical protein
IFOHMJLD_03799	gene	327				
IFOHMJLD_03799	CDS	327				hypothetical protein
IFOHMJLD_03800	gene	312				
IFOHMJLD_03800	CDS	312				hypothetical protein
IFOHMJLD_03801	gene	789				
IFOHMJLD_03801	CDS	789				hypothetical protein
IFOHMJLD_03802	gene	2664				
IFOHMJLD_03802	CDS	2664				hypothetical protein
IFOHMJLD_03803	gene	945				
IFOHMJLD_03803	CDS	945				hypothetical protein
IFOHMJLD_03804	gene	870				
IFOHMJLD_03804	CDS	870				hypothetical protein
IFOHMJLD_03805	gene	2055				
IFOHMJLD_03805	CDS	2055				hypothetical protein
IFOHMJLD_03806	gene	756				
IFOHMJLD_03806	CDS	756				hypothetical protein
IFOHMJLD_03807	gene	501				
IFOHMJLD_03807	CDS	501				hypothetical protein
IFOHMJLD_03808	gene	549				
IFOHMJLD_03808	CDS	549				hypothetical protein
IFOHMJLD_03809	gene	225				
IFOHMJLD_03809	CDS	225				hypothetical protein
IFOHMJLD_03810	gene	1029	xerC_24			
IFOHMJLD_03810	CDS	1029	xerC_24			Tyrosine recombinase XerC
IFOHMJLD_03811	gene	1368				
IFOHMJLD_03811	CDS	1368				IS607 family transposase ISChh1
IFOHMJLD_03812	gene	585				
IFOHMJLD_03812	CDS	585				hypothetical protein
IFOHMJLD_03813	gene	792				
IFOHMJLD_03813	CDS	792				hypothetical protein
IFOHMJLD_03814	gene	819	soj_3			
IFOHMJLD_03814	CDS	819	soj_3	3.6.4.-	COG1192	Sporulation initiation inhibitor protein Soj
IFOHMJLD_03815	gene	237				
IFOHMJLD_03815	CDS	237				hypothetical protein
IFOHMJLD_03816	gene	1797				
IFOHMJLD_03816	CDS	1797				hypothetical protein
IFOHMJLD_03817	gene	204				
IFOHMJLD_03817	CDS	204				hypothetical protein
IFOHMJLD_03818	gene	1623				
IFOHMJLD_03818	CDS	1623				hypothetical protein
IFOHMJLD_03819	gene	1644				
IFOHMJLD_03819	CDS	1644				hypothetical protein
IFOHMJLD_03820	gene	438				
IFOHMJLD_03820	CDS	438				hypothetical protein
IFOHMJLD_03821	gene	5484				
IFOHMJLD_03821	CDS	5484				hypothetical protein
IFOHMJLD_03822	gene	1737				
IFOHMJLD_03822	CDS	1737				hypothetical protein
IFOHMJLD_03823	gene	1635				
IFOHMJLD_03823	CDS	1635				hypothetical protein
IFOHMJLD_03824	gene	873				
IFOHMJLD_03824	CDS	873				hypothetical protein
IFOHMJLD_03825	gene	1755				
IFOHMJLD_03825	CDS	1755				hypothetical protein
IFOHMJLD_03826	gene	3252				
IFOHMJLD_03826	CDS	3252			COG1629	TonB-dependent receptor P26
IFOHMJLD_03827	gene	567				
IFOHMJLD_03827	CDS	567				hypothetical protein
IFOHMJLD_03828	gene	1452				
IFOHMJLD_03828	CDS	1452				hypothetical protein
IFOHMJLD_03829	gene	1560				
IFOHMJLD_03829	CDS	1560				hypothetical protein
IFOHMJLD_03830	gene	981				
IFOHMJLD_03830	CDS	981				hypothetical protein
IFOHMJLD_03831	gene	969				
IFOHMJLD_03831	CDS	969				hypothetical protein
IFOHMJLD_03832	gene	984				
IFOHMJLD_03832	CDS	984				hypothetical protein
IFOHMJLD_03833	gene	318				
IFOHMJLD_03833	CDS	318				hypothetical protein
IFOHMJLD_03834	gene	939	UXNAcS_2			
IFOHMJLD_03834	CDS	939	UXNAcS_2	4.1.1.128	COG0451	UDP-N-acetyl-alpha-D-glucosaminuronate decarboxylase
IFOHMJLD_03835	gene	1128	rcsC_30			
IFOHMJLD_03835	CDS	1128	rcsC_30	2.7.13.3		Sensor histidine kinase RcsC
IFOHMJLD_03836	gene	2874				
IFOHMJLD_03836	CDS	2874				hypothetical protein
IFOHMJLD_03837	gene	3174	recB			
IFOHMJLD_03837	CDS	3174	recB	5.6.2.4		RecBCD enzyme subunit RecB
IFOHMJLD_03838	gene	1578				
IFOHMJLD_03838	CDS	1578				hypothetical protein
IFOHMJLD_03839	gene	2640				
IFOHMJLD_03839	CDS	2640				hypothetical protein
IFOHMJLD_03840	gene	3306	susC_12			
IFOHMJLD_03840	CDS	3306	susC_12		COG1629	TonB-dependent receptor SusC
IFOHMJLD_03841	gene	1332				
IFOHMJLD_03841	CDS	1332			COG0702	SusD-like protein P38
IFOHMJLD_03842	gene	1140	xerC_25			
IFOHMJLD_03842	CDS	1140	xerC_25			Tyrosine recombinase XerC
IFOHMJLD_03843	gene	585				
IFOHMJLD_03843	CDS	585				hypothetical protein
IFOHMJLD_03844	gene	300				
IFOHMJLD_03844	CDS	300				hypothetical protein
IFOHMJLD_03845	gene	354				
IFOHMJLD_03845	CDS	354				hypothetical protein
IFOHMJLD_03846	gene	369				
IFOHMJLD_03846	CDS	369				hypothetical protein
IFOHMJLD_03847	gene	558				
IFOHMJLD_03847	CDS	558				hypothetical protein
IFOHMJLD_03848	gene	345				
IFOHMJLD_03848	CDS	345				hypothetical protein
IFOHMJLD_03849	gene	765				
IFOHMJLD_03849	CDS	765				hypothetical protein
IFOHMJLD_03850	gene	531	darG			
IFOHMJLD_03850	CDS	531	darG	3.2.2.-		DNA ADP-ribosyl glycohydrolase
IFOHMJLD_03851	gene	405				
IFOHMJLD_03851	CDS	405				hypothetical protein
IFOHMJLD_03852	gene	222				
IFOHMJLD_03852	CDS	222				hypothetical protein
IFOHMJLD_03853	gene	513				
IFOHMJLD_03853	CDS	513				hypothetical protein
IFOHMJLD_03854	gene	534				
IFOHMJLD_03854	CDS	534				hypothetical protein
IFOHMJLD_03855	gene	489				
IFOHMJLD_03855	CDS	489				hypothetical protein
IFOHMJLD_03856	gene	534				
IFOHMJLD_03856	CDS	534				hypothetical protein
IFOHMJLD_03857	gene	309				
IFOHMJLD_03857	CDS	309				hypothetical protein
IFOHMJLD_03858	gene	162				
IFOHMJLD_03858	CDS	162				hypothetical protein
IFOHMJLD_03859	gene	852	rhaS_5			
IFOHMJLD_03859	CDS	852	rhaS_5			HTH-type transcriptional activator RhaS
IFOHMJLD_03860	gene	1371	viaA			
IFOHMJLD_03860	CDS	1371	viaA			Regulatory protein ViaA
IFOHMJLD_03861	gene	1575	ravA			
IFOHMJLD_03861	CDS	1575	ravA	3.6.1.-		Regulatory ATPase RavA
IFOHMJLD_03862	gene	783				
IFOHMJLD_03862	CDS	783				hypothetical protein
IFOHMJLD_03863	gene	384				
IFOHMJLD_03863	CDS	384				hypothetical protein
IFOHMJLD_03864	gene	1665	fadD3_1			
IFOHMJLD_03864	CDS	1665	fadD3_1	6.2.1.41	COG0318	3-[(3aS,4S,7aS)-7a-methyl-1,5-dioxo-octahydro-1H-inden-4-yl]propanoyl:CoA ligase
IFOHMJLD_03865	gene	1467	nhaP2			
IFOHMJLD_03865	CDS	1467	nhaP2		COG3263	K(+)/H(+) antiporter NhaP2
IFOHMJLD_03866	gene	1185	pyrP			
IFOHMJLD_03866	CDS	1185	pyrP		COG2233	Uracil permease
IFOHMJLD_03867	gene	1632	hcp			
IFOHMJLD_03867	CDS	1632	hcp	1.7.99.1	COG1151	Hydroxylamine reductase
IFOHMJLD_03868	gene	666	anr			
IFOHMJLD_03868	CDS	666	anr		COG0664	Transcriptional activator protein Anr
IFOHMJLD_03869	gene	1314	sasA_14			
IFOHMJLD_03869	CDS	1314	sasA_14	2.7.13.3		Adaptive-response sensory-kinase SasA
IFOHMJLD_03870	gene	1332	zraR_4			
IFOHMJLD_03870	CDS	1332	zraR_4			Transcriptional regulatory protein ZraR
IFOHMJLD_03871	gene	711				
IFOHMJLD_03871	CDS	711				hypothetical protein
IFOHMJLD_03872	gene	810				
IFOHMJLD_03872	CDS	810				hypothetical protein
IFOHMJLD_03873	gene	2295				
IFOHMJLD_03873	CDS	2295				hypothetical protein
IFOHMJLD_03874	gene	675	yknY_7			
IFOHMJLD_03874	CDS	675	yknY_7	7.6.2.-	COG1136	putative ABC transporter ATP-binding protein YknY
IFOHMJLD_03875	gene	2310				
IFOHMJLD_03875	CDS	2310				hypothetical protein
IFOHMJLD_03876	gene	2295				
IFOHMJLD_03876	CDS	2295				hypothetical protein
IFOHMJLD_03877	gene	675	yknY_8			
IFOHMJLD_03877	CDS	675	yknY_8	7.6.2.-	COG1136	putative ABC transporter ATP-binding protein YknY
IFOHMJLD_03878	gene	2310				
IFOHMJLD_03878	CDS	2310				hypothetical protein
IFOHMJLD_03879	gene	1365	mepA_4			
IFOHMJLD_03879	CDS	1365	mepA_4		COG0534	Multidrug export protein MepA
IFOHMJLD_03880	gene	657	ppaX			
IFOHMJLD_03880	CDS	657	ppaX	3.6.1.1		Pyrophosphatase PpaX
IFOHMJLD_03881	gene	996	pyrD_2			
IFOHMJLD_03881	CDS	996	pyrD_2	1.3.5.2	COG0167	Dihydroorotate dehydrogenase (quinone)
IFOHMJLD_03882	gene	729	axeA1			
IFOHMJLD_03882	CDS	729	axeA1	3.1.1.72	COG0657	Acetylxylan esterase
IFOHMJLD_03883	gene	822	panB			
IFOHMJLD_03883	CDS	822	panB	2.1.2.11	COG0413	3-methyl-2-oxobutanoate hydroxymethyltransferase
IFOHMJLD_03884	gene	1167				
IFOHMJLD_03884	CDS	1167				hypothetical protein
IFOHMJLD_03885	gene	387	dgkA			
IFOHMJLD_03885	CDS	387	dgkA	2.7.1.66	COG0818	Undecaprenol kinase
IFOHMJLD_03886	gene	2214	relA			
IFOHMJLD_03886	CDS	2214	relA	2.7.6.5	COG0317	GTP pyrophosphokinase
IFOHMJLD_03887	gene	1518				
IFOHMJLD_03887	CDS	1518				hypothetical protein
IFOHMJLD_03888	gene	312				
IFOHMJLD_03888	CDS	312				hypothetical protein
IFOHMJLD_03889	gene	1005				
IFOHMJLD_03889	CDS	1005				hypothetical protein
IFOHMJLD_03890	gene	624				
IFOHMJLD_03890	CDS	624				hypothetical protein
IFOHMJLD_03891	gene	309				
IFOHMJLD_03891	CDS	309				hypothetical protein
IFOHMJLD_03892	gene	1350				
IFOHMJLD_03892	CDS	1350				hypothetical protein
IFOHMJLD_03893	gene	987				
IFOHMJLD_03893	CDS	987				hypothetical protein
IFOHMJLD_03894	gene	576				
IFOHMJLD_03894	CDS	576				hypothetical protein
IFOHMJLD_03895	gene	903				
IFOHMJLD_03895	CDS	903				hypothetical protein
IFOHMJLD_03896	gene	504				
IFOHMJLD_03896	CDS	504				hypothetical protein
IFOHMJLD_03897	gene	594				
IFOHMJLD_03897	CDS	594				hypothetical protein
IFOHMJLD_03898	gene	222				
IFOHMJLD_03898	CDS	222				hypothetical protein
IFOHMJLD_03899	gene	309				
IFOHMJLD_03899	CDS	309				hypothetical protein
IFOHMJLD_03900	gene	246				
IFOHMJLD_03900	CDS	246				hypothetical protein
IFOHMJLD_03901	gene	234				
IFOHMJLD_03901	CDS	234				hypothetical protein
IFOHMJLD_03902	gene	258				
IFOHMJLD_03902	CDS	258				hypothetical protein
IFOHMJLD_03903	gene	1290				
IFOHMJLD_03903	CDS	1290				hypothetical protein
IFOHMJLD_03904	gene	423				
IFOHMJLD_03904	CDS	423				hypothetical protein
IFOHMJLD_03905	gene	597				
IFOHMJLD_03905	CDS	597				hypothetical protein
IFOHMJLD_03906	gene	222				
IFOHMJLD_03906	CDS	222				hypothetical protein
IFOHMJLD_03907	gene	216				
IFOHMJLD_03907	CDS	216				hypothetical protein
IFOHMJLD_03908	gene	591				
IFOHMJLD_03908	CDS	591				hypothetical protein
IFOHMJLD_03909	gene	1419	ahcY			
IFOHMJLD_03909	CDS	1419	ahcY	3.13.2.1	COG0499	Adenosylhomocysteinase
IFOHMJLD_03910	gene	2502				
IFOHMJLD_03910	CDS	2502				hypothetical protein
IFOHMJLD_03911	gene	1542	atsA_6			
IFOHMJLD_03911	CDS	1542	atsA_6	3.1.6.1		Arylsulfatase
IFOHMJLD_03912	gene	1950				
IFOHMJLD_03912	CDS	1950				hypothetical protein
IFOHMJLD_03913	gene	3513				
IFOHMJLD_03913	CDS	3513			COG4771	TonB-dependent receptor P3
IFOHMJLD_03914	gene	981				
IFOHMJLD_03914	CDS	981				hypothetical protein
IFOHMJLD_03915	gene	552	sigW_7			
IFOHMJLD_03915	CDS	552	sigW_7		COG1595	ECF RNA polymerase sigma factor SigW
IFOHMJLD_03916	gene	1239	lolE_2			
IFOHMJLD_03916	CDS	1239	lolE_2		COG4591	Lipoprotein-releasing system transmembrane protein LolE
IFOHMJLD_03917	gene	333	rbfA			
IFOHMJLD_03917	CDS	333	rbfA		COG0858	Ribosome-binding factor A
IFOHMJLD_03918	gene	639	trmR			
IFOHMJLD_03918	CDS	639	trmR	2.1.1.-		tRNA 5-hydroxyuridine methyltransferase
IFOHMJLD_03919	gene	1458	pyk			
IFOHMJLD_03919	CDS	1458	pyk	2.7.1.40		Pyruvate kinase
IFOHMJLD_03920	gene	420	aroQ			
IFOHMJLD_03920	CDS	420	aroQ	4.2.1.10	COG0757	3-dehydroquinate dehydratase
IFOHMJLD_03921	gene	960	xerD_3			
IFOHMJLD_03921	CDS	960	xerD_3			Tyrosine recombinase XerD
IFOHMJLD_03922	gene	1692				
IFOHMJLD_03922	CDS	1692				hypothetical protein
IFOHMJLD_03923	gene	1071	resA_10			
IFOHMJLD_03923	CDS	1071	resA_10			Thiol-disulfide oxidoreductase ResA
IFOHMJLD_03924	gene	1539	comM			
IFOHMJLD_03924	CDS	1539	comM		COG0606	Competence protein ComM
IFOHMJLD_03925	gene	1701				
IFOHMJLD_03925	CDS	1701				hypothetical protein
IFOHMJLD_03926	gene	1200				
IFOHMJLD_03926	CDS	1200				hypothetical protein
IFOHMJLD_03927	gene	447				
IFOHMJLD_03927	CDS	447				hypothetical protein
IFOHMJLD_03928	gene	1710				
IFOHMJLD_03928	CDS	1710				hypothetical protein
IFOHMJLD_03929	gene	1086	ahbD			
IFOHMJLD_03929	CDS	1086	ahbD	1.3.98.6	COG0535	AdoMet-dependent heme synthase
IFOHMJLD_03930	gene	489				
IFOHMJLD_03930	CDS	489				hypothetical protein
IFOHMJLD_03931	gene	2061	FCS1			
IFOHMJLD_03931	CDS	2061	FCS1	6.2.1.34		Trans-feruloyl-CoA synthase FCS1
IFOHMJLD_03932	gene	1236				
IFOHMJLD_03932	CDS	1236				hypothetical protein
IFOHMJLD_03933	gene	1164				
IFOHMJLD_03933	CDS	1164				hypothetical protein
IFOHMJLD_03934	gene	891	egtB			
IFOHMJLD_03934	CDS	891	egtB	1.14.99.50		Hercynine oxygenase
IFOHMJLD_03935	gene	1395				
IFOHMJLD_03935	CDS	1395				hypothetical protein
IFOHMJLD_03936	gene	936				
IFOHMJLD_03936	CDS	936				hypothetical protein
IFOHMJLD_03937	gene	330				
IFOHMJLD_03937	CDS	330				hypothetical protein
IFOHMJLD_03938	gene	1083				
IFOHMJLD_03938	CDS	1083				hypothetical protein
IFOHMJLD_03939	gene	315				
IFOHMJLD_03939	CDS	315				hypothetical protein
IFOHMJLD_03940	gene	1083				
IFOHMJLD_03940	CDS	1083				hypothetical protein
IFOHMJLD_03941	gene	2040	metG			
IFOHMJLD_03941	CDS	2040	metG	6.1.1.10		Methionine--tRNA ligase
IFOHMJLD_03942	gene	1446	tuaB_3			
IFOHMJLD_03942	CDS	1446	tuaB_3		COG2244	Teichuronic acid biosynthesis protein TuaB
IFOHMJLD_03943	gene	1185				
IFOHMJLD_03943	CDS	1185				hypothetical protein
IFOHMJLD_03944	gene	1008				
IFOHMJLD_03944	CDS	1008				hypothetical protein
IFOHMJLD_03945	gene	1200	mshA_11			
IFOHMJLD_03945	CDS	1200	mshA_11	2.4.1.250		D-inositol-3-phosphate glycosyltransferase
IFOHMJLD_03946	gene	648				
IFOHMJLD_03946	CDS	648				hypothetical protein
IFOHMJLD_03947	gene	1131				
IFOHMJLD_03947	CDS	1131		5.1.3.14		UDP-N-acetylglucosamine 2-epimerase
IFOHMJLD_03948	gene	1203	wecC_2			
IFOHMJLD_03948	CDS	1203	wecC_2	1.1.1.336	COG0677	UDP-N-acetyl-D-mannosamine dehydrogenase
IFOHMJLD_03949	gene	1266	mshA_12			
IFOHMJLD_03949	CDS	1266	mshA_12	2.4.1.250		D-inositol-3-phosphate glycosyltransferase
IFOHMJLD_03950	gene	774				
IFOHMJLD_03950	CDS	774		2.4.1.-	COG0463	PGL/p-HBAD biosynthesis glycosyltransferase
IFOHMJLD_03951	gene	906	cobB			
IFOHMJLD_03951	CDS	906	cobB	2.3.1.286		NAD-dependent protein deacylase
IFOHMJLD_03952	gene	585	mip_2			
IFOHMJLD_03952	CDS	585	mip_2	5.2.1.8	COG0545	Outer membrane protein MIP
IFOHMJLD_03953	gene	870				
IFOHMJLD_03953	CDS	870				hypothetical protein
IFOHMJLD_03954	gene	2904				
IFOHMJLD_03954	CDS	2904			COG4771	TonB-dependent receptor P3
IFOHMJLD_03955	gene	1395				
IFOHMJLD_03955	CDS	1395				hypothetical protein
IFOHMJLD_03956	gene	1254	hflX			
IFOHMJLD_03956	CDS	1254	hflX			GTPase HflX
IFOHMJLD_03957	gene	1992				
IFOHMJLD_03957	CDS	1992				hypothetical protein
IFOHMJLD_03958	gene	2490				
IFOHMJLD_03958	CDS	2490				hypothetical protein
IFOHMJLD_03959	gene	1647	fumB			
IFOHMJLD_03959	CDS	1647	fumB	4.2.1.2	COG1838	Fumarate hydratase class I, anaerobic
IFOHMJLD_03960	gene	1146				
IFOHMJLD_03960	CDS	1146				hypothetical protein
IFOHMJLD_03961	gene	2157				
IFOHMJLD_03961	CDS	2157				hypothetical protein
IFOHMJLD_03962	gene	1656	bcaP			
IFOHMJLD_03962	CDS	1656	bcaP		COG0531	Branched-chain amino acid permease BcaP
IFOHMJLD_03963	gene	1326				
IFOHMJLD_03963	CDS	1326				hypothetical protein
IFOHMJLD_03964	gene	3036	bepE_5			
IFOHMJLD_03964	CDS	3036	bepE_5			Efflux pump membrane transporter BepE
IFOHMJLD_03965	gene	1083	mdtA_6			
IFOHMJLD_03965	CDS	1083	mdtA_6			Multidrug resistance protein MdtA
IFOHMJLD_03966	gene	1314				
IFOHMJLD_03966	CDS	1314				hypothetical protein
IFOHMJLD_03967	gene	2172	comA			
IFOHMJLD_03967	CDS	2172	comA	3.4.22.-	COG2274	Transport/processing ATP-binding protein ComA
IFOHMJLD_03968	gene	720				
IFOHMJLD_03968	CDS	720				hypothetical protein
IFOHMJLD_03969	gene	345				
IFOHMJLD_03969	CDS	345				hypothetical protein
IFOHMJLD_03970	gene	129				
IFOHMJLD_03970	CDS	129				hypothetical protein
IFOHMJLD_03971	gene	1563				
IFOHMJLD_03971	CDS	1563				hypothetical protein
IFOHMJLD_03972	gene	1254				
IFOHMJLD_03972	CDS	1254				hypothetical protein
IFOHMJLD_03973	gene	189				
IFOHMJLD_03973	CDS	189				hypothetical protein
IFOHMJLD_03974	gene	933	rsgA			
IFOHMJLD_03974	CDS	933	rsgA	3.6.1.-	COG1162	Small ribosomal subunit biogenesis GTPase RsgA
IFOHMJLD_03975	gene	561	frr			
IFOHMJLD_03975	CDS	561	frr		COG0233	Ribosome-recycling factor
IFOHMJLD_03976	gene	1059				
IFOHMJLD_03976	CDS	1059				hypothetical protein
IFOHMJLD_03977	gene	555				
IFOHMJLD_03977	CDS	555				hypothetical protein
IFOHMJLD_03978	gene	2796				
IFOHMJLD_03978	CDS	2796				hypothetical protein
IFOHMJLD_03979	gene	1590	dnaK_2			
IFOHMJLD_03979	CDS	1590	dnaK_2		COG0443	Chaperone protein DnaK
IFOHMJLD_03980	gene	849				
IFOHMJLD_03980	CDS	849				hypothetical protein
IFOHMJLD_03981	gene	150				
IFOHMJLD_03981	CDS	150				hypothetical protein
IFOHMJLD_03982	gene	711	pyrH			
IFOHMJLD_03982	CDS	711	pyrH	2.7.4.22	COG0528	Uridylate kinase
IFOHMJLD_03983	gene	1320	dinF			
IFOHMJLD_03983	CDS	1320	dinF		COG0534	DNA damage-inducible protein F
IFOHMJLD_03984	gene	684				
IFOHMJLD_03984	CDS	684				hypothetical protein
IFOHMJLD_03985	gene	1326				
IFOHMJLD_03985	CDS	1326				hypothetical protein
IFOHMJLD_03986	gene	756	birA			
IFOHMJLD_03986	CDS	756	birA	6.3.4.15	COG0340	Bifunctional ligase/repressor BirA
IFOHMJLD_03987	gene	357	yjbR			
IFOHMJLD_03987	CDS	357	yjbR		COG2315	putative protein YjbR
IFOHMJLD_03988	gene	366				
IFOHMJLD_03988	CDS	366				hypothetical protein
IFOHMJLD_03989	gene	234				
IFOHMJLD_03989	CDS	234				hypothetical protein
IFOHMJLD_03990	gene	438	tadA_2			
IFOHMJLD_03990	CDS	438	tadA_2	3.5.4.33		tRNA-specific adenosine deaminase
IFOHMJLD_03991	gene	291				
IFOHMJLD_03991	CDS	291				hypothetical protein
IFOHMJLD_03992	gene	711				
IFOHMJLD_03992	CDS	711				hypothetical protein
IFOHMJLD_03993	gene	687	psd			
IFOHMJLD_03993	CDS	687	psd	4.1.1.65		Phosphatidylserine decarboxylase proenzyme
IFOHMJLD_03994	gene	3897	dnaE			
IFOHMJLD_03994	CDS	3897	dnaE	2.7.7.7		DNA polymerase III subunit alpha
IFOHMJLD_03995	gene	315	trxA_2			
IFOHMJLD_03995	CDS	315	trxA_2		COG3118	Thioredoxin
IFOHMJLD_03996	gene	336				
IFOHMJLD_03996	CDS	336				hypothetical protein
IFOHMJLD_03997	gene	732				
IFOHMJLD_03997	CDS	732				hypothetical protein
IFOHMJLD_03998	gene	963				
IFOHMJLD_03998	CDS	963				hypothetical protein
IFOHMJLD_03999	gene	933				
IFOHMJLD_03999	CDS	933				hypothetical protein
IFOHMJLD_04000	gene	624				
IFOHMJLD_04000	CDS	624				hypothetical protein
IFOHMJLD_04001	gene	1248				
IFOHMJLD_04001	CDS	1248				hypothetical protein
IFOHMJLD_04002	gene	996	moxR1_2			
IFOHMJLD_04002	CDS	996	moxR1_2		COG0714	Chaperone MoxR1
IFOHMJLD_04003	gene	1311				
IFOHMJLD_04003	CDS	1311				hypothetical protein
IFOHMJLD_04004	gene	225				
IFOHMJLD_04004	CDS	225				hypothetical protein
IFOHMJLD_04005	gene	420				
IFOHMJLD_04005	CDS	420				hypothetical protein
IFOHMJLD_04006	gene	810	znuB			
IFOHMJLD_04006	CDS	810	znuB		COG1108	High-affinity zinc uptake system membrane protein ZnuB
IFOHMJLD_04007	gene	423				
IFOHMJLD_04007	CDS	423				hypothetical protein
IFOHMJLD_04008	gene	1002				
IFOHMJLD_04008	CDS	1002				hypothetical protein
IFOHMJLD_04009	gene	1215				
IFOHMJLD_04009	CDS	1215				hypothetical protein
IFOHMJLD_04010	gene	2286				
IFOHMJLD_04010	CDS	2286				hypothetical protein
IFOHMJLD_04011	gene	846				
IFOHMJLD_04011	CDS	846				hypothetical protein
IFOHMJLD_04012	gene	975				
IFOHMJLD_04012	CDS	975				hypothetical protein
IFOHMJLD_04013	gene	363				
IFOHMJLD_04013	CDS	363				hypothetical protein
IFOHMJLD_04014	gene	2514				
IFOHMJLD_04014	CDS	2514				hypothetical protein
IFOHMJLD_04015	gene	627				
IFOHMJLD_04015	CDS	627				hypothetical protein
IFOHMJLD_04016	gene	996				
IFOHMJLD_04016	CDS	996				hypothetical protein
IFOHMJLD_04017	gene	624				
IFOHMJLD_04017	CDS	624				hypothetical protein
IFOHMJLD_04018	gene	297				
IFOHMJLD_04018	CDS	297				hypothetical protein
IFOHMJLD_04019	gene	1314				
IFOHMJLD_04019	CDS	1314				hypothetical protein
IFOHMJLD_04020	gene	936				
IFOHMJLD_04020	CDS	936				hypothetical protein
IFOHMJLD_04021	gene	582				
IFOHMJLD_04021	CDS	582				hypothetical protein
IFOHMJLD_04022	gene	453				
IFOHMJLD_04022	CDS	453				hypothetical protein
IFOHMJLD_04023	gene	321				
IFOHMJLD_04023	CDS	321				hypothetical protein
IFOHMJLD_04024	gene	483				
IFOHMJLD_04024	CDS	483				hypothetical protein
IFOHMJLD_04025	gene	222				
IFOHMJLD_04025	CDS	222				hypothetical protein
IFOHMJLD_04026	gene	213				
IFOHMJLD_04026	CDS	213				hypothetical protein
IFOHMJLD_04027	gene	534				
IFOHMJLD_04027	CDS	534				hypothetical protein
IFOHMJLD_04028	gene	531				
IFOHMJLD_04028	CDS	531				hypothetical protein
IFOHMJLD_04029	gene	1230	xerC_26			
IFOHMJLD_04029	CDS	1230	xerC_26			Tyrosine recombinase XerC
IFOHMJLD_04030	gene	86				
IFOHMJLD_04030	tRNA	86				tRNA-Ser(tga)
IFOHMJLD_04031	gene	2229	pflB			
IFOHMJLD_04031	CDS	2229	pflB	2.3.1.54		Formate acetyltransferase
IFOHMJLD_04032	gene	726	pflA			
IFOHMJLD_04032	CDS	726	pflA	1.97.1.4	COG1180	Pyruvate formate-lyase 1-activating enzyme
IFOHMJLD_04033	gene	1260				
IFOHMJLD_04033	CDS	1260				hypothetical protein
IFOHMJLD_04034	gene	549	algU_3			
IFOHMJLD_04034	CDS	549	algU_3			RNA polymerase sigma-H factor
IFOHMJLD_04035	gene	756				
IFOHMJLD_04035	CDS	756				hypothetical protein
IFOHMJLD_04036	gene	999	oxyR			
IFOHMJLD_04036	CDS	999	oxyR		COG0583	DNA-binding transcriptional dual regulator OxyR
IFOHMJLD_04037	gene	474	dps			
IFOHMJLD_04037	CDS	474	dps	1.16.-.-	COG0783	DNA protection during starvation protein
IFOHMJLD_04038	gene	999				
IFOHMJLD_04038	CDS	999		2.4.1.320	COG2152	1,4-beta-mannosyl-N-acetylglucosamine phosphorylase
IFOHMJLD_04039	gene	1269	ampG_2			
IFOHMJLD_04039	CDS	1269	ampG_2		COG2223	Anhydromuropeptide permease
IFOHMJLD_04040	gene	1014				
IFOHMJLD_04040	CDS	1014				hypothetical protein
IFOHMJLD_04041	gene	1137				
IFOHMJLD_04041	CDS	1137				hypothetical protein
IFOHMJLD_04042	gene	1080	endOF2			
IFOHMJLD_04042	CDS	1080	endOF2	3.2.1.96		Endo-beta-N-acetylglucosaminidase F2
IFOHMJLD_04043	gene	1545				
IFOHMJLD_04043	CDS	1545				hypothetical protein
IFOHMJLD_04044	gene	3306	susC_13			
IFOHMJLD_04044	CDS	3306	susC_13		COG1629	TonB-dependent receptor SusC
IFOHMJLD_04045	gene	1011				
IFOHMJLD_04045	CDS	1011				hypothetical protein
IFOHMJLD_04046	gene	600				
IFOHMJLD_04046	CDS	600				hypothetical protein
IFOHMJLD_04047	gene	2016	susB_2			
IFOHMJLD_04047	CDS	2016	susB_2	3.2.1.3	COG1082	Glucan 1,4-alpha-glucosidase SusB
IFOHMJLD_04048	gene	858				
IFOHMJLD_04048	CDS	858				hypothetical protein
IFOHMJLD_04049	gene	1095	menE			
IFOHMJLD_04049	CDS	1095	menE	6.2.1.26		2-succinylbenzoate--CoA ligase
IFOHMJLD_04050	gene	1020	menC			
IFOHMJLD_04050	CDS	1020	menC	4.2.1.113	COG4948	o-succinylbenzoate synthase
IFOHMJLD_04051	gene	825	menB			
IFOHMJLD_04051	CDS	825	menB	4.1.3.36	COG0447	1,4-dihydroxy-2-naphthoyl-CoA synthase
IFOHMJLD_04052	gene	1005				
IFOHMJLD_04052	CDS	1005				hypothetical protein
IFOHMJLD_04053	gene	1668	menD			
IFOHMJLD_04053	CDS	1668	menD	2.2.1.9	COG1165	2-succinyl-5-enolpyruvyl-6-hydroxy-3-cyclohexene-1-carboxylate synthase
IFOHMJLD_04054	gene	1110	menF_2			
IFOHMJLD_04054	CDS	1110	menF_2	5.4.4.2		Isochorismate synthase MenF
IFOHMJLD_04055	gene	1233	menI			
IFOHMJLD_04055	CDS	1233	menI	3.1.2.28		1,4-dihydroxy-2-naphthoyl-CoA hydrolase
IFOHMJLD_04056	gene	1575	prfC			
IFOHMJLD_04056	CDS	1575	prfC		COG4108	Peptide chain release factor 3
IFOHMJLD_04057	gene	864	rmlD_2			
IFOHMJLD_04057	CDS	864	rmlD_2	1.1.1.133		dTDP-4-dehydrorhamnose reductase
IFOHMJLD_04058	gene	546				
IFOHMJLD_04058	CDS	546				hypothetical protein
IFOHMJLD_04059	gene	654				
IFOHMJLD_04059	CDS	654				hypothetical protein
IFOHMJLD_04060	gene	2265	kefB_5			
IFOHMJLD_04060	CDS	2265	kefB_5			Glutathione-regulated potassium-efflux system protein KefB
IFOHMJLD_04061	gene	744				
IFOHMJLD_04061	CDS	744				hypothetical protein
IFOHMJLD_04062	gene	1740				
IFOHMJLD_04062	CDS	1740				hypothetical protein
IFOHMJLD_04063	gene	216				
IFOHMJLD_04063	CDS	216				hypothetical protein
IFOHMJLD_04064	gene	633				
IFOHMJLD_04064	CDS	633				hypothetical protein
IFOHMJLD_04065	gene	882	rhaR_6			
IFOHMJLD_04065	CDS	882	rhaR_6			HTH-type transcriptional activator RhaR
IFOHMJLD_04066	gene	2757	lacZ_14			
IFOHMJLD_04066	CDS	2757	lacZ_14	3.2.1.23		Beta-galactosidase
IFOHMJLD_04067	gene	3285				
IFOHMJLD_04067	CDS	3285			COG4771	TonB-dependent receptor P3
IFOHMJLD_04068	gene	2022				
IFOHMJLD_04068	CDS	2022				hypothetical protein
IFOHMJLD_04069	gene	1035				
IFOHMJLD_04069	CDS	1035				hypothetical protein
IFOHMJLD_04070	gene	1947	ziaA			
IFOHMJLD_04070	CDS	1947	ziaA	7.2.2.12	COG2217	Zinc-transporting ATPase
IFOHMJLD_04071	gene	432				
IFOHMJLD_04071	CDS	432				hypothetical protein
IFOHMJLD_04072	gene	588				
IFOHMJLD_04072	CDS	588				hypothetical protein
IFOHMJLD_04073	gene	405				
IFOHMJLD_04073	CDS	405				hypothetical protein
IFOHMJLD_04074	gene	804				
IFOHMJLD_04074	CDS	804				hypothetical protein
IFOHMJLD_04075	gene	429				
IFOHMJLD_04075	CDS	429				hypothetical protein
IFOHMJLD_04076	gene	1296				
IFOHMJLD_04076	CDS	1296				hypothetical protein
IFOHMJLD_04077	gene	2007				
IFOHMJLD_04077	CDS	2007				hypothetical protein
IFOHMJLD_04078	gene	2292				
IFOHMJLD_04078	CDS	2292				hypothetical protein
IFOHMJLD_04079	gene	1212	pal_3			
IFOHMJLD_04079	CDS	1212	pal_3			Peptidoglycan-associated lipoprotein
IFOHMJLD_04080	gene	156				
IFOHMJLD_04080	CDS	156				hypothetical protein
IFOHMJLD_04081	gene	1161	ompA_2			
IFOHMJLD_04081	CDS	1161	ompA_2			Outer membrane protein A
IFOHMJLD_04082	gene	693	aqpZ			
IFOHMJLD_04082	CDS	693	aqpZ		COG0580	Aquaporin Z
IFOHMJLD_04083	gene	423	mscL_2			
IFOHMJLD_04083	CDS	423	mscL_2		COG1970	Large-conductance mechanosensitive channel
IFOHMJLD_04084	gene	288	hup_2			
IFOHMJLD_04084	CDS	288	hup_2			DNA-binding protein HU
IFOHMJLD_04085	gene	693				
IFOHMJLD_04085	CDS	693				hypothetical protein
IFOHMJLD_04086	gene	228				
IFOHMJLD_04086	CDS	228				hypothetical protein
IFOHMJLD_04087	gene	192				
IFOHMJLD_04087	CDS	192				hypothetical protein
IFOHMJLD_04088	gene	1188				
IFOHMJLD_04088	CDS	1188				hypothetical protein
IFOHMJLD_04089	gene	1521				
IFOHMJLD_04089	CDS	1521				hypothetical protein
IFOHMJLD_04090	gene	2103	topB_5			
IFOHMJLD_04090	CDS	2103	topB_5	5.6.2.1	COG0550	DNA topoisomerase 3
IFOHMJLD_04091	gene	1131	yhcG_3			
IFOHMJLD_04091	CDS	1131	yhcG_3	3.1.-.-	COG4804	Putative nuclease YhcG
IFOHMJLD_04092	gene	486				
IFOHMJLD_04092	CDS	486				hypothetical protein
IFOHMJLD_04093	gene	360				
IFOHMJLD_04093	CDS	360				hypothetical protein
IFOHMJLD_04094	gene	2127				
IFOHMJLD_04094	CDS	2127				hypothetical protein
IFOHMJLD_04095	gene	411				
IFOHMJLD_04095	CDS	411				hypothetical protein
IFOHMJLD_04096	gene	369				
IFOHMJLD_04096	CDS	369				hypothetical protein
IFOHMJLD_04097	gene	453				
IFOHMJLD_04097	CDS	453				hypothetical protein
IFOHMJLD_04098	gene	3252				
IFOHMJLD_04098	CDS	3252				hypothetical protein
IFOHMJLD_04099	gene	1413				
IFOHMJLD_04099	CDS	1413				hypothetical protein
IFOHMJLD_04100	gene	915				
IFOHMJLD_04100	CDS	915				hypothetical protein
IFOHMJLD_04101	gene	1434				
IFOHMJLD_04101	CDS	1434				hypothetical protein
IFOHMJLD_04102	gene	1503				
IFOHMJLD_04102	CDS	1503				hypothetical protein
IFOHMJLD_04103	gene	612				
IFOHMJLD_04103	CDS	612				hypothetical protein
IFOHMJLD_04104	gene	285				
IFOHMJLD_04104	CDS	285				hypothetical protein
IFOHMJLD_04105	gene	846	rhaS_6			
IFOHMJLD_04105	CDS	846	rhaS_6			HTH-type transcriptional activator RhaS
IFOHMJLD_04106	gene	1215	xerC_27			
IFOHMJLD_04106	CDS	1215	xerC_27			Tyrosine recombinase XerC
IFOHMJLD_04107	gene	1017				
IFOHMJLD_04107	CDS	1017				hypothetical protein
IFOHMJLD_04108	gene	2337	btuB_13			
IFOHMJLD_04108	CDS	2337	btuB_13			Vitamin B12 transporter BtuB
IFOHMJLD_04109	gene	333				
IFOHMJLD_04109	CDS	333				hypothetical protein
IFOHMJLD_04110	gene	522	ybdM_2			
IFOHMJLD_04110	CDS	522	ybdM_2		COG1475	putative protein YbdM
IFOHMJLD_04111	gene	1281				
IFOHMJLD_04111	CDS	1281				hypothetical protein
IFOHMJLD_04112	gene	405				
IFOHMJLD_04112	CDS	405				hypothetical protein
IFOHMJLD_04113	gene	1605				
IFOHMJLD_04113	CDS	1605			COG0561	SusD-like protein
IFOHMJLD_04114	gene	2997				
IFOHMJLD_04114	CDS	2997			COG4771	TonB-dependent receptor P3
IFOHMJLD_04115	gene	465				
IFOHMJLD_04115	CDS	465				hypothetical protein
IFOHMJLD_04116	gene	3279	susC_14			
IFOHMJLD_04116	CDS	3279	susC_14		COG1629	TonB-dependent receptor SusC
IFOHMJLD_04117	gene	2001				
IFOHMJLD_04117	CDS	2001				hypothetical protein
IFOHMJLD_04118	gene	3156				
IFOHMJLD_04118	CDS	3156			COG4771	TonB-dependent receptor P39
IFOHMJLD_04119	gene	1854				
IFOHMJLD_04119	CDS	1854				hypothetical protein
IFOHMJLD_04120	gene	477				
IFOHMJLD_04120	CDS	477				hypothetical protein
IFOHMJLD_04121	gene	1818	glaB_2			
IFOHMJLD_04121	CDS	1818	glaB_2	3.2.1.-	COG5434	Alpha-1,3-galactosidase B
IFOHMJLD_04122	gene	1128				
IFOHMJLD_04122	CDS	1128				hypothetical protein
IFOHMJLD_04123	gene	3048				
IFOHMJLD_04123	CDS	3048				hypothetical protein
IFOHMJLD_04124	gene	2490				
IFOHMJLD_04124	CDS	2490				hypothetical protein
IFOHMJLD_04125	gene	3261				
IFOHMJLD_04125	CDS	3261			COG4771	TonB-dependent receptor P3
IFOHMJLD_04126	gene	2028				
IFOHMJLD_04126	CDS	2028				hypothetical protein
IFOHMJLD_04127	gene	1800	bipA			
IFOHMJLD_04127	CDS	1800	bipA	3.6.5.-		Large ribosomal subunit assembly factor BipA
IFOHMJLD_04128	gene	270	rpsO			
IFOHMJLD_04128	CDS	270	rpsO		COG0184	Small ribosomal subunit protein uS15
IFOHMJLD_04129	gene	576				
IFOHMJLD_04129	CDS	576				hypothetical protein
IFOHMJLD_04130	gene	1686	fadD3_2			
IFOHMJLD_04130	CDS	1686	fadD3_2	6.2.1.41	COG0318	3-[(3aS,4S,7aS)-7a-methyl-1,5-dioxo-octahydro-1H-inden-4-yl]propanoyl:CoA ligase
IFOHMJLD_04131	gene	1017	rcsC_31			
IFOHMJLD_04131	CDS	1017	rcsC_31	2.7.13.3		Sensor histidine kinase RcsC
IFOHMJLD_04132	gene	1236	xerC_28			
IFOHMJLD_04132	CDS	1236	xerC_28			Tyrosine recombinase XerC
IFOHMJLD_04133	gene	363				
IFOHMJLD_04133	CDS	363				hypothetical protein
IFOHMJLD_04134	gene	306				
IFOHMJLD_04134	CDS	306				hypothetical protein
IFOHMJLD_04135	gene	258				
IFOHMJLD_04135	CDS	258				hypothetical protein
IFOHMJLD_04136	gene	765				
IFOHMJLD_04136	CDS	765				hypothetical protein
IFOHMJLD_04137	gene	1578				
IFOHMJLD_04137	CDS	1578				hypothetical protein
IFOHMJLD_04138	gene	2091	topB_6			
IFOHMJLD_04138	CDS	2091	topB_6	5.6.2.1	COG0550	DNA topoisomerase 3
IFOHMJLD_04139	gene	453				
IFOHMJLD_04139	CDS	453				hypothetical protein
IFOHMJLD_04140	gene	5841				
IFOHMJLD_04140	CDS	5841				hypothetical protein
IFOHMJLD_04141	gene	309				
IFOHMJLD_04141	CDS	309				hypothetical protein
IFOHMJLD_04142	gene	378				
IFOHMJLD_04142	CDS	378				hypothetical protein
IFOHMJLD_04143	gene	858	rimI			
IFOHMJLD_04143	CDS	858	rimI	2.3.1.266		[Ribosomal protein bS18]-alanine N-acetyltransferase
IFOHMJLD_04144	gene	102				
IFOHMJLD_04144	CDS	102				hypothetical protein
IFOHMJLD_04145	gene	246				
IFOHMJLD_04145	CDS	246				hypothetical protein
IFOHMJLD_04146	gene	684				
IFOHMJLD_04146	CDS	684			COG0217	putative transcriptional regulatory protein
IFOHMJLD_04147	gene	2463	pheT			
IFOHMJLD_04147	CDS	2463	pheT	6.1.1.20	COG0072	Phenylalanine--tRNA ligase beta subunit
IFOHMJLD_04148	gene	954	tagO_3			
IFOHMJLD_04148	CDS	954	tagO_3	2.7.8.33	COG0472	putative undecaprenyl-phosphate N-acetylglucosaminyl 1-phosphate transferase
IFOHMJLD_04149	gene	774	gnu_5			
IFOHMJLD_04149	CDS	774	gnu_5	5.1.3.26	COG0451	N-acetyl-alpha-D-glucosaminyl-diphospho-ditrans,octacis-undecaprenol 4-epimerase
IFOHMJLD_04150	gene	753				
IFOHMJLD_04150	CDS	753				hypothetical protein
IFOHMJLD_04151	gene	708				
IFOHMJLD_04151	CDS	708				hypothetical protein
IFOHMJLD_04152	gene	1296				
IFOHMJLD_04152	CDS	1296				hypothetical protein
IFOHMJLD_04153	gene	798				
IFOHMJLD_04153	CDS	798				hypothetical protein
IFOHMJLD_04154	gene	843				
IFOHMJLD_04154	CDS	843				hypothetical protein
IFOHMJLD_04155	gene	984				
IFOHMJLD_04155	CDS	984				hypothetical protein
IFOHMJLD_04156	gene	837				
IFOHMJLD_04156	CDS	837				hypothetical protein
IFOHMJLD_04157	gene	1344				
IFOHMJLD_04157	CDS	1344				hypothetical protein
IFOHMJLD_04158	gene	1662	ilvB			
IFOHMJLD_04158	CDS	1662	ilvB	2.2.1.6	COG0028	Acetolactate synthase large subunit
IFOHMJLD_04159	gene	921	tll			
IFOHMJLD_04159	CDS	921	tll	1.1.1.339		dTDP-6-deoxy-L-talose 4-dehydrogenase (NAD(+))
IFOHMJLD_04160	gene	1080	rfbG_2			
IFOHMJLD_04160	CDS	1080	rfbG_2	4.2.1.45		CDP-glucose 4,6-dehydratase
IFOHMJLD_04161	gene	777	rfbF_2			
IFOHMJLD_04161	CDS	777	rfbF_2	2.7.7.33	COG1208	Glucose-1-phosphate cytidylyltransferase
IFOHMJLD_04162	gene	1344	spnQ_2			
IFOHMJLD_04162	CDS	1344	spnQ_2	4.2.1.164		dTDP-4-dehydro-2,6-dideoxy-D-glucose 3-dehydratase
IFOHMJLD_04163	gene	573	rfbC_4			
IFOHMJLD_04163	CDS	573	rfbC_4	5.1.3.13	COG1898	dTDP-4-dehydrorhamnose 3,5-epimerase
IFOHMJLD_04164	gene	888	rffH_5			
IFOHMJLD_04164	CDS	888	rffH_5	2.7.7.24	COG1209	Glucose-1-phosphate thymidylyltransferase 2
IFOHMJLD_04165	gene	471				
IFOHMJLD_04165	CDS	471				hypothetical protein
IFOHMJLD_04166	gene	519				
IFOHMJLD_04166	CDS	519				hypothetical protein
IFOHMJLD_04167	gene	2850	fkp			
IFOHMJLD_04167	CDS	2850	fkp			L-fucokinase/L-fucose-1-P guanylyltransferase
IFOHMJLD_04168	gene	330				
IFOHMJLD_04168	CDS	330		5.1.3.29	COG3254	L-fucose mutarotase
IFOHMJLD_04169	gene	1548	dnaB_2			
IFOHMJLD_04169	CDS	1548	dnaB_2	5.6.2.3		Replicative DNA helicase DnaB
IFOHMJLD_04170	gene	825	ispE			
IFOHMJLD_04170	CDS	825	ispE	2.7.1.148	COG1947	4-diphosphocytidyl-2-C-methyl-D-erythritol kinase
IFOHMJLD_04171	gene	1245				
IFOHMJLD_04171	CDS	1245				hypothetical protein
IFOHMJLD_04172	gene	1260				
IFOHMJLD_04172	CDS	1260				hypothetical protein
IFOHMJLD_04173	gene	1035	galE			
IFOHMJLD_04173	CDS	1035	galE	5.1.3.2	COG1087	UDP-glucose 4-epimerase
IFOHMJLD_04174	gene	573	rnfA			
IFOHMJLD_04174	CDS	573	rnfA	7.2.1.2	COG4657	Na(+)-translocating ferredoxin:NAD(+) oxidoreductase complex subunit A
IFOHMJLD_04175	gene	588	rnfE			
IFOHMJLD_04175	CDS	588	rnfE	7.2.1.2	COG4660	Na(+)-translocating ferredoxin:NAD(+) oxidoreductase complex subunit E
IFOHMJLD_04176	gene	675	rsxG			
IFOHMJLD_04176	CDS	675	rsxG	7.-.-.-	COG4659	Ion-translocating oxidoreductase complex subunit G
IFOHMJLD_04177	gene	993	rnfD			
IFOHMJLD_04177	CDS	993	rnfD	7.2.1.2	COG4658	Na(+)-translocating ferredoxin:NAD(+) oxidoreductase complex subunit D
IFOHMJLD_04178	gene	1338	rnfC			
IFOHMJLD_04178	CDS	1338	rnfC	7.1.1.-	COG4656	Proton-translocating ferredoxin:NAD(+) oxidoreductase complex subunit C
IFOHMJLD_04179	gene	873	rnfB			
IFOHMJLD_04179	CDS	873	rnfB	7.2.1.2	COG1245	Na(+)-translocating ferredoxin:NAD(+) oxidoreductase complex subunit B
IFOHMJLD_04180	gene	420				
IFOHMJLD_04180	CDS	420				hypothetical protein
IFOHMJLD_04181	gene	405				
IFOHMJLD_04181	CDS	405				hypothetical protein
IFOHMJLD_04182	gene	1431				
IFOHMJLD_04182	CDS	1431				hypothetical protein
IFOHMJLD_04183	gene	99				
IFOHMJLD_04183	CDS	99				hypothetical protein
IFOHMJLD_04184	gene	1602	pyrG			
IFOHMJLD_04184	CDS	1602	pyrG	6.3.4.2	COG0504	CTP synthase
IFOHMJLD_04185	gene	1857	yidC			
IFOHMJLD_04185	CDS	1857	yidC		COG0706	Membrane protein insertase YidC
IFOHMJLD_04186	gene	1332	mdtK_3			
IFOHMJLD_04186	CDS	1332	mdtK_3			Multidrug resistance protein MdtK
IFOHMJLD_04187	gene	2085	dpp5			
IFOHMJLD_04187	CDS	2085	dpp5	3.4.14.-	COG0823	Dipeptidyl-peptidase 5
IFOHMJLD_04188	gene	74				
IFOHMJLD_04188	tRNA	74				tRNA-Gly(gcc)
IFOHMJLD_04189	gene	83				
IFOHMJLD_04189	tRNA	83				tRNA-Leu(cag)
IFOHMJLD_04190	gene	74				
IFOHMJLD_04190	tRNA	74				tRNA-Gly(gcc)
IFOHMJLD_04191	gene	85				
IFOHMJLD_04191	tRNA	85				tRNA-Leu(gag)
IFOHMJLD_04192	gene	83				
IFOHMJLD_04192	tRNA	83				tRNA-Leu(cag)
IFOHMJLD_04193	gene	74				
IFOHMJLD_04193	tRNA	74				tRNA-Gly(gcc)
IFOHMJLD_04194	gene	1101				
IFOHMJLD_04194	CDS	1101		4.1.1.127	COG0019	Carboxyaminopropylagmatine decarboxylase
IFOHMJLD_04195	gene	2361	pcrA			
IFOHMJLD_04195	CDS	2361	pcrA	5.6.2.4	COG0210	ATP-dependent DNA helicase PcrA
IFOHMJLD_04196	gene	618	sodB			
IFOHMJLD_04196	CDS	618	sodB	1.15.1.1		Superoxide dismutase [Fe]
IFOHMJLD_04197	gene	198				
IFOHMJLD_04197	CDS	198				hypothetical protein
IFOHMJLD_04198	gene	615	thiE_1			
IFOHMJLD_04198	CDS	615	thiE_1	2.5.1.3	COG0352	Thiamine-phosphate synthase
IFOHMJLD_04199	gene	777	thiG			
IFOHMJLD_04199	CDS	777	thiG	2.8.1.10	COG2022	Thiazole synthase
IFOHMJLD_04200	gene	1695	thiC			
IFOHMJLD_04200	CDS	1695	thiC	4.1.99.17	COG0422	Phosphomethylpyrimidine synthase
IFOHMJLD_04201	gene	546				
IFOHMJLD_04201	CDS	546				hypothetical protein
IFOHMJLD_04202	gene	1125	thiH			
IFOHMJLD_04202	CDS	1125	thiH	4.1.99.19		2-iminoacetate synthase
IFOHMJLD_04203	gene	702	ttuC			
IFOHMJLD_04203	CDS	702	ttuC	2.7.7.80	COG0476	Sulfur carrier protein adenylyltransferase
IFOHMJLD_04204	gene	609	thiE_2			
IFOHMJLD_04204	CDS	609	thiE_2	2.5.1.3		Thiamine-phosphate synthase
IFOHMJLD_04205	gene	516				
IFOHMJLD_04205	CDS	516				hypothetical protein
IFOHMJLD_04206	gene	570				
IFOHMJLD_04206	CDS	570				hypothetical protein
IFOHMJLD_04207	gene	2721	ppdK			
IFOHMJLD_04207	CDS	2721	ppdK	2.7.9.1	COG0574	Pyruvate, phosphate dikinase
IFOHMJLD_04208	gene	1419	rlmCD			
IFOHMJLD_04208	CDS	1419	rlmCD	2.1.1.189	COG2265	23S rRNA (uracil-C(5))-methyltransferase RlmCD
IFOHMJLD_04209	gene	918	rluD_2			
IFOHMJLD_04209	CDS	918	rluD_2	5.4.99.23	COG0564	Ribosomal large subunit pseudouridine synthase D
IFOHMJLD_04210	gene	405				
IFOHMJLD_04210	CDS	405				hypothetical protein
IFOHMJLD_04211	gene	444				
IFOHMJLD_04211	CDS	444				hypothetical protein
	repeat_region	1631				
IFOHMJLD_04212	gene	264	cas2			
IFOHMJLD_04212	CDS	264	cas2	3.1.-.-	COG1343	CRISPR-associated endoribonuclease Cas2
IFOHMJLD_04213	gene	1002	cas1			
IFOHMJLD_04213	CDS	1002	cas1	3.1.-.-	COG1518	CRISPR-associated endonuclease Cas1
IFOHMJLD_04214	gene	513				
IFOHMJLD_04214	CDS	513				hypothetical protein
IFOHMJLD_04215	gene	1059				
IFOHMJLD_04215	CDS	1059				hypothetical protein
IFOHMJLD_04216	gene	1326				
IFOHMJLD_04216	CDS	1326				hypothetical protein
IFOHMJLD_04217	gene	2160				
IFOHMJLD_04217	CDS	2160				hypothetical protein
IFOHMJLD_04218	gene	564				
IFOHMJLD_04218	CDS	564				hypothetical protein
IFOHMJLD_04219	gene	672				
IFOHMJLD_04219	CDS	672				hypothetical protein
IFOHMJLD_04220	gene	855	map_2			
IFOHMJLD_04220	CDS	855	map_2	3.4.11.18	COG0024	Methionine aminopeptidase
IFOHMJLD_04221	gene	1227				
IFOHMJLD_04221	CDS	1227				hypothetical protein
IFOHMJLD_04222	gene	747				
IFOHMJLD_04222	CDS	747				hypothetical protein
IFOHMJLD_04223	gene	1314	nhaA			
IFOHMJLD_04223	CDS	1314	nhaA		COG3004	Na(+)/H(+) antiporter NhaA
IFOHMJLD_04224	gene	1179				
IFOHMJLD_04224	CDS	1179				hypothetical protein
IFOHMJLD_04225	gene	1782	lepA_2			
IFOHMJLD_04225	CDS	1782	lepA_2	3.6.5.-	COG0481	Elongation factor 4
IFOHMJLD_04226	gene	201				
IFOHMJLD_04226	CDS	201				hypothetical protein
IFOHMJLD_04227	gene	465				
IFOHMJLD_04227	CDS	465				hypothetical protein
IFOHMJLD_04228	gene	411				
IFOHMJLD_04228	CDS	411				hypothetical protein
IFOHMJLD_04229	gene	762	exoA			
IFOHMJLD_04229	CDS	762	exoA	3.1.11.2	COG0708	Exodeoxyribonuclease
IFOHMJLD_04230	gene	1254	mntH			
IFOHMJLD_04230	CDS	1254	mntH		COG1914	Divalent metal cation transporter MntH
IFOHMJLD_04231	gene	393				
IFOHMJLD_04231	CDS	393				hypothetical protein
IFOHMJLD_04232	gene	756	frdB			
IFOHMJLD_04232	CDS	756	frdB	1.3.5.1	COG0479	Fumarate reductase iron-sulfur subunit
IFOHMJLD_04233	gene	1944	sdhA			
IFOHMJLD_04233	CDS	1944	sdhA	1.3.5.1	COG1053	Succinate dehydrogenase flavoprotein subunit
IFOHMJLD_04234	gene	693				
IFOHMJLD_04234	CDS	693				hypothetical protein
IFOHMJLD_04235	gene	1041				
IFOHMJLD_04235	CDS	1041				hypothetical protein
IFOHMJLD_04236	gene	189				
IFOHMJLD_04236	CDS	189				hypothetical protein
IFOHMJLD_04237	gene	876				
IFOHMJLD_04237	CDS	876				hypothetical protein
IFOHMJLD_04238	gene	624				
IFOHMJLD_04238	CDS	624				hypothetical protein
IFOHMJLD_04239	gene	1623				
IFOHMJLD_04239	CDS	1623				hypothetical protein
IFOHMJLD_04240	gene	453	coaD			
IFOHMJLD_04240	CDS	453	coaD	2.7.7.3		Phosphopantetheine adenylyltransferase
IFOHMJLD_04241	gene	1872	gyrB_2			
IFOHMJLD_04241	CDS	1872	gyrB_2	5.6.2.2	COG0187	DNA gyrase subunit B
IFOHMJLD_04242	gene	1137	yghO			
IFOHMJLD_04242	CDS	1137	yghO		COG0456	Protein YghO
IFOHMJLD_04243	gene	963				
IFOHMJLD_04243	CDS	963				hypothetical protein
IFOHMJLD_04244	gene	1812				
IFOHMJLD_04244	CDS	1812				hypothetical protein
IFOHMJLD_04245	gene	933				
IFOHMJLD_04245	CDS	933				hypothetical protein
IFOHMJLD_04246	gene	2763				
IFOHMJLD_04246	CDS	2763				hypothetical protein
IFOHMJLD_04247	gene	1647	sacC_2			
IFOHMJLD_04247	CDS	1647	sacC_2	3.2.1.80	COG1621	Levanase
IFOHMJLD_04248	gene	2757	rcsC_32			
IFOHMJLD_04248	CDS	2757	rcsC_32	2.7.13.3		Sensor histidine kinase RcsC
IFOHMJLD_04249	gene	765				
IFOHMJLD_04249	CDS	765				hypothetical protein
IFOHMJLD_04250	gene	1608				
IFOHMJLD_04250	CDS	1608				hypothetical protein
IFOHMJLD_04251	gene	1374	csbC			
IFOHMJLD_04251	CDS	1374	csbC		COG2814	putative metabolite transport protein CsbC
IFOHMJLD_04252	gene	1653				
IFOHMJLD_04252	CDS	1653				hypothetical protein
IFOHMJLD_04253	gene	3192				
IFOHMJLD_04253	CDS	3192			COG4771	TonB-dependent receptor P3
IFOHMJLD_04254	gene	1746				
IFOHMJLD_04254	CDS	1746				hypothetical protein
IFOHMJLD_04255	gene	408				
IFOHMJLD_04255	CDS	408				hypothetical protein
IFOHMJLD_04256	gene	1200				
IFOHMJLD_04256	CDS	1200				hypothetical protein
IFOHMJLD_04257	gene	750	ddpX			
IFOHMJLD_04257	CDS	750	ddpX	3.4.13.22		D-alanyl-D-alanine dipeptidase
IFOHMJLD_04258	gene	288				
IFOHMJLD_04258	CDS	288				hypothetical protein
IFOHMJLD_04259	gene	672				
IFOHMJLD_04259	CDS	672				hypothetical protein
IFOHMJLD_04260	gene	111				
IFOHMJLD_04260	CDS	111				hypothetical protein
IFOHMJLD_04261	gene	1122				
IFOHMJLD_04261	CDS	1122				ISAs1 family transposase ISBf9
IFOHMJLD_04262	gene	954	metF			
IFOHMJLD_04262	CDS	954	metF	1.5.1.54		5,10-methylenetetrahydrofolate reductase
IFOHMJLD_04263	gene	1110				
IFOHMJLD_04263	CDS	1110				hypothetical protein
IFOHMJLD_04264	gene	1458				
IFOHMJLD_04264	CDS	1458				hypothetical protein
IFOHMJLD_04265	gene	441	gldH			
IFOHMJLD_04265	CDS	441	gldH			Gliding motility lipoprotein GldH
IFOHMJLD_04266	gene	1458	mrdB_2			
IFOHMJLD_04266	CDS	1458	mrdB_2	2.4.99.28		Peptidoglycan glycosyltransferase MrdB
IFOHMJLD_04267	gene	1857	mrdA			
IFOHMJLD_04267	CDS	1857	mrdA	3.4.16.4		Peptidoglycan D,D-transpeptidase MrdA
IFOHMJLD_04268	gene	498				
IFOHMJLD_04268	CDS	498				hypothetical protein
IFOHMJLD_04269	gene	846	mreC			
IFOHMJLD_04269	CDS	846	mreC		COG1792	Cell shape-determining protein MreC
IFOHMJLD_04270	gene	1023	mbl			
IFOHMJLD_04270	CDS	1023	mbl		COG1077	Cell shape-determining protein Mbl
IFOHMJLD_04271	gene	1524	purH_2			
IFOHMJLD_04271	CDS	1524	purH_2		COG0138	Bifunctional purine biosynthesis protein PurH
IFOHMJLD_04272	gene	2034	pepO			
IFOHMJLD_04272	CDS	2034	pepO	3.4.24.-	COG3590	Neutral endopeptidase
IFOHMJLD_04273	gene	1956	yheS_2			
IFOHMJLD_04273	CDS	1956	yheS_2		COG0488	putative ATP-binding protein YheS
IFOHMJLD_04274	gene	2394				
IFOHMJLD_04274	CDS	2394				hypothetical protein
IFOHMJLD_04275	gene	177				
IFOHMJLD_04275	CDS	177				hypothetical protein
IFOHMJLD_04276	gene	903				
IFOHMJLD_04276	CDS	903				hypothetical protein
IFOHMJLD_04277	gene	2352	bamA_2			
IFOHMJLD_04277	CDS	2352	bamA_2			Outer membrane protein assembly factor BamA
IFOHMJLD_04278	gene	4545				
IFOHMJLD_04278	CDS	4545				hypothetical protein
IFOHMJLD_04279	gene	2310	rcsC_33			
IFOHMJLD_04279	CDS	2310	rcsC_33	2.7.13.3		Sensor histidine kinase RcsC
IFOHMJLD_04280	gene	1326	norM			
IFOHMJLD_04280	CDS	1326	norM		COG0534	Multidrug resistance protein NorM
IFOHMJLD_04281	gene	1251	pqqE			
IFOHMJLD_04281	CDS	1251	pqqE	3.4.24.-	COG0612	Zinc protease PqqE
IFOHMJLD_04282	gene	840				
IFOHMJLD_04282	CDS	840		5.2.1.8		Putative peptidyl-prolyl cis-trans isomerase
IFOHMJLD_04283	gene	1344	zraR_5			
IFOHMJLD_04283	CDS	1344	zraR_5			Transcriptional regulatory protein ZraR
IFOHMJLD_04284	gene	198				
IFOHMJLD_04284	CDS	198				hypothetical protein
IFOHMJLD_04285	gene	675	truC			
IFOHMJLD_04285	CDS	675	truC	5.4.99.26	COG0564	tRNA pseudouridine synthase C
IFOHMJLD_04286	gene	747	fabG_2			
IFOHMJLD_04286	CDS	747	fabG_2	1.1.1.100		3-oxoacyl-[acyl-carrier-protein] reductase FabG
IFOHMJLD_04287	gene	597				
IFOHMJLD_04287	CDS	597				hypothetical protein
IFOHMJLD_04288	gene	74				
IFOHMJLD_04288	tRNA	74				tRNA-Met(cat)
IFOHMJLD_04289	gene	639				
IFOHMJLD_04289	CDS	639				hypothetical protein
IFOHMJLD_04290	gene	1380	alsT			
IFOHMJLD_04290	CDS	1380	alsT		COG1115	Amino-acid carrier protein AlsT
IFOHMJLD_04291	gene	642				
IFOHMJLD_04291	CDS	642				hypothetical protein
IFOHMJLD_04292	gene	177				
IFOHMJLD_04292	CDS	177				hypothetical protein
IFOHMJLD_04293	gene	1089	msrAB			
IFOHMJLD_04293	CDS	1089	msrAB		COG0225	Peptide methionine sulfoxide reductase MsrA/MsrB
IFOHMJLD_04294	gene	900				
IFOHMJLD_04294	CDS	900				hypothetical protein
IFOHMJLD_04295	gene	1266				
IFOHMJLD_04295	CDS	1266				hypothetical protein
IFOHMJLD_04296	gene	816				
IFOHMJLD_04296	CDS	816				hypothetical protein
IFOHMJLD_04297	gene	666	sapB			
IFOHMJLD_04297	CDS	666	sapB		COG1285	Protein SapB
IFOHMJLD_04298	gene	372				
IFOHMJLD_04298	CDS	372				hypothetical protein
IFOHMJLD_04299	gene	5874	recD2_4			
IFOHMJLD_04299	CDS	5874	recD2_4	5.6.2.3		ATP-dependent RecD2 DNA helicase
IFOHMJLD_04300	gene	900				
IFOHMJLD_04300	CDS	900				hypothetical protein
IFOHMJLD_04301	gene	978				
IFOHMJLD_04301	CDS	978				hypothetical protein
IFOHMJLD_04302	gene	426				
IFOHMJLD_04302	CDS	426				hypothetical protein
IFOHMJLD_04303	gene	3735	mdtC_3			
IFOHMJLD_04303	CDS	3735	mdtC_3			Multidrug resistance protein MdtC
IFOHMJLD_04304	gene	1509				
IFOHMJLD_04304	CDS	1509				hypothetical protein
IFOHMJLD_04305	gene	1647				
IFOHMJLD_04305	CDS	1647				hypothetical protein
IFOHMJLD_04306	gene	783				
IFOHMJLD_04306	CDS	783				hypothetical protein
IFOHMJLD_04307	gene	825				
IFOHMJLD_04307	CDS	825				hypothetical protein
IFOHMJLD_04308	gene	876				
IFOHMJLD_04308	CDS	876				hypothetical protein
IFOHMJLD_04309	gene	885	rlmJ			
IFOHMJLD_04309	CDS	885	rlmJ	2.1.1.266		Ribosomal RNA large subunit methyltransferase J
IFOHMJLD_04310	gene	687				
IFOHMJLD_04310	CDS	687		3.1.3.3		Phosphoserine phosphatase
IFOHMJLD_04311	gene	327	gdx			
IFOHMJLD_04311	CDS	327	gdx		COG2076	Guanidinium exporter
IFOHMJLD_04312	gene	750	ccrA			
IFOHMJLD_04312	CDS	750	ccrA	3.5.2.6		Metallo-beta-lactamase type 2
IFOHMJLD_04313	gene	324				
IFOHMJLD_04313	CDS	324				hypothetical protein
IFOHMJLD_04314	gene	1140				
IFOHMJLD_04314	CDS	1140				hypothetical protein
IFOHMJLD_04315	gene	555				
IFOHMJLD_04315	CDS	555				hypothetical protein
IFOHMJLD_04316	gene	387	glpE			
IFOHMJLD_04316	CDS	387	glpE	2.8.1.1		Thiosulfate sulfurtransferase GlpE
IFOHMJLD_04317	gene	954	argF'			
IFOHMJLD_04317	CDS	954	argF'	2.1.3.11		N-succinylornithine carbamoyltransferase
IFOHMJLD_04318	gene	756				
IFOHMJLD_04318	CDS	756				hypothetical protein
IFOHMJLD_04319	gene	1023				
IFOHMJLD_04319	CDS	1023				hypothetical protein
IFOHMJLD_04320	gene	1248	proA			
IFOHMJLD_04320	CDS	1248	proA	1.2.1.41	COG0014	Gamma-glutamyl phosphate reductase
IFOHMJLD_04321	gene	1083	proB			
IFOHMJLD_04321	CDS	1083	proB	2.7.2.11		Glutamate 5-kinase
IFOHMJLD_04322	gene	237				
IFOHMJLD_04322	CDS	237				hypothetical protein
IFOHMJLD_04323	gene	843	racE			
IFOHMJLD_04323	CDS	843	racE	5.1.1.3	COG0796	Glutamate racemase 1
IFOHMJLD_04324	gene	510				
IFOHMJLD_04324	CDS	510				hypothetical protein
IFOHMJLD_04325	gene	516				
IFOHMJLD_04325	CDS	516				hypothetical protein
IFOHMJLD_04326	gene	2637	bamA_3			
IFOHMJLD_04326	CDS	2637	bamA_3			Outer membrane protein assembly factor BamA
IFOHMJLD_04327	gene	735	uppS			
IFOHMJLD_04327	CDS	735	uppS	2.5.1.31		Ditrans,polycis-undecaprenyl-diphosphate synthase ((2E,6E)-farnesyl-diphosphate specific)
IFOHMJLD_04328	gene	1353				
IFOHMJLD_04328	CDS	1353				hypothetical protein
IFOHMJLD_04329	gene	1041	ribD			
IFOHMJLD_04329	CDS	1041	ribD		COG0117	Riboflavin biosynthesis protein RibD
IFOHMJLD_04330	gene	411				
IFOHMJLD_04330	CDS	411				hypothetical protein
IFOHMJLD_04331	gene	216				
IFOHMJLD_04331	CDS	216				hypothetical protein
IFOHMJLD_04332	gene	222				
IFOHMJLD_04332	CDS	222				hypothetical protein
IFOHMJLD_04333	gene	417				
IFOHMJLD_04333	CDS	417				hypothetical protein
IFOHMJLD_04334	gene	1332				
IFOHMJLD_04334	CDS	1332				hypothetical protein
IFOHMJLD_04335	gene	258				
IFOHMJLD_04335	CDS	258				hypothetical protein
IFOHMJLD_04336	gene	234				
IFOHMJLD_04336	CDS	234				hypothetical protein
IFOHMJLD_04337	gene	246				
IFOHMJLD_04337	CDS	246				hypothetical protein
IFOHMJLD_04338	gene	309				
IFOHMJLD_04338	CDS	309				hypothetical protein
IFOHMJLD_04339	gene	246				
IFOHMJLD_04339	CDS	246				hypothetical protein
IFOHMJLD_04340	gene	528				
IFOHMJLD_04340	CDS	528				hypothetical protein
IFOHMJLD_04341	gene	504				
IFOHMJLD_04341	CDS	504				hypothetical protein
IFOHMJLD_04342	gene	903	dnaG_3			
IFOHMJLD_04342	CDS	903	dnaG_3	2.7.7.101		DNA primase
IFOHMJLD_04343	gene	576				
IFOHMJLD_04343	CDS	576				hypothetical protein
IFOHMJLD_04344	gene	987				
IFOHMJLD_04344	CDS	987				hypothetical protein
IFOHMJLD_04345	gene	1353				
IFOHMJLD_04345	CDS	1353				hypothetical protein
IFOHMJLD_04346	gene	279				
IFOHMJLD_04346	CDS	279				hypothetical protein
IFOHMJLD_04347	gene	624				
IFOHMJLD_04347	CDS	624				hypothetical protein
IFOHMJLD_04348	gene	1005				
IFOHMJLD_04348	CDS	1005				hypothetical protein
IFOHMJLD_04349	gene	312				
IFOHMJLD_04349	CDS	312				hypothetical protein
IFOHMJLD_04350	gene	1608	pckA			
IFOHMJLD_04350	CDS	1608	pckA	4.1.1.49		Phosphoenolpyruvate carboxykinase (ATP)
IFOHMJLD_04351	gene	654	upp			
IFOHMJLD_04351	CDS	654	upp	2.4.2.9	COG0035	Uracil phosphoribosyltransferase
IFOHMJLD_04352	gene	870				
IFOHMJLD_04352	CDS	870				hypothetical protein
IFOHMJLD_04353	gene	1011	korB_2			
IFOHMJLD_04353	CDS	1011	korB_2	1.2.7.3	COG1013	2-oxoglutarate oxidoreductase subunit KorB
IFOHMJLD_04354	gene	1851	korA_2			
IFOHMJLD_04354	CDS	1851	korA_2	1.2.7.3	COG0674	2-oxoglutarate oxidoreductase subunit KorA
IFOHMJLD_04355	gene	75				
IFOHMJLD_04355	tRNA	75				tRNA-Arg(cct)
IFOHMJLD_04356	gene	3024				
IFOHMJLD_04356	CDS	3024				hypothetical protein
IFOHMJLD_04357	gene	1098				
IFOHMJLD_04357	CDS	1098				hypothetical protein
IFOHMJLD_04358	gene	900				
IFOHMJLD_04358	CDS	900				hypothetical protein
IFOHMJLD_04359	gene	675				
IFOHMJLD_04359	CDS	675				hypothetical protein
IFOHMJLD_04360	gene	273	hup_3			
IFOHMJLD_04360	CDS	273	hup_3			DNA-binding protein HU
IFOHMJLD_04361	gene	1842	argS			
IFOHMJLD_04361	CDS	1842	argS	6.1.1.19	COG0018	Arginine--tRNA ligase
IFOHMJLD_04362	gene	1110				
IFOHMJLD_04362	CDS	1110				hypothetical protein
IFOHMJLD_04363	gene	2346	topA			
IFOHMJLD_04363	CDS	2346	topA	5.6.2.1		DNA topoisomerase 1
IFOHMJLD_04364	gene	1704				
IFOHMJLD_04364	CDS	1704				hypothetical protein
IFOHMJLD_04365	gene	3009	cpoB_1			
IFOHMJLD_04365	CDS	3009	cpoB_1			Cell division coordinator CpoB
IFOHMJLD_04366	gene	522	nudC_2			
IFOHMJLD_04366	CDS	522	nudC_2	3.6.1.22		NAD-capped RNA hydrolase NudC
IFOHMJLD_04367	gene	1128				
IFOHMJLD_04367	CDS	1128				hypothetical protein
IFOHMJLD_04368	gene	1137				
IFOHMJLD_04368	CDS	1137				hypothetical protein
IFOHMJLD_04369	gene	1296	xerC_29			
IFOHMJLD_04369	CDS	1296	xerC_29			Tyrosine recombinase XerC
IFOHMJLD_04370	gene	318				
IFOHMJLD_04370	CDS	318				hypothetical protein
IFOHMJLD_04371	gene	294				
IFOHMJLD_04371	CDS	294				hypothetical protein
IFOHMJLD_04372	gene	1881				
IFOHMJLD_04372	CDS	1881				hypothetical protein
IFOHMJLD_04373	gene	975	traC			
IFOHMJLD_04373	CDS	975	traC	2.7.7.-		DNA primase TraC
IFOHMJLD_04374	gene	651				
IFOHMJLD_04374	CDS	651				hypothetical protein
IFOHMJLD_04375	gene	195				
IFOHMJLD_04375	CDS	195				hypothetical protein
IFOHMJLD_04376	gene	549				
IFOHMJLD_04376	CDS	549				hypothetical protein
IFOHMJLD_04377	gene	1713	noc_3			
IFOHMJLD_04377	CDS	1713	noc_3			Nucleoid occlusion protein
IFOHMJLD_04378	gene	594				
IFOHMJLD_04378	CDS	594				hypothetical protein
IFOHMJLD_04379	gene	222				
IFOHMJLD_04379	CDS	222				hypothetical protein
IFOHMJLD_04380	gene	444				
IFOHMJLD_04380	CDS	444				hypothetical protein
IFOHMJLD_04381	gene	849				
IFOHMJLD_04381	CDS	849				hypothetical protein
IFOHMJLD_04382	gene	822				
IFOHMJLD_04382	CDS	822				hypothetical protein
IFOHMJLD_04383	gene	462				
IFOHMJLD_04383	CDS	462				hypothetical protein
IFOHMJLD_04384	gene	582				
IFOHMJLD_04384	CDS	582				hypothetical protein
IFOHMJLD_04385	gene	939				
IFOHMJLD_04385	CDS	939				hypothetical protein
IFOHMJLD_04386	gene	1374				
IFOHMJLD_04386	CDS	1374				hypothetical protein
IFOHMJLD_04387	gene	285				
IFOHMJLD_04387	CDS	285				hypothetical protein
IFOHMJLD_04388	gene	624				
IFOHMJLD_04388	CDS	624				hypothetical protein
IFOHMJLD_04389	gene	1005				
IFOHMJLD_04389	CDS	1005				hypothetical protein
IFOHMJLD_04390	gene	630				
IFOHMJLD_04390	CDS	630				hypothetical protein
IFOHMJLD_04391	gene	363				
IFOHMJLD_04391	CDS	363				hypothetical protein
IFOHMJLD_04392	gene	2502				
IFOHMJLD_04392	CDS	2502				hypothetical protein
IFOHMJLD_04393	gene	318				
IFOHMJLD_04393	CDS	318				hypothetical protein
IFOHMJLD_04394	gene	381				
IFOHMJLD_04394	CDS	381				hypothetical protein
IFOHMJLD_04395	gene	2505				
IFOHMJLD_04395	CDS	2505				hypothetical protein
IFOHMJLD_04396	gene	333				
IFOHMJLD_04396	CDS	333				hypothetical protein
IFOHMJLD_04397	gene	312				
IFOHMJLD_04397	CDS	312				hypothetical protein
IFOHMJLD_04398	gene	729				
IFOHMJLD_04398	CDS	729				hypothetical protein
IFOHMJLD_04399	gene	348				
IFOHMJLD_04399	CDS	348				hypothetical protein
IFOHMJLD_04400	gene	441				
IFOHMJLD_04400	CDS	441				hypothetical protein
IFOHMJLD_04401	gene	1050				
IFOHMJLD_04401	CDS	1050				hypothetical protein
IFOHMJLD_04402	gene	426				
IFOHMJLD_04402	CDS	426				hypothetical protein
IFOHMJLD_04403	gene	1251				
IFOHMJLD_04403	CDS	1251				hypothetical protein
IFOHMJLD_04404	gene	2010				
IFOHMJLD_04404	CDS	2010				hypothetical protein
IFOHMJLD_04405	gene	132				
IFOHMJLD_04405	CDS	132				hypothetical protein
IFOHMJLD_04406	gene	1995				
IFOHMJLD_04406	CDS	1995				hypothetical protein
IFOHMJLD_04407	gene	1458				
IFOHMJLD_04407	CDS	1458				hypothetical protein
IFOHMJLD_04408	gene	618				
IFOHMJLD_04408	CDS	618				hypothetical protein
IFOHMJLD_04409	gene	585				
IFOHMJLD_04409	CDS	585				hypothetical protein
IFOHMJLD_04410	gene	1323	zraR_6			
IFOHMJLD_04410	CDS	1323	zraR_6		COG2204	Transcriptional regulatory protein ZraR
IFOHMJLD_04411	gene	2319	rcsC_34			
IFOHMJLD_04411	CDS	2319	rcsC_34	2.7.13.3		Sensor histidine kinase RcsC
IFOHMJLD_04412	gene	1926	tet(Q)_2			
IFOHMJLD_04412	CDS	1926	tet(Q)_2			tetracycline resistance ribosomal protection protein Tet(Q)
IFOHMJLD_04413	gene	801	ermD			
IFOHMJLD_04413	CDS	801	ermD	2.1.1.-		rRNA adenine N-6-methyltransferase
IFOHMJLD_04414	gene	210				
IFOHMJLD_04414	CDS	210				hypothetical protein
IFOHMJLD_04415	gene	513				
IFOHMJLD_04415	CDS	513				hypothetical protein
IFOHMJLD_04416	gene	1779	sppA			
IFOHMJLD_04416	CDS	1779	sppA	3.4.21.-	COG0616	Protease 4
IFOHMJLD_04417	gene	1131	lpxK			
IFOHMJLD_04417	CDS	1131	lpxK	2.7.1.130		Tetraacyldisaccharide 4'-kinase
IFOHMJLD_04418	gene	810	punA			
IFOHMJLD_04418	CDS	810	punA	2.4.2.1	COG0005	Purine nucleoside phosphorylase 1
IFOHMJLD_04419	gene	1035	thiL			
IFOHMJLD_04419	CDS	1035	thiL	2.7.4.16	COG0611	Thiamine-monophosphate kinase
IFOHMJLD_04420	gene	74				
IFOHMJLD_04420	tRNA	74				tRNA-Phe(gaa)
IFOHMJLD_04421	gene	1236	xerC_30			
IFOHMJLD_04421	CDS	1236	xerC_30			Tyrosine recombinase XerC
IFOHMJLD_04422	gene	375				
IFOHMJLD_04422	CDS	375				hypothetical protein
IFOHMJLD_04423	gene	306				
IFOHMJLD_04423	CDS	306				hypothetical protein
IFOHMJLD_04424	gene	312				
IFOHMJLD_04424	CDS	312				hypothetical protein
IFOHMJLD_04425	gene	198				
IFOHMJLD_04425	CDS	198				hypothetical protein
IFOHMJLD_04426	gene	474				
IFOHMJLD_04426	CDS	474				hypothetical protein
IFOHMJLD_04427	gene	423				
IFOHMJLD_04427	CDS	423				hypothetical protein
IFOHMJLD_04428	gene	756	lytR_3			
IFOHMJLD_04428	CDS	756	lytR_3		COG3279	Transcriptional regulatory protein LytR
IFOHMJLD_04429	gene	1086				
IFOHMJLD_04429	CDS	1086				hypothetical protein
IFOHMJLD_04430	gene	540				
IFOHMJLD_04430	CDS	540				hypothetical protein
IFOHMJLD_04431	gene	1122	bepF_3			
IFOHMJLD_04431	CDS	1122	bepF_3			Efflux pump periplasmic linker BepF
IFOHMJLD_04432	gene	3114	bepE_6			
IFOHMJLD_04432	CDS	3114	bepE_6			Efflux pump membrane transporter BepE
IFOHMJLD_04433	gene	1359	cusC_3			
IFOHMJLD_04433	CDS	1359	cusC_3		COG1538	Cation efflux system protein CusC
IFOHMJLD_04434	gene	1137				
IFOHMJLD_04434	CDS	1137			COG2885	Outer membrane protein 41
IFOHMJLD_04435	gene	432				
IFOHMJLD_04435	CDS	432				hypothetical protein
IFOHMJLD_04436	gene	1407	purF_2			
IFOHMJLD_04436	CDS	1407	purF_2	2.4.2.14	COG0034	Amidophosphoribosyltransferase
IFOHMJLD_04437	gene	1224	pepT			
IFOHMJLD_04437	CDS	1224	pepT	3.4.11.4	COG2195	Peptidase T
IFOHMJLD_04438	gene	1086	gcvT			
IFOHMJLD_04438	CDS	1086	gcvT	2.1.2.10	COG0404	Aminomethyltransferase
IFOHMJLD_04439	gene	2385	rcsC_35			
IFOHMJLD_04439	CDS	2385	rcsC_35	2.7.13.3		Sensor histidine kinase RcsC
IFOHMJLD_04440	gene	1293	xerC_31			
IFOHMJLD_04440	CDS	1293	xerC_31			Tyrosine recombinase XerC
IFOHMJLD_04441	gene	1017				
IFOHMJLD_04441	CDS	1017				hypothetical protein
IFOHMJLD_04442	gene	309				
IFOHMJLD_04442	CDS	309				hypothetical protein
IFOHMJLD_04443	gene	1074				
IFOHMJLD_04443	CDS	1074				hypothetical protein
IFOHMJLD_04444	gene	969	dnaG_4			
IFOHMJLD_04444	CDS	969	dnaG_4	2.7.7.101		DNA primase
IFOHMJLD_04445	gene	1341				
IFOHMJLD_04445	CDS	1341				hypothetical protein
IFOHMJLD_04446	gene	522				
IFOHMJLD_04446	CDS	522				hypothetical protein
IFOHMJLD_04447	gene	1548				
IFOHMJLD_04447	CDS	1548				hypothetical protein
IFOHMJLD_04448	gene	1107				
IFOHMJLD_04448	CDS	1107				hypothetical protein
IFOHMJLD_04449	gene	327				
IFOHMJLD_04449	CDS	327				hypothetical protein
IFOHMJLD_04450	gene	987				
IFOHMJLD_04450	CDS	987				hypothetical protein
IFOHMJLD_04451	gene	576	rpoE_4			
IFOHMJLD_04451	CDS	576	rpoE_4		COG1595	ECF RNA polymerase sigma factor RpoE
IFOHMJLD_04452	gene	111				
IFOHMJLD_04452	CDS	111				hypothetical protein
IFOHMJLD_04453	gene	3312				
IFOHMJLD_04453	CDS	3312			COG4771	TonB-dependent receptor P39
IFOHMJLD_04454	gene	1767				
IFOHMJLD_04454	CDS	1767				hypothetical protein
IFOHMJLD_04455	gene	3411	susC_15			
IFOHMJLD_04455	CDS	3411	susC_15		COG1629	TonB-dependent receptor SusC
IFOHMJLD_04456	gene	1761				
IFOHMJLD_04456	CDS	1761				hypothetical protein
IFOHMJLD_04457	gene	85				
IFOHMJLD_04457	tRNA	85				tRNA-Leu(caa)
IFOHMJLD_04458	gene	1083	rfbM			
IFOHMJLD_04458	CDS	1083	rfbM	2.7.7.13		Mannose-1-phosphate guanylyltransferase RfbM
IFOHMJLD_04459	gene	441				
IFOHMJLD_04459	CDS	441				hypothetical protein
IFOHMJLD_04460	gene	465	greA			
IFOHMJLD_04460	CDS	465	greA		COG0782	Transcription elongation factor GreA
IFOHMJLD_04461	gene	1152	resA_11			
IFOHMJLD_04461	CDS	1152	resA_11			Thiol-disulfide oxidoreductase ResA
IFOHMJLD_04462	gene	2127	pnp			
IFOHMJLD_04462	CDS	2127	pnp	2.7.7.8	COG1185	Polyribonucleotide nucleotidyltransferase
IFOHMJLD_04463	gene	534				
IFOHMJLD_04463	CDS	534				hypothetical protein
IFOHMJLD_04464	gene	933				
IFOHMJLD_04464	CDS	933				hypothetical protein
IFOHMJLD_04465	gene	3390	susC_16			
IFOHMJLD_04465	CDS	3390	susC_16		COG1629	TonB-dependent receptor SusC
IFOHMJLD_04466	gene	1617				
IFOHMJLD_04466	CDS	1617				hypothetical protein
IFOHMJLD_04467	gene	522				
IFOHMJLD_04467	CDS	522				hypothetical protein
IFOHMJLD_04468	gene	813	tolQ_3			
IFOHMJLD_04468	CDS	813	tolQ_3			Tol-Pal system protein TolQ
IFOHMJLD_04469	gene	606	tolR_2			
IFOHMJLD_04469	CDS	606	tolR_2			Tol-Pal system protein TolR
IFOHMJLD_04470	gene	651				
IFOHMJLD_04470	CDS	651				hypothetical protein
IFOHMJLD_04471	gene	816				
IFOHMJLD_04471	CDS	816				hypothetical protein
IFOHMJLD_04472	gene	948	pstS_2			
IFOHMJLD_04472	CDS	948	pstS_2			Phosphate-binding protein PstS
IFOHMJLD_04473	gene	1434				
IFOHMJLD_04473	CDS	1434				hypothetical protein
IFOHMJLD_04474	gene	180				
IFOHMJLD_04474	CDS	180				hypothetical protein
IFOHMJLD_04475	gene	861	cbiO			
IFOHMJLD_04475	CDS	861	cbiO	7.2.2.-	COG1122	Cobalt import ATP-binding protein CbiO
IFOHMJLD_04476	gene	813				
IFOHMJLD_04476	CDS	813				hypothetical protein
IFOHMJLD_04477	gene	369	ytrA			
IFOHMJLD_04477	CDS	369	ytrA		COG1725	HTH-type transcriptional repressor YtrA
IFOHMJLD_04478	gene	801				
IFOHMJLD_04478	CDS	801				hypothetical protein
IFOHMJLD_04479	gene	1524				
IFOHMJLD_04479	CDS	1524				hypothetical protein
IFOHMJLD_04480	gene	74				
IFOHMJLD_04480	tRNA	74				tRNA-Lys(ttt)
IFOHMJLD_04481	gene	1140				
IFOHMJLD_04481	CDS	1140				hypothetical protein
IFOHMJLD_04482	gene	600	tdk			
IFOHMJLD_04482	CDS	600	tdk	2.7.1.21		Thymidine kinase
IFOHMJLD_04483	gene	783				
IFOHMJLD_04483	CDS	783				hypothetical protein
IFOHMJLD_04484	gene	675	rsmI_2			
IFOHMJLD_04484	CDS	675	rsmI_2	2.1.1.198	COG0313	Ribosomal RNA small subunit methyltransferase I
IFOHMJLD_04485	gene	858				
IFOHMJLD_04485	CDS	858				hypothetical protein
IFOHMJLD_04486	gene	693	yjjG			
IFOHMJLD_04486	CDS	693	yjjG	3.1.3.5	COG1011	Pyrimidine 5'-nucleotidase YjjG
IFOHMJLD_04487	gene	645				
IFOHMJLD_04487	CDS	645				hypothetical protein
IFOHMJLD_04488	gene	1596				
IFOHMJLD_04488	CDS	1596				hypothetical protein
IFOHMJLD_04489	gene	2946				
IFOHMJLD_04489	CDS	2946			COG1629	TonB-dependent receptor P26
IFOHMJLD_04490	gene	3150	susC_17			
IFOHMJLD_04490	CDS	3150	susC_17		COG1629	TonB-dependent receptor SusC
IFOHMJLD_04491	gene	1779				
IFOHMJLD_04491	CDS	1779				hypothetical protein
IFOHMJLD_04492	gene	1251				
IFOHMJLD_04492	CDS	1251		3.2.1.-	COG0673	Glycosyl hydrolase family 109 protein 1
IFOHMJLD_04493	gene	74				
IFOHMJLD_04493	tRNA	74				tRNA-Gly(tcc)
IFOHMJLD_04494	gene	84				
IFOHMJLD_04494	tRNA	84				tRNA-Tyr(gta)
IFOHMJLD_04495	gene	495	ribH			
IFOHMJLD_04495	CDS	495	ribH	2.5.1.78		6,7-dimethyl-8-ribityllumazine synthase
IFOHMJLD_04496	gene	684	cpoB_2			
IFOHMJLD_04496	CDS	684	cpoB_2			Cell division coordinator CpoB
IFOHMJLD_04497	gene	1113	recF			
IFOHMJLD_04497	CDS	1113	recF		COG1195	DNA replication and repair protein RecF
IFOHMJLD_04498	gene	291				
IFOHMJLD_04498	CDS	291				hypothetical protein
IFOHMJLD_04499	gene	1323				
IFOHMJLD_04499	CDS	1323				hypothetical protein
IFOHMJLD_04500	gene	159				
IFOHMJLD_04500	CDS	159				hypothetical protein
IFOHMJLD_04501	gene	1251				
IFOHMJLD_04501	CDS	1251				hypothetical protein
IFOHMJLD_04502	gene	1638				
IFOHMJLD_04502	CDS	1638				hypothetical protein
IFOHMJLD_04503	gene	2997				
IFOHMJLD_04503	CDS	2997			COG4771	TonB-dependent receptor P39
IFOHMJLD_04504	gene	486	asnC_2			
IFOHMJLD_04504	CDS	486	asnC_2		COG1522	Regulatory protein AsnC
IFOHMJLD_04505	gene	312				
IFOHMJLD_04505	CDS	312				hypothetical protein
IFOHMJLD_04506	gene	75				
IFOHMJLD_04506	tRNA	75				tRNA-Met(cat)
IFOHMJLD_04507	gene	774	btsR_3			
IFOHMJLD_04507	CDS	774	btsR_3		COG3279	Transcriptional regulatory protein BtsR
IFOHMJLD_04508	gene	1026				
IFOHMJLD_04508	CDS	1026				hypothetical protein
IFOHMJLD_04509	gene	1290				
IFOHMJLD_04509	CDS	1290				hypothetical protein
IFOHMJLD_04510	gene	3033	mdtC_4			
IFOHMJLD_04510	CDS	3033	mdtC_4			Multidrug resistance protein MdtC
IFOHMJLD_04511	gene	1044	mdtE_3			
IFOHMJLD_04511	CDS	1044	mdtE_3		COG0845	Multidrug resistance protein MdtE
IFOHMJLD_04512	gene	942				
IFOHMJLD_04512	CDS	942				hypothetical protein
IFOHMJLD_04513	gene	201				
IFOHMJLD_04513	CDS	201				hypothetical protein
IFOHMJLD_04514	gene	114				
IFOHMJLD_04514	CDS	114				hypothetical protein
IFOHMJLD_04515	gene	543				
IFOHMJLD_04515	CDS	543				hypothetical protein
IFOHMJLD_04516	gene	531				
IFOHMJLD_04516	CDS	531				hypothetical protein
IFOHMJLD_04517	gene	858				
IFOHMJLD_04517	CDS	858			COG3039	IS5 family transposase ISBf6
IFOHMJLD_04518	gene	513				
IFOHMJLD_04518	CDS	513				hypothetical protein
IFOHMJLD_04519	gene	414				
IFOHMJLD_04519	CDS	414				hypothetical protein
IFOHMJLD_04520	gene	900				
IFOHMJLD_04520	CDS	900				hypothetical protein
IFOHMJLD_04521	gene	603				
IFOHMJLD_04521	CDS	603				hypothetical protein
IFOHMJLD_04522	gene	222				
IFOHMJLD_04522	CDS	222				hypothetical protein
IFOHMJLD_04523	gene	267				
IFOHMJLD_04523	CDS	267				hypothetical protein
IFOHMJLD_04524	gene	861				
IFOHMJLD_04524	CDS	861				hypothetical protein
IFOHMJLD_04525	gene	771				
IFOHMJLD_04525	CDS	771				hypothetical protein
IFOHMJLD_04526	gene	462				
IFOHMJLD_04526	CDS	462				hypothetical protein
IFOHMJLD_04527	gene	1050				
IFOHMJLD_04527	CDS	1050				hypothetical protein
IFOHMJLD_04528	gene	399				
IFOHMJLD_04528	CDS	399				hypothetical protein
IFOHMJLD_04529	gene	321	mazF			
IFOHMJLD_04529	CDS	321	mazF	3.1.27.-	COG2337	Endoribonuclease toxin MazF
IFOHMJLD_04530	gene	249				
IFOHMJLD_04530	CDS	249				hypothetical protein
IFOHMJLD_04531	gene	2766				
IFOHMJLD_04531	CDS	2766			COG4771	TonB-dependent receptor P3
IFOHMJLD_04532	gene	1500				
IFOHMJLD_04532	CDS	1500			COG0561	SusD-like protein
IFOHMJLD_04533	gene	144				
IFOHMJLD_04533	CDS	144				hypothetical protein
IFOHMJLD_04534	gene	969				
IFOHMJLD_04534	CDS	969				hypothetical protein
IFOHMJLD_04535	gene	498				
IFOHMJLD_04535	CDS	498				hypothetical protein
IFOHMJLD_04536	gene	1836	ltrA			
IFOHMJLD_04536	CDS	1836	ltrA			Group II intron-encoded protein LtrA
IFOHMJLD_04537	gene	2450				
IFOHMJLD_04537	rRNA	2450				23S ribosomal RNA (partial)
IFOHMJLD_04538	gene	1656				
IFOHMJLD_04538	CDS	1656				hypothetical protein
IFOHMJLD_04539	gene	105				
IFOHMJLD_04539	CDS	105				hypothetical protein
IFOHMJLD_04540	gene	1182	xerC_32			
IFOHMJLD_04540	CDS	1182	xerC_32			Tyrosine recombinase XerC
IFOHMJLD_04541	gene	183				
IFOHMJLD_04541	CDS	183				hypothetical protein
IFOHMJLD_04542	gene	327				
IFOHMJLD_04542	CDS	327				hypothetical protein
IFOHMJLD_04543	gene	321				
IFOHMJLD_04543	CDS	321				hypothetical protein
IFOHMJLD_04544	gene	675				
IFOHMJLD_04544	CDS	675				hypothetical protein
IFOHMJLD_04545	gene	150				
IFOHMJLD_04545	CDS	150				hypothetical protein
IFOHMJLD_04546	gene	303				
IFOHMJLD_04546	CDS	303				hypothetical protein
IFOHMJLD_04547	gene	486				
IFOHMJLD_04547	CDS	486				hypothetical protein
IFOHMJLD_04548	gene	954				
IFOHMJLD_04548	CDS	954				hypothetical protein
IFOHMJLD_04549	gene	252				
IFOHMJLD_04549	CDS	252				hypothetical protein
IFOHMJLD_04550	gene	963				
IFOHMJLD_04550	CDS	963				IS982 family transposase IS1187
IFOHMJLD_04551	gene	805				
IFOHMJLD_04551	rRNA	805				16S ribosomal RNA (partial)
IFOHMJLD_04552	gene	486				
IFOHMJLD_04552	CDS	486				hypothetical protein
IFOHMJLD_04553	gene	408				
IFOHMJLD_04553	CDS	408				hypothetical protein
IFOHMJLD_04554	gene	490				
IFOHMJLD_04554	rRNA	490				16S ribosomal RNA (partial)
IFOHMJLD_04555	gene	369				
IFOHMJLD_04555	CDS	369				hypothetical protein
IFOHMJLD_04556	gene	106				
IFOHMJLD_04556	rRNA	106				5S ribosomal RNA
IFOHMJLD_04557	gene	77				
IFOHMJLD_04557	tRNA	77				tRNA-Ile(gat)
IFOHMJLD_04558	gene	77				
IFOHMJLD_04558	tRNA	77				tRNA-Ala(tgc)
