1_909 # 1114063 # 1117392 # 1 # ID=1_909;partial=00;start_type=ATG;rbs_motif=AAAAA;rbs_spacer=9bp;genetic_code=11;gc_cont=0.385	GENOMAD.126007.CP	3.540E-07	57	0
1_941 # 1175597 # 1176811 # 1 # ID=1_941;partial=00;start_type=ATG;rbs_motif=TAAAAA;rbs_spacer=5bp;genetic_code=11;gc_cont=0.510	GENOMAD.022966.VV	4.013E-08	58	2561
1_1037 # 1284108 # 1284824 # 1 # ID=1_1037;partial=00;start_type=ATG;rbs_motif=None;rbs_spacer=None;genetic_code=11;gc_cont=0.446	GENOMAD.133512.CP	1.084E-17	85	0
1_2029 # 2378653 # 2380470 # -1 # ID=1_2029;partial=00;start_type=ATG;rbs_motif=None;rbs_spacer=None;genetic_code=11;gc_cont=0.468	GENOMAD.097696.CP	2.901E-154	500	0
1_2221 # 2585005 # 2586915 # -1 # ID=1_2221;partial=00;start_type=ATG;rbs_motif=TAAA;rbs_spacer=12bp;genetic_code=11;gc_cont=0.434	GENOMAD.130289.CP	5.734E-06	52	2561
1_2285 # 2665671 # 2666399 # -1 # ID=1_2285;partial=00;start_type=ATG;rbs_motif=AAAAA;rbs_spacer=12bp;genetic_code=11;gc_cont=0.358	GENOMAD.017429.CC	7.565E-132	416	0
1_25 # 29988 # 31307 # 1 # ID=1_25;partial=00;start_type=ATG;rbs_motif=TAA;rbs_spacer=10bp;genetic_code=11;gc_cont=0.463	GENOMAD.129951.CP	2.255E-104	347	0
1_57 # 76681 # 77520 # -1 # ID=1_57;partial=00;start_type=TTG;rbs_motif=TAAAAA;rbs_spacer=12bp;genetic_code=11;gc_cont=0.452	GENOMAD.118610.CP	2.614E-24	106	2561
1_121 # 161002 # 162174 # 1 # ID=1_121;partial=00;start_type=ATG;rbs_motif=TAAAAA;rbs_spacer=11bp;genetic_code=11;gc_cont=0.512	GENOMAD.179462.CP	1.685E-142	455	0
1_153 # 203276 # 204721 # -1 # ID=1_153;partial=00;start_type=ATG;rbs_motif=TAA;rbs_spacer=12bp;genetic_code=11;gc_cont=0.467	GENOMAD.035394.CC	6.430E-05	48	0
1_185 # 245492 # 246442 # -1 # ID=1_185;partial=00;start_type=ATG;rbs_motif=AATAA;rbs_spacer=3bp;genetic_code=11;gc_cont=0.465	GENOMAD.145693.CP	3.662E-06	51	0
1_217 # 294657 # 296423 # 1 # ID=1_217;partial=00;start_type=ATG;rbs_motif=TAAA;rbs_spacer=12bp;genetic_code=11;gc_cont=0.387	GENOMAD.130052.CP	5.660E-22	104	2561
1_249 # 343457 # 344185 # 1 # ID=1_249;partial=00;start_type=ATG;rbs_motif=AACAA;rbs_spacer=11bp;genetic_code=11;gc_cont=0.466	GENOMAD.006082.CC	2.344E-84	279	0
1_953 # 1187894 # 1189030 # 1 # ID=1_953;partial=00;start_type=ATG;rbs_motif=AATAA;rbs_spacer=4bp;genetic_code=11;gc_cont=0.473	GENOMAD.206034.CP	1.058E-40	158	0
1_985 # 1227640 # 1228344 # -1 # ID=1_985;partial=00;start_type=ATG;rbs_motif=AAAAA;rbs_spacer=12bp;genetic_code=11;gc_cont=0.457	GENOMAD.081807.CC	1.109E-140	441	0
1_1017 # 1260712 # 1261332 # 1 # ID=1_1017;partial=00;start_type=ATG;rbs_motif=TAA;rbs_spacer=3bp;genetic_code=11;gc_cont=0.309	GENOMAD.141781.CP	5.329E-07	52	0
1_1145 # 1393922 # 1394263 # 1 # ID=1_1145;partial=00;start_type=ATG;rbs_motif=TAAA;rbs_spacer=11bp;genetic_code=11;gc_cont=0.491	GENOMAD.071829.PP	3.491E-68	225	0
1_1209 # 1465970 # 1467328 # -1 # ID=1_1209;partial=00;start_type=ATG;rbs_motif=AAA;rbs_spacer=13bp;genetic_code=11;gc_cont=0.472	GENOMAD.178625.CP	5.871E-39	155	0
1_1241 # 1504985 # 1505380 # -1 # ID=1_1241;partial=00;start_type=ATG;rbs_motif=TAAAAA;rbs_spacer=11bp;genetic_code=11;gc_cont=0.442	GENOMAD.000887.CC	1.482E-20	89	0
1_1285 # 1549323 # 1550882 # 1 # ID=1_1285;partial=00;start_type=ATG;rbs_motif=TAAA;rbs_spacer=13bp;genetic_code=11;gc_cont=0.465	GENOMAD.050665.CC	1.879E-28	124	0
1_1349 # 1627721 # 1628872 # 1 # ID=1_1349;partial=00;start_type=ATG;rbs_motif=TAAAAA;rbs_spacer=15bp;genetic_code=11;gc_cont=0.421	GENOMAD.124445.CP	1.505E-07	56	0
1_1381 # 1663963 # 1664238 # -1 # ID=1_1381;partial=00;start_type=ATG;rbs_motif=AACAA;rbs_spacer=10bp;genetic_code=11;gc_cont=0.391	GENOMAD.159000.VP	6.998E-27	105	2561
1_1477 # 1766493 # 1767620 # -1 # ID=1_1477;partial=00;start_type=ATG;rbs_motif=AACAA;rbs_spacer=7bp;genetic_code=11;gc_cont=0.374	GENOMAD.161748.CP	8.951E-15	79	0
1_1893 # 2215824 # 2216696 # -1 # ID=1_1893;partial=00;start_type=ATG;rbs_motif=TAAA;rbs_spacer=12bp;genetic_code=11;gc_cont=0.486	GENOMAD.112855.CP	6.948E-56	199	0
1_1925 # 2254460 # 2255578 # -1 # ID=1_1925;partial=00;start_type=ATG;rbs_motif=AAAAA;rbs_spacer=6bp;genetic_code=11;gc_cont=0.457	GENOMAD.120596.CP	1.419E-12	72	0
1_1957 # 2298529 # 2299116 # 1 # ID=1_1957;partial=00;start_type=ATG;rbs_motif=TAA;rbs_spacer=11bp;genetic_code=11;gc_cont=0.478	GENOMAD.129434.CP	1.760E-47	170	0
1_2085 # 2444095 # 2444955 # 1 # ID=1_2085;partial=00;start_type=ATG;rbs_motif=None;rbs_spacer=None;genetic_code=11;gc_cont=0.347	GENOMAD.226872.VP	9.025E-90	297	0
1_2117 # 2474238 # 2475110 # 1 # ID=1_2117;partial=00;start_type=ATG;rbs_motif=TAA;rbs_spacer=12bp;genetic_code=11;gc_cont=0.472	GENOMAD.211730.VP	1.611E-20	95	2561
1_2149 # 2509488 # 2510681 # -1 # ID=1_2149;partial=00;start_type=ATG;rbs_motif=TAA;rbs_spacer=13bp;genetic_code=11;gc_cont=0.460	GENOMAD.137806.CP	8.142E-04	44	0
1_2181 # 2544647 # 2545966 # -1 # ID=1_2181;partial=00;start_type=ATG;rbs_motif=TAA;rbs_spacer=13bp;genetic_code=11;gc_cont=0.484	GENOMAD.115168.CP	8.001E-07	54	2561
1_1966 # 2308323 # 2308991 # -1 # ID=1_1966;partial=00;start_type=ATG;rbs_motif=TAAA;rbs_spacer=12bp;genetic_code=11;gc_cont=0.417	GENOMAD.114712.CP	7.741E-61	210	0
1_1998 # 2343782 # 2344306 # 1 # ID=1_1998;partial=00;start_type=ATG;rbs_motif=None;rbs_spacer=None;genetic_code=11;gc_cont=0.493	GENOMAD.142079.CP	2.027E-87	284	0
1_2030 # 2380467 # 2381072 # -1 # ID=1_2030;partial=00;start_type=ATG;rbs_motif=AATAA;rbs_spacer=5bp;genetic_code=11;gc_cont=0.432	GENOMAD.145581.CP	4.190E-101	325	0
1_2062 # 2420780 # 2421280 # -1 # ID=1_2062;partial=00;start_type=ATG;rbs_motif=TAA;rbs_spacer=5bp;genetic_code=11;gc_cont=0.455	GENOMAD.130576.CP	3.506E-69	231	0
1_2190 # 2554117 # 2554938 # -1 # ID=1_2190;partial=00;start_type=ATG;rbs_motif=AAA;rbs_spacer=7bp;genetic_code=11;gc_cont=0.501	GENOMAD.147817.CP	9.746E-27	113	0
1_2222 # 2586925 # 2590302 # -1 # ID=1_2222;partial=00;start_type=ATG;rbs_motif=TAAAAA;rbs_spacer=7bp;genetic_code=11;gc_cont=0.419	GENOMAD.121280.CP	4.150E-11	70	0
1_3246 # 3833698 # 3837138 # 1 # ID=1_3246;partial=00;start_type=ATG;rbs_motif=TAAA;rbs_spacer=14bp;genetic_code=11;gc_cont=0.463	GENOMAD.153525.CP	2.417E-05	51	0
1_3310 # 3915878 # 3916477 # -1 # ID=1_3310;partial=00;start_type=ATG;rbs_motif=TAAAAA;rbs_spacer=9bp;genetic_code=11;gc_cont=0.417	GENOMAD.218614.PC	3.774E-18	85	0
1_3342 # 3948445 # 3950148 # -1 # ID=1_3342;partial=00;start_type=ATG;rbs_motif=None;rbs_spacer=None;genetic_code=11;gc_cont=0.442	GENOMAD.003401.CC	3.382E-174	556	0
1_3406 # 4037894 # 4039147 # -1 # ID=1_3406;partial=00;start_type=ATG;rbs_motif=AATAA;rbs_spacer=6bp;genetic_code=11;gc_cont=0.509	GENOMAD.138392.CP	8.684E-08	57	0
1_3438 # 4058373 # 4058642 # -1 # ID=1_3438;partial=00;start_type=ATG;rbs_motif=TAA;rbs_spacer=11bp;genetic_code=11;gc_cont=0.378	GENOMAD.058748.CV	6.008E-43	151	0
1_3470 # 4092739 # 4095234 # -1 # ID=1_3470;partial=00;start_type=TTG;rbs_motif=AAA;rbs_spacer=10bp;genetic_code=11;gc_cont=0.479	GENOMAD.101878.CP	1.279E-45	182	2561
1_3534 # 4164054 # 4164215 # 1 # ID=1_3534;partial=00;start_type=ATG;rbs_motif=TAAAAA;rbs_spacer=11bp;genetic_code=11;gc_cont=0.432	GENOMAD.022030.CC	4.112E-15	69	0
1_4117 # 4916913 # 4917794 # -1 # ID=1_4117;partial=00;start_type=ATG;rbs_motif=TAAA;rbs_spacer=12bp;genetic_code=11;gc_cont=0.339	GENOMAD.053405.CC	7.909E-20	93	0
1_4181 # 4995141 # 4995836 # -1 # ID=1_4181;partial=00;start_type=ATG;rbs_motif=TAA;rbs_spacer=13bp;genetic_code=11;gc_cont=0.427	GENOMAD.154359.CP	9.100E-18	85	0
1_4213 # 5024959 # 5025468 # -1 # ID=1_4213;partial=00;start_type=ATG;rbs_motif=TAA;rbs_spacer=11bp;genetic_code=11;gc_cont=0.425	GENOMAD.000543.CC	6.334E-81	265	0
1_4277 # 5091660 # 5091860 # -1 # ID=1_4277;partial=00;start_type=ATG;rbs_motif=TAAAAA;rbs_spacer=4bp;genetic_code=11;gc_cont=0.433	GENOMAD.049098.CC	2.060E-06	45	0
1_4309 # 5125902 # 5128889 # 1 # ID=1_4309;partial=00;start_type=ATG;rbs_motif=AAA;rbs_spacer=6bp;genetic_code=11;gc_cont=0.463	GENOMAD.125846.CP	4.566E-44	178	2561
1_4341 # 5178155 # 5179348 # 1 # ID=1_4341;partial=00;start_type=ATG;rbs_motif=TAAA;rbs_spacer=11bp;genetic_code=11;gc_cont=0.481	GENOMAD.099160.CP	9.305E-09	60	0
1_4373 # 5225968 # 5227548 # 1 # ID=1_4373;partial=00;start_type=ATG;rbs_motif=TAAAAA;rbs_spacer=10bp;genetic_code=11;gc_cont=0.459	GENOMAD.151274.CP	3.847E-13	75	2561
1_1245 # 1509855 # 1512272 # 1 # ID=1_1245;partial=00;start_type=ATG;rbs_motif=TAAA;rbs_spacer=9bp;genetic_code=11;gc_cont=0.439	GENOMAD.126028.CP	9.343E-45	179	2561
1_2973 # 3506796 # 3508187 # 1 # ID=1_2973;partial=00;start_type=ATG;rbs_motif=TAAA;rbs_spacer=12bp;genetic_code=11;gc_cont=0.438	GENOMAD.194487.CP	6.074E-05	48	0
1_3005 # 3550074 # 3552776 # 1 # ID=1_3005;partial=00;start_type=ATG;rbs_motif=TAA;rbs_spacer=11bp;genetic_code=11;gc_cont=0.478	GENOMAD.190139.CP	5.202E-17	89	0
1_3101 # 3657890 # 3658792 # 1 # ID=1_3101;partial=00;start_type=ATG;rbs_motif=TAA;rbs_spacer=14bp;genetic_code=11;gc_cont=0.453	GENOMAD.096879.CP	8.659E-18	87	0
1_3133 # 3699944 # 3701800 # -1 # ID=1_3133;partial=00;start_type=ATG;rbs_motif=None;rbs_spacer=None;genetic_code=11;gc_cont=0.447	GENOMAD.108470.CP	1.565E-22	106	2561
1_3165 # 3743193 # 3743843 # -1 # ID=1_3165;partial=00;start_type=ATG;rbs_motif=TAAAAA;rbs_spacer=9bp;genetic_code=11;gc_cont=0.409	GENOMAD.007205.CC	4.215E-56	196	0
1_3047 # 3594573 # 3595460 # 1 # ID=1_3047;partial=00;start_type=ATG;rbs_motif=TAA;rbs_spacer=5bp;genetic_code=11;gc_cont=0.448	GENOMAD.118658.CP	1.223E-36	143	0
1_3143 # 3714482 # 3716833 # -1 # ID=1_3143;partial=00;start_type=ATG;rbs_motif=TAAAA;rbs_spacer=14bp;genetic_code=11;gc_cont=0.461	GENOMAD.097653.CV	6.605E-235	743	2561
1_3239 # 3826285 # 3828165 # 1 # ID=1_3239;partial=00;start_type=ATG;rbs_motif=TAA;rbs_spacer=11bp;genetic_code=11;gc_cont=0.400	GENOMAD.136878.PP	9.296E-05	48	0
1_3303 # 3904461 # 3905405 # -1 # ID=1_3303;partial=00;start_type=ATG;rbs_motif=TAA;rbs_spacer=10bp;genetic_code=11;gc_cont=0.416	GENOMAD.057710.VV	8.536E-07	53	2561
1_3335 # 3939956 # 3941179 # -1 # ID=1_3335;partial=00;start_type=ATG;rbs_motif=AAAA;rbs_spacer=11bp;genetic_code=11;gc_cont=0.373	GENOMAD.008291.CC	7.012E-07	54	0
1_860 # 1052596 # 1053093 # 1 # ID=1_860;partial=00;start_type=ATG;rbs_motif=TAAA;rbs_spacer=12bp;genetic_code=11;gc_cont=0.412	GENOMAD.177170.VC	2.331E-56	194	0
1_924 # 1148643 # 1150715 # 1 # ID=1_924;partial=00;start_type=ATG;rbs_motif=TAAA;rbs_spacer=12bp;genetic_code=11;gc_cont=0.454	GENOMAD.141299.CP	1.217E-23	110	2561
1_1020 # 1263469 # 1264938 # 1 # ID=1_1020;partial=00;start_type=ATG;rbs_motif=None;rbs_spacer=None;genetic_code=11;gc_cont=0.306	GENOMAD.191584.PC	5.968E-79	275	0
1_2470 # 2903575 # 2905083 # -1 # ID=1_2470;partial=00;start_type=ATG;rbs_motif=AAA;rbs_spacer=6bp;genetic_code=11;gc_cont=0.484	GENOMAD.142014.CP	7.120E-65	234	2561
1_2534 # 2994987 # 2996687 # -1 # ID=1_2534;partial=00;start_type=ATG;rbs_motif=TAA;rbs_spacer=5bp;genetic_code=11;gc_cont=0.487	GENOMAD.219998.CP	2.110E-09	63	0
1_2662 # 3136811 # 3137179 # -1 # ID=1_2662;partial=00;start_type=ATG;rbs_motif=TAA;rbs_spacer=14bp;genetic_code=11;gc_cont=0.379	GENOMAD.141125.CP	2.135E-45	160	0
1_2694 # 3174615 # 3176141 # -1 # ID=1_2694;partial=00;start_type=ATG;rbs_motif=TAAA;rbs_spacer=11bp;genetic_code=11;gc_cont=0.316	GENOMAD.190400.CV	1.409E-04	47	0
1_2758 # 3256160 # 3256336 # -1 # ID=1_2758;partial=00;start_type=ATG;rbs_motif=AATAA;rbs_spacer=9bp;genetic_code=11;gc_cont=0.350	GENOMAD.110989.VV	9.314E-04	37	0
1_3521 # 4150233 # 4151348 # -1 # ID=1_3521;partial=00;start_type=ATG;rbs_motif=TAA;rbs_spacer=13bp;genetic_code=11;gc_cont=0.500	GENOMAD.129462.CP	9.215E-39	152	0
1_3553 # 4186409 # 4187398 # -1 # ID=1_3553;partial=00;start_type=ATG;rbs_motif=AAAAA;rbs_spacer=11bp;genetic_code=11;gc_cont=0.433	GENOMAD.133066.CP	3.824E-28	119	0
1_3617 # 4274567 # 4277845 # 1 # ID=1_3617;partial=00;start_type=ATG;rbs_motif=AACAA;rbs_spacer=8bp;genetic_code=11;gc_cont=0.435	GENOMAD.128893.CP	8.608E-08	59	0
1_3809 # 4521510 # 4523537 # 1 # ID=1_3809;partial=00;start_type=ATG;rbs_motif=TAA;rbs_spacer=11bp;genetic_code=11;gc_cont=0.390	GENOMAD.063467.CC	6.379E-118	397	2561
1_777 # 948205 # 950385 # -1 # ID=1_777;partial=00;start_type=ATG;rbs_motif=AAAAA;rbs_spacer=12bp;genetic_code=11;gc_cont=0.503	GENOMAD.151024.CP	2.684E-150	494	0
1_809 # 996231 # 997823 # 1 # ID=1_809;partial=00;start_type=ATG;rbs_motif=TAAA;rbs_spacer=12bp;genetic_code=11;gc_cont=0.462	GENOMAD.125890.CP	7.125E-64	232	2561
1_841 # 1034416 # 1035240 # -1 # ID=1_841;partial=00;start_type=ATG;rbs_motif=TAA;rbs_spacer=8bp;genetic_code=11;gc_cont=0.478	GENOMAD.137571.CP	4.552E-101	329	0
1_873 # 1069900 # 1071042 # 1 # ID=1_873;partial=00;start_type=ATG;rbs_motif=AACAA;rbs_spacer=5bp;genetic_code=11;gc_cont=0.342	GENOMAD.057710.VV	7.256E-08	57	2561
1_905 # 1108276 # 1109913 # 1 # ID=1_905;partial=00;start_type=ATG;rbs_motif=TAA;rbs_spacer=11bp;genetic_code=11;gc_cont=0.369	GENOMAD.130522.CP	3.445E-12	72	0
1_969 # 1206310 # 1207899 # 1 # ID=1_969;partial=00;start_type=ATG;rbs_motif=TAA;rbs_spacer=14bp;genetic_code=11;gc_cont=0.443	GENOMAD.206904.VV	3.521E-57	212	2561
1_1323 # 1592924 # 1594555 # -1 # ID=1_1323;partial=00;start_type=ATG;rbs_motif=TAA;rbs_spacer=12bp;genetic_code=11;gc_cont=0.452	GENOMAD.105408.CP	9.644E-49	187	0
1_1483 # 1773292 # 1774479 # 1 # ID=1_1483;partial=00;start_type=ATG;rbs_motif=TAA;rbs_spacer=13bp;genetic_code=11;gc_cont=0.428	GENOMAD.099160.CP	2.325E-05	49	0
1_1547 # 1851238 # 1852503 # 1 # ID=1_1547;partial=00;start_type=ATG;rbs_motif=TAA;rbs_spacer=11bp;genetic_code=11;gc_cont=0.335	GENOMAD.169664.CP	1.957E-25	113	0
1_4060 # 4830607 # 4832769 # 1 # ID=1_4060;partial=00;start_type=ATG;rbs_motif=AAA;rbs_spacer=3bp;genetic_code=11;gc_cont=0.464	GENOMAD.027761.CC	1.068E-216	687	0
1_4092 # 4883541 # 4884896 # -1 # ID=1_4092;partial=00;start_type=ATG;rbs_motif=AACAA;rbs_spacer=9bp;genetic_code=11;gc_cont=0.513	GENOMAD.162180.CP	3.174E-82	283	0
1_4124 # 4924144 # 4924935 # 1 # ID=1_4124;partial=00;start_type=ATG;rbs_motif=AAA;rbs_spacer=12bp;genetic_code=11;gc_cont=0.462	GENOMAD.123111.CP	2.572E-102	332	0
1_4188 # 5000656 # 5001852 # 1 # ID=1_4188;partial=00;start_type=ATG;rbs_motif=TAAA;rbs_spacer=13bp;genetic_code=11;gc_cont=0.449	GENOMAD.124300.CP	6.795E-120	390	2561
1_4284 # 5098504 # 5099082 # -1 # ID=1_4284;partial=00;start_type=ATG;rbs_motif=TAAA;rbs_spacer=6bp;genetic_code=11;gc_cont=0.434	GENOMAD.011791.CC	5.886E-76	252	0
1_4316 # 5140830 # 5142197 # 1 # ID=1_4316;partial=00;start_type=ATG;rbs_motif=AATAA;rbs_spacer=7bp;genetic_code=11;gc_cont=0.421	GENOMAD.024412.CC	2.068E-244	753	0
1_4348 # 5187069 # 5188742 # -1 # ID=1_4348;partial=00;start_type=TTG;rbs_motif=TAAA;rbs_spacer=8bp;genetic_code=11;gc_cont=0.562	GENOMAD.092559.CV	2.516E-46	180	2561
1_2565 # 3026743 # 3027762 # -1 # ID=1_2565;partial=00;start_type=ATG;rbs_motif=None;rbs_spacer=None;genetic_code=11;gc_cont=0.444	GENOMAD.001241.CC	1.392E-45	171	0
1_2597 # 3070504 # 3072000 # -1 # ID=1_2597;partial=00;start_type=ATG;rbs_motif=TAAAAA;rbs_spacer=8bp;genetic_code=11;gc_cont=0.440	GENOMAD.101916.CP	8.375E-10	64	0
1_2693 # 3172867 # 3174612 # -1 # ID=1_2693;partial=00;start_type=ATG;rbs_motif=AAAA;rbs_spacer=11bp;genetic_code=11;gc_cont=0.348	GENOMAD.158712.CV	6.667E-34	142	0
1_2725 # 3218523 # 3219635 # -1 # ID=1_2725;partial=00;start_type=ATG;rbs_motif=AAAAA;rbs_spacer=12bp;genetic_code=11;gc_cont=0.597	GENOMAD.057710.VV	1.019E-05	50	2561
1_124 # 164839 # 166602 # 1 # ID=1_124;partial=00;start_type=ATG;rbs_motif=None;rbs_spacer=None;genetic_code=11;gc_cont=0.505	GENOMAD.219237.CP	1.165E-157	509	0
1_156 # 210204 # 214289 # 1 # ID=1_156;partial=00;start_type=ATG;rbs_motif=TAAA;rbs_spacer=11bp;genetic_code=11;gc_cont=0.409	GENOMAD.126763.CP	4.255E-10	67	0
1_220 # 302230 # 305622 # 1 # ID=1_220;partial=00;start_type=ATG;rbs_motif=TAA;rbs_spacer=12bp;genetic_code=11;gc_cont=0.394	GENOMAD.005001.VV	1.926E-04	48	2561
1_252 # 346273 # 347472 # 1 # ID=1_252;partial=00;start_type=ATG;rbs_motif=TAAA;rbs_spacer=12bp;genetic_code=11;gc_cont=0.452	GENOMAD.114949.CP	7.640E-77	265	2561
1_316 # 422735 # 423757 # 1 # ID=1_316;partial=00;start_type=ATG;rbs_motif=TAA;rbs_spacer=11bp;genetic_code=11;gc_cont=0.436	GENOMAD.133618.CP	4.104E-11	67	0
1_348 # 467129 # 468640 # -1 # ID=1_348;partial=00;start_type=ATG;rbs_motif=TAAAA;rbs_spacer=12bp;genetic_code=11;gc_cont=0.496	GENOMAD.093644.CP	7.998E-18	90	0
1_412 # 545439 # 545864 # -1 # ID=1_412;partial=00;start_type=ATG;rbs_motif=TATAA;rbs_spacer=4bp;genetic_code=11;gc_cont=0.423	GENOMAD.000485.CC	2.015E-38	141	0
1_3757 # 4457014 # 4458660 # -1 # ID=1_3757;partial=00;start_type=ATG;rbs_motif=TAA;rbs_spacer=12bp;genetic_code=11;gc_cont=0.492	GENOMAD.182732.PC	9.883E-10	64	0
1_3885 # 4607628 # 4610435 # -1 # ID=1_3885;partial=00;start_type=ATG;rbs_motif=AAAAA;rbs_spacer=10bp;genetic_code=11;gc_cont=0.420	GENOMAD.090436.VC	8.315E-26	118	2561
1_4013 # 4766514 # 4767242 # 1 # ID=1_4013;partial=00;start_type=ATG;rbs_motif=AAAA;rbs_spacer=9bp;genetic_code=11;gc_cont=0.414	GENOMAD.002437.CC	2.141E-67	230	0
1_692 # 854742 # 855656 # -1 # ID=1_692;partial=00;start_type=ATG;rbs_motif=AACAA;rbs_spacer=15bp;genetic_code=11;gc_cont=0.433	GENOMAD.022966.VV	3.367E-06	51	2561
1_724 # 895519 # 896508 # 1 # ID=1_724;partial=00;start_type=TTG;rbs_motif=TAAA;rbs_spacer=12bp;genetic_code=11;gc_cont=0.480	GENOMAD.168427.CP	6.241E-106	346	0
1_788 # 964134 # 964958 # 1 # ID=1_788;partial=00;start_type=ATG;rbs_motif=TAA;rbs_spacer=11bp;genetic_code=11;gc_cont=0.447	GENOMAD.056424.CC	2.636E-06	51	0
1_820 # 1009640 # 1010470 # 1 # ID=1_820;partial=00;start_type=ATG;rbs_motif=TAAAAA;rbs_spacer=10bp;genetic_code=11;gc_cont=0.404	GENOMAD.215956.CP	4.919E-05	47	0
1_916 # 1133457 # 1135472 # 1 # ID=1_916;partial=00;start_type=ATG;rbs_motif=TAA;rbs_spacer=11bp;genetic_code=11;gc_cont=0.429	GENOMAD.146386.CP	6.736E-10	65	0
1_1295 # 1565022 # 1567661 # 1 # ID=1_1295;partial=00;start_type=ATG;rbs_motif=TAA;rbs_spacer=11bp;genetic_code=11;gc_cont=0.446	GENOMAD.094998.CP	6.372E-155	514	0
1_1327 # 1598241 # 1598951 # -1 # ID=1_1327;partial=00;start_type=ATG;rbs_motif=TAAA;rbs_spacer=11bp;genetic_code=11;gc_cont=0.437	GENOMAD.213555.CP	2.722E-97	316	0
1_1391 # 1674093 # 1674911 # 1 # ID=1_1391;partial=00;start_type=GTG;rbs_motif=AATAA;rbs_spacer=10bp;genetic_code=11;gc_cont=0.410	GENOMAD.210233.PC	1.112E-05	49	0
1_1455 # 1739582 # 1740934 # 1 # ID=1_1455;partial=00;start_type=ATG;rbs_motif=TAAA;rbs_spacer=11bp;genetic_code=11;gc_cont=0.486	GENOMAD.057710.VV	1.811E-15	82	2561
1_1487 # 1780692 # 1781402 # -1 # ID=1_1487;partial=00;start_type=ATG;rbs_motif=TAA;rbs_spacer=13bp;genetic_code=11;gc_cont=0.404	GENOMAD.037761.CC	2.949E-122	388	0
1_1519 # 1819729 # 1820325 # 1 # ID=1_1519;partial=00;start_type=ATG;rbs_motif=AAA;rbs_spacer=15bp;genetic_code=11;gc_cont=0.375	GENOMAD.132360.CV	1.316E-33	130	0
1_1551 # 1857801 # 1858433 # 1 # ID=1_1551;partial=00;start_type=ATG;rbs_motif=TAA;rbs_spacer=4bp;genetic_code=11;gc_cont=0.371	GENOMAD.126367.CP	5.590E-59	204	0
1_2301 # 2682804 # 2685962 # 1 # ID=1_2301;partial=00;start_type=ATG;rbs_motif=TAAA;rbs_spacer=14bp;genetic_code=11;gc_cont=0.445	GENOMAD.145895.CP	7.649E-11	69	0
1_2365 # 2753731 # 2755281 # -1 # ID=1_2365;partial=00;start_type=ATG;rbs_motif=TAAA;rbs_spacer=12bp;genetic_code=11;gc_cont=0.473	GENOMAD.044580.CC	2.633E-52	197	0
1_2429 # 2834035 # 2835195 # 1 # ID=1_2429;partial=00;start_type=ATG;rbs_motif=TAA;rbs_spacer=13bp;genetic_code=11;gc_cont=0.504	GENOMAD.104139.CP	2.258E-164	518	0
1_2525 # 2980413 # 2982293 # 1 # ID=1_2525;partial=00;start_type=ATG;rbs_motif=TAA;rbs_spacer=15bp;genetic_code=11;gc_cont=0.470	GENOMAD.171982.CP	4.712E-20	98	0
1_2589 # 3061616 # 3062626 # -1 # ID=1_2589;partial=00;start_type=ATG;rbs_motif=TAAA;rbs_spacer=12bp;genetic_code=11;gc_cont=0.434	GENOMAD.082297.VV	8.510E-06	50	2561
1_2711 # 3197868 # 3198782 # 1 # ID=1_2711;partial=00;start_type=ATG;rbs_motif=AAA;rbs_spacer=14bp;genetic_code=11;gc_cont=0.516	GENOMAD.206699.CP	2.899E-40	154	0
1_2743 # 3232674 # 3233498 # 1 # ID=1_2743;partial=00;start_type=ATG;rbs_motif=AAAAA;rbs_spacer=10bp;genetic_code=11;gc_cont=0.547	GENOMAD.211731.CP	1.206E-89	296	0
1_2775 # 3274015 # 3274755 # -1 # ID=1_2775;partial=00;start_type=ATG;rbs_motif=TAA;rbs_spacer=13bp;genetic_code=11;gc_cont=0.439	GENOMAD.117339.CP	3.982E-52	186	0
1_2807 # 3309268 # 3310059 # -1 # ID=1_2807;partial=00;start_type=ATG;rbs_motif=AAAA;rbs_spacer=11bp;genetic_code=11;gc_cont=0.426	GENOMAD.036558.CC	5.756E-45	166	0
1_2839 # 3349426 # 3349671 # -1 # ID=1_2839;partial=00;start_type=ATG;rbs_motif=TAA;rbs_spacer=11bp;genetic_code=11;gc_cont=0.459	GENOMAD.213509.VC	8.980E-13	64	0
1_2871 # 3379997 # 3381136 # -1 # ID=1_2871;partial=00;start_type=ATG;rbs_motif=TAAA;rbs_spacer=15bp;genetic_code=11;gc_cont=0.441	GENOMAD.049396.VV	1.498E-12	72	11844
1_2903 # 3412308 # 3412991 # -1 # ID=1_2903;partial=00;start_type=ATG;rbs_motif=AATAA;rbs_spacer=4bp;genetic_code=11;gc_cont=0.449	GENOMAD.090469.CP	1.556E-06	51	0
1_2967 # 3497440 # 3498804 # 1 # ID=1_2967;partial=00;start_type=GTG;rbs_motif=TAA;rbs_spacer=12bp;genetic_code=11;gc_cont=0.450	GENOMAD.143077.CP	7.071E-06	51	0
1_3419 # 4049589 # 4049705 # -1 # ID=1_3419;partial=00;start_type=ATG;rbs_motif=TAAA;rbs_spacer=11bp;genetic_code=11;gc_cont=0.325	GENOMAD.112966.CP	1.183E-12	61	0
1_3451 # 4066955 # 4068091 # 1 # ID=1_3451;partial=00;start_type=ATG;rbs_motif=TAAA;rbs_spacer=11bp;genetic_code=11;gc_cont=0.419	GENOMAD.015431.CC	2.996E-07	55	0
1_3643 # 4322043 # 4322420 # 1 # ID=1_3643;partial=00;start_type=ATG;rbs_motif=TAAAA;rbs_spacer=12bp;genetic_code=11;gc_cont=0.413	GENOMAD.192237.CP	9.690E-04	40	0
1_2423 # 2828704 # 2829246 # -1 # ID=1_2423;partial=00;start_type=ATG;rbs_motif=TAAAA;rbs_spacer=12bp;genetic_code=11;gc_cont=0.479	GENOMAD.179566.CP	1.963E-19	88	2561
1_2455 # 2878586 # 2879485 # 1 # ID=1_2455;partial=00;start_type=ATG;rbs_motif=AAA;rbs_spacer=14bp;genetic_code=11;gc_cont=0.482	GENOMAD.214923.CP	1.395E-12	71	0
1_2487 # 2926958 # 2927293 # -1 # ID=1_2487;partial=00;start_type=ATG;rbs_motif=TAAA;rbs_spacer=12bp;genetic_code=11;gc_cont=0.455	GENOMAD.083954.CP	7.138E-20	86	0
1_2519 # 2964900 # 2968124 # 1 # ID=1_2519;partial=00;start_type=ATG;rbs_motif=None;rbs_spacer=None;genetic_code=11;gc_cont=0.437	GENOMAD.126998.CP	9.678E-12	72	0
1_2583 # 3051627 # 3052577 # -1 # ID=1_2583;partial=00;start_type=ATG;rbs_motif=TAAA;rbs_spacer=12bp;genetic_code=11;gc_cont=0.529	GENOMAD.141949.CP	8.659E-07	53	0
1_801 # 982116 # 984536 # 1 # ID=1_801;partial=00;start_type=ATG;rbs_motif=TAA;rbs_spacer=12bp;genetic_code=11;gc_cont=0.480	GENOMAD.126028.CP	8.971E-50	195	2561
1_833 # 1026924 # 1028267 # 1 # ID=1_833;partial=00;start_type=ATG;rbs_motif=TAA;rbs_spacer=11bp;genetic_code=11;gc_cont=0.494	GENOMAD.212093.VC	5.021E-148	474	0
1_929 # 1160765 # 1161949 # -1 # ID=1_929;partial=00;start_type=ATG;rbs_motif=TAA;rbs_spacer=3bp;genetic_code=11;gc_cont=0.469	GENOMAD.065293.VV	7.056E-12	70	2561
1_993 # 1237511 # 1238863 # 1 # ID=1_993;partial=00;start_type=ATG;rbs_motif=TAA;rbs_spacer=6bp;genetic_code=11;gc_cont=0.441	GENOMAD.121831.CP	3.713E-15	81	2561
1_1025 # 1269924 # 1271051 # 1 # ID=1_1025;partial=00;start_type=ATG;rbs_motif=TAA;rbs_spacer=11bp;genetic_code=11;gc_cont=0.316	GENOMAD.130456.CP	3.407E-13	74	0
1_1290 # 1554879 # 1555817 # 1 # ID=1_1290;partial=00;start_type=ATG;rbs_motif=AATAA;rbs_spacer=4bp;genetic_code=11;gc_cont=0.410	GENOMAD.069665.VV	1.981E-07	55	2561
1_1386 # 1667230 # 1669578 # 1 # ID=1_1386;partial=00;start_type=ATG;rbs_motif=TAAA;rbs_spacer=11bp;genetic_code=11;gc_cont=0.424	GENOMAD.190178.PC	2.278E-07	57	0
1_1514 # 1815161 # 1816615 # 1 # ID=1_1514;partial=00;start_type=ATG;rbs_motif=None;rbs_spacer=None;genetic_code=11;gc_cont=0.426	GENOMAD.154541.CP	3.205E-05	49	0
1_1546 # 1850100 # 1851056 # -1 # ID=1_1546;partial=00;start_type=TTG;rbs_motif=TAAA;rbs_spacer=12bp;genetic_code=11;gc_cont=0.394	GENOMAD.121000.CP	1.101E-36	144	0
1_996 # 1242726 # 1243883 # -1 # ID=1_996;partial=00;start_type=ATG;rbs_motif=TAAAAA;rbs_spacer=8bp;genetic_code=11;gc_cont=0.444	GENOMAD.004161.CC	1.157E-106	351	0
1_1092 # 1348169 # 1349557 # -1 # ID=1_1092;partial=00;start_type=ATG;rbs_motif=AAAA;rbs_spacer=11bp;genetic_code=11;gc_cont=0.477	GENOMAD.129047.CP	3.012E-18	91	0
1_1156 # 1404169 # 1405728 # -1 # ID=1_1156;partial=00;start_type=ATG;rbs_motif=TAA;rbs_spacer=9bp;genetic_code=11;gc_cont=0.440	GENOMAD.190493.CV	1.028E-100	340	2561
1_1188 # 1439446 # 1439955 # -1 # ID=1_1188;partial=00;start_type=ATG;rbs_motif=AAAA;rbs_spacer=11bp;genetic_code=11;gc_cont=0.347	GENOMAD.134026.CP	2.585E-05	46	0
1_1220 # 1479684 # 1480808 # 1 # ID=1_1220;partial=00;start_type=ATG;rbs_motif=TAAA;rbs_spacer=12bp;genetic_code=11;gc_cont=0.423	GENOMAD.210284.CP	2.934E-07	55	0
1_1252 # 1516560 # 1517075 # -1 # ID=1_1252;partial=00;start_type=ATG;rbs_motif=TAAA;rbs_spacer=11bp;genetic_code=11;gc_cont=0.384	GENOMAD.176879.CP	1.714E-45	163	0
1_1284 # 1547833 # 1549284 # 1 # ID=1_1284;partial=00;start_type=ATG;rbs_motif=TAAA;rbs_spacer=9bp;genetic_code=11;gc_cont=0.453	GENOMAD.032367.CC	8.532E-25	112	0
1_361 # 479382 # 480659 # 1 # ID=1_361;partial=00;start_type=ATG;rbs_motif=AATAA;rbs_spacer=10bp;genetic_code=11;gc_cont=0.387	GENOMAD.178119.VC	5.323E-05	48	2561
1_393 # 517734 # 519353 # -1 # ID=1_393;partial=00;start_type=ATG;rbs_motif=AATAA;rbs_spacer=6bp;genetic_code=11;gc_cont=0.470	GENOMAD.101261.CV	1.266E-78	276	0
1_425 # 557505 # 558188 # -1 # ID=1_425;partial=00;start_type=ATG;rbs_motif=TAAAAA;rbs_spacer=11bp;genetic_code=11;gc_cont=0.327	GENOMAD.192243.CV	1.786E-17	84	0
1_457 # 594207 # 595574 # -1 # ID=1_457;partial=00;start_type=ATG;rbs_motif=AATAA;rbs_spacer=10bp;genetic_code=11;gc_cont=0.485	GENOMAD.110049.CP	4.185E-07	55	0
1_521 # 673836 # 674381 # 1 # ID=1_521;partial=00;start_type=ATG;rbs_motif=AAAA;rbs_spacer=8bp;genetic_code=11;gc_cont=0.421	GENOMAD.024931.CC	5.309E-37	139	0
1_585 # 741487 # 743559 # -1 # ID=1_585;partial=00;start_type=ATG;rbs_motif=TAA;rbs_spacer=15bp;genetic_code=11;gc_cont=0.548	GENOMAD.169371.VP	2.469E-23	109	5797
1_617 # 769334 # 769771 # 1 # ID=1_617;partial=00;start_type=ATG;rbs_motif=TATAA;rbs_spacer=3bp;genetic_code=11;gc_cont=0.452	GENOMAD.029276.CC	1.814E-74	245	0
1_649 # 809731 # 810825 # 1 # ID=1_649;partial=00;start_type=ATG;rbs_motif=TAA;rbs_spacer=11bp;genetic_code=11;gc_cont=0.294	GENOMAD.005659.CC	2.780E-07	55	0
1_3289 # 3882172 # 3883572 # -1 # ID=1_3289;partial=00;start_type=ATG;rbs_motif=AATAA;rbs_spacer=4bp;genetic_code=11;gc_cont=0.497	GENOMAD.106866.CP	8.073E-41	161	2561
1_3321 # 3927269 # 3927865 # -1 # ID=1_3321;partial=00;start_type=ATG;rbs_motif=TAAAA;rbs_spacer=13bp;genetic_code=11;gc_cont=0.429	GENOMAD.218614.PC	1.931E-28	115	0
1_3353 # 3963940 # 3964683 # 1 # ID=1_3353;partial=00;start_type=ATG;rbs_motif=AACAA;rbs_spacer=11bp;genetic_code=11;gc_cont=0.470	GENOMAD.124229.CP	2.871E-18	87	0
1_3417 # 4048774 # 4049163 # -1 # ID=1_3417;partial=00;start_type=ATG;rbs_motif=TAA;rbs_spacer=11bp;genetic_code=11;gc_cont=0.413	GENOMAD.000013.CC	2.422E-47	166	0
1_3449 # 4065878 # 4066123 # -1 # ID=1_3449;partial=00;start_type=ATG;rbs_motif=AACAA;rbs_spacer=15bp;genetic_code=11;gc_cont=0.455	GENOMAD.205691.CP	2.824E-09	54	0
1_3513 # 4141045 # 4142661 # 1 # ID=1_3513;partial=00;start_type=ATG;rbs_motif=TAAA;rbs_spacer=11bp;genetic_code=11;gc_cont=0.464	GENOMAD.141002.CP	4.979E-258	797	0
1_3545 # 4179778 # 4180458 # 1 # ID=1_3545;partial=00;start_type=ATG;rbs_motif=AAAAA;rbs_spacer=12bp;genetic_code=11;gc_cont=0.520	GENOMAD.169520.CP	4.495E-60	208	0
1_3577 # 4222493 # 4223740 # -1 # ID=1_3577;partial=00;start_type=ATG;rbs_motif=None;rbs_spacer=None;genetic_code=11;gc_cont=0.336	GENOMAD.195124.CP	2.114E-04	46	0
1_3370 # 3990010 # 3990990 # 1 # ID=1_3370;partial=00;start_type=ATG;rbs_motif=AAA;rbs_spacer=3bp;genetic_code=11;gc_cont=0.506	GENOMAD.132390.CP	5.955E-17	85	2561
1_3402 # 4033303 # 4034655 # -1 # ID=1_3402;partial=00;start_type=ATG;rbs_motif=AACAA;rbs_spacer=13bp;genetic_code=11;gc_cont=0.465	GENOMAD.120926.CP	6.398E-127	413	0
1_3434 # 4056526 # 4056723 # -1 # ID=1_3434;partial=00;start_type=ATG;rbs_motif=AAAA;rbs_spacer=12bp;genetic_code=11;gc_cont=0.354	GENOMAD.000194.CC	2.384E-18	79	0
1_1588 # 1894143 # 1894343 # 1 # ID=1_1588;partial=00;start_type=ATG;rbs_motif=AATAA;rbs_spacer=3bp;genetic_code=11;gc_cont=0.443	GENOMAD.220347.VP	7.161E-09	52	2561
1_1620 # 1912571 # 1912861 # 1 # ID=1_1620;partial=00;start_type=ATG;rbs_motif=AAA;rbs_spacer=10bp;genetic_code=11;gc_cont=0.485	GENOMAD.049718.VV	4.194E-42	149	2561
1_2198 # 2560020 # 2560505 # 1 # ID=1_2198;partial=00;start_type=ATG;rbs_motif=TAA;rbs_spacer=12bp;genetic_code=11;gc_cont=0.381	GENOMAD.197682.PC	6.679E-15	74	0
1_3202 # 3789664 # 3790356 # -1 # ID=1_3202;partial=00;start_type=ATG;rbs_motif=TAAA;rbs_spacer=9bp;genetic_code=11;gc_cont=0.466	GENOMAD.008317.CC	1.234E-94	308	0
1_2781 # 3278171 # 3278653 # -1 # ID=1_2781;partial=00;start_type=ATG;rbs_motif=TAAA;rbs_spacer=11bp;genetic_code=11;gc_cont=0.445	GENOMAD.197688.CV	7.637E-83	270	2561
1_2813 # 3321250 # 3323352 # -1 # ID=1_2813;partial=00;start_type=ATG;rbs_motif=TAAA;rbs_spacer=12bp;genetic_code=11;gc_cont=0.433	GENOMAD.182759.CP	1.049E-22	107	0
1_2909 # 3418049 # 3418810 # -1 # ID=1_2909;partial=00;start_type=ATG;rbs_motif=TAAA;rbs_spacer=9bp;genetic_code=11;gc_cont=0.453	GENOMAD.019900.CC	1.654E-66	228	0
1_2407 # 2813285 # 2814319 # 1 # ID=1_2407;partial=00;start_type=ATG;rbs_motif=TAAA;rbs_spacer=15bp;genetic_code=11;gc_cont=0.465	GENOMAD.191789.CV	1.070E-106	349	2561
1_4353 # 5194144 # 5195097 # -1 # ID=1_4353;partial=00;start_type=ATG;rbs_motif=AACAA;rbs_spacer=7bp;genetic_code=11;gc_cont=0.434	GENOMAD.140875.CP	1.070E-36	144	0
2_70 # 71553 # 73307 # -1 # ID=2_70;partial=00;start_type=ATG;rbs_motif=TAA;rbs_spacer=10bp;genetic_code=11;gc_cont=0.454	GENOMAD.126246.CP	1.146E-13	77	0
1_1218 # 1477673 # 1478299 # 1 # ID=1_1218;partial=00;start_type=ATG;rbs_motif=TAAA;rbs_spacer=9bp;genetic_code=11;gc_cont=0.480	GENOMAD.114709.CP	1.598E-45	165	0
1_2938 # 3456836 # 3457780 # -1 # ID=1_2938;partial=00;start_type=ATG;rbs_motif=TAA;rbs_spacer=11bp;genetic_code=11;gc_cont=0.426	GENOMAD.134189.CP	8.536E-07	53	0
1_3034 # 3579246 # 3579533 # 1 # ID=1_3034;partial=00;start_type=ATG;rbs_motif=TAAA;rbs_spacer=11bp;genetic_code=11;gc_cont=0.479	GENOMAD.022217.CC	2.812E-07	49	0
1_3066 # 3619832 # 3621901 # -1 # ID=1_3066;partial=00;start_type=ATG;rbs_motif=AACAA;rbs_spacer=10bp;genetic_code=11;gc_cont=0.431	GENOMAD.177896.CP	3.094E-13	76	0
1_3098 # 3652214 # 3655510 # -1 # ID=1_3098;partial=00;start_type=ATG;rbs_motif=TAAA;rbs_spacer=11bp;genetic_code=11;gc_cont=0.429	GENOMAD.126007.CP	4.314E-08	60	0
1_2859 # 3367933 # 3368793 # -1 # ID=1_2859;partial=00;start_type=ATG;rbs_motif=None;rbs_spacer=None;genetic_code=11;gc_cont=0.447	GENOMAD.126394.CP	8.589E-51	184	0
1_3721 # 4406489 # 4407571 # 1 # ID=1_3721;partial=00;start_type=ATG;rbs_motif=TAA;rbs_spacer=12bp;genetic_code=11;gc_cont=0.404	GENOMAD.210284.CP	4.666E-96	319	0
1_3785 # 4490979 # 4493123 # 1 # ID=1_3785;partial=00;start_type=ATG;rbs_motif=TAAA;rbs_spacer=11bp;genetic_code=11;gc_cont=0.491	GENOMAD.154275.VC	9.175E-66	243	2561
1_2490 # 2931367 # 2932533 # -1 # ID=1_2490;partial=00;start_type=ATG;rbs_motif=TAA;rbs_spacer=11bp;genetic_code=11;gc_cont=0.508	GENOMAD.153188.CP	1.645E-132	426	0
1_2522 # 2972635 # 2974557 # 1 # ID=1_2522;partial=00;start_type=ATG;rbs_motif=TAAAAA;rbs_spacer=7bp;genetic_code=11;gc_cont=0.450	GENOMAD.166868.VC	7.850E-04	45	2561
1_1891 # 2213452 # 2214444 # -1 # ID=1_1891;partial=00;start_type=ATG;rbs_motif=TAAAAA;rbs_spacer=9bp;genetic_code=11;gc_cont=0.439	GENOMAD.115344.CP	1.679E-84	284	2561
1_1923 # 2250570 # 2251025 # 1 # ID=1_1923;partial=00;start_type=ATG;rbs_motif=TAA;rbs_spacer=15bp;genetic_code=11;gc_cont=0.399	GENOMAD.221866.CP	4.101E-17	80	0
1_2723 # 3217159 # 3217971 # -1 # ID=1_2723;partial=00;start_type=ATG;rbs_motif=TAAA;rbs_spacer=15bp;genetic_code=11;gc_cont=0.587	GENOMAD.029366.CC	1.998E-117	376	0
1_2755 # 3252598 # 3253863 # -1 # ID=1_2755;partial=00;start_type=ATG;rbs_motif=AAA;rbs_spacer=13bp;genetic_code=11;gc_cont=0.457	GENOMAD.154219.PC	2.945E-91	308	0
1_1991 # 2333962 # 2336106 # 1 # ID=1_1991;partial=00;start_type=ATG;rbs_motif=TAAAAA;rbs_spacer=5bp;genetic_code=11;gc_cont=0.484	GENOMAD.128893.CP	5.881E-16	85	0
1_2023 # 2370093 # 2371472 # -1 # ID=1_2023;partial=00;start_type=ATG;rbs_motif=AAA;rbs_spacer=11bp;genetic_code=11;gc_cont=0.479	GENOMAD.126777.CP	7.194E-06	51	2561
1_3672 # 4351968 # 4352276 # 1 # ID=1_3672;partial=00;start_type=ATG;rbs_motif=AAA;rbs_spacer=11bp;genetic_code=11;gc_cont=0.502	GENOMAD.216326.PC	3.012E-09	55	0
1_3704 # 4384846 # 4385916 # 1 # ID=1_3704;partial=00;start_type=ATG;rbs_motif=AAAA;rbs_spacer=9bp;genetic_code=11;gc_cont=0.397	GENOMAD.121446.CP	2.032E-48	180	0
1_3736 # 4424372 # 4424857 # 1 # ID=1_3736;partial=00;start_type=TTG;rbs_motif=TAA;rbs_spacer=3bp;genetic_code=11;gc_cont=0.440	GENOMAD.127452.CP	4.664E-06	48	0
1_3832 # 4552118 # 4553236 # 1 # ID=1_3832;partial=00;start_type=ATG;rbs_motif=TAA;rbs_spacer=12bp;genetic_code=11;gc_cont=0.335	GENOMAD.197278.CP	9.976E-35	140	0
1_226 # 311584 # 311874 # 1 # ID=1_226;partial=00;start_type=ATG;rbs_motif=AAAAA;rbs_spacer=5bp;genetic_code=11;gc_cont=0.412	GENOMAD.101264.CP	5.297E-09	54	0
1_258 # 354283 # 355068 # -1 # ID=1_258;partial=00;start_type=ATG;rbs_motif=TAA;rbs_spacer=11bp;genetic_code=11;gc_cont=0.485	GENOMAD.154591.CP	2.089E-05	48	0
1_290 # 391087 # 391776 # -1 # ID=1_290;partial=00;start_type=ATG;rbs_motif=AATAA;rbs_spacer=5bp;genetic_code=11;gc_cont=0.449	GENOMAD.060067.CP	1.729E-54	192	0
1_3279 # 3874810 # 3875424 # -1 # ID=1_3279;partial=00;start_type=ATG;rbs_motif=AAA;rbs_spacer=11bp;genetic_code=11;gc_cont=0.475	GENOMAD.158428.CP	1.915E-31	124	0
1_3343 # 3950161 # 3951531 # -1 # ID=1_3343;partial=00;start_type=ATG;rbs_motif=TAAA;rbs_spacer=8bp;genetic_code=11;gc_cont=0.456	GENOMAD.114387.CP	2.452E-58	213	0
1_3407 # 4039154 # 4040056 # -1 # ID=1_3407;partial=00;start_type=ATG;rbs_motif=AAAA;rbs_spacer=11bp;genetic_code=11;gc_cont=0.499	GENOMAD.001077.CC	7.947E-89	295	0
1_3439 # 4058663 # 4059487 # -1 # ID=1_3439;partial=00;start_type=ATG;rbs_motif=TAA;rbs_spacer=5bp;genetic_code=11;gc_cont=0.446	GENOMAD.058738.CV	2.341E-72	246	0
1_3471 # 4095274 # 4095852 # -1 # ID=1_3471;partial=00;start_type=ATG;rbs_motif=TAAA;rbs_spacer=12bp;genetic_code=11;gc_cont=0.401	GENOMAD.171191.CP	6.125E-67	226	0
1_1051 # 1297232 # 1298290 # -1 # ID=1_1051;partial=00;start_type=ATG;rbs_motif=None;rbs_spacer=None;genetic_code=11;gc_cont=0.512	GENOMAD.136340.CP	2.565E-22	102	0
1_1083 # 1338895 # 1340454 # -1 # ID=1_1083;partial=00;start_type=ATG;rbs_motif=TAAA;rbs_spacer=12bp;genetic_code=11;gc_cont=0.429	GENOMAD.133837.CP	1.171E-44	174	0
1_1115 # 1371445 # 1372554 # 1 # ID=1_1115;partial=00;start_type=ATG;rbs_motif=TAAA;rbs_spacer=11bp;genetic_code=11;gc_cont=0.524	GENOMAD.208389.VP	5.413E-18	89	2561
1_2921 # 3435387 # 3437462 # -1 # ID=1_2921;partial=00;start_type=ATG;rbs_motif=TAA;rbs_spacer=11bp;genetic_code=11;gc_cont=0.467	GENOMAD.097074.VV	1.293E-05	51	2561
1_4083 # 4866941 # 4868476 # -1 # ID=1_4083;partial=00;start_type=ATG;rbs_motif=AACAA;rbs_spacer=14bp;genetic_code=11;gc_cont=0.497	GENOMAD.142037.CP	1.452E-16	86	2561
1_4179 # 4993144 # 4994160 # -1 # ID=1_4179;partial=00;start_type=ATG;rbs_motif=TAAAA;rbs_spacer=13bp;genetic_code=11;gc_cont=0.453	GENOMAD.123624.CP	1.813E-178	556	0
1_4211 # 5023699 # 5023935 # -1 # ID=1_4211;partial=00;start_type=ATG;rbs_motif=TAA;rbs_spacer=13bp;genetic_code=11;gc_cont=0.468	GENOMAD.049098.CC	3.036E-29	111	0
1_4243 # 5049787 # 5050119 # -1 # ID=1_4243;partial=00;start_type=ATG;rbs_motif=AATAA;rbs_spacer=7bp;genetic_code=11;gc_cont=0.553	GENOMAD.194837.PC	9.953E-48	166	0
1_515 # 666748 # 667380 # 1 # ID=1_515;partial=00;start_type=ATG;rbs_motif=TAAAAA;rbs_spacer=11bp;genetic_code=11;gc_cont=0.463	GENOMAD.050129.CC	4.872E-32	126	0
1_547 # 705695 # 706420 # -1 # ID=1_547;partial=00;start_type=ATG;rbs_motif=AAA;rbs_spacer=12bp;genetic_code=11;gc_cont=0.467	GENOMAD.063532.CP	5.354E-12	68	0
1_707 # 872548 # 873837 # 1 # ID=1_707;partial=00;start_type=ATG;rbs_motif=AATAA;rbs_spacer=3bp;genetic_code=11;gc_cont=0.474	GENOMAD.136975.CP	1.148E-128	417	0
1_3493 # 4118065 # 4119570 # 1 # ID=1_3493;partial=00;start_type=ATG;rbs_motif=TAAAAA;rbs_spacer=8bp;genetic_code=11;gc_cont=0.496	GENOMAD.130440.CP	7.868E-43	168	0
1_3525 # 4154291 # 4155280 # 1 # ID=1_3525;partial=00;start_type=ATG;rbs_motif=AAAA;rbs_spacer=8bp;genetic_code=11;gc_cont=0.477	GENOMAD.117232.CP	7.402E-104	340	0
1_3557 # 4194593 # 4196572 # -1 # ID=1_3557;partial=00;start_type=ATG;rbs_motif=TAA;rbs_spacer=11bp;genetic_code=11;gc_cont=0.501	GENOMAD.126998.CP	1.072E-19	97	0
1_3621 # 4285991 # 4286467 # 1 # ID=1_3621;partial=00;start_type=ATG;rbs_motif=TAA;rbs_spacer=11bp;genetic_code=11;gc_cont=0.453	GENOMAD.019045.CC	2.742E-51	179	0
1_3717 # 4403016 # 4403951 # -1 # ID=1_3717;partial=00;start_type=TTG;rbs_motif=TAAAAA;rbs_spacer=11bp;genetic_code=11;gc_cont=0.355	GENOMAD.109988.CP	1.077E-08	59	0
1_3697 # 4377526 # 4378764 # -1 # ID=1_3697;partial=00;start_type=GTG;rbs_motif=None;rbs_spacer=None;genetic_code=11;gc_cont=0.420	GENOMAD.113310.CP	1.099E-43	168	0
1_3761 # 4465448 # 4466410 # 1 # ID=1_3761;partial=00;start_type=ATG;rbs_motif=TAA;rbs_spacer=14bp;genetic_code=11;gc_cont=0.479	GENOMAD.125892.CP	8.973E-43	162	2561
1_3793 # 4501436 # 4502383 # -1 # ID=1_3793;partial=00;start_type=ATG;rbs_motif=TAA;rbs_spacer=12bp;genetic_code=11;gc_cont=0.497	GENOMAD.141949.CP	1.115E-08	59	0
1_3857 # 4571626 # 4572006 # 1 # ID=1_3857;partial=00;start_type=ATG;rbs_motif=TAA;rbs_spacer=5bp;genetic_code=11;gc_cont=0.459	GENOMAD.095031.CV	1.663E-25	103	0
1_3953 # 4690031 # 4691074 # -1 # ID=1_3953;partial=00;start_type=ATG;rbs_motif=AAA;rbs_spacer=13bp;genetic_code=11;gc_cont=0.435	GENOMAD.115218.CP	3.786E-17	86	0
1_3985 # 4726208 # 4727311 # 1 # ID=1_3985;partial=00;start_type=ATG;rbs_motif=TAA;rbs_spacer=13bp;genetic_code=11;gc_cont=0.426	GENOMAD.133677.CP	4.846E-17	86	0
1_2372 # 2763097 # 2763441 # 1 # ID=1_2372;partial=00;start_type=ATG;rbs_motif=None;rbs_spacer=None;genetic_code=11;gc_cont=0.507	GENOMAD.215177.CV	3.640E-20	87	0
1_2436 # 2843748 # 2844752 # -1 # ID=1_2436;partial=00;start_type=ATG;rbs_motif=TAAA;rbs_spacer=12bp;genetic_code=11;gc_cont=0.441	GENOMAD.137744.CP	2.528E-14	77	2561
1_2532 # 2992193 # 2993134 # -1 # ID=1_2532;partial=00;start_type=ATG;rbs_motif=TAAA;rbs_spacer=12bp;genetic_code=11;gc_cont=0.486	GENOMAD.092059.VV	4.079E-14	76	2561
1_2596 # 3069062 # 3070456 # -1 # ID=1_2596;partial=00;start_type=ATG;rbs_motif=TAA;rbs_spacer=11bp;genetic_code=11;gc_cont=0.467	GENOMAD.120831.CP	8.031E-87	297	0
1_4012 # 4765850 # 4766104 # -1 # ID=1_4012;partial=00;start_type=ATG;rbs_motif=TAAAA;rbs_spacer=13bp;genetic_code=11;gc_cont=0.337	GENOMAD.000096.CC	2.298E-12	63	0
1_4044 # 4798124 # 4802113 # 1 # ID=1_4044;partial=00;start_type=ATG;rbs_motif=TAAA;rbs_spacer=12bp;genetic_code=11;gc_cont=0.476	GENOMAD.126763.CP	1.819E-16	88	0
1_4076 # 4857458 # 4858777 # 1 # ID=1_4076;partial=00;start_type=ATG;rbs_motif=TAAAAA;rbs_spacer=5bp;genetic_code=11;gc_cont=0.451	GENOMAD.167153.CP	1.187E-25	114	2561
1_4172 # 4984451 # 4985338 # 1 # ID=1_4172;partial=00;start_type=ATG;rbs_motif=TAAAA;rbs_spacer=14bp;genetic_code=11;gc_cont=0.323	GENOMAD.093409.CP	4.467E-09	60	0
1_4300 # 5115830 # 5117152 # -1 # ID=1_4300;partial=00;start_type=ATG;rbs_motif=AACAA;rbs_spacer=8bp;genetic_code=11;gc_cont=0.461	GENOMAD.119502.CP	1.955E-16	85	0
1_368 # 486722 # 488236 # -1 # ID=1_368;partial=00;start_type=ATG;rbs_motif=AACAA;rbs_spacer=6bp;genetic_code=11;gc_cont=0.426	GENOMAD.065562.CC	3.715E-151	486	0
1_432 # 562522 # 563772 # -1 # ID=1_432;partial=00;start_type=ATG;rbs_motif=AACAA;rbs_spacer=9bp;genetic_code=11;gc_cont=0.386	GENOMAD.209245.VC	2.532E-05	49	2561
1_464 # 603298 # 604290 # 1 # ID=1_464;partial=00;start_type=ATG;rbs_motif=AAAA;rbs_spacer=7bp;genetic_code=11;gc_cont=0.442	GENOMAD.151274.CP	1.162E-43	165	2561
1_560 # 717697 # 717993 # -1 # ID=1_560;partial=00;start_type=ATG;rbs_motif=TAA;rbs_spacer=11bp;genetic_code=11;gc_cont=0.519	GENOMAD.216326.PC	3.827E-36	132	0
1_624 # 775564 # 776994 # -1 # ID=1_624;partial=00;start_type=ATG;rbs_motif=TAAAAA;rbs_spacer=15bp;genetic_code=11;gc_cont=0.474	GENOMAD.134182.CP	7.701E-64	230	2561
1_3508 # 4132221 # 4133372 # -1 # ID=1_3508;partial=00;start_type=ATG;rbs_motif=AATAA;rbs_spacer=10bp;genetic_code=11;gc_cont=0.389	GENOMAD.127125.CP	2.608E-06	52	2561
1_3540 # 4171493 # 4173073 # -1 # ID=1_3540;partial=00;start_type=ATG;rbs_motif=TAAAAA;rbs_spacer=12bp;genetic_code=11;gc_cont=0.560	GENOMAD.032820.CC	1.534E-55	207	0
1_3572 # 4217231 # 4218424 # -1 # ID=1_3572;partial=00;start_type=ATG;rbs_motif=TAAA;rbs_spacer=12bp;genetic_code=11;gc_cont=0.418	GENOMAD.196911.CP	1.705E-18	91	0
1_3604 # 4254745 # 4255854 # 1 # ID=1_3604;partial=00;start_type=ATG;rbs_motif=TAAAAA;rbs_spacer=6bp;genetic_code=11;gc_cont=0.413	GENOMAD.192431.VV	3.436E-204	632	2561
1_3764 # 4469515 # 4469967 # 1 # ID=1_3764;partial=00;start_type=ATG;rbs_motif=AAGAA;rbs_spacer=14bp;genetic_code=11;gc_cont=0.430	GENOMAD.146620.VC	3.686E-05	45	0
1_3174 # 3758127 # 3758531 # 1 # ID=1_3174;partial=00;start_type=ATG;rbs_motif=TAA;rbs_spacer=12bp;genetic_code=11;gc_cont=0.440	GENOMAD.197236.VV	2.810E-56	192	0
1_3206 # 3792229 # 3793389 # -1 # ID=1_3206;partial=00;start_type=ATG;rbs_motif=TAAAAA;rbs_spacer=12bp;genetic_code=11;gc_cont=0.491	GENOMAD.085636.VV	4.345E-22	102	2561
1_3238 # 3824554 # 3825528 # -1 # ID=1_3238;partial=00;start_type=ATG;rbs_motif=TAAA;rbs_spacer=11bp;genetic_code=11;gc_cont=0.525	GENOMAD.060542.VV	5.103E-08	57	2561
1_3270 # 3867427 # 3867639 # -1 # ID=1_3270;partial=00;start_type=ATG;rbs_motif=TAA;rbs_spacer=8bp;genetic_code=11;gc_cont=0.408	GENOMAD.004389.CC	4.909E-07	47	0
1_3334 # 3938690 # 3939934 # -1 # ID=1_3334;partial=00;start_type=ATG;rbs_motif=TAA;rbs_spacer=11bp;genetic_code=11;gc_cont=0.386	GENOMAD.031966.CC	8.948E-70	245	0
1_3398 # 4027204 # 4028577 # -1 # ID=1_3398;partial=00;start_type=ATG;rbs_motif=TAAA;rbs_spacer=12bp;genetic_code=11;gc_cont=0.475	GENOMAD.136515.CV	9.600E-80	276	0
1_3347 # 3955743 # 3957923 # -1 # ID=1_3347;partial=00;start_type=ATG;rbs_motif=AACAA;rbs_spacer=11bp;genetic_code=11;gc_cont=0.451	GENOMAD.006811.CC	7.349E-17	88	0
1_3379 # 3998986 # 4001856 # 1 # ID=1_3379;partial=00;start_type=ATG;rbs_motif=AATAA;rbs_spacer=5bp;genetic_code=11;gc_cont=0.385	GENOMAD.128893.CP	6.940E-112	389	0
1_3443 # 4061062 # 4061367 # -1 # ID=1_3443;partial=00;start_type=ATG;rbs_motif=TAA;rbs_spacer=12bp;genetic_code=11;gc_cont=0.402	GENOMAD.059737.CV	2.115E-04	41	0
1_3507 # 4131575 # 4132039 # -1 # ID=1_3507;partial=00;start_type=ATG;rbs_motif=TAAAA;rbs_spacer=13bp;genetic_code=11;gc_cont=0.413	GENOMAD.129206.CP	1.865E-05	46	0
1_3539 # 4169640 # 4171466 # -1 # ID=1_3539;partial=00;start_type=ATG;rbs_motif=TAAA;rbs_spacer=11bp;genetic_code=11;gc_cont=0.522	GENOMAD.170143.VC	2.102E-60	224	2561
1_3571 # 4216092 # 4217222 # -1 # ID=1_3571;partial=00;start_type=ATG;rbs_motif=TAAAAA;rbs_spacer=12bp;genetic_code=11;gc_cont=0.390	GENOMAD.141957.CP	2.569E-17	87	0
1_56 # 75830 # 76570 # 1 # ID=1_56;partial=00;start_type=ATG;rbs_motif=TAAA;rbs_spacer=12bp;genetic_code=11;gc_cont=0.439	GENOMAD.029727.CC	2.305E-121	386	0
1_120 # 159841 # 160965 # 1 # ID=1_120;partial=00;start_type=ATG;rbs_motif=TAA;rbs_spacer=11bp;genetic_code=11;gc_cont=0.500	GENOMAD.191182.VC	3.643E-04	45	0
1_152 # 201888 # 203270 # -1 # ID=1_152;partial=00;start_type=ATG;rbs_motif=TAA;rbs_spacer=13bp;genetic_code=11;gc_cont=0.474	GENOMAD.171982.CP	5.041E-31	131	0
1_184 # 244567 # 245490 # -1 # ID=1_184;partial=00;start_type=ATG;rbs_motif=None;rbs_spacer=None;genetic_code=11;gc_cont=0.496	GENOMAD.158196.CV	1.073E-26	114	0
1_216 # 291332 # 294643 # 1 # ID=1_216;partial=00;start_type=ATG;rbs_motif=TAA;rbs_spacer=11bp;genetic_code=11;gc_cont=0.372	GENOMAD.133120.CP	2.851E-06	54	0
1_248 # 340719 # 342929 # -1 # ID=1_248;partial=00;start_type=ATG;rbs_motif=TAAAAA;rbs_spacer=13bp;genetic_code=11;gc_cont=0.482	GENOMAD.124454.CP	1.133E-44	178	2561
1_280 # 378665 # 379180 # -1 # ID=1_280;partial=00;start_type=ATG;rbs_motif=TAAAAA;rbs_spacer=3bp;genetic_code=11;gc_cont=0.510	GENOMAD.154677.VC	5.781E-05	45	2561
1_312 # 416202 # 417266 # -1 # ID=1_312;partial=00;start_type=ATG;rbs_motif=AAGAA;rbs_spacer=10bp;genetic_code=11;gc_cont=0.431	GENOMAD.012480.CC	1.448E-126	407	0
1_344 # 463618 # 463998 # 1 # ID=1_344;partial=00;start_type=ATG;rbs_motif=AATAA;rbs_spacer=4bp;genetic_code=11;gc_cont=0.457	GENOMAD.000508.CC	1.139E-12	66	0
1_2193 # 2556462 # 2557355 # 1 # ID=1_2193;partial=00;start_type=ATG;rbs_motif=TAA;rbs_spacer=7bp;genetic_code=11;gc_cont=0.479	GENOMAD.160342.CP	8.572E-20	93	0
1_2321 # 2706331 # 2706831 # -1 # ID=1_2321;partial=00;start_type=ATG;rbs_motif=None;rbs_spacer=None;genetic_code=11;gc_cont=0.417	GENOMAD.043751.CC	2.695E-19	87	0
1_2353 # 2741570 # 2742892 # 1 # ID=1_2353;partial=00;start_type=ATG;rbs_motif=TAA;rbs_spacer=11bp;genetic_code=11;gc_cont=0.498	GENOMAD.121831.CP	7.825E-11	67	2561
1_2385 # 2780148 # 2781734 # -1 # ID=1_2385;partial=00;start_type=ATG;rbs_motif=AAAAA;rbs_spacer=7bp;genetic_code=11;gc_cont=0.480	GENOMAD.134238.CP	3.208E-47	182	0
1_4017 # 4770785 # 4771525 # -1 # ID=1_4017;partial=00;start_type=ATG;rbs_motif=AATAA;rbs_spacer=8bp;genetic_code=11;gc_cont=0.429	GENOMAD.005651.CC	1.888E-41	155	0
1_4049 # 4809117 # 4811180 # -1 # ID=1_4049;partial=00;start_type=ATG;rbs_motif=TAAA;rbs_spacer=11bp;genetic_code=11;gc_cont=0.486	GENOMAD.154446.CP	4.911E-94	327	0
1_4113 # 4910958 # 4911827 # -1 # ID=1_4113;partial=00;start_type=ATG;rbs_motif=TAAA;rbs_spacer=7bp;genetic_code=11;gc_cont=0.451	GENOMAD.055141.CC	1.018E-60	213	0
1_4145 # 4958293 # 4960428 # 1 # ID=1_4145;partial=00;start_type=ATG;rbs_motif=AAAAA;rbs_spacer=9bp;genetic_code=11;gc_cont=0.448	GENOMAD.142815.CP	4.038E-07	56	2561
1_4273 # 5087492 # 5088130 # 1 # ID=1_4273;partial=00;start_type=ATG;rbs_motif=None;rbs_spacer=None;genetic_code=11;gc_cont=0.433	GENOMAD.146046.VC	2.339E-04	44	0
1_928 # 1158398 # 1160029 # 1 # ID=1_928;partial=00;start_type=ATG;rbs_motif=TAA;rbs_spacer=15bp;genetic_code=11;gc_cont=0.429	GENOMAD.126246.CP	8.263E-17	87	0
1_960 # 1196686 # 1197624 # 1 # ID=1_960;partial=00;start_type=ATG;rbs_motif=TAA;rbs_spacer=14bp;genetic_code=11;gc_cont=0.411	GENOMAD.190065.PC	5.521E-28	118	0
1_992 # 1236952 # 1237398 # 1 # ID=1_992;partial=00;start_type=ATG;rbs_motif=TAAAAA;rbs_spacer=10bp;genetic_code=11;gc_cont=0.403	GENOMAD.209243.VV	5.353E-22	94	0
1_1024 # 1268551 # 1269912 # 1 # ID=1_1024;partial=00;start_type=ATG;rbs_motif=TAA;rbs_spacer=11bp;genetic_code=11;gc_cont=0.286	GENOMAD.206528.CP	3.473E-06	52	0
1_1056 # 1303746 # 1304573 # 1 # ID=1_1056;partial=00;start_type=ATG;rbs_motif=TAAA;rbs_spacer=11bp;genetic_code=11;gc_cont=0.487	GENOMAD.089051.VV	5.184E-16	81	2561
1_1088 # 1343998 # 1345368 # 1 # ID=1_1088;partial=00;start_type=ATG;rbs_motif=None;rbs_spacer=None;genetic_code=11;gc_cont=0.427	GENOMAD.129869.CP	1.534E-128	418	0
1_1152 # 1399898 # 1400140 # 1 # ID=1_1152;partial=00;start_type=ATG;rbs_motif=TAAAAA;rbs_spacer=10bp;genetic_code=11;gc_cont=0.449	GENOMAD.138299.VV	6.044E-31	116	2561
1_1216 # 1476318 # 1476995 # 1 # ID=1_1216;partial=00;start_type=ATG;rbs_motif=TAAA;rbs_spacer=13bp;genetic_code=11;gc_cont=0.442	GENOMAD.133135.CP	3.368E-44	162	0
1_2692 # 3171159 # 3172877 # -1 # ID=1_2692;partial=00;start_type=ATG;rbs_motif=None;rbs_spacer=None;genetic_code=11;gc_cont=0.345	GENOMAD.215546.VC	4.580E-17	88	0
1_2788 # 3284848 # 3286182 # 1 # ID=1_2788;partial=00;start_type=ATG;rbs_motif=TAAAA;rbs_spacer=12bp;genetic_code=11;gc_cont=0.492	GENOMAD.123612.CP	5.698E-05	48	0
1_2852 # 3360215 # 3360679 # 1 # ID=1_2852;partial=00;start_type=ATG;rbs_motif=AATAA;rbs_spacer=4bp;genetic_code=11;gc_cont=0.471	GENOMAD.133614.VC	3.830E-07	51	2561
1_2884 # 3397090 # 3398508 # -1 # ID=1_2884;partial=00;start_type=ATG;rbs_motif=AATAA;rbs_spacer=6bp;genetic_code=11;gc_cont=0.516	GENOMAD.045066.CP	1.516E-33	139	0
1_2916 # 3429300 # 3429884 # -1 # ID=1_2916;partial=00;start_type=ATG;rbs_motif=TAA;rbs_spacer=11bp;genetic_code=11;gc_cont=0.417	GENOMAD.158800.CP	2.726E-21	94	0
1_16 # 15770 # 17452 # 1 # ID=1_16;partial=00;start_type=ATG;rbs_motif=TAA;rbs_spacer=13bp;genetic_code=11;gc_cont=0.491	GENOMAD.130486.CP	4.348E-13	75	0
1_48 # 66756 # 67121 # 1 # ID=1_48;partial=00;start_type=ATG;rbs_motif=AAAAA;rbs_spacer=7bp;genetic_code=11;gc_cont=0.443	GENOMAD.160828.CP	2.967E-08	53	0
1_176 # 237664 # 238704 # -1 # ID=1_176;partial=00;start_type=ATG;rbs_motif=TAAA;rbs_spacer=15bp;genetic_code=11;gc_cont=0.438	GENOMAD.087505.CP	5.441E-13	73	0
1_208 # 277769 # 280420 # -1 # ID=1_208;partial=00;start_type=ATG;rbs_motif=TAA;rbs_spacer=14bp;genetic_code=11;gc_cont=0.465	GENOMAD.126148.CP	4.936E-10	66	0
1_240 # 331722 # 334985 # -1 # ID=1_240;partial=00;start_type=ATG;rbs_motif=AACAA;rbs_spacer=8bp;genetic_code=11;gc_cont=0.438	GENOMAD.145895.CP	1.055E-08	62	0
1_3357 # 3967873 # 3968754 # -1 # ID=1_3357;partial=00;start_type=ATG;rbs_motif=AATAA;rbs_spacer=10bp;genetic_code=11;gc_cont=0.416	GENOMAD.098122.CV	2.362E-04	45	0
1_3453 # 4072591 # 4076403 # -1 # ID=1_3453;partial=00;start_type=ATG;rbs_motif=AAA;rbs_spacer=11bp;genetic_code=11;gc_cont=0.434	GENOMAD.061759.CV	1.475E-32	141	2561
1_3367 # 3985661 # 3986761 # 1 # ID=1_3367;partial=00;start_type=ATG;rbs_motif=TAA;rbs_spacer=14bp;genetic_code=11;gc_cont=0.494	GENOMAD.148029.CP	6.337E-124	400	0
1_3399 # 4028690 # 4028983 # -1 # ID=1_3399;partial=00;start_type=ATG;rbs_motif=TAAA;rbs_spacer=14bp;genetic_code=11;gc_cont=0.507	GENOMAD.014013.CC	1.974E-42	150	0
1_3431 # 4055551 # 4055871 # -1 # ID=1_3431;partial=00;start_type=ATG;rbs_motif=TAAA;rbs_spacer=11bp;genetic_code=11;gc_cont=0.371	GENOMAD.000028.CC	2.042E-38	139	0
1_4055 # 4824622 # 4826469 # 1 # ID=1_4055;partial=00;start_type=ATG;rbs_motif=TAA;rbs_spacer=3bp;genetic_code=11;gc_cont=0.394	GENOMAD.130226.CP	3.705E-15	82	2561
1_4087 # 4872912 # 4874759 # -1 # ID=1_4087;partial=00;start_type=ATG;rbs_motif=TAAA;rbs_spacer=12bp;genetic_code=11;gc_cont=0.440	GENOMAD.130226.CP	2.647E-21	102	2561
1_4119 # 4918384 # 4920081 # -1 # ID=1_4119;partial=00;start_type=ATG;rbs_motif=AAAAA;rbs_spacer=7bp;genetic_code=11;gc_cont=0.306	GENOMAD.133677.CP	3.058E-11	69	0
1_4151 # 4964568 # 4965866 # -1 # ID=1_4151;partial=00;start_type=ATG;rbs_motif=TAAAAA;rbs_spacer=9bp;genetic_code=11;gc_cont=0.462	GENOMAD.097137.CP	1.664E-34	141	0
1_4215 # 5026066 # 5028702 # -1 # ID=1_4215;partial=00;start_type=ATG;rbs_motif=TAA;rbs_spacer=11bp;genetic_code=11;gc_cont=0.443	GENOMAD.100197.CP	2.305E-287	900	0
1_487 # 628858 # 629355 # 1 # ID=1_487;partial=00;start_type=ATG;rbs_motif=TAAA;rbs_spacer=12bp;genetic_code=11;gc_cont=0.321	GENOMAD.183293.CP	1.009E-21	94	0
1_519 # 670856 # 673120 # 1 # ID=1_519;partial=00;start_type=ATG;rbs_motif=TAA;rbs_spacer=11bp;genetic_code=11;gc_cont=0.438	GENOMAD.104172.CP	2.170E-07	57	0
1_551 # 712307 # 712840 # 1 # ID=1_551;partial=00;start_type=ATG;rbs_motif=TAAAAA;rbs_spacer=11bp;genetic_code=11;gc_cont=0.479	GENOMAD.195408.VC	1.417E-06	50	0
1_384 # 508097 # 509692 # -1 # ID=1_384;partial=00;start_type=ATG;rbs_motif=AAAAA;rbs_spacer=5bp;genetic_code=11;gc_cont=0.481	GENOMAD.154541.CP	4.380E-80	280	0
1_416 # 547785 # 548774 # 1 # ID=1_416;partial=00;start_type=TTG;rbs_motif=TAAAAA;rbs_spacer=11bp;genetic_code=11;gc_cont=0.357	GENOMAD.064569.CV	9.584E-164	513	0
1_512 # 659143 # 662427 # -1 # ID=1_512;partial=00;start_type=ATG;rbs_motif=TAAAAA;rbs_spacer=10bp;genetic_code=11;gc_cont=0.432	GENOMAD.145895.CP	3.482E-07	57	0
1_544 # 702696 # 703451 # -1 # ID=1_544;partial=00;start_type=ATG;rbs_motif=TAAAA;rbs_spacer=13bp;genetic_code=11;gc_cont=0.429	GENOMAD.029727.CC	1.142E-26	112	0
1_2120 # 2476602 # 2477318 # 1 # ID=1_2120;partial=00;start_type=ATG;rbs_motif=AAA;rbs_spacer=10bp;genetic_code=11;gc_cont=0.427	GENOMAD.113319.CP	1.664E-77	259	0
1_2152 # 2512863 # 2513237 # 1 # ID=1_2152;partial=00;start_type=ATG;rbs_motif=TAAA;rbs_spacer=9bp;genetic_code=11;gc_cont=0.469	GENOMAD.064266.VV	6.180E-10	58	2561
1_2314 # 2699185 # 2700738 # -1 # ID=1_2314;partial=00;start_type=ATG;rbs_motif=AAAAA;rbs_spacer=11bp;genetic_code=11;gc_cont=0.428	GENOMAD.002035.CC	4.027E-38	154	0
1_2378 # 2768051 # 2769517 # 1 # ID=1_2378;partial=00;start_type=ATG;rbs_motif=TAAAAA;rbs_spacer=9bp;genetic_code=11;gc_cont=0.473	GENOMAD.133563.CP	4.439E-120	395	2561
1_2442 # 2853888 # 2855486 # -1 # ID=1_2442;partial=00;start_type=ATG;rbs_motif=AATAA;rbs_spacer=4bp;genetic_code=11;gc_cont=0.481	GENOMAD.151094.CV	1.763E-55	207	0
1_2474 # 2908926 # 2910371 # -1 # ID=1_2474;partial=00;start_type=ATG;rbs_motif=AACAA;rbs_spacer=11bp;genetic_code=11;gc_cont=0.519	GENOMAD.133343.CP	4.279E-204	638	0
1_2228 # 2596894 # 2598084 # -1 # ID=1_2228;partial=00;start_type=ATG;rbs_motif=TAA;rbs_spacer=11bp;genetic_code=11;gc_cont=0.479	GENOMAD.124216.CP	1.147E-05	50	0
1_2292 # 2674637 # 2674948 # 1 # ID=1_2292;partial=00;start_type=ATG;rbs_motif=AAAAA;rbs_spacer=3bp;genetic_code=11;gc_cont=0.391	GENOMAD.129419.VC	2.069E-05	44	0
1_107 # 139914 # 143051 # 1 # ID=1_107;partial=00;start_type=ATG;rbs_motif=TAAA;rbs_spacer=13bp;genetic_code=11;gc_cont=0.440	GENOMAD.145895.CP	2.428E-19	97	0
1_267 # 362534 # 364474 # 1 # ID=1_267;partial=00;start_type=ATG;rbs_motif=TAAA;rbs_spacer=12bp;genetic_code=11;gc_cont=0.435	GENOMAD.117183.CP	5.199E-69	251	0
1_299 # 401056 # 403500 # -1 # ID=1_299;partial=00;start_type=ATG;rbs_motif=None;rbs_spacer=None;genetic_code=11;gc_cont=0.476	GENOMAD.142037.CP	5.872E-22	105	2561
1_2208 # 2570887 # 2571183 # 1 # ID=1_2208;partial=00;start_type=TTG;rbs_motif=TAA;rbs_spacer=12bp;genetic_code=11;gc_cont=0.485	GENOMAD.006794.CC	3.117E-38	138	0
1_1198 # 1450777 # 1451862 # -1 # ID=1_1198;partial=00;start_type=ATG;rbs_motif=TAA;rbs_spacer=4bp;genetic_code=11;gc_cont=0.479	GENOMAD.157975.CP	1.675E-33	136	0
1_1230 # 1491915 # 1492553 # -1 # ID=1_1230;partial=00;start_type=ATG;rbs_motif=AACAA;rbs_spacer=7bp;genetic_code=11;gc_cont=0.468	GENOMAD.121877.CP	2.921E-09	59	0
1_1294 # 1563187 # 1564764 # -1 # ID=1_1294;partial=00;start_type=ATG;rbs_motif=TAAA;rbs_spacer=12bp;genetic_code=11;gc_cont=0.440	GENOMAD.141299.CP	4.572E-23	107	2561
1_1358 # 1637357 # 1638445 # 1 # ID=1_1358;partial=00;start_type=ATG;rbs_motif=TAAA;rbs_spacer=12bp;genetic_code=11;gc_cont=0.436	GENOMAD.123340.CP	1.999E-05	49	0
1_4292 # 5106280 # 5106948 # 1 # ID=1_4292;partial=00;start_type=ATG;rbs_motif=TAAAA;rbs_spacer=12bp;genetic_code=11;gc_cont=0.447	GENOMAD.017141.CC	1.568E-17	84	0
1_4356 # 5198210 # 5199421 # 1 # ID=1_4356;partial=00;start_type=ATG;rbs_motif=TAAAAA;rbs_spacer=7bp;genetic_code=11;gc_cont=0.564	GENOMAD.070923.CP	4.872E-136	437	0
1_3982 # 4722781 # 4723419 # 1 # ID=1_3982;partial=00;start_type=ATG;rbs_motif=TAA;rbs_spacer=9bp;genetic_code=11;gc_cont=0.427	GENOMAD.160295.CP	2.339E-04	44	0
1_4014 # 4767408 # 4767857 # -1 # ID=1_4014;partial=00;start_type=ATG;rbs_motif=TAA;rbs_spacer=14bp;genetic_code=11;gc_cont=0.416	GENOMAD.189423.VC	3.672E-04	42	0
1_4046 # 4803693 # 4804712 # -1 # ID=1_4046;partial=00;start_type=ATG;rbs_motif=TAAAAA;rbs_spacer=14bp;genetic_code=11;gc_cont=0.468	GENOMAD.190205.CP	4.284E-36	143	0
1_4110 # 4905259 # 4908318 # 1 # ID=1_4110;partial=00;start_type=ATG;rbs_motif=TAAA;rbs_spacer=11bp;genetic_code=11;gc_cont=0.460	GENOMAD.128977.CP	4.226E-05	50	0
1_4142 # 4951674 # 4955156 # 1 # ID=1_4142;partial=00;start_type=ATG;rbs_motif=TAA;rbs_spacer=13bp;genetic_code=11;gc_cont=0.430	GENOMAD.153525.CP	1.143E-08	62	0
1_2517 # 2962811 # 2964070 # -1 # ID=1_2517;partial=00;start_type=ATG;rbs_motif=TAA;rbs_spacer=7bp;genetic_code=11;gc_cont=0.442	GENOMAD.136340.CP	3.904E-17	87	0
1_2549 # 3012393 # 3014030 # -1 # ID=1_2549;partial=00;start_type=ATG;rbs_motif=TAAA;rbs_spacer=13bp;genetic_code=11;gc_cont=0.444	GENOMAD.171128.VC	2.713E-37	152	2561
1_3863 # 4580178 # 4581020 # 1 # ID=1_3863;partial=00;start_type=ATG;rbs_motif=AATAA;rbs_spacer=5bp;genetic_code=11;gc_cont=0.473	GENOMAD.170246.CP	2.342E-55	197	0
1_3866 # 4583340 # 4584269 # -1 # ID=1_3866;partial=00;start_type=ATG;rbs_motif=TAA;rbs_spacer=9bp;genetic_code=11;gc_cont=0.557	GENOMAD.121035.CP	1.695E-06	52	0
1_3898 # 4623449 # 4623868 # -1 # ID=1_3898;partial=00;start_type=ATG;rbs_motif=TAAAAA;rbs_spacer=5bp;genetic_code=11;gc_cont=0.433	GENOMAD.104094.CV	3.038E-74	244	2561
1_3930 # 4661523 # 4664630 # -1 # ID=1_3930;partial=00;start_type=ATG;rbs_motif=AATAA;rbs_spacer=10bp;genetic_code=11;gc_cont=0.454	GENOMAD.145692.CP	4.010E-08	60	0
1_4058 # 4827801 # 4828778 # 1 # ID=1_4058;partial=00;start_type=ATG;rbs_motif=TAA;rbs_spacer=14bp;genetic_code=11;gc_cont=0.452	GENOMAD.151274.CP	4.754E-14	76	2561
1_812 # 999969 # 1002293 # -1 # ID=1_812;partial=00;start_type=ATG;rbs_motif=AAA;rbs_spacer=9bp;genetic_code=11;gc_cont=0.383	GENOMAD.147185.CP	3.343E-16	86	0
1_844 # 1037975 # 1038736 # -1 # ID=1_844;partial=00;start_type=ATG;rbs_motif=TAAAAA;rbs_spacer=8bp;genetic_code=11;gc_cont=0.482	GENOMAD.084812.CP	7.130E-58	203	0
1_64 # 85917 # 87374 # 1 # ID=1_64;partial=00;start_type=ATG;rbs_motif=TAA;rbs_spacer=11bp;genetic_code=11;gc_cont=0.436	GENOMAD.133563.CP	1.677E-110	367	2561
1_192 # 252627 # 253124 # -1 # ID=1_192;partial=00;start_type=ATG;rbs_motif=TAAA;rbs_spacer=11bp;genetic_code=11;gc_cont=0.410	GENOMAD.176629.VC	3.700E-93	300	2561
1_224 # 309631 # 310314 # -1 # ID=1_224;partial=00;start_type=ATG;rbs_motif=AAAA;rbs_spacer=14bp;genetic_code=11;gc_cont=0.465	GENOMAD.153263.CV	2.643E-26	110	0
1_256 # 349538 # 352051 # -1 # ID=1_256;partial=00;start_type=ATG;rbs_motif=AACAA;rbs_spacer=11bp;genetic_code=11;gc_cont=0.468	GENOMAD.005945.CC	6.259E-15	82	0
1_3080 # 3632641 # 3634173 # -1 # ID=1_3080;partial=00;start_type=ATG;rbs_motif=TAAA;rbs_spacer=5bp;genetic_code=11;gc_cont=0.295	GENOMAD.196230.CP	1.528E-36	149	0
1_3112 # 3673794 # 3674243 # -1 # ID=1_3112;partial=00;start_type=ATG;rbs_motif=None;rbs_spacer=None;genetic_code=11;gc_cont=0.467	GENOMAD.013405.CC	3.005E-79	259	2561
1_3144 # 3716861 # 3721405 # -1 # ID=1_3144;partial=00;start_type=ATG;rbs_motif=None;rbs_spacer=None;genetic_code=11;gc_cont=0.470	GENOMAD.003045.CC	0.000E+00	1049	0
1_4178 # 4991962 # 4993056 # 1 # ID=1_4178;partial=00;start_type=ATG;rbs_motif=TAA;rbs_spacer=10bp;genetic_code=11;gc_cont=0.391	GENOMAD.210284.CP	1.832E-09	62	0
1_4242 # 5047286 # 5049790 # -1 # ID=1_4242;partial=00;start_type=ATG;rbs_motif=AAA;rbs_spacer=12bp;genetic_code=11;gc_cont=0.550	GENOMAD.183332.PC	1.134E-17	91	0
1_4274 # 5088231 # 5088641 # 1 # ID=1_4274;partial=00;start_type=ATG;rbs_motif=TAA;rbs_spacer=11bp;genetic_code=11;gc_cont=0.370	GENOMAD.017041.CC	9.947E-44	156	0
1_4338 # 5174479 # 5174865 # 1 # ID=1_4338;partial=00;start_type=ATG;rbs_motif=AATAA;rbs_spacer=7bp;genetic_code=11;gc_cont=0.380	GENOMAD.008764.CC	9.295E-41	147	0
1_3105 # 3662543 # 3664570 # 1 # ID=1_3105;partial=00;start_type=TTG;rbs_motif=AAA;rbs_spacer=12bp;genetic_code=11;gc_cont=0.516	GENOMAD.121328.VV	1.529E-06	54	2561
1_3137 # 3704341 # 3705864 # -1 # ID=1_3137;partial=00;start_type=ATG;rbs_motif=TAA;rbs_spacer=11bp;genetic_code=11;gc_cont=0.436	GENOMAD.115175.CV	5.739E-34	141	0
1_3053 # 3601330 # 3602514 # 1 # ID=1_3053;partial=00;start_type=TTG;rbs_motif=AAA;rbs_spacer=13bp;genetic_code=11;gc_cont=0.489	GENOMAD.001808.CC	3.951E-84	286	0
1_2349 # 2734388 # 2735224 # -1 # ID=1_2349;partial=00;start_type=ATG;rbs_motif=AAA;rbs_spacer=11bp;genetic_code=11;gc_cont=0.464	GENOMAD.127001.CP	7.062E-08	56	2561
1_2381 # 2771944 # 2772600 # -1 # ID=1_2381;partial=00;start_type=ATG;rbs_motif=TAAA;rbs_spacer=11bp;genetic_code=11;gc_cont=0.495	GENOMAD.031103.VV	5.978E-20	91	2561
1_2477 # 2914501 # 2915682 # -1 # ID=1_2477;partial=00;start_type=ATG;rbs_motif=TAA;rbs_spacer=13bp;genetic_code=11;gc_cont=0.532	GENOMAD.024411.CC	1.307E-47	179	0
1_2509 # 2953567 # 2955756 # -1 # ID=1_2509;partial=00;start_type=ATG;rbs_motif=AAAAA;rbs_spacer=9bp;genetic_code=11;gc_cont=0.475	GENOMAD.112907.CP	4.177E-07	56	0
1_2573 # 3039821 # 3041125 # -1 # ID=1_2573;partial=00;start_type=ATG;rbs_motif=TAA;rbs_spacer=5bp;genetic_code=11;gc_cont=0.445	GENOMAD.168089.CP	5.501E-05	48	0
1_2605 # 3085158 # 3086393 # 1 # ID=1_2605;partial=00;start_type=ATG;rbs_motif=AAAAA;rbs_spacer=12bp;genetic_code=11;gc_cont=0.444	GENOMAD.057710.VV	7.542E-17	86	2561
1_870 # 1065498 # 1066301 # -1 # ID=1_870;partial=00;start_type=ATG;rbs_motif=AAA;rbs_spacer=9bp;genetic_code=11;gc_cont=0.427	GENOMAD.191412.PC	1.660E-10	64	0
1_902 # 1102805 # 1104043 # 1 # ID=1_902;partial=00;start_type=ATG;rbs_motif=TAA;rbs_spacer=15bp;genetic_code=11;gc_cont=0.395	GENOMAD.171712.CP	4.167E-08	58	0
1_966 # 1202688 # 1204259 # 1 # ID=1_966;partial=00;start_type=ATG;rbs_motif=TAAA;rbs_spacer=12bp;genetic_code=11;gc_cont=0.446	GENOMAD.206904.VV	1.009E-157	506	2561
1_1094 # 1350930 # 1352159 # -1 # ID=1_1094;partial=00;start_type=ATG;rbs_motif=None;rbs_spacer=None;genetic_code=11;gc_cont=0.427	GENOMAD.179055.CP	1.845E-12	72	0
1_1158 # 1407474 # 1410857 # -1 # ID=1_1158;partial=00;start_type=ATG;rbs_motif=TAAA;rbs_spacer=12bp;genetic_code=11;gc_cont=0.426	GENOMAD.121280.CP	2.735E-09	64	0
1_3424 # 4052576 # 4052752 # -1 # ID=1_3424;partial=00;start_type=ATG;rbs_motif=TAA;rbs_spacer=10bp;genetic_code=11;gc_cont=0.379	GENOMAD.000148.CC	2.994E-13	64	0
1_3488 # 4112776 # 4115301 # -1 # ID=1_3488;partial=00;start_type=ATG;rbs_motif=TAAA;rbs_spacer=11bp;genetic_code=11;gc_cont=0.481	GENOMAD.024689.CC	1.087E-71	264	0
1_3552 # 4184679 # 4186364 # -1 # ID=1_3552;partial=00;start_type=ATG;rbs_motif=TAA;rbs_spacer=10bp;genetic_code=11;gc_cont=0.482	GENOMAD.074877.CP	3.483E-08	59	0
1_3584 # 4229811 # 4230926 # -1 # ID=1_3584;partial=00;start_type=ATG;rbs_motif=TAAA;rbs_spacer=12bp;genetic_code=11;gc_cont=0.363	GENOMAD.196911.CP	1.958E-39	154	0
1_1630 # 1924820 # 1926013 # 1 # ID=1_1630;partial=00;start_type=ATG;rbs_motif=TAA;rbs_spacer=6bp;genetic_code=11;gc_cont=0.515	GENOMAD.088852.VV	1.122E-204	635	2561
1_1694 # 1984924 # 1987398 # 1 # ID=1_1694;partial=00;start_type=GTG;rbs_motif=TAAAA;rbs_spacer=4bp;genetic_code=11;gc_cont=0.417	GENOMAD.126028.CP	3.243E-42	171	2561
1_1758 # 2068174 # 2068908 # -1 # ID=1_1758;partial=00;start_type=ATG;rbs_motif=TAA;rbs_spacer=5bp;genetic_code=11;gc_cont=0.461	GENOMAD.146723.VC	1.967E-78	262	2561
1_1822 # 2141021 # 2141635 # 1 # ID=1_1822;partial=00;start_type=ATG;rbs_motif=TAA;rbs_spacer=3bp;genetic_code=11;gc_cont=0.509	GENOMAD.127385.CP	2.495E-09	59	0
1_1854 # 2173832 # 2174242 # 1 # ID=1_1854;partial=00;start_type=ATG;rbs_motif=TAA;rbs_spacer=12bp;genetic_code=11;gc_cont=0.496	GENOMAD.110051.CP	2.365E-17	80	0
1_1886 # 2208788 # 2210047 # 1 # ID=1_1886;partial=00;start_type=ATG;rbs_motif=TAA;rbs_spacer=11bp;genetic_code=11;gc_cont=0.363	GENOMAD.216237.CP	6.044E-44	169	0
1_1454 # 1738098 # 1739573 # 1 # ID=1_1454;partial=00;start_type=ATG;rbs_motif=TAA;rbs_spacer=14bp;genetic_code=11;gc_cont=0.474	GENOMAD.057710.VV	1.002E-19	96	2561
1_1518 # 1818759 # 1819745 # 1 # ID=1_1518;partial=00;start_type=ATG;rbs_motif=TAAA;rbs_spacer=14bp;genetic_code=11;gc_cont=0.378	GENOMAD.114697.CP	5.255E-08	57	0
1_1550 # 1857306 # 1857686 # 1 # ID=1_1550;partial=00;start_type=ATG;rbs_motif=TAAA;rbs_spacer=11bp;genetic_code=11;gc_cont=0.425	GENOMAD.001704.CC	3.415E-34	128	0
1_1614 # 1907239 # 1908174 # 1 # ID=1_1614;partial=00;start_type=ATG;rbs_motif=TAA;rbs_spacer=11bp;genetic_code=11;gc_cont=0.538	GENOMAD.061060.VV	3.549E-85	285	2561
1_2873 # 3382199 # 3382690 # -1 # ID=1_2873;partial=00;start_type=ATG;rbs_motif=TAA;rbs_spacer=11bp;genetic_code=11;gc_cont=0.451	GENOMAD.108572.CP	2.777E-70	234	0
1_1148 # 1396395 # 1398239 # -1 # ID=1_1148;partial=00;start_type=ATG;rbs_motif=TAAAAA;rbs_spacer=8bp;genetic_code=11;gc_cont=0.486	GENOMAD.151075.PC	0.000E+00	1052	0
1_1212 # 1470427 # 1471617 # -1 # ID=1_1212;partial=00;start_type=ATG;rbs_motif=TAA;rbs_spacer=11bp;genetic_code=11;gc_cont=0.522	GENOMAD.109635.CP	4.525E-94	315	0
1_340 # 459987 # 461084 # 1 # ID=1_340;partial=00;start_type=ATG;rbs_motif=TAA;rbs_spacer=11bp;genetic_code=11;gc_cont=0.463	GENOMAD.132496.CP	2.552E-49	183	2561
1_372 # 491832 # 492401 # 1 # ID=1_372;partial=00;start_type=ATG;rbs_motif=TAAA;rbs_spacer=8bp;genetic_code=11;gc_cont=0.416	GENOMAD.114514.CV	3.905E-07	52	0
1_404 # 535718 # 536887 # 1 # ID=1_404;partial=00;start_type=ATG;rbs_motif=AATAA;rbs_spacer=10bp;genetic_code=11;gc_cont=0.341	GENOMAD.141957.CP	1.053E-183	574	0
1_468 # 611063 # 612049 # 1 # ID=1_468;partial=00;start_type=ATG;rbs_motif=AATAA;rbs_spacer=8bp;genetic_code=11;gc_cont=0.439	GENOMAD.190075.CP	7.597E-84	282	0
1_500 # 641392 # 642684 # -1 # ID=1_500;partial=00;start_type=ATG;rbs_motif=AAA;rbs_spacer=11bp;genetic_code=11;gc_cont=0.462	GENOMAD.083966.VV	3.698E-39	155	2561
1_564 # 720295 # 722808 # -1 # ID=1_564;partial=00;start_type=ATG;rbs_motif=AAA;rbs_spacer=12bp;genetic_code=11;gc_cont=0.519	GENOMAD.183332.PC	6.903E-19	95	0
1_4365 # 5207701 # 5208699 # 1 # ID=1_4365;partial=00;start_type=ATG;rbs_motif=TAAA;rbs_spacer=11bp;genetic_code=11;gc_cont=0.464	GENOMAD.145819.CP	1.702E-05	49	0
2_18 # 19330 # 20130 # -1 # ID=2_18;partial=00;start_type=ATG;rbs_motif=TAA;rbs_spacer=12bp;genetic_code=11;gc_cont=0.333	GENOMAD.046894.PP	3.094E-31	126	0
3_10 # 17823 # 19148 # -1 # ID=3_10;partial=00;start_type=ATG;rbs_motif=TAAA;rbs_spacer=11bp;genetic_code=11;gc_cont=0.469	GENOMAD.128997.CP	1.011E-45	175	0
3_42 # 54038 # 54352 # 1 # ID=3_42;partial=00;start_type=ATG;rbs_motif=TAA;rbs_spacer=11bp;genetic_code=11;gc_cont=0.406	GENOMAD.142879.CP	4.341E-06	46	0
5_6 # 3359 # 4183 # -1 # ID=5_6;partial=00;start_type=ATG;rbs_motif=AAA;rbs_spacer=5bp;genetic_code=11;gc_cont=0.461	GENOMAD.206182.CP	2.443E-20	94	0
1_78 # 109261 # 109608 # -1 # ID=1_78;partial=00;start_type=ATG;rbs_motif=TAAA;rbs_spacer=11bp;genetic_code=11;gc_cont=0.489	GENOMAD.141308.VP	4.083E-11	61	2561
1_110 # 146015 # 147796 # 1 # ID=1_110;partial=00;start_type=ATG;rbs_motif=TAAAAA;rbs_spacer=10bp;genetic_code=11;gc_cont=0.445	GENOMAD.049302.CC	2.963E-54	205	0
1_1900 # 2223307 # 2224638 # 1 # ID=1_1900;partial=00;start_type=ATG;rbs_motif=TATAA;rbs_spacer=4bp;genetic_code=11;gc_cont=0.459	GENOMAD.130329.CP	5.665E-09	61	2561
1_1932 # 2263085 # 2265241 # -1 # ID=1_1932;partial=00;start_type=ATG;rbs_motif=TAAAAA;rbs_spacer=7bp;genetic_code=11;gc_cont=0.387	GENOMAD.142037.CP	3.308E-13	76	2561
1_2028 # 2378138 # 2378599 # -1 # ID=1_2028;partial=00;start_type=ATG;rbs_motif=AATAA;rbs_spacer=10bp;genetic_code=11;gc_cont=0.481	GENOMAD.117320.CP	7.133E-72	238	0
1_2060 # 2419049 # 2419690 # 1 # ID=1_2060;partial=00;start_type=ATG;rbs_motif=TAAA;rbs_spacer=8bp;genetic_code=11;gc_cont=0.486	GENOMAD.126217.CP	1.819E-36	139	0
1_3104 # 3661051 # 3661824 # 1 # ID=1_3104;partial=00;start_type=ATG;rbs_motif=AAA;rbs_spacer=11bp;genetic_code=11;gc_cont=0.455	GENOMAD.114357.CP	1.506E-11	67	0
1_3136 # 3703245 # 3704267 # -1 # ID=1_3136;partial=00;start_type=ATG;rbs_motif=AAA;rbs_spacer=10bp;genetic_code=11;gc_cont=0.461	GENOMAD.101053.CP	3.188E-09	61	2561
1_3200 # 3789123 # 3789314 # -1 # ID=1_3200;partial=00;start_type=ATG;rbs_motif=None;rbs_spacer=None;genetic_code=11;gc_cont=0.495	GENOMAD.063185.PP	9.647E-19	80	0
1_3264 # 3859908 # 3861629 # 1 # ID=1_3264;partial=00;start_type=ATG;rbs_motif=TAA;rbs_spacer=13bp;genetic_code=11;gc_cont=0.445	GENOMAD.147647.CP	3.009E-44	174	0
1_3328 # 3933232 # 3934452 # -1 # ID=1_3328;partial=00;start_type=ATG;rbs_motif=TAA;rbs_spacer=10bp;genetic_code=11;gc_cont=0.434	GENOMAD.141957.CP	1.918E-46	176	0
1_3360 # 3970144 # 3970719 # -1 # ID=1_3360;partial=00;start_type=TTG;rbs_motif=TAAAAA;rbs_spacer=9bp;genetic_code=11;gc_cont=0.408	GENOMAD.003883.CC	2.628E-31	123	0
1_52 # 71673 # 72563 # -1 # ID=1_52;partial=00;start_type=ATG;rbs_motif=TAAA;rbs_spacer=11bp;genetic_code=11;gc_cont=0.478	GENOMAD.171760.PV	1.347E-05	49	0
1_116 # 155998 # 157251 # 1 # ID=1_116;partial=00;start_type=ATG;rbs_motif=TAAA;rbs_spacer=11bp;genetic_code=11;gc_cont=0.498	GENOMAD.095329.CP	4.250E-71	249	0
1_148 # 196165 # 197298 # -1 # ID=1_148;partial=00;start_type=ATG;rbs_motif=TAAAAA;rbs_spacer=9bp;genetic_code=11;gc_cont=0.446	GENOMAD.147684.CP	2.304E-10	65	0
1_212 # 285185 # 288502 # -1 # ID=1_212;partial=00;start_type=ATG;rbs_motif=TAA;rbs_spacer=12bp;genetic_code=11;gc_cont=0.407	GENOMAD.163503.VV	4.651E-05	50	2561
1_244 # 336783 # 337796 # 1 # ID=1_244;partial=00;start_type=ATG;rbs_motif=TAA;rbs_spacer=4bp;genetic_code=11;gc_cont=0.444	GENOMAD.011536.CC	7.417E-68	236	0
1_2370 # 2760805 # 2762649 # -1 # ID=1_2370;partial=00;start_type=ATG;rbs_motif=None;rbs_spacer=None;genetic_code=11;gc_cont=0.491	GENOMAD.104176.VV	3.693E-15	82	2561
1_2402 # 2807834 # 2808853 # 1 # ID=1_2402;partial=00;start_type=ATG;rbs_motif=AATAA;rbs_spacer=10bp;genetic_code=11;gc_cont=0.503	GENOMAD.000397.CC	4.913E-07	54	0
1_2434 # 2840597 # 2841664 # 1 # ID=1_2434;partial=00;start_type=ATG;rbs_motif=TAAAA;rbs_spacer=12bp;genetic_code=11;gc_cont=0.507	GENOMAD.138157.CP	2.932E-37	147	0
1_2466 # 2894413 # 2898117 # 1 # ID=1_2466;partial=00;start_type=ATG;rbs_motif=AAAA;rbs_spacer=14bp;genetic_code=11;gc_cont=0.499	GENOMAD.121610.CV	8.786E-24	112	2561
1_2530 # 2987698 # 2991723 # 1 # ID=1_2530;partial=00;start_type=ATG;rbs_motif=TAAA;rbs_spacer=12bp;genetic_code=11;gc_cont=0.483	GENOMAD.194487.CP	4.436E-07	57	0
1_2444 # 2857152 # 2860160 # -1 # ID=1_2444;partial=00;start_type=ATG;rbs_motif=TAA;rbs_spacer=11bp;genetic_code=11;gc_cont=0.490	GENOMAD.126007.CP	2.358E-09	64	0
1_2540 # 3003902 # 3004915 # -1 # ID=1_2540;partial=00;start_type=ATG;rbs_motif=None;rbs_spacer=None;genetic_code=11;gc_cont=0.467	GENOMAD.146710.CP	3.011E-58	208	0
1_2572 # 3039017 # 3039703 # -1 # ID=1_2572;partial=00;start_type=ATG;rbs_motif=TAA;rbs_spacer=12bp;genetic_code=11;gc_cont=0.469	GENOMAD.000559.CC	8.047E-90	294	2561
1_2604 # 3083685 # 3084719 # 1 # ID=1_2604;partial=00;start_type=ATG;rbs_motif=TAAA;rbs_spacer=9bp;genetic_code=11;gc_cont=0.464	GENOMAD.113192.CP	2.472E-07	55	0
1_3712 # 4394979 # 4397039 # -1 # ID=1_3712;partial=00;start_type=ATG;rbs_motif=TAA;rbs_spacer=10bp;genetic_code=11;gc_cont=0.467	GENOMAD.120770.CP	1.756E-46	183	2561
1_3808 # 4520791 # 4521390 # -1 # ID=1_3808;partial=00;start_type=ATG;rbs_motif=AAAA;rbs_spacer=5bp;genetic_code=11;gc_cont=0.387	GENOMAD.154398.CV	1.280E-70	237	2561
1_3840 # 4557715 # 4558569 # 1 # ID=1_3840;partial=00;start_type=ATG;rbs_motif=TAAA;rbs_spacer=12bp;genetic_code=11;gc_cont=0.343	GENOMAD.093409.CP	1.904E-09	61	0
1_3872 # 4592633 # 4593391 # 1 # ID=1_3872;partial=00;start_type=ATG;rbs_motif=TAAA;rbs_spacer=12bp;genetic_code=11;gc_cont=0.484	GENOMAD.030338.CC	7.437E-57	200	0
1_3904 # 4630074 # 4632260 # 1 # ID=1_3904;partial=00;start_type=ATG;rbs_motif=TAAA;rbs_spacer=14bp;genetic_code=11;gc_cont=0.481	GENOMAD.129045.CP	6.716E-149	490	2561
1_3968 # 4708163 # 4709929 # 1 # ID=1_3968;partial=00;start_type=ATG;rbs_motif=TAAA;rbs_spacer=5bp;genetic_code=11;gc_cont=0.444	GENOMAD.096147.VV	2.242E-09	63	2561
1_4000 # 4745227 # 4748625 # -1 # ID=1_4000;partial=00;start_type=ATG;rbs_motif=TAAAA;rbs_spacer=13bp;genetic_code=11;gc_cont=0.407	GENOMAD.133120.CP	9.610E-05	49	0
1_4194 # 5006699 # 5007265 # -1 # ID=1_4194;partial=00;start_type=ATG;rbs_motif=TAAA;rbs_spacer=11bp;genetic_code=11;gc_cont=0.429	GENOMAD.105354.CP	5.417E-40	148	0
1_4258 # 5066134 # 5067456 # -1 # ID=1_4258;partial=00;start_type=ATG;rbs_motif=AAAA;rbs_spacer=7bp;genetic_code=11;gc_cont=0.514	GENOMAD.107047.CP	5.619E-05	48	0
1_4290 # 5104694 # 5105533 # 1 # ID=1_4290;partial=00;start_type=ATG;rbs_motif=AAA;rbs_spacer=13bp;genetic_code=11;gc_cont=0.460	GENOMAD.106578.CP	1.656E-69	238	0
2_7 # 6691 # 7221 # -1 # ID=2_7;partial=00;start_type=ATG;rbs_motif=None;rbs_spacer=None;genetic_code=11;gc_cont=0.375	GENOMAD.166718.PV	2.879E-09	58	0
2_39 # 33210 # 33851 # -1 # ID=2_39;partial=00;start_type=ATG;rbs_motif=TATAA;rbs_spacer=11bp;genetic_code=11;gc_cont=0.357	GENOMAD.096144.PP	1.078E-61	212	0
2_71 # 73318 # 76569 # -1 # ID=2_71;partial=00;start_type=ATG;rbs_motif=AAAAAA;rbs_spacer=8bp;genetic_code=11;gc_cont=0.419	GENOMAD.138253.CP	4.241E-08	60	0
1_85 # 113583 # 114683 # 1 # ID=1_85;partial=00;start_type=ATG;rbs_motif=TAA;rbs_spacer=11bp;genetic_code=11;gc_cont=0.363	GENOMAD.076433.VV	3.384E-23	105	2561
1_117 # 157405 # 158043 # 1 # ID=1_117;partial=00;start_type=ATG;rbs_motif=TAAA;rbs_spacer=11bp;genetic_code=11;gc_cont=0.499	GENOMAD.114433.CP	2.613E-17	83	0
1_1557 # 1863890 # 1864444 # -1 # ID=1_1557;partial=00;start_type=ATG;rbs_motif=TAAAAA;rbs_spacer=7bp;genetic_code=11;gc_cont=0.402	GENOMAD.027511.CC	3.789E-33	128	0
1_1706 # 2007352 # 2008236 # -1 # ID=1_1706;partial=00;start_type=ATG;rbs_motif=TAA;rbs_spacer=12bp;genetic_code=11;gc_cont=0.433	GENOMAD.140368.CP	1.392E-13	74	0
1_1738 # 2045277 # 2047100 # -1 # ID=1_1738;partial=00;start_type=ATG;rbs_motif=TAAAAA;rbs_spacer=11bp;genetic_code=11;gc_cont=0.373	GENOMAD.091813.CV	7.335E-142	464	2561
1_1770 # 2082100 # 2082423 # 1 # ID=1_1770;partial=00;start_type=ATG;rbs_motif=TAAA;rbs_spacer=11bp;genetic_code=11;gc_cont=0.349	GENOMAD.191074.PC	1.488E-10	59	0
1_1834 # 2154315 # 2154719 # -1 # ID=1_1834;partial=00;start_type=ATG;rbs_motif=AAAA;rbs_spacer=12bp;genetic_code=11;gc_cont=0.452	GENOMAD.209243.VV	8.038E-11	61	0
1_3178 # 3760872 # 3763208 # 1 # ID=1_3178;partial=00;start_type=ATG;rbs_motif=None;rbs_spacer=None;genetic_code=11;gc_cont=0.564	GENOMAD.161265.PC	1.230E-04	48	0
1_3242 # 3829215 # 3830510 # -1 # ID=1_3242;partial=00;start_type=ATG;rbs_motif=AAA;rbs_spacer=11bp;genetic_code=11;gc_cont=0.515	GENOMAD.057710.VV	6.175E-20	96	2561
1_3211 # 3800695 # 3801990 # -1 # ID=1_3211;partial=00;start_type=ATG;rbs_motif=AAA;rbs_spacer=11bp;genetic_code=11;gc_cont=0.618	GENOMAD.218647.PC	1.576E-06	53	0
1_3339 # 3944574 # 3945875 # -1 # ID=1_3339;partial=00;start_type=ATG;rbs_motif=TAAA;rbs_spacer=11bp;genetic_code=11;gc_cont=0.365	GENOMAD.031966.CC	5.214E-26	115	0
1_3403 # 4034705 # 4035349 # -1 # ID=1_3403;partial=00;start_type=ATG;rbs_motif=AACAA;rbs_spacer=12bp;genetic_code=11;gc_cont=0.397	GENOMAD.116548.CP	1.289E-06	51	0
1_2166 # 2529661 # 2530653 # -1 # ID=1_2166;partial=00;start_type=ATG;rbs_motif=AAA;rbs_spacer=12bp;genetic_code=11;gc_cont=0.578	GENOMAD.195457.PC	3.939E-139	442	0
3_50 # 60595 # 61905 # 1 # ID=3_50;partial=00;start_type=ATG;rbs_motif=TAAA;rbs_spacer=5bp;genetic_code=11;gc_cont=0.462	GENOMAD.125962.CP	2.582E-26	116	0
6_2 # 938 # 1708 # -1 # ID=6_2;partial=00;start_type=ATG;rbs_motif=TAAAAA;rbs_spacer=10bp;genetic_code=11;gc_cont=0.348	GENOMAD.058519.PP	2.815E-141	444	0
1_86 # 114734 # 116245 # 1 # ID=1_86;partial=00;start_type=ATG;rbs_motif=TAA;rbs_spacer=4bp;genetic_code=11;gc_cont=0.312	GENOMAD.176719.CP	5.749E-72	255	2561
1_118 # 158046 # 158738 # 1 # ID=1_118;partial=00;start_type=ATG;rbs_motif=TAAA;rbs_spacer=12bp;genetic_code=11;gc_cont=0.521	GENOMAD.117100.CP	7.972E-35	135	0
1_2776 # 3274889 # 3275434 # -1 # ID=1_2776;partial=00;start_type=ATG;rbs_motif=AAA;rbs_spacer=11bp;genetic_code=11;gc_cont=0.427	GENOMAD.083884.VV	3.305E-06	49	2561
1_2808 # 3310302 # 3313271 # -1 # ID=1_2808;partial=00;start_type=ATG;rbs_motif=TAAAA;rbs_spacer=13bp;genetic_code=11;gc_cont=0.458	GENOMAD.143002.CP	0.000E+00	1708	0
1_2840 # 3349939 # 3350409 # 1 # ID=1_2840;partial=00;start_type=ATG;rbs_motif=TAAAAA;rbs_spacer=11bp;genetic_code=11;gc_cont=0.480	GENOMAD.180834.VC	3.714E-09	57	2561
1_74 # 104775 # 105791 # 1 # ID=1_74;partial=00;start_type=ATG;rbs_motif=TAA;rbs_spacer=14bp;genetic_code=11;gc_cont=0.429	GENOMAD.210236.PC	3.399E-79	269	0
1_106 # 137367 # 139535 # 1 # ID=1_106;partial=00;start_type=ATG;rbs_motif=TAAAAA;rbs_spacer=15bp;genetic_code=11;gc_cont=0.455	GENOMAD.123121.CP	5.557E-05	49	2561
1_138 # 184591 # 185667 # -1 # ID=1_138;partial=00;start_type=ATG;rbs_motif=TAA;rbs_spacer=15bp;genetic_code=11;gc_cont=0.503	GENOMAD.116611.CP	3.972E-65	229	0
1_170 # 232210 # 233385 # -1 # ID=1_170;partial=00;start_type=ATG;rbs_motif=TAA;rbs_spacer=12bp;genetic_code=11;gc_cont=0.367	GENOMAD.145943.CP	3.860E-13	74	0
1_202 # 266642 # 268909 # -1 # ID=1_202;partial=00;start_type=ATG;rbs_motif=TAA;rbs_spacer=4bp;genetic_code=11;gc_cont=0.530	GENOMAD.176514.CP	1.193E-11	71	0
1_266 # 361671 # 362363 # -1 # ID=1_266;partial=00;start_type=ATG;rbs_motif=TAAA;rbs_spacer=13bp;genetic_code=11;gc_cont=0.430	GENOMAD.027727.CC	6.004E-04	43	0
1_2038 # 2394284 # 2394961 # 1 # ID=1_2038;partial=00;start_type=ATG;rbs_motif=TAAAAA;rbs_spacer=5bp;genetic_code=11;gc_cont=0.460	GENOMAD.124526.CP	3.391E-07	53	0
1_2070 # 2429935 # 2430381 # -1 # ID=1_2070;partial=00;start_type=ATG;rbs_motif=TAAAAA;rbs_spacer=11bp;genetic_code=11;gc_cont=0.588	GENOMAD.180543.VC	6.114E-10	59	2561
1_2882 # 3394983 # 3396161 # 1 # ID=1_2882;partial=00;start_type=ATG;rbs_motif=AATAA;rbs_spacer=4bp;genetic_code=11;gc_cont=0.461	GENOMAD.160644.CP	3.610E-215	665	0
1_2914 # 3426045 # 3427973 # -1 # ID=1_2914;partial=00;start_type=ATG;rbs_motif=AACAA;rbs_spacer=13bp;genetic_code=11;gc_cont=0.395	GENOMAD.169917.CP	1.272E-09	64	0
1_2787 # 3284506 # 3284682 # 1 # ID=1_2787;partial=00;start_type=ATG;rbs_motif=AAAAA;rbs_spacer=9bp;genetic_code=11;gc_cont=0.367	GENOMAD.056281.CC	1.384E-27	105	0
1_2851 # 3357814 # 3360207 # 1 # ID=1_2851;partial=00;start_type=ATG;rbs_motif=TAA;rbs_spacer=4bp;genetic_code=11;gc_cont=0.478	GENOMAD.016501.VV	2.582E-18	93	2561
1_2883 # 3396308 # 3397054 # -1 # ID=1_2883;partial=00;start_type=ATG;rbs_motif=AACAA;rbs_spacer=8bp;genetic_code=11;gc_cont=0.467	GENOMAD.196149.CP	1.134E-38	147	0
1_2947 # 3470287 # 3471018 # -1 # ID=1_2947;partial=00;start_type=ATG;rbs_motif=TAA;rbs_spacer=12bp;genetic_code=11;gc_cont=0.276	GENOMAD.218614.PC	5.769E-16	80	0
1_109 # 144744 # 145886 # 1 # ID=1_109;partial=00;start_type=ATG;rbs_motif=AACAA;rbs_spacer=12bp;genetic_code=11;gc_cont=0.421	GENOMAD.170999.CP	8.540E-164	516	0
1_141 # 187915 # 188265 # -1 # ID=1_141;partial=00;start_type=ATG;rbs_motif=TAAA;rbs_spacer=14bp;genetic_code=11;gc_cont=0.459	GENOMAD.123559.CP	1.126E-08	54	0
1_173 # 234800 # 235468 # -1 # ID=1_173;partial=00;start_type=ATG;rbs_motif=TAA;rbs_spacer=11bp;genetic_code=11;gc_cont=0.405	GENOMAD.015348.CC	5.877E-55	193	0
1_913 # 1124656 # 1126227 # -1 # ID=1_913;partial=00;start_type=ATG;rbs_motif=TAA;rbs_spacer=13bp;genetic_code=11;gc_cont=0.403	GENOMAD.130226.CP	4.508E-23	107	2561
1_1073 # 1324230 # 1325198 # -1 # ID=1_1073;partial=00;start_type=ATG;rbs_motif=AAA;rbs_spacer=10bp;genetic_code=11;gc_cont=0.448	GENOMAD.119278.CP	3.839E-12	70	0
1_1105 # 1363831 # 1364790 # 1 # ID=1_1105;partial=00;start_type=ATG;rbs_motif=TAAAAA;rbs_spacer=10bp;genetic_code=11;gc_cont=0.582	GENOMAD.179635.PC	2.394E-103	338	2561
1_3377 # 3996195 # 3998075 # 1 # ID=1_3377;partial=00;start_type=ATG;rbs_motif=TAA;rbs_spacer=10bp;genetic_code=11;gc_cont=0.397	GENOMAD.221005.PV	4.615E-16	85	2561
1_3441 # 4059800 # 4060426 # -1 # ID=1_3441;partial=00;start_type=ATG;rbs_motif=TAA;rbs_spacer=10bp;genetic_code=11;gc_cont=0.402	GENOMAD.060214.CV	5.817E-39	146	0
1_1068 # 1316351 # 1318945 # -1 # ID=1_1068;partial=00;start_type=ATG;rbs_motif=TAAA;rbs_spacer=11bp;genetic_code=11;gc_cont=0.499	GENOMAD.146053.CP	7.282E-19	95	2561
1_2016 # 2363773 # 2364318 # 1 # ID=1_2016;partial=00;start_type=ATG;rbs_motif=TAAAAA;rbs_spacer=12bp;genetic_code=11;gc_cont=0.451	GENOMAD.118861.CV	4.714E-56	194	0
1_2048 # 2405393 # 2406595 # -1 # ID=1_2048;partial=00;start_type=ATG;rbs_motif=AAA;rbs_spacer=10bp;genetic_code=11;gc_cont=0.490	GENOMAD.003948.CC	2.265E-09	62	0
1_2112 # 2469170 # 2470987 # -1 # ID=1_2112;partial=00;start_type=ATG;rbs_motif=TAA;rbs_spacer=11bp;genetic_code=11;gc_cont=0.340	GENOMAD.171770.VC	5.351E-06	52	2561
1_2144 # 2502872 # 2503246 # -1 # ID=1_2144;partial=00;start_type=ATG;rbs_motif=AATAA;rbs_spacer=10bp;genetic_code=11;gc_cont=0.469	GENOMAD.146177.CP	2.147E-13	68	0
1_2387 # 2783707 # 2785356 # -1 # ID=1_2387;partial=00;start_type=ATG;rbs_motif=AAA;rbs_spacer=10bp;genetic_code=11;gc_cont=0.477	GENOMAD.142037.CP	8.061E-21	100	2561
3_57 # 66261 # 68546 # 1 # ID=3_57;partial=00;start_type=ATG;rbs_motif=TAAAA;rbs_spacer=15bp;genetic_code=11;gc_cont=0.503	GENOMAD.145608.CP	7.355E-139	462	2561
6_9 # 5213 # 5593 # 1 # ID=6_9;partial=01;start_type=ATG;rbs_motif=TAA;rbs_spacer=11bp;genetic_code=11;gc_cont=0.488	GENOMAD.151095.PV	3.181E-27	108	2561
1_61 # 82418 # 83758 # -1 # ID=1_61;partial=00;start_type=ATG;rbs_motif=TAA;rbs_spacer=10bp;genetic_code=11;gc_cont=0.444	GENOMAD.114680.CP	4.299E-87	297	2561
1_93 # 123043 # 123978 # 1 # ID=1_93;partial=00;start_type=ATG;rbs_motif=TAA;rbs_spacer=5bp;genetic_code=11;gc_cont=0.278	GENOMAD.216074.PC	2.229E-08	58	0
1_125 # 166609 # 168069 # 1 # ID=1_125;partial=00;start_type=ATG;rbs_motif=TAAAA;rbs_spacer=4bp;genetic_code=11;gc_cont=0.507	GENOMAD.121700.CP	8.437E-121	397	0
1_1215 # 1475125 # 1476303 # 1 # ID=1_1215;partial=00;start_type=ATG;rbs_motif=TAA;rbs_spacer=3bp;genetic_code=11;gc_cont=0.490	GENOMAD.121723.CP	3.342E-135	434	0
1_936 # 1167992 # 1168843 # 1 # ID=1_936;partial=00;start_type=ATG;rbs_motif=TAA;rbs_spacer=12bp;genetic_code=11;gc_cont=0.433	GENOMAD.169309.CP	1.273E-26	113	0
1_968 # 1205370 # 1206326 # 1 # ID=1_968;partial=00;start_type=ATG;rbs_motif=TAAA;rbs_spacer=12bp;genetic_code=11;gc_cont=0.435	GENOMAD.190065.PC	4.246E-41	157	0
1_3987 # 4728633 # 4729847 # 1 # ID=1_3987;partial=00;start_type=ATG;rbs_motif=AATAA;rbs_spacer=3bp;genetic_code=11;gc_cont=0.415	GENOMAD.049967.CC	4.118E-04	45	0
1_4019 # 4772948 # 4774090 # -1 # ID=1_4019;partial=00;start_type=ATG;rbs_motif=TAAA;rbs_spacer=13bp;genetic_code=11;gc_cont=0.451	GENOMAD.101276.CP	6.805E-91	305	2561
1_4051 # 4812666 # 4814480 # 1 # ID=1_4051;partial=00;start_type=ATG;rbs_motif=TAAA;rbs_spacer=15bp;genetic_code=11;gc_cont=0.468	GENOMAD.146053.CP	1.590E-07	57	2561
1_2417 # 2825221 # 2825613 # 1 # ID=1_2417;partial=00;start_type=ATG;rbs_motif=AAAAA;rbs_spacer=8bp;genetic_code=11;gc_cont=0.379	GENOMAD.193198.VC	2.366E-64	215	2561
1_2481 # 2918783 # 2919355 # 1 # ID=1_2481;partial=00;start_type=ATG;rbs_motif=TAAA;rbs_spacer=12bp;genetic_code=11;gc_cont=0.401	GENOMAD.106851.CP	3.645E-04	43	0
1_2513 # 2959015 # 2960220 # 1 # ID=1_2513;partial=00;start_type=ATG;rbs_motif=TAAA;rbs_spacer=11bp;genetic_code=11;gc_cont=0.486	GENOMAD.004197.CC	8.829E-40	156	0
1_2577 # 3044915 # 3045577 # -1 # ID=1_2577;partial=00;start_type=ATG;rbs_motif=TAA;rbs_spacer=11bp;genetic_code=11;gc_cont=0.462	GENOMAD.006587.CC	4.540E-135	424	0
1_2192 # 2555452 # 2556258 # -1 # ID=1_2192;partial=00;start_type=ATG;rbs_motif=AACAA;rbs_spacer=14bp;genetic_code=11;gc_cont=0.538	GENOMAD.147817.CP	4.035E-26	111	0
1_2256 # 2627121 # 2628287 # 1 # ID=1_2256;partial=00;start_type=ATG;rbs_motif=TAA;rbs_spacer=6bp;genetic_code=11;gc_cont=0.507	GENOMAD.180839.CP	3.704E-08	58	0
1_2288 # 2670084 # 2672249 # 1 # ID=1_2288;partial=00;start_type=ATG;rbs_motif=None;rbs_spacer=None;genetic_code=11;gc_cont=0.441	GENOMAD.129045.CP	1.653E-142	471	2561
1_2384 # 2777812 # 2780130 # -1 # ID=1_2384;partial=00;start_type=ATG;rbs_motif=AAA;rbs_spacer=10bp;genetic_code=11;gc_cont=0.496	GENOMAD.141299.CP	5.511E-15	82	2561
1_2416 # 2824107 # 2825177 # 1 # ID=1_2416;partial=00;start_type=ATG;rbs_motif=AAA;rbs_spacer=12bp;genetic_code=11;gc_cont=0.452	GENOMAD.031659.CC	2.284E-140	447	0
1_3747 # 4440582 # 4441331 # 1 # ID=1_3747;partial=00;start_type=ATG;rbs_motif=TAAAAA;rbs_spacer=6bp;genetic_code=11;gc_cont=0.447	GENOMAD.170666.CP	3.468E-04	44	0
1_3811 # 4524411 # 4524917 # 1 # ID=1_3811;partial=00;start_type=ATG;rbs_motif=TAAA;rbs_spacer=14bp;genetic_code=11;gc_cont=0.361	GENOMAD.002080.CC	2.203E-32	125	2561
1_3875 # 4595516 # 4596280 # -1 # ID=1_3875;partial=00;start_type=ATG;rbs_motif=TAA;rbs_spacer=11bp;genetic_code=11;gc_cont=0.553	GENOMAD.110265.CP	3.404E-16	81	2561
1_3907 # 4635785 # 4636840 # -1 # ID=1_3907;partial=00;start_type=ATG;rbs_motif=AAA;rbs_spacer=8bp;genetic_code=11;gc_cont=0.457	GENOMAD.211857.CP	6.687E-04	44	0
1_3609 # 4259914 # 4261011 # 1 # ID=1_3609;partial=00;start_type=ATG;rbs_motif=TAA;rbs_spacer=3bp;genetic_code=11;gc_cont=0.485	GENOMAD.153558.CP	3.634E-39	153	0
1_3641 # 4315619 # 4321459 # 1 # ID=1_3641;partial=00;start_type=ATG;rbs_motif=None;rbs_spacer=None;genetic_code=11;gc_cont=0.550	GENOMAD.208926.PC	3.378E-07	58	0
1_3673 # 4352257 # 4353606 # 1 # ID=1_3673;partial=00;start_type=ATG;rbs_motif=TAA;rbs_spacer=12bp;genetic_code=11;gc_cont=0.591	GENOMAD.051243.PP	1.175E-04	47	0
1_3705 # 4385952 # 4387490 # 1 # ID=1_3705;partial=00;start_type=GTG;rbs_motif=AAAA;rbs_spacer=13bp;genetic_code=11;gc_cont=0.472	GENOMAD.132396.CP	8.504E-06	51	0
1_3865 # 4581880 # 4583151 # 1 # ID=1_3865;partial=00;start_type=ATG;rbs_motif=AACAA;rbs_spacer=5bp;genetic_code=11;gc_cont=0.502	GENOMAD.195709.CP	2.996E-10	65	0
1_3699 # 4379258 # 4379896 # -1 # ID=1_3699;partial=00;start_type=ATG;rbs_motif=None;rbs_spacer=None;genetic_code=11;gc_cont=0.430	GENOMAD.171975.VC	2.339E-04	44	0
1_3763 # 4467641 # 4469512 # 1 # ID=1_3763;partial=00;start_type=ATG;rbs_motif=TAAAA;rbs_spacer=3bp;genetic_code=11;gc_cont=0.467	GENOMAD.111985.VV	4.659E-20	98	2561
1_3795 # 4503514 # 4504899 # 1 # ID=1_3795;partial=00;start_type=ATG;rbs_motif=AAA;rbs_spacer=13bp;genetic_code=11;gc_cont=0.437	GENOMAD.182098.CP	1.883E-20	98	0
1_3859 # 4572934 # 4574226 # 1 # ID=1_3859;partial=00;start_type=ATG;rbs_motif=TAAAA;rbs_spacer=14bp;genetic_code=11;gc_cont=0.433	GENOMAD.171925.VC	8.902E-65	231	2561
1_3891 # 4614334 # 4616196 # -1 # ID=1_3891;partial=00;start_type=TTG;rbs_motif=TAA;rbs_spacer=11bp;genetic_code=11;gc_cont=0.421	GENOMAD.171246.VV	3.735E-04	46	0
1_3955 # 4691928 # 4693382 # 1 # ID=1_3955;partial=00;start_type=ATG;rbs_motif=TAA;rbs_spacer=11bp;genetic_code=11;gc_cont=0.419	GENOMAD.011721.CC	1.180E-41	164	0
1_4332 # 5161082 # 5162092 # 1 # ID=1_4332;partial=00;start_type=ATG;rbs_motif=TAAA;rbs_spacer=11bp;genetic_code=11;gc_cont=0.386	GENOMAD.133618.CP	1.143E-07	56	0
2_49 # 44182 # 45069 # -1 # ID=2_49;partial=00;start_type=ATG;rbs_motif=TAAA;rbs_spacer=9bp;genetic_code=11;gc_cont=0.378	GENOMAD.056146.PP	1.654E-28	119	0
3_9 # 15910 # 17565 # -1 # ID=3_9;partial=00;start_type=ATG;rbs_motif=AAAAA;rbs_spacer=12bp;genetic_code=11;gc_cont=0.492	GENOMAD.151588.CP	2.926E-11	69	0
3_41 # 50082 # 53978 # 1 # ID=3_41;partial=00;start_type=TTG;rbs_motif=TAAAAA;rbs_spacer=12bp;genetic_code=11;gc_cont=0.439	GENOMAD.065723.VV	1.225E-48	194	2561
1_13 # 9168 # 11789 # 1 # ID=1_13;partial=00;start_type=ATG;rbs_motif=AAGAA;rbs_spacer=6bp;genetic_code=11;gc_cont=0.484	GENOMAD.033525.CC	1.314E-206	665	0
1_77 # 108247 # 109119 # -1 # ID=1_77;partial=00;start_type=ATG;rbs_motif=TAAAAA;rbs_spacer=5bp;genetic_code=11;gc_cont=0.460	GENOMAD.211730.VP	3.462E-20	94	2561
1_2286 # 2666639 # 2667877 # 1 # ID=1_2286;partial=00;start_type=ATG;rbs_motif=TAA;rbs_spacer=8bp;genetic_code=11;gc_cont=0.430	GENOMAD.151721.VV	1.227E-05	50	2561
1_2382 # 2772666 # 2774483 # -1 # ID=1_2382;partial=00;start_type=ATG;rbs_motif=TAAA;rbs_spacer=11bp;genetic_code=11;gc_cont=0.500	GENOMAD.171982.CP	6.194E-18	91	0
1_2446 # 2861801 # 2863117 # 1 # ID=1_2446;partial=00;start_type=ATG;rbs_motif=TAA;rbs_spacer=5bp;genetic_code=11;gc_cont=0.550	GENOMAD.178779.CP	3.288E-06	52	0
1_2510 # 2956132 # 2956431 # -1 # ID=1_2510;partial=00;start_type=ATG;rbs_motif=TAA;rbs_spacer=13bp;genetic_code=11;gc_cont=0.483	GENOMAD.032099.CC	4.377E-12	63	0
1_885 # 1083751 # 1083948 # 1 # ID=1_885;partial=00;start_type=ATG;rbs_motif=TAAAAA;rbs_spacer=8bp;genetic_code=11;gc_cont=0.359	GENOMAD.073407.CV	1.202E-10	57	0
1_917 # 1135983 # 1137617 # 1 # ID=1_917;partial=00;start_type=ATG;rbs_motif=TAA;rbs_spacer=12bp;genetic_code=11;gc_cont=0.428	GENOMAD.039971.CC	1.692E-74	264	0
1_949 # 1183401 # 1184642 # -1 # ID=1_949;partial=00;start_type=ATG;rbs_motif=TAAA;rbs_spacer=11bp;genetic_code=11;gc_cont=0.505	GENOMAD.224428.VP	4.540E-29	124	2561
1_981 # 1223275 # 1224036 # 1 # ID=1_981;partial=00;start_type=ATG;rbs_motif=TAAAAA;rbs_spacer=10bp;genetic_code=11;gc_cont=0.474	GENOMAD.148431.CP	1.114E-07	55	0
1_1077 # 1329371 # 1332748 # 1 # ID=1_1077;partial=00;start_type=ATG;rbs_motif=TAAAAA;rbs_spacer=10bp;genetic_code=11;gc_cont=0.422	GENOMAD.121280.CP	1.453E-06	55	0
1_1929 # 2259063 # 2260319 # -1 # ID=1_1929;partial=00;start_type=ATG;rbs_motif=TAA;rbs_spacer=13bp;genetic_code=11;gc_cont=0.484	GENOMAD.005691.CC	5.438E-113	371	0
1_502 # 645564 # 646649 # -1 # ID=1_502;partial=00;start_type=ATG;rbs_motif=TAA;rbs_spacer=11bp;genetic_code=11;gc_cont=0.441	GENOMAD.127113.CP	3.234E-24	108	0
1_694 # 857215 # 857994 # -1 # ID=1_694;partial=00;start_type=ATG;rbs_motif=AAAAA;rbs_spacer=12bp;genetic_code=11;gc_cont=0.469	GENOMAD.126781.CP	3.127E-10	63	0
1_726 # 897862 # 900177 # 1 # ID=1_726;partial=00;start_type=ATG;rbs_motif=TAAA;rbs_spacer=12bp;genetic_code=11;gc_cont=0.404	GENOMAD.072511.VV	4.929E-04	46	2561
1_758 # 928124 # 928339 # 1 # ID=1_758;partial=00;start_type=ATG;rbs_motif=AAA;rbs_spacer=10bp;genetic_code=11;gc_cont=0.444	GENOMAD.181304.PC	1.477E-04	40	0
1_790 # 967191 # 968426 # -1 # ID=1_790;partial=00;start_type=ATG;rbs_motif=TAAA;rbs_spacer=11bp;genetic_code=11;gc_cont=0.465	GENOMAD.136797.CP	4.491E-91	307	0
1_1131 # 1382566 # 1384170 # 1 # ID=1_1131;partial=00;start_type=ATG;rbs_motif=TAAAAA;rbs_spacer=7bp;genetic_code=11;gc_cont=0.535	GENOMAD.198157.VP	5.413E-19	94	2561
1_4339 # 5174942 # 5176846 # 1 # ID=1_4339;partial=00;start_type=ATG;rbs_motif=AAA;rbs_spacer=8bp;genetic_code=11;gc_cont=0.415	GENOMAD.000215.CC	3.938E-67	245	0
1_4371 # 5221103 # 5223163 # 1 # ID=1_4371;partial=00;start_type=ATG;rbs_motif=TAAAAA;rbs_spacer=12bp;genetic_code=11;gc_cont=0.418	GENOMAD.151477.CP	1.253E-12	74	0
3_48 # 58286 # 59533 # 1 # ID=3_48;partial=00;start_type=ATG;rbs_motif=AAA;rbs_spacer=11bp;genetic_code=11;gc_cont=0.464	GENOMAD.012140.CC	1.376E-184	578	0
1_2044 # 2399914 # 2400774 # -1 # ID=1_2044;partial=00;start_type=ATG;rbs_motif=AAA;rbs_spacer=14bp;genetic_code=11;gc_cont=0.449	GENOMAD.182050.VC	9.753E-36	140	2561
1_2076 # 2434681 # 2436210 # 1 # ID=1_2076;partial=00;start_type=ATG;rbs_motif=TAAA;rbs_spacer=7bp;genetic_code=11;gc_cont=0.383	GENOMAD.176719.CP	2.226E-80	280	2561
1_2108 # 2464791 # 2466623 # -1 # ID=1_2108;partial=00;start_type=ATG;rbs_motif=TAA;rbs_spacer=14bp;genetic_code=11;gc_cont=0.470	GENOMAD.124038.CP	5.064E-321	983	0
2_69 # 70658 # 71530 # -1 # ID=2_69;partial=00;start_type=ATG;rbs_motif=TAA;rbs_spacer=11bp;genetic_code=11;gc_cont=0.420	GENOMAD.205883.VC	1.152E-11	68	12031
3_29 # 41680 # 42390 # -1 # ID=3_29;partial=00;start_type=ATG;rbs_motif=TAA;rbs_spacer=12bp;genetic_code=11;gc_cont=0.482	GENOMAD.000060.CC	1.826E-47	172	0
1_1826 # 2144836 # 2145960 # 1 # ID=1_1826;partial=00;start_type=ATG;rbs_motif=TAAAAA;rbs_spacer=11bp;genetic_code=11;gc_cont=0.484	GENOMAD.104224.CP	5.003E-92	308	0
1_1890 # 2212781 # 2213425 # -1 # ID=1_1890;partial=00;start_type=ATG;rbs_motif=TAGAA;rbs_spacer=15bp;genetic_code=11;gc_cont=0.445	GENOMAD.108538.CP	5.065E-62	213	0
1_787 # 963289 # 964122 # 1 # ID=1_787;partial=00;start_type=ATG;rbs_motif=AAA;rbs_spacer=7bp;genetic_code=11;gc_cont=0.496	GENOMAD.043031.CC	9.650E-12	68	0
1_819 # 1009196 # 1009522 # 1 # ID=1_819;partial=00;start_type=GTG;rbs_motif=TAA;rbs_spacer=15bp;genetic_code=11;gc_cont=0.456	GENOMAD.158819.CP	1.205E-04	42	0
1_915 # 1130275 # 1133445 # 1 # ID=1_915;partial=00;start_type=ATG;rbs_motif=TAAAAA;rbs_spacer=7bp;genetic_code=11;gc_cont=0.423	GENOMAD.156724.VV	1.347E-06	55	0
1_979 # 1220406 # 1220744 # 1 # ID=1_979;partial=00;start_type=GTG;rbs_motif=TAA;rbs_spacer=11bp;genetic_code=11;gc_cont=0.445	GENOMAD.048223.CC	6.068E-14	69	0
1_1043 # 1290248 # 1291921 # -1 # ID=1_1043;partial=00;start_type=ATG;rbs_motif=TAA;rbs_spacer=11bp;genetic_code=11;gc_cont=0.351	GENOMAD.195889.CP	3.367E-169	541	0
1_1205 # 1460051 # 1461511 # -1 # ID=1_1205;partial=00;start_type=ATG;rbs_motif=AAAAA;rbs_spacer=10bp;genetic_code=11;gc_cont=0.543	GENOMAD.147640.CP	4.700E-26	116	0
1_1269 # 1533332 # 1536019 # 1 # ID=1_1269;partial=00;start_type=ATG;rbs_motif=TAAA;rbs_spacer=11bp;genetic_code=11;gc_cont=0.469	GENOMAD.145692.CP	1.797E-05	51	0
1_1429 # 1712177 # 1712413 # -1 # ID=1_1429;partial=00;start_type=ATG;rbs_motif=AAAAA;rbs_spacer=11bp;genetic_code=11;gc_cont=0.426	GENOMAD.211786.VP	6.445E-22	90	2561
1_1493 # 1786190 # 1786468 # 1 # ID=1_1493;partial=00;start_type=ATG;rbs_motif=TAA;rbs_spacer=11bp;genetic_code=11;gc_cont=0.391	GENOMAD.022217.CC	7.665E-19	82	0
1_4285 # 5099116 # 5099589 # -1 # ID=1_4285;partial=00;start_type=ATG;rbs_motif=AATAA;rbs_spacer=9bp;genetic_code=11;gc_cont=0.439	GENOMAD.117072.CP	1.118E-16	79	0
1_4317 # 5142346 # 5142696 # -1 # ID=1_4317;partial=00;start_type=ATG;rbs_motif=AATAA;rbs_spacer=6bp;genetic_code=11;gc_cont=0.453	GENOMAD.167244.CP	1.971E-43	154	0
2_66 # 61203 # 66686 # 1 # ID=2_66;partial=00;start_type=ATG;rbs_motif=AAA;rbs_spacer=3bp;genetic_code=11;gc_cont=0.372	GENOMAD.208926.PC	8.220E-05	50	0
3_58 # 68823 # 69668 # 1 # ID=3_58;partial=00;start_type=ATG;rbs_motif=TAA;rbs_spacer=6bp;genetic_code=11;gc_cont=0.316	GENOMAD.147817.CP	5.553E-27	114	0
1_2354 # 2743054 # 2744373 # 1 # ID=1_2354;partial=00;start_type=ATG;rbs_motif=TAA;rbs_spacer=9bp;genetic_code=11;gc_cont=0.502	GENOMAD.050490.CV	1.831E-52	195	2561
1_2482 # 2919392 # 2922946 # 1 # ID=1_2482;partial=00;start_type=ATG;rbs_motif=TAAA;rbs_spacer=14bp;genetic_code=11;gc_cont=0.496	GENOMAD.066170.CP	2.511E-05	51	0
1_2514 # 2960222 # 2960680 # -1 # ID=1_2514;partial=00;start_type=ATG;rbs_motif=TAAAAA;rbs_spacer=9bp;genetic_code=11;gc_cont=0.471	GENOMAD.192508.CP	4.398E-26	106	0
1_2578 # 3045581 # 3047632 # -1 # ID=1_2578;partial=00;start_type=ATG;rbs_motif=TAA;rbs_spacer=4bp;genetic_code=11;gc_cont=0.480	GENOMAD.145345.CV	3.259E-290	898	2561
1_2610 # 3088349 # 3088822 # 1 # ID=1_2610;partial=00;start_type=ATG;rbs_motif=TAA;rbs_spacer=12bp;genetic_code=11;gc_cont=0.553	GENOMAD.224995.VP	1.409E-23	99	2561
1_3522 # 4151371 # 4152312 # -1 # ID=1_3522;partial=00;start_type=ATG;rbs_motif=TAAAAA;rbs_spacer=9bp;genetic_code=11;gc_cont=0.478	GENOMAD.130401.CP	2.456E-31	128	0
1_3554 # 4187785 # 4190247 # -1 # ID=1_3554;partial=00;start_type=ATG;rbs_motif=TAAAAA;rbs_spacer=9bp;genetic_code=11;gc_cont=0.513	GENOMAD.154446.CP	3.642E-09	63	0
1_3586 # 4232223 # 4233473 # -1 # ID=1_3586;partial=00;start_type=ATG;rbs_motif=TAAA;rbs_spacer=12bp;genetic_code=11;gc_cont=0.400	GENOMAD.196911.CP	1.087E-13	76	0
1_3618 # 4277858 # 4279858 # 1 # ID=1_3618;partial=00;start_type=ATG;rbs_motif=TAA;rbs_spacer=12bp;genetic_code=11;gc_cont=0.426	GENOMAD.130486.CP	9.836E-12	71	0
1_3714 # 4398667 # 4399830 # -1 # ID=1_3714;partial=00;start_type=ATG;rbs_motif=TAAA;rbs_spacer=15bp;genetic_code=11;gc_cont=0.356	GENOMAD.141957.CP	3.075E-170	535	0
1_3778 # 4484762 # 4485166 # -1 # ID=1_3778;partial=00;start_type=ATG;rbs_motif=TAA;rbs_spacer=15bp;genetic_code=11;gc_cont=0.417	GENOMAD.126073.CP	9.251E-52	179	0
1_3810 # 4523595 # 4524368 # 1 # ID=1_3810;partial=00;start_type=ATG;rbs_motif=TAAA;rbs_spacer=11bp;genetic_code=11;gc_cont=0.433	GENOMAD.153876.CC	2.782E-107	346	0
1_1982 # 2325730 # 2326410 # -1 # ID=1_1982;partial=00;start_type=ATG;rbs_motif=TAA;rbs_spacer=11bp;genetic_code=11;gc_cont=0.488	GENOMAD.138157.CP	1.035E-28	117	0
1_2046 # 2402862 # 2404196 # -1 # ID=1_2046;partial=00;start_type=ATG;rbs_motif=AAA;rbs_spacer=11bp;genetic_code=11;gc_cont=0.514	GENOMAD.002312.CC	1.315E-153	490	0
1_2078 # 2437332 # 2438165 # 1 # ID=1_2078;partial=00;start_type=ATG;rbs_motif=TAA;rbs_spacer=11bp;genetic_code=11;gc_cont=0.366	GENOMAD.167681.VC	1.086E-26	113	0
1_1223 # 1483799 # 1484719 # 1 # ID=1_1223;partial=00;start_type=ATG;rbs_motif=AACAA;rbs_spacer=5bp;genetic_code=11;gc_cont=0.455	GENOMAD.036243.CC	6.101E-05	47	0
1_1319 # 1587743 # 1588126 # 1 # ID=1_1319;partial=00;start_type=ATG;rbs_motif=TAAA;rbs_spacer=11bp;genetic_code=11;gc_cont=0.438	GENOMAD.166427.CP	2.549E-21	91	0
1_1351 # 1629172 # 1629669 # 1 # ID=1_1351;partial=00;start_type=ATG;rbs_motif=TAAA;rbs_spacer=11bp;genetic_code=11;gc_cont=0.440	GENOMAD.081960.CV	1.365E-17	82	0
1_3971 # 4713101 # 4713874 # 1 # ID=1_3971;partial=00;start_type=ATG;rbs_motif=TAA;rbs_spacer=11bp;genetic_code=11;gc_cont=0.448	GENOMAD.099999.CP	1.998E-75	254	0
1_4035 # 4787769 # 4789928 # 1 # ID=1_4035;partial=00;start_type=ATG;rbs_motif=TAA;rbs_spacer=11bp;genetic_code=11;gc_cont=0.471	GENOMAD.127342.CP	1.504E-09	64	2561
1_4067 # 4843632 # 4845011 # 1 # ID=1_4067;partial=00;start_type=ATG;rbs_motif=TAAA;rbs_spacer=11bp;genetic_code=11;gc_cont=0.455	GENOMAD.179164.CP	1.891E-247	762	0
1_4131 # 4931878 # 4934739 # -1 # ID=1_4131;partial=00;start_type=ATG;rbs_motif=AACAA;rbs_spacer=7bp;genetic_code=11;gc_cont=0.492	GENOMAD.181952.CP	1.926E-48	192	2561
1_4195 # 5007383 # 5007619 # 1 # ID=1_4195;partial=00;start_type=TTG;rbs_motif=TAAAAA;rbs_spacer=11bp;genetic_code=11;gc_cont=0.392	GENOMAD.096109.CV	3.126E-14	68	0
1_1623 # 1915271 # 1916212 # 1 # ID=1_1623;partial=00;start_type=ATG;rbs_motif=TAA;rbs_spacer=15bp;genetic_code=11;gc_cont=0.563	GENOMAD.047596.VV	6.363E-143	452	2561
1_1655 # 1953897 # 1954811 # 1 # ID=1_1655;partial=00;start_type=ATG;rbs_motif=TAAA;rbs_spacer=14bp;genetic_code=11;gc_cont=0.537	GENOMAD.086418.VV	2.528E-76	259	2561
1_1719 # 2020941 # 2021390 # -1 # ID=1_1719;partial=00;start_type=ATG;rbs_motif=AAAAA;rbs_spacer=6bp;genetic_code=11;gc_cont=0.393	GENOMAD.126748.CV	1.222E-11	64	0
1_1783 # 2096543 # 2097460 # 1 # ID=1_1783;partial=00;start_type=ATG;rbs_motif=AATAA;rbs_spacer=3bp;genetic_code=11;gc_cont=0.464	GENOMAD.137393.CP	5.232E-04	44	0
1_2968 # 3498912 # 3499964 # -1 # ID=1_2968;partial=00;start_type=ATG;rbs_motif=TAAAAA;rbs_spacer=4bp;genetic_code=11;gc_cont=0.429	GENOMAD.183050.PC	2.564E-07	55	0
1_3000 # 3543554 # 3544447 # 1 # ID=1_3000;partial=00;start_type=ATG;rbs_motif=AATAA;rbs_spacer=6bp;genetic_code=11;gc_cont=0.417	GENOMAD.000588.CC	7.821E-97	318	0
1_3032 # 3575489 # 3578167 # 1 # ID=1_3032;partial=00;start_type=ATG;rbs_motif=TAAA;rbs_spacer=11bp;genetic_code=11;gc_cont=0.476	GENOMAD.124105.CP	3.083E-36	152	0
1_3064 # 3618707 # 3619237 # -1 # ID=1_3064;partial=00;start_type=ATG;rbs_motif=AAAAA;rbs_spacer=12bp;genetic_code=11;gc_cont=0.469	GENOMAD.011100.CC	2.942E-08	55	0
1_3096 # 3649547 # 3650647 # -1 # ID=1_3096;partial=00;start_type=ATG;rbs_motif=TAA;rbs_spacer=11bp;genetic_code=11;gc_cont=0.475	GENOMAD.168226.CP	9.907E-54	196	0
1_3128 # 3694523 # 3695476 # 1 # ID=1_3128;partial=00;start_type=ATG;rbs_motif=AATAA;rbs_spacer=7bp;genetic_code=11;gc_cont=0.428	GENOMAD.117272.CP	1.699E-106	347	0
1_3160 # 3737952 # 3738764 # -1 # ID=1_3160;partial=00;start_type=ATG;rbs_motif=TAAA;rbs_spacer=11bp;genetic_code=11;gc_cont=0.386	GENOMAD.045447.CC	1.308E-139	440	0
1_4254 # 5059885 # 5063139 # -1 # ID=1_4254;partial=00;start_type=ATG;rbs_motif=AATAA;rbs_spacer=9bp;genetic_code=11;gc_cont=0.360	GENOMAD.073567.PP	2.113E-08	61	0
1_4318 # 5142706 # 5145186 # -1 # ID=1_4318;partial=00;start_type=ATG;rbs_motif=TAAAA;rbs_spacer=15bp;genetic_code=11;gc_cont=0.482	GENOMAD.136078.CP	4.047E-54	209	0
2_35 # 30152 # 30511 # -1 # ID=2_35;partial=00;start_type=ATG;rbs_motif=None;rbs_spacer=None;genetic_code=11;gc_cont=0.350	GENOMAD.071829.PP	1.359E-07	51	0
3_59 # 69665 # 70639 # 1 # ID=3_59;partial=00;start_type=ATG;rbs_motif=TAA;rbs_spacer=12bp;genetic_code=11;gc_cont=0.329	GENOMAD.169839.CP	1.582E-24	108	0
7_2 # 2853 # 4367 # 1 # ID=7_2;partial=00;start_type=ATG;rbs_motif=None;rbs_spacer=None;genetic_code=11;gc_cont=0.386	GENOMAD.130364.CP	5.501E-34	141	0
1_1491 # 1784364 # 1784825 # -1 # ID=1_1491;partial=00;start_type=ATG;rbs_motif=TATAA;rbs_spacer=4bp;genetic_code=11;gc_cont=0.405	GENOMAD.000936.CC	5.166E-42	152	0
1_1715 # 2013841 # 2014665 # 1 # ID=1_1715;partial=00;start_type=ATG;rbs_motif=TAAA;rbs_spacer=14bp;genetic_code=11;gc_cont=0.410	GENOMAD.000501.CC	3.130E-48	176	0
1_529 # 683096 # 684115 # 1 # ID=1_529;partial=00;start_type=ATG;rbs_motif=None;rbs_spacer=None;genetic_code=11;gc_cont=0.460	GENOMAD.140761.CP	8.427E-78	265	0
1_657 # 818101 # 818697 # 1 # ID=1_657;partial=00;start_type=ATG;rbs_motif=TAA;rbs_spacer=12bp;genetic_code=11;gc_cont=0.437	GENOMAD.143051.CP	2.036E-05	47	0
1_689 # 850984 # 851883 # -1 # ID=1_689;partial=00;start_type=ATG;rbs_motif=TAA;rbs_spacer=11bp;genetic_code=11;gc_cont=0.447	GENOMAD.054128.CC	2.636E-137	435	0
1_4291 # 5105636 # 5106265 # 1 # ID=1_4291;partial=00;start_type=ATG;rbs_motif=TAAAAA;rbs_spacer=9bp;genetic_code=11;gc_cont=0.452	GENOMAD.017141.CC	1.991E-21	95	0
2_72 # 77124 # 78083 # 1 # ID=2_72;partial=01;start_type=ATG;rbs_motif=AAAA;rbs_spacer=11bp;genetic_code=11;gc_cont=0.382	GENOMAD.221005.PV	2.801E-33	134	2561
3_32 # 44628 # 45953 # -1 # ID=3_32;partial=00;start_type=ATG;rbs_motif=TAAAAA;rbs_spacer=10bp;genetic_code=11;gc_cont=0.407	GENOMAD.216440.CP	3.509E-15	81	0
1_535 # 690251 # 693556 # 1 # ID=1_535;partial=00;start_type=ATG;rbs_motif=TAAAAA;rbs_spacer=8bp;genetic_code=11;gc_cont=0.445	GENOMAD.145895.CP	4.877E-22	106	0
1_567 # 723417 # 725072 # -1 # ID=1_567;partial=00;start_type=ATG;rbs_motif=TAAA;rbs_spacer=13bp;genetic_code=11;gc_cont=0.426	GENOMAD.125721.VV	3.189E-04	46	2561
1_631 # 789247 # 791769 # 1 # ID=1_631;partial=00;start_type=ATG;rbs_motif=AAA;rbs_spacer=3bp;genetic_code=11;gc_cont=0.454	GENOMAD.123924.CP	1.959E-87	312	2561
1_663 # 823397 # 824122 # -1 # ID=1_663;partial=00;start_type=ATG;rbs_motif=TAAA;rbs_spacer=12bp;genetic_code=11;gc_cont=0.461	GENOMAD.123098.CP	6.628E-43	159	0
1_791 # 968596 # 969795 # 1 # ID=1_791;partial=00;start_type=ATG;rbs_motif=TAA;rbs_spacer=9bp;genetic_code=11;gc_cont=0.472	GENOMAD.099160.CP	2.634E-10	65	0
1_1850 # 2169720 # 2170898 # -1 # ID=1_1850;partial=00;start_type=ATG;rbs_motif=AACAA;rbs_spacer=5bp;genetic_code=11;gc_cont=0.433	GENOMAD.055145.CC	4.434E-141	451	0
1_1882 # 2204473 # 2204802 # -1 # ID=1_1882;partial=00;start_type=ATG;rbs_motif=TAA;rbs_spacer=11bp;genetic_code=11;gc_cont=0.430	GENOMAD.193983.CP	2.400E-22	93	0
1_1914 # 2242098 # 2242433 # -1 # ID=1_1914;partial=00;start_type=ATG;rbs_motif=TAAA;rbs_spacer=14bp;genetic_code=11;gc_cont=0.384	GENOMAD.003877.CC	2.326E-55	188	0
1_2010 # 2357306 # 2357539 # 1 # ID=1_2010;partial=00;start_type=ATG;rbs_motif=AAA;rbs_spacer=12bp;genetic_code=11;gc_cont=0.423	GENOMAD.147817.CP	3.793E-05	42	0
1_2042 # 2398144 # 2399319 # -1 # ID=1_2042;partial=00;start_type=ATG;rbs_motif=TAAA;rbs_spacer=12bp;genetic_code=11;gc_cont=0.455	GENOMAD.206034.CP	3.248E-32	133	0
1_2138 # 2495511 # 2495816 # -1 # ID=1_2138;partial=00;start_type=ATG;rbs_motif=TAAAAA;rbs_spacer=11bp;genetic_code=11;gc_cont=0.428	GENOMAD.129620.CP	2.132E-12	64	0
1_421 # 552036 # 554624 # -1 # ID=1_421;partial=00;start_type=ATG;rbs_motif=AATAA;rbs_spacer=5bp;genetic_code=11;gc_cont=0.418	GENOMAD.146343.VC	6.266E-29	128	2561
1_549 # 709828 # 711057 # 1 # ID=1_549;partial=00;start_type=ATG;rbs_motif=TAAAAA;rbs_spacer=9bp;genetic_code=11;gc_cont=0.477	GENOMAD.057710.VV	1.130E-20	98	2561
1_613 # 764051 # 764524 # -1 # ID=1_613;partial=00;start_type=ATG;rbs_motif=TAA;rbs_spacer=11bp;genetic_code=11;gc_cont=0.456	GENOMAD.036439.CC	5.295E-35	132	0
1_645 # 804851 # 806239 # 1 # ID=1_645;partial=00;start_type=ATG;rbs_motif=AAA;rbs_spacer=6bp;genetic_code=11;gc_cont=0.290	GENOMAD.190711.CP	3.013E-09	62	0
1_677 # 837412 # 837804 # 1 # ID=1_677;partial=00;start_type=ATG;rbs_motif=TAA;rbs_spacer=11bp;genetic_code=11;gc_cont=0.435	GENOMAD.015068.CC	1.423E-20	89	0
1_540 # 698628 # 699896 # 1 # ID=1_540;partial=00;start_type=ATG;rbs_motif=TAAAAA;rbs_spacer=8bp;genetic_code=11;gc_cont=0.464	GENOMAD.179055.CP	2.592E-05	49	0
1_636 # 795696 # 797570 # -1 # ID=1_636;partial=00;start_type=ATG;rbs_motif=AAA;rbs_spacer=5bp;genetic_code=11;gc_cont=0.505	GENOMAD.030548.CC	6.377E-153	497	0
1_732 # 905407 # 906213 # 1 # ID=1_732;partial=00;start_type=ATG;rbs_motif=TAAA;rbs_spacer=12bp;genetic_code=11;gc_cont=0.387	GENOMAD.168274.VV	4.606E-05	47	0
3_2 # 2955 # 4349 # 1 # ID=3_2;partial=00;start_type=ATG;rbs_motif=TAA;rbs_spacer=11bp;genetic_code=11;gc_cont=0.429	GENOMAD.130364.CP	3.083E-35	144	0
3_34 # 46762 # 47118 # -1 # ID=3_34;partial=00;start_type=ATG;rbs_motif=TAA;rbs_spacer=5bp;genetic_code=11;gc_cont=0.373	GENOMAD.142658.CP	2.353E-18	82	2561
4_7 # 5249 # 5893 # 1 # ID=4_7;partial=00;start_type=ATG;rbs_motif=TAAAAA;rbs_spacer=7bp;genetic_code=11;gc_cont=0.411	GENOMAD.124379.CP	2.657E-18	86	0
1_2392 # 2792363 # 2793877 # -1 # ID=1_2392;partial=00;start_type=ATG;rbs_motif=TAAAAA;rbs_spacer=12bp;genetic_code=11;gc_cont=0.472	GENOMAD.137579.CP	4.942E-07	55	0
1_2424 # 2829363 # 2830346 # 1 # ID=1_2424;partial=00;start_type=ATG;rbs_motif=TAAA;rbs_spacer=11bp;genetic_code=11;gc_cont=0.478	GENOMAD.152362.CV	2.324E-68	237	0
1_2456 # 2879571 # 2881688 # 1 # ID=1_2456;partial=00;start_type=ATG;rbs_motif=AACAA;rbs_spacer=10bp;genetic_code=11;gc_cont=0.546	GENOMAD.148504.VP	8.339E-92	321	2561
1_2488 # 2927324 # 2930047 # -1 # ID=1_2488;partial=00;start_type=ATG;rbs_motif=AATAA;rbs_spacer=6bp;genetic_code=11;gc_cont=0.524	GENOMAD.153318.PC	7.710E-12	72	0
1_2520 # 2968350 # 2969786 # 1 # ID=1_2520;partial=00;start_type=ATG;rbs_motif=TAA;rbs_spacer=9bp;genetic_code=11;gc_cont=0.463	GENOMAD.148257.CP	9.557E-92	312	0
1_2584 # 3052668 # 3054506 # 1 # ID=1_2584;partial=00;start_type=ATG;rbs_motif=TAA;rbs_spacer=11bp;genetic_code=11;gc_cont=0.481	GENOMAD.157895.CP	5.846E-10	65	2561
1_1506 # 1802792 # 1805125 # 1 # ID=1_1506;partial=00;start_type=ATG;rbs_motif=TAAAA;rbs_spacer=12bp;genetic_code=11;gc_cont=0.460	GENOMAD.108033.CP	4.548E-07	56	2561
1_2940 # 3460331 # 3462124 # -1 # ID=1_2940;partial=00;start_type=ATG;rbs_motif=TAA;rbs_spacer=12bp;genetic_code=11;gc_cont=0.446	GENOMAD.123514.CP	6.015E-18	91	2561
1_3036 # 3580398 # 3580751 # 1 # ID=1_3036;partial=00;start_type=ATG;rbs_motif=TAAAAA;rbs_spacer=10bp;genetic_code=11;gc_cont=0.390	GENOMAD.192295.VV	4.557E-19	84	0
1_3068 # 3623109 # 3623360 # -1 # ID=1_3068;partial=00;start_type=ATG;rbs_motif=None;rbs_spacer=None;genetic_code=11;gc_cont=0.429	GENOMAD.037230.VV	3.451E-08	51	2561
1_2585 # 3054530 # 3055195 # 1 # ID=1_2585;partial=00;start_type=ATG;rbs_motif=TAA;rbs_spacer=12bp;genetic_code=11;gc_cont=0.497	GENOMAD.197329.CP	5.453E-04	43	0
1_1606 # 1901122 # 1901799 # 1 # ID=1_1606;partial=00;start_type=ATG;rbs_motif=None;rbs_spacer=None;genetic_code=11;gc_cont=0.538	GENOMAD.038322.VV	3.240E-107	344	2561
1_1638 # 1931845 # 1933056 # 1 # ID=1_1638;partial=00;start_type=ATG;rbs_motif=TAAAAA;rbs_spacer=10bp;genetic_code=11;gc_cont=0.507	GENOMAD.057710.VV	8.721E-19	92	2561
1_1670 # 1966969 # 1968018 # -1 # ID=1_1670;partial=00;start_type=ATG;rbs_motif=TAAAAA;rbs_spacer=8bp;genetic_code=11;gc_cont=0.486	GENOMAD.145252.CP	9.386E-44	166	0
1_1734 # 2041311 # 2042525 # 1 # ID=1_1734;partial=00;start_type=ATG;rbs_motif=AACAA;rbs_spacer=5bp;genetic_code=11;gc_cont=0.352	GENOMAD.169379.CV	5.282E-96	321	2790
1_1766 # 2077640 # 2079127 # -1 # ID=1_1766;partial=00;start_type=ATG;rbs_motif=TAA;rbs_spacer=15bp;genetic_code=11;gc_cont=0.514	GENOMAD.123417.CP	4.649E-112	372	0
1_1798 # 2117928 # 2119559 # -1 # ID=1_1798;partial=00;start_type=ATG;rbs_motif=TAA;rbs_spacer=11bp;genetic_code=11;gc_cont=0.483	GENOMAD.218847.CV	4.889E-28	123	0
1_3536 # 4166108 # 4167781 # 1 # ID=1_3536;partial=00;start_type=ATG;rbs_motif=TAAA;rbs_spacer=9bp;genetic_code=11;gc_cont=0.456	GENOMAD.001874.CC	1.052E-76	271	0
1_3568 # 4212863 # 4213669 # -1 # ID=1_3568;partial=00;start_type=ATG;rbs_motif=TAAA;rbs_spacer=8bp;genetic_code=11;gc_cont=0.460	GENOMAD.123061.CP	2.137E-17	85	0
1_3600 # 4246966 # 4247487 # 1 # ID=1_3600;partial=00;start_type=ATG;rbs_motif=AAAAA;rbs_spacer=11bp;genetic_code=11;gc_cont=0.443	GENOMAD.190437.CP	8.633E-17	80	0
1_3632 # 4306594 # 4307610 # -1 # ID=1_3632;partial=00;start_type=GTG;rbs_motif=TAA;rbs_spacer=8bp;genetic_code=11;gc_cont=0.452	GENOMAD.117361.CP	3.074E-04	45	0
1_3664 # 4344229 # 4346733 # 1 # ID=1_3664;partial=00;start_type=ATG;rbs_motif=AAA;rbs_spacer=12bp;genetic_code=11;gc_cont=0.572	GENOMAD.183332.PC	9.290E-17	88	0
1_3135 # 3702297 # 3703142 # -1 # ID=1_3135;partial=00;start_type=ATG;rbs_motif=TAA;rbs_spacer=13bp;genetic_code=11;gc_cont=0.404	GENOMAD.094189.CV	1.514E-07	55	0
1_3167 # 3744489 # 3745301 # -1 # ID=1_3167;partial=00;start_type=ATG;rbs_motif=AAAAA;rbs_spacer=10bp;genetic_code=11;gc_cont=0.417	GENOMAD.114974.CP	7.667E-10	62	0
1_3199 # 3787818 # 3789005 # -1 # ID=1_3199;partial=00;start_type=ATG;rbs_motif=TAA;rbs_spacer=13bp;genetic_code=11;gc_cont=0.490	GENOMAD.198245.CP	7.087E-118	384	0
1_2400 # 2805447 # 2805749 # -1 # ID=1_2400;partial=00;start_type=ATG;rbs_motif=TAAAA;rbs_spacer=3bp;genetic_code=11;gc_cont=0.449	GENOMAD.012519.CC	9.167E-52	177	0
1_2464 # 2891315 # 2892583 # 1 # ID=1_2464;partial=00;start_type=ATG;rbs_motif=AACAA;rbs_spacer=11bp;genetic_code=11;gc_cont=0.459	GENOMAD.016511.CC	1.340E-33	138	0
1_1747 # 2054941 # 2056239 # -1 # ID=1_1747;partial=00;start_type=ATG;rbs_motif=None;rbs_spacer=None;genetic_code=11;gc_cont=0.409	GENOMAD.108089.CP	8.835E-12	70	2561
1_1779 # 2092111 # 2092596 # -1 # ID=1_1779;partial=00;start_type=ATG;rbs_motif=TAAAAA;rbs_spacer=9bp;genetic_code=11;gc_cont=0.481	GENOMAD.142079.CP	1.225E-44	160	0
1_1811 # 2132471 # 2132914 # 1 # ID=1_1811;partial=00;start_type=ATG;rbs_motif=TAGAA;rbs_spacer=8bp;genetic_code=11;gc_cont=0.536	GENOMAD.039329.VV	1.623E-26	107	2561
1_3506 # 4131119 # 4131559 # -1 # ID=1_3506;partial=00;start_type=ATG;rbs_motif=AACAA;rbs_spacer=12bp;genetic_code=11;gc_cont=0.397	GENOMAD.000930.CC	6.771E-07	50	0
1_3602 # 4250542 # 4252245 # 1 # ID=1_3602;partial=00;start_type=ATG;rbs_motif=AATAA;rbs_spacer=10bp;genetic_code=11;gc_cont=0.454	GENOMAD.009472.CC	1.071E-137	450	0
1_3698 # 4378761 # 4379093 # -1 # ID=1_3698;partial=00;start_type=ATG;rbs_motif=TAA;rbs_spacer=15bp;genetic_code=11;gc_cont=0.417	GENOMAD.000108.CC	2.482E-30	116	0
1_887 # 1084824 # 1085612 # 1 # ID=1_887;partial=00;start_type=ATG;rbs_motif=TAAA;rbs_spacer=13bp;genetic_code=11;gc_cont=0.412	GENOMAD.127001.CP	1.950E-37	144	2561
1_1869 # 2188821 # 2189804 # -1 # ID=1_1869;partial=00;start_type=ATG;rbs_motif=TAA;rbs_spacer=11bp;genetic_code=11;gc_cont=0.348	GENOMAD.047221.CC	3.825E-61	216	0
1_1901 # 2224689 # 2226797 # 1 # ID=1_1901;partial=00;start_type=ATG;rbs_motif=TAAAAA;rbs_spacer=3bp;genetic_code=11;gc_cont=0.488	GENOMAD.121427.CP	4.336E-22	105	0
1_1933 # 2265408 # 2265704 # -1 # ID=1_1933;partial=00;start_type=ATG;rbs_motif=TAA;rbs_spacer=11bp;genetic_code=11;gc_cont=0.475	GENOMAD.194468.CP	4.238E-04	40	0
1_1997 # 2343012 # 2343785 # 1 # ID=1_1997;partial=00;start_type=ATG;rbs_motif=TAA;rbs_spacer=14bp;genetic_code=11;gc_cont=0.488	GENOMAD.161415.CP	4.009E-47	172	0
1_2669 # 3142535 # 3143185 # -1 # ID=1_2669;partial=00;start_type=ATG;rbs_motif=TAAA;rbs_spacer=7bp;genetic_code=11;gc_cont=0.432	GENOMAD.177550.PC	3.595E-28	115	0
1_2701 # 3185316 # 3185918 # 1 # ID=1_2701;partial=00;start_type=ATG;rbs_motif=AATAA;rbs_spacer=9bp;genetic_code=11;gc_cont=0.396	GENOMAD.178655.CP	1.593E-20	92	0
1_1757 # 2067325 # 2068089 # -1 # ID=1_1757;partial=00;start_type=ATG;rbs_motif=TAA;rbs_spacer=4bp;genetic_code=11;gc_cont=0.499	GENOMAD.146324.CP	3.624E-04	44	0
1_1789 # 2105995 # 2107896 # 1 # ID=1_1789;partial=00;start_type=ATG;rbs_motif=TAA;rbs_spacer=5bp;genetic_code=11;gc_cont=0.524	GENOMAD.146508.CP	3.839E-72	260	0
1_1821 # 2140820 # 2141017 # 1 # ID=1_1821;partial=00;start_type=ATG;rbs_motif=TAAA;rbs_spacer=13bp;genetic_code=11;gc_cont=0.485	GENOMAD.127248.CP	2.392E-11	59	0
1_1853 # 2173297 # 2173761 # -1 # ID=1_1853;partial=00;start_type=ATG;rbs_motif=TAAAAA;rbs_spacer=8bp;genetic_code=11;gc_cont=0.486	GENOMAD.123039.CP	6.498E-12	65	0
1_1885 # 2207408 # 2208652 # 1 # ID=1_1885;partial=00;start_type=ATG;rbs_motif=TAA;rbs_spacer=11bp;genetic_code=11;gc_cont=0.373	GENOMAD.216237.CP	1.092E-31	132	0
1_1917 # 2243891 # 2245189 # -1 # ID=1_1917;partial=00;start_type=ATG;rbs_motif=AACAA;rbs_spacer=15bp;genetic_code=11;gc_cont=0.439	GENOMAD.136839.CP	8.835E-12	70	0
1_354 # 472856 # 474373 # 1 # ID=1_354;partial=00;start_type=ATG;rbs_motif=TAA;rbs_spacer=11bp;genetic_code=11;gc_cont=0.270	GENOMAD.176719.CP	1.120E-115	383	2561
1_418 # 549170 # 550183 # 1 # ID=1_418;partial=00;start_type=ATG;rbs_motif=TAAAAA;rbs_spacer=12bp;genetic_code=11;gc_cont=0.361	GENOMAD.002441.CC	2.162E-193	599	0
1_482 # 625954 # 626628 # 1 # ID=1_482;partial=00;start_type=ATG;rbs_motif=None;rbs_spacer=None;genetic_code=11;gc_cont=0.384	GENOMAD.222381.PV	1.493E-06	51	0
1_4128 # 4928987 # 4929832 # -1 # ID=1_4128;partial=00;start_type=ATG;rbs_motif=TAGAA;rbs_spacer=7bp;genetic_code=11;gc_cont=0.502	GENOMAD.132209.CP	1.486E-90	299	0
1_3951 # 4688941 # 4689177 # -1 # ID=1_3951;partial=00;start_type=ATG;rbs_motif=TAAAAA;rbs_spacer=9bp;genetic_code=11;gc_cont=0.401	GENOMAD.088690.VV	1.987E-04	40	2561
1_4330 # 5158862 # 5160301 # 1 # ID=1_4330;partial=00;start_type=ATG;rbs_motif=None;rbs_spacer=None;genetic_code=11;gc_cont=0.417	GENOMAD.005514.CC	9.236E-07	54	0
1_4362 # 5205708 # 5206616 # 1 # ID=1_4362;partial=00;start_type=ATG;rbs_motif=TAAA;rbs_spacer=11bp;genetic_code=11;gc_cont=0.496	GENOMAD.153297.CP	6.833E-06	50	0
2_47 # 40553 # 43216 # -1 # ID=2_47;partial=00;start_type=ATG;rbs_motif=AATAA;rbs_spacer=5bp;genetic_code=11;gc_cont=0.415	GENOMAD.198157.VP	5.096E-64	241	2561
3_7 # 12500 # 13645 # 1 # ID=3_7;partial=00;start_type=ATG;rbs_motif=TAAAAA;rbs_spacer=10bp;genetic_code=11;gc_cont=0.473	GENOMAD.168595.CP	2.187E-05	49	0
3_39 # 48613 # 49323 # -1 # ID=3_39;partial=00;start_type=ATG;rbs_motif=TAAAAA;rbs_spacer=7bp;genetic_code=11;gc_cont=0.404	GENOMAD.120745.CP	1.523E-39	149	0
1_622 # 774124 # 774801 # -1 # ID=1_622;partial=00;start_type=ATG;rbs_motif=None;rbs_spacer=None;genetic_code=11;gc_cont=0.438	GENOMAD.160363.CP	7.879E-09	58	0
1_654 # 814763 # 815869 # 1 # ID=1_654;partial=00;start_type=ATG;rbs_motif=AACAA;rbs_spacer=14bp;genetic_code=11;gc_cont=0.288	GENOMAD.136493.CP	1.851E-38	151	0
1_686 # 846497 # 848134 # 1 # ID=1_686;partial=00;start_type=ATG;rbs_motif=TAA;rbs_spacer=11bp;genetic_code=11;gc_cont=0.471	GENOMAD.147756.CP	4.042E-190	601	0
1_750 # 921707 # 922426 # 1 # ID=1_750;partial=00;start_type=ATG;rbs_motif=None;rbs_spacer=None;genetic_code=11;gc_cont=0.314	GENOMAD.033732.VV	2.438E-16	81	2561
1_69 # 94577 # 100357 # 1 # ID=1_69;partial=00;start_type=ATG;rbs_motif=TAA;rbs_spacer=11bp;genetic_code=11;gc_cont=0.449	GENOMAD.151720.CP	3.518E-158	552	0
1_133 # 179794 # 181278 # -1 # ID=1_133;partial=00;start_type=ATG;rbs_motif=TAAA;rbs_spacer=11bp;genetic_code=11;gc_cont=0.522	GENOMAD.109407.CP	4.977E-20	97	0
1_1626 # 1917420 # 1917863 # 1 # ID=1_1626;partial=00;start_type=ATG;rbs_motif=TAAA;rbs_spacer=11bp;genetic_code=11;gc_cont=0.514	GENOMAD.094543.VV	5.291E-39	143	2561
1_1754 # 2060638 # 2065074 # 1 # ID=1_1754;partial=00;start_type=ATG;rbs_motif=None;rbs_spacer=None;genetic_code=11;gc_cont=0.446	GENOMAD.002703.CC	1.872E-301	969	0
1_1786 # 2101517 # 2102926 # 1 # ID=1_1786;partial=00;start_type=ATG;rbs_motif=AAA;rbs_spacer=11bp;genetic_code=11;gc_cont=0.518	GENOMAD.129523.CP	9.727E-28	121	0
1_1988 # 2330844 # 2332364 # 1 # ID=1_1988;partial=00;start_type=ATG;rbs_motif=TAAA;rbs_spacer=11bp;genetic_code=11;gc_cont=0.321	GENOMAD.209307.CV	5.896E-16	84	0
1_2020 # 2367094 # 2368428 # -1 # ID=1_2020;partial=00;start_type=ATG;rbs_motif=TAAA;rbs_spacer=6bp;genetic_code=11;gc_cont=0.480	GENOMAD.162565.CP	3.912E-11	68	0
1_1490 # 1783706 # 1784275 # -1 # ID=1_1490;partial=00;start_type=ATG;rbs_motif=AATAA;rbs_spacer=5bp;genetic_code=11;gc_cont=0.433	GENOMAD.133841.CP	5.773E-19	87	0
1_1586 # 1892666 # 1893166 # -1 # ID=1_1586;partial=00;start_type=ATG;rbs_motif=TAA;rbs_spacer=12bp;genetic_code=11;gc_cont=0.377	GENOMAD.147273.VC	1.908E-67	226	2561
1_1618 # 1911581 # 1912051 # 1 # ID=1_1618;partial=00;start_type=ATG;rbs_motif=TAAAAA;rbs_spacer=8bp;genetic_code=11;gc_cont=0.514	GENOMAD.019829.VV	1.994E-45	162	2561
1_1650 # 1945642 # 1947360 # -1 # ID=1_1650;partial=00;start_type=ATG;rbs_motif=TAAAA;rbs_spacer=3bp;genetic_code=11;gc_cont=0.445	GENOMAD.123514.CP	3.003E-28	124	2561
1_3273 # 3870275 # 3871363 # -1 # ID=1_3273;partial=00;start_type=ATG;rbs_motif=TAAAAA;rbs_spacer=10bp;genetic_code=11;gc_cont=0.504	GENOMAD.142533.VC	5.623E-07	54	0
1_3305 # 3906249 # 3909470 # -1 # ID=1_3305;partial=00;start_type=ATG;rbs_motif=AATAA;rbs_spacer=5bp;genetic_code=11;gc_cont=0.457	GENOMAD.114390.CP	7.317E-04	46	0
1_3599 # 4245503 # 4246630 # -1 # ID=1_3599;partial=00;start_type=ATG;rbs_motif=TAAA;rbs_spacer=11bp;genetic_code=11;gc_cont=0.383	GENOMAD.177190.CP	1.106E-16	85	0
1_3663 # 4343900 # 4344232 # 1 # ID=1_3663;partial=00;start_type=ATG;rbs_motif=AATAA;rbs_spacer=7bp;genetic_code=11;gc_cont=0.541	GENOMAD.194837.PC	4.468E-48	167	0
1_3791 # 4498269 # 4500752 # -1 # ID=1_3791;partial=00;start_type=ATG;rbs_motif=TAA;rbs_spacer=11bp;genetic_code=11;gc_cont=0.503	GENOMAD.176514.CP	4.022E-06	53	0
1_3823 # 4539779 # 4541152 # 1 # ID=1_3823;partial=00;start_type=ATG;rbs_motif=TAA;rbs_spacer=11bp;genetic_code=11;gc_cont=0.460	GENOMAD.000877.CC	2.077E-07	56	0
1_3855 # 4569950 # 4570777 # 1 # ID=1_3855;partial=00;start_type=ATG;rbs_motif=TAA;rbs_spacer=12bp;genetic_code=11;gc_cont=0.378	GENOMAD.041822.CC	3.130E-132	419	0
1_3887 # 4611501 # 4612208 # -1 # ID=1_3887;partial=00;start_type=ATG;rbs_motif=TAAA;rbs_spacer=12bp;genetic_code=11;gc_cont=0.398	GENOMAD.130302.CV	3.632E-06	50	2561
1_4312 # 5135796 # 5137760 # 1 # ID=1_4312;partial=00;start_type=ATG;rbs_motif=TAA;rbs_spacer=14bp;genetic_code=11;gc_cont=0.437	GENOMAD.148232.CP	1.477E-17	90	0
1_4344 # 5180753 # 5182579 # 1 # ID=1_4344;partial=00;start_type=ATG;rbs_motif=TAA;rbs_spacer=15bp;genetic_code=11;gc_cont=0.554	GENOMAD.118472.CP	2.149E-16	86	2561
1_4376 # 5229326 # 5231665 # -1 # ID=1_4376;partial=00;start_type=ATG;rbs_motif=TAA;rbs_spacer=12bp;genetic_code=11;gc_cont=0.465	GENOMAD.136373.CP	1.125E-07	58	0
2_61 # 55333 # 57129 # 1 # ID=2_61;partial=00;start_type=ATG;rbs_motif=AAAA;rbs_spacer=11bp;genetic_code=11;gc_cont=0.376	GENOMAD.151075.PC	7.059E-149	484	0
3_21 # 32273 # 33205 # -1 # ID=3_21;partial=00;start_type=ATG;rbs_motif=TATAA;rbs_spacer=3bp;genetic_code=11;gc_cont=0.472	GENOMAD.108638.CP	9.363E-62	217	0
1_3829 # 4549373 # 4550440 # 1 # ID=1_3829;partial=00;start_type=ATG;rbs_motif=TAAA;rbs_spacer=11bp;genetic_code=11;gc_cont=0.341	GENOMAD.182846.CV	4.648E-11	67	0
1_3893 # 4616800 # 4618677 # -1 # ID=1_3893;partial=00;start_type=ATG;rbs_motif=TAA;rbs_spacer=11bp;genetic_code=11;gc_cont=0.442	GENOMAD.074473.CV	1.915E-220	693	2561
1_3925 # 4653860 # 4654501 # 1 # ID=1_3925;partial=00;start_type=ATG;rbs_motif=TAAAAA;rbs_spacer=11bp;genetic_code=11;gc_cont=0.456	GENOMAD.168409.CP	4.679E-34	132	0
1_4021 # 4775446 # 4776780 # -1 # ID=1_4021;partial=00;start_type=ATG;rbs_motif=TAAA;rbs_spacer=15bp;genetic_code=11;gc_cont=0.446	GENOMAD.029368.CC	8.021E-100	334	0
1_4053 # 4817452 # 4821069 # -1 # ID=1_4053;partial=00;start_type=ATG;rbs_motif=TAA;rbs_spacer=14bp;genetic_code=11;gc_cont=0.474	GENOMAD.147511.CP	7.408E-252	812	0
1_4095 # 4889016 # 4892066 # -1 # ID=1_4095;partial=00;start_type=ATG;rbs_motif=TAA;rbs_spacer=11bp;genetic_code=11;gc_cont=0.487	GENOMAD.136373.CP	4.824E-09	63	0
1_4127 # 4927033 # 4928955 # -1 # ID=1_4127;partial=00;start_type=ATG;rbs_motif=TAAA;rbs_spacer=11bp;genetic_code=11;gc_cont=0.500	GENOMAD.140656.CP	4.747E-05	49	0
1_4191 # 5004024 # 5004788 # 1 # ID=1_4191;partial=00;start_type=ATG;rbs_motif=None;rbs_spacer=None;genetic_code=11;gc_cont=0.458	GENOMAD.142598.VC	1.874E-65	225	2561
1_4287 # 5100505 # 5102091 # -1 # ID=1_4287;partial=00;start_type=ATG;rbs_motif=TAA;rbs_spacer=11bp;genetic_code=11;gc_cont=0.473	GENOMAD.168467.CP	4.400E-06	52	0
1_4351 # 5191323 # 5191730 # 1 # ID=1_4351;partial=00;start_type=ATG;rbs_motif=TAAA;rbs_spacer=11bp;genetic_code=11;gc_cont=0.456	GENOMAD.146164.VC	9.382E-19	84	2561
2_4 # 3823 # 4452 # 1 # ID=2_4;partial=00;start_type=ATG;rbs_motif=AAAAAA;rbs_spacer=7bp;genetic_code=11;gc_cont=0.330	GENOMAD.181268.PP	1.137E-40	151	0
1_1800 # 2121017 # 2121574 # -1 # ID=1_1800;partial=00;start_type=ATG;rbs_motif=TAAA;rbs_spacer=8bp;genetic_code=11;gc_cont=0.563	GENOMAD.207103.CV	3.567E-09	58	2561
1_1896 # 2217899 # 2219329 # -1 # ID=1_1896;partial=00;start_type=ATG;rbs_motif=AAA;rbs_spacer=12bp;genetic_code=11;gc_cont=0.405	GENOMAD.132933.CP	3.407E-65	234	0
1_1960 # 2301350 # 2303776 # 1 # ID=1_1960;partial=00;start_type=ATG;rbs_motif=AACAA;rbs_spacer=11bp;genetic_code=11;gc_cont=0.408	GENOMAD.016511.CC	1.318E-11	71	0
1_1992 # 2336191 # 2340456 # 1 # ID=1_1992;partial=00;start_type=ATG;rbs_motif=AACAA;rbs_spacer=8bp;genetic_code=11;gc_cont=0.523	GENOMAD.136196.CP	0.000E+00	2320	0
1_2024 # 2371580 # 2372719 # 1 # ID=1_2024;partial=00;start_type=TTG;rbs_motif=TAAAAA;rbs_spacer=12bp;genetic_code=11;gc_cont=0.448	GENOMAD.127125.CP	2.067E-24	109	2561
1_114 # 152250 # 153551 # 1 # ID=1_114;partial=00;start_type=ATG;rbs_motif=TAAAA;rbs_spacer=12bp;genetic_code=11;gc_cont=0.480	GENOMAD.161893.CP	3.146E-10	65	0
1_146 # 194361 # 195701 # -1 # ID=1_146;partial=00;start_type=ATG;rbs_motif=AATAA;rbs_spacer=7bp;genetic_code=11;gc_cont=0.472	GENOMAD.171225.CP	1.386E-09	63	0
1_178 # 240016 # 240840 # -1 # ID=1_178;partial=00;start_type=ATG;rbs_motif=AATAA;rbs_spacer=6bp;genetic_code=11;gc_cont=0.442	GENOMAD.137826.CP	2.063E-04	45	0
1_210 # 281975 # 283450 # -1 # ID=1_210;partial=00;start_type=ATG;rbs_motif=None;rbs_spacer=None;genetic_code=11;gc_cont=0.381	GENOMAD.220096.CP	1.761E-73	259	0
1_274 # 371371 # 373659 # -1 # ID=1_274;partial=00;start_type=ATG;rbs_motif=AACAA;rbs_spacer=12bp;genetic_code=11;gc_cont=0.480	GENOMAD.113526.CP	3.896E-53	205	2561
1_306 # 410876 # 412669 # 1 # ID=1_306;partial=00;start_type=ATG;rbs_motif=TAAA;rbs_spacer=13bp;genetic_code=11;gc_cont=0.434	GENOMAD.162299.VC	8.723E-05	48	2561
1_338 # 457826 # 458860 # 1 # ID=1_338;partial=00;start_type=ATG;rbs_motif=TAAA;rbs_spacer=14bp;genetic_code=11;gc_cont=0.447	GENOMAD.162560.VC	2.472E-07	55	2561
1_370 # 488925 # 490988 # -1 # ID=1_370;partial=00;start_type=ATG;rbs_motif=AAAAA;rbs_spacer=8bp;genetic_code=11;gc_cont=0.414	GENOMAD.134200.CP	2.330E-08	60	0
1_402 # 533527 # 533922 # -1 # ID=1_402;partial=00;start_type=ATG;rbs_motif=AAAAA;rbs_spacer=4bp;genetic_code=11;gc_cont=0.364	GENOMAD.148005.CP	1.398E-29	115	0
1_3445 # 4063622 # 4064098 # -1 # ID=1_3445;partial=00;start_type=ATG;rbs_motif=AAA;rbs_spacer=3bp;genetic_code=11;gc_cont=0.396	GENOMAD.031610.CC	2.176E-45	162	0
1_3477 # 4103186 # 4103407 # -1 # ID=1_3477;partial=00;start_type=ATG;rbs_motif=TAAA;rbs_spacer=11bp;genetic_code=11;gc_cont=0.414	GENOMAD.004311.CC	1.219E-43	152	0
1_3509 # 4133569 # 4135695 # 1 # ID=1_3509;partial=00;start_type=ATG;rbs_motif=AACAA;rbs_spacer=5bp;genetic_code=11;gc_cont=0.453	GENOMAD.056657.CV	5.149E-189	606	2561
1_3541 # 4173089 # 4175026 # -1 # ID=1_3541;partial=00;start_type=ATG;rbs_motif=TAA;rbs_spacer=3bp;genetic_code=11;gc_cont=0.556	GENOMAD.125942.CP	1.377E-253	790	0
1_3573 # 4218565 # 4219326 # -1 # ID=1_3573;partial=00;start_type=ATG;rbs_motif=None;rbs_spacer=None;genetic_code=11;gc_cont=0.475	GENOMAD.223667.VP	5.722E-40	151	2561
1_3733 # 4420979 # 4421563 # 1 # ID=1_3733;partial=00;start_type=ATG;rbs_motif=AAAAA;rbs_spacer=5bp;genetic_code=11;gc_cont=0.434	GENOMAD.095386.CP	8.173E-04	42	0
1_1001 # 1249773 # 1250576 # -1 # ID=1_1001;partial=00;start_type=ATG;rbs_motif=AACAA;rbs_spacer=10bp;genetic_code=11;gc_cont=0.433	GENOMAD.211730.VP	1.920E-24	106	2561
1_1065 # 1312501 # 1314012 # 1 # ID=1_1065;partial=00;start_type=ATG;rbs_motif=None;rbs_spacer=None;genetic_code=11;gc_cont=0.491	GENOMAD.183788.CP	5.683E-04	45	0
1_1097 # 1354853 # 1357369 # 1 # ID=1_1097;partial=00;start_type=ATG;rbs_motif=AAGAA;rbs_spacer=6bp;genetic_code=11;gc_cont=0.445	GENOMAD.043924.VV	1.134E-10	68	2561
1_1129 # 1380691 # 1381572 # 1 # ID=1_1129;partial=00;start_type=ATG;rbs_motif=TAA;rbs_spacer=11bp;genetic_code=11;gc_cont=0.528	GENOMAD.056146.PP	4.938E-162	506	0
1_1225 # 1486117 # 1486518 # 1 # ID=1_1225;partial=00;start_type=ATG;rbs_motif=None;rbs_spacer=None;genetic_code=11;gc_cont=0.485	GENOMAD.003756.CC	4.963E-06	47	0
1_1224 # 1484731 # 1485978 # 1 # ID=1_1224;partial=00;start_type=ATG;rbs_motif=TAA;rbs_spacer=11bp;genetic_code=11;gc_cont=0.472	GENOMAD.077195.CP	1.526E-97	326	2561
1_1352 # 1629697 # 1630236 # 1 # ID=1_1352;partial=00;start_type=ATG;rbs_motif=AATAA;rbs_spacer=5bp;genetic_code=11;gc_cont=0.431	GENOMAD.085814.CV	1.426E-09	59	0
1_1384 # 1665367 # 1665981 # -1 # ID=1_1384;partial=00;start_type=ATG;rbs_motif=TAAAAA;rbs_spacer=11bp;genetic_code=11;gc_cont=0.397	GENOMAD.111867.VV	7.439E-34	131	2561
1_2858 # 3366764 # 3367930 # -1 # ID=1_2858;partial=00;start_type=ATG;rbs_motif=None;rbs_spacer=None;genetic_code=11;gc_cont=0.476	GENOMAD.101892.CP	7.785E-160	505	0
1_2890 # 3402495 # 3403457 # -1 # ID=1_2890;partial=00;start_type=ATG;rbs_motif=TAAAAA;rbs_spacer=7bp;genetic_code=11;gc_cont=0.433	GENOMAD.146326.VP	3.152E-71	245	2561
1_3018 # 3563791 # 3564237 # 1 # ID=1_3018;partial=00;start_type=ATG;rbs_motif=TAA;rbs_spacer=11bp;genetic_code=11;gc_cont=0.430	GENOMAD.126239.CP	7.635E-05	44	0
1_3050 # 3597415 # 3598884 # 1 # ID=1_3050;partial=00;start_type=ATG;rbs_motif=TAAA;rbs_spacer=9bp;genetic_code=11;gc_cont=0.495	GENOMAD.065668.CV	2.761E-58	214	2561
1_3082 # 3634513 # 3635244 # -1 # ID=1_3082;partial=00;start_type=ATG;rbs_motif=TAAA;rbs_spacer=12bp;genetic_code=11;gc_cont=0.332	GENOMAD.070889.VV	1.071E-22	100	2561
1_3114 # 3675132 # 3676475 # -1 # ID=1_3114;partial=00;start_type=TTG;rbs_motif=TAA;rbs_spacer=8bp;genetic_code=11;gc_cont=0.420	GENOMAD.006432.CC	4.422E-56	206	2561
1_3146 # 3723821 # 3725146 # -1 # ID=1_3146;partial=00;start_type=ATG;rbs_motif=None;rbs_spacer=None;genetic_code=11;gc_cont=0.434	GENOMAD.121831.CP	2.153E-38	153	2561
1_174 # 235498 # 236265 # -1 # ID=1_174;partial=00;start_type=ATG;rbs_motif=AATAA;rbs_spacer=9bp;genetic_code=11;gc_cont=0.440	GENOMAD.000113.CC	6.123E-26	110	0
1_238 # 325501 # 328767 # -1 # ID=1_238;partial=00;start_type=ATG;rbs_motif=AACAA;rbs_spacer=8bp;genetic_code=11;gc_cont=0.471	GENOMAD.128893.CP	9.843E-12	72	0
1_270 # 367383 # 368870 # -1 # ID=1_270;partial=00;start_type=ATG;rbs_motif=None;rbs_spacer=None;genetic_code=11;gc_cont=0.398	GENOMAD.018001.CC	4.720E-71	252	0
1_334 # 452183 # 453508 # 1 # ID=1_334;partial=00;start_type=ATG;rbs_motif=TAAA;rbs_spacer=11bp;genetic_code=11;gc_cont=0.407	GENOMAD.004111.CC	3.111E-61	221	0
1_398 # 531271 # 531870 # 1 # ID=1_398;partial=00;start_type=ATG;rbs_motif=AAA;rbs_spacer=11bp;genetic_code=11;gc_cont=0.410	GENOMAD.219238.CP	9.723E-14	72	0
1_430 # 560702 # 561220 # -1 # ID=1_430;partial=00;start_type=ATG;rbs_motif=TAA;rbs_spacer=13bp;genetic_code=11;gc_cont=0.399	GENOMAD.130333.CP	5.284E-11	63	0
1_1080 # 1335711 # 1336385 # -1 # ID=1_1080;partial=00;start_type=ATG;rbs_motif=TAAAAA;rbs_spacer=10bp;genetic_code=11;gc_cont=0.434	GENOMAD.039770.CC	2.697E-04	44	0
1_1144 # 1393387 # 1393938 # 1 # ID=1_1144;partial=00;start_type=ATG;rbs_motif=TAA;rbs_spacer=13bp;genetic_code=11;gc_cont=0.527	GENOMAD.024976.VV	7.446E-08	54	2561
1_1208 # 1464930 # 1465820 # -1 # ID=1_1208;partial=00;start_type=ATG;rbs_motif=AAAA;rbs_spacer=11bp;genetic_code=11;gc_cont=0.547	GENOMAD.160970.CP	2.410E-04	45	0
1_1240 # 1502866 # 1504854 # -1 # ID=1_1240;partial=00;start_type=ATG;rbs_motif=AAAAA;rbs_spacer=6bp;genetic_code=11;gc_cont=0.535	GENOMAD.091902.CP	1.632E-121	407	2561
1_854 # 1047936 # 1048907 # 1 # ID=1_854;partial=00;start_type=ATG;rbs_motif=AACAA;rbs_spacer=11bp;genetic_code=11;gc_cont=0.442	GENOMAD.145364.CP	2.155E-42	161	0
1_886 # 1084049 # 1084399 # 1 # ID=1_886;partial=00;start_type=ATG;rbs_motif=AAAAA;rbs_spacer=10bp;genetic_code=11;gc_cont=0.416	GENOMAD.080218.CV	8.848E-36	132	0
1_918 # 1137650 # 1139662 # 1 # ID=1_918;partial=00;start_type=ATG;rbs_motif=AATAA;rbs_spacer=6bp;genetic_code=11;gc_cont=0.409	GENOMAD.146044.CP	3.135E-17	89	2561
1_1014 # 1258907 # 1259116 # 1 # ID=1_1014;partial=00;start_type=ATG;rbs_motif=AATAA;rbs_spacer=10bp;genetic_code=11;gc_cont=0.329	GENOMAD.192259.CP	1.150E-12	63	0
1_1078 # 1332770 # 1334659 # 1 # ID=1_1078;partial=00;start_type=ATG;rbs_motif=TAA;rbs_spacer=13bp;genetic_code=11;gc_cont=0.424	GENOMAD.146490.CP	4.434E-12	72	0
1_3256 # 3849643 # 3850584 # -1 # ID=1_3256;partial=00;start_type=ATG;rbs_motif=AAA;rbs_spacer=11bp;genetic_code=11;gc_cont=0.429	GENOMAD.133618.CP	1.516E-11	68	0
1_3320 # 3926035 # 3927267 # -1 # ID=1_3320;partial=00;start_type=ATG;rbs_motif=None;rbs_spacer=None;genetic_code=11;gc_cont=0.416	GENOMAD.121780.CP	4.129E-08	58	0
1_3512 # 4137712 # 4141032 # 1 # ID=1_3512;partial=00;start_type=ATG;rbs_motif=AACAA;rbs_spacer=12bp;genetic_code=11;gc_cont=0.447	GENOMAD.145895.CP	7.054E-17	89	0
2_48 # 43225 # 44169 # -1 # ID=2_48;partial=00;start_type=ATG;rbs_motif=TAA;rbs_spacer=12bp;genetic_code=11;gc_cont=0.404	GENOMAD.151075.PC	1.237E-28	120	0
3_8 # 13670 # 15826 # 1 # ID=3_8;partial=00;start_type=ATG;rbs_motif=TAAA;rbs_spacer=11bp;genetic_code=11;gc_cont=0.491	GENOMAD.198164.CP	7.643E-21	101	0
5_4 # 1324 # 1866 # 1 # ID=5_4;partial=00;start_type=ATG;rbs_motif=TAA;rbs_spacer=3bp;genetic_code=11;gc_cont=0.444	GENOMAD.134034.PV	9.576E-82	268	0
1_12 # 7535 # 8767 # -1 # ID=1_12;partial=00;start_type=ATG;rbs_motif=TAAAAA;rbs_spacer=10bp;genetic_code=11;gc_cont=0.419	GENOMAD.057710.VV	1.198E-14	79	2561
1_44 # 60606 # 61799 # -1 # ID=1_44;partial=00;start_type=ATG;rbs_motif=AAA;rbs_spacer=10bp;genetic_code=11;gc_cont=0.477	GENOMAD.182163.CP	4.769E-05	48	0
1_76 # 107052 # 107945 # 1 # ID=1_76;partial=00;start_type=ATG;rbs_motif=TAA;rbs_spacer=13bp;genetic_code=11;gc_cont=0.414	GENOMAD.147295.CP	4.558E-09	60	0
1_108 # 143077 # 144744 # 1 # ID=1_108;partial=00;start_type=ATG;rbs_motif=AAA;rbs_spacer=12bp;genetic_code=11;gc_cont=0.451	GENOMAD.123514.CP	8.572E-26	116	2561
1_140 # 187334 # 187915 # -1 # ID=1_140;partial=00;start_type=ATG;rbs_motif=None;rbs_spacer=None;genetic_code=11;gc_cont=0.498	GENOMAD.115093.CP	4.229E-10	61	0
1_3062 # 3615898 # 3616842 # -1 # ID=1_3062;partial=00;start_type=ATG;rbs_motif=TAA;rbs_spacer=11bp;genetic_code=11;gc_cont=0.470	GENOMAD.081094.CV	1.259E-22	102	2561
1_3094 # 3646624 # 3647859 # -1 # ID=1_3094;partial=00;start_type=ATG;rbs_motif=TAAA;rbs_spacer=14bp;genetic_code=11;gc_cont=0.450	GENOMAD.171712.CP	9.981E-09	60	0
1_3126 # 3689773 # 3690231 # -1 # ID=1_3126;partial=00;start_type=ATG;rbs_motif=TAA;rbs_spacer=11bp;genetic_code=11;gc_cont=0.553	GENOMAD.110984.CP	5.710E-13	68	0
1_3350 # 3960147 # 3961502 # -1 # ID=1_3350;partial=00;start_type=ATG;rbs_motif=TAAA;rbs_spacer=11bp;genetic_code=11;gc_cont=0.433	GENOMAD.000260.CC	1.917E-90	307	0
1_4334 # 5165667 # 5167112 # 1 # ID=1_4334;partial=00;start_type=TTG;rbs_motif=AAA;rbs_spacer=12bp;genetic_code=11;gc_cont=0.378	GENOMAD.123514.CP	1.380E-22	105	2561
1_4366 # 5208911 # 5211313 # 1 # ID=1_4366;partial=00;start_type=ATG;rbs_motif=None;rbs_spacer=None;genetic_code=11;gc_cont=0.480	GENOMAD.176514.CP	7.760E-06	52	0
2_19 # 20916 # 21146 # -1 # ID=2_19;partial=00;start_type=ATG;rbs_motif=None;rbs_spacer=None;genetic_code=11;gc_cont=0.416	GENOMAD.219723.VP	2.620E-22	91	2561
3_43 # 54379 # 54714 # 1 # ID=3_43;partial=00;start_type=ATG;rbs_motif=TAAAAA;rbs_spacer=9bp;genetic_code=11;gc_cont=0.435	GENOMAD.054328.CC	1.561E-59	200	0
1_2896 # 3407036 # 3407500 # -1 # ID=1_2896;partial=00;start_type=ATG;rbs_motif=TAAAAA;rbs_spacer=9bp;genetic_code=11;gc_cont=0.391	GENOMAD.006284.CC	2.208E-43	156	0
1_2992 # 3531211 # 3533919 # -1 # ID=1_2992;partial=00;start_type=ATG;rbs_motif=TAA;rbs_spacer=11bp;genetic_code=11;gc_cont=0.422	GENOMAD.002512.CC	9.357E-144	482	0
1_3056 # 3606408 # 3609413 # -1 # ID=1_3056;partial=00;start_type=ATG;rbs_motif=None;rbs_spacer=None;genetic_code=11;gc_cont=0.457	GENOMAD.146053.CP	1.773E-11	71	2561
1_3088 # 3639491 # 3639838 # 1 # ID=1_3088;partial=00;start_type=ATG;rbs_motif=TAA;rbs_spacer=11bp;genetic_code=11;gc_cont=0.474	GENOMAD.141308.VP	8.266E-12	63	2561
1_2207 # 2569870 # 2570802 # -1 # ID=1_2207;partial=00;start_type=ATG;rbs_motif=AAAA;rbs_spacer=12bp;genetic_code=11;gc_cont=0.473	GENOMAD.001177.CC	3.514E-06	51	0
1_3108 # 3667908 # 3671288 # -1 # ID=1_3108;partial=00;start_type=ATG;rbs_motif=TAAA;rbs_spacer=8bp;genetic_code=11;gc_cont=0.443	GENOMAD.112845.CP	9.550E-05	49	0
1_3140 # 3710187 # 3712580 # -1 # ID=1_3140;partial=00;start_type=ATG;rbs_motif=TAA;rbs_spacer=12bp;genetic_code=11;gc_cont=0.470	GENOMAD.123010.CP	7.157E-64	239	0
1_3172 # 3753094 # 3756090 # 1 # ID=1_3172;partial=00;start_type=ATG;rbs_motif=TAA;rbs_spacer=11bp;genetic_code=11;gc_cont=0.489	GENOMAD.153525.CP	8.285E-05	49	0
1_3268 # 3865544 # 3866350 # -1 # ID=1_3268;partial=00;start_type=ATG;rbs_motif=TAA;rbs_spacer=11bp;genetic_code=11;gc_cont=0.470	GENOMAD.137938.CP	1.852E-41	156	0
1_3300 # 3901164 # 3901760 # -1 # ID=1_3300;partial=00;start_type=ATG;rbs_motif=TAAA;rbs_spacer=11bp;genetic_code=11;gc_cont=0.407	GENOMAD.013294.CC	1.010E-07	54	0
1_1995 # 2341792 # 2342118 # 1 # ID=1_1995;partial=00;start_type=ATG;rbs_motif=AAAAA;rbs_spacer=11bp;genetic_code=11;gc_cont=0.462	GENOMAD.170711.CP	4.998E-38	138	0
1_4261 # 5072350 # 5078166 # -1 # ID=1_4261;partial=00;start_type=ATG;rbs_motif=None;rbs_spacer=None;genetic_code=11;gc_cont=0.550	GENOMAD.208926.PC	8.368E-08	60	0
1_4325 # 5152492 # 5154198 # 1 # ID=1_4325;partial=00;start_type=ATG;rbs_motif=TAA;rbs_spacer=14bp;genetic_code=11;gc_cont=0.450	GENOMAD.151994.CP	6.235E-135	442	0
1_4357 # 5199571 # 5200872 # 1 # ID=1_4357;partial=00;start_type=ATG;rbs_motif=TAAA;rbs_spacer=7bp;genetic_code=11;gc_cont=0.530	GENOMAD.115163.CP	2.648E-27	119	0
1_1510 # 1807579 # 1808790 # 1 # ID=1_1510;partial=00;start_type=ATG;rbs_motif=TAAAAA;rbs_spacer=12bp;genetic_code=11;gc_cont=0.427	GENOMAD.025163.VV	8.331E-04	44	2561
1_1574 # 1882711 # 1883808 # -1 # ID=1_1574;partial=00;start_type=ATG;rbs_motif=AACAA;rbs_spacer=12bp;genetic_code=11;gc_cont=0.400	GENOMAD.060319.CP	1.721E-101	335	0
1_1545 # 1849318 # 1850103 # -1 # ID=1_1545;partial=00;start_type=ATG;rbs_motif=TAAAAA;rbs_spacer=9bp;genetic_code=11;gc_cont=0.429	GENOMAD.123111.CP	8.208E-97	316	0
1_1577 # 1887593 # 1888306 # 1 # ID=1_1577;partial=00;start_type=ATG;rbs_motif=TAA;rbs_spacer=15bp;genetic_code=11;gc_cont=0.424	GENOMAD.081519.CV	7.840E-68	231	2561
1_187 # 247212 # 247949 # -1 # ID=1_187;partial=00;start_type=ATG;rbs_motif=TAAAA;rbs_spacer=13bp;genetic_code=11;gc_cont=0.458	GENOMAD.109687.CP	8.640E-29	118	0
1_219 # 300158 # 301918 # 1 # ID=1_219;partial=00;start_type=ATG;rbs_motif=TAAAAA;rbs_spacer=12bp;genetic_code=11;gc_cont=0.409	GENOMAD.126246.CP	6.835E-15	81	0
1_251 # 345224 # 346159 # 1 # ID=1_251;partial=00;start_type=ATG;rbs_motif=AAAAA;rbs_spacer=11bp;genetic_code=11;gc_cont=0.465	GENOMAD.136058.VC	9.933E-50	182	2561
1_1810 # 2131773 # 2132252 # 1 # ID=1_1810;partial=00;start_type=ATG;rbs_motif=TAA;rbs_spacer=11bp;genetic_code=11;gc_cont=0.552	GENOMAD.180834.VC	2.364E-36	136	2561
1_1906 # 2232523 # 2232858 # -1 # ID=1_1906;partial=00;start_type=ATG;rbs_motif=AAA;rbs_spacer=11bp;genetic_code=11;gc_cont=0.432	GENOMAD.213185.CP	6.002E-05	43	0
1_1938 # 2273037 # 2277581 # 1 # ID=1_1938;partial=00;start_type=ATG;rbs_motif=TAA;rbs_spacer=11bp;genetic_code=11;gc_cont=0.511	GENOMAD.120530.CP	9.653E-102	368	0
1_1970 # 2311730 # 2311945 # 1 # ID=1_1970;partial=00;start_type=ATG;rbs_motif=TAAAAA;rbs_spacer=14bp;genetic_code=11;gc_cont=0.495	GENOMAD.087613.CC	2.560E-20	85	0
1_2002 # 2346429 # 2347502 # 1 # ID=1_2002;partial=00;start_type=ATG;rbs_motif=TAAA;rbs_spacer=12bp;genetic_code=11;gc_cont=0.477	GENOMAD.151916.PC	7.380E-09	60	2561
1_3625 # 4292836 # 4295325 # 1 # ID=1_3625;partial=00;start_type=ATG;rbs_motif=AATAA;rbs_spacer=10bp;genetic_code=11;gc_cont=0.487	GENOMAD.176514.CP	1.674E-12	74	0
1_793 # 971115 # 972287 # -1 # ID=1_793;partial=00;start_type=ATG;rbs_motif=TAA;rbs_spacer=6bp;genetic_code=11;gc_cont=0.494	GENOMAD.125909.CV	1.809E-56	205	0
1_825 # 1016146 # 1016694 # -1 # ID=1_825;partial=00;start_type=ATG;rbs_motif=TAAAAA;rbs_spacer=6bp;genetic_code=11;gc_cont=0.366	GENOMAD.035251.CC	9.590E-66	222	0
1_857 # 1049637 # 1049846 # -1 # ID=1_857;partial=00;start_type=ATG;rbs_motif=TAAAAA;rbs_spacer=9bp;genetic_code=11;gc_cont=0.405	GENOMAD.152080.CP	1.298E-18	80	0
1_889 # 1086334 # 1087641 # -1 # ID=1_889;partial=00;start_type=ATG;rbs_motif=AATAA;rbs_spacer=10bp;genetic_code=11;gc_cont=0.437	GENOMAD.136839.CP	2.149E-12	72	0
1_921 # 1142436 # 1145006 # 1 # ID=1_921;partial=00;start_type=ATG;rbs_motif=AAAAA;rbs_spacer=11bp;genetic_code=11;gc_cont=0.416	GENOMAD.181767.CP	7.463E-30	131	0
1_965 # 1201743 # 1202669 # 1 # ID=1_965;partial=00;start_type=ATG;rbs_motif=TAA;rbs_spacer=15bp;genetic_code=11;gc_cont=0.441	GENOMAD.190065.PC	1.424E-41	158	0
1_2334 # 2719094 # 2720638 # -1 # ID=1_2334;partial=00;start_type=ATG;rbs_motif=TAAA;rbs_spacer=11bp;genetic_code=11;gc_cont=0.315	GENOMAD.176719.CP	6.611E-128	419	2561
1_2366 # 2755320 # 2756534 # -1 # ID=1_2366;partial=00;start_type=ATG;rbs_motif=TAAA;rbs_spacer=11bp;genetic_code=11;gc_cont=0.415	GENOMAD.177177.CP	3.093E-69	243	0
1_2398 # 2802834 # 2804828 # -1 # ID=1_2398;partial=00;start_type=ATG;rbs_motif=AAAAA;rbs_spacer=8bp;genetic_code=11;gc_cont=0.493	GENOMAD.167451.CV	7.413E-07	55	0
1_2494 # 2937598 # 2938371 # -1 # ID=1_2494;partial=00;start_type=ATG;rbs_motif=AAAAA;rbs_spacer=9bp;genetic_code=11;gc_cont=0.478	GENOMAD.054128.CC	3.592E-19	90	0
1_2526 # 2982486 # 2983697 # 1 # ID=1_2526;partial=00;start_type=ATG;rbs_motif=TAAAAA;rbs_spacer=9bp;genetic_code=11;gc_cont=0.440	GENOMAD.196911.CP	1.146E-21	101	0
1_3562 # 4205277 # 4207133 # 1 # ID=1_3562;partial=00;start_type=GTG;rbs_motif=None;rbs_spacer=None;genetic_code=11;gc_cont=0.429	GENOMAD.133359.CP	3.103E-14	79	0
1_2308 # 2693222 # 2693713 # -1 # ID=1_2308;partial=00;start_type=ATG;rbs_motif=TAA;rbs_spacer=11bp;genetic_code=11;gc_cont=0.411	GENOMAD.153376.CP	3.673E-13	69	0
1_2340 # 2726093 # 2726521 # -1 # ID=1_2340;partial=00;start_type=ATG;rbs_motif=None;rbs_spacer=None;genetic_code=11;gc_cont=0.308	GENOMAD.162894.VV	6.791E-04	41	2561
1_4234 # 5041751 # 5042029 # -1 # ID=1_4234;partial=00;start_type=ATG;rbs_motif=AAAA;rbs_spacer=12bp;genetic_code=11;gc_cont=0.570	GENOMAD.216326.PC	2.779E-06	46	0
1_197 # 258041 # 258694 # 1 # ID=1_197;partial=00;start_type=ATG;rbs_motif=AACAA;rbs_spacer=11bp;genetic_code=11;gc_cont=0.443	GENOMAD.216413.CV	1.109E-106	342	2561
1_229 # 314522 # 314977 # -1 # ID=1_229;partial=00;start_type=TTG;rbs_motif=TAA;rbs_spacer=4bp;genetic_code=11;gc_cont=0.480	GENOMAD.136233.CP	7.992E-06	47	0
1_293 # 393953 # 395131 # -1 # ID=1_293;partial=00;start_type=ATG;rbs_motif=AATAA;rbs_spacer=4bp;genetic_code=11;gc_cont=0.469	GENOMAD.086164.CV	2.372E-90	304	2561
1_3730 # 4417959 # 4419224 # 1 # ID=1_3730;partial=00;start_type=ATG;rbs_motif=AAAA;rbs_spacer=12bp;genetic_code=11;gc_cont=0.463	GENOMAD.191296.VC	4.386E-04	45	0
1_3794 # 4502528 # 4503340 # -1 # ID=1_3794;partial=00;start_type=ATG;rbs_motif=AAA;rbs_spacer=11bp;genetic_code=11;gc_cont=0.440	GENOMAD.146309.CP	8.507E-04	43	0
1_2754 # 3251817 # 3252632 # -1 # ID=1_2754;partial=00;start_type=ATG;rbs_motif=AAAAA;rbs_spacer=5bp;genetic_code=11;gc_cont=0.450	GENOMAD.006471.CC	9.228E-27	113	0
1_2786 # 3282221 # 3284509 # 1 # ID=1_2786;partial=00;start_type=ATG;rbs_motif=TAAAAA;rbs_spacer=9bp;genetic_code=11;gc_cont=0.496	GENOMAD.127123.CP	3.620E-06	53	2561
1_2818 # 3328129 # 3328569 # -1 # ID=1_2818;partial=00;start_type=ATG;rbs_motif=TAAA;rbs_spacer=8bp;genetic_code=11;gc_cont=0.433	GENOMAD.168044.CP	1.110E-11	64	0
1_3006 # 3552905 # 3553936 # 1 # ID=1_3006;partial=00;start_type=ATG;rbs_motif=AAA;rbs_spacer=8bp;genetic_code=11;gc_cont=0.455	GENOMAD.221104.VC	2.281E-12	71	0
1_3038 # 3582210 # 3582533 # -1 # ID=1_3038;partial=00;start_type=ATG;rbs_motif=AAA;rbs_spacer=13bp;genetic_code=11;gc_cont=0.349	GENOMAD.195397.VV	3.002E-11	61	2561
1_300 # 403546 # 404247 # -1 # ID=1_300;partial=00;start_type=ATG;rbs_motif=None;rbs_spacer=None;genetic_code=11;gc_cont=0.462	GENOMAD.132926.CP	1.559E-05	48	0
1_332 # 450208 # 450876 # 1 # ID=1_332;partial=00;start_type=ATG;rbs_motif=AAA;rbs_spacer=5bp;genetic_code=11;gc_cont=0.401	GENOMAD.132298.CP	1.593E-42	157	0
1_364 # 482608 # 483831 # 1 # ID=1_364;partial=00;start_type=GTG;rbs_motif=None;rbs_spacer=None;genetic_code=11;gc_cont=0.362	GENOMAD.136264.VV	4.165E-04	45	0
1_396 # 524805 # 528671 # 1 # ID=1_396;partial=00;start_type=ATG;rbs_motif=TAAAA;rbs_spacer=3bp;genetic_code=11;gc_cont=0.430	GENOMAD.190353.VP	5.556E-05	50	2561
1_3415 # 4048049 # 4048654 # -1 # ID=1_3415;partial=00;start_type=ATG;rbs_motif=TAAAAA;rbs_spacer=3bp;genetic_code=11;gc_cont=0.403	GENOMAD.079740.CV	5.453E-26	108	2561
1_3447 # 4064911 # 4065216 # -1 # ID=1_3447;partial=00;start_type=ATG;rbs_motif=AATAA;rbs_spacer=10bp;genetic_code=11;gc_cont=0.435	GENOMAD.219822.VC	4.696E-04	40	0
1_3479 # 4104091 # 4104753 # -1 # ID=1_3479;partial=00;start_type=TTG;rbs_motif=TAAAAA;rbs_spacer=8bp;genetic_code=11;gc_cont=0.436	GENOMAD.009801.CC	3.122E-122	387	0
1_3511 # 4136520 # 4137452 # 1 # ID=1_3511;partial=00;start_type=ATG;rbs_motif=TAAAAA;rbs_spacer=6bp;genetic_code=11;gc_cont=0.404	GENOMAD.206202.CV	6.259E-05	47	0
1_3607 # 4258356 # 4259030 # 1 # ID=1_3607;partial=00;start_type=ATG;rbs_motif=TAA;rbs_spacer=12bp;genetic_code=11;gc_cont=0.453	GENOMAD.001990.CC	1.649E-08	57	0
1_3364 # 3980764 # 3981681 # 1 # ID=1_3364;partial=00;start_type=ATG;rbs_motif=TAAA;rbs_spacer=11bp;genetic_code=11;gc_cont=0.458	GENOMAD.179743.CV	2.371E-09	61	0
1_3428 # 4054238 # 4054633 # -1 # ID=1_3428;partial=00;start_type=ATG;rbs_motif=TAA;rbs_spacer=11bp;genetic_code=11;gc_cont=0.348	GENOMAD.000019.CC	7.798E-36	133	0
1_3460 # 4081317 # 4081616 # -1 # ID=1_3460;partial=00;start_type=ATG;rbs_motif=TAAAAA;rbs_spacer=11bp;genetic_code=11;gc_cont=0.370	GENOMAD.080649.CP	5.603E-25	100	0
1_3492 # 4117286 # 4118041 # 1 # ID=1_3492;partial=00;start_type=ATG;rbs_motif=TAA;rbs_spacer=13bp;genetic_code=11;gc_cont=0.444	GENOMAD.151178.CP	3.179E-15	78	0
1_3620 # 4284101 # 4285954 # 1 # ID=1_3620;partial=00;start_type=ATG;rbs_motif=TAAAAA;rbs_spacer=11bp;genetic_code=11;gc_cont=0.471	GENOMAD.130289.CP	3.728E-15	82	2561
1_1219 # 1478322 # 1479593 # 1 # ID=1_1219;partial=00;start_type=ATG;rbs_motif=TAAAAA;rbs_spacer=10bp;genetic_code=11;gc_cont=0.501	GENOMAD.130408.CP	6.305E-06	51	0
1_1283 # 1547241 # 1547807 # 1 # ID=1_1283;partial=00;start_type=ATG;rbs_motif=TAA;rbs_spacer=14bp;genetic_code=11;gc_cont=0.450	GENOMAD.159114.CV	3.775E-06	49	0
1_1347 # 1627033 # 1627278 # 1 # ID=1_1347;partial=00;start_type=ATG;rbs_motif=TAA;rbs_spacer=11bp;genetic_code=11;gc_cont=0.455	GENOMAD.107322.CV	1.005E-11	61	0
1_1497 # 1789647 # 1790603 # 1 # ID=1_1497;partial=00;start_type=ATG;rbs_motif=TAAAAA;rbs_spacer=8bp;genetic_code=11;gc_cont=0.362	GENOMAD.189569.CP	6.934E-11	66	0
1_1529 # 1831757 # 1832350 # 1 # ID=1_1529;partial=00;start_type=ATG;rbs_motif=TAA;rbs_spacer=9bp;genetic_code=11;gc_cont=0.419	GENOMAD.161383.CP	8.519E-04	42	0
1_1561 # 1867450 # 1868592 # 1 # ID=1_1561;partial=00;start_type=ATG;rbs_motif=TAAAAA;rbs_spacer=11bp;genetic_code=11;gc_cont=0.395	GENOMAD.177447.CP	3.199E-54	198	2561
1_2197 # 2559210 # 2559941 # 1 # ID=1_2197;partial=00;start_type=ATG;rbs_motif=None;rbs_spacer=None;genetic_code=11;gc_cont=0.414	GENOMAD.169220.CP	3.501E-80	267	0
1_2229 # 2598407 # 2600617 # 1 # ID=1_2229;partial=00;start_type=ATG;rbs_motif=TAAAAA;rbs_spacer=10bp;genetic_code=11;gc_cont=0.445	GENOMAD.016889.CC	2.863E-23	109	0
1_2261 # 2636841 # 2637599 # 1 # ID=1_2261;partial=00;start_type=ATG;rbs_motif=TAAA;rbs_spacer=12bp;genetic_code=11;gc_cont=0.447	GENOMAD.103038.CP	2.309E-07	54	0
1_2293 # 2674945 # 2675412 # 1 # ID=1_2293;partial=00;start_type=ATG;rbs_motif=AATAA;rbs_spacer=10bp;genetic_code=11;gc_cont=0.378	GENOMAD.133068.CP	9.004E-04	41	0
1_2357 # 2746828 # 2748459 # 1 # ID=1_2357;partial=00;start_type=ATG;rbs_motif=None;rbs_spacer=None;genetic_code=11;gc_cont=0.498	GENOMAD.141295.CP	1.415E-15	83	0
1_2389 # 2788650 # 2789702 # -1 # ID=1_2389;partial=00;start_type=ATG;rbs_motif=AAAA;rbs_spacer=11bp;genetic_code=11;gc_cont=0.466	GENOMAD.145252.CP	4.426E-44	167	0
1_3760 # 4463511 # 4465322 # -1 # ID=1_3760;partial=00;start_type=ATG;rbs_motif=None;rbs_spacer=None;genetic_code=11;gc_cont=0.471	GENOMAD.125941.CP	4.714E-09	62	0
1_3792 # 4500859 # 4501332 # 1 # ID=1_3792;partial=00;start_type=ATG;rbs_motif=None;rbs_spacer=None;genetic_code=11;gc_cont=0.460	GENOMAD.152535.CP	2.291E-17	81	2561
1_3824 # 4541269 # 4542687 # 1 # ID=1_3824;partial=00;start_type=ATG;rbs_motif=AAAA;rbs_spacer=9bp;genetic_code=11;gc_cont=0.448	GENOMAD.194487.CP	3.593E-14	78	0
1_3856 # 4570782 # 4571534 # 1 # ID=1_3856;partial=00;start_type=TTG;rbs_motif=TAAA;rbs_spacer=11bp;genetic_code=11;gc_cont=0.394	GENOMAD.096072.CV	1.941E-142	447	0
1_3920 # 4648421 # 4649149 # -1 # ID=1_3920;partial=00;start_type=ATG;rbs_motif=TAAA;rbs_spacer=12bp;genetic_code=11;gc_cont=0.468	GENOMAD.108193.CP	9.170E-26	109	0
1_3952 # 4689327 # 4689902 # 1 # ID=1_3952;partial=00;start_type=ATG;rbs_motif=TAA;rbs_spacer=11bp;genetic_code=11;gc_cont=0.424	GENOMAD.021052.CC	1.745E-04	44	0
1_4016 # 4769278 # 4770708 # -1 # ID=1_4016;partial=00;start_type=ATG;rbs_motif=TAAA;rbs_spacer=12bp;genetic_code=11;gc_cont=0.448	GENOMAD.000054.CC	5.284E-253	779	0
1_4048 # 4807044 # 4809080 # -1 # ID=1_4048;partial=00;start_type=ATG;rbs_motif=AAAAA;rbs_spacer=5bp;genetic_code=11;gc_cont=0.483	GENOMAD.154446.CP	2.525E-106	363	0
1_3960 # 4697387 # 4698385 # -1 # ID=1_3960;partial=00;start_type=ATG;rbs_motif=TAAA;rbs_spacer=11bp;genetic_code=11;gc_cont=0.356	GENOMAD.076374.VV	2.979E-04	45	2561
1_4056 # 4826490 # 4827182 # 1 # ID=1_4056;partial=00;start_type=ATG;rbs_motif=TAA;rbs_spacer=13bp;genetic_code=11;gc_cont=0.380	GENOMAD.023557.CC	8.327E-45	164	0
1_4088 # 4874777 # 4878130 # -1 # ID=1_4088;partial=00;start_type=ATG;rbs_motif=TAAA;rbs_spacer=5bp;genetic_code=11;gc_cont=0.431	GENOMAD.126007.CP	1.660E-10	68	0
1_4120 # 4920166 # 4920669 # 1 # ID=1_4120;partial=00;start_type=ATG;rbs_motif=TAA;rbs_spacer=11bp;genetic_code=11;gc_cont=0.391	GENOMAD.153157.CP	1.172E-20	91	2561
1_4152 # 4965955 # 4967190 # -1 # ID=1_4152;partial=00;start_type=ATG;rbs_motif=TAA;rbs_spacer=13bp;genetic_code=11;gc_cont=0.464	GENOMAD.142520.CP	9.221E-223	688	0
1_31 # 37750 # 40641 # 1 # ID=1_31;partial=00;start_type=ATG;rbs_motif=AAA;rbs_spacer=12bp;genetic_code=11;gc_cont=0.426	GENOMAD.147185.CP	2.754E-10	67	0
1_63 # 84712 # 85713 # 1 # ID=1_63;partial=00;start_type=ATG;rbs_motif=TAA;rbs_spacer=9bp;genetic_code=11;gc_cont=0.417	GENOMAD.002004.CC	4.510E-49	181	0
1_159 # 217626 # 218873 # 1 # ID=1_159;partial=00;start_type=ATG;rbs_motif=TAAAAA;rbs_spacer=10bp;genetic_code=11;gc_cont=0.447	GENOMAD.015871.CC	1.676E-235	725	0
1_255 # 348914 # 349528 # -1 # ID=1_255;partial=00;start_type=ATG;rbs_motif=TAAA;rbs_spacer=12bp;genetic_code=11;gc_cont=0.496	GENOMAD.100154.CP	4.595E-40	149	2561
1_287 # 387650 # 388855 # -1 # ID=1_287;partial=00;start_type=ATG;rbs_motif=TAA;rbs_spacer=4bp;genetic_code=11;gc_cont=0.442	GENOMAD.032464.CC	8.611E-42	162	0
1_2670 # 3143264 # 3145183 # -1 # ID=1_2670;partial=00;start_type=ATG;rbs_motif=AAA;rbs_spacer=10bp;genetic_code=11;gc_cont=0.407	GENOMAD.116397.CP	2.861E-06	53	0
1_2862 # 3370751 # 3371368 # -1 # ID=1_2862;partial=00;start_type=ATG;rbs_motif=TAA;rbs_spacer=11bp;genetic_code=11;gc_cont=0.426	GENOMAD.006522.CC	9.741E-41	151	0
1_2894 # 3405470 # 3406750 # 1 # ID=1_2894;partial=00;start_type=ATG;rbs_motif=TAA;rbs_spacer=11bp;genetic_code=11;gc_cont=0.463	GENOMAD.176534.CV	6.731E-48	181	0
1_938 # 1170261 # 1172390 # -1 # ID=1_938;partial=00;start_type=ATG;rbs_motif=AATAA;rbs_spacer=10bp;genetic_code=11;gc_cont=0.447	GENOMAD.147313.CP	8.941E-04	45	0
1_970 # 1207912 # 1208847 # 1 # ID=1_970;partial=00;start_type=ATG;rbs_motif=TAAA;rbs_spacer=11bp;genetic_code=11;gc_cont=0.440	GENOMAD.190065.PC	2.044E-35	140	0
1_1002 # 1250626 # 1250973 # -1 # ID=1_1002;partial=00;start_type=ATG;rbs_motif=TAAAAA;rbs_spacer=8bp;genetic_code=11;gc_cont=0.411	GENOMAD.141308.VP	3.073E-14	70	2561
1_1130 # 1381590 # 1382552 # 1 # ID=1_1130;partial=00;start_type=ATG;rbs_motif=None;rbs_spacer=None;genetic_code=11;gc_cont=0.542	GENOMAD.151075.PC	6.755E-25	109	0
1_1194 # 1442328 # 1443548 # -1 # ID=1_1194;partial=00;start_type=ATG;rbs_motif=TAAAAA;rbs_spacer=10bp;genetic_code=11;gc_cont=0.394	GENOMAD.057710.VV	5.217E-21	99	2561
1_3435 # 4056729 # 4057163 # -1 # ID=1_3435;partial=00;start_type=ATG;rbs_motif=None;rbs_spacer=None;genetic_code=11;gc_cont=0.416	GENOMAD.061469.CV	9.227E-65	217	0
1_3467 # 4088281 # 4090338 # 1 # ID=1_3467;partial=00;start_type=ATG;rbs_motif=AAAAA;rbs_spacer=11bp;genetic_code=11;gc_cont=0.442	GENOMAD.078668.CP	1.706E-25	116	0
1_3531 # 4158800 # 4159426 # -1 # ID=1_3531;partial=00;start_type=ATG;rbs_motif=TAAA;rbs_spacer=11bp;genetic_code=11;gc_cont=0.443	GENOMAD.146405.CP	2.703E-09	59	0
1_3627 # 4299637 # 4301664 # 1 # ID=1_3627;partial=00;start_type=ATG;rbs_motif=TAAAAA;rbs_spacer=11bp;genetic_code=11;gc_cont=0.456	GENOMAD.130226.CP	4.095E-11	69	2561
1_3691 # 4364743 # 4367244 # 1 # ID=1_3691;partial=00;start_type=ATG;rbs_motif=TAAA;rbs_spacer=14bp;genetic_code=11;gc_cont=0.466	GENOMAD.119020.CP	6.138E-120	409	2561
1_3723 # 4409892 # 4411337 # 1 # ID=1_3723;partial=00;start_type=ATG;rbs_motif=None;rbs_spacer=None;genetic_code=11;gc_cont=0.443	GENOMAD.151706.CP	1.597E-09	63	0
1_1336 # 1612196 # 1612858 # 1 # ID=1_1336;partial=00;start_type=ATG;rbs_motif=AACAA;rbs_spacer=12bp;genetic_code=11;gc_cont=0.398	GENOMAD.029282.CC	3.145E-07	53	0
1_1464 # 1752848 # 1753363 # -1 # ID=1_1464;partial=00;start_type=ATG;rbs_motif=TAAAAA;rbs_spacer=9bp;genetic_code=11;gc_cont=0.308	GENOMAD.043574.CC	5.142E-11	63	0
1_1496 # 1788027 # 1789406 # -1 # ID=1_1496;partial=00;start_type=ATG;rbs_motif=TAAAAA;rbs_spacer=4bp;genetic_code=11;gc_cont=0.427	GENOMAD.219289.VC	1.248E-17	89	0
1_1592 # 1895317 # 1895682 # 1 # ID=1_1592;partial=00;start_type=ATG;rbs_motif=AAA;rbs_spacer=13bp;genetic_code=11;gc_cont=0.511	GENOMAD.146164.VC	1.448E-16	77	2561
1_1624 # 1916215 # 1917015 # 1 # ID=1_1624;partial=00;start_type=ATG;rbs_motif=TAA;rbs_spacer=10bp;genetic_code=11;gc_cont=0.508	GENOMAD.079985.VV	1.068E-68	235	2561
1_1040 # 1286384 # 1288447 # 1 # ID=1_1040;partial=00;start_type=ATG;rbs_motif=TAAA;rbs_spacer=11bp;genetic_code=11;gc_cont=0.438	GENOMAD.117279.CP	1.307E-82	293	0
1_1072 # 1323470 # 1323964 # -1 # ID=1_1072;partial=00;start_type=ATG;rbs_motif=AAAAA;rbs_spacer=11bp;genetic_code=11;gc_cont=0.440	GENOMAD.031942.CC	2.912E-17	81	0
1_1104 # 1362907 # 1363803 # 1 # ID=1_1104;partial=00;start_type=ATG;rbs_motif=TAAAAA;rbs_spacer=8bp;genetic_code=11;gc_cont=0.563	GENOMAD.192897.PC	1.394E-99	326	0
1_1168 # 1421129 # 1421614 # -1 # ID=1_1168;partial=00;start_type=ATG;rbs_motif=TAAAAA;rbs_spacer=4bp;genetic_code=11;gc_cont=0.461	GENOMAD.080166.PP	2.962E-60	205	0
1_1232 # 1493288 # 1494142 # -1 # ID=1_1232;partial=00;start_type=ATG;rbs_motif=TAAA;rbs_spacer=12bp;genetic_code=11;gc_cont=0.442	GENOMAD.198094.VC	2.210E-33	133	0
1_318 # 427325 # 428845 # 1 # ID=1_318;partial=00;start_type=ATG;rbs_motif=TAAA;rbs_spacer=12bp;genetic_code=11;gc_cont=0.427	GENOMAD.141002.CP	9.495E-19	93	0
1_414 # 546558 # 547148 # -1 # ID=1_414;partial=00;start_type=ATG;rbs_motif=AAAAA;rbs_spacer=10bp;genetic_code=11;gc_cont=0.426	GENOMAD.000064.CC	6.928E-50	177	0
1_446 # 577834 # 578733 # 1 # ID=1_446;partial=00;start_type=ATG;rbs_motif=TAAA;rbs_spacer=11bp;genetic_code=11;gc_cont=0.402	GENOMAD.093453.PC	2.457E-04	45	0
1_2170 # 2533688 # 2534833 # -1 # ID=1_2170;partial=00;start_type=ATG;rbs_motif=AAAAA;rbs_spacer=6bp;genetic_code=11;gc_cont=0.502	GENOMAD.197617.PC	1.153E-178	559	0
1_2202 # 2562609 # 2563517 # 1 # ID=1_2202;partial=00;start_type=ATG;rbs_motif=None;rbs_spacer=None;genetic_code=11;gc_cont=0.458	GENOMAD.010197.CC	4.045E-116	374	0
1_2234 # 2602612 # 2603778 # 1 # ID=1_2234;partial=00;start_type=ATG;rbs_motif=TAA;rbs_spacer=12bp;genetic_code=11;gc_cont=0.473	GENOMAD.126037.CP	2.571E-63	225	0
1_2266 # 2647137 # 2648828 # -1 # ID=1_2266;partial=00;start_type=ATG;rbs_motif=TAAAAA;rbs_spacer=6bp;genetic_code=11;gc_cont=0.424	GENOMAD.193948.CP	3.040E-11	69	0
1_2298 # 2677947 # 2680058 # -1 # ID=1_2298;partial=00;start_type=ATG;rbs_motif=TAAA;rbs_spacer=12bp;genetic_code=11;gc_cont=0.427	GENOMAD.116439.CP	2.629E-12	73	2561
1_2330 # 2714796 # 2715758 # -1 # ID=1_2330;partial=00;start_type=ATG;rbs_motif=TAA;rbs_spacer=4bp;genetic_code=11;gc_cont=0.381	GENOMAD.105757.CP	1.584E-05	49	0
1_2394 # 2795554 # 2797419 # -1 # ID=1_2394;partial=00;start_type=ATG;rbs_motif=AATAA;rbs_spacer=10bp;genetic_code=11;gc_cont=0.466	GENOMAD.140759.CP	2.242E-16	86	0
1_2426 # 2831088 # 2832641 # 1 # ID=1_2426;partial=00;start_type=ATG;rbs_motif=TAAA;rbs_spacer=13bp;genetic_code=11;gc_cont=0.490	GENOMAD.114541.CP	1.296E-95	325	0
1_2458 # 2882337 # 2882804 # 1 # ID=1_2458;partial=00;start_type=ATG;rbs_motif=AAAAA;rbs_spacer=10bp;genetic_code=11;gc_cont=0.538	GENOMAD.180834.VC	9.436E-45	160	2561
1_1961 # 2304082 # 2304447 # 1 # ID=1_1961;partial=00;start_type=ATG;rbs_motif=TAA;rbs_spacer=7bp;genetic_code=11;gc_cont=0.374	GENOMAD.124526.CP	8.175E-05	43	0
1_1993 # 2340465 # 2341154 # 1 # ID=1_1993;partial=00;start_type=ATG;rbs_motif=AATAA;rbs_spacer=8bp;genetic_code=11;gc_cont=0.539	GENOMAD.055779.CC	2.622E-49	177	0
1_2057 # 2414631 # 2415491 # 1 # ID=1_2057;partial=00;start_type=GTG;rbs_motif=TAAA;rbs_spacer=15bp;genetic_code=11;gc_cont=0.503	GENOMAD.095405.CV	4.454E-10	63	0
1_2121 # 2477373 # 2478347 # 1 # ID=1_2121;partial=00;start_type=ATG;rbs_motif=TAA;rbs_spacer=11bp;genetic_code=11;gc_cont=0.421	GENOMAD.126293.CP	1.162E-39	153	0
1_2153 # 2513316 # 2514953 # -1 # ID=1_2153;partial=00;start_type=ATG;rbs_motif=TAAA;rbs_spacer=11bp;genetic_code=11;gc_cont=0.443	GENOMAD.209496.CV	3.057E-276	850	0
1_2185 # 2548348 # 2549067 # -1 # ID=1_2185;partial=00;start_type=ATG;rbs_motif=TAA;rbs_spacer=14bp;genetic_code=11;gc_cont=0.493	GENOMAD.120983.CP	4.859E-10	62	0
1_2217 # 2577436 # 2579142 # -1 # ID=1_2217;partial=00;start_type=ATG;rbs_motif=None;rbs_spacer=None;genetic_code=11;gc_cont=0.514	GENOMAD.179632.CP	2.422E-06	53	0
1_2249 # 2621045 # 2621965 # 1 # ID=1_2249;partial=00;start_type=ATG;rbs_motif=TAAA;rbs_spacer=12bp;genetic_code=11;gc_cont=0.480	GENOMAD.017028.CC	8.046E-07	53	0
1_818 # 1008460 # 1008984 # 1 # ID=1_818;partial=00;start_type=ATG;rbs_motif=TAAA;rbs_spacer=12bp;genetic_code=11;gc_cont=0.436	GENOMAD.117180.CP	2.868E-06	49	0
1_850 # 1041844 # 1043853 # -1 # ID=1_850;partial=00;start_type=ATG;rbs_motif=TAAA;rbs_spacer=13bp;genetic_code=11;gc_cont=0.483	GENOMAD.129164.CP	1.863E-18	93	0
1_882 # 1078886 # 1080934 # 1 # ID=1_882;partial=00;start_type=ATG;rbs_motif=TAAAAA;rbs_spacer=14bp;genetic_code=11;gc_cont=0.410	GENOMAD.101892.CP	4.476E-15	82	0
1_914 # 1126255 # 1129524 # -1 # ID=1_914;partial=00;start_type=ATG;rbs_motif=TAAAAA;rbs_spacer=9bp;genetic_code=11;gc_cont=0.400	GENOMAD.126007.CP	2.125E-08	61	0
1_978 # 1219894 # 1220361 # 1 # ID=1_978;partial=00;start_type=ATG;rbs_motif=AATAA;rbs_spacer=6bp;genetic_code=11;gc_cont=0.479	GENOMAD.138407.CP	9.807E-53	183	0
1_2707 # 3193056 # 3194570 # 1 # ID=1_2707;partial=00;start_type=ATG;rbs_motif=TAA;rbs_spacer=13bp;genetic_code=11;gc_cont=0.512	GENOMAD.158911.CP	1.393E-04	47	0
1_2739 # 3229400 # 3229726 # 1 # ID=1_2739;partial=00;start_type=ATG;rbs_motif=AAAAA;rbs_spacer=9bp;genetic_code=11;gc_cont=0.480	GENOMAD.182365.PC	1.205E-04	42	0
1_2803 # 3303750 # 3305360 # -1 # ID=1_2803;partial=00;start_type=ATG;rbs_motif=TAA;rbs_spacer=15bp;genetic_code=11;gc_cont=0.487	GENOMAD.029132.CC	1.699E-66	240	0
1_2899 # 3408604 # 3409428 # -1 # ID=1_2899;partial=00;start_type=ATG;rbs_motif=TAAAAA;rbs_spacer=11bp;genetic_code=11;gc_cont=0.418	GENOMAD.115186.CP	1.412E-114	368	0
1_2931 # 3449480 # 3450262 # 1 # ID=1_2931;partial=00;start_type=ATG;rbs_motif=TAAAAA;rbs_spacer=7bp;genetic_code=11;gc_cont=0.379	GENOMAD.030299.CC	5.386E-136	429	0
1_2963 # 3490632 # 3494084 # -1 # ID=1_2963;partial=00;start_type=ATG;rbs_motif=AAA;rbs_spacer=12bp;genetic_code=11;gc_cont=0.432	GENOMAD.138253.CP	1.965E-04	48	0
1_3185 # 3768440 # 3769942 # 1 # ID=1_3185;partial=00;start_type=ATG;rbs_motif=TAAAAA;rbs_spacer=9bp;genetic_code=11;gc_cont=0.542	GENOMAD.191615.CP	5.636E-04	45	0
1_3217 # 3805815 # 3807470 # 1 # ID=1_3217;partial=00;start_type=ATG;rbs_motif=TAAA;rbs_spacer=13bp;genetic_code=11;gc_cont=0.426	GENOMAD.125721.VV	3.189E-04	46	2561
1_3249 # 3838817 # 3839191 # 1 # ID=1_3249;partial=00;start_type=ATG;rbs_motif=TAAA;rbs_spacer=12bp;genetic_code=11;gc_cont=0.445	GENOMAD.205951.VC	6.180E-10	58	0
1_3313 # 3918275 # 3920791 # -1 # ID=1_3313;partial=00;start_type=ATG;rbs_motif=TAAAAA;rbs_spacer=4bp;genetic_code=11;gc_cont=0.481	GENOMAD.053912.CC	8.239E-85	304	0
1_3345 # 3952440 # 3953993 # -1 # ID=1_3345;partial=00;start_type=ATG;rbs_motif=None;rbs_spacer=None;genetic_code=11;gc_cont=0.472	GENOMAD.126247.CP	1.958E-249	771	0
1_670 # 831504 # 832655 # 1 # ID=1_670;partial=00;start_type=ATG;rbs_motif=TAA;rbs_spacer=11bp;genetic_code=11;gc_cont=0.428	GENOMAD.194341.CP	1.040E-24	110	0
1_702 # 866023 # 867288 # 1 # ID=1_702;partial=00;start_type=ATG;rbs_motif=TAA;rbs_spacer=11bp;genetic_code=11;gc_cont=0.469	GENOMAD.148108.CP	6.299E-15	80	0
3_54 # 63416 # 63838 # -1 # ID=3_54;partial=00;start_type=ATG;rbs_motif=AAAA;rbs_spacer=14bp;genetic_code=11;gc_cont=0.470	GENOMAD.047368.CC	2.568E-68	227	2561
6_6 # 3810 # 4208 # -1 # ID=6_6;partial=00;start_type=ATG;rbs_motif=AATAA;rbs_spacer=6bp;genetic_code=11;gc_cont=0.436	GENOMAD.025517.PP	2.693E-80	261	0
1_1973 # 2313552 # 2314661 # -1 # ID=1_1973;partial=00;start_type=ATG;rbs_motif=None;rbs_spacer=None;genetic_code=11;gc_cont=0.482	GENOMAD.171204.CP	1.014E-05	50	0
1_2005 # 2348444 # 2348974 # 1 # ID=1_2005;partial=00;start_type=ATG;rbs_motif=TAA;rbs_spacer=11bp;genetic_code=11;gc_cont=0.476	GENOMAD.012824.CC	1.301E-101	325	0
1_2037 # 2392976 # 2394127 # -1 # ID=1_2037;partial=00;start_type=ATG;rbs_motif=TAA;rbs_spacer=14bp;genetic_code=11;gc_cont=0.488	GENOMAD.126037.CP	6.634E-57	206	0
1_2069 # 2429207 # 2429656 # -1 # ID=1_2069;partial=00;start_type=ATG;rbs_motif=AAAA;rbs_spacer=14bp;genetic_code=11;gc_cont=0.533	GENOMAD.039329.VV	2.103E-24	101	2561
1_2133 # 2487222 # 2489594 # -1 # ID=1_2133;partial=00;start_type=ATG;rbs_motif=None;rbs_spacer=None;genetic_code=11;gc_cont=0.461	GENOMAD.193966.CP	5.693E-08	59	0
1_2518 # 2964166 # 2964846 # 1 # ID=1_2518;partial=00;start_type=ATG;rbs_motif=TAA;rbs_spacer=12bp;genetic_code=11;gc_cont=0.436	GENOMAD.181740.VC	3.776E-62	214	2561
1_2550 # 3014073 # 3014345 # -1 # ID=1_2550;partial=00;start_type=ATG;rbs_motif=TAAAAA;rbs_spacer=6bp;genetic_code=11;gc_cont=0.410	GENOMAD.077967.VV	5.152E-07	48	2561
1_2646 # 3121784 # 3123187 # 1 # ID=1_2646;partial=00;start_type=ATG;rbs_motif=TAAAAA;rbs_spacer=3bp;genetic_code=11;gc_cont=0.395	GENOMAD.176695.CP	2.526E-12	72	0
1_2678 # 3152263 # 3152562 # 1 # ID=1_2678;partial=00;start_type=ATG;rbs_motif=AACAA;rbs_spacer=6bp;genetic_code=11;gc_cont=0.447	GENOMAD.193820.PV	4.697E-19	83	2561
1_3842 # 4558844 # 4560118 # 1 # ID=1_3842;partial=00;start_type=ATG;rbs_motif=AAA;rbs_spacer=9bp;genetic_code=11;gc_cont=0.363	GENOMAD.211651.CP	1.735E-16	85	0
1_772 # 940853 # 941938 # 1 # ID=1_772;partial=00;start_type=ATG;rbs_motif=TAA;rbs_spacer=11bp;genetic_code=11;gc_cont=0.461	GENOMAD.140381.VV	1.143E-06	53	2561
1_804 # 986932 # 988377 # -1 # ID=1_804;partial=00;start_type=ATG;rbs_motif=TAA;rbs_spacer=11bp;genetic_code=11;gc_cont=0.489	GENOMAD.176821.CP	1.440E-17	89	0
1_836 # 1030694 # 1031587 # -1 # ID=1_836;partial=00;start_type=ATG;rbs_motif=TAAA;rbs_spacer=12bp;genetic_code=11;gc_cont=0.447	GENOMAD.004285.CC	4.634E-103	336	0
1_868 # 1063199 # 1064161 # 1 # ID=1_868;partial=00;start_type=ATG;rbs_motif=TAAAA;rbs_spacer=13bp;genetic_code=11;gc_cont=0.444	GENOMAD.050535.CC	1.643E-126	405	0
1_1782 # 2094464 # 2096539 # 1 # ID=1_1782;partial=00;start_type=ATG;rbs_motif=TAAA;rbs_spacer=5bp;genetic_code=11;gc_cont=0.443	GENOMAD.193966.CP	4.738E-08	59	0
1_1846 # 2165309 # 2166163 # 1 # ID=1_1846;partial=00;start_type=ATG;rbs_motif=TAAAAA;rbs_spacer=14bp;genetic_code=11;gc_cont=0.462	GENOMAD.124338.CP	1.731E-08	58	0
1_1029 # 1274059 # 1275270 # 1 # ID=1_1029;partial=00;start_type=ATG;rbs_motif=None;rbs_spacer=None;genetic_code=11;gc_cont=0.345	GENOMAD.130384.CP	4.273E-34	139	0
1_1157 # 1405826 # 1407463 # -1 # ID=1_1157;partial=00;start_type=ATG;rbs_motif=TAA;rbs_spacer=10bp;genetic_code=11;gc_cont=0.409	GENOMAD.123514.CP	7.750E-32	135	2561
1_1221 # 1480828 # 1482147 # 1 # ID=1_1221;partial=00;start_type=ATG;rbs_motif=AACAA;rbs_spacer=15bp;genetic_code=11;gc_cont=0.484	GENOMAD.100160.CP	2.304E-04	46	0
1_2853 # 3360773 # 3362320 # 1 # ID=1_2853;partial=00;start_type=GTG;rbs_motif=TAAAA;rbs_spacer=14bp;genetic_code=11;gc_cont=0.488	GENOMAD.153103.CP	1.436E-04	47	0
1_2917 # 3429901 # 3430644 # -1 # ID=1_2917;partial=00;start_type=ATG;rbs_motif=AAA;rbs_spacer=5bp;genetic_code=11;gc_cont=0.426	GENOMAD.001888.CC	2.015E-28	117	0
1_3569 # 4213772 # 4214497 # 1 # ID=1_3569;partial=00;start_type=ATG;rbs_motif=TAAAAA;rbs_spacer=8bp;genetic_code=11;gc_cont=0.435	GENOMAD.206932.CP	1.117E-19	91	0
1_3601 # 4247527 # 4250535 # 1 # ID=1_3601;partial=00;start_type=ATG;rbs_motif=AAAA;rbs_spacer=9bp;genetic_code=11;gc_cont=0.474	GENOMAD.000419.CC	2.011E-116	404	2561
1_3633 # 4307942 # 4309177 # 1 # ID=1_3633;partial=00;start_type=ATG;rbs_motif=TAAAAA;rbs_spacer=10bp;genetic_code=11;gc_cont=0.549	GENOMAD.057710.VV	1.376E-15	82	2561
1_2302 # 2685994 # 2687466 # 1 # ID=1_2302;partial=00;start_type=ATG;rbs_motif=TAA;rbs_spacer=11bp;genetic_code=11;gc_cont=0.449	GENOMAD.141002.CP	3.926E-24	110	0
1_4047 # 4805143 # 4806903 # -1 # ID=1_4047;partial=00;start_type=ATG;rbs_motif=AAAA;rbs_spacer=15bp;genetic_code=11;gc_cont=0.487	GENOMAD.145692.CP	5.116E-06	52	0
1_4079 # 4860773 # 4862347 # 1 # ID=1_4079;partial=00;start_type=ATG;rbs_motif=TAAA;rbs_spacer=12bp;genetic_code=11;gc_cont=0.420	GENOMAD.124336.CP	2.594E-07	56	0
1_4111 # 4908348 # 4909835 # 1 # ID=1_4111;partial=00;start_type=ATG;rbs_motif=TAA;rbs_spacer=11bp;genetic_code=11;gc_cont=0.460	GENOMAD.125890.CP	5.410E-36	147	2561
1_4143 # 4955170 # 4957029 # 1 # ID=1_4143;partial=00;start_type=ATG;rbs_motif=TAAA;rbs_spacer=12bp;genetic_code=11;gc_cont=0.444	GENOMAD.130226.CP	6.299E-14	78	2561
1_4175 # 4987596 # 4988696 # 1 # ID=1_4175;partial=00;start_type=ATG;rbs_motif=TAA;rbs_spacer=11bp;genetic_code=11;gc_cont=0.394	GENOMAD.177190.CP	2.792E-12	71	0
1_3966 # 4704971 # 4705510 # 1 # ID=1_3966;partial=00;start_type=ATG;rbs_motif=AAAA;rbs_spacer=12bp;genetic_code=11;gc_cont=0.443	GENOMAD.052372.CC	6.824E-06	48	0
1_3998 # 4741691 # 4743280 # -1 # ID=1_3998;partial=00;start_type=ATG;rbs_motif=TAA;rbs_spacer=12bp;genetic_code=11;gc_cont=0.400	GENOMAD.171978.CP	4.594E-10	65	0
1_3890 # 4613836 # 4614288 # -1 # ID=1_3890;partial=00;start_type=ATG;rbs_motif=TAA;rbs_spacer=14bp;genetic_code=11;gc_cont=0.406	GENOMAD.094199.CP	2.349E-32	124	8016
1_3954 # 4691153 # 4691923 # 1 # ID=1_3954;partial=00;start_type=TTG;rbs_motif=AAAA;rbs_spacer=12bp;genetic_code=11;gc_cont=0.387	GENOMAD.213392.VC	1.492E-122	390	0
1_3986 # 4727482 # 4728633 # 1 # ID=1_3986;partial=00;start_type=ATG;rbs_motif=TAAAAA;rbs_spacer=10bp;genetic_code=11;gc_cont=0.391	GENOMAD.141957.CP	3.893E-21	99	0
1_4018 # 4771557 # 4772951 # -1 # ID=1_4018;partial=00;start_type=ATG;rbs_motif=TAAAA;rbs_spacer=14bp;genetic_code=11;gc_cont=0.458	GENOMAD.089563.CP	1.550E-37	151	0
4_1 # 234 # 1373 # -1 # ID=4_1;partial=00;start_type=ATG;rbs_motif=AAA;rbs_spacer=12bp;genetic_code=11;gc_cont=0.419	GENOMAD.119413.CP	6.361E-12	70	2561
8_1 # 594 # 1775 # -1 # ID=8_1;partial=00;start_type=ATG;rbs_motif=TAA;rbs_spacer=11bp;genetic_code=11;gc_cont=0.338	GENOMAD.057710.VV	5.209E-10	64	2561
1_2465 # 2892867 # 2894174 # 1 # ID=1_2465;partial=00;start_type=ATG;rbs_motif=TAAA;rbs_spacer=12bp;genetic_code=11;gc_cont=0.428	GENOMAD.016511.CC	2.003E-23	107	0
1_2529 # 2985759 # 2987462 # 1 # ID=1_2529;partial=00;start_type=ATG;rbs_motif=AACAA;rbs_spacer=15bp;genetic_code=11;gc_cont=0.494	GENOMAD.021770.CC	2.160E-40	162	0
1_2561 # 3024445 # 3025023 # -1 # ID=1_2561;partial=00;start_type=ATG;rbs_motif=TAAAAA;rbs_spacer=6bp;genetic_code=11;gc_cont=0.385	GENOMAD.220236.VC	9.003E-09	57	0
1_2625 # 3105426 # 3106406 # -1 # ID=1_2625;partial=00;start_type=ATG;rbs_motif=TAA;rbs_spacer=12bp;genetic_code=11;gc_cont=0.378	GENOMAD.142664.CP	5.896E-04	44	0
1_2018 # 2364973 # 2366199 # -1 # ID=1_2018;partial=00;start_type=ATG;rbs_motif=AAAA;rbs_spacer=9bp;genetic_code=11;gc_cont=0.456	GENOMAD.031966.CC	1.030E-13	76	0
1_2050 # 2409217 # 2409756 # -1 # ID=1_2050;partial=00;start_type=ATG;rbs_motif=TAAA;rbs_spacer=14bp;genetic_code=11;gc_cont=0.494	GENOMAD.117258.CP	5.883E-13	69	0
1_2178 # 2541920 # 2542540 # 1 # ID=1_2178;partial=00;start_type=ATG;rbs_motif=TAAAAA;rbs_spacer=10bp;genetic_code=11;gc_cont=0.499	GENOMAD.068481.VV	3.288E-89	291	2561
1_3294 # 3889733 # 3891952 # 1 # ID=1_3294;partial=00;start_type=ATG;rbs_motif=TAA;rbs_spacer=13bp;genetic_code=11;gc_cont=0.470	GENOMAD.142438.CP	2.841E-12	73	2561
1_3326 # 3929819 # 3931603 # -1 # ID=1_3326;partial=00;start_type=ATG;rbs_motif=None;rbs_spacer=None;genetic_code=11;gc_cont=0.380	GENOMAD.211436.PC	2.126E-05	50	0
1_3860 # 4574367 # 4577639 # -1 # ID=1_3860;partial=00;start_type=ATG;rbs_motif=TAA;rbs_spacer=11bp;genetic_code=11;gc_cont=0.476	GENOMAD.130443.CP	2.623E-09	64	0
1_3924 # 4652409 # 4653629 # -1 # ID=1_3924;partial=00;start_type=ATG;rbs_motif=AATAA;rbs_spacer=8bp;genetic_code=11;gc_cont=0.459	GENOMAD.015163.CC	1.182E-73	256	0
1_3956 # 4693373 # 4694254 # -1 # ID=1_3956;partial=00;start_type=ATG;rbs_motif=TAAA;rbs_spacer=12bp;genetic_code=11;gc_cont=0.364	GENOMAD.183707.VC	9.960E-04	43	2561
1_3988 # 4729985 # 4730452 # 1 # ID=1_3988;partial=00;start_type=ATG;rbs_motif=TAA;rbs_spacer=3bp;genetic_code=11;gc_cont=0.419	GENOMAD.000247.CC	3.058E-40	147	0
1_4052 # 4814576 # 4817083 # 1 # ID=1_4052;partial=00;start_type=ATG;rbs_motif=AATAA;rbs_spacer=8bp;genetic_code=11;gc_cont=0.474	GENOMAD.016274.CC	6.258E-209	670	0
1_4084 # 4868507 # 4869418 # -1 # ID=1_4084;partial=00;start_type=ATG;rbs_motif=TAAAAA;rbs_spacer=6bp;genetic_code=11;gc_cont=0.441	GENOMAD.159705.CP	5.917E-11	66	0
1_1132 # 1384189 # 1384986 # 1 # ID=1_1132;partial=00;start_type=ATG;rbs_motif=TAAA;rbs_spacer=13bp;genetic_code=11;gc_cont=0.544	GENOMAD.096082.PP	1.750E-142	448	0
1_1164 # 1415032 # 1418112 # 1 # ID=1_1164;partial=00;start_type=ATG;rbs_motif=None;rbs_spacer=None;genetic_code=11;gc_cont=0.533	GENOMAD.020793.VV	1.117E-65	248	2561
1_1196 # 1445864 # 1448653 # 1 # ID=1_1196;partial=00;start_type=ATG;rbs_motif=TAA;rbs_spacer=11bp;genetic_code=11;gc_cont=0.428	GENOMAD.190306.VC	1.331E-68	256	2561
1_1228 # 1488335 # 1488907 # 1 # ID=1_1228;partial=00;start_type=ATG;rbs_motif=TAA;rbs_spacer=12bp;genetic_code=11;gc_cont=0.466	GENOMAD.129117.CP	3.504E-14	73	0
1_1292 # 1557120 # 1559993 # -1 # ID=1_1292;partial=00;start_type=ATG;rbs_motif=AATAA;rbs_spacer=10bp;genetic_code=11;gc_cont=0.432	GENOMAD.104495.CV	3.496E-213	688	0
1_1324 # 1594662 # 1595327 # -1 # ID=1_1324;partial=00;start_type=ATG;rbs_motif=TAA;rbs_spacer=4bp;genetic_code=11;gc_cont=0.462	GENOMAD.132926.CP	1.809E-29	119	0
1_1787 # 2102959 # 2104197 # 1 # ID=1_1787;partial=00;start_type=ATG;rbs_motif=TAA;rbs_spacer=4bp;genetic_code=11;gc_cont=0.541	GENOMAD.132904.CP	9.558E-19	92	0
1_1819 # 2137380 # 2139740 # -1 # ID=1_1819;partial=00;start_type=ATG;rbs_motif=TAA;rbs_spacer=12bp;genetic_code=11;gc_cont=0.526	GENOMAD.021672.VV	3.769E-06	53	2561
1_1883 # 2204833 # 2206380 # -1 # ID=1_1883;partial=00;start_type=ATG;rbs_motif=TAAAAA;rbs_spacer=5bp;genetic_code=11;gc_cont=0.453	GENOMAD.026355.VV	2.665E-25	114	2561
1_1915 # 2242449 # 2243252 # -1 # ID=1_1915;partial=00;start_type=ATG;rbs_motif=TAAA;rbs_spacer=6bp;genetic_code=11;gc_cont=0.397	GENOMAD.000496.CC	1.102E-48	177	0
1_1947 # 2289571 # 2290485 # 1 # ID=1_1947;partial=00;start_type=ATG;rbs_motif=TAAA;rbs_spacer=8bp;genetic_code=11;gc_cont=0.487	GENOMAD.104642.CP	1.323E-40	155	0
1_991 # 1233701 # 1236472 # -1 # ID=1_991;partial=00;start_type=ATG;rbs_motif=TAAA;rbs_spacer=8bp;genetic_code=11;gc_cont=0.428	GENOMAD.147185.CP	1.517E-04	48	0
1_1055 # 1301859 # 1303286 # -1 # ID=1_1055;partial=00;start_type=ATG;rbs_motif=AAA;rbs_spacer=11bp;genetic_code=11;gc_cont=0.538	GENOMAD.134141.CP	1.092E-07	57	1763
1_1087 # 1343326 # 1343868 # -1 # ID=1_1087;partial=00;start_type=ATG;rbs_motif=AAAA;rbs_spacer=12bp;genetic_code=11;gc_cont=0.389	GENOMAD.210985.VV	6.831E-05	45	0
1_1183 # 1436113 # 1436697 # -1 # ID=1_1183;partial=00;start_type=ATG;rbs_motif=TAAAAA;rbs_spacer=10bp;genetic_code=11;gc_cont=0.410	GENOMAD.051259.PP	7.016E-109	347	0
1_65 # 88004 # 89686 # -1 # ID=1_65;partial=00;start_type=ATG;rbs_motif=TAAAAA;rbs_spacer=14bp;genetic_code=11;gc_cont=0.424	GENOMAD.123010.CP	3.346E-60	222	0
1_2528 # 2984736 # 2985755 # 1 # ID=1_2528;partial=00;start_type=ATG;rbs_motif=TAA;rbs_spacer=15bp;genetic_code=11;gc_cont=0.473	GENOMAD.133993.CP	3.623E-05	48	0
1_2656 # 3132172 # 3132819 # 1 # ID=1_2656;partial=00;start_type=ATG;rbs_motif=TAAA;rbs_spacer=12bp;genetic_code=11;gc_cont=0.378	GENOMAD.197086.CV	1.111E-33	131	0
1_2752 # 3250625 # 3250996 # -1 # ID=1_2752;partial=00;start_type=ATG;rbs_motif=TAAAA;rbs_spacer=13bp;genetic_code=11;gc_cont=0.352	GENOMAD.190094.CP	5.499E-44	156	0
1_2784 # 3281231 # 3281524 # -1 # ID=1_2784;partial=00;start_type=ATG;rbs_motif=TAAAAA;rbs_spacer=7bp;genetic_code=11;gc_cont=0.422	GENOMAD.146332.CV	3.555E-52	178	0
1_3331 # 3934820 # 3936592 # -1 # ID=1_3331;partial=00;start_type=ATG;rbs_motif=None;rbs_spacer=None;genetic_code=11;gc_cont=0.333	GENOMAD.160468.CP	6.655E-65	237	0
1_3395 # 4024131 # 4024706 # 1 # ID=1_3395;partial=00;start_type=ATG;rbs_motif=TAA;rbs_spacer=7bp;genetic_code=11;gc_cont=0.462	GENOMAD.036884.CC	4.666E-78	258	0
1_3427 # 4053653 # 4054222 # -1 # ID=1_3427;partial=00;start_type=ATG;rbs_motif=TAA;rbs_spacer=15bp;genetic_code=11;gc_cont=0.382	GENOMAD.000001.CC	1.480E-55	193	0
1_3491 # 4116222 # 4117277 # 1 # ID=1_3491;partial=00;start_type=TTG;rbs_motif=TAA;rbs_spacer=12bp;genetic_code=11;gc_cont=0.440	GENOMAD.136340.CP	5.283E-07	54	0
1_3523 # 4152495 # 4153286 # 1 # ID=1_3523;partial=00;start_type=ATG;rbs_motif=TAA;rbs_spacer=12bp;genetic_code=11;gc_cont=0.462	GENOMAD.224544.PV	4.935E-06	50	0
1_3555 # 4190249 # 4192999 # -1 # ID=1_3555;partial=00;start_type=ATG;rbs_motif=TAAA;rbs_spacer=11bp;genetic_code=11;gc_cont=0.507	GENOMAD.034328.CC	6.214E-193	627	0
1_3587 # 4233657 # 4234964 # -1 # ID=1_3587;partial=00;start_type=ATG;rbs_motif=TAA;rbs_spacer=13bp;genetic_code=11;gc_cont=0.336	GENOMAD.031966.CC	2.757E-19	94	0
1_3619 # 4280917 # 4284072 # 1 # ID=1_3619;partial=00;start_type=ATG;rbs_motif=AATAA;rbs_spacer=8bp;genetic_code=11;gc_cont=0.464	GENOMAD.121280.CP	7.640E-11	69	0
1_4148 # 4961794 # 4962696 # -1 # ID=1_4148;partial=00;start_type=ATG;rbs_motif=AAA;rbs_spacer=5bp;genetic_code=11;gc_cont=0.424	GENOMAD.005564.CC	9.281E-25	108	0
1_4180 # 4994168 # 4995085 # -1 # ID=1_4180;partial=00;start_type=ATG;rbs_motif=AACAA;rbs_spacer=7bp;genetic_code=11;gc_cont=0.440	GENOMAD.140731.CV	7.114E-52	188	2561
1_4212 # 5024012 # 5024854 # -1 # ID=1_4212;partial=00;start_type=ATG;rbs_motif=TAA;rbs_spacer=12bp;genetic_code=11;gc_cont=0.485	GENOMAD.104549.CP	9.114E-58	204	2561
1_4372 # 5223171 # 5225954 # 1 # ID=1_4372;partial=00;start_type=ATG;rbs_motif=AAA;rbs_spacer=5bp;genetic_code=11;gc_cont=0.478	GENOMAD.153757.CP	4.640E-06	53	0
1_539 # 697369 # 698382 # 1 # ID=1_539;partial=00;start_type=ATG;rbs_motif=TAAAA;rbs_spacer=12bp;genetic_code=11;gc_cont=0.441	GENOMAD.054603.CC	2.384E-13	74	0
1_635 # 794541 # 795524 # -1 # ID=1_635;partial=00;start_type=ATG;rbs_motif=None;rbs_spacer=None;genetic_code=11;gc_cont=0.488	GENOMAD.030548.CC	2.638E-115	373	0
1_671 # 832744 # 834033 # -1 # ID=1_671;partial=00;start_type=ATG;rbs_motif=TAAA;rbs_spacer=12bp;genetic_code=11;gc_cont=0.491	GENOMAD.181292.CP	2.543E-255	783	0
1_703 # 867310 # 868578 # 1 # ID=1_703;partial=00;start_type=ATG;rbs_motif=TAAAAA;rbs_spacer=12bp;genetic_code=11;gc_cont=0.489	GENOMAD.138065.CP	2.700E-68	241	0
1_767 # 936075 # 936725 # 1 # ID=1_767;partial=00;start_type=ATG;rbs_motif=None;rbs_spacer=None;genetic_code=11;gc_cont=0.465	GENOMAD.153206.CP	2.361E-34	133	0
1_799 # 978976 # 981381 # 1 # ID=1_799;partial=00;start_type=ATG;rbs_motif=TAA;rbs_spacer=12bp;genetic_code=11;gc_cont=0.473	GENOMAD.126028.CP	3.080E-38	158	2561
1_863 # 1057436 # 1058992 # 1 # ID=1_863;partial=00;start_type=ATG;rbs_motif=TAA;rbs_spacer=12bp;genetic_code=11;gc_cont=0.433	GENOMAD.125906.CP	3.541E-05	49	0
1_895 # 1094523 # 1097072 # 1 # ID=1_895;partial=00;start_type=ATG;rbs_motif=TAA;rbs_spacer=12bp;genetic_code=11;gc_cont=0.401	GENOMAD.136618.CP	2.928E-180	587	2561
1_2480 # 2918242 # 2918769 # 1 # ID=1_2480;partial=00;start_type=ATG;rbs_motif=TAAAA;rbs_spacer=12bp;genetic_code=11;gc_cont=0.434	GENOMAD.106851.CP	6.103E-09	57	0
1_2512 # 2957693 # 2959018 # 1 # ID=1_2512;partial=00;start_type=ATG;rbs_motif=AAAA;rbs_spacer=11bp;genetic_code=11;gc_cont=0.498	GENOMAD.008271.CC	3.861E-55	203	0
1_2544 # 3006745 # 3006963 # -1 # ID=1_2544;partial=00;start_type=ATG;rbs_motif=TAAA;rbs_spacer=12bp;genetic_code=11;gc_cont=0.393	GENOMAD.191124.PC	1.326E-12	63	0
1_2576 # 3043114 # 3044772 # 1 # ID=1_2576;partial=00;start_type=ATG;rbs_motif=TAAAAA;rbs_spacer=8bp;genetic_code=11;gc_cont=0.458	GENOMAD.141410.CP	1.786E-96	329	0
1_2768 # 3266852 # 3268018 # -1 # ID=1_2768;partial=00;start_type=ATG;rbs_motif=TAAAAA;rbs_spacer=12bp;genetic_code=11;gc_cont=0.473	GENOMAD.148164.CP	6.176E-29	123	0
1_3748 # 4441340 # 4442539 # 1 # ID=1_3748;partial=00;start_type=ATG;rbs_motif=TAAA;rbs_spacer=12bp;genetic_code=11;gc_cont=0.467	GENOMAD.005430.CC	9.089E-86	291	2561
1_3780 # 4486468 # 4486926 # -1 # ID=1_3780;partial=00;start_type=ATG;rbs_motif=TAA;rbs_spacer=13bp;genetic_code=11;gc_cont=0.449	GENOMAD.170519.CV	6.890E-10	59	0
1_1913 # 2241539 # 2241988 # -1 # ID=1_1913;partial=00;start_type=ATG;rbs_motif=TAAAA;rbs_spacer=3bp;genetic_code=11;gc_cont=0.400	GENOMAD.005650.CC	1.989E-75	248	0
1_1945 # 2286772 # 2287338 # -1 # ID=1_1945;partial=00;start_type=ATG;rbs_motif=TAAAAA;rbs_spacer=10bp;genetic_code=11;gc_cont=0.506	GENOMAD.172166.CP	5.594E-100	321	0
1_2041 # 2397117 # 2397959 # 1 # ID=1_2041;partial=00;start_type=ATG;rbs_motif=AAAAA;rbs_spacer=12bp;genetic_code=11;gc_cont=0.438	GENOMAD.197688.CV	6.010E-21	96	2561
1_2105 # 2461887 # 2462315 # 1 # ID=1_2105;partial=00;start_type=ATG;rbs_motif=TAA;rbs_spacer=4bp;genetic_code=11;gc_cont=0.462	GENOMAD.146164.VC	2.283E-20	89	2561
1_2137 # 2495071 # 2495496 # -1 # ID=1_2137;partial=00;start_type=ATG;rbs_motif=TAAAAA;rbs_spacer=11bp;genetic_code=11;gc_cont=0.455	GENOMAD.142941.CP	4.072E-39	143	0
1_2169 # 2532492 # 2533556 # -1 # ID=1_2169;partial=00;start_type=ATG;rbs_motif=TAAAAA;rbs_spacer=11bp;genetic_code=11;gc_cont=0.577	GENOMAD.207595.PC	4.252E-150	475	0
1_2201 # 2562245 # 2562556 # -1 # ID=1_2201;partial=00;start_type=ATG;rbs_motif=None;rbs_spacer=None;genetic_code=11;gc_cont=0.449	GENOMAD.161916.CP	3.793E-15	72	0
1_2543 # 3006251 # 3006676 # 1 # ID=1_2543;partial=00;start_type=ATG;rbs_motif=TAAAAA;rbs_spacer=12bp;genetic_code=11;gc_cont=0.406	GENOMAD.022716.CC	1.084E-09	58	0
1_2575 # 3042530 # 3043018 # -1 # ID=1_2575;partial=00;start_type=ATG;rbs_motif=TAAA;rbs_spacer=11bp;genetic_code=11;gc_cont=0.389	GENOMAD.120967.CP	1.322E-26	108	0
1_2703 # 3186035 # 3187012 # 1 # ID=1_2703;partial=00;start_type=ATG;rbs_motif=None;rbs_spacer=None;genetic_code=11;gc_cont=0.410	GENOMAD.148180.CP	2.445E-15	80	0
1_2767 # 3266311 # 3266664 # 1 # ID=1_2767;partial=00;start_type=ATG;rbs_motif=TAA;rbs_spacer=12bp;genetic_code=11;gc_cont=0.432	GENOMAD.136132.CP	7.751E-04	40	0
1_2799 # 3298921 # 3299853 # 1 # ID=1_2799;partial=00;start_type=ATG;rbs_motif=TAAA;rbs_spacer=8bp;genetic_code=11;gc_cont=0.318	GENOMAD.010862.CC	6.259E-05	47	0
1_3645 # 4323764 # 4324726 # -1 # ID=1_3645;partial=00;start_type=ATG;rbs_motif=TAAAAA;rbs_spacer=7bp;genetic_code=11;gc_cont=0.433	GENOMAD.146326.VP	3.152E-71	245	2561
1_3709 # 4391476 # 4393185 # -1 # ID=1_3709;partial=00;start_type=ATG;rbs_motif=AAA;rbs_spacer=11bp;genetic_code=11;gc_cont=0.356	GENOMAD.133677.CP	3.175E-15	82	0
1_4080 # 4862301 # 4863344 # 1 # ID=1_4080;partial=00;start_type=ATG;rbs_motif=TAA;rbs_spacer=8bp;genetic_code=11;gc_cont=0.444	GENOMAD.100654.VV	4.427E-06	51	0
1_4112 # 4909912 # 4910943 # -1 # ID=1_4112;partial=00;start_type=ATG;rbs_motif=TAAAA;rbs_spacer=12bp;genetic_code=11;gc_cont=0.477	GENOMAD.147213.CP	1.030E-22	103	0
1_4176 # 4988748 # 4989869 # 1 # ID=1_4176;partial=00;start_type=ATG;rbs_motif=TAAA;rbs_spacer=13bp;genetic_code=11;gc_cont=0.377	GENOMAD.221601.CP	1.620E-13	75	0
1_4208 # 5019655 # 5020677 # -1 # ID=1_4208;partial=00;start_type=ATG;rbs_motif=TAA;rbs_spacer=11bp;genetic_code=11;gc_cont=0.504	GENOMAD.034269.CC	2.572E-49	182	0
1_4272 # 5086932 # 5087396 # 1 # ID=1_4272;partial=00;start_type=ATG;rbs_motif=TAA;rbs_spacer=3bp;genetic_code=11;gc_cont=0.398	GENOMAD.001021.CC	3.587E-20	89	0
1_4336 # 5169698 # 5172646 # 1 # ID=1_4336;partial=00;start_type=ATG;rbs_motif=TAA;rbs_spacer=12bp;genetic_code=11;gc_cont=0.440	GENOMAD.178294.CP	9.685E-182	597	0
1_4368 # 5214703 # 5216271 # 1 # ID=1_4368;partial=00;start_type=ATG;rbs_motif=TAA;rbs_spacer=5bp;genetic_code=11;gc_cont=0.431	GENOMAD.123514.CP	7.036E-34	141	2561
1_3452 # 4068161 # 4072444 # -1 # ID=1_3452;partial=00;start_type=ATG;rbs_motif=TATAA;rbs_spacer=4bp;genetic_code=11;gc_cont=0.444	GENOMAD.052211.CC	9.038E-10	66	0
1_3580 # 4225232 # 4226512 # -1 # ID=1_3580;partial=00;start_type=ATG;rbs_motif=TAA;rbs_spacer=13bp;genetic_code=11;gc_cont=0.346	GENOMAD.196911.CP	6.203E-10	64	0
1_3612 # 4267352 # 4268362 # 1 # ID=1_3612;partial=00;start_type=ATG;rbs_motif=AATAA;rbs_spacer=3bp;genetic_code=11;gc_cont=0.491	GENOMAD.084812.CP	4.821E-07	54	0
1_3807 # 4520133 # 4520714 # 1 # ID=1_3807;partial=00;start_type=ATG;rbs_motif=TAAA;rbs_spacer=15bp;genetic_code=11;gc_cont=0.409	GENOMAD.162306.VC	1.799E-04	44	2561
1_3839 # 4556666 # 4557709 # 1 # ID=1_3839;partial=00;start_type=ATG;rbs_motif=AATAA;rbs_spacer=10bp;genetic_code=11;gc_cont=0.313	GENOMAD.210284.CP	3.354E-09	61	0
1_3871 # 4591005 # 4592600 # 1 # ID=1_3871;partial=00;start_type=ATG;rbs_motif=TAA;rbs_spacer=11bp;genetic_code=11;gc_cont=0.462	GENOMAD.206904.VV	3.846E-09	62	2561
1_3999 # 4743368 # 4745212 # -1 # ID=1_3999;partial=00;start_type=ATG;rbs_motif=TAAAAA;rbs_spacer=11bp;genetic_code=11;gc_cont=0.416	GENOMAD.130052.CP	8.610E-12	71	2561
1_4036 # 4789925 # 4790413 # 1 # ID=1_4036;partial=00;start_type=ATG;rbs_motif=TAAA;rbs_spacer=11bp;genetic_code=11;gc_cont=0.411	GENOMAD.197904.PC	2.918E-69	231	0
1_4100 # 4894825 # 4898547 # -1 # ID=1_4100;partial=00;start_type=ATG;rbs_motif=AAA;rbs_spacer=15bp;genetic_code=11;gc_cont=0.352	GENOMAD.223199.VP	1.320E-05	52	11844
1_4196 # 5007769 # 5008410 # 1 # ID=1_4196;partial=00;start_type=ATG;rbs_motif=TAA;rbs_spacer=12bp;genetic_code=11;gc_cont=0.478	GENOMAD.109575.CV	5.116E-79	262	0
1_2815 # 3325216 # 3326058 # 1 # ID=1_2815;partial=00;start_type=ATG;rbs_motif=TAA;rbs_spacer=11bp;genetic_code=11;gc_cont=0.442	GENOMAD.041433.CC	1.044E-44	166	0
1_2975 # 3508317 # 3510464 # -1 # ID=1_2975;partial=00;start_type=ATG;rbs_motif=TAAA;rbs_spacer=13bp;genetic_code=11;gc_cont=0.460	GENOMAD.126914.CP	1.590E-24	113	0
1_3007 # 3553988 # 3554356 # 1 # ID=1_3007;partial=00;start_type=ATG;rbs_motif=None;rbs_spacer=None;genetic_code=11;gc_cont=0.472	GENOMAD.105435.CP	8.625E-39	141	0
1_4271 # 5086099 # 5086935 # 1 # ID=1_4271;partial=00;start_type=ATG;rbs_motif=AATAA;rbs_spacer=5bp;genetic_code=11;gc_cont=0.427	GENOMAD.091839.CV	6.351E-07	53	2561
1_4303 # 5119635 # 5120894 # -1 # ID=1_4303;partial=00;start_type=ATG;rbs_motif=TAAAAA;rbs_spacer=11bp;genetic_code=11;gc_cont=0.467	GENOMAD.220909.CP	2.562E-05	49	0
1_4335 # 5167136 # 5169523 # 1 # ID=1_4335;partial=00;start_type=ATG;rbs_motif=TAA;rbs_spacer=11bp;genetic_code=11;gc_cont=0.393	GENOMAD.033222.CC	2.543E-04	47	0
1_4367 # 5211409 # 5214690 # 1 # ID=1_4367;partial=00;start_type=ATG;rbs_motif=TAA;rbs_spacer=11bp;genetic_code=11;gc_cont=0.438	GENOMAD.123090.CP	1.731E-07	58	0
2_20 # 21707 # 22153 # -1 # ID=2_20;partial=00;start_type=ATG;rbs_motif=TAAA;rbs_spacer=5bp;genetic_code=11;gc_cont=0.304	GENOMAD.225928.VP	3.514E-05	45	0
3_44 # 54944 # 55675 # -1 # ID=3_44;partial=00;start_type=ATG;rbs_motif=TAA;rbs_spacer=6bp;genetic_code=11;gc_cont=0.423	GENOMAD.142639.CP	1.020E-37	144	0
1_4171 # 4983276 # 4984454 # 1 # ID=1_4171;partial=00;start_type=ATG;rbs_motif=AAAA;rbs_spacer=11bp;genetic_code=11;gc_cont=0.317	GENOMAD.197278.CP	4.532E-186	581	0
1_4203 # 5014893 # 5016032 # 1 # ID=1_4203;partial=00;start_type=ATG;rbs_motif=TAA;rbs_spacer=3bp;genetic_code=11;gc_cont=0.289	GENOMAD.049967.CC	1.929E-135	434	0
1_4150 # 4964171 # 4964563 # 1 # ID=1_4150;partial=00;start_type=ATG;rbs_motif=TAA;rbs_spacer=11bp;genetic_code=11;gc_cont=0.420	GENOMAD.014860.CC	6.002E-79	257	0
1_4182 # 4995833 # 4996171 # -1 # ID=1_4182;partial=00;start_type=ATG;rbs_motif=TAA;rbs_spacer=4bp;genetic_code=11;gc_cont=0.457	GENOMAD.158193.CP	6.689E-13	66	0
1_4214 # 5025526 # 5026041 # -1 # ID=1_4214;partial=00;start_type=ATG;rbs_motif=TAAAAA;rbs_spacer=9bp;genetic_code=11;gc_cont=0.428	GENOMAD.001079.CC	7.116E-29	115	0
1_4246 # 5051394 # 5051735 # -1 # ID=1_4246;partial=00;start_type=ATG;rbs_motif=AAAA;rbs_spacer=11bp;genetic_code=11;gc_cont=0.518	GENOMAD.206917.CP	1.929E-74	243	0
1_4310 # 5128913 # 5131960 # 1 # ID=1_4310;partial=00;start_type=ATG;rbs_motif=None;rbs_spacer=None;genetic_code=11;gc_cont=0.452	GENOMAD.125846.CP	1.648E-42	173	2561
1_4374 # 5227797 # 5227973 # -1 # ID=1_4374;partial=00;start_type=ATG;rbs_motif=TAAAAA;rbs_spacer=9bp;genetic_code=11;gc_cont=0.395	GENOMAD.212026.VC	3.372E-12	61	0
2_27 # 24353 # 24628 # -1 # ID=2_27;partial=00;start_type=ATG;rbs_motif=AAAA;rbs_spacer=12bp;genetic_code=11;gc_cont=0.348	GENOMAD.036265.PP	1.086E-45	159	0
1_1684 # 1975514 # 1976608 # -1 # ID=1_1684;partial=00;start_type=ATG;rbs_motif=AAA;rbs_spacer=15bp;genetic_code=11;gc_cont=0.358	GENOMAD.022966.VV	1.323E-20	97	2561
1_1716 # 2014904 # 2016310 # 1 # ID=1_1716;partial=00;start_type=ATG;rbs_motif=TAAA;rbs_spacer=12bp;genetic_code=11;gc_cont=0.451	GENOMAD.123577.CP	2.994E-13	75	2561
1_1748 # 2056236 # 2057195 # -1 # ID=1_1748;partial=00;start_type=ATG;rbs_motif=AATAA;rbs_spacer=8bp;genetic_code=11;gc_cont=0.419	GENOMAD.091825.CP	2.087E-07	55	0
1_1780 # 2092593 # 2093360 # -1 # ID=1_1780;partial=00;start_type=ATG;rbs_motif=TAAAAA;rbs_spacer=9bp;genetic_code=11;gc_cont=0.427	GENOMAD.161415.CP	2.259E-43	161	0
1_2360 # 2749897 # 2750925 # -1 # ID=1_2360;partial=00;start_type=ATG;rbs_motif=TAAAAA;rbs_spacer=11bp;genetic_code=11;gc_cont=0.420	GENOMAD.030934.CC	4.831E-178	555	0
1_3394 # 4023076 # 4024038 # 1 # ID=1_3394;partial=00;start_type=ATG;rbs_motif=TAAA;rbs_spacer=11bp;genetic_code=11;gc_cont=0.448	GENOMAD.054128.CC	7.949E-144	455	0
1_3426 # 4053287 # 4053631 # -1 # ID=1_3426;partial=00;start_type=ATG;rbs_motif=TAAA;rbs_spacer=11bp;genetic_code=11;gc_cont=0.400	GENOMAD.076560.CV	5.973E-39	141	0
1_3458 # 4078677 # 4079219 # -1 # ID=1_3458;partial=00;start_type=ATG;rbs_motif=AAAAA;rbs_spacer=12bp;genetic_code=11;gc_cont=0.401	GENOMAD.116512.CV	2.401E-27	111	2561
1_1697 # 1992248 # 1994638 # 1 # ID=1_1697;partial=00;start_type=ATG;rbs_motif=TAAAAA;rbs_spacer=6bp;genetic_code=11;gc_cont=0.396	GENOMAD.126028.CP	2.128E-28	126	2561
1_1729 # 2029753 # 2030646 # 1 # ID=1_1729;partial=00;start_type=ATG;rbs_motif=TAA;rbs_spacer=5bp;genetic_code=11;gc_cont=0.404	GENOMAD.127112.CP	8.465E-08	56	0
1_1761 # 2073189 # 2074226 # 1 # ID=1_1761;partial=00;start_type=ATG;rbs_motif=TAA;rbs_spacer=11bp;genetic_code=11;gc_cont=0.511	GENOMAD.134221.CP	2.689E-105	345	2561
1_3284 # 3878823 # 3879209 # -1 # ID=1_3284;partial=00;start_type=ATG;rbs_motif=AATAA;rbs_spacer=6bp;genetic_code=11;gc_cont=0.439	GENOMAD.076376.CV	4.028E-25	102	2561
1_3316 # 3922671 # 3924125 # -1 # ID=1_3316;partial=00;start_type=ATG;rbs_motif=TAAA;rbs_spacer=12bp;genetic_code=11;gc_cont=0.421	GENOMAD.179841.VC	2.659E-04	46	2561
1_3380 # 4001870 # 4003141 # 1 # ID=1_3380;partial=00;start_type=ATG;rbs_motif=TAA;rbs_spacer=13bp;genetic_code=11;gc_cont=0.387	GENOMAD.177177.CP	2.365E-116	381	0
1_3476 # 4101925 # 4103112 # 1 # ID=1_3476;partial=00;start_type=ATG;rbs_motif=TAAA;rbs_spacer=12bp;genetic_code=11;gc_cont=0.458	GENOMAD.032804.CC	1.863E-105	348	0
1_4027 # 4783181 # 4783633 # -1 # ID=1_4027;partial=00;start_type=ATG;rbs_motif=AATAA;rbs_spacer=6bp;genetic_code=11;gc_cont=0.455	GENOMAD.069420.CV	4.985E-41	149	0
1_4059 # 4829460 # 4830578 # 1 # ID=1_4059;partial=00;start_type=ATG;rbs_motif=TAAAA;rbs_spacer=14bp;genetic_code=11;gc_cont=0.447	GENOMAD.177362.CP	3.851E-114	372	0
1_3263 # 3859522 # 3859887 # 1 # ID=1_3263;partial=00;start_type=ATG;rbs_motif=TAA;rbs_spacer=13bp;genetic_code=11;gc_cont=0.404	GENOMAD.159106.CP	8.686E-04	40	0
1_3327 # 3931912 # 3933168 # -1 # ID=1_3327;partial=00;start_type=ATG;rbs_motif=TAAA;rbs_spacer=9bp;genetic_code=11;gc_cont=0.349	GENOMAD.037377.CC	5.709E-223	689	0
1_3359 # 3969945 # 3970130 # -1 # ID=1_3359;partial=00;start_type=ATG;rbs_motif=TAAA;rbs_spacer=12bp;genetic_code=11;gc_cont=0.435	GENOMAD.073714.CP	1.747E-12	62	0
1_3391 # 4018418 # 4019647 # -1 # ID=1_3391;partial=00;start_type=ATG;rbs_motif=TAAAAA;rbs_spacer=8bp;genetic_code=11;gc_cont=0.559	GENOMAD.057710.VV	2.796E-15	81	2561
1_3423 # 4052099 # 4052545 # -1 # ID=1_3423;partial=00;start_type=ATG;rbs_motif=TAAA;rbs_spacer=12bp;genetic_code=11;gc_cont=0.378	GENOMAD.000024.CC	1.351E-37	139	0
1_1321 # 1590010 # 1591476 # -1 # ID=1_1321;partial=00;start_type=ATG;rbs_motif=None;rbs_spacer=None;genetic_code=11;gc_cont=0.427	GENOMAD.125829.CP	6.678E-103	345	0
1_2586 # 3055353 # 3056972 # -1 # ID=1_2586;partial=00;start_type=ATG;rbs_motif=TAA;rbs_spacer=12bp;genetic_code=11;gc_cont=0.485	GENOMAD.123514.CP	1.368E-30	131	2561
1_2650 # 3125526 # 3126062 # 1 # ID=1_2650;partial=00;start_type=ATG;rbs_motif=TATAA;rbs_spacer=4bp;genetic_code=11;gc_cont=0.467	GENOMAD.036808.CC	1.409E-04	44	0
1_2746 # 3236628 # 3238136 # -1 # ID=1_2746;partial=00;start_type=ATG;rbs_motif=TAAA;rbs_spacer=13bp;genetic_code=11;gc_cont=0.472	GENOMAD.143133.CP	3.072E-67	241	0
1_676 # 836842 # 837315 # -1 # ID=1_676;partial=00;start_type=ATG;rbs_motif=AACAA;rbs_spacer=14bp;genetic_code=11;gc_cont=0.460	GENOMAD.000176.CC	1.203E-15	76	0
1_740 # 912166 # 913482 # 1 # ID=1_740;partial=00;start_type=ATG;rbs_motif=None;rbs_spacer=None;genetic_code=11;gc_cont=0.437	GENOMAD.189983.VC	5.580E-05	48	2561
1_441 # 573101 # 574363 # 1 # ID=1_441;partial=00;start_type=ATG;rbs_motif=TAAA;rbs_spacer=14bp;genetic_code=11;gc_cont=0.416	GENOMAD.057710.VV	1.266E-05	50	2561
1_473 # 616477 # 616944 # 1 # ID=1_473;partial=00;start_type=ATG;rbs_motif=TAAAAA;rbs_spacer=11bp;genetic_code=11;gc_cont=0.485	GENOMAD.006490.CC	7.521E-10	59	0
1_601 # 752369 # 752959 # -1 # ID=1_601;partial=00;start_type=ATG;rbs_motif=TAA;rbs_spacer=11bp;genetic_code=11;gc_cont=0.386	GENOMAD.141880.PP	8.884E-05	45	0
1_665 # 824919 # 825623 # -1 # ID=1_665;partial=00;start_type=ATG;rbs_motif=TAAAA;rbs_spacer=13bp;genetic_code=11;gc_cont=0.474	GENOMAD.129411.CP	1.933E-08	57	0
1_697 # 861325 # 861927 # -1 # ID=1_697;partial=00;start_type=ATG;rbs_motif=TAAAAA;rbs_spacer=8bp;genetic_code=11;gc_cont=0.489	GENOMAD.151862.PC	1.391E-52	185	0
1_437 # 567455 # 569617 # 1 # ID=1_437;partial=00;start_type=ATG;rbs_motif=AATAA;rbs_spacer=9bp;genetic_code=11;gc_cont=0.429	GENOMAD.136618.CP	2.096E-163	532	2561
1_4379 # 5234080 # 5234580 # -1 # ID=1_4379;partial=00;start_type=ATG;rbs_motif=AATAA;rbs_spacer=3bp;genetic_code=11;gc_cont=0.417	GENOMAD.166306.CP	5.217E-06	48	0
2_32 # 28432 # 28791 # -1 # ID=2_32;partial=00;start_type=ATG;rbs_motif=TAA;rbs_spacer=13bp;genetic_code=11;gc_cont=0.347	GENOMAD.224212.VP	7.272E-15	72	2561
1_903 # 1104056 # 1104502 # 1 # ID=1_903;partial=00;start_type=ATG;rbs_motif=TAAAAA;rbs_spacer=9bp;genetic_code=11;gc_cont=0.378	GENOMAD.167688.CP	3.426E-27	109	0
1_967 # 1204303 # 1205373 # 1 # ID=1_967;partial=00;start_type=ATG;rbs_motif=TAAAAA;rbs_spacer=7bp;genetic_code=11;gc_cont=0.447	GENOMAD.195457.PC	1.939E-05	49	0
1_999 # 1246916 # 1247989 # -1 # ID=1_999;partial=00;start_type=ATG;rbs_motif=TAAA;rbs_spacer=15bp;genetic_code=11;gc_cont=0.489	GENOMAD.140007.VV	8.116E-05	47	0
1_1031 # 1276304 # 1277254 # 1 # ID=1_1031;partial=00;start_type=ATG;rbs_motif=AATAA;rbs_spacer=3bp;genetic_code=11;gc_cont=0.411	GENOMAD.137271.CP	1.331E-04	46	0
1_1095 # 1352177 # 1354246 # -1 # ID=1_1095;partial=00;start_type=ATG;rbs_motif=TAA;rbs_spacer=4bp;genetic_code=11;gc_cont=0.432	GENOMAD.129297.CP	1.207E-27	123	2561
1_1567 # 1875088 # 1876149 # -1 # ID=1_1567;partial=00;start_type=ATG;rbs_motif=TAA;rbs_spacer=10bp;genetic_code=11;gc_cont=0.388	GENOMAD.006436.CC	2.119E-175	548	0
1_253 # 347512 # 348324 # 1 # ID=1_253;partial=00;start_type=ATG;rbs_motif=TAAAAA;rbs_spacer=9bp;genetic_code=11;gc_cont=0.459	GENOMAD.195837.CP	9.684E-05	46	0
1_285 # 385359 # 386285 # -1 # ID=1_285;partial=00;start_type=ATG;rbs_motif=TAA;rbs_spacer=11bp;genetic_code=11;gc_cont=0.458	GENOMAD.129056.CP	5.327E-04	44	0
1_317 # 424009 # 427311 # 1 # ID=1_317;partial=00;start_type=ATG;rbs_motif=AAAAA;rbs_spacer=12bp;genetic_code=11;gc_cont=0.420	GENOMAD.121280.CP	5.331E-09	63	0
1_413 # 545890 # 546453 # -1 # ID=1_413;partial=00;start_type=ATG;rbs_motif=AATAA;rbs_spacer=10bp;genetic_code=11;gc_cont=0.406	GENOMAD.099157.CV	2.088E-59	204	2561
1_3247 # 3837161 # 3837910 # 1 # ID=1_3247;partial=00;start_type=ATG;rbs_motif=TAAAAA;rbs_spacer=13bp;genetic_code=11;gc_cont=0.436	GENOMAD.129389.CP	1.318E-11	67	0
1_4025 # 4781876 # 4782217 # -1 # ID=1_4025;partial=00;start_type=ATG;rbs_motif=AATAA;rbs_spacer=10bp;genetic_code=11;gc_cont=0.392	GENOMAD.020297.CC	1.561E-28	111	0
1_4089 # 4878494 # 4880143 # 1 # ID=1_4089;partial=00;start_type=ATG;rbs_motif=AAGAA;rbs_spacer=8bp;genetic_code=11;gc_cont=0.382	GENOMAD.158001.CP	3.173E-04	46	0
1_4121 # 4920808 # 4921395 # 1 # ID=1_4121;partial=00;start_type=ATG;rbs_motif=None;rbs_spacer=None;genetic_code=11;gc_cont=0.444	GENOMAD.129284.CP	2.038E-36	138	2561
1_4217 # 5029469 # 5030821 # -1 # ID=1_4217;partial=00;start_type=ATG;rbs_motif=TAAA;rbs_spacer=13bp;genetic_code=11;gc_cont=0.424	GENOMAD.194230.CV	1.921E-21	101	0
1_709 # 875173 # 876444 # 1 # ID=1_709;partial=00;start_type=ATG;rbs_motif=AAAAA;rbs_spacer=11bp;genetic_code=11;gc_cont=0.461	GENOMAD.136975.CP	4.318E-59	214	0
1_741 # 913492 # 914427 # 1 # ID=1_741;partial=00;start_type=ATG;rbs_motif=TAAAAA;rbs_spacer=6bp;genetic_code=11;gc_cont=0.393	GENOMAD.023445.VV	1.292E-04	46	2561
1_1664 # 1959248 # 1961806 # -1 # ID=1_1664;partial=00;start_type=ATG;rbs_motif=TAA;rbs_spacer=11bp;genetic_code=11;gc_cont=0.469	GENOMAD.118399.CP	6.103E-29	128	0
1_1696 # 1989908 # 1992238 # 1 # ID=1_1696;partial=00;start_type=ATG;rbs_motif=TAAA;rbs_spacer=11bp;genetic_code=11;gc_cont=0.403	GENOMAD.126028.CP	3.304E-50	196	2561
1_1728 # 2027652 # 2029649 # 1 # ID=1_1728;partial=00;start_type=ATG;rbs_motif=AACAA;rbs_spacer=12bp;genetic_code=11;gc_cont=0.392	GENOMAD.054240.VV	1.265E-16	87	11831
1_1760 # 2072566 # 2073177 # 1 # ID=1_1760;partial=00;start_type=ATG;rbs_motif=AAA;rbs_spacer=11bp;genetic_code=11;gc_cont=0.480	GENOMAD.140449.CP	7.169E-34	131	0
1_1856 # 2175016 # 2176269 # -1 # ID=1_1856;partial=00;start_type=ATG;rbs_motif=None;rbs_spacer=None;genetic_code=11;gc_cont=0.442	GENOMAD.154676.CP	2.130E-04	46	0
1_2067 # 2425874 # 2426662 # 1 # ID=1_2067;partial=00;start_type=ATG;rbs_motif=TAA;rbs_spacer=11bp;genetic_code=11;gc_cont=0.535	GENOMAD.140875.CP	1.832E-38	147	0
1_2099 # 2455620 # 2456855 # 1 # ID=1_2099;partial=00;start_type=ATG;rbs_motif=TAA;rbs_spacer=13bp;genetic_code=11;gc_cont=0.489	GENOMAD.191412.PC	6.734E-11	67	0
1_1012 # 1257610 # 1257840 # 1 # ID=1_1012;partial=00;start_type=ATG;rbs_motif=TAAAAA;rbs_spacer=11bp;genetic_code=11;gc_cont=0.286	GENOMAD.043237.CC	2.543E-08	51	0
1_1044 # 1291933 # 1292643 # -1 # ID=1_1044;partial=00;start_type=ATG;rbs_motif=TAA;rbs_spacer=11bp;genetic_code=11;gc_cont=0.347	GENOMAD.221413.CP	6.812E-113	361	0
1_1076 # 1326826 # 1328601 # 1 # ID=1_1076;partial=00;start_type=ATG;rbs_motif=TAA;rbs_spacer=9bp;genetic_code=11;gc_cont=0.451	GENOMAD.124038.CP	0.000E+00	1027	0
1_1204 # 1458908 # 1460023 # -1 # ID=1_1204;partial=00;start_type=ATG;rbs_motif=TAAAAA;rbs_spacer=11bp;genetic_code=11;gc_cont=0.495	GENOMAD.025867.CC	1.654E-142	454	0
1_1236 # 1497487 # 1499697 # 1 # ID=1_1236;partial=00;start_type=ATG;rbs_motif=AATAA;rbs_spacer=6bp;genetic_code=11;gc_cont=0.514	GENOMAD.119185.CP	9.368E-04	45	0
1_3755 # 4453244 # 4454008 # 1 # ID=1_3755;partial=00;start_type=ATG;rbs_motif=TAAA;rbs_spacer=11bp;genetic_code=11;gc_cont=0.484	GENOMAD.030338.CC	3.939E-56	198	0
1_3787 # 4494558 # 4495520 # 1 # ID=1_3787;partial=00;start_type=ATG;rbs_motif=TAAA;rbs_spacer=11bp;genetic_code=11;gc_cont=0.461	GENOMAD.026203.CC	1.021E-07	56	0
1_3851 # 4567092 # 4567553 # 1 # ID=1_3851;partial=00;start_type=ATG;rbs_motif=TAA;rbs_spacer=3bp;genetic_code=11;gc_cont=0.429	GENOMAD.108390.CV	1.773E-06	49	0
1_3915 # 4643051 # 4644256 # -1 # ID=1_3915;partial=00;start_type=ATG;rbs_motif=TAAAAA;rbs_spacer=7bp;genetic_code=11;gc_cont=0.468	GENOMAD.151770.CP	1.255E-160	508	0
1_3947 # 4684076 # 4685587 # -1 # ID=1_3947;partial=00;start_type=ATG;rbs_motif=TAAA;rbs_spacer=5bp;genetic_code=11;gc_cont=0.430	GENOMAD.004839.CC	2.071E-10	66	0
1_4011 # 4763711 # 4765669 # -1 # ID=1_4011;partial=00;start_type=ATG;rbs_motif=TAA;rbs_spacer=14bp;genetic_code=11;gc_cont=0.456	GENOMAD.138195.VC	7.659E-52	199	2561
1_2371 # 2762798 # 2763100 # 1 # ID=1_2371;partial=00;start_type=ATG;rbs_motif=TAA;rbs_spacer=10bp;genetic_code=11;gc_cont=0.465	GENOMAD.004481.CC	1.927E-28	110	0
1_2403 # 2809022 # 2810215 # 1 # ID=1_2403;partial=00;start_type=ATG;rbs_motif=TAA;rbs_spacer=13bp;genetic_code=11;gc_cont=0.490	GENOMAD.142577.CP	1.272E-10	66	0
1_2435 # 2841669 # 2843264 # 1 # ID=1_2435;partial=00;start_type=ATG;rbs_motif=TAA;rbs_spacer=4bp;genetic_code=11;gc_cont=0.484	GENOMAD.161707.CP	3.713E-55	206	0
1_2467 # 2898290 # 2902285 # 1 # ID=1_2467;partial=00;start_type=ATG;rbs_motif=TAAA;rbs_spacer=14bp;genetic_code=11;gc_cont=0.442	GENOMAD.125999.CP	3.153E-12	74	0
1_2499 # 2943484 # 2945205 # -1 # ID=1_2499;partial=00;start_type=ATG;rbs_motif=AATAA;rbs_spacer=10bp;genetic_code=11;gc_cont=0.268	GENOMAD.050547.PP	8.248E-05	48	0
1_2531 # 2991866 # 2992177 # -1 # ID=1_2531;partial=00;start_type=ATG;rbs_motif=TAA;rbs_spacer=12bp;genetic_code=11;gc_cont=0.452	GENOMAD.004700.CC	1.060E-51	177	0
1_2595 # 3068369 # 3068959 # -1 # ID=1_2595;partial=00;start_type=ATG;rbs_motif=AATAA;rbs_spacer=4bp;genetic_code=11;gc_cont=0.399	GENOMAD.120765.CP	2.559E-23	100	0
1_2659 # 3134308 # 3135060 # 1 # ID=1_2659;partial=00;start_type=ATG;rbs_motif=TAA;rbs_spacer=5bp;genetic_code=11;gc_cont=0.398	GENOMAD.206649.VC	5.159E-79	264	2561
1_1981 # 2324204 # 2325733 # -1 # ID=1_1981;partial=00;start_type=ATG;rbs_motif=None;rbs_spacer=None;genetic_code=11;gc_cont=0.479	GENOMAD.153103.CP	1.766E-09	63	0
1_2109 # 2466658 # 2466915 # -1 # ID=1_2109;partial=00;start_type=ATG;rbs_motif=AATAA;rbs_spacer=10bp;genetic_code=11;gc_cont=0.399	GENOMAD.053751.CC	3.454E-16	74	0
1_2173 # 2537028 # 2537984 # -1 # ID=1_2173;partial=00;start_type=ATG;rbs_motif=AACAA;rbs_spacer=13bp;genetic_code=11;gc_cont=0.586	GENOMAD.214704.CP	5.931E-32	130	0
1_2205 # 2567926 # 2568486 # -1 # ID=1_2205;partial=00;start_type=ATG;rbs_motif=AAA;rbs_spacer=12bp;genetic_code=11;gc_cont=0.426	GENOMAD.220124.VC	5.458E-48	171	2561
1_2237 # 2606937 # 2609846 # 1 # ID=1_2237;partial=00;start_type=ATG;rbs_motif=None;rbs_spacer=None;genetic_code=11;gc_cont=0.468	GENOMAD.006297.CC	5.021E-261	828	0
1_2269 # 2651591 # 2652751 # -1 # ID=1_2269;partial=00;start_type=ATG;rbs_motif=None;rbs_spacer=None;genetic_code=11;gc_cont=0.346	GENOMAD.157915.CP	4.747E-49	183	0
1_3131 # 3698041 # 3698511 # 1 # ID=1_3131;partial=00;start_type=ATG;rbs_motif=AAA;rbs_spacer=10bp;genetic_code=11;gc_cont=0.414	GENOMAD.009402.CC	5.148E-26	106	0
1_3163 # 3741398 # 3742345 # -1 # ID=1_3163;partial=00;start_type=ATG;rbs_motif=TAAA;rbs_spacer=11bp;genetic_code=11;gc_cont=0.448	GENOMAD.095405.CV	7.234E-68	235	0
1_3227 # 3816308 # 3816889 # 1 # ID=1_3227;partial=00;start_type=ATG;rbs_motif=AAAA;rbs_spacer=11bp;genetic_code=11;gc_cont=0.608	GENOMAD.124112.PP	1.968E-07	53	0
1_3259 # 3854310 # 3855764 # 1 # ID=1_3259;partial=00;start_type=ATG;rbs_motif=TAA;rbs_spacer=13bp;genetic_code=11;gc_cont=0.471	GENOMAD.127041.CP	7.864E-110	365	0
1_3291 # 3885228 # 3887114 # -1 # ID=1_3291;partial=00;start_type=ATG;rbs_motif=TAA;rbs_spacer=7bp;genetic_code=11;gc_cont=0.446	GENOMAD.208849.PC	1.137E-05	51	0
1_3323 # 3928640 # 3929236 # -1 # ID=1_3323;partial=00;start_type=ATG;rbs_motif=TAA;rbs_spacer=14bp;genetic_code=11;gc_cont=0.425	GENOMAD.218614.PC	4.174E-74	247	0
1_3355 # 3965683 # 3966330 # -1 # ID=1_3355;partial=00;start_type=ATG;rbs_motif=None;rbs_spacer=None;genetic_code=11;gc_cont=0.426	GENOMAD.148192.CP	1.468E-11	66	0
1_2602 # 3081780 # 3082910 # 1 # ID=1_2602;partial=00;start_type=ATG;rbs_motif=AAA;rbs_spacer=11bp;genetic_code=11;gc_cont=0.443	GENOMAD.000207.CC	3.129E-99	329	0
1_2666 # 3140014 # 3141015 # 1 # ID=1_2666;partial=00;start_type=ATG;rbs_motif=TAAAA;rbs_spacer=12bp;genetic_code=11;gc_cont=0.458	GENOMAD.000878.CC	5.264E-155	488	0
1_2730 # 3224572 # 3224829 # 1 # ID=1_2730;partial=00;start_type=ATG;rbs_motif=AAA;rbs_spacer=11bp;genetic_code=11;gc_cont=0.477	GENOMAD.197072.VP	5.259E-05	42	2561
1_2794 # 3294402 # 3295583 # 1 # ID=1_2794;partial=00;start_type=ATG;rbs_motif=TAAAAA;rbs_spacer=11bp;genetic_code=11;gc_cont=0.473	GENOMAD.088460.CC	1.066E-09	63	0
1_2779 # 3276199 # 3276765 # -1 # ID=1_2779;partial=00;start_type=ATG;rbs_motif=TAA;rbs_spacer=11bp;genetic_code=11;gc_cont=0.469	GENOMAD.207680.VC	3.842E-08	55	0
1_2811 # 3317234 # 3318397 # 1 # ID=1_2811;partial=00;start_type=ATG;rbs_motif=AATAA;rbs_spacer=10bp;genetic_code=11;gc_cont=0.476	GENOMAD.124338.CP	1.279E-42	164	0
1_2875 # 3384888 # 3387137 # 1 # ID=1_2875;partial=00;start_type=ATG;rbs_motif=TAA;rbs_spacer=11bp;genetic_code=11;gc_cont=0.468	GENOMAD.009839.CC	1.829E-192	618	0
1_2939 # 3457773 # 3460229 # -1 # ID=1_2939;partial=00;start_type=ATG;rbs_motif=AACAA;rbs_spacer=5bp;genetic_code=11;gc_cont=0.459	GENOMAD.154807.CP	9.838E-21	101	0
1_2971 # 3503709 # 3504431 # -1 # ID=1_2971;partial=00;start_type=ATG;rbs_motif=TAA;rbs_spacer=11bp;genetic_code=11;gc_cont=0.412	GENOMAD.179068.PC	1.815E-49	178	0
1_3003 # 3547255 # 3549876 # 1 # ID=1_3003;partial=00;start_type=TTG;rbs_motif=AAAAA;rbs_spacer=12bp;genetic_code=11;gc_cont=0.463	GENOMAD.166299.VC	5.339E-77	281	2561
1_3035 # 3579530 # 3580132 # 1 # ID=1_3035;partial=00;start_type=ATG;rbs_motif=AAAAA;rbs_spacer=12bp;genetic_code=11;gc_cont=0.468	GENOMAD.151590.CP	4.293E-66	224	0
1_2151 # 2511586 # 2512710 # -1 # ID=1_2151;partial=00;start_type=ATG;rbs_motif=TAAA;rbs_spacer=12bp;genetic_code=11;gc_cont=0.442	GENOMAD.170416.VC	6.130E-12	70	2561
1_2215 # 2575171 # 2576496 # -1 # ID=1_2215;partial=00;start_type=ATG;rbs_motif=TAAAAA;rbs_spacer=12bp;genetic_code=11;gc_cont=0.514	GENOMAD.105757.CP	1.028E-42	166	0
1_2247 # 2618392 # 2619771 # 1 # ID=1_2247;partial=00;start_type=ATG;rbs_motif=AAAA;rbs_spacer=11bp;genetic_code=11;gc_cont=0.459	GENOMAD.127094.CP	1.749E-06	53	0
1_2311 # 2696728 # 2697027 # -1 # ID=1_2311;partial=00;start_type=ATG;rbs_motif=TAAA;rbs_spacer=11bp;genetic_code=11;gc_cont=0.407	GENOMAD.160499.CP	4.845E-42	149	0
1_2343 # 2728649 # 2729287 # -1 # ID=1_2343;partial=00;start_type=ATG;rbs_motif=AAA;rbs_spacer=10bp;genetic_code=11;gc_cont=0.311	GENOMAD.159737.CP	1.186E-05	48	0
1_2375 # 2765980 # 2766879 # -1 # ID=1_2375;partial=00;start_type=ATG;rbs_motif=AAAAA;rbs_spacer=10bp;genetic_code=11;gc_cont=0.434	GENOMAD.178352.CP	5.434E-40	153	0
2_21 # 22189 # 22527 # -1 # ID=2_21;partial=00;start_type=TTG;rbs_motif=None;rbs_spacer=None;genetic_code=11;gc_cont=0.363	GENOMAD.214771.PV	7.358E-60	201	0
3_13 # 23381 # 24694 # -1 # ID=3_13;partial=00;start_type=ATG;rbs_motif=TAA;rbs_spacer=11bp;genetic_code=11;gc_cont=0.341	GENOMAD.147664.PC	1.526E-73	257	0
3_45 # 55777 # 56739 # 1 # ID=3_45;partial=00;start_type=ATG;rbs_motif=None;rbs_spacer=None;genetic_code=11;gc_cont=0.438	GENOMAD.145273.CP	7.976E-108	351	0
5_9 # 5363 # 6262 # -1 # ID=5_9;partial=00;start_type=ATG;rbs_motif=AAAA;rbs_spacer=15bp;genetic_code=11;gc_cont=0.496	GENOMAD.136356.PP	1.567E-33	134	0
1_17 # 17474 # 18427 # 1 # ID=1_17;partial=00;start_type=ATG;rbs_motif=TAAA;rbs_spacer=12bp;genetic_code=11;gc_cont=0.522	GENOMAD.054603.CC	5.196E-17	85	0
1_49 # 67165 # 69411 # -1 # ID=1_49;partial=00;start_type=ATG;rbs_motif=TAA;rbs_spacer=3bp;genetic_code=11;gc_cont=0.439	GENOMAD.055411.CC	4.300E-14	79	2790
1_2759 # 3256485 # 3257126 # 1 # ID=1_2759;partial=00;start_type=ATG;rbs_motif=None;rbs_spacer=None;genetic_code=11;gc_cont=0.450	GENOMAD.142890.CP	5.354E-05	46	0
1_2791 # 3288388 # 3291657 # 1 # ID=1_2791;partial=00;start_type=ATG;rbs_motif=TAAAA;rbs_spacer=13bp;genetic_code=11;gc_cont=0.459	GENOMAD.160632.CP	9.185E-05	49	0
1_2823 # 3332203 # 3332898 # -1 # ID=1_2823;partial=00;start_type=GTG;rbs_motif=TAAA;rbs_spacer=12bp;genetic_code=11;gc_cont=0.316	GENOMAD.033732.VV	2.030E-11	66	2561
1_2887 # 3399819 # 3400367 # 1 # ID=1_2887;partial=00;start_type=ATG;rbs_motif=None;rbs_spacer=None;genetic_code=11;gc_cont=0.448	GENOMAD.152181.CP	6.835E-04	42	0
1_2983 # 3519687 # 3521897 # -1 # ID=1_2983;partial=00;start_type=ATG;rbs_motif=AAA;rbs_spacer=14bp;genetic_code=11;gc_cont=0.461	GENOMAD.214322.CV	5.695E-05	49	0
1_3015 # 3562555 # 3562998 # -1 # ID=1_3015;partial=00;start_type=ATG;rbs_motif=TAA;rbs_spacer=11bp;genetic_code=11;gc_cont=0.392	GENOMAD.100790.CV	2.763E-20	89	0
1_3944 # 4678434 # 4679612 # 1 # ID=1_3944;partial=00;start_type=ATG;rbs_motif=TAA;rbs_spacer=11bp;genetic_code=11;gc_cont=0.367	GENOMAD.141957.CP	2.940E-45	172	0
1_3976 # 4716411 # 4717145 # -1 # ID=1_3976;partial=00;start_type=ATG;rbs_motif=TAAAAA;rbs_spacer=9bp;genetic_code=11;gc_cont=0.380	GENOMAD.169887.CP	2.237E-08	57	0
1_4072 # 4852805 # 4853881 # -1 # ID=1_4072;partial=00;start_type=ATG;rbs_motif=AAAAA;rbs_spacer=5bp;genetic_code=11;gc_cont=0.474	GENOMAD.152286.CP	1.125E-06	53	0
1_4200 # 5011729 # 5012409 # 1 # ID=1_4200;partial=00;start_type=ATG;rbs_motif=None;rbs_spacer=None;genetic_code=11;gc_cont=0.505	GENOMAD.032923.CC	3.950E-11	65	0
1_4370 # 5218150 # 5221068 # 1 # ID=1_4370;partial=00;start_type=ATG;rbs_motif=TAAA;rbs_spacer=13bp;genetic_code=11;gc_cont=0.439	GENOMAD.145692.CP	8.476E-12	72	0
2_23 # 22894 # 23097 # -1 # ID=2_23;partial=00;start_type=ATG;rbs_motif=AATAA;rbs_spacer=7bp;genetic_code=11;gc_cont=0.392	GENOMAD.223038.VP	1.034E-34	126	2561
3_47 # 57666 # 58289 # 1 # ID=3_47;partial=00;start_type=ATG;rbs_motif=TAAA;rbs_spacer=8bp;genetic_code=11;gc_cont=0.444	GENOMAD.014808.CC	1.707E-105	338	0
1_19 # 19925 # 23578 # 1 # ID=1_19;partial=00;start_type=TTG;rbs_motif=TAAAAA;rbs_spacer=15bp;genetic_code=11;gc_cont=0.493	GENOMAD.146053.CP	2.291E-21	104	2561
1_51 # 70803 # 71672 # -1 # ID=1_51;partial=00;start_type=ATG;rbs_motif=AAA;rbs_spacer=3bp;genetic_code=11;gc_cont=0.471	GENOMAD.004385.CC	1.128E-115	372	0
1_115 # 153554 # 155992 # 1 # ID=1_115;partial=00;start_type=ATG;rbs_motif=AACAA;rbs_spacer=5bp;genetic_code=11;gc_cont=0.508	GENOMAD.121860.CP	2.382E-21	103	2561
1_3430 # 4054994 # 4055551 # -1 # ID=1_3430;partial=00;start_type=ATG;rbs_motif=TAA;rbs_spacer=3bp;genetic_code=11;gc_cont=0.401	GENOMAD.000004.CC	5.690E-73	243	0
1_3462 # 4082586 # 4082822 # -1 # ID=1_3462;partial=00;start_type=TTG;rbs_motif=TAA;rbs_spacer=14bp;genetic_code=11;gc_cont=0.329	GENOMAD.168547.VC	1.987E-04	40	0
1_3494 # 4119593 # 4120975 # 1 # ID=1_3494;partial=00;start_type=ATG;rbs_motif=AAA;rbs_spacer=11bp;genetic_code=11;gc_cont=0.482	GENOMAD.132406.CP	1.755E-06	53	0
1_3526 # 4155290 # 4155718 # 1 # ID=1_3526;partial=00;start_type=ATG;rbs_motif=AATAA;rbs_spacer=9bp;genetic_code=11;gc_cont=0.443	GENOMAD.166624.CV	1.329E-06	49	0
1_3558 # 4196584 # 4199754 # -1 # ID=1_3558;partial=00;start_type=ATG;rbs_motif=TAAA;rbs_spacer=11bp;genetic_code=11;gc_cont=0.455	GENOMAD.124336.CP	1.545E-10	68	0
1_3686 # 4360416 # 4361012 # -1 # ID=1_3686;partial=00;start_type=ATG;rbs_motif=TAAA;rbs_spacer=11bp;genetic_code=11;gc_cont=0.471	GENOMAD.221174.VP	4.666E-37	140	2561
1_3164 # 3742348 # 3743163 # -1 # ID=1_3164;partial=00;start_type=ATG;rbs_motif=AAAAA;rbs_spacer=12bp;genetic_code=11;gc_cont=0.434	GENOMAD.091465.CP	1.631E-09	61	0
1_3356 # 3966507 # 3967820 # -1 # ID=1_3356;partial=00;start_type=ATG;rbs_motif=TAAA;rbs_spacer=11bp;genetic_code=11;gc_cont=0.432	GENOMAD.108638.CP	2.740E-05	49	0
1_1583 # 1891126 # 1891512 # -1 # ID=1_1583;partial=00;start_type=ATG;rbs_motif=TAAA;rbs_spacer=12bp;genetic_code=11;gc_cont=0.382	GENOMAD.148042.VV	4.553E-05	44	2561
1_1615 # 1908328 # 1908669 # 1 # ID=1_1615;partial=00;start_type=ATG;rbs_motif=TAA;rbs_spacer=9bp;genetic_code=11;gc_cont=0.538	GENOMAD.078360.VV	1.720E-59	200	2561
1_1647 # 1940445 # 1941614 # -1 # ID=1_1647;partial=00;start_type=ATG;rbs_motif=AAAA;rbs_spacer=15bp;genetic_code=11;gc_cont=0.418	GENOMAD.170143.VC	2.970E-74	257	2561
1_1743 # 2051011 # 2051880 # -1 # ID=1_1743;partial=00;start_type=ATG;rbs_motif=TAA;rbs_spacer=4bp;genetic_code=11;gc_cont=0.394	GENOMAD.123116.CP	6.195E-06	50	0
1_1807 # 2128858 # 2129169 # 1 # ID=1_1807;partial=00;start_type=ATG;rbs_motif=AACAA;rbs_spacer=11bp;genetic_code=11;gc_cont=0.522	GENOMAD.181167.VC	1.755E-46	162	0
1_1871 # 2190635 # 2191978 # -1 # ID=1_1871;partial=00;start_type=GTG;rbs_motif=AAAAA;rbs_spacer=12bp;genetic_code=11;gc_cont=0.320	GENOMAD.036653.CC	3.314E-79	274	0
1_2172 # 2535981 # 2536991 # -1 # ID=1_2172;partial=00;start_type=ATG;rbs_motif=TAAAAA;rbs_spacer=6bp;genetic_code=11;gc_cont=0.550	GENOMAD.209738.CP	4.965E-49	181	0
1_2204 # 2564277 # 2567942 # -1 # ID=1_2204;partial=00;start_type=ATG;rbs_motif=AAGAA;rbs_spacer=7bp;genetic_code=11;gc_cont=0.465	GENOMAD.223539.VP	1.602E-06	55	2561
1_2268 # 2649747 # 2650775 # -1 # ID=1_2268;partial=00;start_type=ATG;rbs_motif=TAA;rbs_spacer=3bp;genetic_code=11;gc_cont=0.385	GENOMAD.210284.CP	1.447E-15	81	0
1_2364 # 2753126 # 2753710 # -1 # ID=1_2364;partial=00;start_type=ATG;rbs_motif=TAAAAA;rbs_spacer=10bp;genetic_code=11;gc_cont=0.465	GENOMAD.042838.CC	1.304E-93	303	0
1_2396 # 2801009 # 2802007 # -1 # ID=1_2396;partial=00;start_type=ATG;rbs_motif=TAA;rbs_spacer=15bp;genetic_code=11;gc_cont=0.429	GENOMAD.133618.CP	1.978E-06	52	0
1_2428 # 2833601 # 2834032 # 1 # ID=1_2428;partial=00;start_type=ATG;rbs_motif=TAA;rbs_spacer=12bp;genetic_code=11;gc_cont=0.440	GENOMAD.117180.CP	1.007E-11	64	0
1_2880 # 3390456 # 3391694 # 1 # ID=1_2880;partial=00;start_type=ATG;rbs_motif=TAAA;rbs_spacer=14bp;genetic_code=11;gc_cont=0.494	GENOMAD.132268.CP	1.003E-08	60	0
1_2912 # 3421590 # 3423833 # -1 # ID=1_2912;partial=00;start_type=ATG;rbs_motif=TAAA;rbs_spacer=12bp;genetic_code=11;gc_cont=0.471	GENOMAD.120831.CP	6.452E-09	62	0
1_2976 # 3510466 # 3512364 # -1 # ID=1_2976;partial=00;start_type=ATG;rbs_motif=TAA;rbs_spacer=11bp;genetic_code=11;gc_cont=0.442	GENOMAD.145304.CP	2.675E-13	76	0
1_3008 # 3554380 # 3555801 # 1 # ID=1_3008;partial=00;start_type=ATG;rbs_motif=TAA;rbs_spacer=12bp;genetic_code=11;gc_cont=0.457	GENOMAD.132441.CP	1.077E-11	70	0
1_136 # 183576 # 184088 # -1 # ID=1_136;partial=00;start_type=ATG;rbs_motif=AAAAA;rbs_spacer=12bp;genetic_code=11;gc_cont=0.493	GENOMAD.109986.CP	1.134E-49	175	0
1_38 # 47631 # 51047 # -1 # ID=1_38;partial=00;start_type=ATG;rbs_motif=TAA;rbs_spacer=14bp;genetic_code=11;gc_cont=0.458	GENOMAD.128893.CP	8.460E-11	69	0
1_70 # 100628 # 101716 # 1 # ID=1_70;partial=00;start_type=ATG;rbs_motif=TAA;rbs_spacer=11bp;genetic_code=11;gc_cont=0.424	GENOMAD.107282.CP	3.681E-29	123	0
1_134 # 181291 # 183201 # -1 # ID=1_134;partial=00;start_type=ATG;rbs_motif=AACAA;rbs_spacer=10bp;genetic_code=11;gc_cont=0.522	GENOMAD.112737.CP	2.696E-41	166	0
1_1489 # 1782973 # 1783701 # -1 # ID=1_1489;partial=00;start_type=ATG;rbs_motif=AACAA;rbs_spacer=9bp;genetic_code=11;gc_cont=0.392	GENOMAD.026746.CC	4.320E-138	434	0
1_1521 # 1821348 # 1823360 # 1 # ID=1_1521;partial=00;start_type=ATG;rbs_motif=TAA;rbs_spacer=12bp;genetic_code=11;gc_cont=0.421	GENOMAD.154880.CP	1.214E-199	635	2561
1_1167 # 1420189 # 1421139 # -1 # ID=1_1167;partial=00;start_type=ATG;rbs_motif=AAAA;rbs_spacer=12bp;genetic_code=11;gc_cont=0.492	GENOMAD.136125.PP	8.332E-42	159	0
1_1199 # 1452012 # 1454699 # -1 # ID=1_1199;partial=00;start_type=ATG;rbs_motif=TAAA;rbs_spacer=11bp;genetic_code=11;gc_cont=0.484	GENOMAD.117361.CP	3.614E-05	50	0
1_1231 # 1492573 # 1493247 # -1 # ID=1_1231;partial=00;start_type=ATG;rbs_motif=None;rbs_spacer=None;genetic_code=11;gc_cont=0.471	GENOMAD.084679.CV	1.057E-48	175	2561
1_2713 # 3200032 # 3201645 # 1 # ID=1_2713;partial=00;start_type=ATG;rbs_motif=AACAA;rbs_spacer=13bp;genetic_code=11;gc_cont=0.558	GENOMAD.169346.CP	5.198E-29	126	0
1_2745 # 3234945 # 3236591 # -1 # ID=1_2745;partial=00;start_type=ATG;rbs_motif=TAAAAA;rbs_spacer=10bp;genetic_code=11;gc_cont=0.478	GENOMAD.123340.CP	1.666E-31	134	0
1_2777 # 3275421 # 3275753 # -1 # ID=1_2777;partial=00;start_type=ATG;rbs_motif=TAA;rbs_spacer=11bp;genetic_code=11;gc_cont=0.432	GENOMAD.158005.VC	6.283E-04	40	0
1_2809 # 3313518 # 3315605 # 1 # ID=1_2809;partial=00;start_type=ATG;rbs_motif=TAA;rbs_spacer=13bp;genetic_code=11;gc_cont=0.409	GENOMAD.124220.CP	1.942E-07	57	0
1_2213 # 2574411 # 2574680 # 1 # ID=1_2213;partial=00;start_type=ATG;rbs_motif=TAAAAA;rbs_spacer=10bp;genetic_code=11;gc_cont=0.452	GENOMAD.167533.CP	5.422E-44	154	0
1_4375 # 5228069 # 5229292 # -1 # ID=1_4375;partial=00;start_type=ATG;rbs_motif=TAAAAA;rbs_spacer=11bp;genetic_code=11;gc_cont=0.467	GENOMAD.207504.CP	2.984E-105	348	0
3_52 # 62133 # 62552 # -1 # ID=3_52;partial=00;start_type=ATG;rbs_motif=TAAAAA;rbs_spacer=12bp;genetic_code=11;gc_cont=0.452	GENOMAD.073851.CV	4.931E-19	85	0
6_4 # 2265 # 3314 # -1 # ID=6_4;partial=00;start_type=ATG;rbs_motif=AAAA;rbs_spacer=6bp;genetic_code=11;gc_cont=0.378	GENOMAD.059256.PP	2.467E-55	200	0
1_24 # 27697 # 29658 # 1 # ID=1_24;partial=00;start_type=ATG;rbs_motif=TAA;rbs_spacer=9bp;genetic_code=11;gc_cont=0.462	GENOMAD.142438.CP	7.273E-18	91	2561
1_167 # 228512 # 229852 # 1 # ID=1_167;partial=00;start_type=ATG;rbs_motif=TAA;rbs_spacer=12bp;genetic_code=11;gc_cont=0.408	GENOMAD.147647.CP	4.430E-33	137	0
1_231 # 316788 # 317225 # -1 # ID=1_231;partial=00;start_type=ATG;rbs_motif=TAA;rbs_spacer=11bp;genetic_code=11;gc_cont=0.457	GENOMAD.160798.VP	7.318E-17	79	2561
1_1939 # 2277647 # 2279008 # 1 # ID=1_1939;partial=00;start_type=ATG;rbs_motif=TAAAA;rbs_spacer=12bp;genetic_code=11;gc_cont=0.536	GENOMAD.114384.CP	1.365E-70	249	2561
1_1971 # 2311958 # 2312992 # 1 # ID=1_1971;partial=00;start_type=ATG;rbs_motif=TAA;rbs_spacer=12bp;genetic_code=11;gc_cont=0.481	GENOMAD.194789.CP	5.760E-51	187	0
1_1778 # 2091343 # 2092077 # -1 # ID=1_1778;partial=00;start_type=ATG;rbs_motif=TAA;rbs_spacer=13bp;genetic_code=11;gc_cont=0.446	GENOMAD.214709.CP	1.272E-15	79	0
1_2556 # 3019715 # 3020533 # 1 # ID=1_2556;partial=00;start_type=ATG;rbs_motif=AAAAA;rbs_spacer=7bp;genetic_code=11;gc_cont=0.426	GENOMAD.212293.VC	1.478E-130	414	2561
1_2652 # 3127655 # 3127981 # 1 # ID=1_2652;partial=00;start_type=ATG;rbs_motif=AAAAA;rbs_spacer=12bp;genetic_code=11;gc_cont=0.446	GENOMAD.147757.CP	1.692E-25	102	0
1_2716 # 3204611 # 3206104 # -1 # ID=1_2716;partial=00;start_type=ATG;rbs_motif=AAAAA;rbs_spacer=12bp;genetic_code=11;gc_cont=0.510	GENOMAD.132287.VV	6.746E-05	48	2561
1_2748 # 3242208 # 3242633 # -1 # ID=1_2748;partial=00;start_type=GTG;rbs_motif=TAA;rbs_spacer=12bp;genetic_code=11;gc_cont=0.448	GENOMAD.213917.PC	3.723E-23	97	0
1_3045 # 3587712 # 3590054 # -1 # ID=1_3045;partial=00;start_type=ATG;rbs_motif=AATAA;rbs_spacer=7bp;genetic_code=11;gc_cont=0.466	GENOMAD.140646.CP	4.585E-159	522	0
1_1678 # 1973002 # 1973307 # -1 # ID=1_1678;partial=00;start_type=ATG;rbs_motif=TAA;rbs_spacer=11bp;genetic_code=11;gc_cont=0.418	GENOMAD.171296.CP	4.696E-04	40	0
1_838 # 1032079 # 1032504 # -1 # ID=1_838;partial=00;start_type=ATG;rbs_motif=AAAA;rbs_spacer=14bp;genetic_code=11;gc_cont=0.493	GENOMAD.179297.CV	5.975E-35	131	0
1_817 # 1006935 # 1008446 # 1 # ID=1_817;partial=00;start_type=ATG;rbs_motif=None;rbs_spacer=None;genetic_code=11;gc_cont=0.493	GENOMAD.179703.PC	6.865E-05	48	0
1_1631 # 1926108 # 1926731 # 1 # ID=1_1631;partial=00;start_type=ATG;rbs_motif=TAA;rbs_spacer=12bp;genetic_code=11;gc_cont=0.465	GENOMAD.048443.VV	2.486E-101	326	2561
1_1663 # 1958422 # 1959216 # -1 # ID=1_1663;partial=00;start_type=ATG;rbs_motif=AAAAA;rbs_spacer=6bp;genetic_code=11;gc_cont=0.453	GENOMAD.205888.CP	1.492E-63	220	0
1_1695 # 1987547 # 1989895 # 1 # ID=1_1695;partial=00;start_type=ATG;rbs_motif=TAA;rbs_spacer=11bp;genetic_code=11;gc_cont=0.415	GENOMAD.126028.CP	2.020E-36	152	2561
1_1727 # 2026898 # 2027575 # -1 # ID=1_1727;partial=00;start_type=ATG;rbs_motif=AAAAA;rbs_spacer=9bp;genetic_code=11;gc_cont=0.404	GENOMAD.061903.CP	2.817E-36	139	2561
1_1759 # 2069040 # 2072273 # -1 # ID=1_1759;partial=00;start_type=ATG;rbs_motif=TAA;rbs_spacer=11bp;genetic_code=11;gc_cont=0.461	GENOMAD.134252.CP	1.552E-20	101	0
1_3624 # 4289694 # 4292741 # 1 # ID=1_3624;partial=00;start_type=ATG;rbs_motif=AACAA;rbs_spacer=11bp;genetic_code=11;gc_cont=0.497	GENOMAD.030548.CC	6.757E-313	981	0
1_2870 # 3379104 # 3380000 # 1 # ID=1_2870;partial=00;start_type=ATG;rbs_motif=AAAAA;rbs_spacer=4bp;genetic_code=11;gc_cont=0.462	GENOMAD.092694.CP	3.291E-48	177	0
1_2902 # 3411255 # 3412229 # -1 # ID=1_2902;partial=00;start_type=ATG;rbs_motif=TAA;rbs_spacer=9bp;genetic_code=11;gc_cont=0.422	GENOMAD.140879.CP	1.623E-05	49	0
1_2966 # 3496351 # 3497427 # 1 # ID=1_2966;partial=00;start_type=ATG;rbs_motif=TAAA;rbs_spacer=12bp;genetic_code=11;gc_cont=0.452	GENOMAD.078808.CP	2.299E-06	52	0
1_2998 # 3541279 # 3542172 # -1 # ID=1_2998;partial=00;start_type=ATG;rbs_motif=TAA;rbs_spacer=11bp;genetic_code=11;gc_cont=0.400	GENOMAD.023620.CC	1.018E-74	254	0
1_688 # 850317 # 850937 # -1 # ID=1_688;partial=00;start_type=ATG;rbs_motif=None;rbs_spacer=None;genetic_code=11;gc_cont=0.435	GENOMAD.036884.CC	5.163E-58	201	0
1_720 # 889331 # 890680 # 1 # ID=1_720;partial=00;start_type=ATG;rbs_motif=AATAA;rbs_spacer=5bp;genetic_code=11;gc_cont=0.482	GENOMAD.107047.CP	5.810E-09	61	0
1_2116 # 2473749 # 2474096 # 1 # ID=1_2116;partial=00;start_type=ATG;rbs_motif=TAAAAA;rbs_spacer=8bp;genetic_code=11;gc_cont=0.483	GENOMAD.141308.VP	2.207E-09	56	2561
1_2148 # 2507799 # 2509484 # -1 # ID=1_2148;partial=00;start_type=ATG;rbs_motif=TAAAA;rbs_spacer=12bp;genetic_code=11;gc_cont=0.453	GENOMAD.094517.CV	1.838E-25	115	2561
1_2244 # 2612108 # 2613961 # 1 # ID=1_2244;partial=00;start_type=ATG;rbs_motif=None;rbs_spacer=None;genetic_code=11;gc_cont=0.472	GENOMAD.112796.CP	1.677E-178	571	0
1_1494 # 1786465 # 1787085 # 1 # ID=1_1494;partial=00;start_type=ATG;rbs_motif=AAA;rbs_spacer=11bp;genetic_code=11;gc_cont=0.406	GENOMAD.151590.CP	1.253E-56	197	0
1_388 # 511191 # 512405 # 1 # ID=1_388;partial=00;start_type=ATG;rbs_motif=TAA;rbs_spacer=11bp;genetic_code=11;gc_cont=0.453	GENOMAD.104139.CP	5.807E-57	207	0
1_420 # 550808 # 551224 # 1 # ID=1_420;partial=00;start_type=ATG;rbs_motif=TAAA;rbs_spacer=11bp;genetic_code=11;gc_cont=0.379	GENOMAD.007750.CC	1.321E-41	150	0
1_2259 # 2632392 # 2635355 # -1 # ID=1_2259;partial=00;start_type=ATG;rbs_motif=TAAA;rbs_spacer=15bp;genetic_code=11;gc_cont=0.505	GENOMAD.170379.CP	8.176E-05	49	0
1_2291 # 2673656 # 2674462 # -1 # ID=1_2291;partial=00;start_type=ATG;rbs_motif=AAAAA;rbs_spacer=10bp;genetic_code=11;gc_cont=0.375	GENOMAD.143472.VV	3.987E-12	69	0
1_2323 # 2707726 # 2708427 # 1 # ID=1_2323;partial=00;start_type=ATG;rbs_motif=TAAAAA;rbs_spacer=11bp;genetic_code=11;gc_cont=0.459	GENOMAD.170959.CV	2.231E-89	293	2561
1_2355 # 2744778 # 2745863 # 1 # ID=1_2355;partial=00;start_type=ATG;rbs_motif=TAAAAA;rbs_spacer=10bp;genetic_code=11;gc_cont=0.478	GENOMAD.130406.CP	5.538E-12	70	2561
1_390 # 513474 # 513893 # 1 # ID=1_390;partial=00;start_type=ATG;rbs_motif=TAA;rbs_spacer=11bp;genetic_code=11;gc_cont=0.421	GENOMAD.167533.CP	3.906E-55	189	0
1_454 # 589722 # 591263 # -1 # ID=1_454;partial=00;start_type=ATG;rbs_motif=AATAA;rbs_spacer=7bp;genetic_code=11;gc_cont=0.429	GENOMAD.192991.CP	7.062E-05	48	0
1_486 # 627866 # 628834 # 1 # ID=1_486;partial=00;start_type=ATG;rbs_motif=AAAA;rbs_spacer=9bp;genetic_code=11;gc_cont=0.344	GENOMAD.215070.PC	5.053E-150	473	0
1_2868 # 3377385 # 3377975 # 1 # ID=1_2868;partial=00;start_type=ATG;rbs_motif=None;rbs_spacer=None;genetic_code=11;gc_cont=0.455	GENOMAD.146620.VC	2.107E-08	56	0
1_2964 # 3494213 # 3495412 # -1 # ID=1_2964;partial=00;start_type=ATG;rbs_motif=TAAAAA;rbs_spacer=7bp;genetic_code=11;gc_cont=0.408	GENOMAD.133618.CP	2.364E-05	49	0
1_3060 # 3612951 # 3615050 # -1 # ID=1_3060;partial=00;start_type=GTG;rbs_motif=TAA;rbs_spacer=9bp;genetic_code=11;gc_cont=0.450	GENOMAD.079233.CP	1.739E-83	296	2561
1_1887 # 2210354 # 2211388 # -1 # ID=1_1887;partial=00;start_type=ATG;rbs_motif=TAA;rbs_spacer=14bp;genetic_code=11;gc_cont=0.395	GENOMAD.070016.VV	5.265E-32	131	2561
1_1919 # 2247633 # 2248271 # 1 # ID=1_1919;partial=00;start_type=ATG;rbs_motif=TATAA;rbs_spacer=3bp;genetic_code=11;gc_cont=0.377	GENOMAD.159882.CP	2.548E-31	124	0
1_2015 # 2362083 # 2363384 # 1 # ID=1_2015;partial=00;start_type=ATG;rbs_motif=TAA;rbs_spacer=10bp;genetic_code=11;gc_cont=0.491	GENOMAD.130632.CP	2.242E-101	338	0
1_2079 # 2438162 # 2439160 # 1 # ID=1_2079;partial=00;start_type=ATG;rbs_motif=TAAA;rbs_spacer=5bp;genetic_code=11;gc_cont=0.372	GENOMAD.177941.VV	3.397E-10	64	0
1_2143 # 2501528 # 2502904 # 1 # ID=1_2143;partial=00;start_type=ATG;rbs_motif=TAAA;rbs_spacer=11bp;genetic_code=11;gc_cont=0.452	GENOMAD.104630.CP	2.173E-63	228	2561
1_2654 # 3128715 # 3129572 # 1 # ID=1_2654;partial=00;start_type=ATG;rbs_motif=AAA;rbs_spacer=13bp;genetic_code=11;gc_cont=0.430	GENOMAD.145262.CP	2.428E-12	70	0
1_2686 # 3166636 # 3168039 # -1 # ID=1_2686;partial=00;start_type=ATG;rbs_motif=TAAA;rbs_spacer=8bp;genetic_code=11;gc_cont=0.316	GENOMAD.205497.VP	2.525E-04	46	2561
1_2782 # 3278740 # 3279495 # -1 # ID=1_2782;partial=00;start_type=ATG;rbs_motif=TAA;rbs_spacer=12bp;genetic_code=11;gc_cont=0.487	GENOMAD.154822.CP	4.742E-29	119	0
1_2814 # 3323617 # 3325062 # -1 # ID=1_2814;partial=00;start_type=ATG;rbs_motif=TAAAAA;rbs_spacer=12bp;genetic_code=11;gc_cont=0.468	GENOMAD.189988.VC	7.738E-06	51	0
1_2910 # 3418927 # 3420270 # -1 # ID=1_2910;partial=00;start_type=ATG;rbs_motif=TAA;rbs_spacer=12bp;genetic_code=11;gc_cont=0.432	GENOMAD.124020.CP	1.399E-05	50	0
1_2792 # 3291678 # 3293306 # 1 # ID=1_2792;partial=00;start_type=ATG;rbs_motif=TAAAAA;rbs_spacer=10bp;genetic_code=11;gc_cont=0.491	GENOMAD.141002.CP	4.697E-86	298	0
1_2824 # 3332895 # 3334004 # -1 # ID=1_2824;partial=00;start_type=ATG;rbs_motif=AAAA;rbs_spacer=12bp;genetic_code=11;gc_cont=0.260	GENOMAD.056762.CC	8.417E-103	339	0
1_3016 # 3563010 # 3563282 # -1 # ID=1_3016;partial=00;start_type=ATG;rbs_motif=AAAAA;rbs_spacer=12bp;genetic_code=11;gc_cont=0.418	GENOMAD.022295.CC	1.490E-26	104	0
1_3011 # 3557912 # 3558769 # -1 # ID=1_3011;partial=00;start_type=ATG;rbs_motif=TAA;rbs_spacer=11bp;genetic_code=11;gc_cont=0.491	GENOMAD.107211.CP	1.276E-55	198	0
1_3043 # 3586457 # 3586987 # 1 # ID=1_3043;partial=00;start_type=ATG;rbs_motif=TAA;rbs_spacer=11bp;genetic_code=11;gc_cont=0.454	GENOMAD.129206.CP	1.490E-21	94	0
1_3075 # 3628243 # 3629229 # -1 # ID=1_3075;partial=00;start_type=ATG;rbs_motif=None;rbs_spacer=None;genetic_code=11;gc_cont=0.303	GENOMAD.118379.VV	3.405E-05	48	12031
1_3107 # 3666284 # 3667897 # -1 # ID=1_3107;partial=00;start_type=ATG;rbs_motif=TAA;rbs_spacer=10bp;genetic_code=11;gc_cont=0.480	GENOMAD.129389.CP	1.543E-20	99	0
1_3267 # 3864776 # 3865534 # -1 # ID=1_3267;partial=00;start_type=ATG;rbs_motif=TAA;rbs_spacer=9bp;genetic_code=11;gc_cont=0.436	GENOMAD.084227.CP	2.571E-26	111	2561
1_3299 # 3899298 # 3901139 # -1 # ID=1_3299;partial=00;start_type=ATG;rbs_motif=TAAAAA;rbs_spacer=9bp;genetic_code=11;gc_cont=0.457	GENOMAD.115099.CP	1.078E-16	87	0
1_1447 # 1728623 # 1729681 # -1 # ID=1_1447;partial=00;start_type=TTG;rbs_motif=TAAAAA;rbs_spacer=8bp;genetic_code=11;gc_cont=0.414	GENOMAD.057710.VV	1.103E-20	97	2561
1_1575 # 1883813 # 1884943 # -1 # ID=1_1575;partial=00;start_type=ATG;rbs_motif=TAAA;rbs_spacer=15bp;genetic_code=11;gc_cont=0.447	GENOMAD.077211.CP	4.050E-09	61	2561
1_1607 # 1901803 # 1901988 # 1 # ID=1_1607;partial=00;start_type=ATG;rbs_motif=TAA;rbs_spacer=3bp;genetic_code=11;gc_cont=0.484	GENOMAD.041886.VV	9.776E-18	77	2561
1_1735 # 2042725 # 2043846 # -1 # ID=1_1735;partial=00;start_type=ATG;rbs_motif=TAAA;rbs_spacer=11bp;genetic_code=11;gc_cont=0.337	GENOMAD.001580.CC	1.940E-09	62	0
1_1612 # 1903984 # 1906200 # 1 # ID=1_1612;partial=00;start_type=ATG;rbs_motif=TAAAA;rbs_spacer=12bp;genetic_code=11;gc_cont=0.521	GENOMAD.052699.VV	0.000E+00	1207	2561
1_1708 # 2009439 # 2009969 # -1 # ID=1_1708;partial=00;start_type=ATG;rbs_motif=TAA;rbs_spacer=14bp;genetic_code=11;gc_cont=0.456	GENOMAD.003487.CC	2.864E-59	203	0
1_1740 # 2047855 # 2048880 # -1 # ID=1_1740;partial=00;start_type=ATG;rbs_motif=TAAA;rbs_spacer=12bp;genetic_code=11;gc_cont=0.386	GENOMAD.126729.CP	4.975E-07	54	0
1_2000 # 2345123 # 2346148 # -1 # ID=1_2000;partial=00;start_type=ATG;rbs_motif=TAA;rbs_spacer=14bp;genetic_code=11;gc_cont=0.502	GENOMAD.152376.CP	3.662E-05	48	0
1_2032 # 2382434 # 2384191 # -1 # ID=1_2032;partial=00;start_type=ATG;rbs_motif=TAAAAA;rbs_spacer=5bp;genetic_code=11;gc_cont=0.451	GENOMAD.089037.CP	2.726E-59	220	0
1_2064 # 2422122 # 2422715 # -1 # ID=1_2064;partial=00;start_type=ATG;rbs_motif=TAAAAA;rbs_spacer=9bp;genetic_code=11;gc_cont=0.426	GENOMAD.218149.VP	2.004E-05	47	0
1_2590 # 3062640 # 3064193 # -1 # ID=1_2590;partial=00;start_type=ATG;rbs_motif=None;rbs_spacer=None;genetic_code=11;gc_cont=0.454	GENOMAD.133881.CP	1.157E-24	112	0
1_2622 # 3103276 # 3104580 # 1 # ID=1_2622;partial=00;start_type=ATG;rbs_motif=AAA;rbs_spacer=12bp;genetic_code=11;gc_cont=0.511	GENOMAD.107047.CP	1.335E-05	50	0
1_1720 # 2021455 # 2022231 # 1 # ID=1_1720;partial=00;start_type=ATG;rbs_motif=TAA;rbs_spacer=9bp;genetic_code=11;gc_cont=0.426	GENOMAD.154805.CP	3.599E-14	75	0
1_1752 # 2058117 # 2059349 # -1 # ID=1_1752;partial=00;start_type=ATG;rbs_motif=TAAAAA;rbs_spacer=5bp;genetic_code=11;gc_cont=0.439	GENOMAD.082253.CP	3.303E-24	109	0
1_1784 # 2097457 # 2099811 # 1 # ID=1_1784;partial=00;start_type=ATG;rbs_motif=AAAAA;rbs_spacer=5bp;genetic_code=11;gc_cont=0.460	GENOMAD.127142.CP	1.723E-35	149	2561
1_1848 # 2167417 # 2168163 # 1 # ID=1_1848;partial=00;start_type=ATG;rbs_motif=TATAA;rbs_spacer=4bp;genetic_code=11;gc_cont=0.458	GENOMAD.006987.CC	3.971E-53	189	0
1_1912 # 2240756 # 2241463 # 1 # ID=1_1912;partial=00;start_type=ATG;rbs_motif=TAAA;rbs_spacer=11bp;genetic_code=11;gc_cont=0.408	GENOMAD.004606.CC	7.708E-58	202	0
1_2475 # 2910622 # 2912139 # 1 # ID=1_2475;partial=00;start_type=ATG;rbs_motif=AAAA;rbs_spacer=11bp;genetic_code=11;gc_cont=0.550	GENOMAD.142014.CP	3.978E-43	169	2561
1_2539 # 3001571 # 3003787 # 1 # ID=1_2539;partial=00;start_type=ATG;rbs_motif=TAA;rbs_spacer=10bp;genetic_code=11;gc_cont=0.470	GENOMAD.195027.CP	1.850E-42	171	0
1_2571 # 3037477 # 3038865 # 1 # ID=1_2571;partial=00;start_type=ATG;rbs_motif=TAA;rbs_spacer=4bp;genetic_code=11;gc_cont=0.414	GENOMAD.191018.CP	2.773E-113	374	0
1_2635 # 3114582 # 3114890 # 1 # ID=1_2635;partial=00;start_type=ATG;rbs_motif=AATAA;rbs_spacer=6bp;genetic_code=11;gc_cont=0.482	GENOMAD.227329.VP	3.705E-62	207	0
1_3740 # 4427245 # 4428534 # -1 # ID=1_3740;partial=00;start_type=ATG;rbs_motif=TAAA;rbs_spacer=12bp;genetic_code=11;gc_cont=0.450	GENOMAD.121802.CP	2.808E-14	78	0
1_3772 # 4478136 # 4478891 # 1 # ID=1_3772;partial=00;start_type=ATG;rbs_motif=TAAA;rbs_spacer=11bp;genetic_code=11;gc_cont=0.479	GENOMAD.087567.CP	1.139E-60	211	0
1_3868 # 4584900 # 4588262 # -1 # ID=1_3868;partial=00;start_type=ATG;rbs_motif=TAA;rbs_spacer=11bp;genetic_code=11;gc_cont=0.551	GENOMAD.000971.CC	2.083E-320	1008	0
1_3900 # 4625221 # 4625919 # 1 # ID=1_3900;partial=00;start_type=ATG;rbs_motif=TAAA;rbs_spacer=13bp;genetic_code=11;gc_cont=0.454	GENOMAD.132797.CP	3.465E-47	171	0
1_3932 # 4666630 # 4667475 # 1 # ID=1_3932;partial=00;start_type=ATG;rbs_motif=None;rbs_spacer=None;genetic_code=11;gc_cont=0.467	GENOMAD.119022.CV	3.029E-52	188	0
1_1976 # 2318614 # 2318934 # -1 # ID=1_1976;partial=00;start_type=ATG;rbs_motif=AACAA;rbs_spacer=15bp;genetic_code=11;gc_cont=0.483	GENOMAD.048223.CC	1.225E-51	177	0
1_2008 # 2355194 # 2356561 # -1 # ID=1_2008;partial=00;start_type=ATG;rbs_motif=None;rbs_spacer=None;genetic_code=11;gc_cont=0.490	GENOMAD.117361.CP	2.918E-05	49	0
1_2040 # 2396595 # 2397032 # 1 # ID=1_2040;partial=00;start_type=ATG;rbs_motif=TAAAAA;rbs_spacer=9bp;genetic_code=11;gc_cont=0.416	GENOMAD.192665.CP	1.155E-20	90	0
1_2168 # 2531575 # 2532477 # -1 # ID=1_2168;partial=00;start_type=ATG;rbs_motif=TAA;rbs_spacer=11bp;genetic_code=11;gc_cont=0.565	GENOMAD.205255.PC	1.306E-11	68	0
1_2232 # 2601143 # 2601700 # 1 # ID=1_2232;partial=00;start_type=ATG;rbs_motif=AAA;rbs_spacer=11bp;genetic_code=11;gc_cont=0.409	GENOMAD.121797.CP	7.598E-10	60	0
1_3414 # 4047045 # 4048037 # -1 # ID=1_3414;partial=00;start_type=ATG;rbs_motif=TAA;rbs_spacer=11bp;genetic_code=11;gc_cont=0.386	GENOMAD.000031.CC	1.425E-76	261	0
1_3574 # 4219317 # 4219919 # -1 # ID=1_3574;partial=00;start_type=ATG;rbs_motif=AATAA;rbs_spacer=7bp;genetic_code=11;gc_cont=0.463	GENOMAD.218614.PC	6.021E-71	238	0
1_3638 # 4311286 # 4312863 # 1 # ID=1_3638;partial=00;start_type=ATG;rbs_motif=TAAA;rbs_spacer=11bp;genetic_code=11;gc_cont=0.584	GENOMAD.190178.PC	2.984E-04	46	0
1_4327 # 5156280 # 5156861 # 1 # ID=1_4327;partial=00;start_type=ATG;rbs_motif=TAA;rbs_spacer=11bp;genetic_code=11;gc_cont=0.442	GENOMAD.153056.CP	1.005E-34	133	0
1_4359 # 5202090 # 5202713 # -1 # ID=1_4359;partial=00;start_type=ATG;rbs_motif=AACAA;rbs_spacer=10bp;genetic_code=11;gc_cont=0.526	GENOMAD.106760.CP	3.402E-45	164	0
3_4 # 5744 # 7735 # 1 # ID=3_4;partial=00;start_type=ATG;rbs_motif=AATAA;rbs_spacer=7bp;genetic_code=11;gc_cont=0.484	GENOMAD.177975.CP	4.624E-131	435	0
3_36 # 47572 # 47805 # 1 # ID=3_36;partial=00;start_type=ATG;rbs_motif=TAAA;rbs_spacer=12bp;genetic_code=11;gc_cont=0.385	GENOMAD.056733.CC	1.831E-41	146	0
4_9 # 7610 # 10570 # -1 # ID=4_9;partial=01;start_type=Edge;rbs_motif=None;rbs_spacer=None;genetic_code=11;gc_cont=0.412	GENOMAD.145895.CP	9.801E-37	154	0
1_40 # 53984 # 56251 # -1 # ID=1_40;partial=00;start_type=ATG;rbs_motif=TAAA;rbs_spacer=11bp;genetic_code=11;gc_cont=0.474	GENOMAD.140646.CP	5.279E-180	582	0
1_72 # 102926 # 103867 # -1 # ID=1_72;partial=00;start_type=TTG;rbs_motif=TAA;rbs_spacer=11bp;genetic_code=11;gc_cont=0.434	GENOMAD.141371.CP	9.673E-08	56	0
1_2063 # 2421373 # 2421954 # 1 # ID=1_2063;partial=00;start_type=ATG;rbs_motif=TAAAAA;rbs_spacer=10bp;genetic_code=11;gc_cont=0.478	GENOMAD.154840.CP	9.164E-08	54	0
1_2159 # 2520098 # 2520502 # 1 # ID=1_2159;partial=00;start_type=ATG;rbs_motif=TAAA;rbs_spacer=12bp;genetic_code=11;gc_cont=0.459	GENOMAD.140856.CV	5.055E-50	174	0
1_2191 # 2554981 # 2555346 # -1 # ID=1_2191;partial=00;start_type=ATG;rbs_motif=TAA;rbs_spacer=10bp;genetic_code=11;gc_cont=0.503	GENOMAD.147557.CP	1.804E-22	94	0
1_683 # 841840 # 842814 # 1 # ID=1_683;partial=00;start_type=TTG;rbs_motif=TAAA;rbs_spacer=11bp;genetic_code=11;gc_cont=0.492	GENOMAD.130300.CP	3.538E-11	67	2561
1_747 # 918678 # 919439 # 1 # ID=1_747;partial=00;start_type=ATG;rbs_motif=AAAAA;rbs_spacer=12bp;genetic_code=11;gc_cont=0.289	GENOMAD.171577.VC	1.263E-25	109	0
1_843 # 1037414 # 1037956 # -1 # ID=1_843;partial=00;start_type=ATG;rbs_motif=TAA;rbs_spacer=15bp;genetic_code=11;gc_cont=0.451	GENOMAD.071599.CP	3.000E-43	157	0
1_875 # 1073023 # 1074099 # 1 # ID=1_875;partial=00;start_type=ATG;rbs_motif=TAA;rbs_spacer=10bp;genetic_code=11;gc_cont=0.427	GENOMAD.213315.CP	2.728E-148	470	0
1_898 # 1098696 # 1099160 # 1 # ID=1_898;partial=00;start_type=ATG;rbs_motif=AAAA;rbs_spacer=8bp;genetic_code=11;gc_cont=0.406	GENOMAD.218770.PC	8.614E-19	85	0
1_930 # 1162000 # 1162629 # -1 # ID=1_930;partial=00;start_type=ATG;rbs_motif=TAAAA;rbs_spacer=12bp;genetic_code=11;gc_cont=0.435	GENOMAD.103372.CV	2.291E-31	124	2561
1_962 # 1198646 # 1199629 # 1 # ID=1_962;partial=00;start_type=ATG;rbs_motif=TAA;rbs_spacer=7bp;genetic_code=11;gc_cont=0.429	GENOMAD.190065.PC	3.575E-30	125	0
1_1058 # 1305195 # 1305410 # 1 # ID=1_1058;partial=00;start_type=ATG;rbs_motif=TAAAA;rbs_spacer=12bp;genetic_code=11;gc_cont=0.463	GENOMAD.018967.CC	1.193E-27	106	0
1_3149 # 3727329 # 3728672 # 1 # ID=1_3149;partial=00;start_type=ATG;rbs_motif=TAA;rbs_spacer=4bp;genetic_code=11;gc_cont=0.426	GENOMAD.107047.CP	4.843E-08	58	0
1_3181 # 3764640 # 3765854 # 1 # ID=1_3181;partial=00;start_type=ATG;rbs_motif=TAAAAA;rbs_spacer=4bp;genetic_code=11;gc_cont=0.471	GENOMAD.057710.VV	1.968E-08	59	2561
1_3277 # 3873251 # 3874261 # -1 # ID=1_3277;partial=00;start_type=ATG;rbs_motif=TAAA;rbs_spacer=11bp;genetic_code=11;gc_cont=0.462	GENOMAD.190075.CP	8.751E-76	259	0
1_3309 # 3913632 # 3915842 # -1 # ID=1_3309;partial=00;start_type=ATG;rbs_motif=TAA;rbs_spacer=12bp;genetic_code=11;gc_cont=0.478	GENOMAD.171581.PC	5.695E-05	49	0
1_3341 # 3948146 # 3948442 # -1 # ID=1_3341;partial=00;start_type=ATG;rbs_motif=TAA;rbs_spacer=12bp;genetic_code=11;gc_cont=0.431	GENOMAD.028379.CC	5.544E-17	77	0
1_3750 # 4443009 # 4444754 # -1 # ID=1_3750;partial=00;start_type=ATG;rbs_motif=TAA;rbs_spacer=11bp;genetic_code=11;gc_cont=0.428	GENOMAD.123514.CP	3.680E-24	111	2561
1_3782 # 4487991 # 4488956 # -1 # ID=1_3782;partial=00;start_type=ATG;rbs_motif=TAA;rbs_spacer=9bp;genetic_code=11;gc_cont=0.453	GENOMAD.137433.CP	7.362E-189	585	0
1_3814 # 4527368 # 4529773 # -1 # ID=1_3814;partial=00;start_type=ATG;rbs_motif=TAAA;rbs_spacer=12bp;genetic_code=11;gc_cont=0.434	GENOMAD.127142.CP	5.838E-47	186	2561
1_3846 # 4563314 # 4564195 # 1 # ID=1_3846;partial=00;start_type=ATG;rbs_motif=AAGAA;rbs_spacer=6bp;genetic_code=11;gc_cont=0.404	GENOMAD.075154.CV	5.513E-36	141	0
1_3974 # 4714949 # 4715425 # 1 # ID=1_3974;partial=00;start_type=ATG;rbs_motif=AATAA;rbs_spacer=4bp;genetic_code=11;gc_cont=0.388	GENOMAD.025757.CC	3.033E-75	248	0
1_4038 # 4791521 # 4792534 # 1 # ID=1_4038;partial=00;start_type=ATG;rbs_motif=AACAA;rbs_spacer=5bp;genetic_code=11;gc_cont=0.438	GENOMAD.001987.CC	4.521E-85	286	0
1_2504 # 2948705 # 2951017 # 1 # ID=1_2504;partial=00;start_type=ATG;rbs_motif=AAAAA;rbs_spacer=12bp;genetic_code=11;gc_cont=0.425	GENOMAD.126028.CP	1.500E-12	74	2561
1_2568 # 3031017 # 3033200 # 1 # ID=1_2568;partial=00;start_type=ATG;rbs_motif=TAA;rbs_spacer=13bp;genetic_code=11;gc_cont=0.469	GENOMAD.140646.CP	4.874E-166	540	0
1_330 # 446820 # 448394 # -1 # ID=1_330;partial=00;start_type=ATG;rbs_motif=AAAAA;rbs_spacer=6bp;genetic_code=11;gc_cont=0.488	GENOMAD.003233.CC	2.912E-144	467	0
1_362 # 480646 # 481761 # 1 # ID=1_362;partial=00;start_type=ATG;rbs_motif=TAA;rbs_spacer=11bp;genetic_code=11;gc_cont=0.341	GENOMAD.111529.CP	2.215E-10	65	0
1_426 # 558195 # 558722 # -1 # ID=1_426;partial=00;start_type=ATG;rbs_motif=TAA;rbs_spacer=11bp;genetic_code=11;gc_cont=0.415	GENOMAD.183900.CV	3.443E-30	119	0
1_554 # 713361 # 713843 # 1 # ID=1_554;partial=00;start_type=ATG;rbs_motif=TAA;rbs_spacer=11bp;genetic_code=11;gc_cont=0.478	GENOMAD.226874.VP	3.555E-12	66	2561
1_2315 # 2700735 # 2700860 # -1 # ID=1_2315;partial=00;start_type=ATG;rbs_motif=AAA;rbs_spacer=12bp;genetic_code=11;gc_cont=0.357	GENOMAD.031836.CC	3.088E-19	80	0
1_2347 # 2732683 # 2733030 # 1 # ID=1_2347;partial=00;start_type=ATG;rbs_motif=TAAAAA;rbs_spacer=8bp;genetic_code=11;gc_cont=0.477	GENOMAD.141308.VP	2.207E-09	56	2561
1_2379 # 2769582 # 2770652 # 1 # ID=1_2379;partial=00;start_type=GTG;rbs_motif=TAAAAA;rbs_spacer=5bp;genetic_code=11;gc_cont=0.453	GENOMAD.146146.CP	1.796E-64	227	2561
1_2411 # 2818787 # 2819623 # -1 # ID=1_2411;partial=00;start_type=ATG;rbs_motif=TAAA;rbs_spacer=11bp;genetic_code=11;gc_cont=0.421	GENOMAD.042078.CC	1.171E-05	49	0
1_2443 # 2855521 # 2857140 # -1 # ID=1_2443;partial=00;start_type=ATG;rbs_motif=TAA;rbs_spacer=11bp;genetic_code=11;gc_cont=0.500	GENOMAD.123514.CP	8.890E-22	103	2561
1_2738 # 3228424 # 3229173 # 1 # ID=1_2738;partial=00;start_type=ATG;rbs_motif=TAAA;rbs_spacer=8bp;genetic_code=11;gc_cont=0.496	GENOMAD.161402.PC	5.654E-49	177	0
1_734 # 907747 # 908094 # -1 # ID=1_734;partial=00;start_type=ATG;rbs_motif=TAAAAA;rbs_spacer=8bp;genetic_code=11;gc_cont=0.474	GENOMAD.141308.VP	9.941E-10	57	2561
1_798 # 977716 # 978963 # 1 # ID=1_798;partial=00;start_type=ATG;rbs_motif=TAAAA;rbs_spacer=12bp;genetic_code=11;gc_cont=0.514	GENOMAD.127131.CP	2.663E-64	229	0
1_862 # 1056597 # 1057415 # 1 # ID=1_862;partial=00;start_type=ATG;rbs_motif=TAA;rbs_spacer=12bp;genetic_code=11;gc_cont=0.422	GENOMAD.118390.CP	2.031E-04	45	0
1_926 # 1153041 # 1155542 # 1 # ID=1_926;partial=00;start_type=ATG;rbs_motif=TAAAAA;rbs_spacer=10bp;genetic_code=11;gc_cont=0.458	GENOMAD.158452.CP	4.059E-06	53	0
1_1642 # 1935991 # 1937271 # 1 # ID=1_1642;partial=00;start_type=ATG;rbs_motif=TAA;rbs_spacer=11bp;genetic_code=11;gc_cont=0.344	GENOMAD.214948.PC	1.193E-28	123	0
1_2523 # 2975476 # 2978631 # 1 # ID=1_2523;partial=00;start_type=ATG;rbs_motif=TAAA;rbs_spacer=11bp;genetic_code=11;gc_cont=0.468	GENOMAD.018452.VV	8.809E-05	49	2561
1_2587 # 3056985 # 3060164 # -1 # ID=1_2587;partial=00;start_type=ATG;rbs_motif=AAAAA;rbs_spacer=8bp;genetic_code=11;gc_cont=0.474	GENOMAD.128893.CP	2.053E-08	61	0
1_2651 # 3126054 # 3127343 # -1 # ID=1_2651;partial=00;start_type=ATG;rbs_motif=None;rbs_spacer=None;genetic_code=11;gc_cont=0.465	GENOMAD.126024.CP	9.147E-08	57	2561
1_975 # 1213899 # 1216022 # -1 # ID=1_975;partial=00;start_type=ATG;rbs_motif=TAAAAA;rbs_spacer=6bp;genetic_code=11;gc_cont=0.538	GENOMAD.142574.CP	6.513E-13	75	0
1_2309 # 2693835 # 2694542 # 1 # ID=1_2309;partial=00;start_type=ATG;rbs_motif=AAGAA;rbs_spacer=9bp;genetic_code=11;gc_cont=0.411	GENOMAD.147609.CP	7.429E-26	109	0
1_2373 # 2763514 # 2763921 # -1 # ID=1_2373;partial=00;start_type=ATG;rbs_motif=TAAA;rbs_spacer=11bp;genetic_code=11;gc_cont=0.439	GENOMAD.166713.CP	3.521E-21	91	0
1_2437 # 2844932 # 2845951 # -1 # ID=1_2437;partial=00;start_type=ATG;rbs_motif=TAAA;rbs_spacer=8bp;genetic_code=11;gc_cont=0.487	GENOMAD.146146.CP	4.164E-37	146	2561
1_3813 # 4526741 # 4527367 # -1 # ID=1_3813;partial=00;start_type=ATG;rbs_motif=None;rbs_spacer=None;genetic_code=11;gc_cont=0.411	GENOMAD.146390.CP	1.025E-18	87	0
1_3877 # 4596753 # 4597745 # -1 # ID=1_3877;partial=00;start_type=ATG;rbs_motif=None;rbs_spacer=None;genetic_code=11;gc_cont=0.533	GENOMAD.035916.CC	1.762E-50	185	0
1_3820 # 4536088 # 4537527 # 1 # ID=1_3820;partial=00;start_type=ATG;rbs_motif=TAA;rbs_spacer=3bp;genetic_code=11;gc_cont=0.415	GENOMAD.127011.CP	2.459E-263	809	0
1_3948 # 4685757 # 4686767 # 1 # ID=1_3948;partial=00;start_type=ATG;rbs_motif=TAAAAA;rbs_spacer=10bp;genetic_code=11;gc_cont=0.458	GENOMAD.133421.CV	4.821E-07	54	0
1_3980 # 4719839 # 4721611 # 1 # ID=1_3980;partial=00;start_type=ATG;rbs_motif=AATAA;rbs_spacer=6bp;genetic_code=11;gc_cont=0.456	GENOMAD.166645.CP	0.000E+00	1073	0
1_4311 # 5132583 # 5135774 # 1 # ID=1_4311;partial=00;start_type=GTG;rbs_motif=None;rbs_spacer=None;genetic_code=11;gc_cont=0.435	GENOMAD.145895.CP	2.212E-05	51	0
1_3065 # 3619350 # 3619784 # 1 # ID=1_3065;partial=00;start_type=ATG;rbs_motif=TAA;rbs_spacer=10bp;genetic_code=11;gc_cont=0.423	GENOMAD.138143.CP	5.548E-62	209	0
1_3097 # 3650740 # 3652200 # -1 # ID=1_3097;partial=00;start_type=ATG;rbs_motif=TAAA;rbs_spacer=12bp;genetic_code=11;gc_cont=0.422	GENOMAD.123514.CP	4.089E-19	94	2561
1_3193 # 3778893 # 3781019 # 1 # ID=1_3193;partial=00;start_type=ATG;rbs_motif=AAAA;rbs_spacer=9bp;genetic_code=11;gc_cont=0.571	GENOMAD.169371.VP	5.091E-19	95	5797
1_3257 # 3850565 # 3851119 # -1 # ID=1_3257;partial=00;start_type=ATG;rbs_motif=TAA;rbs_spacer=12bp;genetic_code=11;gc_cont=0.447	GENOMAD.178411.VC	1.561E-04	44	0
1_11 # 6195 # 7508 # -1 # ID=1_11;partial=00;start_type=ATG;rbs_motif=TAAA;rbs_spacer=11bp;genetic_code=11;gc_cont=0.397	GENOMAD.057710.VV	4.509E-17	87	2561
1_43 # 57902 # 60103 # -1 # ID=1_43;partial=00;start_type=ATG;rbs_motif=TAA;rbs_spacer=10bp;genetic_code=11;gc_cont=0.464	GENOMAD.140646.CP	1.140E-179	580	0
1_75 # 105763 # 107010 # 1 # ID=1_75;partial=00;start_type=ATG;rbs_motif=TAA;rbs_spacer=11bp;genetic_code=11;gc_cont=0.424	GENOMAD.137772.CP	7.046E-128	414	0
1_1731 # 2033691 # 2035736 # -1 # ID=1_1731;partial=00;start_type=ATG;rbs_motif=TAAAAA;rbs_spacer=12bp;genetic_code=11;gc_cont=0.370	GENOMAD.102246.VV	2.556E-05	50	2561
1_1763 # 2075120 # 2075710 # 1 # ID=1_1763;partial=00;start_type=ATG;rbs_motif=TAAA;rbs_spacer=11bp;genetic_code=11;gc_cont=0.494	GENOMAD.128959.CP	3.451E-18	85	0
1_1742 # 2049929 # 2051002 # -1 # ID=1_1742;partial=00;start_type=ATG;rbs_motif=AAA;rbs_spacer=12bp;genetic_code=11;gc_cont=0.358	GENOMAD.111298.CV	2.700E-58	209	2561
1_1774 # 2086271 # 2087461 # 1 # ID=1_1774;partial=00;start_type=ATG;rbs_motif=TAA;rbs_spacer=12bp;genetic_code=11;gc_cont=0.520	GENOMAD.133679.CP	4.123E-59	213	2561
1_1806 # 2127314 # 2128522 # -1 # ID=1_1806;partial=00;start_type=ATG;rbs_motif=TAAA;rbs_spacer=9bp;genetic_code=11;gc_cont=0.470	GENOMAD.020861.CC	1.676E-47	179	0
1_1838 # 2157192 # 2157455 # -1 # ID=1_1838;partial=00;start_type=ATG;rbs_motif=TAAAA;rbs_spacer=13bp;genetic_code=11;gc_cont=0.330	GENOMAD.152581.CP	1.052E-13	67	0
1_1902 # 2228632 # 2229627 # -1 # ID=1_1902;partial=00;start_type=ATG;rbs_motif=AAAAA;rbs_spacer=12bp;genetic_code=11;gc_cont=0.488	GENOMAD.136647.CP	2.036E-48	179	0
1_1934 # 2265809 # 2269039 # -1 # ID=1_1934;partial=00;start_type=ATG;rbs_motif=AAAAA;rbs_spacer=10bp;genetic_code=11;gc_cont=0.508	GENOMAD.127074.CP	7.341E-04	46	0
1_2828 # 3337077 # 3338441 # -1 # ID=1_2828;partial=00;start_type=ATG;rbs_motif=TAA;rbs_spacer=9bp;genetic_code=11;gc_cont=0.296	GENOMAD.036653.CC	8.484E-93	314	0
1_2860 # 3368860 # 3369402 # -1 # ID=1_2860;partial=00;start_type=ATG;rbs_motif=None;rbs_spacer=None;genetic_code=11;gc_cont=0.460	GENOMAD.000295.CC	6.301E-61	208	0
1_2956 # 3480263 # 3480775 # 1 # ID=1_2956;partial=00;start_type=ATG;rbs_motif=TAA;rbs_spacer=13bp;genetic_code=11;gc_cont=0.339	GENOMAD.196911.CP	2.288E-11	64	0
1_4062 # 4835395 # 4837680 # 1 # ID=1_4062;partial=00;start_type=ATG;rbs_motif=TAAA;rbs_spacer=12bp;genetic_code=11;gc_cont=0.474	GENOMAD.145608.CP	2.730E-127	428	2561
1_4094 # 4887484 # 4889004 # -1 # ID=1_4094;partial=00;start_type=ATG;rbs_motif=TAA;rbs_spacer=11bp;genetic_code=11;gc_cont=0.509	GENOMAD.123514.CP	3.527E-39	157	2561
1_4077 # 4858780 # 4859250 # 1 # ID=1_4077;partial=00;start_type=ATG;rbs_motif=None;rbs_spacer=None;genetic_code=11;gc_cont=0.467	GENOMAD.198050.VC	8.477E-08	53	9067
1_1343 # 1619547 # 1621064 # 1 # ID=1_1343;partial=00;start_type=ATG;rbs_motif=TAA;rbs_spacer=11bp;genetic_code=11;gc_cont=0.430	GENOMAD.073874.CC	1.074E-104	351	0
1_1439 # 1722509 # 1722754 # 1 # ID=1_1439;partial=00;start_type=ATG;rbs_motif=TAAAA;rbs_spacer=4bp;genetic_code=11;gc_cont=0.374	GENOMAD.211682.PC	7.955E-07	47	0
1_1471 # 1759349 # 1761769 # 1 # ID=1_1471;partial=00;start_type=ATG;rbs_motif=TAA;rbs_spacer=12bp;genetic_code=11;gc_cont=0.352	GENOMAD.124105.CP	1.305E-18	94	0
1_3304 # 3905622 # 3906050 # -1 # ID=1_3304;partial=00;start_type=ATG;rbs_motif=TAA;rbs_spacer=13bp;genetic_code=11;gc_cont=0.387	GENOMAD.118420.CV	2.283E-20	89	0
1_3336 # 3941304 # 3942449 # -1 # ID=1_3336;partial=00;start_type=ATG;rbs_motif=TAAA;rbs_spacer=12bp;genetic_code=11;gc_cont=0.384	GENOMAD.141957.CP	4.526E-24	108	0
1_3368 # 3986801 # 3988858 # 1 # ID=1_3368;partial=00;start_type=TTG;rbs_motif=AAAA;rbs_spacer=14bp;genetic_code=11;gc_cont=0.524	GENOMAD.151024.CP	5.543E-37	153	0
1_3337 # 3942644 # 3943867 # -1 # ID=1_3337;partial=00;start_type=ATG;rbs_motif=AAAA;rbs_spacer=11bp;genetic_code=11;gc_cont=0.374	GENOMAD.031966.CC	4.968E-14	77	0
1_3369 # 3988870 # 3990009 # 1 # ID=1_3369;partial=00;start_type=ATG;rbs_motif=TAA;rbs_spacer=11bp;genetic_code=11;gc_cont=0.506	GENOMAD.121023.CP	7.572E-04	44	0
1_3401 # 4032258 # 4033274 # -1 # ID=1_3401;partial=00;start_type=ATG;rbs_motif=AACAA;rbs_spacer=13bp;genetic_code=11;gc_cont=0.470	GENOMAD.120637.CP	6.050E-15	79	0
1_3433 # 4056260 # 4056517 # -1 # ID=1_3433;partial=00;start_type=ATG;rbs_motif=TAAA;rbs_spacer=11bp;genetic_code=11;gc_cont=0.364	GENOMAD.051620.CP	2.359E-27	106	0
1_3497 # 4123888 # 4124538 # -1 # ID=1_3497;partial=00;start_type=ATG;rbs_motif=TAAAAA;rbs_spacer=5bp;genetic_code=11;gc_cont=0.419	GENOMAD.180976.PC	1.179E-20	93	0
1_3529 # 4156693 # 4157481 # -1 # ID=1_3529;partial=00;start_type=ATG;rbs_motif=TAAA;rbs_spacer=12bp;genetic_code=11;gc_cont=0.456	GENOMAD.194874.CP	1.128E-06	52	0
1_2863 # 3371418 # 3372107 # -1 # ID=1_2863;partial=00;start_type=ATG;rbs_motif=AATAA;rbs_spacer=10bp;genetic_code=11;gc_cont=0.455	GENOMAD.034878.CC	1.500E-23	102	0
1_2255 # 2626427 # 2627011 # 1 # ID=1_2255;partial=00;start_type=ATG;rbs_motif=AATAA;rbs_spacer=3bp;genetic_code=11;gc_cont=0.468	GENOMAD.220236.VC	2.006E-07	53	0
1_2287 # 2667919 # 2670084 # 1 # ID=1_2287;partial=00;start_type=ATG;rbs_motif=AATAA;rbs_spacer=4bp;genetic_code=11;gc_cont=0.425	GENOMAD.129045.CP	1.091E-149	492	2561
1_2319 # 2704871 # 2705443 # -1 # ID=1_2319;partial=00;start_type=TTG;rbs_motif=TAAAA;rbs_spacer=12bp;genetic_code=11;gc_cont=0.424	GENOMAD.136800.CP	2.006E-78	259	0
1_2383 # 2774639 # 2777701 # -1 # ID=1_2383;partial=00;start_type=ATG;rbs_motif=TAAA;rbs_spacer=13bp;genetic_code=11;gc_cont=0.499	GENOMAD.145692.CP	1.590E-07	58	0
1_2415 # 2822706 # 2824088 # 1 # ID=1_2415;partial=00;start_type=ATG;rbs_motif=AATAA;rbs_spacer=3bp;genetic_code=11;gc_cont=0.469	GENOMAD.029393.CC	1.219E-04	47	0
1_2479 # 2917649 # 2918227 # 1 # ID=1_2479;partial=00;start_type=ATG;rbs_motif=TAA;rbs_spacer=11bp;genetic_code=11;gc_cont=0.463	GENOMAD.106851.CP	1.821E-12	68	0
1_2511 # 2956445 # 2957497 # -1 # ID=1_2511;partial=00;start_type=ATG;rbs_motif=AAAAA;rbs_spacer=12bp;genetic_code=11;gc_cont=0.499	GENOMAD.203736.VV	2.160E-11	68	2561
1_429 # 559648 # 560691 # -1 # ID=1_429;partial=00;start_type=ATG;rbs_motif=TAAA;rbs_spacer=9bp;genetic_code=11;gc_cont=0.431	GENOMAD.053455.VV	6.901E-09	60	2561
1_525 # 678403 # 679512 # 1 # ID=1_525;partial=00;start_type=ATG;rbs_motif=TAAA;rbs_spacer=6bp;genetic_code=11;gc_cont=0.468	GENOMAD.116395.CP	2.643E-65	230	0
1_557 # 714852 # 715433 # -1 # ID=1_557;partial=00;start_type=ATG;rbs_motif=TAAAAA;rbs_spacer=11bp;genetic_code=11;gc_cont=0.533	GENOMAD.124112.PP	9.197E-09	57	0
1_685 # 844774 # 846426 # 1 # ID=1_685;partial=00;start_type=ATG;rbs_motif=TAA;rbs_spacer=9bp;genetic_code=11;gc_cont=0.485	GENOMAD.006612.CC	1.732E-16	86	0
1_717 # 883572 # 884816 # 1 # ID=1_717;partial=00;start_type=ATG;rbs_motif=TAAA;rbs_spacer=13bp;genetic_code=11;gc_cont=0.439	GENOMAD.138065.CP	4.521E-197	614	0
1_2805 # 3306117 # 3307907 # -1 # ID=1_2805;partial=00;start_type=ATG;rbs_motif=TAA;rbs_spacer=12bp;genetic_code=11;gc_cont=0.422	GENOMAD.029132.CC	5.605E-49	189	0
1_2901 # 3410537 # 3411247 # -1 # ID=1_2901;partial=00;start_type=ATG;rbs_motif=TAA;rbs_spacer=7bp;genetic_code=11;gc_cont=0.440	GENOMAD.030610.CC	3.389E-77	258	0
1_3029 # 3573476 # 3574033 # 1 # ID=1_3029;partial=00;start_type=ATG;rbs_motif=TAAA;rbs_spacer=11bp;genetic_code=11;gc_cont=0.487	GENOMAD.161918.CP	3.373E-04	43	0
1_1908 # 2233625 # 2235283 # -1 # ID=1_1908;partial=00;start_type=ATG;rbs_motif=TAA;rbs_spacer=12bp;genetic_code=11;gc_cont=0.447	GENOMAD.159857.CP	8.295E-09	61	0
1_1940 # 2279063 # 2280733 # 1 # ID=1_1940;partial=00;start_type=ATG;rbs_motif=TAAA;rbs_spacer=12bp;genetic_code=11;gc_cont=0.518	GENOMAD.057851.VV	2.728E-23	108	12031
1_623 # 774905 # 775495 # -1 # ID=1_623;partial=00;start_type=ATG;rbs_motif=TAAA;rbs_spacer=12bp;genetic_code=11;gc_cont=0.464	GENOMAD.213742.CV	5.045E-71	238	2561
1_655 # 815885 # 817108 # 1 # ID=1_655;partial=00;start_type=ATG;rbs_motif=TAA;rbs_spacer=15bp;genetic_code=11;gc_cont=0.442	GENOMAD.076874.VV	3.216E-11	68	2561
1_687 # 848241 # 849986 # 1 # ID=1_687;partial=00;start_type=ATG;rbs_motif=TAAAAA;rbs_spacer=11bp;genetic_code=11;gc_cont=0.447	GENOMAD.128817.CP	1.239E-06	54	0
1_719 # 887806 # 889278 # 1 # ID=1_719;partial=00;start_type=ATG;rbs_motif=TAA;rbs_spacer=11bp;genetic_code=11;gc_cont=0.446	GENOMAD.106579.CP	2.538E-81	282	0
1_783 # 958575 # 960050 # 1 # ID=1_783;partial=00;start_type=ATG;rbs_motif=AAA;rbs_spacer=11bp;genetic_code=11;gc_cont=0.468	GENOMAD.017226.CC	4.382E-162	517	0
1_847 # 1040109 # 1040336 # -1 # ID=1_847;partial=00;start_type=ATG;rbs_motif=TAA;rbs_spacer=12bp;genetic_code=11;gc_cont=0.447	GENOMAD.095326.CP	1.923E-10	57	0
1_911 # 1119544 # 1122867 # 1 # ID=1_911;partial=00;start_type=ATG;rbs_motif=AAAAA;rbs_spacer=9bp;genetic_code=11;gc_cont=0.395	GENOMAD.136733.CP	3.532E-07	57	0
1_546 # 704243 # 705502 # 1 # ID=1_546;partial=00;start_type=ATG;rbs_motif=TAAAA;rbs_spacer=12bp;genetic_code=11;gc_cont=0.483	GENOMAD.033277.CC	1.057E-04	47	0
1_610 # 759137 # 761710 # -1 # ID=1_610;partial=00;start_type=ATG;rbs_motif=TATAA;rbs_spacer=4bp;genetic_code=11;gc_cont=0.415	GENOMAD.108163.CV	2.075E-127	432	0
1_674 # 835703 # 836362 # 1 # ID=1_674;partial=00;start_type=ATG;rbs_motif=AATAA;rbs_spacer=3bp;genetic_code=11;gc_cont=0.497	GENOMAD.085296.VV	1.515E-08	57	2561
1_706 # 871267 # 872544 # 1 # ID=1_706;partial=00;start_type=ATG;rbs_motif=TAA;rbs_spacer=11bp;genetic_code=11;gc_cont=0.447	GENOMAD.148108.CP	4.450E-04	45	0
1_770 # 939357 # 939659 # -1 # ID=1_770;partial=00;start_type=ATG;rbs_motif=TAAA;rbs_spacer=12bp;genetic_code=11;gc_cont=0.439	GENOMAD.178323.CP	3.706E-14	69	0
1_802 # 984685 # 986031 # -1 # ID=1_802;partial=00;start_type=ATG;rbs_motif=TAAA;rbs_spacer=14bp;genetic_code=11;gc_cont=0.490	GENOMAD.127045.CP	5.786E-09	61	0
1_834 # 1028302 # 1029972 # 1 # ID=1_834;partial=00;start_type=ATG;rbs_motif=TAAA;rbs_spacer=12bp;genetic_code=11;gc_cont=0.400	GENOMAD.006210.CC	6.370E-64	233	0
1_1771 # 2082507 # 2083955 # 1 # ID=1_1771;partial=00;start_type=ATG;rbs_motif=TAAA;rbs_spacer=13bp;genetic_code=11;gc_cont=0.538	GENOMAD.130254.CP	9.700E-37	149	0
1_1835 # 2154741 # 2155184 # -1 # ID=1_1835;partial=00;start_type=ATG;rbs_motif=TAA;rbs_spacer=11bp;genetic_code=11;gc_cont=0.385	GENOMAD.209243.VV	7.023E-61	206	0
5_7 # 4327 # 4839 # 1 # ID=5_7;partial=00;start_type=ATG;rbs_motif=TAA;rbs_spacer=11bp;genetic_code=11;gc_cont=0.404	GENOMAD.159045.CP	2.841E-39	145	2561
1_15 # 12571 # 15756 # 1 # ID=1_15;partial=00;start_type=ATG;rbs_motif=TAA;rbs_spacer=12bp;genetic_code=11;gc_cont=0.492	GENOMAD.130038.CP	8.309E-08	59	0
1_111 # 147799 # 149172 # 1 # ID=1_111;partial=00;start_type=ATG;rbs_motif=TAAA;rbs_spacer=11bp;genetic_code=11;gc_cont=0.458	GENOMAD.049302.CC	7.710E-27	118	0
1_175 # 236275 # 237660 # -1 # ID=1_175;partial=00;start_type=ATG;rbs_motif=TAA;rbs_spacer=11bp;genetic_code=11;gc_cont=0.449	GENOMAD.118450.CP	8.617E-11	67	0
1_207 # 276814 # 277710 # 1 # ID=1_207;partial=00;start_type=ATG;rbs_motif=None;rbs_spacer=None;genetic_code=11;gc_cont=0.443	GENOMAD.121499.VV	2.441E-04	45	2561
1_239 # 329706 # 331709 # -1 # ID=1_239;partial=00;start_type=ATG;rbs_motif=TAAA;rbs_spacer=11bp;genetic_code=11;gc_cont=0.402	GENOMAD.126246.CP	2.128E-15	83	0
1_271 # 368893 # 369717 # -1 # ID=1_271;partial=00;start_type=ATG;rbs_motif=None;rbs_spacer=None;genetic_code=11;gc_cont=0.427	GENOMAD.124232.CP	9.261E-93	305	0
1_2665 # 3139518 # 3139988 # 1 # ID=1_2665;partial=00;start_type=ATG;rbs_motif=TAAA;rbs_spacer=11bp;genetic_code=11;gc_cont=0.412	GENOMAD.001333.CC	1.505E-73	243	0
1_2729 # 3223425 # 3224480 # -1 # ID=1_2729;partial=00;start_type=ATG;rbs_motif=TAA;rbs_spacer=6bp;genetic_code=11;gc_cont=0.459	GENOMAD.213734.PC	2.172E-43	165	0
1_2761 # 3258900 # 3259538 # 1 # ID=1_2761;partial=00;start_type=ATG;rbs_motif=TAAA;rbs_spacer=15bp;genetic_code=11;gc_cont=0.427	GENOMAD.208636.VV	1.337E-93	304	0
1_2857 # 3365389 # 3366744 # -1 # ID=1_2857;partial=00;start_type=ATG;rbs_motif=AATAA;rbs_spacer=4bp;genetic_code=11;gc_cont=0.462	GENOMAD.113196.CP	1.678E-10	66	0
1_1341 # 1616837 # 1617223 # -1 # ID=1_1341;partial=00;start_type=ATG;rbs_motif=AAA;rbs_spacer=6bp;genetic_code=11;gc_cont=0.434	GENOMAD.125800.CP	1.225E-12	66	0
1_1501 # 1796224 # 1799493 # -1 # ID=1_1501;partial=00;start_type=ATG;rbs_motif=AAA;rbs_spacer=11bp;genetic_code=11;gc_cont=0.466	GENOMAD.121280.CP	1.058E-08	62	0
1_1533 # 1834443 # 1835591 # -1 # ID=1_1533;partial=00;start_type=ATG;rbs_motif=AACAA;rbs_spacer=13bp;genetic_code=11;gc_cont=0.426	GENOMAD.120770.CP	4.473E-05	48	2561
1_1565 # 1872770 # 1874176 # -1 # ID=1_1565;partial=00;start_type=ATG;rbs_motif=TAAAAA;rbs_spacer=9bp;genetic_code=11;gc_cont=0.397	GENOMAD.160401.CP	6.163E-156	498	0
1_1629 # 1922455 # 1924557 # 1 # ID=1_1629;partial=00;start_type=ATG;rbs_motif=AATAA;rbs_spacer=10bp;genetic_code=11;gc_cont=0.553	GENOMAD.045876.VV	3.558E-179	577	2561
1_2313 # 2697740 # 2699131 # 1 # ID=1_2313;partial=00;start_type=ATG;rbs_motif=AAAA;rbs_spacer=15bp;genetic_code=11;gc_cont=0.410	GENOMAD.137571.CP	7.125E-38	152	0
1_2377 # 2767656 # 2767889 # -1 # ID=1_2377;partial=00;start_type=ATG;rbs_motif=TAA;rbs_spacer=5bp;genetic_code=11;gc_cont=0.385	GENOMAD.032402.CC	9.536E-18	78	0
1_2505 # 2951107 # 2951835 # -1 # ID=1_2505;partial=00;start_type=ATG;rbs_motif=TAA;rbs_spacer=6bp;genetic_code=11;gc_cont=0.454	GENOMAD.132728.CP	4.589E-08	56	0
1_2537 # 2998179 # 3000689 # 1 # ID=1_2537;partial=00;start_type=ATG;rbs_motif=TAAA;rbs_spacer=13bp;genetic_code=11;gc_cont=0.520	GENOMAD.027839.CC	3.682E-59	225	0
1_2569 # 3033224 # 3035761 # 1 # ID=1_2569;partial=00;start_type=ATG;rbs_motif=TAAA;rbs_spacer=12bp;genetic_code=11;gc_cont=0.477	GENOMAD.121427.CP	7.526E-34	144	0
1_565 # 722805 # 723167 # -1 # ID=1_565;partial=00;start_type=ATG;rbs_motif=TAAA;rbs_spacer=9bp;genetic_code=11;gc_cont=0.537	GENOMAD.194837.PC	1.595E-47	166	0
1_629 # 781952 # 787540 # -1 # ID=1_629;partial=00;start_type=ATG;rbs_motif=TAAA;rbs_spacer=11bp;genetic_code=11;gc_cont=0.469	GENOMAD.146296.CP	0.000E+00	1767	0
1_661 # 821774 # 822154 # -1 # ID=1_661;partial=00;start_type=ATG;rbs_motif=TAA;rbs_spacer=11bp;genetic_code=11;gc_cont=0.441	GENOMAD.151548.CP	4.040E-06	47	0
1_821 # 1010580 # 1011842 # -1 # ID=1_821;partial=00;start_type=ATG;rbs_motif=None;rbs_spacer=None;genetic_code=11;gc_cont=0.451	GENOMAD.121906.CP	5.110E-09	61	0
1_1467 # 1754316 # 1756631 # -1 # ID=1_1467;partial=00;start_type=ATG;rbs_motif=AATAA;rbs_spacer=3bp;genetic_code=11;gc_cont=0.343	GENOMAD.126163.CP	4.043E-17	89	0
1_1563 # 1870348 # 1871151 # -1 # ID=1_1563;partial=00;start_type=ATG;rbs_motif=TAAAA;rbs_spacer=13bp;genetic_code=11;gc_cont=0.384	GENOMAD.129258.VC	1.456E-31	127	2561
1_1627 # 1917860 # 1918324 # 1 # ID=1_1627;partial=00;start_type=ATG;rbs_motif=AAA;rbs_spacer=4bp;genetic_code=11;gc_cont=0.533	GENOMAD.053451.VV	1.369E-22	96	2561
1_1691 # 1980394 # 1981758 # -1 # ID=1_1691;partial=00;start_type=ATG;rbs_motif=TAA;rbs_spacer=6bp;genetic_code=11;gc_cont=0.473	GENOMAD.141254.CP	7.071E-06	51	0
1_1723 # 2024482 # 2024937 # 1 # ID=1_1723;partial=00;start_type=ATG;rbs_motif=TAAAA;rbs_spacer=12bp;genetic_code=11;gc_cont=0.362	GENOMAD.160983.VC	5.047E-24	100	2561
1_1755 # 2065183 # 2065563 # -1 # ID=1_1755;partial=00;start_type=ATG;rbs_motif=TAA;rbs_spacer=6bp;genetic_code=11;gc_cont=0.462	GENOMAD.118407.CP	6.151E-28	110	0
1_1268 # 1531736 # 1533268 # 1 # ID=1_1268;partial=00;start_type=ATG;rbs_motif=AACAA;rbs_spacer=10bp;genetic_code=11;gc_cont=0.435	GENOMAD.118485.CP	8.454E-06	51	0
1_1332 # 1605335 # 1607629 # 1 # ID=1_1332;partial=00;start_type=ATG;rbs_motif=TAA;rbs_spacer=12bp;genetic_code=11;gc_cont=0.394	GENOMAD.126028.CP	1.726E-87	310	2561
1_1364 # 1647036 # 1647740 # -1 # ID=1_1364;partial=00;start_type=ATG;rbs_motif=TAA;rbs_spacer=11bp;genetic_code=11;gc_cont=0.461	GENOMAD.130700.CP	6.804E-86	283	0
1_1460 # 1743478 # 1744866 # -1 # ID=1_1460;partial=00;start_type=ATG;rbs_motif=TAA;rbs_spacer=11bp;genetic_code=11;gc_cont=0.294	GENOMAD.222387.PV	8.711E-07	54	0
1_1556 # 1861496 # 1863808 # 1 # ID=1_1556;partial=00;start_type=ATG;rbs_motif=TAAAAA;rbs_spacer=6bp;genetic_code=11;gc_cont=0.385	GENOMAD.108007.CV	1.242E-114	391	2561
1_782 # 957254 # 958447 # 1 # ID=1_782;partial=00;start_type=ATG;rbs_motif=TAAA;rbs_spacer=13bp;genetic_code=11;gc_cont=0.476	GENOMAD.197017.CP	2.244E-56	205	0
1_814 # 1003014 # 1004462 # -1 # ID=1_814;partial=00;start_type=ATG;rbs_motif=TAAA;rbs_spacer=12bp;genetic_code=11;gc_cont=0.461	GENOMAD.191615.CP	1.603E-09	63	0
1_846 # 1039015 # 1040097 # -1 # ID=1_846;partial=00;start_type=ATG;rbs_motif=TAA;rbs_spacer=11bp;genetic_code=11;gc_cont=0.492	GENOMAD.095261.CP	4.038E-05	48	0
1_878 # 1076219 # 1076635 # 1 # ID=1_878;partial=00;start_type=ATG;rbs_motif=None;rbs_spacer=None;genetic_code=11;gc_cont=0.391	GENOMAD.069407.CP	2.550E-17	80	0
1_910 # 1117414 # 1118982 # 1 # ID=1_910;partial=00;start_type=ATG;rbs_motif=TAA;rbs_spacer=13bp;genetic_code=11;gc_cont=0.354	GENOMAD.123514.CP	9.207E-23	106	2561
1_974 # 1212746 # 1213753 # 1 # ID=1_974;partial=00;start_type=ATG;rbs_motif=TAA;rbs_spacer=11bp;genetic_code=11;gc_cont=0.533	GENOMAD.003052.CC	7.201E-10	63	0
1_1038 # 1285181 # 1285405 # 1 # ID=1_1038;partial=00;start_type=ATG;rbs_motif=AAAAA;rbs_spacer=10bp;genetic_code=11;gc_cont=0.440	GENOMAD.219723.VP	1.322E-35	129	2561
1_383 # 505312 # 507990 # -1 # ID=1_383;partial=00;start_type=ATG;rbs_motif=TAA;rbs_spacer=11bp;genetic_code=11;gc_cont=0.501	GENOMAD.015830.CC	0.000E+00	1103	0
1_415 # 547293 # 547679 # -1 # ID=1_415;partial=00;start_type=ATG;rbs_motif=TAAA;rbs_spacer=13bp;genetic_code=11;gc_cont=0.305	GENOMAD.119246.CP	3.861E-17	79	0
1_511 # 657109 # 659130 # -1 # ID=1_511;partial=00;start_type=ATG;rbs_motif=TAA;rbs_spacer=12bp;genetic_code=11;gc_cont=0.419	GENOMAD.140759.CP	8.229E-11	68	0
1_575 # 732226 # 733242 # -1 # ID=1_575;partial=00;start_type=ATG;rbs_motif=None;rbs_spacer=None;genetic_code=11;gc_cont=0.463	GENOMAD.181818.PC	4.882E-07	54	0
1_3495 # 4120975 # 4123272 # 1 # ID=1_3495;partial=00;start_type=ATG;rbs_motif=AAA;rbs_spacer=7bp;genetic_code=11;gc_cont=0.469	GENOMAD.176804.CP	2.701E-26	119	0
1_3559 # 4200075 # 4204103 # 1 # ID=1_3559;partial=00;start_type=ATG;rbs_motif=TAA;rbs_spacer=11bp;genetic_code=11;gc_cont=0.414	GENOMAD.129921.CP	1.363E-08	62	0
1_3591 # 4238607 # 4239806 # -1 # ID=1_3591;partial=00;start_type=ATG;rbs_motif=TAA;rbs_spacer=11bp;genetic_code=11;gc_cont=0.367	GENOMAD.031966.CC	6.767E-17	86	0
1_3623 # 4288521 # 4289648 # 1 # ID=1_3623;partial=00;start_type=ATG;rbs_motif=TAA;rbs_spacer=12bp;genetic_code=11;gc_cont=0.472	GENOMAD.147684.CP	3.407E-13	74	0
6_1 # 2 # 868 # 1 # ID=6_1;partial=10;start_type=Edge;rbs_motif=None;rbs_spacer=None;genetic_code=11;gc_cont=0.385	GENOMAD.151095.PV	1.339E-14	77	2561
1_615 # 766011 # 766811 # -1 # ID=1_615;partial=00;start_type=ATG;rbs_motif=AAAAA;rbs_spacer=9bp;genetic_code=11;gc_cont=0.452	GENOMAD.170857.CP	9.370E-05	46	0
1_775 # 944727 # 946052 # -1 # ID=1_775;partial=00;start_type=ATG;rbs_motif=TAA;rbs_spacer=11bp;genetic_code=11;gc_cont=0.439	GENOMAD.180526.CP	2.467E-144	463	0
1_3706 # 4387495 # 4389195 # 1 # ID=1_3706;partial=00;start_type=ATG;rbs_motif=TAA;rbs_spacer=4bp;genetic_code=11;gc_cont=0.389	GENOMAD.133677.CP	9.089E-17	87	0
1_3738 # 4425411 # 4426184 # -1 # ID=1_3738;partial=00;start_type=ATG;rbs_motif=TAAAA;rbs_spacer=13bp;genetic_code=11;gc_cont=0.439	GENOMAD.151178.CP	3.637E-17	84	0
1_3115 # 3676465 # 3677007 # -1 # ID=1_3115;partial=00;start_type=ATG;rbs_motif=TAA;rbs_spacer=4bp;genetic_code=11;gc_cont=0.401	GENOMAD.158313.VC	9.058E-91	294	2561
1_3054 # 3602646 # 3603842 # -1 # ID=1_3054;partial=00;start_type=ATG;rbs_motif=TAA;rbs_spacer=12bp;genetic_code=11;gc_cont=0.413	GENOMAD.031966.CC	2.557E-15	81	0
1_3150 # 3728973 # 3729170 # 1 # ID=1_3150;partial=00;start_type=ATG;rbs_motif=TAAAAA;rbs_spacer=9bp;genetic_code=11;gc_cont=0.399	GENOMAD.227866.VP	1.067E-11	60	0
1_3214 # 3803951 # 3804355 # 1 # ID=1_3214;partial=00;start_type=ATG;rbs_motif=AAA;rbs_spacer=10bp;genetic_code=11;gc_cont=0.605	GENOMAD.194669.CP	6.307E-14	70	0
1_1502 # 1799829 # 1800323 # 1 # ID=1_1502;partial=00;start_type=ATG;rbs_motif=TAA;rbs_spacer=11bp;genetic_code=11;gc_cont=0.436	GENOMAD.197688.CV	5.385E-38	141	2561
1_1566 # 1874540 # 1875076 # -1 # ID=1_1566;partial=00;start_type=ATG;rbs_motif=TAA;rbs_spacer=11bp;genetic_code=11;gc_cont=0.393	GENOMAD.216277.CP	3.499E-100	321	0
1_2218 # 2579238 # 2580881 # -1 # ID=1_2218;partial=00;start_type=ATG;rbs_motif=TAAA;rbs_spacer=15bp;genetic_code=11;gc_cont=0.473	GENOMAD.133421.CV	5.948E-224	699	0
1_283 # 381565 # 384384 # -1 # ID=1_283;partial=00;start_type=ATG;rbs_motif=AAAAA;rbs_spacer=10bp;genetic_code=11;gc_cont=0.440	GENOMAD.011616.CC	4.935E-13	76	0
1_315 # 422049 # 422669 # -1 # ID=1_315;partial=00;start_type=TTG;rbs_motif=TAAAAA;rbs_spacer=10bp;genetic_code=11;gc_cont=0.427	GENOMAD.176805.VV	4.556E-04	43	0
1_347 # 466000 # 467055 # -1 # ID=1_347;partial=00;start_type=ATG;rbs_motif=TAAA;rbs_spacer=12bp;genetic_code=11;gc_cont=0.446	GENOMAD.024948.CC	8.476E-94	312	0
1_379 # 499509 # 502196 # 1 # ID=1_379;partial=00;start_type=ATG;rbs_motif=TAA;rbs_spacer=12bp;genetic_code=11;gc_cont=0.451	GENOMAD.132963.CP	4.094E-09	63	0
1_411 # 544554 # 545333 # 1 # ID=1_411;partial=00;start_type=ATG;rbs_motif=AAAAA;rbs_spacer=9bp;genetic_code=11;gc_cont=0.477	GENOMAD.054128.CC	8.136E-19	89	0
1_443 # 575031 # 575627 # 1 # ID=1_443;partial=00;start_type=ATG;rbs_motif=TAAAAA;rbs_spacer=12bp;genetic_code=11;gc_cont=0.425	GENOMAD.068480.VV	2.062E-13	71	2561
1_475 # 617766 # 618209 # 1 # ID=1_475;partial=00;start_type=ATG;rbs_motif=TAAAAA;rbs_spacer=8bp;genetic_code=11;gc_cont=0.414	GENOMAD.193903.CP	3.272E-18	83	0
5_2 # 1010 # 1210 # 1 # ID=5_2;partial=00;start_type=ATG;rbs_motif=AAAAA;rbs_spacer=8bp;genetic_code=11;gc_cont=0.443	GENOMAD.162139.PV	3.964E-36	130	2561
2_41 # 35346 # 36131 # -1 # ID=2_41;partial=00;start_type=ATG;rbs_motif=AAAA;rbs_spacer=11bp;genetic_code=11;gc_cont=0.377	GENOMAD.096143.PP	3.063E-28	117	0
3_1 # 2 # 2920 # 1 # ID=3_1;partial=10;start_type=Edge;rbs_motif=None;rbs_spacer=None;genetic_code=11;gc_cont=0.425	GENOMAD.145895.CP	6.054E-07	56	0
3_33 # 46023 # 46778 # -1 # ID=3_33;partial=00;start_type=ATG;rbs_motif=TAAAAA;rbs_spacer=14bp;genetic_code=11;gc_cont=0.402	GENOMAD.104118.CP	2.626E-09	60	0
4_6 # 4500 # 5192 # 1 # ID=4_6;partial=00;start_type=ATG;rbs_motif=None;rbs_spacer=None;genetic_code=11;gc_cont=0.385	GENOMAD.153596.CP	1.621E-06	51	0
1_37 # 45876 # 47609 # -1 # ID=1_37;partial=00;start_type=ATG;rbs_motif=TAAA;rbs_spacer=12bp;genetic_code=11;gc_cont=0.454	GENOMAD.141002.CP	2.288E-63	232	0
1_3442 # 4060426 # 4061043 # -1 # ID=1_3442;partial=00;start_type=ATG;rbs_motif=TAAAAA;rbs_spacer=8bp;genetic_code=11;gc_cont=0.430	GENOMAD.057410.CP	1.460E-35	136	0
1_2709 # 3195095 # 3196630 # 1 # ID=1_2709;partial=00;start_type=ATG;rbs_motif=AATAA;rbs_spacer=10bp;genetic_code=11;gc_cont=0.536	GENOMAD.114541.CP	1.939E-98	333	0
1_2741 # 3230552 # 3231436 # 1 # ID=1_2741;partial=00;start_type=ATG;rbs_motif=TAA;rbs_spacer=10bp;genetic_code=11;gc_cont=0.496	GENOMAD.178486.CP	6.729E-133	422	0
1_2773 # 3272058 # 3272636 # -1 # ID=1_2773;partial=00;start_type=ATG;rbs_motif=AAA;rbs_spacer=12bp;genetic_code=11;gc_cont=0.437	GENOMAD.132383.CP	1.437E-74	248	0
1_246 # 338494 # 339612 # -1 # ID=1_246;partial=00;start_type=ATG;rbs_motif=TAAAAA;rbs_spacer=3bp;genetic_code=11;gc_cont=0.442	GENOMAD.029082.CC	6.658E-207	640	0
1_2644 # 3120708 # 3121298 # -1 # ID=1_2644;partial=00;start_type=GTG;rbs_motif=TAAA;rbs_spacer=11bp;genetic_code=11;gc_cont=0.321	GENOMAD.162584.CP	2.094E-10	62	0
1_2708 # 3194577 # 3195077 # 1 # ID=1_2708;partial=00;start_type=ATG;rbs_motif=TAA;rbs_spacer=14bp;genetic_code=11;gc_cont=0.473	GENOMAD.117180.CP	1.126E-04	44	0
1_2804 # 3305381 # 3306106 # -1 # ID=1_2804;partial=00;start_type=ATG;rbs_motif=TAA;rbs_spacer=10bp;genetic_code=11;gc_cont=0.438	GENOMAD.041389.CC	2.944E-72	244	0
1_3608 # 4259011 # 4259910 # 1 # ID=1_3608;partial=00;start_type=ATG;rbs_motif=AAAAA;rbs_spacer=12bp;genetic_code=11;gc_cont=0.492	GENOMAD.136488.CP	4.648E-09	60	0
1_3640 # 4315177 # 4315629 # 1 # ID=1_3640;partial=00;start_type=ATG;rbs_motif=TAA;rbs_spacer=11bp;genetic_code=11;gc_cont=0.563	GENOMAD.197009.PC	3.713E-27	109	2561
1_4141 # 4950324 # 4951211 # 1 # ID=1_4141;partial=00;start_type=ATG;rbs_motif=TAAA;rbs_spacer=14bp;genetic_code=11;gc_cont=0.370	GENOMAD.003407.CC	3.642E-67	232	0
1_4173 # 4985923 # 4987089 # 1 # ID=1_4173;partial=00;start_type=ATG;rbs_motif=TAA;rbs_spacer=15bp;genetic_code=11;gc_cont=0.364	GENOMAD.158157.CP	1.813E-08	59	0
1_4205 # 5017426 # 5017821 # 1 # ID=1_4205;partial=00;start_type=ATG;rbs_motif=AACAA;rbs_spacer=12bp;genetic_code=11;gc_cont=0.455	GENOMAD.160931.CP	4.116E-08	53	0
1_4301 # 5117208 # 5118308 # -1 # ID=1_4301;partial=00;start_type=ATG;rbs_motif=TAAAA;rbs_spacer=4bp;genetic_code=11;gc_cont=0.452	GENOMAD.194206.CP	7.161E-04	44	0
1_4333 # 5162209 # 5165616 # 1 # ID=1_4333;partial=00;start_type=ATG;rbs_motif=TAAAAA;rbs_spacer=10bp;genetic_code=11;gc_cont=0.386	GENOMAD.123090.CP	1.936E-04	48	0
1_3208 # 3793954 # 3795165 # -1 # ID=1_3208;partial=00;start_type=GTG;rbs_motif=TAA;rbs_spacer=11bp;genetic_code=11;gc_cont=0.525	GENOMAD.152082.CP	1.182E-05	50	0
1_3272 # 3868896 # 3870251 # -1 # ID=1_3272;partial=00;start_type=ATG;rbs_motif=TAAAAA;rbs_spacer=6bp;genetic_code=11;gc_cont=0.521	GENOMAD.190262.VC	9.997E-08	57	2561
1_1331 # 1603002 # 1605311 # 1 # ID=1_1331;partial=00;start_type=ATG;rbs_motif=AATAA;rbs_spacer=10bp;genetic_code=11;gc_cont=0.377	GENOMAD.126028.CP	3.982E-96	336	2561
1_1363 # 1644548 # 1646293 # -1 # ID=1_1363;partial=00;start_type=ATG;rbs_motif=TAA;rbs_spacer=13bp;genetic_code=11;gc_cont=0.470	GENOMAD.157952.CP	3.018E-42	168	0
2_65 # 60776 # 61213 # 1 # ID=2_65;partial=00;start_type=ATG;rbs_motif=TATAA;rbs_spacer=12bp;genetic_code=11;gc_cont=0.326	GENOMAD.197009.PC	2.521E-29	115	2561
1_837 # 1031601 # 1032050 # -1 # ID=1_837;partial=00;start_type=ATG;rbs_motif=TAAA;rbs_spacer=11bp;genetic_code=11;gc_cont=0.440	GENOMAD.051244.CC	3.005E-79	259	0
1_901 # 1101605 # 1102789 # 1 # ID=1_901;partial=00;start_type=ATG;rbs_motif=TAA;rbs_spacer=13bp;genetic_code=11;gc_cont=0.397	GENOMAD.195224.CP	1.138E-05	50	0
1_4050 # 4811458 # 4812564 # 1 # ID=1_4050;partial=00;start_type=ATG;rbs_motif=TAA;rbs_spacer=12bp;genetic_code=11;gc_cont=0.467	GENOMAD.038650.CC	7.224E-04	44	0
1_4082 # 4864794 # 4866884 # -1 # ID=1_4082;partial=00;start_type=ATG;rbs_motif=TAA;rbs_spacer=10bp;genetic_code=11;gc_cont=0.494	GENOMAD.196717.CP	2.426E-31	135	0
1_4114 # 4911852 # 4914500 # -1 # ID=1_4114;partial=00;start_type=ATG;rbs_motif=AAA;rbs_spacer=9bp;genetic_code=11;gc_cont=0.476	GENOMAD.026404.VV	9.683E-31	134	2561
1_1267 # 1529542 # 1531554 # 1 # ID=1_1267;partial=00;start_type=ATG;rbs_motif=TAA;rbs_spacer=10bp;genetic_code=11;gc_cont=0.412	GENOMAD.130226.CP	2.005E-11	70	2561
1_3702 # 4381881 # 4382840 # 1 # ID=1_3702;partial=00;start_type=ATG;rbs_motif=AAAAA;rbs_spacer=4bp;genetic_code=11;gc_cont=0.397	GENOMAD.225071.VP	5.674E-04	44	0
1_3734 # 4421584 # 4422453 # 1 # ID=1_3734;partial=00;start_type=ATG;rbs_motif=TAAAA;rbs_spacer=12bp;genetic_code=11;gc_cont=0.434	GENOMAD.054105.CC	1.470E-16	83	0
1_3766 # 4471689 # 4472312 # -1 # ID=1_3766;partial=00;start_type=ATG;rbs_motif=TAAA;rbs_spacer=11bp;genetic_code=11;gc_cont=0.441	GENOMAD.167888.CP	5.737E-11	64	0
1_1632 # 1926787 # 1927413 # -1 # ID=1_1632;partial=00;start_type=ATG;rbs_motif=TAA;rbs_spacer=12bp;genetic_code=11;gc_cont=0.506	GENOMAD.048443.VV	3.926E-62	213	2561
1_1573 # 1882037 # 1882546 # 1 # ID=1_1573;partial=00;start_type=ATG;rbs_motif=TAA;rbs_spacer=11bp;genetic_code=11;gc_cont=0.406	GENOMAD.138316.CP	1.759E-35	134	0
1_1605 # 1900149 # 1901093 # 1 # ID=1_1605;partial=00;start_type=ATG;rbs_motif=None;rbs_spacer=None;genetic_code=11;gc_cont=0.451	GENOMAD.176734.VP	3.396E-43	163	2561
1_1637 # 1930596 # 1931825 # 1 # ID=1_1637;partial=00;start_type=ATG;rbs_motif=TAAAAA;rbs_spacer=8bp;genetic_code=11;gc_cont=0.531	GENOMAD.057710.VV	1.037E-13	76	2561
1_1701 # 2000102 # 2002444 # 1 # ID=1_1701;partial=00;start_type=ATG;rbs_motif=TAA;rbs_spacer=11bp;genetic_code=11;gc_cont=0.376	GENOMAD.126028.CP	8.309E-36	150	2561
1_1733 # 2038741 # 2041278 # 1 # ID=1_1733;partial=00;start_type=ATG;rbs_motif=TAA;rbs_spacer=12bp;genetic_code=11;gc_cont=0.410	GENOMAD.026404.VV	6.094E-56	215	2561
1_1829 # 2147428 # 2147943 # -1 # ID=1_1829;partial=00;start_type=ATG;rbs_motif=TAAA;rbs_spacer=12bp;genetic_code=11;gc_cont=0.399	GENOMAD.023033.CC	5.487E-41	150	0
1_1861 # 2179770 # 2182232 # -1 # ID=1_1861;partial=00;start_type=ATG;rbs_motif=TAAAAA;rbs_spacer=10bp;genetic_code=11;gc_cont=0.434	GENOMAD.090179.CV	3.118E-69	256	2561
3_35 # 47124 # 47489 # -1 # ID=3_35;partial=00;start_type=ATG;rbs_motif=TAAAA;rbs_spacer=4bp;genetic_code=11;gc_cont=0.415	GENOMAD.076338.CV	6.052E-09	55	0
4_8 # 6003 # 7598 # -1 # ID=4_8;partial=00;start_type=ATG;rbs_motif=TAAAAA;rbs_spacer=8bp;genetic_code=11;gc_cont=0.411	GENOMAD.141483.CP	1.277E-19	96	0
1_39 # 51377 # 53602 # -1 # ID=1_39;partial=00;start_type=ATG;rbs_motif=None;rbs_spacer=None;genetic_code=11;gc_cont=0.466	GENOMAD.145606.CP	1.461E-127	428	0
1_71 # 101725 # 102816 # 1 # ID=1_71;partial=00;start_type=ATG;rbs_motif=TAA;rbs_spacer=12bp;genetic_code=11;gc_cont=0.436	GENOMAD.121761.CP	9.974E-52	190	0
1_135 # 183258 # 183569 # -1 # ID=1_135;partial=00;start_type=ATG;rbs_motif=TAAA;rbs_spacer=12bp;genetic_code=11;gc_cont=0.439	GENOMAD.116508.CP	2.784E-18	81	0
1_3798 # 4507332 # 4508165 # 1 # ID=1_3798;partial=00;start_type=ATG;rbs_motif=TAAA;rbs_spacer=9bp;genetic_code=11;gc_cont=0.417	GENOMAD.126817.CP	7.498E-69	236	0
1_3862 # 4578466 # 4580046 # 1 # ID=1_3862;partial=00;start_type=ATG;rbs_motif=TAAA;rbs_spacer=12bp;genetic_code=11;gc_cont=0.451	GENOMAD.134238.CP	6.368E-08	58	0
1_3926 # 4654599 # 4655369 # -1 # ID=1_3926;partial=00;start_type=ATG;rbs_motif=TAAA;rbs_spacer=12bp;genetic_code=11;gc_cont=0.451	GENOMAD.000113.CC	7.649E-18	86	0
1_3990 # 4731838 # 4734888 # 1 # ID=1_3990;partial=00;start_type=ATG;rbs_motif=TAAA;rbs_spacer=7bp;genetic_code=11;gc_cont=0.441	GENOMAD.000022.CC	5.179E-108	379	2561
1_4022 # 4776921 # 4778189 # -1 # ID=1_4022;partial=00;start_type=ATG;rbs_motif=AATAA;rbs_spacer=4bp;genetic_code=11;gc_cont=0.431	GENOMAD.072605.CV	6.419E-45	172	2561
1_4054 # 4821414 # 4824614 # 1 # ID=1_4054;partial=00;start_type=ATG;rbs_motif=TAA;rbs_spacer=11bp;genetic_code=11;gc_cont=0.405	GENOMAD.226991.VP	8.957E-05	49	0
1_4086 # 4870654 # 4872561 # -1 # ID=1_4086;partial=00;start_type=ATG;rbs_motif=TAA;rbs_spacer=10bp;genetic_code=11;gc_cont=0.432	GENOMAD.171538.CP	3.935E-15	82	0
1_2495 # 2938419 # 2940035 # -1 # ID=1_2495;partial=00;start_type=ATG;rbs_motif=TAAAAA;rbs_spacer=8bp;genetic_code=11;gc_cont=0.390	GENOMAD.216236.VC	7.218E-72	256	0
1_2527 # 2983848 # 2984720 # 1 # ID=1_2527;partial=00;start_type=ATG;rbs_motif=TAAA;rbs_spacer=9bp;genetic_code=11;gc_cont=0.520	GENOMAD.025892.CC	5.079E-11	66	0
1_2559 # 3023232 # 3024113 # -1 # ID=1_2559;partial=00;start_type=ATG;rbs_motif=TAAA;rbs_spacer=12bp;genetic_code=11;gc_cont=0.434	GENOMAD.143247.VV	1.667E-18	89	0
1_2751 # 3244633 # 3250506 # -1 # ID=1_2751;partial=00;start_type=ATG;rbs_motif=TAA;rbs_spacer=11bp;genetic_code=11;gc_cont=0.435	GENOMAD.162214.CP	4.146E-37	157	0
1_2783 # 3279586 # 3281121 # -1 # ID=1_2783;partial=00;start_type=ATG;rbs_motif=TAA;rbs_spacer=11bp;genetic_code=11;gc_cont=0.465	GENOMAD.090871.CV	3.769E-100	338	2561
1_3059 # 3611869 # 3612900 # -1 # ID=1_3059;partial=00;start_type=ATG;rbs_motif=AAA;rbs_spacer=6bp;genetic_code=11;gc_cont=0.405	GENOMAD.113257.CV	4.378E-117	379	2561
1_3091 # 3641911 # 3643629 # 1 # ID=1_3091;partial=00;start_type=ATG;rbs_motif=AAAAA;rbs_spacer=12bp;genetic_code=11;gc_cont=0.473	GENOMAD.063355.VV	9.986E-06	51	2561
1_3123 # 3683416 # 3684138 # -1 # ID=1_3123;partial=00;start_type=ATG;rbs_motif=TAAAAA;rbs_spacer=12bp;genetic_code=11;gc_cont=0.436	GENOMAD.115186.CP	1.022E-21	97	0
1_3219 # 3807726 # 3808043 # 1 # ID=1_3219;partial=00;start_type=ATG;rbs_motif=TAAAA;rbs_spacer=14bp;genetic_code=11;gc_cont=0.575	GENOMAD.194837.PC	5.829E-43	152	0
1_3251 # 3841331 # 3843520 # -1 # ID=1_3251;partial=00;start_type=ATG;rbs_motif=AATAA;rbs_spacer=3bp;genetic_code=11;gc_cont=0.423	GENOMAD.147647.CP	1.149E-22	107	0
1_3283 # 3877869 # 3878705 # -1 # ID=1_3283;partial=00;start_type=ATG;rbs_motif=TAAA;rbs_spacer=11bp;genetic_code=11;gc_cont=0.431	GENOMAD.095944.CV	2.420E-05	48	0
1_3315 # 3921487 # 3922659 # -1 # ID=1_3315;partial=00;start_type=ATG;rbs_motif=TAA;rbs_spacer=11bp;genetic_code=11;gc_cont=0.409	GENOMAD.007068.VV	1.916E-04	46	2561
1_2188 # 2553500 # 2553907 # -1 # ID=1_2188;partial=00;start_type=ATG;rbs_motif=TAAA;rbs_spacer=11bp;genetic_code=11;gc_cont=0.473	GENOMAD.170624.CP	3.052E-72	238	0
1_2220 # 2584087 # 2584983 # -1 # ID=1_2220;partial=00;start_type=ATG;rbs_motif=TAAA;rbs_spacer=11bp;genetic_code=11;gc_cont=0.454	GENOMAD.045929.CC	3.220E-06	51	0
1_2284 # 2663865 # 2665628 # -1 # ID=1_2284;partial=00;start_type=ATG;rbs_motif=AAAAA;rbs_spacer=10bp;genetic_code=11;gc_cont=0.319	GENOMAD.151246.CP	9.844E-17	87	0
1_2348 # 2733172 # 2734044 # 1 # ID=1_2348;partial=00;start_type=ATG;rbs_motif=TAA;rbs_spacer=12bp;genetic_code=11;gc_cont=0.467	GENOMAD.211730.VP	7.438E-20	93	2561
1_2380 # 2770637 # 2771806 # -1 # ID=1_2380;partial=00;start_type=ATG;rbs_motif=TAA;rbs_spacer=11bp;genetic_code=11;gc_cont=0.425	GENOMAD.137772.CP	1.567E-94	316	0
1_346 # 465564 # 465917 # 1 # ID=1_346;partial=00;start_type=ATG;rbs_motif=AATAA;rbs_spacer=6bp;genetic_code=11;gc_cont=0.435	GENOMAD.010768.CC	2.084E-59	200	0
1_378 # 497120 # 498274 # -1 # ID=1_378;partial=00;start_type=ATG;rbs_motif=TAA;rbs_spacer=12bp;genetic_code=11;gc_cont=0.458	GENOMAD.182267.CP	2.216E-05	49	0
1_410 # 542929 # 544506 # 1 # ID=1_410;partial=00;start_type=ATG;rbs_motif=TAAA;rbs_spacer=11bp;genetic_code=11;gc_cont=0.396	GENOMAD.216236.VC	6.958E-53	199	0
1_538 # 696210 # 697346 # 1 # ID=1_538;partial=00;start_type=ATG;rbs_motif=TAAA;rbs_spacer=11bp;genetic_code=11;gc_cont=0.435	GENOMAD.088460.CC	7.178E-08	57	0
1_570 # 726706 # 727134 # -1 # ID=1_570;partial=00;start_type=ATG;rbs_motif=TAAAA;rbs_spacer=4bp;genetic_code=11;gc_cont=0.569	GENOMAD.208515.PC	1.046E-10	61	0
1_634 # 793659 # 794411 # 1 # ID=1_634;partial=00;start_type=ATG;rbs_motif=TAAA;rbs_spacer=12bp;genetic_code=11;gc_cont=0.385	GENOMAD.017394.CC	9.490E-53	188	0
1_3201 # 3789311 # 3789538 # -1 # ID=1_3201;partial=00;start_type=ATG;rbs_motif=None;rbs_spacer=None;genetic_code=11;gc_cont=0.461	GENOMAD.057988.PP	7.759E-19	81	0
1_3233 # 3820252 # 3820845 # -1 # ID=1_3233;partial=00;start_type=ATG;rbs_motif=AAA;rbs_spacer=11bp;genetic_code=11;gc_cont=0.522	GENOMAD.189713.VV	2.124E-07	53	2561
1_3265 # 3861669 # 3863570 # 1 # ID=1_3265;partial=00;start_type=ATG;rbs_motif=TAAAAA;rbs_spacer=4bp;genetic_code=11;gc_cont=0.440	GENOMAD.141295.CP	3.393E-81	287	0
1_3297 # 3894237 # 3896873 # -1 # ID=1_3297;partial=00;start_type=GTG;rbs_motif=TAAA;rbs_spacer=11bp;genetic_code=11;gc_cont=0.438	GENOMAD.102285.VV	0.000E+00	1385	2561
1_3393 # 4020572 # 4023052 # 1 # ID=1_3393;partial=00;start_type=ATG;rbs_motif=TAAAAA;rbs_spacer=7bp;genetic_code=11;gc_cont=0.400	GENOMAD.216236.VC	9.073E-10	65	0
1_3425 # 4052763 # 4053281 # -1 # ID=1_3425;partial=00;start_type=ATG;rbs_motif=TAAA;rbs_spacer=11bp;genetic_code=11;gc_cont=0.410	GENOMAD.000010.CC	2.576E-41	151	0
1_986 # 1228350 # 1230704 # -1 # ID=1_986;partial=00;start_type=ATG;rbs_motif=None;rbs_spacer=None;genetic_code=11;gc_cont=0.454	GENOMAD.135943.CP	2.080E-10	67	0
1_1018 # 1261329 # 1262429 # 1 # ID=1_1018;partial=00;start_type=ATG;rbs_motif=TATAA;rbs_spacer=4bp;genetic_code=11;gc_cont=0.338	GENOMAD.076874.VV	7.161E-04	44	2561
1_1050 # 1296537 # 1297235 # -1 # ID=1_1050;partial=00;start_type=GTG;rbs_motif=TAA;rbs_spacer=12bp;genetic_code=11;gc_cont=0.488	GENOMAD.142751.CP	1.957E-09	60	0
1_1082 # 1337982 # 1338881 # 1 # ID=1_1082;partial=00;start_type=ATG;rbs_motif=AAA;rbs_spacer=10bp;genetic_code=11;gc_cont=0.441	GENOMAD.189508.CP	5.825E-05	47	0
1_1114 # 1370909 # 1371406 # 1 # ID=1_1114;partial=00;start_type=ATG;rbs_motif=AAAA;rbs_spacer=14bp;genetic_code=11;gc_cont=0.504	GENOMAD.197889.VP	1.511E-94	304	2561
1_1210 # 1467309 # 1469528 # -1 # ID=1_1210;partial=00;start_type=ATG;rbs_motif=TAAA;rbs_spacer=12bp;genetic_code=11;gc_cont=0.459	GENOMAD.151728.CP	9.400E-79	283	0
1_1242 # 1505565 # 1506884 # -1 # ID=1_1242;partial=00;start_type=ATG;rbs_motif=AAA;rbs_spacer=10bp;genetic_code=11;gc_cont=0.499	GENOMAD.130403.CP	2.304E-04	46	0
1_1274 # 1539084 # 1539521 # -1 # ID=1_1274;partial=00;start_type=ATG;rbs_motif=TATAA;rbs_spacer=4bp;genetic_code=11;gc_cont=0.372	GENOMAD.191128.PC	7.939E-16	76	0
1_3248 # 3837986 # 3838780 # 1 # ID=1_3248;partial=00;start_type=ATG;rbs_motif=AACAA;rbs_spacer=4bp;genetic_code=11;gc_cont=0.492	GENOMAD.148232.CP	8.794E-22	98	0
1_3280 # 3875428 # 3876090 # -1 # ID=1_3280;partial=00;start_type=GTG;rbs_motif=TAAA;rbs_spacer=11bp;genetic_code=11;gc_cont=0.445	GENOMAD.059967.CC	4.176E-58	202	0
1_3344 # 3951541 # 3952383 # -1 # ID=1_3344;partial=00;start_type=ATG;rbs_motif=TAA;rbs_spacer=11bp;genetic_code=11;gc_cont=0.433	GENOMAD.011412.CC	1.685E-36	142	0
1_2770 # 3268702 # 3270528 # 1 # ID=1_2770;partial=00;start_type=ATG;rbs_motif=TAAA;rbs_spacer=11bp;genetic_code=11;gc_cont=0.436	GENOMAD.167282.CP	1.084E-35	148	0
1_2802 # 3301627 # 3303738 # -1 # ID=1_2802;partial=00;start_type=ATG;rbs_motif=TAA;rbs_spacer=11bp;genetic_code=11;gc_cont=0.441	GENOMAD.045646.CC	3.579E-10	66	0
1_2834 # 3343621 # 3344718 # -1 # ID=1_2834;partial=00;start_type=TTG;rbs_motif=TAAA;rbs_spacer=11bp;genetic_code=11;gc_cont=0.491	GENOMAD.137271.CP	3.785E-09	61	0
1_2866 # 3375826 # 3376725 # 1 # ID=1_2866;partial=00;start_type=TTG;rbs_motif=TAAAA;rbs_spacer=13bp;genetic_code=11;gc_cont=0.431	GENOMAD.073106.CV	1.070E-41	158	2561
1_2898 # 3408127 # 3408597 # -1 # ID=1_2898;partial=00;start_type=ATG;rbs_motif=AATAA;rbs_spacer=6bp;genetic_code=11;gc_cont=0.384	GENOMAD.031345.CC	2.084E-36	136	0
1_2930 # 3448375 # 3449469 # 1 # ID=1_2930;partial=00;start_type=ATG;rbs_motif=AAAAA;rbs_spacer=9bp;genetic_code=11;gc_cont=0.362	GENOMAD.014047.CC	2.865E-104	343	0
1_2962 # 3488716 # 3490602 # -1 # ID=1_2962;partial=00;start_type=ATG;rbs_motif=TAA;rbs_spacer=11bp;genetic_code=11;gc_cont=0.450	GENOMAD.148232.CP	4.342E-33	140	0
1_2994 # 3535007 # 3537313 # 1 # ID=1_2994;partial=00;start_type=ATG;rbs_motif=AATAA;rbs_spacer=8bp;genetic_code=11;gc_cont=0.468	GENOMAD.142037.CP	1.635E-16	87	2561
1_3058 # 3611020 # 3611664 # -1 # ID=1_3058;partial=00;start_type=ATG;rbs_motif=TAA;rbs_spacer=9bp;genetic_code=11;gc_cont=0.389	GENOMAD.220991.VC	2.547E-19	89	0
1_1473 # 1764049 # 1764585 # 1 # ID=1_1473;partial=00;start_type=ATG;rbs_motif=TAAAA;rbs_spacer=12bp;genetic_code=11;gc_cont=0.378	GENOMAD.153358.CP	6.560E-09	57	0
1_1569 # 1876880 # 1878193 # 1 # ID=1_1569;partial=00;start_type=ATG;rbs_motif=AATAA;rbs_spacer=10bp;genetic_code=11;gc_cont=0.434	GENOMAD.094142.VV	1.613E-06	53	2561
1_1633 # 1927572 # 1928006 # 1 # ID=1_1633;partial=00;start_type=ATG;rbs_motif=TAAA;rbs_spacer=11bp;genetic_code=11;gc_cont=0.425	GENOMAD.124099.VC	1.863E-65	219	2561
1_1665 # 1961834 # 1964080 # -1 # ID=1_1665;partial=00;start_type=ATG;rbs_motif=TAAA;rbs_spacer=12bp;genetic_code=11;gc_cont=0.458	GENOMAD.104172.CP	1.065E-07	58	0
1_2107 # 2463556 # 2464791 # -1 # ID=1_2107;partial=00;start_type=ATG;rbs_motif=TAA;rbs_spacer=13bp;genetic_code=11;gc_cont=0.460	GENOMAD.104139.CP	6.803E-136	437	0
1_2139 # 2495837 # 2497006 # -1 # ID=1_2139;partial=00;start_type=ATG;rbs_motif=TAAA;rbs_spacer=11bp;genetic_code=11;gc_cont=0.455	GENOMAD.113449.CP	3.839E-56	204	0
1_2171 # 2534997 # 2535965 # -1 # ID=1_2171;partial=00;start_type=ATG;rbs_motif=TAAA;rbs_spacer=14bp;genetic_code=11;gc_cont=0.612	GENOMAD.221263.CP	3.850E-153	482	0
1_2235 # 2604031 # 2606022 # 1 # ID=1_2235;partial=00;start_type=ATG;rbs_motif=AATAA;rbs_spacer=7bp;genetic_code=11;gc_cont=0.466	GENOMAD.142891.CP	4.974E-05	49	0
1_2363 # 2752567 # 2753142 # -1 # ID=1_2363;partial=00;start_type=ATG;rbs_motif=None;rbs_spacer=None;genetic_code=11;gc_cont=0.436	GENOMAD.012764.CC	2.628E-31	123	0
1_2395 # 2797434 # 2800871 # -1 # ID=1_2395;partial=00;start_type=ATG;rbs_motif=TAA;rbs_spacer=11bp;genetic_code=11;gc_cont=0.437	GENOMAD.136373.CP	8.526E-11	69	0
1_797 # 976293 # 977621 # 1 # ID=1_797;partial=00;start_type=ATG;rbs_motif=None;rbs_spacer=None;genetic_code=11;gc_cont=0.497	GENOMAD.120926.CP	3.874E-11	68	0
1_829 # 1021749 # 1023107 # 1 # ID=1_829;partial=00;start_type=ATG;rbs_motif=TAAA;rbs_spacer=11bp;genetic_code=11;gc_cont=0.489	GENOMAD.116686.CP	6.116E-45	173	0
1_861 # 1053194 # 1055866 # -1 # ID=1_861;partial=00;start_type=ATG;rbs_motif=AAAA;rbs_spacer=9bp;genetic_code=11;gc_cont=0.459	GENOMAD.145692.CP	3.310E-08	60	0
1_925 # 1150778 # 1153027 # 1 # ID=1_925;partial=00;start_type=ATG;rbs_motif=None;rbs_spacer=None;genetic_code=11;gc_cont=0.444	GENOMAD.146392.CP	5.519E-137	456	2561
1_3261 # 3856815 # 3857996 # 1 # ID=1_3261;partial=00;start_type=ATG;rbs_motif=TAA;rbs_spacer=3bp;genetic_code=11;gc_cont=0.470	GENOMAD.133855.CP	7.783E-106	349	0
1_1602 # 1899219 # 1899620 # 1 # ID=1_1602;partial=00;start_type=ATG;rbs_motif=TAA;rbs_spacer=10bp;genetic_code=11;gc_cont=0.371	GENOMAD.225236.VP	1.246E-72	239	2561
1_1698 # 1994804 # 1997032 # 1 # ID=1_1698;partial=00;start_type=ATG;rbs_motif=TAA;rbs_spacer=12bp;genetic_code=11;gc_cont=0.367	GENOMAD.124434.CP	1.440E-23	110	0
1_1762 # 2074238 # 2074981 # 1 # ID=1_1762;partial=00;start_type=ATG;rbs_motif=TAA;rbs_spacer=11bp;genetic_code=11;gc_cont=0.497	GENOMAD.137406.CP	4.192E-29	119	0
1_3372 # 3991742 # 3992308 # 1 # ID=1_3372;partial=00;start_type=ATG;rbs_motif=None;rbs_spacer=None;genetic_code=11;gc_cont=0.402	GENOMAD.123338.CV	3.819E-09	58	0
1_3436 # 4057187 # 4057921 # -1 # ID=1_3436;partial=00;start_type=ATG;rbs_motif=TAA;rbs_spacer=5bp;genetic_code=11;gc_cont=0.401	GENOMAD.000002.CC	1.954E-50	181	0
1_1825 # 2144289 # 2144834 # 1 # ID=1_1825;partial=00;start_type=ATG;rbs_motif=TAA;rbs_spacer=11bp;genetic_code=11;gc_cont=0.504	GENOMAD.030374.CC	2.715E-14	73	0
1_1857 # 2176412 # 2176804 # 1 # ID=1_1857;partial=00;start_type=ATG;rbs_motif=TAAAAA;rbs_spacer=10bp;genetic_code=11;gc_cont=0.397	GENOMAD.043051.CC	2.680E-13	68	0
1_1889 # 2212176 # 2212763 # -1 # ID=1_1889;partial=00;start_type=ATG;rbs_motif=TATAA;rbs_spacer=4bp;genetic_code=11;gc_cont=0.418	GENOMAD.113368.CP	9.460E-46	165	0
1_1953 # 2294335 # 2295741 # 1 # ID=1_1953;partial=00;start_type=ATG;rbs_motif=TAAAAA;rbs_spacer=10bp;genetic_code=11;gc_cont=0.518	GENOMAD.114697.CP	5.170E-12	71	0
1_4313 # 5137869 # 5139329 # 1 # ID=1_4313;partial=00;start_type=ATG;rbs_motif=TAAA;rbs_spacer=8bp;genetic_code=11;gc_cont=0.446	GENOMAD.118485.CP	1.322E-04	47	0
1_2535 # 2996674 # 2997894 # -1 # ID=1_2535;partial=00;start_type=ATG;rbs_motif=TAA;rbs_spacer=13bp;genetic_code=11;gc_cont=0.465	GENOMAD.120739.CP	3.834E-49	184	0
1_2631 # 3111274 # 3112491 # 1 # ID=1_2631;partial=00;start_type=ATG;rbs_motif=TAAAAA;rbs_spacer=9bp;genetic_code=11;gc_cont=0.452	GENOMAD.057710.VV	7.151E-17	86	2561
1_3220 # 3808040 # 3810541 # 1 # ID=1_3220;partial=00;start_type=ATG;rbs_motif=TAAA;rbs_spacer=11bp;genetic_code=11;gc_cont=0.580	GENOMAD.183332.PC	1.132E-17	91	0
1_3252 # 3843524 # 3843898 # -1 # ID=1_3252;partial=00;start_type=ATG;rbs_motif=TAA;rbs_spacer=11bp;genetic_code=11;gc_cont=0.397	GENOMAD.157960.PC	4.302E-04	41	0
1_1442 # 1723862 # 1724446 # 1 # ID=1_1442;partial=00;start_type=ATG;rbs_motif=TAAAAA;rbs_spacer=10bp;genetic_code=11;gc_cont=0.426	GENOMAD.051259.PP	1.127E-103	332	0
1_1474 # 1764592 # 1765152 # 1 # ID=1_1474;partial=00;start_type=ATG;rbs_motif=TAAAAA;rbs_spacer=10bp;genetic_code=11;gc_cont=0.424	GENOMAD.140793.CP	1.697E-06	50	0
1_3756 # 4454178 # 4456934 # -1 # ID=1_3756;partial=00;start_type=ATG;rbs_motif=TAA;rbs_spacer=12bp;genetic_code=11;gc_cont=0.466	GENOMAD.147295.CP	3.030E-04	47	0
1_3970 # 4711075 # 4712967 # 1 # ID=1_3970;partial=00;start_type=ATG;rbs_motif=AATAA;rbs_spacer=7bp;genetic_code=11;gc_cont=0.441	GENOMAD.092845.CP	1.742E-214	676	0
1_4066 # 4842520 # 4843566 # 1 # ID=1_4066;partial=00;start_type=ATG;rbs_motif=None;rbs_spacer=None;genetic_code=11;gc_cont=0.399	GENOMAD.182846.CV	3.263E-150	475	0
1_4130 # 4930691 # 4931854 # -1 # ID=1_4130;partial=00;start_type=ATG;rbs_motif=TAA;rbs_spacer=11bp;genetic_code=11;gc_cont=0.473	GENOMAD.147684.CP	5.029E-10	64	0
1_1328 # 1598926 # 1599735 # -1 # ID=1_1328;partial=00;start_type=ATG;rbs_motif=AAAAA;rbs_spacer=9bp;genetic_code=11;gc_cont=0.391	GENOMAD.193920.PC	4.095E-04	44	0
1_3074 # 3627161 # 3628246 # -1 # ID=1_3074;partial=00;start_type=ATG;rbs_motif=TAA;rbs_spacer=15bp;genetic_code=11;gc_cont=0.275	GENOMAD.206400.CP	2.978E-22	102	0
1_3138 # 3706016 # 3708049 # -1 # ID=1_3138;partial=00;start_type=ATG;rbs_motif=TAA;rbs_spacer=15bp;genetic_code=11;gc_cont=0.449	GENOMAD.053052.VV	2.330E-27	122	0
1_97 # 127286 # 128437 # 1 # ID=1_97;partial=00;start_type=ATG;rbs_motif=TAA;rbs_spacer=13bp;genetic_code=11;gc_cont=0.414	GENOMAD.166865.VC	3.785E-04	45	3032
1_129 # 171171 # 172445 # -1 # ID=1_129;partial=00;start_type=ATG;rbs_motif=TAAA;rbs_spacer=11bp;genetic_code=11;gc_cont=0.501	GENOMAD.192649.CV	3.011E-10	65	0
1_1581 # 1890317 # 1890682 # -1 # ID=1_1581;partial=00;start_type=ATG;rbs_motif=TATAA;rbs_spacer=3bp;genetic_code=11;gc_cont=0.331	GENOMAD.147273.VC	3.883E-14	70	2561
1_1613 # 1906260 # 1907078 # 1 # ID=1_1613;partial=00;start_type=ATG;rbs_motif=TAAAAA;rbs_spacer=9bp;genetic_code=11;gc_cont=0.546	GENOMAD.043755.VV	2.060E-91	301	2561
1_1773 # 2085115 # 2086287 # 1 # ID=1_1773;partial=00;start_type=ATG;rbs_motif=AAAAA;rbs_spacer=9bp;genetic_code=11;gc_cont=0.524	GENOMAD.133855.CP	6.373E-62	221	0
1_278 # 376829 # 377146 # -1 # ID=1_278;partial=00;start_type=ATG;rbs_motif=None;rbs_spacer=None;genetic_code=11;gc_cont=0.406	GENOMAD.080110.CV	1.335E-26	105	0
1_310 # 414791 # 415243 # 1 # ID=1_310;partial=00;start_type=ATG;rbs_motif=AATAA;rbs_spacer=6bp;genetic_code=11;gc_cont=0.400	GENOMAD.012531.CC	1.918E-51	179	0
1_342 # 462343 # 462843 # 1 # ID=1_342;partial=00;start_type=ATG;rbs_motif=TAAAAA;rbs_spacer=4bp;genetic_code=11;gc_cont=0.413	GENOMAD.003536.CC	9.167E-33	126	0
1_1693 # 1983590 # 1984840 # 1 # ID=1_1693;partial=00;start_type=ATG;rbs_motif=TAAAAA;rbs_spacer=4bp;genetic_code=11;gc_cont=0.470	GENOMAD.127131.CP	3.496E-59	214	0
1_1725 # 2025006 # 2025782 # 1 # ID=1_1725;partial=00;start_type=ATG;rbs_motif=None;rbs_spacer=None;genetic_code=11;gc_cont=0.409	GENOMAD.119135.CP	9.882E-34	133	2790
1_792 # 969802 # 971109 # 1 # ID=1_792;partial=00;start_type=ATG;rbs_motif=AATAA;rbs_spacer=6bp;genetic_code=11;gc_cont=0.456	GENOMAD.083994.CP	8.747E-38	151	0
1_920 # 1140342 # 1142414 # 1 # ID=1_920;partial=00;start_type=ATG;rbs_motif=TAAA;rbs_spacer=6bp;genetic_code=11;gc_cont=0.439	GENOMAD.145791.CP	1.411E-72	263	0
1_984 # 1226725 # 1227627 # -1 # ID=1_984;partial=00;start_type=ATG;rbs_motif=TAA;rbs_spacer=12bp;genetic_code=11;gc_cont=0.431	GENOMAD.118860.CC	3.101E-118	380	0
1_871 # 1066352 # 1068574 # -1 # ID=1_871;partial=00;start_type=ATG;rbs_motif=TAA;rbs_spacer=10bp;genetic_code=11;gc_cont=0.420	GENOMAD.213315.CP	2.742E-19	96	0
6_3 # 1800 # 2261 # 1 # ID=6_3;partial=00;start_type=ATG;rbs_motif=TAAA;rbs_spacer=9bp;genetic_code=11;gc_cont=0.335	GENOMAD.060629.PP	2.717E-82	268	0
1_55 # 74608 # 75741 # 1 # ID=1_55;partial=00;start_type=ATG;rbs_motif=AAA;rbs_spacer=11bp;genetic_code=11;gc_cont=0.474	GENOMAD.000143.CC	7.132E-109	357	2561
1_119 # 158745 # 159749 # 1 # ID=1_119;partial=00;start_type=ATG;rbs_motif=TAAAAA;rbs_spacer=11bp;genetic_code=11;gc_cont=0.500	GENOMAD.113434.CP	4.835E-174	543	0
1_151 # 199801 # 201879 # -1 # ID=1_151;partial=00;start_type=ATG;rbs_motif=TAAA;rbs_spacer=12bp;genetic_code=11;gc_cont=0.482	GENOMAD.189773.CP	4.390E-35	147	0
1_1888 # 2211592 # 2212164 # -1 # ID=1_1888;partial=00;start_type=ATG;rbs_motif=TAA;rbs_spacer=11bp;genetic_code=11;gc_cont=0.426	GENOMAD.114709.CP	1.197E-49	176	0
1_1920 # 2248305 # 2249090 # 1 # ID=1_1920;partial=00;start_type=ATG;rbs_motif=AATAA;rbs_spacer=10bp;genetic_code=11;gc_cont=0.366	GENOMAD.126801.CP	1.606E-11	67	0
1_1952 # 2293032 # 2294204 # 1 # ID=1_1952;partial=00;start_type=ATG;rbs_motif=TAAAAA;rbs_spacer=8bp;genetic_code=11;gc_cont=0.511	GENOMAD.110049.CP	5.884E-46	174	0
1_3432 # 4055892 # 4056257 # -1 # ID=1_3432;partial=00;start_type=ATG;rbs_motif=TAA;rbs_spacer=6bp;genetic_code=11;gc_cont=0.429	GENOMAD.000007.CC	1.241E-50	175	0
1_3496 # 4123288 # 4123800 # 1 # ID=1_3496;partial=00;start_type=ATG;rbs_motif=TAA;rbs_spacer=15bp;genetic_code=11;gc_cont=0.458	GENOMAD.189341.CP	5.481E-83	271	0
1_3528 # 4156019 # 4156657 # -1 # ID=1_3528;partial=00;start_type=ATG;rbs_motif=AAAAA;rbs_spacer=11bp;genetic_code=11;gc_cont=0.427	GENOMAD.050536.CC	5.883E-77	256	0
1_3560 # 4204335 # 4205087 # 1 # ID=1_3560;partial=00;start_type=ATG;rbs_motif=TAA;rbs_spacer=10bp;genetic_code=11;gc_cont=0.412	GENOMAD.063532.CP	1.687E-04	45	0
1_827 # 1018246 # 1018947 # 1 # ID=1_827;partial=00;start_type=ATG;rbs_motif=AAA;rbs_spacer=13bp;genetic_code=11;gc_cont=0.449	GENOMAD.170191.CP	2.972E-04	44	0
1_891 # 1088331 # 1089923 # -1 # ID=1_891;partial=00;start_type=ATG;rbs_motif=AATAA;rbs_spacer=3bp;genetic_code=11;gc_cont=0.443	GENOMAD.132493.CP	7.649E-51	193	0
1_484 # 626910 # 627701 # 1 # ID=1_484;partial=00;start_type=ATG;rbs_motif=TAA;rbs_spacer=14bp;genetic_code=11;gc_cont=0.356	GENOMAD.206932.CP	2.862E-08	57	0
1_644 # 803400 # 804854 # 1 # ID=1_644;partial=00;start_type=ATG;rbs_motif=None;rbs_spacer=None;genetic_code=11;gc_cont=0.281	GENOMAD.158345.CP	9.391E-07	54	0
1_204 # 269092 # 271863 # -1 # ID=1_204;partial=00;start_type=ATG;rbs_motif=TAAA;rbs_spacer=11bp;genetic_code=11;gc_cont=0.499	GENOMAD.145692.CP	2.822E-07	57	0
1_236 # 321657 # 323180 # 1 # ID=1_236;partial=00;start_type=ATG;rbs_motif=TAA;rbs_spacer=11bp;genetic_code=11;gc_cont=0.469	GENOMAD.032975.CC	1.496E-27	121	2561
1_1239 # 1501975 # 1502847 # -1 # ID=1_1239;partial=00;start_type=ATG;rbs_motif=None;rbs_spacer=None;genetic_code=11;gc_cont=0.482	GENOMAD.182687.CP	4.084E-40	153	0
1_1399 # 1684275 # 1685201 # 1 # ID=1_1399;partial=00;start_type=ATG;rbs_motif=TAAAAA;rbs_spacer=9bp;genetic_code=11;gc_cont=0.442	GENOMAD.210397.VP	1.351E-42	161	2561
1_1069 # 1318985 # 1321546 # -1 # ID=1_1069;partial=00;start_type=ATG;rbs_motif=None;rbs_spacer=None;genetic_code=11;gc_cont=0.456	GENOMAD.093424.CP	6.029E-170	557	0
1_1101 # 1359491 # 1361260 # 1 # ID=1_1101;partial=00;start_type=ATG;rbs_motif=TAAA;rbs_spacer=12bp;genetic_code=11;gc_cont=0.437	GENOMAD.146096.PC	8.565E-05	48	0
1_1133 # 1385002 # 1385310 # 1 # ID=1_1133;partial=00;start_type=ATG;rbs_motif=TAAAAA;rbs_spacer=12bp;genetic_code=11;gc_cont=0.495	GENOMAD.099116.PP	2.545E-34	127	0
1_1197 # 1448676 # 1450559 # 1 # ID=1_1197;partial=00;start_type=ATG;rbs_motif=TAAAA;rbs_spacer=15bp;genetic_code=11;gc_cont=0.420	GENOMAD.042099.CC	8.753E-126	418	0
1_1325 # 1595446 # 1596759 # -1 # ID=1_1325;partial=00;start_type=ATG;rbs_motif=AAAAA;rbs_spacer=9bp;genetic_code=11;gc_cont=0.432	GENOMAD.117064.CP	5.560E-05	48	0
1_1357 # 1636081 # 1637343 # 1 # ID=1_1357;partial=00;start_type=ATG;rbs_motif=AATAA;rbs_spacer=8bp;genetic_code=11;gc_cont=0.409	GENOMAD.158304.CP	1.726E-60	218	0
1_3566 # 4211807 # 4212088 # 1 # ID=1_3566;partial=00;start_type=ATG;rbs_motif=TAA;rbs_spacer=14bp;genetic_code=11;gc_cont=0.433	GENOMAD.168071.CP	1.047E-08	53	0
1_3598 # 4244346 # 4245482 # -1 # ID=1_3598;partial=00;start_type=ATG;rbs_motif=TAAA;rbs_spacer=9bp;genetic_code=11;gc_cont=0.402	GENOMAD.039115.CC	1.319E-219	677	0
1_3694 # 4372058 # 4375570 # -1 # ID=1_3694;partial=00;start_type=ATG;rbs_motif=AAAAA;rbs_spacer=10bp;genetic_code=11;gc_cont=0.436	GENOMAD.070063.VV	7.583E-07	56	3032
1_3726 # 4413548 # 4414747 # 1 # ID=1_3726;partial=00;start_type=ATG;rbs_motif=AATAA;rbs_spacer=7bp;genetic_code=11;gc_cont=0.481	GENOMAD.147027.CP	4.604E-09	61	0
1_3758 # 4458888 # 4461650 # 1 # ID=1_3758;partial=00;start_type=ATG;rbs_motif=TAA;rbs_spacer=15bp;genetic_code=11;gc_cont=0.483	GENOMAD.152082.CP	1.208E-42	173	0
1_618 # 769804 # 770622 # 1 # ID=1_618;partial=00;start_type=ATG;rbs_motif=AAAAA;rbs_spacer=12bp;genetic_code=11;gc_cont=0.440	GENOMAD.151688.CP	2.288E-16	82	0
1_682 # 841107 # 841811 # 1 # ID=1_682;partial=00;start_type=ATG;rbs_motif=AATAA;rbs_spacer=10bp;genetic_code=11;gc_cont=0.464	GENOMAD.056886.CC	6.251E-04	43	0
1_778 # 951371 # 952306 # -1 # ID=1_778;partial=00;start_type=ATG;rbs_motif=AACAA;rbs_spacer=6bp;genetic_code=11;gc_cont=0.493	GENOMAD.002109.CC	2.229E-08	58	0
1_842 # 1035249 # 1037291 # -1 # ID=1_842;partial=00;start_type=ATG;rbs_motif=None;rbs_spacer=None;genetic_code=11;gc_cont=0.453	GENOMAD.007593.CC	5.583E-162	526	0
1_906 # 1110269 # 1111519 # -1 # ID=1_906;partial=00;start_type=ATG;rbs_motif=TAAA;rbs_spacer=11bp;genetic_code=11;gc_cont=0.388	GENOMAD.179685.CP	8.821E-226	697	0
1_3130 # 3696606 # 3698063 # 1 # ID=1_3130;partial=00;start_type=ATG;rbs_motif=AATAA;rbs_spacer=5bp;genetic_code=11;gc_cont=0.477	GENOMAD.000309.CC	7.351E-218	678	2561
1_3162 # 3739945 # 3741378 # -1 # ID=1_3162;partial=00;start_type=ATG;rbs_motif=TAAA;rbs_spacer=11bp;genetic_code=11;gc_cont=0.427	GENOMAD.148158.CP	4.658E-55	204	0
1_3290 # 3883654 # 3885000 # -1 # ID=1_3290;partial=00;start_type=ATG;rbs_motif=TAAA;rbs_spacer=7bp;genetic_code=11;gc_cont=0.438	GENOMAD.142401.VC	4.611E-87	297	2561
1_3322 # 3927849 # 3928631 # -1 # ID=1_3322;partial=00;start_type=ATG;rbs_motif=TAAAAA;rbs_spacer=5bp;genetic_code=11;gc_cont=0.447	GENOMAD.223667.VP	4.267E-36	140	2561
1_3418 # 4049175 # 4049555 # -1 # ID=1_3418;partial=00;start_type=ATG;rbs_motif=AAAAA;rbs_spacer=12bp;genetic_code=11;gc_cont=0.391	GENOMAD.000014.CC	6.968E-43	153	0
1_768 # 936746 # 939052 # 1 # ID=1_768;partial=00;start_type=ATG;rbs_motif=TAA;rbs_spacer=5bp;genetic_code=11;gc_cont=0.442	GENOMAD.123010.CP	1.528E-73	268	0
1_832 # 1025871 # 1026713 # -1 # ID=1_832;partial=00;start_type=ATG;rbs_motif=TAAAAA;rbs_spacer=8bp;genetic_code=11;gc_cont=0.450	GENOMAD.098732.CP	1.004E-94	311	2561
1_896 # 1097072 # 1098190 # 1 # ID=1_896;partial=00;start_type=ATG;rbs_motif=TAA;rbs_spacer=12bp;genetic_code=11;gc_cont=0.401	GENOMAD.124169.CV	3.362E-106	349	0
1_4134 # 4937411 # 4938724 # -1 # ID=1_4134;partial=00;start_type=ATG;rbs_motif=AACAA;rbs_spacer=5bp;genetic_code=11;gc_cont=0.474	GENOMAD.022060.CC	6.306E-28	121	0
1_4166 # 4979117 # 4980004 # 1 # ID=1_4166;partial=00;start_type=ATG;rbs_motif=None;rbs_spacer=None;genetic_code=11;gc_cont=0.413	GENOMAD.109988.CP	5.396E-11	66	0
1_4262 # 5078156 # 5078743 # -1 # ID=1_4262;partial=00;start_type=ATG;rbs_motif=None;rbs_spacer=None;genetic_code=11;gc_cont=0.515	GENOMAD.197009.PC	4.760E-25	105	2561
1_4326 # 5154244 # 5156268 # 1 # ID=1_4326;partial=00;start_type=ATG;rbs_motif=TAAA;rbs_spacer=12bp;genetic_code=11;gc_cont=0.466	GENOMAD.152605.CP	2.472E-37	154	0
1_1174 # 1425448 # 1427091 # 1 # ID=1_1174;partial=00;start_type=ATG;rbs_motif=AAAAA;rbs_spacer=11bp;genetic_code=11;gc_cont=0.449	GENOMAD.183711.PC	1.995E-09	63	0
1_1238 # 1500719 # 1501384 # 1 # ID=1_1238;partial=00;start_type=ATG;rbs_motif=None;rbs_spacer=None;genetic_code=11;gc_cont=0.495	GENOMAD.000230.CC	7.358E-09	58	0
1_1334 # 1608331 # 1610640 # 1 # ID=1_1334;partial=00;start_type=ATG;rbs_motif=TAA;rbs_spacer=11bp;genetic_code=11;gc_cont=0.439	GENOMAD.126028.CP	3.310E-106	366	2561
1_1366 # 1649035 # 1650048 # 1 # ID=1_1366;partial=00;start_type=ATG;rbs_motif=None;rbs_spacer=None;genetic_code=11;gc_cont=0.498	GENOMAD.132390.CP	2.384E-13	74	2561
1_1398 # 1678071 # 1684250 # 1 # ID=1_1398;partial=00;start_type=ATG;rbs_motif=AAA;rbs_spacer=11bp;genetic_code=11;gc_cont=0.459	GENOMAD.208926.PC	9.366E-05	50	0
1_2135 # 2490684 # 2493473 # -1 # ID=1_2135;partial=00;start_type=ATG;rbs_motif=TAAAAA;rbs_spacer=10bp;genetic_code=11;gc_cont=0.458	GENOMAD.126763.CP	1.112E-23	111	0
1_2199 # 2560530 # 2560922 # -1 # ID=1_2199;partial=00;start_type=ATG;rbs_motif=None;rbs_spacer=None;genetic_code=11;gc_cont=0.399	GENOMAD.118524.CP	2.311E-04	42	0
1_2231 # 2600871 # 2601140 # 1 # ID=1_2231;partial=00;start_type=ATG;rbs_motif=TAAA;rbs_spacer=12bp;genetic_code=11;gc_cont=0.400	GENOMAD.038155.CC	1.421E-26	104	0
1_2263 # 2641057 # 2642550 # -1 # ID=1_2263;partial=00;start_type=ATG;rbs_motif=TAAA;rbs_spacer=14bp;genetic_code=11;gc_cont=0.437	GENOMAD.106579.CP	1.466E-61	224	0
1_2295 # 2676248 # 2676805 # -1 # ID=1_2295;partial=00;start_type=ATG;rbs_motif=TAAA;rbs_spacer=11bp;genetic_code=11;gc_cont=0.432	GENOMAD.153115.CP	4.664E-58	200	0
1_2327 # 2712397 # 2713341 # 1 # ID=1_2327;partial=00;start_type=ATG;rbs_motif=TAAA;rbs_spacer=11bp;genetic_code=11;gc_cont=0.388	GENOMAD.142968.CP	2.678E-28	119	0
2_68 # 68518 # 70152 # 1 # ID=2_68;partial=00;start_type=ATG;rbs_motif=AAAAA;rbs_spacer=11bp;genetic_code=11;gc_cont=0.366	GENOMAD.221005.PV	8.449E-33	138	2561
1_1777 # 2089937 # 2091271 # -1 # ID=1_1777;partial=00;start_type=ATG;rbs_motif=TAAAAA;rbs_spacer=8bp;genetic_code=11;gc_cont=0.496	GENOMAD.130151.CP	4.556E-85	291	2561
1_1809 # 2130279 # 2131643 # 1 # ID=1_1809;partial=00;start_type=ATG;rbs_motif=AAA;rbs_spacer=4bp;genetic_code=11;gc_cont=0.563	GENOMAD.212786.VV	4.629E-22	103	2561
1_1905 # 2231431 # 2232510 # -1 # ID=1_1905;partial=00;start_type=ATG;rbs_motif=TAAAAA;rbs_spacer=9bp;genetic_code=11;gc_cont=0.474	GENOMAD.121518.CV	1.615E-31	130	0
1_2033 # 2384228 # 2385067 # -1 # ID=1_2033;partial=00;start_type=ATG;rbs_motif=TAA;rbs_spacer=11bp;genetic_code=11;gc_cont=0.396	GENOMAD.010580.CC	3.111E-71	243	0
1_4001 # 4748790 # 4749938 # -1 # ID=1_4001;partial=00;start_type=ATG;rbs_motif=TAA;rbs_spacer=13bp;genetic_code=11;gc_cont=0.391	GENOMAD.133618.CP	1.000E-09	63	0
1_4065 # 4840813 # 4841781 # 1 # ID=1_4065;partial=00;start_type=ATG;rbs_motif=AAAA;rbs_spacer=11bp;genetic_code=11;gc_cont=0.451	GENOMAD.151274.CP	1.523E-26	114	2561
1_4097 # 4892620 # 4892982 # 1 # ID=1_4097;partial=00;start_type=ATG;rbs_motif=None;rbs_spacer=None;genetic_code=11;gc_cont=0.529	GENOMAD.093413.PP	3.843E-04	41	0
1_4129 # 4929858 # 4930694 # -1 # ID=1_4129;partial=00;start_type=ATG;rbs_motif=TATAA;rbs_spacer=4bp;genetic_code=11;gc_cont=0.464	GENOMAD.003407.CC	8.883E-77	259	0
1_179 # 240889 # 242001 # -1 # ID=1_179;partial=00;start_type=ATG;rbs_motif=TAA;rbs_spacer=11bp;genetic_code=11;gc_cont=0.473	GENOMAD.058649.CP	6.838E-21	98	0
1_211 # 283526 # 285163 # -1 # ID=1_211;partial=00;start_type=ATG;rbs_motif=TATAA;rbs_spacer=4bp;genetic_code=11;gc_cont=0.428	GENOMAD.123514.CP	1.783E-32	137	2561
1_307 # 412793 # 413707 # 1 # ID=1_307;partial=00;start_type=ATG;rbs_motif=AAA;rbs_spacer=13bp;genetic_code=11;gc_cont=0.466	GENOMAD.115255.CP	7.924E-07	53	0
1_339 # 458936 # 459982 # 1 # ID=1_339;partial=00;start_type=ATG;rbs_motif=TAA;rbs_spacer=11bp;genetic_code=11;gc_cont=0.431	GENOMAD.008471.CC	2.301E-39	153	0
1_1830 # 2148143 # 2148712 # -1 # ID=1_1830;partial=00;start_type=ATG;rbs_motif=TAAA;rbs_spacer=11bp;genetic_code=11;gc_cont=0.440	GENOMAD.196877.VC	2.165E-22	97	2561
1_1862 # 2182383 # 2183336 # -1 # ID=1_1862;partial=00;start_type=ATG;rbs_motif=AATAA;rbs_spacer=3bp;genetic_code=11;gc_cont=0.378	GENOMAD.137271.CP	4.237E-07	54	0
1_1894 # 2216702 # 2217121 # -1 # ID=1_1894;partial=00;start_type=ATG;rbs_motif=TAA;rbs_spacer=15bp;genetic_code=11;gc_cont=0.383	GENOMAD.008432.CC	4.979E-36	134	0
1_1926 # 2255575 # 2256675 # -1 # ID=1_1926;partial=00;start_type=ATG;rbs_motif=TAAA;rbs_spacer=12bp;genetic_code=11;gc_cont=0.458	GENOMAD.128891.CP	1.040E-10	66	0
1_1958 # 2299168 # 2299938 # 1 # ID=1_1958;partial=00;start_type=ATG;rbs_motif=TAAAAA;rbs_spacer=9bp;genetic_code=11;gc_cont=0.471	GENOMAD.116415.CP	1.807E-35	138	0
1_1990 # 2333261 # 2333932 # 1 # ID=1_1990;partial=00;start_type=ATG;rbs_motif=AATAA;rbs_spacer=4bp;genetic_code=11;gc_cont=0.470	GENOMAD.036396.CC	8.753E-41	152	0
1_2022 # 2369278 # 2370075 # -1 # ID=1_2022;partial=00;start_type=GTG;rbs_motif=TAAAA;rbs_spacer=12bp;genetic_code=11;gc_cont=0.455	GENOMAD.125776.CP	6.133E-08	56	0
1_2086 # 2444968 # 2446281 # 1 # ID=1_2086;partial=00;start_type=ATG;rbs_motif=TAAA;rbs_spacer=11bp;genetic_code=11;gc_cont=0.438	GENOMAD.189983.VC	7.939E-07	54	2561
1_1147 # 1394582 # 1396165 # 1 # ID=1_1147;partial=00;start_type=ATG;rbs_motif=TAAAAA;rbs_spacer=10bp;genetic_code=11;gc_cont=0.444	GENOMAD.215491.VC	5.297E-07	55	0
1_1275 # 1539678 # 1540145 # 1 # ID=1_1275;partial=00;start_type=ATG;rbs_motif=AAAAA;rbs_spacer=5bp;genetic_code=11;gc_cont=0.338	GENOMAD.140723.CP	1.209E-14	73	0
3_31 # 43921 # 44604 # 1 # ID=3_31;partial=00;start_type=ATG;rbs_motif=TAA;rbs_spacer=11bp;genetic_code=11;gc_cont=0.428	GENOMAD.114424.CP	8.319E-115	366	0
1_35 # 43581 # 44264 # -1 # ID=1_35;partial=00;start_type=ATG;rbs_motif=AAAAA;rbs_spacer=12bp;genetic_code=11;gc_cont=0.417	GENOMAD.146269.CV	4.309E-70	237	0
1_67 # 90865 # 93615 # -1 # ID=1_67;partial=00;start_type=ATG;rbs_motif=AAA;rbs_spacer=8bp;genetic_code=11;gc_cont=0.437	GENOMAD.126163.CP	6.337E-32	138	0
1_99 # 129632 # 130852 # 1 # ID=1_99;partial=00;start_type=ATG;rbs_motif=TAA;rbs_spacer=6bp;genetic_code=11;gc_cont=0.342	GENOMAD.136493.CP	9.442E-44	168	0
1_131 # 175461 # 178220 # 1 # ID=1_131;partial=00;start_type=ATG;rbs_motif=TAAA;rbs_spacer=8bp;genetic_code=11;gc_cont=0.476	GENOMAD.130397.CP	3.732E-05	50	0
1_195 # 256332 # 257090 # 1 # ID=1_195;partial=00;start_type=ATG;rbs_motif=AAAA;rbs_spacer=14bp;genetic_code=11;gc_cont=0.458	GENOMAD.147411.CP	2.852E-59	207	2561
1_1404 # 1688123 # 1690195 # -1 # ID=1_1404;partial=00;start_type=ATG;rbs_motif=None;rbs_spacer=None;genetic_code=11;gc_cont=0.484	GENOMAD.168540.VV	1.040E-11	71	5797
1_1500 # 1794123 # 1796210 # -1 # ID=1_1500;partial=00;start_type=ATG;rbs_motif=TAA;rbs_spacer=13bp;genetic_code=11;gc_cont=0.454	GENOMAD.148232.CP	3.139E-13	76	0
1_1532 # 1833577 # 1834446 # -1 # ID=1_1532;partial=00;start_type=ATG;rbs_motif=TAAAAA;rbs_spacer=10bp;genetic_code=11;gc_cont=0.472	GENOMAD.111805.CP	1.293E-13	74	0
1_1564 # 1871233 # 1872621 # -1 # ID=1_1564;partial=00;start_type=ATG;rbs_motif=AAAAA;rbs_spacer=12bp;genetic_code=11;gc_cont=0.415	GENOMAD.159857.CP	5.925E-60	218	0
1_1628 # 1918386 # 1922444 # 1 # ID=1_1628;partial=00;start_type=ATG;rbs_motif=TAAAAA;rbs_spacer=7bp;genetic_code=11;gc_cont=0.550	GENOMAD.148376.VP	4.208E-124	436	2561
1_1692 # 1982076 # 1983548 # 1 # ID=1_1692;partial=00;start_type=ATG;rbs_motif=TAAAAA;rbs_spacer=11bp;genetic_code=11;gc_cont=0.487	GENOMAD.106579.CP	2.189E-97	329	0
1_4233 # 5040418 # 5041770 # -1 # ID=1_4233;partial=00;start_type=ATG;rbs_motif=TAA;rbs_spacer=12bp;genetic_code=11;gc_cont=0.593	GENOMAD.051243.PP	1.414E-05	50	0
1_4329 # 5157708 # 5158835 # 1 # ID=1_4329;partial=00;start_type=ATG;rbs_motif=TAAAAA;rbs_spacer=10bp;genetic_code=11;gc_cont=0.454	GENOMAD.153600.CP	3.665E-63	224	0
1_4361 # 5203276 # 5205495 # -1 # ID=1_4361;partial=00;start_type=ATG;rbs_motif=AAAAA;rbs_spacer=12bp;genetic_code=11;gc_cont=0.520	GENOMAD.178349.CP	1.564E-09	64	0
2_14 # 15209 # 15820 # -1 # ID=2_14;partial=00;start_type=ATG;rbs_motif=TAA;rbs_spacer=6bp;genetic_code=11;gc_cont=0.327	GENOMAD.080166.PP	5.184E-08	55	0
2_46 # 39760 # 40548 # -1 # ID=2_46;partial=00;start_type=ATG;rbs_motif=AATAA;rbs_spacer=4bp;genetic_code=11;gc_cont=0.374	GENOMAD.221263.CP	9.057E-05	46	0
3_6 # 10720 # 12366 # 1 # ID=3_6;partial=00;start_type=ATG;rbs_motif=TAA;rbs_spacer=11bp;genetic_code=11;gc_cont=0.491	GENOMAD.146304.CP	3.206E-81	284	0
1_247 # 339677 # 340543 # -1 # ID=1_247;partial=00;start_type=ATG;rbs_motif=AAAA;rbs_spacer=12bp;genetic_code=11;gc_cont=0.513	GENOMAD.121663.CP	1.425E-55	198	0
1_311 # 415414 # 416199 # -1 # ID=1_311;partial=00;start_type=ATG;rbs_motif=AATAA;rbs_spacer=9bp;genetic_code=11;gc_cont=0.444	GENOMAD.097849.CV	9.691E-36	139	2561
1_343 # 462849 # 463613 # 1 # ID=1_343;partial=00;start_type=ATG;rbs_motif=AAA;rbs_spacer=12bp;genetic_code=11;gc_cont=0.410	GENOMAD.007853.CC	5.923E-132	417	0
1_375 # 494478 # 495143 # 1 # ID=1_375;partial=00;start_type=ATG;rbs_motif=AAAA;rbs_spacer=12bp;genetic_code=11;gc_cont=0.452	GENOMAD.154379.CP	1.104E-36	140	0
1_439 # 570436 # 572355 # 1 # ID=1_439;partial=00;start_type=ATG;rbs_motif=TAAA;rbs_spacer=12bp;genetic_code=11;gc_cont=0.446	GENOMAD.147868.VC	8.083E-27	120	2561
1_471 # 613331 # 614881 # -1 # ID=1_471;partial=00;start_type=ATG;rbs_motif=TAA;rbs_spacer=15bp;genetic_code=11;gc_cont=0.518	GENOMAD.118322.CP	1.038E-06	54	1763
1_2034 # 2385079 # 2385669 # -1 # ID=1_2034;partial=00;start_type=ATG;rbs_motif=TAAA;rbs_spacer=12bp;genetic_code=11;gc_cont=0.394	GENOMAD.117353.CP	9.028E-47	168	0
1_2098 # 2454946 # 2455614 # 1 # ID=1_2098;partial=00;start_type=ATG;rbs_motif=TAA;rbs_spacer=11bp;genetic_code=11;gc_cont=0.444	GENOMAD.191975.PC	1.259E-04	45	0
1_2226 # 2592276 # 2593652 # -1 # ID=1_2226;partial=00;start_type=ATG;rbs_motif=AAAA;rbs_spacer=11bp;genetic_code=11;gc_cont=0.481	GENOMAD.141257.CP	6.027E-09	61	0
1_2290 # 2672535 # 2673659 # -1 # ID=1_2290;partial=00;start_type=ATG;rbs_motif=AATAA;rbs_spacer=10bp;genetic_code=11;gc_cont=0.443	GENOMAD.160379.CV	4.878E-131	421	0
1_2322 # 2707081 # 2707485 # -1 # ID=1_2322;partial=00;start_type=ATG;rbs_motif=AAAAA;rbs_spacer=10bp;genetic_code=11;gc_cont=0.407	GENOMAD.215973.CP	4.584E-51	177	0
1_3122 # 3682923 # 3683345 # -1 # ID=1_3122;partial=00;start_type=ATG;rbs_motif=AAGAA;rbs_spacer=7bp;genetic_code=11;gc_cont=0.423	GENOMAD.098173.CP	5.491E-27	108	0
1_3250 # 3839199 # 3841235 # 1 # ID=1_3250;partial=00;start_type=ATG;rbs_motif=AATAA;rbs_spacer=7bp;genetic_code=11;gc_cont=0.468	GENOMAD.176857.VC	1.538E-06	54	0
1_3282 # 3876754 # 3877746 # -1 # ID=1_3282;partial=00;start_type=ATG;rbs_motif=TAAAA;rbs_spacer=13bp;genetic_code=11;gc_cont=0.442	GENOMAD.117276.CV	4.609E-13	73	2561
1_3346 # 3954181 # 3955656 # -1 # ID=1_3346;partial=00;start_type=ATG;rbs_motif=TAAA;rbs_spacer=11bp;genetic_code=11;gc_cont=0.482	GENOMAD.132287.VV	4.741E-07	55	2561
1_209 # 280527 # 281963 # -1 # ID=1_209;partial=00;start_type=ATG;rbs_motif=TAA;rbs_spacer=11bp;genetic_code=11;gc_cont=0.434	GENOMAD.121700.CP	1.210E-132	431	0
1_337 # 455510 # 457648 # 1 # ID=1_337;partial=00;start_type=ATG;rbs_motif=TAAA;rbs_spacer=14bp;genetic_code=11;gc_cont=0.419	GENOMAD.002164.CC	0.000E+00	1257	0
1_369 # 488250 # 488903 # -1 # ID=1_369;partial=00;start_type=ATG;rbs_motif=TAAA;rbs_spacer=11bp;genetic_code=11;gc_cont=0.454	GENOMAD.124079.CP	7.667E-29	117	0
1_401 # 532999 # 533463 # -1 # ID=1_401;partial=00;start_type=ATG;rbs_motif=TAAA;rbs_spacer=9bp;genetic_code=11;gc_cont=0.385	GENOMAD.159571.CP	1.087E-15	76	0
1_433 # 563897 # 564688 # 1 # ID=1_433;partial=00;start_type=ATG;rbs_motif=TAA;rbs_spacer=11bp;genetic_code=11;gc_cont=0.393	GENOMAD.153730.CP	6.491E-30	122	0
1_2049 # 2407303 # 2408622 # 1 # ID=1_2049;partial=00;start_type=ATG;rbs_motif=AATAA;rbs_spacer=7bp;genetic_code=11;gc_cont=0.471	GENOMAD.129552.CP	5.593E-113	372	0
1_2177 # 2541100 # 2541411 # 1 # ID=1_2177;partial=00;start_type=ATG;rbs_motif=TAAA;rbs_spacer=12bp;genetic_code=11;gc_cont=0.535	GENOMAD.181167.VC	3.535E-47	164	0
1_2273 # 2656656 # 2657531 # -1 # ID=1_2273;partial=00;start_type=ATG;rbs_motif=TAAAAA;rbs_spacer=9bp;genetic_code=11;gc_cont=0.303	GENOMAD.109988.CP	9.856E-10	62	0
1_2305 # 2689767 # 2690804 # -1 # ID=1_2305;partial=00;start_type=ATG;rbs_motif=TAAA;rbs_spacer=12bp;genetic_code=11;gc_cont=0.437	GENOMAD.099160.CP	3.185E-04	45	0
1_3253 # 3844133 # 3847414 # -1 # ID=1_3253;partial=00;start_type=ATG;rbs_motif=AATAA;rbs_spacer=6bp;genetic_code=11;gc_cont=0.448	GENOMAD.120733.CP	2.632E-09	64	0
1_3285 # 3879216 # 3879677 # -1 # ID=1_3285;partial=00;start_type=GTG;rbs_motif=TAAAAA;rbs_spacer=11bp;genetic_code=11;gc_cont=0.403	GENOMAD.078681.CV	2.323E-42	153	2561
1_3317 # 3924139 # 3925380 # -1 # ID=1_3317;partial=00;start_type=ATG;rbs_motif=TAA;rbs_spacer=5bp;genetic_code=11;gc_cont=0.392	GENOMAD.031966.CC	3.718E-71	249	0
1_3349 # 3959345 # 3960073 # -1 # ID=1_3349;partial=00;start_type=GTG;rbs_motif=TAA;rbs_spacer=14bp;genetic_code=11;gc_cont=0.442	GENOMAD.130662.VV	1.029E-08	58	2561
1_3381 # 4003165 # 4004727 # 1 # ID=1_3381;partial=00;start_type=ATG;rbs_motif=TAAAAA;rbs_spacer=9bp;genetic_code=11;gc_cont=0.396	GENOMAD.212160.CP	3.986E-37	151	0
1_3413 # 4046556 # 4047041 # -1 # ID=1_3413;partial=00;start_type=ATG;rbs_motif=AATAA;rbs_spacer=3bp;genetic_code=11;gc_cont=0.409	GENOMAD.000035.CC	4.157E-48	170	0
1_701 # 864655 # 865902 # 1 # ID=1_701;partial=00;start_type=ATG;rbs_motif=TAA;rbs_spacer=10bp;genetic_code=11;gc_cont=0.476	GENOMAD.123414.CP	9.072E-144	460	0
1_733 # 906681 # 907595 # -1 # ID=1_733;partial=00;start_type=ATG;rbs_motif=TAAAAA;rbs_spacer=8bp;genetic_code=11;gc_cont=0.469	GENOMAD.211730.VP	9.590E-19	90	2561
1_3596 # 4242182 # 4243429 # -1 # ID=1_3596;partial=00;start_type=ATG;rbs_motif=AAA;rbs_spacer=11bp;genetic_code=11;gc_cont=0.386	GENOMAD.147027.CP	3.004E-06	52	0
1_3660 # 4342282 # 4342629 # 1 # ID=1_3660;partial=00;start_type=ATG;rbs_motif=None;rbs_spacer=None;genetic_code=11;gc_cont=0.572	GENOMAD.206917.CP	4.216E-59	199	0
1_3991 # 4734963 # 4735466 # 1 # ID=1_3991;partial=00;start_type=ATG;rbs_motif=None;rbs_spacer=None;genetic_code=11;gc_cont=0.415	GENOMAD.000762.CC	2.952E-88	286	0
1_4023 # 4778274 # 4779731 # -1 # ID=1_4023;partial=00;start_type=ATG;rbs_motif=TAA;rbs_spacer=3bp;genetic_code=11;gc_cont=0.458	GENOMAD.090126.CP	1.133E-11	70	2561
1_1170 # 1423248 # 1423490 # 1 # ID=1_1170;partial=00;start_type=ATG;rbs_motif=AAAAA;rbs_spacer=10bp;genetic_code=11;gc_cont=0.453	GENOMAD.224564.VC	7.974E-36	130	2561
1_1234 # 1494857 # 1497073 # 1 # ID=1_1234;partial=00;start_type=ATG;rbs_motif=AAA;rbs_spacer=12bp;genetic_code=11;gc_cont=0.487	GENOMAD.121280.CP	3.080E-167	544	0
1_1298 # 1573076 # 1574215 # 1 # ID=1_1298;partial=00;start_type=ATG;rbs_motif=TAA;rbs_spacer=10bp;genetic_code=11;gc_cont=0.409	GENOMAD.168274.VV	2.167E-05	49	0
1_1362 # 1643830 # 1644504 # 1 # ID=1_1362;partial=00;start_type=ATG;rbs_motif=TAAAAA;rbs_spacer=9bp;genetic_code=11;gc_cont=0.415	GENOMAD.124379.CP	2.266E-27	113	0
1_2427 # 2832661 # 2833575 # 1 # ID=1_2427;partial=00;start_type=ATG;rbs_motif=TAAAAA;rbs_spacer=9bp;genetic_code=11;gc_cont=0.464	GENOMAD.003333.CC	2.161E-124	398	0
1_2491 # 2932565 # 2934433 # -1 # ID=1_2491;partial=00;start_type=ATG;rbs_motif=TAAAAA;rbs_spacer=12bp;genetic_code=11;gc_cont=0.500	GENOMAD.168257.PC	2.447E-09	63	0
1_2027 # 2376241 # 2377902 # -1 # ID=1_2027;partial=00;start_type=ATG;rbs_motif=TAAA;rbs_spacer=7bp;genetic_code=11;gc_cont=0.449	GENOMAD.103298.CP	2.158E-93	320	0
1_2091 # 2450132 # 2451040 # 1 # ID=1_2091;partial=00;start_type=ATG;rbs_motif=TAAA;rbs_spacer=12bp;genetic_code=11;gc_cont=0.385	GENOMAD.137533.CP	5.315E-10	63	0
1_2155 # 2515806 # 2516810 # -1 # ID=1_2155;partial=00;start_type=ATG;rbs_motif=None;rbs_spacer=None;genetic_code=11;gc_cont=0.460	GENOMAD.104575.CP	1.862E-33	135	2561
1_2219 # 2581085 # 2583904 # -1 # ID=1_2219;partial=00;start_type=ATG;rbs_motif=TAA;rbs_spacer=14bp;genetic_code=11;gc_cont=0.452	GENOMAD.183602.PC	1.323E-75	278	0
1_4123 # 4922906 # 4924147 # 1 # ID=1_4123;partial=00;start_type=ATG;rbs_motif=TAAA;rbs_spacer=9bp;genetic_code=11;gc_cont=0.476	GENOMAD.121000.CP	5.575E-89	301	0
1_4283 # 5097285 # 5098490 # -1 # ID=1_4283;partial=00;start_type=ATG;rbs_motif=TAAAAA;rbs_spacer=10bp;genetic_code=11;gc_cont=0.459	GENOMAD.105717.CP	7.699E-18	89	2561
1_4315 # 5140090 # 5140722 # -1 # ID=1_4315;partial=00;start_type=ATG;rbs_motif=TAAA;rbs_spacer=12bp;genetic_code=11;gc_cont=0.442	GENOMAD.142613.CP	5.714E-85	279	0
1_2324 # 2708448 # 2709458 # 1 # ID=1_2324;partial=00;start_type=ATG;rbs_motif=TAA;rbs_spacer=15bp;genetic_code=11;gc_cont=0.471	GENOMAD.171064.CV	2.982E-189	587	2561
1_2388 # 2785553 # 2788471 # 1 # ID=1_2388;partial=00;start_type=ATG;rbs_motif=None;rbs_spacer=None;genetic_code=11;gc_cont=0.497	GENOMAD.125999.CP	1.498E-07	58	0
1_2420 # 2826919 # 2827710 # -1 # ID=1_2420;partial=00;start_type=ATG;rbs_motif=None;rbs_spacer=None;genetic_code=11;gc_cont=0.467	GENOMAD.146109.CP	4.001E-50	181	0
1_295 # 395813 # 396448 # -1 # ID=1_295;partial=00;start_type=ATG;rbs_motif=None;rbs_spacer=None;genetic_code=11;gc_cont=0.440	GENOMAD.024385.CC	8.254E-36	137	0
1_327 # 441651 # 442097 # -1 # ID=1_327;partial=00;start_type=ATG;rbs_motif=TAAAAA;rbs_spacer=12bp;genetic_code=11;gc_cont=0.391	GENOMAD.219622.VC	5.025E-40	146	0
1_359 # 477203 # 478423 # 1 # ID=1_359;partial=00;start_type=ATG;rbs_motif=AAAA;rbs_spacer=11bp;genetic_code=11;gc_cont=0.286	GENOMAD.213817.CV	1.162E-14	79	0
1_391 # 513907 # 516765 # -1 # ID=1_391;partial=00;start_type=ATG;rbs_motif=TAAA;rbs_spacer=8bp;genetic_code=11;gc_cont=0.460	GENOMAD.004749.CC	1.115E-157	525	0
1_3440 # 4059493 # 4059783 # -1 # ID=1_3440;partial=00;start_type=ATG;rbs_motif=TAAAAA;rbs_spacer=13bp;genetic_code=11;gc_cont=0.347	GENOMAD.063357.CV	1.252E-46	162	0
1_3472 # 4096378 # 4097538 # -1 # ID=1_3472;partial=00;start_type=ATG;rbs_motif=TAA;rbs_spacer=10bp;genetic_code=11;gc_cont=0.452	GENOMAD.141957.CP	5.912E-61	218	0
1_1392 # 1675173 # 1675625 # 1 # ID=1_1392;partial=00;start_type=ATG;rbs_motif=TAA;rbs_spacer=11bp;genetic_code=11;gc_cont=0.413	GENOMAD.197009.PC	1.160E-31	122	2561
1_1424 # 1710274 # 1710690 # -1 # ID=1_1424;partial=00;start_type=ATG;rbs_motif=TAAA;rbs_spacer=9bp;genetic_code=11;gc_cont=0.388	GENOMAD.190792.VP	1.630E-22	95	2561
1_1456 # 1741000 # 1741293 # -1 # ID=1_1456;partial=00;start_type=ATG;rbs_motif=TAAA;rbs_spacer=12bp;genetic_code=11;gc_cont=0.395	GENOMAD.096706.VV	4.093E-04	40	2561
1_1520 # 1820613 # 1821281 # 1 # ID=1_1520;partial=00;start_type=ATG;rbs_motif=AAA;rbs_spacer=11bp;genetic_code=11;gc_cont=0.362	GENOMAD.112814.CP	7.429E-32	126	0
1_1552 # 1858444 # 1859490 # 1 # ID=1_1552;partial=00;start_type=ATG;rbs_motif=TAAAAA;rbs_spacer=7bp;genetic_code=11;gc_cont=0.393	GENOMAD.015824.CC	2.227E-40	156	0
1_1584 # 1891519 # 1891953 # -1 # ID=1_1584;partial=00;start_type=ATG;rbs_motif=TATAA;rbs_spacer=3bp;genetic_code=11;gc_cont=0.349	GENOMAD.147273.VC	1.360E-60	205	2561
1_417 # 548820 # 549146 # 1 # ID=1_417;partial=00;start_type=ATG;rbs_motif=TAAAAA;rbs_spacer=12bp;genetic_code=11;gc_cont=0.361	GENOMAD.132394.CP	2.455E-05	44	0
1_449 # 580125 # 581381 # 1 # ID=1_449;partial=00;start_type=ATG;rbs_motif=AAGAA;rbs_spacer=13bp;genetic_code=11;gc_cont=0.391	GENOMAD.176638.VV	5.184E-05	48	3032
1_481 # 625614 # 625934 # 1 # ID=1_481;partial=00;start_type=ATG;rbs_motif=TAAAAA;rbs_spacer=9bp;genetic_code=11;gc_cont=0.287	GENOMAD.145687.PP	4.994E-45	158	0
1_225 # 310475 # 311587 # 1 # ID=1_225;partial=00;start_type=ATG;rbs_motif=AAA;rbs_spacer=14bp;genetic_code=11;gc_cont=0.447	GENOMAD.095931.CV	2.048E-30	127	0
1_289 # 389507 # 391060 # -1 # ID=1_289;partial=00;start_type=ATG;rbs_motif=TAAA;rbs_spacer=12bp;genetic_code=11;gc_cont=0.421	GENOMAD.034416.CC	2.905E-33	139	0
1_1134 # 1385317 # 1385658 # 1 # ID=1_1134;partial=00;start_type=ATG;rbs_motif=TAA;rbs_spacer=6bp;genetic_code=11;gc_cont=0.474	GENOMAD.124491.PP	2.093E-49	171	0
1_205 # 271990 # 275283 # -1 # ID=1_205;partial=00;start_type=ATG;rbs_motif=TAAAA;rbs_spacer=4bp;genetic_code=11;gc_cont=0.496	GENOMAD.012360.CC	1.553E-117	410	0
1_237 # 323434 # 325485 # -1 # ID=1_237;partial=00;start_type=ATG;rbs_motif=TAA;rbs_spacer=15bp;genetic_code=11;gc_cont=0.451	GENOMAD.126246.CP	2.512E-12	73	0
1_269 # 365776 # 367164 # 1 # ID=1_269;partial=00;start_type=ATG;rbs_motif=TAAA;rbs_spacer=11bp;genetic_code=11;gc_cont=0.418	GENOMAD.001938.CC	8.092E-140	451	0
1_301 # 404795 # 406984 # -1 # ID=1_301;partial=00;start_type=ATG;rbs_motif=TAAAAA;rbs_spacer=10bp;genetic_code=11;gc_cont=0.492	GENOMAD.120657.CP	3.775E-10	66	2561
1_333 # 450863 # 452137 # 1 # ID=1_333;partial=00;start_type=ATG;rbs_motif=TAAA;rbs_spacer=8bp;genetic_code=11;gc_cont=0.416	GENOMAD.003251.CC	5.343E-106	351	0
1_397 # 529200 # 531089 # 1 # ID=1_397;partial=00;start_type=ATG;rbs_motif=TAAA;rbs_spacer=12bp;genetic_code=11;gc_cont=0.399	GENOMAD.171612.PC	7.875E-32	136	2561
1_1453 # 1734010 # 1737258 # 1 # ID=1_1453;partial=00;start_type=ATG;rbs_motif=TAA;rbs_spacer=11bp;genetic_code=11;gc_cont=0.365	GENOMAD.206950.CP	1.049E-08	62	0
1_3594 # 4240623 # 4241825 # -1 # ID=1_3594;partial=00;start_type=ATG;rbs_motif=TAA;rbs_spacer=11bp;genetic_code=11;gc_cont=0.367	GENOMAD.031966.CC	3.291E-17	87	0
1_3626 # 4296362 # 4299622 # 1 # ID=1_3626;partial=00;start_type=ATG;rbs_motif=AACAA;rbs_spacer=8bp;genetic_code=11;gc_cont=0.471	GENOMAD.193966.CP	3.451E-07	57	0
1_3754 # 4451611 # 4453218 # 1 # ID=1_3754;partial=00;start_type=ATG;rbs_motif=TAA;rbs_spacer=11bp;genetic_code=11;gc_cont=0.455	GENOMAD.222136.CP	4.752E-14	78	0
1_2548 # 3011090 # 3012247 # -1 # ID=1_2548;partial=00;start_type=ATG;rbs_motif=AACAA;rbs_spacer=8bp;genetic_code=11;gc_cont=0.383	GENOMAD.193703.CP	4.266E-09	61	0
1_2612 # 3089548 # 3090303 # -1 # ID=1_2612;partial=00;start_type=ATG;rbs_motif=TAAAAA;rbs_spacer=11bp;genetic_code=11;gc_cont=0.484	GENOMAD.151178.CP	1.364E-11	67	0
1_399 # 532107 # 532835 # -1 # ID=1_399;partial=00;start_type=ATG;rbs_motif=TAA;rbs_spacer=11bp;genetic_code=11;gc_cont=0.412	GENOMAD.160869.CP	2.543E-18	87	0
1_431 # 561234 # 562427 # -1 # ID=1_431;partial=00;start_type=ATG;rbs_motif=TAAAA;rbs_spacer=15bp;genetic_code=11;gc_cont=0.440	GENOMAD.134039.CV	7.195E-12	70	0
1_527 # 681201 # 682205 # 1 # ID=1_527;partial=00;start_type=ATG;rbs_motif=TAAAAA;rbs_spacer=9bp;genetic_code=11;gc_cont=0.441	GENOMAD.191031.VC	2.008E-50	185	12031
1_3770 # 4475433 # 4476125 # 1 # ID=1_3770;partial=00;start_type=ATG;rbs_motif=TAAA;rbs_spacer=11bp;genetic_code=11;gc_cont=0.476	GENOMAD.001096.CC	5.209E-87	286	0
1_3834 # 4553478 # 4554248 # 1 # ID=1_3834;partial=00;start_type=ATG;rbs_motif=TAAA;rbs_spacer=14bp;genetic_code=11;gc_cont=0.374	GENOMAD.182846.CV	5.936E-09	59	0
1_189 # 249033 # 250046 # -1 # ID=1_189;partial=00;start_type=ATG;rbs_motif=TAAA;rbs_spacer=8bp;genetic_code=11;gc_cont=0.433	GENOMAD.160303.VC	6.424E-09	60	2561
1_221 # 305638 # 307416 # 1 # ID=1_221;partial=00;start_type=ATG;rbs_motif=TAAAAA;rbs_spacer=12bp;genetic_code=11;gc_cont=0.412	GENOMAD.130226.CP	2.034E-16	86	2561
1_1153 # 1400130 # 1401071 # 1 # ID=1_1153;partial=00;start_type=ATG;rbs_motif=AAAA;rbs_spacer=15bp;genetic_code=11;gc_cont=0.480	GENOMAD.209453.VV	1.598E-66	231	2561
1_1185 # 1437832 # 1438113 # -1 # ID=1_1185;partial=00;start_type=ATG;rbs_motif=TATAA;rbs_spacer=4bp;genetic_code=11;gc_cont=0.337	GENOMAD.211682.PC	5.374E-46	160	0
1_1217 # 1477012 # 1477644 # 1 # ID=1_1217;partial=00;start_type=ATG;rbs_motif=None;rbs_spacer=None;genetic_code=11;gc_cont=0.474	GENOMAD.113368.CP	5.591E-16	79	0
1_1249 # 1513721 # 1514326 # -1 # ID=1_1249;partial=00;start_type=ATG;rbs_motif=TAAAAA;rbs_spacer=12bp;genetic_code=11;gc_cont=0.441	GENOMAD.090247.CV	2.306E-27	112	2561
1_1345 # 1623767 # 1624933 # 1 # ID=1_1345;partial=00;start_type=ATG;rbs_motif=TAA;rbs_spacer=11bp;genetic_code=11;gc_cont=0.461	GENOMAD.146736.CP	2.860E-11	68	0
1_462 # 600020 # 602557 # -1 # ID=1_462;partial=00;start_type=ATG;rbs_motif=TAA;rbs_spacer=12bp;genetic_code=11;gc_cont=0.459	GENOMAD.177959.CP	3.366E-05	50	2561
1_526 # 679529 # 681196 # 1 # ID=1_526;partial=00;start_type=ATG;rbs_motif=TAA;rbs_spacer=12bp;genetic_code=11;gc_cont=0.456	GENOMAD.123420.CP	1.590E-38	156	0
1_3017 # 3563285 # 3563629 # -1 # ID=1_3017;partial=00;start_type=ATG;rbs_motif=TAA;rbs_spacer=11bp;genetic_code=11;gc_cont=0.386	GENOMAD.003363.CC	1.458E-04	42	0
1_3049 # 3596547 # 3597326 # 1 # ID=1_3049;partial=00;start_type=ATG;rbs_motif=AAA;rbs_spacer=5bp;genetic_code=11;gc_cont=0.447	GENOMAD.151178.CP	3.299E-11	66	0
1_3209 # 3795215 # 3797506 # -1 # ID=1_3209;partial=00;start_type=ATG;rbs_motif=TAAAA;rbs_spacer=12bp;genetic_code=11;gc_cont=0.466	GENOMAD.038124.VV	3.424E-96	336	2561
1_1530 # 1832433 # 1832642 # -1 # ID=1_1530;partial=00;start_type=ATG;rbs_motif=AATAA;rbs_spacer=6bp;genetic_code=11;gc_cont=0.386	GENOMAD.191784.PC	4.077E-15	70	0
1_1562 # 1868715 # 1869926 # -1 # ID=1_1562;partial=00;start_type=ATG;rbs_motif=None;rbs_spacer=None;genetic_code=11;gc_cont=0.417	GENOMAD.170267.CP	2.694E-10	65	0
1_1911 # 2238990 # 2240759 # 1 # ID=1_1911;partial=00;start_type=ATG;rbs_motif=AATAA;rbs_spacer=4bp;genetic_code=11;gc_cont=0.420	GENOMAD.005860.CC	2.551E-26	118	0
1_1943 # 2282958 # 2284190 # 1 # ID=1_1943;partial=00;start_type=ATG;rbs_motif=TAAA;rbs_spacer=11bp;genetic_code=11;gc_cont=0.504	GENOMAD.099160.CP	3.003E-96	322	0
1_1975 # 2316240 # 2318543 # -1 # ID=1_1975;partial=00;start_type=ATG;rbs_motif=AAA;rbs_spacer=5bp;genetic_code=11;gc_cont=0.497	GENOMAD.133434.CP	5.471E-08	59	0
1_2071 # 2430572 # 2430820 # 1 # ID=1_2071;partial=00;start_type=ATG;rbs_motif=TAA;rbs_spacer=8bp;genetic_code=11;gc_cont=0.522	GENOMAD.178883.VC	9.307E-06	44	2561
1_2103 # 2459435 # 2460754 # 1 # ID=1_2103;partial=00;start_type=ATG;rbs_motif=AATAA;rbs_spacer=9bp;genetic_code=11;gc_cont=0.432	GENOMAD.118764.CP	2.232E-67	239	0
1_840 # 1033235 # 1034221 # -1 # ID=1_840;partial=00;start_type=ATG;rbs_motif=TAAAAA;rbs_spacer=4bp;genetic_code=11;gc_cont=0.463	GENOMAD.152320.CP	9.397E-07	53	0
1_904 # 1104962 # 1108249 # 1 # ID=1_904;partial=00;start_type=ATG;rbs_motif=AAAAA;rbs_spacer=9bp;genetic_code=11;gc_cont=0.375	GENOMAD.126007.CP	3.486E-07	57	0
1_794 # 972357 # 973355 # -1 # ID=1_794;partial=00;start_type=ATG;rbs_motif=None;rbs_spacer=None;genetic_code=11;gc_cont=0.459	GENOMAD.121642.CP	2.244E-71	246	0
1_826 # 1016897 # 1018246 # 1 # ID=1_826;partial=00;start_type=ATG;rbs_motif=TAAAAA;rbs_spacer=10bp;genetic_code=11;gc_cont=0.441	GENOMAD.123132.CP	1.965E-11	69	0
1_890 # 1087743 # 1088327 # -1 # ID=1_890;partial=00;start_type=ATG;rbs_motif=TAA;rbs_spacer=3bp;genetic_code=11;gc_cont=0.431	GENOMAD.071599.CP	3.073E-19	88	0
1_922 # 1145026 # 1147350 # 1 # ID=1_922;partial=00;start_type=ATG;rbs_motif=AATAA;rbs_spacer=5bp;genetic_code=11;gc_cont=0.420	GENOMAD.140646.CP	1.303E-22	107	0
1_954 # 1189265 # 1190914 # 1 # ID=1_954;partial=00;start_type=ATG;rbs_motif=TAAA;rbs_spacer=12bp;genetic_code=11;gc_cont=0.437	GENOMAD.219289.VC	6.812E-08	58	0
1_3914 # 4642389 # 4642916 # 1 # ID=1_3914;partial=00;start_type=ATG;rbs_motif=TAAAAA;rbs_spacer=6bp;genetic_code=11;gc_cont=0.451	GENOMAD.209363.CP	2.874E-08	55	0
1_1930 # 2260637 # 2261797 # -1 # ID=1_1930;partial=00;start_type=ATG;rbs_motif=TAAA;rbs_spacer=11bp;genetic_code=11;gc_cont=0.412	GENOMAD.141957.CP	7.875E-20	95	0
1_1994 # 2341193 # 2341795 # 1 # ID=1_1994;partial=00;start_type=ATG;rbs_motif=TAAA;rbs_spacer=11bp;genetic_code=11;gc_cont=0.507	GENOMAD.159175.CP	2.276E-37	141	0
1_2026 # 2373643 # 2376207 # -1 # ID=1_2026;partial=00;start_type=ATG;rbs_motif=TAA;rbs_spacer=11bp;genetic_code=11;gc_cont=0.456	GENOMAD.118399.CP	2.190E-31	136	0
1_2122 # 2478460 # 2479254 # -1 # ID=1_2122;partial=00;start_type=ATG;rbs_motif=TAAAAA;rbs_spacer=11bp;genetic_code=11;gc_cont=0.440	GENOMAD.210341.VP	3.562E-11	66	2561
1_2154 # 2515046 # 2515804 # -1 # ID=1_2154;partial=00;start_type=ATG;rbs_motif=None;rbs_spacer=None;genetic_code=11;gc_cont=0.469	GENOMAD.123176.CP	1.496E-14	76	0
1_2186 # 2549107 # 2549697 # -1 # ID=1_2186;partial=00;start_type=ATG;rbs_motif=TAAA;rbs_spacer=14bp;genetic_code=11;gc_cont=0.467	GENOMAD.107271.CP	5.287E-44	160	0
1_467 # 609466 # 610989 # 1 # ID=1_467;partial=00;start_type=ATG;rbs_motif=TAAAAA;rbs_spacer=8bp;genetic_code=11;gc_cont=0.445	GENOMAD.142099.CP	6.264E-21	100	0
1_531 # 685292 # 686149 # 1 # ID=1_531;partial=00;start_type=ATG;rbs_motif=TATAA;rbs_spacer=4bp;genetic_code=11;gc_cont=0.443	GENOMAD.019099.CC	4.600E-04	44	0
1_627 # 778372 # 779547 # -1 # ID=1_627;partial=00;start_type=ATG;rbs_motif=TAA;rbs_spacer=9bp;genetic_code=11;gc_cont=0.464	GENOMAD.151340.CP	7.680E-08	57	0
1_659 # 820668 # 821402 # -1 # ID=1_659;partial=00;start_type=ATG;rbs_motif=TAAAAA;rbs_spacer=7bp;genetic_code=11;gc_cont=0.488	GENOMAD.179585.CP	1.868E-105	340	0
1_1443 # 1724451 # 1725371 # 1 # ID=1_1443;partial=00;start_type=ATG;rbs_motif=TAAA;rbs_spacer=11bp;genetic_code=11;gc_cont=0.393	GENOMAD.136125.PP	1.770E-35	140	0
1_1507 # 1805137 # 1805505 # 1 # ID=1_1507;partial=00;start_type=ATG;rbs_motif=TAA;rbs_spacer=11bp;genetic_code=11;gc_cont=0.458	GENOMAD.108390.CV	7.180E-57	193	0
1_1699 # 1997057 # 1999390 # 1 # ID=1_1699;partial=00;start_type=ATG;rbs_motif=None;rbs_spacer=None;genetic_code=11;gc_cont=0.401	GENOMAD.126028.CP	8.266E-17	88	2561
1_1593 # 1896045 # 1896389 # 1 # ID=1_1593;partial=00;start_type=ATG;rbs_motif=TAAA;rbs_spacer=11bp;genetic_code=11;gc_cont=0.481	GENOMAD.081521.VV	1.996E-26	105	2561
1_1625 # 1917012 # 1917407 # 1 # ID=1_1625;partial=00;start_type=ATG;rbs_motif=TAA;rbs_spacer=12bp;genetic_code=11;gc_cont=0.551	GENOMAD.074854.VV	1.734E-09	57	2561
1_1721 # 2022250 # 2023269 # 1 # ID=1_1721;partial=00;start_type=ATG;rbs_motif=None;rbs_spacer=None;genetic_code=11;gc_cont=0.381	GENOMAD.113249.CV	4.284E-36	143	0
1_1753 # 2059418 # 2060437 # -1 # ID=1_1753;partial=00;start_type=ATG;rbs_motif=TAAA;rbs_spacer=13bp;genetic_code=11;gc_cont=0.441	GENOMAD.089091.CV	1.166E-07	56	2561
1_1785 # 2099811 # 2101283 # 1 # ID=1_1785;partial=00;start_type=ATG;rbs_motif=None;rbs_spacer=None;genetic_code=11;gc_cont=0.498	GENOMAD.191067.PC	1.445E-51	194	0
1_3719 # 4404396 # 4405478 # 1 # ID=1_3719;partial=00;start_type=ATG;rbs_motif=TAAA;rbs_spacer=9bp;genetic_code=11;gc_cont=0.405	GENOMAD.210284.CP	2.679E-93	311	0
1_3815 # 4529980 # 4531662 # -1 # ID=1_3815;partial=00;start_type=ATG;rbs_motif=TAA;rbs_spacer=12bp;genetic_code=11;gc_cont=0.436	GENOMAD.130158.CP	1.787E-12	73	0
1_3847 # 4564237 # 4564470 # 1 # ID=1_3847;partial=00;start_type=ATG;rbs_motif=TAA;rbs_spacer=12bp;genetic_code=11;gc_cont=0.415	GENOMAD.006032.CC	6.676E-14	67	0
1_3879 # 4599042 # 4601117 # -1 # ID=1_3879;partial=00;start_type=ATG;rbs_motif=TAA;rbs_spacer=11bp;genetic_code=11;gc_cont=0.525	GENOMAD.124454.CP	4.613E-59	222	2561
1_3975 # 4715613 # 4716392 # -1 # ID=1_3975;partial=00;start_type=ATG;rbs_motif=AATAA;rbs_spacer=10bp;genetic_code=11;gc_cont=0.382	GENOMAD.126286.CP	1.393E-09	61	0
1_1380 # 1662804 # 1663538 # -1 # ID=1_1380;partial=00;start_type=ATG;rbs_motif=TAA;rbs_spacer=3bp;genetic_code=11;gc_cont=0.355	GENOMAD.211179.VC	9.935E-08	55	0
1_1444 # 1725368 # 1725769 # 1 # ID=1_1444;partial=00;start_type=ATG;rbs_motif=AAA;rbs_spacer=11bp;genetic_code=11;gc_cont=0.413	GENOMAD.222178.PV	1.130E-73	242	0
1_1476 # 1765795 # 1766496 # -1 # ID=1_1476;partial=00;start_type=ATG;rbs_motif=AAAAA;rbs_spacer=7bp;genetic_code=11;gc_cont=0.403	GENOMAD.128816.CP	1.559E-05	48	0
1_1508 # 1805535 # 1806293 # 1 # ID=1_1508;partial=00;start_type=ATG;rbs_motif=TAA;rbs_spacer=11bp;genetic_code=11;gc_cont=0.426	GENOMAD.223887.VP	1.012E-06	52	2561
1_1540 # 1843779 # 1844987 # -1 # ID=1_1540;partial=00;start_type=ATG;rbs_motif=AACAA;rbs_spacer=11bp;genetic_code=11;gc_cont=0.470	GENOMAD.154039.CP	1.763E-12	72	0
1_1572 # 1880543 # 1881766 # -1 # ID=1_1572;partial=00;start_type=ATG;rbs_motif=AACAA;rbs_spacer=6bp;genetic_code=11;gc_cont=0.435	GENOMAD.124205.CP	1.330E-57	209	0
1_1604 # 1899867 # 1900100 # 1 # ID=1_1604;partial=00;start_type=ATG;rbs_motif=TAA;rbs_spacer=11bp;genetic_code=11;gc_cont=0.402	GENOMAD.212448.VV	4.275E-04	39	2561
1_472 # 614950 # 615516 # -1 # ID=1_472;partial=00;start_type=ATG;rbs_motif=TAAA;rbs_spacer=12bp;genetic_code=11;gc_cont=0.473	GENOMAD.126033.CP	3.775E-06	49	0
1_536 # 693569 # 695113 # 1 # ID=1_536;partial=00;start_type=ATG;rbs_motif=TAAA;rbs_spacer=11bp;genetic_code=11;gc_cont=0.471	GENOMAD.141002.CP	1.477E-104	351	0
1_664 # 824194 # 824901 # -1 # ID=1_664;partial=00;start_type=ATG;rbs_motif=TAA;rbs_spacer=11bp;genetic_code=11;gc_cont=0.531	GENOMAD.183378.CP	1.596E-05	48	0
1_27 # 32357 # 33937 # 1 # ID=1_27;partial=00;start_type=ATG;rbs_motif=TAA;rbs_spacer=11bp;genetic_code=11;gc_cont=0.450	GENOMAD.027134.CC	6.395E-194	611	0
1_123 # 163576 # 164769 # 1 # ID=1_123;partial=00;start_type=ATG;rbs_motif=AAA;rbs_spacer=10bp;genetic_code=11;gc_cont=0.496	GENOMAD.212587.CP	1.152E-05	50	0
1_155 # 206834 # 210019 # -1 # ID=1_155;partial=00;start_type=ATG;rbs_motif=TAA;rbs_spacer=11bp;genetic_code=11;gc_cont=0.424	GENOMAD.126007.CP	2.058E-08	61	0
1_1608 # 1902004 # 1902495 # 1 # ID=1_1608;partial=00;start_type=ATG;rbs_motif=TAAAAA;rbs_spacer=12bp;genetic_code=11;gc_cont=0.514	GENOMAD.059892.VV	6.747E-26	106	2561
1_1672 # 1968580 # 1969227 # -1 # ID=1_1672;partial=00;start_type=ATG;rbs_motif=TAAA;rbs_spacer=12bp;genetic_code=11;gc_cont=0.404	GENOMAD.118735.CP	3.156E-12	68	0
1_1736 # 2043927 # 2044211 # -1 # ID=1_1736;partial=00;start_type=ATG;rbs_motif=TAA;rbs_spacer=11bp;genetic_code=11;gc_cont=0.393	GENOMAD.033136.CC	2.640E-30	115	0
1_1254 # 1518236 # 1518853 # 1 # ID=1_1254;partial=00;start_type=ATG;rbs_motif=None;rbs_spacer=None;genetic_code=11;gc_cont=0.440	GENOMAD.000052.CC	1.194E-47	171	2561
1_1318 # 1586983 # 1587765 # 1 # ID=1_1318;partial=00;start_type=ATG;rbs_motif=None;rbs_spacer=None;genetic_code=11;gc_cont=0.448	GENOMAD.140912.CP	5.293E-07	53	0
1_1350 # 1628899 # 1629156 # 1 # ID=1_1350;partial=00;start_type=ATG;rbs_motif=TAA;rbs_spacer=11bp;genetic_code=11;gc_cont=0.450	GENOMAD.001872.CC	5.878E-04	39	0
1_1446 # 1727293 # 1728609 # -1 # ID=1_1446;partial=00;start_type=ATG;rbs_motif=TAAA;rbs_spacer=12bp;genetic_code=11;gc_cont=0.388	GENOMAD.057710.VV	2.971E-14	78	2561
1_3455 # 4076931 # 4077443 # -1 # ID=1_3455;partial=00;start_type=ATG;rbs_motif=TAAA;rbs_spacer=11bp;genetic_code=11;gc_cont=0.413	GENOMAD.081037.CV	5.771E-31	121	0
1_3583 # 4228401 # 4229750 # 1 # ID=1_3583;partial=00;start_type=ATG;rbs_motif=TAA;rbs_spacer=10bp;genetic_code=11;gc_cont=0.364	GENOMAD.218614.PC	1.574E-27	120	0
1_3615 # 4270370 # 4271977 # 1 # ID=1_3615;partial=00;start_type=ATG;rbs_motif=TAA;rbs_spacer=11bp;genetic_code=11;gc_cont=0.434	GENOMAD.181794.CP	7.497E-05	48	0
1_3711 # 4394392 # 4394880 # -1 # ID=1_3711;partial=00;start_type=ATG;rbs_motif=TAAA;rbs_spacer=14bp;genetic_code=11;gc_cont=0.440	GENOMAD.214772.VC	3.099E-60	205	0
1_331 # 448391 # 449596 # -1 # ID=1_331;partial=00;start_type=TTG;rbs_motif=AAA;rbs_spacer=10bp;genetic_code=11;gc_cont=0.467	GENOMAD.137314.CP	2.494E-124	403	0
1_427 # 558703 # 559218 # -1 # ID=1_427;partial=00;start_type=ATG;rbs_motif=AAAAA;rbs_spacer=7bp;genetic_code=11;gc_cont=0.428	GENOMAD.077868.VV	2.657E-04	43	2561
1_523 # 675406 # 676980 # 1 # ID=1_523;partial=00;start_type=ATG;rbs_motif=None;rbs_spacer=None;genetic_code=11;gc_cont=0.452	GENOMAD.123902.CP	3.020E-60	221	2561
1_4061 # 4832796 # 4835276 # 1 # ID=1_4061;partial=00;start_type=ATG;rbs_motif=AAAAA;rbs_spacer=12bp;genetic_code=11;gc_cont=0.472	GENOMAD.016274.CC	5.600E-217	693	0
1_4093 # 4885057 # 4887357 # -1 # ID=1_4093;partial=00;start_type=ATG;rbs_motif=TAA;rbs_spacer=12bp;genetic_code=11;gc_cont=0.514	GENOMAD.121860.CP	2.579E-22	106	2561
1_4125 # 4924968 # 4926233 # 1 # ID=1_4125;partial=00;start_type=ATG;rbs_motif=TAA;rbs_spacer=14bp;genetic_code=11;gc_cont=0.461	GENOMAD.009841.CC	2.925E-132	427	0
1_4157 # 4972969 # 4973733 # 1 # ID=1_4157;partial=00;start_type=GTG;rbs_motif=TAA;rbs_spacer=11bp;genetic_code=11;gc_cont=0.442	GENOMAD.120713.CP	1.908E-33	132	0
1_524 # 677174 # 678406 # 1 # ID=1_524;partial=00;start_type=ATG;rbs_motif=AACAA;rbs_spacer=12bp;genetic_code=11;gc_cont=0.464	GENOMAD.147086.CP	2.163E-19	94	0
1_716 # 882259 # 883557 # 1 # ID=1_716;partial=00;start_type=ATG;rbs_motif=TAAAAA;rbs_spacer=7bp;genetic_code=11;gc_cont=0.477	GENOMAD.148108.CP	3.131E-10	65	0
1_748 # 919611 # 920627 # 1 # ID=1_748;partial=00;start_type=ATG;rbs_motif=TAA;rbs_spacer=13bp;genetic_code=11;gc_cont=0.307	GENOMAD.162038.VC	3.140E-09	61	2561
1_328 # 442162 # 443262 # -1 # ID=1_328;partial=00;start_type=ATG;rbs_motif=TAAAAA;rbs_spacer=8bp;genetic_code=11;gc_cont=0.427	GENOMAD.170114.CV	4.827E-190	591	0
1_392 # 516824 # 517723 # -1 # ID=1_392;partial=00;start_type=ATG;rbs_motif=AATAA;rbs_spacer=3bp;genetic_code=11;gc_cont=0.452	GENOMAD.191987.CP	2.457E-04	45	0
1_488 # 630070 # 630861 # 1 # ID=1_488;partial=00;start_type=ATG;rbs_motif=TAA;rbs_spacer=14bp;genetic_code=11;gc_cont=0.357	GENOMAD.206932.CP	2.862E-08	57	0
1_3052 # 3599915 # 3601333 # 1 # ID=1_3052;partial=00;start_type=ATG;rbs_motif=TAA;rbs_spacer=12bp;genetic_code=11;gc_cont=0.481	GENOMAD.104224.CP	1.992E-52	196	0
1_3116 # 3677112 # 3677993 # -1 # ID=1_3116;partial=00;start_type=ATG;rbs_motif=AACAA;rbs_spacer=5bp;genetic_code=11;gc_cont=0.431	GENOMAD.120683.VV	2.101E-09	61	2561
1_3148 # 3726396 # 3727235 # -1 # ID=1_3148;partial=00;start_type=ATG;rbs_motif=TAA;rbs_spacer=11bp;genetic_code=11;gc_cont=0.390	GENOMAD.089032.CP	7.863E-09	59	2561
1_3276 # 3872394 # 3873254 # 1 # ID=1_3276;partial=00;start_type=ATG;rbs_motif=TAA;rbs_spacer=11bp;genetic_code=11;gc_cont=0.476	GENOMAD.227712.VP	3.798E-39	150	0
1_3308 # 3912310 # 3913629 # -1 # ID=1_3308;partial=00;start_type=ATG;rbs_motif=None;rbs_spacer=None;genetic_code=11;gc_cont=0.480	GENOMAD.147664.PC	4.201E-70	247	0
1_26 # 31319 # 32353 # 1 # ID=1_26;partial=00;start_type=ATG;rbs_motif=TAA;rbs_spacer=11bp;genetic_code=11;gc_cont=0.460	GENOMAD.138157.CP	2.251E-36	144	0
1_154 # 204839 # 206821 # -1 # ID=1_154;partial=00;start_type=ATG;rbs_motif=TAAAAA;rbs_spacer=9bp;genetic_code=11;gc_cont=0.433	GENOMAD.126246.CP	2.677E-09	63	0
1_282 # 379922 # 381403 # -1 # ID=1_282;partial=00;start_type=ATG;rbs_motif=TAAA;rbs_spacer=12bp;genetic_code=11;gc_cont=0.434	GENOMAD.027278.CC	5.614E-130	424	0
1_2999 # 3542236 # 3543534 # 1 # ID=1_2999;partial=00;start_type=GTG;rbs_motif=TAA;rbs_spacer=3bp;genetic_code=11;gc_cont=0.416	GENOMAD.015178.CC	3.214E-06	52	0
1_3031 # 3574608 # 3575486 # 1 # ID=1_3031;partial=00;start_type=ATG;rbs_motif=TAA;rbs_spacer=11bp;genetic_code=11;gc_cont=0.477	GENOMAD.133618.CP	2.282E-10	64	0
1_3095 # 3647865 # 3649523 # -1 # ID=1_3095;partial=00;start_type=ATG;rbs_motif=None;rbs_spacer=None;genetic_code=11;gc_cont=0.448	GENOMAD.176827.CP	6.458E-04	45	0
1_3255 # 3848646 # 3849518 # 1 # ID=1_3255;partial=00;start_type=ATG;rbs_motif=None;rbs_spacer=None;genetic_code=11;gc_cont=0.422	GENOMAD.006555.CC	2.800E-158	495	0
1_3710 # 4393317 # 4394402 # -1 # ID=1_3710;partial=00;start_type=ATG;rbs_motif=AAA;rbs_spacer=12bp;genetic_code=11;gc_cont=0.447	GENOMAD.192812.CP	6.523E-08	57	0
1_3774 # 4480288 # 4481295 # -1 # ID=1_3774;partial=00;start_type=ATG;rbs_motif=TAAAAA;rbs_spacer=11bp;genetic_code=11;gc_cont=0.427	GENOMAD.214345.PC	4.159E-23	104	0
1_3870 # 4588763 # 4590370 # 1 # ID=1_3870;partial=00;start_type=ATG;rbs_motif=TAA;rbs_spacer=11bp;genetic_code=11;gc_cont=0.460	GENOMAD.222136.CP	1.324E-07	57	0
1_3902 # 4627156 # 4628652 # 1 # ID=1_3902;partial=00;start_type=ATG;rbs_motif=AAAAA;rbs_spacer=4bp;genetic_code=11;gc_cont=0.459	GENOMAD.157955.CP	7.860E-46	177	0
1_36 # 44361 # 45779 # 1 # ID=1_36;partial=00;start_type=ATG;rbs_motif=None;rbs_spacer=None;genetic_code=11;gc_cont=0.434	GENOMAD.092230.VV	5.264E-12	71	2561
1_68 # 93612 # 94352 # -1 # ID=1_68;partial=00;start_type=ATG;rbs_motif=None;rbs_spacer=None;genetic_code=11;gc_cont=0.393	GENOMAD.025754.CC	2.859E-16	81	0
1_132 # 178350 # 179786 # -1 # ID=1_132;partial=00;start_type=ATG;rbs_motif=TAAAAA;rbs_spacer=4bp;genetic_code=11;gc_cont=0.496	GENOMAD.109595.CP	4.779E-55	204	0
1_164 # 224170 # 226716 # -1 # ID=1_164;partial=00;start_type=GTG;rbs_motif=AAAAA;rbs_spacer=11bp;genetic_code=11;gc_cont=0.474	GENOMAD.095319.CP	1.008E-27	124	0
1_196 # 257114 # 258013 # 1 # ID=1_196;partial=00;start_type=ATG;rbs_motif=TAAA;rbs_spacer=11bp;genetic_code=11;gc_cont=0.442	GENOMAD.151421.CP	1.102E-74	254	0
1_292 # 392354 # 393586 # -1 # ID=1_292;partial=00;start_type=ATG;rbs_motif=TAAAAA;rbs_spacer=14bp;genetic_code=11;gc_cont=0.439	GENOMAD.140822.CP	1.586E-55	203	0
1_324 # 436599 # 438239 # 1 # ID=1_324;partial=00;start_type=ATG;rbs_motif=TAAAA;rbs_spacer=12bp;genetic_code=11;gc_cont=0.450	GENOMAD.123514.CP	1.038E-27	122	2561
1_1621 # 1912865 # 1914217 # 1 # ID=1_1621;partial=00;start_type=ATG;rbs_motif=TAAAA;rbs_spacer=14bp;genetic_code=11;gc_cont=0.542	GENOMAD.090234.VV	3.665E-79	274	2561
1_1685 # 1976749 # 1977042 # -1 # ID=1_1685;partial=00;start_type=ATG;rbs_motif=TAAAAA;rbs_spacer=6bp;genetic_code=11;gc_cont=0.480	GENOMAD.216027.VC	6.773E-07	48	0
1_1717 # 2016329 # 2017468 # 1 # ID=1_1717;partial=00;start_type=ATG;rbs_motif=TAAA;rbs_spacer=11bp;genetic_code=11;gc_cont=0.451	GENOMAD.120637.CP	2.167E-05	49	0
1_1749 # 2057346 # 2057504 # -1 # ID=1_1749;partial=00;start_type=ATG;rbs_motif=TATAA;rbs_spacer=3bp;genetic_code=11;gc_cont=0.352	GENOMAD.007337.CC	2.206E-13	64	0
1_444 # 575578 # 577380 # 1 # ID=1_444;partial=00;start_type=ATG;rbs_motif=TAA;rbs_spacer=11bp;genetic_code=11;gc_cont=0.419	GENOMAD.211276.VV	2.620E-06	53	2561
1_476 # 618247 # 618747 # 1 # ID=1_476;partial=00;start_type=ATG;rbs_motif=TAAAAA;rbs_spacer=12bp;genetic_code=11;gc_cont=0.475	GENOMAD.197688.CV	3.456E-35	133	2561
1_2271 # 2653358 # 2654380 # -1 # ID=1_2271;partial=00;start_type=ATG;rbs_motif=TAAA;rbs_spacer=12bp;genetic_code=11;gc_cont=0.360	GENOMAD.210349.CP	7.508E-43	163	0
1_2303 # 2687491 # 2688495 # 1 # ID=1_2303;partial=00;start_type=ATG;rbs_motif=AAAAA;rbs_spacer=10bp;genetic_code=11;gc_cont=0.448	GENOMAD.190075.CP	7.218E-55	198	0
1_2367 # 2756561 # 2759299 # -1 # ID=1_2367;partial=00;start_type=ATG;rbs_motif=TAA;rbs_spacer=11bp;genetic_code=11;gc_cont=0.438	GENOMAD.128893.CP	7.578E-279	877	0
1_2399 # 2804884 # 2805450 # -1 # ID=1_2399;partial=00;start_type=GTG;rbs_motif=None;rbs_spacer=None;genetic_code=11;gc_cont=0.492	GENOMAD.140788.VC	1.766E-09	59	2561
1_2463 # 2889791 # 2891065 # 1 # ID=1_2463;partial=00;start_type=ATG;rbs_motif=TAAA;rbs_spacer=12bp;genetic_code=11;gc_cont=0.518	GENOMAD.127041.CP	1.072E-18	92	0
1_105 # 136188 # 137222 # -1 # ID=1_105;partial=00;start_type=TTG;rbs_motif=TAA;rbs_spacer=11bp;genetic_code=11;gc_cont=0.466	GENOMAD.132406.CP	7.603E-05	47	0
1_2280 # 2661139 # 2662236 # 1 # ID=1_2280;partial=00;start_type=ATG;rbs_motif=None;rbs_spacer=None;genetic_code=11;gc_cont=0.325	GENOMAD.212937.PC	1.396E-159	503	0
1_2376 # 2767023 # 2767628 # -1 # ID=1_2376;partial=00;start_type=ATG;rbs_motif=AAAA;rbs_spacer=15bp;genetic_code=11;gc_cont=0.393	GENOMAD.151405.CP	5.453E-26	108	0
1_2408 # 2814331 # 2815521 # 1 # ID=1_2408;partial=00;start_type=ATG;rbs_motif=TAA;rbs_spacer=11bp;genetic_code=11;gc_cont=0.477	GENOMAD.153250.CP	1.882E-59	214	0
1_2780 # 3276920 # 3278089 # 1 # ID=1_2780;partial=00;start_type=ATG;rbs_motif=TAAA;rbs_spacer=12bp;genetic_code=11;gc_cont=0.434	GENOMAD.168595.CP	5.908E-11	67	0
1_2812 # 3318481 # 3321246 # -1 # ID=1_2812;partial=00;start_type=ATG;rbs_motif=AATAA;rbs_spacer=3bp;genetic_code=11;gc_cont=0.458	GENOMAD.182759.CP	8.081E-26	118	0
1_126 # 168073 # 169203 # 1 # ID=1_126;partial=00;start_type=ATG;rbs_motif=TAAA;rbs_spacer=12bp;genetic_code=11;gc_cont=0.503	GENOMAD.179344.CP	5.883E-18	89	0
1_158 # 216263 # 217612 # 1 # ID=1_158;partial=00;start_type=ATG;rbs_motif=TAAAA;rbs_spacer=4bp;genetic_code=11;gc_cont=0.453	GENOMAD.194487.CP	2.715E-13	75	0
1_190 # 250210 # 250890 # 1 # ID=1_190;partial=00;start_type=ATG;rbs_motif=TAAAAA;rbs_spacer=8bp;genetic_code=11;gc_cont=0.396	GENOMAD.039652.CC	3.119E-55	194	0
1_222 # 307500 # 308750 # -1 # ID=1_222;partial=00;start_type=ATG;rbs_motif=TAA;rbs_spacer=14bp;genetic_code=11;gc_cont=0.470	GENOMAD.170689.PC	6.652E-62	222	0
1_254 # 348424 # 348849 # -1 # ID=1_254;partial=00;start_type=ATG;rbs_motif=AACAA;rbs_spacer=12bp;genetic_code=11;gc_cont=0.437	GENOMAD.221217.CP	5.078E-45	160	0
1_1278 # 1541644 # 1542039 # 1 # ID=1_1278;partial=00;start_type=ATG;rbs_motif=AAAA;rbs_spacer=13bp;genetic_code=11;gc_cont=0.394	GENOMAD.197236.VV	4.929E-57	194	0
1_1342 # 1617226 # 1619439 # -1 # ID=1_1342;partial=00;start_type=ATG;rbs_motif=TAAA;rbs_spacer=12bp;genetic_code=11;gc_cont=0.455	GENOMAD.055411.CC	3.077E-16	86	2790
1_513 # 662563 # 665319 # -1 # ID=1_513;partial=00;start_type=ATG;rbs_motif=TAA;rbs_spacer=11bp;genetic_code=11;gc_cont=0.407	GENOMAD.146053.CP	4.233E-09	63	2561
1_705 # 869911 # 871218 # 1 # ID=1_705;partial=00;start_type=ATG;rbs_motif=TAAA;rbs_spacer=5bp;genetic_code=11;gc_cont=0.490	GENOMAD.136975.CP	2.540E-131	425	0
1_2969 # 3500032 # 3503463 # -1 # ID=1_2969;partial=00;start_type=ATG;rbs_motif=TAA;rbs_spacer=12bp;genetic_code=11;gc_cont=0.438	GENOMAD.133528.CP	6.897E-10	66	0
1_3001 # 3544796 # 3546223 # 1 # ID=1_3001;partial=00;start_type=ATG;rbs_motif=TAAA;rbs_spacer=15bp;genetic_code=11;gc_cont=0.419	GENOMAD.158009.VC	1.561E-09	63	5797
1_3033 # 3578174 # 3579208 # 1 # ID=1_3033;partial=00;start_type=ATG;rbs_motif=TAAA;rbs_spacer=12bp;genetic_code=11;gc_cont=0.473	GENOMAD.146344.CP	4.254E-127	408	0
1_616 # 766854 # 769226 # -1 # ID=1_616;partial=00;start_type=ATG;rbs_motif=AAA;rbs_spacer=8bp;genetic_code=11;gc_cont=0.469	GENOMAD.124105.CP	9.365E-166	542	0
1_648 # 808643 # 809719 # 1 # ID=1_648;partial=00;start_type=ATG;rbs_motif=TAGAA;rbs_spacer=8bp;genetic_code=11;gc_cont=0.276	GENOMAD.111529.CP	2.612E-12	71	0
1_712 # 878619 # 879884 # 1 # ID=1_712;partial=00;start_type=ATG;rbs_motif=TAAA;rbs_spacer=11bp;genetic_code=11;gc_cont=0.446	GENOMAD.160698.CP	2.132E-08	59	0
1_744 # 915443 # 916876 # 1 # ID=1_744;partial=00;start_type=GTG;rbs_motif=AATAA;rbs_spacer=8bp;genetic_code=11;gc_cont=0.310	GENOMAD.147640.CP	7.519E-14	77	0
1_776 # 946116 # 948158 # -1 # ID=1_776;partial=00;start_type=ATG;rbs_motif=AAAA;rbs_spacer=11bp;genetic_code=11;gc_cont=0.512	GENOMAD.191012.CP	5.310E-77	276	0
1_808 # 993003 # 996131 # 1 # ID=1_808;partial=00;start_type=ATG;rbs_motif=TAA;rbs_spacer=13bp;genetic_code=11;gc_cont=0.472	GENOMAD.153525.CP	5.350E-06	53	0
1_2492 # 2934556 # 2936844 # -1 # ID=1_2492;partial=00;start_type=ATG;rbs_motif=TAAAAA;rbs_spacer=11bp;genetic_code=11;gc_cont=0.484	GENOMAD.179118.CP	6.280E-265	829	0
1_2524 # 2978645 # 2980333 # 1 # ID=1_2524;partial=00;start_type=ATG;rbs_motif=TAA;rbs_spacer=13bp;genetic_code=11;gc_cont=0.478	GENOMAD.130226.CP	1.524E-15	83	2561
1_4135 # 4938721 # 4939653 # -1 # ID=1_4135;partial=00;start_type=ATG;rbs_motif=TAAA;rbs_spacer=12bp;genetic_code=11;gc_cont=0.482	GENOMAD.031985.CC	1.817E-164	514	0
1_4199 # 5010584 # 5011732 # 1 # ID=1_4199;partial=00;start_type=ATG;rbs_motif=AAA;rbs_spacer=11bp;genetic_code=11;gc_cont=0.460	GENOMAD.008569.CC	9.044E-65	229	0
1_277 # 376536 # 376805 # -1 # ID=1_277;partial=00;start_type=ATG;rbs_motif=TAAA;rbs_spacer=11bp;genetic_code=11;gc_cont=0.433	GENOMAD.080397.CV	2.486E-36	132	2561
1_309 # 414349 # 414762 # 1 # ID=1_309;partial=00;start_type=ATG;rbs_motif=TAA;rbs_spacer=8bp;genetic_code=11;gc_cont=0.425	GENOMAD.218294.CV	4.174E-20	88	2561
1_3816 # 4531924 # 4532502 # 1 # ID=1_3816;partial=00;start_type=ATG;rbs_motif=TAAA;rbs_spacer=12bp;genetic_code=11;gc_cont=0.415	GENOMAD.133668.CV	8.351E-05	45	0
1_3848 # 4564477 # 4565277 # 1 # ID=1_3848;partial=00;start_type=ATG;rbs_motif=AATAA;rbs_spacer=6bp;genetic_code=11;gc_cont=0.428	GENOMAD.123551.CP	5.175E-48	175	0
1_434 # 564784 # 565785 # -1 # ID=1_434;partial=00;start_type=ATG;rbs_motif=TAAA;rbs_spacer=11bp;genetic_code=11;gc_cont=0.448	GENOMAD.132390.CP	2.282E-13	74	2561
1_466 # 606068 # 609454 # 1 # ID=1_466;partial=00;start_type=ATG;rbs_motif=AAA;rbs_spacer=3bp;genetic_code=11;gc_cont=0.446	GENOMAD.133837.CP	3.614E-07	57	0
1_498 # 639831 # 640139 # -1 # ID=1_498;partial=00;start_type=ATG;rbs_motif=TAAA;rbs_spacer=11bp;genetic_code=11;gc_cont=0.518	GENOMAD.220250.VP	2.956E-17	78	2561
1_1732 # 2035861 # 2038395 # -1 # ID=1_1732;partial=00;start_type=ATG;rbs_motif=TAGAA;rbs_spacer=14bp;genetic_code=11;gc_cont=0.419	GENOMAD.146343.VC	8.711E-53	205	2561
1_1764 # 2075643 # 2076608 # -1 # ID=1_1764;partial=00;start_type=ATG;rbs_motif=TAA;rbs_spacer=14bp;genetic_code=11;gc_cont=0.534	GENOMAD.134127.CP	1.063E-39	153	0
1_1828 # 2146739 # 2147347 # 1 # ID=1_1828;partial=00;start_type=ATG;rbs_motif=AACAA;rbs_spacer=5bp;genetic_code=11;gc_cont=0.442	GENOMAD.013064.CC	6.439E-24	102	0
1_1892 # 2214450 # 2215787 # -1 # ID=1_1892;partial=00;start_type=ATG;rbs_motif=TAAA;rbs_spacer=12bp;genetic_code=11;gc_cont=0.458	GENOMAD.111519.CP	2.326E-48	183	2561
1_2742 # 3231633 # 3232508 # 1 # ID=1_2742;partial=00;start_type=ATG;rbs_motif=TAAA;rbs_spacer=11bp;genetic_code=11;gc_cont=0.540	GENOMAD.209738.CP	3.913E-102	333	0
1_2774 # 3272633 # 3274018 # -1 # ID=1_2774;partial=00;start_type=ATG;rbs_motif=None;rbs_spacer=None;genetic_code=11;gc_cont=0.469	GENOMAD.112794.CP	2.026E-82	284	0
1_2806 # 3307920 # 3309248 # -1 # ID=1_2806;partial=00;start_type=ATG;rbs_motif=TAAA;rbs_spacer=12bp;genetic_code=11;gc_cont=0.429	GENOMAD.045645.CC	5.278E-173	546	0
1_3102 # 3658767 # 3659951 # 1 # ID=1_3102;partial=00;start_type=ATG;rbs_motif=TAAAA;rbs_spacer=12bp;genetic_code=11;gc_cont=0.500	GENOMAD.099160.CP	2.183E-14	78	0
1_3134 # 3701803 # 3702300 # -1 # ID=1_3134;partial=00;start_type=ATG;rbs_motif=AAAA;rbs_spacer=12bp;genetic_code=11;gc_cont=0.404	GENOMAD.006066.CC	3.317E-35	133	0
1_3166 # 3743856 # 3744461 # -1 # ID=1_3166;partial=00;start_type=ATG;rbs_motif=TAAA;rbs_spacer=11bp;genetic_code=11;gc_cont=0.416	GENOMAD.001583.CC	2.019E-66	225	0
1_3262 # 3857996 # 3859246 # 1 # ID=1_3262;partial=00;start_type=ATG;rbs_motif=TAAA;rbs_spacer=11bp;genetic_code=11;gc_cont=0.447	GENOMAD.133679.CP	2.232E-103	343	2561
1_2369 # 2759724 # 2760704 # -1 # ID=1_2369;partial=00;start_type=ATG;rbs_motif=AAAAA;rbs_spacer=11bp;genetic_code=11;gc_cont=0.463	GENOMAD.160868.CP	4.812E-14	76	0
1_3390 # 4017187 # 4018398 # -1 # ID=1_3390;partial=00;start_type=ATG;rbs_motif=TAAA;rbs_spacer=11bp;genetic_code=11;gc_cont=0.578	GENOMAD.057710.VV	1.455E-16	85	2561
1_3454 # 4076508 # 4076882 # -1 # ID=1_3454;partial=00;start_type=ATG;rbs_motif=TAAA;rbs_spacer=12bp;genetic_code=11;gc_cont=0.416	GENOMAD.114551.CV	2.729E-19	85	2561
1_3550 # 4183704 # 4184477 # -1 # ID=1_3550;partial=00;start_type=ATG;rbs_motif=TAA;rbs_spacer=12bp;genetic_code=11;gc_cont=0.550	GENOMAD.137595.CP	3.037E-10	63	0
1_3041 # 3584103 # 3585152 # -1 # ID=1_3041;partial=00;start_type=ATG;rbs_motif=TAAA;rbs_spacer=14bp;genetic_code=11;gc_cont=0.446	GENOMAD.141896.CV	7.611E-194	601	0
1_3707 # 4389372 # 4390571 # 1 # ID=1_3707;partial=00;start_type=ATG;rbs_motif=TAA;rbs_spacer=12bp;genetic_code=11;gc_cont=0.397	GENOMAD.196911.CP	6.283E-11	67	0
1_3771 # 4476163 # 4478106 # 1 # ID=1_3771;partial=00;start_type=ATG;rbs_motif=TAAA;rbs_spacer=14bp;genetic_code=11;gc_cont=0.476	GENOMAD.000819.CC	6.692E-51	196	0
1_3899 # 4623882 # 4625114 # -1 # ID=1_3899;partial=00;start_type=ATG;rbs_motif=TAA;rbs_spacer=11bp;genetic_code=11;gc_cont=0.461	GENOMAD.090255.CP	5.093E-38	151	0
1_3931 # 4664736 # 4666658 # 1 # ID=1_3931;partial=00;start_type=ATG;rbs_motif=TAAA;rbs_spacer=15bp;genetic_code=11;gc_cont=0.436	GENOMAD.118388.CV	2.225E-130	432	0
1_958 # 1194683 # 1195660 # 1 # ID=1_958;partial=00;start_type=ATG;rbs_motif=TAAAAA;rbs_spacer=4bp;genetic_code=11;gc_cont=0.467	GENOMAD.151075.PC	1.901E-12	71	0
1_1054 # 1300621 # 1301844 # -1 # ID=1_1054;partial=00;start_type=ATG;rbs_motif=TAA;rbs_spacer=14bp;genetic_code=11;gc_cont=0.543	GENOMAD.123147.CP	5.631E-10	64	0
1_1086 # 1341924 # 1343186 # -1 # ID=1_1086;partial=00;start_type=ATG;rbs_motif=TAAA;rbs_spacer=11bp;genetic_code=11;gc_cont=0.420	GENOMAD.133837.CP	9.465E-85	289	0
1_1182 # 1435191 # 1436108 # -1 # ID=1_1182;partial=00;start_type=ATG;rbs_motif=TAAA;rbs_spacer=11bp;genetic_code=11;gc_cont=0.357	GENOMAD.136125.PP	1.720E-35	140	0
1_1214 # 1473739 # 1475091 # 1 # ID=1_1214;partial=00;start_type=ATG;rbs_motif=TATAA;rbs_spacer=4bp;genetic_code=11;gc_cont=0.497	GENOMAD.123282.CP	5.536E-50	188	2561
1_2790 # 3287218 # 3288207 # 1 # ID=1_2790;partial=00;start_type=ATG;rbs_motif=TAA;rbs_spacer=11bp;genetic_code=11;gc_cont=0.462	GENOMAD.133618.CP	6.851E-10	63	0
1_2918 # 3430645 # 3431205 # -1 # ID=1_2918;partial=00;start_type=ATG;rbs_motif=AATAA;rbs_spacer=10bp;genetic_code=11;gc_cont=0.419	GENOMAD.082537.CP	6.537E-72	240	0
1_3014 # 3562102 # 3562317 # 1 # ID=1_3014;partial=00;start_type=ATG;rbs_motif=TAAAAA;rbs_spacer=9bp;genetic_code=11;gc_cont=0.444	GENOMAD.220409.VC	1.481E-25	100	0
1_3078 # 3630592 # 3631647 # -1 # ID=1_3078;partial=00;start_type=ATG;rbs_motif=TAAA;rbs_spacer=6bp;genetic_code=11;gc_cont=0.286	GENOMAD.207040.VC	2.456E-12	71	0
1_3913 # 4641118 # 4642275 # -1 # ID=1_3913;partial=00;start_type=ATG;rbs_motif=TAA;rbs_spacer=11bp;genetic_code=11;gc_cont=0.465	GENOMAD.147684.CP	6.136E-105	346	0
1_3945 # 4679833 # 4682874 # -1 # ID=1_3945;partial=00;start_type=ATG;rbs_motif=AAA;rbs_spacer=9bp;genetic_code=11;gc_cont=0.446	GENOMAD.045669.VV	7.846E-08	59	2561
1_4041 # 4794401 # 4796158 # 1 # ID=1_4041;partial=00;start_type=ATG;rbs_motif=AATAA;rbs_spacer=10bp;genetic_code=11;gc_cont=0.433	GENOMAD.115043.CP	4.048E-46	180	0
1_4137 # 4941512 # 4943383 # -1 # ID=1_4137;partial=00;start_type=ATG;rbs_motif=TAA;rbs_spacer=11bp;genetic_code=11;gc_cont=0.499	GENOMAD.117360.CP	4.081E-08	59	0
1_4169 # 4981114 # 4982259 # 1 # ID=1_4169;partial=00;start_type=TTG;rbs_motif=TAAA;rbs_spacer=11bp;genetic_code=11;gc_cont=0.395	GENOMAD.193703.CP	1.328E-11	69	0
1_3405 # 4037235 # 4037864 # -1 # ID=1_3405;partial=00;start_type=ATG;rbs_motif=TAA;rbs_spacer=13bp;genetic_code=11;gc_cont=0.513	GENOMAD.121365.CP	2.855E-48	173	0
1_3437 # 4057927 # 4058337 # -1 # ID=1_3437;partial=00;start_type=ATG;rbs_motif=TAAA;rbs_spacer=12bp;genetic_code=11;gc_cont=0.401	GENOMAD.058918.CV	1.903E-28	112	0
1_3469 # 4090899 # 4092698 # -1 # ID=1_3469;partial=00;start_type=ATG;rbs_motif=TAAAAA;rbs_spacer=8bp;genetic_code=11;gc_cont=0.485	GENOMAD.170436.CP	3.428E-190	604	0
1_3501 # 4126880 # 4127272 # -1 # ID=1_3501;partial=00;start_type=ATG;rbs_motif=TAA;rbs_spacer=11bp;genetic_code=11;gc_cont=0.405	GENOMAD.015629.CC	4.816E-05	44	0
1_3565 # 4209628 # 4211703 # 1 # ID=1_3565;partial=00;start_type=ATG;rbs_motif=TAAA;rbs_spacer=11bp;genetic_code=11;gc_cont=0.465	GENOMAD.166603.CP	9.818E-19	94	0
1_3629 # 4303848 # 4304117 # 1 # ID=1_3629;partial=00;start_type=ATG;rbs_motif=TAA;rbs_spacer=11bp;genetic_code=11;gc_cont=0.404	GENOMAD.056361.CP	9.732E-23	93	0
1_3693 # 4370087 # 4372036 # -1 # ID=1_3693;partial=00;start_type=ATG;rbs_motif=TAA;rbs_spacer=13bp;genetic_code=11;gc_cont=0.474	GENOMAD.148232.CP	1.001E-15	84	0
1_2083 # 2442177 # 2443286 # 1 # ID=1_2083;partial=00;start_type=ATG;rbs_motif=TAAA;rbs_spacer=8bp;genetic_code=11;gc_cont=0.345	GENOMAD.119491.CP	8.591E-05	47	0
1_2243 # 2611606 # 2612082 # 1 # ID=1_2243;partial=00;start_type=ATG;rbs_motif=TAAAA;rbs_spacer=15bp;genetic_code=11;gc_cont=0.488	GENOMAD.097044.CV	2.736E-25	104	0
1_2275 # 2657911 # 2659038 # -1 # ID=1_2275;partial=00;start_type=ATG;rbs_motif=None;rbs_spacer=None;genetic_code=11;gc_cont=0.314	GENOMAD.015291.CC	8.879E-115	374	0
1_2233 # 2601704 # 2602474 # 1 # ID=1_2233;partial=00;start_type=ATG;rbs_motif=None;rbs_spacer=None;genetic_code=11;gc_cont=0.470	GENOMAD.126969.CP	1.780E-04	45	0
1_2297 # 2677416 # 2677763 # -1 # ID=1_2297;partial=00;start_type=ATG;rbs_motif=TAAA;rbs_spacer=12bp;genetic_code=11;gc_cont=0.420	GENOMAD.212618.CV	1.186E-07	51	0
1_2361 # 2750958 # 2751629 # -1 # ID=1_2361;partial=00;start_type=ATG;rbs_motif=TAA;rbs_spacer=11bp;genetic_code=11;gc_cont=0.417	GENOMAD.030970.CC	4.621E-39	147	0
1_2393 # 2793893 # 2795449 # -1 # ID=1_2393;partial=00;start_type=ATG;rbs_motif=TAAA;rbs_spacer=12bp;genetic_code=11;gc_cont=0.480	GENOMAD.141299.CP	3.280E-21	101	2561
1_2425 # 2830558 # 2830962 # 1 # ID=1_2425;partial=00;start_type=ATG;rbs_motif=TAAAAA;rbs_spacer=8bp;genetic_code=11;gc_cont=0.454	GENOMAD.133029.CP	1.749E-28	112	0
1_2457 # 2881707 # 2881952 # -1 # ID=1_2457;partial=00;start_type=ATG;rbs_motif=AAAAA;rbs_spacer=6bp;genetic_code=11;gc_cont=0.541	GENOMAD.178883.VC	3.553E-07	48	2561
1_2521 # 2969828 # 2972614 # 1 # ID=1_2521;partial=00;start_type=ATG;rbs_motif=AAAAA;rbs_spacer=12bp;genetic_code=11;gc_cont=0.464	GENOMAD.053835.CC	1.895E-315	984	0
1_1137 # 1388587 # 1389360 # 1 # ID=1_1137;partial=00;start_type=ATG;rbs_motif=TAA;rbs_spacer=5bp;genetic_code=11;gc_cont=0.496	GENOMAD.096143.PP	4.573E-119	380	0
1_1169 # 1422307 # 1423251 # 1 # ID=1_1169;partial=00;start_type=ATG;rbs_motif=TAAA;rbs_spacer=14bp;genetic_code=11;gc_cont=0.461	GENOMAD.086418.VV	3.400E-67	233	2561
1_1297 # 1571119 # 1572450 # 1 # ID=1_1297;partial=00;start_type=ATG;rbs_motif=AAAAA;rbs_spacer=5bp;genetic_code=11;gc_cont=0.431	GENOMAD.136705.CP	4.998E-106	352	2561
1_1329 # 1599987 # 1602281 # 1 # ID=1_1329;partial=00;start_type=ATG;rbs_motif=TAA;rbs_spacer=15bp;genetic_code=11;gc_cont=0.397	GENOMAD.126028.CP	2.738E-108	372	2561
1_291 # 391782 # 392351 # -1 # ID=1_291;partial=00;start_type=ATG;rbs_motif=AATAA;rbs_spacer=6bp;genetic_code=11;gc_cont=0.456	GENOMAD.108589.CP	1.752E-25	106	0
1_323 # 433212 # 436592 # 1 # ID=1_323;partial=00;start_type=ATG;rbs_motif=TAA;rbs_spacer=14bp;genetic_code=11;gc_cont=0.415	GENOMAD.129070.CP	7.243E-07	56	0
1_355 # 474376 # 474849 # 1 # ID=1_355;partial=00;start_type=ATG;rbs_motif=TAAAAA;rbs_spacer=9bp;genetic_code=11;gc_cont=0.325	GENOMAD.143035.CP	2.174E-36	136	0
1_419 # 550173 # 550790 # 1 # ID=1_419;partial=00;start_type=ATG;rbs_motif=AACAA;rbs_spacer=10bp;genetic_code=11;gc_cont=0.392	GENOMAD.123253.CV	2.324E-15	77	2561
1_3567 # 4212138 # 4212830 # -1 # ID=1_3567;partial=00;start_type=ATG;rbs_motif=AAAAA;rbs_spacer=6bp;genetic_code=11;gc_cont=0.437	GENOMAD.083127.CP	1.817E-08	57	0
1_2737 # 3227365 # 3228327 # -1 # ID=1_2737;partial=00;start_type=ATG;rbs_motif=TAAAAA;rbs_spacer=7bp;genetic_code=11;gc_cont=0.433	GENOMAD.146326.VP	3.152E-71	245	2561
1_2801 # 3300947 # 3301624 # -1 # ID=1_2801;partial=00;start_type=ATG;rbs_motif=AAA;rbs_spacer=5bp;genetic_code=11;gc_cont=0.482	GENOMAD.045646.CC	3.809E-88	289	0
1_2897 # 3407500 # 3408090 # -1 # ID=1_2897;partial=00;start_type=ATG;rbs_motif=TAAAA;rbs_spacer=13bp;genetic_code=11;gc_cont=0.389	GENOMAD.000401.CC	5.091E-88	287	0
1_2929 # 3447098 # 3448225 # 1 # ID=1_2929;partial=00;start_type=ATG;rbs_motif=TAAAAA;rbs_spacer=6bp;genetic_code=11;gc_cont=0.449	GENOMAD.208292.VC	3.659E-04	45	2561
1_2961 # 3487367 # 3488689 # -1 # ID=1_2961;partial=00;start_type=ATG;rbs_motif=TAAAAA;rbs_spacer=9bp;genetic_code=11;gc_cont=0.457	GENOMAD.054603.CC	1.262E-13	76	0
1_2993 # 3534009 # 3534545 # -1 # ID=1_2993;partial=00;start_type=ATG;rbs_motif=TAAAAA;rbs_spacer=11bp;genetic_code=11;gc_cont=0.434	GENOMAD.111260.CP	3.284E-67	226	0
1_2721 # 3212794 # 3214167 # 1 # ID=1_2721;partial=00;start_type=ATG;rbs_motif=TAA;rbs_spacer=11bp;genetic_code=11;gc_cont=0.611	GENOMAD.153230.PC	3.522E-06	52	0
1_2785 # 3281540 # 3281935 # -1 # ID=1_2785;partial=00;start_type=TTG;rbs_motif=AAAAA;rbs_spacer=12bp;genetic_code=11;gc_cont=0.389	GENOMAD.177709.CV	2.407E-48	169	0
1_2817 # 3327044 # 3327994 # 1 # ID=1_2817;partial=00;start_type=ATG;rbs_motif=TAAAAA;rbs_spacer=5bp;genetic_code=11;gc_cont=0.327	GENOMAD.210236.PC	6.114E-23	103	0
1_2849 # 3355772 # 3356695 # 1 # ID=1_2849;partial=00;start_type=GTG;rbs_motif=AATAA;rbs_spacer=6bp;genetic_code=11;gc_cont=0.511	GENOMAD.132637.CP	2.429E-45	169	0
1_3173 # 3756110 # 3757714 # 1 # ID=1_3173;partial=00;start_type=ATG;rbs_motif=TAAA;rbs_spacer=12bp;genetic_code=11;gc_cont=0.490	GENOMAD.125890.CP	2.702E-30	130	2561
1_3237 # 3823832 # 3824482 # -1 # ID=1_3237;partial=00;start_type=ATG;rbs_motif=TAAA;rbs_spacer=11bp;genetic_code=11;gc_cont=0.459	GENOMAD.226762.VP	1.741E-38	145	2561
1_3269 # 3866362 # 3867381 # -1 # ID=1_3269;partial=00;start_type=ATG;rbs_motif=TAA;rbs_spacer=11bp;genetic_code=11;gc_cont=0.478	GENOMAD.145668.CP	1.281E-14	78	0
1_3333 # 3937302 # 3938576 # -1 # ID=1_3333;partial=00;start_type=ATG;rbs_motif=TAA;rbs_spacer=4bp;genetic_code=11;gc_cont=0.369	GENOMAD.031966.CC	2.212E-57	209	0
1_3365 # 3981746 # 3983527 # 1 # ID=1_3365;partial=00;start_type=ATG;rbs_motif=TAAA;rbs_spacer=11bp;genetic_code=11;gc_cont=0.473	GENOMAD.191012.CP	2.400E-48	187	0
1_3397 # 4026321 # 4027217 # -1 # ID=1_3397;partial=00;start_type=ATG;rbs_motif=AAA;rbs_spacer=12bp;genetic_code=11;gc_cont=0.497	GENOMAD.132552.CV	2.472E-83	279	0
1_3429 # 4054688 # 4054987 # -1 # ID=1_3429;partial=00;start_type=ATG;rbs_motif=AAAAA;rbs_spacer=12bp;genetic_code=11;gc_cont=0.433	GENOMAD.119080.CP	7.659E-22	91	0
1_3461 # 4081631 # 4082512 # -1 # ID=1_3461;partial=00;start_type=ATG;rbs_motif=None;rbs_spacer=None;genetic_code=11;gc_cont=0.424	GENOMAD.057710.VV	2.715E-05	48	2561
1_4090 # 4880219 # 4882657 # -1 # ID=1_4090;partial=00;start_type=ATG;rbs_motif=TAAA;rbs_spacer=12bp;genetic_code=11;gc_cont=0.421	GENOMAD.126763.CP	3.616E-16	86	0
1_4122 # 4921421 # 4922902 # 1 # ID=1_4122;partial=00;start_type=ATG;rbs_motif=TAA;rbs_spacer=7bp;genetic_code=11;gc_cont=0.487	GENOMAD.105546.CP	5.012E-199	624	0
1_4186 # 4997931 # 4999484 # 1 # ID=1_4186;partial=00;start_type=ATG;rbs_motif=TAA;rbs_spacer=12bp;genetic_code=11;gc_cont=0.439	GENOMAD.190361.CV	3.826E-73	259	0
1_4282 # 5096320 # 5097288 # -1 # ID=1_4282;partial=00;start_type=ATG;rbs_motif=TAAA;rbs_spacer=11bp;genetic_code=11;gc_cont=0.421	GENOMAD.115187.CP	3.532E-47	175	0
1_4314 # 5139446 # 5140072 # -1 # ID=1_4314;partial=00;start_type=ATG;rbs_motif=TAA;rbs_spacer=12bp;genetic_code=11;gc_cont=0.475	GENOMAD.209344.CP	1.964E-104	335	0
1_4346 # 5183792 # 5186194 # -1 # ID=1_4346;partial=00;start_type=ATG;rbs_motif=AAA;rbs_spacer=11bp;genetic_code=11;gc_cont=0.546	GENOMAD.129297.CP	1.147E-21	104	2561
1_1788 # 2104194 # 2105993 # 1 # ID=1_1788;partial=00;start_type=ATG;rbs_motif=AAA;rbs_spacer=11bp;genetic_code=11;gc_cont=0.535	GENOMAD.146335.CP	2.528E-37	153	0
1_1820 # 2139862 # 2140479 # 1 # ID=1_1820;partial=00;start_type=ATG;rbs_motif=TAAA;rbs_spacer=12bp;genetic_code=11;gc_cont=0.463	GENOMAD.154135.VV	9.457E-04	42	2561
1_1852 # 2172950 # 2173150 # -1 # ID=1_1852;partial=00;start_type=ATG;rbs_motif=TAAAA;rbs_spacer=12bp;genetic_code=11;gc_cont=0.398	GENOMAD.193155.PC	2.060E-06	45	0
1_1916 # 2243439 # 2243864 # -1 # ID=1_1916;partial=00;start_type=ATG;rbs_motif=TAA;rbs_spacer=11bp;genetic_code=11;gc_cont=0.404	GENOMAD.086448.CV	2.009E-21	92	0
1_1980 # 2322908 # 2324095 # -1 # ID=1_1980;partial=00;start_type=ATG;rbs_motif=TAAAAA;rbs_spacer=11bp;genetic_code=11;gc_cont=0.492	GENOMAD.153250.CP	3.476E-41	160	0
1_2012 # 2358731 # 2359444 # -1 # ID=1_2012;partial=00;start_type=ATG;rbs_motif=TAA;rbs_spacer=11bp;genetic_code=11;gc_cont=0.513	GENOMAD.219020.VP	2.272E-11	66	2561
1_4337 # 5172751 # 5173506 # 1 # ID=1_4337;partial=00;start_type=ATG;rbs_motif=AAAA;rbs_spacer=11bp;genetic_code=11;gc_cont=0.396	GENOMAD.036363.CC	1.021E-115	370	0
1_4369 # 5216277 # 5218169 # 1 # ID=1_4369;partial=00;start_type=ATG;rbs_motif=None;rbs_spacer=None;genetic_code=11;gc_cont=0.420	GENOMAD.033316.CC	9.029E-28	123	0
3_14 # 24706 # 26877 # -1 # ID=3_14;partial=00;start_type=ATG;rbs_motif=AAAA;rbs_spacer=14bp;genetic_code=11;gc_cont=0.374	GENOMAD.074915.VV	9.162E-04	45	2561
3_46 # 56720 # 57652 # 1 # ID=3_46;partial=00;start_type=ATG;rbs_motif=AAA;rbs_spacer=11bp;genetic_code=11;gc_cont=0.406	GENOMAD.041043.CC	6.538E-150	472	0
1_18 # 18455 # 19906 # 1 # ID=1_18;partial=00;start_type=ATG;rbs_motif=TAAA;rbs_spacer=12bp;genetic_code=11;gc_cont=0.517	GENOMAD.171982.CP	4.466E-15	81	0
1_2150 # 2510684 # 2511457 # -1 # ID=1_2150;partial=00;start_type=ATG;rbs_motif=TATAA;rbs_spacer=3bp;genetic_code=11;gc_cont=0.428	GENOMAD.148531.VC	9.678E-06	49	2561
1_2214 # 2574873 # 2575136 # -1 # ID=1_2214;partial=00;start_type=ATG;rbs_motif=AAAAA;rbs_spacer=12bp;genetic_code=11;gc_cont=0.489	GENOMAD.167952.CP	4.219E-15	71	0
1_2278 # 2659629 # 2660690 # -1 # ID=1_2278;partial=00;start_type=ATG;rbs_motif=TAA;rbs_spacer=9bp;genetic_code=11;gc_cont=0.410	GENOMAD.210284.CP	3.030E-08	58	0
1_2310 # 2694620 # 2696629 # -1 # ID=1_2310;partial=00;start_type=ATG;rbs_motif=TAAA;rbs_spacer=11bp;genetic_code=11;gc_cont=0.432	GENOMAD.146189.CV	1.529E-29	129	0
1_2342 # 2727720 # 2728652 # -1 # ID=1_2342;partial=00;start_type=ATG;rbs_motif=None;rbs_spacer=None;genetic_code=11;gc_cont=0.316	GENOMAD.111395.VV	4.023E-07	54	0
1_2374 # 2763934 # 2765805 # -1 # ID=1_2374;partial=00;start_type=ATG;rbs_motif=TAA;rbs_spacer=11bp;genetic_code=11;gc_cont=0.466	GENOMAD.001466.CC	0.000E+00	1064	0
1_2406 # 2812246 # 2813265 # 1 # ID=1_2406;partial=00;start_type=GTG;rbs_motif=AATAA;rbs_spacer=7bp;genetic_code=11;gc_cont=0.462	GENOMAD.161334.CP	4.200E-21	98	0
1_1616 # 1908650 # 1909327 # 1 # ID=1_1616;partial=00;start_type=ATG;rbs_motif=TAA;rbs_spacer=15bp;genetic_code=11;gc_cont=0.546	GENOMAD.056727.VV	2.033E-112	359	2561
1_1712 # 2011846 # 2012229 # 1 # ID=1_1712;partial=00;start_type=ATG;rbs_motif=AACAA;rbs_spacer=13bp;genetic_code=11;gc_cont=0.401	GENOMAD.169693.CP	1.208E-45	161	0
1_1808 # 2129520 # 2130140 # 1 # ID=1_1808;partial=00;start_type=ATG;rbs_motif=TAA;rbs_spacer=11bp;genetic_code=11;gc_cont=0.494	GENOMAD.068481.VV	2.357E-84	277	2561
1_1840 # 2158533 # 2159045 # -1 # ID=1_1840;partial=00;start_type=ATG;rbs_motif=TAAAAA;rbs_spacer=8bp;genetic_code=11;gc_cont=0.333	GENOMAD.152380.CP	2.910E-56	194	0
3_30 # 42464 # 43783 # -1 # ID=3_30;partial=00;start_type=ATG;rbs_motif=TAA;rbs_spacer=12bp;genetic_code=11;gc_cont=0.461	GENOMAD.133621.CP	3.986E-107	355	0
4_3 # 2041 # 2823 # 1 # ID=4_3;partial=00;start_type=ATG;rbs_motif=AATAA;rbs_spacer=10bp;genetic_code=11;gc_cont=0.421	GENOMAD.171290.CP	9.178E-48	174	0
1_34 # 42779 # 43573 # -1 # ID=1_34;partial=00;start_type=ATG;rbs_motif=AATAA;rbs_spacer=7bp;genetic_code=11;gc_cont=0.392	GENOMAD.008223.CC	2.180E-48	176	0
1_66 # 89709 # 90860 # -1 # ID=1_66;partial=00;start_type=ATG;rbs_motif=TAAA;rbs_spacer=11bp;genetic_code=11;gc_cont=0.424	GENOMAD.012105.CC	2.179E-63	225	0
1_130 # 172524 # 175223 # -1 # ID=1_130;partial=00;start_type=ATG;rbs_motif=TAAAAA;rbs_spacer=3bp;genetic_code=11;gc_cont=0.504	GENOMAD.001466.CC	1.469E-04	48	0
1_162 # 223643 # 223870 # -1 # ID=1_162;partial=00;start_type=ATG;rbs_motif=TAA;rbs_spacer=12bp;genetic_code=11;gc_cont=0.395	GENOMAD.114693.CP	7.647E-12	61	0
1_194 # 255097 # 256251 # 1 # ID=1_194;partial=00;start_type=ATG;rbs_motif=TAAAA;rbs_spacer=13bp;genetic_code=11;gc_cont=0.432	GENOMAD.002080.CC	2.765E-38	151	2561
1_4296 # 5111436 # 5112683 # 1 # ID=1_4296;partial=00;start_type=ATG;rbs_motif=None;rbs_spacer=None;genetic_code=11;gc_cont=0.480	GENOMAD.058240.VV	1.242E-14	79	11844
1_4328 # 5156864 # 5157613 # 1 # ID=1_4328;partial=00;start_type=ATG;rbs_motif=TAAA;rbs_spacer=12bp;genetic_code=11;gc_cont=0.429	GENOMAD.181740.VC	1.758E-134	424	2561
2_13 # 14290 # 15216 # -1 # ID=2_13;partial=00;start_type=ATG;rbs_motif=AAAA;rbs_spacer=4bp;genetic_code=11;gc_cont=0.318	GENOMAD.136125.PP	3.771E-37	145	0
2_45 # 39441 # 39752 # -1 # ID=2_45;partial=00;start_type=ATG;rbs_motif=TAA;rbs_spacer=12bp;genetic_code=11;gc_cont=0.378	GENOMAD.099116.PP	7.693E-08	51	0
3_5 # 7788 # 10277 # 1 # ID=3_5;partial=00;start_type=ATG;rbs_motif=None;rbs_spacer=None;genetic_code=11;gc_cont=0.501	GENOMAD.130431.CP	9.119E-10	65	0
1_541 # 699950 # 700948 # 1 # ID=1_541;partial=00;start_type=ATG;rbs_motif=TAA;rbs_spacer=12bp;genetic_code=11;gc_cont=0.466	GENOMAD.179462.CP	1.702E-05	49	0
1_573 # 728917 # 730155 # 1 # ID=1_573;partial=00;start_type=ATG;rbs_motif=TAA;rbs_spacer=14bp;genetic_code=11;gc_cont=0.559	GENOMAD.206331.CP	5.781E-10	64	0
1_669 # 829872 # 831377 # 1 # ID=1_669;partial=00;start_type=ATG;rbs_motif=TAAAAA;rbs_spacer=8bp;genetic_code=11;gc_cont=0.423	GENOMAD.213854.CV	3.056E-121	399	0
1_4206 # 5017881 # 5018834 # -1 # ID=1_4206;partial=00;start_type=ATG;rbs_motif=TAA;rbs_spacer=11bp;genetic_code=11;gc_cont=0.486	GENOMAD.121677.CP	9.978E-08	56	2561
1_4270 # 5084517 # 5085752 # -1 # ID=1_4270;partial=00;start_type=ATG;rbs_motif=AAAAA;rbs_spacer=9bp;genetic_code=11;gc_cont=0.542	GENOMAD.057710.VV	5.855E-15	80	2561
1_1617 # 1909293 # 1910999 # 1 # ID=1_1617;partial=00;start_type=ATG;rbs_motif=AAAAA;rbs_spacer=12bp;genetic_code=11;gc_cont=0.577	GENOMAD.027197.VV	4.786E-102	346	2561
1_1649 # 1943602 # 1945569 # -1 # ID=1_1649;partial=00;start_type=ATG;rbs_motif=TAA;rbs_spacer=4bp;genetic_code=11;gc_cont=0.419	GENOMAD.142037.CP	3.614E-18	92	2561
1_3089 # 3639978 # 3640811 # 1 # ID=1_3089;partial=00;start_type=ATG;rbs_motif=TAAAAA;rbs_spacer=4bp;genetic_code=11;gc_cont=0.457	GENOMAD.211730.VP	2.600E-21	97	2561
1_3121 # 3682084 # 3682926 # -1 # ID=1_3121;partial=00;start_type=ATG;rbs_motif=AACAA;rbs_spacer=7bp;genetic_code=11;gc_cont=0.479	GENOMAD.007878.CC	1.758E-48	177	0
1_137 # 184095 # 184574 # -1 # ID=1_137;partial=00;start_type=ATG;rbs_motif=None;rbs_spacer=None;genetic_code=11;gc_cont=0.475	GENOMAD.124345.CV	1.473E-13	70	2561
1_201 # 264145 # 265539 # -1 # ID=1_201;partial=00;start_type=ATG;rbs_motif=AAA;rbs_spacer=11bp;genetic_code=11;gc_cont=0.487	GENOMAD.170689.PC	3.151E-57	210	0
1_233 # 317724 # 319799 # -1 # ID=1_233;partial=00;start_type=ATG;rbs_motif=None;rbs_spacer=None;genetic_code=11;gc_cont=0.456	GENOMAD.141975.CP	2.864E-09	63	0
1_297 # 399075 # 399716 # 1 # ID=1_297;partial=00;start_type=ATG;rbs_motif=TAAA;rbs_spacer=12bp;genetic_code=11;gc_cont=0.456	GENOMAD.005517.CC	2.444E-87	286	0
1_1106 # 1364819 # 1365706 # 1 # ID=1_1106;partial=00;start_type=ATG;rbs_motif=TAAA;rbs_spacer=13bp;genetic_code=11;gc_cont=0.538	GENOMAD.179635.PC	8.370E-23	102	2561
1_1138 # 1389380 # 1390021 # 1 # ID=1_1138;partial=00;start_type=ATG;rbs_motif=AAA;rbs_spacer=5bp;genetic_code=11;gc_cont=0.506	GENOMAD.096144.PP	3.779E-108	346	0
1_3973 # 4714429 # 4714944 # 1 # ID=1_3973;partial=00;start_type=ATG;rbs_motif=AAA;rbs_spacer=15bp;genetic_code=11;gc_cont=0.422	GENOMAD.191425.CV	2.887E-48	171	0
1_4005 # 4753880 # 4756084 # 1 # ID=1_4005;partial=00;start_type=ATG;rbs_motif=TAAA;rbs_spacer=12bp;genetic_code=11;gc_cont=0.494	GENOMAD.088363.CV	1.712E-185	597	2561
1_4037 # 4790672 # 4791490 # 1 # ID=1_4037;partial=00;start_type=ATG;rbs_motif=TAAAA;rbs_spacer=3bp;genetic_code=11;gc_cont=0.425	GENOMAD.001545.CC	3.043E-58	205	0
1_4069 # 4846191 # 4848278 # 1 # ID=1_4069;partial=00;start_type=ATG;rbs_motif=AATAA;rbs_spacer=4bp;genetic_code=11;gc_cont=0.471	GENOMAD.166603.CP	8.217E-18	91	0
1_2926 # 3444325 # 3444915 # 1 # ID=1_2926;partial=00;start_type=ATG;rbs_motif=TAA;rbs_spacer=15bp;genetic_code=11;gc_cont=0.442	GENOMAD.126968.VC	2.183E-54	190	2561
1_2958 # 3483273 # 3486488 # -1 # ID=1_2958;partial=00;start_type=ATG;rbs_motif=AAAAA;rbs_spacer=12bp;genetic_code=11;gc_cont=0.447	GENOMAD.138253.CP	3.393E-07	57	0
1_2891 # 3403534 # 3404328 # 1 # ID=1_2891;partial=00;start_type=ATG;rbs_motif=TAA;rbs_spacer=8bp;genetic_code=11;gc_cont=0.503	GENOMAD.030736.VV	8.811E-15	77	2561
1_2923 # 3439648 # 3441804 # -1 # ID=1_2923;partial=00;start_type=ATG;rbs_motif=AAAAA;rbs_spacer=8bp;genetic_code=11;gc_cont=0.482	GENOMAD.100679.VV	2.480E-08	60	2561
1_3019 # 3564376 # 3564552 # 1 # ID=1_3019;partial=00;start_type=ATG;rbs_motif=TAA;rbs_spacer=11bp;genetic_code=11;gc_cont=0.367	GENOMAD.048633.CC	1.921E-24	96	0
1_3051 # 3598865 # 3599902 # 1 # ID=1_3051;partial=00;start_type=ATG;rbs_motif=TAAAA;rbs_spacer=13bp;genetic_code=11;gc_cont=0.488	GENOMAD.141330.CP	6.861E-122	393	0
1_3083 # 3635247 # 3635963 # -1 # ID=1_3083;partial=00;start_type=ATG;rbs_motif=AATAA;rbs_spacer=3bp;genetic_code=11;gc_cont=0.326	GENOMAD.070889.VV	1.061E-18	88	2561
1_2422 # 2828042 # 2828578 # -1 # ID=1_2422;partial=00;start_type=ATG;rbs_motif=AACAA;rbs_spacer=14bp;genetic_code=11;gc_cont=0.480	GENOMAD.129117.CP	3.081E-08	55	0
1_2454 # 2877211 # 2878188 # 1 # ID=1_2454;partial=00;start_type=ATG;rbs_motif=TAA;rbs_spacer=11bp;genetic_code=11;gc_cont=0.577	GENOMAD.089051.VV	1.270E-85	287	2561
1_951 # 1185316 # 1186536 # -1 # ID=1_951;partial=00;start_type=ATG;rbs_motif=AAAAA;rbs_spacer=6bp;genetic_code=11;gc_cont=0.488	GENOMAD.057710.VV	2.073E-19	94	2561
1_520 # 673162 # 673815 # 1 # ID=1_520;partial=00;start_type=ATG;rbs_motif=AAAA;rbs_spacer=15bp;genetic_code=11;gc_cont=0.420	GENOMAD.159816.CP	1.476E-30	122	0
1_2765 # 3264903 # 3265610 # -1 # ID=1_2765;partial=00;start_type=ATG;rbs_motif=AAAAA;rbs_spacer=9bp;genetic_code=11;gc_cont=0.412	GENOMAD.029105.CC	8.353E-136	427	0
1_2861 # 3369399 # 3370703 # -1 # ID=1_2861;partial=00;start_type=ATG;rbs_motif=TAA;rbs_spacer=11bp;genetic_code=11;gc_cont=0.477	GENOMAD.108595.CP	3.655E-126	410	2561
1_2957 # 3481409 # 3483250 # -1 # ID=1_2957;partial=00;start_type=ATG;rbs_motif=AATAA;rbs_spacer=10bp;genetic_code=11;gc_cont=0.442	GENOMAD.148232.CP	3.847E-33	140	0
1_345 # 464169 # 465557 # 1 # ID=1_345;partial=00;start_type=ATG;rbs_motif=TAAA;rbs_spacer=7bp;genetic_code=11;gc_cont=0.423	GENOMAD.014805.CC	4.895E-116	382	0
1_377 # 495823 # 497007 # -1 # ID=1_377;partial=00;start_type=ATG;rbs_motif=AAA;rbs_spacer=14bp;genetic_code=11;gc_cont=0.445	GENOMAD.032804.CC	5.116E-53	195	0
3_24 # 35058 # 35612 # -1 # ID=3_24;partial=00;start_type=ATG;rbs_motif=TAA;rbs_spacer=4bp;genetic_code=11;gc_cont=0.380	GENOMAD.148499.CP	2.940E-36	137	0
3_56 # 64908 # 66122 # 1 # ID=3_56;partial=00;start_type=ATG;rbs_motif=TAAA;rbs_spacer=13bp;genetic_code=11;gc_cont=0.461	GENOMAD.021308.CC	5.807E-57	207	0
1_28 # 34141 # 35229 # -1 # ID=1_28;partial=00;start_type=ATG;rbs_motif=AAAA;rbs_spacer=11bp;genetic_code=11;gc_cont=0.445	GENOMAD.168595.CP	6.561E-08	57	0
1_60 # 80449 # 82299 # -1 # ID=1_60;partial=00;start_type=ATG;rbs_motif=TAAAAA;rbs_spacer=10bp;genetic_code=11;gc_cont=0.391	GENOMAD.146596.CP	1.020E-141	464	0
1_626 # 777903 # 778340 # -1 # ID=1_626;partial=00;start_type=ATG;rbs_motif=TAA;rbs_spacer=13bp;genetic_code=11;gc_cont=0.441	GENOMAD.025075.CC	4.650E-31	120	0
1_658 # 818758 # 820623 # 1 # ID=1_658;partial=00;start_type=ATG;rbs_motif=None;rbs_spacer=None;genetic_code=11;gc_cont=0.467	GENOMAD.124211.CP	6.554E-18	91	0
1_690 # 851906 # 854305 # -1 # ID=1_690;partial=00;start_type=ATG;rbs_motif=TAAAAA;rbs_spacer=9bp;genetic_code=11;gc_cont=0.432	GENOMAD.216236.VC	1.747E-16	87	0
1_303 # 407196 # 409415 # 1 # ID=1_303;partial=00;start_type=TTG;rbs_motif=TAAA;rbs_spacer=12bp;genetic_code=11;gc_cont=0.434	GENOMAD.132311.CV	0.000E+00	1215	0
1_335 # 453627 # 454130 # 1 # ID=1_335;partial=00;start_type=ATG;rbs_motif=AATAA;rbs_spacer=4bp;genetic_code=11;gc_cont=0.437	GENOMAD.003277.CC	3.380E-53	185	0
1_367 # 485632 # 486588 # 1 # ID=1_367;partial=00;start_type=ATG;rbs_motif=AATAA;rbs_spacer=3bp;genetic_code=11;gc_cont=0.362	GENOMAD.137271.CP	7.621E-06	50	0
1_816 # 1005372 # 1006916 # 1 # ID=1_816;partial=00;start_type=ATG;rbs_motif=TAA;rbs_spacer=11bp;genetic_code=11;gc_cont=0.496	GENOMAD.114541.CP	5.020E-97	329	0
1_880 # 1077359 # 1078576 # -1 # ID=1_880;partial=00;start_type=ATG;rbs_motif=TAAA;rbs_spacer=11bp;genetic_code=11;gc_cont=0.402	GENOMAD.196911.CP	9.833E-20	95	0
1_912 # 1122886 # 1124448 # 1 # ID=1_912;partial=00;start_type=ATG;rbs_motif=TAAAAA;rbs_spacer=9bp;genetic_code=11;gc_cont=0.381	GENOMAD.123514.CP	1.200E-19	96	2561
1_944 # 1178252 # 1179592 # -1 # ID=1_944;partial=00;start_type=ATG;rbs_motif=TAA;rbs_spacer=11bp;genetic_code=11;gc_cont=0.337	GENOMAD.118383.CP	5.738E-05	48	0
1_1121 # 1375632 # 1375976 # 1 # ID=1_1121;partial=00;start_type=ATG;rbs_motif=TAA;rbs_spacer=11bp;genetic_code=11;gc_cont=0.475	GENOMAD.222858.VP	1.797E-51	177	2561
1_1558 # 1864566 # 1865003 # -1 # ID=1_1558;partial=00;start_type=ATG;rbs_motif=TAAAAA;rbs_spacer=9bp;genetic_code=11;gc_cont=0.363	GENOMAD.055126.CC	1.441E-06	49	0
1_1590 # 1894614 # 1894847 # 1 # ID=1_1590;partial=00;start_type=ATG;rbs_motif=TAAA;rbs_spacer=11bp;genetic_code=11;gc_cont=0.470	GENOMAD.060364.VV	2.776E-37	134	2561
1_1750 # 2057524 # 2057712 # -1 # ID=1_1750;partial=00;start_type=ATG;rbs_motif=TAA;rbs_spacer=15bp;genetic_code=11;gc_cont=0.360	GENOMAD.000995.CC	6.694E-08	49	0
1_4010 # 4760649 # 4763615 # 1 # ID=1_4010;partial=00;start_type=ATG;rbs_motif=None;rbs_spacer=None;genetic_code=11;gc_cont=0.452	GENOMAD.003738.CC	8.186E-05	49	0
1_4042 # 4796155 # 4796742 # 1 # ID=1_4042;partial=00;start_type=ATG;rbs_motif=AAA;rbs_spacer=11bp;genetic_code=11;gc_cont=0.449	GENOMAD.049837.CC	5.869E-86	281	0
1_4074 # 4856094 # 4857053 # 1 # ID=1_4074;partial=00;start_type=ATG;rbs_motif=AAGAA;rbs_spacer=13bp;genetic_code=11;gc_cont=0.475	GENOMAD.110271.CV	1.412E-23	105	2561
1_4138 # 4943495 # 4946545 # -1 # ID=1_4138;partial=00;start_type=ATG;rbs_motif=TAA;rbs_spacer=12bp;genetic_code=11;gc_cont=0.489	GENOMAD.006297.CC	0.000E+00	1153	0
1_1107 # 1365746 # 1367362 # 1 # ID=1_1107;partial=00;start_type=ATG;rbs_motif=TAAAAA;rbs_spacer=9bp;genetic_code=11;gc_cont=0.545	GENOMAD.171612.PC	4.807E-14	78	2561
