gene	start	end	length	strand	gc_content	genetic_code	rbs_motif	marker	evalue	bitscore	uscg	plasmid_hallmark	virus_hallmark	taxid	taxname	annotation_conjscan	annotation_amr	annotation_accessions	annotation_description
1_1	99	1772	1674	1	0.403	11	TAAAA	NA	NA	NA	0	0	0	1	NA	NA	NA	NA	NA
1_2	1783	2022	240	1	0.342	11	TATAA	NA	NA	NA	0	0	0	1	NA	NA	NA	NA	NA
1_3	2000	2395	396	1	0.361	11	AAA	NA	NA	NA	0	0	0	1	NA	NA	NA	NA	NA
1_4	2524	2847	324	1	0.407	11	AAAAA	NA	NA	NA	0	0	0	1	NA	NA	NA	NA	NA
1_5	2917	3366	450	-1	0.387	11	TAAAA	NA	NA	NA	0	0	0	1	NA	NA	NA	NA	NA
1_6	3852	4139	288	1	0.410	11	TAAAAA	NA	NA	NA	0	0	0	1	NA	NA	NA	NA	NA
1_7	4136	4441	306	1	0.425	11	AAAA	NA	NA	NA	0	0	0	1	NA	NA	NA	NA	NA
1_8	4452	4754	303	1	0.350	11	AATAA	NA	NA	NA	0	0	0	1	NA	NA	NA	NA	NA
1_9	4814	5107	294	1	0.405	11	TAA	NA	NA	NA	0	0	0	1	NA	NA	NA	NA	NA
1_10	5387	6133	747	1	0.285	11	AAAAA	NA	NA	NA	0	0	0	1	NA	NA	NA	NA	NA
1_11	6195	7508	1314	-1	0.397	11	TAAA	GENOMAD.057710.VV	4.509e-17	87	0	0	1	2561	Caudoviricetes	NA	NA	PF00589;PF04860;K07358;TIGR01537	Phage integrase family; Phage portal protein
1_12	7535	8767	1233	-1	0.419	11	TAAAAA	GENOMAD.057710.VV	1.198e-14	79	0	0	1	2561	Caudoviricetes	NA	NA	PF00589;PF04860;K07358;TIGR01537	Phage integrase family; Phage portal protein
1_13	9168	11789	2622	1	0.484	11	AAGAA	GENOMAD.033525.CC	1.314e-206	665	0	0	0	1	NA	NA	NA	PF03089;COG3629;K20285;TIGR03548	DNA-binding transcriptional activator of the SARP family
1_14	11844	12104	261	-1	0.475	11	AAA	NA	NA	NA	0	0	0	1	NA	NA	NA	NA	NA
1_15	12571	15756	3186	1	0.492	11	TAA	GENOMAD.130038.CP	8.309e-08	59	0	0	0	1	NA	NA	NA	PF14905;PF00576;TIGR01783;K19611;COG4774	TonB-dependent siderophore receptor
1_16	15770	17452	1683	1	0.491	11	TAA	GENOMAD.130486.CP	4.348e-13	75	0	0	0	1	NA	NA	NA	PF12771;K21572	Starch-binding associating with outer membrane
1_17	17474	18427	954	1	0.522	11	TAAA	GENOMAD.054603.CC	5.196e-17	85	0	0	0	1	NA	NA	NA	PF16343;PF03256;COG5156;K04618	Anaphase-promoting complex (APC), subunit 10
1_18	18455	19906	1452	1	0.517	11	TAAA	GENOMAD.171982.CP	4.466e-15	81	0	0	0	1	NA	NA	NA	PF07738	NA
1_19	19925	23578	3654	1	0.493	11	TAAAAA	GENOMAD.146053.CP	2.291e-21	104	0	0	0	2561	Caudoviricetes	NA	NA	PF18368;PF02836;PF02837;PF17786;K15855;COG3250	Beta-galactosidase/beta-glucuronidase
1_20	23575	23727	153	1	0.503	11	None	NA	NA	NA	0	0	0	1	NA	NA	NA	NA	NA
1_21	23828	25078	1251	-1	0.543	11	AACAA	NA	NA	NA	0	0	0	1	NA	NA	NA	NA	NA
1_22	25363	26238	876	1	0.414	11	AACAA	NA	NA	NA	0	0	0	1	NA	NA	NA	NA	NA
1_23	26250	27419	1170	1	0.489	11	TAA	NA	NA	NA	0	0	0	1	NA	NA	NA	NA	NA
1_24	27697	29658	1962	1	0.462	11	TAA	GENOMAD.142438.CP	7.273e-18	91	0	0	0	2561	Caudoviricetes	NA	NA	PF02838;COG3661	Glycosyl hydrolase family 20, domain 2
1_25	29988	31307	1320	1	0.463	11	TAA	GENOMAD.129951.CP	2.255e-104	347	0	0	0	1	NA	NA	NA	PF02321;TIGR01845;K12340;COG1538	efflux transporter, outer membrane factor (OMF) lipoprotein, NodT family
1_26	31319	32353	1035	1	0.460	11	TAA	GENOMAD.138157.CP	2.251e-36	144	0	0	0	1	NA	NA	NA	PF13437;TIGR02828	HlyD family secretion protein
1_27	32357	33937	1581	1	0.450	11	TAA	GENOMAD.027134.CC	6.395e-194	611	0	0	0	1	NA	NA	NA	PF06609;K03446;TIGR00711;COG2814	drug resistance transporter, EmrB/QacA subfamily
1_28	34141	35229	1089	-1	0.445	11	AAAA	GENOMAD.168595.CP	6.561e-08	57	0	0	0	1	NA	NA	NA	PF01757;K21462;COG3936	Membrane-bound acyltransferase YfiQ, involved in biofilm formation
1_29	36054	37115	1062	-1	0.467	11	AAAAA	NA	NA	NA	0	0	0	1	NA	NA	NA	NA	NA
1_30	37252	37656	405	1	0.393	11	TAA	NA	NA	NA	0	0	0	1	NA	NA	NA	NA	NA
1_31	37750	40641	2892	1	0.426	11	AAA	GENOMAD.147185.CP	2.754e-10	67	0	0	0	1	NA	NA	NA	PF14905;TIGR01786;K19611;COG4206	TonB-dependent hemoglobin/transferrin/lactoferrin receptor family protein
1_32	40798	42237	1440	1	0.449	11	None	NA	NA	NA	0	0	0	1	NA	NA	NA	NA	NA
1_33	42255	42746	492	-1	0.417	11	TAAAA	NA	NA	NA	0	0	0	1	NA	NA	NA	NA	NA
1_34	42779	43573	795	-1	0.392	11	AATAA	GENOMAD.008223.CC	2.18e-48	176	0	0	0	1	NA	NA	NA	PF12864	NA
1_35	43581	44264	684	-1	0.417	11	AAAAA	GENOMAD.146269.CV	4.309e-70	237	0	0	0	1	NA	NA	NA	NA	NA
1_36	44361	45779	1419	1	0.434	11	None	GENOMAD.092230.VV	5.264e-12	71	0	0	0	2561	Caudoviricetes	NA	NA	PF05970;PF11750;K01144;COG1435;TIGR00678	PIF1-like helicase
1_37	45876	47609	1734	-1	0.454	11	TAAA	GENOMAD.141002.CP	2.288e-63	232	0	0	0	1	NA	NA	NA	PF12741;PF16339	Susd and RagB outer membrane lipoprotein
1_38	47631	51047	3417	-1	0.458	11	TAA	GENOMAD.128893.CP	8.46e-11	69	0	0	0	1	NA	NA	NA	PF14905;PF07715;PF00576;K19611;TIGR04056;COG4774	TonB-linked outer membrane protein, SusC/RagA family
1_39	51377	53602	2226	-1	0.466	11	None	GENOMAD.145606.CP	1.461e-127	428	0	0	0	1	NA	NA	NA	COG3537	Putative alpha-1,2-mannosidase
1_40	53984	56251	2268	-1	0.474	11	TAAA	GENOMAD.140646.CP	5.279e-180	582	0	0	0	1	NA	NA	NA	PF07971;PF17678;TIGR01180;COG3537;K03931	alpha-1,2-mannosidase, putative
1_41	56281	57279	999	-1	0.452	11	AAAAA	NA	NA	NA	0	0	0	1	NA	NA	NA	NA	NA
1_42	57332	57886	555	-1	0.459	11	TAA	NA	NA	NA	0	0	0	1	NA	NA	NA	NA	NA
1_43	57902	60103	2202	-1	0.464	11	TAA	GENOMAD.140646.CP	1.14e-179	580	0	0	0	1	NA	NA	NA	PF07971;PF17678;TIGR01180;COG3537;K03931	alpha-1,2-mannosidase, putative
1_44	60606	61799	1194	-1	0.477	11	AAA	GENOMAD.182163.CP	4.769e-05	48	0	0	0	1	NA	NA	NF033134	PF06779;TIGR04259;COG2223;K08221	oxalate/formate antiporter
1_45	61949	62803	855	1	0.418	11	TAA	NA	NA	NA	0	0	0	1	NA	NA	NA	NA	NA
1_46	63051	65669	2619	-1	0.467	11	AACAA	NA	NA	NA	0	0	0	1	NA	NA	NA	NA	NA
1_47	65773	66741	969	1	0.470	11	AAA	NA	NA	NA	0	0	0	1	NA	NA	NA	NA	NA
1_48	66756	67121	366	1	0.443	11	AAAAA	GENOMAD.160828.CP	2.967e-08	53	0	0	0	1	NA	NA	NA	PF16701;TIGR02044;K21902;COG0789	Cu(I)-responsive transcriptional regulator
1_49	67165	69411	2247	-1	0.439	11	TAA	GENOMAD.055411.CC	4.3e-14	79	0	0	0	2790	Microviridae	NA	NA	PF13291;COG0440;TIGR00119;K03721	Acetolactate synthase, small subunit
1_50	69480	70778	1299	-1	0.452	11	AACAA	NA	NA	NA	0	0	0	1	NA	NA	NA	NA	NA
1_51	70803	71672	870	-1	0.471	11	AAA	GENOMAD.004385.CC	1.128e-115	372	0	0	0	1	NA	NA	NA	NA	NA
1_52	71673	72563	891	-1	0.478	11	TAAA	GENOMAD.171760.PV	1.347e-05	49	0	0	0	1	NA	NA	NA	PF02195;TIGR03454;COG1475;K03497	plasmid partitioning protein RepB
1_53	72572	73339	768	-1	0.452	11	TAA	NA	NA	NA	0	0	0	1	NA	NA	NA	NA	NA
1_54	73844	74611	768	1	0.475	11	TAA	NA	NA	NA	0	0	0	1	NA	NA	NA	NA	NA
1_55	74608	75741	1134	1	0.474	11	AAA	GENOMAD.000143.CC	7.132e-109	357	0	0	0	2561	Caudoviricetes	NA	NA	PF02684;K00748;TIGR00215;COG0763	lipid-A-disaccharide synthase
1_56	75830	76570	741	1	0.439	11	TAAA	GENOMAD.029727.CC	2.305e-121	386	0	0	0	1	NA	NA	NA	PF17415;PF12667;PF16390	NigD-like C-terminal beta sandwich domain; NigD-like N-terminal OB domain
1_57	76681	77520	840	-1	0.452	11	TAAAAA	GENOMAD.118610.CP	2.614e-24	106	0	0	0	2561	Caudoviricetes	NA	NA	PF01148;COG4589	Cytidylyltransferase family
1_58	77536	79524	1989	-1	0.466	11	AATAA	NA	NA	NA	0	0	0	1	NA	NA	NA	NA	NA
1_59	79573	79932	360	-1	0.419	11	TAA	NA	NA	NA	0	0	0	1	NA	NA	NA	NA	NA
1_60	80449	82299	1851	-1	0.391	11	TAAAAA	GENOMAD.146596.CP	1.02e-141	464	0	0	0	1	NA	NA	NA	NA	NA
1_61	82418	83758	1341	-1	0.444	11	TAA	GENOMAD.114680.CP	4.299e-87	297	0	0	0	2561	Caudoviricetes	NA	NA	PF01769;PF03448;PF00478;K06213;TIGR00400;COG2239	Mg2+ transporter (mgtE)
1_62	83820	84662	843	-1	0.452	11	None	NA	NA	NA	0	0	0	1	NA	NA	NA	NA	NA
1_63	84712	85713	1002	1	0.417	11	TAA	GENOMAD.002004.CC	4.51e-49	181	0	0	0	1	NA	NA	NA	COG0392;K07027	Uncharacterized membrane protein YbhN, UPF0104 family
1_64	85917	87374	1458	1	0.436	11	TAA	GENOMAD.133563.CP	1.677e-110	367	0	0	0	2561	Caudoviricetes	NA	NA	PF01546;K01270;TIGR01893;COG0624	Xaa-His dipeptidase
1_65	88004	89686	1683	-1	0.424	11	TAAAAA	GENOMAD.123010.CP	3.346e-60	222	0	0	0	1	NA	NA	NA	NA	NA
1_66	89709	90860	1152	-1	0.424	11	TAAA	GENOMAD.012105.CC	2.179e-63	225	0	0	0	1	NA	NA	NA	PF14054	NA
1_67	90865	93615	2751	-1	0.437	11	AAA	GENOMAD.126163.CP	6.337e-32	138	0	0	0	1	NA	NA	NA	PF14905;PF07715;PF00576;PF03544;TIGR01783;COG4771;K16087	TonB-dependent siderophore receptor
1_68	93612	94352	741	-1	0.393	11	None	GENOMAD.025754.CC	2.859e-16	81	0	0	0	1	NA	NA	NA	NA	NA
1_69	94577	100357	5781	1	0.449	11	TAA	GENOMAD.151720.CP	3.518e-158	552	0	0	0	1	NA	NA	NA	PF17973;PF17972;PF07678;PF00207;PF01835;PF11974;COG2373;K06894	Uncharacterized conserved protein YfaS, alpha-2-macroglobulin family
1_70	100628	101716	1089	1	0.424	11	TAA	GENOMAD.107282.CP	3.681e-29	123	0	0	0	1	NA	NA	NA	PF14874;PF15780	Flagellar-associated PapD-like; Abnormal spindle-like microcephaly-assoc'd, ASPM-SPD-2-Hydin
1_71	101725	102816	1092	1	0.436	11	TAA	GENOMAD.121761.CP	9.974e-52	190	0	0	0	1	NA	NA	NA	PF03308;K07588;COG1703;TIGR00750	Putative periplasmic protein kinase ArgK or related GTPase of G3E family
1_72	102926	103867	942	-1	0.434	11	TAA	GENOMAD.141371.CP	9.673e-08	56	0	0	0	1	NA	NA	NA	PF06027;COG5070;TIGR03340;K03298	Nucleotide-sugar transporter
1_73	103926	104753	828	1	0.435	11	TAAA	NA	NA	NA	0	0	0	1	NA	NA	NA	NA	NA
1_74	104775	105791	1017	1	0.429	11	TAA	GENOMAD.210236.PC	3.399e-79	269	0	0	0	1	NA	NA	NA	PF14491	NA
1_75	105763	107010	1248	1	0.424	11	TAA	GENOMAD.137772.CP	7.046e-128	414	0	0	0	1	NA	NA	NA	COG0668;K03442	Small-conductance mechanosensitive channel
1_76	107052	107945	894	1	0.414	11	TAA	GENOMAD.147295.CP	4.558e-09	60	0	0	0	1	NA	NA	NA	PF14525;PF12833;K14063;TIGR02297;COG2207	4-hydroxyphenylacetate catabolism regulatory protein HpaA
1_77	108247	109119	873	-1	0.460	11	TAAAAA	GENOMAD.211730.VP	3.462e-20	94	0	0	0	2561	Caudoviricetes	NA	NA	PF14297	NA
1_78	109261	109608	348	-1	0.489	11	TAAA	GENOMAD.141308.VP	4.083e-11	61	0	0	0	2561	Caudoviricetes	NA	NA	PF10902	WYL_2, Sm-like SH3 beta-barrel fold
1_79	109707	110075	369	-1	0.339	11	TAAA	NA	NA	NA	0	0	0	1	NA	NA	NA	NA	NA
1_80	110654	111190	537	1	0.460	11	AATAA	NA	NA	NA	0	0	0	1	NA	NA	NA	NA	NA
1_81	111210	111698	489	1	0.483	11	TAA	NA	NA	NA	0	0	0	1	NA	NA	NA	NA	NA
1_82	111856	112737	882	1	0.379	11	TAA	NA	NA	NA	0	0	0	1	NA	NA	NA	NA	NA
1_83	112745	113158	414	1	0.316	11	None	NA	NA	NA	0	0	0	1	NA	NA	NA	NA	NA
1_84	113155	113565	411	1	0.355	11	TAAAAA	NA	NA	NA	0	0	0	1	NA	NA	NA	NA	NA
1_85	113583	114683	1101	1	0.363	11	TAA	GENOMAD.076433.VV	3.384e-23	105	0	0	0	2561	Caudoviricetes	NA	NA	PF01041;K13017;TIGR03588;COG0399	UDP-4-amino-4,6-dideoxy-N-acetyl-beta-L-altrosamine transaminase
1_86	114734	116245	1512	1	0.312	11	TAA	GENOMAD.176719.CP	5.749e-72	255	0	0	0	2561	Caudoviricetes	NA	NA	PF16933;TIGR01695;COG0728;K16694	murein biosynthesis integral membrane protein MurJ
1_87	116377	117699	1323	1	0.364	11	TAAA	NA	NA	NA	0	0	0	1	NA	NA	NA	NA	NA
1_88	117696	118841	1146	1	0.352	11	AAAA	NA	NA	NA	0	0	0	1	NA	NA	NA	NA	NA
1_89	118828	119967	1140	1	0.346	11	None	NA	NA	NA	0	0	0	1	NA	NA	NA	NA	NA
1_90	119982	120854	873	1	0.314	11	AATAA	NA	NA	NA	0	0	0	1	NA	NA	NA	NA	NA
1_91	120895	121755	861	1	0.328	11	TAA	NA	NA	NA	0	0	0	1	NA	NA	NA	NA	NA
1_92	121757	122818	1062	1	0.307	11	TAA	NA	NA	NA	0	0	0	1	NA	NA	NA	NA	NA
1_93	123043	123978	936	1	0.278	11	TAA	GENOMAD.216074.PC	2.229e-08	58	0	0	0	1	NA	NA	NA	PF14897;K19419	EpsG family
1_94	123985	125184	1200	1	0.346	11	TAA	NA	NA	NA	0	0	0	1	NA	NA	NA	NA	NA
1_95	125181	126206	1026	1	0.316	11	AATAA	NA	NA	NA	0	0	0	1	NA	NA	NA	NA	NA
1_96	126213	127241	1029	1	0.415	11	AATAA	NA	NA	NA	0	0	0	1	NA	NA	NA	NA	NA
1_97	127286	128437	1152	1	0.414	11	TAA	GENOMAD.166865.VC	0.0003785	45	0	0	0	3032	Kyanoviridae	NA	NA	PF00908;TIGR01221;COG1898	dTDP-4-dehydrorhamnose 3,5-epimerase
1_98	128451	129590	1140	1	0.425	11	TAA	NA	NA	NA	0	0	0	1	NA	NA	NA	NA	NA
1_99	129632	130852	1221	1	0.342	11	TAA	GENOMAD.136493.CP	9.442e-44	168	0	0	0	1	NA	NA	NA	PF02350;PF15924;K03208;TIGR04007;COG0297	colanic acid biosynthesis glycosyl transferase WcaI
1_100	130859	131755	897	1	0.373	11	None	NA	NA	NA	0	0	0	1	NA	NA	NA	NA	NA
1_101	131858	132808	951	1	0.427	11	TAA	NA	NA	NA	0	0	0	1	NA	NA	NA	NA	NA
1_102	132811	133398	588	1	0.481	11	TAAA	NA	NA	NA	0	0	0	1	NA	NA	NA	NA	NA
1_103	133829	134308	480	1	0.504	11	AAAA	NA	NA	NA	0	0	0	1	NA	NA	NA	NA	NA
1_104	134570	136117	1548	1	0.418	11	TAA	NA	NA	NA	0	0	0	1	NA	NA	NA	NA	NA
1_105	136188	137222	1035	-1	0.466	11	TAA	GENOMAD.132406.CP	7.603e-05	47	0	0	0	1	NA	NA	NA	PF00248;K07079;COG4989;TIGR01293	Predicted oxidoreductase
1_106	137367	139535	2169	1	0.455	11	TAAAAA	GENOMAD.123121.CP	5.557e-05	49	0	0	0	2561	Caudoviricetes	NA	NA	K01207;COG1472	Periplasmic beta-glucosidase and related glycosidases
1_107	139914	143051	3138	1	0.440	11	TAAA	GENOMAD.145895.CP	2.428e-19	97	0	0	0	1	NA	NA	NA	K21573;TIGR04056	TonB-linked outer membrane protein, SusC/RagA family
1_108	143077	144744	1668	1	0.451	11	AAA	GENOMAD.123514.CP	8.572e-26	116	0	0	0	2561	Caudoviricetes	NA	NA	PF12771;K21572;COG5510	Starch-binding associating with outer membrane
1_109	144744	145886	1143	1	0.421	11	AACAA	GENOMAD.170999.CP	8.54e-164	516	0	0	0	1	NA	NA	NA	PF18329;PF16400;TIGR03437	Surface glycan-binding protein B xyloglucan binding domain
1_110	146015	147796	1782	1	0.445	11	TAAAAA	GENOMAD.049302.CC	2.963e-54	205	0	0	0	1	NA	NA	NA	PF16126;COG3661	Alpha-glucuronidase
1_111	147799	149172	1374	1	0.458	11	TAAA	GENOMAD.049302.CC	7.71e-27	118	0	0	0	1	NA	NA	NA	PF16126;COG3661	Alpha-glucuronidase
1_112	149169	151016	1848	1	0.466	11	None	NA	NA	NA	0	0	0	1	NA	NA	NA	NA	NA
1_113	151013	152128	1116	1	0.461	11	AAA	NA	NA	NA	0	0	0	1	NA	NA	NA	NA	NA
1_114	152250	153551	1302	1	0.480	11	TAAAA	GENOMAD.161893.CP	3.146e-10	65	0	0	0	1	NA	NA	NA	PF03198;COG5309;K22836	Glucanosyltransferase
1_115	153554	155992	2439	1	0.508	11	AACAA	GENOMAD.121860.CP	2.382e-21	103	0	0	0	2561	Caudoviricetes	NA	NA	PF00933;K01207;COG1472	Periplasmic beta-glucosidase and related glycosidases
1_116	155998	157251	1254	1	0.498	11	TAAA	GENOMAD.095329.CP	4.25e-71	249	0	0	0	1	NA	NA	NA	PF01208;TIGR01463;COG0407;K01599	methyltransferase, MtaA/CmuA family
1_117	157405	158043	639	1	0.499	11	TAAA	GENOMAD.114433.CP	2.613e-17	83	0	0	0	1	NA	NA	NA	NA	NA
1_118	158046	158738	693	1	0.521	11	TAAA	GENOMAD.117100.CP	7.972e-35	135	0	0	0	1	NA	NA	NA	PF02965	Vitamin B12 dependent methionine synthase, activation domain
1_119	158745	159749	1005	1	0.500	11	TAAAAA	GENOMAD.113434.CP	4.835e-174	543	0	0	0	1	NA	NA	NA	PF01208;K14082;TIGR01463;COG0407	methyltransferase, MtaA/CmuA family
1_120	159841	160965	1125	1	0.500	11	TAA	GENOMAD.191182.VC	0.0003643	45	0	0	0	1	NA	NA	NA	COG3693	Endo-1,4-beta-xylanase, GH35 family
1_121	161002	162174	1173	1	0.512	11	TAAAAA	GENOMAD.179462.CP	1.685e-142	455	0	0	0	1	NA	NA	NA	PF08950;K18785;COG2152;TIGR01322	Predicted glycosyl hydrolase, GH43/DUF377 family
1_122	162191	163579	1389	1	0.501	11	AAAA	NA	NA	NA	0	0	0	1	NA	NA	NA	NA	NA
1_123	163576	164769	1194	1	0.496	11	AAA	GENOMAD.212587.CP	1.152e-05	50	0	0	0	1	NA	NA	NA	PF07221;K16213;COG2942	N-acylglucosamine 2-epimerase (GlcNAc 2-epimerase)
1_124	164839	166602	1764	1	0.505	11	None	GENOMAD.219237.CP	1.165e-157	509	0	0	0	1	NA	NA	NA	NA	NA
1_125	166609	168069	1461	1	0.507	11	TAAAA	GENOMAD.121700.CP	8.437e-121	397	0	0	0	1	NA	NA	NA	PF14583;K08676;COG1506;TIGR03866	Oligogalacturonate lyase
1_126	168073	169203	1131	1	0.503	11	TAAA	GENOMAD.179344.CP	5.883e-18	89	0	0	0	1	NA	NA	NA	PF14588;PF01042;TIGR04444;K18240;COG0251	chorismatase, FkbO/Hyg5 family
1_127	169236	169370	135	1	0.481	11	TAAAA	NA	NA	NA	0	0	0	1	NA	NA	NA	NA	NA
1_128	169853	171001	1149	-1	0.514	11	None	NA	NA	NA	0	0	0	1	NA	NA	NA	NA	NA
1_129	171171	172445	1275	-1	0.501	11	TAAA	GENOMAD.192649.CV	3.011e-10	65	0	0	0	1	NA	NA	NA	PF07602;PF16390;TIGR03808;COG3420	twin-arg-translocated uncharacterized repeat protein
1_130	172524	175223	2700	-1	0.504	11	TAAAAA	GENOMAD.001466.CC	0.0001469	48	0	0	0	1	NA	NA	NA	PF14905;PF07715;TIGR01779;COG4206;K16092	TonB-dependent vitamin B12 receptor
1_131	175461	178220	2760	1	0.476	11	TAAA	GENOMAD.130397.CP	3.732e-05	50	0	0	0	1	NA	NA	NA	PF04397;PF15714;COG2203;K02584;TIGR01817	LytTr DNA-binding domain; Stage V sporulation protein T C-terminal, transcription factor
1_132	178350	179786	1437	-1	0.496	11	TAAAAA	GENOMAD.109595.CP	4.779e-55	204	0	0	0	1	NA	NA	NA	PF00361;PF19530;K00343;COG1007;TIGR01770	NADH:ubiquinone oxidoreductase subunit 2 (chain N)
1_133	179794	181278	1485	-1	0.522	11	TAAA	GENOMAD.109407.CP	4.977e-20	97	0	0	0	1	NA	NA	NA	COG0651	Formate hydrogenlyase subunit 3/Multisubunit Na+/H+ antiporter, MnhD subunit
1_134	181291	183201	1911	-1	0.522	11	AACAA	GENOMAD.112737.CP	2.696e-41	166	0	0	0	1	NA	NA	NA	PF00361;PF00662;K22179;TIGR01960;COG1009	NAD(P)H dehydrogenase, subunit NdhF3 family
1_135	183258	183569	312	-1	0.439	11	TAAA	GENOMAD.116508.CP	2.784e-18	81	0	0	0	1	NA	NA	NA	PF00420;K05576;COG1006;TIGR00941	Multisubunit Na+/H+ antiporter, MnhC subunit
1_136	183576	184088	513	-1	0.493	11	AAAAA	GENOMAD.109986.CP	1.134e-49	175	0	0	0	1	NA	NA	NA	PF00499;K05578;COG0839	NADH:ubiquinone oxidoreductase subunit 6 (chain J)
1_137	184095	184574	480	-1	0.475	11	None	GENOMAD.124345.CV	1.473e-13	70	0	0	0	2561	Caudoviricetes	NA	NA	PF13484;K05580;COG1143;TIGR00403	Formate hydrogenlyase subunit 6/NADH:ubiquinone oxidoreductase 23 kD subunit (chain I)
1_138	184591	185667	1077	-1	0.503	11	TAA	GENOMAD.116611.CP	3.972e-65	229	0	0	0	1	NA	NA	NA	PF00146;K05572;COG1005	NADH:ubiquinone oxidoreductase subunit 1 (chain H)
1_139	185703	187295	1593	-1	0.510	11	TAA	NA	NA	NA	0	0	0	1	NA	NA	NA	NA	NA
1_140	187334	187915	582	-1	0.498	11	None	GENOMAD.115093.CP	4.229e-10	61	0	0	0	1	NA	NA	NA	PF01058;PF13484;K15832;COG0377;TIGR01957	NADH:ubiquinone oxidoreductase 20 kD subunit (chhain B) or related Fe-S oxidoreductase
1_141	187915	188265	351	-1	0.459	11	TAAA	GENOMAD.123559.CP	1.126e-08	54	0	0	0	1	NA	NA	NA	PF00507;K00330;COG0838	NADH:ubiquinone oxidoreductase subunit 3 (chain A)
1_142	188416	188793	378	-1	0.394	11	TAA	NA	NA	NA	0	0	0	1	NA	NA	NA	NA	NA
1_143	188927	190363	1437	-1	0.485	11	TAAA	NA	NA	NA	0	0	0	1	NA	NA	NA	NA	NA
1_144	190383	191723	1341	-1	0.500	11	None	NA	NA	NA	0	0	0	1	NA	NA	NA	NA	NA
1_145	191764	193710	1947	-1	0.508	11	TAAA	NA	NA	NA	0	0	0	1	NA	NA	NA	NA	NA
1_146	194361	195701	1341	-1	0.472	11	AATAA	GENOMAD.171225.CP	1.386e-09	63	0	0	0	1	NA	NA	NA	PF02129;TIGR03100;COG2267;K05714	exosortase A system-associated hydrolase 1
1_147	195698	196000	303	-1	0.436	11	TAAAAA	NA	NA	NA	0	0	0	1	NA	NA	NA	NA	NA
1_148	196165	197298	1134	-1	0.446	11	TAAAAA	GENOMAD.147684.CP	2.304e-10	65	0	0	0	1	NA	NA	NA	PF16401;COG4299;K07148	Predicted acyltransferase
1_149	197501	198148	648	1	0.460	11	TATAA	NA	NA	NA	0	0	0	1	NA	NA	NA	NA	NA
1_150	198224	199780	1557	-1	0.488	11	TAAA	NA	NA	NA	0	0	0	1	NA	NA	NA	NA	NA
1_151	199801	201879	2079	-1	0.482	11	TAAA	GENOMAD.189773.CP	4.39e-35	147	0	0	0	1	NA	NA	NA	PF05691;K06611	Raffinose synthase or seed imbibition protein Sip1
1_152	201888	203270	1383	-1	0.474	11	TAA	GENOMAD.171982.CP	5.041e-31	131	0	0	0	1	NA	NA	NA	PF07738	NA
1_153	203276	204721	1446	-1	0.467	11	TAA	GENOMAD.035394.CC	6.43e-05	48	0	0	0	1	NA	NA	NA	PF02995;TIGR03417;COG3119;K01138	Sulfatase
1_154	204839	206821	1983	-1	0.433	11	TAAAAA	GENOMAD.126246.CP	2.677e-09	63	0	0	0	1	NA	NA	NA	PF12771;K21572	Starch-binding associating with outer membrane
1_155	206834	210019	3186	-1	0.424	11	TAA	GENOMAD.126007.CP	2.058e-08	61	0	0	0	1	NA	NA	NA	PF15976;K21573;TIGR04056	TonB-linked outer membrane protein, SusC/RagA family
1_156	210204	214289	4086	1	0.409	11	TAAA	GENOMAD.126763.CP	4.255e-10	67	0	0	0	1	NA	NA	NA	PF08450;PF07495;K19693;COG3292	Periplasmic ligand-binding sensor domain
1_157	214361	215857	1497	-1	0.454	11	TAA	NA	NA	NA	0	0	0	1	NA	NA	NA	NA	NA
1_158	216263	217612	1350	1	0.453	11	TAAAA	GENOMAD.194487.CP	2.715e-13	75	0	0	0	1	NA	NA	NA	PF01120;PF07461;K01206;COG3669	Alpha-L-fucosidase; Nicotine adenine dinucleotide glycohydrolase (NADase)
1_159	217626	218873	1248	1	0.447	11	TAAAAA	GENOMAD.015871.CC	1.676e-235	725	0	0	0	1	NA	NA	NA	PF09113;PF09112	Peptide-N-glycosidase F, C terminal; Peptide-N-glycosidase F, N terminal
1_160	219284	222712	3429	-1	0.477	11	None	NA	NA	NA	0	0	0	1	NA	NA	NA	NA	NA
1_161	222809	223609	801	-1	0.436	11	None	NA	NA	NA	0	0	0	1	NA	NA	NA	NA	NA
1_162	223643	223870	228	-1	0.395	11	TAA	GENOMAD.114693.CP	7.647e-12	61	0	0	0	1	NA	NA	NA	PF02416;TIGR01410;COG1826;K03117	twin arginine-targeting protein translocase TatB
1_163	224042	224173	132	1	0.462	11	TAAA	NA	NA	NA	0	0	0	1	NA	NA	NA	NA	NA
1_164	224170	226716	2547	-1	0.474	11	AAAAA	GENOMAD.095319.CP	1.008e-27	124	1	0	0	1	NA	NA	NA	PF08245;PF02875;K01929;TIGR01143;COG0770	UDP-N-acetylmuramoyl-tripeptide--D-alanyl-D-alanine ligase
1_165	226695	227681	987	-1	0.449	11	TAGAA	NA	NA	NA	0	0	0	1	NA	NA	NA	NA	NA
1_166	228109	228474	366	1	0.388	11	AAAA	NA	NA	NA	0	0	0	1	NA	NA	NA	NA	NA
1_167	228512	229852	1341	1	0.408	11	TAA	GENOMAD.147647.CP	4.43e-33	137	0	0	0	1	NA	NA	NA	PF05569;K02547;COG4219	Signal transducer regulating beta-lactamase production, contains  metallopeptidase domain
1_168	229888	230001	114	1	0.316	11	AATAA	NA	NA	NA	0	0	0	1	NA	NA	NA	NA	NA
1_169	230077	232119	2043	1	0.415	11	TAA	NA	NA	NA	0	0	0	1	NA	NA	NA	NA	NA
1_170	232210	233385	1176	-1	0.367	11	TAA	GENOMAD.145943.CP	3.86e-13	74	0	0	0	1	NA	NA	NA	PF17170	6-bladed beta-propeller
1_171	233348	233659	312	-1	0.356	11	TAAA	NA	NA	NA	0	0	0	1	NA	NA	NA	NA	NA
1_172	233785	234786	1002	-1	0.409	11	AATAA	NA	NA	NA	0	0	0	1	NA	NA	NA	NA	NA
1_173	234800	235468	669	-1	0.405	11	TAA	GENOMAD.015348.CC	5.877e-55	193	0	0	0	1	NA	NA	NA	PF07929	Plasmid pRiA4b ORF-3-like protein
1_174	235498	236265	768	-1	0.440	11	AATAA	GENOMAD.000113.CC	6.123e-26	110	0	0	0	1	NA	NA	NA	PF13720	Udp N-acetylglucosamine O-acyltransferase; Domain 2
1_175	236275	237660	1386	-1	0.449	11	TAA	GENOMAD.118450.CP	8.617e-11	67	0	0	0	1	NA	NA	NA	PF07977;K02372;TIGR01750;COG4706	beta-hydroxyacyl-
1_176	237664	238704	1041	-1	0.438	11	TAAA	GENOMAD.087505.CP	5.441e-13	73	0	0	0	1	NA	NA	NA	PF04613;TIGR01853;COG1044	UDP-3-O-
1_177	238787	240016	1230	-1	0.457	11	AAA	NA	NA	NA	0	0	0	1	NA	NA	NA	NA	NA
1_178	240016	240840	825	-1	0.442	11	AATAA	GENOMAD.137826.CP	0.0002063	45	0	0	0	1	NA	NA	NA	TIGR02127;COG0284	orotidine 5'-phosphate decarboxylase, subfamily 2
1_179	240889	242001	1113	-1	0.473	11	TAA	GENOMAD.058649.CP	6.838e-21	98	0	0	0	1	NA	NA	NA	PF03462;COG0216;TIGR00019	PCRF domain
1_180	242121	243287	1167	-1	0.488	11	AATAA	NA	NA	NA	0	0	0	1	NA	NA	NA	NA	NA
1_181	243415	243600	186	1	0.387	11	TAAA	NA	NA	NA	0	0	0	1	NA	NA	NA	NA	NA
1_182	243575	243703	129	1	0.372	11	TAAAA	NA	NA	NA	0	0	0	1	NA	NA	NA	NA	NA
1_183	243935	244516	582	-1	0.476	11	AAAAA	NA	NA	NA	0	0	0	1	NA	NA	NA	NA	NA
1_184	244567	245490	924	-1	0.496	11	None	GENOMAD.158196.CV	1.073e-26	114	0	0	0	1	NA	NA	NA	COG1512	Uncharacterized membrane protein YgcG, contains a TPM-fold domain
1_185	245492	246442	951	-1	0.465	11	AATAA	GENOMAD.145693.CP	3.662e-06	51	0	0	0	1	NA	NA	NA	PF08538;TIGR01607;COG0429;K06889	Plasmodium subtelomeric family (PST-A)
1_186	246442	247185	744	-1	0.402	11	TAA	NA	NA	NA	0	0	0	1	NA	NA	NA	NA	NA
1_187	247212	247949	738	-1	0.458	11	TAAAA	GENOMAD.109687.CP	8.64e-29	118	0	0	0	1	NA	NA	NA	PF06859;TIGR01934;COG4627;K24451	ubiquinone/menaquinone biosynthesis methyltransferases
1_188	248072	249013	942	-1	0.444	11	TAA	NA	NA	NA	0	0	0	1	NA	NA	NA	NA	NA
1_189	249033	250046	1014	-1	0.433	11	TAAA	GENOMAD.160303.VC	6.424e-09	60	0	0	0	2561	Caudoviricetes	NA	NA	PF02562;COG1618;TIGR00041;K21499	PhoH-like protein
1_190	250210	250890	681	1	0.396	11	TAAAAA	GENOMAD.039652.CC	3.119e-55	194	0	0	0	1	NA	NA	NA	PF18979	NA
1_191	250966	252603	1638	-1	0.440	11	AAAAA	NA	NA	NA	0	0	0	1	NA	NA	NA	NA	NA
1_192	252627	253124	498	-1	0.410	11	TAAA	GENOMAD.176629.VC	3.7e-93	300	0	0	0	2561	Caudoviricetes	NA	NA	PF01957;COG1585	NfeD-like C-terminal, partner-binding
1_193	253278	255065	1788	1	0.430	11	AAA	NA	NA	NA	0	0	0	1	NA	NA	NA	NA	NA
1_194	255097	256251	1155	1	0.432	11	TAAAA	GENOMAD.002080.CC	2.765e-38	151	0	0	0	2561	Caudoviricetes	NA	NA	PF01613;TIGR02296;COG1853	4-hydroxyphenylacetate 3-monooxygenase, reductase component
1_195	256332	257090	759	1	0.458	11	AAAA	GENOMAD.147411.CP	2.852e-59	207	0	0	0	2561	Caudoviricetes	NA	NA	PF01416;TIGR00071;COG0101;K15452	tRNA pseudouridine(38-40) synthase
1_196	257114	258013	900	1	0.442	11	TAAA	GENOMAD.151421.CP	1.102e-74	254	0	0	0	1	NA	NA	NA	PF06027;TIGR03340;COG5070;K15270	phosphonate utilization associated putative membrane protein
1_197	258041	258694	654	1	0.443	11	AACAA	GENOMAD.216413.CV	1.109e-106	342	0	0	0	2561	Caudoviricetes	NA	NA	PF11644	NA
1_198	258675	259760	1086	-1	0.458	11	TAAAAA	NA	NA	NA	0	0	0	1	NA	NA	NA	NA	NA
1_199	259782	263117	3336	-1	0.484	11	TAA	NA	NA	NA	0	0	0	1	NA	NA	NA	NA	NA
1_200	263143	264027	885	-1	0.451	11	None	NA	NA	NA	0	0	0	1	NA	NA	NA	NA	NA
1_201	264145	265539	1395	-1	0.487	11	AAA	GENOMAD.170689.PC	3.151e-57	210	0	0	0	1	NA	NA	NA	PF16490	NA
1_202	266642	268909	2268	-1	0.530	11	TAA	GENOMAD.176514.CP	1.193e-11	71	0	0	0	1	NA	NA	NA	NA	Acid trehalase
1_203	268924	269220	297	1	0.438	11	TAAAAA	NA	NA	NA	0	0	0	1	NA	NA	NA	NA	NA
1_204	269092	271863	2772	-1	0.499	11	TAAA	GENOMAD.145692.CP	2.822e-07	57	0	0	0	1	NA	NA	NA	K01190;COG3250	Beta-galactosidase/beta-glucuronidase
1_205	271990	275283	3294	-1	0.496	11	TAAAA	GENOMAD.012360.CC	1.553e-117	410	0	0	0	1	NA	NA	NA	PF17128;TIGR02636;COG2017	galactose mutarotase
1_206	275297	276676	1380	-1	0.481	11	TAAA	NA	NA	NA	0	0	0	1	NA	NA	NA	NA	NA
1_207	276814	277710	897	1	0.443	11	None	GENOMAD.121499.VV	0.0002441	45	0	0	0	2561	Caudoviricetes	NA	NA	PF08007;TIGR03037	JmjC domain
1_208	277769	280420	2652	-1	0.465	11	TAA	GENOMAD.126148.CP	4.936e-10	66	0	0	0	1	NA	NA	NA	K01207;COG1472	Periplasmic beta-glucosidase and related glycosidases
1_209	280527	281963	1437	-1	0.434	11	TAA	GENOMAD.121700.CP	1.21e-132	431	0	0	0	1	NA	NA	NA	PF14583;K08676;COG1506;TIGR03866	Oligogalacturonate lyase
1_210	281975	283450	1476	-1	0.381	11	None	GENOMAD.220096.CP	1.761e-73	259	0	0	0	1	NA	NA	NA	NA	NA
1_211	283526	285163	1638	-1	0.428	11	TATAA	GENOMAD.123514.CP	1.783e-32	137	0	0	0	2561	Caudoviricetes	NA	NA	PF12771;K21572;COG5510	Starch-binding associating with outer membrane
1_212	285185	288502	3318	-1	0.407	11	TAA	GENOMAD.163503.VV	4.651e-05	50	0	0	0	2561	Caudoviricetes	NA	NA	NA	NA
1_213	288755	289741	987	-1	0.376	11	TAA	NA	NA	NA	0	0	0	1	NA	NA	NA	NA	NA
1_214	289866	290441	576	-1	0.351	11	TAAAAA	NA	NA	NA	0	0	0	1	NA	NA	NA	NA	NA
1_215	291250	291360	111	1	0.261	11	AAAAA	NA	NA	NA	0	0	0	1	NA	NA	NA	NA	NA
1_216	291332	294643	3312	1	0.372	11	TAA	GENOMAD.133120.CP	2.851e-06	54	0	0	0	1	NA	NA	NA	K21573;TIGR04056	TonB-linked outer membrane protein, SusC/RagA family
1_217	294657	296423	1767	1	0.387	11	TAAA	GENOMAD.130052.CP	5.66e-22	104	0	0	0	2561	Caudoviricetes	NA	NA	PF12741;K21572	Susd and RagB outer membrane lipoprotein
1_218	296719	300129	3411	1	0.398	11	TAA	NA	NA	NA	0	0	0	1	NA	NA	NA	NA	NA
1_219	300158	301918	1761	1	0.409	11	TAAAAA	GENOMAD.126246.CP	6.835e-15	81	0	0	0	1	NA	NA	NA	PF12771;K21572	Starch-binding associating with outer membrane
1_220	302230	305622	3393	1	0.394	11	TAA	GENOMAD.005001.VV	0.0001926	48	0	0	0	2561	Caudoviricetes	NA	NA	COG3500	Phage protein D
1_221	305638	307416	1779	1	0.412	11	TAAAAA	GENOMAD.130226.CP	2.034e-16	86	0	0	0	2561	Caudoviricetes	NA	NA	PF12771;K21572	Starch-binding associating with outer membrane
1_222	307500	308750	1251	-1	0.470	11	TAA	GENOMAD.170689.PC	6.652e-62	222	0	0	0	1	NA	NA	NA	PF16490	NA
1_223	309051	309545	495	-1	0.400	11	AAAAA	NA	NA	NA	0	0	0	1	NA	NA	NA	NA	NA
1_224	309631	310314	684	-1	0.465	11	AAAA	GENOMAD.153263.CV	2.643e-26	110	0	0	0	1	NA	NA	NA	PF10858;COG4649;TIGR02795	Tetratricopeptide repeat-like domain
1_225	310475	311587	1113	1	0.447	11	AAA	GENOMAD.095931.CV	2.048e-30	127	0	0	0	1	NA	NA	NA	PF11398;K03629;TIGR00611;COG1195	recF protein
1_226	311584	311874	291	1	0.412	11	AAAAA	GENOMAD.101264.CP	5.297e-09	54	0	0	0	1	NA	NA	NA	PF05258;COG5512	Predicted  nucleic acid-binding protein, contains Zn-ribbon domain (includes truncated derivatives)
1_227	311887	313569	1683	-1	0.405	11	TAAAA	NA	NA	NA	0	0	0	1	NA	NA	NA	NA	NA
1_228	313737	314525	789	-1	0.470	11	None	NA	NA	NA	0	0	0	1	NA	NA	NA	NA	NA
1_229	314522	314977	456	-1	0.480	11	TAA	GENOMAD.136233.CP	7.992e-06	47	0	0	0	1	NA	NA	NA	PF01812;COG0212;TIGR02727;K01934	5-formyltetrahydrofolate cyclo-ligase
1_230	314982	316709	1728	-1	0.480	11	TAA	NA	NA	NA	0	0	0	1	NA	NA	NA	NA	NA
1_231	316788	317225	438	-1	0.457	11	TAA	GENOMAD.160798.VP	7.318e-17	79	0	0	0	2561	Caudoviricetes	NA	NA	PF18774;K01493;COG2131;TIGR02571	Deoxycytidylate deaminase
1_232	317237	317734	498	-1	0.386	11	TAAAAA	NA	NA	NA	0	0	0	1	NA	NA	NA	NA	NA
1_233	317724	319799	2076	-1	0.456	11	None	GENOMAD.141975.CP	2.864e-09	63	0	0	0	1	NA	NA	NA	PF01401;TIGR02290;COG0339;K01410	Angiotensin-converting enzyme
1_234	320045	321046	1002	-1	0.432	11	TAAA	NA	NA	NA	0	0	0	1	NA	NA	NA	NA	NA
1_235	321186	321626	441	1	0.420	11	TAAA	NA	NA	NA	0	0	0	1	NA	NA	NA	NA	NA
1_236	321657	323180	1524	1	0.469	11	TAA	GENOMAD.032975.CC	1.496e-27	121	1	0	0	2561	Caudoviricetes	NA	NA	PF00958;PF13638;PF09002;TIGR03642;K07158;COG1875	GMP synthase C terminal domain; PIN domain
1_237	323434	325485	2052	-1	0.451	11	TAA	GENOMAD.126246.CP	2.512e-12	73	0	0	0	1	NA	NA	NA	PF12771;K21572	Starch-binding associating with outer membrane
1_238	325501	328767	3267	-1	0.471	11	AACAA	GENOMAD.128893.CP	9.843e-12	72	0	0	0	1	NA	NA	NA	PF14905;PF07715;PF00576;K19611;TIGR04056;COG4774	TonB-linked outer membrane protein, SusC/RagA family
1_239	329706	331709	2004	-1	0.402	11	TAAA	GENOMAD.126246.CP	2.128e-15	83	0	0	0	1	NA	NA	NA	PF12771;K21572	Starch-binding associating with outer membrane
1_240	331722	334985	3264	-1	0.438	11	AACAA	GENOMAD.145895.CP	1.055e-08	62	0	0	0	1	NA	NA	NA	K21573;TIGR04056	TonB-linked outer membrane protein, SusC/RagA family
1_241	335573	335719	147	-1	0.374	11	None	NA	NA	NA	0	0	0	1	NA	NA	NA	NA	NA
1_242	335719	335868	150	-1	0.393	11	TAA	NA	NA	NA	0	0	0	1	NA	NA	NA	NA	NA
1_243	335921	336778	858	1	0.436	11	TAA	NA	NA	NA	0	0	0	1	NA	NA	NA	NA	NA
1_244	336783	337796	1014	1	0.444	11	TAA	GENOMAD.011536.CC	7.417e-68	236	0	0	0	1	NA	NA	NA	TIGR03514	gliding motility-associated lipoprotein GldB
1_245	337824	338528	705	1	0.472	11	TAAAAA	NA	NA	NA	0	0	0	1	NA	NA	NA	NA	NA
1_246	338494	339612	1119	-1	0.442	11	TAAAAA	GENOMAD.029082.CC	6.658e-207	640	0	0	0	1	NA	NA	NA	COG1443;TIGR02150	Isopentenyldiphosphate isomerase
1_247	339677	340543	867	-1	0.513	11	AAAA	GENOMAD.121663.CP	1.425e-55	198	0	0	0	1	NA	NA	NA	PF13394;TIGR00510;COG0320	lipoate synthase
1_248	340719	342929	2211	-1	0.482	11	TAAAAA	GENOMAD.124454.CP	1.133e-44	178	0	0	0	2561	Caudoviricetes	NA	NA	K01278;COG1770	Protease II
1_249	343457	344185	729	1	0.466	11	AACAA	GENOMAD.006082.CC	2.344e-84	279	0	0	0	1	NA	NA	NA	COG4758;K11622	Predicted membrane protein
1_250	344195	345037	843	1	0.508	11	AATAA	NA	NA	NA	0	0	0	1	NA	NA	NA	NA	NA
1_251	345224	346159	936	1	0.465	11	AAAAA	GENOMAD.136058.VC	9.933e-50	182	0	0	0	2561	Caudoviricetes	NA	NA	PF16199;K07139;TIGR01212;COG1242	radical SAM protein, TIGR01212 family
1_252	346273	347472	1200	1	0.452	11	TAAA	GENOMAD.114949.CP	7.64e-77	265	0	0	0	2561	Caudoviricetes	NA	NA	PF12724;PF19583;K12264;COG0426;TIGR01753	Flavorubredoxin
1_253	347512	348324	813	1	0.459	11	TAAAAA	GENOMAD.195837.CP	9.684e-05	46	0	0	0	1	NA	NA	NA	PF01182;TIGR00502;COG0363;K02080	glucosamine-6-phosphate isomerase
1_254	348424	348849	426	-1	0.437	11	AACAA	GENOMAD.221217.CP	5.078e-45	160	0	0	0	1	NA	NA	NA	PF20203;PF20205;COG5567	Predicted small periplasmic lipoprotein YifL (function unknown)
1_255	348914	349528	615	-1	0.496	11	TAAA	GENOMAD.100154.CP	4.595e-40	149	1	0	0	2561	Caudoviricetes	NA	NA	PF01300;COG0009;TIGR00057;K07566	tRNA A37 threonylcarbamoyladenosine synthetase subunit TsaC/SUA5/YrdC
1_256	349538	352051	2514	-1	0.468	11	AACAA	GENOMAD.005945.CC	6.259e-15	82	0	0	0	1	NA	NA	NA	PF13502;PF13116;TIGR02099;COG3164	TIGR02099 family protein
1_257	352281	354281	2001	-1	0.503	11	None	NA	NA	NA	0	0	0	1	NA	NA	NA	NA	NA
1_258	354283	355068	786	-1	0.485	11	TAA	GENOMAD.154591.CP	2.089e-05	48	0	0	0	1	NA	NA	NA	PF05116;TIGR02471;COG3769;K22223	sucrose-phosphate synthase, sucrose phosphatase-like domain, bacterial
1_259	355239	356423	1185	1	0.474	11	TAAAAA	NA	NA	NA	0	0	0	1	NA	NA	NA	NA	NA
1_260	356455	357690	1236	1	0.477	11	TAAAAA	NA	NA	NA	0	0	0	1	NA	NA	NA	NA	NA
1_261	357716	358300	585	1	0.414	11	AAA	NA	NA	NA	0	0	0	1	NA	NA	NA	NA	NA
1_262	358410	359516	1107	1	0.442	11	TAA	NA	NA	NA	0	0	0	1	NA	NA	NA	NA	NA
1_263	359707	360150	444	1	0.401	11	AACAA	NA	NA	NA	0	0	0	1	NA	NA	NA	NA	NA
1_264	360173	360916	744	-1	0.402	11	AAAAA	NA	NA	NA	0	0	0	1	NA	NA	NA	NA	NA
1_265	361032	361628	597	1	0.402	11	AAAAA	NA	NA	NA	0	0	0	1	NA	NA	NA	NA	NA
1_266	361671	362363	693	-1	0.430	11	TAAA	GENOMAD.027727.CC	0.0006004	43	0	0	0	1	NA	NA	NA	COG0705;K19225	Membrane associated serine protease, rhomboid family
1_267	362534	364474	1941	1	0.435	11	TAAA	GENOMAD.117183.CP	5.199e-69	251	0	0	0	1	NA	NA	NA	PF12439;TIGR01561;COG3408	Glycogen debranching enzyme N terminal
1_268	364501	365763	1263	1	0.438	11	AAA	NA	NA	NA	0	0	0	1	NA	NA	NA	NA	NA
1_269	365776	367164	1389	1	0.418	11	TAAA	GENOMAD.001938.CC	8.092e-140	451	0	0	0	1	NA	NA	NA	PF01074;K07405;COG1543;TIGR02764	Predicted glycosyl hydrolase, contains GH57 and DUF1957 domains
1_270	367383	368870	1488	-1	0.398	11	None	GENOMAD.018001.CC	4.72e-71	252	0	0	0	1	NA	NA	NA	PF14092;PF16408;COG5510	NA
1_271	368893	369717	825	-1	0.427	11	None	GENOMAD.124232.CP	9.261e-93	305	0	0	0	1	NA	NA	NA	PF08323;TIGR02094;K13679;COG0297	alpha-glucan phosphorylases
1_272	369964	370812	849	1	0.441	11	TAAA	NA	NA	NA	0	0	0	1	NA	NA	NA	NA	NA
1_273	370834	371187	354	1	0.407	11	AAAAA	NA	NA	NA	0	0	0	1	NA	NA	NA	NA	NA
1_274	371371	373659	2289	-1	0.480	11	AACAA	GENOMAD.113526.CP	3.896e-53	205	0	0	0	2561	Caudoviricetes	NA	NA	PF14691;TIGR01316;K00266;COG0493	glutamate synthase (NADPH), homotetrameric
1_275	373801	375012	1212	-1	0.457	11	AAA	NA	NA	NA	0	0	0	1	NA	NA	NA	NA	NA
1_276	375105	376379	1275	-1	0.467	11	TAAA	NA	NA	NA	0	0	0	1	NA	NA	NA	NA	NA
1_277	376536	376805	270	-1	0.433	11	TAAA	GENOMAD.080397.CV	2.486e-36	132	1	0	0	2561	Caudoviricetes	NA	NA	PF01016;COG0211;TIGR00062	Ribosomal protein L27
1_278	376829	377146	318	-1	0.406	11	None	GENOMAD.080110.CV	1.335e-26	105	1	0	0	1	NA	NA	NA	PF00829;TIGR00061;K02888;COG0261	ribosomal protein L21
1_279	377949	378635	687	-1	0.464	11	TAAAAA	NA	NA	NA	0	0	0	1	NA	NA	NA	NA	NA
1_280	378665	379180	516	-1	0.510	11	TAAAAA	GENOMAD.154677.VC	5.781e-05	45	0	0	0	2561	Caudoviricetes	NA	NA	PF06940;K13695;TIGR02219;COG3738	putative phage cell wall peptidase, NlpC/P60 family
1_281	379187	379891	705	-1	0.396	11	AAAAA	NA	NA	NA	0	0	0	1	NA	NA	NA	NA	NA
1_282	379922	381403	1482	-1	0.434	11	TAAA	GENOMAD.027278.CC	5.614e-130	424	0	0	0	1	NA	NA	NA	K07087	NA
1_283	381565	384384	2820	-1	0.440	11	AAAAA	GENOMAD.011616.CC	4.935e-13	76	0	0	0	1	NA	NA	NA	PF05193;PF00675;COG1026;TIGR02110;K07263	Zn-dependent peptidase, M16 (insulinase) family
1_284	384540	385343	804	-1	0.450	11	TAAA	NA	NA	NA	0	0	0	1	NA	NA	NA	NA	NA
1_285	385359	386285	927	-1	0.458	11	TAA	GENOMAD.129056.CP	0.0005327	44	0	0	0	1	NA	NA	NA	PF00781;PF19279;TIGR03702;K07029;COG1597	lipid kinase YegS
1_286	386510	387430	921	-1	0.460	11	AATAA	NA	NA	NA	0	0	0	1	NA	NA	NA	NA	NA
1_287	387650	388855	1206	-1	0.442	11	TAA	GENOMAD.032464.CC	8.611e-42	162	0	0	0	1	NA	NA	NA	PF12704;PF02687;TIGR01185;COG4591;K09808	DevC protein
1_288	388852	389532	681	-1	0.427	11	TAAAA	NA	NA	NA	0	0	0	1	NA	NA	NA	NA	NA
1_289	389507	391060	1554	-1	0.421	11	TAAA	GENOMAD.034416.CC	2.905e-33	139	0	0	0	1	NA	NA	NA	PF16120	NA
1_290	391087	391776	690	-1	0.449	11	AATAA	GENOMAD.060067.CP	1.729e-54	192	1	0	0	1	NA	NA	NA	PF04452;PF20260;TIGR00046;COG1385;K09761	RNA methyltransferase, RsmE family
1_291	391782	392351	570	-1	0.456	11	AATAA	GENOMAD.108589.CP	1.752e-25	106	0	0	0	1	NA	NA	NA	PF02577;COG1259;K08999	Bifunctional DNase/RNase
1_292	392354	393586	1233	-1	0.439	11	TAAAAA	GENOMAD.140822.CP	1.586e-55	203	0	0	0	1	NA	NA	NA	K11537;COG2814	Predicted arabinose efflux permease, MFS family
1_293	393953	395131	1179	-1	0.469	11	AATAA	GENOMAD.086164.CV	2.372e-90	304	0	0	0	2561	Caudoviricetes	NA	NA	PF10672;PF17785;K06969;COG1092;TIGR00095	23S rRNA G2069 N7-methylase RlmK or C1962 C5-methylase RlmI
1_294	395159	395806	648	-1	0.463	11	AATAA	NA	NA	NA	0	0	0	1	NA	NA	NA	NA	NA
1_295	395813	396448	636	-1	0.440	11	None	GENOMAD.024385.CC	8.254e-36	137	0	0	0	1	NA	NA	NA	PF16702	NA
1_296	396561	399050	2490	1	0.458	11	TAA	NA	NA	NA	0	0	0	1	NA	NA	NA	NA	NA
1_297	399075	399716	642	1	0.456	11	TAAA	GENOMAD.005517.CC	2.444e-87	286	0	0	0	1	NA	NA	NA	PF16584;TIGR00547;COG2834;K03634	periplasmic chaperone LolA
1_298	399773	400720	948	1	0.476	11	TAAA	NA	NA	NA	0	0	0	1	NA	NA	NA	NA	NA
1_299	401056	403500	2445	-1	0.476	11	None	GENOMAD.142037.CP	5.872e-22	105	0	0	0	2561	Caudoviricetes	NA	NA	PF00728;PF02838;COG3525;K12373	N-acetyl-beta-hexosaminidase
1_300	403546	404247	702	-1	0.462	11	None	GENOMAD.132926.CP	1.559e-05	48	0	0	0	1	NA	NA	NA	PF15977;PF00027;K21563;COG0664;TIGR03697	cAMP-binding domain of CRP or a regulatory subunit of cAMP-dependent protein kinases
1_301	404795	406984	2190	-1	0.492	11	TAAAAA	GENOMAD.120657.CP	3.775e-10	66	0	0	0	2561	Caudoviricetes	NA	NA	PF00120;COG3968;TIGR03105;K01915	Glutamine synthetase type III
1_302	407020	407133	114	-1	0.289	11	AATAA	NA	NA	NA	0	0	0	1	NA	NA	NA	NA	NA
1_303	407196	409415	2220	1	0.434	11	TAAA	GENOMAD.132311.CV	0.0	1215	0	0	0	1	NA	NA	NA	PF18939	NA
1_304	409430	409576	147	-1	0.388	11	TAAAAA	NA	NA	NA	0	0	0	1	NA	NA	NA	NA	NA
1_305	409619	410734	1116	1	0.454	11	TAA	NA	NA	NA	0	0	0	1	NA	NA	NA	NA	NA
1_306	410876	412669	1794	1	0.434	11	TAAA	GENOMAD.162299.VC	8.723e-05	48	0	0	0	2561	Caudoviricetes	NA	NA	TIGR00717	ribosomal protein S1
1_307	412793	413707	915	1	0.466	11	AAA	GENOMAD.115255.CP	7.924e-07	53	1	0	0	1	NA	NA	NA	PF12706;TIGR02651;COG1234;K06167	ribonuclease Z
1_308	413780	414331	552	1	0.451	11	AAA	NA	NA	NA	0	0	0	1	NA	NA	NA	NA	NA
1_309	414349	414762	414	1	0.425	11	TAA	GENOMAD.218294.CV	4.174e-20	88	0	0	0	2561	Caudoviricetes	NA	NA	PF16479	NA
1_310	414791	415243	453	1	0.400	11	AATAA	GENOMAD.012531.CC	1.918e-51	179	0	0	0	1	NA	NA	NA	PF13801;PF05736;COG3678	Heavy-metal resistance; OprF membrane domain
1_311	415414	416199	786	-1	0.444	11	AATAA	GENOMAD.097849.CV	9.691e-36	139	0	0	0	2561	Caudoviricetes	NA	NA	PF00590;PF03819;K02499;COG3956;TIGR00444	Uncharacterized conserved protein YabN, contains tetrapyrrole methylase and MazG-like pyrophosphatase domain
1_312	416202	417266	1065	-1	0.431	11	AAGAA	GENOMAD.012480.CC	1.448e-126	407	0	0	0	1	NA	NA	NA	PF12725	NA
1_313	417383	420013	2631	1	0.452	11	TAAAA	NA	NA	NA	0	0	0	1	NA	NA	NA	NA	NA
1_314	420139	422025	1887	1	0.428	11	AAA	NA	NA	NA	0	0	0	1	NA	NA	NA	NA	NA
1_315	422049	422669	621	-1	0.427	11	TAAAAA	GENOMAD.176805.VV	0.0004556	43	0	0	0	1	NA	NA	NA	PF07638;TIGR02895;COG1595;K03091	RNA polymerase sigma-I factor
1_316	422735	423757	1023	1	0.436	11	TAA	GENOMAD.133618.CP	4.104e-11	67	0	0	0	1	NA	NA	NA	PF04773;PF16220;COG3712	periplasmic ferric-dicitrate binding protein FecR, regulates iron transport through sigma-19
1_317	424009	427311	3303	1	0.420	11	AAAAA	GENOMAD.121280.CP	5.331e-09	63	0	0	0	1	NA	NA	NA	PF14905;PF07715;K16089;TIGR01779;COG4206	TonB-dependent vitamin B12 receptor
1_318	427325	428845	1521	1	0.427	11	TAAA	GENOMAD.141002.CP	9.495e-19	93	0	0	0	1	NA	NA	NA	PF12741;PF16339	Susd and RagB outer membrane lipoprotein
1_319	428931	429962	1032	1	0.412	11	TAA	NA	NA	NA	0	0	0	1	NA	NA	NA	NA	NA
1_320	430046	431119	1074	1	0.399	11	TAA	NA	NA	NA	0	0	0	1	NA	NA	NA	NA	NA
1_321	431326	431901	576	-1	0.385	11	TAAA	NA	NA	NA	0	0	0	1	NA	NA	NA	NA	NA
1_322	432037	433044	1008	1	0.401	11	None	NA	NA	NA	0	0	0	1	NA	NA	NA	NA	NA
1_323	433212	436592	3381	1	0.415	11	TAA	GENOMAD.129070.CP	7.243e-07	56	0	0	0	1	NA	NA	NA	PF15976;K21573;TIGR04056	TonB-linked outer membrane protein, SusC/RagA family
1_324	436599	438239	1641	1	0.450	11	TAAAA	GENOMAD.123514.CP	1.038e-27	122	0	0	0	2561	Caudoviricetes	NA	NA	PF12771;K21572;COG5510	Starch-binding associating with outer membrane
1_325	438256	439821	1566	1	0.469	11	TAA	NA	NA	NA	0	0	0	1	NA	NA	NA	NA	NA
1_326	439998	441557	1560	1	0.463	11	AACAA	NA	NA	NA	0	0	0	1	NA	NA	NA	NA	NA
1_327	441651	442097	447	-1	0.391	11	TAAAAA	GENOMAD.219622.VC	5.025e-40	146	0	0	0	1	NA	NA	NA	NA	NA
1_328	442162	443262	1101	-1	0.427	11	TAAAAA	GENOMAD.170114.CV	4.827e-190	591	0	0	0	1	NA	NA	NA	PF19867;COG4380	NA
1_329	443383	446712	3330	-1	0.471	11	AATAA	NA	NA	NA	0	0	0	1	NA	NA	NA	NA	NA
1_330	446820	448394	1575	-1	0.488	11	AAAAA	GENOMAD.003233.CC	2.912e-144	467	0	0	0	1	NA	NA	NA	PF00884;COG3379;TIGR02335;K01130	Predicted phosphohydrolase or phosphomutase, AlkP superfamily
1_331	448391	449596	1206	-1	0.467	11	AAA	GENOMAD.137314.CP	2.494e-124	403	0	0	0	1	NA	NA	NA	NA	NA
1_332	450208	450876	669	1	0.401	11	AAA	GENOMAD.132298.CP	1.593e-42	157	0	0	0	1	NA	NA	NA	PF03309;COG1521;TIGR00671;K03525	Pantothenate kinase type III
1_333	450863	452137	1275	1	0.416	11	TAAA	GENOMAD.003251.CC	5.343e-106	351	0	0	0	1	NA	NA	NA	PF03349;COG2067;K06076;TIGR03519	Outer membrane protein transport protein (OMPP1/FadL/TodX)
1_334	452183	453508	1326	1	0.407	11	TAAA	GENOMAD.004111.CC	3.111e-61	221	0	0	0	1	NA	NA	NA	PF17004;COG5010;TIGR00540;K02656	Flp pilus assembly protein TadD, contains TPR repeats
1_335	453627	454130	504	1	0.437	11	AATAA	GENOMAD.003277.CC	3.38e-53	185	0	0	0	1	NA	NA	NA	PF06835;TIGR04409;COG3117;K11719	LPS export ABC transporter periplasmic protein LptC
1_336	454133	455389	1257	1	0.408	11	TAAA	NA	NA	NA	0	0	0	1	NA	NA	NA	NA	NA
1_337	455510	457648	2139	1	0.419	11	TAAA	GENOMAD.002164.CC	0.0	1257	0	0	0	1	NA	NA	NA	PF13623;PF13145;PF13616;K03770;TIGR04142;COG0760	putative peptidyl-prolyl cis-trans isomerase, LIC12922 family
1_338	457826	458860	1035	1	0.447	11	TAAA	GENOMAD.162560.VC	2.472e-07	55	0	0	0	2561	Caudoviricetes	NA	NF000424	PF04055;TIGR04432;K06941;COG0820	23S rRNA (adenine(2503)-C(8))-methyltransferase Cfr
1_339	458936	459982	1047	1	0.431	11	TAA	GENOMAD.008471.CC	2.301e-39	153	0	0	0	1	NA	NA	NA	PF16125	NA
1_340	459987	461084	1098	1	0.463	11	TAA	GENOMAD.132496.CP	2.552e-49	183	0	0	0	2561	Caudoviricetes	NA	NA	PF04166;K00097;COG1995;TIGR00557	4-hydroxy-L-threonine phosphate dehydrogenase PdxA
1_341	461109	462335	1227	1	0.462	11	None	NA	NA	NA	0	0	0	1	NA	NA	NA	NA	NA
1_342	462343	462843	501	1	0.413	11	TAAAAA	GENOMAD.003536.CC	9.167e-33	126	0	0	0	1	NA	NA	NA	PF04390;COG2980;K03643	Outer membrane lipoprotein LptE/RlpB (LPS assembly)
1_343	462849	463613	765	1	0.410	11	AAA	GENOMAD.007853.CC	5.923e-132	417	0	0	0	1	NA	NA	NA	NA	NA
1_344	463618	463998	381	1	0.457	11	AATAA	GENOMAD.000508.CC	1.139e-12	66	0	0	0	1	NA	NA	NA	PF03840;COG1314;K03075;TIGR00810	Preprotein translocase subunit SecG
1_345	464169	465557	1389	1	0.423	11	TAAA	GENOMAD.014805.CC	4.895e-116	382	0	0	0	1	NA	NA	NA	COG2211;K08194	Na+/melibiose symporter or related transporter
1_346	465564	465917	354	1	0.435	11	AATAA	GENOMAD.010768.CC	2.084e-59	200	0	0	0	1	NA	NA	NA	PF05402;TIGR03859	coenzyme PQQ biosynthesis protein PqqD
1_347	466000	467055	1056	-1	0.446	11	TAAA	GENOMAD.024948.CC	8.476e-94	312	0	0	0	1	NA	NA	NA	PF16115	NA
1_348	467129	468640	1512	-1	0.496	11	TAAAA	GENOMAD.093644.CP	7.998e-18	90	1	0	0	1	NA	NA	NA	PF03853;TIGR00197;COG0062;K23997	yjeF N-terminal region
1_349	468684	470024	1341	-1	0.414	11	AACAA	NA	NA	NA	0	0	0	1	NA	NA	NA	NA	NA
1_350	470272	470907	636	1	0.439	11	AATAA	NA	NA	NA	0	0	0	1	NA	NA	NA	NA	NA
1_351	471008	471187	180	1	0.272	11	TAA	NA	NA	NA	0	0	0	1	NA	NA	NA	NA	NA
1_352	471608	472126	519	1	0.459	11	None	NA	NA	NA	0	0	0	1	NA	NA	NA	NA	NA
1_353	472296	472694	399	1	0.431	11	None	NA	NA	NA	0	0	0	1	NA	NA	NA	NA	NA
1_354	472856	474373	1518	1	0.270	11	TAA	GENOMAD.176719.CP	1.12e-115	383	0	0	0	2561	Caudoviricetes	NA	NA	PF16933;TIGR01695;COG0728;K16694	murein biosynthesis integral membrane protein MurJ
1_355	474376	474849	474	1	0.325	11	TAAAAA	GENOMAD.143035.CP	2.174e-36	136	0	0	0	1	NA	NA	NA	PF19315;K18290;COG2030	Mesaconyl-CoA hydratase
1_356	474833	475717	885	1	0.332	11	TAAA	NA	NA	NA	0	0	0	1	NA	NA	NA	NA	NA
1_357	475714	476631	918	1	0.301	11	TAAA	NA	NA	NA	0	0	0	1	NA	NA	NA	NA	NA
1_358	476646	477194	549	1	0.319	11	TAAAA	NA	NA	NA	0	0	0	1	NA	NA	NA	NA	NA
1_359	477203	478423	1221	1	0.286	11	AAAA	GENOMAD.213817.CV	1.162e-14	79	0	0	0	1	NA	NA	NA	PF04932;K16705	O-Antigen ligase
1_360	478425	479375	951	1	0.308	11	TAA	NA	NA	NA	0	0	0	1	NA	NA	NA	NA	NA
1_361	479382	480659	1278	1	0.387	11	AATAA	GENOMAD.178119.VC	5.323e-05	48	0	0	0	2561	Caudoviricetes	NA	NA	PF00984;PF03721;TIGR03026;COG0677;K02472	nucleotide sugar dehydrogenase
1_362	480646	481761	1116	1	0.341	11	TAA	GENOMAD.111529.CP	2.215e-10	65	0	0	0	1	NA	NA	NA	PF07429;TIGR04063;COG4641;K19002	4-alpha-L-fucosyltransferase glycosyl transferase group 56
1_363	481774	482553	780	1	0.350	11	TAAA	NA	NA	NA	0	0	0	1	NA	NA	NA	NA	NA
1_364	482608	483831	1224	1	0.362	11	None	GENOMAD.136264.VV	0.0004165	45	0	0	0	1	NA	NA	NA	PF07429;COG4641;TIGR04015;K02844	4-alpha-L-fucosyltransferase glycosyl transferase group 56
1_365	483848	484612	765	1	0.322	11	None	NA	NA	NA	0	0	0	1	NA	NA	NA	NA	NA
1_366	484609	485628	1020	1	0.405	11	TATAA	NA	NA	NA	0	0	0	1	NA	NA	NA	NA	NA
1_367	485632	486588	957	1	0.362	11	AATAA	GENOMAD.137271.CP	7.621e-06	50	0	0	0	1	NA	NA	NA	PF00953;TIGR02380;COG0472;K02851	undecaprenyl-phosphate alpha-N-acetylglucosaminyl 1-phosphatetransferase
1_368	486722	488236	1515	-1	0.426	11	AACAA	GENOMAD.065562.CC	3.715e-151	486	0	0	0	1	NA	NA	NA	NA	NA
1_369	488250	488903	654	-1	0.454	11	TAAA	GENOMAD.124079.CP	7.667e-29	117	0	0	0	1	NA	NA	NA	PF14064	HmuY protein
1_370	488925	490988	2064	-1	0.414	11	AAAAA	GENOMAD.134200.CP	2.33e-08	60	0	0	0	1	NA	NA	NA	K16090;COG4773	Outer membrane receptor for ferric coprogen and ferric-rhodotorulic acid
1_371	491236	491772	537	1	0.404	11	TAA	NA	NA	NA	0	0	0	1	NA	NA	NA	NA	NA
1_372	491832	492401	570	1	0.416	11	TAAA	GENOMAD.114514.CV	3.905e-07	52	0	0	0	1	NA	NA	NA	PF00406;K00944;TIGR01351;COG0563	adenylate kinase
1_373	492445	493647	1203	1	0.461	11	None	NA	NA	NA	0	0	0	1	NA	NA	NA	NA	NA
1_374	493644	494456	813	1	0.435	11	AAGAA	NA	NA	NA	0	0	0	1	NA	NA	NA	NA	NA
1_375	494478	495143	666	1	0.452	11	AAAA	GENOMAD.154379.CP	1.104e-36	140	0	0	0	1	NA	NA	NA	PF03483;COG3382	B3/B4 domain (DNA/RNA-binding domain of Phe-tRNA-synthetase)
1_376	495153	495884	732	1	0.449	11	AATAA	NA	NA	NA	0	0	0	1	NA	NA	NA	NA	NA
1_377	495823	497007	1185	-1	0.445	11	AAA	GENOMAD.032804.CC	5.116e-53	195	0	0	0	1	NA	NA	NA	PF07396;COG3746	Phosphate-selective porin
1_378	497120	498274	1155	-1	0.458	11	TAA	GENOMAD.182267.CP	2.216e-05	49	0	0	0	1	NA	NA	NA	PF05694;K07404;COG2706;TIGR03866	56kDa selenium binding protein (SBP56)
1_379	499509	502196	2688	1	0.451	11	TAA	GENOMAD.132963.CP	4.094e-09	63	0	0	0	1	NA	NA	NA	PF17005;COG3292;K19693	Periplasmic ligand-binding sensor domain
1_380	502235	503251	1017	1	0.449	11	None	NA	NA	NA	0	0	0	1	NA	NA	NA	NA	NA
1_381	503385	504479	1095	1	0.495	11	TAGAA	NA	NA	NA	0	0	0	1	NA	NA	NA	NA	NA
1_382	504593	505021	429	1	0.415	11	TAAA	NA	NA	NA	0	0	0	1	NA	NA	NA	NA	NA
1_383	505312	507990	2679	-1	0.501	11	TAA	GENOMAD.015830.CC	0.0	1103	0	0	0	1	NA	NA	NA	PF04473;PF12386	Transglutaminase-like domain; Pseudomurein endo-isopeptidase Pei
1_384	508097	509692	1596	-1	0.481	11	AAAAA	GENOMAD.154541.CP	4.38e-80	280	0	0	0	1	NA	NA	NA	COG1288	Uncharacterized membrane protein YfcC, ion transporter superfamily
1_385	509912	510046	135	1	0.370	11	AAAA	NA	NA	NA	0	0	0	1	NA	NA	NA	NA	NA
1_386	510210	510593	384	1	0.440	11	None	NA	NA	NA	0	0	0	1	NA	NA	NA	NA	NA
1_387	510739	511179	441	1	0.447	11	TAAAA	NA	NA	NA	0	0	0	1	NA	NA	NA	NA	NA
1_388	511191	512405	1215	1	0.453	11	TAA	GENOMAD.104139.CP	5.807e-57	207	0	0	0	1	NA	NA	NA	PF03977;COG1883;K20509;TIGR03136	Na+-transporting methylmalonyl-CoA/oxaloacetate decarboxylase, beta subunit
1_389	512507	513382	876	1	0.419	11	AAA	NA	NA	NA	0	0	0	1	NA	NA	NA	NA	NA
1_390	513474	513893	420	1	0.421	11	TAA	GENOMAD.167533.CP	3.906e-55	189	0	0	0	1	NA	NA	NA	PF12674;PF16242;COG3871;TIGR04026	Putative zinc ribbon domain; Pyridoxamine 5'-phosphate oxidase like
1_391	513907	516765	2859	-1	0.460	11	TAAA	GENOMAD.004749.CC	1.115e-157	525	0	0	0	1	NA	NA	NA	PF04450;PF14583;TIGR02658;COG3823	Peptidase of plants and bacteria; Oligogalacturonate lyase
1_392	516824	517723	900	-1	0.452	11	AATAA	GENOMAD.191987.CP	0.0002457	45	0	0	0	1	NA	NA	NA	PF13527;PF12568;TIGR03448;K15520;COG3153	mycothiol synthase
1_393	517734	519353	1620	-1	0.470	11	AATAA	GENOMAD.101261.CV	1.266e-78	276	0	0	0	1	NA	NA	NA	NA	NA
1_394	519369	522401	3033	-1	0.433	11	None	NA	NA	NA	0	0	0	1	NA	NA	NA	NA	NA
1_395	522423	524417	1995	-1	0.434	11	AAAAA	NA	NA	NA	0	0	0	1	NA	NA	NA	NA	NA
1_396	524805	528671	3867	1	0.430	11	TAAAA	GENOMAD.190353.VP	5.556e-05	50	0	0	0	2561	Caudoviricetes	NA	NA	NA	NA
1_397	529200	531089	1890	1	0.399	11	TAAA	GENOMAD.171612.PC	7.875e-32	136	0	0	0	2561	Caudoviricetes	NA	NA	PF13149;PF16408;COG5567	Fimbrillin-like
1_398	531271	531870	600	1	0.410	11	AAA	GENOMAD.219238.CP	9.723e-14	72	0	0	0	1	NA	NA	NA	PF12099;COG3047	Outer membrane protein W
1_399	532107	532835	729	-1	0.412	11	TAA	GENOMAD.160869.CP	2.543e-18	87	0	0	0	1	NA	NA	NA	PF04405;PF01814;K07322;TIGR03652;COG2846	iron-sulfur cluster repair di-iron protein
1_400	532822	532989	168	-1	0.298	11	TAA	NA	NA	NA	0	0	0	1	NA	NA	NA	NA	NA
1_401	532999	533463	465	-1	0.385	11	TAAA	GENOMAD.159571.CP	1.087e-15	76	0	0	0	1	NA	NA	NA	PF01575;COG2030;K18290	MaoC like domain
1_402	533527	533922	396	-1	0.364	11	AAAAA	GENOMAD.148005.CP	1.398e-29	115	0	0	0	1	NA	NA	NA	PF04134;COG3011	Predicted thiol-disulfide oxidoreductase YuxK, DCC family
1_403	533932	534792	861	-1	0.425	11	TAAA	NA	NA	NA	0	0	0	1	NA	NA	NA	NA	NA
1_404	535718	536887	1170	1	0.341	11	AATAA	GENOMAD.141957.CP	1.053e-183	574	0	0	0	1	NA	NA	NA	PF16287;TIGR03866	6-bladed beta-propeller
1_405	537119	538408	1290	-1	0.453	11	AAAAA	NA	NA	NA	0	0	0	1	NA	NA	NA	NA	NA
1_406	538557	539222	666	-1	0.407	11	AACAA	NA	NA	NA	0	0	0	1	NA	NA	NA	NA	NA
1_407	539231	539617	387	-1	0.408	11	AATAA	NA	NA	NA	0	0	0	1	NA	NA	NA	NA	NA
1_408	539769	541928	2160	1	0.417	11	TAAA	NA	NA	NA	0	0	0	1	NA	NA	NA	NA	NA
1_409	542342	542701	360	-1	0.328	11	None	NA	NA	NA	0	0	0	1	NA	NA	NA	NA	NA
1_410	542929	544506	1578	1	0.396	11	TAAA	GENOMAD.216236.VC	6.958e-53	199	0	0	0	1	NA	NA	NA	NA	NA
1_411	544554	545333	780	1	0.477	11	AAAAA	GENOMAD.054128.CC	8.136e-19	89	0	0	0	1	NA	NA	NA	PF16961;COG3047;TIGR04565	Putative OmpA-OmpF-like porin family
1_412	545439	545864	426	-1	0.423	11	TATAA	GENOMAD.000485.CC	2.015e-38	141	0	0	0	1	NA	NA	NA	PF01479;COG1188;TIGR02988	Ribosomal 50S subunit-recycling heat shock protein, contains S4 domain
1_413	545890	546453	564	-1	0.406	11	AATAA	GENOMAD.099157.CV	2.088e-59	204	1	0	0	2561	Caudoviricetes	NA	NA	PF01195;K01056;COG0193;TIGR00447	Peptidyl-tRNA hydrolase
1_414	546558	547148	591	-1	0.426	11	AAAAA	GENOMAD.000064.CC	6.928e-50	177	0	0	0	1	NA	NA	NA	PF01386;PF14693;TIGR00731;K02897;COG1825	ribosomal protein bL25, Ctc-form
1_415	547293	547679	387	-1	0.305	11	TAAA	GENOMAD.119246.CP	3.861e-17	79	0	0	0	1	NA	NA	NA	PF11680	PurA ssDNA and RNA-binding protein
1_416	547785	548774	990	1	0.357	11	TAAAAA	GENOMAD.064569.CV	9.584e-164	513	0	0	0	1	NA	NA	NA	COG0781	Transcription termination factor NusB
1_417	548820	549146	327	1	0.361	11	TAAAAA	GENOMAD.132394.CP	2.455e-05	44	0	0	0	1	NA	NA	NA	PF02699;COG1862;TIGR00739	Preprotein translocase subunit YajC
1_418	549170	550183	1014	1	0.361	11	TAAAAA	GENOMAD.002441.CC	2.162e-193	599	0	0	0	1	NA	NA	NA	PF07949;COG4856	Uncharacterized protein, YbbR domain
1_419	550173	550790	618	1	0.392	11	AACAA	GENOMAD.123253.CV	2.324e-15	77	0	0	0	2561	Caudoviricetes	NA	NA	PF01121;K00859;TIGR00152;COG0237	dephospho-CoA kinase
1_420	550808	551224	417	1	0.379	11	TAAA	GENOMAD.007750.CC	1.321e-41	150	0	0	0	1	NA	NA	NA	NA	NA
1_421	552036	554624	2589	-1	0.418	11	AATAA	GENOMAD.146343.VC	6.266e-29	128	0	0	0	2561	Caudoviricetes	NA	NA	PF01637;K03697;TIGR02639;COG0542	ATP-dependent Clp protease ATP-binding subunit clpA
1_422	554848	555429	582	1	0.363	11	TAAA	NA	NA	NA	0	0	0	1	NA	NA	NA	NA	NA
1_423	555454	556350	897	1	0.392	11	TAAA	NA	NA	NA	0	0	0	1	NA	NA	NA	NA	NA
1_424	556429	557421	993	1	0.399	11	TAAAAA	NA	NA	NA	0	0	0	1	NA	NA	NA	NA	NA
1_425	557505	558188	684	-1	0.327	11	TAAAAA	GENOMAD.192243.CV	1.786e-17	84	0	0	0	1	NA	NA	NA	PF14060	NA
1_426	558195	558722	528	-1	0.415	11	TAA	GENOMAD.183900.CV	3.443e-30	119	0	0	0	1	NA	NA	NA	COG5343	Anti-sigma-K factor RskA
1_427	558703	559218	516	-1	0.428	11	AAAAA	GENOMAD.077868.VV	0.0002657	43	0	0	0	2561	Caudoviricetes	NA	NA	PF07638;TIGR02959;COG1191;K03091	RNA polymerase sigma factor, SigZ family
1_428	559360	559584	225	1	0.404	11	TAA	NA	NA	NA	0	0	0	1	NA	NA	NA	NA	NA
1_429	559648	560691	1044	-1	0.431	11	TAAA	GENOMAD.053455.VV	6.901e-09	60	0	0	0	2561	Caudoviricetes	NA	NA	NA	NA
1_430	560702	561220	519	-1	0.399	11	TAA	GENOMAD.130333.CP	5.284e-11	63	0	0	0	1	NA	NA	NA	PF00578;COG1225;TIGR03137;K24129	Peroxiredoxin
1_431	561234	562427	1194	-1	0.440	11	TAAAA	GENOMAD.134039.CV	7.195e-12	70	0	0	0	1	NA	NA	NA	PF16653;PF03435;COG1748;K19064;TIGR00036	Saccharopine dehydrogenase, NADP-dependent
1_432	562522	563772	1251	-1	0.386	11	AACAA	GENOMAD.209245.VC	2.532e-05	49	0	0	0	2561	Caudoviricetes	NA	NA	PF11006	NA
1_433	563897	564688	792	1	0.393	11	TAA	GENOMAD.153730.CP	6.491e-30	122	0	0	0	1	NA	NA	NA	PF03724;K03668;COG3187;TIGR03066	Heat shock protein HslJ
1_434	564784	565785	1002	-1	0.448	11	TAAA	GENOMAD.132390.CP	2.282e-13	74	0	0	0	2561	Caudoviricetes	NA	NA	PF01032;TIGR03869;COG0609;K02015	proposed F420-0 ABC transporter, permease protein
1_435	565782	566924	1143	-1	0.414	11	TAA	NA	NA	NA	0	0	0	1	NA	NA	NA	NA	NA
1_436	567332	567445	114	1	0.281	11	TAAA	NA	NA	NA	0	0	0	1	NA	NA	NA	NA	NA
1_437	567455	569617	2163	1	0.429	11	AATAA	GENOMAD.136618.CP	2.096e-163	532	0	0	0	2561	Caudoviricetes	NA	NA	K01991;COG1596	Periplasmic protein involved in polysaccharide export, contains SLBB domain of the beta-grasp fold
1_438	569625	570149	525	1	0.419	11	AATAA	NA	NA	NA	0	0	0	1	NA	NA	NA	NA	NA
1_439	570436	572355	1920	1	0.446	11	TAAA	GENOMAD.147868.VC	8.083e-27	120	0	0	0	2561	Caudoviricetes	NA	NA	NA	NA
1_440	572559	573104	546	1	0.408	11	TAAA	NA	NA	NA	0	0	0	1	NA	NA	NA	NA	NA
1_441	573101	574363	1263	1	0.416	11	TAAA	GENOMAD.057710.VV	1.266e-05	50	0	0	1	2561	Caudoviricetes	NA	NA	PF00589;PF04860;K07358;TIGR01537	Phage integrase family; Phage portal protein
1_442	574678	575031	354	1	0.415	11	TAA	NA	NA	NA	0	0	0	1	NA	NA	NA	NA	NA
1_443	575031	575627	597	1	0.425	11	TAAAAA	GENOMAD.068480.VV	2.062e-13	71	0	0	0	2561	Caudoviricetes	NA	NA	PF08800	VirE N-terminal domain
1_444	575578	577380	1803	1	0.419	11	TAA	GENOMAD.211276.VV	2.62e-06	53	0	0	0	2561	Caudoviricetes	NA	NA	PF13148;PF08800	VirE N-terminal domain
1_445	577482	577850	369	1	0.425	11	TAAAA	NA	NA	NA	0	0	0	1	NA	NA	NA	NA	NA
1_446	577834	578733	900	1	0.402	11	TAAA	GENOMAD.093453.PC	0.0002457	45	0	1	0	1	NA	MOBP1	NA	PF03432	Relaxase/Mobilisation nuclease domain
1_447	578733	579380	648	1	0.361	11	AAAA	NA	NA	NA	0	0	0	1	NA	NA	NA	NA	NA
1_448	579488	580141	654	1	0.355	11	TAA	NA	NA	NA	0	0	0	1	NA	NA	NA	NA	NA
1_449	580125	581381	1257	1	0.391	11	AAGAA	GENOMAD.176638.VV	5.184e-05	48	0	0	0	3032	Kyanoviridae	NA	NA	PF07669	Eco57I restriction-modification methylase
1_450	581777	582424	648	1	0.318	11	AACAA	NA	NA	NA	0	0	0	1	NA	NA	NA	NA	NA
1_451	582483	585482	3000	-1	0.418	11	TAAA	NA	NA	NA	0	0	0	1	NA	NA	NA	NA	NA
1_452	585495	588968	3474	-1	0.400	11	TAGAA	NA	NA	NA	0	0	0	1	NA	NA	NA	NA	NA
1_453	589001	589705	705	-1	0.377	11	TAAA	NA	NA	NA	0	0	0	1	NA	NA	NA	NA	NA
1_454	589722	591263	1542	-1	0.429	11	AATAA	GENOMAD.192991.CP	7.062e-05	48	0	0	0	1	NA	NA	NA	PF04326;COG2865	Predicted transcriptional regulator, contains HTH domain
1_455	591677	593248	1572	1	0.445	11	TAA	NA	NA	NA	0	0	0	1	NA	NA	NA	NA	NA
1_456	593242	594078	837	-1	0.468	11	AAGAA	NA	NA	NA	0	0	0	1	NA	NA	NA	NA	NA
1_457	594207	595574	1368	-1	0.485	11	AATAA	GENOMAD.110049.CP	4.185e-07	55	0	0	0	1	NA	NA	NA	PF19465;COG0133;TIGR00263	Tryptophan synthase beta chain
1_458	595710	597545	1836	1	0.441	11	TAA	NA	NA	NA	0	0	0	1	NA	NA	NA	NA	NA
1_459	597561	598247	687	1	0.438	11	TAA	NA	NA	NA	0	0	0	1	NA	NA	NA	NA	NA
1_460	598342	599802	1461	-1	0.474	11	TAAAAA	NA	NA	NA	0	0	0	1	NA	NA	NA	NA	NA
1_461	599874	600053	180	-1	0.311	11	TAA	NA	NA	NA	0	0	0	1	NA	NA	NA	NA	NA
1_462	600020	602557	2538	-1	0.459	11	TAA	GENOMAD.177959.CP	3.366e-05	50	0	0	0	2561	Caudoviricetes	NA	NA	PF19265;TIGR02243	putative baseplate assembly protein
1_463	602567	603235	669	1	0.357	11	None	NA	NA	NA	0	0	0	1	NA	NA	NA	NA	NA
1_464	603298	604290	993	1	0.442	11	AAAA	GENOMAD.151274.CP	1.162e-43	165	0	0	0	2561	Caudoviricetes	NA	NA	K15921;COG3940	Beta-xylosidase, GH43 family
1_465	604929	605894	966	1	0.436	11	TAA	NA	NA	NA	0	0	0	1	NA	NA	NA	NA	NA
1_466	606068	609454	3387	1	0.446	11	AAA	GENOMAD.133837.CP	3.614e-07	57	0	0	0	1	NA	NA	NA	PF18939;PF10577;K21573;TIGR04056	TonB-linked outer membrane protein, SusC/RagA family
1_467	609466	610989	1524	1	0.445	11	TAAAAA	GENOMAD.142099.CP	6.264e-21	100	0	0	0	1	NA	NA	NA	PF12741;K21572	Susd and RagB outer membrane lipoprotein
1_468	611063	612049	987	1	0.439	11	AATAA	GENOMAD.190075.CP	7.597e-84	282	0	0	0	1	NA	NA	NA	PF14582;TIGR03729;COG2908;K03651	putative phosphoesterase
1_469	612065	612163	99	1	0.465	11	TAAA	NA	NA	NA	0	0	0	1	NA	NA	NA	NA	NA
1_470	612237	613244	1008	1	0.448	11	AAAAA	NA	NA	NA	0	0	0	1	NA	NA	NA	NA	NA
1_471	613331	614881	1551	-1	0.518	11	TAA	GENOMAD.118322.CP	1.038e-06	54	0	0	0	1763	Monodnaviria	NA	NA	PF01134;K00528;TIGR01316;COG0493	glutamate synthase (NADPH), homotetrameric
1_472	614950	615516	567	-1	0.473	11	TAAA	GENOMAD.126033.CP	3.775e-06	49	0	0	0	1	NA	NA	NA	PF00578;K24126;TIGR03137;COG0450	peroxiredoxin
1_473	616477	616944	468	1	0.485	11	TAAAAA	GENOMAD.006490.CC	7.521e-10	59	0	0	0	1	NA	NA	NA	PF16231	LTXXQ motif family protein
1_474	617096	617650	555	1	0.445	11	TAAA	NA	NA	NA	0	0	0	1	NA	NA	NA	NA	NA
1_475	617766	618209	444	1	0.414	11	TAAAAA	GENOMAD.193903.CP	3.272e-18	83	0	0	0	1	NA	NA	NA	PF11396;COG5353	Putative beta-lactamase-inhibitor-like, PepSY-like
1_476	618247	618747	501	1	0.475	11	TAAAAA	GENOMAD.197688.CV	3.456e-35	133	0	0	0	2561	Caudoviricetes	NA	NA	PF11396;COG5353	Putative beta-lactamase-inhibitor-like, PepSY-like
1_477	618851	620059	1209	-1	0.513	11	AACAA	NA	NA	NA	0	0	0	1	NA	NA	NA	NA	NA
1_478	620116	621177	1062	-1	0.456	11	TAAA	NA	NA	NA	0	0	0	1	NA	NA	NA	NA	NA
1_479	621191	623689	2499	-1	0.484	11	TAAA	NA	NA	NA	0	0	0	1	NA	NA	NA	NA	NA
1_480	624521	625447	927	1	0.298	11	TAA	NA	NA	NA	0	0	0	1	NA	NA	NA	NA	NA
1_481	625614	625934	321	1	0.287	11	TAAAAA	GENOMAD.145687.PP	4.994e-45	158	0	0	0	1	NA	NA	NA	PF11006;PF20205;COG2913;TIGR00752	Outer membrane protein assembly factor BamE, lipoprotein component of the BamABCDE complex
1_482	625954	626628	675	1	0.384	11	None	GENOMAD.222381.PV	1.493e-06	51	0	0	0	1	NA	NA	NA	K20324	NA
1_483	626653	626802	150	1	0.280	11	AAAAA	NA	NA	NA	0	0	0	1	NA	NA	NA	NA	NA
1_484	626910	627701	792	1	0.356	11	TAA	GENOMAD.206932.CP	2.862e-08	57	0	0	0	1	NA	NA	NA	PF06178	Oligogalacturonate-specific porin protein (KdgM)
1_485	627714	627836	123	1	0.285	11	TAAAAA	NA	NA	NA	0	0	0	1	NA	NA	NA	NA	NA
1_486	627866	628834	969	1	0.344	11	AAAA	GENOMAD.215070.PC	5.053e-150	473	0	1	0	1	NA	NA	NA	PF16140;PF02402;COG2913	NA
1_487	628858	629355	498	1	0.321	11	TAAA	GENOMAD.183293.CP	1.009e-21	94	0	0	0	1	NA	NA	NA	PF10882	Bacterial PH domain
1_488	630070	630861	792	1	0.357	11	TAA	GENOMAD.206932.CP	2.862e-08	57	0	0	0	1	NA	NA	NA	PF06178	Oligogalacturonate-specific porin protein (KdgM)
1_489	630874	630996	123	1	0.276	11	TAAAAA	NA	NA	NA	0	0	0	1	NA	NA	NA	NA	NA
1_490	631154	631561	408	1	0.363	11	TAA	NA	NA	NA	0	0	0	1	NA	NA	NA	NA	NA
1_491	631659	632498	840	1	0.300	11	TAA	NA	NA	NA	0	0	0	1	NA	NA	NA	NA	NA
1_492	632531	633637	1107	1	0.319	11	TAAA	NA	NA	NA	0	0	0	1	NA	NA	NA	NA	NA
1_493	633647	635194	1548	1	0.357	11	AATAA	NA	NA	NA	0	0	0	1	NA	NA	NA	NA	NA
1_494	635236	635781	546	1	0.311	11	AATAA	NA	NA	NA	0	0	0	1	NA	NA	NA	NA	NA
1_495	635914	637254	1341	-1	0.503	11	AAA	NA	NA	NA	0	0	0	1	NA	NA	NA	NA	NA
1_496	637438	638406	969	-1	0.519	11	TAAA	NA	NA	NA	0	0	0	1	NA	NA	NA	NA	NA
1_497	638744	639817	1074	-1	0.510	11	TAA	NA	NA	NA	0	0	0	1	NA	NA	NA	NA	NA
1_498	639831	640139	309	-1	0.518	11	TAAA	GENOMAD.220250.VP	2.956e-17	78	0	0	0	2561	Caudoviricetes	NA	NA	PF07471;COG3311	Predicted DNA-binding transcriptional regulator AlpA
1_499	640362	641378	1017	-1	0.447	11	TAAA	NA	NA	NA	0	0	0	1	NA	NA	NA	NA	NA
1_500	641392	642684	1293	-1	0.462	11	AAA	GENOMAD.083966.VV	3.698e-39	155	0	0	0	2561	Caudoviricetes	NA	NA	NA	NA
1_501	643043	645427	2385	1	0.388	11	AATAA	NA	NA	NA	0	0	0	1	NA	NA	NA	NA	NA
1_502	645564	646649	1086	-1	0.441	11	TAA	GENOMAD.127113.CP	3.234e-24	108	0	0	0	1	NA	NA	NA	PF01571;K00282;TIGR00528;COG0404	glycine cleavage system T protein
1_503	646683	647906	1224	-1	0.418	11	TAA	NA	NA	NA	0	0	0	1	NA	NA	NA	NA	NA
1_504	648039	649445	1407	-1	0.414	11	AAAAA	NA	NA	NA	0	0	0	1	NA	NA	NA	NA	NA
1_505	649529	649960	432	-1	0.373	11	TAA	NA	NA	NA	0	0	0	1	NA	NA	NA	NA	NA
1_506	650412	651548	1137	1	0.405	11	TAAA	NA	NA	NA	0	0	0	1	NA	NA	NA	NA	NA
1_507	651675	653402	1728	1	0.404	11	TAAAA	NA	NA	NA	0	0	0	1	NA	NA	NA	NA	NA
1_508	653352	653783	432	-1	0.398	11	TAAA	NA	NA	NA	0	0	0	1	NA	NA	NA	NA	NA
1_509	653786	655732	1947	-1	0.417	11	TAA	NA	NA	NA	0	0	0	1	NA	NA	NA	NA	NA
1_510	655849	656883	1035	-1	0.425	11	TAAA	NA	NA	NA	0	0	0	1	NA	NA	NA	NA	NA
1_511	657109	659130	2022	-1	0.419	11	TAA	GENOMAD.140759.CP	8.229e-11	68	0	0	0	1	NA	NA	NA	PF12771;K21572	Starch-binding associating with outer membrane
1_512	659143	662427	3285	-1	0.432	11	TAAAAA	GENOMAD.145895.CP	3.482e-07	57	0	0	0	1	NA	NA	NA	K21573;TIGR04056	TonB-linked outer membrane protein, SusC/RagA family
1_513	662563	665319	2757	-1	0.407	11	TAA	GENOMAD.146053.CP	4.233e-09	63	0	0	0	2561	Caudoviricetes	NA	NA	PF18368;PF02836;PF02837;PF17786;K15855;COG3250	Beta-galactosidase/beta-glucuronidase
1_514	665566	666447	882	1	0.378	11	AAAAA	NA	NA	NA	0	0	0	1	NA	NA	NA	NA	NA
1_515	666748	667380	633	1	0.463	11	TAAAAA	GENOMAD.050129.CC	4.872e-32	126	0	0	0	1	NA	NA	NA	PF18291;TIGR01201;COG0776;K05788	HU domain fused to wHTH, Ig, or Glycine-rich motif
1_516	667474	667689	216	-1	0.306	11	AATAA	NA	NA	NA	0	0	0	1	NA	NA	NA	NA	NA
1_517	668316	670055	1740	1	0.359	11	TAA	NA	NA	NA	0	0	0	1	NA	NA	NA	NA	NA
1_518	670037	670780	744	1	0.380	11	TAAA	NA	NA	NA	0	0	0	1	NA	NA	NA	NA	NA
1_519	670856	673120	2265	1	0.438	11	TAA	GENOMAD.104172.CP	2.17e-07	57	0	0	0	1	NA	NA	NA	PF00999;COG0025;TIGR00840;K03455	NhaP-type Na+/H+ or K+/H+ antiporter
1_520	673162	673815	654	1	0.420	11	AAAA	GENOMAD.159816.CP	1.476e-30	122	0	0	0	1	NA	NA	NA	PF01810;K16327;COG1279;TIGR00949	Arginine exporter protein ArgO
1_521	673836	674381	546	1	0.421	11	AAAA	GENOMAD.024931.CC	5.309e-37	139	0	0	0	1	NA	NA	NA	PF16271	NA
1_522	674518	675381	864	1	0.438	11	AAAAA	NA	NA	NA	0	0	0	1	NA	NA	NA	NA	NA
1_523	675406	676980	1575	1	0.452	11	None	GENOMAD.123902.CP	3.02e-60	221	0	0	0	2561	Caudoviricetes	NA	NA	PF16658;PF03144	Class II release factor RF3, C-terminal domain; Elongation factor Tu domain 2
1_524	677174	678406	1233	1	0.464	11	AACAA	GENOMAD.147086.CP	2.163e-19	94	0	0	0	1	NA	NA	NA	PF14539;K19222;TIGR00369;COG2050	phenylacetic acid degradation protein PaaD
1_525	678403	679512	1110	1	0.468	11	TAAA	GENOMAD.116395.CP	2.643e-65	230	0	0	0	1	NA	NA	NA	PF00425;K02361;COG1169;TIGR03494	Isochorismate synthase EntC
1_526	679529	681196	1668	1	0.456	11	TAA	GENOMAD.123420.CP	1.59e-38	156	0	0	0	1	NA	NA	NA	PF02776;PF16582;PF02775;COG0028;TIGR00118;K01652	Acetolactate synthase large subunit or other thiamine pyrophosphate-requiring enzyme
1_527	681201	682205	1005	1	0.441	11	TAAAAA	GENOMAD.191031.VC	2.008e-50	185	0	0	0	12031	Mimiviridae	NA	NA	PF01435	Peptidase family M48
1_528	682224	683048	825	1	0.478	11	TAA	NA	NA	NA	0	0	0	1	NA	NA	NA	NA	NA
1_529	683096	684115	1020	1	0.460	11	None	GENOMAD.140761.CP	8.427e-78	265	0	0	0	1	NA	NA	NA	PF13378;TIGR01928;K19802;COG1441	o-succinylbenzoate synthase
1_530	684127	685221	1095	1	0.481	11	TAA	NA	NA	NA	0	0	0	1	NA	NA	NA	NA	NA
1_531	685292	686149	858	1	0.443	11	TATAA	GENOMAD.019099.CC	0.00046	44	0	0	0	1	NA	NA	NA	PF19580;COG3568;TIGR03395;K18353	Metal-dependent hydrolase, endonuclease/exonuclease/phosphatase family
1_532	686174	688189	2016	1	0.450	11	TAAA	NA	NA	NA	0	0	0	1	NA	NA	NA	NA	NA
1_533	688166	688765	600	-1	0.397	11	AACAA	NA	NA	NA	0	0	0	1	NA	NA	NA	NA	NA
1_534	688931	689941	1011	1	0.432	11	TAAAA	NA	NA	NA	0	0	0	1	NA	NA	NA	NA	NA
1_535	690251	693556	3306	1	0.445	11	TAAAAA	GENOMAD.145895.CP	4.877e-22	106	0	0	0	1	NA	NA	NA	K21573;TIGR04056	TonB-linked outer membrane protein, SusC/RagA family
1_536	693569	695113	1545	1	0.471	11	TAAA	GENOMAD.141002.CP	1.477e-104	351	0	0	0	1	NA	NA	NA	PF12741;PF16339	Susd and RagB outer membrane lipoprotein
1_537	695140	696192	1053	1	0.452	11	TAAAAA	NA	NA	NA	0	0	0	1	NA	NA	NA	NA	NA
1_538	696210	697346	1137	1	0.435	11	TAAA	GENOMAD.088460.CC	7.178e-08	57	0	0	0	1	NA	NA	NA	PF16343;PF14274;PF16408;COG5510;K21571	Predicted small secreted protein
1_539	697369	698382	1014	1	0.441	11	TAAAA	GENOMAD.054603.CC	2.384e-13	74	0	0	0	1	NA	NA	NA	PF16343;PF03256;COG5156;K04618	Anaphase-promoting complex (APC), subunit 10
1_540	698628	699896	1269	1	0.464	11	TAAAAA	GENOMAD.179055.CP	2.592e-05	49	0	0	0	1	NA	NA	NA	PF00083;K08218;TIGR00901;COG2814	AmpG-like permease
1_541	699950	700948	999	1	0.466	11	TAA	GENOMAD.179462.CP	1.702e-05	49	0	0	0	1	NA	NA	NA	PF08950;K18785;COG2152;TIGR01322	Predicted glycosyl hydrolase, GH43/DUF377 family
1_542	701052	701525	474	-1	0.428	11	AAAAA	NA	NA	NA	0	0	0	1	NA	NA	NA	NA	NA
1_543	701594	702592	999	1	0.472	11	AACAA	NA	NA	NA	0	0	0	1	NA	NA	NA	NA	NA
1_544	702696	703451	756	-1	0.429	11	TAAAA	GENOMAD.029727.CC	1.142e-26	112	0	0	0	1	NA	NA	NA	PF17415;PF12667;PF16390	NigD-like C-terminal beta sandwich domain; NigD-like N-terminal OB domain
1_545	703641	704189	549	1	0.461	11	TAAA	NA	NA	NA	0	0	0	1	NA	NA	NA	NA	NA
1_546	704243	705502	1260	1	0.483	11	TAAAA	GENOMAD.033277.CC	0.0001057	47	0	0	0	1	NA	NA	NA	PF13568;COG3047;TIGR04565	Outer membrane protein beta-barrel domain
1_547	705695	706420	726	-1	0.467	11	AAA	GENOMAD.063532.CP	5.354e-12	68	0	0	0	1	NA	NA	NA	PF04055;COG1313;TIGR04337;K04069	Uncharacterized Fe-S protein PflX, radical SAM superfamily
1_548	706425	708653	2229	-1	0.478	11	TAA	NA	NA	NA	0	0	0	1	NA	NA	NA	NA	NA
1_549	709828	711057	1230	1	0.477	11	TAAAAA	GENOMAD.057710.VV	1.13e-20	98	0	0	1	2561	Caudoviricetes	NA	NA	PF00589;PF04860;K07358;TIGR01537	Phage integrase family; Phage portal protein
1_550	711142	711672	531	1	0.482	11	TAA	NA	NA	NA	0	0	0	1	NA	NA	NA	NA	NA
1_551	712307	712840	534	1	0.479	11	TAAAAA	GENOMAD.195408.VC	1.417e-06	50	0	0	0	1	NA	NA	NA	PF07275;COG4734	Antirestriction protein (ArdA)
1_552	712893	713105	213	1	0.516	11	TAAAAA	NA	NA	NA	0	0	0	1	NA	NA	NA	NA	NA
1_553	713128	713349	222	1	0.473	11	TAAAAA	NA	NA	NA	0	0	0	1	NA	NA	NA	NA	NA
1_554	713361	713843	483	1	0.478	11	TAA	GENOMAD.226874.VP	3.555e-12	66	0	0	0	2561	Caudoviricetes	NA	NA	NA	NA
1_555	714047	714367	321	-1	0.417	11	TAA	NA	NA	NA	0	0	0	1	NA	NA	NA	NA	NA
1_556	714380	714832	453	-1	0.494	11	AATAA	NA	NA	NA	0	0	0	1	NA	NA	NA	NA	NA
1_557	714852	715433	582	-1	0.533	11	TAAAAA	GENOMAD.124112.PP	9.197e-09	57	0	1	0	1	NA	B_traO	NA	PF10626;COG3047	Conjugative transposon protein TraO
1_558	715437	716372	936	-1	0.512	11	TAAAA	NA	NA	NA	0	0	0	1	NA	NA	NA	NA	NA
1_559	716406	717719	1314	-1	0.578	11	TAAA	NA	NA	NA	0	0	0	1	NA	NA	NA	NA	NA
1_560	717697	717993	297	-1	0.519	11	TAA	GENOMAD.216326.PC	3.827e-36	132	0	0	0	1	NA	B_traL	NA	PF13150	Conjugative transposon protein TraL
1_561	717998	718621	624	-1	0.542	11	None	NA	NA	NA	0	0	0	1	NA	NA	NA	NA	NA
1_562	718642	719637	996	-1	0.540	11	TAAA	NA	NA	NA	0	0	0	1	NA	NA	NA	NA	NA
1_563	719657	720283	627	-1	0.525	11	TAAAAA	NA	NA	NA	0	0	0	1	NA	NA	NA	NA	NA
1_564	720295	722808	2514	-1	0.519	11	AAA	GENOMAD.183332.PC	6.903e-19	95	0	0	0	1	NA	NA	NA	PF12991;TIGR03783	Bacteroides conjugation system ATPase, TraG family
1_565	722805	723167	363	-1	0.537	11	TAAA	GENOMAD.194837.PC	1.595e-47	166	0	0	0	1	NA	B_traF	NA	PF13571	NA
1_566	723178	723420	243	-1	0.539	11	TAAAA	NA	NA	NA	0	0	0	1	NA	NA	NA	NA	NA
1_567	723417	725072	1656	-1	0.426	11	TAAA	GENOMAD.125721.VV	0.0003189	46	0	0	0	2561	Caudoviricetes	NA	NA	NA	NA
1_568	725688	725903	216	-1	0.523	11	TAAAAA	NA	NA	NA	0	0	0	1	NA	NA	NA	NA	NA
1_569	726074	726703	630	-1	0.576	11	AAAA	NA	NA	NA	0	0	0	1	NA	NA	NA	NA	NA
1_570	726706	727134	429	-1	0.569	11	TAAAA	GENOMAD.208515.PC	1.046e-10	61	0	0	0	1	NA	NA	NA	NA	NA
1_571	727136	727903	768	-1	0.531	11	TAA	NA	NA	NA	0	0	0	1	NA	NA	NA	NA	NA
1_572	728480	728902	423	1	0.532	11	TAA	NA	NA	NA	0	0	0	1	NA	NA	NA	NA	NA
1_573	728917	730155	1239	1	0.559	11	TAA	GENOMAD.206331.CP	5.781e-10	64	0	0	0	1	NA	NA	NA	NA	NA
1_574	730173	732182	2010	1	0.478	11	TAAAAA	NA	NA	NA	0	0	0	1	NA	NA	NA	NA	NA
1_575	732226	733242	1017	-1	0.463	11	None	GENOMAD.181818.PC	4.882e-07	54	0	0	0	1	NA	NA	NA	PF08843;K09144;COG2253	Predicted nucleotidyltransferase component of viral defense system
1_576	733252	733953	702	-1	0.497	11	AACAA	NA	NA	NA	0	0	0	1	NA	NA	NA	NA	NA
1_577	734419	734616	198	1	0.253	11	AAAAA	NA	NA	NA	0	0	0	1	NA	NA	NA	NA	NA
1_578	734654	734854	201	-1	0.353	11	TAA	NA	NA	NA	0	0	0	1	NA	NA	NA	NA	NA
1_579	734889	735299	411	-1	0.348	11	TAAAAA	NA	NA	NA	0	0	0	1	NA	NA	NA	NA	NA
1_580	735455	736081	627	-1	0.359	11	TAAA	NA	NA	NA	0	0	0	1	NA	NA	NA	NA	NA
1_581	736091	736321	231	-1	0.320	11	TAAA	NA	NA	NA	0	0	0	1	NA	NA	NA	NA	NA
1_582	737026	738348	1323	1	0.575	11	TAAAA	NA	NA	NA	0	0	0	1	NA	NA	NA	NA	NA
1_583	738375	740462	2088	1	0.566	11	TAAAAA	NA	NA	NA	0	0	0	1	NA	NA	NA	NA	NA
1_584	740560	741078	519	-1	0.566	11	TAA	NA	NA	NA	0	0	0	1	NA	NA	NA	NA	NA
1_585	741487	743559	2073	-1	0.548	11	TAA	GENOMAD.169371.VP	2.469e-23	109	0	0	0	5797	Crassvirales	NA	NA	COG0358;TIGR01391	DNA primase (bacterial type)
1_586	743522	743950	429	-1	0.480	11	AAAA	NA	NA	NA	0	0	0	1	NA	NA	NA	NA	NA
1_587	743986	744888	903	-1	0.507	11	TAAA	NA	NA	NA	0	0	0	1	NA	NA	NA	NA	NA
1_588	744920	745762	843	-1	0.542	11	TAAA	NA	NA	NA	0	0	0	1	NA	NA	NA	NA	NA
1_589	745791	746249	459	-1	0.425	11	None	NA	NA	NA	0	0	0	1	NA	NA	NA	NA	NA
1_590	746272	746739	468	-1	0.368	11	AACAA	NA	NA	NA	0	0	0	1	NA	NA	NA	NA	NA
1_591	746802	747380	579	-1	0.368	11	TAA	NA	NA	NA	0	0	0	1	NA	NA	NA	NA	NA
1_592	747419	748012	594	-1	0.340	11	TATAA	NA	NA	NA	0	0	0	1	NA	NA	NA	NA	NA
1_593	748031	748498	468	-1	0.318	11	AATAA	NA	NA	NA	0	0	0	1	NA	NA	NA	NA	NA
1_594	748574	748966	393	-1	0.270	11	AATAA	NA	NA	NA	0	0	0	1	NA	NA	NA	NA	NA
1_595	749046	749429	384	-1	0.331	11	AAA	NA	NA	NA	0	0	0	1	NA	NA	NA	NA	NA
1_596	749368	749772	405	-1	0.331	11	TAA	NA	NA	NA	0	0	0	1	NA	NA	NA	NA	NA
1_597	749851	750438	588	-1	0.335	11	TAAA	NA	NA	NA	0	0	0	1	NA	NA	NA	NA	NA
1_598	750538	751059	522	-1	0.406	11	TAAA	NA	NA	NA	0	0	0	1	NA	NA	NA	NA	NA
1_599	751069	751770	702	-1	0.366	11	AAAA	NA	NA	NA	0	0	0	1	NA	NA	NA	NA	NA
1_600	751843	752286	444	-1	0.279	11	TAA	NA	NA	NA	0	0	0	1	NA	NA	NA	NA	NA
1_601	752369	752959	591	-1	0.386	11	TAA	GENOMAD.141880.PP	8.884e-05	45	0	0	0	1	NA	NA	NA	PF08887;PF08906;COG5620	GAD-like domain
1_602	753012	753434	423	-1	0.333	11	AACAA	NA	NA	NA	0	0	0	1	NA	NA	NA	NA	NA
1_603	753462	753929	468	-1	0.318	11	AATAA	NA	NA	NA	0	0	0	1	NA	NA	NA	NA	NA
1_604	753977	754339	363	-1	0.281	11	AATAA	NA	NA	NA	0	0	0	1	NA	NA	NA	NA	NA
1_605	754410	754784	375	-1	0.355	11	AATAA	NA	NA	NA	0	0	0	1	NA	NA	NA	NA	NA
1_606	754857	755963	1107	-1	0.482	11	AAAA	NA	NA	NA	0	0	0	1	NA	NA	NA	NA	NA
1_607	756059	756673	615	-1	0.449	11	TAAAAA	NA	NA	NA	0	0	0	1	NA	NA	NA	NA	NA
1_608	757024	757698	675	1	0.378	11	AAA	NA	NA	NA	0	0	0	1	NA	NA	NA	NA	NA
1_609	757808	758947	1140	1	0.414	11	AACAA	NA	NA	NA	0	0	0	1	NA	NA	NA	NA	NA
1_610	759137	761710	2574	-1	0.415	11	TATAA	GENOMAD.108163.CV	2.075e-127	432	0	0	0	1	NA	NA	NA	NA	NA
1_611	761762	762319	558	-1	0.384	11	TAAAAA	NA	NA	NA	0	0	0	1	NA	NA	NA	NA	NA
1_612	762382	763971	1590	1	0.444	11	TAA	NA	NA	NA	0	0	0	1	NA	NA	NA	NA	NA
1_613	764051	764524	474	-1	0.456	11	TAA	GENOMAD.036439.CC	5.295e-35	132	0	0	0	1	NA	NA	NA	PF04170;PF08139;COG3015;K06079;TIGR03511	Uncharacterized lipoprotein NlpE involved in copper resistance
1_614	764566	765903	1338	-1	0.433	11	None	NA	NA	NA	0	0	0	1	NA	NA	NA	NA	NA
1_615	766011	766811	801	-1	0.452	11	AAAAA	GENOMAD.170857.CP	9.37e-05	46	0	0	0	1	NA	NA	NA	PF01435;COG4784	Putative Zn-dependent protease
1_616	766854	769226	2373	-1	0.469	11	AAA	GENOMAD.124105.CP	9.365e-166	542	0	0	0	1	NA	NA	NA	PF14905;PF07715;TIGR01783;COG4771;K19611	TonB-dependent siderophore receptor
1_617	769334	769771	438	1	0.452	11	TATAA	GENOMAD.029276.CC	1.814e-74	245	0	0	0	1	NA	NA	NA	PF09413;PF08792;TIGR04165;COG3677	Putative prokaryotic signal transducing protein; A2L zinc ribbon domain
1_618	769804	770622	819	1	0.440	11	AAAAA	GENOMAD.151688.CP	2.288e-16	82	0	0	0	1	NA	NA	NA	PF00756;K03930;TIGR02821;COG0627	S-formylglutathione hydrolase
1_619	770751	771572	822	-1	0.425	11	TAAA	NA	NA	NA	0	0	0	1	NA	NA	NA	NA	NA
1_620	771741	773027	1287	1	0.469	11	TAAA	NA	NA	NA	0	0	0	1	NA	NA	NA	NA	NA
1_621	773031	774092	1062	1	0.455	11	TAA	NA	NA	NA	0	0	0	1	NA	NA	NA	NA	NA
1_622	774124	774801	678	-1	0.438	11	None	GENOMAD.160363.CP	7.879e-09	58	0	0	0	1	NA	NA	NA	PF04545;K07687;COG4566;TIGR02154	Two-component response regulator, FixJ family, consists of REC and HTH domains
1_623	774905	775495	591	-1	0.464	11	TAAA	GENOMAD.213742.CV	5.045e-71	238	0	0	0	2561	Caudoviricetes	NA	NA	PF14059;PF12097	NA
1_624	775564	776994	1431	-1	0.474	11	TAAAAA	GENOMAD.134182.CP	7.701e-64	230	0	0	0	2561	Caudoviricetes	NA	NA	PF03553;K03315;TIGR00931;COG1757	Na+/H+ antiporter NhaC
1_625	777019	777873	855	-1	0.463	11	AATAA	NA	NA	NA	0	0	0	1	NA	NA	NA	NA	NA
1_626	777903	778340	438	-1	0.441	11	TAA	GENOMAD.025075.CC	4.65e-31	120	0	0	0	1	NA	NA	NA	NA	NA
1_627	778372	779547	1176	-1	0.464	11	TAA	GENOMAD.151340.CP	7.68e-08	57	0	0	0	1	NA	NA	NF012174	COG2223;K08153	Nitrate/nitrite transporter NarK
1_628	779572	781932	2361	-1	0.505	11	AATAA	NA	NA	NA	0	0	0	1	NA	NA	NA	NA	NA
1_629	781952	787540	5589	-1	0.469	11	TAAA	GENOMAD.146296.CP	0.0	1767	0	0	0	1	NA	NA	NA	K06894;COG2373	Uncharacterized conserved protein YfaS, alpha-2-macroglobulin family
1_630	787866	789161	1296	-1	0.447	11	None	NA	NA	NA	0	0	0	1	NA	NA	NA	NA	NA
1_631	789247	791769	2523	1	0.454	11	AAA	GENOMAD.123924.CP	1.959e-87	312	0	0	0	2561	Caudoviricetes	NA	NA	PF07670;PF07664;COG3366;TIGR02871	Nucleoside recognition; Ferrous iron transport protein B C terminus
1_632	791766	791978	213	1	0.385	11	None	NA	NA	NA	0	0	0	1	NA	NA	NA	NA	NA
1_633	792423	793508	1086	1	0.398	11	AACAA	NA	NA	NA	0	0	0	1	NA	NA	NA	NA	NA
1_634	793659	794411	753	1	0.385	11	TAAA	GENOMAD.017394.CC	9.49e-53	188	0	0	0	1	NA	NA	NA	PF14268;PF13880;TIGR00412	YoaP-like; ESCO1/2 acetyl-transferase
1_635	794541	795524	984	-1	0.488	11	None	GENOMAD.030548.CC	2.638e-115	373	0	0	0	1	NA	NA	NA	PF19543;TIGR02403;COG3017	Melibiase
1_636	795696	797570	1875	-1	0.505	11	AAA	GENOMAD.030548.CC	6.377e-153	497	0	0	0	1	NA	NA	NA	PF19543;TIGR02403;COG3017	Melibiase
1_637	797594	798853	1260	1	0.457	11	AATAA	NA	NA	NA	0	0	0	1	NA	NA	NA	NA	NA
1_638	798850	799863	1014	1	0.474	11	TAA	NA	NA	NA	0	0	0	1	NA	NA	NA	NA	NA
1_639	799977	800984	1008	1	0.483	11	AAAAA	NA	NA	NA	0	0	0	1	NA	NA	NA	NA	NA
1_640	801009	801182	174	-1	0.385	11	TAAAAA	NA	NA	NA	0	0	0	1	NA	NA	NA	NA	NA
1_641	801296	801460	165	1	0.394	11	TAA	NA	NA	NA	0	0	0	1	NA	NA	NA	NA	NA
1_642	801983	802501	519	1	0.424	11	TAA	NA	NA	NA	0	0	0	1	NA	NA	NA	NA	NA
1_643	802521	802994	474	1	0.416	11	TAA	NA	NA	NA	0	0	0	1	NA	NA	NA	NA	NA
1_644	803400	804854	1455	1	0.281	11	None	GENOMAD.158345.CP	9.391e-07	54	0	0	0	1	NA	NA	NA	PF03023;TIGR02900;COG0728;K16695	stage V sporulation protein B
1_645	804851	806239	1389	1	0.290	11	AAA	GENOMAD.190711.CP	3.013e-09	62	0	0	0	1	NA	NA	NA	NA	NA
1_646	806271	807476	1206	1	0.340	11	TAAAAA	NA	NA	NA	0	0	0	1	NA	NA	NA	NA	NA
1_647	807489	808643	1155	1	0.341	11	TAAA	NA	NA	NA	0	0	0	1	NA	NA	NA	NA	NA
1_648	808643	809719	1077	1	0.276	11	TAGAA	GENOMAD.111529.CP	2.612e-12	71	0	0	0	1	NA	NA	NA	PF07429;TIGR04063;COG4641;K19002	4-alpha-L-fucosyltransferase glycosyl transferase group 56
1_649	809731	810825	1095	1	0.294	11	TAA	GENOMAD.005659.CC	2.78e-07	55	0	0	0	1	NA	NA	NA	PF13528;TIGR04063;COG4641;K03208	PEP-CTERM/exosortase A-associated glycosyltransferase, Daro_2409 family
1_650	810827	811336	510	1	0.314	11	AAA	NA	NA	NA	0	0	0	1	NA	NA	NA	NA	NA
1_651	811354	812373	1020	1	0.379	11	None	NA	NA	NA	0	0	0	1	NA	NA	NA	NA	NA
1_652	812407	813540	1134	1	0.326	11	TAA	NA	NA	NA	0	0	0	1	NA	NA	NA	NA	NA
1_653	813546	814676	1131	1	0.355	11	AAA	NA	NA	NA	0	0	0	1	NA	NA	NA	NA	NA
1_654	814763	815869	1107	1	0.288	11	AACAA	GENOMAD.136493.CP	1.851e-38	151	0	0	0	1	NA	NA	NA	PF02350;PF15924;K03208;TIGR04007;COG0297	colanic acid biosynthesis glycosyl transferase WcaI
1_655	815885	817108	1224	1	0.442	11	TAA	GENOMAD.076874.VV	3.216e-11	68	0	0	0	2561	Caudoviricetes	NA	NA	PF01041;K07806;TIGR03588;COG0399	UDP-4-amino-4,6-dideoxy-N-acetyl-beta-L-altrosamine transaminase
1_656	817140	817727	588	1	0.391	11	TAAA	NA	NA	NA	0	0	0	1	NA	NA	NA	NA	NA
1_657	818101	818697	597	1	0.437	11	TAA	GENOMAD.143051.CP	2.036e-05	47	0	0	0	1	NA	NA	NA	PF08534;TIGR01626;COG2143;K02199	conserved hypothetical protein YtfJ-family, TIGR01626
1_658	818758	820623	1866	1	0.467	11	None	GENOMAD.124211.CP	6.554e-18	91	0	0	0	1	NA	NA	NA	COG0471	Di- and tricarboxylate transporter
1_659	820668	821402	735	-1	0.488	11	TAAAAA	GENOMAD.179585.CP	1.868e-105	340	0	0	0	1	NA	NA	NA	PF02390;K18896;TIGR04290;COG4122	methyltransferase, Rta_06860 family
1_660	821500	821688	189	1	0.386	11	TAA	NA	NA	NA	0	0	0	1	NA	NA	NA	NA	NA
1_661	821774	822154	381	-1	0.441	11	TAA	GENOMAD.151548.CP	4.04e-06	47	0	0	0	1	NA	NA	NF000496	PF00903;TIGR03645;K08234;COG3324	lactoylglutathione lyase family protein
1_662	822298	823377	1080	-1	0.480	11	TAA	NA	NA	NA	0	0	0	1	NA	NA	NA	NA	NA
1_663	823397	824122	726	-1	0.461	11	TAAA	GENOMAD.123098.CP	6.628e-43	159	0	0	0	1	NA	NA	NA	PF13483;COG1235;TIGR03307;K03476	Phosphoribosyl 1,2-cyclic phosphodiesterase
1_664	824194	824901	708	-1	0.531	11	TAA	GENOMAD.183378.CP	1.596e-05	48	0	0	0	1	NA	NA	NA	PF13883;COG3871;TIGR04110;K05558	General stress protein 26 (function unknown)
1_665	824919	825623	705	-1	0.474	11	TAAAA	GENOMAD.129411.CP	1.933e-08	57	0	0	0	1	NA	NA	NA	PF05726;PF02678;COG1741;K06911	Redox-sensitive bicupin YhaK, pirin superfamily
1_666	825874	827685	1812	1	0.435	11	TAA	NA	NA	NA	0	0	0	1	NA	NA	NA	NA	NA
1_667	827926	828468	543	1	0.435	11	TAAAAA	NA	NA	NA	0	0	0	1	NA	NA	NA	NA	NA
1_668	828638	829648	1011	-1	0.452	11	TAA	NA	NA	NA	0	0	0	1	NA	NA	NA	NA	NA
1_669	829872	831377	1506	1	0.423	11	TAAAAA	GENOMAD.213854.CV	3.056e-121	399	0	0	0	1	NA	NA	NA	PF03349;K06076;COG2067;TIGR03519	Outer membrane protein transport protein (OMPP1/FadL/TodX)
1_670	831504	832655	1152	1	0.428	11	TAA	GENOMAD.194341.CP	1.04e-24	110	0	0	0	1	NA	NA	NA	PF17170;PF06788	6-bladed beta-propeller; Uncharacterised protein family (UPF0257)
1_671	832744	834033	1290	-1	0.491	11	TAAA	GENOMAD.181292.CP	2.543e-255	783	0	0	0	1	NA	NA	NA	PF19577;COG3203;TIGR04273	DcaP outer membrane protein
1_672	834197	834700	504	1	0.433	11	AAA	NA	NA	NA	0	0	0	1	NA	NA	NA	NA	NA
1_673	834982	835662	681	1	0.474	11	TAAAAA	NA	NA	NA	0	0	0	1	NA	NA	NA	NA	NA
1_674	835703	836362	660	1	0.497	11	AATAA	GENOMAD.085296.VV	1.515e-08	57	0	0	0	2561	Caudoviricetes	NA	NA	PF01902;TIGR00289;COG2102	TIGR00289 family protein
1_675	836377	836832	456	1	0.456	11	TAAA	NA	NA	NA	0	0	0	1	NA	NA	NA	NA	NA
1_676	836842	837315	474	-1	0.460	11	AACAA	GENOMAD.000176.CC	1.203e-15	76	0	0	0	1	NA	NA	NA	PF02590;TIGR00246;COG1576;K00783	rRNA large subunit m3Psi methyltransferase RlmH
1_677	837412	837804	393	1	0.435	11	TAA	GENOMAD.015068.CC	1.423e-20	89	0	0	0	1	NA	NA	NA	PF16022;COG4875	NA
1_678	837797	838636	840	1	0.473	11	TAAAA	NA	NA	NA	0	0	0	1	NA	NA	NA	NA	NA
1_679	838831	839382	552	1	0.471	11	TAAAAA	NA	NA	NA	0	0	0	1	NA	NA	NA	NA	NA
1_680	839366	840406	1041	1	0.489	11	TAAA	NA	NA	NA	0	0	0	1	NA	NA	NA	NA	NA
1_681	840443	840955	513	1	0.491	11	AAAAA	NA	NA	NA	0	0	0	1	NA	NA	NA	NA	NA
1_682	841107	841811	705	1	0.464	11	AATAA	GENOMAD.056886.CC	0.0006251	43	0	0	0	1	NA	NA	NA	PF03544;TIGR01352	NA
1_683	841840	842814	975	1	0.492	11	TAAA	GENOMAD.130300.CP	3.538e-11	67	0	0	0	2561	Caudoviricetes	NA	NA	PF03060;K00459;TIGR02814;COG2070	PfaD family protein
1_684	842913	844022	1110	-1	0.492	11	TAA	NA	NA	NA	0	0	0	1	NA	NA	NA	NA	NA
1_685	844774	846426	1653	1	0.485	11	TAA	GENOMAD.006612.CC	1.732e-16	86	0	0	0	1	NA	NA	NA	PF01333	NA
1_686	846497	848134	1638	1	0.471	11	TAA	GENOMAD.147756.CP	4.042e-190	601	0	0	0	1	NA	NA	NA	PF03577;K08659;COG4690	Dipeptidase
1_687	848241	849986	1746	1	0.447	11	TAAAAA	GENOMAD.128817.CP	1.239e-06	54	0	0	0	1	NA	NA	NA	PF02878;K01835;COG1109;TIGR03990	Phosphomannomutase
1_688	850317	850937	621	-1	0.435	11	None	GENOMAD.036884.CC	5.163e-58	201	0	0	0	1	NA	NA	NA	PF14289;PF20205;COG3065;TIGR00752	NA
1_689	850984	851883	900	-1	0.447	11	TAA	GENOMAD.054128.CC	2.636e-137	435	0	0	0	1	NA	NA	NA	PF16961;COG3047;TIGR04565	Putative OmpA-OmpF-like porin family
1_690	851906	854305	2400	-1	0.432	11	TAAAAA	GENOMAD.216236.VC	1.747e-16	87	0	0	0	1	NA	NA	NA	NA	NA
1_691	854366	854479	114	-1	0.404	11	TAA	NA	NA	NA	0	0	0	1	NA	NA	NA	NA	NA
1_692	854742	855656	915	-1	0.433	11	AACAA	GENOMAD.022966.VV	3.367e-06	51	0	0	0	2561	Caudoviricetes	NA	NA	NA	NA
1_693	856192	857088	897	1	0.465	11	TAAA	NA	NA	NA	0	0	0	1	NA	NA	NA	NA	NA
1_694	857215	857994	780	-1	0.469	11	AAAAA	GENOMAD.126781.CP	3.127e-10	63	0	0	0	1	NA	NA	NA	PF09296;COG2816	NADH pyrophosphatase-like rudimentary NUDIX domain
1_695	858026	859615	1590	-1	0.465	11	AAA	NA	NA	NA	0	0	0	1	NA	NA	NA	NA	NA
1_696	859890	861266	1377	-1	0.486	11	TAAA	NA	NA	NA	0	0	0	1	NA	NA	NA	NA	NA
1_697	861325	861927	603	-1	0.489	11	TAAAAA	GENOMAD.151862.PC	1.391e-52	185	0	0	0	1	NA	NA	NA	PF04224;K21741;COG3059	Uncharacterized membrane protein YkgB
1_698	862015	862821	807	-1	0.466	11	AAAA	NA	NA	NA	0	0	0	1	NA	NA	NA	NA	NA
1_699	862857	863339	483	-1	0.487	11	TAAA	NA	NA	NA	0	0	0	1	NA	NA	NA	NA	NA
1_700	863457	864356	900	1	0.469	11	AAA	NA	NA	NA	0	0	0	1	NA	NA	NA	NA	NA
1_701	864655	865902	1248	1	0.476	11	TAA	GENOMAD.123414.CP	9.072e-144	460	0	0	0	1	NA	NA	NA	PF12700;TIGR01730;K13888;COG0845	HlyD family secretion protein
1_702	866023	867288	1266	1	0.469	11	TAA	GENOMAD.148108.CP	6.299e-15	80	0	0	0	1	NA	NA	NA	PF02687;TIGR02212;COG4591;K24948	lipoprotein releasing system, transmembrane protein, LolC/E family
1_703	867310	868578	1269	1	0.489	11	TAAAAA	GENOMAD.138065.CP	2.7e-68	241	0	0	0	1	NA	NA	NA	PF02687;TIGR02212;COG4591;K24948	lipoprotein releasing system, transmembrane protein, LolC/E family
1_704	868600	869904	1305	1	0.478	11	None	NA	NA	NA	0	0	0	1	NA	NA	NA	NA	NA
1_705	869911	871218	1308	1	0.490	11	TAAA	GENOMAD.136975.CP	2.54e-131	425	0	0	0	1	NA	NA	NA	PF02687;TIGR02212;COG4591;K09808	lipoprotein releasing system, transmembrane protein, LolC/E family
1_706	871267	872544	1278	1	0.447	11	TAA	GENOMAD.148108.CP	0.000445	45	0	0	0	1	NA	NA	NA	PF02687;TIGR02212;COG4591;K24948	lipoprotein releasing system, transmembrane protein, LolC/E family
1_707	872548	873837	1290	1	0.474	11	AATAA	GENOMAD.136975.CP	1.148e-128	417	0	0	0	1	NA	NA	NA	PF02687;TIGR02212;COG4591;K09808	lipoprotein releasing system, transmembrane protein, LolC/E family
1_708	873860	875167	1308	1	0.444	11	TAA	NA	NA	NA	0	0	0	1	NA	NA	NA	NA	NA
1_709	875173	876444	1272	1	0.461	11	AAAAA	GENOMAD.136975.CP	4.318e-59	214	0	0	0	1	NA	NA	NA	PF02687;TIGR02212;COG4591;K09808	lipoprotein releasing system, transmembrane protein, LolC/E family
1_710	876631	877539	909	-1	0.424	11	TAA	NA	NA	NA	0	0	0	1	NA	NA	NA	NA	NA
1_711	877539	878438	900	-1	0.421	11	TAA	NA	NA	NA	0	0	0	1	NA	NA	NA	NA	NA
1_712	878619	879884	1266	1	0.446	11	TAAA	GENOMAD.160698.CP	2.132e-08	59	0	0	0	1	NA	NA	NA	PF02627;TIGR02425;COG0599	4-carboxymuconolactone decarboxylase
1_713	880047	880712	666	1	0.470	11	TAAA	NA	NA	NA	0	0	0	1	NA	NA	NA	NA	NA
1_714	880899	881564	666	1	0.479	11	TAAA	NA	NA	NA	0	0	0	1	NA	NA	NA	NA	NA
1_715	881619	882248	630	1	0.441	11	AATAA	NA	NA	NA	0	0	0	1	NA	NA	NA	NA	NA
1_716	882259	883557	1299	1	0.477	11	TAAAAA	GENOMAD.148108.CP	3.131e-10	65	0	0	0	1	NA	NA	NA	PF02687;TIGR02212;COG4591;K24948	lipoprotein releasing system, transmembrane protein, LolC/E family
1_717	883572	884816	1245	1	0.439	11	TAAA	GENOMAD.138065.CP	4.521e-197	614	0	0	0	1	NA	NA	NA	PF02687;TIGR02212;COG4591;K24948	lipoprotein releasing system, transmembrane protein, LolC/E family
1_718	884913	887525	2613	1	0.449	11	None	NA	NA	NA	0	0	0	1	NA	NA	NA	NA	NA
1_719	887806	889278	1473	1	0.446	11	TAA	GENOMAD.106579.CP	2.538e-81	282	0	0	0	1	NA	NA	NA	K12340;COG1538	Outer membrane protein TolC
1_720	889331	890680	1350	1	0.482	11	AATAA	GENOMAD.107047.CP	5.81e-09	61	0	0	0	1	NA	NA	NA	PF06506;PF14532;K02688;TIGR02329;COG3829	propionate catabolism operon regulatory protein PrpR
1_721	890724	892016	1293	1	0.453	11	TAA	NA	NA	NA	0	0	0	1	NA	NA	NA	NA	NA
1_722	892005	893648	1644	-1	0.479	11	TAA	NA	NA	NA	0	0	0	1	NA	NA	NA	NA	NA
1_723	893690	895387	1698	-1	0.478	11	TAA	NA	NA	NA	0	0	0	1	NA	NA	NA	NA	NA
1_724	895519	896508	990	1	0.480	11	TAAA	GENOMAD.168427.CP	6.241e-106	346	0	0	0	1	NA	NA	NA	PF03706;TIGR00374;COG0392;K07027	conserved hypothetical protein
1_725	896934	897218	285	1	0.361	11	TAA	NA	NA	NA	0	0	0	1	NA	NA	NA	NA	NA
1_726	897862	900177	2316	1	0.404	11	TAAA	GENOMAD.072511.VV	0.0004929	46	0	0	0	2561	Caudoviricetes	NA	NA	K18959;COG4096;TIGR04095	Type I site-specific restriction endonuclease, part of a restriction-modification system
1_727	900180	901700	1521	1	0.416	11	TAAA	NA	NA	NA	0	0	0	1	NA	NA	NA	NA	NA
1_728	901716	902732	1017	1	0.380	11	TAA	NA	NA	NA	0	0	0	1	NA	NA	NA	NA	NA
1_729	902725	903171	447	1	0.396	11	None	NA	NA	NA	0	0	0	1	NA	NA	NA	NA	NA
1_730	903198	904769	1572	1	0.370	11	AAGAA	NA	NA	NA	0	0	0	1	NA	NA	NA	NA	NA
1_731	904749	905348	600	-1	0.362	11	TAA	NA	NA	NA	0	0	0	1	NA	NA	NA	NA	NA
1_732	905407	906213	807	1	0.387	11	TAAA	GENOMAD.168274.VV	4.606e-05	47	0	0	0	1	NA	NA	NA	PF00589;TIGR02249;COG4973;K14059	integron integrase
1_733	906681	907595	915	-1	0.469	11	TAAAAA	GENOMAD.211730.VP	9.59e-19	90	0	0	0	2561	Caudoviricetes	NA	NA	PF14297	NA
1_734	907747	908094	348	-1	0.474	11	TAAAAA	GENOMAD.141308.VP	9.941e-10	57	0	0	0	2561	Caudoviricetes	NA	NA	PF10902	WYL_2, Sm-like SH3 beta-barrel fold
1_735	909102	909740	639	1	0.498	11	TAA	NA	NA	NA	0	0	0	1	NA	NA	NA	NA	NA
1_736	909752	910234	483	1	0.474	11	TAAAAA	NA	NA	NA	0	0	0	1	NA	NA	NA	NA	NA
1_737	910271	911161	891	1	0.413	11	TAA	NA	NA	NA	0	0	0	1	NA	NA	NA	NA	NA
1_738	911161	911736	576	1	0.366	11	None	NA	NA	NA	0	0	0	1	NA	NA	NA	NA	NA
1_739	911757	912146	390	1	0.377	11	None	NA	NA	NA	0	0	0	1	NA	NA	NA	NA	NA
1_740	912166	913482	1317	1	0.437	11	None	GENOMAD.189983.VC	5.58e-05	48	0	0	0	2561	Caudoviricetes	NA	NA	PF00984;PF03720	UDP-glucose/GDP-mannose dehydrogenase family, central domain; UDP-glucose/GDP-mannose dehydrogenase family, UDP binding domain
1_741	913492	914427	936	1	0.393	11	TAAAAA	GENOMAD.023445.VV	0.0001292	46	0	0	0	2561	Caudoviricetes	NA	NA	PF05368;K02473;TIGR01472;COG0702	GDP-mannose 4,6-dehydratase
1_742	914566	914781	216	1	0.255	11	TAA	NA	NA	NA	0	0	0	1	NA	NA	NA	NA	NA
1_743	914804	915007	204	1	0.245	11	TAAAA	NA	NA	NA	0	0	0	1	NA	NA	NA	NA	NA
1_744	915443	916876	1434	1	0.310	11	AATAA	GENOMAD.147640.CP	7.519e-14	77	0	0	0	1	NA	NA	NA	PF13440;K16695;TIGR01695;COG0728	murein biosynthesis integral membrane protein MurJ
1_745	916881	917813	933	1	0.302	11	TAAAAA	NA	NA	NA	0	0	0	1	NA	NA	NA	NA	NA
1_746	917801	918661	861	1	0.289	11	AATAA	NA	NA	NA	0	0	0	1	NA	NA	NA	NA	NA
1_747	918678	919439	762	1	0.289	11	AAAAA	GENOMAD.171577.VC	1.263e-25	109	0	0	0	1	NA	NA	NA	NA	NA
1_748	919611	920627	1017	1	0.307	11	TAA	GENOMAD.162038.VC	3.14e-09	61	0	0	0	2561	Caudoviricetes	NA	NA	PF00852	Glycosyltransferase family 10 (fucosyltransferase) C-term
1_749	920654	921691	1038	1	0.301	11	TAAA	NA	NA	NA	0	0	0	1	NA	NA	NA	NA	NA
1_750	921707	922426	720	1	0.314	11	None	GENOMAD.033732.VV	2.438e-16	81	0	0	0	2561	Caudoviricetes	NA	NA	NA	NA
1_751	922431	923486	1056	1	0.325	11	AAA	NA	NA	NA	0	0	0	1	NA	NA	NA	NA	NA
1_752	923498	924541	1044	1	0.325	11	TAA	NA	NA	NA	0	0	0	1	NA	NA	NA	NA	NA
1_753	924554	925378	825	1	0.309	11	None	NA	NA	NA	0	0	0	1	NA	NA	NA	NA	NA
1_754	925375	926283	909	1	0.380	11	AACAA	NA	NA	NA	0	0	0	1	NA	NA	NA	NA	NA
1_755	926297	926395	99	1	0.232	11	TAA	NA	NA	NA	0	0	0	1	NA	NA	NA	NA	NA
1_756	926399	927349	951	1	0.397	11	AATAA	NA	NA	NA	0	0	0	1	NA	NA	NA	NA	NA
1_757	927352	927939	588	1	0.480	11	TAAA	NA	NA	NA	0	0	0	1	NA	NA	NA	NA	NA
1_758	928124	928339	216	1	0.444	11	AAA	GENOMAD.181304.PC	0.0001477	40	0	0	0	1	NA	NA	NA	K15773;TIGR00673;COG3620	cyanase
1_759	928336	928662	327	1	0.388	11	TAGAA	NA	NA	NA	0	0	0	1	NA	NA	NA	NA	NA
1_760	928664	928999	336	1	0.339	11	None	NA	NA	NA	0	0	0	1	NA	NA	NA	NA	NA
1_761	929047	930621	1575	-1	0.450	11	TAA	NA	NA	NA	0	0	0	1	NA	NA	NA	NA	NA
1_762	930901	931176	276	-1	0.384	11	TAA	NA	NA	NA	0	0	0	1	NA	NA	NA	NA	NA
1_763	931381	932427	1047	1	0.456	11	TAA	NA	NA	NA	0	0	0	1	NA	NA	NA	NA	NA
1_764	932471	934039	1569	1	0.471	11	TAAA	NA	NA	NA	0	0	0	1	NA	NA	NA	NA	NA
1_765	934127	934585	459	1	0.462	11	TAAA	NA	NA	NA	0	0	0	1	NA	NA	NA	NA	NA
1_766	934721	936067	1347	1	0.427	11	TAA	NA	NA	NA	0	0	0	1	NA	NA	NA	NA	NA
1_767	936075	936725	651	1	0.465	11	None	GENOMAD.153206.CP	2.361e-34	133	0	0	0	1	NA	NA	NA	PF17837;PF01648;COG2977;TIGR00516	4'-phosphopantetheinyl transferase EntD (siderophore biosynthesis)
1_768	936746	939052	2307	1	0.442	11	TAA	GENOMAD.123010.CP	1.528e-73	268	0	0	0	1	NA	NA	NA	NA	NA
1_769	939238	939342	105	-1	0.457	11	TAAAAA	NA	NA	NA	0	0	0	1	NA	NA	NA	NA	NA
1_770	939357	939659	303	-1	0.439	11	TAAA	GENOMAD.178323.CP	3.706e-14	69	0	0	0	1	NA	NA	NA	PF14542;COG2388	GCN5-related N-acetyl-transferase
1_771	939946	940809	864	1	0.442	11	TAAA	NA	NA	NA	0	0	0	1	NA	NA	NA	NA	NA
1_772	940853	941938	1086	1	0.461	11	TAA	GENOMAD.140381.VV	1.143e-06	53	0	0	0	2561	Caudoviricetes	NA	NA	PF20200	Fimbrillin-A associated anchor proteins Mfa1 and Mfa2
1_773	941965	942993	1029	1	0.478	11	AAAAA	NA	NA	NA	0	0	0	1	NA	NA	NA	NA	NA
1_774	943019	944557	1539	1	0.478	11	AAAAA	NA	NA	NA	0	0	0	1	NA	NA	NA	NA	NA
1_775	944727	946052	1326	-1	0.439	11	TAA	GENOMAD.180526.CP	2.467e-144	463	0	0	0	1	NA	NA	NA	PF16407;PF16819;TIGR04528;COG4257	PKD-like family
1_776	946116	948158	2043	-1	0.512	11	AAAA	GENOMAD.191012.CP	5.31e-77	276	0	0	0	1	NA	NA	NA	PF14466	NA
1_777	948205	950385	2181	-1	0.503	11	AAAAA	GENOMAD.151024.CP	2.684e-150	494	0	0	0	1	NA	NA	NA	PF14905;PF07715;TIGR01779;K16092;COG4206	TonB-dependent vitamin B12 receptor
1_778	951371	952306	936	-1	0.493	11	AACAA	GENOMAD.002109.CC	2.229e-08	58	0	0	0	1	NA	NA	NA	PF00578;PF17127;TIGR00385;COG0386;K02199	periplasmic protein thiol:disulfide oxidoreductases, DsbE subfamily
1_779	952401	954239	1839	1	0.495	11	AACAA	NA	NA	NA	0	0	0	1	NA	NA	NA	NA	NA
1_780	954246	956027	1782	-1	0.487	11	TAAAAA	NA	NA	NA	0	0	0	1	NA	NA	NA	NA	NA
1_781	956258	956947	690	-1	0.457	11	TAA	NA	NA	NA	0	0	0	1	NA	NA	NA	NA	NA
1_782	957254	958447	1194	1	0.476	11	TAAA	GENOMAD.197017.CP	2.244e-56	205	0	0	0	1	NA	NA	NA	COG2912	NA
1_783	958575	960050	1476	1	0.468	11	AAA	GENOMAD.017226.CC	4.382e-162	517	0	0	0	1	NA	NA	NA	NA	NA
1_784	960047	960430	384	1	0.440	11	TAA	NA	NA	NA	0	0	0	1	NA	NA	NA	NA	NA
1_785	960571	961401	831	1	0.483	11	TAA	NA	NA	NA	0	0	0	1	NA	NA	NA	NA	NA
1_786	961427	963292	1866	1	0.468	11	None	NA	NA	NA	0	0	0	1	NA	NA	NA	NA	NA
1_787	963289	964122	834	1	0.496	11	AAA	GENOMAD.043031.CC	9.65e-12	68	0	0	0	1	NA	NA	NA	PF01876;TIGR01856;K04477;COG4464	histidinol phosphate phosphatase, HisJ family
1_788	964134	964958	825	1	0.447	11	TAA	GENOMAD.056424.CC	2.636e-06	51	0	0	0	1	NA	NA	NA	PF10287;PF04862;COG2273;K20830	Cell wall protein YJL171C/Tos1, C-terminal
1_789	964974	966995	2022	-1	0.460	11	AAA	NA	NA	NA	0	0	0	1	NA	NA	NA	NA	NA
1_790	967191	968426	1236	-1	0.465	11	TAAA	GENOMAD.136797.CP	4.491e-91	307	0	0	0	1	NA	NA	NA	PF02610;PF11762;TIGR01089;COG2407;K01804	L-fucose isomerase
1_791	968596	969795	1200	1	0.472	11	TAA	GENOMAD.099160.CP	2.634e-10	65	0	0	0	1	NA	NA	NA	PF12897;TIGR03542;K08969;COG1168	LL-diaminopimelate aminotransferase
1_792	969802	971109	1308	1	0.456	11	AATAA	GENOMAD.083994.CP	8.747e-38	151	0	0	0	1	NA	NA	NA	PF12704;PF02687;K09808;COG4591;TIGR02213	ABC-type transport system, involved in lipoprotein release, permease component
1_793	971115	972287	1173	-1	0.494	11	TAA	GENOMAD.125909.CV	1.809e-56	205	0	0	0	1	NA	NA	NA	PF13641;TIGR03472;K11936;COG1215	hopanoid biosynthesis associated glycosyl transferase protein HpnI
1_794	972357	973355	999	-1	0.459	11	None	GENOMAD.121642.CP	2.244e-71	246	0	0	0	1	NA	NA	NA	COG0628	Predicted PurR-regulated permease PerM
1_795	973418	974674	1257	-1	0.491	11	AAA	NA	NA	NA	0	0	0	1	NA	NA	NA	NA	NA
1_796	974680	976092	1413	-1	0.507	11	TAA	NA	NA	NA	0	0	0	1	NA	NA	NA	NA	NA
1_797	976293	977621	1329	1	0.497	11	None	GENOMAD.120926.CP	3.874e-11	68	0	0	0	1	NA	NA	NA	PF02321;TIGR01845;K12340;COG1538	efflux transporter, outer membrane factor (OMF) lipoprotein, NodT family
1_798	977716	978963	1248	1	0.514	11	TAAAA	GENOMAD.127131.CP	2.663e-64	229	0	0	0	1	NA	NA	NA	PF12700;K02005;TIGR01730;COG0845	HlyD family secretion protein
1_799	978976	981381	2406	1	0.473	11	TAA	GENOMAD.126028.CP	3.08e-38	158	0	0	0	2561	Caudoviricetes	NA	NA	PF02687;TIGR03434;COG3127;K24948	Acidobacterial duplicated orphan permease
1_800	981403	982119	717	1	0.501	11	TAA	NA	NA	NA	0	0	0	1	NA	NA	NA	NA	NA
1_801	982116	984536	2421	1	0.480	11	TAA	GENOMAD.126028.CP	8.971e-50	195	0	0	0	2561	Caudoviricetes	NA	NA	PF02687;TIGR03434;COG3127;K24948	Acidobacterial duplicated orphan permease
1_802	984685	986031	1347	-1	0.490	11	TAAA	GENOMAD.127045.CP	5.786e-09	61	0	0	0	1	NA	NA	NA	PF13738;COG1252;K22745;TIGR03169	NADH dehydrogenase, FAD-containing subunit
1_803	986259	986900	642	-1	0.488	11	TAA	NA	NA	NA	0	0	0	1	NA	NA	NA	NA	NA
1_804	986932	988377	1446	-1	0.489	11	TAA	GENOMAD.176821.CP	1.44e-17	89	0	0	0	1	NA	NA	NA	PF04301;K09789;COG2830;TIGR02427	Esterase/lipase
1_805	988424	989611	1188	-1	0.466	11	AAAAA	NA	NA	NA	0	0	0	1	NA	NA	NA	NA	NA
1_806	989745	991982	2238	-1	0.527	11	TAA	NA	NA	NA	0	0	0	1	NA	NA	NA	NA	NA
1_807	991972	992379	408	-1	0.449	11	None	NA	NA	NA	0	0	0	1	NA	NA	NA	NA	NA
1_808	993003	996131	3129	1	0.472	11	TAA	GENOMAD.153525.CP	5.35e-06	53	0	0	0	1	NA	NA	NA	PF13801;COG5612;TIGR01778;K24078	Heavy-metal resistance
1_809	996231	997823	1593	1	0.462	11	TAAA	GENOMAD.125890.CP	7.125e-64	232	0	0	0	2561	Caudoviricetes	NA	NA	PF12741;PF16390;K21572	Susd and RagB outer membrane lipoprotein
1_810	997959	999458	1500	-1	0.467	11	TAAAAA	NA	NA	NA	0	0	0	1	NA	NA	NA	NA	NA
1_811	999811	999972	162	-1	0.364	11	TAA	NA	NA	NA	0	0	0	1	NA	NA	NA	NA	NA
1_812	999969	1002293	2325	-1	0.383	11	AAA	GENOMAD.147185.CP	3.343e-16	86	0	0	0	1	NA	NA	NA	PF14905;TIGR01786;K19611;COG4206	TonB-dependent hemoglobin/transferrin/lactoferrin receptor family protein
1_813	1002547	1002783	237	1	0.414	11	AATAA	NA	NA	NA	0	0	0	1	NA	NA	NA	NA	NA
1_814	1003014	1004462	1449	-1	0.461	11	TAAA	GENOMAD.191615.CP	1.603e-09	63	0	0	0	1	NA	NA	NA	PF16811;TIGR03302;COG4105;K02656	outer membrane assembly lipoprotein YfiO
1_815	1004517	1005110	594	-1	0.458	11	TAAAAA	NA	NA	NA	0	0	0	1	NA	NA	NA	NA	NA
1_816	1005372	1006916	1545	1	0.496	11	TAA	GENOMAD.114541.CP	5.02e-97	329	0	0	0	1	NA	NA	NA	PF01039;K01604;TIGR01117;COG4799	methylmalonyl-CoA decarboxylase alpha subunit
1_817	1006935	1008446	1512	1	0.493	11	None	GENOMAD.179703.PC	6.865e-05	48	0	0	0	1	NA	NA	NA	PF02786;K01961;COG2232;TIGR00514	Predicted ATP-dependent carboligase, ATP-grasp superfamily
1_818	1008460	1008984	525	1	0.436	11	TAAA	GENOMAD.117180.CP	2.868e-06	49	0	0	0	1	NA	NA	NA	PF00364;K02160;TIGR00531;COG0511	acetyl-CoA carboxylase, biotin carboxyl carrier protein
1_819	1009196	1009522	327	1	0.456	11	TAA	GENOMAD.158819.CP	0.0001205	42	0	0	0	1	NA	NA	NA	PF09824;K22043;COG4189;TIGR00373	ArsR transcriptional regulator
1_820	1009640	1010470	831	1	0.404	11	TAAAAA	GENOMAD.215956.CP	4.919e-05	47	0	0	0	1	NA	NA	NA	PF01209;TIGR00740;COG2226;K18534	tRNA (cmo5U34)-methyltransferase
1_821	1010580	1011842	1263	-1	0.451	11	None	GENOMAD.121906.CP	5.11e-09	61	0	0	0	1	NA	NA	NA	PF07969;TIGR03178;COG0402;K01466	allantoinase
1_822	1012294	1013949	1656	1	0.428	11	TAAA	NA	NA	NA	0	0	0	1	NA	NA	NA	NA	NA
1_823	1013975	1015564	1590	1	0.422	11	TAAAAA	NA	NA	NA	0	0	0	1	NA	NA	NA	NA	NA
1_824	1015723	1015929	207	-1	0.430	11	AAGAA	NA	NA	NA	0	0	0	1	NA	NA	NA	NA	NA
1_825	1016146	1016694	549	-1	0.366	11	TAAAAA	GENOMAD.035251.CC	9.59e-66	222	0	0	0	1	NA	NA	NA	PF16895;K07470;COG3449	DNA gyrase inhibitor GyrI
1_826	1016897	1018246	1350	1	0.441	11	TAAAAA	GENOMAD.123132.CP	1.965e-11	69	0	0	0	1	NA	NA	NA	PF13738;K17870;TIGR04018;COG1251	putative bacillithiol system oxidoreductase, YpdA family
1_827	1018246	1018947	702	1	0.449	11	AAA	GENOMAD.170191.CP	0.0002972	44	0	0	0	1	NA	NA	NA	PF03099;K16869;COG0095;TIGR00545	Lipoate-protein ligase A
1_828	1018973	1021417	2445	-1	0.418	11	TAAAA	NA	NA	NA	0	0	0	1	NA	NA	NA	NA	NA
1_829	1021749	1023107	1359	1	0.489	11	TAAA	GENOMAD.116686.CP	6.116e-45	173	0	0	0	1	NA	NA	NA	PF00198;K09699;TIGR01349;COG0508	pyruvate dehydrogenase complex dihydrolipoamide acetyltransferase, long form
1_830	1023140	1025176	2037	1	0.483	11	TAAAAA	NA	NA	NA	0	0	0	1	NA	NA	NA	NA	NA
1_831	1025193	1025702	510	1	0.425	11	TAAA	NA	NA	NA	0	0	0	1	NA	NA	NA	NA	NA
1_832	1025871	1026713	843	-1	0.450	11	TAAAAA	GENOMAD.098732.CP	1.004e-94	311	0	0	0	2561	Caudoviricetes	NA	NA	PF06325;K02687;COG2264;TIGR00406	Ribosomal protein L11 methylase PrmA
1_833	1026924	1028267	1344	1	0.494	11	TAA	GENOMAD.212093.VC	5.021e-148	474	0	0	0	1	NA	NA	NA	COG3637	NA
1_834	1028302	1029972	1671	1	0.400	11	TAAA	GENOMAD.006210.CC	6.37e-64	233	0	0	0	1	NA	NA	NA	PF03349;COG2067;K06076;TIGR03519	Outer membrane protein transport protein (OMPP1/FadL/TodX)
1_835	1030061	1030510	450	-1	0.456	11	AAGAA	NA	NA	NA	0	0	0	1	NA	NA	NA	NA	NA
1_836	1030694	1031587	894	-1	0.447	11	TAAA	GENOMAD.004285.CC	4.634e-103	336	0	0	0	1	NA	NA	NA	NA	NA
1_837	1031601	1032050	450	-1	0.440	11	TAAA	GENOMAD.051244.CC	3.005e-79	259	0	0	0	1	NA	NA	NA	PF19603	NA
1_838	1032079	1032504	426	-1	0.493	11	AAAA	GENOMAD.179297.CV	5.975e-35	131	0	0	0	1	NA	NA	NA	COG5343	Anti-sigma-K factor RskA
1_839	1032501	1033022	522	-1	0.477	11	None	NA	NA	NA	0	0	0	1	NA	NA	NA	NA	NA
1_840	1033235	1034221	987	-1	0.463	11	TAAAAA	GENOMAD.152320.CP	9.397e-07	53	0	0	0	1	NA	NA	NA	PF13380;PF19858;TIGR04380;K16043;COG0673	inositol 2-dehydrogenase
1_841	1034416	1035240	825	-1	0.478	11	TAA	GENOMAD.137571.CP	4.552e-101	329	0	0	0	1	NA	NA	NA	PF00497;K18691;COG4623;TIGR02995	Bacterial extracellular solute-binding proteins, family 3
1_842	1035249	1037291	2043	-1	0.453	11	None	GENOMAD.007593.CC	5.583e-162	526	0	0	0	1	NA	NA	NA	PF14121	Putative porin
1_843	1037414	1037956	543	-1	0.451	11	TAA	GENOMAD.071599.CP	3e-43	157	0	0	0	1	NA	NA	NA	PF01558;K00177;TIGR02175;COG1014	2-oxoacid:acceptor oxidoreductase, gamma subunit, pyruvate/2-ketoisovalerate family
1_844	1037975	1038736	762	-1	0.482	11	TAAAAA	GENOMAD.084812.CP	7.13e-58	203	0	0	0	1	NA	NA	NA	NA	NA
1_845	1038771	1039022	252	1	0.385	11	TAA	NA	NA	NA	0	0	0	1	NA	NA	NA	NA	NA
1_846	1039015	1040097	1083	-1	0.492	11	TAA	GENOMAD.095261.CP	4.038e-05	48	0	0	0	1	NA	NA	NA	PF01855;K00179;TIGR03336;COG4231	indolepyruvate ferredoxin oxidoreductase, alpha subunit
1_847	1040109	1040336	228	-1	0.447	11	TAA	GENOMAD.095326.CP	1.923e-10	57	0	0	0	1	NA	NA	NA	PF13484;K00188;TIGR00402;COG1146	ferredoxin-type protein NapF
1_848	1040355	1040630	276	-1	0.417	11	AAAA	NA	NA	NA	0	0	0	1	NA	NA	NA	NA	NA
1_849	1041328	1041762	435	-1	0.467	11	TAAA	NA	NA	NA	0	0	0	1	NA	NA	NA	NA	NA
1_850	1041844	1043853	2010	-1	0.483	11	TAAA	GENOMAD.129164.CP	1.863e-18	93	0	0	0	1	NA	NA	NA	PF00456;PF17831;PF09363;TIGR00232;COG0021;K00615	transketolase, bacterial and yeast
1_851	1044008	1045162	1155	-1	0.433	11	TAA	NA	NA	NA	0	0	0	1	NA	NA	NA	NA	NA
1_852	1045199	1046524	1326	-1	0.455	11	TAAAA	NA	NA	NA	0	0	0	1	NA	NA	NA	NA	NA
1_853	1046575	1047672	1098	-1	0.464	11	TAA	NA	NA	NA	0	0	0	1	NA	NA	NA	NA	NA
1_854	1047936	1048907	972	1	0.442	11	AACAA	GENOMAD.145364.CP	2.155e-42	161	0	0	0	1	NA	NA	NA	PF20511;COG1482;TIGR00218	Mannose-6-phosphate isomerase, class I
1_855	1048977	1049240	264	-1	0.481	11	TAAAAA	NA	NA	NA	0	0	0	1	NA	NA	NA	NA	NA
1_856	1049245	1049610	366	-1	0.366	11	AAA	NA	NA	NA	0	0	0	1	NA	NA	NA	NA	NA
1_857	1049637	1049846	210	-1	0.405	11	TAAAAA	GENOMAD.152080.CP	1.298e-18	80	0	0	0	1	NA	NA	NA	PF12732;COG4980	Gas vesicle protein
1_858	1050239	1051522	1284	-1	0.452	11	None	NA	NA	NA	0	0	0	1	NA	NA	NA	NA	NA
1_859	1051712	1052482	771	1	0.470	11	TAAA	NA	NA	NA	0	0	0	1	NA	NA	NA	NA	NA
1_860	1052596	1053093	498	1	0.412	11	TAAA	GENOMAD.177170.VC	2.331e-56	194	0	0	0	1	NA	NA	NA	PF05036;PF02402;COG5567;K20489;TIGR03524	SPOR domain; Lysis protein
1_861	1053194	1055866	2673	-1	0.459	11	AAAA	GENOMAD.145692.CP	3.31e-08	60	0	0	0	1	NA	NA	NA	K01190;COG3250	Beta-galactosidase/beta-glucuronidase
1_862	1056597	1057415	819	1	0.422	11	TAA	GENOMAD.118390.CP	0.0002031	45	0	0	0	1	NA	NA	NA	PF00459;K01092;COG1218;TIGR02067	3'-Phosphoadenosine 5'-phosphosulfate (PAPS) 3'-phosphatase
1_863	1057436	1058992	1557	1	0.433	11	TAA	GENOMAD.125906.CP	3.541e-05	49	0	0	0	1	NA	NA	NA	COG0471	Di- and tricarboxylate transporter
1_864	1059021	1059629	609	1	0.452	11	TAA	NA	NA	NA	0	0	0	1	NA	NA	NA	NA	NA
1_865	1059657	1060568	912	1	0.450	11	AATAA	NA	NA	NA	0	0	0	1	NA	NA	NA	NA	NA
1_866	1060580	1062010	1431	1	0.435	11	TAA	NA	NA	NA	0	0	0	1	NA	NA	NA	NA	NA
1_867	1062077	1063183	1107	1	0.404	11	AACAA	NA	NA	NA	0	0	0	1	NA	NA	NA	NA	NA
1_868	1063199	1064161	963	1	0.444	11	TAAAA	GENOMAD.050535.CC	1.643e-126	405	0	0	0	1	NA	NA	NA	NA	NA
1_869	1064363	1065484	1122	-1	0.452	11	TAAAAA	NA	NA	NA	0	0	0	1	NA	NA	NA	NA	NA
1_870	1065498	1066301	804	-1	0.427	11	AAA	GENOMAD.191412.PC	1.66e-10	64	0	0	0	1	NA	NA	NA	NA	NA
1_871	1066352	1068574	2223	-1	0.420	11	TAA	GENOMAD.213315.CP	2.742e-19	96	0	0	0	1	NA	NA	NA	PF12985;TIGR04056	NA
1_872	1068585	1069379	795	-1	0.387	11	AAAAA	NA	NA	NA	0	0	0	1	NA	NA	NA	NA	NA
1_873	1069900	1071042	1143	1	0.342	11	AACAA	GENOMAD.057710.VV	7.256e-08	57	0	0	1	2561	Caudoviricetes	NA	NA	PF00589;PF04860;K07358;TIGR01537	Phage integrase family; Phage portal protein
1_874	1071765	1073012	1248	1	0.377	11	TAAA	NA	NA	NA	0	0	0	1	NA	NA	NA	NA	NA
1_875	1073023	1074099	1077	1	0.427	11	TAA	GENOMAD.213315.CP	2.728e-148	470	0	0	0	1	NA	NA	NA	PF12985;TIGR04056	NA
1_876	1074190	1074918	729	1	0.438	11	AAAAA	NA	NA	NA	0	0	0	1	NA	NA	NA	NA	NA
1_877	1074979	1076097	1119	1	0.438	11	TAAAAA	NA	NA	NA	0	0	0	1	NA	NA	NA	NA	NA
1_878	1076219	1076635	417	1	0.391	11	None	GENOMAD.069407.CP	2.55e-17	80	1	0	0	1	NA	NA	NA	PF03652;TIGR00250;COG0816;K18673	Holliday junction resolvase
1_879	1076671	1077225	555	1	0.420	11	AATAA	NA	NA	NA	0	0	0	1	NA	NA	NA	NA	NA
1_880	1077359	1078576	1218	-1	0.402	11	TAAA	GENOMAD.196911.CP	9.833e-20	95	0	0	0	1	NA	NA	NA	PF16287	6-bladed beta-propeller
1_881	1078723	1078836	114	1	0.325	11	TAA	NA	NA	NA	0	0	0	1	NA	NA	NA	NA	NA
1_882	1078886	1080934	2049	1	0.410	11	TAAAAA	GENOMAD.101892.CP	4.476e-15	82	0	0	0	1	NA	NA	NA	PF08436;PF13288;PF02670;PF09976;K00099;TIGR00243;COG0743	1-deoxy-D-xylulose 5-phosphate reductoisomerase
1_883	1081015	1082955	1941	1	0.435	11	TAA	NA	NA	NA	0	0	0	1	NA	NA	NA	NA	NA
1_884	1083032	1083685	654	1	0.391	11	TAA	NA	NA	NA	0	0	0	1	NA	NA	NA	NA	NA
1_885	1083751	1083948	198	1	0.359	11	TAAAAA	GENOMAD.073407.CV	1.202e-10	57	1	0	0	1	NA	NA	NA	PF01632;TIGR00001;COG0291	ribosomal protein L35
1_886	1084049	1084399	351	1	0.416	11	AAAAA	GENOMAD.080218.CV	8.848e-36	132	1	0	0	1	NA	NA	NA	PF00453;TIGR01032;K02887;COG0292	ribosomal protein L20
1_887	1084824	1085612	789	1	0.412	11	TAAA	GENOMAD.127001.CP	1.95e-37	144	0	0	0	2561	Caudoviricetes	NA	NA	PF12682;PF13484;COG1941;TIGR02060;K00443	Coenzyme F420-reducing hydrogenase, gamma subunit
1_888	1085678	1086247	570	-1	0.411	11	TAA	NA	NA	NA	0	0	0	1	NA	NA	NA	NA	NA
1_889	1086334	1087641	1308	-1	0.437	11	AATAA	GENOMAD.136839.CP	2.149e-12	72	0	0	0	1	NA	NA	NA	TIGR02304;K01912;COG1541	putative adenylate-forming enzyme
1_890	1087743	1088327	585	-1	0.431	11	TAA	GENOMAD.071599.CP	3.073e-19	88	0	0	0	1	NA	NA	NA	PF01558;K00177;TIGR02175;COG1014	2-oxoacid:acceptor oxidoreductase, gamma subunit, pyruvate/2-ketoisovalerate family
1_891	1088331	1089923	1593	-1	0.443	11	AATAA	GENOMAD.132493.CP	7.649e-51	193	0	0	0	1	NA	NA	NA	PF01855;K00179;TIGR03336;COG4231	indolepyruvate ferredoxin oxidoreductase, alpha subunit
1_892	1090007	1091044	1038	-1	0.373	11	TAAA	NA	NA	NA	0	0	0	1	NA	NA	NA	NA	NA
1_893	1091205	1092080	876	-1	0.400	11	TAAA	NA	NA	NA	0	0	0	1	NA	NA	NA	NA	NA
1_894	1092504	1094408	1905	1	0.380	11	None	NA	NA	NA	0	0	0	1	NA	NA	NA	NA	NA
1_895	1094523	1097072	2550	1	0.401	11	TAA	GENOMAD.136618.CP	2.928e-180	587	0	0	0	2561	Caudoviricetes	NA	NA	K01991;COG1596	Periplasmic protein involved in polysaccharide export, contains SLBB domain of the beta-grasp fold
1_896	1097072	1098190	1119	1	0.401	11	TAA	GENOMAD.124169.CV	3.362e-106	349	0	0	0	1	NA	NA	NA	PF13807;PF02706;TIGR03017;COG3206;K16692	chain length determinant protein EpsF
1_897	1098166	1098699	534	1	0.397	11	TAAA	NA	NA	NA	0	0	0	1	NA	NA	NA	NA	NA
1_898	1098696	1099160	465	1	0.406	11	AAAA	GENOMAD.218770.PC	8.614e-19	85	0	0	0	1	NA	NA	NA	PF19480;TIGR04366;COG3615	cupin fold metalloprotein, WbuC family
1_899	1099157	1100365	1209	-1	0.367	11	AATAA	NA	NA	NA	0	0	0	1	NA	NA	NA	NA	NA
1_900	1100664	1101581	918	1	0.389	11	TAAAAA	NA	NA	NA	0	0	0	1	NA	NA	NA	NA	NA
1_901	1101605	1102789	1185	1	0.397	11	TAA	GENOMAD.195224.CP	1.138e-05	50	0	0	0	1	NA	NA	NA	PF03663;COG4833;K08257	Predicted alpha-1,6-mannanase, GH76 family
1_902	1102805	1104043	1239	1	0.395	11	TAA	GENOMAD.171712.CP	4.167e-08	58	0	0	0	1	NA	NA	NF012174	PF01770;K08194;TIGR00893;COG2223	D-galactonate transporter
1_903	1104056	1104502	447	1	0.378	11	TAAAAA	GENOMAD.167688.CP	3.426e-27	109	0	0	0	1	NA	NA	NA	PF04074;COG2731;K19334;TIGR00022	Beta-galactosidase, beta subunit
1_904	1104962	1108249	3288	1	0.375	11	AAAAA	GENOMAD.126007.CP	3.486e-07	57	0	0	0	1	NA	NA	NA	PF15976;K21573;TIGR04056	TonB-linked outer membrane protein, SusC/RagA family
1_905	1108276	1109913	1638	1	0.369	11	TAA	GENOMAD.130522.CP	3.445e-12	72	0	0	0	1	NA	NA	NA	PF12771;K21572	Starch-binding associating with outer membrane
1_906	1110269	1111519	1251	-1	0.388	11	TAAA	GENOMAD.179685.CP	8.821e-226	697	0	0	0	1	NA	NA	NA	PF12715;COG3458;TIGR01840;K06889	Abhydrolase family
1_907	1112081	1112239	159	-1	0.340	11	TAAA	NA	NA	NA	0	0	0	1	NA	NA	NA	NA	NA
1_908	1112262	1113584	1323	-1	0.346	11	TAAA	NA	NA	NA	0	0	0	1	NA	NA	NA	NA	NA
1_909	1114063	1117392	3330	1	0.385	11	AAAAA	GENOMAD.126007.CP	3.54e-07	57	0	0	0	1	NA	NA	NA	PF15976;K21573;TIGR04056	TonB-linked outer membrane protein, SusC/RagA family
1_910	1117414	1118982	1569	1	0.354	11	TAA	GENOMAD.123514.CP	9.207e-23	106	0	0	0	2561	Caudoviricetes	NA	NA	PF12771;K21572;COG5510	Starch-binding associating with outer membrane
1_911	1119544	1122867	3324	1	0.395	11	AAAAA	GENOMAD.136733.CP	3.532e-07	57	0	0	0	1	NA	NA	NA	K21573;TIGR04056	TonB-linked outer membrane protein, SusC/RagA family
1_912	1122886	1124448	1563	1	0.381	11	TAAAAA	GENOMAD.123514.CP	1.2e-19	96	0	0	0	2561	Caudoviricetes	NA	NA	PF12771;K21572;COG5510	Starch-binding associating with outer membrane
1_913	1124656	1126227	1572	-1	0.403	11	TAA	GENOMAD.130226.CP	4.508e-23	107	0	0	0	2561	Caudoviricetes	NA	NA	PF12771;K21572	Starch-binding associating with outer membrane
1_914	1126255	1129524	3270	-1	0.400	11	TAAAAA	GENOMAD.126007.CP	2.125e-08	61	0	0	0	1	NA	NA	NA	PF15976;K21573;TIGR04056	TonB-linked outer membrane protein, SusC/RagA family
1_915	1130275	1133445	3171	1	0.423	11	TAAAAA	GENOMAD.156724.VV	1.347e-06	55	0	0	0	1	NA	NA	NA	NA	NA
1_916	1133457	1135472	2016	1	0.429	11	TAA	GENOMAD.146386.CP	6.736e-10	65	0	0	0	1	NA	NA	NA	PF12771;K21572	Starch-binding associating with outer membrane
1_917	1135983	1137617	1635	1	0.428	11	TAA	GENOMAD.039971.CC	1.692e-74	264	0	0	0	1	NA	NA	NA	PF14873	N-terminal domain of BNR-repeat neuraminidase
1_918	1137650	1139662	2013	1	0.409	11	AATAA	GENOMAD.146044.CP	3.135e-17	89	0	0	0	2561	Caudoviricetes	NA	NA	PF00728;PF02838;COG3525;K14459	N-acetyl-beta-hexosaminidase
1_919	1139683	1140345	663	1	0.383	11	TAAAAA	NA	NA	NA	0	0	0	1	NA	NA	NA	NA	NA
1_920	1140342	1142414	2073	1	0.439	11	TAAA	GENOMAD.145791.CP	1.411e-72	263	0	0	0	1	NA	NA	NA	PF13364;K05970	Beta-galactosidase jelly roll domain
1_921	1142436	1145006	2571	1	0.416	11	AAAAA	GENOMAD.181767.CP	7.463e-30	131	0	0	0	1	NA	NA	NA	PF17786	Mannosidase Ig/CBM-like domain
1_922	1145026	1147350	2325	1	0.420	11	AATAA	GENOMAD.140646.CP	1.303e-22	107	0	0	0	1	NA	NA	NA	PF07971;PF17678;TIGR01180;COG3537;K03931	alpha-1,2-mannosidase, putative
1_923	1147361	1148575	1215	1	0.475	11	AAAAA	NA	NA	NA	0	0	0	1	NA	NA	NA	NA	NA
1_924	1148643	1150715	2073	1	0.454	11	TAAA	GENOMAD.141299.CP	1.217e-23	110	0	0	0	2561	Caudoviricetes	NA	NA	COG3525	N-acetyl-beta-hexosaminidase
1_925	1150778	1153027	2250	1	0.444	11	None	GENOMAD.146392.CP	5.519e-137	456	0	0	0	2561	Caudoviricetes	NA	NA	PF07971;PF17678;TIGR01180;COG3537	alpha-1,2-mannosidase, putative
1_926	1153041	1155542	2502	1	0.458	11	TAAAAA	GENOMAD.158452.CP	4.059e-06	53	0	0	0	1	NA	NA	NA	PF03198;PF08532;COG3934;K19355;TIGR03356	Endo-1,4-beta-mannosidase
1_927	1155638	1158382	2745	1	0.431	11	TAA	NA	NA	NA	0	0	0	1	NA	NA	NA	NA	NA
1_928	1158398	1160029	1632	1	0.429	11	TAA	GENOMAD.126246.CP	8.263e-17	87	0	0	0	1	NA	NA	NA	PF12771;K21572	Starch-binding associating with outer membrane
1_929	1160765	1161949	1185	-1	0.469	11	TAA	GENOMAD.065293.VV	7.056e-12	70	0	0	0	2561	Caudoviricetes	NA	NA	PF00226;K05516;TIGR02349;COG0484	chaperone protein DnaJ
1_930	1162000	1162629	630	-1	0.435	11	TAAAA	GENOMAD.103372.CV	2.291e-31	124	0	0	0	2561	Caudoviricetes	NA	NA	PF01025;COG0576	Molecular chaperone GrpE (heat shock protein)
1_931	1162822	1164435	1614	1	0.441	11	AATAA	NA	NA	NA	0	0	0	1	NA	NA	NA	NA	NA
1_932	1164632	1165195	564	1	0.438	11	AACAA	NA	NA	NA	0	0	0	1	NA	NA	NA	NA	NA
1_933	1165192	1165614	423	1	0.447	11	AATAA	NA	NA	NA	0	0	0	1	NA	NA	NA	NA	NA
1_934	1165635	1166702	1068	1	0.446	11	TAAAAA	NA	NA	NA	0	0	0	1	NA	NA	NA	NA	NA
1_935	1166841	1167887	1047	-1	0.436	11	TAAA	NA	NA	NA	0	0	0	1	NA	NA	NA	NA	NA
1_936	1167992	1168843	852	1	0.433	11	TAA	GENOMAD.169309.CP	1.273e-26	113	0	0	0	1	NA	NA	NA	PF02517	Type II CAAX prenyl endopeptidase Rce1-like
1_937	1169089	1170255	1167	-1	0.482	11	TAAA	NA	NA	NA	0	0	0	1	NA	NA	NA	NA	NA
1_938	1170261	1172390	2130	-1	0.447	11	AATAA	GENOMAD.147313.CP	0.0008941	45	0	0	0	1	NA	NA	NA	K21573;TIGR04056	TonB-linked outer membrane protein, SusC/RagA family
1_939	1172401	1173006	606	-1	0.467	11	None	NA	NA	NA	0	0	0	1	NA	NA	NA	NA	NA
1_940	1173090	1173941	852	-1	0.426	11	AAA	NA	NA	NA	0	0	0	1	NA	NA	NA	NA	NA
1_941	1175597	1176811	1215	1	0.510	11	TAAAAA	GENOMAD.022966.VV	4.013e-08	58	0	0	0	2561	Caudoviricetes	NA	NA	NA	NA
1_942	1176961	1177113	153	-1	0.405	11	AATAA	NA	NA	NA	0	0	0	1	NA	NA	NA	NA	NA
1_943	1177435	1178001	567	1	0.448	11	AACAA	NA	NA	NA	0	0	0	1	NA	NA	NA	NA	NA
1_944	1178252	1179592	1341	-1	0.337	11	TAA	GENOMAD.118383.CP	5.738e-05	48	0	0	0	1	NA	NA	NA	PF16811;COG5010;TIGR02521;K02656	TRAP transporter T-component
1_945	1179614	1179829	216	-1	0.403	11	TAAA	NA	NA	NA	0	0	0	1	NA	NA	NA	NA	NA
1_946	1179822	1180076	255	-1	0.337	11	None	NA	NA	NA	0	0	0	1	NA	NA	NA	NA	NA
1_947	1180604	1181911	1308	-1	0.488	11	AAAAA	NA	NA	NA	0	0	0	1	NA	NA	NA	NA	NA
1_948	1182178	1183149	972	-1	0.479	11	AAAA	NA	NA	NA	0	0	0	1	NA	NA	NA	NA	NA
1_949	1183401	1184642	1242	-1	0.505	11	TAAA	GENOMAD.224428.VP	4.54e-29	124	0	0	0	2561	Caudoviricetes	NA	NA	TIGR01613	phage/plasmid primase, P4 family, C-terminal domain
1_950	1184920	1185303	384	-1	0.500	11	TAA	NA	NA	NA	0	0	0	1	NA	NA	NA	NA	NA
1_951	1185316	1186536	1221	-1	0.488	11	AAAAA	GENOMAD.057710.VV	2.073e-19	94	0	0	1	2561	Caudoviricetes	NA	NA	PF00589;PF04860;K07358;TIGR01537	Phage integrase family; Phage portal protein
1_952	1186831	1187889	1059	1	0.491	11	None	NA	NA	NA	0	0	0	1	NA	NA	NA	NA	NA
1_953	1187894	1189030	1137	1	0.473	11	AATAA	GENOMAD.206034.CP	1.058e-40	158	0	0	0	1	NA	NA	NA	PF03415;TIGR02806;K08587	clostripain
1_954	1189265	1190914	1650	1	0.437	11	TAAA	GENOMAD.219289.VC	6.812e-08	58	0	0	0	1	NA	NA	NA	PF15495;PF16432	Major fimbrial subunit protein type IV, Fimbrillin, C-terminal
1_955	1191011	1191934	924	1	0.426	11	AAAA	NA	NA	NA	0	0	0	1	NA	NA	NA	NA	NA
1_956	1191961	1193532	1572	1	0.471	11	TAAAA	NA	NA	NA	0	0	0	1	NA	NA	NA	NA	NA
1_957	1193611	1194663	1053	1	0.460	11	TAA	NA	NA	NA	0	0	0	1	NA	NA	NA	NA	NA
1_958	1194683	1195660	978	1	0.467	11	TAAAAA	GENOMAD.151075.PC	1.901e-12	71	0	0	0	1	NA	NA	NA	PF13149;PF16408;COG5567	Fimbrillin-like
1_959	1195705	1196658	954	1	0.458	11	TAA	NA	NA	NA	0	0	0	1	NA	NA	NA	NA	NA
1_960	1196686	1197624	939	1	0.411	11	TAA	GENOMAD.190065.PC	5.521e-28	118	0	0	0	1	NA	NA	NA	NA	NA
1_961	1197641	1198642	1002	1	0.455	11	TAAAAA	NA	NA	NA	0	0	0	1	NA	NA	NA	NA	NA
1_962	1198646	1199629	984	1	0.429	11	TAA	GENOMAD.190065.PC	3.575e-30	125	0	0	0	1	NA	NA	NA	NA	NA
1_963	1199654	1200649	996	1	0.417	11	TAAA	NA	NA	NA	0	0	0	1	NA	NA	NA	NA	NA
1_964	1200672	1201727	1056	1	0.450	11	AAAAA	NA	NA	NA	0	0	0	1	NA	NA	NA	NA	NA
1_965	1201743	1202669	927	1	0.441	11	TAA	GENOMAD.190065.PC	1.424e-41	158	0	0	0	1	NA	NA	NA	NA	NA
1_966	1202688	1204259	1572	1	0.446	11	TAAA	GENOMAD.206904.VV	1.009e-157	506	0	0	0	2561	Caudoviricetes	NA	NA	NA	NA
1_967	1204303	1205373	1071	1	0.447	11	TAAAAA	GENOMAD.195457.PC	1.939e-05	49	0	0	0	1	NA	NA	NA	PF13149;PF16397;COG3017	Fimbrillin-like
1_968	1205370	1206326	957	1	0.435	11	TAAA	GENOMAD.190065.PC	4.246e-41	157	0	0	0	1	NA	NA	NA	NA	NA
1_969	1206310	1207899	1590	1	0.443	11	TAA	GENOMAD.206904.VV	3.521e-57	212	0	0	0	2561	Caudoviricetes	NA	NA	NA	NA
1_970	1207912	1208847	936	1	0.440	11	TAAA	GENOMAD.190065.PC	2.044e-35	140	0	0	0	1	NA	NA	NA	NA	NA
1_971	1208935	1210119	1185	1	0.530	11	TAAA	NA	NA	NA	0	0	0	1	NA	NA	NA	NA	NA
1_972	1210191	1212239	2049	1	0.520	11	TAA	NA	NA	NA	0	0	0	1	NA	NA	NA	NA	NA
1_973	1212259	1212627	369	1	0.472	11	TAA	NA	NA	NA	0	0	0	1	NA	NA	NA	NA	NA
1_974	1212746	1213753	1008	1	0.533	11	TAA	GENOMAD.003052.CC	7.201e-10	63	0	0	0	1	NA	NA	NA	PF17127;PF00578;TIGR00385;COG0386;K02199	periplasmic protein thiol:disulfide oxidoreductases, DsbE subfamily
1_975	1213899	1216022	2124	-1	0.538	11	TAAAAA	GENOMAD.142574.CP	6.513e-13	75	0	0	0	1	NA	NA	NA	PF17674	HHH domain
1_976	1216138	1218051	1914	1	0.480	11	TAA	NA	NA	NA	0	0	0	1	NA	NA	NA	NA	NA
1_977	1218148	1219887	1740	1	0.456	11	TAAA	NA	NA	NA	0	0	0	1	NA	NA	NA	NA	NA
1_978	1219894	1220361	468	1	0.479	11	AATAA	GENOMAD.138407.CP	9.807e-53	183	0	0	0	1	NA	NA	NA	K08968;TIGR01817	NA
1_979	1220406	1220744	339	1	0.445	11	TAA	GENOMAD.048223.CC	6.068e-14	69	0	0	0	1	NA	NA	NA	NA	NA
1_980	1220813	1223104	2292	1	0.462	11	AATAA	NA	NA	NA	0	0	0	1	NA	NA	NA	NA	NA
1_981	1223275	1224036	762	1	0.474	11	TAAAAA	GENOMAD.148431.CP	1.114e-07	55	0	0	0	1	NA	NA	NA	PF02633;COG1402;TIGR04448;K01470	Creatinine amidohydrolase/Fe(II)-dependent formamide hydrolase involved in riboflavin and F420 biosynthesis
1_982	1224212	1224796	585	-1	0.441	11	TAA	NA	NA	NA	0	0	0	1	NA	NA	NA	NA	NA
1_983	1225366	1226724	1359	1	0.453	11	None	NA	NA	NA	0	0	0	1	NA	NA	NA	NA	NA
1_984	1226725	1227627	903	-1	0.431	11	TAA	GENOMAD.118860.CC	3.101e-118	380	0	0	0	1	NA	NA	NA	PF14898	NA
1_985	1227640	1228344	705	-1	0.457	11	AAAAA	GENOMAD.081807.CC	1.109e-140	441	0	0	0	1	NA	NA	NA	PF14064;PF02402;COG5510	HmuY protein; Lysis protein
1_986	1228350	1230704	2355	-1	0.454	11	None	GENOMAD.135943.CP	2.08e-10	67	0	0	0	1	NA	NA	NA	PF11854;PF07715;K16091;TIGR01776;COG4772	TonB-dependent lactoferrin and transferrin receptors
1_987	1230733	1231368	636	-1	0.396	11	AAAAA	NA	NA	NA	0	0	0	1	NA	NA	NA	NA	NA
1_988	1231387	1231527	141	1	0.262	11	AAAAA	NA	NA	NA	0	0	0	1	NA	NA	NA	NA	NA
1_989	1231531	1232025	495	-1	0.408	11	TAAA	NA	NA	NA	0	0	0	1	NA	NA	NA	NA	NA
1_990	1232083	1233483	1401	-1	0.389	11	TAA	NA	NA	NA	0	0	0	1	NA	NA	NA	NA	NA
1_991	1233701	1236472	2772	-1	0.428	11	TAAA	GENOMAD.147185.CP	0.0001517	48	0	0	0	1	NA	NA	NA	PF14905;TIGR01786;K19611;COG4206	TonB-dependent hemoglobin/transferrin/lactoferrin receptor family protein
1_992	1236952	1237398	447	1	0.403	11	TAAAAA	GENOMAD.209243.VV	5.353e-22	94	0	0	0	1	NA	NA	NA	PF16390;TIGR03066	NA
1_993	1237511	1238863	1353	1	0.441	11	TAA	GENOMAD.121831.CP	3.713e-15	81	0	0	0	2561	Caudoviricetes	NA	NA	COG0534	Na+-driven multidrug efflux pump
1_994	1238949	1240610	1662	1	0.474	11	TAAA	NA	NA	NA	0	0	0	1	NA	NA	NA	NA	NA
1_995	1240660	1242654	1995	1	0.437	11	TAAA	NA	NA	NA	0	0	0	1	NA	NA	NA	NA	NA
1_996	1242726	1243883	1158	-1	0.444	11	TAAAAA	GENOMAD.004161.CC	1.157e-106	351	0	0	0	1	NA	NA	NA	PF05736	NA
1_997	1243992	1245650	1659	-1	0.451	11	AAAAA	NA	NA	NA	0	0	0	1	NA	NA	NA	NA	NA
1_998	1245841	1246911	1071	-1	0.480	11	TAAA	NA	NA	NA	0	0	0	1	NA	NA	NA	NA	NA
1_999	1246916	1247989	1074	-1	0.489	11	TAAA	GENOMAD.140007.VV	8.116e-05	47	0	0	0	1	NA	NA	NA	NA	NA
1_1000	1248203	1249474	1272	1	0.449	11	TAAA	NA	NA	NA	0	0	0	1	NA	NA	NA	NA	NA
1_1001	1249773	1250576	804	-1	0.433	11	AACAA	GENOMAD.211730.VP	1.92e-24	106	0	0	0	2561	Caudoviricetes	NA	NA	PF14297	NA
1_1002	1250626	1250973	348	-1	0.411	11	TAAAAA	GENOMAD.141308.VP	3.073e-14	70	0	0	0	2561	Caudoviricetes	NA	NA	PF10902	WYL_2, Sm-like SH3 beta-barrel fold
1_1003	1251114	1251452	339	-1	0.392	11	AAAAA	NA	NA	NA	0	0	0	1	NA	NA	NA	NA	NA
1_1004	1251974	1252498	525	1	0.406	11	TAAA	NA	NA	NA	0	0	0	1	NA	NA	NA	NA	NA
1_1005	1252502	1252984	483	1	0.391	11	TAA	NA	NA	NA	0	0	0	1	NA	NA	NA	NA	NA
1_1006	1253015	1253908	894	1	0.384	11	None	NA	NA	NA	0	0	0	1	NA	NA	NA	NA	NA
1_1007	1253898	1254302	405	1	0.336	11	TAGAA	NA	NA	NA	0	0	0	1	NA	NA	NA	NA	NA
1_1008	1254299	1254724	426	1	0.362	11	TAA	NA	NA	NA	0	0	0	1	NA	NA	NA	NA	NA
1_1009	1254708	1255271	564	1	0.284	11	TAA	NA	NA	NA	0	0	0	1	NA	NA	NA	NA	NA
1_1010	1255277	1256806	1530	1	0.318	11	TAA	NA	NA	NA	0	0	0	1	NA	NA	NA	NA	NA
1_1011	1256799	1257602	804	1	0.305	11	TAA	NA	NA	NA	0	0	0	1	NA	NA	NA	NA	NA
1_1012	1257610	1257840	231	1	0.286	11	TAAAAA	GENOMAD.043237.CC	2.543e-08	51	0	0	0	1	NA	NA	NA	PF10501;K14188;TIGR01688	D-alanine--poly(phosphoribitol) ligase, subunit 2
1_1013	1257840	1258904	1065	1	0.334	11	AAAA	NA	NA	NA	0	0	0	1	NA	NA	NA	NA	NA
1_1014	1258907	1259116	210	1	0.329	11	AATAA	GENOMAD.192259.CP	1.15e-12	63	0	0	0	1	NA	NA	NA	PF10501;TIGR01688;K16025	D-alanine--poly(phosphoribitol) ligase, subunit 2
1_1015	1259116	1259844	729	1	0.340	11	TAA	NA	NA	NA	0	0	0	1	NA	NA	NA	NA	NA
1_1016	1259857	1260708	852	1	0.316	11	TAAA	NA	NA	NA	0	0	0	1	NA	NA	NA	NA	NA
1_1017	1260712	1261332	621	1	0.309	11	TAA	GENOMAD.141781.CP	5.329e-07	52	0	0	0	1	NA	NA	NA	PF19583;PF16262;PF17778;K16639;TIGR04558;COG0491	quinoprotein relay system zinc metallohydrolase 1
1_1018	1261329	1262429	1101	1	0.338	11	TATAA	GENOMAD.076874.VV	0.0007161	44	0	0	0	2561	Caudoviricetes	NA	NA	PF01041;K07806;TIGR03588;COG0399	UDP-4-amino-4,6-dideoxy-N-acetyl-beta-L-altrosamine transaminase
1_1019	1262429	1263409	981	1	0.295	11	TAAA	NA	NA	NA	0	0	0	1	NA	NA	NA	NA	NA
1_1020	1263469	1264938	1470	1	0.306	11	None	GENOMAD.191584.PC	5.968e-79	275	0	0	0	1	NA	NA	NA	PF03023;TIGR02900;K03328;COG0728	stage V sporulation protein B
1_1021	1265034	1266260	1227	1	0.321	11	TAA	NA	NA	NA	0	0	0	1	NA	NA	NA	NA	NA
1_1022	1266265	1267410	1146	1	0.350	11	TAAAAA	NA	NA	NA	0	0	0	1	NA	NA	NA	NA	NA
1_1023	1267421	1268539	1119	1	0.277	11	TAAA	NA	NA	NA	0	0	0	1	NA	NA	NA	NA	NA
1_1024	1268551	1269912	1362	1	0.286	11	TAA	GENOMAD.206528.CP	3.473e-06	52	0	0	0	1	NA	NA	NA	NA	NA
1_1025	1269924	1271051	1128	1	0.316	11	TAA	GENOMAD.130456.CP	3.407e-13	74	0	0	0	1	NA	NA	NA	PF07429;TIGR02472;COG0297;K19002	sucrose-phosphate synthase, putative, glycosyltransferase domain
1_1026	1271038	1272060	1023	1	0.431	11	TAA	NA	NA	NA	0	0	0	1	NA	NA	NA	NA	NA
1_1027	1272048	1273178	1131	1	0.411	11	TAAA	NA	NA	NA	0	0	0	1	NA	NA	NA	NA	NA
1_1028	1273199	1274062	864	1	0.422	11	None	NA	NA	NA	0	0	0	1	NA	NA	NA	NA	NA
1_1029	1274059	1275270	1212	1	0.345	11	None	GENOMAD.130384.CP	4.273e-34	139	0	0	0	1	NA	NA	NA	PF13528;K03208;TIGR04007;COG0297	colanic acid biosynthesis glycosyl transferase WcaI
1_1030	1275293	1276300	1008	1	0.385	11	TAAA	NA	NA	NA	0	0	0	1	NA	NA	NA	NA	NA
1_1031	1276304	1277254	951	1	0.411	11	AATAA	GENOMAD.137271.CP	0.0001331	46	0	0	0	1	NA	NA	NA	PF00953;TIGR02380;COG0472;K02851	undecaprenyl-phosphate alpha-N-acetylglucosaminyl 1-phosphatetransferase
1_1032	1279143	1279622	480	1	0.463	11	TAAA	NA	NA	NA	0	0	0	1	NA	NA	NA	NA	NA
1_1033	1279668	1279772	105	1	0.390	11	TAAA	NA	NA	NA	0	0	0	1	NA	NA	NA	NA	NA
1_1034	1279814	1280992	1179	-1	0.473	11	TAAA	NA	NA	NA	0	0	0	1	NA	NA	NA	NA	NA
1_1035	1281125	1282600	1476	1	0.476	11	None	NA	NA	NA	0	0	0	1	NA	NA	NA	NA	NA
1_1036	1282615	1284111	1497	1	0.455	11	AAAAA	NA	NA	NA	0	0	0	1	NA	NA	NA	NA	NA
1_1037	1284108	1284824	717	1	0.446	11	None	GENOMAD.133512.CP	1.084e-17	85	0	0	0	1	NA	NA	NA	PF01182;K01057;TIGR01198;COG0363	6-phosphogluconolactonase
1_1038	1285181	1285405	225	1	0.440	11	AAAAA	GENOMAD.219723.VP	1.322e-35	129	0	0	0	2561	Caudoviricetes	NA	NA	NA	NA
1_1039	1285628	1285942	315	1	0.384	11	TAA	NA	NA	NA	0	0	0	1	NA	NA	NA	NA	NA
1_1040	1286384	1288447	2064	1	0.438	11	TAAA	GENOMAD.117279.CP	1.307e-82	293	0	0	0	1	NA	NA	NA	PF16011	Carbohydrate-binding family 9
1_1041	1288497	1289306	810	1	0.515	11	TAA	NA	NA	NA	0	0	0	1	NA	NA	NA	NA	NA
1_1042	1289412	1289834	423	-1	0.364	11	TAA	NA	NA	NA	0	0	0	1	NA	NA	NA	NA	NA
1_1043	1290248	1291921	1674	-1	0.351	11	TAA	GENOMAD.195889.CP	3.367e-169	541	0	0	0	1	NA	NA	NA	PF03572;PF14684	Peptidase family S41; Tricorn protease C1 domain
1_1044	1291933	1292643	711	-1	0.347	11	TAA	GENOMAD.221413.CP	6.812e-113	361	0	0	0	1	NA	NA	NA	PF13568;COG3047;TIGR04565	Outer membrane protein W
1_1045	1292991	1293098	108	1	0.278	11	AAA	NA	NA	NA	0	0	0	1	NA	NA	NA	NA	NA
1_1046	1293297	1293563	267	1	0.367	11	AACAA	NA	NA	NA	0	0	0	1	NA	NA	NA	NA	NA
1_1047	1293708	1294226	519	1	0.376	11	AAA	NA	NA	NA	0	0	0	1	NA	NA	NA	NA	NA
1_1048	1294630	1294959	330	1	0.400	11	TAAAAA	NA	NA	NA	0	0	0	1	NA	NA	NA	NA	NA
1_1049	1295153	1296307	1155	1	0.362	11	TAAAAA	NA	NA	NA	0	0	0	1	NA	NA	NA	NA	NA
1_1050	1296537	1297235	699	-1	0.488	11	TAA	GENOMAD.142751.CP	1.957e-09	60	0	0	0	1	NA	NA	NA	PF04397;PF16968;K07705;COG3279;TIGR02875	DNA-binding response regulator, LytR/AlgR family
1_1051	1297232	1298290	1059	-1	0.512	11	None	GENOMAD.136340.CP	2.565e-22	102	0	0	0	1	NA	NA	NA	PF06580;PF14501;COG3920	Histidine kinase; GHKL domain
1_1052	1298516	1299736	1221	-1	0.540	11	AAAAA	NA	NA	NA	0	0	0	1	NA	NA	NA	NA	NA
1_1053	1299875	1300618	744	-1	0.570	11	AAA	NA	NA	NA	0	0	0	1	NA	NA	NA	NA	NA
1_1054	1300621	1301844	1224	-1	0.543	11	TAA	GENOMAD.123147.CP	5.631e-10	64	0	0	0	1	NA	NA	NA	PF12700;PF02402;TIGR03794;K02005;COG1566	NHLM bacteriocin system secretion protein
1_1055	1301859	1303286	1428	-1	0.538	11	AAA	GENOMAD.134141.CP	1.092e-07	57	0	0	0	1763	Monodnaviria	NA	NA	PF02321;TIGR01845;K12340;COG1538	efflux transporter, outer membrane factor (OMF) lipoprotein, NodT family
1_1056	1303746	1304573	828	1	0.487	11	TAAA	GENOMAD.089051.VV	5.184e-16	81	0	0	0	2561	Caudoviricetes	NA	NA	PF14297	NA
1_1057	1304762	1304974	213	1	0.484	11	TAAAAA	NA	NA	NA	0	0	0	1	NA	NA	NA	NA	NA
1_1058	1305195	1305410	216	1	0.463	11	TAAAA	GENOMAD.018967.CC	1.193e-27	106	0	0	0	1	NA	NA	NA	PF14899	NA
1_1059	1305443	1306996	1554	1	0.494	11	TAA	NA	NA	NA	0	0	0	1	NA	NA	NA	NA	NA
1_1060	1307022	1308170	1149	1	0.476	11	TAA	NA	NA	NA	0	0	0	1	NA	NA	NA	NA	NA
1_1061	1308293	1309357	1065	1	0.475	11	TAA	NA	NA	NA	0	0	0	1	NA	NA	NA	NA	NA
1_1062	1309362	1310372	1011	1	0.493	11	TAA	NA	NA	NA	0	0	0	1	NA	NA	NA	NA	NA
1_1063	1310359	1311210	852	1	0.484	11	TAGAA	NA	NA	NA	0	0	0	1	NA	NA	NA	NA	NA
1_1064	1311207	1312487	1281	1	0.482	11	None	NA	NA	NA	0	0	0	1	NA	NA	NA	NA	NA
1_1065	1312501	1314012	1512	1	0.491	11	None	GENOMAD.183788.CP	0.0005683	45	0	0	0	1	NA	NA	NA	PF03786;K23248;TIGR04379;COG3623	myo-inosose-2 dehydratase
1_1066	1314015	1314971	957	-1	0.497	11	AATAA	NA	NA	NA	0	0	0	1	NA	NA	NA	NA	NA
1_1067	1315055	1316326	1272	-1	0.484	11	AAA	NA	NA	NA	0	0	0	1	NA	NA	NA	NA	NA
1_1068	1316351	1318945	2595	-1	0.499	11	TAAA	GENOMAD.146053.CP	7.282e-19	95	0	0	0	2561	Caudoviricetes	NA	NA	PF18368;PF02836;PF02837;PF17786;K15855;COG3250	Beta-galactosidase/beta-glucuronidase
1_1069	1318985	1321546	2562	-1	0.456	11	None	GENOMAD.093424.CP	6.029e-170	557	0	0	0	1	NA	NA	NA	PF18939;PF12985;K21573	NA
1_1070	1321660	1322745	1086	-1	0.484	11	TAA	NA	NA	NA	0	0	0	1	NA	NA	NA	NA	NA
1_1071	1322830	1323456	627	1	0.466	11	AAAAA	NA	NA	NA	0	0	0	1	NA	NA	NA	NA	NA
1_1072	1323470	1323964	495	-1	0.440	11	AAAAA	GENOMAD.031942.CC	2.912e-17	81	0	0	0	1	NA	NA	NA	PF14059;PF16408;COG5510	Predicted small secreted protein
1_1073	1324230	1325198	969	-1	0.448	11	AAA	GENOMAD.119278.CP	3.839e-12	70	0	0	0	1	NA	NA	NA	PF01435	Peptidase family M48
1_1074	1325220	1325780	561	-1	0.433	11	TAA	NA	NA	NA	0	0	0	1	NA	NA	NA	NA	NA
1_1075	1326071	1326574	504	1	0.383	11	TAAAAA	NA	NA	NA	0	0	0	1	NA	NA	NA	NA	NA
1_1076	1326826	1328601	1776	1	0.451	11	TAA	GENOMAD.124038.CP	0.0	1027	0	0	0	1	NA	NA	NA	PF00682;PF02436;PF00364;K01960;TIGR01108;COG5016	oxaloacetate decarboxylase alpha subunit
1_1077	1329371	1332748	3378	1	0.422	11	TAAAAA	GENOMAD.121280.CP	1.453e-06	55	0	0	0	1	NA	NA	NA	PF14905;PF07715;K16089;TIGR01779;COG4206	TonB-dependent vitamin B12 receptor
1_1078	1332770	1334659	1890	1	0.424	11	TAA	GENOMAD.146490.CP	4.434e-12	72	0	0	0	1	NA	NA	NA	PF12741;PF16390	Susd and RagB outer membrane lipoprotein
1_1079	1334836	1335582	747	-1	0.422	11	AACAA	NA	NA	NA	0	0	0	1	NA	NA	NA	NA	NA
1_1080	1335711	1336385	675	-1	0.434	11	TAAAAA	GENOMAD.039770.CC	0.0002697	44	0	0	0	1	NA	NA	NA	PF13441;PF08139;TIGR03516;K06294;COG5633	YMGG-like Gly-zipper; Prokaryotic membrane lipoprotein lipid attachment site
1_1081	1336540	1337883	1344	-1	0.469	11	AAAAA	NA	NA	NA	0	0	0	1	NA	NA	NA	NA	NA
1_1082	1337982	1338881	900	1	0.441	11	AAA	GENOMAD.189508.CP	5.825e-05	47	0	0	0	1	NA	NA	NA	PF16913;COG5006;TIGR03340;K03298	Purine nucleobase transmembrane transport
1_1083	1338895	1340454	1560	-1	0.429	11	TAAA	GENOMAD.133837.CP	1.171e-44	174	0	0	0	1	NA	NA	NA	PF18939;PF10577;K21573;TIGR04056	TonB-linked outer membrane protein, SusC/RagA family
1_1084	1340481	1341326	846	-1	0.430	11	None	NA	NA	NA	0	0	0	1	NA	NA	NA	NA	NA
1_1085	1341323	1341874	552	-1	0.420	11	None	NA	NA	NA	0	0	0	1	NA	NA	NA	NA	NA
1_1086	1341924	1343186	1263	-1	0.420	11	TAAA	GENOMAD.133837.CP	9.465e-85	289	0	0	0	1	NA	NA	NA	PF18939;PF10577;K21573;TIGR04056	TonB-linked outer membrane protein, SusC/RagA family
1_1087	1343326	1343868	543	-1	0.389	11	AAAA	GENOMAD.210985.VV	6.831e-05	45	0	0	1	1	NA	NA	NA	PF19161	NA
1_1088	1343998	1345368	1371	1	0.427	11	None	GENOMAD.129869.CP	1.534e-128	418	0	0	0	1	NA	NA	NA	PF03572;PF18294;PF19805;COG0793;TIGR00225;K03797	C-terminal processing protease CtpA/Prc, contains a PDZ domain
1_1089	1345468	1345596	129	1	0.372	11	TAA	NA	NA	NA	0	0	0	1	NA	NA	NA	NA	NA
1_1090	1345969	1346811	843	-1	0.415	11	TAA	NA	NA	NA	0	0	0	1	NA	NA	NA	NA	NA
1_1091	1347215	1347988	774	1	0.393	11	TAA	NA	NA	NA	0	0	0	1	NA	NA	NA	NA	NA
1_1092	1348169	1349557	1389	-1	0.477	11	AAAA	GENOMAD.129047.CP	3.012e-18	91	0	0	0	1	NA	NA	NA	NA	NA
1_1093	1349560	1350924	1365	-1	0.451	11	TAA	NA	NA	NA	0	0	0	1	NA	NA	NA	NA	NA
1_1094	1350930	1352159	1230	-1	0.427	11	None	GENOMAD.179055.CP	1.845e-12	72	0	0	0	1	NA	NA	NA	PF00083;K08218;TIGR00901;COG2814	AmpG-like permease
1_1095	1352177	1354246	2070	-1	0.432	11	TAA	GENOMAD.129297.CP	1.207e-27	123	0	0	0	2561	Caudoviricetes	NA	NA	K15721;COG4773	Outer membrane receptor for ferric coprogen and ferric-rhodotorulic acid
1_1096	1354243	1354341	99	-1	0.394	11	TAAAAA	NA	NA	NA	0	0	0	1	NA	NA	NA	NA	NA
1_1097	1354853	1357369	2517	1	0.445	11	AAGAA	GENOMAD.043924.VV	1.134e-10	68	0	0	0	2561	Caudoviricetes	NA	NA	NA	NA
1_1098	1357389	1358438	1050	1	0.384	11	AATAA	NA	NA	NA	0	0	0	1	NA	NA	NA	NA	NA
1_1099	1358450	1358566	117	1	0.419	11	TAA	NA	NA	NA	0	0	0	1	NA	NA	NA	NA	NA
1_1100	1359077	1359259	183	-1	0.459	11	TAA	NA	NA	NA	0	0	0	1	NA	NA	NA	NA	NA
1_1101	1359491	1361260	1770	1	0.437	11	TAAA	GENOMAD.146096.PC	8.565e-05	48	0	0	0	1	NA	NA	NA	PF14525;PF12833;K14063;TIGR02297;COG2207	4-hydroxyphenylacetate catabolism regulatory protein HpaA
1_1102	1361424	1361735	312	1	0.410	11	AAAAA	NA	NA	NA	0	0	0	1	NA	NA	NA	NA	NA
1_1103	1361759	1362883	1125	1	0.508	11	TAA	NA	NA	NA	0	0	0	1	NA	NA	NA	NA	NA
1_1104	1362907	1363803	897	1	0.563	11	TAAAAA	GENOMAD.192897.PC	1.394e-99	326	0	0	0	1	NA	NA	NA	PF17145	Fimbrillin-A associated anchor proteins Mfa1 and Mfa2
1_1105	1363831	1364790	960	1	0.582	11	TAAAAA	GENOMAD.179635.PC	2.394e-103	338	0	0	0	2561	Caudoviricetes	NA	NA	PF13149;PF02402	Fimbrillin-like; Lysis protein
1_1106	1364819	1365706	888	1	0.538	11	TAAA	GENOMAD.179635.PC	8.37e-23	102	0	0	0	2561	Caudoviricetes	NA	NA	PF13149;PF02402	Fimbrillin-like; Lysis protein
1_1107	1365746	1367362	1617	1	0.545	11	TAAAAA	GENOMAD.171612.PC	4.807e-14	78	0	0	0	2561	Caudoviricetes	NA	NA	PF13149;PF16408;COG5567	Fimbrillin-like
1_1108	1367531	1368592	1062	1	0.550	11	TAA	NA	NA	NA	0	0	0	1	NA	NA	NA	NA	NA
1_1109	1368596	1368958	363	1	0.441	11	None	NA	NA	NA	0	0	0	1	NA	NA	NA	NA	NA
1_1110	1369085	1369306	222	1	0.419	11	AATAA	NA	NA	NA	0	0	0	1	NA	NA	NA	NA	NA
1_1111	1369489	1369860	372	1	0.403	11	AAAA	NA	NA	NA	0	0	0	1	NA	NA	NA	NA	NA
1_1112	1369957	1370145	189	1	0.370	11	AATAA	NA	NA	NA	0	0	0	1	NA	NA	NA	NA	NA
1_1113	1370165	1370380	216	1	0.329	11	None	NA	NA	NA	0	0	0	1	NA	NA	NA	NA	NA
1_1114	1370909	1371406	498	1	0.504	11	AAAA	GENOMAD.197889.VP	1.511e-94	304	0	0	0	2561	Caudoviricetes	NA	NA	PF14297	NA
1_1115	1371445	1372554	1110	1	0.524	11	TAAA	GENOMAD.208389.VP	5.413e-18	89	0	0	1	2561	Caudoviricetes	NA	NA	PF14297;TIGR01714	phage replisome organizer, putative, N-terminal region
1_1116	1372574	1373116	543	1	0.484	11	AAA	NA	NA	NA	0	0	0	1	NA	NA	NA	NA	NA
1_1117	1373164	1374072	909	1	0.532	11	AACAA	NA	NA	NA	0	0	0	1	NA	NA	NA	NA	NA
1_1118	1374133	1374861	729	1	0.517	11	TAA	NA	NA	NA	0	0	0	1	NA	NA	NA	NA	NA
1_1119	1374858	1374974	117	1	0.444	11	TAAA	NA	NA	NA	0	0	0	1	NA	NA	NA	NA	NA
1_1120	1374983	1375624	642	1	0.455	11	AATAA	NA	NA	NA	0	0	0	1	NA	NA	NA	NA	NA
1_1121	1375632	1375976	345	1	0.475	11	TAA	GENOMAD.222858.VP	1.797e-51	177	0	0	0	2561	Caudoviricetes	NA	NA	NA	NA
1_1122	1375973	1376257	285	1	0.519	11	TAA	NA	NA	NA	0	0	0	1	NA	NA	NA	NA	NA
1_1123	1376266	1376541	276	1	0.424	11	AACAA	NA	NA	NA	0	0	0	1	NA	NA	NA	NA	NA
1_1124	1376582	1376956	375	1	0.416	11	None	NA	NA	NA	0	0	0	1	NA	NA	NA	NA	NA
1_1125	1377069	1377404	336	1	0.488	11	TAA	NA	NA	NA	0	0	0	1	NA	NA	NA	NA	NA
1_1126	1377797	1378090	294	1	0.541	11	None	NA	NA	NA	0	0	0	1	NA	NA	NA	NA	NA
1_1127	1378087	1378629	543	1	0.565	11	AAAA	NA	NA	NA	0	0	0	1	NA	NA	NA	NA	NA
1_1128	1378641	1380704	2064	1	0.531	11	TAA	NA	NA	NA	0	0	0	1	NA	NA	NA	NA	NA
1_1129	1380691	1381572	882	1	0.528	11	TAA	GENOMAD.056146.PP	4.938e-162	506	0	0	0	1	NA	NA	NA	PF17145	NA
1_1130	1381590	1382552	963	1	0.542	11	None	GENOMAD.151075.PC	6.755e-25	109	0	0	0	1	NA	NA	NA	PF13149;PF16408;COG5567	Fimbrillin-like
1_1131	1382566	1384170	1605	1	0.535	11	TAAAAA	GENOMAD.198157.VP	5.413e-19	94	0	0	0	2561	Caudoviricetes	NA	NA	NA	NA
1_1132	1384189	1384986	798	1	0.544	11	TAAA	GENOMAD.096082.PP	1.75e-142	448	0	0	0	1	NA	NA	NA	PF13149	Fimbrillin-like
1_1133	1385002	1385310	309	1	0.495	11	TAAAAA	GENOMAD.099116.PP	2.545e-34	127	0	0	0	1	NA	NA	NA	NA	NA
1_1134	1385317	1385658	342	1	0.474	11	TAA	GENOMAD.124491.PP	2.093e-49	171	0	0	0	1	NA	NA	NA	NA	NA
1_1135	1385627	1388047	2421	1	0.509	11	AAGAA	NA	NA	NA	0	0	0	1	NA	NA	NA	NA	NA
1_1136	1388060	1388581	522	1	0.508	11	TAAA	NA	NA	NA	0	0	0	1	NA	NA	NA	NA	NA
1_1137	1388587	1389360	774	1	0.496	11	TAA	GENOMAD.096143.PP	4.573e-119	380	0	1	0	1	NA	NA	NA	PF04610;TIGR02783;COG3846;K03201	P-type conjugative transfer protein TrbL
1_1138	1389380	1390021	642	1	0.506	11	AAA	GENOMAD.096144.PP	3.779e-108	346	0	1	0	1	NA	NA	NA	PF11393;TIGR03781;COG3736;K20531	Bacteroides conjugative transposon TraK protein
1_1139	1390018	1390998	981	1	0.562	11	None	NA	NA	NA	0	0	0	1	NA	NA	NA	NA	NA
1_1140	1391042	1391497	456	1	0.498	11	AAAA	NA	NA	NA	0	0	0	1	NA	NA	NA	NA	NA
1_1141	1391499	1391687	189	1	0.328	11	TAAAAA	NA	NA	NA	0	0	0	1	NA	NA	NA	NA	NA
1_1142	1391688	1392131	444	-1	0.324	11	TAAA	NA	NA	NA	0	0	0	1	NA	NA	NA	NA	NA
1_1143	1392236	1393390	1155	1	0.525	11	AATAA	NA	NA	NA	0	0	0	1	NA	NA	NA	NA	NA
1_1144	1393387	1393938	552	1	0.527	11	TAA	GENOMAD.024976.VV	7.446e-08	54	0	0	0	2561	Caudoviricetes	NA	NA	COG5471	Predicted phage recombinase, RecA/RadA family
1_1145	1393922	1394263	342	1	0.491	11	TAAA	GENOMAD.071829.PP	3.491e-68	225	0	0	0	1	NA	NA	NA	NA	NA
1_1146	1394260	1394568	309	1	0.463	11	None	NA	NA	NA	0	0	0	1	NA	NA	NA	NA	NA
1_1147	1394582	1396165	1584	1	0.444	11	TAAAAA	GENOMAD.215491.VC	5.297e-07	55	0	0	0	1	NA	NA	NA	NA	NA
1_1148	1396395	1398239	1845	-1	0.486	11	TAAAAA	GENOMAD.151075.PC	0.0	1052	0	0	0	1	NA	NA	NA	PF13149;PF16408;COG5567	Fimbrillin-like
1_1149	1398309	1398587	279	-1	0.470	11	TAGAA	NA	NA	NA	0	0	0	1	NA	NA	NA	NA	NA
1_1150	1398603	1399400	798	-1	0.503	11	AAA	NA	NA	NA	0	0	0	1	NA	NA	NA	NA	NA
1_1151	1399366	1399506	141	-1	0.312	11	TAAA	NA	NA	NA	0	0	0	1	NA	NA	NA	NA	NA
1_1152	1399898	1400140	243	1	0.449	11	TAAAAA	GENOMAD.138299.VV	6.044e-31	116	0	0	0	2561	Caudoviricetes	NA	NA	NA	NA
1_1153	1400130	1401071	942	1	0.480	11	AAAA	GENOMAD.209453.VV	1.598e-66	231	0	0	0	2561	Caudoviricetes	NA	NA	PF02086;TIGR00571;COG0338;K06223	DNA adenine methylase (dam)
1_1154	1402043	1403095	1053	1	0.485	11	AAAA	NA	NA	NA	0	0	0	1	NA	NA	NA	NA	NA
1_1155	1403408	1403692	285	-1	0.302	11	TAA	NA	NA	NA	0	0	0	1	NA	NA	NA	NA	NA
1_1156	1404169	1405728	1560	-1	0.440	11	TAA	GENOMAD.190493.CV	1.028e-100	340	0	0	0	2561	Caudoviricetes	NA	NA	PF14587;PF17189;K15924;COG5520	O-Glycosyl hydrolase family 30; Glycosyl hydrolase family 30 beta sandwich domain
1_1157	1405826	1407463	1638	-1	0.409	11	TAA	GENOMAD.123514.CP	7.75e-32	135	0	0	0	2561	Caudoviricetes	NA	NA	PF12771;K21572;COG5510	Starch-binding associating with outer membrane
1_1158	1407474	1410857	3384	-1	0.426	11	TAAA	GENOMAD.121280.CP	2.735e-09	64	0	0	0	1	NA	NA	NA	PF14905;PF07715;K16089;TIGR01779;COG4206	TonB-dependent vitamin B12 receptor
1_1159	1411001	1411957	957	-1	0.417	11	AAA	NA	NA	NA	0	0	0	1	NA	NA	NA	NA	NA
1_1160	1412041	1412628	588	-1	0.412	11	TAAAAA	NA	NA	NA	0	0	0	1	NA	NA	NA	NA	NA
1_1161	1412760	1412903	144	1	0.299	11	TAAAAA	NA	NA	NA	0	0	0	1	NA	NA	NA	NA	NA
1_1162	1413189	1413593	405	1	0.533	11	AACAA	NA	NA	NA	0	0	0	1	NA	NA	NA	NA	NA
1_1163	1413599	1414915	1317	1	0.543	11	TAAAAA	NA	NA	NA	0	0	0	1	NA	NA	NA	NA	NA
1_1164	1415032	1418112	3081	1	0.533	11	None	GENOMAD.020793.VV	1.117e-65	248	0	0	0	2561	Caudoviricetes	NA	NA	PF18814	phage-Barnase-EndoU-ColicinE5/D-RelE like nuclease5
1_1165	1418123	1418476	354	1	0.542	11	TAA	NA	NA	NA	0	0	0	1	NA	NA	NA	NA	NA
1_1166	1418568	1420172	1605	1	0.515	11	TAA	NA	NA	NA	0	0	0	1	NA	NA	NA	NA	NA
1_1167	1420189	1421139	951	-1	0.492	11	AAAA	GENOMAD.136125.PP	8.332e-42	159	0	1	0	1	NA	MOBB	NA	PF18976	Relaxase/Mobilisation nuclease domain
1_1168	1421129	1421614	486	-1	0.461	11	TAAAAA	GENOMAD.080166.PP	2.962e-60	205	0	0	0	1	NA	NA	NA	NA	NA
1_1169	1422307	1423251	945	1	0.461	11	TAAA	GENOMAD.086418.VV	3.4e-67	233	0	0	0	2561	Caudoviricetes	NA	NA	NA	NA
1_1170	1423248	1423490	243	1	0.453	11	AAAAA	GENOMAD.224564.VC	7.974e-36	130	0	0	0	2561	Caudoviricetes	NA	NA	NA	NA
1_1171	1423755	1423970	216	1	0.509	11	AATAA	NA	NA	NA	0	0	0	1	NA	NA	NA	NA	NA
1_1172	1424407	1424676	270	1	0.385	11	TAAAAA	NA	NA	NA	0	0	0	1	NA	NA	NA	NA	NA
1_1173	1424673	1424894	222	1	0.351	11	AAA	NA	NA	NA	0	0	0	1	NA	NA	NA	NA	NA
1_1174	1425448	1427091	1644	1	0.449	11	AAAAA	GENOMAD.183711.PC	1.995e-09	63	0	0	0	1	NA	NA	NA	NA	NA
1_1175	1427060	1427902	843	1	0.444	11	TAAAAA	NA	NA	NA	0	0	0	1	NA	NA	NA	NA	NA
1_1176	1427858	1428775	918	-1	0.385	11	TAAAAA	NA	NA	NA	0	0	0	1	NA	NA	NA	NA	NA
1_1177	1429253	1429681	429	-1	0.296	11	AAAAA	NA	NA	NA	0	0	0	1	NA	NA	NA	NA	NA
1_1178	1429688	1430443	756	-1	0.308	11	None	NA	NA	NA	0	0	0	1	NA	NA	NA	NA	NA
1_1179	1430440	1431762	1323	-1	0.293	11	AAAAA	NA	NA	NA	0	0	0	1	NA	NA	NA	NA	NA
1_1180	1431766	1433868	2103	-1	0.320	11	TAAA	NA	NA	NA	0	0	0	1	NA	NA	NA	NA	NA
1_1181	1433865	1435121	1257	-1	0.319	11	TAA	NA	NA	NA	0	0	0	1	NA	NA	NA	NA	NA
1_1182	1435191	1436108	918	-1	0.357	11	TAAA	GENOMAD.136125.PP	1.72e-35	140	0	1	0	1	NA	MOBB	NA	PF18976	Relaxase/Mobilisation nuclease domain
1_1183	1436113	1436697	585	-1	0.410	11	TAAAAA	GENOMAD.051259.PP	7.016e-109	347	0	0	0	1	NA	NA	NA	NA	NA
1_1184	1436982	1437314	333	-1	0.336	11	TAAAAA	NA	NA	NA	0	0	0	1	NA	NA	NA	NA	NA
1_1185	1437832	1438113	282	-1	0.337	11	TATAA	GENOMAD.211682.PC	5.374e-46	160	0	0	0	1	NA	NA	NA	NA	NA
1_1186	1438180	1438830	651	-1	0.341	11	TAA	NA	NA	NA	0	0	0	1	NA	NA	NA	NA	NA
1_1187	1438827	1439432	606	-1	0.366	11	TAAAAA	NA	NA	NA	0	0	0	1	NA	NA	NA	NA	NA
1_1188	1439446	1439955	510	-1	0.347	11	AAAA	GENOMAD.134026.CP	2.585e-05	46	0	0	0	1	NA	NA	NA	PF14512;COG3560;TIGR03553;K19286	Fatty acid repression mutant protein (predicted oxidoreductase)
1_1189	1440065	1440907	843	1	0.320	11	None	NA	NA	NA	0	0	0	1	NA	NA	NA	NA	NA
1_1190	1441104	1441418	315	1	0.381	11	TAAA	NA	NA	NA	0	0	0	1	NA	NA	NA	NA	NA
1_1191	1441405	1441698	294	1	0.395	11	AACAA	NA	NA	NA	0	0	0	1	NA	NA	NA	NA	NA
1_1192	1441752	1442045	294	1	0.388	11	TAAAA	NA	NA	NA	0	0	0	1	NA	NA	NA	NA	NA
1_1193	1442173	1442289	117	-1	0.359	11	AAAAA	NA	NA	NA	0	0	0	1	NA	NA	NA	NA	NA
1_1194	1442328	1443548	1221	-1	0.394	11	TAAAAA	GENOMAD.057710.VV	5.217e-21	99	0	0	1	2561	Caudoviricetes	NA	NA	PF00589;PF04860;K07358;TIGR01537	Phage integrase family; Phage portal protein
1_1195	1444010	1445668	1659	1	0.452	11	AAAAA	NA	NA	NA	0	0	0	1	NA	NA	NA	NA	NA
1_1196	1445864	1448653	2790	1	0.428	11	TAA	GENOMAD.190306.VC	1.331e-68	256	0	0	0	2561	Caudoviricetes	NA	NA	NA	NA
1_1197	1448676	1450559	1884	1	0.420	11	TAAAA	GENOMAD.042099.CC	8.753e-126	418	0	0	0	1	NA	NA	NA	PF02402	NA
1_1198	1450777	1451862	1086	-1	0.479	11	TAA	GENOMAD.157975.CP	1.675e-33	136	0	0	0	1	NA	NA	NA	PF19580;K18353;COG3021;TIGR03395	Uncharacterized conserved protein YafD, endonuclease/exonuclease/phosphatase (EEP) superfamily
1_1199	1452012	1454699	2688	-1	0.484	11	TAAA	GENOMAD.117361.CP	3.614e-05	50	0	0	0	1	NA	NA	NA	PF14501;PF01584;PF01627;K03407;COG0643;TIGR01924	Chemotaxis protein histidine kinase CheA
1_1200	1454712	1455917	1206	-1	0.527	11	TAAAAA	NA	NA	NA	0	0	0	1	NA	NA	NA	NA	NA
1_1201	1455937	1456794	858	-1	0.442	11	TAA	NA	NA	NA	0	0	0	1	NA	NA	NA	NA	NA
1_1202	1456843	1457754	912	-1	0.454	11	TAAAAA	NA	NA	NA	0	0	0	1	NA	NA	NA	NA	NA
1_1203	1457751	1458911	1161	-1	0.450	11	TAA	NA	NA	NA	0	0	0	1	NA	NA	NA	NA	NA
1_1204	1458908	1460023	1116	-1	0.495	11	TAAAAA	GENOMAD.025867.CC	1.654e-142	454	0	0	0	1	NA	NA	NA	PF13528;TIGR04063;COG0381;K19002	PEP-CTERM/exosortase A-associated glycosyltransferase, Daro_2409 family
1_1205	1460051	1461511	1461	-1	0.543	11	AAAAA	GENOMAD.147640.CP	4.7e-26	116	0	0	0	1	NA	NA	NA	PF13440;K16695;TIGR01695;COG0728	murein biosynthesis integral membrane protein MurJ
1_1206	1461634	1462578	945	-1	0.437	11	AAA	NA	NA	NA	0	0	0	1	NA	NA	NA	NA	NA
1_1207	1463675	1464886	1212	-1	0.544	11	TAA	NA	NA	NA	0	0	0	1	NA	NA	NA	NA	NA
1_1208	1464930	1465820	891	-1	0.547	11	AAAA	GENOMAD.160970.CP	0.000241	45	0	0	0	1	NA	NA	NA	PF13641;K12990;TIGR01556;COG1216	L-rhamnosyltransferase
1_1209	1465970	1467328	1359	-1	0.472	11	AAA	GENOMAD.178625.CP	5.871e-39	155	0	0	0	1	NA	NA	NA	K16705	NA
1_1210	1467309	1469528	2220	-1	0.459	11	TAAA	GENOMAD.151728.CP	9.4e-79	283	0	0	0	1	NA	NA	NA	PF13614;PF13807;TIGR01005;K20998;COG3206	exopolysaccharide transport protein family
1_1211	1469542	1470291	750	-1	0.431	11	TAAA	NA	NA	NA	0	0	0	1	NA	NA	NA	NA	NA
1_1212	1470427	1471617	1191	-1	0.522	11	TAA	GENOMAD.109635.CP	4.525e-94	315	0	0	0	1	NA	NA	NA	PF19143	OMP85 superfamily
1_1213	1471726	1473204	1479	1	0.472	11	TAA	NA	NA	NA	0	0	0	1	NA	NA	NA	NA	NA
1_1214	1473739	1475091	1353	1	0.497	11	TATAA	GENOMAD.123282.CP	5.536e-50	188	0	0	0	2561	Caudoviricetes	NA	NA	PF05896;PF13484;K00346;TIGR01936;COG1726	NADH:ubiquinone oxidoreductase, Na(+)-translocating, A subunit
1_1215	1475125	1476303	1179	1	0.490	11	TAA	GENOMAD.121723.CP	3.342e-135	434	0	0	0	1	NA	NA	NA	COG1805	Na+-transporting NADH:ubiquinone oxidoreductase, subunit NqrB
1_1216	1476318	1476995	678	1	0.442	11	TAAA	GENOMAD.133135.CP	3.368e-44	162	0	0	0	1	NA	NA	NA	PF04205;K00348;TIGR01938;COG2869	NADH:ubiquinone oxidoreductase, Na(+)-translocating, C subunit
1_1217	1477012	1477644	633	1	0.474	11	None	GENOMAD.113368.CP	5.591e-16	79	0	0	0	1	NA	NA	NA	PF02508;K03613;COG4660;TIGR01939	Na+-translocating ferredoxin:NAD+ oxidoreductase  RNF, RnfE subunit
1_1218	1477673	1478299	627	1	0.480	11	TAAA	GENOMAD.114709.CP	1.598e-45	165	0	0	0	1	NA	NA	NA	COG2209	Na+-transporting NADH:ubiquinone oxidoreductase, subunit NqrE
1_1219	1478322	1479593	1272	1	0.501	11	TAAAAA	GENOMAD.130408.CP	6.305e-06	51	0	0	0	1	NA	NA	NA	PF00111;K04755;TIGR02007;COG0633	ferredoxin, 2Fe-2S type, ISC system
1_1220	1479684	1480808	1125	1	0.423	11	TAAA	GENOMAD.210284.CP	2.934e-07	55	0	0	0	1	NA	NA	NA	PF15869;TIGR03866	TolB-like 6-blade propeller-like
1_1221	1480828	1482147	1320	1	0.484	11	AACAA	GENOMAD.100160.CP	0.0002304	46	0	0	0	1	NA	NA	NA	PF17774	Putative RNA-binding domain in YlmH
1_1222	1482638	1483705	1068	1	0.455	11	AAAAA	NA	NA	NA	0	0	0	1	NA	NA	NA	NA	NA
1_1223	1483799	1484719	921	1	0.455	11	AACAA	GENOMAD.036243.CC	6.101e-05	47	0	0	0	1	NA	NA	NA	PF00389;PF01266;COG1052;TIGR01327;K22982	Lactate dehydrogenase or related 2-hydroxyacid dehydrogenase
1_1224	1484731	1485978	1248	1	0.472	11	TAA	GENOMAD.077195.CP	1.526e-97	326	0	0	0	2561	Caudoviricetes	NA	NA	PF06245;COG4198;K00262	Uncharacterized conserved protein, DUF1015 family
1_1225	1486117	1486518	402	1	0.485	11	None	GENOMAD.003756.CC	4.963e-06	47	0	0	0	1	NA	NA	NA	PF16109;PF16408;K09577	NA
1_1226	1486544	1487161	618	1	0.453	11	TAAAAA	NA	NA	NA	0	0	0	1	NA	NA	NA	NA	NA
1_1227	1487222	1488310	1089	1	0.458	11	TAAAAA	NA	NA	NA	0	0	0	1	NA	NA	NA	NA	NA
1_1228	1488335	1488907	573	1	0.466	11	TAA	GENOMAD.129117.CP	3.504e-14	73	0	0	0	1	NA	NA	NA	PF14512;COG3560;TIGR02476;K04719	Fatty acid repression mutant protein (predicted oxidoreductase)
1_1229	1489023	1491872	2850	-1	0.493	11	TAAA	NA	NA	NA	0	0	0	1	NA	NA	NA	NA	NA
1_1230	1491915	1492553	639	-1	0.468	11	AACAA	GENOMAD.121877.CP	2.921e-09	59	0	0	0	1	NA	NA	NF033105	PF14597;K16639;TIGR04559;COG2015	quinoprotein relay system zinc metallohydrolase 2
1_1231	1492573	1493247	675	-1	0.471	11	None	GENOMAD.084679.CV	1.057e-48	175	1	0	0	2561	Caudoviricetes	NA	NA	PF02527;K03501;TIGR00138;COG0357	16S rRNA (guanine(527)-N(7))-methyltransferase RsmG
1_1232	1493288	1494142	855	-1	0.442	11	TAAA	GENOMAD.198094.VC	2.21e-33	133	0	0	0	1	NA	NA	NA	PF11738	NA
1_1233	1494254	1494643	390	-1	0.467	11	TAA	NA	NA	NA	0	0	0	1	NA	NA	NA	NA	NA
1_1234	1494857	1497073	2217	1	0.487	11	AAA	GENOMAD.121280.CP	3.08e-167	544	0	0	0	1	NA	NA	NA	PF14905;PF07715;K16089;TIGR01779;COG4206	TonB-dependent vitamin B12 receptor
1_1235	1497124	1497435	312	1	0.404	11	TAA	NA	NA	NA	0	0	0	1	NA	NA	NA	NA	NA
1_1236	1497487	1499697	2211	1	0.514	11	AATAA	GENOMAD.119185.CP	0.0009368	45	0	0	0	1	NA	NA	NA	PF06888;TIGR02137;COG4359;K08966	phosphoserine phosphatase/homoserine phosphotransferase bifunctional protein
1_1237	1499814	1500653	840	-1	0.445	11	AAAAA	NA	NA	NA	0	0	0	1	NA	NA	NA	NA	NA
1_1238	1500719	1501384	666	1	0.495	11	None	GENOMAD.000230.CC	7.358e-09	58	0	0	0	1	NA	NA	NA	TIGR00214;COG0321;K23735	lipoate-protein ligase B
1_1239	1501975	1502847	873	-1	0.482	11	None	GENOMAD.182687.CP	4.084e-40	153	0	0	0	1	NA	NA	NA	PF07313	NA
1_1240	1502866	1504854	1989	-1	0.535	11	AAAAA	GENOMAD.091902.CP	1.632e-121	407	0	0	0	2561	Caudoviricetes	NA	NA	COG1297	Uncharacterized membrane protein, oligopeptide transporter (OPT) family
1_1241	1504985	1505380	396	-1	0.442	11	TAAAAA	GENOMAD.000887.CC	1.482e-20	89	0	0	0	1	NA	NA	NA	PF07610;PF05736	OprF membrane domain
1_1242	1505565	1506884	1320	-1	0.499	11	AAA	GENOMAD.130403.CP	0.0002304	46	0	0	0	1	NA	NA	NA	PF14501;COG3920;K07650;TIGR02966	Two-component sensor histidine kinase, HisKA and HATPase domains
1_1243	1506905	1508275	1371	-1	0.521	11	None	NA	NA	NA	0	0	0	1	NA	NA	NA	NA	NA
1_1244	1508502	1509848	1347	1	0.451	11	AATAA	NA	NA	NA	0	0	0	1	NA	NA	NA	NA	NA
1_1245	1509855	1512272	2418	1	0.439	11	TAAA	GENOMAD.126028.CP	9.343e-45	179	0	0	0	2561	Caudoviricetes	NA	NA	PF02687;TIGR03434;COG3127;K24948	Acidobacterial duplicated orphan permease
1_1246	1512291	1512965	675	1	0.462	11	TAAAAA	NA	NA	NA	0	0	0	1	NA	NA	NA	NA	NA
1_1247	1513000	1513158	159	1	0.352	11	AATAA	NA	NA	NA	0	0	0	1	NA	NA	NA	NA	NA
1_1248	1513105	1513704	600	-1	0.447	11	TAAAAA	NA	NA	NA	0	0	0	1	NA	NA	NA	NA	NA
1_1249	1513721	1514326	606	-1	0.441	11	TAAAAA	GENOMAD.090247.CV	2.306e-27	112	0	0	0	2561	Caudoviricetes	NA	NA	PF05049;K03978;TIGR03598;COG0218	ribosome biogenesis GTP-binding protein YsxC/EngB
1_1250	1514348	1515793	1446	-1	0.452	11	None	NA	NA	NA	0	0	0	1	NA	NA	NA	NA	NA
1_1251	1516049	1516306	258	-1	0.422	11	TAAA	NA	NA	NA	0	0	0	1	NA	NA	NA	NA	NA
1_1252	1516560	1517075	516	-1	0.384	11	TAAA	GENOMAD.176879.CP	1.714e-45	163	0	0	0	1	NA	NA	NA	PF04140;K16168;COG1755;TIGR04571	Uncharacterized protein YpbQ, isoprenylcysteine carboxyl methyltransferase (ICMT) family
1_1253	1517361	1517771	411	-1	0.382	11	TAAA	NA	NA	NA	0	0	0	1	NA	NA	NA	NA	NA
1_1254	1518236	1518853	618	1	0.440	11	None	GENOMAD.000052.CC	1.194e-47	171	1	0	0	2561	Caudoviricetes	NA	NA	PF02132;PF13662;COG0353;TIGR00615;K06187	Recombinational DNA repair protein RecR
1_1255	1518893	1519342	450	1	0.404	11	TATAA	NA	NA	NA	0	0	0	1	NA	NA	NA	NA	NA
1_1256	1519346	1519882	537	1	0.402	11	AATAA	NA	NA	NA	0	0	0	1	NA	NA	NA	NA	NA
1_1257	1519885	1520475	591	-1	0.369	11	TAAA	NA	NA	NA	0	0	0	1	NA	NA	NA	NA	NA
1_1258	1520547	1521863	1317	-1	0.396	11	TAAAAA	NA	NA	NA	0	0	0	1	NA	NA	NA	NA	NA
1_1259	1522561	1522662	102	-1	0.363	11	TAAA	NA	NA	NA	0	0	0	1	NA	NA	NA	NA	NA
1_1260	1522713	1522865	153	-1	0.340	11	AAA	NA	NA	NA	0	0	0	1	NA	NA	NA	NA	NA
1_1261	1522991	1523161	171	1	0.357	11	AACAA	NA	NA	NA	0	0	0	1	NA	NA	NA	NA	NA
1_1262	1523121	1523561	441	-1	0.304	11	TAA	NA	NA	NA	0	0	0	1	NA	NA	NA	NA	NA
1_1263	1523809	1524045	237	1	0.367	11	TAAA	NA	NA	NA	0	0	0	1	NA	NA	NA	NA	NA
1_1264	1524105	1524683	579	-1	0.364	11	None	NA	NA	NA	0	0	0	1	NA	NA	NA	NA	NA
1_1265	1524830	1525846	1017	1	0.375	11	TAAA	NA	NA	NA	0	0	0	1	NA	NA	NA	NA	NA
1_1266	1526019	1529531	3513	1	0.421	11	TAA	NA	NA	NA	0	0	0	1	NA	NA	NA	NA	NA
1_1267	1529542	1531554	2013	1	0.412	11	TAA	GENOMAD.130226.CP	2.005e-11	70	0	0	0	2561	Caudoviricetes	NA	NA	PF12771;K21572	Starch-binding associating with outer membrane
1_1268	1531736	1533268	1533	1	0.435	11	AACAA	GENOMAD.118485.CP	8.454e-06	51	0	0	0	1	NA	NA	NA	NA	NA
1_1269	1533332	1536019	2688	1	0.469	11	TAAA	GENOMAD.145692.CP	1.797e-05	51	0	0	0	1	NA	NA	NA	K01190;COG3250	Beta-galactosidase/beta-glucuronidase
1_1270	1536082	1537656	1575	1	0.435	11	TAA	NA	NA	NA	0	0	0	1	NA	NA	NA	NA	NA
1_1271	1537967	1538500	534	-1	0.431	11	TAA	NA	NA	NA	0	0	0	1	NA	NA	NA	NA	NA
1_1272	1538512	1538793	282	-1	0.298	11	TAA	NA	NA	NA	0	0	0	1	NA	NA	NA	NA	NA
1_1273	1538744	1539082	339	-1	0.339	11	TAA	NA	NA	NA	0	0	0	1	NA	NA	NA	NA	NA
1_1274	1539084	1539521	438	-1	0.372	11	TATAA	GENOMAD.191128.PC	7.939e-16	76	0	0	0	1	NA	NA	NA	PF09391;COG4954;TIGR00283	peptidyl-tRNA hydrolase
1_1275	1539678	1540145	468	1	0.338	11	AAAAA	GENOMAD.140723.CP	1.209e-14	73	0	0	0	1	NA	NA	NA	PF17805;PF02295;K05800;COG1522;TIGR02702	DNA-binding transcriptional regulator, Lrp family
1_1276	1540253	1540576	324	-1	0.367	11	AAGAA	NA	NA	NA	0	0	0	1	NA	NA	NA	NA	NA
1_1277	1540595	1541443	849	-1	0.370	11	TAA	NA	NA	NA	0	0	0	1	NA	NA	NA	NA	NA
1_1278	1541644	1542039	396	1	0.394	11	AAAA	GENOMAD.197236.VV	4.929e-57	194	0	0	0	1	NA	NA	NA	PF12568;COG2153;TIGR01575;K03825	Predicted N-acyltransferase, GNAT family
1_1279	1542036	1543340	1305	1	0.416	11	TAAAAA	NA	NA	NA	0	0	0	1	NA	NA	NA	NA	NA
1_1280	1543337	1543882	546	1	0.430	11	TAAAAA	NA	NA	NA	0	0	0	1	NA	NA	NA	NA	NA
1_1281	1544231	1545943	1713	1	0.402	11	TAAAAA	NA	NA	NA	0	0	0	1	NA	NA	NA	NA	NA
1_1282	1546036	1547121	1086	1	0.401	11	AAAAA	NA	NA	NA	0	0	0	1	NA	NA	NA	NA	NA
1_1283	1547241	1547807	567	1	0.450	11	TAA	GENOMAD.159114.CV	3.775e-06	49	0	0	0	1	NA	NA	NA	PF12099;COG3047	OprF membrane domain
1_1284	1547833	1549284	1452	1	0.453	11	TAAA	GENOMAD.032367.CC	8.532e-25	112	0	0	0	1	NA	NA	NA	PF12984	NA
1_1285	1549323	1550882	1560	1	0.465	11	TAAA	GENOMAD.050665.CC	1.879e-28	124	0	0	0	1	NA	NA	NA	PF15495	Major fimbrial subunit protein type IV, Fimbrillin, C-terminal
1_1286	1550916	1551896	981	1	0.428	11	TAAA	NA	NA	NA	0	0	0	1	NA	NA	NA	NA	NA
1_1287	1552011	1552979	969	-1	0.407	11	TAA	NA	NA	NA	0	0	0	1	NA	NA	NA	NA	NA
1_1288	1553219	1554202	984	-1	0.384	11	AACAA	NA	NA	NA	0	0	0	1	NA	NA	NA	NA	NA
1_1289	1554422	1554739	318	1	0.374	11	TAAAAA	NA	NA	NA	0	0	0	1	NA	NA	NA	NA	NA
1_1290	1554879	1555817	939	1	0.410	11	AATAA	GENOMAD.069665.VV	1.981e-07	55	0	0	0	2561	Caudoviricetes	NA	NA	PF09292;K10567;TIGR01472;COG1089	Endonuclease VIII-like 1, DNA bind
1_1291	1555852	1556979	1128	1	0.377	11	TAAA	NA	NA	NA	0	0	0	1	NA	NA	NA	NA	NA
1_1292	1557120	1559993	2874	-1	0.432	11	AATAA	GENOMAD.104495.CV	3.496e-213	688	0	0	0	1	NA	NA	NA	PF12705;TIGR02774;COG3857;K16899	ATP-dependent nuclease subunit B
1_1293	1559990	1563163	3174	-1	0.433	11	TAAA	NA	NA	NA	0	0	0	1	NA	NA	NA	NA	NA
1_1294	1563187	1564764	1578	-1	0.440	11	TAAA	GENOMAD.141299.CP	4.572e-23	107	0	0	0	2561	Caudoviricetes	NA	NA	COG3525	N-acetyl-beta-hexosaminidase
1_1295	1565022	1567661	2640	1	0.446	11	TAA	GENOMAD.094998.CP	6.372e-155	514	0	0	0	1	NA	NA	NA	PF16313;PF17148;PF17162;PF00413	Met-zincin; Matrixin
1_1296	1567792	1571097	3306	1	0.413	11	TAA	NA	NA	NA	0	0	0	1	NA	NA	NA	NA	NA
1_1297	1571119	1572450	1332	1	0.431	11	AAAAA	GENOMAD.136705.CP	4.998e-106	352	0	0	0	2561	Caudoviricetes	NA	NA	PF12741;K21572	Susd and RagB outer membrane lipoprotein
1_1298	1573076	1574215	1140	1	0.409	11	TAA	GENOMAD.168274.VV	2.167e-05	49	0	0	0	1	NA	NA	NA	PF00589;TIGR02249;COG4973;K14059	integron integrase
1_1299	1574309	1574893	585	1	0.325	11	AAAAA	NA	NA	NA	0	0	0	1	NA	NA	NA	NA	NA
1_1300	1574967	1575266	300	1	0.300	11	TAAA	NA	NA	NA	0	0	0	1	NA	NA	NA	NA	NA
1_1301	1575343	1575696	354	1	0.294	11	TAAA	NA	NA	NA	0	0	0	1	NA	NA	NA	NA	NA
1_1302	1575775	1576143	369	1	0.314	11	TAAAAA	NA	NA	NA	0	0	0	1	NA	NA	NA	NA	NA
1_1303	1576193	1576750	558	1	0.303	11	TAA	NA	NA	NA	0	0	0	1	NA	NA	NA	NA	NA
1_1304	1576796	1577140	345	1	0.270	11	AATAA	NA	NA	NA	0	0	0	1	NA	NA	NA	NA	NA
1_1305	1577221	1577985	765	1	0.327	11	AATAA	NA	NA	NA	0	0	0	1	NA	NA	NA	NA	NA
1_1306	1578005	1578535	531	1	0.379	11	AATAA	NA	NA	NA	0	0	0	1	NA	NA	NA	NA	NA
1_1307	1578629	1579033	405	1	0.319	11	TAGAA	NA	NA	NA	0	0	0	1	NA	NA	NA	NA	NA
1_1308	1579214	1579435	222	-1	0.338	11	TAA	NA	NA	NA	0	0	0	1	NA	NA	NA	NA	NA
1_1309	1579613	1580125	513	1	0.404	11	TAAA	NA	NA	NA	0	0	0	1	NA	NA	NA	NA	NA
1_1310	1580161	1580694	534	1	0.376	11	AATAA	NA	NA	NA	0	0	0	1	NA	NA	NA	NA	NA
1_1311	1580701	1581189	489	1	0.421	11	AAAAA	NA	NA	NA	0	0	0	1	NA	NA	NA	NA	NA
1_1312	1581172	1581705	534	-1	0.470	11	AACAA	NA	NA	NA	0	0	0	1	NA	NA	NA	NA	NA
1_1313	1581985	1582293	309	-1	0.414	11	TAAA	NA	NA	NA	0	0	0	1	NA	NA	NA	NA	NA
1_1314	1582538	1582699	162	1	0.395	11	TAAA	NA	NA	NA	0	0	0	1	NA	NA	NA	NA	NA
1_1315	1582723	1583574	852	1	0.462	11	TAAA	NA	NA	NA	0	0	0	1	NA	NA	NA	NA	NA
1_1316	1583878	1585248	1371	-1	0.378	11	AAA	NA	NA	NA	0	0	0	1	NA	NA	NA	NA	NA
1_1317	1585223	1586797	1575	-1	0.406	11	AAAA	NA	NA	NA	0	0	0	1	NA	NA	NA	NA	NA
1_1318	1586983	1587765	783	1	0.448	11	None	GENOMAD.140912.CP	5.293e-07	53	0	0	0	1	NA	NA	NA	NA	NA
1_1319	1587743	1588126	384	1	0.438	11	TAAA	GENOMAD.166427.CP	2.549e-21	91	0	0	0	1	NA	NA	NA	PF11236	NA
1_1320	1588132	1589796	1665	-1	0.430	11	AAAAA	NA	NA	NA	0	0	0	1	NA	NA	NA	NA	NA
1_1321	1590010	1591476	1467	-1	0.427	11	None	GENOMAD.125829.CP	6.678e-103	345	0	0	0	1	NA	NA	NA	COG3263	NhaP-type Na+/H+ and K+/H+ antiporter with C-terminal TrkAC and CorC domains
1_1322	1591649	1592833	1185	1	0.468	11	None	NA	NA	NA	0	0	0	1	NA	NA	NA	NA	NA
1_1323	1592924	1594555	1632	-1	0.452	11	TAA	GENOMAD.105408.CP	9.644e-49	187	0	0	0	1	NA	NA	NA	NA	NA
1_1324	1594662	1595327	666	-1	0.462	11	TAA	GENOMAD.132926.CP	1.809e-29	119	0	0	0	1	NA	NA	NA	PF15977;PF00027;K21563;COG0664;TIGR03697	cAMP-binding domain of CRP or a regulatory subunit of cAMP-dependent protein kinases
1_1325	1595446	1596759	1314	-1	0.432	11	AAAAA	GENOMAD.117064.CP	5.56e-05	48	0	0	0	1	NA	NA	NA	PF14501;PF13675;K07710;TIGR02966;COG3920	phosphate regulon sensor kinase PhoR
1_1326	1596756	1598087	1332	-1	0.460	11	TAAA	NA	NA	NA	0	0	0	1	NA	NA	NA	NA	NA
1_1327	1598241	1598951	711	-1	0.437	11	TAAA	GENOMAD.213555.CP	2.722e-97	316	0	0	0	1	NA	NA	NA	NA	NA
1_1328	1598926	1599735	810	-1	0.391	11	AAAAA	GENOMAD.193920.PC	0.0004095	44	0	0	0	1	NA	NA	NA	PF14582;K03651;COG1409;TIGR03729	Metallophosphoesterase, calcineurin superfamily
1_1329	1599987	1602281	2295	1	0.397	11	TAA	GENOMAD.126028.CP	2.738e-108	372	0	0	0	2561	Caudoviricetes	NA	NA	PF02687;TIGR03434;COG3127;K24948	Acidobacterial duplicated orphan permease
1_1330	1602314	1602988	675	1	0.447	11	TAAAAA	NA	NA	NA	0	0	0	1	NA	NA	NA	NA	NA
1_1331	1603002	1605311	2310	1	0.377	11	AATAA	GENOMAD.126028.CP	3.982e-96	336	0	0	0	2561	Caudoviricetes	NA	NA	PF02687;TIGR03434;COG3127;K24948	Acidobacterial duplicated orphan permease
1_1332	1605335	1607629	2295	1	0.394	11	TAA	GENOMAD.126028.CP	1.726e-87	310	0	0	0	2561	Caudoviricetes	NA	NA	PF02687;TIGR03434;COG3127;K24948	Acidobacterial duplicated orphan permease
1_1333	1607645	1608319	675	1	0.456	11	AATAA	NA	NA	NA	0	0	0	1	NA	NA	NA	NA	NA
1_1334	1608331	1610640	2310	1	0.439	11	TAA	GENOMAD.126028.CP	3.31e-106	366	0	0	0	2561	Caudoviricetes	NA	NA	PF02687;TIGR03434;COG3127;K24948	Acidobacterial duplicated orphan permease
1_1335	1610724	1612088	1365	-1	0.467	11	TAA	NA	NA	NA	0	0	0	1	NA	NA	NA	NA	NA
1_1336	1612196	1612858	663	1	0.398	11	AACAA	GENOMAD.029282.CC	3.145e-07	53	0	0	0	1	NA	NA	NA	PF06888;K24204;TIGR03351;COG0546	phosphonatase-like hydrolase
1_1337	1612931	1613926	996	1	0.454	11	AAAAA	NA	NA	NA	0	0	0	1	NA	NA	NA	NA	NA
1_1338	1613941	1614669	729	1	0.449	11	TAA	NA	NA	NA	0	0	0	1	NA	NA	NA	NA	NA
1_1339	1614761	1615582	822	1	0.466	11	TAAAAA	NA	NA	NA	0	0	0	1	NA	NA	NA	NA	NA
1_1340	1615590	1616756	1167	1	0.464	11	AACAA	NA	NA	NA	0	0	0	1	NA	NA	NA	NA	NA
1_1341	1616837	1617223	387	-1	0.434	11	AAA	GENOMAD.125800.CP	1.225e-12	66	0	0	0	1	NA	NA	NA	PF01219;K00887;COG0818	Diacylglycerol kinase
1_1342	1617226	1619439	2214	-1	0.455	11	TAAA	GENOMAD.055411.CC	3.077e-16	86	0	0	0	2790	Microviridae	NA	NA	PF13291;COG0440;TIGR00119;K03721	Acetolactate synthase, small subunit
1_1343	1619547	1621064	1518	1	0.430	11	TAA	GENOMAD.073874.CC	1.074e-104	351	0	0	0	1	NA	NA	NA	PF14134;K11442	UTP--glucose-1-phosphate uridylyltransferase
1_1344	1622875	1623120	246	-1	0.374	11	None	NA	NA	NA	0	0	0	1	NA	NA	NA	NA	NA
1_1345	1623767	1624933	1167	1	0.461	11	TAA	GENOMAD.146736.CP	2.86e-11	68	0	0	0	1	NA	NA	NF000091	PF02786;PF18603;PF18130;COG0027;TIGR00514;K22115	Formate-dependent phosphoribosylglycinamide formyltransferase (GAR transformylase)
1_1346	1625504	1627021	1518	1	0.458	11	TAAAAA	NA	NA	NA	0	0	0	1	NA	NA	NA	NA	NA
1_1347	1627033	1627278	246	1	0.455	11	TAA	GENOMAD.107322.CV	1.005e-11	61	0	0	0	1	NA	NA	NA	PF02823;TIGR01216;COG0355;K02114	ATP synthase, Delta/Epsilon chain, beta-sandwich domain
1_1348	1627309	1627737	429	1	0.385	11	None	NA	NA	NA	0	0	0	1	NA	NA	NA	NA	NA
1_1349	1627721	1628872	1152	1	0.421	11	TAAAAA	GENOMAD.124445.CP	1.505e-07	56	0	0	0	1	NA	NA	NA	COG0356	FoF1-type ATP synthase, membrane subunit a
1_1350	1628899	1629156	258	1	0.450	11	TAA	GENOMAD.001872.CC	0.0005878	39	0	0	0	1	NA	NA	NA	PF00137;TIGR03322;COG0636	alternate F1F0 ATPase, F0 subunit C
1_1351	1629172	1629669	498	1	0.440	11	TAAA	GENOMAD.081960.CV	1.365e-17	82	0	0	0	1	NA	NA	NA	PF05405;COG0711;TIGR03321;K02109	FoF1-type ATP synthase, membrane subunit b or b'
1_1352	1629697	1630236	540	1	0.431	11	AATAA	GENOMAD.085814.CV	1.426e-09	59	0	0	0	1	NA	NA	NA	PF00213;K02113;TIGR01145;COG0712	ATP synthase, F1 delta subunit
1_1353	1630250	1631833	1584	1	0.463	11	TAA	NA	NA	NA	0	0	0	1	NA	NA	NA	NA	NA
1_1354	1631852	1632724	873	1	0.436	11	TAAA	NA	NA	NA	0	0	0	1	NA	NA	NA	NA	NA
1_1355	1632884	1635424	2541	1	0.431	11	AAA	NA	NA	NA	0	0	0	1	NA	NA	NA	NA	NA
1_1356	1635493	1635849	357	-1	0.387	11	TAAAAA	NA	NA	NA	0	0	0	1	NA	NA	NA	NA	NA
1_1357	1636081	1637343	1263	1	0.409	11	AATAA	GENOMAD.158304.CP	1.726e-60	218	0	0	0	1	NA	NA	NA	PF02321;K15725;TIGR01844;COG1538	type I secretion outer membrane protein, TolC family
1_1358	1637357	1638445	1089	1	0.436	11	TAAA	GENOMAD.123340.CP	1.999e-05	49	0	0	0	1	NA	NA	NA	PF16576;PF11604;K07798;TIGR01730;COG0845	Barrel-sandwich domain of CusB or HlyD membrane-fusion; Copper binding periplasmic protein CusF
1_1359	1638460	1641585	3126	1	0.457	11	TAAAA	NA	NA	NA	0	0	0	1	NA	NA	NA	NA	NA
1_1360	1641619	1642293	675	1	0.455	11	TAAA	NA	NA	NA	0	0	0	1	NA	NA	NA	NA	NA
1_1361	1642311	1643648	1338	1	0.446	11	TAAAAA	NA	NA	NA	0	0	0	1	NA	NA	NA	NA	NA
1_1362	1643830	1644504	675	1	0.415	11	TAAAAA	GENOMAD.124379.CP	2.266e-27	113	0	0	0	1	NA	NA	NA	COG2095	Small neutral amino acid transporter SnatA, MarC family
1_1363	1644548	1646293	1746	-1	0.470	11	TAA	GENOMAD.157952.CP	3.018e-42	168	0	0	0	1	NA	NA	NA	PF14607	N-terminus of Esterase_SGNH_hydro-type
1_1364	1647036	1647740	705	-1	0.461	11	TAA	GENOMAD.130700.CP	6.804e-86	283	0	0	0	1	NA	NA	NA	PF00590;K03394;TIGR01467;COG2243	precorrin-2 C(20)-methyltransferase
1_1365	1647854	1649002	1149	1	0.457	11	TAAA	NA	NA	NA	0	0	0	1	NA	NA	NA	NA	NA
1_1366	1649035	1650048	1014	1	0.498	11	None	GENOMAD.132390.CP	2.384e-13	74	0	0	0	2561	Caudoviricetes	NA	NA	PF01032;TIGR03869;COG0609;K02015	proposed F420-0 ABC transporter, permease protein
1_1367	1650053	1651057	1005	1	0.460	11	TAA	NA	NA	NA	0	0	0	1	NA	NA	NA	NA	NA
1_1368	1651184	1652077	894	-1	0.449	11	TAAAAA	NA	NA	NA	0	0	0	1	NA	NA	NA	NA	NA
1_1369	1652089	1652610	522	-1	0.446	11	TAA	NA	NA	NA	0	0	0	1	NA	NA	NA	NA	NA
1_1370	1652673	1652840	168	-1	0.411	11	TAAA	NA	NA	NA	0	0	0	1	NA	NA	NA	NA	NA
1_1371	1652869	1653030	162	-1	0.444	11	TAAAAA	NA	NA	NA	0	0	0	1	NA	NA	NA	NA	NA
1_1372	1653040	1653735	696	-1	0.428	11	None	NA	NA	NA	0	0	0	1	NA	NA	NA	NA	NA
1_1373	1653732	1655309	1578	-1	0.439	11	None	NA	NA	NA	0	0	0	1	NA	NA	NA	NA	NA
1_1374	1655466	1655594	129	1	0.318	11	TAAAAA	NA	NA	NA	0	0	0	1	NA	NA	NA	NA	NA
1_1375	1656331	1657134	804	1	0.373	11	None	NA	NA	NA	0	0	0	1	NA	NA	NA	NA	NA
1_1376	1657118	1658386	1269	1	0.389	11	None	NA	NA	NA	0	0	0	1	NA	NA	NA	NA	NA
1_1377	1658491	1659645	1155	-1	0.338	11	TAAA	NA	NA	NA	0	0	0	1	NA	NA	NA	NA	NA
1_1378	1659668	1661833	2166	-1	0.363	11	AATAA	NA	NA	NA	0	0	0	1	NA	NA	NA	NA	NA
1_1379	1662097	1662300	204	-1	0.304	11	TAA	NA	NA	NA	0	0	0	1	NA	NA	NA	NA	NA
1_1380	1662804	1663538	735	-1	0.355	11	TAA	GENOMAD.211179.VC	9.935e-08	55	0	0	0	1	NA	NA	NA	PF14253	Bacteriophage abortive infection AbiH
1_1381	1663963	1664238	276	-1	0.391	11	AACAA	GENOMAD.159000.VP	6.998e-27	105	0	0	0	2561	Caudoviricetes	NA	NA	NA	NA
1_1382	1664284	1664589	306	-1	0.301	11	TAAA	NA	NA	NA	0	0	0	1	NA	NA	NA	NA	NA
1_1383	1665036	1665338	303	-1	0.307	11	AATAA	NA	NA	NA	0	0	0	1	NA	NA	NA	NA	NA
1_1384	1665367	1665981	615	-1	0.397	11	TAAAAA	GENOMAD.111867.VV	7.439e-34	131	0	0	0	2561	Caudoviricetes	NA	NA	NA	NA
1_1385	1665996	1666349	354	-1	0.333	11	TAA	NA	NA	NA	0	0	0	1	NA	NA	NA	NA	NA
1_1386	1667230	1669578	2349	1	0.424	11	TAAA	GENOMAD.190178.PC	2.278e-07	57	0	0	0	1	NA	NA	NA	PF13351;PF13101	NA
1_1387	1669584	1670168	585	1	0.432	11	TAAA	NA	NA	NA	0	0	0	1	NA	NA	NA	NA	NA
1_1388	1670192	1672285	2094	1	0.445	11	TAA	NA	NA	NA	0	0	0	1	NA	NA	NA	NA	NA
1_1389	1672421	1672837	417	-1	0.398	11	TAA	NA	NA	NA	0	0	0	1	NA	NA	NA	NA	NA
1_1390	1672864	1673565	702	-1	0.373	11	AAAAA	NA	NA	NA	0	0	0	1	NA	NA	NA	NA	NA
1_1391	1674093	1674911	819	1	0.410	11	AATAA	GENOMAD.210233.PC	1.112e-05	49	0	0	0	1	NA	NA	NA	PF19570;COG5340	Transcriptional regulator, predicted component of viral defense system
1_1392	1675173	1675625	453	1	0.413	11	TAA	GENOMAD.197009.PC	1.16e-31	122	0	0	0	2561	Caudoviricetes	NA	NA	PF08989	NA
1_1393	1675763	1676131	369	-1	0.358	11	AAA	NA	NA	NA	0	0	0	1	NA	NA	NA	NA	NA
1_1394	1676128	1676754	627	-1	0.426	11	AAAA	NA	NA	NA	0	0	0	1	NA	NA	NA	NA	NA
1_1395	1676744	1677499	756	-1	0.413	11	TAAA	NA	NA	NA	0	0	0	1	NA	NA	NA	NA	NA
1_1396	1677721	1677843	123	1	0.333	11	TAAA	NA	NA	NA	0	0	0	1	NA	NA	NA	NA	NA
1_1397	1677944	1678084	141	1	0.440	11	TAAA	NA	NA	NA	0	0	0	1	NA	NA	NA	NA	NA
1_1398	1678071	1684250	6180	1	0.459	11	AAA	GENOMAD.208926.PC	9.366e-05	50	0	0	0	1	NA	NA	NA	NA	NA
1_1399	1684275	1685201	927	1	0.442	11	TAAAAA	GENOMAD.210397.VP	1.351e-42	161	0	0	0	2561	Caudoviricetes	NA	NA	NA	NA
1_1400	1685261	1685803	543	1	0.440	11	TAA	NA	NA	NA	0	0	0	1	NA	NA	NA	NA	NA
1_1401	1686074	1687111	1038	1	0.388	11	AAAAA	NA	NA	NA	0	0	0	1	NA	NA	NA	NA	NA
1_1402	1687098	1687655	558	1	0.410	11	AAA	NA	NA	NA	0	0	0	1	NA	NA	NA	NA	NA
1_1403	1687767	1688105	339	-1	0.457	11	AAA	NA	NA	NA	0	0	0	1	NA	NA	NA	NA	NA
1_1404	1688123	1690195	2073	-1	0.484	11	None	GENOMAD.168540.VV	1.04e-11	71	0	0	0	5797	Crassvirales	NA	NA	COG0358;TIGR01391;K02316	DNA primase (bacterial type)
1_1405	1690158	1690517	360	-1	0.444	11	TAA	NA	NA	NA	0	0	0	1	NA	NA	NA	NA	NA
1_1406	1690843	1691382	540	-1	0.446	11	TAAA	NA	NA	NA	0	0	0	1	NA	NA	NA	NA	NA
1_1407	1691717	1692574	858	-1	0.420	11	TAA	NA	NA	NA	0	0	0	1	NA	NA	NA	NA	NA
1_1408	1693066	1694829	1764	-1	0.360	11	AATAA	NA	NA	NA	0	0	0	1	NA	NA	NA	NA	NA
1_1409	1694838	1695059	222	-1	0.360	11	AATAA	NA	NA	NA	0	0	0	1	NA	NA	NA	NA	NA
1_1410	1695122	1695316	195	-1	0.405	11	AACAA	NA	NA	NA	0	0	0	1	NA	NA	NA	NA	NA
1_1411	1695559	1695819	261	-1	0.310	11	TAA	NA	NA	NA	0	0	0	1	NA	NA	NA	NA	NA
1_1412	1696538	1703185	6648	1	0.346	11	TAAA	NA	NA	NA	0	0	0	1	NA	NA	NA	NA	NA
1_1413	1703189	1703767	579	1	0.318	11	TAAAA	NA	NA	NA	0	0	0	1	NA	NA	NA	NA	NA
1_1414	1703783	1704379	597	1	0.302	11	TAAAA	NA	NA	NA	0	0	0	1	NA	NA	NA	NA	NA
1_1415	1704480	1704863	384	1	0.466	11	TAAA	NA	NA	NA	0	0	0	1	NA	NA	NA	NA	NA
1_1416	1704829	1705362	534	1	0.502	11	TAAA	NA	NA	NA	0	0	0	1	NA	NA	NA	NA	NA
1_1417	1705325	1705822	498	1	0.458	11	None	NA	NA	NA	0	0	0	1	NA	NA	NA	NA	NA
1_1418	1705937	1706305	369	1	0.404	11	TAAAAA	NA	NA	NA	0	0	0	1	NA	NA	NA	NA	NA
1_1419	1706607	1706702	96	-1	0.260	11	AACAA	NA	NA	NA	0	0	0	1	NA	NA	NA	NA	NA
1_1420	1706704	1706871	168	-1	0.315	11	AAAAA	NA	NA	NA	0	0	0	1	NA	NA	NA	NA	NA
1_1421	1706896	1708035	1140	-1	0.314	11	TATAA	NA	NA	NA	0	0	0	1	NA	NA	NA	NA	NA
1_1422	1708059	1708706	648	-1	0.313	11	TAA	NA	NA	NA	0	0	0	1	NA	NA	NA	NA	NA
1_1423	1709437	1710132	696	1	0.405	11	TAA	NA	NA	NA	0	0	0	1	NA	NA	NA	NA	NA
1_1424	1710274	1710690	417	-1	0.388	11	TAAA	GENOMAD.190792.VP	1.63e-22	95	0	0	0	2561	Caudoviricetes	NA	NA	NA	NA
1_1425	1710701	1710961	261	-1	0.395	11	AATAA	NA	NA	NA	0	0	0	1	NA	NA	NA	NA	NA
1_1426	1711140	1711298	159	1	0.289	11	AATAA	NA	NA	NA	0	0	0	1	NA	NA	NA	NA	NA
1_1427	1711508	1711798	291	-1	0.364	11	TAAAA	NA	NA	NA	0	0	0	1	NA	NA	NA	NA	NA
1_1428	1711825	1712133	309	-1	0.362	11	None	NA	NA	NA	0	0	0	1	NA	NA	NA	NA	NA
1_1429	1712177	1712413	237	-1	0.426	11	AAAAA	GENOMAD.211786.VP	6.445e-22	90	0	0	0	2561	Caudoviricetes	NA	NA	PF18824	Large polyvalent protein-associated domain 11
1_1430	1712511	1713143	633	-1	0.362	11	TAAAAA	NA	NA	NA	0	0	0	1	NA	NA	NA	NA	NA
1_1431	1713170	1713391	222	-1	0.378	11	TAAAAA	NA	NA	NA	0	0	0	1	NA	NA	NA	NA	NA
1_1432	1713672	1713782	111	1	0.315	11	TAAA	NA	NA	NA	0	0	0	1	NA	NA	NA	NA	NA
1_1433	1713796	1715007	1212	1	0.394	11	TAAA	NA	NA	NA	0	0	0	1	NA	NA	NA	NA	NA
1_1434	1715025	1715867	843	-1	0.416	11	TAAAA	NA	NA	NA	0	0	0	1	NA	NA	NA	NA	NA
1_1435	1716378	1719965	3588	1	0.338	11	TAAA	NA	NA	NA	0	0	0	1	NA	NA	NA	NA	NA
1_1436	1720363	1720470	108	-1	0.361	11	TAAAAA	NA	NA	NA	0	0	0	1	NA	NA	NA	NA	NA
1_1437	1720534	1721250	717	-1	0.312	11	TAA	NA	NA	NA	0	0	0	1	NA	NA	NA	NA	NA
1_1438	1721359	1722444	1086	1	0.329	11	AATAA	NA	NA	NA	0	0	0	1	NA	NA	NA	NA	NA
1_1439	1722509	1722754	246	1	0.374	11	TAAAA	GENOMAD.211682.PC	7.955e-07	47	0	0	0	1	NA	NA	NA	NA	NA
1_1440	1722798	1723127	330	1	0.400	11	AAA	NA	NA	NA	0	0	0	1	NA	NA	NA	NA	NA
1_1441	1723257	1723607	351	1	0.410	11	TAAAAA	NA	NA	NA	0	0	0	1	NA	NA	NA	NA	NA
1_1442	1723862	1724446	585	1	0.426	11	TAAAAA	GENOMAD.051259.PP	1.127e-103	332	0	0	0	1	NA	NA	NA	NA	NA
1_1443	1724451	1725371	921	1	0.393	11	TAAA	GENOMAD.136125.PP	1.77e-35	140	0	1	0	1	NA	MOBB	NA	PF18976	Relaxase/Mobilisation nuclease domain
1_1444	1725368	1725769	402	1	0.413	11	AAA	GENOMAD.222178.PV	1.13e-73	242	0	0	0	1	NA	NA	NA	PF13508;COG5628	NA
1_1445	1726102	1727253	1152	1	0.318	11	AAAAA	NA	NA	NA	0	0	0	1	NA	NA	NA	NA	NA
1_1446	1727293	1728609	1317	-1	0.388	11	TAAA	GENOMAD.057710.VV	2.971e-14	78	0	0	1	2561	Caudoviricetes	NA	NA	PF00589;PF04860;K07358;TIGR01537	Phage integrase family; Phage portal protein
1_1447	1728623	1729681	1059	-1	0.414	11	TAAAAA	GENOMAD.057710.VV	1.103e-20	97	0	0	1	2561	Caudoviricetes	NA	NA	PF00589;PF04860;K07358;TIGR01537	Phage integrase family; Phage portal protein
1_1448	1729724	1731529	1806	1	0.406	11	TAAAA	NA	NA	NA	0	0	0	1	NA	NA	NA	NA	NA
1_1449	1731874	1732566	693	-1	0.405	11	AAA	NA	NA	NA	0	0	0	1	NA	NA	NA	NA	NA
1_1450	1732924	1733217	294	1	0.344	11	AATAA	NA	NA	NA	0	0	0	1	NA	NA	NA	NA	NA
1_1451	1733201	1733482	282	1	0.394	11	TAA	NA	NA	NA	0	0	0	1	NA	NA	NA	NA	NA
1_1452	1733607	1734026	420	1	0.369	11	TAAA	NA	NA	NA	0	0	0	1	NA	NA	NA	NA	NA
1_1453	1734010	1737258	3249	1	0.365	11	TAA	GENOMAD.206950.CP	1.049e-08	62	0	0	0	1	NA	NA	NA	PF12770;COG4995	Uncharacterized conserved protein, contains CHAT domain
1_1454	1738098	1739573	1476	1	0.474	11	TAA	GENOMAD.057710.VV	1.002e-19	96	0	0	1	2561	Caudoviricetes	NA	NA	PF00589;PF04860;K07358;TIGR01537	Phage integrase family; Phage portal protein
1_1455	1739582	1740934	1353	1	0.486	11	TAAA	GENOMAD.057710.VV	1.811e-15	82	0	0	1	2561	Caudoviricetes	NA	NA	PF00589;PF04860;K07358;TIGR01537	Phage integrase family; Phage portal protein
1_1456	1741000	1741293	294	-1	0.395	11	TAAA	GENOMAD.096706.VV	0.0004093	40	0	0	0	2561	Caudoviricetes	NA	NA	NA	NA
1_1457	1741307	1741510	204	-1	0.422	11	AAAA	NA	NA	NA	0	0	0	1	NA	NA	NA	NA	NA
1_1458	1741511	1741630	120	-1	0.392	11	TAAAAA	NA	NA	NA	0	0	0	1	NA	NA	NA	NA	NA
1_1459	1742079	1743488	1410	-1	0.319	11	TAA	NA	NA	NA	0	0	0	1	NA	NA	NA	NA	NA
1_1460	1743478	1744866	1389	-1	0.294	11	TAA	GENOMAD.222387.PV	8.711e-07	54	0	0	0	1	NA	NA	NA	NA	NA
1_1461	1745047	1747815	2769	-1	0.297	11	TAAAAA	NA	NA	NA	0	0	0	1	NA	NA	NA	NA	NA
1_1462	1749990	1750628	639	1	0.336	11	None	NA	NA	NA	0	0	0	1	NA	NA	NA	NA	NA
1_1463	1750649	1752847	2199	-1	0.345	11	TAAAA	NA	NA	NA	0	0	0	1	NA	NA	NA	NA	NA
1_1464	1752848	1753363	516	-1	0.308	11	TAAAAA	GENOMAD.043574.CC	5.142e-11	63	0	0	0	1	NA	NA	NA	PF08534;COG1999;TIGR00385;K02199	Cytochrome oxidase Cu insertion factor, SCO1/SenC/PrrC family
1_1465	1753428	1753601	174	-1	0.431	11	TAA	NA	NA	NA	0	0	0	1	NA	NA	NA	NA	NA
1_1466	1753629	1754291	663	-1	0.290	11	AATAA	NA	NA	NA	0	0	0	1	NA	NA	NA	NA	NA
1_1467	1754316	1756631	2316	-1	0.343	11	AATAA	GENOMAD.126163.CP	4.043e-17	89	0	0	0	1	NA	NA	NA	PF14905;PF07715;PF00576;PF03544;TIGR01783;COG4771;K16087	TonB-dependent siderophore receptor
1_1468	1756628	1757536	909	-1	0.337	11	TAA	NA	NA	NA	0	0	0	1	NA	NA	NA	NA	NA
1_1469	1757819	1758373	555	1	0.341	11	TAA	NA	NA	NA	0	0	0	1	NA	NA	NA	NA	NA
1_1470	1758380	1759336	957	1	0.356	11	TAA	NA	NA	NA	0	0	0	1	NA	NA	NA	NA	NA
1_1471	1759349	1761769	2421	1	0.352	11	TAA	GENOMAD.124105.CP	1.305e-18	94	0	0	0	1	NA	NA	NA	PF14905;PF07715;TIGR01783;COG4771;K19611	TonB-dependent siderophore receptor
1_1472	1762298	1763101	804	-1	0.350	11	TAAAAA	NA	NA	NA	0	0	0	1	NA	NA	NA	NA	NA
1_1473	1764049	1764585	537	1	0.378	11	TAAAA	GENOMAD.153358.CP	6.56e-09	57	0	0	0	1	NA	NA	NA	PF12641;COG4635;TIGR01755;K03839	Flavodoxin domain
1_1474	1764592	1765152	561	1	0.424	11	TAAAAA	GENOMAD.140793.CP	1.697e-06	50	0	0	0	1	NA	NA	NA	PF01613;COG1853;TIGR02296;K16048	NADH-FMN oxidoreductase RutF, flavin reductase (DIM6/NTAB) family
1_1475	1765168	1765689	522	1	0.477	11	TAA	NA	NA	NA	0	0	0	1	NA	NA	NA	NA	NA
1_1476	1765795	1766496	702	-1	0.403	11	AAAAA	GENOMAD.128816.CP	1.559e-05	48	0	0	0	1	NA	NA	NA	PF13484;TIGR00276;K18979;COG1600	epoxyqueuosine reductase
1_1477	1766493	1767620	1128	-1	0.374	11	AACAA	GENOMAD.161748.CP	8.951e-15	79	0	0	0	1	NA	NA	NA	PF12674	Putative zinc ribbon domain
1_1478	1768164	1768598	435	1	0.513	11	TAAAAA	NA	NA	NA	0	0	0	1	NA	NA	NA	NA	NA
1_1479	1768999	1769547	549	1	0.435	11	TAAA	NA	NA	NA	0	0	0	1	NA	NA	NA	NA	NA
1_1480	1769597	1770673	1077	1	0.437	11	TAA	NA	NA	NA	0	0	0	1	NA	NA	NA	NA	NA
1_1481	1770982	1772010	1029	1	0.449	11	TAAA	NA	NA	NA	0	0	0	1	NA	NA	NA	NA	NA
1_1482	1772429	1773295	867	1	0.414	11	TAA	NA	NA	NA	0	0	0	1	NA	NA	NA	NA	NA
1_1483	1773292	1774479	1188	1	0.428	11	TAA	GENOMAD.099160.CP	2.325e-05	49	0	0	0	1	NA	NA	NA	PF12897;TIGR03542;K08969;COG1168	LL-diaminopimelate aminotransferase
1_1484	1774622	1776733	2112	1	0.423	11	AACAA	NA	NA	NA	0	0	0	1	NA	NA	NA	NA	NA
1_1485	1776760	1778769	2010	-1	0.382	11	AACAA	NA	NA	NA	0	0	0	1	NA	NA	NA	NA	NA
1_1486	1778883	1780604	1722	1	0.415	11	TAAA	NA	NA	NA	0	0	0	1	NA	NA	NA	NA	NA
1_1487	1780692	1781402	711	-1	0.404	11	TAA	GENOMAD.037761.CC	2.949e-122	388	0	0	0	1	NA	NA	NA	NA	NA
1_1488	1781585	1782865	1281	-1	0.447	11	TAA	NA	NA	NA	0	0	0	1	NA	NA	NA	NA	NA
1_1489	1782973	1783701	729	-1	0.392	11	AACAA	GENOMAD.026746.CC	4.32e-138	434	0	0	0	1	NA	NA	NA	PF13568;COG3047	Outer membrane protein beta-barrel domain
1_1490	1783706	1784275	570	-1	0.433	11	AATAA	GENOMAD.133841.CP	5.773e-19	87	0	0	0	1	NA	NA	NA	PF01613;COG1853;TIGR02296;K21185	NADH-FMN oxidoreductase RutF, flavin reductase (DIM6/NTAB) family
1_1491	1784364	1784825	462	-1	0.405	11	TATAA	GENOMAD.000936.CC	5.166e-42	152	1	0	0	1	NA	NA	NA	PF01948;PF02748;K00610;COG1781;TIGR00240	Aspartate carbamoyltransferase, regulatory subunit
1_1492	1784830	1785756	927	-1	0.438	11	TAAA	NA	NA	NA	0	0	0	1	NA	NA	NA	NA	NA
1_1493	1786190	1786468	279	1	0.391	11	TAA	GENOMAD.022217.CC	7.665e-19	82	0	0	0	1	NA	NA	NA	PF03956;COG2431	Uncharacterized membrane protein YbjE, DUF340 family
1_1494	1786465	1787085	621	1	0.406	11	AAA	GENOMAD.151590.CP	1.253e-56	197	0	0	0	1	NA	NA	NA	COG2431	Uncharacterized membrane protein YbjE, DUF340 family
1_1495	1787086	1788003	918	-1	0.394	11	TAA	NA	NA	NA	0	0	0	1	NA	NA	NA	NA	NA
1_1496	1788027	1789406	1380	-1	0.427	11	TAAAAA	GENOMAD.219289.VC	1.248e-17	89	0	0	0	1	NA	NA	NA	PF15495;PF16432	Major fimbrial subunit protein type IV, Fimbrillin, C-terminal
1_1497	1789647	1790603	957	1	0.362	11	TAAAAA	GENOMAD.189569.CP	6.934e-11	66	0	0	0	1	NA	NA	NA	NA	NA
1_1498	1790783	1792954	2172	1	0.433	11	TAAA	NA	NA	NA	0	0	0	1	NA	NA	NA	NA	NA
1_1499	1792958	1793908	951	-1	0.437	11	TAAA	NA	NA	NA	0	0	0	1	NA	NA	NA	NA	NA
1_1500	1794123	1796210	2088	-1	0.454	11	TAA	GENOMAD.148232.CP	3.139e-13	76	0	0	0	1	NA	NA	NA	PF12771;K21572	Starch-binding associating with outer membrane
1_1501	1796224	1799493	3270	-1	0.466	11	AAA	GENOMAD.121280.CP	1.058e-08	62	0	0	0	1	NA	NA	NA	PF14905;PF07715;K16089;TIGR01779;COG4206	TonB-dependent vitamin B12 receptor
1_1502	1799829	1800323	495	1	0.436	11	TAA	GENOMAD.197688.CV	5.385e-38	141	0	0	0	2561	Caudoviricetes	NA	NA	PF11396;COG5353	Putative beta-lactamase-inhibitor-like, PepSY-like
1_1503	1800808	1800903	96	1	0.281	11	AAAA	NA	NA	NA	0	0	0	1	NA	NA	NA	NA	NA
1_1504	1801186	1801899	714	1	0.367	11	TAAA	NA	NA	NA	0	0	0	1	NA	NA	NA	NA	NA
1_1505	1802115	1802582	468	1	0.453	11	TAAAAA	NA	NA	NA	0	0	0	1	NA	NA	NA	NA	NA
1_1506	1802792	1805125	2334	1	0.460	11	TAAAA	GENOMAD.108033.CP	4.548e-07	56	0	0	0	2561	Caudoviricetes	NA	NA	PF00905;COG2602;K17838	Penicillin binding protein transpeptidase domain
1_1507	1805137	1805505	369	1	0.458	11	TAA	GENOMAD.108390.CV	7.18e-57	193	0	0	0	1	NA	NA	NA	PF01288;COG0801;TIGR01498	7,8-dihydro-6-hydroxymethylpterin-pyrophosphokinase
1_1508	1805535	1806293	759	1	0.426	11	TAA	GENOMAD.223887.VP	1.012e-06	52	0	0	0	2561	Caudoviricetes	NA	NA	K00979	NA
1_1509	1806290	1807576	1287	1	0.449	11	AATAA	NA	NA	NA	0	0	0	1	NA	NA	NA	NA	NA
1_1510	1807579	1808790	1212	1	0.427	11	TAAAAA	GENOMAD.025163.VV	0.0008331	44	0	0	0	2561	Caudoviricetes	NA	NA	PF11246	Base plate wedge protein 53
1_1511	1808871	1809809	939	-1	0.448	11	AACAA	NA	NA	NA	0	0	0	1	NA	NA	NA	NA	NA
1_1512	1809941	1814416	4476	1	0.425	11	AAAA	NA	NA	NA	0	0	0	1	NA	NA	NA	NA	NA
1_1513	1814443	1815171	729	1	0.431	11	TAA	NA	NA	NA	0	0	0	1	NA	NA	NA	NA	NA
1_1514	1815161	1816615	1455	1	0.426	11	None	GENOMAD.154541.CP	3.205e-05	49	0	0	0	1	NA	NA	NA	COG1288	Uncharacterized membrane protein YfcC, ion transporter superfamily
1_1515	1817031	1817729	699	1	0.378	11	TAA	NA	NA	NA	0	0	0	1	NA	NA	NA	NA	NA
1_1516	1817904	1818641	738	1	0.354	11	TAAAAA	NA	NA	NA	0	0	0	1	NA	NA	NA	NA	NA
1_1517	1818668	1818775	108	1	0.315	11	TAAA	NA	NA	NA	0	0	0	1	NA	NA	NA	NA	NA
1_1518	1818759	1819745	987	1	0.378	11	TAAA	GENOMAD.114697.CP	5.255e-08	57	0	0	0	1	NA	NA	NA	PF00425;K02552;COG1169;TIGR03494	Isochorismate synthase EntC
1_1519	1819729	1820325	597	1	0.375	11	AAA	GENOMAD.132360.CV	1.316e-33	130	0	0	0	1	NA	NA	NA	PF01063;K02619;TIGR03461;COG0115	aminodeoxychorismate lyase
1_1520	1820613	1821281	669	1	0.362	11	AAA	GENOMAD.112814.CP	7.429e-32	126	0	0	0	1	NA	NA	NA	PF09365;COG5587;TIGR02453	Uncharacterized conserved protein, DUF2461 family
1_1521	1821348	1823360	2013	1	0.421	11	TAA	GENOMAD.154880.CP	1.214e-199	635	0	0	0	2561	Caudoviricetes	NA	NA	PF02806	Alpha amylase, C-terminal all-beta domain
1_1522	1823429	1825126	1698	-1	0.395	11	TAAA	NA	NA	NA	0	0	0	1	NA	NA	NA	NA	NA
1_1523	1825138	1826196	1059	-1	0.412	11	AAA	NA	NA	NA	0	0	0	1	NA	NA	NA	NA	NA
1_1524	1826187	1826987	801	-1	0.408	11	TAAA	NA	NA	NA	0	0	0	1	NA	NA	NA	NA	NA
1_1525	1827168	1828376	1209	-1	0.414	11	TAA	NA	NA	NA	0	0	0	1	NA	NA	NA	NA	NA
1_1526	1828597	1830102	1506	1	0.429	11	AACAA	NA	NA	NA	0	0	0	1	NA	NA	NA	NA	NA
1_1527	1830190	1830768	579	1	0.389	11	AAAA	NA	NA	NA	0	0	0	1	NA	NA	NA	NA	NA
1_1528	1830840	1831553	714	1	0.423	11	TAAAAA	NA	NA	NA	0	0	0	1	NA	NA	NA	NA	NA
1_1529	1831757	1832350	594	1	0.419	11	TAA	GENOMAD.161383.CP	0.0008519	42	0	0	0	1	NA	NA	NA	PF14378;COG3907;K12978	Membrane-associated enzyme, PAP2 (acid phosphatase) superfamily
1_1530	1832433	1832642	210	-1	0.386	11	AATAA	GENOMAD.191784.PC	4.077e-15	70	0	0	0	1	NA	NA	NA	PF10771;TIGR02702;K10123;COG1510	Winged helix-turn-helix domain (DUF2582)
1_1531	1833366	1833536	171	-1	0.421	11	TAA	NA	NA	NA	0	0	0	1	NA	NA	NA	NA	NA
1_1532	1833577	1834446	870	-1	0.472	11	TAAAAA	GENOMAD.111805.CP	1.293e-13	74	0	0	0	1	NA	NA	NA	NA	NA
1_1533	1834443	1835591	1149	-1	0.426	11	AACAA	GENOMAD.120770.CP	4.473e-05	48	0	0	0	2561	Caudoviricetes	NA	NA	PF13549;K22224;TIGR01016;COG1042	succinyl-CoA synthetase, beta subunit
1_1534	1835847	1836734	888	-1	0.480	11	TAAAAA	NA	NA	NA	0	0	0	1	NA	NA	NA	NA	NA
1_1535	1836837	1837670	834	-1	0.470	11	TAAAAA	NA	NA	NA	0	0	0	1	NA	NA	NA	NA	NA
1_1536	1838013	1838744	732	1	0.448	11	AAA	NA	NA	NA	0	0	0	1	NA	NA	NA	NA	NA
1_1537	1838795	1840300	1506	1	0.507	11	TAA	NA	NA	NA	0	0	0	1	NA	NA	NA	NA	NA
1_1538	1840393	1841712	1320	1	0.484	11	TAAA	NA	NA	NA	0	0	0	1	NA	NA	NA	NA	NA
1_1539	1841777	1843225	1449	1	0.491	11	AAAAA	NA	NA	NA	0	0	0	1	NA	NA	NA	NA	NA
1_1540	1843779	1844987	1209	-1	0.470	11	AACAA	GENOMAD.154039.CP	1.763e-12	72	0	0	0	1	NA	NA	NA	PF00884;K18398;TIGR02335;COG3119	phosphonoacetate hydrolase
1_1541	1845093	1846634	1542	1	0.461	11	TAA	NA	NA	NA	0	0	0	1	NA	NA	NA	NA	NA
1_1542	1846750	1847382	633	1	0.461	11	TAAA	NA	NA	NA	0	0	0	1	NA	NA	NA	NA	NA
1_1543	1847593	1847838	246	1	0.439	11	None	NA	NA	NA	0	0	0	1	NA	NA	NA	NA	NA
1_1544	1847911	1849302	1392	-1	0.460	11	TAA	NA	NA	NA	0	0	0	1	NA	NA	NA	NA	NA
1_1545	1849318	1850103	786	-1	0.429	11	TAAAAA	GENOMAD.123111.CP	8.208e-97	316	0	0	0	1	NA	NA	NA	PF01578;COG4137;TIGR03144;K02497	ABC-type uncharacterized transport system, permease component
1_1546	1850100	1851056	957	-1	0.394	11	TAAA	GENOMAD.121000.CP	1.101e-36	144	0	0	0	1	NA	NA	NA	COG1333	Cytochrome c biogenesis protein ResB
1_1547	1851238	1852503	1266	1	0.335	11	TAA	GENOMAD.169664.CP	1.957e-25	113	0	0	0	1	NA	NA	NA	PF03572;PF17816;PF14684;COG0793;TIGR00225	C-terminal processing protease CtpA/Prc, contains a PDZ domain
1_1548	1852570	1853619	1050	-1	0.423	11	TAAA	NA	NA	NA	0	0	0	1	NA	NA	NA	NA	NA
1_1549	1853845	1857270	3426	1	0.415	11	TAAAA	NA	NA	NA	0	0	0	1	NA	NA	NA	NA	NA
1_1550	1857306	1857686	381	1	0.425	11	TAAA	GENOMAD.001704.CC	3.415e-34	128	0	0	0	1	NA	NA	NA	COG1734	RNA polymerase-binding transcription factor DksA
1_1551	1857801	1858433	633	1	0.371	11	TAA	GENOMAD.126367.CP	5.59e-59	204	0	0	0	1	NA	NA	NA	PF01252;COG0597;K03101;TIGR00077	Lipoprotein signal peptidase
1_1552	1858444	1859490	1047	1	0.393	11	TAAAAA	GENOMAD.015824.CC	2.227e-40	156	0	0	0	1	NA	NA	NA	PF14129	NA
1_1553	1859499	1859831	333	1	0.372	11	TAA	NA	NA	NA	0	0	0	1	NA	NA	NA	NA	NA
1_1554	1859785	1860546	762	-1	0.413	11	TAAA	NA	NA	NA	0	0	0	1	NA	NA	NA	NA	NA
1_1555	1860857	1861375	519	1	0.399	11	TAAAAA	NA	NA	NA	0	0	0	1	NA	NA	NA	NA	NA
1_1556	1861496	1863808	2313	1	0.385	11	TAAAAA	GENOMAD.108007.CV	1.242e-114	391	0	0	0	2561	Caudoviricetes	NA	NA	PF01103;PF08479;TIGR03303;COG0729;K07278	outer membrane protein assembly complex, YaeT protein
1_1557	1863890	1864444	555	-1	0.402	11	TAAAAA	GENOMAD.027511.CC	3.789e-33	128	0	0	0	1	NA	NA	NA	PF11810	NA
1_1558	1864566	1865003	438	-1	0.363	11	TAAAAA	GENOMAD.055126.CC	1.441e-06	49	0	0	0	1	NA	NA	NA	PF04173;COG2259;K05908	Uncharacterized membrane protein YphA, DoxX/SURF4 family
1_1559	1865410	1865520	111	1	0.315	11	TAAA	NA	NA	NA	0	0	0	1	NA	NA	NA	NA	NA
1_1560	1865573	1866100	528	-1	0.366	11	None	NA	NA	NA	0	0	0	1	NA	NA	NA	NA	NA
1_1561	1867450	1868592	1143	1	0.395	11	TAAAAA	GENOMAD.177447.CP	3.199e-54	198	0	0	0	2561	Caudoviricetes	NA	NA	PF07396;PF05736;K07221;COG3746	Phosphate-selective porin O and P; OprF membrane domain
1_1562	1868715	1869926	1212	-1	0.417	11	None	GENOMAD.170267.CP	2.694e-10	65	0	0	0	1	NA	NA	NF012178	K19061;COG2223	Nitrate/nitrite transporter NarK
1_1563	1870348	1871151	804	-1	0.384	11	TAAAA	GENOMAD.129258.VC	1.456e-31	127	0	0	0	2561	Caudoviricetes	NA	NF033105	PF12706;TIGR02108;COG2248;K06167	coenzyme PQQ biosynthesis protein B
1_1564	1871233	1872621	1389	-1	0.415	11	AAAAA	GENOMAD.159857.CP	5.925e-60	218	0	0	0	1	NA	NA	NA	PF03825;K03305;TIGR00926;COG3104	Peptide:H+ symporter (also transports b-lactam antibiotics, the antitumor agent, bestatin, and various protease inhibitors)
1_1565	1872770	1874176	1407	-1	0.397	11	TAAAAA	GENOMAD.160401.CP	6.163e-156	498	0	0	0	1	NA	NA	NA	PF02614;K01812;COG1904	Glucuronate isomerase
1_1566	1874540	1875076	537	-1	0.393	11	TAA	GENOMAD.216277.CP	3.499e-100	321	0	0	0	1	NA	NA	NA	PF14205;PF00498;COG4416;TIGR02098;K10867	Mu-like prophage FluMu protein Com
1_1567	1875088	1876149	1062	-1	0.388	11	TAA	GENOMAD.006436.CC	2.119e-175	548	0	0	0	1	NA	NA	NA	PF18174;PF18175;PF05036	CCDC81-like prokaryotic HU domain 1; CCDC81-like prokaryotic HU domain 2; SPOR domain
1_1568	1876308	1876856	549	1	0.417	11	TAA	NA	NA	NA	0	0	0	1	NA	NA	NA	NA	NA
1_1569	1876880	1878193	1314	1	0.434	11	AATAA	GENOMAD.094142.VV	1.613e-06	53	0	0	0	2561	Caudoviricetes	NA	NA	PF00984	UDP-glucose/GDP-mannose dehydrogenase family, central domain
1_1570	1878332	1879135	804	1	0.372	11	TAA	NA	NA	NA	0	0	0	1	NA	NA	NA	NA	NA
1_1571	1879206	1880462	1257	-1	0.417	11	TAAAAA	NA	NA	NA	0	0	0	1	NA	NA	NA	NA	NA
1_1572	1880543	1881766	1224	-1	0.435	11	AACAA	GENOMAD.124205.CP	1.33e-57	209	0	0	0	1	NA	NA	NA	PF06888;TIGR00338;COG0560;K08966	phosphoserine phosphatase SerB
1_1573	1882037	1882546	510	1	0.406	11	TAA	GENOMAD.138316.CP	1.759e-35	134	0	0	0	1	NA	NA	NA	PF00578;TIGR02540;COG0678;K02199	AhpC/TSA family
1_1574	1882711	1883808	1098	-1	0.400	11	AACAA	GENOMAD.060319.CP	1.721e-101	335	0	0	0	1	NA	NA	NA	PF03739;K11720;TIGR04407;COG0795	LPS export ABC transporter permease LptF
1_1575	1883813	1884943	1131	-1	0.447	11	TAAA	GENOMAD.077211.CP	4.05e-09	61	0	0	0	2561	Caudoviricetes	NA	NA	PF01702;K00773;TIGR00430;COG0343	tRNA-guanine transglycosylase
1_1576	1884940	1887408	2469	-1	0.427	11	TAAA	NA	NA	NA	0	0	0	1	NA	NA	NA	NA	NA
1_1577	1887593	1888306	714	1	0.424	11	TAA	GENOMAD.081519.CV	7.84e-68	231	0	0	0	2561	Caudoviricetes	NA	NA	PF01189;K15460;COG4123;TIGR00536	tRNA1(Val) A37 N6-methylase TrmN6
1_1578	1888394	1888645	252	-1	0.361	11	TAA	NA	NA	NA	0	0	0	1	NA	NA	NA	NA	NA
1_1579	1889245	1889421	177	1	0.384	11	TAAA	NA	NA	NA	0	0	0	1	NA	NA	NA	NA	NA
1_1580	1889626	1890156	531	-1	0.345	11	TAA	NA	NA	NA	0	0	0	1	NA	NA	NA	NA	NA
1_1581	1890317	1890682	366	-1	0.331	11	TATAA	GENOMAD.147273.VC	3.883e-14	70	0	0	0	2561	Caudoviricetes	NA	NA	K22300;COG5606;TIGR00673	Predicted DNA-binding protein, XRE-type HTH domain
1_1582	1890870	1890977	108	-1	0.315	11	AACAA	NA	NA	NA	0	0	0	1	NA	NA	NA	NA	NA
1_1583	1891126	1891512	387	-1	0.382	11	TAAA	GENOMAD.148042.VV	4.553e-05	44	0	0	0	2561	Caudoviricetes	NA	NA	PF07022;COG5606;TIGR02612;K18830	Predicted DNA-binding protein, XRE-type HTH domain
1_1584	1891519	1891953	435	-1	0.349	11	TATAA	GENOMAD.147273.VC	1.36e-60	205	0	0	0	2561	Caudoviricetes	NA	NA	K22300;COG5606;TIGR00673	Predicted DNA-binding protein, XRE-type HTH domain
1_1585	1892037	1892603	567	-1	0.358	11	TAA	NA	NA	NA	0	0	0	1	NA	NA	NA	NA	NA
1_1586	1892666	1893166	501	-1	0.377	11	TAA	GENOMAD.147273.VC	1.908e-67	226	0	0	0	2561	Caudoviricetes	NA	NA	K22300;COG5606;TIGR00673	Predicted DNA-binding protein, XRE-type HTH domain
1_1587	1893531	1894139	609	1	0.455	11	TAA	NA	NA	NA	0	0	0	1	NA	NA	NA	NA	NA
1_1588	1894143	1894343	201	1	0.443	11	AATAA	GENOMAD.220347.VP	7.161e-09	52	0	0	0	2561	Caudoviricetes	NA	NA	PF13411;COG3311;TIGR02043;K19057	Predicted DNA-binding transcriptional regulator AlpA
1_1589	1894340	1894630	291	1	0.460	11	None	NA	NA	NA	0	0	0	1	NA	NA	NA	NA	NA
1_1590	1894614	1894847	234	1	0.470	11	TAAA	GENOMAD.060364.VV	2.776e-37	134	0	0	0	2561	Caudoviricetes	NA	NA	NA	NA
1_1591	1894871	1895320	450	1	0.478	11	AAA	NA	NA	NA	0	0	0	1	NA	NA	NA	NA	NA
1_1592	1895317	1895682	366	1	0.511	11	AAA	GENOMAD.146164.VC	1.448e-16	77	0	0	0	2561	Caudoviricetes	NA	NA	PF12689;TIGR01689;COG4996;K21064	capsule biosynthesis phosphatase
1_1593	1896045	1896389	345	1	0.481	11	TAAA	GENOMAD.081521.VV	1.996e-26	105	0	0	0	2561	Caudoviricetes	NA	NA	NA	NA
1_1594	1896391	1896837	447	1	0.483	11	TAAAAA	NA	NA	NA	0	0	0	1	NA	NA	NA	NA	NA
1_1595	1896851	1897846	996	1	0.446	11	TAAA	NA	NA	NA	0	0	0	1	NA	NA	NA	NA	NA
1_1596	1897873	1898022	150	1	0.427	11	TAAA	NA	NA	NA	0	0	0	1	NA	NA	NA	NA	NA
1_1597	1898006	1898200	195	-1	0.395	11	TAAAAA	NA	NA	NA	0	0	0	1	NA	NA	NA	NA	NA
1_1598	1898365	1898553	189	1	0.370	11	AATAA	NA	NA	NA	0	0	0	1	NA	NA	NA	NA	NA
1_1599	1898564	1898782	219	1	0.333	11	TAAA	NA	NA	NA	0	0	0	1	NA	NA	NA	NA	NA
1_1600	1898811	1899023	213	1	0.324	11	TAAAAA	NA	NA	NA	0	0	0	1	NA	NA	NA	NA	NA
1_1601	1899041	1899208	168	1	0.357	11	TAA	NA	NA	NA	0	0	0	1	NA	NA	NA	NA	NA
1_1602	1899219	1899620	402	1	0.371	11	TAA	GENOMAD.225236.VP	1.246e-72	239	0	0	0	2561	Caudoviricetes	NA	NA	NA	NA
1_1603	1899674	1899832	159	1	0.365	11	TAA	NA	NA	NA	0	0	0	1	NA	NA	NA	NA	NA
1_1604	1899867	1900100	234	1	0.402	11	TAA	GENOMAD.212448.VV	0.0004275	39	0	0	0	2561	Caudoviricetes	NA	NA	NA	NA
1_1605	1900149	1901093	945	1	0.451	11	None	GENOMAD.176734.VP	3.396e-43	163	0	0	0	2561	Caudoviricetes	NA	NA	PF04492;COG5625;TIGR04548	Bacteriophage replication protein O
1_1606	1901122	1901799	678	1	0.538	11	None	GENOMAD.038322.VV	3.24e-107	344	0	0	0	2561	Caudoviricetes	NA	NA	PF20338	NA
1_1607	1901803	1901988	186	1	0.484	11	TAA	GENOMAD.041886.VV	9.776e-18	77	0	0	0	2561	Caudoviricetes	NA	NA	NA	NA
1_1608	1902004	1902495	492	1	0.514	11	TAAAAA	GENOMAD.059892.VV	6.747e-26	106	0	0	0	2561	Caudoviricetes	NA	NA	NA	NA
1_1609	1902626	1903057	432	1	0.477	11	AATAA	NA	NA	NA	0	0	0	1	NA	NA	NA	NA	NA
1_1610	1903098	1903688	591	1	0.545	11	TAAAAA	NA	NA	NA	0	0	0	1	NA	NA	NA	NA	NA
1_1611	1903643	1903957	315	1	0.517	11	None	NA	NA	NA	0	0	0	1	NA	NA	NA	NA	NA
1_1612	1903984	1906200	2217	1	0.521	11	TAAAA	GENOMAD.052699.VV	0.0	1207	0	0	0	2561	Caudoviricetes	NA	NA	NA	NA
1_1613	1906260	1907078	819	1	0.546	11	TAAAAA	GENOMAD.043755.VV	2.06e-91	301	0	0	0	2561	Caudoviricetes	NA	NA	NA	NA
1_1614	1907239	1908174	936	1	0.538	11	TAA	GENOMAD.061060.VV	3.549e-85	285	0	0	0	2561	Caudoviricetes	NA	NA	NA	NA
1_1615	1908328	1908669	342	1	0.538	11	TAA	GENOMAD.078360.VV	1.72e-59	200	0	0	0	2561	Caudoviricetes	NA	NA	NA	NA
1_1616	1908650	1909327	678	1	0.546	11	TAA	GENOMAD.056727.VV	2.033e-112	359	0	0	0	2561	Caudoviricetes	NA	NA	NA	NA
1_1617	1909293	1910999	1707	1	0.577	11	AAAAA	GENOMAD.027197.VV	4.786e-102	346	0	0	1	2561	Caudoviricetes	NA	NA	PF04466;TIGR01547	NA
1_1618	1911581	1912051	471	1	0.514	11	TAAAAA	GENOMAD.019829.VV	1.994e-45	162	0	0	1	2561	Caudoviricetes	NA	NA	PF05105;COG4824	Bacteriophage holin family
1_1619	1912053	1912595	543	1	0.565	11	AAAAA	NA	NA	NA	0	0	0	1	NA	NA	NA	NA	NA
1_1620	1912571	1912861	291	1	0.485	11	AAA	GENOMAD.049718.VV	4.194e-42	149	0	0	0	2561	Caudoviricetes	NA	NA	NA	NA
1_1621	1912865	1914217	1353	1	0.542	11	TAAAA	GENOMAD.090234.VV	3.665e-79	274	0	0	0	2561	Caudoviricetes	NA	NA	PF07927;K07339;COG1724	Predicted RNA binding protein YcfA, dsRBD-like fold, HicA-like mRNA interferase family
1_1622	1914238	1914789	552	1	0.451	11	AAAAA	NA	NA	NA	0	0	0	1	NA	NA	NA	NA	NA
1_1623	1915271	1916212	942	1	0.563	11	TAA	GENOMAD.047596.VV	6.363e-143	452	0	0	0	2561	Caudoviricetes	NA	NA	PF20459	NA
1_1624	1916215	1917015	801	1	0.508	11	TAA	GENOMAD.079985.VV	1.068e-68	235	0	0	0	2561	Caudoviricetes	NA	NA	NA	NA
1_1625	1917012	1917407	396	1	0.551	11	TAA	GENOMAD.074854.VV	1.734e-09	57	0	0	0	2561	Caudoviricetes	NA	NA	PF08291	NA
1_1626	1917420	1917863	444	1	0.514	11	TAAA	GENOMAD.094543.VV	5.291e-39	143	0	0	0	2561	Caudoviricetes	NA	NA	NA	NA
1_1627	1917860	1918324	465	1	0.533	11	AAA	GENOMAD.053451.VV	1.369e-22	96	0	0	0	2561	Caudoviricetes	NA	NA	NA	NA
1_1628	1918386	1922444	4059	1	0.550	11	TAAAAA	GENOMAD.148376.VP	4.208e-124	436	0	0	1	2561	Caudoviricetes	NA	NA	COG3941	Phage tail tape-measure protein, controls tail length
1_1629	1922455	1924557	2103	1	0.553	11	AATAA	GENOMAD.045876.VV	3.558e-179	577	0	0	0	2561	Caudoviricetes	NA	NA	NA	NA
1_1630	1924820	1926013	1194	1	0.515	11	TAA	GENOMAD.088852.VV	1.122e-204	635	0	0	0	2561	Caudoviricetes	NA	NA	NA	NA
1_1631	1926108	1926731	624	1	0.465	11	TAA	GENOMAD.048443.VV	2.486e-101	326	0	0	0	2561	Caudoviricetes	NA	NA	NA	NA
1_1632	1926787	1927413	627	-1	0.506	11	TAA	GENOMAD.048443.VV	3.926e-62	213	0	0	0	2561	Caudoviricetes	NA	NA	NA	NA
1_1633	1927572	1928006	435	1	0.425	11	TAAA	GENOMAD.124099.VC	1.863e-65	219	0	0	0	2561	Caudoviricetes	NA	NA	NA	NA
1_1634	1928620	1928958	339	1	0.386	11	TAAAAA	NA	NA	NA	0	0	0	1	NA	NA	NA	NA	NA
1_1635	1930055	1930144	90	1	0.311	11	TAAAAA	NA	NA	NA	0	0	0	1	NA	NA	NA	NA	NA
1_1636	1930127	1930531	405	-1	0.375	11	AAAA	NA	NA	NA	0	0	0	1	NA	NA	NA	NA	NA
1_1637	1930596	1931825	1230	1	0.531	11	TAAAAA	GENOMAD.057710.VV	1.037e-13	76	0	0	1	2561	Caudoviricetes	NA	NA	PF00589;PF04860;K07358;TIGR01537	Phage integrase family; Phage portal protein
1_1638	1931845	1933056	1212	1	0.507	11	TAAAAA	GENOMAD.057710.VV	8.721e-19	92	0	0	1	2561	Caudoviricetes	NA	NA	PF00589;PF04860;K07358;TIGR01537	Phage integrase family; Phage portal protein
1_1639	1933141	1933434	294	-1	0.466	11	TAAAAA	NA	NA	NA	0	0	0	1	NA	NA	NA	NA	NA
1_1640	1933650	1933769	120	-1	0.433	11	TAAA	NA	NA	NA	0	0	0	1	NA	NA	NA	NA	NA
1_1641	1935125	1935958	834	1	0.313	11	TAA	NA	NA	NA	0	0	0	1	NA	NA	NA	NA	NA
1_1642	1935991	1937271	1281	1	0.344	11	TAA	GENOMAD.214948.PC	1.193e-28	123	0	0	0	1	NA	NA	NA	PF01640;PF13734;K01364	Peptidase C10 family; Spi protease inhibitor
1_1643	1937277	1937672	396	1	0.348	11	AATAA	NA	NA	NA	0	0	0	1	NA	NA	NA	NA	NA
1_1644	1938023	1938280	258	1	0.426	11	TAAA	NA	NA	NA	0	0	0	1	NA	NA	NA	NA	NA
1_1645	1938206	1938898	693	-1	0.442	11	None	NA	NA	NA	0	0	0	1	NA	NA	NA	NA	NA
1_1646	1939072	1939560	489	-1	0.444	11	TAAA	NA	NA	NA	0	0	0	1	NA	NA	NA	NA	NA
1_1647	1940445	1941614	1170	-1	0.418	11	AAAA	GENOMAD.170143.VC	2.97e-74	257	0	0	0	2561	Caudoviricetes	NA	NA	PF14582;PF16655;COG3540;K22390;TIGR03729	Phosphodiesterase/alkaline phosphatase D
1_1648	1941706	1943574	1869	-1	0.433	11	TAA	NA	NA	NA	0	0	0	1	NA	NA	NA	NA	NA
1_1649	1943602	1945569	1968	-1	0.419	11	TAA	GENOMAD.142037.CP	3.614e-18	92	0	0	0	2561	Caudoviricetes	NA	NA	PF00728;PF02838;COG3525;K12373	N-acetyl-beta-hexosaminidase
1_1650	1945642	1947360	1719	-1	0.445	11	TAAAA	GENOMAD.123514.CP	3.003e-28	124	0	0	0	2561	Caudoviricetes	NA	NA	PF12771;K21572;COG5510	Starch-binding associating with outer membrane
1_1651	1947372	1950776	3405	-1	0.432	11	TAA	NA	NA	NA	0	0	0	1	NA	NA	NA	NA	NA
1_1652	1950937	1951905	969	-1	0.384	11	TAAA	NA	NA	NA	0	0	0	1	NA	NA	NA	NA	NA
1_1653	1951975	1952544	570	-1	0.349	11	TAAAAA	NA	NA	NA	0	0	0	1	NA	NA	NA	NA	NA
1_1654	1952757	1952921	165	-1	0.345	11	TAA	NA	NA	NA	0	0	0	1	NA	NA	NA	NA	NA
1_1655	1953897	1954811	915	1	0.537	11	TAAA	GENOMAD.086418.VV	2.528e-76	259	0	0	0	2561	Caudoviricetes	NA	NA	NA	NA
1_1656	1955094	1955357	264	-1	0.462	11	AAA	NA	NA	NA	0	0	0	1	NA	NA	NA	NA	NA
1_1657	1955537	1955947	411	1	0.433	11	TAAA	NA	NA	NA	0	0	0	1	NA	NA	NA	NA	NA
1_1658	1956096	1956215	120	1	0.467	11	TAAAAA	NA	NA	NA	0	0	0	1	NA	NA	NA	NA	NA
1_1659	1956216	1956413	198	1	0.510	11	AAA	NA	NA	NA	0	0	0	1	NA	NA	NA	NA	NA
1_1660	1956429	1956722	294	1	0.459	11	TAA	NA	NA	NA	0	0	0	1	NA	NA	NA	NA	NA
1_1661	1956881	1957174	294	-1	0.452	11	AAA	NA	NA	NA	0	0	0	1	NA	NA	NA	NA	NA
1_1662	1957833	1958369	537	-1	0.408	11	TAAAAA	NA	NA	NA	0	0	0	1	NA	NA	NA	NA	NA
1_1663	1958422	1959216	795	-1	0.453	11	AAAAA	GENOMAD.205888.CP	1.492e-63	220	0	0	0	1	NA	NA	NA	PF00491;COG0010;TIGR01227	Arginase family
1_1664	1959248	1961806	2559	-1	0.469	11	TAA	GENOMAD.118399.CP	6.103e-29	128	0	0	0	1	NA	NA	NA	PF11897;COG0058;TIGR02093	Glucan phosphorylase
1_1665	1961834	1964080	2247	-1	0.458	11	TAAA	GENOMAD.104172.CP	1.065e-07	58	0	0	0	1	NA	NA	NA	PF00999;COG0025;TIGR00840;K03455	NhaP-type Na+/H+ or K+/H+ antiporter
1_1666	1964094	1965080	987	-1	0.499	11	AACAA	NA	NA	NA	0	0	0	1	NA	NA	NA	NA	NA
1_1667	1965103	1965600	498	-1	0.454	11	None	NA	NA	NA	0	0	0	1	NA	NA	NA	NA	NA
1_1668	1965702	1966130	429	-1	0.427	11	TAAAAA	NA	NA	NA	0	0	0	1	NA	NA	NA	NA	NA
1_1669	1966206	1966955	750	-1	0.495	11	TAAA	NA	NA	NA	0	0	0	1	NA	NA	NA	NA	NA
1_1670	1966969	1968018	1050	-1	0.486	11	TAAAAA	GENOMAD.145252.CP	9.386e-44	166	0	0	0	1	NA	NA	NA	NA	NA
1_1671	1968047	1968529	483	-1	0.439	11	TAAAA	NA	NA	NA	0	0	0	1	NA	NA	NA	NA	NA
1_1672	1968580	1969227	648	-1	0.404	11	TAAA	GENOMAD.118735.CP	3.156e-12	68	0	0	0	1	NA	NA	NA	PF01914;COG2095;TIGR00427	Small neutral amino acid transporter SnatA, MarC family
1_1673	1969330	1969758	429	-1	0.406	11	TAAA	NA	NA	NA	0	0	0	1	NA	NA	NA	NA	NA
1_1674	1970615	1970794	180	1	0.361	11	AATAA	NA	NA	NA	0	0	0	1	NA	NA	NA	NA	NA
1_1675	1970914	1971216	303	1	0.416	11	TAA	NA	NA	NA	0	0	0	1	NA	NA	NA	NA	NA
1_1676	1971358	1971897	540	-1	0.444	11	None	NA	NA	NA	0	0	0	1	NA	NA	NA	NA	NA
1_1677	1972605	1972811	207	-1	0.425	11	TAA	NA	NA	NA	0	0	0	1	NA	NA	NA	NA	NA
1_1678	1973002	1973307	306	-1	0.418	11	TAA	GENOMAD.171296.CP	0.0004696	40	0	0	0	1	NA	NA	NA	PF11396;COG5353	Putative beta-lactamase-inhibitor-like, PepSY-like
1_1679	1973450	1973857	408	1	0.422	11	TAA	NA	NA	NA	0	0	0	1	NA	NA	NA	NA	NA
1_1680	1973956	1974573	618	-1	0.487	11	None	NA	NA	NA	0	0	0	1	NA	NA	NA	NA	NA
1_1681	1974655	1974750	96	-1	0.354	11	AAAA	NA	NA	NA	0	0	0	1	NA	NA	NA	NA	NA
1_1682	1974795	1975088	294	1	0.442	11	TAAA	NA	NA	NA	0	0	0	1	NA	NA	NA	NA	NA
1_1683	1975152	1975331	180	-1	0.350	11	TAAAAA	NA	NA	NA	0	0	0	1	NA	NA	NA	NA	NA
1_1684	1975514	1976608	1095	-1	0.358	11	AAA	GENOMAD.022966.VV	1.323e-20	97	0	0	0	2561	Caudoviricetes	NA	NA	NA	NA
1_1685	1976749	1977042	294	-1	0.480	11	TAAAAA	GENOMAD.216027.VC	6.773e-07	48	0	0	0	1	NA	NA	NA	NA	NA
1_1686	1977168	1977386	219	-1	0.406	11	TAAA	NA	NA	NA	0	0	0	1	NA	NA	NA	NA	NA
1_1687	1977571	1978521	951	1	0.449	11	TAAAAA	NA	NA	NA	0	0	0	1	NA	NA	NA	NA	NA
1_1688	1978530	1978871	342	1	0.377	11	AAAAA	NA	NA	NA	0	0	0	1	NA	NA	NA	NA	NA
1_1689	1978940	1979113	174	1	0.425	11	TAAA	NA	NA	NA	0	0	0	1	NA	NA	NA	NA	NA
1_1690	1979120	1980397	1278	-1	0.456	11	AAAAA	NA	NA	NA	0	0	0	1	NA	NA	NA	NA	NA
1_1691	1980394	1981758	1365	-1	0.473	11	TAA	GENOMAD.141254.CP	7.071e-06	51	0	0	0	1	NA	NA	NA	PF14532;COG3604;TIGR02974;K02584	Transcriptional regulator containing GAF, AAA-type ATPase, and DNA-binding Fis domains
1_1692	1982076	1983548	1473	1	0.487	11	TAAAAA	GENOMAD.106579.CP	2.189e-97	329	0	0	0	1	NA	NA	NA	K12340;COG1538	Outer membrane protein TolC
1_1693	1983590	1984840	1251	1	0.470	11	TAAAAA	GENOMAD.127131.CP	3.496e-59	214	0	0	0	1	NA	NA	NA	PF12700;K02005;TIGR01730;COG0845	HlyD family secretion protein
1_1694	1984924	1987398	2475	1	0.417	11	TAAAA	GENOMAD.126028.CP	3.243e-42	171	0	0	0	2561	Caudoviricetes	NA	NA	PF02687;TIGR03434;COG3127;K24948	Acidobacterial duplicated orphan permease
1_1695	1987547	1989895	2349	1	0.415	11	TAA	GENOMAD.126028.CP	2.02e-36	152	0	0	0	2561	Caudoviricetes	NA	NA	PF02687;TIGR03434;COG3127;K24948	Acidobacterial duplicated orphan permease
1_1696	1989908	1992238	2331	1	0.403	11	TAAA	GENOMAD.126028.CP	3.304e-50	196	0	0	0	2561	Caudoviricetes	NA	NA	PF02687;TIGR03434;COG3127;K24948	Acidobacterial duplicated orphan permease
1_1697	1992248	1994638	2391	1	0.396	11	TAAAAA	GENOMAD.126028.CP	2.128e-28	126	0	0	0	2561	Caudoviricetes	NA	NA	PF02687;TIGR03434;COG3127;K24948	Acidobacterial duplicated orphan permease
1_1698	1994804	1997032	2229	1	0.367	11	TAA	GENOMAD.124434.CP	1.44e-23	110	0	0	0	1	NA	NA	NA	PF12704;PF02687;TIGR03434;COG3127;K24948	Acidobacterial duplicated orphan permease
1_1699	1997057	1999390	2334	1	0.401	11	None	GENOMAD.126028.CP	8.266e-17	88	0	0	0	2561	Caudoviricetes	NA	NA	PF02687;TIGR03434;COG3127;K24948	Acidobacterial duplicated orphan permease
1_1700	1999416	2000090	675	1	0.427	11	TAAAAA	NA	NA	NA	0	0	0	1	NA	NA	NA	NA	NA
1_1701	2000102	2002444	2343	1	0.376	11	TAA	GENOMAD.126028.CP	8.309e-36	150	0	0	0	2561	Caudoviricetes	NA	NA	PF02687;TIGR03434;COG3127;K24948	Acidobacterial duplicated orphan permease
1_1702	2002582	2003766	1185	-1	0.424	11	AATAA	NA	NA	NA	0	0	0	1	NA	NA	NA	NA	NA
1_1703	2003986	2005044	1059	1	0.406	11	TATAA	NA	NA	NA	0	0	0	1	NA	NA	NA	NA	NA
1_1704	2005128	2006885	1758	1	0.434	11	AATAA	NA	NA	NA	0	0	0	1	NA	NA	NA	NA	NA
1_1705	2006886	2007269	384	1	0.362	11	TAA	NA	NA	NA	0	0	0	1	NA	NA	NA	NA	NA
1_1706	2007352	2008236	885	-1	0.433	11	TAA	GENOMAD.140368.CP	1.392e-13	74	0	0	0	1	NA	NA	NA	PF00795;K01506;TIGR03381;COG0388	N-carbamoylputrescine amidase
1_1707	2008249	2009364	1116	-1	0.430	11	AAAAA	NA	NA	NA	0	0	0	1	NA	NA	NA	NA	NA
1_1708	2009439	2009969	531	-1	0.456	11	TAA	GENOMAD.003487.CC	2.864e-59	203	0	0	0	1	NA	NA	NA	PF09918;COG4739	Uncharacterized protein, contains ferredoxin domain
1_1709	2010064	2010684	621	1	0.424	11	TAAA	NA	NA	NA	0	0	0	1	NA	NA	NA	NA	NA
1_1710	2010689	2011483	795	1	0.426	11	TAA	NA	NA	NA	0	0	0	1	NA	NA	NA	NA	NA
1_1711	2011490	2011771	282	1	0.358	11	AATAA	NA	NA	NA	0	0	0	1	NA	NA	NA	NA	NA
1_1712	2011846	2012229	384	1	0.401	11	AACAA	GENOMAD.169693.CP	1.208e-45	161	0	0	0	1	NA	NA	NF000125	PF14696;TIGR03081;COG3607;K08234	methylmalonyl-CoA epimerase
1_1713	2012222	2012635	414	-1	0.389	11	TAAA	NA	NA	NA	0	0	0	1	NA	NA	NA	NA	NA
1_1714	2012741	2013835	1095	1	0.416	11	AACAA	NA	NA	NA	0	0	0	1	NA	NA	NA	NA	NA
1_1715	2013841	2014665	825	1	0.410	11	TAAA	GENOMAD.000501.CC	3.13e-48	176	0	0	0	1	NA	NA	NA	PF17078;PF02591;K07164;COG1579	Predicted  nucleic acid-binding protein, contains Zn-ribbon domain
1_1716	2014904	2016310	1407	1	0.451	11	TAAA	GENOMAD.123577.CP	2.994e-13	75	0	0	0	2561	Caudoviricetes	NA	NA	PF02321;TIGR01845;K12340;COG1538	efflux transporter, outer membrane factor (OMF) lipoprotein, NodT family
1_1717	2016329	2017468	1140	1	0.451	11	TAAA	GENOMAD.120637.CP	2.167e-05	49	0	0	0	1	NA	NA	NF000272	PF12700;K15727;TIGR01730;COG0845	RND family efflux transporter, MFP subunit
1_1718	2017473	2020595	3123	1	0.453	11	TAA	NA	NA	NA	0	0	0	1	NA	NA	NA	NA	NA
1_1719	2020941	2021390	450	-1	0.393	11	AAAAA	GENOMAD.126748.CV	1.222e-11	64	0	0	0	1	NA	NA	NA	PF13588;COG2810	Type I restriction enzyme R protein N terminus (HSDR_N)
1_1720	2021455	2022231	777	1	0.426	11	TAA	GENOMAD.154805.CP	3.599e-14	75	0	0	0	1	NA	NA	NA	PF10423;PF01048;K01241;TIGR01717;COG2820	AMP nucleosidase
1_1721	2022250	2023269	1020	1	0.381	11	None	GENOMAD.113249.CV	4.284e-36	143	0	0	0	1	NA	NA	NA	PF06144;PF14840;TIGR01128;K02340;COG1466	DNA polymerase III, delta subunit
1_1722	2023325	2023570	246	1	0.280	11	TATAA	NA	NA	NA	0	0	0	1	NA	NA	NA	NA	NA
1_1723	2024482	2024937	456	1	0.362	11	TAAAA	GENOMAD.160983.VC	5.047e-24	100	0	0	0	2561	Caudoviricetes	NA	NA	PF06892;COG5606;TIGR00673;K22300	Predicted DNA-binding protein, XRE-type HTH domain
1_1724	2024900	2025040	141	1	0.312	11	TAA	NA	NA	NA	0	0	0	1	NA	NA	NA	NA	NA
1_1725	2025006	2025782	777	1	0.409	11	None	GENOMAD.119135.CP	9.882e-34	133	0	0	0	2790	Microviridae	NA	NA	PF10418;PF00175;PF08021;K02823;TIGR02911;COG0543	sulfite reductase, subunit B
1_1726	2025770	2026681	912	1	0.410	11	AATAA	NA	NA	NA	0	0	0	1	NA	NA	NA	NA	NA
1_1727	2026898	2027575	678	-1	0.404	11	AAAAA	GENOMAD.061903.CP	2.817e-36	139	0	0	0	2561	Caudoviricetes	NA	NA	PF01782;PF03448;PF05239;PF01746;COG0806;K00554;TIGR00088	Ribosomal 30S subunit maturation factor RimM, required for 16S rRNA processing
1_1728	2027652	2029649	1998	1	0.392	11	AACAA	GENOMAD.054240.VV	1.265e-16	87	0	0	0	11831	Demerecviridae	NA	NA	PF03120;PF01653;COG0272;TIGR00575;K01972	NAD-dependent DNA ligase
1_1729	2029753	2030646	894	1	0.404	11	TAA	GENOMAD.127112.CP	8.465e-08	56	0	0	0	1	NA	NA	NA	PF00701;COG0329;TIGR02313;K01714	Dihydrodipicolinate synthase/N-acetylneuraminate lyase
1_1730	2031219	2033471	2253	-1	0.368	11	None	NA	NA	NA	0	0	0	1	NA	NA	NA	NA	NA
1_1731	2033691	2035736	2046	-1	0.370	11	TAAAAA	GENOMAD.102246.VV	2.556e-05	50	0	0	0	2561	Caudoviricetes	NA	NA	COG0326;TIGR00585;K03167	Molecular chaperone, HSP90 family
1_1732	2035861	2038395	2535	-1	0.419	11	TAGAA	GENOMAD.146343.VC	8.711e-53	205	0	0	0	2561	Caudoviricetes	NA	NA	PF01637;K03697;TIGR02639;COG0542	ATP-dependent Clp protease ATP-binding subunit clpA
1_1733	2038741	2041278	2538	1	0.410	11	TAA	GENOMAD.026404.VV	6.094e-56	215	0	0	0	2561	Caudoviricetes	NA	NA	PF00521;PF00986;K02469;TIGR01063;COG0188	DNA gyrase, A subunit
1_1734	2041311	2042525	1215	1	0.352	11	AACAA	GENOMAD.169379.CV	5.282e-96	321	0	0	0	2790	Microviridae	NA	NA	PF13429;COG2956;TIGR02917;K06665	Lipopolysaccharide biosynthesis regulator YciM, contains six TPR domains and a predicted metal-binding C-terminal domain
1_1735	2042725	2043846	1122	-1	0.337	11	TAAA	GENOMAD.001580.CC	1.94e-09	62	0	0	0	1	NA	NA	NA	PF00582;COG0589;K14061	Universal stress protein family
1_1736	2043927	2044211	285	-1	0.393	11	TAA	GENOMAD.033136.CC	2.64e-30	115	0	0	0	1	NA	NA	NA	PF18010;TIGR02424;K01994;COG4584	pca operon transcription factor PcaQ
1_1737	2044422	2045258	837	-1	0.366	11	TAA	NA	NA	NA	0	0	0	1	NA	NA	NA	NA	NA
1_1738	2045277	2047100	1824	-1	0.373	11	TAAAAA	GENOMAD.091813.CV	7.335e-142	464	0	0	0	2561	Caudoviricetes	NA	NA	NA	Translocon-associated complex TRAP, beta subunit
1_1739	2047136	2047846	711	-1	0.357	11	TAA	NA	NA	NA	0	0	0	1	NA	NA	NA	NA	NA
1_1740	2047855	2048880	1026	-1	0.386	11	TAAA	GENOMAD.126729.CP	4.975e-07	54	0	0	0	1	NA	NA	NA	PF04056;PF07584;COG5148;TIGR00627;K16257	Ssl1-like; Aerotolerance regulator N-terminal
1_1741	2048894	2049877	984	-1	0.382	11	TAAA	NA	NA	NA	0	0	0	1	NA	NA	NA	NA	NA
1_1742	2049929	2051002	1074	-1	0.358	11	AAA	GENOMAD.111298.CV	2.7e-58	209	0	0	0	2561	Caudoviricetes	NA	NA	PF14316;PF05753	Translocon-associated protein beta (TRAPB)
1_1743	2051011	2051880	870	-1	0.394	11	TAA	GENOMAD.123116.CP	6.195e-06	50	0	0	0	1	NA	NA	NA	PF01882;PF05753;COG1721	Uncharacterized conserved protein, DUF58 family, contains vWF domain
1_1744	2051937	2052932	996	-1	0.420	11	TAAAA	NA	NA	NA	0	0	0	1	NA	NA	NA	NA	NA
1_1745	2053179	2054582	1404	-1	0.400	11	TAAA	NA	NA	NA	0	0	0	1	NA	NA	NA	NA	NA
1_1746	2054575	2054865	291	-1	0.392	11	TAAA	NA	NA	NA	0	0	0	1	NA	NA	NA	NA	NA
1_1747	2054941	2056239	1299	-1	0.409	11	None	GENOMAD.108089.CP	8.835e-12	70	0	0	0	2561	Caudoviricetes	NA	NA	PF18693	TRAM domain
1_1748	2056236	2057195	960	-1	0.419	11	AATAA	GENOMAD.091825.CP	2.087e-07	55	0	0	0	1	NA	NA	NA	PF00448;K02404;COG1419;TIGR03499	Flagellar biosynthesis GTPase FlhF
1_1749	2057346	2057504	159	-1	0.352	11	TATAA	GENOMAD.007337.CC	2.206e-13	64	0	0	0	1	NA	NA	NA	PF14128	NA
1_1750	2057524	2057712	189	-1	0.360	11	TAA	GENOMAD.000995.CC	6.694e-08	49	0	0	0	1	NA	NA	NA	PF00471;TIGR01023;COG0267	Ribosomal protein L33
1_1751	2057735	2057995	261	-1	0.383	11	TAAAAA	NA	NA	NA	0	0	0	1	NA	NA	NA	NA	NA
1_1752	2058117	2059349	1233	-1	0.439	11	TAAAAA	GENOMAD.082253.CP	3.303e-24	109	0	0	0	1	NA	NA	NA	PF00994;PF18146;TIGR00200;K03742;COG1058	competence/damage-inducible protein CinA N-terminal domain
1_1753	2059418	2060437	1020	-1	0.441	11	TAAA	GENOMAD.089091.CV	1.166e-07	56	0	0	0	2561	Caudoviricetes	NA	NA	PF00814;TIGR03725;COG1214;K14742	tRNA threonylcarbamoyl adenosine modification protein YeaZ
1_1754	2060638	2065074	4437	1	0.446	11	None	GENOMAD.002703.CC	1.872e-301	969	0	0	0	1	NA	NA	NA	COG3164;K07289	Uncharacterized conserved protein YhdP, contains DUF3971 and AsmA2 domains
1_1755	2065183	2065563	381	-1	0.462	11	TAA	GENOMAD.118407.CP	6.151e-28	110	0	0	0	1	NA	NA	NA	PF03733;COG3304	Uncharacterized membrane protein YccF, DUF307 family
1_1756	2065652	2067145	1494	-1	0.467	11	TAAAA	NA	NA	NA	0	0	0	1	NA	NA	NA	NA	NA
1_1757	2067325	2068089	765	-1	0.499	11	TAA	GENOMAD.146324.CP	0.0003624	44	0	0	0	1	NA	NA	NA	PF09360;COG3369	Iron-binding zinc finger CDGSH type
1_1758	2068174	2068908	735	-1	0.461	11	TAA	GENOMAD.146723.VC	1.967e-78	262	0	0	0	2561	Caudoviricetes	NA	NA	PF09674;TIGR02757	TIGR02757 family protein
1_1759	2069040	2072273	3234	-1	0.461	11	TAA	GENOMAD.134252.CP	1.552e-20	101	0	0	0	1	NA	NA	NA	PF14685;TIGR03279	Tricorn protease PDZ domain
1_1760	2072566	2073177	612	1	0.480	11	AAA	GENOMAD.140449.CP	7.169e-34	131	0	0	0	1	NA	NA	NA	PF02283;COG2087;TIGR01618	Cobinamide kinase / cobinamide phosphate guanyltransferase
1_1761	2073189	2074226	1038	1	0.511	11	TAA	GENOMAD.134221.CP	2.689e-105	345	0	0	0	2561	Caudoviricetes	NA	NA	PF02277;TIGR03160;COG2038;K21299	nicotinate-nucleotide--dimethylbenzimidazole phosphoribosyltransferase
1_1762	2074238	2074981	744	1	0.497	11	TAA	GENOMAD.137406.CP	4.192e-29	119	0	0	0	1	NA	NA	NA	PF02654;COG0368;TIGR00317	Cobalamin synthase
1_1763	2075120	2075710	591	1	0.494	11	TAAA	GENOMAD.128959.CP	3.451e-18	85	0	0	0	1	NA	NA	NA	PF00300;COG0588;TIGR03162;K15634	Phosphoglycerate mutase (BPG-dependent)
1_1764	2075643	2076608	966	-1	0.534	11	TAA	GENOMAD.134127.CP	1.063e-39	153	0	0	0	1	NA	NA	NA	PF03186;K02227;COG1270;TIGR00380	Cobalamin biosynthesis protein CobD/CbiB
1_1765	2076634	2077647	1014	-1	0.535	11	AAA	NA	NA	NA	0	0	0	1	NA	NA	NA	NA	NA
1_1766	2077640	2079127	1488	-1	0.514	11	TAA	GENOMAD.123417.CP	4.649e-112	372	0	0	0	1	NA	NA	NA	PF07685;PF01656;K02232;TIGR00313;COG1492	cobyric acid synthase CobQ
1_1767	2080261	2080506	246	1	0.439	11	AACAA	NA	NA	NA	0	0	0	1	NA	NA	NA	NA	NA
1_1768	2080481	2081053	573	1	0.487	11	AAAA	NA	NA	NA	0	0	0	1	NA	NA	NA	NA	NA
1_1769	2081756	2082103	348	1	0.379	11	AAAAA	NA	NA	NA	0	0	0	1	NA	NA	NA	NA	NA
1_1770	2082100	2082423	324	1	0.349	11	TAAA	GENOMAD.191074.PC	1.488e-10	59	0	0	0	1	NA	NA	NA	PF05016;COG3668;TIGR02385;K19093	Plasmid stabilization system protein ParE
1_1771	2082507	2083955	1449	1	0.538	11	TAAA	GENOMAD.130254.CP	9.7e-37	149	0	0	0	1	NA	NA	NA	K12340;COG1538	Outer membrane protein TolC
1_1772	2083971	2084969	999	1	0.548	11	AATAA	NA	NA	NA	0	0	0	1	NA	NA	NA	NA	NA
1_1773	2085115	2086287	1173	1	0.524	11	AAAAA	GENOMAD.133855.CP	6.373e-62	221	0	0	0	1	NA	NA	NA	PF12051;COG1668;K09696	ABC-type Na+ efflux pump, permease component
1_1774	2086271	2087461	1191	1	0.520	11	TAA	GENOMAD.133679.CP	4.123e-59	213	0	0	0	2561	Caudoviricetes	NA	NA	PF12051;COG1668;K09696	ABC-type Na+ efflux pump, permease component
1_1775	2087424	2089325	1902	-1	0.488	11	AACAA	NA	NA	NA	0	0	0	1	NA	NA	NA	NA	NA
1_1776	2089365	2089937	573	-1	0.511	11	TAAA	NA	NA	NA	0	0	0	1	NA	NA	NA	NA	NA
1_1777	2089937	2091271	1335	-1	0.496	11	TAAAAA	GENOMAD.130151.CP	4.556e-85	291	0	0	0	2561	Caudoviricetes	NA	NA	PF07685;PF07755;K02224;TIGR00379;COG1797	cobyrinic acid a,c-diamide synthase
1_1778	2091343	2092077	735	-1	0.446	11	TAA	GENOMAD.214709.CP	1.272e-15	79	0	0	0	1	NA	NA	NA	PF19540	NA
1_1779	2092111	2092596	486	-1	0.481	11	TAAAAA	GENOMAD.142079.CP	1.225e-44	160	0	0	0	1	NA	NA	NA	PF12821;COG3610	Threonine/Serine exporter, ThrE
1_1780	2092593	2093360	768	-1	0.427	11	TAAAAA	GENOMAD.161415.CP	2.259e-43	161	0	0	0	1	NA	NA	NA	PF06738;COG2966	Putative threonine/serine exporter
1_1781	2093347	2093490	144	-1	0.382	11	AAAA	NA	NA	NA	0	0	0	1	NA	NA	NA	NA	NA
1_1782	2094464	2096539	2076	1	0.443	11	TAAA	GENOMAD.193966.CP	4.738e-08	59	0	0	0	1	NA	NA	NA	COG4772;K19611	Outer membrane receptor for Fe3+-dicitrate
1_1783	2096543	2097460	918	1	0.464	11	AATAA	GENOMAD.137393.CP	0.0005232	44	0	0	0	1	NA	NA	NA	PF06180;COG2138;TIGR00109;K22011	Sirohydrochlorin ferrochelatase
1_1784	2097457	2099811	2355	1	0.460	11	AAAAA	GENOMAD.127142.CP	1.723e-35	149	0	0	0	2561	Caudoviricetes	NA	NA	PF14905;PF07715;K16090;TIGR01783;COG4774	TonB-dependent siderophore receptor
1_1785	2099811	2101283	1473	1	0.498	11	None	GENOMAD.191067.PC	1.445e-51	194	0	0	0	1	NA	NA	NA	COG3182	Uncharacterized membrane protein YkoI
1_1786	2101517	2102926	1410	1	0.518	11	AAA	GENOMAD.129523.CP	9.727e-28	121	0	0	0	1	NA	NA	NA	PF02570;PF01903;K06042;COG2082;TIGR00109	Precorrin isomerase
1_1787	2102959	2104197	1239	1	0.541	11	TAA	GENOMAD.132904.CP	9.558e-19	92	0	0	0	1	NA	NA	NA	PF12847;K02191;COG2242;TIGR02469	Precorrin-6B methylase 2
1_1788	2104194	2105993	1800	1	0.535	11	AAA	GENOMAD.146335.CP	2.528e-37	153	0	0	0	1	NA	NA	NA	PF11760;PF01890;PF11761;K02189;COG2073	Cobalamin biosynthesis protein CbiG
1_1789	2105995	2107896	1902	1	0.524	11	TAA	GENOMAD.146508.CP	3.839e-72	260	0	0	0	1	NA	NA	NA	PF01888;COG1903;K02188;TIGR00312	Cobalamin biosynthesis protein CbiD
1_1790	2107903	2108577	675	-1	0.462	11	TAAA	NA	NA	NA	0	0	0	1	NA	NA	NA	NA	NA
1_1791	2108815	2109417	603	-1	0.370	11	TAA	NA	NA	NA	0	0	0	1	NA	NA	NA	NA	NA
1_1792	2109706	2110590	885	-1	0.473	11	AATAA	NA	NA	NA	0	0	0	1	NA	NA	NA	NA	NA
1_1793	2110726	2111766	1041	-1	0.484	11	TAA	NA	NA	NA	0	0	0	1	NA	NA	NA	NA	NA
1_1794	2111786	2113897	2112	-1	0.495	11	TAAAAA	NA	NA	NA	0	0	0	1	NA	NA	NA	NA	NA
1_1795	2114023	2115048	1026	-1	0.534	11	AAAA	NA	NA	NA	0	0	0	1	NA	NA	NA	NA	NA
1_1796	2115187	2116743	1557	-1	0.568	11	None	NA	NA	NA	0	0	0	1	NA	NA	NA	NA	NA
1_1797	2116727	2117779	1053	-1	0.557	11	TAAA	NA	NA	NA	0	0	0	1	NA	NA	NA	NA	NA
1_1798	2117928	2119559	1632	-1	0.483	11	TAA	GENOMAD.218847.CV	4.889e-28	123	0	0	0	1	NA	NA	NA	PF15495;PF16432;COG5567	Major fimbrial subunit protein type IV, Fimbrillin, C-terminal
1_1799	2119608	2121008	1401	-1	0.591	11	TAAA	NA	NA	NA	0	0	0	1	NA	NA	NA	NA	NA
1_1800	2121017	2121574	558	-1	0.563	11	TAAA	GENOMAD.207103.CV	3.567e-09	58	0	0	0	2561	Caudoviricetes	NA	NA	PF12099;COG3047	Outer membrane protein W
1_1801	2121610	2121984	375	-1	0.488	11	AACAA	NA	NA	NA	0	0	0	1	NA	NA	NA	NA	NA
1_1802	2122375	2123313	939	-1	0.537	11	TAAAAA	NA	NA	NA	0	0	0	1	NA	NA	NA	NA	NA
1_1803	2123529	2123903	375	1	0.504	11	AAA	NA	NA	NA	0	0	0	1	NA	NA	NA	NA	NA
1_1804	2123979	2125556	1578	-1	0.535	11	TAA	NA	NA	NA	0	0	0	1	NA	NA	NA	NA	NA
1_1805	2125850	2127106	1257	-1	0.436	11	AATAA	NA	NA	NA	0	0	0	1	NA	NA	NA	NA	NA
1_1806	2127314	2128522	1209	-1	0.470	11	TAAA	GENOMAD.020861.CC	1.676e-47	179	0	0	0	1	NA	NA	NA	PF03727;PF00349;K00844;COG5026;TIGR00744	Hexokinase; Hexokinase
1_1807	2128858	2129169	312	1	0.522	11	AACAA	GENOMAD.181167.VC	1.755e-46	162	0	0	0	1	NA	NA	NA	PF14053	NA
1_1808	2129520	2130140	621	1	0.494	11	TAA	GENOMAD.068481.VV	2.357e-84	277	0	0	1	2561	Caudoviricetes	NA	NA	PF04492;TIGR01714;K02086;COG2186	Bacteriophage replication protein O
1_1809	2130279	2131643	1365	1	0.563	11	AAA	GENOMAD.212786.VV	4.629e-22	103	0	0	1	2561	Caudoviricetes	NA	NA	PF20307;PF00772;TIGR00665;K02314;COG0305	replicative DNA helicase
1_1810	2131773	2132252	480	1	0.552	11	TAA	GENOMAD.180834.VC	2.364e-36	136	0	0	0	2561	Caudoviricetes	NA	NA	PF18291;COG0776;TIGR01201;K05788	HU domain fused to wHTH, Ig, or Glycine-rich motif
1_1811	2132471	2132914	444	1	0.536	11	TAGAA	GENOMAD.039329.VV	1.623e-26	107	0	0	0	2561	Caudoviricetes	NA	NA	PF01510;COG5632	N-acetylmuramoyl-L-alanine amidase CwlA
1_1812	2132949	2133089	141	-1	0.362	11	TAA	NA	NA	NA	0	0	0	1	NA	NA	NA	NA	NA
1_1813	2133125	2133436	312	-1	0.420	11	TAAA	NA	NA	NA	0	0	0	1	NA	NA	NA	NA	NA
1_1814	2133433	2133798	366	-1	0.301	11	None	NA	NA	NA	0	0	0	1	NA	NA	NA	NA	NA
1_1815	2133942	2134283	342	1	0.436	11	AAA	NA	NA	NA	0	0	0	1	NA	NA	NA	NA	NA
1_1816	2134309	2135262	954	1	0.439	11	None	NA	NA	NA	0	0	0	1	NA	NA	NA	NA	NA
1_1817	2135726	2136166	441	1	0.449	11	None	NA	NA	NA	0	0	0	1	NA	NA	NA	NA	NA
1_1818	2136123	2137223	1101	-1	0.506	11	None	NA	NA	NA	0	0	0	1	NA	NA	NA	NA	NA
1_1819	2137380	2139740	2361	-1	0.526	11	TAA	GENOMAD.021672.VV	3.769e-06	53	0	0	0	2561	Caudoviricetes	NA	NA	PF00580;TIGR01073;K03656;COG0210	ATP-dependent DNA helicase PcrA
1_1820	2139862	2140479	618	1	0.463	11	TAAA	GENOMAD.154135.VV	0.0009457	42	0	0	0	2561	Caudoviricetes	NA	NA	PF00081;COG0605;K04564	Iron/manganese superoxide dismutases, alpha-hairpin domain
1_1821	2140820	2141017	198	1	0.485	11	TAAA	GENOMAD.127248.CP	2.392e-11	59	0	0	0	1	NA	NA	NA	PF03658;COG2104;TIGR01683	Sulfur carrier protein ThiS (thiamine biosynthesis)
1_1822	2141021	2141635	615	1	0.509	11	TAA	GENOMAD.127385.CP	2.495e-09	59	0	0	0	1	NA	NA	NA	PF02581;K10810;TIGR00693;COG0135	thiamine-phosphate diphosphorylase
1_1823	2141776	2142552	777	1	0.534	11	AACAA	NA	NA	NA	0	0	0	1	NA	NA	NA	NA	NA
1_1824	2142583	2144277	1695	1	0.525	11	AATAA	NA	NA	NA	0	0	0	1	NA	NA	NA	NA	NA
1_1825	2144289	2144834	546	1	0.504	11	TAA	GENOMAD.030374.CC	2.715e-14	73	0	0	0	1	NA	NA	NA	PF12717	NA
1_1826	2144836	2145960	1125	1	0.484	11	TAAAAA	GENOMAD.104224.CP	5.003e-92	308	0	0	0	1	NA	NA	NA	PF04055;PF06968;K03150;TIGR03955;COG1060	[FeFe] hydrogenase H-cluster radical SAM maturase HydG
1_1827	2145976	2146677	702	1	0.501	11	TAA	NA	NA	NA	0	0	0	1	NA	NA	NA	NA	NA
1_1828	2146739	2147347	609	1	0.442	11	AACAA	GENOMAD.013064.CC	6.439e-24	102	0	0	0	1	NA	NA	NA	PF02581;K10810;TIGR00693;COG0352	Thiamine monophosphate synthase
1_1829	2147428	2147943	516	-1	0.399	11	TAAA	GENOMAD.023033.CC	5.487e-41	150	0	0	0	1	NA	NA	NA	PF05736;COG3047;TIGR04565;K16078	Outer membrane protein W
1_1830	2148143	2148712	570	-1	0.440	11	TAAA	GENOMAD.196877.VC	2.165e-22	97	0	0	0	2561	Caudoviricetes	NA	NA	PF13568;COG3637	Outer membrane protein beta-barrel domain
1_1831	2148913	2151633	2721	-1	0.485	11	TAA	NA	NA	NA	0	0	0	1	NA	NA	NA	NA	NA
1_1832	2151900	2153318	1419	1	0.457	11	TAA	NA	NA	NA	0	0	0	1	NA	NA	NA	NA	NA
1_1833	2153329	2154246	918	1	0.462	11	AATAA	NA	NA	NA	0	0	0	1	NA	NA	NA	NA	NA
1_1834	2154315	2154719	405	-1	0.452	11	AAAA	GENOMAD.209243.VV	8.038e-11	61	0	0	0	1	NA	NA	NA	PF16390;TIGR03066	NA
1_1835	2154741	2155184	444	-1	0.385	11	TAA	GENOMAD.209243.VV	7.023e-61	206	0	0	0	1	NA	NA	NA	PF16390;TIGR03066	NA
1_1836	2155408	2155551	144	-1	0.354	11	TAA	NA	NA	NA	0	0	0	1	NA	NA	NA	NA	NA
1_1837	2155863	2156129	267	-1	0.337	11	TAA	NA	NA	NA	0	0	0	1	NA	NA	NA	NA	NA
1_1838	2157192	2157455	264	-1	0.330	11	TAAAA	GENOMAD.152581.CP	1.052e-13	67	0	0	0	1	NA	NA	NA	PF09827;COG1343;TIGR01573	CRISPR/Cas system-associated endoribonuclease Cas2
1_1839	2157535	2158536	1002	-1	0.353	11	None	NA	NA	NA	0	0	0	1	NA	NA	NA	NA	NA
1_1840	2158533	2159045	513	-1	0.333	11	TAAAAA	GENOMAD.152380.CP	2.91e-56	194	0	0	0	1	NA	NA	NA	PF01930;TIGR04328;K07464;COG1468	CRISPR-associated protein Cas4, subtype PREFRAN
1_1841	2159110	2160168	1059	-1	0.395	11	TAA	NA	NA	NA	0	0	0	1	NA	NA	NA	NA	NA
1_1842	2160181	2161506	1326	-1	0.360	11	AAA	NA	NA	NA	0	0	0	1	NA	NA	NA	NA	NA
1_1843	2161510	2163669	2160	-1	0.397	11	AAA	NA	NA	NA	0	0	0	1	NA	NA	NA	NA	NA
1_1844	2163659	2164222	564	-1	0.387	11	TAA	NA	NA	NA	0	0	0	1	NA	NA	NA	NA	NA
1_1845	2164234	2164905	672	-1	0.332	11	TAAAAA	NA	NA	NA	0	0	0	1	NA	NA	NA	NA	NA
1_1846	2165309	2166163	855	1	0.462	11	TAAAAA	GENOMAD.124338.CP	1.731e-08	58	0	0	0	1	NA	NA	NA	PF00557;PF01321;K01271;COG0006;TIGR02993	Xaa-Pro aminopeptidase
1_1847	2166164	2167390	1227	1	0.476	11	AAA	NA	NA	NA	0	0	0	1	NA	NA	NA	NA	NA
1_1848	2167417	2168163	747	1	0.458	11	TATAA	GENOMAD.006987.CC	3.971e-53	189	0	0	0	1	NA	NA	NA	PF02596;COG2043	Uncharacterized conserved protein, DUF169 family
1_1849	2168362	2169675	1314	-1	0.442	11	TAAA	NA	NA	NA	0	0	0	1	NA	NA	NA	NA	NA
1_1850	2169720	2170898	1179	-1	0.433	11	AACAA	GENOMAD.055145.CC	4.434e-141	451	0	0	0	1	NA	NA	NA	COG0475	Kef-type K+ transport system, membrane component KefB
1_1851	2171043	2172824	1782	-1	0.454	11	TAA	NA	NA	NA	0	0	0	1	NA	NA	NA	NA	NA
1_1852	2172950	2173150	201	-1	0.398	11	TAAAA	GENOMAD.193155.PC	2.06e-06	45	0	0	0	1	NA	NA	NA	PF10771	Winged helix-turn-helix domain (DUF2582)
1_1853	2173297	2173761	465	-1	0.486	11	TAAAAA	GENOMAD.123039.CP	6.498e-12	65	0	0	0	1	NA	NA	NA	PF09719;TIGR01909	C_GCAxxG_C_C family probable redox protein
1_1854	2173832	2174242	411	1	0.496	11	TAA	GENOMAD.110051.CP	2.365e-17	80	0	0	0	1	NA	NA	NA	PF01894	Uncharacterised protein family UPF0047
1_1855	2174244	2175005	762	-1	0.469	11	TAAA	NA	NA	NA	0	0	0	1	NA	NA	NA	NA	NA
1_1856	2175016	2176269	1254	-1	0.442	11	None	GENOMAD.154676.CP	0.000213	46	0	0	0	1	NA	NA	NA	COG1914	Mn2+ and Fe2+ transporters of the NRAMP family
1_1857	2176412	2176804	393	1	0.397	11	TAAAAA	GENOMAD.043051.CC	2.68e-13	68	0	0	0	1	NA	NA	NA	PF13652;COG5633;TIGR03516	Putative quorum-sensing-regulated virulence factor
1_1858	2176928	2178610	1683	1	0.402	11	TAAAA	NA	NA	NA	0	0	0	1	NA	NA	NA	NA	NA
1_1859	2178689	2178934	246	-1	0.484	11	None	NA	NA	NA	0	0	0	1	NA	NA	NA	NA	NA
1_1860	2178934	2179617	684	-1	0.444	11	AAAA	NA	NA	NA	0	0	0	1	NA	NA	NA	NA	NA
1_1861	2179770	2182232	2463	-1	0.434	11	TAAAAA	GENOMAD.090179.CV	3.118e-69	256	1	0	0	2561	Caudoviricetes	NA	NA	PF17759;PF03147;PF03484;PF18262;PF01588;PF03483;TIGR00472;K01890;COG0072	phenylalanyl-tRNA synthetase, beta subunit, non-spirochete bacterial
1_1862	2182383	2183336	954	-1	0.378	11	AATAA	GENOMAD.137271.CP	4.237e-07	54	0	0	0	1	NA	NA	NA	PF00953;TIGR02380;COG0472;K02851	undecaprenyl-phosphate alpha-N-acetylglucosaminyl 1-phosphatetransferase
1_1863	2183463	2184236	774	-1	0.373	11	TAA	NA	NA	NA	0	0	0	1	NA	NA	NA	NA	NA
1_1864	2184367	2185119	753	-1	0.327	11	AAAA	NA	NA	NA	0	0	0	1	NA	NA	NA	NA	NA
1_1865	2185116	2185823	708	-1	0.328	11	TAAAA	NA	NA	NA	0	0	0	1	NA	NA	NA	NA	NA
1_1866	2185820	2187115	1296	-1	0.280	11	None	NA	NA	NA	0	0	0	1	NA	NA	NA	NA	NA
1_1867	2187102	2187899	798	-1	0.312	11	TAA	NA	NA	NA	0	0	0	1	NA	NA	NA	NA	NA
1_1868	2187903	2188745	843	-1	0.306	11	TATAA	NA	NA	NA	0	0	0	1	NA	NA	NA	NA	NA
1_1869	2188821	2189804	984	-1	0.348	11	TAA	GENOMAD.047221.CC	3.825e-61	216	0	0	0	1	NA	NA	NA	PF13524	Glycosyl transferases group 1
1_1870	2189806	2190642	837	-1	0.330	11	AAAAA	NA	NA	NA	0	0	0	1	NA	NA	NA	NA	NA
1_1871	2190635	2191978	1344	-1	0.320	11	AAAAA	GENOMAD.036653.CC	3.314e-79	274	0	0	0	1	NA	NA	NA	COG0534	Na+-driven multidrug efflux pump
1_1872	2192084	2193745	1662	-1	0.395	11	None	NA	NA	NA	0	0	0	1	NA	NA	NA	NA	NA
1_1873	2193806	2194726	921	-1	0.413	11	TAAAA	NA	NA	NA	0	0	0	1	NA	NA	NA	NA	NA
1_1874	2194723	2195802	1080	-1	0.510	11	AAA	NA	NA	NA	0	0	0	1	NA	NA	NA	NA	NA
1_1875	2195806	2196582	777	-1	0.515	11	TAA	NA	NA	NA	0	0	0	1	NA	NA	NA	NA	NA
1_1876	2196620	2197963	1344	-1	0.527	11	TAAA	NA	NA	NA	0	0	0	1	NA	NA	NA	NA	NA
1_1877	2197956	2198528	573	-1	0.407	11	TAGAA	NA	NA	NA	0	0	0	1	NA	NA	NA	NA	NA
1_1878	2198542	2199429	888	-1	0.450	11	TAA	NA	NA	NA	0	0	0	1	NA	NA	NA	NA	NA
1_1879	2199453	2199923	471	-1	0.391	11	TAAA	NA	NA	NA	0	0	0	1	NA	NA	NA	NA	NA
1_1880	2199959	2200477	519	-1	0.422	11	None	NA	NA	NA	0	0	0	1	NA	NA	NA	NA	NA
1_1881	2201619	2204468	2850	-1	0.455	11	TAA	NA	NA	NA	0	0	0	1	NA	NA	NA	NA	NA
1_1882	2204473	2204802	330	-1	0.430	11	TAA	GENOMAD.193983.CP	2.4e-22	93	0	0	0	1	NA	NA	NA	PF05336;COG3254;TIGR02625	L-rhamnose mutarotase
1_1883	2204833	2206380	1548	-1	0.453	11	TAAAAA	GENOMAD.026355.VV	2.665e-25	114	0	0	1	2561	Caudoviricetes	NA	NA	PF20307;TIGR02238	Divergent DnaB-like ATPase
1_1884	2206561	2207385	825	1	0.405	11	TAA	NA	NA	NA	0	0	0	1	NA	NA	NA	NA	NA
1_1885	2207408	2208652	1245	1	0.373	11	TAA	GENOMAD.216237.CP	1.092e-31	132	0	0	0	1	NA	NA	NA	PF17170	6-bladed beta-propeller
1_1886	2208788	2210047	1260	1	0.363	11	TAA	GENOMAD.216237.CP	6.044e-44	169	0	0	0	1	NA	NA	NA	PF17170	6-bladed beta-propeller
1_1887	2210354	2211388	1035	-1	0.395	11	TAA	GENOMAD.070016.VV	5.265e-32	131	0	0	0	2561	Caudoviricetes	NA	NA	NA	NA
1_1888	2211592	2212164	573	-1	0.426	11	TAA	GENOMAD.114709.CP	1.197e-49	176	0	0	0	1	NA	NA	NA	COG2209	Na+-transporting NADH:ubiquinone oxidoreductase, subunit NqrE
1_1889	2212176	2212763	588	-1	0.418	11	TATAA	GENOMAD.113368.CP	9.46e-46	165	0	0	0	1	NA	NA	NA	PF02508;K03613;COG4660;TIGR01939	Na+-translocating ferredoxin:NAD+ oxidoreductase  RNF, RnfE subunit
1_1890	2212781	2213425	645	-1	0.445	11	TAGAA	GENOMAD.108538.CP	5.065e-62	213	0	0	0	1	NA	NA	NA	PF04205;K03612;COG4659;TIGR01947	Na+-translocating ferredoxin:NAD+ oxidoreductase RNF, RnfG subunit
1_1891	2213452	2214444	993	-1	0.439	11	TAAAAA	GENOMAD.115344.CP	1.679e-84	284	0	0	0	2561	Caudoviricetes	NA	NA	PF03116;K03614;COG1805	Na+-transporting NADH:ubiquinone oxidoreductase, subunit NqrB
1_1892	2214450	2215787	1338	-1	0.458	11	TAAA	GENOMAD.111519.CP	2.326e-48	183	0	0	0	2561	Caudoviricetes	NA	NA	PF05896;PF11973;K03615;TIGR01945;COG4656	electron transport complex, RnfABCDGE type, C subunit
1_1893	2215824	2216696	873	-1	0.486	11	TAAA	GENOMAD.112855.CP	6.948e-56	199	0	0	0	1	NA	NA	NA	PF04060;PF17179;PF12800;COG2878;K03616;TIGR01944	Na+-translocating ferredoxin:NAD+ oxidoreductase RNF, RnfB subunit
1_1894	2216702	2217121	420	-1	0.383	11	TAA	GENOMAD.008432.CC	4.979e-36	134	0	0	0	1	NA	NA	NA	PF04246;COG3086;K03803	Positive regulator of sigma E activity
1_1895	2217374	2217778	405	-1	0.378	11	TAAA	NA	NA	NA	0	0	0	1	NA	NA	NA	NA	NA
1_1896	2217899	2219329	1431	-1	0.405	11	AAA	GENOMAD.132933.CP	3.407e-65	234	0	0	0	1	NA	NA	NA	COG3137	NA
1_1897	2219369	2219467	99	-1	0.343	11	TAAA	NA	NA	NA	0	0	0	1	NA	NA	NA	NA	NA
1_1898	2219712	2221313	1602	1	0.459	11	TAAA	NA	NA	NA	0	0	0	1	NA	NA	NA	NA	NA
1_1899	2221361	2223217	1857	1	0.459	11	TAAA	NA	NA	NA	0	0	0	1	NA	NA	NA	NA	NA
1_1900	2223307	2224638	1332	1	0.459	11	TATAA	GENOMAD.130329.CP	5.665e-09	61	0	0	0	2561	Caudoviricetes	NA	NA	PF07260;K03327;COG0534;TIGR00797	Na+-driven multidrug efflux pump
1_1901	2224689	2226797	2109	1	0.488	11	TAAAAA	GENOMAD.121427.CP	4.336e-22	105	0	0	0	1	NA	NA	NA	PF00326;PF14583;K01278;COG1506;TIGR02821	Dipeptidyl aminopeptidase/acylaminoacyl peptidase
1_1902	2228632	2229627	996	-1	0.488	11	AAAAA	GENOMAD.136647.CP	2.036e-48	179	0	0	0	1	NA	NA	NA	PF12706;K03476;COG2220;TIGR03307	L-ascorbate metabolism protein UlaG, beta-lactamase superfamily
1_1903	2229871	2230440	570	-1	0.411	11	TAAA	NA	NA	NA	0	0	0	1	NA	NA	NA	NA	NA
1_1904	2230617	2231186	570	-1	0.453	11	TAA	NA	NA	NA	0	0	0	1	NA	NA	NA	NA	NA
1_1905	2231431	2232510	1080	-1	0.474	11	TAAAAA	GENOMAD.121518.CV	1.615e-31	130	0	0	0	1	NA	NA	NA	COG1983;K03973	Phage shock protein PspC (stress-responsive transcriptional regulator)
1_1906	2232523	2232858	336	-1	0.432	11	AAA	GENOMAD.213185.CP	6.002e-05	43	0	0	0	1	NA	NA	NA	PF14557;TIGR03433;COG3811;K10917	Putative AphA-like transcriptional regulator
1_1907	2233019	2233516	498	1	0.412	11	AAAAA	NA	NA	NA	0	0	0	1	NA	NA	NA	NA	NA
1_1908	2233625	2235283	1659	-1	0.447	11	TAA	GENOMAD.159857.CP	8.295e-09	61	0	0	0	1	NA	NA	NA	PF03825;K03305;TIGR00926;COG3104	Peptide:H+ symporter (also transports b-lactam antibiotics, the antitumor agent, bestatin, and various protease inhibitors)
1_1909	2235345	2235824	480	-1	0.425	11	None	NA	NA	NA	0	0	0	1	NA	NA	NA	NA	NA
1_1910	2235985	2238813	2829	-1	0.448	11	AATAA	NA	NA	NA	0	0	0	1	NA	NA	NA	NA	NA
1_1911	2238990	2240759	1770	1	0.420	11	AATAA	GENOMAD.005860.CC	2.551e-26	118	0	0	0	1	NA	NA	NA	PF13458;PF20404;TIGR03669;COG0683	urea ABC transporter, substrate-binding protein, archaeal type
1_1912	2240756	2241463	708	1	0.408	11	TAAA	GENOMAD.004606.CC	7.708e-58	202	0	0	0	1	NA	NA	NA	COG3047;K16078	Outer membrane protein W
1_1913	2241539	2241988	450	-1	0.400	11	TAAAA	GENOMAD.005650.CC	1.989e-75	248	0	0	0	1	NA	NA	NA	PF14126	NA
1_1914	2242098	2242433	336	-1	0.384	11	TAAA	GENOMAD.003877.CC	2.326e-55	188	0	0	0	1	NA	NA	NA	PF01192;TIGR00690;COG1758;K03060	RNA polymerase Rpb6
1_1915	2242449	2243252	804	-1	0.397	11	TAAA	GENOMAD.000496.CC	1.102e-48	177	0	0	0	1	NA	NA	NA	PF10858;K05807;TIGR03302;COG4105	outer membrane assembly lipoprotein YfiO
1_1916	2243439	2243864	426	-1	0.404	11	TAA	GENOMAD.086448.CV	2.009e-21	92	0	0	0	1	NA	NA	NA	PF19571;COG2061;TIGR00119	Uncharacterized conserved protein, contains ACT domain
1_1917	2243891	2245189	1299	-1	0.439	11	AACAA	GENOMAD.136839.CP	8.835e-12	70	0	0	0	1	NA	NA	NA	TIGR02304;K01912;COG1541	putative adenylate-forming enzyme
1_1918	2245305	2247338	2034	1	0.449	11	AAAAA	NA	NA	NA	0	0	0	1	NA	NA	NA	NA	NA
1_1919	2247633	2248271	639	1	0.377	11	TATAA	GENOMAD.159882.CP	2.548e-31	124	0	0	0	1	NA	NA	NA	PF02698;K03748;COG2949	Uncharacterized periplasmic protein SanA, affects membrane permeability for vancomycin
1_1920	2248305	2249090	786	1	0.366	11	AATAA	GENOMAD.126801.CP	1.606e-11	67	0	0	0	1	NA	NA	NA	PF08379;PF04473;COG1305	Transglutaminase-like enzyme, putative cysteine protease
1_1921	2249135	2249599	465	1	0.415	11	TAA	NA	NA	NA	0	0	0	1	NA	NA	NA	NA	NA
1_1922	2249847	2250272	426	1	0.371	11	TAAA	NA	NA	NA	0	0	0	1	NA	NA	NA	NA	NA
1_1923	2250570	2251025	456	1	0.399	11	TAA	GENOMAD.221866.CP	4.101e-17	80	0	0	0	1	NA	NA	NA	PF19555	NA
1_1924	2251255	2254326	3072	-1	0.419	11	TAA	NA	NA	NA	0	0	0	1	NA	NA	NA	NA	NA
1_1925	2254460	2255578	1119	-1	0.457	11	AAAAA	GENOMAD.120596.CP	1.419e-12	72	0	0	0	1	NA	NA	NA	COG1668;K09696	ABC-type Na+ efflux pump, permease component
1_1926	2255575	2256675	1101	-1	0.458	11	TAAA	GENOMAD.128891.CP	1.04e-10	66	0	0	0	1	NA	NA	NA	PF12051;COG1668;K09696;TIGR03861	ABC-type Na+ efflux pump, permease component
1_1927	2256679	2258139	1461	-1	0.500	11	TAAA	NA	NA	NA	0	0	0	1	NA	NA	NA	NA	NA
1_1928	2258153	2259049	897	-1	0.488	11	TAA	NA	NA	NA	0	0	0	1	NA	NA	NA	NA	NA
1_1929	2259063	2260319	1257	-1	0.484	11	TAA	GENOMAD.005691.CC	5.438e-113	371	0	0	0	1	NA	NA	NA	PF02321;TIGR01845;COG1538;K12340	efflux transporter, outer membrane factor (OMF) lipoprotein, NodT family
1_1930	2260637	2261797	1161	-1	0.412	11	TAAA	GENOMAD.141957.CP	7.875e-20	95	0	0	0	1	NA	NA	NA	PF16287;TIGR03866	6-bladed beta-propeller
1_1931	2262106	2262993	888	1	0.471	11	AACAA	NA	NA	NA	0	0	0	1	NA	NA	NA	NA	NA
1_1932	2263085	2265241	2157	-1	0.387	11	TAAAAA	GENOMAD.142037.CP	3.308e-13	76	0	0	0	2561	Caudoviricetes	NA	NA	PF00728;PF02838;COG3525;K12373	N-acetyl-beta-hexosaminidase
1_1933	2265408	2265704	297	-1	0.475	11	TAA	GENOMAD.194468.CP	0.0004238	40	0	0	0	1	NA	NA	NA	PF00085;TIGR01068	Thioredoxin
1_1934	2265809	2269039	3231	-1	0.508	11	AAAAA	GENOMAD.127074.CP	0.0007341	46	0	0	0	1	NA	NA	NA	PF02786;COG0439;TIGR03909;K16181	Biotin carboxylase
1_1935	2269192	2270322	1131	-1	0.504	11	AATAA	NA	NA	NA	0	0	0	1	NA	NA	NA	NA	NA
1_1936	2270400	2272283	1884	-1	0.495	11	TAA	NA	NA	NA	0	0	0	1	NA	NA	NA	NA	NA
1_1937	2272264	2272674	411	-1	0.401	11	AACAA	NA	NA	NA	0	0	0	1	NA	NA	NA	NA	NA
1_1938	2273037	2277581	4545	1	0.511	11	TAA	GENOMAD.120530.CP	9.653e-102	368	0	0	0	1	NA	NA	NA	PF04898;COG0069	Glutamate synthase central domain
1_1939	2277647	2279008	1362	1	0.536	11	TAAAA	GENOMAD.114384.CP	1.365e-70	249	0	0	0	2561	Caudoviricetes	NA	NA	PF14691;PF06100;TIGR01317;K00266;COG0493	glutamate synthases, NADH/NADPH, small subunit
1_1940	2279063	2280733	1671	1	0.518	11	TAAA	GENOMAD.057851.VV	2.728e-23	108	0	0	0	12031	Mimiviridae	NA	NA	PF12481;TIGR03104;COG0367;K24327	asparagine synthase family amidotransferase
1_1941	2280915	2281673	759	1	0.482	11	AAAAA	NA	NA	NA	0	0	0	1	NA	NA	NA	NA	NA
1_1942	2282061	2282870	810	1	0.504	11	TAA	NA	NA	NA	0	0	0	1	NA	NA	NA	NA	NA
1_1943	2282958	2284190	1233	1	0.504	11	TAAA	GENOMAD.099160.CP	3.003e-96	322	0	0	0	1	NA	NA	NA	PF12897;TIGR03542;K08969;COG1168	LL-diaminopimelate aminotransferase
1_1944	2284366	2286555	2190	1	0.506	11	AATAA	NA	NA	NA	0	0	0	1	NA	NA	NA	NA	NA
1_1945	2286772	2287338	567	-1	0.506	11	TAAAAA	GENOMAD.172166.CP	5.594e-100	321	0	0	0	1	NA	NA	NA	COG3247;K21908	Uncharacterized membrane protein HdeD, DUF308 family
1_1946	2287509	2289482	1974	1	0.502	11	TAAA	NA	NA	NA	0	0	0	1	NA	NA	NA	NA	NA
1_1947	2289571	2290485	915	1	0.487	11	TAAA	GENOMAD.104642.CP	1.323e-40	155	0	0	0	1	NA	NA	NA	PF02541;TIGR03706;K01524;COG0248	exopolyphosphatase
1_1948	2290640	2291785	1146	-1	0.510	11	TAA	NA	NA	NA	0	0	0	1	NA	NA	NA	NA	NA
1_1949	2291918	2292211	294	-1	0.333	11	TAA	NA	NA	NA	0	0	0	1	NA	NA	NA	NA	NA
1_1950	2292186	2292326	141	-1	0.369	11	TAAA	NA	NA	NA	0	0	0	1	NA	NA	NA	NA	NA
1_1951	2292402	2292560	159	-1	0.314	11	TAA	NA	NA	NA	0	0	0	1	NA	NA	NA	NA	NA
1_1952	2293032	2294204	1173	1	0.511	11	TAAAAA	GENOMAD.110049.CP	5.884e-46	174	0	0	0	1	NA	NA	NA	PF19465;COG0133;TIGR00263	Tryptophan synthase beta chain
1_1953	2294335	2295741	1407	1	0.518	11	TAAAAA	GENOMAD.114697.CP	5.17e-12	71	0	0	0	1	NA	NA	NA	PF00425;K02552;COG1169;TIGR03494	Isochorismate synthase EntC
1_1954	2295929	2296531	603	1	0.489	11	TAAAAA	NA	NA	NA	0	0	0	1	NA	NA	NA	NA	NA
1_1955	2296537	2297532	996	1	0.496	11	TAAA	NA	NA	NA	0	0	0	1	NA	NA	NA	NA	NA
1_1956	2297557	2298378	822	1	0.484	11	AAA	NA	NA	NA	0	0	0	1	NA	NA	NA	NA	NA
1_1957	2298529	2299116	588	1	0.478	11	TAA	GENOMAD.129434.CP	1.76e-47	170	0	0	0	1	NA	NA	NA	PF00697;K01817;COG1891;TIGR00259	N-(5'phosphoribosyl)anthranilate (PRA) isomerase
1_1958	2299168	2299938	771	1	0.471	11	TAAAAA	GENOMAD.116415.CP	1.807e-35	138	0	0	0	1	NA	NA	NA	PF00290;K01695;TIGR00262;COG0159	tryptophan synthase, alpha subunit
1_1959	2300137	2301183	1047	1	0.466	11	AAAAA	NA	NA	NA	0	0	0	1	NA	NA	NA	NA	NA
1_1960	2301350	2303776	2427	1	0.408	11	AACAA	GENOMAD.016511.CC	1.318e-11	71	0	0	0	1	NA	NA	NA	PF16130;TIGR04456	LruC domain
1_1961	2304082	2304447	366	1	0.374	11	TAA	GENOMAD.124526.CP	8.175e-05	43	0	0	0	1	NA	NA	NF000402	PF16968;K18941;TIGR02915;COG4567	PEP-CTERM-box response regulator transcription factor
1_1962	2304448	2305611	1164	1	0.425	11	AAAAA	NA	NA	NA	0	0	0	1	NA	NA	NA	NA	NA
1_1963	2305628	2306521	894	1	0.434	11	None	NA	NA	NA	0	0	0	1	NA	NA	NA	NA	NA
1_1964	2306538	2307167	630	1	0.498	11	None	NA	NA	NA	0	0	0	1	NA	NA	NA	NA	NA
1_1965	2307725	2308333	609	-1	0.455	11	AAA	NA	NA	NA	0	0	0	1	NA	NA	NA	NA	NA
1_1966	2308323	2308991	669	-1	0.417	11	TAAA	GENOMAD.114712.CP	7.741e-61	210	0	0	0	1	NA	NA	NA	PF04405;PF01814;K07322;TIGR03652;COG2846	iron-sulfur cluster repair di-iron protein
1_1967	2309235	2310410	1176	1	0.512	11	TAA	NA	NA	NA	0	0	0	1	NA	NA	NA	NA	NA
1_1968	2310538	2311047	510	1	0.475	11	TAAAAA	NA	NA	NA	0	0	0	1	NA	NA	NA	NA	NA
1_1969	2311069	2311431	363	1	0.399	11	TAAAA	NA	NA	NA	0	0	0	1	NA	NA	NA	NA	NA
1_1970	2311730	2311945	216	1	0.495	11	TAAAAA	GENOMAD.087613.CC	2.56e-20	85	0	0	0	1	NA	NA	NA	PF19628	NA
1_1971	2311958	2312992	1035	1	0.481	11	TAA	GENOMAD.194789.CP	5.76e-51	187	0	0	0	1	NA	NA	NA	PF07680;K16936	TQO small subunit DoxA
1_1972	2313014	2313499	486	1	0.453	11	TAAAAA	NA	NA	NA	0	0	0	1	NA	NA	NA	NA	NA
1_1973	2313552	2314661	1110	-1	0.482	11	None	GENOMAD.171204.CP	1.014e-05	50	0	0	0	1	NA	NA	NA	PF03150;TIGR04039;COG1858;K00428	di-heme enzyme, MXAN_0977 family
1_1974	2314821	2315798	978	-1	0.490	11	TAAAAA	NA	NA	NA	0	0	0	1	NA	NA	NA	NA	NA
1_1975	2316240	2318543	2304	-1	0.497	11	AAA	GENOMAD.133434.CP	5.471e-08	59	0	0	0	1	NA	NA	NA	K16090;COG4773	Outer membrane receptor for ferric coprogen and ferric-rhodotorulic acid
1_1976	2318614	2318934	321	-1	0.483	11	AACAA	GENOMAD.048223.CC	1.225e-51	177	0	0	0	1	NA	NA	NA	NA	NA
1_1977	2319009	2319128	120	-1	0.342	11	TAA	NA	NA	NA	0	0	0	1	NA	NA	NA	NA	NA
1_1978	2319156	2320958	1803	1	0.514	11	TAA	NA	NA	NA	0	0	0	1	NA	NA	NA	NA	NA
1_1979	2320990	2322720	1731	1	0.512	11	AATAA	NA	NA	NA	0	0	0	1	NA	NA	NA	NA	NA
1_1980	2322908	2324095	1188	-1	0.492	11	TAAAAA	GENOMAD.153250.CP	3.476e-41	160	0	0	0	1	NA	NA	NA	COG2311	Uncharacterized membrane protein YeiB
1_1981	2324204	2325733	1530	-1	0.479	11	None	GENOMAD.153103.CP	1.766e-09	63	0	0	0	1	NA	NA	NF000025	PF06779;TIGR00711;K08166;COG2814	drug resistance transporter, EmrB/QacA subfamily
1_1982	2325730	2326410	681	-1	0.488	11	TAA	GENOMAD.138157.CP	1.035e-28	117	0	0	0	1	NA	NA	NA	PF13437;TIGR02828	HlyD family secretion protein
1_1983	2326691	2328289	1599	-1	0.500	11	TAA	NA	NA	NA	0	0	0	1	NA	NA	NA	NA	NA
1_1984	2328279	2328689	411	-1	0.389	11	AAA	NA	NA	NA	0	0	0	1	NA	NA	NA	NA	NA
1_1985	2328968	2329876	909	-1	0.461	11	TAAA	NA	NA	NA	0	0	0	1	NA	NA	NA	NA	NA
1_1986	2329923	2330267	345	-1	0.420	11	TAAA	NA	NA	NA	0	0	0	1	NA	NA	NA	NA	NA
1_1987	2330414	2330680	267	-1	0.348	11	TAA	NA	NA	NA	0	0	0	1	NA	NA	NA	NA	NA
1_1988	2330844	2332364	1521	1	0.321	11	TAAA	GENOMAD.209307.CV	5.896e-16	84	0	0	0	1	NA	NA	NA	PF01823;K07818	MAC/Perforin domain
1_1989	2332405	2333256	852	1	0.391	11	None	NA	NA	NA	0	0	0	1	NA	NA	NA	NA	NA
1_1990	2333261	2333932	672	1	0.470	11	AATAA	GENOMAD.036396.CC	8.753e-41	152	0	0	0	1	NA	NA	NA	PF14064	HmuY protein
1_1991	2333962	2336106	2145	1	0.484	11	TAAAAA	GENOMAD.128893.CP	5.881e-16	85	0	0	0	1	NA	NA	NA	PF14905;PF07715;PF00576;K19611;TIGR04056;COG4774	TonB-linked outer membrane protein, SusC/RagA family
1_1992	2336191	2340456	4266	1	0.523	11	AACAA	GENOMAD.136196.CP	0.0	2320	0	0	0	1	NA	NA	NA	K02230;COG1429	Cobalamin biosynthesis protein CobN, Mg-chelatase
1_1993	2340465	2341154	690	1	0.539	11	AATAA	GENOMAD.055779.CC	2.622e-49	177	0	0	0	1	NA	NA	NA	NA	NA
1_1994	2341193	2341795	603	1	0.507	11	TAAA	GENOMAD.159175.CP	2.276e-37	141	0	0	0	1	NA	NA	NA	PF01618;TIGR02796;COG0811;K03561	TolQ protein
1_1995	2341792	2342118	327	1	0.462	11	AAAAA	GENOMAD.170711.CP	4.998e-38	138	0	0	0	1	NA	NA	NA	COG4744	NA
1_1996	2342813	2343001	189	1	0.460	11	TAAAAA	NA	NA	NA	0	0	0	1	NA	NA	NA	NA	NA
1_1997	2343012	2343785	774	1	0.488	11	TAA	GENOMAD.161415.CP	4.009e-47	172	0	0	0	1	NA	NA	NA	PF06738;COG2966	Putative threonine/serine exporter
1_1998	2343782	2344306	525	1	0.493	11	None	GENOMAD.142079.CP	2.027e-87	284	0	0	0	1	NA	NA	NA	PF12821;COG3610	Threonine/Serine exporter, ThrE
1_1999	2344432	2345100	669	-1	0.508	11	AATAA	NA	NA	NA	0	0	0	1	NA	NA	NA	NA	NA
1_2000	2345123	2346148	1026	-1	0.502	11	TAA	GENOMAD.152376.CP	3.662e-05	48	0	0	0	1	NA	NA	NA	PF00294;K23147;COG2870;TIGR04382	ADP-heptose synthase, bifunctional sugar kinase/adenylyltransferase
1_2001	2346280	2346432	153	1	0.346	11	AACAA	NA	NA	NA	0	0	0	1	NA	NA	NA	NA	NA
1_2002	2346429	2347502	1074	1	0.477	11	TAAA	GENOMAD.151916.PC	7.38e-09	60	0	0	0	2561	Caudoviricetes	NA	NA	PF02608;COG1609;TIGR02417;K02529	DNA-binding transcriptional regulator, LacI/PurR family
1_2003	2347478	2347927	450	-1	0.491	11	AAA	NA	NA	NA	0	0	0	1	NA	NA	NA	NA	NA
1_2004	2347924	2348277	354	-1	0.525	11	TAA	NA	NA	NA	0	0	0	1	NA	NA	NA	NA	NA
1_2005	2348444	2348974	531	1	0.476	11	TAA	GENOMAD.012824.CC	1.301e-101	325	0	0	0	1	NA	NA	NA	PF01965;TIGR01382;COG0693;K05520	DJ-1/PfpI family
1_2006	2349306	2352350	3045	1	0.474	11	AAAAA	NA	NA	NA	0	0	0	1	NA	NA	NA	NA	NA
1_2007	2352388	2355042	2655	-1	0.517	11	TAAAAA	NA	NA	NA	0	0	0	1	NA	NA	NA	NA	NA
1_2008	2355194	2356561	1368	-1	0.490	11	None	GENOMAD.117361.CP	2.918e-05	49	0	0	0	1	NA	NA	NA	PF14501;PF01584;PF01627;K03407;COG0643;TIGR01924	Chemotaxis protein histidine kinase CheA
1_2009	2356558	2357247	690	-1	0.501	11	TAA	NA	NA	NA	0	0	0	1	NA	NA	NA	NA	NA
1_2010	2357306	2357539	234	1	0.423	11	AAA	GENOMAD.147817.CP	3.793e-05	42	0	0	0	1	NA	NA	NA	PF20240;PF12833;TIGR02297;K02855;COG2207	4-hydroxyphenylacetate catabolism regulatory protein HpaA
1_2011	2357619	2358734	1116	-1	0.519	11	AAA	NA	NA	NA	0	0	0	1	NA	NA	NA	NA	NA
1_2012	2358731	2359444	714	-1	0.513	11	TAA	GENOMAD.219020.VP	2.272e-11	66	0	0	0	2561	Caudoviricetes	NA	NA	NA	NA
1_2013	2359470	2360090	621	-1	0.501	11	TAA	NA	NA	NA	0	0	0	1	NA	NA	NA	NA	NA
1_2014	2360095	2361492	1398	-1	0.499	11	AAAAA	NA	NA	NA	0	0	0	1	NA	NA	NA	NA	NA
1_2015	2362083	2363384	1302	1	0.491	11	TAA	GENOMAD.130632.CP	2.242e-101	338	0	0	0	1	NA	NA	NA	K03315;COG1757	Na+/H+ antiporter NhaC
1_2016	2363773	2364318	546	1	0.451	11	TAAAAA	GENOMAD.118861.CV	4.714e-56	194	1	0	0	1	NA	NA	NA	COG0228	Ribosomal protein S16
1_2017	2364569	2364973	405	-1	0.395	11	AAA	NA	NA	NA	0	0	0	1	NA	NA	NA	NA	NA
1_2018	2364973	2366199	1227	-1	0.456	11	AAAA	GENOMAD.031966.CC	1.03e-13	76	0	0	0	1	NA	NA	NA	PF16287	6-bladed beta-propeller
1_2019	2366509	2366877	369	-1	0.469	11	TAA	NA	NA	NA	0	0	0	1	NA	NA	NA	NA	NA
1_2020	2367094	2368428	1335	-1	0.480	11	TAAA	GENOMAD.162565.CP	3.912e-11	68	0	0	0	1	NA	NA	NA	PF13416;K11069;TIGR03227;COG0687	2-aminoethylphosphonate ABC transporter, periplasmic 2-aminoethylphosphonate binding protein
1_2021	2368496	2369284	789	-1	0.489	11	None	NA	NA	NA	0	0	0	1	NA	NA	NA	NA	NA
1_2022	2369278	2370075	798	-1	0.455	11	TAAAA	GENOMAD.125776.CP	6.133e-08	56	0	0	0	1	NA	NA	NA	PF00528;K02054;TIGR01253;COG1175	thiamine ABC transporter, permease protein
1_2023	2370093	2371472	1380	-1	0.479	11	AAA	GENOMAD.126777.CP	7.194e-06	51	0	0	0	2561	Caudoviricetes	NA	NA	PF17912;PF03459;COG3585;TIGR00638	MalK OB fold domain; TOBE domain
1_2024	2371580	2372719	1140	1	0.448	11	TAAAAA	GENOMAD.127125.CP	2.067e-24	109	0	0	0	2561	Caudoviricetes	NA	NA	PF13905	Thioredoxin-like
1_2025	2372891	2373541	651	-1	0.435	11	TAA	NA	NA	NA	0	0	0	1	NA	NA	NA	NA	NA
1_2026	2373643	2376207	2565	-1	0.456	11	TAA	GENOMAD.118399.CP	2.19e-31	136	0	0	0	1	NA	NA	NA	PF11897;COG0058;TIGR02093	Glucan phosphorylase
1_2027	2376241	2377902	1662	-1	0.449	11	TAAA	GENOMAD.103298.CP	2.158e-93	320	0	0	0	1	NA	NA	NA	PF05693;K00693;TIGR03449;COG0380	Glycogen synthase
1_2028	2378138	2378599	462	-1	0.481	11	AATAA	GENOMAD.117320.CP	7.133e-72	238	0	0	0	1	NA	NA	NA	PF00137;K02124;TIGR01100;COG0636	vacuolar ATP synthase 16 kDa proteolipid subunit
1_2029	2378653	2380470	1818	-1	0.468	11	None	GENOMAD.097696.CP	2.901e-154	500	1	0	0	1	NA	NA	NA	COG1269	Archaeal/vacuolar-type H+-ATPase subunit I/STV1
1_2030	2380467	2381072	606	-1	0.432	11	AATAA	GENOMAD.145581.CP	4.19e-101	325	0	0	0	1	NA	NA	NA	PF01813;K02120;COG1394;TIGR00309	Archaeal/vacuolar-type H+-ATPase subunit D/Vma8
1_2031	2381085	2382404	1320	-1	0.473	11	AATAA	NA	NA	NA	0	0	0	1	NA	NA	NA	NA	NA
1_2032	2382434	2384191	1758	-1	0.451	11	TAAAAA	GENOMAD.089037.CP	2.726e-59	220	1	0	0	1	NA	NA	NA	PF16886;PF02874;PF00006;K02117;TIGR01042;COG1155	V-type (H+)-ATPase V1, A subunit
1_2033	2384228	2385067	840	-1	0.396	11	TAA	GENOMAD.010580.CC	3.111e-71	243	0	0	0	1	NA	NA	NA	PF10962;TIGR02923;K02119	ATP synthase (C/AC39) subunit
1_2034	2385079	2385669	591	-1	0.394	11	TAAA	GENOMAD.117353.CP	9.028e-47	168	0	0	0	1	NA	NA	NA	PF06188;K02121;COG1390;TIGR03321	Archaeal/vacuolar-type H+-ATPase subunit E/Vma4
1_2035	2389185	2389301	117	1	0.325	11	TAAAAA	NA	NA	NA	0	0	0	1	NA	NA	NA	NA	NA
1_2036	2391800	2392003	204	1	0.426	11	TAAA	NA	NA	NA	0	0	0	1	NA	NA	NA	NA	NA
1_2037	2392976	2394127	1152	-1	0.488	11	TAA	GENOMAD.126037.CP	6.634e-57	206	0	0	0	1	NA	NA	NA	PF12890;K01443;TIGR00221;COG1820	N-acetylglucosamine-6-phosphate deacetylase
1_2038	2394284	2394961	678	1	0.460	11	TAAAAA	GENOMAD.124526.CP	3.391e-07	53	0	0	0	1	NA	NA	NF000402	PF16968;K18941;TIGR02915;COG4567	PEP-CTERM-box response regulator transcription factor
1_2039	2394979	2396277	1299	1	0.463	11	AAAAA	NA	NA	NA	0	0	0	1	NA	NA	NA	NA	NA
1_2040	2396595	2397032	438	1	0.416	11	TAAAAA	GENOMAD.192665.CP	1.155e-20	90	0	0	0	1	NA	NA	NA	PF11396;PF16342;COG5353	Putative beta-lactamase-inhibitor-like, PepSY-like
1_2041	2397117	2397959	843	1	0.438	11	AAAAA	GENOMAD.197688.CV	6.01e-21	96	0	0	0	2561	Caudoviricetes	NA	NA	PF11396;COG5353	Putative beta-lactamase-inhibitor-like, PepSY-like
1_2042	2398144	2399319	1176	-1	0.455	11	TAAA	GENOMAD.206034.CP	3.248e-32	133	0	0	0	1	NA	NA	NA	PF03415;TIGR02806;K08587	clostripain
1_2043	2399412	2399813	402	-1	0.393	11	TAAAA	NA	NA	NA	0	0	0	1	NA	NA	NA	NA	NA
1_2044	2399914	2400774	861	-1	0.449	11	AAA	GENOMAD.182050.VC	9.753e-36	140	0	0	0	2561	Caudoviricetes	NA	NA	PF12645;K03087;TIGR02997;COG0568	RNA polymerase sigma factor, cyanobacterial RpoD-like family
1_2045	2401009	2402556	1548	-1	0.502	11	TAAAAA	NA	NA	NA	0	0	0	1	NA	NA	NA	NA	NA
1_2046	2402862	2404196	1335	-1	0.514	11	AAA	GENOMAD.002312.CC	1.315e-153	490	0	0	0	1	NA	NA	NA	COG1305	Transglutaminase-like enzyme, putative cysteine protease
1_2047	2404228	2405379	1152	-1	0.502	11	TAAA	NA	NA	NA	0	0	0	1	NA	NA	NA	NA	NA
1_2048	2405393	2406595	1203	-1	0.490	11	AAA	GENOMAD.003948.CC	2.265e-09	62	0	0	0	1	NA	NA	NA	TIGR04211;COG3103	SH3 domain protein
1_2049	2407303	2408622	1320	1	0.471	11	AATAA	GENOMAD.129552.CP	5.593e-113	372	0	0	0	1	NA	NA	NA	PF03631;PF02082;COG1295;TIGR00766;K07058	Uncharacterized membrane protein, BrkB/YihY/UPF0761 family (not an RNase)
1_2050	2409217	2409756	540	-1	0.494	11	TAAA	GENOMAD.117258.CP	5.883e-13	69	0	0	0	1	NA	NA	NA	PF14512;K19286;TIGR02476;COG3560	Putative TM nitroreductase
1_2051	2409768	2410370	603	-1	0.453	11	TAAAAA	NA	NA	NA	0	0	0	1	NA	NA	NA	NA	NA
1_2052	2410536	2410625	90	-1	0.289	11	AAAAA	NA	NA	NA	0	0	0	1	NA	NA	NA	NA	NA
1_2053	2410752	2411441	690	-1	0.459	11	TAA	NA	NA	NA	0	0	0	1	NA	NA	NA	NA	NA
1_2054	2411522	2412283	762	-1	0.471	11	AACAA	NA	NA	NA	0	0	0	1	NA	NA	NA	NA	NA
1_2055	2412305	2413180	876	-1	0.487	11	TAAAA	NA	NA	NA	0	0	0	1	NA	NA	NA	NA	NA
1_2056	2413182	2414378	1197	-1	0.486	11	AAAA	NA	NA	NA	0	0	0	1	NA	NA	NA	NA	NA
1_2057	2414631	2415491	861	1	0.503	11	TAAA	GENOMAD.095405.CV	4.454e-10	63	0	0	0	1	NA	NA	NA	PF12849;TIGR02136;K02040;COG0226	phosphate binding protein
1_2058	2415562	2417301	1740	1	0.514	11	TAA	NA	NA	NA	0	0	0	1	NA	NA	NA	NA	NA
1_2059	2417577	2418917	1341	1	0.508	11	AACAA	NA	NA	NA	0	0	0	1	NA	NA	NA	NA	NA
1_2060	2419049	2419690	642	1	0.486	11	TAAA	GENOMAD.126217.CP	1.819e-36	139	0	0	0	1	NA	NA	NA	PF06695;COG0586;K03975	Uncharacterized membrane protein DedA, SNARE-associated domain
1_2061	2420072	2420695	624	1	0.442	11	TAA	NA	NA	NA	0	0	0	1	NA	NA	NA	NA	NA
1_2062	2420780	2421280	501	-1	0.455	11	TAA	GENOMAD.130576.CP	3.506e-69	231	0	0	0	1	NA	NA	NA	PF13778;K11065;COG2077;TIGR03137	Peroxiredoxin
1_2063	2421373	2421954	582	1	0.478	11	TAAAAA	GENOMAD.154840.CP	9.164e-08	54	0	0	0	1	NA	NA	NA	PF03729;COG3247;K21908	Uncharacterized membrane protein HdeD, DUF308 family
1_2064	2422122	2422715	594	-1	0.426	11	TAAAAA	GENOMAD.218149.VP	2.004e-05	47	0	0	0	1	NA	NA	NA	PF00239;COG1961;K14060	Site-specific DNA recombinase related to the DNA invertase Pin
1_2065	2422951	2423871	921	1	0.467	11	TAAAAA	NA	NA	NA	0	0	0	1	NA	NA	NA	NA	NA
1_2066	2424326	2425729	1404	1	0.493	11	None	NA	NA	NA	0	0	0	1	NA	NA	NA	NA	NA
1_2067	2425874	2426662	789	1	0.535	11	TAA	GENOMAD.140875.CP	1.832e-38	147	0	0	0	1	NA	NA	NA	PF02563;PF06251;PF16408;TIGR03027;COG1596;K20988	putative polysaccharide export protein, PEP-CTERM sytem-associated
1_2068	2426676	2429081	2406	1	0.550	11	TAAA	NA	NA	NA	0	0	0	1	NA	NA	NA	NA	NA
1_2069	2429207	2429656	450	-1	0.533	11	AAAA	GENOMAD.039329.VV	2.103e-24	101	0	0	0	2561	Caudoviricetes	NA	NA	PF01510;COG5632	N-acetylmuramoyl-L-alanine amidase CwlA
1_2070	2429935	2430381	447	-1	0.588	11	TAAAAA	GENOMAD.180543.VC	6.114e-10	59	0	0	0	2561	Caudoviricetes	NA	NA	PF18291;TIGR01201;COG0776;K03530	HU domain fused to wHTH, Ig, or Glycine-rich motif
1_2071	2430572	2430820	249	1	0.522	11	TAA	GENOMAD.178883.VC	9.307e-06	44	0	0	0	2561	Caudoviricetes	NA	NA	PF14053	NA
1_2072	2431073	2431999	927	-1	0.545	11	None	NA	NA	NA	0	0	0	1	NA	NA	NA	NA	NA
1_2073	2431996	2433447	1452	-1	0.549	11	TAAA	NA	NA	NA	0	0	0	1	NA	NA	NA	NA	NA
1_2074	2433882	2434160	279	1	0.384	11	TAA	NA	NA	NA	0	0	0	1	NA	NA	NA	NA	NA
1_2075	2434105	2434623	519	1	0.588	11	None	NA	NA	NA	0	0	0	1	NA	NA	NA	NA	NA
1_2076	2434681	2436210	1530	1	0.383	11	TAAA	GENOMAD.176719.CP	2.226e-80	280	0	0	0	2561	Caudoviricetes	NA	NA	PF16933;TIGR01695;COG0728;K16694	murein biosynthesis integral membrane protein MurJ
1_2077	2436284	2437375	1092	1	0.292	11	AATAA	NA	NA	NA	0	0	0	1	NA	NA	NA	NA	NA
1_2078	2437332	2438165	834	1	0.366	11	TAA	GENOMAD.167681.VC	1.086e-26	113	0	0	0	1	NA	NA	NA	NA	NA
1_2079	2438162	2439160	999	1	0.372	11	TAAA	GENOMAD.177941.VV	3.397e-10	64	0	0	0	1	NA	NA	NA	NA	NA
1_2080	2439157	2440146	990	1	0.380	11	AACAA	NA	NA	NA	0	0	0	1	NA	NA	NA	NA	NA
1_2081	2440183	2440869	687	1	0.295	11	TAA	NA	NA	NA	0	0	0	1	NA	NA	NA	NA	NA
1_2082	2440875	2442167	1293	1	0.283	11	TAA	NA	NA	NA	0	0	0	1	NA	NA	NA	NA	NA
1_2083	2442177	2443286	1110	1	0.345	11	TAAA	GENOMAD.119491.CP	8.591e-05	47	0	0	0	1	NA	NA	NA	PF04464;K03715;TIGR03568;COG0707	UDP-N-acetyl-D-glucosamine 2-epimerase, UDP-hydrolysing
1_2084	2443283	2444104	822	1	0.393	11	AAAA	NA	NA	NA	0	0	0	1	NA	NA	NA	NA	NA
1_2085	2444095	2444955	861	1	0.347	11	None	GENOMAD.226872.VP	9.025e-90	297	0	0	0	1	NA	NA	NA	PF02273;TIGR03101;COG2267	Acyl transferase
1_2086	2444968	2446281	1314	1	0.438	11	TAAA	GENOMAD.189983.VC	7.939e-07	54	0	0	0	2561	Caudoviricetes	NA	NA	PF00984;PF03720	UDP-glucose/GDP-mannose dehydrogenase family, central domain; UDP-glucose/GDP-mannose dehydrogenase family, UDP binding domain
1_2087	2446278	2446847	570	1	0.344	11	None	NA	NA	NA	0	0	0	1	NA	NA	NA	NA	NA
1_2088	2446853	2447743	891	1	0.351	11	TAA	NA	NA	NA	0	0	0	1	NA	NA	NA	NA	NA
1_2089	2447769	2448857	1089	1	0.324	11	AAAAA	NA	NA	NA	0	0	0	1	NA	NA	NA	NA	NA
1_2090	2448860	2450122	1263	1	0.335	11	None	NA	NA	NA	0	0	0	1	NA	NA	NA	NA	NA
1_2091	2450132	2451040	909	1	0.385	11	TAAA	GENOMAD.137533.CP	5.315e-10	63	0	0	0	1	NA	NA	NA	PF09488;K21349;TIGR02460;COG1216	mannosyl-3-phosphoglycerate synthase
1_2092	2451082	2451375	294	1	0.357	11	AAAAA	NA	NA	NA	0	0	0	1	NA	NA	NA	NA	NA
1_2093	2451377	2451706	330	1	0.321	11	None	NA	NA	NA	0	0	0	1	NA	NA	NA	NA	NA
1_2094	2451771	2452175	405	1	0.341	11	AACAA	NA	NA	NA	0	0	0	1	NA	NA	NA	NA	NA
1_2095	2452201	2452773	573	1	0.283	11	AAAAA	NA	NA	NA	0	0	0	1	NA	NA	NA	NA	NA
1_2096	2452780	2453997	1218	1	0.380	11	TAAA	NA	NA	NA	0	0	0	1	NA	NA	NA	NA	NA
1_2097	2454181	2454900	720	1	0.464	11	None	NA	NA	NA	0	0	0	1	NA	NA	NA	NA	NA
1_2098	2454946	2455614	669	1	0.444	11	TAA	GENOMAD.191975.PC	0.0001259	45	0	0	0	1	NA	NA	NA	PF06082	Exopolysaccharide biosynthesis protein YbjH
1_2099	2455620	2456855	1236	1	0.489	11	TAA	GENOMAD.191412.PC	6.734e-11	67	0	0	0	1	NA	NA	NA	NA	NA
1_2100	2456887	2458170	1284	1	0.467	11	AAAAA	NA	NA	NA	0	0	0	1	NA	NA	NA	NA	NA
1_2101	2458214	2458789	576	1	0.439	11	TAA	NA	NA	NA	0	0	0	1	NA	NA	NA	NA	NA
1_2102	2458913	2459425	513	1	0.384	11	AAAAA	NA	NA	NA	0	0	0	1	NA	NA	NA	NA	NA
1_2103	2459435	2460754	1320	1	0.432	11	AATAA	GENOMAD.118764.CP	2.232e-67	239	0	0	0	1	NA	NA	NA	NA	NA
1_2104	2460762	2461859	1098	1	0.413	11	TAA	NA	NA	NA	0	0	0	1	NA	NA	NA	NA	NA
1_2105	2461887	2462315	429	1	0.462	11	TAA	GENOMAD.146164.VC	2.283e-20	89	0	0	0	2561	Caudoviricetes	NA	NA	PF12689;TIGR01689;COG4996;K21064	capsule biosynthesis phosphatase
1_2106	2462332	2463381	1050	1	0.444	11	TAAAA	NA	NA	NA	0	0	0	1	NA	NA	NA	NA	NA
1_2107	2463556	2464791	1236	-1	0.460	11	TAA	GENOMAD.104139.CP	6.803e-136	437	0	0	0	1	NA	NA	NA	PF03977;COG1883;K20509;TIGR03136	Na+-transporting methylmalonyl-CoA/oxaloacetate decarboxylase, beta subunit
1_2108	2464791	2466623	1833	-1	0.470	11	TAA	GENOMAD.124038.CP	5.064e-321	983	0	0	0	1	NA	NA	NA	PF00682;PF02436;PF00364;K01960;TIGR01108;COG5016	oxaloacetate decarboxylase alpha subunit
1_2109	2466658	2466915	258	-1	0.399	11	AATAA	GENOMAD.053751.CC	3.454e-16	74	0	0	0	1	NA	NA	NA	PF04277;K01573;COG3630;TIGR01195	Na+-transporting methylmalonyl-CoA/oxaloacetate decarboxylase, gamma subunit
1_2110	2467090	2467842	753	-1	0.417	11	None	NA	NA	NA	0	0	0	1	NA	NA	NA	NA	NA
1_2111	2468063	2469124	1062	-1	0.337	11	None	NA	NA	NA	0	0	0	1	NA	NA	NA	NA	NA
1_2112	2469170	2470987	1818	-1	0.340	11	TAA	GENOMAD.171770.VC	5.351e-06	52	0	0	0	2561	Caudoviricetes	NA	NA	PF08497;TIGR04385;COG0621;K22704	putative variant cofactor biosynthesis B12-binding domain/radical SAM domain protein 1
1_2113	2471133	2471261	129	-1	0.457	11	TAA	NA	NA	NA	0	0	0	1	NA	NA	NA	NA	NA
1_2114	2471321	2472448	1128	-1	0.353	11	TAAA	NA	NA	NA	0	0	0	1	NA	NA	NA	NA	NA
1_2115	2472500	2472829	330	-1	0.361	11	AATAA	NA	NA	NA	0	0	0	1	NA	NA	NA	NA	NA
1_2116	2473749	2474096	348	1	0.483	11	TAAAAA	GENOMAD.141308.VP	2.207e-09	56	0	0	0	2561	Caudoviricetes	NA	NA	PF10902	WYL_2, Sm-like SH3 beta-barrel fold
1_2117	2474238	2475110	873	1	0.472	11	TAA	GENOMAD.211730.VP	1.611e-20	95	0	0	0	2561	Caudoviricetes	NA	NA	PF14297	NA
1_2118	2475321	2475410	90	1	0.311	11	TAA	NA	NA	NA	0	0	0	1	NA	NA	NA	NA	NA
1_2119	2476048	2476512	465	1	0.428	11	TAAAAA	NA	NA	NA	0	0	0	1	NA	NA	NA	NA	NA
1_2120	2476602	2477318	717	1	0.427	11	AAA	GENOMAD.113319.CP	1.664e-77	259	0	0	0	1	NA	NA	NA	PF01168;K06997;TIGR00044;COG0325	pyridoxal phosphate enzyme, YggS family
1_2121	2477373	2478347	975	1	0.421	11	TAA	GENOMAD.126293.CP	1.162e-39	153	1	0	0	1	NA	NA	NA	PF01180;TIGR03287;K17723;COG0167	putative methanogenesis marker 16 metalloprotein
1_2122	2478460	2479254	795	-1	0.440	11	TAAAAA	GENOMAD.210341.VP	3.562e-11	66	0	0	0	2561	Caudoviricetes	NA	NA	PF05926	Phage head completion protein (GPL)
1_2123	2479276	2479614	339	-1	0.404	11	TAAAAA	NA	NA	NA	0	0	0	1	NA	NA	NA	NA	NA
1_2124	2479621	2480127	507	-1	0.412	11	TAA	NA	NA	NA	0	0	0	1	NA	NA	NA	NA	NA
1_2125	2480139	2480375	237	-1	0.422	11	AAA	NA	NA	NA	0	0	0	1	NA	NA	NA	NA	NA
1_2126	2480372	2480986	615	-1	0.449	11	TAA	NA	NA	NA	0	0	0	1	NA	NA	NA	NA	NA
1_2127	2481011	2481823	813	-1	0.418	11	TAA	NA	NA	NA	0	0	0	1	NA	NA	NA	NA	NA
1_2128	2481854	2482726	873	-1	0.448	11	TAAAAA	NA	NA	NA	0	0	0	1	NA	NA	NA	NA	NA
1_2129	2482861	2483298	438	-1	0.395	11	AATAA	NA	NA	NA	0	0	0	1	NA	NA	NA	NA	NA
1_2130	2483303	2483647	345	-1	0.423	11	TAA	NA	NA	NA	0	0	0	1	NA	NA	NA	NA	NA
1_2131	2483878	2484771	894	-1	0.423	11	TAA	NA	NA	NA	0	0	0	1	NA	NA	NA	NA	NA
1_2132	2484778	2487207	2430	-1	0.463	11	AAAAA	NA	NA	NA	0	0	0	1	NA	NA	NA	NA	NA
1_2133	2487222	2489594	2373	-1	0.461	11	None	GENOMAD.193966.CP	5.693e-08	59	0	0	0	1	NA	NA	NA	COG4772;K19611	Outer membrane receptor for Fe3+-dicitrate
1_2134	2489591	2490427	837	-1	0.436	11	TAAAAA	NA	NA	NA	0	0	0	1	NA	NA	NA	NA	NA
1_2135	2490684	2493473	2790	-1	0.458	11	TAAAAA	GENOMAD.126763.CP	1.112e-23	111	0	0	0	1	NA	NA	NA	PF08450;PF07495;K19693;COG3292	Periplasmic ligand-binding sensor domain
1_2136	2493470	2495074	1605	-1	0.474	11	None	NA	NA	NA	0	0	0	1	NA	NA	NA	NA	NA
1_2137	2495071	2495496	426	-1	0.455	11	TAAAAA	GENOMAD.142941.CP	4.072e-39	143	0	0	0	1	NA	NA	NA	PF13581;TIGR01924;COG2172;K06379	serine-protein kinase RsbW
1_2138	2495511	2495816	306	-1	0.428	11	TAAAAA	GENOMAD.129620.CP	2.132e-12	64	0	0	0	1	NA	NA	NA	PF13466;K04749;COG3113;TIGR00377	ABC-type transporter Mla maintaining outer membrane lipid asymmetry, MlaB component, contains STAS domain
1_2139	2495837	2497006	1170	-1	0.455	11	TAAA	GENOMAD.113449.CP	3.839e-56	204	0	0	0	1	NA	NA	NA	COG2208	Serine phosphatase RsbU, regulator of sigma subunit
1_2140	2497383	2497910	528	1	0.422	11	AAGAA	NA	NA	NA	0	0	0	1	NA	NA	NA	NA	NA
1_2141	2498009	2499913	1905	-1	0.433	11	AAAAA	NA	NA	NA	0	0	0	1	NA	NA	NA	NA	NA
1_2142	2500074	2501399	1326	-1	0.432	11	TAA	NA	NA	NA	0	0	0	1	NA	NA	NA	NA	NA
1_2143	2501528	2502904	1377	1	0.452	11	TAAA	GENOMAD.104630.CP	2.173e-63	228	0	0	0	2561	Caudoviricetes	NA	NA	PF08245;PF02875;K11754;TIGR01499;COG0285	folylpolyglutamate synthase/dihydrofolate synthase
1_2144	2502872	2503246	375	-1	0.469	11	AATAA	GENOMAD.146177.CP	2.147e-13	68	0	0	0	1	NA	NA	NA	PF01042;COG0251;TIGR00004;K09021	Enamine deaminase RidA, house cleaning of reactive enamine intermediates, YjgF/YER057c/UK114 family
1_2145	2503591	2505399	1809	1	0.401	11	TAAAA	NA	NA	NA	0	0	0	1	NA	NA	NA	NA	NA
1_2146	2505283	2506980	1698	-1	0.445	11	AACAA	NA	NA	NA	0	0	0	1	NA	NA	NA	NA	NA
1_2147	2506997	2507791	795	-1	0.467	11	TAAA	NA	NA	NA	0	0	0	1	NA	NA	NA	NA	NA
1_2148	2507799	2509484	1686	-1	0.453	11	TAAAA	GENOMAD.094517.CV	1.838e-25	115	1	0	0	2561	Caudoviricetes	NA	NA	PF02463;PF12532;K03631;TIGR00634;COG0497	DNA repair protein RecN
1_2149	2509488	2510681	1194	-1	0.460	11	TAA	GENOMAD.137806.CP	0.0008142	44	0	0	0	1	NA	NA	NA	PF02441;PF12798;K18853;TIGR02700;COG1036	archaeoflavoprotein, MJ0208 family
1_2150	2510684	2511457	774	-1	0.428	11	TATAA	GENOMAD.148531.VC	9.678e-06	49	0	0	0	2561	Caudoviricetes	NA	NA	PF00929;COG1949;TIGR01407;K10857	Oligoribonuclease (3'-5' exoribonuclease)
1_2151	2511586	2512710	1125	-1	0.442	11	TAAA	GENOMAD.170416.VC	6.13e-12	70	0	0	0	2561	Caudoviricetes	NA	NA	PF02767;TIGR00663;COG0592	DNA polymerase III, beta subunit
1_2152	2512863	2513237	375	1	0.469	11	TAAA	GENOMAD.064266.VV	6.18e-10	58	0	0	0	2561	Caudoviricetes	NA	NA	PF11325	NA
1_2153	2513316	2514953	1638	-1	0.443	11	TAAA	GENOMAD.209496.CV	3.057e-276	850	0	0	0	1	NA	NA	NA	PF11832	NA
1_2154	2515046	2515804	759	-1	0.469	11	None	GENOMAD.123176.CP	1.496e-14	76	1	0	0	1	NA	NA	NA	PF12706;K06167;TIGR02108;COG1234	coenzyme PQQ biosynthesis protein B
1_2155	2515806	2516810	1005	-1	0.460	11	None	GENOMAD.104575.CP	1.862e-33	135	0	0	0	2561	Caudoviricetes	NA	NA	PF02873	UDP-N-acetylenolpyruvoylglucosamine reductase, C-terminal domain
1_2156	2516823	2517665	843	-1	0.441	11	TAAA	NA	NA	NA	0	0	0	1	NA	NA	NA	NA	NA
1_2157	2517773	2518726	954	-1	0.479	11	TAA	NA	NA	NA	0	0	0	1	NA	NA	NA	NA	NA
1_2158	2518863	2520050	1188	1	0.477	11	TAAA	NA	NA	NA	0	0	0	1	NA	NA	NA	NA	NA
1_2159	2520098	2520502	405	1	0.459	11	TAAA	GENOMAD.140856.CV	5.055e-50	174	0	0	0	1	NA	NA	NA	NA	NA
1_2160	2520630	2522807	2178	-1	0.466	11	None	NA	NA	NA	0	0	0	1	NA	NA	NA	NA	NA
1_2161	2522851	2523162	312	-1	0.590	11	TAAAAA	NA	NA	NA	0	0	0	1	NA	NA	NA	NA	NA
1_2162	2523280	2524851	1572	-1	0.472	11	TAAAAA	NA	NA	NA	0	0	0	1	NA	NA	NA	NA	NA
1_2163	2524947	2527394	2448	-1	0.491	11	TAA	NA	NA	NA	0	0	0	1	NA	NA	NA	NA	NA
1_2164	2527410	2528525	1116	-1	0.477	11	TAAAAA	NA	NA	NA	0	0	0	1	NA	NA	NA	NA	NA
1_2165	2528522	2529544	1023	-1	0.520	11	AAAAA	NA	NA	NA	0	0	0	1	NA	NA	NA	NA	NA
1_2166	2529661	2530653	993	-1	0.578	11	AAA	GENOMAD.195457.PC	3.939e-139	442	0	0	0	1	NA	NA	NA	PF13149;PF16397;COG3017	Fimbrillin-like
1_2167	2530691	2531506	816	-1	0.562	11	TAAA	NA	NA	NA	0	0	0	1	NA	NA	NA	NA	NA
1_2168	2531575	2532477	903	-1	0.565	11	TAA	GENOMAD.205255.PC	1.306e-11	68	0	0	0	1	NA	NA	NA	PF13149;PF16339;COG3065;K19975	Fimbrillin-like
1_2169	2532492	2533556	1065	-1	0.577	11	TAAAAA	GENOMAD.207595.PC	4.252e-150	475	0	0	0	1	NA	NA	NA	PF15415	Fimbrillin-like
1_2170	2533688	2534833	1146	-1	0.502	11	AAAAA	GENOMAD.197617.PC	1.153e-178	559	0	0	0	1	NA	NA	NA	PF13149;PF16408	Fimbrillin-like
1_2171	2534997	2535965	969	-1	0.612	11	TAAA	GENOMAD.221263.CP	3.85e-153	482	0	0	0	1	NA	NA	NA	PF15415	Fimbrillin-like
1_2172	2535981	2536991	1011	-1	0.550	11	TAAAAA	GENOMAD.209738.CP	4.965e-49	181	0	0	0	1	NA	NA	NA	PF13149;PF04202	Fimbrillin-like; Foot protein 3
1_2173	2537028	2537984	957	-1	0.586	11	AACAA	GENOMAD.214704.CP	5.931e-32	130	0	0	0	1	NA	NA	NA	PF13149;PF08139;COG5633	Fimbrillin-like; Prokaryotic membrane lipoprotein lipid attachment site
1_2174	2538020	2539165	1146	-1	0.604	11	None	NA	NA	NA	0	0	0	1	NA	NA	NA	NA	NA
1_2175	2539190	2539582	393	-1	0.496	11	AACAA	NA	NA	NA	0	0	0	1	NA	NA	NA	NA	NA
1_2176	2539943	2540887	945	-1	0.530	11	TAA	NA	NA	NA	0	0	0	1	NA	NA	NA	NA	NA
1_2177	2541100	2541411	312	1	0.535	11	TAAA	GENOMAD.181167.VC	3.535e-47	164	0	0	0	1	NA	NA	NA	PF14053	NA
1_2178	2541920	2542540	621	1	0.499	11	TAAAAA	GENOMAD.068481.VV	3.288e-89	291	0	0	1	2561	Caudoviricetes	NA	NA	PF04492;TIGR01714;K02086;COG2186	Bacteriophage replication protein O
1_2179	2542791	2543270	480	-1	0.433	11	TAAA	NA	NA	NA	0	0	0	1	NA	NA	NA	NA	NA
1_2180	2543341	2544504	1164	-1	0.515	11	None	NA	NA	NA	0	0	0	1	NA	NA	NA	NA	NA
1_2181	2544647	2545966	1320	-1	0.484	11	TAA	GENOMAD.115168.CP	8.001e-07	54	0	0	0	2561	Caudoviricetes	NA	NA	PF00696;K00928;TIGR00657;COG0527	aspartate kinase
1_2182	2545998	2546696	699	-1	0.514	11	TAA	NA	NA	NA	0	0	0	1	NA	NA	NA	NA	NA
1_2183	2546681	2547292	612	-1	0.475	11	TAA	NA	NA	NA	0	0	0	1	NA	NA	NA	NA	NA
1_2184	2547477	2548229	753	-1	0.517	11	TAAA	NA	NA	NA	0	0	0	1	NA	NA	NA	NA	NA
1_2185	2548348	2549067	720	-1	0.493	11	TAA	GENOMAD.120983.CP	4.859e-10	62	0	0	0	1	NA	NA	NA	PF00977;K24017;TIGR00734;COG1411	hisA/hisF family protein
1_2186	2549107	2549697	591	-1	0.467	11	TAAA	GENOMAD.107271.CP	5.287e-44	160	0	0	0	1	NA	NA	NA	PF01174;K02501;COG0118;TIGR01855	Imidazoleglycerol phosphate synthase glutamine amidotransferase subunit HisH
1_2187	2550470	2552545	2076	-1	0.413	11	TAAAA	NA	NA	NA	0	0	0	1	NA	NA	NA	NA	NA
1_2188	2553500	2553907	408	-1	0.473	11	TAAA	GENOMAD.170624.CP	3.052e-72	238	0	0	0	1	NA	NA	NA	PF16242;COG3871;TIGR04110;K07226	General stress protein 26 (function unknown)
1_2189	2553913	2554155	243	1	0.383	11	TAA	NA	NA	NA	0	0	0	1	NA	NA	NA	NA	NA
1_2190	2554117	2554938	822	-1	0.501	11	AAA	GENOMAD.147817.CP	9.746e-27	113	0	0	0	1	NA	NA	NA	PF20240;PF12833;TIGR02297;K02855;COG2207	4-hydroxyphenylacetate catabolism regulatory protein HpaA
1_2191	2554981	2555346	366	-1	0.503	11	TAA	GENOMAD.147557.CP	1.804e-22	94	0	0	0	1	NA	NA	NA	PF00903;PF02402;K06996;COG3324;TIGR00068	Glyoxalase/Bleomycin resistance protein/Dioxygenase superfamily; Lysis protein
1_2192	2555452	2556258	807	-1	0.538	11	AACAA	GENOMAD.147817.CP	4.035e-26	111	0	0	0	1	NA	NA	NA	PF20240;PF12833;TIGR02297;K02855;COG2207	4-hydroxyphenylacetate catabolism regulatory protein HpaA
1_2193	2556462	2557355	894	1	0.479	11	TAA	GENOMAD.160342.CP	8.572e-20	93	0	0	0	1	NA	NA	NA	PF06445;K07470;COG3708	Predicted transcriptional regulator YdeE, contains AraC-type DNA-binding domain
1_2194	2557292	2557471	180	-1	0.317	11	TAA	NA	NA	NA	0	0	0	1	NA	NA	NA	NA	NA
1_2195	2557704	2558543	840	1	0.486	11	TAA	NA	NA	NA	0	0	0	1	NA	NA	NA	NA	NA
1_2196	2558587	2559180	594	1	0.461	11	TAAAAA	NA	NA	NA	0	0	0	1	NA	NA	NA	NA	NA
1_2197	2559210	2559941	732	1	0.414	11	None	GENOMAD.169220.CP	3.501e-80	267	0	0	0	1	NA	NA	NA	PF03403;COG3509;TIGR02821;K03932	Platelet-activating factor acetylhydrolase, isoform II
1_2198	2560020	2560505	486	1	0.381	11	TAA	GENOMAD.197682.PC	6.679e-15	74	0	0	0	1	NA	NA	NA	PF11066	NA
1_2199	2560530	2560922	393	-1	0.399	11	None	GENOMAD.118524.CP	0.0002311	42	0	0	0	1	NA	NA	NA	PF00293;TIGR02705;COG1443;K01518	nucleoside triphosphatase YtkD
1_2200	2561116	2562048	933	1	0.378	11	AACAA	NA	NA	NA	0	0	0	1	NA	NA	NA	NA	NA
1_2201	2562245	2562556	312	-1	0.449	11	None	GENOMAD.161916.CP	3.793e-15	72	0	0	0	1	NA	NA	NA	PF06961;COG3326	Uncharacterized membrane protein YsdA, DUF1294 family
1_2202	2562609	2563517	909	1	0.458	11	None	GENOMAD.010197.CC	4.045e-116	374	0	0	0	1	NA	NA	NA	PF05971;K06970;COG3129;TIGR00536	RNA methyltransferase
1_2203	2563797	2564270	474	1	0.462	11	AAAA	NA	NA	NA	0	0	0	1	NA	NA	NA	NA	NA
1_2204	2564277	2567942	3666	-1	0.465	11	AAGAA	GENOMAD.223539.VP	1.602e-06	55	0	0	0	2561	Caudoviricetes	NA	NA	PF02463;PF06160;TIGR02168;COG3096;K03632	RecF/RecN/SMC N terminal domain; Septation ring formation regulator, EzrA
1_2205	2567926	2568486	561	-1	0.426	11	AAA	GENOMAD.220124.VC	5.458e-48	171	0	0	0	2561	Caudoviricetes	NA	NA	PF04288;COG3095	MukE-like family
1_2206	2568625	2569839	1215	-1	0.460	11	None	NA	NA	NA	0	0	0	1	NA	NA	NA	NA	NA
1_2207	2569870	2570802	933	-1	0.473	11	AAAA	GENOMAD.001177.CC	3.514e-06	51	0	0	0	1	NA	NA	NA	COG5070	Nucleotide-sugar transporter
1_2208	2570887	2571183	297	1	0.485	11	TAA	GENOMAD.006794.CC	3.117e-38	138	0	0	0	1	NA	NA	NA	PF11756	Nitrous oxide-stimulated promoter
1_2209	2571265	2572395	1131	1	0.461	11	TAA	NA	NA	NA	0	0	0	1	NA	NA	NA	NA	NA
1_2210	2572588	2572725	138	1	0.514	11	TAAAAA	NA	NA	NA	0	0	0	1	NA	NA	NA	NA	NA
1_2211	2573117	2573608	492	1	0.498	11	TAA	NA	NA	NA	0	0	0	1	NA	NA	NA	NA	NA
1_2212	2573623	2574363	741	1	0.540	11	TAAAA	NA	NA	NA	0	0	0	1	NA	NA	NA	NA	NA
1_2213	2574411	2574680	270	1	0.452	11	TAAAAA	GENOMAD.167533.CP	5.422e-44	154	0	0	0	1	NA	NA	NA	PF12674;PF16242;COG3871;TIGR04026	Putative zinc ribbon domain; Pyridoxamine 5'-phosphate oxidase like
1_2214	2574873	2575136	264	-1	0.489	11	AAAAA	GENOMAD.167952.CP	4.219e-15	71	0	0	0	1	NA	NA	NA	PF14542;COG2388	GCN5-related N-acetyl-transferase
1_2215	2575171	2576496	1326	-1	0.514	11	TAAAAA	GENOMAD.105757.CP	1.028e-42	166	0	0	0	1	NA	NA	NA	PF04321;TIGR01777;COG1090;K19997	TIGR01777 family protein
1_2216	2576545	2577402	858	-1	0.466	11	TAA	NA	NA	NA	0	0	0	1	NA	NA	NA	NA	NA
1_2217	2577436	2579142	1707	-1	0.514	11	None	GENOMAD.179632.CP	2.422e-06	53	0	0	0	1	NA	NA	NA	PF13859;K01186;COG4692	BNR repeat-like domain
1_2218	2579238	2580881	1644	-1	0.473	11	TAAA	GENOMAD.133421.CV	5.948e-224	699	0	0	0	1	NA	NA	NA	PF00365;TIGR02477;COG0205;K21071	diphosphate--fructose-6-phosphate 1-phosphotransferase
1_2219	2581085	2583904	2820	-1	0.452	11	TAA	GENOMAD.183602.PC	1.323e-75	278	0	0	0	1	NA	NA	NA	NA	NA
1_2220	2584087	2584983	897	-1	0.454	11	TAAA	GENOMAD.045929.CC	3.22e-06	51	0	0	0	1	NA	NA	NA	PF17166;PF16323;PF16391;COG5156	Anaphase-promoting complex (APC), subunit 10
1_2221	2585005	2586915	1911	-1	0.434	11	TAAA	GENOMAD.130289.CP	5.734e-06	52	0	0	0	2561	Caudoviricetes	NA	NA	PF12741;K21572	Susd and RagB outer membrane lipoprotein
1_2222	2586925	2590302	3378	-1	0.419	11	TAAAAA	GENOMAD.121280.CP	4.15e-11	70	0	0	0	1	NA	NA	NA	PF14905;PF07715;K16089;TIGR01779;COG4206	TonB-dependent vitamin B12 receptor
1_2223	2590340	2591092	753	-1	0.361	11	AATAA	NA	NA	NA	0	0	0	1	NA	NA	NA	NA	NA
1_2224	2591280	2591549	270	1	0.278	11	AAAA	NA	NA	NA	0	0	0	1	NA	NA	NA	NA	NA
1_2225	2591710	2592258	549	1	0.379	11	TAA	NA	NA	NA	0	0	0	1	NA	NA	NA	NA	NA
1_2226	2592276	2593652	1377	-1	0.481	11	AAAA	GENOMAD.141257.CP	6.027e-09	61	0	0	0	1	NA	NA	NA	PF02321;K15725;TIGR01844;COG1538	type I secretion outer membrane protein, TolC family
1_2227	2593656	2596802	3147	-1	0.483	11	None	NA	NA	NA	0	0	0	1	NA	NA	NA	NA	NA
1_2228	2596894	2598084	1191	-1	0.479	11	TAA	GENOMAD.124216.CP	1.147e-05	50	0	0	0	1	NA	NA	NA	PF12700;K02005;TIGR01730;COG0845	HlyD family secretion protein
1_2229	2598407	2600617	2211	1	0.445	11	TAAAAA	GENOMAD.016889.CC	2.863e-23	109	0	0	0	1	NA	NA	NA	PF19143	OMP85 superfamily
1_2230	2600472	2600765	294	-1	0.503	11	TAAA	NA	NA	NA	0	0	0	1	NA	NA	NA	NA	NA
1_2231	2600871	2601140	270	1	0.400	11	TAAA	GENOMAD.038155.CC	1.421e-26	104	0	0	0	1	NA	NA	NA	NA	NA
1_2232	2601143	2601700	558	1	0.409	11	AAA	GENOMAD.121797.CP	7.598e-10	60	0	0	0	1	NA	NA	NA	PF03982;K00655;COG2121;TIGR00530	Diacylglycerol acyltransferase
1_2233	2601704	2602474	771	1	0.470	11	None	GENOMAD.126969.CP	0.000178	45	0	0	0	1	NA	NA	NA	PF00795;TIGR03381;K01506;COG0388	N-carbamoylputrescine amidase
1_2234	2602612	2603778	1167	1	0.473	11	TAA	GENOMAD.126037.CP	2.571e-63	225	0	0	0	1	NA	NA	NA	PF12890;K01443;TIGR00221;COG1820	N-acetylglucosamine-6-phosphate deacetylase
1_2235	2604031	2606022	1992	1	0.466	11	AATAA	GENOMAD.142891.CP	4.974e-05	49	0	0	0	1	NA	NA	NA	PF01182;TIGR00502;COG0363;K02080	glucosamine-6-phosphate isomerase
1_2236	2606113	2606835	723	1	0.458	11	TAAAAA	NA	NA	NA	0	0	0	1	NA	NA	NA	NA	NA
1_2237	2606937	2609846	2910	1	0.468	11	None	GENOMAD.006297.CC	5.021e-261	828	0	0	0	1	NA	NA	NA	NA	NA
1_2238	2610160	2610561	402	1	0.445	11	TAA	NA	NA	NA	0	0	0	1	NA	NA	NA	NA	NA
1_2239	2610539	2610664	126	-1	0.413	11	TAAAA	NA	NA	NA	0	0	0	1	NA	NA	NA	NA	NA
1_2240	2610728	2611048	321	1	0.421	11	TAAA	NA	NA	NA	0	0	0	1	NA	NA	NA	NA	NA
1_2241	2611045	2611260	216	1	0.412	11	None	NA	NA	NA	0	0	0	1	NA	NA	NA	NA	NA
1_2242	2611257	2611601	345	1	0.409	11	None	NA	NA	NA	0	0	0	1	NA	NA	NA	NA	NA
1_2243	2611606	2612082	477	1	0.488	11	TAAAA	GENOMAD.097044.CV	2.736e-25	104	0	0	0	1	NA	NA	NA	COG2839;K09793	Uncharacterized conserved protein YqgC, DUF456 family
1_2244	2612108	2613961	1854	1	0.472	11	None	GENOMAD.112796.CP	1.677e-178	571	0	0	0	1	NA	NA	NA	PF08497;PF11842;PF04055;TIGR03904;K04034;COG1031	uncharacterized radical SAM protein YgiQ
1_2245	2614067	2617444	3378	-1	0.469	11	TAAA	NA	NA	NA	0	0	0	1	NA	NA	NA	NA	NA
1_2246	2617637	2618383	747	1	0.452	11	AAA	NA	NA	NA	0	0	0	1	NA	NA	NA	NA	NA
1_2247	2618392	2619771	1380	1	0.459	11	AAAA	GENOMAD.127094.CP	1.749e-06	53	0	0	0	1	NA	NA	NA	PF12890;K01465;COG3964;TIGR00857	Predicted amidohydrolase
1_2248	2620033	2620989	957	1	0.479	11	TAA	NA	NA	NA	0	0	0	1	NA	NA	NA	NA	NA
1_2249	2621045	2621965	921	1	0.480	11	TAAA	GENOMAD.017028.CC	8.046e-07	53	0	0	0	1	NA	NA	NA	PF13568;COG3047;TIGR04565	Outer membrane protein beta-barrel domain
1_2250	2622055	2622945	891	-1	0.431	11	TAAAAA	NA	NA	NA	0	0	0	1	NA	NA	NA	NA	NA
1_2251	2622994	2623860	867	-1	0.434	11	TAAA	NA	NA	NA	0	0	0	1	NA	NA	NA	NA	NA
1_2252	2623887	2625023	1137	-1	0.427	11	TAAA	NA	NA	NA	0	0	0	1	NA	NA	NA	NA	NA
1_2253	2625315	2625722	408	-1	0.407	11	TAAA	NA	NA	NA	0	0	0	1	NA	NA	NA	NA	NA
1_2254	2625908	2626423	516	1	0.483	11	AAAA	NA	NA	NA	0	0	0	1	NA	NA	NA	NA	NA
1_2255	2626427	2627011	585	1	0.468	11	AATAA	GENOMAD.220236.VC	2.006e-07	53	0	0	0	1	NA	NA	NA	NA	NA
1_2256	2627121	2628287	1167	1	0.507	11	TAA	GENOMAD.180839.CP	3.704e-08	58	0	0	0	1	NA	NA	NA	PF14582;TIGR03729;COG1409;K03651	putative phosphoesterase
1_2257	2628284	2630008	1725	1	0.518	11	None	NA	NA	NA	0	0	0	1	NA	NA	NA	NA	NA
1_2258	2630011	2631777	1767	1	0.524	11	AACAA	NA	NA	NA	0	0	0	1	NA	NA	NA	NA	NA
1_2259	2632392	2635355	2964	-1	0.505	11	TAAA	GENOMAD.170379.CP	8.176e-05	49	0	0	0	1	NA	NA	NA	PF02463;K19171;TIGR03185;COG1195	DNA sulfur modification protein DndD
1_2260	2635520	2636752	1233	-1	0.501	11	AAA	NA	NA	NA	0	0	0	1	NA	NA	NA	NA	NA
1_2261	2636841	2637599	759	1	0.447	11	TAAA	GENOMAD.103038.CP	2.309e-07	54	0	0	0	1	NA	NA	NA	PF19576;PF08274;K00655;COG2121;TIGR00530	Acyltransferase; PhnA Zinc-Ribbon
1_2262	2637833	2641036	3204	-1	0.449	11	TAA	NA	NA	NA	0	0	0	1	NA	NA	NA	NA	NA
1_2263	2641057	2642550	1494	-1	0.437	11	TAAA	GENOMAD.106579.CP	1.466e-61	224	0	0	0	1	NA	NA	NA	K12340;COG1538	Outer membrane protein TolC
1_2264	2642553	2645630	3078	-1	0.436	11	TAA	NA	NA	NA	0	0	0	1	NA	NA	NA	NA	NA
1_2265	2645657	2646727	1071	-1	0.444	11	AATAA	NA	NA	NA	0	0	0	1	NA	NA	NA	NA	NA
1_2266	2647137	2648828	1692	-1	0.424	11	TAAAAA	GENOMAD.193948.CP	3.04e-11	69	0	0	0	1	NA	NA	NA	COG3307	O-antigen ligase
1_2267	2648825	2649715	891	-1	0.430	11	TAAAA	NA	NA	NA	0	0	0	1	NA	NA	NA	NA	NA
1_2268	2649747	2650775	1029	-1	0.385	11	TAA	GENOMAD.210284.CP	1.447e-15	81	0	0	0	1	NA	NA	NA	PF15869;TIGR03866	TolB-like 6-blade propeller-like
1_2269	2651591	2652751	1161	-1	0.346	11	None	GENOMAD.157915.CP	4.747e-49	183	0	0	0	1	NA	NA	NA	PF13970	NA
1_2270	2652807	2653361	555	-1	0.387	11	None	NA	NA	NA	0	0	0	1	NA	NA	NA	NA	NA
1_2271	2653358	2654380	1023	-1	0.360	11	TAAA	GENOMAD.210349.CP	7.508e-43	163	0	0	0	1	NA	NA	NA	PF15869	TolB-like 6-blade propeller-like
1_2272	2654553	2656526	1974	-1	0.418	11	TAA	NA	NA	NA	0	0	0	1	NA	NA	NA	NA	NA
1_2273	2656656	2657531	876	-1	0.303	11	TAAAAA	GENOMAD.109988.CP	9.856e-10	62	0	0	0	1	NA	NA	NA	PF07610	Flagellar-associated PapD-like
1_2274	2657534	2657914	381	-1	0.278	11	TAAA	NA	NA	NA	0	0	0	1	NA	NA	NA	NA	NA
1_2275	2657911	2659038	1128	-1	0.314	11	None	GENOMAD.015291.CC	8.879e-115	374	0	0	0	1	NA	NA	NA	PF13970;PF04202;COG5633	NA
1_2276	2659128	2659397	270	-1	0.389	11	TAAAAA	NA	NA	NA	0	0	0	1	NA	NA	NA	NA	NA
1_2277	2659336	2659491	156	-1	0.327	11	AAAA	NA	NA	NA	0	0	0	1	NA	NA	NA	NA	NA
1_2278	2659629	2660690	1062	-1	0.410	11	TAA	GENOMAD.210284.CP	3.03e-08	58	0	0	0	1	NA	NA	NA	PF15869;TIGR03866	TolB-like 6-blade propeller-like
1_2279	2660700	2660909	210	-1	0.357	11	TAAA	NA	NA	NA	0	0	0	1	NA	NA	NA	NA	NA
1_2280	2661139	2662236	1098	1	0.325	11	None	GENOMAD.212937.PC	1.396e-159	503	0	0	0	1	NA	NA	NA	K22486;COG3629	NA
1_2281	2662504	2663298	795	-1	0.367	11	TAGAA	NA	NA	NA	0	0	0	1	NA	NA	NA	NA	NA
1_2282	2663307	2663699	393	-1	0.356	11	AATAA	NA	NA	NA	0	0	0	1	NA	NA	NA	NA	NA
1_2283	2663696	2663896	201	-1	0.328	11	TAAA	NA	NA	NA	0	0	0	1	NA	NA	NA	NA	NA
1_2284	2663865	2665628	1764	-1	0.319	11	AAAAA	GENOMAD.151246.CP	9.844e-17	87	0	0	0	1	NA	NA	NA	PF17139;COG5071;TIGR02521;K02656	26S proteasome regulatory complex component
1_2285	2665671	2666399	729	-1	0.358	11	AAAAA	GENOMAD.017429.CC	7.565e-132	416	0	0	0	1	NA	NA	NA	PF14289	NA
1_2286	2666639	2667877	1239	1	0.430	11	TAA	GENOMAD.151721.VV	1.227e-05	50	0	0	0	2561	Caudoviricetes	NA	NA	PF04055;TIGR04317;COG0641;K22226	tungsten cofactor oxidoreducase radical SAM maturase
1_2287	2667919	2670084	2166	1	0.425	11	AATAA	GENOMAD.129045.CP	1.091e-149	492	0	0	0	2561	Caudoviricetes	NA	NA	PF10459	Peptidase S46
1_2288	2670084	2672249	2166	1	0.441	11	None	GENOMAD.129045.CP	1.653e-142	471	0	0	0	2561	Caudoviricetes	NA	NA	PF10459	Peptidase S46
1_2289	2672356	2672538	183	-1	0.366	11	TAA	NA	NA	NA	0	0	0	1	NA	NA	NA	NA	NA
1_2290	2672535	2673659	1125	-1	0.443	11	AATAA	GENOMAD.160379.CV	4.878e-131	421	0	0	0	1	NA	NA	NA	PF13528;TIGR00661;COG1819;K02563	conserved hypothetical protein
1_2291	2673656	2674462	807	-1	0.375	11	AAAAA	GENOMAD.143472.VV	3.987e-12	69	0	0	0	1	NA	NA	NA	NA	NA
1_2292	2674637	2674948	312	1	0.391	11	AAAAA	GENOMAD.129419.VC	2.069e-05	44	0	0	0	1	NA	NA	NA	PF00085;TIGR01126;COG3118	protein disulfide-isomerase domain
1_2293	2674945	2675412	468	1	0.378	11	AATAA	GENOMAD.133068.CP	0.0009004	41	0	0	0	1	NA	NA	NA	PF00085;TIGR01626;COG2143;K06888	conserved hypothetical protein YtfJ-family, TIGR01626
1_2294	2675479	2676114	636	-1	0.447	11	TAAA	NA	NA	NA	0	0	0	1	NA	NA	NA	NA	NA
1_2295	2676248	2676805	558	-1	0.432	11	TAAA	GENOMAD.153115.CP	4.664e-58	200	0	0	0	1	NA	NA	NA	PF00210;K19824;COG0783;TIGR00754	DNA-binding ferritin-like protein (oxidative damage protectant)
1_2296	2676827	2677246	420	-1	0.367	11	TAAA	NA	NA	NA	0	0	0	1	NA	NA	NA	NA	NA
1_2297	2677416	2677763	348	-1	0.420	11	TAAA	GENOMAD.212618.CV	1.186e-07	51	0	0	0	1	NA	NA	NA	PF05656;COG3152	Uncharacterized membrane protein YhaH, DUF805 family
1_2298	2677947	2680058	2112	-1	0.427	11	TAAA	GENOMAD.116439.CP	2.629e-12	73	0	0	0	2561	Caudoviricetes	NA	NA	PF01401;TIGR02290;COG0339;K01283	oligoendopeptidase, pepF/M3 family
1_2299	2680169	2682094	1926	1	0.457	11	TAAA	NA	NA	NA	0	0	0	1	NA	NA	NA	NA	NA
1_2300	2682164	2682700	537	1	0.402	11	TAAAAA	NA	NA	NA	0	0	0	1	NA	NA	NA	NA	NA
1_2301	2682804	2685962	3159	1	0.445	11	TAAA	GENOMAD.145895.CP	7.649e-11	69	0	0	0	1	NA	NA	NA	K21573;TIGR04056	TonB-linked outer membrane protein, SusC/RagA family
1_2302	2685994	2687466	1473	1	0.449	11	TAA	GENOMAD.141002.CP	3.926e-24	110	0	0	0	1	NA	NA	NA	PF12741;PF16339	Susd and RagB outer membrane lipoprotein
1_2303	2687491	2688495	1005	1	0.448	11	AAAAA	GENOMAD.190075.CP	7.218e-55	198	0	0	0	1	NA	NA	NA	PF14582;TIGR03729;COG2908;K03651	putative phosphoesterase
1_2304	2688637	2689761	1125	-1	0.437	11	AAAA	NA	NA	NA	0	0	0	1	NA	NA	NA	NA	NA
1_2305	2689767	2690804	1038	-1	0.437	11	TAAA	GENOMAD.099160.CP	0.0003185	45	0	0	0	1	NA	NA	NA	PF12897;TIGR03542;K08969;COG1168	LL-diaminopimelate aminotransferase
1_2306	2690801	2692087	1287	-1	0.449	11	TAAAAA	NA	NA	NA	0	0	0	1	NA	NA	NA	NA	NA
1_2307	2692124	2692975	852	-1	0.415	11	TAA	NA	NA	NA	0	0	0	1	NA	NA	NA	NA	NA
1_2308	2693222	2693713	492	-1	0.411	11	TAA	GENOMAD.153376.CP	3.673e-13	69	0	0	0	1	NA	NA	NA	PF14539;TIGR02286;COG5496;K02614	phenylacetic acid degradation protein PaaD
1_2309	2693835	2694542	708	1	0.411	11	AAGAA	GENOMAD.147609.CP	7.429e-26	109	0	0	0	1	NA	NA	NA	PF02678;PF17954;COG1741;K06911	Redox-sensitive bicupin YhaK, pirin superfamily
1_2310	2694620	2696629	2010	-1	0.432	11	TAAA	GENOMAD.146189.CV	1.529e-29	129	0	0	0	1	NA	NA	NA	PF11412;COG4233;K04084	Thiol-disulfide interchange protein, contains DsbC and DsbD domains
1_2311	2696728	2697027	300	-1	0.407	11	TAAA	GENOMAD.160499.CP	4.845e-42	149	0	0	0	1	NA	NA	NA	PF07876;COG2329;K20508	Stress responsive A/B Barrel Domain
1_2312	2697129	2697737	609	1	0.471	11	TATAA	NA	NA	NA	0	0	0	1	NA	NA	NA	NA	NA
1_2313	2697740	2699131	1392	1	0.410	11	AAAA	GENOMAD.137571.CP	7.125e-38	152	0	0	0	1	NA	NA	NA	PF00497;K18691;COG4623;TIGR02995	Bacterial extracellular solute-binding proteins, family 3
1_2314	2699185	2700738	1554	-1	0.428	11	AAAAA	GENOMAD.002035.CC	4.027e-38	154	0	0	0	1	NA	NA	NA	PF00474;K14392;TIGR02121;COG4147	sodium/proline symporter
1_2315	2700735	2700860	126	-1	0.357	11	AAA	GENOMAD.031836.CC	3.088e-19	80	0	0	0	1	NA	NA	NA	NA	NA
1_2316	2701015	2701620	606	-1	0.464	11	TAAAAA	NA	NA	NA	0	0	0	1	NA	NA	NA	NA	NA
1_2317	2701634	2704384	2751	-1	0.458	11	None	NA	NA	NA	0	0	0	1	NA	NA	NA	NA	NA
1_2318	2704404	2704856	453	-1	0.413	11	AATAA	NA	NA	NA	0	0	0	1	NA	NA	NA	NA	NA
1_2319	2704871	2705443	573	-1	0.424	11	TAAAA	GENOMAD.136800.CP	2.006e-78	259	0	0	0	1	NA	NA	NA	PF04893;COG2881	Yip1 domain
1_2320	2705445	2706248	804	-1	0.398	11	TAAAAA	NA	NA	NA	0	0	0	1	NA	NA	NA	NA	NA
1_2321	2706331	2706831	501	-1	0.417	11	None	GENOMAD.043751.CC	2.695e-19	87	0	0	0	1	NA	NA	NA	PF14300	NA
1_2322	2707081	2707485	405	-1	0.407	11	AAAAA	GENOMAD.215973.CP	4.584e-51	177	0	0	0	1	NA	NA	NA	TIGR03987	TIGR03987 family protein
1_2323	2707726	2708427	702	1	0.459	11	TAAAAA	GENOMAD.170959.CV	2.231e-89	293	0	0	0	2561	Caudoviricetes	NA	NA	COG0822	NifU homolog involved in Fe-S cluster formation
1_2324	2708448	2709458	1011	1	0.471	11	TAA	GENOMAD.171064.CV	2.982e-189	587	0	0	0	2561	Caudoviricetes	NA	NA	PF14057	GGGtGRT protein
1_2325	2709785	2710786	1002	1	0.430	11	AAA	NA	NA	NA	0	0	0	1	NA	NA	NA	NA	NA
1_2326	2710950	2712395	1446	1	0.421	11	TAAA	NA	NA	NA	0	0	0	1	NA	NA	NA	NA	NA
1_2327	2712397	2713341	945	1	0.388	11	TAAA	GENOMAD.142968.CP	2.678e-28	119	0	0	0	1	NA	NA	NA	PF03631;COG1295;TIGR00766;K07058	Uncharacterized membrane protein, BrkB/YihY/UPF0761 family (not an RNase)
1_2328	2713351	2713671	321	-1	0.405	11	None	NA	NA	NA	0	0	0	1	NA	NA	NA	NA	NA
1_2329	2713842	2714792	951	-1	0.382	11	AATAA	NA	NA	NA	0	0	0	1	NA	NA	NA	NA	NA
1_2330	2714796	2715758	963	-1	0.381	11	TAA	GENOMAD.105757.CP	1.584e-05	49	0	0	0	1	NA	NA	NA	PF04321;TIGR01777;COG1090;K19997	TIGR01777 family protein
1_2331	2715755	2716519	765	-1	0.337	11	None	NA	NA	NA	0	0	0	1	NA	NA	NA	NA	NA
1_2332	2716523	2717728	1206	-1	0.337	11	None	NA	NA	NA	0	0	0	1	NA	NA	NA	NA	NA
1_2333	2717916	2718911	996	-1	0.333	11	TAAA	NA	NA	NA	0	0	0	1	NA	NA	NA	NA	NA
1_2334	2719094	2720638	1545	-1	0.315	11	TAAA	GENOMAD.176719.CP	6.611e-128	419	0	0	0	2561	Caudoviricetes	NA	NA	PF16933;TIGR01695;COG0728;K16694	murein biosynthesis integral membrane protein MurJ
1_2335	2720651	2721403	753	-1	0.299	11	TAA	NA	NA	NA	0	0	0	1	NA	NA	NA	NA	NA
1_2336	2721639	2722667	1029	-1	0.317	11	AACAA	NA	NA	NA	0	0	0	1	NA	NA	NA	NA	NA
1_2337	2722664	2723767	1104	-1	0.303	11	TAGAA	NA	NA	NA	0	0	0	1	NA	NA	NA	NA	NA
1_2338	2723754	2725064	1311	-1	0.297	11	TAA	NA	NA	NA	0	0	0	1	NA	NA	NA	NA	NA
1_2339	2725108	2726103	996	-1	0.337	11	None	NA	NA	NA	0	0	0	1	NA	NA	NA	NA	NA
1_2340	2726093	2726521	429	-1	0.308	11	None	GENOMAD.162894.VV	0.0006791	41	0	0	0	2561	Caudoviricetes	NA	NA	PF08218;COG1019;TIGR02199;K14656	Phosphopantetheine adenylyltransferase
1_2341	2726526	2727719	1194	-1	0.304	11	AAAAA	NA	NA	NA	0	0	0	1	NA	NA	NA	NA	NA
1_2342	2727720	2728652	933	-1	0.316	11	None	GENOMAD.111395.VV	4.023e-07	54	0	0	0	1	NA	NA	NA	PF13641;K19427;TIGR04017;COG1216	colanic acid biosynthesis glycosyl transferase WcaA
1_2343	2728649	2729287	639	-1	0.311	11	AAA	GENOMAD.159737.CP	1.186e-05	48	0	0	0	1	NA	NA	NA	PF01522;K01567;COG2861;TIGR02873	Uncharacterized conserved protein YibQ, putative polysaccharide deacetylase 2 family
1_2344	2729284	2730423	1140	-1	0.305	11	TAA	NA	NA	NA	0	0	0	1	NA	NA	NA	NA	NA
1_2345	2730522	2731004	483	-1	0.451	11	AATAA	NA	NA	NA	0	0	0	1	NA	NA	NA	NA	NA
1_2346	2731063	2731602	540	-1	0.485	11	None	NA	NA	NA	0	0	0	1	NA	NA	NA	NA	NA
1_2347	2732683	2733030	348	1	0.477	11	TAAAAA	GENOMAD.141308.VP	2.207e-09	56	0	0	0	2561	Caudoviricetes	NA	NA	PF10902	WYL_2, Sm-like SH3 beta-barrel fold
1_2348	2733172	2734044	873	1	0.467	11	TAA	GENOMAD.211730.VP	7.438e-20	93	0	0	0	2561	Caudoviricetes	NA	NA	PF14297	NA
1_2349	2734388	2735224	837	-1	0.464	11	AAA	GENOMAD.127001.CP	7.062e-08	56	0	0	0	2561	Caudoviricetes	NA	NA	PF12682;PF13484;COG1941;TIGR02060;K00443	Coenzyme F420-reducing hydrogenase, gamma subunit
1_2350	2735501	2737570	2070	1	0.481	11	TAA	NA	NA	NA	0	0	0	1	NA	NA	NA	NA	NA
1_2351	2737783	2739546	1764	1	0.478	11	AATAA	NA	NA	NA	0	0	0	1	NA	NA	NA	NA	NA
1_2352	2739543	2741495	1953	1	0.472	11	AAGAA	NA	NA	NA	0	0	0	1	NA	NA	NA	NA	NA
1_2353	2741570	2742892	1323	1	0.498	11	TAA	GENOMAD.121831.CP	7.825e-11	67	0	0	0	2561	Caudoviricetes	NA	NA	COG0534	Na+-driven multidrug efflux pump
1_2354	2743054	2744373	1320	1	0.502	11	TAA	GENOMAD.050490.CV	1.831e-52	195	1	0	0	2561	Caudoviricetes	NA	NA	PF02881;PF01591;K03106;TIGR00959;COG0541	signal recognition particle protein
1_2355	2744778	2745863	1086	1	0.478	11	TAAAAA	GENOMAD.130406.CP	5.538e-12	70	0	0	0	2561	Caudoviricetes	NA	NA	PF00578;PF17127;TIGR00385;K02199;COG0386	periplasmic protein thiol:disulfide oxidoreductases, DsbE subfamily
1_2356	2745883	2746764	882	1	0.506	11	TAA	NA	NA	NA	0	0	0	1	NA	NA	NA	NA	NA
1_2357	2746828	2748459	1632	1	0.498	11	None	GENOMAD.141295.CP	1.415e-15	83	0	0	0	1	NA	NA	NA	PF08534;TIGR00385;COG0386	periplasmic protein thiol:disulfide oxidoreductases, DsbE subfamily
1_2358	2748472	2749590	1119	1	0.482	11	TAA	NA	NA	NA	0	0	0	1	NA	NA	NA	NA	NA
1_2359	2749574	2749768	195	1	0.405	11	TAA	NA	NA	NA	0	0	0	1	NA	NA	NA	NA	NA
1_2360	2749897	2750925	1029	-1	0.420	11	TAAAAA	GENOMAD.030934.CC	4.831e-178	555	0	0	0	1	NA	NA	NA	PF16149	NA
1_2361	2750958	2751629	672	-1	0.417	11	TAA	GENOMAD.030970.CC	4.621e-39	147	0	0	0	1	NA	NA	NA	TIGR03732	lantibiotic protection ABC transporter permease subunit, MutE/EpiE family
1_2362	2751652	2752539	888	-1	0.421	11	TATAA	NA	NA	NA	0	0	0	1	NA	NA	NA	NA	NA
1_2363	2752567	2753142	576	-1	0.436	11	None	GENOMAD.012764.CC	2.628e-31	123	0	0	0	1	NA	NA	NA	PF16357;K09939;COG3295	Putative PepSY_TM-like
1_2364	2753126	2753710	585	-1	0.465	11	TAAAAA	GENOMAD.042838.CC	1.304e-93	303	0	0	0	1	NA	NA	NA	PF16267;PF02402;COG3065;TIGR00156	Starvation-inducible outer membrane lipoprotein
1_2365	2753731	2755281	1551	-1	0.473	11	TAAA	GENOMAD.044580.CC	2.633e-52	197	0	0	0	1	NA	NA	NA	NA	NA
1_2366	2755320	2756534	1215	-1	0.415	11	TAAA	GENOMAD.177177.CP	3.093e-69	243	0	0	0	1	NA	NA	NA	PF16215	NA
1_2367	2756561	2759299	2739	-1	0.438	11	TAA	GENOMAD.128893.CP	7.578e-279	877	0	0	0	1	NA	NA	NA	PF14905;PF07715;PF00576;K19611;TIGR04056;COG4774	TonB-linked outer membrane protein, SusC/RagA family
1_2368	2759630	2759809	180	1	0.400	11	AATAA	NA	NA	NA	0	0	0	1	NA	NA	NA	NA	NA
1_2369	2759724	2760704	981	-1	0.463	11	AAAAA	GENOMAD.160868.CP	4.812e-14	76	0	0	0	1	NA	NA	NA	PF10988;K11621	Putative auto-transporter adhesin, head GIN domain
1_2370	2760805	2762649	1845	-1	0.491	11	None	GENOMAD.104176.VV	3.693e-15	82	0	0	0	2561	Caudoviricetes	NA	NA	PF11868;PF01930;K02343;COG2256;TIGR02397	Replication-associated recombination protein RarA (DNA-dependent ATPase)
1_2371	2762798	2763100	303	1	0.465	11	TAA	GENOMAD.004481.CC	1.927e-28	110	0	0	0	1	NA	NA	NA	PF04977;COG2919;TIGR02209;K03586	Cell division protein FtsB
1_2372	2763097	2763441	345	1	0.507	11	None	GENOMAD.215177.CV	3.64e-20	87	0	0	0	1	NA	NA	NA	NA	NA
1_2373	2763514	2763921	408	-1	0.439	11	TAAA	GENOMAD.166713.CP	3.521e-21	91	0	0	0	1	NA	NA	NA	PF09912;COG4704	Uncharacterized conserved protein, DUF2141 family
1_2374	2763934	2765805	1872	-1	0.466	11	TAA	GENOMAD.001466.CC	0.0	1064	0	0	0	1	NA	NA	NA	PF14905;PF07715;TIGR01779;COG4206;K16092	TonB-dependent vitamin B12 receptor
1_2375	2765980	2766879	900	-1	0.434	11	AAAAA	GENOMAD.178352.CP	5.434e-40	153	0	0	0	1	NA	NA	NA	PF04397;K11641	LytTr DNA-binding domain
1_2376	2767023	2767628	606	-1	0.393	11	AAAA	GENOMAD.151405.CP	5.453e-26	108	0	0	0	1	NA	NA	NA	PF03938;PF16390;COG2825;K06142	Periplasmic chaperone for outer membrane proteins, Skp family
1_2377	2767656	2767889	234	-1	0.385	11	TAA	GENOMAD.032402.CC	9.536e-18	78	0	0	0	1	NA	NA	NA	NA	NA
1_2378	2768051	2769517	1467	1	0.473	11	TAAAAA	GENOMAD.133563.CP	4.439e-120	395	0	0	0	2561	Caudoviricetes	NA	NA	PF01546;K01270;TIGR01893;COG0624	Xaa-His dipeptidase
1_2379	2769582	2770652	1071	1	0.453	11	TAAAAA	GENOMAD.146146.CP	1.796e-64	227	0	0	0	2561	Caudoviricetes	NA	NA	PF19580;TIGR03395;COG5239;K06896	Endonuclease/Exonuclease/phosphatase family
1_2380	2770637	2771806	1170	-1	0.425	11	TAA	GENOMAD.137772.CP	1.567e-94	316	0	0	0	1	NA	NA	NA	COG0668;K03442	Small-conductance mechanosensitive channel
1_2381	2771944	2772600	657	-1	0.495	11	TAAA	GENOMAD.031103.VV	5.978e-20	91	0	0	0	2561	Caudoviricetes	NA	NA	PF00923;K08314;TIGR00875;COG0176	fructose-6-phosphate aldolase, TalC/MipB family
1_2382	2772666	2774483	1818	-1	0.500	11	TAAA	GENOMAD.171982.CP	6.194e-18	91	0	0	0	1	NA	NA	NA	PF07738	NA
1_2383	2774639	2777701	3063	-1	0.499	11	TAAA	GENOMAD.145692.CP	1.59e-07	58	0	0	0	1	NA	NA	NA	K01190;COG3250	Beta-galactosidase/beta-glucuronidase
1_2384	2777812	2780130	2319	-1	0.496	11	AAA	GENOMAD.141299.CP	5.511e-15	82	0	0	0	2561	Caudoviricetes	NA	NA	COG3525	N-acetyl-beta-hexosaminidase
1_2385	2780148	2781734	1587	-1	0.480	11	AAAAA	GENOMAD.134238.CP	3.208e-47	182	0	0	0	1	NA	NA	NA	PF16347	NA
1_2386	2782140	2783606	1467	1	0.494	11	AACAA	NA	NA	NA	0	0	0	1	NA	NA	NA	NA	NA
1_2387	2783707	2785356	1650	-1	0.477	11	AAA	GENOMAD.142037.CP	8.061e-21	100	0	0	0	2561	Caudoviricetes	NA	NA	PF00728;PF02838;COG3525;K12373	N-acetyl-beta-hexosaminidase
1_2388	2785553	2788471	2919	1	0.497	11	None	GENOMAD.125999.CP	1.498e-07	58	0	0	0	1	NA	NA	NA	PF08450;K19693;COG3292	Periplasmic ligand-binding sensor domain
1_2389	2788650	2789702	1053	-1	0.466	11	AAAA	GENOMAD.145252.CP	4.426e-44	167	0	0	0	1	NA	NA	NA	NA	NA
1_2390	2789870	2790616	747	-1	0.467	11	TAAA	NA	NA	NA	0	0	0	1	NA	NA	NA	NA	NA
1_2391	2790807	2792261	1455	-1	0.490	11	TAA	NA	NA	NA	0	0	0	1	NA	NA	NA	NA	NA
1_2392	2792363	2793877	1515	-1	0.472	11	TAAAAA	GENOMAD.137579.CP	4.942e-07	55	0	0	0	1	NA	NA	NA	PF00884;COG3119;TIGR03417;K01133	Arylsulfatase A or related enzyme
1_2393	2793893	2795449	1557	-1	0.480	11	TAAA	GENOMAD.141299.CP	3.28e-21	101	0	0	0	2561	Caudoviricetes	NA	NA	COG3525	N-acetyl-beta-hexosaminidase
1_2394	2795554	2797419	1866	-1	0.466	11	AATAA	GENOMAD.140759.CP	2.242e-16	86	0	0	0	1	NA	NA	NA	PF12771;K21572	Starch-binding associating with outer membrane
1_2395	2797434	2800871	3438	-1	0.437	11	TAA	GENOMAD.136373.CP	8.526e-11	69	0	0	0	1	NA	NA	NA	PF14905;PF07715;K19611;TIGR04056;COG4774	TonB-linked outer membrane protein, SusC/RagA family
1_2396	2801009	2802007	999	-1	0.429	11	TAA	GENOMAD.133618.CP	1.978e-06	52	0	0	0	1	NA	NA	NA	PF04773;PF16220;COG3712	periplasmic ferric-dicitrate binding protein FecR, regulates iron transport through sigma-19
1_2397	2802097	2802654	558	-1	0.425	11	TAAA	NA	NA	NA	0	0	0	1	NA	NA	NA	NA	NA
1_2398	2802834	2804828	1995	-1	0.493	11	AAAAA	GENOMAD.167451.CV	7.413e-07	55	0	0	0	1	NA	NA	NA	PF18033	SpuA C-terminal
1_2399	2804884	2805450	567	-1	0.492	11	None	GENOMAD.140788.VC	1.766e-09	59	0	0	0	2561	Caudoviricetes	NA	NA	PF02075;K01159;COG0817;TIGR00228	Crossover junction endodeoxyribonuclease RuvC
1_2400	2805447	2805749	303	-1	0.449	11	TAAAA	GENOMAD.012519.CC	9.167e-52	177	0	0	0	1	NA	NA	NA	PF14114	NA
1_2401	2806157	2807287	1131	-1	0.467	11	TAA	NA	NA	NA	0	0	0	1	NA	NA	NA	NA	NA
1_2402	2807834	2808853	1020	1	0.503	11	AATAA	GENOMAD.000397.CC	4.913e-07	54	1	0	0	1	NA	NA	NA	PF01409;PF18006;K07587;TIGR00470;COG2024	O-phosphoserine--tRNA ligase
1_2403	2809022	2810215	1194	1	0.490	11	TAA	GENOMAD.142577.CP	1.272e-10	66	0	0	0	1	NA	NA	NA	COG2223;K08153	Nitrate/nitrite transporter NarK
1_2404	2810212	2810889	678	1	0.476	11	TAA	NA	NA	NA	0	0	0	1	NA	NA	NA	NA	NA
1_2405	2810979	2812238	1260	1	0.475	11	AATAA	NA	NA	NA	0	0	0	1	NA	NA	NA	NA	NA
1_2406	2812246	2813265	1020	1	0.462	11	AATAA	GENOMAD.161334.CP	4.2e-21	98	0	0	0	1	NA	NA	NA	PF12916;TIGR01728;COG0715;K15553	ABC transporter, substrate-binding protein, aliphatic sulfonates family
1_2407	2813285	2814319	1035	1	0.465	11	TAAA	GENOMAD.191789.CV	1.07e-106	349	0	0	0	2561	Caudoviricetes	NA	NA	COG3746;K07221	Phosphate-selective porin
1_2408	2814331	2815521	1191	1	0.477	11	TAA	GENOMAD.153250.CP	1.882e-59	214	0	0	0	1	NA	NA	NA	COG2311	Uncharacterized membrane protein YeiB
1_2409	2815525	2817723	2199	1	0.453	11	TAAA	NA	NA	NA	0	0	0	1	NA	NA	NA	NA	NA
1_2410	2817942	2818451	510	1	0.382	11	TAAA	NA	NA	NA	0	0	0	1	NA	NA	NA	NA	NA
1_2411	2818787	2819623	837	-1	0.421	11	TAAA	GENOMAD.042078.CC	1.171e-05	49	0	0	0	1	NA	NA	NA	PF10287;PF16408;COG2273;K20832	Beta-glucanase, GH16 family
1_2412	2819789	2820706	918	-1	0.399	11	TAAA	NA	NA	NA	0	0	0	1	NA	NA	NA	NA	NA
1_2413	2820923	2822446	1524	1	0.459	11	TAAAAA	NA	NA	NA	0	0	0	1	NA	NA	NA	NA	NA
1_2414	2822460	2822702	243	1	0.395	11	TAAAAA	NA	NA	NA	0	0	0	1	NA	NA	NA	NA	NA
1_2415	2822706	2824088	1383	1	0.469	11	AATAA	GENOMAD.029393.CC	0.0001219	47	0	0	0	1	NA	NA	NA	PF13813	Membrane bound O-acyl transferase family
1_2416	2824107	2825177	1071	1	0.452	11	AAA	GENOMAD.031659.CC	2.284e-140	447	0	0	0	1	NA	NA	NA	PF07611	NA
1_2417	2825221	2825613	393	1	0.379	11	AAAAA	GENOMAD.193198.VC	2.366e-64	215	0	0	0	2561	Caudoviricetes	NA	NA	PF04202;K07286;COG5510;TIGR02747	Predicted small secreted protein
1_2418	2825766	2826347	582	-1	0.478	11	TAA	NA	NA	NA	0	0	0	1	NA	NA	NA	NA	NA
1_2419	2826379	2826900	522	-1	0.511	11	AAA	NA	NA	NA	0	0	0	1	NA	NA	NA	NA	NA
1_2420	2826919	2827710	792	-1	0.467	11	None	GENOMAD.146109.CP	4.001e-50	181	0	0	0	1	NA	NA	NA	PF10728;PF07991;COG0059;K24263;TIGR01505	Ketol-acid reductoisomerase
1_2421	2827707	2828039	333	-1	0.435	11	None	NA	NA	NA	0	0	0	1	NA	NA	NA	NA	NA
1_2422	2828042	2828578	537	-1	0.480	11	AACAA	GENOMAD.129117.CP	3.081e-08	55	0	0	0	1	NA	NA	NA	PF14512;COG3560;TIGR02476;K04719	Fatty acid repression mutant protein (predicted oxidoreductase)
1_2423	2828704	2829246	543	-1	0.479	11	TAAAA	GENOMAD.179566.CP	1.963e-19	88	0	0	0	2561	Caudoviricetes	NA	NA	PF00484;COG0288;K20499	Carbonic anhydrase
1_2424	2829363	2830346	984	1	0.478	11	TAAA	GENOMAD.152362.CV	2.324e-68	237	0	0	0	1	NA	NA	NA	PF02388;TIGR03019;K05363;COG3146	FemAB-related protein, PEP-CTERM system-associated
1_2425	2830558	2830962	405	1	0.454	11	TAAAAA	GENOMAD.133029.CP	1.749e-28	112	0	0	0	1	NA	NA	NA	PF13669;K05606;TIGR03081;COG3607	methylmalonyl-CoA epimerase
1_2426	2831088	2832641	1554	1	0.490	11	TAAA	GENOMAD.114541.CP	1.296e-95	325	0	0	0	1	NA	NA	NA	PF01039;K01604;TIGR01117;COG4799	methylmalonyl-CoA decarboxylase alpha subunit
1_2427	2832661	2833575	915	1	0.464	11	TAAAAA	GENOMAD.003333.CC	2.161e-124	398	0	0	0	1	NA	NA	NA	PF04277;PF05736;COG3630;TIGR01195;K23352	Na+-transporting methylmalonyl-CoA/oxaloacetate decarboxylase, gamma subunit
1_2428	2833601	2834032	432	1	0.440	11	TAA	GENOMAD.117180.CP	1.007e-11	64	0	0	0	1	NA	NA	NA	PF00364;K02160;TIGR00531;COG0511	acetyl-CoA carboxylase, biotin carboxyl carrier protein
1_2429	2834035	2835195	1161	1	0.504	11	TAA	GENOMAD.104139.CP	2.258e-164	518	0	0	0	1	NA	NA	NA	PF03977;COG1883;K20509;TIGR03136	Na+-transporting methylmalonyl-CoA/oxaloacetate decarboxylase, beta subunit
1_2430	2835348	2836682	1335	1	0.449	11	TAAA	NA	NA	NA	0	0	0	1	NA	NA	NA	NA	NA
1_2431	2836703	2838001	1299	1	0.446	11	None	NA	NA	NA	0	0	0	1	NA	NA	NA	NA	NA
1_2432	2838168	2840018	1851	1	0.469	11	TAA	NA	NA	NA	0	0	0	1	NA	NA	NA	NA	NA
1_2433	2840142	2840582	441	1	0.456	11	TAAA	NA	NA	NA	0	0	0	1	NA	NA	NA	NA	NA
1_2434	2840597	2841664	1068	1	0.507	11	TAAAA	GENOMAD.138157.CP	2.932e-37	147	0	0	0	1	NA	NA	NA	PF13437;TIGR02828	HlyD family secretion protein
1_2435	2841669	2843264	1596	1	0.484	11	TAA	GENOMAD.161707.CP	3.713e-55	206	0	0	0	1	NA	NA	NA	PF06609;K03446;TIGR00711;COG2814	drug resistance transporter, EmrB/QacA subfamily
1_2436	2843748	2844752	1005	-1	0.441	11	TAAA	GENOMAD.137744.CP	2.528e-14	77	0	0	0	2561	Caudoviricetes	NA	NA	PF01116;COG0191;K01624;TIGR00167	Fructose/tagatose bisphosphate aldolase
1_2437	2844932	2845951	1020	-1	0.487	11	TAAA	GENOMAD.146146.CP	4.164e-37	146	0	0	0	2561	Caudoviricetes	NA	NA	PF19580;TIGR03395;COG5239;K06896	Endonuclease/Exonuclease/phosphatase family
1_2438	2846314	2846565	252	1	0.405	11	TAAAAA	NA	NA	NA	0	0	0	1	NA	NA	NA	NA	NA
1_2439	2846656	2849016	2361	-1	0.459	11	None	NA	NA	NA	0	0	0	1	NA	NA	NA	NA	NA
1_2440	2849219	2850745	1527	1	0.500	11	TAAAAA	NA	NA	NA	0	0	0	1	NA	NA	NA	NA	NA
1_2441	2850855	2853713	2859	-1	0.521	11	TAA	NA	NA	NA	0	0	0	1	NA	NA	NA	NA	NA
1_2442	2853888	2855486	1599	-1	0.481	11	AATAA	GENOMAD.151094.CV	1.763e-55	207	0	0	0	1	NA	NA	NA	PF17142;PF17138;PF17141;K21571	NA
1_2443	2855521	2857140	1620	-1	0.500	11	TAA	GENOMAD.123514.CP	8.89e-22	103	0	0	0	2561	Caudoviricetes	NA	NA	PF12771;K21572;COG5510	Starch-binding associating with outer membrane
1_2444	2857152	2860160	3009	-1	0.490	11	TAA	GENOMAD.126007.CP	2.358e-09	64	0	0	0	1	NA	NA	NA	PF15976;K21573;TIGR04056	TonB-linked outer membrane protein, SusC/RagA family
1_2445	2860648	2861658	1011	1	0.529	11	AAA	NA	NA	NA	0	0	0	1	NA	NA	NA	NA	NA
1_2446	2861801	2863117	1317	1	0.550	11	TAA	GENOMAD.178779.CP	3.288e-06	52	0	0	0	1	NA	NA	NA	K16211;COG2270	MFS-type transporter involved in bile tolerance, Atg22 family
1_2447	2863275	2865608	2334	-1	0.507	11	TAAAAA	NA	NA	NA	0	0	0	1	NA	NA	NA	NA	NA
1_2448	2865654	2868014	2361	-1	0.589	11	TAA	NA	NA	NA	0	0	0	1	NA	NA	NA	NA	NA
1_2449	2868164	2870770	2607	-1	0.642	11	AAAAA	NA	NA	NA	0	0	0	1	NA	NA	NA	NA	NA
1_2450	2870904	2873324	2421	-1	0.601	11	TAA	NA	NA	NA	0	0	0	1	NA	NA	NA	NA	NA
1_2451	2873483	2874499	1017	-1	0.571	11	AAAAA	NA	NA	NA	0	0	0	1	NA	NA	NA	NA	NA
1_2452	2874496	2875767	1272	-1	0.557	11	AAAAA	NA	NA	NA	0	0	0	1	NA	NA	NA	NA	NA
1_2453	2875770	2876330	561	-1	0.442	11	AAAA	NA	NA	NA	0	0	0	1	NA	NA	NA	NA	NA
1_2454	2877211	2878188	978	1	0.577	11	TAA	GENOMAD.089051.VV	1.27e-85	287	0	0	0	2561	Caudoviricetes	NA	NA	PF14297	NA
1_2455	2878586	2879485	900	1	0.482	11	AAA	GENOMAD.214923.CP	1.395e-12	71	0	0	0	1	NA	NA	NA	NA	NA
1_2456	2879571	2881688	2118	1	0.546	11	AACAA	GENOMAD.148504.VP	8.339e-92	321	0	0	1	2561	Caudoviricetes	NA	NA	PF20307	Divergent DnaB-like ATPase
1_2457	2881707	2881952	246	-1	0.541	11	AAAAA	GENOMAD.178883.VC	3.553e-07	48	0	0	0	2561	Caudoviricetes	NA	NA	PF14053	NA
1_2458	2882337	2882804	468	1	0.538	11	AAAAA	GENOMAD.180834.VC	9.436e-45	160	0	0	0	2561	Caudoviricetes	NA	NA	PF18291;COG0776;TIGR01201;K05788	HU domain fused to wHTH, Ig, or Glycine-rich motif
1_2459	2882833	2882928	96	1	0.458	11	TAAA	NA	NA	NA	0	0	0	1	NA	NA	NA	NA	NA
1_2460	2883065	2885386	2322	1	0.524	11	TAAAAA	NA	NA	NA	0	0	0	1	NA	NA	NA	NA	NA
1_2461	2885534	2886586	1053	1	0.513	11	TAA	NA	NA	NA	0	0	0	1	NA	NA	NA	NA	NA
1_2462	2886729	2889764	3036	1	0.535	11	AAAA	NA	NA	NA	0	0	0	1	NA	NA	NA	NA	NA
1_2463	2889791	2891065	1275	1	0.518	11	TAAA	GENOMAD.127041.CP	1.072e-18	92	0	0	0	1	NA	NA	NA	PF02321;TIGR01845;K12340;COG1538	efflux transporter, outer membrane factor (OMF) lipoprotein, NodT family
1_2464	2891315	2892583	1269	1	0.459	11	AACAA	GENOMAD.016511.CC	1.34e-33	138	0	0	0	1	NA	NA	NA	PF16130;TIGR04456	LruC domain
1_2465	2892867	2894174	1308	1	0.428	11	TAAA	GENOMAD.016511.CC	2.003e-23	107	0	0	0	1	NA	NA	NA	PF16130;TIGR04456	LruC domain
1_2466	2894413	2898117	3705	1	0.499	11	AAAA	GENOMAD.121610.CV	8.786e-24	112	1	0	0	2561	Caudoviricetes	NA	NA	PF13507;COG0047	CobB/CobQ-like glutamine amidotransferase domain
1_2467	2898290	2902285	3996	1	0.442	11	TAAA	GENOMAD.125999.CP	3.153e-12	74	0	0	0	1	NA	NA	NA	PF08450;K19693;COG3292	Periplasmic ligand-binding sensor domain
1_2468	2902315	2902857	543	1	0.475	11	TAA	NA	NA	NA	0	0	0	1	NA	NA	NA	NA	NA
1_2469	2902883	2903431	549	1	0.468	11	TAA	NA	NA	NA	0	0	0	1	NA	NA	NA	NA	NA
1_2470	2903575	2905083	1509	-1	0.484	11	AAA	GENOMAD.142014.CP	7.12e-65	234	0	0	0	2561	Caudoviricetes	NA	NA	COG1649	Uncharacterized lipoprotein YddW, UPF0748 family
1_2471	2905253	2908030	2778	1	0.535	11	TAA	NA	NA	NA	0	0	0	1	NA	NA	NA	NA	NA
1_2472	2908198	2908680	483	-1	0.484	11	AAAAA	NA	NA	NA	0	0	0	1	NA	NA	NA	NA	NA
1_2473	2908688	2908918	231	-1	0.459	11	TAA	NA	NA	NA	0	0	0	1	NA	NA	NA	NA	NA
1_2474	2908926	2910371	1446	-1	0.519	11	AACAA	GENOMAD.133343.CP	4.279e-204	638	0	0	0	1	NA	NA	NA	COG1966;K06200	Carbon starvation protein CstA
1_2475	2910622	2912139	1518	1	0.550	11	AAAA	GENOMAD.142014.CP	3.978e-43	169	0	0	0	2561	Caudoviricetes	NA	NA	COG1649	Uncharacterized lipoprotein YddW, UPF0748 family
1_2476	2912231	2914492	2262	1	0.405	11	TAA	NA	NA	NA	0	0	0	1	NA	NA	NA	NA	NA
1_2477	2914501	2915682	1182	-1	0.532	11	TAA	GENOMAD.024411.CC	1.307e-47	179	0	0	0	1	NA	NA	NA	PF02222;TIGR00768;COG0026	ATP-grasp domain
1_2478	2916452	2917630	1179	1	0.458	11	AAAA	NA	NA	NA	0	0	0	1	NA	NA	NA	NA	NA
1_2479	2917649	2918227	579	1	0.463	11	TAA	GENOMAD.106851.CP	1.821e-12	68	0	0	0	1	NA	NA	NA	PF09685;K09940;COG3296	Uncharacterized conserved protein, Tic20 family
1_2480	2918242	2918769	528	1	0.434	11	TAAAA	GENOMAD.106851.CP	6.103e-09	57	0	0	0	1	NA	NA	NA	PF09685;K09940;COG3296	Uncharacterized conserved protein, Tic20 family
1_2481	2918783	2919355	573	1	0.401	11	TAAA	GENOMAD.106851.CP	0.0003645	43	0	0	0	1	NA	NA	NA	PF09685;K09940;COG3296	Uncharacterized conserved protein, Tic20 family
1_2482	2919392	2922946	3555	1	0.496	11	TAAA	GENOMAD.066170.CP	2.511e-05	51	0	0	0	1	NA	NA	NA	PF13484;K00171;TIGR00403;COG1141	NADH-plastoquinone oxidoreductase subunit I protein
1_2483	2923148	2923651	504	1	0.506	11	AAA	NA	NA	NA	0	0	0	1	NA	NA	NA	NA	NA
1_2484	2923693	2924550	858	-1	0.479	11	AAGAA	NA	NA	NA	0	0	0	1	NA	NA	NA	NA	NA
1_2485	2924569	2925393	825	-1	0.514	11	AAAA	NA	NA	NA	0	0	0	1	NA	NA	NA	NA	NA
1_2486	2925390	2926616	1227	-1	0.475	11	TAAA	NA	NA	NA	0	0	0	1	NA	NA	NA	NA	NA
1_2487	2926958	2927293	336	-1	0.455	11	TAAA	GENOMAD.083954.CP	7.138e-20	86	0	0	0	1	NA	NA	NA	PF01035;K07443;COG3695;TIGR00589	Alkylated DNA nucleotide flippase Atl1, participates in nucleotide excision repair, Ada-like DNA-binding domain
1_2488	2927324	2930047	2724	-1	0.524	11	AATAA	GENOMAD.153318.PC	7.71e-12	72	0	0	0	1	NA	NA	NA	PF04392;K23508;TIGR02637;COG4213	rhamnose ABC transporter, rhamnose-binding protein
1_2489	2930304	2931173	870	-1	0.520	11	AACAA	NA	NA	NA	0	0	0	1	NA	NA	NA	NA	NA
1_2490	2931367	2932533	1167	-1	0.508	11	TAA	GENOMAD.153188.CP	1.645e-132	426	0	0	0	1	NA	NA	NA	PF00083;K02429;TIGR00885;COG0738	L-fucose:H+ symporter permease
1_2491	2932565	2934433	1869	-1	0.500	11	TAAAAA	GENOMAD.168257.PC	2.447e-09	63	0	0	0	1	NA	NA	NA	PF00251;PF16346;PF16408;TIGR01322;K01193;COG1621	sucrose-6-phosphate hydrolase
1_2492	2934556	2936844	2289	-1	0.484	11	TAAAAA	GENOMAD.179118.CP	6.28e-265	829	0	0	0	1	NA	NA	NA	K16088	NA
1_2493	2937094	2937450	357	-1	0.429	11	None	NA	NA	NA	0	0	0	1	NA	NA	NA	NA	NA
1_2494	2937598	2938371	774	-1	0.478	11	AAAAA	GENOMAD.054128.CC	3.592e-19	90	0	0	0	1	NA	NA	NA	PF16961;COG3047;TIGR04565	Putative OmpA-OmpF-like porin family
1_2495	2938419	2940035	1617	-1	0.390	11	TAAAAA	GENOMAD.216236.VC	7.218e-72	256	0	0	0	1	NA	NA	NA	NA	NA
1_2496	2941558	2942319	762	1	0.424	11	AATAA	NA	NA	NA	0	0	0	1	NA	NA	NA	NA	NA
1_2497	2942358	2942687	330	1	0.382	11	AAA	NA	NA	NA	0	0	0	1	NA	NA	NA	NA	NA
1_2498	2942733	2943146	414	1	0.401	11	AATAA	NA	NA	NA	0	0	0	1	NA	NA	NA	NA	NA
1_2499	2943484	2945205	1722	-1	0.268	11	AATAA	GENOMAD.050547.PP	8.248e-05	48	0	1	0	1	NA	NA	NA	PF13814	Replication-relaxation
1_2500	2945890	2946213	324	1	0.488	11	AAAA	NA	NA	NA	0	0	0	1	NA	NA	NA	NA	NA
1_2501	2946449	2946697	249	-1	0.450	11	TAAA	NA	NA	NA	0	0	0	1	NA	NA	NA	NA	NA
1_2502	2946858	2946995	138	-1	0.362	11	TAA	NA	NA	NA	0	0	0	1	NA	NA	NA	NA	NA
1_2503	2947006	2948148	1143	-1	0.392	11	TAA	NA	NA	NA	0	0	0	1	NA	NA	NA	NA	NA
1_2504	2948705	2951017	2313	1	0.425	11	AAAAA	GENOMAD.126028.CP	1.5e-12	74	0	0	0	2561	Caudoviricetes	NA	NA	PF02687;TIGR03434;COG3127;K24948	Acidobacterial duplicated orphan permease
1_2505	2951107	2951835	729	-1	0.454	11	TAA	GENOMAD.132728.CP	4.589e-08	56	0	0	0	1	NA	NA	NA	PF14512;K04719;TIGR02476;COG3560	5,6-dimethylbenzimidazole synthase
1_2506	2951863	2952552	690	-1	0.435	11	TAAAAA	NA	NA	NA	0	0	0	1	NA	NA	NA	NA	NA
1_2507	2952617	2952736	120	-1	0.408	11	TAAA	NA	NA	NA	0	0	0	1	NA	NA	NA	NA	NA
1_2508	2952690	2953529	840	-1	0.458	11	TAA	NA	NA	NA	0	0	0	1	NA	NA	NA	NA	NA
1_2509	2953567	2955756	2190	-1	0.475	11	AAAAA	GENOMAD.112907.CP	4.177e-07	56	0	0	0	1	NA	NA	NA	COG0025;K03455	NhaP-type Na+/H+ or K+/H+ antiporter
1_2510	2956132	2956431	300	-1	0.483	11	TAA	GENOMAD.032099.CC	4.377e-12	63	0	0	0	1	NA	NA	NA	PF16250	NA
1_2511	2956445	2957497	1053	-1	0.499	11	AAAAA	GENOMAD.203736.VV	2.16e-11	68	0	0	0	2561	Caudoviricetes	NA	NA	PF03089;COG3055;TIGR03547;K23330	N-acetylneuraminic acid mutarotase
1_2512	2957693	2959018	1326	1	0.498	11	AAAA	GENOMAD.008271.CC	3.861e-55	203	0	0	0	1	NA	NA	NA	NA	NA
1_2513	2959015	2960220	1206	1	0.486	11	TAAA	GENOMAD.004197.CC	8.829e-40	156	0	0	0	1	NA	NA	NA	PF03349;COG2067;K06076;TIGR03519	Outer membrane protein transport protein (OMPP1/FadL/TodX)
1_2514	2960222	2960680	459	-1	0.471	11	TAAAAA	GENOMAD.192508.CP	4.398e-26	106	0	0	0	1	NA	NA	NA	PF04170;PF04202;K06079;TIGR03066;COG4939	NlpE N-terminal domain; Foot protein 3
1_2515	2960801	2961985	1185	1	0.471	11	TAAAAA	NA	NA	NA	0	0	0	1	NA	NA	NA	NA	NA
1_2516	2962077	2962814	738	-1	0.451	11	TAA	NA	NA	NA	0	0	0	1	NA	NA	NA	NA	NA
1_2517	2962811	2964070	1260	-1	0.442	11	TAA	GENOMAD.136340.CP	3.904e-17	87	0	0	0	1	NA	NA	NA	PF06580;PF14501;COG3920	Histidine kinase; GHKL domain
1_2518	2964166	2964846	681	1	0.436	11	TAA	GENOMAD.181740.VC	3.776e-62	214	0	0	0	2561	Caudoviricetes	NA	NA	PF09694	Bacterial protein of unknown function (Gcw_chp)
1_2519	2964900	2968124	3225	1	0.437	11	None	GENOMAD.126998.CP	9.678e-12	72	0	0	0	1	NA	NA	NA	PF12771;K21572	Starch-binding associating with outer membrane
1_2520	2968350	2969786	1437	1	0.463	11	TAA	GENOMAD.148257.CP	9.557e-92	312	0	0	0	1	NA	NA	NA	PF03629;K05970	Carbohydrate esterase, sialic acid-specific acetylesterase
1_2521	2969828	2972614	2787	1	0.464	11	AAAAA	GENOMAD.053835.CC	1.895e-315	984	0	0	0	1	NA	NA	NA	PF02065;PF16875;COG3345	Alpha-galactosidase
1_2522	2972635	2974557	1923	1	0.450	11	TAAAAA	GENOMAD.166868.VC	0.000785	45	0	0	0	2561	Caudoviricetes	NA	NA	PF00476;COG0749	DNA polymerase I - 3'-5' exonuclease and polymerase domains
1_2523	2975476	2978631	3156	1	0.468	11	TAAA	GENOMAD.018452.VV	8.809e-05	49	0	0	0	2561	Caudoviricetes	NA	NA	NA	Neurexin III-alpha
1_2524	2978645	2980333	1689	1	0.478	11	TAA	GENOMAD.130226.CP	1.524e-15	83	0	0	0	2561	Caudoviricetes	NA	NA	PF12771;K21572	Starch-binding associating with outer membrane
1_2525	2980413	2982293	1881	1	0.470	11	TAA	GENOMAD.171982.CP	4.712e-20	98	0	0	0	1	NA	NA	NA	PF07738	NA
1_2526	2982486	2983697	1212	1	0.440	11	TAAAAA	GENOMAD.196911.CP	1.146e-21	101	0	0	0	1	NA	NA	NA	PF16287	6-bladed beta-propeller
1_2527	2983848	2984720	873	1	0.520	11	TAAA	GENOMAD.025892.CC	5.079e-11	66	0	0	0	1	NA	NA	NA	PF01012;K03521;TIGR04503;COG2086	electron transfer flavoprotein, mycofactocin-associated
1_2528	2984736	2985755	1020	1	0.473	11	TAA	GENOMAD.133993.CP	3.623e-05	48	0	0	0	1	NA	NA	NA	PF01012;COG2025;K03522;TIGR04503	Electron transfer flavoprotein, alpha subunit
1_2529	2985759	2987462	1704	1	0.494	11	AACAA	GENOMAD.021770.CC	2.16e-40	162	0	0	0	1	NA	NA	NA	PF12186	Acyl-CoA dehydrogenase C terminal
1_2530	2987698	2991723	4026	1	0.483	11	TAAA	GENOMAD.194487.CP	4.436e-07	57	0	0	0	1	NA	NA	NA	PF01120;PF07461;K01206;COG3669	Alpha-L-fucosidase; Nicotine adenine dinucleotide glycohydrolase (NADase)
1_2531	2991866	2992177	312	-1	0.452	11	TAA	GENOMAD.004700.CC	1.06e-51	177	0	0	0	1	NA	NA	NA	PF13591;K18997;COG0789;TIGR02054	MerR HTH family regulatory protein
1_2532	2992193	2993134	942	-1	0.486	11	TAAA	GENOMAD.092059.VV	4.079e-14	76	0	0	0	2561	Caudoviricetes	NA	NA	PF00226;K05516;TIGR02349;COG0484	chaperone protein DnaJ
1_2533	2993208	2994821	1614	-1	0.468	11	AAA	NA	NA	NA	0	0	0	1	NA	NA	NA	NA	NA
1_2534	2994987	2996687	1701	-1	0.487	11	TAA	GENOMAD.219998.CP	2.11e-09	63	0	0	0	1	NA	NA	NA	PF00884;TIGR03417;COG3119;K01133	Sulfatase
1_2535	2996674	2997894	1221	-1	0.465	11	TAA	GENOMAD.120739.CP	3.834e-49	184	0	0	0	1	NA	NA	NA	PF19143	OMP85 superfamily
1_2536	2998043	2998177	135	-1	0.281	11	TAA	NA	NA	NA	0	0	0	1	NA	NA	NA	NA	NA
1_2537	2998179	3000689	2511	1	0.520	11	TAAA	GENOMAD.027839.CC	3.682e-59	225	0	0	0	1	NA	NA	NA	COG2861;TIGR02764	Uncharacterized conserved protein YibQ, putative polysaccharide deacetylase 2 family
1_2538	3001068	3001469	402	1	0.480	11	AACAA	NA	NA	NA	0	0	0	1	NA	NA	NA	NA	NA
1_2539	3001571	3003787	2217	1	0.470	11	TAA	GENOMAD.195027.CP	1.85e-42	171	0	0	0	1	NA	NA	NA	PF02630;PF11009;TIGR01626;COG3054	conserved hypothetical protein YtfJ-family, TIGR01626
1_2540	3003902	3004915	1014	-1	0.467	11	None	GENOMAD.146710.CP	3.011e-58	208	0	0	0	1	NA	NA	NA	PF00155;K01620;COG2008;TIGR02617	Threonine aldolase
1_2541	3005194	3005562	369	-1	0.428	11	None	NA	NA	NA	0	0	0	1	NA	NA	NA	NA	NA
1_2542	3005565	3006116	552	-1	0.433	11	TAA	NA	NA	NA	0	0	0	1	NA	NA	NA	NA	NA
1_2543	3006251	3006676	426	1	0.406	11	TAAAAA	GENOMAD.022716.CC	1.084e-09	58	0	0	0	1	NA	NA	NA	PF19762	NA
1_2544	3006745	3006963	219	-1	0.393	11	TAAA	GENOMAD.191124.PC	1.326e-12	63	0	0	0	1	NA	NA	NA	PF10771	Winged helix-turn-helix domain (DUF2582)
1_2545	3007195	3008943	1749	1	0.472	11	AATAA	NA	NA	NA	0	0	0	1	NA	NA	NA	NA	NA
1_2546	3009051	3009629	579	-1	0.451	11	TAAA	NA	NA	NA	0	0	0	1	NA	NA	NA	NA	NA
1_2547	3009785	3011068	1284	-1	0.433	11	None	NA	NA	NA	0	0	0	1	NA	NA	NA	NA	NA
1_2548	3011090	3012247	1158	-1	0.383	11	AACAA	GENOMAD.193703.CP	4.266e-09	61	0	0	0	1	NA	NA	NA	PF16287	6-bladed beta-propeller
1_2549	3012393	3014030	1638	-1	0.444	11	TAAA	GENOMAD.171128.VC	2.713e-37	152	0	0	0	2561	Caudoviricetes	NA	NA	K04077;TIGR02348	chaperonin GroL
1_2550	3014073	3014345	273	-1	0.410	11	TAAAAA	GENOMAD.077967.VV	5.152e-07	48	0	0	0	2561	Caudoviricetes	NA	NA	PF00166;COG0234	Co-chaperonin GroES (HSP10)
1_2551	3014664	3014765	102	1	0.216	11	TAAA	NA	NA	NA	0	0	0	1	NA	NA	NA	NA	NA
1_2552	3015024	3016223	1200	1	0.370	11	AACAA	NA	NA	NA	0	0	0	1	NA	NA	NA	NA	NA
1_2553	3016257	3017390	1134	1	0.382	11	TAA	NA	NA	NA	0	0	0	1	NA	NA	NA	NA	NA
1_2554	3017362	3018537	1176	1	0.414	11	TAAAA	NA	NA	NA	0	0	0	1	NA	NA	NA	NA	NA
1_2555	3018552	3019634	1083	1	0.357	11	TAAAAA	NA	NA	NA	0	0	0	1	NA	NA	NA	NA	NA
1_2556	3019715	3020533	819	1	0.426	11	AAAAA	GENOMAD.212293.VC	1.478e-130	414	0	0	0	2561	Caudoviricetes	NA	NA	PF16434	Fimbrillin-A associated anchor proteins Mfa1 and Mfa2
1_2557	3020558	3022594	2037	1	0.408	11	TAA	NA	NA	NA	0	0	0	1	NA	NA	NA	NA	NA
1_2558	3022598	3023140	543	1	0.398	11	AATAA	NA	NA	NA	0	0	0	1	NA	NA	NA	NA	NA
1_2559	3023232	3024113	882	-1	0.434	11	TAAA	GENOMAD.143247.VV	1.667e-18	89	0	0	0	1	NA	NA	NA	PF03976;K22468;TIGR03709;COG2326	polyphosphate:nucleotide phosphotransferase, PPK2 family
1_2560	3024154	3024315	162	-1	0.389	11	TAAAAA	NA	NA	NA	0	0	0	1	NA	NA	NA	NA	NA
1_2561	3024445	3025023	579	-1	0.385	11	TAAAAA	GENOMAD.220236.VC	9.003e-09	57	0	0	0	1	NA	NA	NA	NA	NA
1_2562	3025033	3025506	474	-1	0.367	11	TAAAA	NA	NA	NA	0	0	0	1	NA	NA	NA	NA	NA
1_2563	3025956	3026261	306	1	0.337	11	TAAA	NA	NA	NA	0	0	0	1	NA	NA	NA	NA	NA
1_2564	3026499	3026660	162	-1	0.383	11	TAAAA	NA	NA	NA	0	0	0	1	NA	NA	NA	NA	NA
1_2565	3026743	3027762	1020	-1	0.444	11	None	GENOMAD.001241.CC	1.392e-45	171	0	0	0	1	NA	NA	NA	COG0392	Uncharacterized membrane protein YbhN, UPF0104 family
1_2566	3027789	3028940	1152	-1	0.474	11	TAA	NA	NA	NA	0	0	0	1	NA	NA	NA	NA	NA
1_2567	3029026	3030603	1578	-1	0.426	11	AAAAA	NA	NA	NA	0	0	0	1	NA	NA	NA	NA	NA
1_2568	3031017	3033200	2184	1	0.469	11	TAA	GENOMAD.140646.CP	4.874e-166	540	0	0	0	1	NA	NA	NA	PF07971;PF17678;TIGR01180;COG3537;K03931	alpha-1,2-mannosidase, putative
1_2569	3033224	3035761	2538	1	0.477	11	TAAA	GENOMAD.121427.CP	7.526e-34	144	0	0	0	1	NA	NA	NA	PF00326;PF14583;K01278;COG1506;TIGR02821	Dipeptidyl aminopeptidase/acylaminoacyl peptidase
1_2570	3036017	3037381	1365	-1	0.434	11	TAAA	NA	NA	NA	0	0	0	1	NA	NA	NA	NA	NA
1_2571	3037477	3038865	1389	1	0.414	11	TAA	GENOMAD.191018.CP	2.773e-113	374	0	0	0	1	NA	NA	NA	PF04473	Transglutaminase-like domain
1_2572	3039017	3039703	687	-1	0.469	11	TAA	GENOMAD.000559.CC	8.047e-90	294	0	0	0	2561	Caudoviricetes	NA	NA	PF04298;K06973;COG2738	Zn-dependent membrane protease YugP
1_2573	3039821	3041125	1305	-1	0.445	11	TAA	GENOMAD.168089.CP	5.501e-05	48	0	0	0	1	NA	NA	NA	PF14871;COG1649;TIGR02456	Hypothetical glycosyl hydrolase 6
1_2574	3041262	3042533	1272	-1	0.458	11	TAAAAA	NA	NA	NA	0	0	0	1	NA	NA	NA	NA	NA
1_2575	3042530	3043018	489	-1	0.389	11	TAAA	GENOMAD.120967.CP	1.322e-26	108	0	0	0	1	NA	NA	NA	PF01475;K09825;COG0735;TIGR00373	Fe2+ or Zn2+ uptake regulation protein
1_2576	3043114	3044772	1659	1	0.458	11	TAAAAA	GENOMAD.141410.CP	1.786e-96	329	0	0	0	1	NA	NA	NA	COG1807;K07264	4-amino-4-deoxy-L-arabinose transferase or related glycosyltransferase of PMT family
1_2577	3044915	3045577	663	-1	0.462	11	TAA	GENOMAD.006587.CC	4.54e-135	424	0	0	0	1	NA	NA	NA	PF08713;COG4912	3-methyladenine DNA glycosylase AlkD
1_2578	3045581	3047632	2052	-1	0.480	11	TAA	GENOMAD.145345.CV	3.259e-290	898	0	0	0	2561	Caudoviricetes	NA	NA	PF03571;K01277	Peptidase family M49
1_2579	3047727	3048191	465	-1	0.391	11	TAA	NA	NA	NA	0	0	0	1	NA	NA	NA	NA	NA
1_2580	3048425	3050230	1806	1	0.502	11	AAAAA	NA	NA	NA	0	0	0	1	NA	NA	NA	NA	NA
1_2581	3050340	3050546	207	1	0.517	11	TAA	NA	NA	NA	0	0	0	1	NA	NA	NA	NA	NA
1_2582	3050625	3051611	987	-1	0.479	11	TAAAAA	NA	NA	NA	0	0	0	1	NA	NA	NA	NA	NA
1_2583	3051627	3052577	951	-1	0.529	11	TAAA	GENOMAD.141949.CP	8.659e-07	53	0	0	0	1	NA	NA	NA	NA	NA
1_2584	3052668	3054506	1839	1	0.481	11	TAA	GENOMAD.157895.CP	5.846e-10	65	0	0	0	2561	Caudoviricetes	NA	NA	PF00884;TIGR03417;COG3119;K01133	Sulfatase
1_2585	3054530	3055195	666	1	0.497	11	TAA	GENOMAD.197329.CP	0.0005453	43	0	0	0	1	NA	NA	NA	PF01569;K01096;COG1963	PAP2 superfamily
1_2586	3055353	3056972	1620	-1	0.485	11	TAA	GENOMAD.123514.CP	1.368e-30	131	0	0	0	2561	Caudoviricetes	NA	NA	PF12771;K21572;COG5510	Starch-binding associating with outer membrane
1_2587	3056985	3060164	3180	-1	0.474	11	AAAAA	GENOMAD.128893.CP	2.053e-08	61	0	0	0	1	NA	NA	NA	PF14905;PF07715;PF00576;K19611;TIGR04056;COG4774	TonB-linked outer membrane protein, SusC/RagA family
1_2588	3061181	3061465	285	-1	0.347	11	TAAA	NA	NA	NA	0	0	0	1	NA	NA	NA	NA	NA
1_2589	3061616	3062626	1011	-1	0.434	11	TAAA	GENOMAD.082297.VV	8.51e-06	50	0	0	0	2561	Caudoviricetes	NA	NA	K15856;TIGR01472;COG1091	GDP-mannose 4,6-dehydratase
1_2590	3062640	3064193	1554	-1	0.454	11	None	GENOMAD.133881.CP	1.157e-24	112	0	0	0	1	NA	NA	NA	K07264;COG1807	4-amino-4-deoxy-L-arabinose transferase or related glycosyltransferase of PMT family
1_2591	3064183	3064830	648	-1	0.415	11	TAA	NA	NA	NA	0	0	0	1	NA	NA	NA	NA	NA
1_2592	3064835	3065569	735	-1	0.433	11	None	NA	NA	NA	0	0	0	1	NA	NA	NA	NA	NA
1_2593	3065787	3066848	1062	-1	0.456	11	TAA	NA	NA	NA	0	0	0	1	NA	NA	NA	NA	NA
1_2594	3066861	3068390	1530	-1	0.459	11	TAAA	NA	NA	NA	0	0	0	1	NA	NA	NA	NA	NA
1_2595	3068369	3068959	591	-1	0.399	11	AATAA	GENOMAD.120765.CP	2.559e-23	100	0	0	0	1	NA	NA	NA	PF00694;K01704;COG0066;TIGR00171	3-isopropylmalate dehydratase small subunit
1_2596	3069062	3070456	1395	-1	0.467	11	TAA	GENOMAD.120831.CP	8.031e-87	297	0	0	0	1	NA	NA	NA	PF00330;K01702;TIGR00170;COG0065	3-isopropylmalate dehydratase, large subunit
1_2597	3070504	3072000	1497	-1	0.440	11	TAAAAA	GENOMAD.101916.CP	8.375e-10	64	0	0	0	1	NA	NA	NA	PF08502	LeuA allosteric (dimerisation) domain
1_2598	3072402	3072674	273	-1	0.407	11	TAAA	NA	NA	NA	0	0	0	1	NA	NA	NA	NA	NA
1_2599	3078558	3078767	210	1	0.419	11	TAAA	NA	NA	NA	0	0	0	1	NA	NA	NA	NA	NA
1_2600	3079239	3079751	513	1	0.429	11	TAAA	NA	NA	NA	0	0	0	1	NA	NA	NA	NA	NA
1_2601	3079993	3081771	1779	1	0.432	11	TAAAAA	NA	NA	NA	0	0	0	1	NA	NA	NA	NA	NA
1_2602	3081780	3082910	1131	1	0.443	11	AAA	GENOMAD.000207.CC	3.129e-99	329	0	0	0	1	NA	NA	NA	PF02606;K00912;TIGR00682;COG1663	tetraacyldisaccharide 4'-kinase
1_2603	3082849	3083658	810	1	0.454	11	None	NA	NA	NA	0	0	0	1	NA	NA	NA	NA	NA
1_2604	3083685	3084719	1035	1	0.464	11	TAAA	GENOMAD.113192.CP	2.472e-07	55	1	0	0	1	NA	NA	NA	PF00586;K01008;COG0709;TIGR00476	Selenophosphate synthase
1_2605	3085158	3086393	1236	1	0.444	11	AAAAA	GENOMAD.057710.VV	7.542e-17	86	0	0	1	2561	Caudoviricetes	NA	NA	PF00589;PF04860;K07358;TIGR01537	Phage integrase family; Phage portal protein
1_2606	3086396	3086770	375	1	0.408	11	TAAA	NA	NA	NA	0	0	0	1	NA	NA	NA	NA	NA
1_2607	3087118	3087423	306	-1	0.520	11	TAAA	NA	NA	NA	0	0	0	1	NA	NA	NA	NA	NA
1_2608	3087477	3087788	312	-1	0.519	11	TAAAAA	NA	NA	NA	0	0	0	1	NA	NA	NA	NA	NA
1_2609	3087854	3088051	198	1	0.439	11	TAA	NA	NA	NA	0	0	0	1	NA	NA	NA	NA	NA
1_2610	3088349	3088822	474	1	0.553	11	TAA	GENOMAD.224995.VP	1.409e-23	99	0	0	0	2561	Caudoviricetes	NA	NA	NA	NA
1_2611	3089069	3089524	456	1	0.456	11	TAA	NA	NA	NA	0	0	0	1	NA	NA	NA	NA	NA
1_2612	3089548	3090303	756	-1	0.484	11	TAAAAA	GENOMAD.151178.CP	1.364e-11	67	0	0	0	1	NA	NA	NA	PF04397;COG4564;K11614	LytTr DNA-binding domain
1_2613	3090284	3091369	1086	-1	0.441	11	TAA	NA	NA	NA	0	0	0	1	NA	NA	NA	NA	NA
1_2614	3091661	3092200	540	1	0.450	11	AAAA	NA	NA	NA	0	0	0	1	NA	NA	NA	NA	NA
1_2615	3092200	3093321	1122	1	0.520	11	TAA	NA	NA	NA	0	0	0	1	NA	NA	NA	NA	NA
1_2616	3093318	3096431	3114	1	0.547	11	TAAA	NA	NA	NA	0	0	0	1	NA	NA	NA	NA	NA
1_2617	3096576	3097790	1215	1	0.506	11	AACAA	NA	NA	NA	0	0	0	1	NA	NA	NA	NA	NA
1_2618	3097920	3098951	1032	1	0.433	11	TAAAAA	NA	NA	NA	0	0	0	1	NA	NA	NA	NA	NA
1_2619	3098915	3100627	1713	1	0.402	11	TAAAAA	NA	NA	NA	0	0	0	1	NA	NA	NA	NA	NA
1_2620	3100720	3101805	1086	1	0.401	11	AAAAA	NA	NA	NA	0	0	0	1	NA	NA	NA	NA	NA
1_2621	3101861	3103279	1419	1	0.485	11	AAA	NA	NA	NA	0	0	0	1	NA	NA	NA	NA	NA
1_2622	3103276	3104580	1305	1	0.511	11	AAA	GENOMAD.107047.CP	1.335e-05	50	0	0	0	1	NA	NA	NA	PF06506;PF14532;K02688;TIGR02329;COG3829	propionate catabolism operon regulatory protein PrpR
1_2623	3104639	3104812	174	-1	0.431	11	TAA	NA	NA	NA	0	0	0	1	NA	NA	NA	NA	NA
1_2624	3104876	3105418	543	-1	0.352	11	TAA	NA	NA	NA	0	0	0	1	NA	NA	NA	NA	NA
1_2625	3105426	3106406	981	-1	0.378	11	TAA	GENOMAD.142664.CP	0.0005896	44	0	0	0	1	NA	NA	NA	PF00656;COG4249;K22684	Uncharacterized protein, contains caspase domain
1_2626	3106419	3106826	408	-1	0.382	11	None	NA	NA	NA	0	0	0	1	NA	NA	NA	NA	NA
1_2627	3107038	3108414	1377	1	0.321	11	None	NA	NA	NA	0	0	0	1	NA	NA	NA	NA	NA
1_2628	3108422	3109012	591	1	0.313	11	TAAA	NA	NA	NA	0	0	0	1	NA	NA	NA	NA	NA
1_2629	3109014	3109865	852	1	0.319	11	TAA	NA	NA	NA	0	0	0	1	NA	NA	NA	NA	NA
1_2630	3109868	3110866	999	1	0.409	11	TAA	NA	NA	NA	0	0	0	1	NA	NA	NA	NA	NA
1_2631	3111274	3112491	1218	1	0.452	11	TAAAAA	GENOMAD.057710.VV	7.151e-17	86	0	0	1	2561	Caudoviricetes	NA	NA	PF00589;PF04860;K07358;TIGR01537	Phage integrase family; Phage portal protein
1_2632	3112540	3113511	972	1	0.279	11	AATAA	NA	NA	NA	0	0	0	1	NA	NA	NA	NA	NA
1_2633	3113669	3113950	282	-1	0.493	11	TAAAAA	NA	NA	NA	0	0	0	1	NA	NA	NA	NA	NA
1_2634	3113955	3114242	288	-1	0.451	11	TAA	NA	NA	NA	0	0	0	1	NA	NA	NA	NA	NA
1_2635	3114582	3114890	309	1	0.482	11	AATAA	GENOMAD.227329.VP	3.705e-62	207	0	0	0	1	NA	NA	NA	PF20063;COG3311;TIGR01764	Predicted DNA-binding transcriptional regulator AlpA
1_2636	3114871	3116103	1233	1	0.507	11	TAA	NA	NA	NA	0	0	0	1	NA	NA	NA	NA	NA
1_2637	3116440	3117420	981	1	0.516	11	AATAA	NA	NA	NA	0	0	0	1	NA	NA	NA	NA	NA
1_2638	3117577	3117960	384	1	0.539	11	TAAA	NA	NA	NA	0	0	0	1	NA	NA	NA	NA	NA
1_2639	3117926	3118849	924	1	0.489	11	TAAA	NA	NA	NA	0	0	0	1	NA	NA	NA	NA	NA
1_2640	3118854	3119579	726	1	0.477	11	TAAA	NA	NA	NA	0	0	0	1	NA	NA	NA	NA	NA
1_2641	3119622	3119954	333	-1	0.508	11	AAAAA	NA	NA	NA	0	0	0	1	NA	NA	NA	NA	NA
1_2642	3120085	3120495	411	-1	0.401	11	None	NA	NA	NA	0	0	0	1	NA	NA	NA	NA	NA
1_2643	3120458	3120697	240	-1	0.325	11	TAAA	NA	NA	NA	0	0	0	1	NA	NA	NA	NA	NA
1_2644	3120708	3121298	591	-1	0.321	11	TAAA	GENOMAD.162584.CP	2.094e-10	62	0	0	0	1	NA	NA	NA	PF00857;COG1335;TIGR03614;K09020	Nicotinamidase-related amidase
1_2645	3121403	3121738	336	1	0.366	11	TAA	NA	NA	NA	0	0	0	1	NA	NA	NA	NA	NA
1_2646	3121784	3123187	1404	1	0.395	11	TAAAAA	GENOMAD.176695.CP	2.526e-12	72	0	0	0	1	NA	NA	NA	PF04326;COG2865	Predicted transcriptional regulator, contains HTH domain
1_2647	3123192	3123545	354	1	0.311	11	TAAAAA	NA	NA	NA	0	0	0	1	NA	NA	NA	NA	NA
1_2648	3123549	3124187	639	1	0.285	11	TAA	NA	NA	NA	0	0	0	1	NA	NA	NA	NA	NA
1_2649	3125147	3125386	240	-1	0.375	11	AAAAA	NA	NA	NA	0	0	0	1	NA	NA	NA	NA	NA
1_2650	3125526	3126062	537	1	0.467	11	TATAA	GENOMAD.036808.CC	0.0001409	44	0	0	0	1	NA	NA	NA	PF13302;K03817;COG3981;TIGR03585	Predicted acetyltransferase
1_2651	3126054	3127343	1290	-1	0.465	11	None	GENOMAD.126024.CP	9.147e-08	57	0	0	0	2561	Caudoviricetes	NA	NA	PF04506;K03327;TIGR00797;COG0534	Rft protein
1_2652	3127655	3127981	327	1	0.446	11	AAAAA	GENOMAD.147757.CP	1.692e-25	102	0	0	0	1	NA	NA	NA	PF06865;COG3123;TIGR03037	Uncharacterized conserved protein YaiE, UPF0345 family
1_2653	3128189	3128398	210	-1	0.433	11	TAAAAA	NA	NA	NA	0	0	0	1	NA	NA	NA	NA	NA
1_2654	3128715	3129572	858	1	0.430	11	AAA	GENOMAD.145262.CP	2.428e-12	70	0	0	0	1	NA	NA	NA	PF20603;COG3449;K07470	Bacterial hydrolase
1_2655	3130274	3131158	885	1	0.426	11	TAA	NA	NA	NA	0	0	0	1	NA	NA	NA	NA	NA
1_2656	3132172	3132819	648	1	0.378	11	TAAA	GENOMAD.197086.CV	1.111e-33	131	0	0	0	1	NA	NA	NA	PF13858	NA
1_2657	3132846	3133799	954	1	0.419	11	TAA	NA	NA	NA	0	0	0	1	NA	NA	NA	NA	NA
1_2658	3133824	3134351	528	1	0.381	11	TAAA	NA	NA	NA	0	0	0	1	NA	NA	NA	NA	NA
1_2659	3134308	3135060	753	1	0.398	11	TAA	GENOMAD.206649.VC	5.159e-79	264	0	0	0	2561	Caudoviricetes	NA	NA	COG3047	Outer membrane protein W
1_2660	3135065	3135649	585	1	0.419	11	TAA	NA	NA	NA	0	0	0	1	NA	NA	NA	NA	NA
1_2661	3135720	3136736	1017	1	0.420	11	None	NA	NA	NA	0	0	0	1	NA	NA	NA	NA	NA
1_2662	3136811	3137179	369	-1	0.379	11	TAA	GENOMAD.141125.CP	2.135e-45	160	0	0	0	1	NA	NA	NA	PF04342;COG3169;K09922	Uncharacterized conserved protein, DUF486 family
1_2663	3137194	3137943	750	-1	0.419	11	TAAA	NA	NA	NA	0	0	0	1	NA	NA	NA	NA	NA
1_2664	3138083	3139510	1428	1	0.408	11	TAA	NA	NA	NA	0	0	0	1	NA	NA	NA	NA	NA
1_2665	3139518	3139988	471	1	0.412	11	TAAA	GENOMAD.001333.CC	1.505e-73	243	0	0	0	1	NA	NA	NA	PF01957;COG1585;K07340	Membrane protein implicated in regulation of membrane protease activity
1_2666	3140014	3141015	1002	1	0.458	11	TAAAA	GENOMAD.000878.CC	5.264e-155	488	0	0	0	1	NA	NA	NA	COG4864	Uncharacterized protein YqfA, UPF0365 family
1_2667	3141145	3142023	879	1	0.436	11	TAAAA	NA	NA	NA	0	0	0	1	NA	NA	NA	NA	NA
1_2668	3142023	3142520	498	1	0.446	11	None	NA	NA	NA	0	0	0	1	NA	NA	NA	NA	NA
1_2669	3142535	3143185	651	-1	0.432	11	TAAA	GENOMAD.177550.PC	3.595e-28	115	0	0	0	1	NA	NA	NA	NA	NA
1_2670	3143264	3145183	1920	-1	0.407	11	AAA	GENOMAD.116397.CP	2.861e-06	53	0	0	0	1	NA	NA	NA	PF14501;PF01584;PF01627;PF02895;K03407;COG0643;TIGR01924	Chemotaxis protein histidine kinase CheA
1_2671	3145140	3145235	96	-1	0.354	11	TAAA	NA	NA	NA	0	0	0	1	NA	NA	NA	NA	NA
1_2672	3145305	3146702	1398	1	0.431	11	AAAA	NA	NA	NA	0	0	0	1	NA	NA	NA	NA	NA
1_2673	3146987	3147862	876	1	0.426	11	AATAA	NA	NA	NA	0	0	0	1	NA	NA	NA	NA	NA
1_2674	3147980	3149095	1116	1	0.442	11	TAA	NA	NA	NA	0	0	0	1	NA	NA	NA	NA	NA
1_2675	3149551	3150267	717	1	0.332	11	AAA	NA	NA	NA	0	0	0	1	NA	NA	NA	NA	NA
1_2676	3150366	3150740	375	1	0.400	11	TAAAAA	NA	NA	NA	0	0	0	1	NA	NA	NA	NA	NA
1_2677	3150746	3151816	1071	1	0.446	11	TAAAAA	NA	NA	NA	0	0	0	1	NA	NA	NA	NA	NA
1_2678	3152263	3152562	300	1	0.447	11	AACAA	GENOMAD.193820.PV	4.697e-19	83	0	1	0	2561	Caudoviricetes	NA	NA	PF19514;COG4453	MobC-like protein
1_2679	3152559	3153767	1209	1	0.430	11	TAAA	NA	NA	NA	0	0	0	1	NA	NA	NA	NA	NA
1_2680	3153772	3154299	528	1	0.377	11	TAAA	NA	NA	NA	0	0	0	1	NA	NA	NA	NA	NA
1_2681	3155119	3155685	567	-1	0.321	11	None	NA	NA	NA	0	0	0	1	NA	NA	NA	NA	NA
1_2682	3156185	3158341	2157	-1	0.340	11	TAAA	NA	NA	NA	0	0	0	1	NA	NA	NA	NA	NA
1_2683	3158346	3162443	4098	-1	0.329	11	TAA	NA	NA	NA	0	0	0	1	NA	NA	NA	NA	NA
1_2684	3162430	3164856	2427	-1	0.300	11	TAA	NA	NA	NA	0	0	0	1	NA	NA	NA	NA	NA
1_2685	3164858	3166609	1752	-1	0.304	11	TAA	NA	NA	NA	0	0	0	1	NA	NA	NA	NA	NA
1_2686	3166636	3168039	1404	-1	0.316	11	TAAA	GENOMAD.205497.VP	0.0002525	46	0	0	0	2561	Caudoviricetes	NA	NA	NA	NA
1_2687	3168032	3169591	1560	-1	0.399	11	AATAA	NA	NA	NA	0	0	0	1	NA	NA	NA	NA	NA
1_2688	3169602	3169814	213	-1	0.352	11	AAA	NA	NA	NA	0	0	0	1	NA	NA	NA	NA	NA
1_2689	3169919	3170167	249	-1	0.438	11	TAA	NA	NA	NA	0	0	0	1	NA	NA	NA	NA	NA
1_2690	3170303	3170599	297	-1	0.441	11	None	NA	NA	NA	0	0	0	1	NA	NA	NA	NA	NA
1_2691	3170962	3171189	228	-1	0.456	11	TAA	NA	NA	NA	0	0	0	1	NA	NA	NA	NA	NA
1_2692	3171159	3172877	1719	-1	0.345	11	None	GENOMAD.215546.VC	4.58e-17	88	0	0	0	1	NA	NA	NA	PF10138;COG1240	Mg-chelatase subunit ChlD
1_2693	3172867	3174612	1746	-1	0.348	11	AAAA	GENOMAD.158712.CV	6.667e-34	142	0	0	0	1	NA	NA	NA	PF07726;PF17863;TIGR02030;K03924;COG1239	magnesium chelatase ATPase subunit I
1_2694	3174615	3176141	1527	-1	0.316	11	TAAA	GENOMAD.190400.CV	0.0001409	47	0	0	0	1	NA	NA	NA	NA	NA
1_2695	3176146	3179673	3528	-1	0.335	11	TAAA	NA	NA	NA	0	0	0	1	NA	NA	NA	NA	NA
1_2696	3179678	3180652	975	-1	0.336	11	None	NA	NA	NA	0	0	0	1	NA	NA	NA	NA	NA
1_2697	3180649	3181596	948	-1	0.331	11	None	NA	NA	NA	0	0	0	1	NA	NA	NA	NA	NA
1_2698	3181589	3182008	420	-1	0.333	11	TAGAA	NA	NA	NA	0	0	0	1	NA	NA	NA	NA	NA
1_2699	3182056	3183354	1299	-1	0.340	11	AAGAA	NA	NA	NA	0	0	0	1	NA	NA	NA	NA	NA
1_2700	3184396	3185175	780	1	0.453	11	AATAA	NA	NA	NA	0	0	0	1	NA	NA	NA	NA	NA
1_2701	3185316	3185918	603	1	0.396	11	AATAA	GENOMAD.178655.CP	1.593e-20	92	0	0	0	1	NA	NA	NA	PF13022;TIGR03613;COG3226;K22106	pyrimidine utilization regulatory protein R
1_2702	3185925	3186032	108	1	0.324	11	AATAA	NA	NA	NA	0	0	0	1	NA	NA	NA	NA	NA
1_2703	3186035	3187012	978	1	0.410	11	None	GENOMAD.148180.CP	2.445e-15	80	0	0	0	1	NA	NA	NA	PF00899;PF14512;K22132;COG1179;TIGR02355	tRNA A37 threonylcarbamoyladenosine dehydratase
1_2704	3187111	3188277	1167	1	0.451	11	TAAA	NA	NA	NA	0	0	0	1	NA	NA	NA	NA	NA
1_2705	3188301	3189512	1212	-1	0.397	11	TAAA	NA	NA	NA	0	0	0	1	NA	NA	NA	NA	NA
1_2706	3190265	3192523	2259	-1	0.444	11	TAA	NA	NA	NA	0	0	0	1	NA	NA	NA	NA	NA
1_2707	3193056	3194570	1515	1	0.512	11	TAA	GENOMAD.158911.CP	0.0001393	47	0	0	0	1	NA	NA	NA	PF02786;COG3919;TIGR04184;K01961	Predicted ATP-dependent carboligase, ATP-grasp superfamily
1_2708	3194577	3195077	501	1	0.473	11	TAA	GENOMAD.117180.CP	0.0001126	44	0	0	0	1	NA	NA	NA	PF00364;K02160;TIGR00531;COG0511	acetyl-CoA carboxylase, biotin carboxyl carrier protein
1_2709	3195095	3196630	1536	1	0.536	11	AATAA	GENOMAD.114541.CP	1.939e-98	333	0	0	0	1	NA	NA	NA	PF01039;K01604;TIGR01117;COG4799	methylmalonyl-CoA decarboxylase alpha subunit
1_2710	3196770	3197654	885	1	0.516	11	AAAA	NA	NA	NA	0	0	0	1	NA	NA	NA	NA	NA
1_2711	3197868	3198782	915	1	0.516	11	AAA	GENOMAD.206699.CP	2.899e-40	154	0	0	0	1	NA	NA	NA	PF09826;COG3391;TIGR03866	Beta propeller domain
1_2712	3198967	3199638	672	-1	0.565	11	TAAAAA	NA	NA	NA	0	0	0	1	NA	NA	NA	NA	NA
1_2713	3200032	3201645	1614	1	0.558	11	AACAA	GENOMAD.169346.CP	5.198e-29	126	0	0	0	1	NA	NA	NA	PF03625;COG3439	Uncharacterized conserved protein, DUF302 family
1_2714	3201757	3203388	1632	-1	0.519	11	None	NA	NA	NA	0	0	0	1	NA	NA	NA	NA	NA
1_2715	3203577	3204476	900	1	0.490	11	TAA	NA	NA	NA	0	0	0	1	NA	NA	NA	NA	NA
1_2716	3204611	3206104	1494	-1	0.510	11	AAAAA	GENOMAD.132287.VV	6.746e-05	48	0	0	0	2561	Caudoviricetes	NA	NA	K00364;TIGR01303	IMP dehydrogenase family protein
1_2717	3206520	3206753	234	1	0.440	11	TAAA	NA	NA	NA	0	0	0	1	NA	NA	NA	NA	NA
1_2718	3207039	3207890	852	-1	0.548	11	AATAA	NA	NA	NA	0	0	0	1	NA	NA	NA	NA	NA
1_2719	3208041	3209150	1110	1	0.593	11	TAAA	NA	NA	NA	0	0	0	1	NA	NA	NA	NA	NA
1_2720	3209284	3212493	3210	1	0.597	11	TAAA	NA	NA	NA	0	0	0	1	NA	NA	NA	NA	NA
1_2721	3212794	3214167	1374	1	0.611	11	TAA	GENOMAD.153230.PC	3.522e-06	52	0	0	0	1	NA	NA	NA	PF02321;K15725;TIGR01845;COG1538	efflux transporter, outer membrane factor (OMF) lipoprotein, NodT family
1_2722	3214663	3216873	2211	-1	0.575	11	TAA	NA	NA	NA	0	0	0	1	NA	NA	NA	NA	NA
1_2723	3217159	3217971	813	-1	0.587	11	TAAA	GENOMAD.029366.CC	1.998e-117	376	0	0	0	1	NA	NA	NA	PF14734;PF14848;TIGR01201;COG0776	DNA-binding domain
1_2724	3218019	3218219	201	1	0.517	11	TAA	NA	NA	NA	0	0	0	1	NA	NA	NA	NA	NA
1_2725	3218523	3219635	1113	-1	0.597	11	AAAAA	GENOMAD.057710.VV	1.019e-05	50	0	0	1	2561	Caudoviricetes	NA	NA	PF00589;PF04860;K07358;TIGR01537	Phage integrase family; Phage portal protein
1_2726	3219831	3221111	1281	-1	0.539	11	TAAA	NA	NA	NA	0	0	0	1	NA	NA	NA	NA	NA
1_2727	3221198	3222310	1113	1	0.517	11	TAAA	NA	NA	NA	0	0	0	1	NA	NA	NA	NA	NA
1_2728	3222439	3223395	957	1	0.518	11	TAAA	NA	NA	NA	0	0	0	1	NA	NA	NA	NA	NA
1_2729	3223425	3224480	1056	-1	0.459	11	TAA	GENOMAD.213734.PC	2.172e-43	165	0	0	0	1	NA	NA	NA	NA	NA
1_2730	3224572	3224829	258	1	0.477	11	AAA	GENOMAD.197072.VP	5.259e-05	42	0	0	0	2561	Caudoviricetes	NA	NA	PF20223	NA
1_2731	3225067	3225342	276	1	0.460	11	TAAAAA	NA	NA	NA	0	0	0	1	NA	NA	NA	NA	NA
1_2732	3225342	3225755	414	1	0.495	11	None	NA	NA	NA	0	0	0	1	NA	NA	NA	NA	NA
1_2733	3225660	3225863	204	-1	0.475	11	TAA	NA	NA	NA	0	0	0	1	NA	NA	NA	NA	NA
1_2734	3226162	3226608	447	1	0.485	11	AAA	NA	NA	NA	0	0	0	1	NA	NA	NA	NA	NA
1_2735	3226605	3227237	633	1	0.504	11	TAAA	NA	NA	NA	0	0	0	1	NA	NA	NA	NA	NA
1_2736	3227241	3227345	105	-1	0.333	11	TAA	NA	NA	NA	0	0	0	1	NA	NA	NA	NA	NA
1_2737	3227365	3228327	963	-1	0.433	11	TAAAAA	GENOMAD.146326.VP	3.152e-71	245	0	0	1	2561	Caudoviricetes	NA	NA	PF09588;TIGR03033;COG5377;K01143	putative phage-type endonuclease
1_2738	3228424	3229173	750	1	0.496	11	TAAA	GENOMAD.161402.PC	5.654e-49	177	0	0	0	1	NA	NA	NF012147	PF19583;K18782;TIGR04558;COG0491	quinoprotein relay system zinc metallohydrolase 1
1_2739	3229400	3229726	327	1	0.480	11	AAAAA	GENOMAD.182365.PC	0.0001205	42	0	0	0	1	NA	NA	NA	PF02694;K18925	Uncharacterised BCR, YnfA/UPF0060 family
1_2740	3229736	3230422	687	-1	0.541	11	TAAAAA	NA	NA	NA	0	0	0	1	NA	NA	NA	NA	NA
1_2741	3230552	3231436	885	1	0.496	11	TAA	GENOMAD.178486.CP	6.729e-133	422	0	0	0	1	NA	NA	NA	PF04378;K07115;COG2961;TIGR04474	23S rRNA A2030 N6-methylase RlmJ
1_2742	3231633	3232508	876	1	0.540	11	TAAA	GENOMAD.209738.CP	3.913e-102	333	0	0	0	1	NA	NA	NA	PF13149;PF04202	Fimbrillin-like; Foot protein 3
1_2743	3232674	3233498	825	1	0.547	11	AAAAA	GENOMAD.211731.CP	1.206e-89	296	0	0	0	1	NA	NA	NA	PF13149	Fimbrillin-like
1_2744	3233839	3234621	783	-1	0.499	11	TAA	NA	NA	NA	0	0	0	1	NA	NA	NA	NA	NA
1_2745	3234945	3236591	1647	-1	0.478	11	TAAAAA	GENOMAD.123340.CP	1.666e-31	134	0	0	0	1	NA	NA	NA	PF16576;PF11604;K07798;TIGR01730;COG0845	Barrel-sandwich domain of CusB or HlyD membrane-fusion; Copper binding periplasmic protein CusF
1_2746	3236628	3238136	1509	-1	0.472	11	TAAA	GENOMAD.143133.CP	3.072e-67	241	0	0	0	1	NA	NA	NA	PF02321;TIGR01845;K15725;COG1538	efflux transporter, outer membrane factor (OMF) lipoprotein, NodT family
1_2747	3238277	3242011	3735	-1	0.608	11	TAAA	NA	NA	NA	0	0	0	1	NA	NA	NA	NA	NA
1_2748	3242208	3242633	426	-1	0.448	11	TAA	GENOMAD.213917.PC	3.723e-23	97	0	0	0	1	NA	NA	NA	NA	NA
1_2749	3242729	3243706	978	1	0.508	11	TAAAAA	NA	NA	NA	0	0	0	1	NA	NA	NA	NA	NA
1_2750	3243744	3244643	900	1	0.457	11	TAA	NA	NA	NA	0	0	0	1	NA	NA	NA	NA	NA
1_2751	3244633	3250506	5874	-1	0.435	11	TAA	GENOMAD.162214.CP	4.146e-37	157	0	0	0	1	NA	NA	NA	PF13195	NA
1_2752	3250625	3250996	372	-1	0.352	11	TAAAA	GENOMAD.190094.CP	5.499e-44	156	0	0	0	1	NA	NA	NA	PF10990	NA
1_2753	3251149	3251814	666	1	0.456	11	AAA	NA	NA	NA	0	0	0	1	NA	NA	NA	NA	NA
1_2754	3251817	3252632	816	-1	0.450	11	AAAAA	GENOMAD.006471.CC	9.228e-27	113	0	0	0	1	NA	NA	NA	PF13566;TIGR03915	probable DNA metabolism protein
1_2755	3252598	3253863	1266	-1	0.457	11	AAA	GENOMAD.154219.PC	2.945e-91	308	0	0	0	1	NA	NA	NA	PF06412;TIGR03916;COG4277	putative DNA modification/repair radical SAM protein
1_2756	3253860	3254759	900	-1	0.426	11	AAAAA	NA	NA	NA	0	0	0	1	NA	NA	NA	NA	NA
1_2757	3254931	3256019	1089	1	0.441	11	TAAAA	NA	NA	NA	0	0	0	1	NA	NA	NA	NA	NA
1_2758	3256160	3256336	177	-1	0.350	11	AATAA	GENOMAD.110989.VV	0.0009314	37	0	0	0	1	NA	NA	NA	PF07432	Histone H1-like protein Hc1
1_2759	3256485	3257126	642	1	0.450	11	None	GENOMAD.142890.CP	5.354e-05	46	0	0	0	1	NA	NA	NA	PF04326;COG2865	Predicted transcriptional regulator, contains HTH domain
1_2760	3257419	3258798	1380	1	0.468	11	TAA	NA	NA	NA	0	0	0	1	NA	NA	NA	NA	NA
1_2761	3258900	3259538	639	1	0.427	11	TAAA	GENOMAD.208636.VV	1.337e-93	304	0	0	0	1	NA	NA	NA	NA	NA
1_2762	3259691	3261403	1713	1	0.397	11	TAAAA	NA	NA	NA	0	0	0	1	NA	NA	NA	NA	NA
1_2763	3261416	3263515	2100	1	0.468	11	TAAAAA	NA	NA	NA	0	0	0	1	NA	NA	NA	NA	NA
1_2764	3263570	3264895	1326	-1	0.440	11	TAAA	NA	NA	NA	0	0	0	1	NA	NA	NA	NA	NA
1_2765	3264903	3265610	708	-1	0.412	11	AAAAA	GENOMAD.029105.CC	8.353e-136	427	0	0	0	1	NA	NA	NA	PF16412;COG3248	Nucleoside-specific outer membrane channel protein Tsx
1_2766	3265718	3266308	591	1	0.445	11	AAA	NA	NA	NA	0	0	0	1	NA	NA	NA	NA	NA
1_2767	3266311	3266664	354	1	0.432	11	TAA	GENOMAD.136132.CP	0.0007751	40	0	0	0	1	NA	NA	NA	PF03960;TIGR01616;K00537;COG1393	nitrogenase-associated protein
1_2768	3266852	3268018	1167	-1	0.473	11	TAAAAA	GENOMAD.148164.CP	6.176e-29	123	0	0	0	1	NA	NA	NA	PF00576;PF06519;K21573;TIGR04056;COG5343	TonB-linked outer membrane protein, SusC/RagA family
1_2769	3268015	3268530	516	-1	0.372	11	None	NA	NA	NA	0	0	0	1	NA	NA	NA	NA	NA
1_2770	3268702	3270528	1827	1	0.436	11	TAAA	GENOMAD.167282.CP	1.084e-35	148	0	0	0	1	NA	NA	NA	PF12450	von Willebrand factor
1_2771	3270731	3271045	315	1	0.410	11	AAAA	NA	NA	NA	0	0	0	1	NA	NA	NA	NA	NA
1_2772	3271127	3272050	924	-1	0.435	11	None	NA	NA	NA	0	0	0	1	NA	NA	NA	NA	NA
1_2773	3272058	3272636	579	-1	0.437	11	AAA	GENOMAD.132383.CP	1.437e-74	248	0	0	0	1	NA	NA	NA	COG1556;K00782	L-lactate utilization protein LutC, contains LUD domain
1_2774	3272633	3274018	1386	-1	0.469	11	None	GENOMAD.112794.CP	2.026e-82	284	0	0	0	1	NA	NA	NA	PF02589;PF02754;PF13484;K18929;TIGR00273;COG1139	iron-sulfur cluster-binding protein
1_2775	3274015	3274755	741	-1	0.439	11	TAA	GENOMAD.117339.CP	3.982e-52	186	0	0	0	1	NA	NA	NA	PF02754;K18928;TIGR03288;COG0247	CoB--CoM heterodisulfide reductase, subunit B
1_2776	3274889	3275434	546	-1	0.427	11	AAA	GENOMAD.083884.VV	3.305e-06	49	0	0	0	2561	Caudoviricetes	NA	NA	TIGR03365;COG0602	7-cyano-7-deazaguanosine (preQ0) biosynthesis protein QueE
1_2777	3275421	3275753	333	-1	0.432	11	TAA	GENOMAD.158005.VC	0.0006283	40	0	0	0	1	NA	NA	NA	PF01242;TIGR03112;COG0720;K01737	6-pyruvoyl tetrahydropterin synthase-related domain
1_2778	3275870	3276232	363	1	0.430	11	None	NA	NA	NA	0	0	0	1	NA	NA	NA	NA	NA
1_2779	3276199	3276765	567	-1	0.469	11	TAA	GENOMAD.207680.VC	3.842e-08	55	0	0	0	1	NA	NA	NA	TIGR01705;COG0775	5'-methylthioadenosine/S-adenosylhomocysteine nucleosidase, putative
1_2780	3276920	3278089	1170	1	0.434	11	TAAA	GENOMAD.168595.CP	5.908e-11	67	0	0	0	1	NA	NA	NA	PF01757;K21462;COG3936	Membrane-bound acyltransferase YfiQ, involved in biofilm formation
1_2781	3278171	3278653	483	-1	0.445	11	TAAA	GENOMAD.197688.CV	7.637e-83	270	0	0	0	2561	Caudoviricetes	NA	NA	PF11396;COG5353	Putative beta-lactamase-inhibitor-like, PepSY-like
1_2782	3278740	3279495	756	-1	0.487	11	TAA	GENOMAD.154822.CP	4.742e-29	119	0	0	0	1	NA	NA	NA	PF03932;COG3142;K06201;TIGR00559	Copper homeostasis protein CutC
1_2783	3279586	3281121	1536	-1	0.465	11	TAA	GENOMAD.090871.CV	3.769e-100	338	0	0	0	2561	Caudoviricetes	NA	NA	PF12917;COG3294;TIGR00488;K06951	Metal-dependent phosphatase/phosphodiesterase, HD supefamily
1_2784	3281231	3281524	294	-1	0.422	11	TAAAAA	GENOMAD.146332.CV	3.555e-52	178	0	0	0	1	NA	NA	NA	PF05164;COG3027;K09888	Cell division protein ZapA, inhibits GTPase activity of FtsZ
1_2785	3281540	3281935	396	-1	0.389	11	AAAAA	GENOMAD.177709.CV	2.407e-48	169	0	0	0	1	NA	NA	NA	PF06005;TIGR02449;COG3074	Cell division protein ZapB
1_2786	3282221	3284509	2289	1	0.496	11	TAAAAA	GENOMAD.127123.CP	3.62e-06	53	0	0	0	2561	Caudoviricetes	NA	NA	NA	NA
1_2787	3284506	3284682	177	1	0.367	11	AAAAA	GENOMAD.056281.CC	1.384e-27	105	0	0	0	1	NA	NA	NA	NA	NA
1_2788	3284848	3286182	1335	1	0.492	11	TAAAA	GENOMAD.123612.CP	5.698e-05	48	0	0	0	1	NA	NA	NA	PF05088;COG2902;K15371	NAD-specific glutamate dehydrogenase
1_2789	3286635	3287171	537	1	0.380	11	None	NA	NA	NA	0	0	0	1	NA	NA	NA	NA	NA
1_2790	3287218	3288207	990	1	0.462	11	TAA	GENOMAD.133618.CP	6.851e-10	63	0	0	0	1	NA	NA	NA	PF04773;PF16220;COG3712	periplasmic ferric-dicitrate binding protein FecR, regulates iron transport through sigma-19
1_2791	3288388	3291657	3270	1	0.459	11	TAAAA	GENOMAD.160632.CP	9.185e-05	49	0	0	0	1	NA	NA	NA	PF14905;K16090;TIGR01782;COG4773	TonB-dependent receptor
1_2792	3291678	3293306	1629	1	0.491	11	TAAAAA	GENOMAD.141002.CP	4.697e-86	298	0	0	0	1	NA	NA	NA	PF12741;PF16339	Susd and RagB outer membrane lipoprotein
1_2793	3293338	3294378	1041	1	0.459	11	TAAA	NA	NA	NA	0	0	0	1	NA	NA	NA	NA	NA
1_2794	3294402	3295583	1182	1	0.473	11	TAAAAA	GENOMAD.088460.CC	1.066e-09	63	0	0	0	1	NA	NA	NA	PF16343;PF14274;PF16408;COG5510;K21571	Predicted small secreted protein
1_2795	3295597	3296628	1032	1	0.428	11	TAAAAA	NA	NA	NA	0	0	0	1	NA	NA	NA	NA	NA
1_2796	3296797	3297117	321	-1	0.408	11	AACAA	NA	NA	NA	0	0	0	1	NA	NA	NA	NA	NA
1_2797	3297318	3297773	456	1	0.401	11	AAAAA	NA	NA	NA	0	0	0	1	NA	NA	NA	NA	NA
1_2798	3298298	3298924	627	1	0.311	11	TAA	NA	NA	NA	0	0	0	1	NA	NA	NA	NA	NA
1_2799	3298921	3299853	933	1	0.318	11	TAAA	GENOMAD.010862.CC	6.259e-05	47	0	0	0	1	NA	NA	NA	PF13280;PF16902;K03491;TIGR03985;COG2344	CRISPR-associated protein, TIGR03985 family
1_2800	3300669	3300842	174	-1	0.460	11	TAAA	NA	NA	NA	0	0	0	1	NA	NA	NA	NA	NA
1_2801	3300947	3301624	678	-1	0.482	11	AAA	GENOMAD.045646.CC	3.809e-88	289	0	0	0	1	NA	NA	NA	PF14900;PF04202;COG5633	Uncharacterized conserved protein YcfL
1_2802	3301627	3303738	2112	-1	0.441	11	TAA	GENOMAD.045646.CC	3.579e-10	66	0	0	0	1	NA	NA	NA	PF14900;PF04202;COG5633	Uncharacterized conserved protein YcfL
1_2803	3303750	3305360	1611	-1	0.487	11	TAA	GENOMAD.029132.CC	1.699e-66	240	0	0	0	1	NA	NA	NA	PF13201;PF16410	Putative carbohydrate metabolism domain
1_2804	3305381	3306106	726	-1	0.438	11	TAA	GENOMAD.041389.CC	2.944e-72	244	0	0	0	1	NA	NA	NA	COG3047	Outer membrane protein W
1_2805	3306117	3307907	1791	-1	0.422	11	TAA	GENOMAD.029132.CC	5.605e-49	189	0	0	0	1	NA	NA	NA	PF13201;PF16410	Putative carbohydrate metabolism domain
1_2806	3307920	3309248	1329	-1	0.429	11	TAAA	GENOMAD.045645.CC	5.278e-173	546	0	0	0	1	NA	NA	NA	PF14900;PF16408;COG3017	NA
1_2807	3309268	3310059	792	-1	0.426	11	AAAA	GENOMAD.036558.CC	5.756e-45	166	0	0	0	1	NA	NA	NA	PF14900	NA
1_2808	3310302	3313271	2970	-1	0.458	11	TAAAA	GENOMAD.143002.CP	0.0	1708	0	0	0	1	NA	NA	NA	PF01326;PF19027;PF13419;K22292;COG0574;TIGR01418	Pyruvate phosphate dikinase, AMP/ATP-binding domain; Haloacid dehalogenase-like hydrolase
1_2809	3313518	3315605	2088	1	0.409	11	TAA	GENOMAD.124220.CP	1.942e-07	57	0	0	0	1	NA	NA	NA	PF00326;PF14583;K01278;COG1770;TIGR02821	Protease II
1_2810	3315753	3317090	1338	1	0.471	11	TAA	NA	NA	NA	0	0	0	1	NA	NA	NA	NA	NA
1_2811	3317234	3318397	1164	1	0.476	11	AATAA	GENOMAD.124338.CP	1.279e-42	164	0	0	0	1	NA	NA	NA	PF00557;PF01321;K01271;COG0006;TIGR02993	Xaa-Pro aminopeptidase
1_2812	3318481	3321246	2766	-1	0.458	11	AATAA	GENOMAD.182759.CP	8.081e-26	118	0	0	0	1	NA	NA	NA	PF01650;COG5206;K22684	Glycosylphosphatidylinositol transamidase (GPIT), subunit GPI8
1_2813	3321250	3323352	2103	-1	0.433	11	TAAA	GENOMAD.182759.CP	1.049e-22	107	0	0	0	1	NA	NA	NA	PF01650;COG5206;K22684	Glycosylphosphatidylinositol transamidase (GPIT), subunit GPI8
1_2814	3323617	3325062	1446	-1	0.468	11	TAAAAA	GENOMAD.189988.VC	7.738e-06	51	0	0	0	1	NA	NA	NA	PF12627;TIGR03276	phosphonate degradation operons associated HDIG domain protein
1_2815	3325216	3326058	843	1	0.442	11	TAA	GENOMAD.041433.CC	1.044e-44	166	0	0	0	1	NA	NA	NA	COG5010	NA
1_2816	3326208	3327035	828	1	0.344	11	TAAA	NA	NA	NA	0	0	0	1	NA	NA	NA	NA	NA
1_2817	3327044	3327994	951	1	0.327	11	TAAAAA	GENOMAD.210236.PC	6.114e-23	103	0	0	0	1	NA	NA	NA	PF14491	NA
1_2818	3328129	3328569	441	-1	0.433	11	TAAA	GENOMAD.168044.CP	1.11e-11	64	0	0	0	1	NA	NA	NA	PF14444;COG1278;TIGR02381	Cold shock protein, CspA family
1_2819	3329227	3329943	717	-1	0.442	11	AAA	NA	NA	NA	0	0	0	1	NA	NA	NA	NA	NA
1_2820	3329940	3330482	543	-1	0.418	11	None	NA	NA	NA	0	0	0	1	NA	NA	NA	NA	NA
1_2821	3330479	3331366	888	-1	0.431	11	TAA	NA	NA	NA	0	0	0	1	NA	NA	NA	NA	NA
1_2822	3331391	3332203	813	-1	0.319	11	TAA	NA	NA	NA	0	0	0	1	NA	NA	NA	NA	NA
1_2823	3332203	3332898	696	-1	0.316	11	TAAA	GENOMAD.033732.VV	2.03e-11	66	0	0	0	2561	Caudoviricetes	NA	NA	NA	NA
1_2824	3332895	3334004	1110	-1	0.260	11	AAAA	GENOMAD.056762.CC	8.417e-103	339	0	0	0	1	NA	NA	NA	NA	NA
1_2825	3334011	3334946	936	-1	0.285	11	TAA	NA	NA	NA	0	0	0	1	NA	NA	NA	NA	NA
1_2826	3334951	3336147	1197	-1	0.293	11	AATAA	NA	NA	NA	0	0	0	1	NA	NA	NA	NA	NA
1_2827	3336155	3337090	936	-1	0.287	11	AAAAA	NA	NA	NA	0	0	0	1	NA	NA	NA	NA	NA
1_2828	3337077	3338441	1365	-1	0.296	11	TAA	GENOMAD.036653.CC	8.484e-93	314	0	0	0	1	NA	NA	NA	COG0534	Na+-driven multidrug efflux pump
1_2829	3338428	3339456	1029	-1	0.416	11	AACAA	NA	NA	NA	0	0	0	1	NA	NA	NA	NA	NA
1_2830	3339459	3340358	900	-1	0.400	11	AAA	NA	NA	NA	0	0	0	1	NA	NA	NA	NA	NA
1_2831	3340360	3341439	1080	-1	0.472	11	TAA	NA	NA	NA	0	0	0	1	NA	NA	NA	NA	NA
1_2832	3341445	3342221	777	-1	0.512	11	TAA	NA	NA	NA	0	0	0	1	NA	NA	NA	NA	NA
1_2833	3342259	3343602	1344	-1	0.519	11	AAAAA	NA	NA	NA	0	0	0	1	NA	NA	NA	NA	NA
1_2834	3343621	3344718	1098	-1	0.491	11	TAAA	GENOMAD.137271.CP	3.785e-09	61	0	0	0	1	NA	NA	NA	PF00953;TIGR02380;COG0472;K02851	undecaprenyl-phosphate alpha-N-acetylglucosaminyl 1-phosphatetransferase
1_2835	3344770	3345255	486	-1	0.525	11	TAAA	NA	NA	NA	0	0	0	1	NA	NA	NA	NA	NA
1_2836	3345300	3345926	627	-1	0.510	11	None	NA	NA	NA	0	0	0	1	NA	NA	NA	NA	NA
1_2837	3346571	3346963	393	1	0.356	11	AAAAA	NA	NA	NA	0	0	0	1	NA	NA	NA	NA	NA
1_2838	3347035	3349194	2160	1	0.532	11	TAAAAA	NA	NA	NA	0	0	0	1	NA	NA	NA	NA	NA
1_2839	3349426	3349671	246	-1	0.459	11	TAA	GENOMAD.213509.VC	8.98e-13	64	0	0	0	1	NA	NA	NA	PF14053	NA
1_2840	3349939	3350409	471	1	0.480	11	TAAAAA	GENOMAD.180834.VC	3.714e-09	57	0	0	0	2561	Caudoviricetes	NA	NA	PF18291;COG0776;TIGR01201;K05788	HU domain fused to wHTH, Ig, or Glycine-rich motif
1_2841	3350706	3351407	702	-1	0.496	11	TAAA	NA	NA	NA	0	0	0	1	NA	NA	NA	NA	NA
1_2842	3351437	3351577	141	-1	0.511	11	TAA	NA	NA	NA	0	0	0	1	NA	NA	NA	NA	NA
1_2843	3351558	3352562	1005	-1	0.471	11	TAAA	NA	NA	NA	0	0	0	1	NA	NA	NA	NA	NA
1_2844	3352623	3353168	546	1	0.478	11	TAA	NA	NA	NA	0	0	0	1	NA	NA	NA	NA	NA
1_2845	3353334	3353687	354	1	0.342	11	TAGAA	NA	NA	NA	0	0	0	1	NA	NA	NA	NA	NA
1_2846	3353674	3354411	738	1	0.393	11	None	NA	NA	NA	0	0	0	1	NA	NA	NA	NA	NA
1_2847	3354374	3354898	525	1	0.349	11	TAA	NA	NA	NA	0	0	0	1	NA	NA	NA	NA	NA
1_2848	3355035	3355637	603	-1	0.486	11	TAA	NA	NA	NA	0	0	0	1	NA	NA	NA	NA	NA
1_2849	3355772	3356695	924	1	0.511	11	AATAA	GENOMAD.132637.CP	2.429e-45	169	0	0	0	1	NA	NA	NA	PF16654;PF01408;K03340;TIGR01921;COG3804	Diaminopimelic acid dehydrogenase C-terminal domain; Oxidoreductase family, NAD-binding Rossmann fold
1_2850	3356824	3357474	651	1	0.507	11	None	NA	NA	NA	0	0	0	1	NA	NA	NA	NA	NA
1_2851	3357814	3360207	2394	1	0.478	11	TAA	GENOMAD.016501.VV	2.582e-18	93	0	0	0	2561	Caudoviricetes	NA	NA	NA	NA
1_2852	3360215	3360679	465	1	0.471	11	AATAA	GENOMAD.133614.VC	3.83e-07	51	0	0	0	2561	Caudoviricetes	NA	NA	PF13353;TIGR02826;K04069;COG1856	anaerobic ribonucleoside-triphosphate reductase activating protein
1_2853	3360773	3362320	1548	1	0.488	11	TAAAA	GENOMAD.153103.CP	0.0001436	47	0	0	0	1	NA	NA	NF000025	PF06779;TIGR00711;K08166;COG2814	drug resistance transporter, EmrB/QacA subfamily
1_2854	3362328	3363416	1089	-1	0.465	11	TAAAA	NA	NA	NA	0	0	0	1	NA	NA	NA	NA	NA
1_2855	3363423	3364214	792	-1	0.499	11	AAAAA	NA	NA	NA	0	0	0	1	NA	NA	NA	NA	NA
1_2856	3364408	3365286	879	1	0.445	11	AACAA	NA	NA	NA	0	0	0	1	NA	NA	NA	NA	NA
1_2857	3365389	3366744	1356	-1	0.462	11	AATAA	GENOMAD.113196.CP	1.678e-10	66	1	0	0	1	NA	NA	NA	PF02163;TIGR00054;COG0750;K11749	RIP metalloprotease RseP
1_2858	3366764	3367930	1167	-1	0.476	11	None	GENOMAD.101892.CP	7.785e-160	505	0	0	0	1	NA	NA	NA	PF08436;PF13288;PF02670;PF09976;K00099;TIGR00243;COG0743	1-deoxy-D-xylulose 5-phosphate reductoisomerase
1_2859	3367933	3368793	861	-1	0.447	11	None	GENOMAD.126394.CP	8.589e-51	184	0	0	0	1	NA	NA	NA	PF01333;COG2190;TIGR00830	Apocytochrome F, C-terminal
1_2860	3368860	3369402	543	-1	0.460	11	None	GENOMAD.000295.CC	6.301e-61	208	1	0	0	1	NA	NA	NA	PF01782;PF05239;COG0806;TIGR02273;K02860	Ribosomal 30S subunit maturation factor RimM, required for 16S rRNA processing
1_2861	3369399	3370703	1305	-1	0.477	11	TAA	GENOMAD.108595.CP	3.655e-126	410	0	0	0	2561	Caudoviricetes	NA	NA	PF00275;TIGR01356;COG0766;K00790	3-phosphoshikimate 1-carboxyvinyltransferase
1_2862	3370751	3371368	618	-1	0.426	11	TAA	GENOMAD.006522.CC	9.741e-41	151	0	0	0	1	NA	NA	NA	PF14123	NA
1_2863	3371418	3372107	690	-1	0.455	11	AATAA	GENOMAD.034878.CC	1.5e-23	102	0	0	0	1	NA	NA	NA	PF00814;PF07066;K14742;TIGR03725;COG1214	tRNA threonylcarbamoyl adenosine modification protein YeaZ
1_2864	3372284	3373591	1308	1	0.440	11	AACAA	NA	NA	NA	0	0	0	1	NA	NA	NA	NA	NA
1_2865	3373588	3375216	1629	1	0.441	11	TAA	NA	NA	NA	0	0	0	1	NA	NA	NA	NA	NA
1_2866	3375826	3376725	900	1	0.431	11	TAAAA	GENOMAD.073106.CV	1.07e-41	158	0	0	0	2561	Caudoviricetes	NA	NA	PF03755;PF08340;TIGR00255;COG1561	TIGR00255 family protein
1_2867	3376738	3377352	615	1	0.442	11	TAA	NA	NA	NA	0	0	0	1	NA	NA	NA	NA	NA
1_2868	3377385	3377975	591	1	0.455	11	None	GENOMAD.146620.VC	2.107e-08	56	0	0	0	1	NA	NA	NA	PF08218;TIGR00482;COG1057;K00954	nicotinate (nicotinamide) nucleotide adenylyltransferase
1_2869	3377947	3379053	1107	-1	0.463	11	AACAA	NA	NA	NA	0	0	0	1	NA	NA	NA	NA	NA
1_2870	3379104	3380000	897	1	0.462	11	AAAAA	GENOMAD.092694.CP	3.291e-48	177	0	0	0	1	NA	NA	NA	PF01040;K02548;TIGR00751;COG1575	1,4-dihydroxy-2-naphthoate octaprenyltransferase
1_2871	3379997	3381136	1140	-1	0.441	11	TAAA	GENOMAD.049396.VV	1.498e-12	72	0	0	0	11844	Phycodnaviridae	NA	NA	PF16363;K12450;COG1088;TIGR04180	dTDP-D-glucose 4,6-dehydratase
1_2872	3381156	3382019	864	-1	0.468	11	TAA	NA	NA	NA	0	0	0	1	NA	NA	NA	NA	NA
1_2873	3382199	3382690	492	-1	0.451	11	TAA	GENOMAD.108572.CP	2.777e-70	234	0	0	0	1	NA	NA	NA	PF12850;K07095;TIGR00040;COG0622	phosphoesterase, MJ0936 family
1_2874	3382747	3384822	2076	1	0.452	11	AAA	NA	NA	NA	0	0	0	1	NA	NA	NA	NA	NA
1_2875	3384888	3387137	2250	1	0.468	11	TAA	GENOMAD.009839.CC	1.829e-192	618	0	0	0	1	NA	NA	NA	COG0306	Phosphate/sulfate permease
1_2876	3387216	3387614	399	-1	0.421	11	TAAA	NA	NA	NA	0	0	0	1	NA	NA	NA	NA	NA
1_2877	3387731	3389365	1635	1	0.461	11	TAAAA	NA	NA	NA	0	0	0	1	NA	NA	NA	NA	NA
1_2878	3389481	3389756	276	1	0.384	11	TAAAAA	NA	NA	NA	0	0	0	1	NA	NA	NA	NA	NA
1_2879	3389881	3390285	405	1	0.484	11	TAAAAA	NA	NA	NA	0	0	0	1	NA	NA	NA	NA	NA
1_2880	3390456	3391694	1239	1	0.494	11	TAAA	GENOMAD.132268.CP	1.003e-08	60	0	0	0	1	NA	NA	NA	PF12700;PF16408;TIGR01730;K18302;COG0845	RND family efflux transporter, MFP subunit
1_2881	3391771	3394857	3087	1	0.504	11	TAAA	NA	NA	NA	0	0	0	1	NA	NA	NA	NA	NA
1_2882	3394983	3396161	1179	1	0.461	11	AATAA	GENOMAD.160644.CP	3.61e-215	665	0	0	0	1	NA	NA	NA	PF02321;TIGR01844;K15725;COG1538	type I secretion outer membrane protein, TolC family
1_2883	3396308	3397054	747	-1	0.467	11	AACAA	GENOMAD.196149.CP	1.134e-38	147	0	0	0	1	NA	NA	NA	PF05736;COG3047	Outer membrane protein W
1_2884	3397090	3398508	1419	-1	0.516	11	AATAA	GENOMAD.045066.CP	1.516e-33	139	0	0	0	1	NA	NA	NA	PF01189;PF01472;PF17125;K21971;TIGR00563;COG0144	16S rRNA (cytosine(967)-C(5))-methyltransferase
1_2885	3398505	3399077	573	-1	0.429	11	TAA	NA	NA	NA	0	0	0	1	NA	NA	NA	NA	NA
1_2886	3399196	3399822	627	1	0.470	11	TAAAAA	NA	NA	NA	0	0	0	1	NA	NA	NA	NA	NA
1_2887	3399819	3400367	549	1	0.448	11	None	GENOMAD.152181.CP	0.0006835	42	0	0	0	1	NA	NA	NA	PF07638;TIGR02952;COG1595;K03091	RNA polymerase sigma-70 factor, TIGR02952 family
1_2888	3400351	3400680	330	1	0.497	11	TAAA	NA	NA	NA	0	0	0	1	NA	NA	NA	NA	NA
1_2889	3401156	3402430	1275	1	0.470	11	TAA	NA	NA	NA	0	0	0	1	NA	NA	NA	NA	NA
1_2890	3402495	3403457	963	-1	0.433	11	TAAAAA	GENOMAD.146326.VP	3.152e-71	245	0	0	1	2561	Caudoviricetes	NA	NA	PF09588;TIGR03033;COG5377;K01143	putative phage-type endonuclease
1_2891	3403534	3404328	795	1	0.503	11	TAA	GENOMAD.030736.VV	8.811e-15	77	0	0	0	2561	Caudoviricetes	NA	NA	PF00303;COG0207;TIGR03284;K00560	Thymidylate synthase
1_2892	3404346	3404840	495	1	0.485	11	TAA	NA	NA	NA	0	0	0	1	NA	NA	NA	NA	NA
1_2893	3404843	3405319	477	-1	0.440	11	AACAA	NA	NA	NA	0	0	0	1	NA	NA	NA	NA	NA
1_2894	3405470	3406750	1281	1	0.463	11	TAA	GENOMAD.176534.CV	6.731e-48	181	0	0	0	1	NA	NA	NA	PF16217	Peptidase M64 N-terminus
1_2895	3406753	3406878	126	-1	0.365	11	TAA	NA	NA	NA	0	0	0	1	NA	NA	NA	NA	NA
1_2896	3407036	3407500	465	-1	0.391	11	TAAAAA	GENOMAD.006284.CC	2.208e-43	156	0	0	0	1	NA	NA	NA	PF02472;COG0848;TIGR02804;K03559	Biopolymer transport protein ExbD
1_2897	3407500	3408090	591	-1	0.389	11	TAAAA	GENOMAD.000401.CC	5.091e-88	287	0	0	0	1	NA	NA	NA	PF02472;COG0848;TIGR02804;K03560	Biopolymer transport protein ExbD
1_2898	3408127	3408597	471	-1	0.384	11	AATAA	GENOMAD.031345.CC	2.084e-36	136	0	0	0	1	NA	NA	NA	NA	NA
1_2899	3408604	3409428	825	-1	0.418	11	TAAAAA	GENOMAD.115186.CP	1.412e-114	368	0	0	0	1	NA	NA	NA	K03561;COG0811	Biopolymer transport protein ExbB/TolQ
1_2900	3409757	3410533	777	-1	0.440	11	TAAA	NA	NA	NA	0	0	0	1	NA	NA	NA	NA	NA
1_2901	3410537	3411247	711	-1	0.440	11	TAA	GENOMAD.030610.CC	3.389e-77	258	0	0	0	1	NA	NA	NA	NA	NA
1_2902	3411255	3412229	975	-1	0.422	11	TAA	GENOMAD.140879.CP	1.623e-05	49	0	0	0	1	NA	NA	NA	PF00348;K13787;TIGR02748;COG0142	heptaprenyl diphosphate synthase component II
1_2903	3412308	3412991	684	-1	0.449	11	AATAA	GENOMAD.090469.CP	1.556e-06	51	0	0	0	1	NA	NA	NA	NA	NA
1_2904	3413045	3413836	792	1	0.429	11	TAA	NA	NA	NA	0	0	0	1	NA	NA	NA	NA	NA
1_2905	3413949	3414821	873	1	0.454	11	TAA	NA	NA	NA	0	0	0	1	NA	NA	NA	NA	NA
1_2906	3414895	3415875	981	1	0.467	11	TAAAAA	NA	NA	NA	0	0	0	1	NA	NA	NA	NA	NA
1_2907	3415936	3416802	867	-1	0.452	11	AATAA	NA	NA	NA	0	0	0	1	NA	NA	NA	NA	NA
1_2908	3416802	3418034	1233	-1	0.482	11	TAAAAA	NA	NA	NA	0	0	0	1	NA	NA	NA	NA	NA
1_2909	3418049	3418810	762	-1	0.453	11	TAAA	GENOMAD.019900.CC	1.654e-66	228	0	0	0	1	NA	NA	NA	PF02544;K09591;COG3752;TIGR04571	3-oxo-5-alpha-steroid 4-dehydrogenase
1_2910	3418927	3420270	1344	-1	0.432	11	TAA	GENOMAD.124020.CP	1.399e-05	50	0	0	0	1	NA	NA	NA	NA	NA
1_2911	3420283	3421473	1191	-1	0.490	11	TAAAAA	NA	NA	NA	0	0	0	1	NA	NA	NA	NA	NA
1_2912	3421590	3423833	2244	-1	0.471	11	TAAA	GENOMAD.120831.CP	6.452e-09	62	0	0	0	1	NA	NA	NA	PF00330;K01702;TIGR00170;COG0065	3-isopropylmalate dehydratase, large subunit
1_2913	3423906	3425876	1971	1	0.455	11	AACAA	NA	NA	NA	0	0	0	1	NA	NA	NA	NA	NA
1_2914	3426045	3427973	1929	-1	0.395	11	AACAA	GENOMAD.169917.CP	1.272e-09	64	0	0	0	1	NA	NA	NA	PF16130;TIGR04456	LruC domain
1_2915	3428170	3429213	1044	-1	0.458	11	TAAAA	NA	NA	NA	0	0	0	1	NA	NA	NA	NA	NA
1_2916	3429300	3429884	585	-1	0.417	11	TAA	GENOMAD.158800.CP	2.726e-21	94	0	0	0	1	NA	NA	NA	PF13568;COG3637;TIGR04565	Outer membrane protein beta-barrel domain
1_2917	3429901	3430644	744	-1	0.426	11	AAA	GENOMAD.001888.CC	2.015e-28	117	0	0	0	1	NA	NA	NA	PF01643;K01071;COG3884;TIGR02799	Acyl-ACP thioesterase
1_2918	3430645	3431205	561	-1	0.419	11	AATAA	GENOMAD.082537.CP	6.537e-72	240	0	0	0	1	NA	NA	NA	PF10369;PF13740;TIGR00119;COG0440	acetolactate synthase, small subunit
1_2919	3431219	3432916	1698	-1	0.482	11	TAAA	NA	NA	NA	0	0	0	1	NA	NA	NA	NA	NA
1_2920	3432971	3434773	1803	-1	0.498	11	TAAA	NA	NA	NA	0	0	0	1	NA	NA	NA	NA	NA
1_2921	3435387	3437462	2076	-1	0.467	11	TAA	GENOMAD.097074.VV	1.293e-05	51	0	0	0	2561	Caudoviricetes	NA	NA	NA	NA
1_2922	3437479	3439629	2151	-1	0.485	11	TAA	NA	NA	NA	0	0	0	1	NA	NA	NA	NA	NA
1_2923	3439648	3441804	2157	-1	0.482	11	AAAAA	GENOMAD.100679.VV	2.48e-08	60	0	0	0	2561	Caudoviricetes	NA	NA	NA	NA
1_2924	3441810	3443117	1308	-1	0.433	11	TAAAAA	NA	NA	NA	0	0	0	1	NA	NA	NA	NA	NA
1_2925	3443149	3444081	933	-1	0.361	11	TAAAA	NA	NA	NA	0	0	0	1	NA	NA	NA	NA	NA
1_2926	3444325	3444915	591	1	0.442	11	TAA	GENOMAD.126968.VC	2.183e-54	190	0	0	0	2561	Caudoviricetes	NA	NA	PF00254;K03775;COG1047	FKBP-type peptidyl-prolyl cis-trans isomerase 2
1_2927	3445009	3445527	519	-1	0.412	11	TAA	NA	NA	NA	0	0	0	1	NA	NA	NA	NA	NA
1_2928	3445636	3446922	1287	-1	0.453	11	TAA	NA	NA	NA	0	0	0	1	NA	NA	NA	NA	NA
1_2929	3447098	3448225	1128	1	0.449	11	TAAAAA	GENOMAD.208292.VC	0.0003659	45	0	0	0	2561	Caudoviricetes	NA	NA	NA	NA
1_2930	3448375	3449469	1095	1	0.362	11	AAAAA	GENOMAD.014047.CC	2.865e-104	343	0	0	0	1	NA	NA	NA	PF13201;PF16341;COG5510	Putative carbohydrate metabolism domain
1_2931	3449480	3450262	783	1	0.379	11	TAAAAA	GENOMAD.030299.CC	5.386e-136	429	0	0	0	1	NA	NA	NA	PF13568;COG3047	Outer membrane protein W
1_2932	3450690	3451586	897	-1	0.427	11	None	NA	NA	NA	0	0	0	1	NA	NA	NA	NA	NA
1_2933	3451570	3451707	138	-1	0.391	11	AAA	NA	NA	NA	0	0	0	1	NA	NA	NA	NA	NA
1_2934	3451858	3452253	396	-1	0.338	11	TAA	NA	NA	NA	0	0	0	1	NA	NA	NA	NA	NA
1_2935	3452289	3453860	1572	-1	0.369	11	TAAA	NA	NA	NA	0	0	0	1	NA	NA	NA	NA	NA
1_2936	3454255	3455748	1494	-1	0.444	11	AAA	NA	NA	NA	0	0	0	1	NA	NA	NA	NA	NA
1_2937	3455830	3456753	924	-1	0.416	11	AAAA	NA	NA	NA	0	0	0	1	NA	NA	NA	NA	NA
1_2938	3456836	3457780	945	-1	0.426	11	TAA	GENOMAD.134189.CP	8.536e-07	53	0	0	0	1	NA	NA	NA	PF01663;TIGR02335;COG1524;K18424	phosphonoacetate hydrolase
1_2939	3457773	3460229	2457	-1	0.459	11	AACAA	GENOMAD.154807.CP	9.838e-21	101	0	0	0	1	NA	NA	NA	PF16370;PF00149;COG2908;K03651;TIGR03729	C terminal of Calcineurin-like phosphoesterase; Calcineurin-like phosphoesterase
1_2940	3460331	3462124	1794	-1	0.446	11	TAA	GENOMAD.123514.CP	6.015e-18	91	0	0	0	2561	Caudoviricetes	NA	NA	PF12771;K21572;COG5510	Starch-binding associating with outer membrane
1_2941	3462137	3465556	3420	-1	0.428	11	TAAA	NA	NA	NA	0	0	0	1	NA	NA	NA	NA	NA
1_2942	3465745	3466770	1026	-1	0.432	11	TAA	NA	NA	NA	0	0	0	1	NA	NA	NA	NA	NA
1_2943	3466845	3467417	573	-1	0.396	11	TAA	NA	NA	NA	0	0	0	1	NA	NA	NA	NA	NA
1_2944	3467482	3467619	138	-1	0.391	11	TAA	NA	NA	NA	0	0	0	1	NA	NA	NA	NA	NA
1_2945	3467842	3467988	147	-1	0.354	11	TAAA	NA	NA	NA	0	0	0	1	NA	NA	NA	NA	NA
1_2946	3469065	3470309	1245	-1	0.269	11	TAAAAA	NA	NA	NA	0	0	0	1	NA	NA	NA	NA	NA
1_2947	3470287	3471018	732	-1	0.276	11	TAA	GENOMAD.218614.PC	5.769e-16	80	0	0	0	1	NA	NA	NA	PF05147	Lanthionine synthetase C-like protein
1_2948	3471053	3472108	1056	-1	0.437	11	TAA	NA	NA	NA	0	0	0	1	NA	NA	NA	NA	NA
1_2949	3472364	3472591	228	1	0.386	11	None	NA	NA	NA	0	0	0	1	NA	NA	NA	NA	NA
1_2950	3472863	3473057	195	1	0.318	11	AAAAA	NA	NA	NA	0	0	0	1	NA	NA	NA	NA	NA
1_2951	3473130	3473429	300	1	0.400	11	TAAA	NA	NA	NA	0	0	0	1	NA	NA	NA	NA	NA
1_2952	3474181	3475524	1344	1	0.298	11	AAAA	NA	NA	NA	0	0	0	1	NA	NA	NA	NA	NA
1_2953	3475709	3477076	1368	1	0.298	11	AATAA	NA	NA	NA	0	0	0	1	NA	NA	NA	NA	NA
1_2954	3477305	3478792	1488	1	0.347	11	TAA	NA	NA	NA	0	0	0	1	NA	NA	NA	NA	NA
1_2955	3478988	3480163	1176	-1	0.434	11	TAGAA	NA	NA	NA	0	0	0	1	NA	NA	NA	NA	NA
1_2956	3480263	3480775	513	1	0.339	11	TAA	GENOMAD.196911.CP	2.288e-11	64	0	0	0	1	NA	NA	NA	PF16287	6-bladed beta-propeller
1_2957	3481409	3483250	1842	-1	0.442	11	AATAA	GENOMAD.148232.CP	3.847e-33	140	0	0	0	1	NA	NA	NA	PF12771;K21572	Starch-binding associating with outer membrane
1_2958	3483273	3486488	3216	-1	0.447	11	AAAAA	GENOMAD.138253.CP	3.393e-07	57	0	0	0	1	NA	NA	NA	PF20598;TIGR04056	TonB-linked outer membrane protein, SusC/RagA family
1_2959	3486616	3486762	147	1	0.333	11	TAA	NA	NA	NA	0	0	0	1	NA	NA	NA	NA	NA
1_2960	3486844	3486957	114	1	0.228	11	AAAAA	NA	NA	NA	0	0	0	1	NA	NA	NA	NA	NA
1_2961	3487367	3488689	1323	-1	0.457	11	TAAAAA	GENOMAD.054603.CC	1.262e-13	76	0	0	0	1	NA	NA	NA	PF16343;PF03256;COG5156;K04618	Anaphase-promoting complex (APC), subunit 10
1_2962	3488716	3490602	1887	-1	0.450	11	TAA	GENOMAD.148232.CP	4.342e-33	140	0	0	0	1	NA	NA	NA	PF12771;K21572	Starch-binding associating with outer membrane
1_2963	3490632	3494084	3453	-1	0.432	11	AAA	GENOMAD.138253.CP	0.0001965	48	0	0	0	1	NA	NA	NA	PF20598;TIGR04056	TonB-linked outer membrane protein, SusC/RagA family
1_2964	3494213	3495412	1200	-1	0.408	11	TAAAAA	GENOMAD.133618.CP	2.364e-05	49	0	0	0	1	NA	NA	NA	PF04773;PF16220;COG3712	periplasmic ferric-dicitrate binding protein FecR, regulates iron transport through sigma-19
1_2965	3495512	3496090	579	-1	0.361	11	None	NA	NA	NA	0	0	0	1	NA	NA	NA	NA	NA
1_2966	3496351	3497427	1077	1	0.452	11	TAAA	GENOMAD.078808.CP	2.299e-06	52	0	0	0	1	NA	NA	NA	NA	NA
1_2967	3497440	3498804	1365	1	0.450	11	TAA	GENOMAD.143077.CP	7.071e-06	51	0	0	0	1	NA	NA	NA	PF01546;K13049;TIGR01880;COG2195	N-acyl-L-amino-acid amidohydrolase
1_2968	3498912	3499964	1053	-1	0.429	11	TAAAAA	GENOMAD.183050.PC	2.564e-07	55	0	0	0	1	NA	NA	NA	PF03417;COG4927;K19200	Predicted choloylglycine hydrolase
1_2969	3500032	3503463	3432	-1	0.438	11	TAA	GENOMAD.133528.CP	6.897e-10	66	0	0	0	1	NA	NA	NA	NA	NA
1_2970	3503518	3503616	99	-1	0.455	11	TAA	NA	NA	NA	0	0	0	1	NA	NA	NA	NA	NA
1_2971	3503709	3504431	723	-1	0.412	11	TAA	GENOMAD.179068.PC	1.815e-49	178	0	0	0	1	NA	NA	NA	PF14342	NA
1_2972	3504521	3506743	2223	-1	0.444	11	AATAA	NA	NA	NA	0	0	0	1	NA	NA	NA	NA	NA
1_2973	3506796	3508187	1392	1	0.438	11	TAAA	GENOMAD.194487.CP	6.074e-05	48	0	0	0	1	NA	NA	NA	PF01120;PF07461;K01206;COG3669	Alpha-L-fucosidase; Nicotine adenine dinucleotide glycohydrolase (NADase)
1_2974	3508203	3508298	96	-1	0.344	11	TAAAAA	NA	NA	NA	0	0	0	1	NA	NA	NA	NA	NA
1_2975	3508317	3510464	2148	-1	0.460	11	TAAA	GENOMAD.126914.CP	1.59e-24	113	0	0	0	1	NA	NA	NA	PF02310;K01849;TIGR01501;COG2185	methylaspartate mutase, S subunit
1_2976	3510466	3512364	1899	-1	0.442	11	TAA	GENOMAD.145304.CP	2.675e-13	76	0	0	0	1	NA	NA	NA	TIGR01501	methylaspartate mutase, S subunit
1_2977	3512550	3512738	189	-1	0.392	11	TAAA	NA	NA	NA	0	0	0	1	NA	NA	NA	NA	NA
1_2978	3513288	3514952	1665	1	0.467	11	TAA	NA	NA	NA	0	0	0	1	NA	NA	NA	NA	NA
1_2979	3515040	3515702	663	-1	0.410	11	AATAA	NA	NA	NA	0	0	0	1	NA	NA	NA	NA	NA
1_2980	3515734	3517185	1452	1	0.444	11	AATAA	NA	NA	NA	0	0	0	1	NA	NA	NA	NA	NA
1_2981	3517227	3517796	570	1	0.446	11	TAAA	NA	NA	NA	0	0	0	1	NA	NA	NA	NA	NA
1_2982	3518454	3518807	354	1	0.418	11	TAA	NA	NA	NA	0	0	0	1	NA	NA	NA	NA	NA
1_2983	3519687	3521897	2211	-1	0.461	11	AAA	GENOMAD.214322.CV	5.695e-05	49	0	0	0	1	NA	NA	NA	PF01734;COG4667;K07001	Predicted phospholipase, patatin/cPLA2 family
1_2984	3521977	3523365	1389	-1	0.479	11	TAA	NA	NA	NA	0	0	0	1	NA	NA	NA	NA	NA
1_2985	3523473	3525200	1728	1	0.448	11	TAA	NA	NA	NA	0	0	0	1	NA	NA	NA	NA	NA
1_2986	3525300	3526295	996	1	0.433	11	TAA	NA	NA	NA	0	0	0	1	NA	NA	NA	NA	NA
1_2987	3526321	3527658	1338	1	0.465	11	TAAAAA	NA	NA	NA	0	0	0	1	NA	NA	NA	NA	NA
1_2988	3527737	3528243	507	-1	0.420	11	TAAA	NA	NA	NA	0	0	0	1	NA	NA	NA	NA	NA
1_2989	3528341	3529069	729	1	0.455	11	None	NA	NA	NA	0	0	0	1	NA	NA	NA	NA	NA
1_2990	3529415	3530452	1038	1	0.427	11	AATAA	NA	NA	NA	0	0	0	1	NA	NA	NA	NA	NA
1_2991	3530459	3531121	663	1	0.440	11	TAA	NA	NA	NA	0	0	0	1	NA	NA	NA	NA	NA
1_2992	3531211	3533919	2709	-1	0.422	11	TAA	GENOMAD.002512.CC	9.357e-144	482	0	0	0	1	NA	NA	NA	COG1452;K04744	LPS assembly outer membrane protein LptD (organic solvent tolerance protein OstA)
1_2993	3534009	3534545	537	-1	0.434	11	TAAAAA	GENOMAD.111260.CP	3.284e-67	226	0	0	0	1	NA	NA	NA	PF13023;TIGR00295;COG2316;K06951	TIGR00295 family protein
1_2994	3535007	3537313	2307	1	0.468	11	AATAA	GENOMAD.142037.CP	1.635e-16	87	0	0	0	2561	Caudoviricetes	NA	NA	PF00728;PF02838;COG3525;K12373	N-acetyl-beta-hexosaminidase
1_2995	3537508	3539601	2094	1	0.403	11	TAA	NA	NA	NA	0	0	0	1	NA	NA	NA	NA	NA
1_2996	3539624	3540433	810	-1	0.378	11	None	NA	NA	NA	0	0	0	1	NA	NA	NA	NA	NA
1_2997	3540713	3541183	471	-1	0.372	11	AATAA	NA	NA	NA	0	0	0	1	NA	NA	NA	NA	NA
1_2998	3541279	3542172	894	-1	0.400	11	TAA	GENOMAD.023620.CC	1.018e-74	254	0	0	0	1	NA	NA	NA	PF13593;TIGR00832;COG0385;K03453	arsenical-resistance protein
1_2999	3542236	3543534	1299	1	0.416	11	TAA	GENOMAD.015178.CC	3.214e-06	52	0	0	0	1	NA	NA	NA	NA	NA
1_3000	3543554	3544447	894	1	0.417	11	AATAA	GENOMAD.000588.CC	7.821e-97	318	0	0	0	1	NA	NA	NA	PF02470;PF11887;TIGR00996;COG1463;K02067	virulence factor Mce family protein
1_3001	3544796	3546223	1428	1	0.419	11	TAAA	GENOMAD.158009.VC	1.561e-09	63	0	0	0	5797	Crassvirales	NA	NA	PF08299	Bacterial dnaA protein helix-turn-helix
1_3002	3546296	3547084	789	-1	0.388	11	AAA	NA	NA	NA	0	0	0	1	NA	NA	NA	NA	NA
1_3003	3547255	3549876	2622	1	0.463	11	AAAAA	GENOMAD.166299.VC	5.339e-77	281	0	0	0	2561	Caudoviricetes	NA	NA	NA	NA
1_3004	3549825	3549977	153	-1	0.386	11	TAAAA	NA	NA	NA	0	0	0	1	NA	NA	NA	NA	NA
1_3005	3550074	3552776	2703	1	0.478	11	TAA	GENOMAD.190139.CP	5.202e-17	89	0	0	0	1	NA	NA	NA	PF00686;K18695	Starch binding domain
1_3006	3552905	3553936	1032	1	0.455	11	AAA	GENOMAD.221104.VC	2.281e-12	71	0	0	0	1	NA	NA	NA	PF10129;K21005;COG3594	Fucose 4-O-acetylase or related acetyltransferase
1_3007	3553988	3554356	369	1	0.472	11	None	GENOMAD.105435.CP	8.625e-39	141	0	0	0	1	NA	NA	NA	PF02152;K01633;TIGR00526;COG1539	FolB domain
1_3008	3554380	3555801	1422	1	0.457	11	TAA	GENOMAD.132441.CP	1.077e-11	70	0	0	0	1	NA	NA	NA	PF08534;PF16408;COG0386;TIGR00385	Glutathione peroxidase, house-cleaning role in reducing lipid peroxides
1_3009	3556365	3556883	519	-1	0.459	11	TAA	NA	NA	NA	0	0	0	1	NA	NA	NA	NA	NA
1_3010	3556888	3557919	1032	-1	0.490	11	AAAA	NA	NA	NA	0	0	0	1	NA	NA	NA	NA	NA
1_3011	3557912	3558769	858	-1	0.491	11	TAA	GENOMAD.107211.CP	1.276e-55	198	0	0	0	1	NA	NA	NA	PF03279;K02517;COG1560;TIGR02207	Lauroyl/myristoyl acyltransferase
1_3012	3558811	3560130	1320	-1	0.494	11	None	NA	NA	NA	0	0	0	1	NA	NA	NA	NA	NA
1_3013	3560270	3561943	1674	1	0.447	11	AAAAA	NA	NA	NA	0	0	0	1	NA	NA	NA	NA	NA
1_3014	3562102	3562317	216	1	0.444	11	TAAAAA	GENOMAD.220409.VC	1.481e-25	100	0	0	0	1	NA	NA	NA	PF04202;COG5567	Predicted small periplasmic lipoprotein YifL (function unknown)
1_3015	3562555	3562998	444	-1	0.392	11	TAA	GENOMAD.100790.CV	2.763e-20	89	1	0	0	1	NA	NA	NA	PF01281;PF03948;TIGR00158;K02939;COG0359	ribosomal protein L9
1_3016	3563010	3563282	273	-1	0.418	11	AAAAA	GENOMAD.022295.CC	1.49e-26	104	1	0	0	1	NA	NA	NA	PF01084;COG0238;TIGR00165	Ribosomal protein S18
1_3017	3563285	3563629	345	-1	0.386	11	TAA	GENOMAD.003363.CC	0.0001458	42	0	0	0	1	NA	NA	NA	PF01250;COG0360;TIGR00166	Ribosomal protein S6
1_3018	3563791	3564237	447	1	0.430	11	TAA	GENOMAD.126239.CP	7.635e-05	44	0	0	0	1	NA	NA	NA	PF14557;K22296;TIGR04472;COG5631	mobile rSAM pair MarR family regulator
1_3019	3564376	3564552	177	1	0.367	11	TAA	GENOMAD.048633.CC	1.921e-24	96	0	0	0	1	NA	NA	NA	NA	NA
1_3020	3564628	3565329	702	-1	0.410	11	TAAAAA	NA	NA	NA	0	0	0	1	NA	NA	NA	NA	NA
1_3021	3565331	3566890	1560	-1	0.420	11	TAA	NA	NA	NA	0	0	0	1	NA	NA	NA	NA	NA
1_3022	3567280	3569436	2157	-1	0.464	11	TAAA	NA	NA	NA	0	0	0	1	NA	NA	NA	NA	NA
1_3023	3569709	3570203	495	-1	0.269	11	TAAAAA	NA	NA	NA	0	0	0	1	NA	NA	NA	NA	NA
1_3024	3570190	3571176	987	-1	0.300	11	TAAA	NA	NA	NA	0	0	0	1	NA	NA	NA	NA	NA
1_3025	3571183	3571494	312	-1	0.349	11	TAAA	NA	NA	NA	0	0	0	1	NA	NA	NA	NA	NA
1_3026	3571525	3571695	171	1	0.322	11	TAAA	NA	NA	NA	0	0	0	1	NA	NA	NA	NA	NA
1_3027	3571960	3572244	285	1	0.421	11	TAA	NA	NA	NA	0	0	0	1	NA	NA	NA	NA	NA
1_3028	3572330	3573463	1134	1	0.488	11	TAA	NA	NA	NA	0	0	0	1	NA	NA	NA	NA	NA
1_3029	3573476	3574033	558	1	0.487	11	TAAA	GENOMAD.161918.CP	0.0003373	43	0	0	0	1	NA	NA	NA	PF07638;TIGR02950;COG1595;K24073	RNA polymerase sigma factor, SigM family
1_3030	3574159	3574596	438	1	0.447	11	AAA	NA	NA	NA	0	0	0	1	NA	NA	NA	NA	NA
1_3031	3574608	3575486	879	1	0.477	11	TAA	GENOMAD.133618.CP	2.282e-10	64	0	0	0	1	NA	NA	NA	PF04773;PF16220;COG3712	periplasmic ferric-dicitrate binding protein FecR, regulates iron transport through sigma-19
1_3032	3575489	3578167	2679	1	0.476	11	TAAA	GENOMAD.124105.CP	3.083e-36	152	0	0	0	1	NA	NA	NA	PF14905;PF07715;TIGR01783;COG4771;K19611	TonB-dependent siderophore receptor
1_3033	3578174	3579208	1035	1	0.473	11	TAAA	GENOMAD.146344.CP	4.254e-127	408	0	0	0	1	NA	NA	NA	PF14054;COG3065	NA
1_3034	3579246	3579533	288	1	0.479	11	TAAA	GENOMAD.022217.CC	2.812e-07	49	0	0	0	1	NA	NA	NA	PF03956;COG2431	Uncharacterized membrane protein YbjE, DUF340 family
1_3035	3579530	3580132	603	1	0.468	11	AAAAA	GENOMAD.151590.CP	4.293e-66	224	0	0	0	1	NA	NA	NA	COG2431	Uncharacterized membrane protein YbjE, DUF340 family
1_3036	3580398	3580751	354	1	0.390	11	TAAAAA	GENOMAD.192295.VV	4.557e-19	84	0	0	0	1	NA	NA	NA	PF07813	LTXXQ motif family protein
1_3037	3581105	3582220	1116	-1	0.304	11	AAA	NA	NA	NA	0	0	0	1	NA	NA	NA	NA	NA
1_3038	3582210	3582533	324	-1	0.349	11	AAA	GENOMAD.195397.VV	3.002e-11	61	0	0	0	2561	Caudoviricetes	NA	NA	PF05015;COG3549;K07334	Plasmid maintenance system killer protein
1_3039	3582777	3583415	639	-1	0.388	11	AAA	NA	NA	NA	0	0	0	1	NA	NA	NA	NA	NA
1_3040	3583767	3583991	225	-1	0.422	11	TAAA	NA	NA	NA	0	0	0	1	NA	NA	NA	NA	NA
1_3041	3584103	3585152	1050	-1	0.446	11	TAAA	GENOMAD.141896.CV	7.611e-194	601	0	0	0	1	NA	NA	NA	NA	NA
1_3042	3585233	3586453	1221	1	0.462	11	AAGAA	NA	NA	NA	0	0	0	1	NA	NA	NA	NA	NA
1_3043	3586457	3586987	531	1	0.454	11	TAA	GENOMAD.129206.CP	1.49e-21	94	0	0	0	1	NA	NA	NA	PF01272;PF03449;K04760;TIGR01461;COG0782	transcription elongation factor GreB
1_3044	3587107	3587649	543	-1	0.418	11	AATAA	NA	NA	NA	0	0	0	1	NA	NA	NA	NA	NA
1_3045	3587712	3590054	2343	-1	0.466	11	AATAA	GENOMAD.140646.CP	4.585e-159	522	0	0	0	1	NA	NA	NA	PF07971;PF17678;TIGR01180;COG3537;K03931	alpha-1,2-mannosidase, putative
1_3046	3590233	3594552	4320	1	0.453	11	AAA	NA	NA	NA	0	0	0	1	NA	NA	NA	NA	NA
1_3047	3594573	3595460	888	1	0.448	11	TAA	GENOMAD.118658.CP	1.223e-36	143	0	0	0	1	NA	NA	NF000272	K15727;COG0845	Multidrug efflux pump subunit AcrA (membrane-fusion protein)
1_3048	3595489	3596550	1062	1	0.430	11	None	NA	NA	NA	0	0	0	1	NA	NA	NA	NA	NA
1_3049	3596547	3597326	780	1	0.447	11	AAA	GENOMAD.151178.CP	3.299e-11	66	0	0	0	1	NA	NA	NA	PF04397;COG4564;K11614	LytTr DNA-binding domain
1_3050	3597415	3598884	1470	1	0.495	11	TAAA	GENOMAD.065668.CV	2.761e-58	214	0	0	0	2561	Caudoviricetes	NA	NA	PF02906;PF12798;K00533;TIGR04105;COG4624	 hydrogenase, group B1/B3
1_3051	3598865	3599902	1038	1	0.488	11	TAAAA	GENOMAD.141330.CP	6.861e-122	393	0	0	0	1	NA	NA	NA	PF19288;PF04055;K01012;TIGR03956;COG1060	[FeFe] hydrogenase H-cluster radical SAM maturase HydE
1_3052	3599915	3601333	1419	1	0.481	11	TAA	GENOMAD.104224.CP	1.992e-52	196	0	0	0	1	NA	NA	NA	PF04055;PF06968;K03150;TIGR03955;COG1060	[FeFe] hydrogenase H-cluster radical SAM maturase HydG
1_3053	3601330	3602514	1185	1	0.489	11	AAA	GENOMAD.001808.CC	3.951e-84	286	0	0	0	1	NA	NA	NA	PF18133;PF18128;TIGR03918	[FeFe] hydrogenase H-cluster maturation GTPase HydF
1_3054	3602646	3603842	1197	-1	0.413	11	TAA	GENOMAD.031966.CC	2.557e-15	81	0	0	0	1	NA	NA	NA	PF16287	6-bladed beta-propeller
1_3055	3604059	3606368	2310	-1	0.474	11	AATAA	NA	NA	NA	0	0	0	1	NA	NA	NA	NA	NA
1_3056	3606408	3609413	3006	-1	0.457	11	None	GENOMAD.146053.CP	1.773e-11	71	0	0	0	2561	Caudoviricetes	NA	NA	PF18368;PF02836;PF02837;PF17786;K15855;COG3250	Beta-galactosidase/beta-glucuronidase
1_3057	3609595	3610983	1389	-1	0.457	11	TAA	NA	NA	NA	0	0	0	1	NA	NA	NA	NA	NA
1_3058	3611020	3611664	645	-1	0.389	11	TAA	GENOMAD.220991.VC	2.547e-19	89	0	0	0	1	NA	NA	NA	PF16109;TIGR03516;COG5510	peptidyl-prolyl isomerase, gliding motility-associated
1_3059	3611869	3612900	1032	-1	0.405	11	AAA	GENOMAD.113257.CV	4.378e-117	379	0	0	0	2561	Caudoviricetes	NA	NA	PF01368;K06881;COG0618;TIGR00644	nanoRNase/pAp phosphatase, hydrolyzes c-di-AMP and oligoRNAs
1_3060	3612951	3615050	2100	-1	0.450	11	TAA	GENOMAD.079233.CP	1.739e-83	296	0	0	0	2561	Caudoviricetes	NA	NA	COG0658;K02238	Predicted membrane metal-binding protein
1_3061	3615060	3615710	651	-1	0.465	11	TAAA	NA	NA	NA	0	0	0	1	NA	NA	NA	NA	NA
1_3062	3615898	3616842	945	-1	0.470	11	TAA	GENOMAD.081094.CV	1.259e-22	102	0	0	0	2561	Caudoviricetes	NA	NA	PF00551;K03500;COG0223;TIGR00460	Methionyl-tRNA formyltransferase
1_3063	3616917	3618707	1791	-1	0.427	11	TAA	NA	NA	NA	0	0	0	1	NA	NA	NA	NA	NA
1_3064	3618707	3619237	531	-1	0.469	11	AAAAA	GENOMAD.011100.CC	2.942e-08	55	0	0	0	1	NA	NA	NA	PF01300;TIGR00057;COG0009;K07566	tRNA threonylcarbamoyl adenosine modification protein, Sua5/YciO/YrdC/YwlC family
1_3065	3619350	3619784	435	1	0.423	11	TAA	GENOMAD.138143.CP	5.548e-62	209	0	0	0	1	NA	NA	NA	PF01643;K12500;TIGR02799;COG0824	tol-pal system-associated acyl-CoA thioesterase
1_3066	3619832	3621901	2070	-1	0.431	11	AACAA	GENOMAD.177896.CP	3.094e-13	76	0	0	0	1	NA	NA	NA	NA	NA
1_3067	3622307	3622786	480	-1	0.485	11	TAAAAA	NA	NA	NA	0	0	0	1	NA	NA	NA	NA	NA
1_3068	3623109	3623360	252	-1	0.429	11	None	GENOMAD.037230.VV	3.451e-08	51	0	0	0	2561	Caudoviricetes	NA	NA	PF11860	N-acetylmuramidase
1_3069	3623411	3623536	126	-1	0.484	11	TAAA	NA	NA	NA	0	0	0	1	NA	NA	NA	NA	NA
1_3070	3623543	3624493	951	-1	0.410	11	TAAAAA	NA	NA	NA	0	0	0	1	NA	NA	NA	NA	NA
1_3071	3624609	3625505	897	-1	0.369	11	TAAA	NA	NA	NA	0	0	0	1	NA	NA	NA	NA	NA
1_3072	3625502	3626254	753	-1	0.316	11	TAA	NA	NA	NA	0	0	0	1	NA	NA	NA	NA	NA
1_3073	3626299	3627132	834	-1	0.335	11	TATAA	NA	NA	NA	0	0	0	1	NA	NA	NA	NA	NA
1_3074	3627161	3628246	1086	-1	0.275	11	TAA	GENOMAD.206400.CP	2.978e-22	102	0	0	0	1	NA	NA	NA	PF14897;K19419	EpsG family
1_3075	3628243	3629229	987	-1	0.303	11	None	GENOMAD.118379.VV	3.405e-05	48	0	0	0	12031	Mimiviridae	NA	NA	PF13641;K17250;TIGR04017;COG1216	colanic acid biosynthesis glycosyl transferase WcaA
1_3076	3629226	3630077	852	-1	0.316	11	TAAAAA	NA	NA	NA	0	0	0	1	NA	NA	NA	NA	NA
1_3077	3630102	3630602	501	-1	0.355	11	TAAAAA	NA	NA	NA	0	0	0	1	NA	NA	NA	NA	NA
1_3078	3630592	3631647	1056	-1	0.286	11	TAAA	GENOMAD.207040.VC	2.456e-12	71	0	0	0	1	NA	NA	NA	PF00852;K03663	Glycosyltransferase family 10 (fucosyltransferase) C-term
1_3079	3631793	3632644	852	-1	0.292	11	AATAA	NA	NA	NA	0	0	0	1	NA	NA	NA	NA	NA
1_3080	3632641	3634173	1533	-1	0.295	11	TAAA	GENOMAD.196230.CP	1.528e-36	149	0	0	0	1	NA	NA	NA	COG0728	Peptidoglycan biosynthesis protein MviN/MurJ, putative lipid II flippase
1_3081	3634193	3634516	324	-1	0.355	11	AAA	NA	NA	NA	0	0	0	1	NA	NA	NA	NA	NA
1_3082	3634513	3635244	732	-1	0.332	11	TAAA	GENOMAD.070889.VV	1.071e-22	100	0	0	0	2561	Caudoviricetes	NA	NA	PF00483;TIGR01099;COG1213;K00973	UTP--glucose-1-phosphate uridylyltransferase
1_3083	3635247	3635963	717	-1	0.326	11	AATAA	GENOMAD.070889.VV	1.061e-18	88	0	0	0	2561	Caudoviricetes	NA	NA	PF00483;TIGR01099;COG1213;K00973	UTP--glucose-1-phosphate uridylyltransferase
1_3084	3635960	3636592	633	-1	0.359	11	TAA	NA	NA	NA	0	0	0	1	NA	NA	NA	NA	NA
1_3085	3636604	3637224	621	-1	0.329	11	TAA	NA	NA	NA	0	0	0	1	NA	NA	NA	NA	NA
1_3086	3637323	3637808	486	-1	0.457	11	AATAA	NA	NA	NA	0	0	0	1	NA	NA	NA	NA	NA
1_3087	3637867	3638406	540	-1	0.480	11	None	NA	NA	NA	0	0	0	1	NA	NA	NA	NA	NA
1_3088	3639491	3639838	348	1	0.474	11	TAA	GENOMAD.141308.VP	8.266e-12	63	0	0	0	2561	Caudoviricetes	NA	NA	PF10902	WYL_2, Sm-like SH3 beta-barrel fold
1_3089	3639978	3640811	834	1	0.457	11	TAAAAA	GENOMAD.211730.VP	2.6e-21	97	0	0	0	2561	Caudoviricetes	NA	NA	PF14297	NA
1_3090	3641140	3641712	573	-1	0.424	11	TAA	NA	NA	NA	0	0	0	1	NA	NA	NA	NA	NA
1_3091	3641911	3643629	1719	1	0.473	11	AAAAA	GENOMAD.063355.VV	9.986e-06	51	0	0	0	2561	Caudoviricetes	NA	NA	TIGR00644;COG0608	single-stranded-DNA-specific exonuclease RecJ
1_3092	3643626	3645530	1905	1	0.491	11	None	NA	NA	NA	0	0	0	1	NA	NA	NA	NA	NA
1_3093	3645593	3646555	963	1	0.465	11	TAAAAA	NA	NA	NA	0	0	0	1	NA	NA	NA	NA	NA
1_3094	3646624	3647859	1236	-1	0.450	11	TAAA	GENOMAD.171712.CP	9.981e-09	60	0	0	0	1	NA	NA	NF012174	PF01770;K08194;TIGR00893;COG2223	D-galactonate transporter
1_3095	3647865	3649523	1659	-1	0.448	11	None	GENOMAD.176827.CP	0.0006458	45	0	0	0	1	NA	NA	NA	COG4692	Predicted neuraminidase (sialidase)
1_3096	3649547	3650647	1101	-1	0.475	11	TAA	GENOMAD.168226.CP	9.907e-54	196	0	0	0	1	NA	NA	NA	PF13088;COG4692;K01186	BNR repeat-like domain
1_3097	3650740	3652200	1461	-1	0.422	11	TAAA	GENOMAD.123514.CP	4.089e-19	94	0	0	0	2561	Caudoviricetes	NA	NA	PF12771;K21572;COG5510	Starch-binding associating with outer membrane
1_3098	3652214	3655510	3297	-1	0.429	11	TAAA	GENOMAD.126007.CP	4.314e-08	60	0	0	0	1	NA	NA	NA	PF15976;K21573;TIGR04056	TonB-linked outer membrane protein, SusC/RagA family
1_3099	3655601	3656509	909	-1	0.424	11	TAA	NA	NA	NA	0	0	0	1	NA	NA	NA	NA	NA
1_3100	3656715	3657437	723	-1	0.411	11	TAAA	NA	NA	NA	0	0	0	1	NA	NA	NA	NA	NA
1_3101	3657890	3658792	903	1	0.453	11	TAA	GENOMAD.096879.CP	8.659e-18	87	0	0	0	1	NA	NA	NA	PF00800;K04518;COG0077;TIGR01096	Prephenate dehydratase
1_3102	3658767	3659951	1185	1	0.500	11	TAAAA	GENOMAD.099160.CP	2.183e-14	78	0	0	0	1	NA	NA	NA	PF12897;TIGR03542;K08969;COG1168	LL-diaminopimelate aminotransferase
1_3103	3659974	3661035	1062	1	0.525	11	TAAA	NA	NA	NA	0	0	0	1	NA	NA	NA	NA	NA
1_3104	3661051	3661824	774	1	0.455	11	AAA	GENOMAD.114357.CP	1.506e-11	67	0	0	0	1	NA	NA	NA	PF07991;PF20463;K14187;COG0287;TIGR01724	Prephenate dehydrogenase
1_3105	3662543	3664570	2028	1	0.516	11	AAA	GENOMAD.121328.VV	1.529e-06	54	0	0	0	2561	Caudoviricetes	NA	NA	PF19898;PF01807;COG0358;TIGR01391;K02316	DNA primase (bacterial type)
1_3106	3664706	3666232	1527	-1	0.472	11	TAAAAA	NA	NA	NA	0	0	0	1	NA	NA	NA	NA	NA
1_3107	3666284	3667897	1614	-1	0.480	11	TAA	GENOMAD.129389.CP	1.543e-20	99	0	0	0	1	NA	NA	NA	PF12771;K21572	Starch-binding associating with outer membrane
1_3108	3667908	3671288	3381	-1	0.443	11	TAAA	GENOMAD.112845.CP	9.55e-05	49	0	0	0	1	NA	NA	NA	PF18939;PF00775;K21573;TIGR04056	TonB-linked outer membrane protein, SusC/RagA family
1_3109	3671450	3672385	936	-1	0.447	11	TAAAAA	NA	NA	NA	0	0	0	1	NA	NA	NA	NA	NA
1_3110	3672511	3673083	573	-1	0.440	11	TAA	NA	NA	NA	0	0	0	1	NA	NA	NA	NA	NA
1_3111	3673207	3673791	585	-1	0.438	11	None	NA	NA	NA	0	0	0	1	NA	NA	NA	NA	NA
1_3112	3673794	3674243	450	-1	0.467	11	None	GENOMAD.013405.CC	3.005e-79	259	0	0	0	2561	Caudoviricetes	NA	NA	NA	NA
1_3113	3674336	3675091	756	-1	0.435	11	TAAAAA	NA	NA	NA	0	0	0	1	NA	NA	NA	NA	NA
1_3114	3675132	3676475	1344	-1	0.420	11	TAA	GENOMAD.006432.CC	4.422e-56	206	0	0	0	2561	Caudoviricetes	NA	NA	PF07291;PF05988;COG3059;TIGR02661	Methylamine utilisation protein MauE; Bacterial protein of unknown function (DUF899)
1_3115	3676465	3677007	543	-1	0.401	11	TAA	GENOMAD.158313.VC	9.058e-91	294	0	0	0	2561	Caudoviricetes	NA	NA	PF07659	Nucleotide modification associated domain 1
1_3116	3677112	3677993	882	-1	0.431	11	AACAA	GENOMAD.120683.VV	2.101e-09	61	0	0	0	2561	Caudoviricetes	NA	NA	NA	NA
1_3117	3678017	3678478	462	-1	0.435	11	AAA	NA	NA	NA	0	0	0	1	NA	NA	NA	NA	NA
1_3118	3678700	3680796	2097	-1	0.440	11	None	NA	NA	NA	0	0	0	1	NA	NA	NA	NA	NA
1_3119	3680796	3681458	663	-1	0.468	11	TAA	NA	NA	NA	0	0	0	1	NA	NA	NA	NA	NA
1_3120	3681463	3682014	552	-1	0.453	11	TAAA	NA	NA	NA	0	0	0	1	NA	NA	NA	NA	NA
1_3121	3682084	3682926	843	-1	0.479	11	AACAA	GENOMAD.007878.CC	1.758e-48	177	0	0	0	1	NA	NA	NA	NA	NA
1_3122	3682923	3683345	423	-1	0.423	11	AAGAA	GENOMAD.098173.CP	5.491e-27	108	0	0	0	1	NA	NA	NA	PF02472;COG0848;K03559;TIGR02804	Biopolymer transport protein ExbD
1_3123	3683416	3684138	723	-1	0.436	11	TAAAAA	GENOMAD.115186.CP	1.022e-21	97	0	0	0	1	NA	NA	NA	K03561;COG0811	Biopolymer transport protein ExbB/TolQ
1_3124	3684138	3684851	714	-1	0.457	11	TAA	NA	NA	NA	0	0	0	1	NA	NA	NA	NA	NA
1_3125	3684984	3685856	873	1	0.427	11	AAA	NA	NA	NA	0	0	0	1	NA	NA	NA	NA	NA
1_3126	3689773	3690231	459	-1	0.553	11	TAA	GENOMAD.110984.CP	5.71e-13	68	0	0	0	1	NA	NA	NA	NA	NA
1_3127	3692677	3693798	1122	-1	0.379	11	TAAA	NA	NA	NA	0	0	0	1	NA	NA	NA	NA	NA
1_3128	3694523	3695476	954	1	0.428	11	AATAA	GENOMAD.117272.CP	1.699e-106	347	0	0	0	1	NA	NA	NA	PF02219;K00297;TIGR00676;COG0685	5,10-methylenetetrahydrofolate reductase, prokaryotic form
1_3129	3695480	3696589	1110	1	0.436	11	TAA	NA	NA	NA	0	0	0	1	NA	NA	NA	NA	NA
1_3130	3696606	3698063	1458	1	0.477	11	AATAA	GENOMAD.000309.CC	7.351e-218	678	0	0	0	2561	Caudoviricetes	NA	NA	PF04468;COG1774	Cell fate regulator YaaT, PSP1 superfamily (controls sporulation, competence, biofilm development)
1_3131	3698041	3698511	471	1	0.414	11	AAA	GENOMAD.009402.CC	5.148e-26	106	0	0	0	1	NA	NA	NA	PF14109;TIGR03511	gliding motility-associated lipoprotein GldH
1_3132	3698506	3699963	1458	-1	0.430	11	TAA	NA	NA	NA	0	0	0	1	NA	NA	NA	NA	NA
1_3133	3699944	3701800	1857	-1	0.447	11	None	GENOMAD.108470.CP	1.565e-22	106	0	0	0	2561	Caudoviricetes	NA	NF000406	PF00905;PF03717;PF05223;TIGR03423;K05515;COG0768	penicillin-binding protein 2
1_3134	3701803	3702300	498	-1	0.404	11	AAAA	GENOMAD.006066.CC	3.317e-35	133	0	0	0	1	NA	NA	NA	PF17099;COG2891;TIGR03426	Cell shape-determining protein MreD
1_3135	3702297	3703142	846	-1	0.404	11	TAA	GENOMAD.094189.CV	1.514e-07	55	0	0	0	1	NA	NA	NA	COG1792;K03570	Cell shape-determining protein MreC
1_3136	3703245	3704267	1023	-1	0.461	11	AAA	GENOMAD.101053.CP	3.188e-09	61	0	0	0	2561	Caudoviricetes	NA	NA	PF06723;TIGR00904;COG1077	cell shape determining protein, MreB/Mrl family
1_3137	3704341	3705864	1524	-1	0.436	11	TAA	GENOMAD.115175.CV	5.739e-34	141	0	0	0	1	NA	NA	NA	PF01808;PF02142;K00602;TIGR00355;COG0138	phosphoribosylaminoimidazolecarboxamide formyltransferase/IMP cyclohydrolase
1_3138	3706016	3708049	2034	-1	0.449	11	TAA	GENOMAD.053052.VV	2.33e-27	122	0	0	0	1	NA	NA	NA	PF01431;K07386;COG3590	Predicted metalloendopeptidase
1_3139	3708065	3710020	1956	-1	0.454	11	AAA	NA	NA	NA	0	0	0	1	NA	NA	NA	NA	NA
1_3140	3710187	3712580	2394	-1	0.470	11	TAA	GENOMAD.123010.CP	7.157e-64	239	0	0	0	1	NA	NA	NA	NA	NA
1_3141	3713142	3713318	177	-1	0.345	11	TAAA	NA	NA	NA	0	0	0	1	NA	NA	NA	NA	NA
1_3142	3713453	3714355	903	-1	0.445	11	TAA	NA	NA	NA	0	0	0	1	NA	NA	NA	NA	NA
1_3143	3714482	3716833	2352	-1	0.461	11	TAAAA	GENOMAD.097653.CV	6.605e-235	743	0	0	0	2561	Caudoviricetes	NA	NA	PF01103;TIGR03303;COG0729;K07278	outer membrane protein assembly complex, YaeT protein
1_3144	3716861	3721405	4545	-1	0.470	11	None	GENOMAD.003045.CC	0.0	1049	0	0	0	1	NA	NA	NA	K07289;COG3164	Uncharacterized conserved protein YhdP, contains DUF3971 and AsmA2 domains
1_3145	3721508	3723817	2310	-1	0.456	11	TAAA	NA	NA	NA	0	0	0	1	NA	NA	NA	NA	NA
1_3146	3723821	3725146	1326	-1	0.434	11	None	GENOMAD.121831.CP	2.153e-38	153	0	0	0	2561	Caudoviricetes	NA	NA	COG0534	Na+-driven multidrug efflux pump
1_3147	3725143	3726393	1251	-1	0.452	11	None	NA	NA	NA	0	0	0	1	NA	NA	NA	NA	NA
1_3148	3726396	3727235	840	-1	0.390	11	TAA	GENOMAD.089032.CP	7.863e-09	59	0	0	0	2561	Caudoviricetes	NA	NA	PF00160;COG0652;K03767	Peptidyl-prolyl cis-trans isomerase (rotamase) - cyclophilin family
1_3149	3727329	3728672	1344	1	0.426	11	TAA	GENOMAD.107047.CP	4.843e-08	58	0	0	0	1	NA	NA	NA	PF06506;PF14532;K02688;TIGR02329;COG3829	propionate catabolism operon regulatory protein PrpR
1_3150	3728973	3729170	198	1	0.399	11	TAAAAA	GENOMAD.227866.VP	1.067e-11	60	0	0	0	1	NA	NA	NA	NA	NA
1_3151	3729234	3729908	675	-1	0.434	11	TAA	NA	NA	NA	0	0	0	1	NA	NA	NA	NA	NA
1_3152	3729917	3730663	747	-1	0.431	11	TAA	NA	NA	NA	0	0	0	1	NA	NA	NA	NA	NA
1_3153	3730676	3731272	597	-1	0.417	11	TAA	NA	NA	NA	0	0	0	1	NA	NA	NA	NA	NA
1_3154	3731571	3733268	1698	-1	0.405	11	TAAAA	NA	NA	NA	0	0	0	1	NA	NA	NA	NA	NA
1_3155	3733443	3734396	954	-1	0.438	11	None	NA	NA	NA	0	0	0	1	NA	NA	NA	NA	NA
1_3156	3734422	3734763	342	-1	0.436	11	AAA	NA	NA	NA	0	0	0	1	NA	NA	NA	NA	NA
1_3157	3734891	3736414	1524	-1	0.436	11	TAAAAA	NA	NA	NA	0	0	0	1	NA	NA	NA	NA	NA
1_3158	3736753	3737553	801	-1	0.408	11	TAAAAA	NA	NA	NA	0	0	0	1	NA	NA	NA	NA	NA
1_3159	3737568	3737936	369	-1	0.417	11	AACAA	NA	NA	NA	0	0	0	1	NA	NA	NA	NA	NA
1_3160	3737952	3738764	813	-1	0.386	11	TAAA	GENOMAD.045447.CC	1.308e-139	440	0	0	0	1	NA	NA	NA	PF12679;COG4200;TIGR03733	ABC-2 family transporter protein
1_3161	3738761	3739621	861	-1	0.430	11	TAAA	NA	NA	NA	0	0	0	1	NA	NA	NA	NA	NA
1_3162	3739945	3741378	1434	-1	0.427	11	TAAA	GENOMAD.148158.CP	4.658e-55	204	0	0	0	1	NA	NA	NA	PF13429;TIGR02917;COG2956;K09667	putative PEP-CTERM system TPR-repeat lipoprotein
1_3163	3741398	3742345	948	-1	0.448	11	TAAA	GENOMAD.095405.CV	7.234e-68	235	0	0	0	1	NA	NA	NA	PF12849;TIGR02136;K02040;COG0226	phosphate binding protein
1_3164	3742348	3743163	816	-1	0.434	11	AAAAA	GENOMAD.091465.CP	1.631e-09	61	0	0	0	1	NA	NA	NA	PF06519;TIGR01352	NA
1_3165	3743193	3743843	651	-1	0.409	11	TAAAAA	GENOMAD.007205.CC	4.215e-56	196	0	0	0	1	NA	NA	NA	PF02472;COG0848;TIGR02804;K03560	Biopolymer transport protein ExbD
1_3166	3743856	3744461	606	-1	0.416	11	TAAA	GENOMAD.001583.CC	2.019e-66	225	0	0	0	1	NA	NA	NA	PF02472;COG0848;TIGR02804;K03559	Biopolymer transport protein ExbD/TolR
1_3167	3744489	3745301	813	-1	0.417	11	AAAAA	GENOMAD.114974.CP	7.667e-10	62	0	0	0	1	NA	NA	NA	PF01618;K03561;COG0811;TIGR02796	Biopolymer transport protein ExbB/TolQ
1_3168	3745441	3745962	522	-1	0.349	11	TAAA	NA	NA	NA	0	0	0	1	NA	NA	NA	NA	NA
1_3169	3746085	3746240	156	1	0.526	11	TAAAAA	NA	NA	NA	0	0	0	1	NA	NA	NA	NA	NA
1_3170	3749325	3749441	117	1	0.333	11	TAAAAA	NA	NA	NA	0	0	0	1	NA	NA	NA	NA	NA
1_3171	3752542	3753006	465	1	0.411	11	TAAA	NA	NA	NA	0	0	0	1	NA	NA	NA	NA	NA
1_3172	3753094	3756090	2997	1	0.489	11	TAA	GENOMAD.153525.CP	8.285e-05	49	0	0	0	1	NA	NA	NA	PF13801;COG5612;TIGR01778;K24078	Heavy-metal resistance
1_3173	3756110	3757714	1605	1	0.490	11	TAAA	GENOMAD.125890.CP	2.702e-30	130	0	0	0	2561	Caudoviricetes	NA	NA	PF12741;PF16390;K21572	Susd and RagB outer membrane lipoprotein
1_3174	3758127	3758531	405	1	0.440	11	TAA	GENOMAD.197236.VV	2.81e-56	192	0	0	0	1	NA	NA	NA	PF12568;COG2153;TIGR01575;K03825	Predicted N-acyltransferase, GNAT family
1_3175	3758528	3759808	1281	1	0.517	11	None	NA	NA	NA	0	0	0	1	NA	NA	NA	NA	NA
1_3176	3759814	3760335	522	1	0.498	11	TAAA	NA	NA	NA	0	0	0	1	NA	NA	NA	NA	NA
1_3177	3760442	3760774	333	1	0.465	11	TAA	NA	NA	NA	0	0	0	1	NA	NA	NA	NA	NA
1_3178	3760872	3763208	2337	1	0.564	11	None	GENOMAD.161265.PC	0.000123	48	0	0	0	1	NA	NA	NA	PF14905;PF07715;K16087;TIGR01776;COG4772	TonB-dependent lactoferrin and transferrin receptors
1_3179	3763250	3764266	1017	1	0.509	11	TAAAAA	NA	NA	NA	0	0	0	1	NA	NA	NA	NA	NA
1_3180	3764363	3764545	183	1	0.454	11	AAAAA	NA	NA	NA	0	0	0	1	NA	NA	NA	NA	NA
1_3181	3764640	3765854	1215	1	0.471	11	TAAAAA	GENOMAD.057710.VV	1.968e-08	59	0	0	1	2561	Caudoviricetes	NA	NA	PF00589;PF04860;K07358;TIGR01537	Phage integrase family; Phage portal protein
1_3182	3766434	3767279	846	-1	0.422	11	AACAA	NA	NA	NA	0	0	0	1	NA	NA	NA	NA	NA
1_3183	3767476	3767760	285	1	0.463	11	TAA	NA	NA	NA	0	0	0	1	NA	NA	NA	NA	NA
1_3184	3767773	3768384	612	1	0.515	11	TAAA	NA	NA	NA	0	0	0	1	NA	NA	NA	NA	NA
1_3185	3768440	3769942	1503	1	0.542	11	TAAAAA	GENOMAD.191615.CP	0.0005636	45	0	0	0	1	NA	NA	NA	PF16811;TIGR03302;COG4105;K02656	outer membrane assembly lipoprotein YfiO
1_3186	3769998	3771431	1434	1	0.534	11	TAAAAA	NA	NA	NA	0	0	0	1	NA	NA	NA	NA	NA
1_3187	3771626	3772540	915	1	0.555	11	TAA	NA	NA	NA	0	0	0	1	NA	NA	NA	NA	NA
1_3188	3772540	3773952	1413	1	0.527	11	TAA	NA	NA	NA	0	0	0	1	NA	NA	NA	NA	NA
1_3189	3773989	3777240	3252	1	0.538	11	TAAA	NA	NA	NA	0	0	0	1	NA	NA	NA	NA	NA
1_3190	3777452	3777904	453	1	0.490	11	TAA	NA	NA	NA	0	0	0	1	NA	NA	NA	NA	NA
1_3191	3777917	3778285	369	1	0.515	11	None	NA	NA	NA	0	0	0	1	NA	NA	NA	NA	NA
1_3192	3778520	3778930	411	1	0.501	11	TAAAA	NA	NA	NA	0	0	0	1	NA	NA	NA	NA	NA
1_3193	3778893	3781019	2127	1	0.571	11	AAAA	GENOMAD.169371.VP	5.091e-19	95	0	0	0	5797	Crassvirales	NA	NA	COG0358;TIGR01391	DNA primase (bacterial type)
1_3194	3780994	3781353	360	1	0.508	11	AAAA	NA	NA	NA	0	0	0	1	NA	NA	NA	NA	NA
1_3195	3781768	3782253	486	1	0.537	11	TAAAAA	NA	NA	NA	0	0	0	1	NA	NA	NA	NA	NA
1_3196	3782390	3783520	1131	-1	0.417	11	AACAA	NA	NA	NA	0	0	0	1	NA	NA	NA	NA	NA
1_3197	3783760	3785862	2103	-1	0.602	11	TAAA	NA	NA	NA	0	0	0	1	NA	NA	NA	NA	NA
1_3198	3785952	3787472	1521	-1	0.614	11	TAA	NA	NA	NA	0	0	0	1	NA	NA	NA	NA	NA
1_3199	3787818	3789005	1188	-1	0.490	11	TAA	GENOMAD.198245.CP	7.087e-118	384	0	0	0	1	NA	NA	NA	PF03415;PF16342;TIGR02806;K08587;COG5510	clostripain
1_3200	3789123	3789314	192	-1	0.495	11	None	GENOMAD.063185.PP	9.647e-19	80	0	0	0	1	NA	NA	NA	NA	NA
1_3201	3789311	3789538	228	-1	0.461	11	None	GENOMAD.057988.PP	7.759e-19	81	0	0	0	1	NA	NA	NA	NA	NA
1_3202	3789664	3790356	693	-1	0.466	11	TAAA	GENOMAD.008317.CC	1.234e-94	308	0	0	0	1	NA	NA	NA	PF04402;K09807;COG2968	Uncharacterized conserved protein YggE, contains kinase-interacting SIMPL domain
1_3203	3790533	3790820	288	-1	0.472	11	TAAA	NA	NA	NA	0	0	0	1	NA	NA	NA	NA	NA
1_3204	3790946	3791368	423	-1	0.475	11	TAAAAA	NA	NA	NA	0	0	0	1	NA	NA	NA	NA	NA
1_3205	3791451	3792143	693	-1	0.541	11	TAA	NA	NA	NA	0	0	0	1	NA	NA	NA	NA	NA
1_3206	3792229	3793389	1161	-1	0.491	11	TAAAAA	GENOMAD.085636.VV	4.345e-22	102	0	0	0	2561	Caudoviricetes	NA	NA	NA	NA
1_3207	3793598	3793753	156	-1	0.333	11	TAAA	NA	NA	NA	0	0	0	1	NA	NA	NA	NA	NA
1_3208	3793954	3795165	1212	-1	0.525	11	TAA	GENOMAD.152082.CP	1.182e-05	50	0	0	0	1	NA	NA	NA	PF00593;PF07715;PF00691;TIGR01782;COG4773;K16089	TonB-dependent receptor
1_3209	3795215	3797506	2292	-1	0.466	11	TAAAA	GENOMAD.038124.VV	3.424e-96	336	0	0	0	2561	Caudoviricetes	NA	NA	NA	NA
1_3210	3798666	3800672	2007	-1	0.532	11	TAAA	NA	NA	NA	0	0	0	1	NA	NA	NA	NA	NA
1_3211	3800695	3801990	1296	-1	0.618	11	AAA	GENOMAD.218647.PC	1.576e-06	53	0	0	0	1	NA	NA	NA	NA	NA
1_3212	3801987	3802415	429	-1	0.545	11	TAAAA	NA	NA	NA	0	0	0	1	NA	NA	NA	NA	NA
1_3213	3803167	3803970	804	1	0.616	11	None	NA	NA	NA	0	0	0	1	NA	NA	NA	NA	NA
1_3214	3803951	3804355	405	1	0.605	11	AAA	GENOMAD.194669.CP	6.307e-14	70	0	0	0	1	NA	NA	NA	PF11888	NA
1_3215	3804375	3804962	588	1	0.609	11	AAA	NA	NA	NA	0	0	0	1	NA	NA	NA	NA	NA
1_3216	3804981	3805199	219	1	0.557	11	TAAAA	NA	NA	NA	0	0	0	1	NA	NA	NA	NA	NA
1_3217	3805815	3807470	1656	1	0.426	11	TAAA	GENOMAD.125721.VV	0.0003189	46	0	0	0	2561	Caudoviricetes	NA	NA	NA	NA
1_3218	3807467	3807709	243	1	0.539	11	TAAAA	NA	NA	NA	0	0	0	1	NA	NA	NA	NA	NA
1_3219	3807726	3808043	318	1	0.575	11	TAAAA	GENOMAD.194837.PC	5.829e-43	152	0	0	0	1	NA	B_traF	NA	PF13571	NA
1_3220	3808040	3810541	2502	1	0.580	11	TAAA	GENOMAD.183332.PC	1.132e-17	91	0	0	0	1	NA	NA	NA	PF12991;TIGR03783	Bacteroides conjugation system ATPase, TraG family
1_3221	3810758	3811120	363	1	0.573	11	AAAAA	NA	NA	NA	0	0	0	1	NA	NA	NA	NA	NA
1_3222	3811125	3811754	630	1	0.581	11	TAAA	NA	NA	NA	0	0	0	1	NA	NA	NA	NA	NA
1_3223	3811804	3812808	1005	1	0.590	11	TAAA	NA	NA	NA	0	0	0	1	NA	NA	NA	NA	NA
1_3224	3812858	3813481	624	1	0.585	11	TAAAAA	NA	NA	NA	0	0	0	1	NA	NA	NA	NA	NA
1_3225	3813955	3815328	1374	1	0.606	11	TAAA	NA	NA	NA	0	0	0	1	NA	NA	NA	NA	NA
1_3226	3815366	3816304	939	1	0.565	11	TAAAAA	NA	NA	NA	0	0	0	1	NA	NA	NA	NA	NA
1_3227	3816308	3816889	582	1	0.608	11	AAAA	GENOMAD.124112.PP	1.968e-07	53	0	1	0	1	NA	B_traO	NA	PF10626;COG3047	Conjugative transposon protein TraO
1_3228	3816912	3817373	462	1	0.584	11	TAA	NA	NA	NA	0	0	0	1	NA	NA	NA	NA	NA
1_3229	3817348	3818169	822	1	0.603	11	None	NA	NA	NA	0	0	0	1	NA	NA	NA	NA	NA
1_3230	3818204	3819052	849	1	0.601	11	TAAAAA	NA	NA	NA	0	0	0	1	NA	NA	NA	NA	NA
1_3231	3819202	3819645	444	-1	0.545	11	TAA	NA	NA	NA	0	0	0	1	NA	NA	NA	NA	NA
1_3232	3820023	3820244	222	-1	0.482	11	TAGAA	NA	NA	NA	0	0	0	1	NA	NA	NA	NA	NA
1_3233	3820252	3820845	594	-1	0.522	11	AAA	GENOMAD.189713.VV	2.124e-07	53	0	0	0	2561	Caudoviricetes	NA	NA	NA	NA
1_3234	3820955	3822667	1713	-1	0.564	11	TAAAAA	NA	NA	NA	0	0	0	1	NA	NA	NA	NA	NA
1_3235	3822811	3823359	549	-1	0.495	11	TAAAAA	NA	NA	NA	0	0	0	1	NA	NA	NA	NA	NA
1_3236	3823382	3823576	195	-1	0.477	11	TAA	NA	NA	NA	0	0	0	1	NA	NA	NA	NA	NA
1_3237	3823832	3824482	651	-1	0.459	11	TAAA	GENOMAD.226762.VP	1.741e-38	145	0	0	0	2561	Caudoviricetes	NA	NA	NA	NA
1_3238	3824554	3825528	975	-1	0.525	11	TAAA	GENOMAD.060542.VV	5.103e-08	57	0	0	0	2561	Caudoviricetes	NA	NA	NA	NA
1_3239	3826285	3828165	1881	1	0.400	11	TAA	GENOMAD.136878.PP	9.296e-05	48	0	0	0	1	NA	NA	NA	PF07693;COG4928;TIGR02397	KAP family P-loop domain
1_3240	3828511	3828804	294	1	0.548	11	AAAAA	NA	NA	NA	0	0	0	1	NA	NA	NA	NA	NA
1_3241	3828806	3829123	318	1	0.513	11	TAA	NA	NA	NA	0	0	0	1	NA	NA	NA	NA	NA
1_3242	3829215	3830510	1296	-1	0.515	11	AAA	GENOMAD.057710.VV	6.175e-20	96	0	0	1	2561	Caudoviricetes	NA	NA	PF00589;PF04860;K07358;TIGR01537	Phage integrase family; Phage portal protein
1_3243	3831645	3831797	153	1	0.379	11	TAA	NA	NA	NA	0	0	0	1	NA	NA	NA	NA	NA
1_3244	3831905	3832471	567	1	0.374	11	TAAAA	NA	NA	NA	0	0	0	1	NA	NA	NA	NA	NA
1_3245	3832545	3833513	969	1	0.440	11	TAAAA	NA	NA	NA	0	0	0	1	NA	NA	NA	NA	NA
1_3246	3833698	3837138	3441	1	0.463	11	TAAA	GENOMAD.153525.CP	2.417e-05	51	0	0	0	1	NA	NA	NA	PF13801;COG5612;TIGR01778;K24078	Heavy-metal resistance
1_3247	3837161	3837910	750	1	0.436	11	TAAAAA	GENOMAD.129389.CP	1.318e-11	67	0	0	0	1	NA	NA	NA	PF12771;K21572	Starch-binding associating with outer membrane
1_3248	3837986	3838780	795	1	0.492	11	AACAA	GENOMAD.148232.CP	8.794e-22	98	0	0	0	1	NA	NA	NA	PF12771;K21572	Starch-binding associating with outer membrane
1_3249	3838817	3839191	375	1	0.445	11	TAAA	GENOMAD.205951.VC	6.18e-10	58	0	0	0	1	NA	NA	NA	PF16341;COG5510;K21571	Predicted small secreted protein
1_3250	3839199	3841235	2037	1	0.468	11	AATAA	GENOMAD.176857.VC	1.538e-06	54	0	0	0	1	NA	NA	NA	PF19580;TIGR03395;COG5239;K06896	sphingomyelin phosphodiesterase
1_3251	3841331	3843520	2190	-1	0.423	11	AATAA	GENOMAD.147647.CP	1.149e-22	107	0	0	0	1	NA	NA	NA	PF05569;K02547;COG4219	Signal transducer regulating beta-lactamase production, contains  metallopeptidase domain
1_3252	3843524	3843898	375	-1	0.397	11	TAA	GENOMAD.157960.PC	0.0004302	41	0	0	0	1	NA	NA	NF000186	PF03965;K02171;TIGR02698;COG3327	Penicillinase repressor
1_3253	3844133	3847414	3282	-1	0.448	11	AATAA	GENOMAD.120733.CP	2.632e-09	64	0	0	0	1	NA	NA	NA	PF19527;PF14583;PF19143;COG1770;K03641;TIGR03866	Oligogalacturonate lyase; OMP85 superfamily
1_3254	3847518	3848459	942	-1	0.450	11	TAAA	NA	NA	NA	0	0	0	1	NA	NA	NA	NA	NA
1_3255	3848646	3849518	873	1	0.422	11	None	GENOMAD.006555.CC	2.8e-158	495	0	0	0	1	NA	NA	NA	NA	NA
1_3256	3849643	3850584	942	-1	0.429	11	AAA	GENOMAD.133618.CP	1.516e-11	68	0	0	0	1	NA	NA	NA	PF04773;PF16220;COG3712	periplasmic ferric-dicitrate binding protein FecR, regulates iron transport through sigma-19
1_3257	3850565	3851119	555	-1	0.447	11	TAA	GENOMAD.178411.VC	0.0001561	44	0	0	0	1	NA	NA	NA	PF02650;TIGR03879;K01994;COG1342	probable regulatory domain
1_3258	3851159	3853726	2568	-1	0.404	11	TAAAAA	NA	NA	NA	0	0	0	1	NA	NA	NA	NA	NA
1_3259	3854310	3855764	1455	1	0.471	11	TAA	GENOMAD.127041.CP	7.864e-110	365	0	0	0	1	NA	NA	NA	PF02321;TIGR01845;K12340;COG1538	efflux transporter, outer membrane factor (OMF) lipoprotein, NodT family
1_3260	3855826	3856818	993	1	0.480	11	TAAA	NA	NA	NA	0	0	0	1	NA	NA	NA	NA	NA
1_3261	3856815	3857996	1182	1	0.470	11	TAA	GENOMAD.133855.CP	7.783e-106	349	0	0	0	1	NA	NA	NA	PF12051;COG1668;K09696	ABC-type Na+ efflux pump, permease component
1_3262	3857996	3859246	1251	1	0.447	11	TAAA	GENOMAD.133679.CP	2.232e-103	343	0	0	0	2561	Caudoviricetes	NA	NA	PF12051;COG1668;K09696	ABC-type Na+ efflux pump, permease component
1_3263	3859522	3859887	366	1	0.404	11	TAA	GENOMAD.159106.CP	0.0008686	40	0	0	0	1	NA	NA	NA	PF03965;K02171;TIGR02698;COG3682	Penicillinase repressor
1_3264	3859908	3861629	1722	1	0.445	11	TAA	GENOMAD.147647.CP	3.009e-44	174	0	0	0	1	NA	NA	NA	PF05569;K02547;COG4219	Signal transducer regulating beta-lactamase production, contains  metallopeptidase domain
1_3265	3861669	3863570	1902	1	0.440	11	TAAAAA	GENOMAD.141295.CP	3.393e-81	287	0	0	0	1	NA	NA	NA	PF08534;TIGR00385;COG0386	periplasmic protein thiol:disulfide oxidoreductases, DsbE subfamily
1_3266	3863661	3864767	1107	-1	0.474	11	TAAA	NA	NA	NA	0	0	0	1	NA	NA	NA	NA	NA
1_3267	3864776	3865534	759	-1	0.436	11	TAA	GENOMAD.084227.CP	2.571e-26	111	0	0	0	2561	Caudoviricetes	NA	NA	PF02390;K00832;TIGR00091;COG0220	tRNA (guanine-N(7)-)-methyltransferase
1_3268	3865544	3866350	807	-1	0.470	11	TAA	GENOMAD.137938.CP	1.852e-41	156	0	0	0	1	NA	NA	NA	PF00753;K06897;COG1237;TIGR03307	Metal-dependent hydrolase, beta-lactamase superfamily II
1_3269	3866362	3867381	1020	-1	0.478	11	TAA	GENOMAD.145668.CP	1.281e-14	78	0	0	0	1	NA	NA	NA	PF01063;K00826;TIGR01123;COG0115	branched-chain amino acid aminotransferase, group II
1_3270	3867427	3867639	213	-1	0.408	11	TAA	GENOMAD.004389.CC	4.909e-07	47	0	0	0	1	NA	NA	NA	PF02609;TIGR01280;COG1722	exodeoxyribonuclease VII, small subunit
1_3271	3867648	3868892	1245	-1	0.518	11	AATAA	NA	NA	NA	0	0	0	1	NA	NA	NA	NA	NA
1_3272	3868896	3870251	1356	-1	0.521	11	TAAAAA	GENOMAD.190262.VC	9.997e-08	57	0	0	0	2561	Caudoviricetes	NA	NA	K01342;TIGR03921;COG1404	type VII secretion-associated serine protease mycosin
1_3273	3870275	3871363	1089	-1	0.504	11	TAAAAA	GENOMAD.142533.VC	5.623e-07	54	0	0	0	1	NA	NA	NA	PF02568;TIGR00268;COG0037;K21947	TIGR00268 family protein
1_3274	3871470	3871712	243	1	0.416	11	TAAA	NA	NA	NA	0	0	0	1	NA	NA	NA	NA	NA
1_3275	3872210	3872431	222	1	0.365	11	TAA	NA	NA	NA	0	0	0	1	NA	NA	NA	NA	NA
1_3276	3872394	3873254	861	1	0.476	11	TAA	GENOMAD.227712.VP	3.798e-39	150	0	0	0	1	NA	NA	NA	PF12843;COG3530	Uncharacterized conserved protein, DUF3820 family
1_3277	3873251	3874261	1011	-1	0.462	11	TAAA	GENOMAD.190075.CP	8.751e-76	259	0	0	0	1	NA	NA	NA	PF14582;TIGR03729;COG2908;K03651	putative phosphoesterase
1_3278	3874291	3874770	480	-1	0.475	11	TAAAAA	NA	NA	NA	0	0	0	1	NA	NA	NA	NA	NA
1_3279	3874810	3875424	615	-1	0.475	11	AAA	GENOMAD.158428.CP	1.915e-31	124	0	0	0	1	NA	NA	NA	PF01557;COG0179;TIGR02303;K01557	2-keto-4-pentenoate hydratase/2-oxohepta-3-ene-1,7-dioic acid hydratase (catechol pathway)
1_3280	3875428	3876090	663	-1	0.445	11	TAAA	GENOMAD.059967.CC	4.176e-58	202	0	0	0	1	NA	NA	NA	PF02629;K01926;COG2344;TIGR01921	NADH/NAD ratio-sensing transcriptional regulator Rex
1_3281	3876267	3876617	351	1	0.464	11	TAA	NA	NA	NA	0	0	0	1	NA	NA	NA	NA	NA
1_3282	3876754	3877746	993	-1	0.442	11	TAAAA	GENOMAD.117276.CV	4.609e-13	73	0	0	0	2561	Caudoviricetes	NA	NA	PF00889;TIGR00116;COG0264	translation elongation factor Ts
1_3283	3877869	3878705	837	-1	0.431	11	TAAA	GENOMAD.095944.CV	2.42e-05	48	1	0	0	1	NA	NA	NA	PF00318;K02967;TIGR01012;COG0052	ribosomal protein uS2, eukaryotic/archaeal form
1_3284	3878823	3879209	387	-1	0.439	11	AATAA	GENOMAD.076376.CV	4.028e-25	102	1	0	0	2561	Caudoviricetes	NA	NA	PF00380;K02960;COG0103;TIGR03627	Ribosomal protein S9
1_3285	3879216	3879677	462	-1	0.403	11	TAAAAA	GENOMAD.078681.CV	2.323e-42	153	1	0	0	2561	Caudoviricetes	NA	NA	PF00572;K02871;COG0102;TIGR01066	Ribosomal protein L13
1_3286	3879696	3879932	237	1	0.367	11	TAA	NA	NA	NA	0	0	0	1	NA	NA	NA	NA	NA
1_3287	3880015	3880503	489	-1	0.384	11	TAAA	NA	NA	NA	0	0	0	1	NA	NA	NA	NA	NA
1_3288	3880661	3882064	1404	-1	0.452	11	TAAA	NA	NA	NA	0	0	0	1	NA	NA	NA	NA	NA
1_3289	3882172	3883572	1401	-1	0.497	11	AATAA	GENOMAD.106866.CP	8.073e-41	161	0	0	0	2561	Caudoviricetes	NA	NA	COG1187	16S rRNA U516 pseudouridylate synthase RsuA and related 23S rRNA U2605, pseudouridylate synthases
1_3290	3883654	3885000	1347	-1	0.438	11	TAAA	GENOMAD.142401.VC	4.611e-87	297	0	0	0	2561	Caudoviricetes	NA	NA	PF08328	Adenylosuccinate lyase C-terminal
1_3291	3885228	3887114	1887	-1	0.446	11	TAA	GENOMAD.208849.PC	1.137e-05	51	0	0	0	1	NA	NA	NA	PF18120;PF01301;K12308;COG1874;TIGR03356	Glycosyl hydrolases family 35
1_3292	3888272	3888832	561	-1	0.494	11	AATAA	NA	NA	NA	0	0	0	1	NA	NA	NA	NA	NA
1_3293	3888838	3889611	774	-1	0.468	11	TAA	NA	NA	NA	0	0	0	1	NA	NA	NA	NA	NA
1_3294	3889733	3891952	2220	1	0.470	11	TAA	GENOMAD.142438.CP	2.841e-12	73	0	0	0	2561	Caudoviricetes	NA	NA	PF02838;COG3661	Glycosyl hydrolase family 20, domain 2
1_3295	3892147	3892530	384	-1	0.411	11	TAGAA	NA	NA	NA	0	0	0	1	NA	NA	NA	NA	NA
1_3296	3892545	3894215	1671	-1	0.478	11	AACAA	NA	NA	NA	0	0	0	1	NA	NA	NA	NA	NA
1_3297	3894237	3896873	2637	-1	0.438	11	TAAA	GENOMAD.102285.VV	0.0	1385	0	0	0	2561	Caudoviricetes	NA	NA	PF16434	NA
1_3298	3896812	3899274	2463	-1	0.468	11	TAAAAA	NA	NA	NA	0	0	0	1	NA	NA	NA	NA	NA
1_3299	3899298	3901139	1842	-1	0.457	11	TAAAAA	GENOMAD.115099.CP	1.078e-16	87	0	0	0	1	NA	NA	NA	PF10577;PF07676	NA
1_3300	3901164	3901760	597	-1	0.407	11	TAAA	GENOMAD.013294.CC	1.01e-07	54	0	0	0	1	NA	NA	NA	PF12099;COG3047	OprF membrane domain
1_3301	3901790	3902701	912	-1	0.428	11	AATAA	NA	NA	NA	0	0	0	1	NA	NA	NA	NA	NA
1_3302	3902813	3904066	1254	-1	0.437	11	TAAA	NA	NA	NA	0	0	0	1	NA	NA	NA	NA	NA
1_3303	3904461	3905405	945	-1	0.416	11	TAA	GENOMAD.057710.VV	8.536e-07	53	0	0	1	2561	Caudoviricetes	NA	NA	PF00589;PF04860;K07358;TIGR01537	Phage integrase family; Phage portal protein
1_3304	3905622	3906050	429	-1	0.387	11	TAA	GENOMAD.118420.CV	2.283e-20	89	0	0	0	1	NA	NA	NA	PF04519;COG1664	Cytoskeletal protein CcmA, bactofilin family
1_3305	3906249	3909470	3222	-1	0.457	11	AATAA	GENOMAD.114390.CP	0.0007317	46	0	0	0	1	NA	NA	NA	PF14305;PF00289;TIGR03909;COG0027;K01961	pyrrolysine biosynthesis protein PylC
1_3306	3909794	3910885	1092	1	0.470	11	TAAAAA	NA	NA	NA	0	0	0	1	NA	NA	NA	NA	NA
1_3307	3910953	3912140	1188	-1	0.461	11	TAA	NA	NA	NA	0	0	0	1	NA	NA	NA	NA	NA
1_3308	3912310	3913629	1320	-1	0.480	11	None	GENOMAD.147664.PC	4.201e-70	247	0	0	0	1	NA	NA	NA	PF00529;TIGR01843;K02022;COG1566	type I secretion membrane fusion protein, HlyD family
1_3309	3913632	3915842	2211	-1	0.478	11	TAA	GENOMAD.171581.PC	5.695e-05	49	0	0	0	1	NA	NA	NA	PF03412;K06992;COG2274;TIGR03796	ABC-type bacteriocin/lantibiotic exporters, contain an N-terminal double-glycine peptidase domain
1_3310	3915878	3916477	600	-1	0.417	11	TAAAAA	GENOMAD.218614.PC	3.774e-18	85	0	0	0	1	NA	NA	NA	PF05147	Lanthionine synthetase C-like protein
1_3311	3916490	3917155	666	-1	0.384	11	AAAA	NA	NA	NA	0	0	0	1	NA	NA	NA	NA	NA
1_3312	3917223	3918218	996	-1	0.464	11	TAAA	NA	NA	NA	0	0	0	1	NA	NA	NA	NA	NA
1_3313	3918275	3920791	2517	-1	0.481	11	TAAAAA	GENOMAD.053912.CC	8.239e-85	304	0	0	0	1	NA	NA	NA	PF04007;TIGR04396;COG1817;K03429	surface carbohydrate biosynthesis protein
1_3314	3920802	3921473	672	-1	0.484	11	TAAA	NA	NA	NA	0	0	0	1	NA	NA	NA	NA	NA
1_3315	3921487	3922659	1173	-1	0.409	11	TAA	GENOMAD.007068.VV	0.0001916	46	0	0	0	2561	Caudoviricetes	NA	NA	NA	NA
1_3316	3922671	3924125	1455	-1	0.421	11	TAAA	GENOMAD.179841.VC	0.0002659	46	0	0	0	2561	Caudoviricetes	NA	NA	PF04055;TIGR04317;COG0641;K22226	tungsten cofactor oxidoreducase radical SAM maturase
1_3317	3924139	3925380	1242	-1	0.392	11	TAA	GENOMAD.031966.CC	3.718e-71	249	0	0	0	1	NA	NA	NA	PF16287	6-bladed beta-propeller
1_3318	3925386	3925538	153	-1	0.288	11	TAA	NA	NA	NA	0	0	0	1	NA	NA	NA	NA	NA
1_3319	3925559	3925819	261	-1	0.418	11	TAAAAA	NA	NA	NA	0	0	0	1	NA	NA	NA	NA	NA
1_3320	3926035	3927267	1233	-1	0.416	11	None	GENOMAD.121780.CP	4.129e-08	58	0	0	0	1	NA	NA	NA	PF02350;K13668;TIGR04063;COG0381	PEP-CTERM/exosortase A-associated glycosyltransferase, Daro_2409 family
1_3321	3927269	3927865	597	-1	0.429	11	TAAAA	GENOMAD.218614.PC	1.931e-28	115	0	0	0	1	NA	NA	NA	PF05147	Lanthionine synthetase C-like protein
1_3322	3927849	3928631	783	-1	0.447	11	TAAAAA	GENOMAD.223667.VP	4.267e-36	140	0	0	0	2561	Caudoviricetes	NA	NA	PF13641;COG4092;TIGR03472	Glycosyltransferase like family 2
1_3323	3928640	3929236	597	-1	0.425	11	TAA	GENOMAD.218614.PC	4.174e-74	247	0	0	0	1	NA	NA	NA	PF05147	Lanthionine synthetase C-like protein
1_3324	3929251	3929727	477	-1	0.369	11	None	NA	NA	NA	0	0	0	1	NA	NA	NA	NA	NA
1_3325	3929687	3929794	108	-1	0.324	11	TAA	NA	NA	NA	0	0	0	1	NA	NA	NA	NA	NA
1_3326	3929819	3931603	1785	-1	0.380	11	None	GENOMAD.211436.PC	2.126e-05	50	0	0	0	1	NA	NA	NA	NA	NA
1_3327	3931912	3933168	1257	-1	0.349	11	TAAA	GENOMAD.037377.CC	5.709e-223	689	0	0	0	1	NA	NA	NA	PF17816;COG3577;TIGR03698	Predicted aspartyl protease
1_3328	3933232	3934452	1221	-1	0.434	11	TAA	GENOMAD.141957.CP	1.918e-46	176	0	0	0	1	NA	NA	NA	PF16287;TIGR03866	6-bladed beta-propeller
1_3329	3934486	3934599	114	-1	0.412	11	TAAA	NA	NA	NA	0	0	0	1	NA	NA	NA	NA	NA
1_3330	3934687	3934869	183	-1	0.284	11	TAA	NA	NA	NA	0	0	0	1	NA	NA	NA	NA	NA
1_3331	3934820	3936592	1773	-1	0.333	11	None	GENOMAD.160468.CP	6.655e-65	237	0	0	0	1	NA	NA	NA	PF03572;PF17816;PF14684;COG0793;TIGR00225;K03797	C-terminal processing protease CtpA/Prc, contains a PDZ domain
1_3332	3936733	3936954	222	-1	0.270	11	TAAAAA	NA	NA	NA	0	0	0	1	NA	NA	NA	NA	NA
1_3333	3937302	3938576	1275	-1	0.369	11	TAA	GENOMAD.031966.CC	2.212e-57	209	0	0	0	1	NA	NA	NA	PF16287	6-bladed beta-propeller
1_3334	3938690	3939934	1245	-1	0.386	11	TAA	GENOMAD.031966.CC	8.948e-70	245	0	0	0	1	NA	NA	NA	PF16287	6-bladed beta-propeller
1_3335	3939956	3941179	1224	-1	0.373	11	AAAA	GENOMAD.008291.CC	7.012e-07	54	0	0	0	1	NA	NA	NA	PF17170	6-bladed beta-propeller
1_3336	3941304	3942449	1146	-1	0.384	11	TAAA	GENOMAD.141957.CP	4.526e-24	108	0	0	0	1	NA	NA	NA	PF16287;TIGR03866	6-bladed beta-propeller
1_3337	3942644	3943867	1224	-1	0.374	11	AAAA	GENOMAD.031966.CC	4.968e-14	77	0	0	0	1	NA	NA	NA	PF16287	6-bladed beta-propeller
1_3338	3944230	3944478	249	-1	0.373	11	None	NA	NA	NA	0	0	0	1	NA	NA	NA	NA	NA
1_3339	3944574	3945875	1302	-1	0.365	11	TAAA	GENOMAD.031966.CC	5.214e-26	115	0	0	0	1	NA	NA	NA	PF16287	6-bladed beta-propeller
1_3340	3946230	3948110	1881	-1	0.482	11	AAA	NA	NA	NA	0	0	0	1	NA	NA	NA	NA	NA
1_3341	3948146	3948442	297	-1	0.431	11	TAA	GENOMAD.028379.CC	5.544e-17	77	0	0	0	1	NA	NA	NA	NA	NA
1_3342	3948445	3950148	1704	-1	0.442	11	None	GENOMAD.003401.CC	3.382e-174	556	0	0	0	1	NA	NA	NA	COG1934;K09774	Lipopolysaccharide export system protein LptA
1_3343	3950161	3951531	1371	-1	0.456	11	TAAA	GENOMAD.114387.CP	2.452e-58	213	0	0	0	1	NA	NA	NA	PF00639;PF13624;PF13616;K03771;TIGR04142;COG0760	putative peptidyl-prolyl cis-trans isomerase, LIC12922 family
1_3344	3951541	3952383	843	-1	0.433	11	TAA	GENOMAD.011412.CC	1.685e-36	142	0	0	0	1	NA	NA	NA	PF13624;TIGR02925;K03769;COG0760	peptidyl-prolyl cis-trans isomerase, EpsD family
1_3345	3952440	3953993	1554	-1	0.472	11	None	GENOMAD.126247.CP	1.958e-249	771	0	0	0	1	NA	NA	NA	PF13145;PF09312;TIGR04142;K03769;COG0760	putative peptidyl-prolyl cis-trans isomerase, LIC12922 family
1_3346	3954181	3955656	1476	-1	0.482	11	TAAA	GENOMAD.132287.VV	4.741e-07	55	0	0	0	2561	Caudoviricetes	NA	NA	K00364;TIGR01303	IMP dehydrogenase family protein
1_3347	3955743	3957923	2181	-1	0.451	11	AACAA	GENOMAD.006811.CC	7.349e-17	88	0	0	0	1	NA	NA	NA	NA	NA
1_3348	3958095	3959342	1248	-1	0.488	11	TAA	NA	NA	NA	0	0	0	1	NA	NA	NA	NA	NA
1_3349	3959345	3960073	729	-1	0.442	11	TAA	GENOMAD.130662.VV	1.029e-08	58	0	0	0	2561	Caudoviricetes	NA	NA	PF00574;TIGR00493;COG0740	ATP-dependent Clp endopeptidase, proteolytic subunit ClpP
1_3350	3960147	3961502	1356	-1	0.433	11	TAAA	GENOMAD.000260.CC	1.917e-90	307	1	0	0	1	NA	NA	NA	PF05697;PF05698;COG0544;TIGR00115;K03545	FKBP-type peptidyl-prolyl cis-trans isomerase (trigger factor)
1_3351	3962742	3962987	246	1	0.415	11	None	NA	NA	NA	0	0	0	1	NA	NA	NA	NA	NA
1_3352	3963103	3963864	762	-1	0.467	11	AATAA	NA	NA	NA	0	0	0	1	NA	NA	NA	NA	NA
1_3353	3963940	3964683	744	1	0.470	11	AACAA	GENOMAD.124229.CP	2.871e-18	87	0	0	0	1	NA	NA	NA	COG0767	ABC-type transporter Mla maintaining outer membrane lipid asymmetry, permease component MlaE
1_3354	3964680	3965450	771	1	0.451	11	TAAA	NA	NA	NA	0	0	0	1	NA	NA	NA	NA	NA
1_3355	3965683	3966330	648	-1	0.426	11	None	GENOMAD.148192.CP	1.468e-11	66	0	0	0	1	NA	NA	NA	PF16968;K07696;TIGR02875;COG4566	sporulation transcription factor Spo0A
1_3356	3966507	3967820	1314	-1	0.432	11	TAAA	GENOMAD.108638.CP	2.74e-05	49	0	0	0	1	NA	NA	NA	PF03193;PF01176;K06949;TIGR00157;COG1162	ribosome small subunit-dependent GTPase A
1_3357	3967873	3968754	882	-1	0.416	11	AATAA	GENOMAD.098122.CV	0.0002362	45	1	0	0	1	NA	NA	NA	PF10662;COG1159;TIGR03918;K07893	GTPase Era, involved in 16S rRNA processing
1_3358	3968842	3969846	1005	-1	0.421	11	TAAA	NA	NA	NA	0	0	0	1	NA	NA	NA	NA	NA
1_3359	3969945	3970130	186	-1	0.435	11	TAAA	GENOMAD.073714.CP	1.747e-12	62	0	0	0	1	NA	NA	NA	PF01783;COG0333;TIGR01031	Ribosomal protein L32
1_3360	3970144	3970719	576	-1	0.408	11	TAAAAA	GENOMAD.003883.CC	2.628e-31	123	0	0	0	1	NA	NA	NA	PF02620;COG1399	Large ribosomal RNA subunit accumulation protein YceD
1_3361	3970789	3971049	261	-1	0.391	11	TAA	NA	NA	NA	0	0	0	1	NA	NA	NA	NA	NA
1_3362	3977555	3978331	777	1	0.425	11	None	NA	NA	NA	0	0	0	1	NA	NA	NA	NA	NA
1_3363	3978761	3979654	894	1	0.474	11	AAA	NA	NA	NA	0	0	0	1	NA	NA	NA	NA	NA
1_3364	3980764	3981681	918	1	0.458	11	TAAA	GENOMAD.179743.CV	2.371e-09	61	0	0	0	1	NA	NA	NA	PF14717	NA
1_3365	3981746	3983527	1782	1	0.473	11	TAAA	GENOMAD.191012.CP	2.4e-48	187	0	0	0	1	NA	NA	NA	PF14466	NA
1_3366	3983542	3985632	2091	1	0.432	11	TAAAAA	NA	NA	NA	0	0	0	1	NA	NA	NA	NA	NA
1_3367	3985661	3986761	1101	1	0.494	11	TAA	GENOMAD.148029.CP	6.337e-124	400	0	0	0	1	NA	NA	NA	PF20138;COG2133;TIGR03866;K18235	Glucose/arabinose dehydrogenase, beta-propeller fold
1_3368	3986801	3988858	2058	1	0.524	11	AAAA	GENOMAD.151024.CP	5.543e-37	153	0	0	0	1	NA	NA	NA	PF14905;PF07715;TIGR01779;K16092;COG4206	TonB-dependent vitamin B12 receptor
1_3369	3988870	3990009	1140	1	0.506	11	TAA	GENOMAD.121023.CP	0.0007572	44	0	0	0	1	NA	NA	NA	PF01497;K06858;TIGR03659;COG4558	heme ABC transporter, heme-binding protein isdE
1_3370	3990010	3990990	981	1	0.506	11	AAA	GENOMAD.132390.CP	5.955e-17	85	0	0	0	2561	Caudoviricetes	NA	NA	PF01032;TIGR03869;COG0609;K02015	proposed F420-0 ABC transporter, permease protein
1_3371	3990987	3991745	759	1	0.468	11	AACAA	NA	NA	NA	0	0	0	1	NA	NA	NA	NA	NA
1_3372	3991742	3992308	567	1	0.402	11	None	GENOMAD.123338.CV	3.819e-09	58	0	0	0	1	NA	NA	NA	PF10050;COG5423	Predicted metal-binding protein (DUF2284)
1_3373	3992237	3992509	273	-1	0.363	11	TAA	NA	NA	NA	0	0	0	1	NA	NA	NA	NA	NA
1_3374	3993223	3993639	417	1	0.585	11	TAA	NA	NA	NA	0	0	0	1	NA	NA	NA	NA	NA
1_3375	3993669	3994073	405	1	0.593	11	AAGAA	NA	NA	NA	0	0	0	1	NA	NA	NA	NA	NA
1_3376	3994149	3994937	789	1	0.549	11	TAA	NA	NA	NA	0	0	0	1	NA	NA	NA	NA	NA
1_3377	3996195	3998075	1881	1	0.397	11	TAA	GENOMAD.221005.PV	4.615e-16	85	0	0	0	2561	Caudoviricetes	NA	NA	PF13662;TIGR01391;COG0358;K02316	DNA primase, catalytic core
1_3378	3998794	3998898	105	-1	0.352	11	TAAAAA	NA	NA	NA	0	0	0	1	NA	NA	NA	NA	NA
1_3379	3998986	4001856	2871	1	0.385	11	AATAA	GENOMAD.128893.CP	6.94e-112	389	0	0	0	1	NA	NA	NA	PF14905;PF07715;PF00576;K19611;TIGR04056;COG4774	TonB-linked outer membrane protein, SusC/RagA family
1_3380	4001870	4003141	1272	1	0.387	11	TAA	GENOMAD.177177.CP	2.365e-116	381	0	0	0	1	NA	NA	NA	PF16215	NA
1_3381	4003165	4004727	1563	1	0.396	11	TAAAAA	GENOMAD.212160.CP	3.986e-37	151	0	0	0	1	NA	NA	NA	NA	NA
1_3382	4004785	4006932	2148	1	0.418	11	TAA	NA	NA	NA	0	0	0	1	NA	NA	NA	NA	NA
1_3383	4006939	4009140	2202	1	0.401	11	TAAAAA	NA	NA	NA	0	0	0	1	NA	NA	NA	NA	NA
1_3384	4009143	4011335	2193	1	0.399	11	TAA	NA	NA	NA	0	0	0	1	NA	NA	NA	NA	NA
1_3385	4011282	4011554	273	-1	0.407	11	None	NA	NA	NA	0	0	0	1	NA	NA	NA	NA	NA
1_3386	4011745	4012476	732	1	0.418	11	TAAAAA	NA	NA	NA	0	0	0	1	NA	NA	NA	NA	NA
1_3387	4012403	4015951	3549	-1	0.386	11	AAA	NA	NA	NA	0	0	0	1	NA	NA	NA	NA	NA
1_3388	4016493	4016612	120	1	0.558	11	TAAA	NA	NA	NA	0	0	0	1	NA	NA	NA	NA	NA
1_3389	4016829	4017122	294	1	0.548	11	TAAA	NA	NA	NA	0	0	0	1	NA	NA	NA	NA	NA
1_3390	4017187	4018398	1212	-1	0.578	11	TAAA	GENOMAD.057710.VV	1.455e-16	85	0	0	1	2561	Caudoviricetes	NA	NA	PF00589;PF04860;K07358;TIGR01537	Phage integrase family; Phage portal protein
1_3391	4018418	4019647	1230	-1	0.559	11	TAAAAA	GENOMAD.057710.VV	2.796e-15	81	0	0	1	2561	Caudoviricetes	NA	NA	PF00589;PF04860;K07358;TIGR01537	Phage integrase family; Phage portal protein
1_3392	4019760	4019903	144	-1	0.382	11	TAAAAA	NA	NA	NA	0	0	0	1	NA	NA	NA	NA	NA
1_3393	4020572	4023052	2481	1	0.400	11	TAAAAA	GENOMAD.216236.VC	9.073e-10	65	0	0	0	1	NA	NA	NA	NA	NA
1_3394	4023076	4024038	963	1	0.448	11	TAAA	GENOMAD.054128.CC	7.949e-144	455	0	0	0	1	NA	NA	NA	PF16961;COG3047;TIGR04565	Putative OmpA-OmpF-like porin family
1_3395	4024131	4024706	576	1	0.462	11	TAA	GENOMAD.036884.CC	4.666e-78	258	0	0	0	1	NA	NA	NA	PF14289;PF20205;COG3065;TIGR00752	NA
1_3396	4024847	4026334	1488	-1	0.442	11	TAAA	NA	NA	NA	0	0	0	1	NA	NA	NA	NA	NA
1_3397	4026321	4027217	897	-1	0.497	11	AAA	GENOMAD.132552.CV	2.472e-83	279	0	0	0	1	NA	NA	NA	PF14606;COG2755;K09795	Lysophospholipase L1 or related esterase
1_3398	4027204	4028577	1374	-1	0.475	11	TAAA	GENOMAD.136515.CV	9.6e-80	276	0	0	0	1	NA	NA	NA	PF08885;COG2755	Lysophospholipase L1 or related esterase
1_3399	4028690	4028983	294	-1	0.507	11	TAAA	GENOMAD.014013.CC	1.974e-42	150	0	0	0	1	NA	NA	NA	PF11582;COG0347	Nitrogen regulatory protein PII
1_3400	4029002	4032160	3159	-1	0.468	11	TAA	NA	NA	NA	0	0	0	1	NA	NA	NA	NA	NA
1_3401	4032258	4033274	1017	-1	0.470	11	AACAA	GENOMAD.120637.CP	6.05e-15	79	0	0	0	1	NA	NA	NF000272	PF12700;K15727;TIGR01730;COG0845	RND family efflux transporter, MFP subunit
1_3402	4033303	4034655	1353	-1	0.465	11	AACAA	GENOMAD.120926.CP	6.398e-127	413	0	0	0	1	NA	NA	NA	PF02321;TIGR01845;K12340;COG1538	efflux transporter, outer membrane factor (OMF) lipoprotein, NodT family
1_3403	4034705	4035349	645	-1	0.397	11	AACAA	GENOMAD.116548.CP	1.289e-06	51	0	0	0	1	NA	NA	NA	PF13022;PF14246;K18301;TIGR03384;COG3226	transcriptional repressor BetI
1_3404	4035742	4037238	1497	-1	0.488	11	AAGAA	NA	NA	NA	0	0	0	1	NA	NA	NA	NA	NA
1_3405	4037235	4037864	630	-1	0.513	11	TAA	GENOMAD.121365.CP	2.855e-48	173	0	0	0	1	NA	NA	NA	PF04961;K01500;COG3404	Formiminotetrahydrofolate cyclodeaminase
1_3406	4037894	4039147	1254	-1	0.509	11	AATAA	GENOMAD.138392.CP	8.684e-08	57	0	0	0	1	NA	NA	NA	NA	NA
1_3407	4039154	4040056	903	-1	0.499	11	AAAA	GENOMAD.001077.CC	7.947e-89	295	0	0	0	1	NA	NA	NA	PF07837;PF02971;K00603;COG3643;TIGR02024	Glutamate formiminotransferase
1_3408	4040194	4042176	1983	-1	0.500	11	TAA	NA	NA	NA	0	0	0	1	NA	NA	NA	NA	NA
1_3409	4042325	4042957	633	-1	0.455	11	TAA	NA	NA	NA	0	0	0	1	NA	NA	NA	NA	NA
1_3410	4043517	4045331	1815	1	0.452	11	AACAA	NA	NA	NA	0	0	0	1	NA	NA	NA	NA	NA
1_3411	4045365	4045904	540	-1	0.433	11	TAA	NA	NA	NA	0	0	0	1	NA	NA	NA	NA	NA
1_3412	4046012	4046389	378	-1	0.458	11	TAAA	NA	NA	NA	0	0	0	1	NA	NA	NA	NA	NA
1_3413	4046556	4047041	486	-1	0.409	11	AATAA	GENOMAD.000035.CC	4.157e-48	170	1	0	0	1	NA	NA	NA	PF01196;COG0203;TIGR00059	Ribosomal protein L17
1_3414	4047045	4048037	993	-1	0.386	11	TAA	GENOMAD.000031.CC	1.425e-76	261	1	0	0	1	NA	NA	NA	PF01193;K03040;TIGR02027;COG0202	DNA-directed RNA polymerase, alpha subunit, bacterial and chloroplast-type
1_3415	4048049	4048654	606	-1	0.403	11	TAAAAA	GENOMAD.079740.CV	5.453e-26	108	1	0	0	2561	Caudoviricetes	NA	NA	PF00163;K02986;TIGR01017;COG0522	Ribosomal protein S4/S9 N-terminal domain
1_3416	4048683	4048835	153	1	0.366	11	TAA	NA	NA	NA	0	0	0	1	NA	NA	NA	NA	NA
1_3417	4048774	4049163	390	-1	0.413	11	TAA	GENOMAD.000013.CC	2.422e-47	166	1	0	0	1	NA	NA	NA	PF00411;K02948;COG0100;TIGR03628	Ribosomal protein S11
1_3418	4049175	4049555	381	-1	0.391	11	AAAAA	GENOMAD.000014.CC	6.968e-43	153	1	0	0	1	NA	NA	NA	PF00416;COG0099;TIGR03631;K02964	Ribosomal protein S13
1_3419	4049589	4049705	117	-1	0.325	11	TAAA	GENOMAD.112966.CP	1.183e-12	61	0	0	0	1	NA	NA	NA	PF00444;COG0257;TIGR01022	Ribosomal protein L36
1_3420	4049714	4049932	219	-1	0.342	11	TAAA	NA	NA	NA	0	0	0	1	NA	NA	NA	NA	NA
1_3421	4049936	4050733	798	-1	0.422	11	TAA	NA	NA	NA	0	0	0	1	NA	NA	NA	NA	NA
1_3422	4050748	4052094	1347	-1	0.391	11	TAAA	NA	NA	NA	0	0	0	1	NA	NA	NA	NA	NA
1_3423	4052099	4052545	447	-1	0.378	11	TAAA	GENOMAD.000024.CC	1.351e-37	139	1	0	0	1	NA	NA	NA	PF00828;TIGR01071;K02876;COG0200	ribosomal protein L15, bacterial/organelle
1_3424	4052576	4052752	177	-1	0.379	11	TAA	GENOMAD.000148.CC	2.994e-13	64	0	0	0	1	NA	NA	NA	PF00327;TIGR01308;COG1841	ribosomal protein L30, bacterial/organelle
1_3425	4052763	4053281	519	-1	0.410	11	TAAA	GENOMAD.000010.CC	2.576e-41	151	1	0	0	1	NA	NA	NA	PF00333;PF03719;TIGR01021;COG0098	ribosomal protein S5, bacterial/organelle type
1_3426	4053287	4053631	345	-1	0.400	11	TAAA	GENOMAD.076560.CV	5.973e-39	141	1	0	0	1	NA	NA	NA	PF00861;TIGR00060;COG0256;K02881	Ribosomal L18 of archaea, bacteria, mitoch. and chloroplast
1_3427	4053653	4054222	570	-1	0.382	11	TAA	GENOMAD.000001.CC	1.48e-55	193	1	0	0	1	NA	NA	NA	PF00347;K02933;TIGR03654;COG0097	ribosomal protein L6, bacterial type
1_3428	4054238	4054633	396	-1	0.348	11	TAA	GENOMAD.000019.CC	7.798e-36	133	1	0	0	1	NA	NA	NA	PF00410;K02994;COG0096	Ribosomal protein S8
1_3429	4054688	4054987	300	-1	0.433	11	AAAAA	GENOMAD.119080.CP	7.659e-22	91	0	0	0	1	NA	NA	NA	PF00253;COG0199	Ribosomal protein S14
1_3430	4054994	4055551	558	-1	0.401	11	TAA	GENOMAD.000004.CC	5.69e-73	243	1	0	0	1	NA	NA	NA	PF00673;PF00281;K02931;COG0094	Ribosomal protein L5
1_3431	4055551	4055871	321	-1	0.371	11	TAAA	GENOMAD.000028.CC	2.042e-38	139	1	0	0	1	NA	NA	NA	PF17136;PF00467;K02895;TIGR01079;COG0198	ribosomal protein L24, bacterial/organelle
1_3432	4055892	4056257	366	-1	0.429	11	TAA	GENOMAD.000007.CC	1.241e-50	175	1	0	0	1	NA	NA	NA	PF00238;COG0093;TIGR01067	Ribosomal protein L14
1_3433	4056260	4056517	258	-1	0.364	11	TAAA	GENOMAD.051620.CP	2.359e-27	106	1	0	0	1	NA	NA	NA	PF00366;TIGR03635;COG0186	ribosomal protein uS17, bacterial form
1_3434	4056526	4056723	198	-1	0.354	11	AAAA	GENOMAD.000194.CC	2.384e-18	79	1	0	0	1	NA	NA	NA	PF00831;COG0255;K02904;TIGR00012	Ribosomal protein L29
1_3435	4056729	4057163	435	-1	0.416	11	None	GENOMAD.061469.CV	9.227e-65	217	1	0	0	1	NA	NA	NA	PF00252;K02878;TIGR01164;COG0197	ribosomal protein L16, bacterial/organelle
1_3436	4057187	4057921	735	-1	0.401	11	TAA	GENOMAD.000002.CC	1.954e-50	181	1	0	0	1	NA	NA	NA	PF05316;K02982;TIGR01009;COG0092	ribosomal protein S3, bacterial type
1_3437	4057927	4058337	411	-1	0.401	11	TAAA	GENOMAD.058918.CV	1.903e-28	112	1	0	0	1	NA	NA	NA	PF00237;K02890;COG0091;TIGR01044	Ribosomal protein L22
1_3438	4058373	4058642	270	-1	0.378	11	TAA	GENOMAD.058748.CV	6.008e-43	151	1	0	0	1	NA	NA	NA	PF00203;K02965;COG0185;TIGR01050	Ribosomal protein S19
1_3439	4058663	4059487	825	-1	0.446	11	TAA	GENOMAD.058738.CV	2.341e-72	246	1	0	0	1	NA	NA	NA	PF03947;TIGR01171;COG0090	ribosomal protein L2, bacterial/organellar
1_3440	4059493	4059783	291	-1	0.347	11	TAAAAA	GENOMAD.063357.CV	1.252e-46	162	1	0	0	1	NA	NA	NA	PF00276;COG0089;TIGR03636	Ribosomal protein L23
1_3441	4059800	4060426	627	-1	0.402	11	TAA	GENOMAD.060214.CV	5.817e-39	146	1	0	0	1	NA	NA	NA	PF00573;COG0088;K02926;TIGR03953	Ribosomal protein L4
1_3442	4060426	4061043	618	-1	0.430	11	TAAAAA	GENOMAD.057410.CP	1.46e-35	136	1	0	0	1	NA	NA	NA	TIGR03625;COG0087	50S ribosomal protein uL3, bacterial form
1_3443	4061062	4061367	306	-1	0.402	11	TAA	GENOMAD.059737.CV	0.0002115	41	1	0	0	1	NA	NA	NA	PF00338;TIGR01046;COG0051	ribosomal protein uS10, eukaryotic/archaeal
1_3444	4061450	4063567	2118	-1	0.447	11	TAAA	NA	NA	NA	0	0	0	1	NA	NA	NA	NA	NA
1_3445	4063622	4064098	477	-1	0.396	11	AAA	GENOMAD.031610.CC	2.176e-45	162	1	0	0	1	NA	NA	NA	PF00177;K02992;COG0049;TIGR01029	Ribosomal protein S7
1_3446	4064259	4064660	402	-1	0.475	11	TAAAAA	NA	NA	NA	0	0	0	1	NA	NA	NA	NA	NA
1_3447	4064911	4065216	306	-1	0.435	11	AATAA	GENOMAD.219822.VC	0.0004696	40	0	0	0	1	NA	NA	NA	PF11950	NA
1_3448	4065555	4065815	261	-1	0.441	11	TAAAAA	NA	NA	NA	0	0	0	1	NA	NA	NA	NA	NA
1_3449	4065878	4066123	246	-1	0.455	11	AACAA	GENOMAD.205691.CP	2.824e-09	54	0	0	0	1	NA	NA	NA	PF04226;COG2261	Uncharacterized membrane protein YeaQ/YmgE, transglycosylase-associated protein family
1_3450	4066354	4066878	525	1	0.442	11	TAAAAA	NA	NA	NA	0	0	0	1	NA	NA	NA	NA	NA
1_3451	4066955	4068091	1137	1	0.419	11	TAAA	GENOMAD.015431.CC	2.996e-07	55	0	0	0	1	NA	NA	NA	K21462;COG3936	Membrane-bound acyltransferase YfiQ, involved in biofilm formation
1_3452	4068161	4072444	4284	-1	0.444	11	TATAA	GENOMAD.052211.CC	9.038e-10	66	0	0	0	1	NA	NA	NA	NA	NA
1_3453	4072591	4076403	3813	-1	0.434	11	AAA	GENOMAD.061759.CV	1.475e-32	141	1	0	0	2561	Caudoviricetes	NA	NA	PF04563;K03043;TIGR02013;COG0085	DNA-directed RNA polymerase, beta subunit
1_3454	4076508	4076882	375	-1	0.416	11	TAAA	GENOMAD.114551.CV	2.729e-19	85	1	0	0	2561	Caudoviricetes	NA	NA	PF16320;PF00542;COG0222;TIGR00855	Ribosomal protein L7/L12
1_3455	4076931	4077443	513	-1	0.413	11	TAAA	GENOMAD.081037.CV	5.771e-31	121	1	0	0	1	NA	NA	NA	PF00466;COG0244;K02864	Ribosomal protein L10
1_3456	4077459	4078157	699	-1	0.393	11	TAAA	NA	NA	NA	0	0	0	1	NA	NA	NA	NA	NA
1_3457	4078173	4078616	444	-1	0.439	11	TAAA	NA	NA	NA	0	0	0	1	NA	NA	NA	NA	NA
1_3458	4078677	4079219	543	-1	0.401	11	AAAAA	GENOMAD.116512.CV	2.401e-27	111	0	0	0	2561	Caudoviricetes	NA	NA	PF02357;PF00467;K02601;TIGR00922;COG0250	transcription termination/antitermination factor NusG
1_3459	4079568	4080752	1185	-1	0.449	11	TAA	NA	NA	NA	0	0	0	1	NA	NA	NA	NA	NA
1_3460	4081317	4081616	300	-1	0.370	11	TAAAAA	GENOMAD.080649.CP	5.603e-25	100	0	0	0	1	NA	NA	NA	PF02482;K05808;TIGR00741;COG1544	ribosomal subunit interface protein
1_3461	4081631	4082512	882	-1	0.424	11	None	GENOMAD.057710.VV	2.715e-05	48	0	0	1	2561	Caudoviricetes	NA	NA	PF00589;PF04860;K07358;TIGR01537	Phage integrase family; Phage portal protein
1_3462	4082586	4082822	237	-1	0.329	11	TAA	GENOMAD.168547.VC	0.0001987	40	0	0	0	1	NA	NA	NA	PF01165;COG0828;TIGR00030	Ribosomal protein S21
1_3463	4082950	4084728	1779	1	0.446	11	TAA	NA	NA	NA	0	0	0	1	NA	NA	NA	NA	NA
1_3464	4084843	4085355	513	1	0.431	11	AATAA	NA	NA	NA	0	0	0	1	NA	NA	NA	NA	NA
1_3465	4085436	4086656	1221	-1	0.437	11	TAA	NA	NA	NA	0	0	0	1	NA	NA	NA	NA	NA
1_3466	4086669	4088186	1518	-1	0.448	11	TAA	NA	NA	NA	0	0	0	1	NA	NA	NA	NA	NA
1_3467	4088281	4090338	2058	1	0.442	11	AAAAA	GENOMAD.078668.CP	1.706e-25	116	0	0	0	1	NA	NA	NA	PF07698	7TM receptor with intracellular HD hydrolase
1_3468	4090313	4090786	474	-1	0.502	11	TAA	NA	NA	NA	0	0	0	1	NA	NA	NA	NA	NA
1_3469	4090899	4092698	1800	-1	0.485	11	TAAAAA	GENOMAD.170436.CP	3.428e-190	604	0	0	0	1	NA	NA	NA	PF13320	NA
1_3470	4092739	4095234	2496	-1	0.479	11	AAA	GENOMAD.101878.CP	1.279e-45	182	0	0	0	2561	Caudoviricetes	NA	NA	PF18074;PF00271	Primosomal protein N C-terminal domain; Helicase conserved C-terminal domain
1_3471	4095274	4095852	579	-1	0.401	11	TAAA	GENOMAD.171191.CP	6.125e-67	226	0	0	0	1	NA	NA	NA	PF13568;COG3637;TIGR04273;K16078	Opacity protein and related surface antigens
1_3472	4096378	4097538	1161	-1	0.452	11	TAA	GENOMAD.141957.CP	5.912e-61	218	0	0	0	1	NA	NA	NA	PF16287;TIGR03866	6-bladed beta-propeller
1_3473	4097725	4099158	1434	-1	0.476	11	TAA	NA	NA	NA	0	0	0	1	NA	NA	NA	NA	NA
1_3474	4099480	4100790	1311	1	0.484	11	TAAAAA	NA	NA	NA	0	0	0	1	NA	NA	NA	NA	NA
1_3475	4100834	4101892	1059	1	0.479	11	AATAA	NA	NA	NA	0	0	0	1	NA	NA	NA	NA	NA
1_3476	4101925	4103112	1188	1	0.458	11	TAAA	GENOMAD.032804.CC	1.863e-105	348	0	0	0	1	NA	NA	NA	PF07396;COG3746	Phosphate-selective porin
1_3477	4103186	4103407	222	-1	0.414	11	TAAA	GENOMAD.004311.CC	1.219e-43	152	0	0	0	1	NA	NA	NA	PF11387	NA
1_3478	4103479	4104042	564	-1	0.452	11	TAAA	NA	NA	NA	0	0	0	1	NA	NA	NA	NA	NA
1_3479	4104091	4104753	663	-1	0.436	11	TAAAAA	GENOMAD.009801.CC	3.122e-122	387	0	0	0	1	NA	NA	NA	PF04669	NA
1_3480	4105234	4105353	120	-1	0.358	11	AAAAA	NA	NA	NA	0	0	0	1	NA	NA	NA	NA	NA
1_3481	4105350	4105469	120	-1	0.342	11	AATAA	NA	NA	NA	0	0	0	1	NA	NA	NA	NA	NA
1_3482	4105511	4106470	960	1	0.456	11	TAAA	NA	NA	NA	0	0	0	1	NA	NA	NA	NA	NA
1_3483	4106622	4108760	2139	1	0.459	11	AATAA	NA	NA	NA	0	0	0	1	NA	NA	NA	NA	NA
1_3484	4108768	4110849	2082	-1	0.499	11	TAAAAA	NA	NA	NA	0	0	0	1	NA	NA	NA	NA	NA
1_3485	4111179	4111799	621	1	0.462	11	TAAAAA	NA	NA	NA	0	0	0	1	NA	NA	NA	NA	NA
1_3486	4111886	4112377	492	-1	0.396	11	TAA	NA	NA	NA	0	0	0	1	NA	NA	NA	NA	NA
1_3487	4112683	4112844	162	1	0.377	11	AATAA	NA	NA	NA	0	0	0	1	NA	NA	NA	NA	NA
1_3488	4112776	4115301	2526	-1	0.481	11	TAAA	GENOMAD.024689.CC	1.087e-71	264	0	0	0	1	NA	NA	NA	PF08840;COG0627;TIGR03101;K03928	S-formylglutathione hydrolase FrmB
1_3489	4115428	4115988	561	1	0.476	11	AATAA	NA	NA	NA	0	0	0	1	NA	NA	NA	NA	NA
1_3490	4116064	4116156	93	1	0.312	11	TAAAA	NA	NA	NA	0	0	0	1	NA	NA	NA	NA	NA
1_3491	4116222	4117277	1056	1	0.440	11	TAA	GENOMAD.136340.CP	5.283e-07	54	0	0	0	1	NA	NA	NA	PF06580;PF14501;COG3920	Histidine kinase; GHKL domain
1_3492	4117286	4118041	756	1	0.444	11	TAA	GENOMAD.151178.CP	3.179e-15	78	0	0	0	1	NA	NA	NA	PF04397;COG4564;K11614	LytTr DNA-binding domain
1_3493	4118065	4119570	1506	1	0.496	11	TAAAAA	GENOMAD.130440.CP	7.868e-43	168	0	0	0	1	NA	NA	NA	PF12801;PF14691;PF13746;PF12798;TIGR02163;K02574;COG0348	ferredoxin-type protein, NapH/MauN family
1_3494	4119593	4120975	1383	1	0.482	11	AAA	GENOMAD.132406.CP	1.755e-06	53	0	0	0	1	NA	NA	NA	PF00248;K07079;COG4989;TIGR01293	Predicted oxidoreductase
1_3495	4120975	4123272	2298	1	0.469	11	AAA	GENOMAD.176804.CP	2.701e-26	119	0	0	0	1	NA	NA	NA	PF08973	NA
1_3496	4123288	4123800	513	1	0.458	11	TAA	GENOMAD.189341.CP	5.481e-83	271	0	0	0	1	NA	NA	NA	PF09515;TIGR04518;COG4732;K16923	ECF transporter S component, folate family
1_3497	4123888	4124538	651	-1	0.419	11	TAAAAA	GENOMAD.180976.PC	1.179e-20	93	0	0	0	1	NA	NA	NA	PF07081;PF10039;K09702;COG3506	Regulation of enolase protein 1 (function unknown), concanavalin A-like superfamily
1_3498	4124562	4125149	588	-1	0.417	11	TAAA	NA	NA	NA	0	0	0	1	NA	NA	NA	NA	NA
1_3499	4125158	4125994	837	1	0.412	11	None	NA	NA	NA	0	0	0	1	NA	NA	NA	NA	NA
1_3500	4126019	4126873	855	-1	0.441	11	None	NA	NA	NA	0	0	0	1	NA	NA	NA	NA	NA
1_3501	4126880	4127272	393	-1	0.405	11	TAA	GENOMAD.015629.CC	4.816e-05	44	0	0	0	1	NA	NA	NA	PF01035;COG0350;K13531;TIGR00589	O6-methylguanine-DNA--protein-cysteine methyltransferase
1_3502	4127769	4128257	489	1	0.348	11	TAAA	NA	NA	NA	0	0	0	1	NA	NA	NA	NA	NA
1_3503	4128297	4128638	342	1	0.439	11	AAA	NA	NA	NA	0	0	0	1	NA	NA	NA	NA	NA
1_3504	4128664	4129617	954	1	0.439	11	None	NA	NA	NA	0	0	0	1	NA	NA	NA	NA	NA
1_3505	4129964	4131046	1083	1	0.413	11	TAAA	NA	NA	NA	0	0	0	1	NA	NA	NA	NA	NA
1_3506	4131119	4131559	441	-1	0.397	11	AACAA	GENOMAD.000930.CC	6.771e-07	50	0	0	0	1	NA	NA	NA	PF01230;COG0537	Diadenosine tetraphosphate (Ap4A) hydrolase or other HIT family hydrolase
1_3507	4131575	4132039	465	-1	0.413	11	TAAAA	GENOMAD.129206.CP	1.865e-05	46	0	0	0	1	NA	NA	NA	PF01272;PF03449;K04760;TIGR01461;COG0782	transcription elongation factor GreB
1_3508	4132221	4133372	1152	-1	0.389	11	AATAA	GENOMAD.127125.CP	2.608e-06	52	0	0	0	2561	Caudoviricetes	NA	NA	PF13905	Thioredoxin-like
1_3509	4133569	4135695	2127	1	0.453	11	AACAA	GENOMAD.056657.CV	5.149e-189	606	0	0	0	2561	Caudoviricetes	NA	NA	PF01138;PF03726;PF03725;K00962;TIGR02696;COG1185	guanosine pentaphosphate synthetase I/polynucleotide phosphorylase
1_3510	4135886	4136419	534	1	0.421	11	AACAA	NA	NA	NA	0	0	0	1	NA	NA	NA	NA	NA
1_3511	4136520	4137452	933	1	0.404	11	TAAAAA	GENOMAD.206202.CV	6.259e-05	47	0	0	0	1	NA	NA	NA	NA	NA
1_3512	4137712	4141032	3321	1	0.447	11	AACAA	GENOMAD.145895.CP	7.054e-17	89	0	0	0	1	NA	NA	NA	K21573;TIGR04056	TonB-linked outer membrane protein, SusC/RagA family
1_3513	4141045	4142661	1617	1	0.464	11	TAAA	GENOMAD.141002.CP	4.979e-258	797	0	0	0	1	NA	NA	NA	PF12741;PF16339	Susd and RagB outer membrane lipoprotein
1_3514	4143162	4144781	1620	1	0.418	11	TAA	NA	NA	NA	0	0	0	1	NA	NA	NA	NA	NA
1_3515	4144937	4145056	120	1	0.350	11	AACAA	NA	NA	NA	0	0	0	1	NA	NA	NA	NA	NA
1_3516	4145569	4147188	1620	1	0.418	11	TAA	NA	NA	NA	0	0	0	1	NA	NA	NA	NA	NA
1_3517	4147086	4147388	303	-1	0.386	11	TAAA	NA	NA	NA	0	0	0	1	NA	NA	NA	NA	NA
1_3518	4147550	4147702	153	1	0.353	11	AAA	NA	NA	NA	0	0	0	1	NA	NA	NA	NA	NA
1_3519	4147832	4147978	147	1	0.333	11	TAA	NA	NA	NA	0	0	0	1	NA	NA	NA	NA	NA
1_3520	4148495	4150132	1638	1	0.476	11	TAA	NA	NA	NA	0	0	0	1	NA	NA	NA	NA	NA
1_3521	4150233	4151348	1116	-1	0.500	11	TAA	GENOMAD.129462.CP	9.215e-39	152	0	0	0	1	NA	NA	NA	NA	NA
1_3522	4151371	4152312	942	-1	0.478	11	TAAAAA	GENOMAD.130401.CP	2.456e-31	128	0	0	0	1	NA	NA	NA	PF01515;K00634;TIGR02706;COG0280	phosphate butyryltransferase
1_3523	4152495	4153286	792	1	0.462	11	TAA	GENOMAD.224544.PV	4.935e-06	50	0	0	0	1	NA	NA	NA	PF00722;K20832;COG2273	Beta-glucanase, GH16 family
1_3524	4153306	4154220	915	1	0.491	11	TAAAA	NA	NA	NA	0	0	0	1	NA	NA	NA	NA	NA
1_3525	4154291	4155280	990	1	0.477	11	AAAA	GENOMAD.117232.CP	7.402e-104	340	0	0	0	1	NA	NA	NA	PF05450;K00683;TIGR03106;COG1363	Nicastrin
1_3526	4155290	4155718	429	1	0.443	11	AATAA	GENOMAD.166624.CV	1.329e-06	49	0	0	0	1	NA	NA	NA	PF02657;TIGR03391;K02426;COG2166	cysteine desulfurase, sulfur acceptor subunit CsdE
1_3527	4155772	4155990	219	-1	0.425	11	AAAAA	NA	NA	NA	0	0	0	1	NA	NA	NA	NA	NA
1_3528	4156019	4156657	639	-1	0.427	11	AAAAA	GENOMAD.050536.CC	5.883e-77	256	0	0	0	1	NA	NA	NA	PF11188	NA
1_3529	4156693	4157481	789	-1	0.456	11	TAAA	GENOMAD.194874.CP	1.128e-06	52	0	0	0	1	NA	NA	NA	PF02517	Type II CAAX prenyl endopeptidase Rce1-like
1_3530	4157855	4158784	930	-1	0.482	11	TAA	NA	NA	NA	0	0	0	1	NA	NA	NA	NA	NA
1_3531	4158800	4159426	627	-1	0.443	11	TAAA	GENOMAD.146405.CP	2.703e-09	59	0	0	0	1	NA	NA	NA	PF12689;K20866;TIGR01656;COG0241	histidinol-phosphate phosphatase family domain
1_3532	4159499	4162183	2685	-1	0.481	11	TAA	NA	NA	NA	0	0	0	1	NA	NA	NA	NA	NA
1_3533	4162247	4163920	1674	-1	0.450	11	TATAA	NA	NA	NA	0	0	0	1	NA	NA	NA	NA	NA
1_3534	4164054	4164215	162	1	0.432	11	TAAAAA	GENOMAD.022030.CC	4.112e-15	69	0	0	0	1	NA	NA	NA	PF00301;COG1773;K05297	Rubredoxin
1_3535	4164327	4166024	1698	-1	0.433	11	TAA	NA	NA	NA	0	0	0	1	NA	NA	NA	NA	NA
1_3536	4166108	4167781	1674	1	0.456	11	TAAA	GENOMAD.001874.CC	1.052e-76	271	0	0	0	1	NA	NA	NA	NA	NA
1_3537	4167961	4168059	99	1	0.313	11	AAAAA	NA	NA	NA	0	0	0	1	NA	NA	NA	NA	NA
1_3538	4168016	4169569	1554	1	0.479	11	TAA	NA	NA	NA	0	0	0	1	NA	NA	NA	NA	NA
1_3539	4169640	4171466	1827	-1	0.522	11	TAAA	GENOMAD.170143.VC	2.102e-60	224	0	0	0	2561	Caudoviricetes	NA	NA	PF14582;PF16655;COG3540;K22390;TIGR03729	Phosphodiesterase/alkaline phosphatase D
1_3540	4171493	4173073	1581	-1	0.560	11	TAAAAA	GENOMAD.032820.CC	1.534e-55	207	0	0	0	1	NA	NA	NA	PF12969;PF12970;PF01841	Transglutaminase-like superfamily
1_3541	4173089	4175026	1938	-1	0.556	11	TAA	GENOMAD.125942.CP	1.377e-253	790	0	0	0	1	NA	NA	NA	PF12969;PF01841;PF12970;COG2162	Transglutaminase-like superfamily
1_3542	4175430	4175891	462	-1	0.424	11	TAAA	NA	NA	NA	0	0	0	1	NA	NA	NA	NA	NA
1_3543	4176699	4178072	1374	-1	0.539	11	TAAA	NA	NA	NA	0	0	0	1	NA	NA	NA	NA	NA
1_3544	4178270	4179748	1479	1	0.549	11	TAAA	NA	NA	NA	0	0	0	1	NA	NA	NA	NA	NA
1_3545	4179778	4180458	681	1	0.520	11	AAAAA	GENOMAD.169520.CP	4.495e-60	208	0	0	0	1	NA	NA	NA	NA	NA
1_3546	4180489	4180869	381	1	0.499	11	TAAAAA	NA	NA	NA	0	0	0	1	NA	NA	NA	NA	NA
1_3547	4181035	4181541	507	1	0.513	11	TAAAA	NA	NA	NA	0	0	0	1	NA	NA	NA	NA	NA
1_3548	4181550	4181690	141	1	0.397	11	AACAA	NA	NA	NA	0	0	0	1	NA	NA	NA	NA	NA
1_3549	4181636	4183603	1968	1	0.551	11	AAA	NA	NA	NA	0	0	0	1	NA	NA	NA	NA	NA
1_3550	4183704	4184477	774	-1	0.550	11	TAA	GENOMAD.137595.CP	3.037e-10	63	0	0	0	1	NA	NA	NA	PF00756;PF09985;TIGR02821;K03930;COG2819	S-formylglutathione hydrolase
1_3551	4184490	4184675	186	-1	0.435	11	TAA	NA	NA	NA	0	0	0	1	NA	NA	NA	NA	NA
1_3552	4184679	4186364	1686	-1	0.482	11	TAA	GENOMAD.074877.CP	3.483e-08	59	0	0	0	1	NA	NA	NA	PF03572;PF18294;COG0793;K03797;TIGR00225	C-terminal processing protease CtpA/Prc, contains a PDZ domain
1_3553	4186409	4187398	990	-1	0.433	11	AAAAA	GENOMAD.133066.CP	3.824e-28	119	0	0	0	1	NA	NA	NA	PF00294;K00892;COG0524;TIGR04382	Sugar or nucleoside kinase, ribokinase family
1_3554	4187785	4190247	2463	-1	0.513	11	TAAAAA	GENOMAD.154446.CP	3.642e-09	63	0	0	0	1	NA	NA	NA	PF07944;COG3533;K09955	Beta-L-arabinofuranosidase, GH127
1_3555	4190249	4192999	2751	-1	0.507	11	TAAA	GENOMAD.034328.CC	6.214e-193	627	0	0	0	1	NA	NA	NA	PF18951	NA
1_3556	4193267	4194574	1308	-1	0.486	11	TAAA	NA	NA	NA	0	0	0	1	NA	NA	NA	NA	NA
1_3557	4194593	4196572	1980	-1	0.501	11	TAA	GENOMAD.126998.CP	1.072e-19	97	0	0	0	1	NA	NA	NA	PF12771;K21572	Starch-binding associating with outer membrane
1_3558	4196584	4199754	3171	-1	0.455	11	TAAA	GENOMAD.124336.CP	1.545e-10	68	0	0	0	1	NA	NA	NA	PF14905;PF07715;PF00576;TIGR01783;K19611;COG4772	TonB-dependent siderophore receptor
1_3559	4200075	4204103	4029	1	0.414	11	TAA	GENOMAD.129921.CP	1.363e-08	62	0	0	0	1	NA	NA	NA	PF16819;PF19193;COG3292;K19693	Periplasmic ligand-binding sensor domain
1_3560	4204335	4205087	753	1	0.412	11	TAA	GENOMAD.063532.CP	0.0001687	45	0	0	0	1	NA	NA	NA	PF04055;COG1313;TIGR04337;K04069	Uncharacterized Fe-S protein PflX, radical SAM superfamily
1_3561	4205084	4205326	243	1	0.420	11	AAAAA	NA	NA	NA	0	0	0	1	NA	NA	NA	NA	NA
1_3562	4205277	4207133	1857	1	0.429	11	None	GENOMAD.133359.CP	3.103e-14	79	0	0	0	1	NA	NA	NA	PF02901;K23121;TIGR04394;COG1882	choline trimethylamine-lyase
1_3563	4207146	4208465	1320	1	0.434	11	TAAA	NA	NA	NA	0	0	0	1	NA	NA	NA	NA	NA
1_3564	4208501	4209631	1131	1	0.431	11	TAAAAA	NA	NA	NA	0	0	0	1	NA	NA	NA	NA	NA
1_3565	4209628	4211703	2076	1	0.465	11	TAAA	GENOMAD.166603.CP	9.818e-19	94	0	0	0	1	NA	NA	NA	K09955;COG3533	Uncharacterized conserved protein, DUF1680 family
1_3566	4211807	4212088	282	1	0.433	11	TAA	GENOMAD.168071.CP	1.047e-08	53	0	0	0	1	NA	NA	NA	PF03992;K11530;COG1359;TIGR03792	Quinol monooxygenase YgiN
1_3567	4212138	4212830	693	-1	0.437	11	AAAAA	GENOMAD.083127.CP	1.817e-08	57	0	0	0	1	NA	NA	NA	PF15610;COG1040;K02242;TIGR00201	Predicted amidophosphoribosyltransferases
1_3568	4212863	4213669	807	-1	0.460	11	TAAA	GENOMAD.123061.CP	2.137e-17	85	0	0	0	1	NA	NA	NA	PF00459;K01092;COG0483;TIGR02067	Archaeal fructose-1,6-bisphosphatase or related enzyme of inositol monophosphatase family
1_3569	4213772	4214497	726	1	0.435	11	TAAAAA	GENOMAD.206932.CP	1.117e-19	91	0	0	0	1	NA	NA	NA	PF06178	Oligogalacturonate-specific porin protein (KdgM)
1_3570	4214575	4216065	1491	-1	0.461	11	TAAA	NA	NA	NA	0	0	0	1	NA	NA	NA	NA	NA
1_3571	4216092	4217222	1131	-1	0.390	11	TAAAAA	GENOMAD.141957.CP	2.569e-17	87	0	0	0	1	NA	NA	NA	PF16287;TIGR03866	6-bladed beta-propeller
1_3572	4217231	4218424	1194	-1	0.418	11	TAAA	GENOMAD.196911.CP	1.705e-18	91	0	0	0	1	NA	NA	NA	PF16287	6-bladed beta-propeller
1_3573	4218565	4219326	762	-1	0.475	11	None	GENOMAD.223667.VP	5.722e-40	151	0	0	0	2561	Caudoviricetes	NA	NA	PF13641;COG4092;TIGR03472	Glycosyltransferase like family 2
1_3574	4219317	4219919	603	-1	0.463	11	AATAA	GENOMAD.218614.PC	6.021e-71	238	0	0	0	1	NA	NA	NA	PF05147	Lanthionine synthetase C-like protein
1_3575	4219951	4220577	627	-1	0.467	11	TATAA	NA	NA	NA	0	0	0	1	NA	NA	NA	NA	NA
1_3576	4220574	4222379	1806	-1	0.427	11	AATAA	NA	NA	NA	0	0	0	1	NA	NA	NA	NA	NA
1_3577	4222493	4223740	1248	-1	0.336	11	None	GENOMAD.195124.CP	0.0002114	46	0	0	0	1	NA	NA	NA	PF13186;TIGR04193;COG0535;K22227	SPASM domain peptide maturase, grasp-with-spasm system
1_3578	4223740	4224966	1227	-1	0.351	11	AAAAA	NA	NA	NA	0	0	0	1	NA	NA	NA	NA	NA
1_3579	4224980	4225225	246	-1	0.301	11	TAAAA	NA	NA	NA	0	0	0	1	NA	NA	NA	NA	NA
1_3580	4225232	4226512	1281	-1	0.346	11	TAA	GENOMAD.196911.CP	6.203e-10	64	0	0	0	1	NA	NA	NA	PF16287	6-bladed beta-propeller
1_3581	4226644	4226886	243	-1	0.350	11	TAAAAA	NA	NA	NA	0	0	0	1	NA	NA	NA	NA	NA
1_3582	4226935	4228077	1143	-1	0.350	11	TAA	NA	NA	NA	0	0	0	1	NA	NA	NA	NA	NA
1_3583	4228401	4229750	1350	1	0.364	11	TAA	GENOMAD.218614.PC	1.574e-27	120	0	0	0	1	NA	NA	NA	PF05147	Lanthionine synthetase C-like protein
1_3584	4229811	4230926	1116	-1	0.363	11	TAAA	GENOMAD.196911.CP	1.958e-39	154	0	0	0	1	NA	NA	NA	PF16287	6-bladed beta-propeller
1_3585	4230948	4232165	1218	-1	0.374	11	TAAA	NA	NA	NA	0	0	0	1	NA	NA	NA	NA	NA
1_3586	4232223	4233473	1251	-1	0.400	11	TAAA	GENOMAD.196911.CP	1.087e-13	76	0	0	0	1	NA	NA	NA	PF16287	6-bladed beta-propeller
1_3587	4233657	4234964	1308	-1	0.336	11	TAA	GENOMAD.031966.CC	2.757e-19	94	0	0	0	1	NA	NA	NA	PF16287	6-bladed beta-propeller
1_3588	4235128	4235493	366	-1	0.336	11	TAA	NA	NA	NA	0	0	0	1	NA	NA	NA	NA	NA
1_3589	4235894	4237114	1221	-1	0.354	11	TAAAAA	NA	NA	NA	0	0	0	1	NA	NA	NA	NA	NA
1_3590	4237126	4238610	1485	-1	0.374	11	TAAA	NA	NA	NA	0	0	0	1	NA	NA	NA	NA	NA
1_3591	4238607	4239806	1200	-1	0.367	11	TAA	GENOMAD.031966.CC	6.767e-17	86	0	0	0	1	NA	NA	NA	PF16287	6-bladed beta-propeller
1_3592	4239877	4240128	252	-1	0.413	11	TAA	NA	NA	NA	0	0	0	1	NA	NA	NA	NA	NA
1_3593	4240227	4240496	270	-1	0.356	11	TATAA	NA	NA	NA	0	0	0	1	NA	NA	NA	NA	NA
1_3594	4240623	4241825	1203	-1	0.367	11	TAA	GENOMAD.031966.CC	3.291e-17	87	0	0	0	1	NA	NA	NA	PF16287	6-bladed beta-propeller
1_3595	4241896	4242147	252	-1	0.413	11	TAA	NA	NA	NA	0	0	0	1	NA	NA	NA	NA	NA
1_3596	4242182	4243429	1248	-1	0.386	11	AAA	GENOMAD.147027.CP	3.004e-06	52	0	0	0	1	NA	NA	NA	PF11440;K20999;TIGR04063;COG0381	PEP-CTERM/exosortase A-associated glycosyltransferase, Daro_2409 family
1_3597	4243426	4243812	387	-1	0.354	11	None	NA	NA	NA	0	0	0	1	NA	NA	NA	NA	NA
1_3598	4244346	4245482	1137	-1	0.402	11	TAAA	GENOMAD.039115.CC	1.319e-219	677	0	0	0	1	NA	NA	NA	PF13970	NA
1_3599	4245503	4246630	1128	-1	0.383	11	TAAA	GENOMAD.177190.CP	1.106e-16	85	0	0	0	1	NA	NA	NA	PF16287	6-bladed beta-propeller
1_3600	4246966	4247487	522	1	0.443	11	AAAAA	GENOMAD.190437.CP	8.633e-17	80	0	0	0	1	NA	NA	NA	PF09538;COG4640;K21463;TIGR04104	Uncharacterized membrane protein YvbJ
1_3601	4247527	4250535	3009	1	0.474	11	AAAA	GENOMAD.000419.CC	2.011e-116	404	0	0	0	2561	Caudoviricetes	NA	NA	PF07079;PF13429;PF09477;TIGR02917;COG5107;K12600	putative PEP-CTERM system TPR-repeat lipoprotein
1_3602	4250542	4252245	1704	1	0.454	11	AATAA	GENOMAD.009472.CC	1.071e-137	450	0	0	0	1	NA	NA	NA	PF14905;TIGR01779	TonB-dependent vitamin B12 receptor
1_3603	4252366	4254711	2346	1	0.471	11	TAA	NA	NA	NA	0	0	0	1	NA	NA	NA	NA	NA
1_3604	4254745	4255854	1110	1	0.413	11	TAAAAA	GENOMAD.192431.VV	3.436e-204	632	0	0	0	2561	Caudoviricetes	NA	NA	PF16130;TIGR04456	LruC domain
1_3605	4255955	4257796	1842	-1	0.478	11	TAA	NA	NA	NA	0	0	0	1	NA	NA	NA	NA	NA
1_3606	4257836	4258108	273	-1	0.385	11	TAA	NA	NA	NA	0	0	0	1	NA	NA	NA	NA	NA
1_3607	4258356	4259030	675	1	0.453	11	TAA	GENOMAD.001990.CC	1.649e-08	57	0	0	0	1	NA	NA	NA	PF04511;PF13453;COG5291;K13989;TIGR03902	Predicted membrane protein
1_3608	4259011	4259910	900	1	0.492	11	AAAAA	GENOMAD.136488.CP	4.648e-09	60	0	0	0	1	NA	NA	NA	COG5291	Predicted membrane protein
1_3609	4259914	4261011	1098	1	0.485	11	TAA	GENOMAD.153558.CP	3.634e-39	153	0	0	0	1	NA	NA	NA	PF19580;COG3021;K18353;TIGR03395	Uncharacterized conserved protein YafD, endonuclease/exonuclease/phosphatase (EEP) superfamily
1_3610	4261825	4264848	3024	1	0.478	11	TAAA	NA	NA	NA	0	0	0	1	NA	NA	NA	NA	NA
1_3611	4265498	4267348	1851	1	0.497	11	TAAA	NA	NA	NA	0	0	0	1	NA	NA	NA	NA	NA
1_3612	4267352	4268362	1011	1	0.491	11	AATAA	GENOMAD.084812.CP	4.821e-07	54	0	0	0	1	NA	NA	NA	NA	NA
1_3613	4268456	4269325	870	-1	0.466	11	AAGAA	NA	NA	NA	0	0	0	1	NA	NA	NA	NA	NA
1_3614	4269451	4270104	654	-1	0.445	11	TAAAA	NA	NA	NA	0	0	0	1	NA	NA	NA	NA	NA
1_3615	4270370	4271977	1608	1	0.434	11	TAA	GENOMAD.181794.CP	7.497e-05	48	0	0	0	1	NA	NA	NA	PF01293;TIGR00224;K01610;COG1866	phosphoenolpyruvate carboxykinase (ATP)
1_3616	4272120	4273844	1725	-1	0.403	11	TAAAA	NA	NA	NA	0	0	0	1	NA	NA	NA	NA	NA
1_3617	4274567	4277845	3279	1	0.435	11	AACAA	GENOMAD.128893.CP	8.608e-08	59	0	0	0	1	NA	NA	NA	PF14905;PF07715;PF00576;K19611;TIGR04056;COG4774	TonB-linked outer membrane protein, SusC/RagA family
1_3618	4277858	4279858	2001	1	0.426	11	TAA	GENOMAD.130486.CP	9.836e-12	71	0	0	0	1	NA	NA	NA	PF12771;K21572	Starch-binding associating with outer membrane
1_3619	4280917	4284072	3156	1	0.464	11	AATAA	GENOMAD.121280.CP	7.64e-11	69	0	0	0	1	NA	NA	NA	PF14905;PF07715;K16089;TIGR01779;COG4206	TonB-dependent vitamin B12 receptor
1_3620	4284101	4285954	1854	1	0.471	11	TAAAAA	GENOMAD.130289.CP	3.728e-15	82	0	0	0	2561	Caudoviricetes	NA	NA	PF12741;K21572	Susd and RagB outer membrane lipoprotein
1_3621	4285991	4286467	477	1	0.453	11	TAA	GENOMAD.019045.CC	2.742e-51	179	0	0	0	1	NA	NA	NA	PF19755	NA
1_3622	4286691	4288508	1818	1	0.463	11	TAA	NA	NA	NA	0	0	0	1	NA	NA	NA	NA	NA
1_3623	4288521	4289648	1128	1	0.472	11	TAA	GENOMAD.147684.CP	3.407e-13	74	0	0	0	1	NA	NA	NA	PF16401;COG4299;K07148	Predicted acyltransferase
1_3624	4289694	4292741	3048	1	0.497	11	AACAA	GENOMAD.030548.CC	6.757e-313	981	0	0	0	1	NA	NA	NA	PF19543;TIGR02403;COG3017	Melibiase
1_3625	4292836	4295325	2490	1	0.487	11	AATAA	GENOMAD.176514.CP	1.674e-12	74	0	0	0	1	NA	NA	NA	NA	Acid trehalase
1_3626	4296362	4299622	3261	1	0.471	11	AACAA	GENOMAD.193966.CP	3.451e-07	57	0	0	0	1	NA	NA	NA	COG4772;K19611	Outer membrane receptor for Fe3+-dicitrate
1_3627	4299637	4301664	2028	1	0.456	11	TAAAAA	GENOMAD.130226.CP	4.095e-11	69	0	0	0	2561	Caudoviricetes	NA	NA	PF12771;K21572	Starch-binding associating with outer membrane
1_3628	4301893	4303692	1800	-1	0.444	11	AATAA	NA	NA	NA	0	0	0	1	NA	NA	NA	NA	NA
1_3629	4303848	4304117	270	1	0.404	11	TAA	GENOMAD.056361.CP	9.732e-23	93	1	0	0	1	NA	NA	NA	PF00312;TIGR00952;COG0184	ribosomal protein S15, bacterial/organelle
1_3630	4304276	4304851	576	1	0.458	11	AAAA	NA	NA	NA	0	0	0	1	NA	NA	NA	NA	NA
1_3631	4304851	4306536	1686	1	0.456	11	None	NA	NA	NA	0	0	0	1	NA	NA	NA	NA	NA
1_3632	4306594	4307610	1017	-1	0.452	11	TAA	GENOMAD.117361.CP	0.0003074	45	0	0	0	1	NA	NA	NA	PF14501;PF01584;PF01627;K03407;COG0643;TIGR01924	Chemotaxis protein histidine kinase CheA
1_3633	4307942	4309177	1236	1	0.549	11	TAAAAA	GENOMAD.057710.VV	1.376e-15	82	0	0	1	2561	Caudoviricetes	NA	NA	PF00589;PF04860;K07358;TIGR01537	Phage integrase family; Phage portal protein
1_3634	4309189	4309551	363	1	0.556	11	TAAAAA	NA	NA	NA	0	0	0	1	NA	NA	NA	NA	NA
1_3635	4309631	4309936	306	-1	0.569	11	None	NA	NA	NA	0	0	0	1	NA	NA	NA	NA	NA
1_3636	4309976	4310233	258	-1	0.620	11	AAAAA	NA	NA	NA	0	0	0	1	NA	NA	NA	NA	NA
1_3637	4310484	4311248	765	-1	0.576	11	AAA	NA	NA	NA	0	0	0	1	NA	NA	NA	NA	NA
1_3638	4311286	4312863	1578	1	0.584	11	TAAA	GENOMAD.190178.PC	0.0002984	46	0	0	0	1	NA	NA	NA	PF13351;PF13101	NA
1_3639	4312923	4315013	2091	1	0.591	11	AAAA	NA	NA	NA	0	0	0	1	NA	NA	NA	NA	NA
1_3640	4315177	4315629	453	1	0.563	11	TAA	GENOMAD.197009.PC	3.713e-27	109	0	0	0	2561	Caudoviricetes	NA	NA	PF08989	NA
1_3641	4315619	4321459	5841	1	0.550	11	None	GENOMAD.208926.PC	3.378e-07	58	0	0	0	1	NA	NA	NA	NA	NA
1_3642	4321646	4321954	309	-1	0.337	11	TAA	NA	NA	NA	0	0	0	1	NA	NA	NA	NA	NA
1_3643	4322043	4322420	378	1	0.413	11	TAAAA	GENOMAD.192237.CP	0.000969	40	0	0	0	1	NA	NA	NA	PF07080;K01822;COG3558;TIGR02096	Uncharacterized conserved protein, nuclear transport factor 2 (NTF2) superfamily
1_3644	4322432	4323289	858	1	0.406	11	TAA	NA	NA	NA	0	0	0	1	NA	NA	NA	NA	NA
1_3645	4323764	4324726	963	-1	0.433	11	TAAAAA	GENOMAD.146326.VP	3.152e-71	245	0	0	1	2561	Caudoviricetes	NA	NA	PF09588;TIGR03033;COG5377;K01143	putative phage-type endonuclease
1_3646	4324784	4325584	801	1	0.345	11	None	NA	NA	NA	0	0	0	1	NA	NA	NA	NA	NA
1_3647	4325871	4327796	1926	1	0.381	11	TAA	NA	NA	NA	0	0	0	1	NA	NA	NA	NA	NA
1_3648	4327796	4330114	2319	1	0.454	11	AAA	NA	NA	NA	0	0	0	1	NA	NA	NA	NA	NA
1_3649	4330107	4331429	1323	1	0.512	11	AAAA	NA	NA	NA	0	0	0	1	NA	NA	NA	NA	NA
1_3650	4331538	4332122	585	1	0.477	11	None	NA	NA	NA	0	0	0	1	NA	NA	NA	NA	NA
1_3651	4332333	4332950	618	1	0.511	11	AAA	NA	NA	NA	0	0	0	1	NA	NA	NA	NA	NA
1_3652	4333100	4334557	1458	1	0.488	11	None	NA	NA	NA	0	0	0	1	NA	NA	NA	NA	NA
1_3653	4334560	4336554	1995	1	0.320	11	TAAAAA	NA	NA	NA	0	0	0	1	NA	NA	NA	NA	NA
1_3654	4336517	4336648	132	1	0.356	11	TAAA	NA	NA	NA	0	0	0	1	NA	NA	NA	NA	NA
1_3655	4336668	4338677	2010	-1	0.527	11	AAAA	NA	NA	NA	0	0	0	1	NA	NA	NA	NA	NA
1_3656	4338710	4339960	1251	-1	0.580	11	AAA	NA	NA	NA	0	0	0	1	NA	NA	NA	NA	NA
1_3657	4339939	4340364	426	-1	0.516	11	TAAA	NA	NA	NA	0	0	0	1	NA	NA	NA	NA	NA
1_3658	4340787	4341836	1050	1	0.550	11	AACAA	NA	NA	NA	0	0	0	1	NA	NA	NA	NA	NA
1_3659	4341839	4342279	441	1	0.574	11	None	NA	NA	NA	0	0	0	1	NA	NA	NA	NA	NA
1_3660	4342282	4342629	348	1	0.572	11	None	GENOMAD.206917.CP	4.216e-59	199	0	0	0	1	NA	NA	NA	NA	NA
1_3661	4342651	4343379	729	1	0.565	11	AAAAA	NA	NA	NA	0	0	0	1	NA	NA	NA	NA	NA
1_3662	4343578	4343889	312	1	0.571	11	AACAA	NA	NA	NA	0	0	0	1	NA	NA	NA	NA	NA
1_3663	4343900	4344232	333	1	0.541	11	AATAA	GENOMAD.194837.PC	4.468e-48	167	0	0	0	1	NA	B_traF	NA	PF13571	NA
1_3664	4344229	4346733	2505	1	0.572	11	AAA	GENOMAD.183332.PC	9.29e-17	88	0	0	0	1	NA	NA	NA	PF12991;TIGR03783	Bacteroides conjugation system ATPase, TraG family
1_3665	4346784	4347164	381	1	0.572	11	AAAAA	NA	NA	NA	0	0	0	1	NA	NA	NA	NA	NA
1_3666	4347188	4347415	228	1	0.548	11	TAAA	NA	NA	NA	0	0	0	1	NA	NA	NA	NA	NA
1_3667	4347394	4347534	141	-1	0.447	11	TAA	NA	NA	NA	0	0	0	1	NA	NA	NA	NA	NA
1_3668	4347936	4349771	1836	1	0.368	11	AATAA	NA	NA	NA	0	0	0	1	NA	NA	NA	NA	NA
1_3669	4349764	4350300	537	1	0.544	11	AAAAA	NA	NA	NA	0	0	0	1	NA	NA	NA	NA	NA
1_3670	4350304	4351308	1005	1	0.593	11	AAA	NA	NA	NA	0	0	0	1	NA	NA	NA	NA	NA
1_3671	4351339	4351962	624	1	0.561	11	TAAA	NA	NA	NA	0	0	0	1	NA	NA	NA	NA	NA
1_3672	4351968	4352276	309	1	0.502	11	AAA	GENOMAD.216326.PC	3.012e-09	55	0	0	0	1	NA	B_traL	NA	PF13150	Conjugative transposon protein TraL
1_3673	4352257	4353606	1350	1	0.591	11	TAA	GENOMAD.051243.PP	0.0001175	47	0	0	0	1	NA	NA	NA	NA	NA
1_3674	4353649	4354635	987	1	0.553	11	TAAAAA	NA	NA	NA	0	0	0	1	NA	NA	NA	NA	NA
1_3675	4354638	4355213	576	1	0.580	11	None	NA	NA	NA	0	0	0	1	NA	NA	NA	NA	NA
1_3676	4355224	4356126	903	1	0.553	11	None	NA	NA	NA	0	0	0	1	NA	NA	NA	NA	NA
1_3677	4356123	4356626	504	1	0.526	11	TAAAAA	NA	NA	NA	0	0	0	1	NA	NA	NA	NA	NA
1_3678	4356605	4357198	594	-1	0.561	11	AAAA	NA	NA	NA	0	0	0	1	NA	NA	NA	NA	NA
1_3679	4357214	4357435	222	-1	0.446	11	AAAAA	NA	NA	NA	0	0	0	1	NA	NA	NA	NA	NA
1_3680	4357553	4357861	309	-1	0.489	11	TAAA	NA	NA	NA	0	0	0	1	NA	NA	NA	NA	NA
1_3681	4357907	4358152	246	-1	0.488	11	AAAA	NA	NA	NA	0	0	0	1	NA	NA	NA	NA	NA
1_3682	4358149	4358382	234	-1	0.521	11	TAA	NA	NA	NA	0	0	0	1	NA	NA	NA	NA	NA
1_3683	4358403	4358660	258	-1	0.465	11	TAA	NA	NA	NA	0	0	0	1	NA	NA	NA	NA	NA
1_3684	4358685	4359974	1290	-1	0.522	11	None	NA	NA	NA	0	0	0	1	NA	NA	NA	NA	NA
1_3685	4359977	4360399	423	-1	0.522	11	TAAAAA	NA	NA	NA	0	0	0	1	NA	NA	NA	NA	NA
1_3686	4360416	4361012	597	-1	0.471	11	TAAA	GENOMAD.221174.VP	4.666e-37	140	0	0	0	2561	Caudoviricetes	NA	NA	NA	NA
1_3687	4361025	4361246	222	-1	0.486	11	TAA	NA	NA	NA	0	0	0	1	NA	NA	NA	NA	NA
1_3688	4361258	4361473	216	-1	0.505	11	AAAAA	NA	NA	NA	0	0	0	1	NA	NA	NA	NA	NA
1_3689	4362443	4363033	591	-1	0.396	11	TAAA	NA	NA	NA	0	0	0	1	NA	NA	NA	NA	NA
1_3690	4363220	4364638	1419	1	0.488	11	TAAA	NA	NA	NA	0	0	0	1	NA	NA	NA	NA	NA
1_3691	4364743	4367244	2502	1	0.466	11	TAAA	GENOMAD.119020.CP	6.138e-120	409	0	0	0	2561	Caudoviricetes	NA	NA	COG4485	Uncharacterized membrane protein YfhO
1_3692	4368414	4369955	1542	-1	0.451	11	AATAA	NA	NA	NA	0	0	0	1	NA	NA	NA	NA	NA
1_3693	4370087	4372036	1950	-1	0.474	11	TAA	GENOMAD.148232.CP	1.001e-15	84	0	0	0	1	NA	NA	NA	PF12771;K21572	Starch-binding associating with outer membrane
1_3694	4372058	4375570	3513	-1	0.436	11	AAAAA	GENOMAD.070063.VV	7.583e-07	56	0	0	0	3032	Kyanoviridae	NA	NA	PF16075	NA
1_3695	4375622	4376602	981	-1	0.399	11	TAAA	NA	NA	NA	0	0	0	1	NA	NA	NA	NA	NA
1_3696	4376732	4377283	552	1	0.397	11	AAA	NA	NA	NA	0	0	0	1	NA	NA	NA	NA	NA
1_3697	4377526	4378764	1239	-1	0.420	11	None	GENOMAD.113310.CP	1.099e-43	168	0	0	0	1	NA	NA	NA	PF12704;PF02687;K09808;TIGR02213;COG4591	lipoprotein releasing system, transmembrane protein LolE
1_3698	4378761	4379093	333	-1	0.417	11	TAA	GENOMAD.000108.CC	2.482e-30	116	1	0	0	1	NA	NA	NA	PF02033;TIGR00082;COG0858	ribosome-binding factor A
1_3699	4379258	4379896	639	-1	0.430	11	None	GENOMAD.171975.VC	0.0002339	44	0	0	0	1	NA	NA	NA	PF04989;TIGR00095;COG4798;K18896	Cephalosporin hydroxylase
1_3700	4379903	4381360	1458	-1	0.438	11	TAAA	NA	NA	NA	0	0	0	1	NA	NA	NA	NA	NA
1_3701	4381388	4381807	420	-1	0.410	11	TAAAAA	NA	NA	NA	0	0	0	1	NA	NA	NA	NA	NA
1_3702	4381881	4382840	960	1	0.397	11	AAAAA	GENOMAD.225071.VP	0.0005674	44	0	0	0	1	NA	NA	NA	PF00589;PF13102;TIGR02225;COG4973;K14059	tyrosine recombinase XerD
1_3703	4383044	4384735	1692	1	0.422	11	TAA	NA	NA	NA	0	0	0	1	NA	NA	NA	NA	NA
1_3704	4384846	4385916	1071	1	0.397	11	AAAA	GENOMAD.121446.CP	2.032e-48	180	0	0	0	1	NA	NA	NA	PF08534;PF14289;TIGR00385;COG0678;K02199	Redoxin
1_3705	4385952	4387490	1539	1	0.472	11	AAAA	GENOMAD.132396.CP	8.504e-06	51	0	0	0	1	NA	NA	NA	PF00493;PF17863;K03405;TIGR02442;COG1239	cobaltochelatase subunit
1_3706	4387495	4389195	1701	1	0.389	11	TAA	GENOMAD.133677.CP	9.089e-17	87	0	0	0	1	NA	NA	NA	PF17874;COG5071;TIGR02521;K15837	MalT-like TPR region
1_3707	4389372	4390571	1200	1	0.397	11	TAA	GENOMAD.196911.CP	6.283e-11	67	0	0	0	1	NA	NA	NA	PF16287	6-bladed beta-propeller
1_3708	4390852	4391298	447	-1	0.315	11	TAA	NA	NA	NA	0	0	0	1	NA	NA	NA	NA	NA
1_3709	4391476	4393185	1710	-1	0.356	11	AAA	GENOMAD.133677.CP	3.175e-15	82	0	0	0	1	NA	NA	NA	PF17874;COG5071;TIGR02521;K15837	MalT-like TPR region
1_3710	4393317	4394402	1086	-1	0.447	11	AAA	GENOMAD.192812.CP	6.523e-08	57	0	0	0	1	NA	NA	NA	PF04055;TIGR04078;K22227;COG2896	peptide modification radical SAM enzyme, YydG family
1_3711	4394392	4394880	489	-1	0.440	11	TAAA	GENOMAD.214772.VC	3.099e-60	205	0	0	0	1	NA	NA	NA	PF12985;TIGR04134	putative lipoprotein, rSAM/lipoprotein system
1_3712	4394979	4397039	2061	-1	0.467	11	TAA	GENOMAD.120770.CP	1.756e-46	183	0	0	0	2561	Caudoviricetes	NA	NA	PF13549;K22224;TIGR01016;COG1042	succinyl-CoA synthetase, beta subunit
1_3713	4397311	4398546	1236	-1	0.396	11	TAA	NA	NA	NA	0	0	0	1	NA	NA	NA	NA	NA
1_3714	4398667	4399830	1164	-1	0.356	11	TAAA	GENOMAD.141957.CP	3.075e-170	535	0	0	0	1	NA	NA	NA	PF16287;TIGR03866	6-bladed beta-propeller
1_3715	4399847	4400737	891	-1	0.416	11	TAAA	NA	NA	NA	0	0	0	1	NA	NA	NA	NA	NA
1_3716	4401059	4402453	1395	-1	0.450	11	TAAA	NA	NA	NA	0	0	0	1	NA	NA	NA	NA	NA
1_3717	4403016	4403951	936	-1	0.355	11	TAAAAA	GENOMAD.109988.CP	1.077e-08	59	0	0	0	1	NA	NA	NA	PF07610	Flagellar-associated PapD-like
1_3718	4404056	4404385	330	1	0.421	11	TAAAAA	NA	NA	NA	0	0	0	1	NA	NA	NA	NA	NA
1_3719	4404396	4405478	1083	1	0.405	11	TAAA	GENOMAD.210284.CP	2.679e-93	311	0	0	0	1	NA	NA	NA	PF15869;TIGR03866	TolB-like 6-blade propeller-like
1_3720	4406162	4406476	315	1	0.378	11	TAAAA	NA	NA	NA	0	0	0	1	NA	NA	NA	NA	NA
1_3721	4406489	4407571	1083	1	0.404	11	TAA	GENOMAD.210284.CP	4.666e-96	319	0	0	0	1	NA	NA	NA	PF15869;TIGR03866	TolB-like 6-blade propeller-like
1_3722	4407735	4409774	2040	1	0.486	11	None	NA	NA	NA	0	0	0	1	NA	NA	NA	NA	NA
1_3723	4409892	4411337	1446	1	0.443	11	None	GENOMAD.151706.CP	1.597e-09	63	0	0	0	1	NA	NA	NA	K16695;COG0728	Peptidoglycan biosynthesis protein MviN/MurJ, putative lipid II flippase
1_3724	4411341	4412525	1185	1	0.441	11	AATAA	NA	NA	NA	0	0	0	1	NA	NA	NA	NA	NA
1_3725	4412538	4413545	1008	1	0.439	11	TAA	NA	NA	NA	0	0	0	1	NA	NA	NA	NA	NA
1_3726	4413548	4414747	1200	1	0.481	11	AATAA	GENOMAD.147027.CP	4.604e-09	61	0	0	0	1	NA	NA	NA	PF11440;K20999;TIGR04063;COG0381	PEP-CTERM/exosortase A-associated glycosyltransferase, Daro_2409 family
1_3727	4414816	4415463	648	1	0.461	11	TAA	NA	NA	NA	0	0	0	1	NA	NA	NA	NA	NA
1_3728	4415491	4416621	1131	-1	0.468	11	TAA	NA	NA	NA	0	0	0	1	NA	NA	NA	NA	NA
1_3729	4416652	4417854	1203	-1	0.474	11	TAA	NA	NA	NA	0	0	0	1	NA	NA	NA	NA	NA
1_3730	4417959	4419224	1266	1	0.463	11	AAAA	GENOMAD.191296.VC	0.0004386	45	0	0	0	1	NA	NA	NA	PF04007;TIGR04015;COG4641;K19002	colanic acid biosynthesis glycosyl transferase WcaC
1_3731	4419217	4419990	774	1	0.487	11	AAAA	NA	NA	NA	0	0	0	1	NA	NA	NA	NA	NA
1_3732	4419924	4420829	906	-1	0.477	11	TAA	NA	NA	NA	0	0	0	1	NA	NA	NA	NA	NA
1_3733	4420979	4421563	585	1	0.434	11	AAAAA	GENOMAD.095386.CP	0.0008173	42	0	0	0	1	NA	NA	NA	PF00254;K09576;TIGR03516;COG1047	peptidyl-prolyl isomerase, gliding motility-associated
1_3734	4421584	4422453	870	1	0.434	11	TAAAA	GENOMAD.054105.CC	1.47e-16	83	0	0	0	1	NA	NA	NA	PF01346;PF16339;COG4238	Outer membrane murein-binding lipoprotein Lpp
1_3735	4422588	4424315	1728	1	0.400	11	TAAAA	NA	NA	NA	0	0	0	1	NA	NA	NA	NA	NA
1_3736	4424372	4424857	486	1	0.440	11	TAA	GENOMAD.127452.CP	4.664e-06	48	0	0	0	1	NA	NA	NA	PF03927;COG3062	NapD protein
1_3737	4424861	4425172	312	1	0.417	11	AATAA	NA	NA	NA	0	0	0	1	NA	NA	NA	NA	NA
1_3738	4425411	4426184	774	-1	0.439	11	TAAAA	GENOMAD.151178.CP	3.637e-17	84	0	0	0	1	NA	NA	NA	PF04397;COG4564;K11614	LytTr DNA-binding domain
1_3739	4426177	4427202	1026	-1	0.421	11	TAA	NA	NA	NA	0	0	0	1	NA	NA	NA	NA	NA
1_3740	4427245	4428534	1290	-1	0.450	11	TAAA	GENOMAD.121802.CP	2.808e-14	78	0	0	0	1	NA	NA	NA	PF02321;TIGR01845;K12340;COG1538	efflux transporter, outer membrane factor (OMF) lipoprotein, NodT family
1_3741	4428537	4431569	3033	-1	0.453	11	TAA	NA	NA	NA	0	0	0	1	NA	NA	NA	NA	NA
1_3742	4431566	4432609	1044	-1	0.427	11	TAAAAA	NA	NA	NA	0	0	0	1	NA	NA	NA	NA	NA
1_3743	4438143	4438415	273	-1	0.392	11	TAAA	NA	NA	NA	0	0	0	1	NA	NA	NA	NA	NA
1_3744	4439346	4439456	111	-1	0.423	11	TAA	NA	NA	NA	0	0	0	1	NA	NA	NA	NA	NA
1_3745	4439453	4440124	672	-1	0.378	11	TAA	NA	NA	NA	0	0	0	1	NA	NA	NA	NA	NA
1_3746	4440197	4440484	288	-1	0.351	11	TAA	NA	NA	NA	0	0	0	1	NA	NA	NA	NA	NA
1_3747	4440582	4441331	750	1	0.447	11	TAAAAA	GENOMAD.170666.CP	0.0003468	44	0	0	0	1	NA	NA	NF033115	PF01427;COG2173	D-ala-D-ala dipeptidase
1_3748	4441340	4442539	1200	1	0.467	11	TAAA	GENOMAD.005430.CC	9.089e-86	291	0	0	0	2561	Caudoviricetes	NA	NA	PF18096;PF09445;TIGR00537;COG2263;K18896	THUMP domain-like; RNA cap guanine-N2 methyltransferase
1_3749	4442585	4442992	408	-1	0.414	11	TAAAAA	NA	NA	NA	0	0	0	1	NA	NA	NA	NA	NA
1_3750	4443009	4444754	1746	-1	0.428	11	TAA	GENOMAD.123514.CP	3.68e-24	111	0	0	0	2561	Caudoviricetes	NA	NA	PF12771;K21572;COG5510	Starch-binding associating with outer membrane
1_3751	4444766	4447957	3192	-1	0.456	11	TAAA	NA	NA	NA	0	0	0	1	NA	NA	NA	NA	NA
1_3752	4448009	4449661	1653	-1	0.494	11	AAAA	NA	NA	NA	0	0	0	1	NA	NA	NA	NA	NA
1_3753	4449685	4451058	1374	-1	0.460	11	TAAA	NA	NA	NA	0	0	0	1	NA	NA	NA	NA	NA
1_3754	4451611	4453218	1608	1	0.455	11	TAA	GENOMAD.222136.CP	4.752e-14	78	0	0	0	1	NA	NA	NA	TIGR02145	Fibrobacter succinogenes major paralogous domain
1_3755	4453244	4454008	765	1	0.484	11	TAAA	GENOMAD.030338.CC	3.939e-56	198	0	0	0	1	NA	NA	NA	PF14848;COG0776;TIGR01201	DNA-binding domain
1_3756	4454178	4456934	2757	-1	0.466	11	TAA	GENOMAD.147295.CP	0.000303	47	0	0	0	1	NA	NA	NA	PF14525;PF12833;K14063;TIGR02297;COG2207	4-hydroxyphenylacetate catabolism regulatory protein HpaA
1_3757	4457014	4458660	1647	-1	0.492	11	TAA	GENOMAD.182732.PC	9.883e-10	64	0	0	0	1	NA	NA	NA	PF02435;TIGR01322;COG1621;K01193	sucrose-6-phosphate hydrolase
1_3758	4458888	4461650	2763	1	0.483	11	TAA	GENOMAD.152082.CP	1.208e-42	173	0	0	0	1	NA	NA	NA	PF00593;PF07715;PF00691;TIGR01782;COG4773;K16089	TonB-dependent receptor
1_3759	4461839	4462771	933	1	0.487	11	TAAAAA	NA	NA	NA	0	0	0	1	NA	NA	NA	NA	NA
1_3760	4463511	4465322	1812	-1	0.471	11	None	GENOMAD.125941.CP	4.714e-09	62	0	0	0	1	NA	NA	NA	PF00924;COG0668;K03442	Small-conductance mechanosensitive channel
1_3761	4465448	4466410	963	1	0.479	11	TAA	GENOMAD.125892.CP	8.973e-43	162	0	0	0	2561	Caudoviricetes	NA	NA	PF01699;K07301;TIGR00367;COG0530	K+-dependent Na+/Ca+ exchanger related-protein
1_3762	4466499	4467635	1137	1	0.434	11	TAAA	NA	NA	NA	0	0	0	1	NA	NA	NA	NA	NA
1_3763	4467641	4469512	1872	1	0.467	11	TAAAA	GENOMAD.111985.VV	4.659e-20	98	0	0	0	2561	Caudoviricetes	NA	NA	PF16898	C-terminal associated domain of TOPRIM
1_3764	4469515	4469967	453	1	0.430	11	AAGAA	GENOMAD.146620.VC	3.686e-05	45	0	0	0	1	NA	NA	NA	PF08218;TIGR00482;COG1057;K00954	nicotinate (nicotinamide) nucleotide adenylyltransferase
1_3765	4469983	4471605	1623	1	0.445	11	TAAA	NA	NA	NA	0	0	0	1	NA	NA	NA	NA	NA
1_3766	4471689	4472312	624	-1	0.441	11	TAAA	GENOMAD.167888.CP	5.737e-11	64	0	0	0	1	NA	NA	NA	PF01569;COG1963	PAP2 superfamily
1_3767	4472428	4473303	876	1	0.413	11	TAA	NA	NA	NA	0	0	0	1	NA	NA	NA	NA	NA
1_3768	4473816	4474004	189	1	0.370	11	TAAA	NA	NA	NA	0	0	0	1	NA	NA	NA	NA	NA
1_3769	4473993	4475033	1041	-1	0.364	11	None	NA	NA	NA	0	0	0	1	NA	NA	NA	NA	NA
1_3770	4475433	4476125	693	1	0.476	11	TAAA	GENOMAD.001096.CC	5.209e-87	286	0	0	0	1	NA	NA	NA	COG2009	Succinate dehydrogenase/fumarate reductase, cytochrome b subunit
1_3771	4476163	4478106	1944	1	0.476	11	TAAA	GENOMAD.000819.CC	6.692e-51	196	0	0	0	1	NA	NA	NA	PF02910	Fumarate reductase flavoprotein C-term
1_3772	4478136	4478891	756	1	0.479	11	TAAA	GENOMAD.087567.CP	1.139e-60	211	0	0	0	1	NA	NA	NA	PF12798;TIGR03290;COG0247;K02691	CoB--CoM heterodisulfide reductase, subunit C
1_3773	4479042	4479887	846	-1	0.416	11	AAAA	NA	NA	NA	0	0	0	1	NA	NA	NA	NA	NA
1_3774	4480288	4481295	1008	-1	0.427	11	TAAAAA	GENOMAD.214345.PC	4.159e-23	104	0	1	0	1	NA	NA	NA	PF13149;PF02402;COG3015;TIGR02747	Fimbrillin-like; Lysis protein
1_3775	4481351	4482316	966	-1	0.464	11	None	NA	NA	NA	0	0	0	1	NA	NA	NA	NA	NA
1_3776	4482323	4483297	975	-1	0.459	11	AAA	NA	NA	NA	0	0	0	1	NA	NA	NA	NA	NA
1_3777	4483644	4484765	1122	-1	0.486	11	None	NA	NA	NA	0	0	0	1	NA	NA	NA	NA	NA
1_3778	4484762	4485166	405	-1	0.417	11	TAA	GENOMAD.126073.CP	9.251e-52	179	0	0	0	1	NA	NA	NA	PF13279;K12500;TIGR02799;COG0824	Thioesterase-like superfamily
1_3779	4485169	4486410	1242	-1	0.492	11	TAA	NA	NA	NA	0	0	0	1	NA	NA	NA	NA	NA
1_3780	4486468	4486926	459	-1	0.449	11	TAA	GENOMAD.170519.CV	6.89e-10	59	0	0	0	1	NA	NA	NA	PF09832;COG3184	Uncharacterized protein, contains DUF2059 domain
1_3781	4487021	4487998	978	1	0.503	11	AAA	NA	NA	NA	0	0	0	1	NA	NA	NA	NA	NA
1_3782	4487991	4488956	966	-1	0.453	11	TAA	GENOMAD.137433.CP	7.362e-189	585	0	0	0	1	NA	NA	NA	PF14378	PAP2 superfamily
1_3783	4488947	4489954	1008	-1	0.452	11	None	NA	NA	NA	0	0	0	1	NA	NA	NA	NA	NA
1_3784	4489976	4490875	900	-1	0.481	11	AATAA	NA	NA	NA	0	0	0	1	NA	NA	NA	NA	NA
1_3785	4490979	4493123	2145	1	0.491	11	TAAA	GENOMAD.154275.VC	9.175e-66	243	0	0	0	2561	Caudoviricetes	NA	NA	PF00773;K12573;TIGR02063;COG0557	ribonuclease R
1_3786	4493966	4494433	468	1	0.340	11	TAAAAA	NA	NA	NA	0	0	0	1	NA	NA	NA	NA	NA
1_3787	4494558	4495520	963	1	0.461	11	TAAA	GENOMAD.026203.CC	1.021e-07	56	0	0	0	1	NA	NA	NA	COG2849	Antitoxin component YwqK of the YwqJK toxin-antitoxin module
1_3788	4495592	4496737	1146	1	0.433	11	TAAA	NA	NA	NA	0	0	0	1	NA	NA	NA	NA	NA
1_3789	4496926	4497411	486	1	0.442	11	TAAA	NA	NA	NA	0	0	0	1	NA	NA	NA	NA	NA
1_3790	4497418	4498014	597	1	0.436	11	TAAAAA	NA	NA	NA	0	0	0	1	NA	NA	NA	NA	NA
1_3791	4498269	4500752	2484	-1	0.503	11	TAA	GENOMAD.176514.CP	4.022e-06	53	0	0	0	1	NA	NA	NA	NA	Acid trehalase
1_3792	4500859	4501332	474	1	0.460	11	None	GENOMAD.152535.CP	2.291e-17	81	0	0	0	2561	Caudoviricetes	NA	NF000261	PF04299;COG2808;TIGR03618;K07734	Predicted FMN-binding regulatory protein PaiB
1_3793	4501436	4502383	948	-1	0.497	11	TAA	GENOMAD.141949.CP	1.115e-08	59	0	0	0	1	NA	NA	NA	NA	NA
1_3794	4502528	4503340	813	-1	0.440	11	AAA	GENOMAD.146309.CP	0.0008507	43	0	0	0	1	NA	NA	NA	PF05677;PF02402;COG2267;TIGR03100;K06889	Lysophospholipase, alpha-beta hydrolase superfamily
1_3795	4503514	4504899	1386	1	0.437	11	AAA	GENOMAD.182098.CP	1.883e-20	98	0	0	0	1	NA	NA	NA	COG5504	Predicted Zn-dependent protease YjaZ, DUF2268 family
1_3796	4505120	4506223	1104	1	0.459	11	AAAAA	NA	NA	NA	0	0	0	1	NA	NA	NA	NA	NA
1_3797	4506392	4507321	930	1	0.452	11	AAA	NA	NA	NA	0	0	0	1	NA	NA	NA	NA	NA
1_3798	4507332	4508165	834	1	0.417	11	TAAA	GENOMAD.126817.CP	7.498e-69	236	0	0	0	1	NA	NA	NA	PF01790;K13292;TIGR00544;COG0682	prolipoprotein diacylglyceryl transferase
1_3799	4508162	4508803	642	1	0.408	11	AAAAA	NA	NA	NA	0	0	0	1	NA	NA	NA	NA	NA
1_3800	4508804	4511419	2616	-1	0.420	11	TAAAAA	NA	NA	NA	0	0	0	1	NA	NA	NA	NA	NA
1_3801	4512808	4515639	2832	1	0.430	11	AACAA	NA	NA	NA	0	0	0	1	NA	NA	NA	NA	NA
1_3802	4515654	4516553	900	1	0.421	11	TAA	NA	NA	NA	0	0	0	1	NA	NA	NA	NA	NA
1_3803	4516870	4517337	468	-1	0.312	11	None	NA	NA	NA	0	0	0	1	NA	NA	NA	NA	NA
1_3804	4517626	4518210	585	1	0.409	11	AATAA	NA	NA	NA	0	0	0	1	NA	NA	NA	NA	NA
1_3805	4518232	4518429	198	1	0.333	11	TAAAAA	NA	NA	NA	0	0	0	1	NA	NA	NA	NA	NA
1_3806	4518738	4519730	993	-1	0.432	11	AAAAA	NA	NA	NA	0	0	0	1	NA	NA	NA	NA	NA
1_3807	4520133	4520714	582	1	0.409	11	TAAA	GENOMAD.162306.VC	0.0001799	44	0	0	0	2561	Caudoviricetes	NA	NA	PF00588;TIGR00185;COG0219;K00556	tRNA (cytidine(34)-2'-O)-methyltransferase
1_3808	4520791	4521390	600	-1	0.387	11	AAAA	GENOMAD.154398.CV	1.28e-70	237	0	0	0	2561	Caudoviricetes	NA	NA	PF14127	NA
1_3809	4521510	4523537	2028	1	0.390	11	TAA	GENOMAD.063467.CC	6.379e-118	397	0	0	0	2561	Caudoviricetes	NA	NA	NA	NA
1_3810	4523595	4524368	774	1	0.433	11	TAAA	GENOMAD.153876.CC	2.782e-107	346	0	0	0	1	NA	NA	NA	PF04055;COG0731;TIGR00048;K22226	Wyosine
1_3811	4524411	4524917	507	1	0.361	11	TAAA	GENOMAD.002080.CC	2.203e-32	125	0	0	0	2561	Caudoviricetes	NA	NA	PF01613;TIGR02296;COG1853	4-hydroxyphenylacetate 3-monooxygenase, reductase component
1_3812	4524938	4526548	1611	1	0.427	11	TAAA	NA	NA	NA	0	0	0	1	NA	NA	NA	NA	NA
1_3813	4526741	4527367	627	-1	0.411	11	None	GENOMAD.146390.CP	1.025e-18	87	0	0	0	1	NA	NA	NA	PF03929;COG3182;K03863	PepSY-associated TM region
1_3814	4527368	4529773	2406	-1	0.434	11	TAAA	GENOMAD.127142.CP	5.838e-47	186	0	0	0	2561	Caudoviricetes	NA	NA	PF14905;PF07715;K16090;TIGR01783;COG4774	TonB-dependent siderophore receptor
1_3815	4529980	4531662	1683	-1	0.436	11	TAA	GENOMAD.130158.CP	1.787e-12	73	0	0	0	1	NA	NA	NA	K03321;COG0659	Sulfate permease or related transporter, MFS superfamily
1_3816	4531924	4532502	579	1	0.415	11	TAAA	GENOMAD.133668.CV	8.351e-05	45	0	0	0	1	NA	NA	NA	PF00301;COG1773;K00348;TIGR02605	Rubredoxin
1_3817	4532587	4534158	1572	-1	0.448	11	TAAA	NA	NA	NA	0	0	0	1	NA	NA	NA	NA	NA
1_3818	4534266	4534664	399	1	0.338	11	AAAAA	NA	NA	NA	0	0	0	1	NA	NA	NA	NA	NA
1_3819	4534671	4536014	1344	1	0.427	11	TAA	NA	NA	NA	0	0	0	1	NA	NA	NA	NA	NA
1_3820	4536088	4537527	1440	1	0.415	11	TAA	GENOMAD.127011.CP	2.459e-263	809	0	0	0	1	NA	NA	NA	PF02113;TIGR00666;COG2027	D-alanyl-D-alanine carboxypeptidase, serine-type, PBP4 family
1_3821	4537584	4539083	1500	-1	0.466	11	AATAA	NA	NA	NA	0	0	0	1	NA	NA	NA	NA	NA
1_3822	4539119	4539418	300	-1	0.443	11	TAAAA	NA	NA	NA	0	0	0	1	NA	NA	NA	NA	NA
1_3823	4539779	4541152	1374	1	0.460	11	TAA	GENOMAD.000877.CC	2.077e-07	56	0	0	0	1	NA	NA	NA	PF08497;TIGR04014;COG1031;K06168	B12-binding domain/radical SAM domain protein, MJ_0865 family
1_3824	4541269	4542687	1419	1	0.448	11	AAAA	GENOMAD.194487.CP	3.593e-14	78	0	0	0	1	NA	NA	NA	PF01120;PF07461;K01206;COG3669	Alpha-L-fucosidase; Nicotine adenine dinucleotide glycohydrolase (NADase)
1_3825	4542750	4544864	2115	1	0.443	11	TAA	NA	NA	NA	0	0	0	1	NA	NA	NA	NA	NA
1_3826	4544949	4546673	1725	-1	0.387	11	TAAA	NA	NA	NA	0	0	0	1	NA	NA	NA	NA	NA
1_3827	4547636	4548853	1218	1	0.357	11	AAAAA	NA	NA	NA	0	0	0	1	NA	NA	NA	NA	NA
1_3828	4548958	4549194	237	1	0.405	11	TAAA	NA	NA	NA	0	0	0	1	NA	NA	NA	NA	NA
1_3829	4549373	4550440	1068	1	0.341	11	TAAA	GENOMAD.182846.CV	4.648e-11	67	0	0	0	1	NA	NA	NA	PF15869	TolB-like 6-blade propeller-like
1_3830	4550898	4551047	150	1	0.333	11	AATAA	NA	NA	NA	0	0	0	1	NA	NA	NA	NA	NA
1_3831	4551019	4551987	969	1	0.393	11	None	NA	NA	NA	0	0	0	1	NA	NA	NA	NA	NA
1_3832	4552118	4553236	1119	1	0.335	11	TAA	GENOMAD.197278.CP	9.976e-35	140	0	0	0	1	NA	NA	NA	PF17170	6-bladed beta-propeller
1_3833	4553233	4553532	300	1	0.350	11	AAA	NA	NA	NA	0	0	0	1	NA	NA	NA	NA	NA
1_3834	4553478	4554248	771	1	0.374	11	TAAA	GENOMAD.182846.CV	5.936e-09	59	0	0	0	1	NA	NA	NA	PF15869	TolB-like 6-blade propeller-like
1_3835	4554579	4555718	1140	1	0.360	11	TAA	NA	NA	NA	0	0	0	1	NA	NA	NA	NA	NA
1_3836	4555822	4556043	222	1	0.428	11	AAAAA	NA	NA	NA	0	0	0	1	NA	NA	NA	NA	NA
1_3837	4556208	4556303	96	-1	0.375	11	TAA	NA	NA	NA	0	0	0	1	NA	NA	NA	NA	NA
1_3838	4556317	4556547	231	1	0.407	11	TAAAAA	NA	NA	NA	0	0	0	1	NA	NA	NA	NA	NA
1_3839	4556666	4557709	1044	1	0.313	11	AATAA	GENOMAD.210284.CP	3.354e-09	61	0	0	0	1	NA	NA	NA	PF15869;TIGR03866	TolB-like 6-blade propeller-like
1_3840	4557715	4558569	855	1	0.343	11	TAAA	GENOMAD.093409.CP	1.904e-09	61	0	0	0	1	NA	NA	NA	PF07610	Flagellar-associated PapD-like
1_3841	4558623	4558742	120	1	0.350	11	TAA	NA	NA	NA	0	0	0	1	NA	NA	NA	NA	NA
1_3842	4558844	4560118	1275	1	0.363	11	AAA	GENOMAD.211651.CP	1.735e-16	85	0	0	0	1	NA	NA	NA	PF16287	6-bladed beta-propeller
1_3843	4560161	4560286	126	1	0.294	11	TAA	NA	NA	NA	0	0	0	1	NA	NA	NA	NA	NA
1_3844	4560283	4562265	1983	1	0.464	11	TAAAAA	NA	NA	NA	0	0	0	1	NA	NA	NA	NA	NA
1_3845	4562415	4563314	900	1	0.458	11	TAAAA	NA	NA	NA	0	0	0	1	NA	NA	NA	NA	NA
1_3846	4563314	4564195	882	1	0.404	11	AAGAA	GENOMAD.075154.CV	5.513e-36	141	0	0	0	1	NA	NA	NA	PF18075;PF02687;K09811;TIGR00439;COG2177	putative protein insertion permease FtsX
1_3847	4564237	4564470	234	1	0.415	11	TAA	GENOMAD.006032.CC	6.676e-14	67	0	0	0	1	NA	NA	NA	PF11297	NA
1_3848	4564477	4565277	801	1	0.428	11	AATAA	GENOMAD.123551.CP	5.175e-48	175	0	0	0	1	NA	NA	NA	COG1968;K06153	Undecaprenyl pyrophosphate phosphatase
1_3849	4565285	4565986	702	1	0.462	11	AATAA	NA	NA	NA	0	0	0	1	NA	NA	NA	NA	NA
1_3850	4566034	4567092	1059	1	0.447	11	TAAA	NA	NA	NA	0	0	0	1	NA	NA	NA	NA	NA
1_3851	4567092	4567553	462	1	0.429	11	TAA	GENOMAD.108390.CV	1.773e-06	49	0	0	0	1	NA	NA	NA	PF01288;COG0801;TIGR01498	7,8-dihydro-6-hydroxymethylpterin-pyrophosphokinase
1_3852	4567533	4567727	195	-1	0.395	11	TAA	NA	NA	NA	0	0	0	1	NA	NA	NA	NA	NA
1_3853	4567934	4569226	1293	1	0.457	11	TAA	NA	NA	NA	0	0	0	1	NA	NA	NA	NA	NA
1_3854	4569366	4569953	588	1	0.459	11	AAA	NA	NA	NA	0	0	0	1	NA	NA	NA	NA	NA
1_3855	4569950	4570777	828	1	0.378	11	TAA	GENOMAD.041822.CC	3.13e-132	419	0	0	0	1	NA	NA	NA	PF14093	NA
1_3856	4570782	4571534	753	1	0.394	11	TAAA	GENOMAD.096072.CV	1.941e-142	447	0	0	0	1	NA	NA	NA	PF02602;COG1587;K13543	Uroporphyrinogen-III synthase
1_3857	4571626	4572006	381	1	0.459	11	TAA	GENOMAD.095031.CV	1.663e-25	103	0	0	0	1	NA	NA	NA	PF00825;TIGR00188;COG0594;K03536	Ribonuclease P
1_3858	4572231	4572866	636	1	0.451	11	None	NA	NA	NA	0	0	0	1	NA	NA	NA	NA	NA
1_3859	4572934	4574226	1293	1	0.433	11	TAAAA	GENOMAD.171925.VC	8.902e-65	231	0	0	0	2561	Caudoviricetes	NA	NA	PF00579;K01866;TIGR00234;COG0162	tyrosyl-tRNA synthetase
1_3860	4574367	4577639	3273	-1	0.476	11	TAA	GENOMAD.130443.CP	2.623e-09	64	0	0	0	1	NA	NA	NA	PF14583;PF10345;K03641;COG0823;TIGR03866	Oligogalacturonate lyase; Cohesin loading factor
1_3861	4578007	4578174	168	1	0.446	11	TAA	NA	NA	NA	0	0	0	1	NA	NA	NA	NA	NA
1_3862	4578466	4580046	1581	1	0.451	11	TAAA	GENOMAD.134238.CP	6.368e-08	58	0	0	0	1	NA	NA	NA	PF16347	NA
1_3863	4580178	4581020	843	1	0.473	11	AATAA	GENOMAD.170246.CP	2.342e-55	197	0	0	0	1	NA	NA	NA	NA	NA
1_3864	4581089	4581883	795	1	0.509	11	TAAA	NA	NA	NA	0	0	0	1	NA	NA	NA	NA	NA
1_3865	4581880	4583151	1272	1	0.502	11	AACAA	GENOMAD.195709.CP	2.996e-10	65	0	0	0	1	NA	NA	NA	PF16153	NA
1_3866	4583340	4584269	930	-1	0.557	11	TAA	GENOMAD.121035.CP	1.695e-06	52	0	0	0	1	NA	NA	NA	PF12798;TIGR00276;COG1600;K18979	epoxyqueuosine reductase
1_3867	4584269	4584883	615	-1	0.524	11	TAA	NA	NA	NA	0	0	0	1	NA	NA	NA	NA	NA
1_3868	4584900	4588262	3363	-1	0.551	11	TAA	GENOMAD.000971.CC	2.083e-320	1008	0	0	0	1	NA	NA	NA	PF11028;PF13525;COG4745;TIGR03663	Predicted membrane-bound mannosyltransferase
1_3869	4588285	4588506	222	-1	0.347	11	TAAAAA	NA	NA	NA	0	0	0	1	NA	NA	NA	NA	NA
1_3870	4588763	4590370	1608	1	0.460	11	TAA	GENOMAD.222136.CP	1.324e-07	57	0	0	0	1	NA	NA	NA	TIGR02145	Fibrobacter succinogenes major paralogous domain
1_3871	4591005	4592600	1596	1	0.462	11	TAA	GENOMAD.206904.VV	3.846e-09	62	0	0	0	2561	Caudoviricetes	NA	NA	NA	NA
1_3872	4592633	4593391	759	1	0.484	11	TAAA	GENOMAD.030338.CC	7.437e-57	200	0	0	0	1	NA	NA	NA	PF14848;COG0776;TIGR01201	DNA-binding domain
1_3873	4593561	4594373	813	-1	0.598	11	TAA	NA	NA	NA	0	0	0	1	NA	NA	NA	NA	NA
1_3874	4594508	4595443	936	-1	0.596	11	AACAA	NA	NA	NA	0	0	0	1	NA	NA	NA	NA	NA
1_3875	4595516	4596280	765	-1	0.553	11	TAA	GENOMAD.110265.CP	3.404e-16	81	0	0	0	2561	Caudoviricetes	NA	NA	PF13578;COG4121;K15461;TIGR00417	tRNA U34 5-methylaminomethyl-2-thiouridine-forming methyltransferase MnmC
1_3876	4596292	4596768	477	-1	0.526	11	TAA	NA	NA	NA	0	0	0	1	NA	NA	NA	NA	NA
1_3877	4596753	4597745	993	-1	0.533	11	None	GENOMAD.035916.CC	1.762e-50	185	0	0	0	1	NA	NA	NA	PF19992	NA
1_3878	4597745	4599019	1275	-1	0.560	11	TAAA	NA	NA	NA	0	0	0	1	NA	NA	NA	NA	NA
1_3879	4599042	4601117	2076	-1	0.525	11	TAA	GENOMAD.124454.CP	4.613e-59	222	0	0	0	2561	Caudoviricetes	NA	NA	K01278;COG1770	Protease II
1_3880	4601349	4602671	1323	-1	0.465	11	AACAA	NA	NA	NA	0	0	0	1	NA	NA	NA	NA	NA
1_3881	4602766	4603665	900	-1	0.487	11	TAGAA	NA	NA	NA	0	0	0	1	NA	NA	NA	NA	NA
1_3882	4603762	4605822	2061	1	0.414	11	TAAAAA	NA	NA	NA	0	0	0	1	NA	NA	NA	NA	NA
1_3883	4605834	4606589	756	1	0.406	11	TAA	NA	NA	NA	0	0	0	1	NA	NA	NA	NA	NA
1_3884	4606963	4607358	396	-1	0.336	11	TAAAAA	NA	NA	NA	0	0	0	1	NA	NA	NA	NA	NA
1_3885	4607628	4610435	2808	-1	0.420	11	AAAAA	GENOMAD.090436.VC	8.315e-26	118	0	0	0	2561	Caudoviricetes	NA	NA	PF00476;COG0749	DNA polymerase I - 3'-5' exonuclease and polymerase domains
1_3886	4610521	4611495	975	1	0.410	11	AAA	NA	NA	NA	0	0	0	1	NA	NA	NA	NA	NA
1_3887	4611501	4612208	708	-1	0.398	11	TAAA	GENOMAD.130302.CV	3.632e-06	50	0	0	0	2561	Caudoviricetes	NA	NA	PF06889	NA
1_3888	4612609	4613511	903	-1	0.413	11	AAA	NA	NA	NA	0	0	0	1	NA	NA	NA	NA	NA
1_3889	4613498	4613836	339	-1	0.425	11	AAAAA	NA	NA	NA	0	0	0	1	NA	NA	NA	NA	NA
1_3890	4613836	4614288	453	-1	0.406	11	TAA	GENOMAD.094199.CP	2.349e-32	124	0	0	0	8016	Inoviridae	NA	NA	PF02580;COG1490;TIGR00256	D-Tyr-tRNAtyr deacylase
1_3891	4614334	4616196	1863	-1	0.421	11	TAA	GENOMAD.171246.VV	0.0003735	46	0	0	0	1	NA	NA	NA	COG3680;TIGR00194	excinuclease ABC, C subunit
1_3892	4616212	4616748	537	-1	0.425	11	TATAA	NA	NA	NA	0	0	0	1	NA	NA	NA	NA	NA
1_3893	4616800	4618677	1878	-1	0.442	11	TAA	GENOMAD.074473.CV	1.915e-220	693	0	0	0	2561	Caudoviricetes	NA	NA	PF13932;PF01134;K03495;TIGR00136;COG0445	glucose-inhibited division protein A
1_3894	4619414	4621105	1692	1	0.368	11	AAA	NA	NA	NA	0	0	0	1	NA	NA	NA	NA	NA
1_3895	4621275	4621637	363	1	0.344	11	TAAA	NA	NA	NA	0	0	0	1	NA	NA	NA	NA	NA
1_3896	4621667	4622890	1224	1	0.353	11	TAA	NA	NA	NA	0	0	0	1	NA	NA	NA	NA	NA
1_3897	4622908	4623288	381	1	0.357	11	TAAAA	NA	NA	NA	0	0	0	1	NA	NA	NA	NA	NA
1_3898	4623449	4623868	420	-1	0.433	11	TAAAAA	GENOMAD.104094.CV	3.038e-74	244	1	0	0	2561	Caudoviricetes	NA	NA	PF02130;COG0319;TIGR00043;K03474	ssRNA-specific RNase YbeY, 16S rRNA maturation enzyme
1_3899	4623882	4625114	1233	-1	0.461	11	TAA	GENOMAD.090255.CP	5.093e-38	151	0	0	0	1	NA	NA	NA	K06374;COG0700	Spore maturation protein SpmB (function unknown)
1_3900	4625221	4625919	699	1	0.454	11	TAAA	GENOMAD.132797.CP	3.465e-47	171	0	0	0	1	NA	NA	NA	COG4335	3-methyladenine DNA glycosylase AlkC
1_3901	4626112	4627140	1029	1	0.504	11	TAAAAA	NA	NA	NA	0	0	0	1	NA	NA	NA	NA	NA
1_3902	4627156	4628652	1497	1	0.459	11	AAAAA	GENOMAD.157955.CP	7.86e-46	177	0	0	0	1	NA	NA	NA	PF16933;TIGR01695;COG0534;K16694	murein biosynthesis integral membrane protein MurJ
1_3903	4628655	4630022	1368	1	0.461	11	TAA	NA	NA	NA	0	0	0	1	NA	NA	NA	NA	NA
1_3904	4630074	4632260	2187	1	0.481	11	TAAA	GENOMAD.129045.CP	6.716e-149	490	0	0	0	2561	Caudoviricetes	NA	NA	PF10459	Peptidase S46
1_3905	4632270	4633133	864	-1	0.497	11	TAA	NA	NA	NA	0	0	0	1	NA	NA	NA	NA	NA
1_3906	4633780	4635723	1944	-1	0.496	11	TAA	NA	NA	NA	0	0	0	1	NA	NA	NA	NA	NA
1_3907	4635785	4636840	1056	-1	0.457	11	AAA	GENOMAD.211857.CP	0.0006687	44	0	0	0	1	NA	NA	NA	PF13350;COG2365;K18045;TIGR01244	Tyrosine phosphatase family
1_3908	4637017	4637937	921	-1	0.467	11	AAAAA	NA	NA	NA	0	0	0	1	NA	NA	NA	NA	NA
1_3909	4637925	4638530	606	-1	0.477	11	AACAA	NA	NA	NA	0	0	0	1	NA	NA	NA	NA	NA
1_3910	4638530	4639060	531	-1	0.478	11	AATAA	NA	NA	NA	0	0	0	1	NA	NA	NA	NA	NA
1_3911	4639162	4640409	1248	1	0.465	11	TAA	NA	NA	NA	0	0	0	1	NA	NA	NA	NA	NA
1_3912	4640578	4640952	375	-1	0.400	11	None	NA	NA	NA	0	0	0	1	NA	NA	NA	NA	NA
1_3913	4641118	4642275	1158	-1	0.465	11	TAA	GENOMAD.147684.CP	6.136e-105	346	0	0	0	1	NA	NA	NA	PF16401;COG4299;K07148	Predicted acyltransferase
1_3914	4642389	4642916	528	1	0.451	11	TAAAAA	GENOMAD.209363.CP	2.874e-08	55	0	0	0	1	NA	NA	NA	PF12568;COG2153;K18815;TIGR04045	Predicted N-acyltransferase, GNAT family
1_3915	4643051	4644256	1206	-1	0.468	11	TAAAAA	GENOMAD.151770.CP	1.255e-160	508	0	0	0	1	NA	NA	NA	PF03786;K01686;TIGR00695;COG1312	mannonate dehydratase
1_3916	4644341	4645153	813	-1	0.482	11	TAA	NA	NA	NA	0	0	0	1	NA	NA	NA	NA	NA
1_3917	4645283	4645927	645	-1	0.442	11	TAAA	NA	NA	NA	0	0	0	1	NA	NA	NA	NA	NA
1_3918	4645990	4646925	936	-1	0.473	11	TAA	NA	NA	NA	0	0	0	1	NA	NA	NA	NA	NA
1_3919	4646932	4648416	1485	-1	0.462	11	TAAA	NA	NA	NA	0	0	0	1	NA	NA	NA	NA	NA
1_3920	4648421	4649149	729	-1	0.468	11	TAAA	GENOMAD.108193.CP	9.17e-26	109	0	0	0	1	NA	NA	NA	PF05173;PF01113;K00215;TIGR02130;COG0289	dihydrodipicolinate reductase
1_3921	4649245	4650513	1269	1	0.477	11	TAA	NA	NA	NA	0	0	0	1	NA	NA	NA	NA	NA
1_3922	4650607	4651167	561	1	0.440	11	AATAA	NA	NA	NA	0	0	0	1	NA	NA	NA	NA	NA
1_3923	4651467	4652402	936	-1	0.504	11	TAAAAA	NA	NA	NA	0	0	0	1	NA	NA	NA	NA	NA
1_3924	4652409	4653629	1221	-1	0.459	11	AATAA	GENOMAD.015163.CC	1.182e-73	256	0	0	0	1	NA	NA	NA	PF02530;COG3203;K14062	Porin subfamily
1_3925	4653860	4654501	642	1	0.456	11	TAAAAA	GENOMAD.168409.CP	4.679e-34	132	0	0	0	1	NA	NA	NA	PF16011	Carbohydrate-binding family 9
1_3926	4654599	4655369	771	-1	0.451	11	TAAA	GENOMAD.000113.CC	7.649e-18	86	0	0	0	1	NA	NA	NA	PF13720	Udp N-acetylglucosamine O-acyltransferase; Domain 2
1_3927	4655389	4656780	1392	-1	0.482	11	AATAA	NA	NA	NA	0	0	0	1	NA	NA	NA	NA	NA
1_3928	4656797	4660000	3204	-1	0.460	11	None	NA	NA	NA	0	0	0	1	NA	NA	NA	NA	NA
1_3929	4660022	4661182	1161	-1	0.442	11	TAAA	NA	NA	NA	0	0	0	1	NA	NA	NA	NA	NA
1_3930	4661523	4664630	3108	-1	0.454	11	AATAA	GENOMAD.145692.CP	4.01e-08	60	0	0	0	1	NA	NA	NA	K01190;COG3250	Beta-galactosidase/beta-glucuronidase
1_3931	4664736	4666658	1923	1	0.436	11	TAAA	GENOMAD.118388.CV	2.225e-130	432	0	0	0	1	NA	NA	NA	COG2372;TIGR04134	NA
1_3932	4666630	4667475	846	1	0.467	11	None	GENOMAD.119022.CV	3.029e-52	188	0	0	0	1	NA	NA	NA	PF11306	NA
1_3933	4667465	4667869	405	-1	0.481	11	None	NA	NA	NA	0	0	0	1	NA	NA	NA	NA	NA
1_3934	4667980	4669455	1476	-1	0.488	11	TAAA	NA	NA	NA	0	0	0	1	NA	NA	NA	NA	NA
1_3935	4670010	4670846	837	-1	0.480	11	AACAA	NA	NA	NA	0	0	0	1	NA	NA	NA	NA	NA
1_3936	4670910	4671587	678	-1	0.342	11	AATAA	NA	NA	NA	0	0	0	1	NA	NA	NA	NA	NA
1_3937	4671597	4672949	1353	-1	0.336	11	AAAAA	NA	NA	NA	0	0	0	1	NA	NA	NA	NA	NA
1_3938	4673099	4673236	138	1	0.297	11	TAAA	NA	NA	NA	0	0	0	1	NA	NA	NA	NA	NA
1_3939	4673308	4674693	1386	1	0.298	11	AATAA	NA	NA	NA	0	0	0	1	NA	NA	NA	NA	NA
1_3940	4674690	4675034	345	1	0.284	11	TAA	NA	NA	NA	0	0	0	1	NA	NA	NA	NA	NA
1_3941	4675031	4675702	672	1	0.292	11	AAGAA	NA	NA	NA	0	0	0	1	NA	NA	NA	NA	NA
1_3942	4675707	4676006	300	1	0.357	11	TAA	NA	NA	NA	0	0	0	1	NA	NA	NA	NA	NA
1_3943	4676214	4677494	1281	1	0.342	11	TAA	NA	NA	NA	0	0	0	1	NA	NA	NA	NA	NA
1_3944	4678434	4679612	1179	1	0.367	11	TAA	GENOMAD.141957.CP	2.94e-45	172	0	0	0	1	NA	NA	NA	PF16287;TIGR03866	6-bladed beta-propeller
1_3945	4679833	4682874	3042	-1	0.446	11	AAA	GENOMAD.045669.VV	7.846e-08	59	0	0	0	2561	Caudoviricetes	NA	NA	PF13871;K20093	C-terminal domain on Strawberry notch homologue
1_3946	4682929	4684020	1092	1	0.429	11	TAA	NA	NA	NA	0	0	0	1	NA	NA	NA	NA	NA
1_3947	4684076	4685587	1512	-1	0.430	11	TAAA	GENOMAD.004839.CC	2.071e-10	66	0	0	0	1	NA	NA	NA	PF03321;K14487	GH3 auxin-responsive promoter
1_3948	4685757	4686767	1011	1	0.458	11	TAAAAA	GENOMAD.133421.CV	4.821e-07	54	0	0	0	1	NA	NA	NA	PF00365;TIGR02477;COG0205;K21071	diphosphate--fructose-6-phosphate 1-phosphotransferase
1_3949	4686786	4687658	873	-1	0.411	11	AATAA	NA	NA	NA	0	0	0	1	NA	NA	NA	NA	NA
1_3950	4687663	4688925	1263	-1	0.460	11	TAA	NA	NA	NA	0	0	0	1	NA	NA	NA	NA	NA
1_3951	4688941	4689177	237	-1	0.401	11	TAAAAA	GENOMAD.088690.VV	0.0001987	40	0	0	0	2561	Caudoviricetes	NA	NA	PF10501;TIGR04069;K14661	peptide maturation system acyl carrier-related protein
1_3952	4689327	4689902	576	1	0.424	11	TAA	GENOMAD.021052.CC	0.0001745	44	0	0	0	1	NA	NA	NA	PF00551;COG0788;K11175;TIGR00655	Formyltetrahydrofolate hydrolase
1_3953	4690031	4691074	1044	-1	0.435	11	AAA	GENOMAD.115218.CP	3.786e-17	86	0	0	0	1	NA	NA	NA	PF11890	NA
1_3954	4691153	4691923	771	1	0.387	11	AAAA	GENOMAD.213392.VC	1.492e-122	390	0	0	0	1	NA	NA	NA	PF13641;TIGR03469;COG1216;K16870	Glycosyltransferase like family 2
1_3955	4691928	4693382	1455	1	0.419	11	TAA	GENOMAD.011721.CC	1.18e-41	164	0	0	0	1	NA	NA	NA	PF04655;COG3642;K06667;TIGR02172	Aminoglycoside/hydroxyurea antibiotic resistance kinase
1_3956	4693373	4694254	882	-1	0.364	11	TAAA	GENOMAD.183707.VC	0.000996	43	0	0	0	2561	Caudoviricetes	NA	NA	PF13641;K16870;TIGR01556;COG4092	Glycosyltransferase like family 2
1_3957	4694288	4695187	900	-1	0.347	11	TAAA	NA	NA	NA	0	0	0	1	NA	NA	NA	NA	NA
1_3958	4695414	4696433	1020	1	0.373	11	TAA	NA	NA	NA	0	0	0	1	NA	NA	NA	NA	NA
1_3959	4696451	4697365	915	1	0.367	11	TAAAA	NA	NA	NA	0	0	0	1	NA	NA	NA	NA	NA
1_3960	4697387	4698385	999	-1	0.356	11	TAAA	GENOMAD.076374.VV	0.0002979	45	0	0	0	2561	Caudoviricetes	NA	NA	PF00535;TIGR04182;COG1216;K22708	Glycosyl transferase family 2
1_3961	4698460	4699695	1236	1	0.357	11	TAA	NA	NA	NA	0	0	0	1	NA	NA	NA	NA	NA
1_3962	4699734	4700732	999	-1	0.350	11	TAAA	NA	NA	NA	0	0	0	1	NA	NA	NA	NA	NA
1_3963	4700959	4702794	1836	1	0.412	11	TAA	NA	NA	NA	0	0	0	1	NA	NA	NA	NA	NA
1_3964	4703013	4703648	636	-1	0.448	11	AAAA	NA	NA	NA	0	0	0	1	NA	NA	NA	NA	NA
1_3965	4703769	4704371	603	1	0.426	11	AAA	NA	NA	NA	0	0	0	1	NA	NA	NA	NA	NA
1_3966	4704971	4705510	540	1	0.443	11	AAAA	GENOMAD.052372.CC	6.824e-06	48	0	0	0	1	NA	NA	NA	PF02224;K13829;TIGR02173;COG0703	cytidylate kinase, putative
1_3967	4705658	4708156	2499	1	0.457	11	TAAAA	NA	NA	NA	0	0	0	1	NA	NA	NA	NA	NA
1_3968	4708163	4709929	1767	1	0.444	11	TAAA	GENOMAD.096147.VV	2.242e-09	63	0	0	0	2561	Caudoviricetes	NA	NA	COG0326;TIGR00585	Molecular chaperone, HSP90 family
1_3969	4709938	4711017	1080	1	0.419	11	TAAA	NA	NA	NA	0	0	0	1	NA	NA	NA	NA	NA
1_3970	4711075	4712967	1893	1	0.441	11	AATAA	GENOMAD.092845.CP	1.742e-214	676	0	0	0	1	NA	NA	NA	PF02784;PF17810;PF17944;COG1166;K01583;TIGR01273	Arginine decarboxylase (spermidine biosynthesis)
1_3971	4713101	4713874	774	1	0.448	11	TAA	GENOMAD.099999.CP	1.998e-75	254	0	0	0	1	NA	NA	NA	PF00696;K00930;TIGR01890;COG0548	amino-acid N-acetyltransferase
1_3972	4713936	4714445	510	1	0.410	11	TAA	NA	NA	NA	0	0	0	1	NA	NA	NA	NA	NA
1_3973	4714429	4714944	516	1	0.422	11	AAA	GENOMAD.191425.CV	2.887e-48	171	0	0	0	1	NA	NA	NA	COG3073	Negative regulator of sigma E activity
1_3974	4714949	4715425	477	1	0.388	11	AATAA	GENOMAD.025757.CC	3.033e-75	248	0	0	0	1	NA	NA	NA	PF14060	NA
1_3975	4715613	4716392	780	-1	0.382	11	AATAA	GENOMAD.126286.CP	1.393e-09	61	0	0	0	1	NA	NA	NA	PF10988	Putative auto-transporter adhesin, head GIN domain
1_3976	4716411	4717145	735	-1	0.380	11	TAAAAA	GENOMAD.169887.CP	2.237e-08	57	0	0	0	1	NA	NA	NA	PF10988	Putative auto-transporter adhesin, head GIN domain
1_3977	4717266	4717964	699	1	0.412	11	TAA	NA	NA	NA	0	0	0	1	NA	NA	NA	NA	NA
1_3978	4718160	4718558	399	-1	0.404	11	TAAA	NA	NA	NA	0	0	0	1	NA	NA	NA	NA	NA
1_3979	4718786	4719766	981	1	0.373	11	TAAAAA	NA	NA	NA	0	0	0	1	NA	NA	NA	NA	NA
1_3980	4719839	4721611	1773	1	0.456	11	AATAA	GENOMAD.166645.CP	0.0	1073	0	0	0	1	NA	NA	NA	PF07882;PF07881;PF02952;K01818;TIGR01089;COG2407	L-fucose isomerase
1_3981	4721630	4722784	1155	1	0.440	11	TAGAA	NA	NA	NA	0	0	0	1	NA	NA	NA	NA	NA
1_3982	4722781	4723419	639	1	0.427	11	TAA	GENOMAD.160295.CP	0.0002339	44	0	0	0	1	NA	NA	NA	PF00596;K01629;TIGR02624;COG0235	rhamnulose-1-phosphate aldolase
1_3983	4723439	4724851	1413	1	0.435	11	TAA	NA	NA	NA	0	0	0	1	NA	NA	NA	NA	NA
1_3984	4724863	4726194	1332	1	0.416	11	TAA	NA	NA	NA	0	0	0	1	NA	NA	NA	NA	NA
1_3985	4726208	4727311	1104	1	0.426	11	TAA	GENOMAD.133677.CP	4.846e-17	86	0	0	0	1	NA	NA	NA	PF17874;COG5071;TIGR02521;K15837	MalT-like TPR region
1_3986	4727482	4728633	1152	1	0.391	11	TAAAAA	GENOMAD.141957.CP	3.893e-21	99	0	0	0	1	NA	NA	NA	PF16287;TIGR03866	6-bladed beta-propeller
1_3987	4728633	4729847	1215	1	0.415	11	AATAA	GENOMAD.049967.CC	0.0004118	45	0	0	0	1	NA	NA	NA	PF17170	6-bladed beta-propeller
1_3988	4729985	4730452	468	1	0.419	11	TAA	GENOMAD.000247.CC	3.058e-40	147	1	0	0	1	NA	NA	NA	PF02576;PF17384;COG0779;K09748	Ribosome maturation factor RimP
1_3989	4730455	4731717	1263	1	0.416	11	TAAA	NA	NA	NA	0	0	0	1	NA	NA	NA	NA	NA
1_3990	4731838	4734888	3051	1	0.441	11	TAAA	GENOMAD.000022.CC	5.179e-108	379	1	0	0	2561	Caudoviricetes	NA	NA	PF11987;PF14578;COG0532	Translation initiation factor IF-2, a GTPase
1_3991	4734963	4735466	504	1	0.415	11	None	GENOMAD.000762.CC	2.952e-88	286	0	0	0	1	NA	NA	NA	PF02674;K03558;COG1286	Uncharacterized membrane protein, required for colicin V production
1_3992	4735472	4736926	1455	1	0.432	11	AATAA	NA	NA	NA	0	0	0	1	NA	NA	NA	NA	NA
1_3993	4736926	4737672	747	1	0.447	11	None	NA	NA	NA	0	0	0	1	NA	NA	NA	NA	NA
1_3994	4737696	4738448	753	1	0.453	11	TAA	NA	NA	NA	0	0	0	1	NA	NA	NA	NA	NA
1_3995	4738445	4739800	1356	1	0.445	11	TAA	NA	NA	NA	0	0	0	1	NA	NA	NA	NA	NA
1_3996	4739812	4741023	1212	1	0.440	11	TAA	NA	NA	NA	0	0	0	1	NA	NA	NA	NA	NA
1_3997	4741285	4741605	321	1	0.433	11	TAAA	NA	NA	NA	0	0	0	1	NA	NA	NA	NA	NA
1_3998	4741691	4743280	1590	-1	0.400	11	TAA	GENOMAD.171978.CP	4.594e-10	65	0	0	0	1	NA	NA	NA	PF16499;PF17801;K20847;COG1649;TIGR04304	Alpha galactosidase A; Alpha galactosidase C-terminal beta sandwich domain
1_3999	4743368	4745212	1845	-1	0.416	11	TAAAAA	GENOMAD.130052.CP	8.61e-12	71	0	0	0	2561	Caudoviricetes	NA	NA	PF12741;K21572	Susd and RagB outer membrane lipoprotein
1_4000	4745227	4748625	3399	-1	0.407	11	TAAAA	GENOMAD.133120.CP	9.61e-05	49	0	0	0	1	NA	NA	NA	K21573;TIGR04056	TonB-linked outer membrane protein, SusC/RagA family
1_4001	4748790	4749938	1149	-1	0.391	11	TAA	GENOMAD.133618.CP	1e-09	63	0	0	0	1	NA	NA	NA	PF04773;PF16220;COG3712	periplasmic ferric-dicitrate binding protein FecR, regulates iron transport through sigma-19
1_4002	4750026	4750568	543	-1	0.407	11	None	NA	NA	NA	0	0	0	1	NA	NA	NA	NA	NA
1_4003	4750803	4753160	2358	-1	0.452	11	None	NA	NA	NA	0	0	0	1	NA	NA	NA	NA	NA
1_4004	4753204	4753758	555	1	0.449	11	TAAAAA	NA	NA	NA	0	0	0	1	NA	NA	NA	NA	NA
1_4005	4753880	4756084	2205	1	0.494	11	TAAA	GENOMAD.088363.CV	1.712e-185	597	0	0	0	2561	Caudoviricetes	NA	NA	K15987;COG3808	Na+ or H+-translocating membrane pyrophosphatase
1_4006	4756665	4757270	606	1	0.485	11	TAAA	NA	NA	NA	0	0	0	1	NA	NA	NA	NA	NA
1_4007	4757282	4758250	969	-1	0.455	11	None	NA	NA	NA	0	0	0	1	NA	NA	NA	NA	NA
1_4008	4758496	4760010	1515	1	0.445	11	TAAA	NA	NA	NA	0	0	0	1	NA	NA	NA	NA	NA
1_4009	4760071	4760652	582	1	0.469	11	None	NA	NA	NA	0	0	0	1	NA	NA	NA	NA	NA
1_4010	4760649	4763615	2967	1	0.452	11	None	GENOMAD.003738.CC	8.186e-05	49	0	0	0	1	NA	NA	NA	K07289;COG3164	Uncharacterized conserved protein YhdP, contains DUF3971 and AsmA2 domains
1_4011	4763711	4765669	1959	-1	0.456	11	TAA	GENOMAD.138195.VC	7.659e-52	199	0	0	0	2561	Caudoviricetes	NA	NA	PF00204;K02622;TIGR01059;COG0187	DNA gyrase, B subunit
1_4012	4765850	4766104	255	-1	0.337	11	TAAAA	GENOMAD.000096.CC	2.298e-12	63	1	0	0	1	NA	NA	NA	PF01649;COG0268;TIGR00029	Ribosomal protein S20
1_4013	4766514	4767242	729	1	0.414	11	AAAA	GENOMAD.002437.CC	2.141e-67	230	0	0	0	1	NA	NA	NA	PF02565;PF11967;TIGR00613;COG1381;K03584	DNA repair protein RecO
1_4014	4767408	4767857	450	-1	0.416	11	TAA	GENOMAD.189423.VC	0.0003672	42	0	0	0	1	NA	NA	NA	PF09424;COG1610;K09117	Uncharacterized conserved protein YqeY
1_4015	4767941	4769251	1311	-1	0.478	11	TAA	NA	NA	NA	0	0	0	1	NA	NA	NA	NA	NA
1_4016	4769278	4770708	1431	-1	0.448	11	TAAA	GENOMAD.000054.CC	5.284e-253	779	0	0	0	1	NA	NA	NA	PF11104;TIGR01174;COG0849;K02662	cell division protein FtsA
1_4017	4770785	4771525	741	-1	0.429	11	AATAA	GENOMAD.005651.CC	1.888e-41	155	0	0	0	1	NA	NA	NA	COG1589;K03589	Cell division septal protein FtsQ
1_4018	4771557	4772951	1395	-1	0.458	11	TAAAA	GENOMAD.089563.CP	1.55e-37	151	1	0	0	1	NA	NA	NA	PF08245;PF02875;K01924;TIGR01082;COG0773	UDP-N-acetylmuramate--L-alanine ligase
1_4019	4772948	4774090	1143	-1	0.451	11	TAAA	GENOMAD.101276.CP	6.805e-91	305	0	0	0	2561	Caudoviricetes	NA	NA	PF02684;K02563;TIGR01133;COG0707	undecaprenyldiphospho-muramoylpentapeptide beta-N-acetylglucosaminyltransferase
1_4020	4774092	4775387	1296	-1	0.463	11	TAAAAA	NA	NA	NA	0	0	0	1	NA	NA	NA	NA	NA
1_4021	4775446	4776780	1335	-1	0.446	11	TAAA	GENOMAD.029368.CC	8.021e-100	334	1	0	0	1	NA	NA	NA	PF08245;PF01225;K01925;TIGR01087;COG0773	UDP-N-acetylmuramoylalanine--D-glutamate ligase
1_4022	4776921	4778189	1269	-1	0.431	11	AATAA	GENOMAD.072605.CV	6.419e-45	172	1	0	0	2561	Caudoviricetes	NA	NA	K01000;COG0472	UDP-N-acetylmuramyl pentapeptide phosphotransferase/UDP-N-acetylglucosamine-1-phosphate transferase
1_4023	4778274	4779731	1458	-1	0.458	11	TAA	GENOMAD.090126.CP	1.133e-11	70	1	0	0	2561	Caudoviricetes	NA	NA	PF08245;PF01225;PF02875;TIGR01081;COG0773;K01924	UDP-N-acetylmuramate:L-alanyl-gamma-D-glutamyl-meso-diaminopimelate ligase
1_4024	4779749	4781872	2124	-1	0.447	11	AATAA	NA	NA	NA	0	0	0	1	NA	NA	NA	NA	NA
1_4025	4781876	4782217	342	-1	0.392	11	AATAA	GENOMAD.020297.CC	1.561e-28	111	0	0	0	1	NA	NA	NA	PF19579;COG4839;TIGR02209	Bacteriodetes cell division protein (FtsL-like)
1_4026	4782246	4783160	915	-1	0.463	11	AACAA	NA	NA	NA	0	0	0	1	NA	NA	NA	NA	NA
1_4027	4783181	4783633	453	-1	0.455	11	AATAA	GENOMAD.069420.CV	4.985e-41	149	0	0	0	1	NA	NA	NA	PF02381;COG2001;K03925;TIGR00242	MraZ, DNA-binding transcriptional regulator and inhibitor of RsmH methyltransferase activity
1_4028	4783740	4784240	501	-1	0.463	11	TAAAAA	NA	NA	NA	0	0	0	1	NA	NA	NA	NA	NA
1_4029	4784388	4784591	204	1	0.324	11	TAAAAA	NA	NA	NA	0	0	0	1	NA	NA	NA	NA	NA
1_4030	4784634	4785023	390	1	0.387	11	AAAA	NA	NA	NA	0	0	0	1	NA	NA	NA	NA	NA
1_4031	4785007	4786056	1050	1	0.381	11	TAAAAA	NA	NA	NA	0	0	0	1	NA	NA	NA	NA	NA
1_4032	4786016	4786561	546	1	0.352	11	AACAA	NA	NA	NA	0	0	0	1	NA	NA	NA	NA	NA
1_4033	4786660	4787166	507	-1	0.416	11	TAAAAA	NA	NA	NA	0	0	0	1	NA	NA	NA	NA	NA
1_4034	4787256	4787696	441	-1	0.408	11	AAA	NA	NA	NA	0	0	0	1	NA	NA	NA	NA	NA
1_4035	4787769	4789928	2160	1	0.471	11	TAA	GENOMAD.127342.CP	1.504e-09	64	0	0	0	2561	Caudoviricetes	NA	NA	PF11854;PF07715;TIGR01776;COG4773;K16090	TonB-dependent lactoferrin and transferrin receptors
1_4036	4789925	4790413	489	1	0.411	11	TAAA	GENOMAD.197904.PC	2.918e-69	231	0	0	0	1	NA	NA	NA	PF15418;COG5567	NA
1_4037	4790672	4791490	819	1	0.425	11	TAAAA	GENOMAD.001545.CC	3.043e-58	205	0	0	0	1	NA	NA	NA	PF19576;COG3176;TIGR00530;K00655	Acyltransferase
1_4038	4791521	4792534	1014	1	0.438	11	AACAA	GENOMAD.001987.CC	4.521e-85	286	0	0	0	1	NA	NA	NA	PF13444;K22310	NA
1_4039	4792506	4793831	1326	-1	0.462	11	TAAA	NA	NA	NA	0	0	0	1	NA	NA	NA	NA	NA
1_4040	4793936	4794370	435	1	0.483	11	TAA	NA	NA	NA	0	0	0	1	NA	NA	NA	NA	NA
1_4041	4794401	4796158	1758	1	0.433	11	AATAA	GENOMAD.115043.CP	4.048e-46	180	0	0	0	1	NA	NA	NA	PF12569;COG5107;TIGR02917;K09667	N-terminal acetyltransferase A, auxiliary subunit
1_4042	4796155	4796742	588	1	0.449	11	AAA	GENOMAD.049837.CC	5.869e-86	281	0	0	0	1	NA	NA	NA	PF14125;COG3017;TIGR00548;K02494	Outer membrane lipoprotein LolB, involved in outer membrane biogenesis
1_4043	4796739	4798052	1314	1	0.483	11	TAAAAA	NA	NA	NA	0	0	0	1	NA	NA	NA	NA	NA
1_4044	4798124	4802113	3990	1	0.476	11	TAAA	GENOMAD.126763.CP	1.819e-16	88	0	0	0	1	NA	NA	NA	PF08450;PF07495;K19693;COG3292	Periplasmic ligand-binding sensor domain
1_4045	4802424	4803500	1077	-1	0.519	11	TAA	NA	NA	NA	0	0	0	1	NA	NA	NA	NA	NA
1_4046	4803693	4804712	1020	-1	0.468	11	TAAAAA	GENOMAD.190205.CP	4.284e-36	143	0	0	0	1	NA	NA	NA	PF03663;COG4833;K08257	Predicted alpha-1,6-mannanase, GH76 family
1_4047	4805143	4806903	1761	-1	0.487	11	AAAA	GENOMAD.145692.CP	5.116e-06	52	0	0	0	1	NA	NA	NA	K01190;COG3250	Beta-galactosidase/beta-glucuronidase
1_4048	4807044	4809080	2037	-1	0.483	11	AAAAA	GENOMAD.154446.CP	2.525e-106	363	0	0	0	1	NA	NA	NA	PF07944;COG3533;K09955	Beta-L-arabinofuranosidase, GH127
1_4049	4809117	4811180	2064	-1	0.486	11	TAAA	GENOMAD.154446.CP	4.911e-94	327	0	0	0	1	NA	NA	NA	PF07944;COG3533;K09955	Beta-L-arabinofuranosidase, GH127
1_4050	4811458	4812564	1107	1	0.467	11	TAA	GENOMAD.038650.CC	0.0007224	44	0	0	0	1	NA	NA	NA	PF03664;COG3940	Beta-xylosidase, GH43 family
1_4051	4812666	4814480	1815	1	0.468	11	TAAA	GENOMAD.146053.CP	1.59e-07	57	0	0	0	2561	Caudoviricetes	NA	NA	PF18368;PF02836;PF02837;PF17786;K15855;COG3250	Beta-galactosidase/beta-glucuronidase
1_4052	4814576	4817083	2508	1	0.474	11	AATAA	GENOMAD.016274.CC	6.258e-209	670	0	0	0	1	NA	NA	NA	PF16335;PF08760;PF17168;PF16334;COG4354;K22268	Uncharacterized protein, contains GBA2_N and DUF608 domains
1_4053	4817452	4821069	3618	-1	0.474	11	TAA	GENOMAD.147511.CP	7.408e-252	812	0	0	0	1	NA	NA	NA	PF16153;PF01074;PF09261;PF17677;K01191;COG0383	Alpha-mannosidase
1_4054	4821414	4824614	3201	1	0.405	11	TAA	GENOMAD.226991.VP	8.957e-05	49	0	0	0	1	NA	NA	NA	PF13529;COG2274	Peptidase_C39 like family
1_4055	4824622	4826469	1848	1	0.394	11	TAA	GENOMAD.130226.CP	3.705e-15	82	0	0	0	2561	Caudoviricetes	NA	NA	PF12771;K21572	Starch-binding associating with outer membrane
1_4056	4826490	4827182	693	1	0.380	11	TAA	GENOMAD.023557.CC	8.327e-45	164	0	0	0	1	NA	NA	NA	PF12866;PF18003;PF16408;TIGR04134;COG3126	putative lipoprotein, rSAM/lipoprotein system
1_4057	4827282	4827707	426	1	0.336	11	TAAA	NA	NA	NA	0	0	0	1	NA	NA	NA	NA	NA
1_4058	4827801	4828778	978	1	0.452	11	TAA	GENOMAD.151274.CP	4.754e-14	76	0	0	0	2561	Caudoviricetes	NA	NA	K15921;COG3940	Beta-xylosidase, GH43 family
1_4059	4829460	4830578	1119	1	0.447	11	TAAAA	GENOMAD.177362.CP	3.851e-114	372	0	0	0	1	NA	NA	NA	PF03663;COG4833;K08257	Predicted alpha-1,6-mannanase, GH76 family
1_4060	4830607	4832769	2163	1	0.464	11	AAA	GENOMAD.027761.CC	1.068e-216	687	0	0	0	1	NA	NA	NA	COG4813	NA
1_4061	4832796	4835276	2481	1	0.472	11	AAAAA	GENOMAD.016274.CC	5.6e-217	693	0	0	0	1	NA	NA	NA	PF16335;PF08760;PF17168;PF16334;COG4354;K22268	Uncharacterized protein, contains GBA2_N and DUF608 domains
1_4062	4835395	4837680	2286	1	0.474	11	TAAA	GENOMAD.145608.CP	2.73e-127	428	0	0	0	2561	Caudoviricetes	NA	NA	COG3537	Putative alpha-1,2-mannosidase
1_4063	4837720	4839186	1467	1	0.466	11	TAAA	NA	NA	NA	0	0	0	1	NA	NA	NA	NA	NA
1_4064	4839329	4840465	1137	1	0.476	11	AAA	NA	NA	NA	0	0	0	1	NA	NA	NA	NA	NA
1_4065	4840813	4841781	969	1	0.451	11	AAAA	GENOMAD.151274.CP	1.523e-26	114	0	0	0	2561	Caudoviricetes	NA	NA	K15921;COG3940	Beta-xylosidase, GH43 family
1_4066	4842520	4843566	1047	1	0.399	11	None	GENOMAD.182846.CV	3.263e-150	475	0	0	0	1	NA	NA	NA	PF15869	TolB-like 6-blade propeller-like
1_4067	4843632	4845011	1380	1	0.455	11	TAAA	GENOMAD.179164.CP	1.891e-247	762	0	0	0	1	NA	NA	NA	PF11396;PF16342	Putative beta-lactamase-inhibitor-like, PepSY-like
1_4068	4845003	4845980	978	-1	0.427	11	AAAAA	NA	NA	NA	0	0	0	1	NA	NA	NA	NA	NA
1_4069	4846191	4848278	2088	1	0.471	11	AATAA	GENOMAD.166603.CP	8.217e-18	91	0	0	0	1	NA	NA	NA	K09955;COG3533	Uncharacterized conserved protein, DUF1680 family
1_4070	4848307	4850706	2400	1	0.476	11	TAAA	NA	NA	NA	0	0	0	1	NA	NA	NA	NA	NA
1_4071	4851050	4852729	1680	1	0.402	11	TAAAA	NA	NA	NA	0	0	0	1	NA	NA	NA	NA	NA
1_4072	4852805	4853881	1077	-1	0.474	11	AAAAA	GENOMAD.152286.CP	1.125e-06	53	0	0	0	1	NA	NA	NA	PF01546;TIGR01910;COG2195;K01439	acetylornithine deacetylase or succinyl-diaminopimelate desuccinylase
1_4073	4854071	4855876	1806	1	0.450	11	TAA	NA	NA	NA	0	0	0	1	NA	NA	NA	NA	NA
1_4074	4856094	4857053	960	1	0.475	11	AAGAA	GENOMAD.110271.CV	1.412e-23	105	0	0	0	2561	Caudoviricetes	NA	NA	NA	NA
1_4075	4857207	4857341	135	1	0.363	11	TAA	NA	NA	NA	0	0	0	1	NA	NA	NA	NA	NA
1_4076	4857458	4858777	1320	1	0.451	11	TAAAAA	GENOMAD.167153.CP	1.187e-25	114	0	0	0	2561	Caudoviricetes	NA	NA	PF07396;K07221;COG3746;TIGR03519	Phosphate-selective porin
1_4077	4858780	4859250	471	1	0.467	11	None	GENOMAD.198050.VC	8.477e-08	53	0	0	0	9067	Straboviridae	NA	NA	COG2954	CYTH domain, found in class IV adenylate cyclase and various triphosphatases
1_4078	4859307	4860602	1296	1	0.434	11	AATAA	NA	NA	NA	0	0	0	1	NA	NA	NA	NA	NA
1_4079	4860773	4862347	1575	1	0.420	11	TAAA	GENOMAD.124336.CP	2.594e-07	56	0	0	0	1	NA	NA	NA	PF14905;PF07715;PF00576;TIGR01783;K19611;COG4772	TonB-dependent siderophore receptor
1_4080	4862301	4863344	1044	1	0.444	11	TAA	GENOMAD.100654.VV	4.427e-06	51	0	0	0	1	NA	NA	NA	NA	NA
1_4081	4863574	4864797	1224	-1	0.507	11	AAGAA	NA	NA	NA	0	0	0	1	NA	NA	NA	NA	NA
1_4082	4864794	4866884	2091	-1	0.494	11	TAA	GENOMAD.196717.CP	2.426e-31	135	0	0	0	1	NA	NA	NA	PF16355	NA
1_4083	4866941	4868476	1536	-1	0.497	11	AACAA	GENOMAD.142037.CP	1.452e-16	86	0	0	0	2561	Caudoviricetes	NA	NA	PF00728;PF02838;COG3525;K12373	N-acetyl-beta-hexosaminidase
1_4084	4868507	4869418	912	-1	0.441	11	TAAAAA	GENOMAD.159705.CP	5.917e-11	66	0	0	0	1	NA	NA	NA	PF00884;COG1524;TIGR03417;K01133	Sulfatase
1_4085	4869439	4870650	1212	-1	0.479	11	TAAAAA	NA	NA	NA	0	0	0	1	NA	NA	NA	NA	NA
1_4086	4870654	4872561	1908	-1	0.432	11	TAA	GENOMAD.171538.CP	3.935e-15	82	0	0	0	1	NA	NA	NA	PF16332;PF07940;K20525;COG5360	Uncharacterized conserved protein, heparinase superfamily
1_4087	4872912	4874759	1848	-1	0.440	11	TAAA	GENOMAD.130226.CP	2.647e-21	102	0	0	0	2561	Caudoviricetes	NA	NA	PF12771;K21572	Starch-binding associating with outer membrane
1_4088	4874777	4878130	3354	-1	0.431	11	TAAA	GENOMAD.126007.CP	1.66e-10	68	0	0	0	1	NA	NA	NA	PF15976;K21573;TIGR04056	TonB-linked outer membrane protein, SusC/RagA family
1_4089	4878494	4880143	1650	1	0.382	11	AAGAA	GENOMAD.158001.CP	0.0003173	46	0	0	0	1	NA	NA	NA	PF20240;PF12833;K13631;COG2207	AraC-type DNA-binding domain and AraC-containing proteins
1_4090	4880219	4882657	2439	-1	0.421	11	TAAA	GENOMAD.126763.CP	3.616e-16	86	0	0	0	1	NA	NA	NA	PF08450;PF07495;K19693;COG3292	Periplasmic ligand-binding sensor domain
1_4091	4882797	4883540	744	-1	0.469	11	TAA	NA	NA	NA	0	0	0	1	NA	NA	NA	NA	NA
1_4092	4883541	4884896	1356	-1	0.513	11	AACAA	GENOMAD.162180.CP	3.174e-82	283	0	0	0	1	NA	NA	NA	PF10091;COG5368	Putative glucoamylase
1_4093	4885057	4887357	2301	-1	0.514	11	TAA	GENOMAD.121860.CP	2.579e-22	106	0	0	0	2561	Caudoviricetes	NA	NA	PF00933;K01207;COG1472	Periplasmic beta-glucosidase and related glycosidases
1_4094	4887484	4889004	1521	-1	0.509	11	TAA	GENOMAD.123514.CP	3.527e-39	157	0	0	0	2561	Caudoviricetes	NA	NA	PF12771;K21572;COG5510	Starch-binding associating with outer membrane
1_4095	4889016	4892066	3051	-1	0.487	11	TAA	GENOMAD.136373.CP	4.824e-09	63	0	0	0	1	NA	NA	NA	PF14905;PF07715;K19611;TIGR04056;COG4774	TonB-linked outer membrane protein, SusC/RagA family
1_4096	4892202	4892300	99	1	0.333	11	AAAAA	NA	NA	NA	0	0	0	1	NA	NA	NA	NA	NA
1_4097	4892620	4892982	363	1	0.529	11	None	GENOMAD.093413.PP	0.0003843	41	0	1	0	1	NA	NA	NA	PF19514	MobC-like protein
1_4098	4892979	4893923	945	1	0.497	11	TAA	NA	NA	NA	0	0	0	1	NA	NA	NA	NA	NA
1_4099	4893965	4894822	858	-1	0.328	11	TAAA	NA	NA	NA	0	0	0	1	NA	NA	NA	NA	NA
1_4100	4894825	4898547	3723	-1	0.352	11	AAA	GENOMAD.223199.VP	1.32e-05	52	0	0	0	11844	Phycodnaviridae	NA	NA	TIGR02987	type II restriction m6 adenine DNA methyltransferase, Alw26I/Eco31I/Esp3I family
1_4101	4899494	4899784	291	-1	0.419	11	AAAA	NA	NA	NA	0	0	0	1	NA	NA	NA	NA	NA
1_4102	4899766	4900137	372	-1	0.368	11	None	NA	NA	NA	0	0	0	1	NA	NA	NA	NA	NA
1_4103	4900158	4900346	189	1	0.381	11	AAA	NA	NA	NA	0	0	0	1	NA	NA	NA	NA	NA
1_4104	4900451	4900723	273	1	0.410	11	TAAA	NA	NA	NA	0	0	0	1	NA	NA	NA	NA	NA
1_4105	4901485	4901838	354	1	0.395	11	None	NA	NA	NA	0	0	0	1	NA	NA	NA	NA	NA
1_4106	4902675	4902893	219	-1	0.475	11	None	NA	NA	NA	0	0	0	1	NA	NA	NA	NA	NA
1_4107	4902893	4903486	594	-1	0.443	11	None	NA	NA	NA	0	0	0	1	NA	NA	NA	NA	NA
1_4108	4903675	4904142	468	-1	0.560	11	AAA	NA	NA	NA	0	0	0	1	NA	NA	NA	NA	NA
1_4109	4904139	4904588	450	-1	0.542	11	AAGAA	NA	NA	NA	0	0	0	1	NA	NA	NA	NA	NA
1_4110	4905259	4908318	3060	1	0.460	11	TAAA	GENOMAD.128977.CP	4.226e-05	50	0	0	0	1	NA	NA	NA	TIGR04056;K19611;COG3017	TonB-linked outer membrane protein, SusC/RagA family
1_4111	4908348	4909835	1488	1	0.460	11	TAA	GENOMAD.125890.CP	5.41e-36	147	0	0	0	2561	Caudoviricetes	NA	NA	PF12741;PF16390;K21572	Susd and RagB outer membrane lipoprotein
1_4112	4909912	4910943	1032	-1	0.477	11	TAAAA	GENOMAD.147213.CP	1.03e-22	103	0	0	0	1	NA	NA	NA	PF03572;PF14684	Peptidase family S41; Tricorn protease C1 domain
1_4113	4910958	4911827	870	-1	0.451	11	TAAA	GENOMAD.055141.CC	1.018e-60	213	0	0	0	1	NA	NA	NA	NA	NA
1_4114	4911852	4914500	2649	-1	0.476	11	AAA	GENOMAD.026404.VV	9.683e-31	134	0	0	0	2561	Caudoviricetes	NA	NA	PF00521;PF00986;K02469;TIGR01063;COG0188	DNA gyrase, A subunit
1_4115	4914685	4916226	1542	1	0.444	11	AATAA	NA	NA	NA	0	0	0	1	NA	NA	NA	NA	NA
1_4116	4916238	4916819	582	1	0.356	11	TAA	NA	NA	NA	0	0	0	1	NA	NA	NA	NA	NA
1_4117	4916913	4917794	882	-1	0.339	11	TAAA	GENOMAD.053405.CC	7.909e-20	93	0	0	0	1	NA	NA	NA	PF16140	NA
1_4118	4917855	4918235	381	-1	0.331	11	TAA	NA	NA	NA	0	0	0	1	NA	NA	NA	NA	NA
1_4119	4918384	4920081	1698	-1	0.306	11	AAAAA	GENOMAD.133677.CP	3.058e-11	69	0	0	0	1	NA	NA	NA	PF17874;COG5071;TIGR02521;K15837	MalT-like TPR region
1_4120	4920166	4920669	504	1	0.391	11	TAA	GENOMAD.153157.CP	1.172e-20	91	0	0	0	2561	Caudoviricetes	NA	NF000261	PF04299;COG2808;TIGR03618;K07734	Predicted FMN-binding regulatory protein PaiB
1_4121	4920808	4921395	588	1	0.444	11	None	GENOMAD.129284.CP	2.038e-36	138	0	0	0	2561	Caudoviricetes	NA	NA	PF02335;K15876;TIGR03153;COG3005	cytochrome c nitrite reductase, small subunit
1_4122	4921421	4922902	1482	1	0.487	11	TAA	GENOMAD.105546.CP	5.012e-199	624	0	0	0	1	NA	NA	NA	PF02335;K03385;COG3303;TIGR03152	Formate-dependent nitrite reductase, periplasmic cytochrome c552 subunit
1_4123	4922906	4924147	1242	1	0.476	11	TAAA	GENOMAD.121000.CP	5.575e-89	301	0	0	0	1	NA	NA	NA	COG1333	Cytochrome c biogenesis protein ResB
1_4124	4924144	4924935	792	1	0.462	11	AAA	GENOMAD.123111.CP	2.572e-102	332	0	0	0	1	NA	NA	NA	PF01578;COG4137;TIGR03144;K02497	ABC-type uncharacterized transport system, permease component
1_4125	4924968	4926233	1266	1	0.461	11	TAA	GENOMAD.009841.CC	2.925e-132	427	0	0	0	1	NA	NA	NA	COG3746	Phosphate-selective porin
1_4126	4926280	4926966	687	1	0.438	11	TAAAAA	NA	NA	NA	0	0	0	1	NA	NA	NA	NA	NA
1_4127	4927033	4928955	1923	-1	0.500	11	TAAA	GENOMAD.140656.CP	4.747e-05	49	0	0	0	1	NA	NA	NA	PF07176;PF17182;COG2755	Alpha/beta hydrolase of unknown function (DUF1400); OSK domain
1_4128	4928987	4929832	846	-1	0.502	11	TAGAA	GENOMAD.132209.CP	1.486e-90	299	0	0	0	1	NA	NA	NA	PF10740;K07106;COG2103;TIGR00274	N-acetylmuramic acid 6-phosphate (MurNAc-6-P) etherase
1_4129	4929858	4930694	837	-1	0.464	11	TATAA	GENOMAD.003407.CC	8.883e-77	259	0	0	0	1	NA	NA	NA	PF01869;K18676;COG1924;TIGR00241	Activator of 2-hydroxyglutaryl-CoA dehydratase (HSP70-class ATPase domain)
1_4130	4930691	4931854	1164	-1	0.473	11	TAA	GENOMAD.147684.CP	5.029e-10	64	0	0	0	1	NA	NA	NA	PF16401;COG4299;K07148	Predicted acyltransferase
1_4131	4931878	4934739	2862	-1	0.492	11	AACAA	GENOMAD.181952.CP	1.926e-48	192	0	0	0	2561	Caudoviricetes	NA	NA	PF02754;TIGR03288;K18928	CoB--CoM heterodisulfide reductase, subunit B
1_4132	4934778	4936052	1275	-1	0.474	11	TAAAAA	NA	NA	NA	0	0	0	1	NA	NA	NA	NA	NA
1_4133	4936097	4937395	1299	-1	0.477	11	TAAA	NA	NA	NA	0	0	0	1	NA	NA	NA	NA	NA
1_4134	4937411	4938724	1314	-1	0.474	11	AACAA	GENOMAD.022060.CC	6.306e-28	121	0	0	0	1	NA	NA	NA	PF16269;PF08486;COG4468;TIGR01239;K00988	Galactose-1-phosphate uridylyltransferase
1_4135	4938721	4939653	933	-1	0.482	11	TAAA	GENOMAD.031985.CC	1.817e-164	514	0	0	0	1	NA	NA	NA	PF16269;COG4468;TIGR01239;K00988	Galactose-1-phosphate uridylyltransferase
1_4136	4939650	4941116	1467	-1	0.493	11	None	NA	NA	NA	0	0	0	1	NA	NA	NA	NA	NA
1_4137	4941512	4943383	1872	-1	0.499	11	TAA	GENOMAD.117360.CP	4.081e-08	59	0	0	0	1	NA	NA	NA	PF13360;K17713;TIGR04528;COG1520	acido-empty-quinoprotein group A
1_4138	4943495	4946545	3051	-1	0.489	11	TAA	GENOMAD.006297.CC	0.0	1153	0	0	0	1	NA	NA	NA	NA	NA
1_4139	4946558	4948006	1449	-1	0.427	11	TAA	NA	NA	NA	0	0	0	1	NA	NA	NA	NA	NA
1_4140	4948050	4949219	1170	-1	0.425	11	TAA	NA	NA	NA	0	0	0	1	NA	NA	NA	NA	NA
1_4141	4950324	4951211	888	1	0.370	11	TAAA	GENOMAD.003407.CC	3.642e-67	232	0	0	0	1	NA	NA	NA	PF01869;K18676;COG1924;TIGR00241	Activator of 2-hydroxyglutaryl-CoA dehydratase (HSP70-class ATPase domain)
1_4142	4951674	4955156	3483	1	0.430	11	TAA	GENOMAD.153525.CP	1.143e-08	62	0	0	0	1	NA	NA	NA	PF13801;COG5612;TIGR01778;K24078	Heavy-metal resistance
1_4143	4955170	4957029	1860	1	0.444	11	TAAA	GENOMAD.130226.CP	6.299e-14	78	0	0	0	2561	Caudoviricetes	NA	NA	PF12771;K21572	Starch-binding associating with outer membrane
1_4144	4957084	4958094	1011	-1	0.475	11	TAAAA	NA	NA	NA	0	0	0	1	NA	NA	NA	NA	NA
1_4145	4958293	4960428	2136	1	0.448	11	AAAAA	GENOMAD.142815.CP	4.038e-07	56	0	0	0	2561	Caudoviricetes	NA	NA	COG0025	NhaP-type Na+/H+ or K+/H+ antiporter
1_4146	4960410	4961138	729	1	0.444	11	TAAA	NA	NA	NA	0	0	0	1	NA	NA	NA	NA	NA
1_4147	4961143	4961793	651	1	0.449	11	TAAAAA	NA	NA	NA	0	0	0	1	NA	NA	NA	NA	NA
1_4148	4961794	4962696	903	-1	0.424	11	AAA	GENOMAD.005564.CC	9.281e-25	108	0	0	0	1	NA	NA	NA	PF12836;COG1555;TIGR01259	DNA uptake protein ComE and related DNA-binding proteins
1_4149	4962699	4964066	1368	-1	0.452	11	TAA	NA	NA	NA	0	0	0	1	NA	NA	NA	NA	NA
1_4150	4964171	4964563	393	1	0.420	11	TAA	GENOMAD.014860.CC	6.002e-79	257	0	0	0	1	NA	NA	NA	PF10043;COG5544;K20950	Uncharacterized conserved protein YfiM, DUF2279 family
1_4151	4964568	4965866	1299	-1	0.462	11	TAAAAA	GENOMAD.097137.CP	1.664e-34	141	1	0	0	1	NA	NA	NA	PF08245;PF02875;K01929;TIGR01143;COG0770	UDP-N-acetylmuramoyl-tripeptide--D-alanyl-D-alanine ligase
1_4152	4965955	4967190	1236	-1	0.464	11	TAA	GENOMAD.142520.CP	9.221e-223	688	0	0	0	1	NA	NA	NF012174	PF00083;TIGR00903;K08221;COG2807	major facilitator 4 family protein
1_4153	4967452	4968894	1443	1	0.448	11	TAAAAA	NA	NA	NA	0	0	0	1	NA	NA	NA	NA	NA
1_4154	4968909	4969874	966	1	0.450	11	AATAA	NA	NA	NA	0	0	0	1	NA	NA	NA	NA	NA
1_4155	4969952	4972030	2079	-1	0.425	11	TAAA	NA	NA	NA	0	0	0	1	NA	NA	NA	NA	NA
1_4156	4972075	4972935	861	1	0.485	11	TAAAAA	NA	NA	NA	0	0	0	1	NA	NA	NA	NA	NA
1_4157	4972969	4973733	765	1	0.442	11	TAA	GENOMAD.120713.CP	1.908e-33	132	0	0	0	1	NA	NA	NA	PF19293;TIGR00159;COG1624	CdaA N-terminal transmembrane domain
1_4158	4974153	4974380	228	1	0.333	11	TAA	NA	NA	NA	0	0	0	1	NA	NA	NA	NA	NA
1_4159	4974377	4975447	1071	1	0.364	11	AAAA	NA	NA	NA	0	0	0	1	NA	NA	NA	NA	NA
1_4160	4975513	4975740	228	1	0.417	11	AAAAA	NA	NA	NA	0	0	0	1	NA	NA	NA	NA	NA
1_4161	4976185	4977243	1059	1	0.316	11	TAA	NA	NA	NA	0	0	0	1	NA	NA	NA	NA	NA
1_4162	4977298	4977735	438	-1	0.422	11	TAA	NA	NA	NA	0	0	0	1	NA	NA	NA	NA	NA
1_4163	4977921	4978394	474	1	0.338	11	TAA	NA	NA	NA	0	0	0	1	NA	NA	NA	NA	NA
1_4164	4978426	4978824	399	1	0.366	11	None	NA	NA	NA	0	0	0	1	NA	NA	NA	NA	NA
1_4165	4978890	4979117	228	1	0.417	11	TAAAAA	NA	NA	NA	0	0	0	1	NA	NA	NA	NA	NA
1_4166	4979117	4980004	888	1	0.413	11	None	GENOMAD.109988.CP	5.396e-11	66	0	0	0	1	NA	NA	NA	PF07610	Flagellar-associated PapD-like
1_4167	4980243	4980722	480	1	0.296	11	TAAA	NA	NA	NA	0	0	0	1	NA	NA	NA	NA	NA
1_4168	4980732	4981034	303	1	0.333	11	TAAA	NA	NA	NA	0	0	0	1	NA	NA	NA	NA	NA
1_4169	4981114	4982259	1146	1	0.395	11	TAAA	GENOMAD.193703.CP	1.328e-11	69	0	0	0	1	NA	NA	NA	PF16287	6-bladed beta-propeller
1_4170	4982941	4983213	273	1	0.388	11	TAA	NA	NA	NA	0	0	0	1	NA	NA	NA	NA	NA
1_4171	4983276	4984454	1179	1	0.317	11	AAAA	GENOMAD.197278.CP	4.532e-186	581	0	0	0	1	NA	NA	NA	PF17170	6-bladed beta-propeller
1_4172	4984451	4985338	888	1	0.323	11	TAAAA	GENOMAD.093409.CP	4.467e-09	60	0	0	0	1	NA	NA	NA	PF07610	Flagellar-associated PapD-like
1_4173	4985923	4987089	1167	1	0.364	11	TAA	GENOMAD.158157.CP	1.813e-08	59	0	0	0	1	NA	NA	NA	PF17170	6-bladed beta-propeller
1_4174	4987110	4987541	432	1	0.354	11	AATAA	NA	NA	NA	0	0	0	1	NA	NA	NA	NA	NA
1_4175	4987596	4988696	1101	1	0.394	11	TAA	GENOMAD.177190.CP	2.792e-12	71	0	0	0	1	NA	NA	NA	PF16287	6-bladed beta-propeller
1_4176	4988748	4989869	1122	1	0.377	11	TAAA	GENOMAD.221601.CP	1.62e-13	75	0	0	0	1	NA	NA	NA	PF15869	TolB-like 6-blade propeller-like
1_4177	4989978	4991891	1914	1	0.396	11	TAA	NA	NA	NA	0	0	0	1	NA	NA	NA	NA	NA
1_4178	4991962	4993056	1095	1	0.391	11	TAA	GENOMAD.210284.CP	1.832e-09	62	0	0	0	1	NA	NA	NA	PF15869;TIGR03866	TolB-like 6-blade propeller-like
1_4179	4993144	4994160	1017	-1	0.453	11	TAAAA	GENOMAD.123624.CP	1.813e-178	556	0	0	0	1	NA	NA	NA	PF13527;PF13530;COG4552;TIGR04245;K00680	Predicted acetyltransferase
1_4180	4994168	4995085	918	-1	0.440	11	AACAA	GENOMAD.140731.CV	7.114e-52	188	0	0	0	2561	Caudoviricetes	NA	NA	PF09924;K01163;COG4866	Phosphatidylglycerol lysyltransferase, C-terminal
1_4181	4995141	4995836	696	-1	0.427	11	TAA	GENOMAD.154359.CP	9.1e-18	85	0	0	0	1	NA	NA	NA	PF04172;COG1346;TIGR00659;K05339	Putative effector of murein hydrolase
1_4182	4995833	4996171	339	-1	0.457	11	TAA	GENOMAD.158193.CP	6.689e-13	66	0	0	0	1	NA	NA	NA	PF03788;K06518;COG1380	Putative effector of murein hydrolase LrgA, UPF0299 family
1_4183	4996209	4996349	141	1	0.262	11	AAAA	NA	NA	NA	0	0	0	1	NA	NA	NA	NA	NA
1_4184	4996380	4997063	684	1	0.425	11	TAAAAA	NA	NA	NA	0	0	0	1	NA	NA	NA	NA	NA
1_4185	4997089	4997886	798	1	0.435	11	TAAAAA	NA	NA	NA	0	0	0	1	NA	NA	NA	NA	NA
1_4186	4997931	4999484	1554	1	0.439	11	TAA	GENOMAD.190361.CV	3.826e-73	259	0	0	0	1	NA	NA	NA	PF06035	Bacterial transglutaminase-like cysteine proteinase BTLCP
1_4187	4999618	5000637	1020	1	0.480	11	TAAA	NA	NA	NA	0	0	0	1	NA	NA	NA	NA	NA
1_4188	5000656	5001852	1197	1	0.449	11	TAAA	GENOMAD.124300.CP	6.795e-120	390	0	0	0	2561	Caudoviricetes	NA	NA	PF00871;PF06130;K00925;TIGR00016;COG0282	acetate kinase
1_4189	5002075	5003475	1401	1	0.451	11	TAA	NA	NA	NA	0	0	0	1	NA	NA	NA	NA	NA
1_4190	5003667	5003978	312	1	0.439	11	AAA	NA	NA	NA	0	0	0	1	NA	NA	NA	NA	NA
1_4191	5004024	5004788	765	1	0.458	11	None	GENOMAD.142598.VC	1.874e-65	225	0	0	0	2561	Caudoviricetes	NA	NA	PF14582;K03269;TIGR01854;COG2908	UDP-2,3-diacylglucosamine diphosphatase
1_4192	5004817	5005512	696	-1	0.477	11	None	NA	NA	NA	0	0	0	1	NA	NA	NA	NA	NA
1_4193	5005571	5006560	990	-1	0.471	11	TAA	NA	NA	NA	0	0	0	1	NA	NA	NA	NA	NA
1_4194	5006699	5007265	567	-1	0.429	11	TAAA	GENOMAD.105354.CP	5.417e-40	148	1	0	0	1	NA	NA	NA	PF09285;PF01132;PF08207;K02356;TIGR02178;COG0231	elongation factor P-like protein YeiP
1_4195	5007383	5007619	237	1	0.392	11	TAAAAA	GENOMAD.096109.CV	3.126e-14	68	0	0	0	1	NA	NA	NA	PF00468;COG0230;TIGR01030	Ribosomal protein L34
1_4196	5007769	5008410	642	1	0.478	11	TAA	GENOMAD.109575.CV	5.116e-79	262	0	0	0	1	NA	NA	NA	COG2815	PASTA domain, binds beta-lactams
1_4197	5008440	5009513	1074	1	0.480	11	AAAAA	NA	NA	NA	0	0	0	1	NA	NA	NA	NA	NA
1_4198	5009510	5010484	975	1	0.459	11	None	NA	NA	NA	0	0	0	1	NA	NA	NA	NA	NA
1_4199	5010584	5011732	1149	1	0.460	11	AAA	GENOMAD.008569.CC	9.044e-65	229	0	0	0	1	NA	NA	NA	PF19576;COG2121;K00655;TIGR00530	Acyltransferase
1_4200	5011729	5012409	681	1	0.505	11	None	GENOMAD.032923.CC	3.95e-11	65	0	0	0	1	NA	NA	NA	PF17415;PF12667;PF16408;COG3017;TIGR03516;K21467	NigD-like C-terminal beta sandwich domain; NigD-like N-terminal OB domain
1_4201	5012687	5014384	1698	1	0.401	11	TAAAA	NA	NA	NA	0	0	0	1	NA	NA	NA	NA	NA
1_4202	5014417	5014740	324	1	0.352	11	TAAAAA	NA	NA	NA	0	0	0	1	NA	NA	NA	NA	NA
1_4203	5014893	5016032	1140	1	0.289	11	TAA	GENOMAD.049967.CC	1.929e-135	434	0	0	0	1	NA	NA	NA	PF17170	6-bladed beta-propeller
1_4204	5016029	5016583	555	1	0.297	11	TAAA	NA	NA	NA	0	0	0	1	NA	NA	NA	NA	NA
1_4205	5017426	5017821	396	1	0.455	11	AACAA	GENOMAD.160931.CP	4.116e-08	53	0	0	0	1	NA	NA	NA	PF00581;PF16339;COG2897;K02439;TIGR03167	3-mercaptopyruvate sulfurtransferase SseA, contains two rhodanese domains
1_4206	5017881	5018834	954	-1	0.486	11	TAA	GENOMAD.121677.CP	9.978e-08	56	0	0	0	2561	Caudoviricetes	NA	NA	NA	NA
1_4207	5018887	5019642	756	-1	0.478	11	TAGAA	NA	NA	NA	0	0	0	1	NA	NA	NA	NA	NA
1_4208	5019655	5020677	1023	-1	0.504	11	TAA	GENOMAD.034269.CC	2.572e-49	182	0	0	0	1	NA	NA	NA	PF03734;COG3034	Murein L,D-transpeptidase YafK
1_4209	5021168	5022415	1248	-1	0.509	11	TAA	NA	NA	NA	0	0	0	1	NA	NA	NA	NA	NA
1_4210	5022427	5023509	1083	-1	0.497	11	AAA	NA	NA	NA	0	0	0	1	NA	NA	NA	NA	NA
1_4211	5023699	5023935	237	-1	0.468	11	TAA	GENOMAD.049098.CC	3.036e-29	111	0	0	0	1	NA	NA	NA	PF09413	Putative prokaryotic signal transducing protein
1_4212	5024012	5024854	843	-1	0.485	11	TAA	GENOMAD.104549.CP	9.114e-58	204	0	0	0	2561	Caudoviricetes	NA	NA	PF07302;K01776;TIGR00067;COG0796	glutamate racemase
1_4213	5024959	5025468	510	-1	0.425	11	TAA	GENOMAD.000543.CC	6.334e-81	265	0	0	0	1	NA	NA	NA	PF03938;K06142;COG2825	Periplasmic chaperone for outer membrane proteins, Skp family
1_4214	5025526	5026041	516	-1	0.428	11	TAAAAA	GENOMAD.001079.CC	7.116e-29	115	0	0	0	1	NA	NA	NA	COG2825	Periplasmic chaperone for outer membrane proteins, Skp family
1_4215	5026066	5028702	2637	-1	0.443	11	TAA	GENOMAD.100197.CP	2.305e-287	900	0	0	0	1	NA	NA	NA	K07277;COG4775	Outer membrane protein assembly factor BamA
1_4216	5028726	5029460	735	-1	0.448	11	AATAA	NA	NA	NA	0	0	0	1	NA	NA	NA	NA	NA
1_4217	5029469	5030821	1353	-1	0.424	11	TAAA	GENOMAD.194230.CV	1.921e-21	101	0	0	0	1	NA	NA	NA	PF19755;TIGR03547;COG3055	NA
1_4218	5030960	5032000	1041	-1	0.442	11	TAA	NA	NA	NA	0	0	0	1	NA	NA	NA	NA	NA
1_4219	5033052	5033267	216	1	0.505	11	AAAAA	NA	NA	NA	0	0	0	1	NA	NA	NA	NA	NA
1_4220	5033279	5033500	222	1	0.455	11	TAA	NA	NA	NA	0	0	0	1	NA	NA	NA	NA	NA
1_4221	5033514	5033930	417	1	0.494	11	TAAAAA	NA	NA	NA	0	0	0	1	NA	NA	NA	NA	NA
1_4222	5033927	5035258	1332	1	0.513	11	None	NA	NA	NA	0	0	0	1	NA	NA	NA	NA	NA
1_4223	5035283	5035540	258	1	0.442	11	TAAA	NA	NA	NA	0	0	0	1	NA	NA	NA	NA	NA
1_4224	5035560	5035793	234	1	0.538	11	TAAAAA	NA	NA	NA	0	0	0	1	NA	NA	NA	NA	NA
1_4225	5035790	5036035	246	1	0.504	11	AAA	NA	NA	NA	0	0	0	1	NA	NA	NA	NA	NA
1_4226	5036089	5036397	309	1	0.476	11	TAAAAA	NA	NA	NA	0	0	0	1	NA	NA	NA	NA	NA
1_4227	5036431	5036676	246	-1	0.382	11	TAAAAA	NA	NA	NA	0	0	0	1	NA	NA	NA	NA	NA
1_4228	5036885	5037412	528	-1	0.494	11	None	NA	NA	NA	0	0	0	1	NA	NA	NA	NA	NA
1_4229	5037409	5037912	504	-1	0.500	11	TAAAAA	NA	NA	NA	0	0	0	1	NA	NA	NA	NA	NA
1_4230	5037909	5038811	903	-1	0.556	11	None	NA	NA	NA	0	0	0	1	NA	NA	NA	NA	NA
1_4231	5038819	5039394	576	-1	0.590	11	None	NA	NA	NA	0	0	0	1	NA	NA	NA	NA	NA
1_4232	5039397	5040383	987	-1	0.542	11	TAAA	NA	NA	NA	0	0	0	1	NA	NA	NA	NA	NA
1_4233	5040418	5041770	1353	-1	0.593	11	TAA	GENOMAD.051243.PP	1.414e-05	50	0	0	0	1	NA	NA	NA	NA	NA
1_4234	5041751	5042029	279	-1	0.570	11	AAAA	GENOMAD.216326.PC	2.779e-06	46	0	0	0	1	NA	B_traL	NA	PF13150	Conjugative transposon protein TraL
1_4235	5042066	5042689	624	-1	0.540	11	TAAA	NA	NA	NA	0	0	0	1	NA	NA	NA	NA	NA
1_4236	5042721	5043725	1005	-1	0.565	11	AAA	NA	NA	NA	0	0	0	1	NA	NA	NA	NA	NA
1_4237	5043729	5044265	537	-1	0.525	11	AAAAA	NA	NA	NA	0	0	0	1	NA	NA	NA	NA	NA
1_4238	5044258	5046093	1836	-1	0.368	11	AATAA	NA	NA	NA	0	0	0	1	NA	NA	NA	NA	NA
1_4239	5046495	5046635	141	1	0.454	11	TAA	NA	NA	NA	0	0	0	1	NA	NA	NA	NA	NA
1_4240	5046614	5046841	228	-1	0.513	11	TAAA	NA	NA	NA	0	0	0	1	NA	NA	NA	NA	NA
1_4241	5046865	5047245	381	-1	0.564	11	AAAAA	NA	NA	NA	0	0	0	1	NA	NA	NA	NA	NA
1_4242	5047286	5049790	2505	-1	0.550	11	AAA	GENOMAD.183332.PC	1.134e-17	91	0	0	0	1	NA	NA	NA	PF12991;TIGR03783	Bacteroides conjugation system ATPase, TraG family
1_4243	5049787	5050119	333	-1	0.553	11	AATAA	GENOMAD.194837.PC	9.953e-48	166	0	0	0	1	NA	B_traF	NA	PF13571	NA
1_4244	5050130	5050447	318	-1	0.550	11	AAAAA	NA	NA	NA	0	0	0	1	NA	NA	NA	NA	NA
1_4245	5050649	5051377	729	-1	0.557	11	AAAAA	NA	NA	NA	0	0	0	1	NA	NA	NA	NA	NA
1_4246	5051394	5051735	342	-1	0.518	11	AAAA	GENOMAD.206917.CP	1.929e-74	243	0	0	0	1	NA	NA	NA	NA	NA
1_4247	5051750	5052190	441	-1	0.571	11	None	NA	NA	NA	0	0	0	1	NA	NA	NA	NA	NA
1_4248	5052193	5052954	762	-1	0.559	11	TAAA	NA	NA	NA	0	0	0	1	NA	NA	NA	NA	NA
1_4249	5053664	5054092	429	1	0.485	11	TAAA	NA	NA	NA	0	0	0	1	NA	NA	NA	NA	NA
1_4250	5054071	5055318	1248	1	0.548	11	AAA	NA	NA	NA	0	0	0	1	NA	NA	NA	NA	NA
1_4251	5055349	5056074	726	1	0.499	11	TAAAAA	NA	NA	NA	0	0	0	1	NA	NA	NA	NA	NA
1_4252	5056695	5058350	1656	1	0.406	11	TAAA	NA	NA	NA	0	0	0	1	NA	NA	NA	NA	NA
1_4253	5058347	5059753	1407	1	0.503	11	AACAA	NA	NA	NA	0	0	0	1	NA	NA	NA	NA	NA
1_4254	5059885	5063139	3255	-1	0.360	11	AATAA	GENOMAD.073567.PP	2.113e-08	61	0	0	0	1	NA	NA	NA	NA	NA
1_4255	5063156	5064286	1131	-1	0.464	11	TATAA	NA	NA	NA	0	0	0	1	NA	NA	NA	NA	NA
1_4256	5064588	5065193	606	-1	0.498	11	AAAA	NA	NA	NA	0	0	0	1	NA	NA	NA	NA	NA
1_4257	5065432	5065854	423	-1	0.454	11	TAA	NA	NA	NA	0	0	0	1	NA	NA	NA	NA	NA
1_4258	5066134	5067456	1323	-1	0.514	11	AAAA	GENOMAD.107047.CP	5.619e-05	48	0	0	0	1	NA	NA	NA	PF06506;PF14532;K02688;TIGR02329;COG3829	propionate catabolism operon regulatory protein PrpR
1_4259	5067449	5069767	2319	-1	0.450	11	TAA	NA	NA	NA	0	0	0	1	NA	NA	NA	NA	NA
1_4260	5069767	5071692	1926	-1	0.398	11	TAA	NA	NA	NA	0	0	0	1	NA	NA	NA	NA	NA
1_4261	5072350	5078166	5817	-1	0.550	11	None	GENOMAD.208926.PC	8.368e-08	60	0	0	0	1	NA	NA	NA	NA	NA
1_4262	5078156	5078743	588	-1	0.515	11	None	GENOMAD.197009.PC	4.76e-25	105	0	0	0	2561	Caudoviricetes	NA	NA	PF08989	NA
1_4263	5078771	5080858	2088	-1	0.567	11	AAAAA	NA	NA	NA	0	0	0	1	NA	NA	NA	NA	NA
1_4264	5080919	5082490	1572	-1	0.570	11	TAAA	NA	NA	NA	0	0	0	1	NA	NA	NA	NA	NA
1_4265	5082517	5082969	453	1	0.514	11	TAA	NA	NA	NA	0	0	0	1	NA	NA	NA	NA	NA
1_4266	5082865	5083227	363	-1	0.556	11	AAAA	NA	NA	NA	0	0	0	1	NA	NA	NA	NA	NA
1_4267	5083435	5083728	294	1	0.578	11	TAA	NA	NA	NA	0	0	0	1	NA	NA	NA	NA	NA
1_4268	5083790	5084065	276	1	0.598	11	AACAA	NA	NA	NA	0	0	0	1	NA	NA	NA	NA	NA
1_4269	5084143	5084505	363	-1	0.551	11	TAAAAA	NA	NA	NA	0	0	0	1	NA	NA	NA	NA	NA
1_4270	5084517	5085752	1236	-1	0.542	11	AAAAA	GENOMAD.057710.VV	5.855e-15	80	0	0	1	2561	Caudoviricetes	NA	NA	PF00589;PF04860;K07358;TIGR01537	Phage integrase family; Phage portal protein
1_4271	5086099	5086935	837	1	0.427	11	AATAA	GENOMAD.091839.CV	6.351e-07	53	0	0	0	2561	Caudoviricetes	NA	NA	PF01189;K15460;COG4123;TIGR03534	tRNA1(Val) A37 N6-methylase TrmN6
1_4272	5086932	5087396	465	1	0.398	11	TAA	GENOMAD.001021.CC	3.587e-20	89	0	0	0	1	NA	NA	NA	PF02631;COG2137;K03565	SOS response regulatory protein OraA/RecX, interacts with RecA
1_4273	5087492	5088130	639	1	0.433	11	None	GENOMAD.146046.VC	0.0002339	44	0	0	0	1	NA	NA	NA	PF15609;K00762;COG0461;TIGR01744	Orotate phosphoribosyltransferase
1_4274	5088231	5088641	411	1	0.370	11	TAA	GENOMAD.017041.CC	9.947e-44	156	0	0	0	1	NA	NA	NA	PF11687;COG3427	Carbon monoxide dehydrogenase subunit G
1_4275	5088647	5089990	1344	1	0.403	11	TAA	NA	NA	NA	0	0	0	1	NA	NA	NA	NA	NA
1_4276	5090388	5091533	1146	-1	0.445	11	TAAAAA	NA	NA	NA	0	0	0	1	NA	NA	NA	NA	NA
1_4277	5091660	5091860	201	-1	0.433	11	TAAAAA	GENOMAD.049098.CC	2.06e-06	45	0	0	0	1	NA	NA	NA	PF09413	Putative prokaryotic signal transducing protein
1_4278	5092016	5093671	1656	-1	0.448	11	TAAA	NA	NA	NA	0	0	0	1	NA	NA	NA	NA	NA
1_4279	5093689	5094243	555	-1	0.454	11	TAAA	NA	NA	NA	0	0	0	1	NA	NA	NA	NA	NA
1_4280	5094303	5095076	774	-1	0.453	11	TAAA	NA	NA	NA	0	0	0	1	NA	NA	NA	NA	NA
1_4281	5095189	5096313	1125	-1	0.456	11	TAAAAA	NA	NA	NA	0	0	0	1	NA	NA	NA	NA	NA
1_4282	5096320	5097288	969	-1	0.421	11	TAAA	GENOMAD.115187.CP	3.532e-47	175	0	0	0	1	NA	NA	NA	PF02774;PF01118;K05829;TIGR01850;COG0002	N-acetyl-gamma-glutamyl-phosphate reductase, common form
1_4283	5097285	5098490	1206	-1	0.459	11	TAAAAA	GENOMAD.105717.CP	7.699e-18	89	0	0	0	2561	Caudoviricetes	NA	NA	PF00764;TIGR00032;K01940;COG0137	argininosuccinate synthase
1_4284	5098504	5099082	579	-1	0.434	11	TAAA	GENOMAD.011791.CC	5.886e-76	252	0	0	0	1	NA	NA	NA	PF12568;COG1246;K00619;TIGR02382	N-acetylglutamate synthase or related acetyltransferase, GNAT family
1_4285	5099116	5099589	474	-1	0.439	11	AATAA	GENOMAD.117072.CP	1.118e-16	79	0	0	0	1	NA	NA	NA	PF02863;TIGR01529;K03402;COG1438	arginine repressor
1_4286	5100252	5100440	189	1	0.333	11	TAA	NA	NA	NA	0	0	0	1	NA	NA	NA	NA	NA
1_4287	5100505	5102091	1587	-1	0.473	11	TAA	GENOMAD.168467.CP	4.4e-06	52	0	0	0	1	NA	NA	NA	K03294;COG0833	Amino acid permease
1_4288	5102310	5103047	738	1	0.435	11	TAAA	NA	NA	NA	0	0	0	1	NA	NA	NA	NA	NA
1_4289	5103472	5104473	1002	-1	0.482	11	TAAAAA	NA	NA	NA	0	0	0	1	NA	NA	NA	NA	NA
1_4290	5104694	5105533	840	1	0.460	11	AAA	GENOMAD.106578.CP	1.656e-69	238	0	0	0	1	NA	NA	NA	PF13509;PF10771;PF00575;K00243;COG2996;TIGR00717	Predicted RNA-binding protein, contains S1 domains,  virulence factor B family
1_4291	5105636	5106265	630	1	0.452	11	TAAAAA	GENOMAD.017141.CC	1.991e-21	95	0	0	0	1	NA	NA	NA	PF14771	NA
1_4292	5106280	5106948	669	1	0.447	11	TAAAA	GENOMAD.017141.CC	1.568e-17	84	0	0	0	1	NA	NA	NA	PF14771	NA
1_4293	5106958	5107854	897	1	0.478	11	TAAA	NA	NA	NA	0	0	0	1	NA	NA	NA	NA	NA
1_4294	5108890	5109060	171	1	0.392	11	AATAA	NA	NA	NA	0	0	0	1	NA	NA	NA	NA	NA
1_4295	5109350	5111272	1923	-1	0.495	11	None	NA	NA	NA	0	0	0	1	NA	NA	NA	NA	NA
1_4296	5111436	5112683	1248	1	0.480	11	None	GENOMAD.058240.VV	1.242e-14	79	0	0	0	11844	Phycodnaviridae	NA	NA	PF00488;PF02854;K16787;COG4525;TIGR00101	MutS domain V; MIF4G domain
1_4297	5112750	5113868	1119	-1	0.534	11	None	NA	NA	NA	0	0	0	1	NA	NA	NA	NA	NA
1_4298	5113917	5114987	1071	-1	0.533	11	TAAAAA	NA	NA	NA	0	0	0	1	NA	NA	NA	NA	NA
1_4299	5115096	5115335	240	-1	0.417	11	None	NA	NA	NA	0	0	0	1	NA	NA	NA	NA	NA
1_4300	5115830	5117152	1323	-1	0.461	11	AACAA	GENOMAD.119502.CP	1.955e-16	85	0	0	0	1	NA	NA	NA	PF02321;TIGR01845;K12340;COG1538	efflux transporter, outer membrane factor (OMF) lipoprotein, NodT family
1_4301	5117208	5118308	1101	-1	0.452	11	TAAAA	GENOMAD.194206.CP	0.0007161	44	0	0	0	1	NA	NA	NA	TIGR01730;K21137;COG0845	RND family efflux transporter, MFP subunit
1_4302	5118388	5119632	1245	-1	0.474	11	None	NA	NA	NA	0	0	0	1	NA	NA	NA	NA	NA
1_4303	5119635	5120894	1260	-1	0.467	11	TAAAAA	GENOMAD.220909.CP	2.562e-05	49	0	0	0	1	NA	NA	NA	NA	NA
1_4304	5120909	5121625	717	-1	0.459	11	TAAA	NA	NA	NA	0	0	0	1	NA	NA	NA	NA	NA
1_4305	5121804	5122784	981	1	0.471	11	TAA	NA	NA	NA	0	0	0	1	NA	NA	NA	NA	NA
1_4306	5123654	5124007	354	-1	0.412	11	TAA	NA	NA	NA	0	0	0	1	NA	NA	NA	NA	NA
1_4307	5124164	5124952	789	1	0.466	11	TAA	NA	NA	NA	0	0	0	1	NA	NA	NA	NA	NA
1_4308	5124992	5125864	873	1	0.405	11	TAAA	NA	NA	NA	0	0	0	1	NA	NA	NA	NA	NA
1_4309	5125902	5128889	2988	1	0.463	11	AAA	GENOMAD.125846.CP	4.566e-44	178	0	0	0	2561	Caudoviricetes	NA	NA	PF00933;K01207;COG1472	Periplasmic beta-glucosidase and related glycosidases
1_4310	5128913	5131960	3048	1	0.452	11	None	GENOMAD.125846.CP	1.648e-42	173	0	0	0	2561	Caudoviricetes	NA	NA	PF00933;K01207;COG1472	Periplasmic beta-glucosidase and related glycosidases
1_4311	5132583	5135774	3192	1	0.435	11	None	GENOMAD.145895.CP	2.212e-05	51	0	0	0	1	NA	NA	NA	K21573;TIGR04056	TonB-linked outer membrane protein, SusC/RagA family
1_4312	5135796	5137760	1965	1	0.437	11	TAA	GENOMAD.148232.CP	1.477e-17	90	0	0	0	1	NA	NA	NA	PF12771;K21572	Starch-binding associating with outer membrane
1_4313	5137869	5139329	1461	1	0.446	11	TAAA	GENOMAD.118485.CP	0.0001322	47	0	0	0	1	NA	NA	NA	NA	NA
1_4314	5139446	5140072	627	-1	0.475	11	TAA	GENOMAD.209344.CP	1.964e-104	335	0	0	0	1	NA	NA	NA	PF05736;COG3047;TIGR04565;K07275	OprF membrane domain
1_4315	5140090	5140722	633	-1	0.442	11	TAAA	GENOMAD.142613.CP	5.714e-85	279	0	0	0	1	NA	NA	NA	PF13590;PF16408;COG4380	NA
1_4316	5140830	5142197	1368	1	0.421	11	AATAA	GENOMAD.024412.CC	2.068e-244	753	0	0	0	1	NA	NA	NA	PF05576;K09649;COG3571;TIGR03100	PS-10 peptidase S37
1_4317	5142346	5142696	351	-1	0.453	11	AATAA	GENOMAD.167244.CP	1.971e-43	154	0	0	0	1	NA	NA	NA	PF14557;K15973;TIGR04472;COG5631	mobile rSAM pair MarR family regulator
1_4318	5142706	5145186	2481	-1	0.482	11	TAAAA	GENOMAD.136078.CP	4.047e-54	209	0	0	0	1	NA	NA	NA	PF13686;K07092;COG2210;TIGR03010	DsrE/DsrF/DrsH-like family
1_4319	5145392	5146801	1410	-1	0.446	11	AAAAA	NA	NA	NA	0	0	0	1	NA	NA	NA	NA	NA
1_4320	5147160	5147363	204	-1	0.495	11	TAAA	NA	NA	NA	0	0	0	1	NA	NA	NA	NA	NA
1_4321	5147629	5149341	1713	1	0.402	11	TAAAAA	NA	NA	NA	0	0	0	1	NA	NA	NA	NA	NA
1_4322	5149434	5150519	1086	1	0.401	11	AAAAA	NA	NA	NA	0	0	0	1	NA	NA	NA	NA	NA
1_4323	5150503	5150634	132	-1	0.371	11	TAA	NA	NA	NA	0	0	0	1	NA	NA	NA	NA	NA
1_4324	5150700	5152049	1350	1	0.458	11	TAA	NA	NA	NA	0	0	0	1	NA	NA	NA	NA	NA
1_4325	5152492	5154198	1707	1	0.450	11	TAA	GENOMAD.151994.CP	6.235e-135	442	0	0	0	1	NA	NA	NA	K01546;COG2060	K+-transporting ATPase, A chain
1_4326	5154244	5156268	2025	1	0.466	11	TAAA	GENOMAD.152605.CP	2.472e-37	154	0	0	0	1	NA	NA	NA	NA	NA
1_4327	5156280	5156861	582	1	0.442	11	TAA	GENOMAD.153056.CP	1.005e-34	133	0	0	0	1	NA	NA	NA	PF02669;TIGR00681;COG2156;K01548	K+-transporting ATPase, C subunit
1_4328	5156864	5157613	750	1	0.429	11	TAAA	GENOMAD.181740.VC	1.758e-134	424	0	0	0	2561	Caudoviricetes	NA	NA	PF09694	Bacterial protein of unknown function (Gcw_chp)
1_4329	5157708	5158835	1128	1	0.454	11	TAAAAA	GENOMAD.153600.CP	3.665e-63	224	0	0	0	1	NA	NA	NA	PF02702;K07646;COG2205	K+-sensing histidine kinase KdpD
1_4330	5158862	5160301	1440	1	0.417	11	None	GENOMAD.005514.CC	9.236e-07	54	0	0	0	1	NA	NA	NA	PF02203;K11383;COG4192	Signal transduction histidine kinase regulating phosphoglycerate transport system
1_4331	5160465	5161028	564	1	0.388	11	TAA	NA	NA	NA	0	0	0	1	NA	NA	NA	NA	NA
1_4332	5161082	5162092	1011	1	0.386	11	TAAA	GENOMAD.133618.CP	1.143e-07	56	0	0	0	1	NA	NA	NA	PF04773;PF16220;COG3712	periplasmic ferric-dicitrate binding protein FecR, regulates iron transport through sigma-19
1_4333	5162209	5165616	3408	1	0.386	11	TAAAAA	GENOMAD.123090.CP	0.0001936	48	0	0	0	1	NA	NA	NA	PF03544;TIGR01352	Gram-negative bacterial TonB protein C-terminal
1_4334	5165667	5167112	1446	1	0.378	11	AAA	GENOMAD.123514.CP	1.38e-22	105	0	0	0	2561	Caudoviricetes	NA	NA	PF12771;K21572;COG5510	Starch-binding associating with outer membrane
1_4335	5167136	5169523	2388	1	0.393	11	TAA	GENOMAD.033222.CC	0.0002543	47	0	0	0	1	NA	NA	NA	PF07221;COG2942	N-acylglucosamine 2-epimerase (GlcNAc 2-epimerase)
1_4336	5169698	5172646	2949	1	0.440	11	TAA	GENOMAD.178294.CP	9.685e-182	597	0	0	0	1	NA	NA	NA	PF15979;PF17829;COG3661	Glycosyl hydrolase family 115; Gylcosyl hydrolase family 115 C-terminal domain
1_4337	5172751	5173506	756	1	0.396	11	AAAA	GENOMAD.036363.CC	1.021e-115	370	0	0	0	1	NA	NA	NA	PF17415;PF12667;PF16390	NigD-like C-terminal beta sandwich domain; NigD-like N-terminal OB domain
1_4338	5174479	5174865	387	1	0.380	11	AATAA	GENOMAD.008764.CC	9.295e-41	147	0	0	0	1	NA	NA	NA	PF19569;COG3832	START-like superfamily domain
1_4339	5174942	5176846	1905	1	0.415	11	AAA	GENOMAD.000215.CC	3.938e-67	245	0	0	0	1	NA	NA	NA	COG0795	Lipopolysaccharide export LptBFGC system, permease protein LptF
1_4340	5176858	5178072	1215	1	0.467	11	TAA	NA	NA	NA	0	0	0	1	NA	NA	NA	NA	NA
1_4341	5178155	5179348	1194	1	0.481	11	TAAA	GENOMAD.099160.CP	9.305e-09	60	0	0	0	1	NA	NA	NA	PF12897;TIGR03542;K08969;COG1168	LL-diaminopimelate aminotransferase
1_4342	5179451	5179660	210	-1	0.438	11	TAA	NA	NA	NA	0	0	0	1	NA	NA	NA	NA	NA
1_4343	5179839	5180756	918	1	0.485	11	TAAA	NA	NA	NA	0	0	0	1	NA	NA	NA	NA	NA
1_4344	5180753	5182579	1827	1	0.554	11	TAA	GENOMAD.118472.CP	2.149e-16	86	0	0	0	2561	Caudoviricetes	NA	NA	PF12392	Collagenase
1_4345	5182576	5183550	975	1	0.521	11	AAA	NA	NA	NA	0	0	0	1	NA	NA	NA	NA	NA
1_4346	5183792	5186194	2403	-1	0.546	11	AAA	GENOMAD.129297.CP	1.147e-21	104	0	0	0	2561	Caudoviricetes	NA	NA	K15721;COG4773	Outer membrane receptor for ferric coprogen and ferric-rhodotorulic acid
1_4347	5186461	5187063	603	-1	0.547	11	None	NA	NA	NA	0	0	0	1	NA	NA	NA	NA	NA
1_4348	5187069	5188742	1674	-1	0.562	11	TAAA	GENOMAD.092559.CV	2.516e-46	180	0	0	0	2561	Caudoviricetes	NA	NA	PF13738;K07137;COG2509;TIGR02032	FAD-dependent dehydrogenase
1_4349	5188702	5189076	375	-1	0.379	11	TAGAA	NA	NA	NA	0	0	0	1	NA	NA	NA	NA	NA
1_4350	5189132	5190499	1368	-1	0.534	11	None	NA	NA	NA	0	0	0	1	NA	NA	NA	NA	NA
1_4351	5191323	5191730	408	1	0.456	11	TAAA	GENOMAD.146164.VC	9.382e-19	84	0	0	0	2561	Caudoviricetes	NA	NA	PF12689;TIGR01689;COG4996;K21064	capsule biosynthesis phosphatase
1_4352	5191825	5194125	2301	-1	0.450	11	AACAA	NA	NA	NA	0	0	0	1	NA	NA	NA	NA	NA
1_4353	5194144	5195097	954	-1	0.434	11	AACAA	GENOMAD.140875.CP	1.07e-36	144	0	0	0	1	NA	NA	NA	PF02563;PF06251;PF16408;TIGR03027;COG1596;K20988	putative polysaccharide export protein, PEP-CTERM sytem-associated
1_4354	5195473	5195613	141	1	0.376	11	AAAAA	NA	NA	NA	0	0	0	1	NA	NA	NA	NA	NA
1_4355	5195764	5198199	2436	1	0.500	11	TAAA	NA	NA	NA	0	0	0	1	NA	NA	NA	NA	NA
1_4356	5198210	5199421	1212	1	0.564	11	TAAAAA	GENOMAD.070923.CP	4.872e-136	437	0	0	0	1	NA	NA	NA	PF01676;K15635;TIGR02535;COG3635	proposed homoserine kinase
1_4357	5199571	5200872	1302	1	0.530	11	TAAA	GENOMAD.115163.CP	2.648e-27	119	0	0	0	1	NA	NA	NA	PF19465;PF09538;K01733;COG0498;TIGR03844	Threonine synthase
1_4358	5201186	5202136	951	1	0.515	11	TAAAA	NA	NA	NA	0	0	0	1	NA	NA	NA	NA	NA
1_4359	5202090	5202713	624	-1	0.526	11	AACAA	GENOMAD.106760.CP	3.402e-45	164	0	0	0	1	NA	NA	NA	PF04263;PF04265;TIGR01378;COG1564	thiamine pyrophosphokinase
1_4360	5202700	5203272	573	-1	0.504	11	TAA	NA	NA	NA	0	0	0	1	NA	NA	NA	NA	NA
1_4361	5203276	5205495	2220	-1	0.520	11	AAAAA	GENOMAD.178349.CP	1.564e-09	64	0	0	0	1	NA	NA	NA	COG4773;K16091	Outer membrane receptor for ferric coprogen and ferric-rhodotorulic acid
1_4362	5205708	5206616	909	1	0.496	11	TAAA	GENOMAD.153297.CP	6.833e-06	50	0	0	0	1	NA	NA	NA	COG0668;K03442	Small-conductance mechanosensitive channel
1_4363	5206687	5206926	240	-1	0.400	11	TAAA	NA	NA	NA	0	0	0	1	NA	NA	NA	NA	NA
1_4364	5207052	5207639	588	1	0.412	11	None	NA	NA	NA	0	0	0	1	NA	NA	NA	NA	NA
1_4365	5207701	5208699	999	1	0.464	11	TAAA	GENOMAD.145819.CP	1.702e-05	49	0	0	0	1	NA	NA	NA	PF16344;TIGR02516;COG1450	type III secretion outer membrane pore, YscC/HrcC family
1_4366	5208911	5211313	2403	1	0.480	11	None	GENOMAD.176514.CP	7.76e-06	52	0	0	0	1	NA	NA	NA	NA	Acid trehalase
1_4367	5211409	5214690	3282	1	0.438	11	TAA	GENOMAD.123090.CP	1.731e-07	58	0	0	0	1	NA	NA	NA	PF03544;TIGR01352	Gram-negative bacterial TonB protein C-terminal
1_4368	5214703	5216271	1569	1	0.431	11	TAA	GENOMAD.123514.CP	7.036e-34	141	0	0	0	2561	Caudoviricetes	NA	NA	PF12771;K21572;COG5510	Starch-binding associating with outer membrane
1_4369	5216277	5218169	1893	1	0.420	11	None	GENOMAD.033316.CC	9.029e-28	123	0	0	0	1	NA	NA	NA	NA	NA
1_4370	5218150	5221068	2919	1	0.439	11	TAAA	GENOMAD.145692.CP	8.476e-12	72	0	0	0	1	NA	NA	NA	K01190;COG3250	Beta-galactosidase/beta-glucuronidase
1_4371	5221103	5223163	2061	1	0.418	11	TAAAAA	GENOMAD.151477.CP	1.253e-12	74	0	0	0	1	NA	NA	NA	K01191;COG0383	Alpha-mannosidase
1_4372	5223171	5225954	2784	1	0.478	11	AAA	GENOMAD.153757.CP	4.64e-06	53	0	0	0	1	NA	NA	NA	PF02449;PF08532;COG1874;K12308;TIGR02336	Beta-galactosidase GanA
1_4373	5225968	5227548	1581	1	0.459	11	TAAAAA	GENOMAD.151274.CP	3.847e-13	75	0	0	0	2561	Caudoviricetes	NA	NA	K15921;COG3940	Beta-xylosidase, GH43 family
1_4374	5227797	5227973	177	-1	0.395	11	TAAAAA	GENOMAD.212026.VC	3.372e-12	61	0	0	0	1	NA	NA	NA	PF14056	NA
1_4375	5228069	5229292	1224	-1	0.467	11	TAAAAA	GENOMAD.207504.CP	2.984e-105	348	0	0	0	1	NA	NA	NA	PF14298;TIGR03032;COG3823	NA
1_4376	5229326	5231665	2340	-1	0.465	11	TAA	GENOMAD.136373.CP	1.125e-07	58	0	0	0	1	NA	NA	NA	PF14905;PF07715;K19611;TIGR04056;COG4774	TonB-linked outer membrane protein, SusC/RagA family
1_4377	5231678	5232493	816	-1	0.440	11	TAAAA	NA	NA	NA	0	0	0	1	NA	NA	NA	NA	NA
1_4378	5232682	5233689	1008	1	0.451	11	TAA	NA	NA	NA	0	0	0	1	NA	NA	NA	NA	NA
1_4379	5234080	5234580	501	-1	0.417	11	AATAA	GENOMAD.166306.CP	5.217e-06	48	0	0	0	1	NA	NA	NA	PF01209;PF10706;COG2227;K20331;TIGR02021	2-polyprenyl-3-methyl-5-hydroxy-6-metoxy-1,4-benzoquinol methylase
2_1	2	652	651	1	0.346	11	None	NA	NA	NA	0	0	0	1	NA	NA	NA	NA	NA
2_2	1250	2869	1620	1	0.314	11	TAA	NA	NA	NA	0	0	0	1	NA	NA	NA	NA	NA
2_3	2875	3267	393	1	0.280	11	TAA	NA	NA	NA	0	0	0	1	NA	NA	NA	NA	NA
2_4	3823	4452	630	1	0.330	11	AAAAAA	GENOMAD.181268.PP	1.137e-40	151	0	0	0	1	NA	NA	NA	PF06316;COG3047;TIGR04565	Outer membrane protein W
2_5	4533	5855	1323	-1	0.354	11	TAA	NA	NA	NA	0	0	0	1	NA	NA	NA	NA	NA
2_6	6003	6596	594	-1	0.394	11	None	NA	NA	NA	0	0	0	1	NA	NA	NA	NA	NA
2_7	6691	7221	531	-1	0.375	11	None	GENOMAD.166718.PV	2.879e-09	58	0	0	0	1	NA	NA	NA	NA	NA
2_8	7225	8100	876	-1	0.380	11	AATAA	NA	NA	NA	0	0	0	1	NA	NA	NA	NA	NA
2_9	8322	9143	822	1	0.332	11	TAA	NA	NA	NA	0	0	0	1	NA	NA	NA	NA	NA
2_10	9570	11348	1779	-1	0.338	11	None	NA	NA	NA	0	0	0	1	NA	NA	NA	NA	NA
2_11	11412	12428	1017	-1	0.376	11	TAA	NA	NA	NA	0	0	0	1	NA	NA	NA	NA	NA
2_12	12650	14293	1644	-1	0.343	11	None	NA	NA	NA	0	0	0	1	NA	NA	NA	NA	NA
2_13	14290	15216	927	-1	0.318	11	AAAA	GENOMAD.136125.PP	3.771e-37	145	0	1	0	1	NA	MOBB	NA	PF18976	Relaxase/Mobilisation nuclease domain
2_14	15209	15820	612	-1	0.327	11	TAA	GENOMAD.080166.PP	5.184e-08	55	0	0	0	1	NA	NA	NA	NA	NA
2_15	15902	16072	171	1	0.175	11	AAAA	NA	NA	NA	0	0	0	1	NA	NA	NA	NA	NA
2_16	17011	18297	1287	1	0.334	11	AATAA	NA	NA	NA	0	0	0	1	NA	NA	NA	NA	NA
2_17	18284	19177	894	1	0.320	11	AATAA	NA	NA	NA	0	0	0	1	NA	NA	NA	NA	NA
2_18	19330	20130	801	-1	0.333	11	TAA	GENOMAD.046894.PP	3.094e-31	126	0	0	0	1	NA	NA	NA	NA	NA
2_19	20916	21146	231	-1	0.416	11	None	GENOMAD.219723.VP	2.62e-22	91	0	0	0	2561	Caudoviricetes	NA	NA	NA	NA
2_20	21707	22153	447	-1	0.304	11	TAAA	GENOMAD.225928.VP	3.514e-05	45	0	0	0	1	NA	NA	NA	PF20600	Exodeoxyribonuclease X-like C-terminal
2_21	22189	22527	339	-1	0.363	11	None	GENOMAD.214771.PV	7.358e-60	201	0	0	0	1	NA	NA	NA	NA	NA
2_22	22524	22862	339	-1	0.357	11	None	NA	NA	NA	0	0	0	1	NA	NA	NA	NA	NA
2_23	22894	23097	204	-1	0.392	11	AATAA	GENOMAD.223038.VP	1.034e-34	126	0	0	0	2561	Caudoviricetes	NA	NA	NA	NA
2_24	23152	23337	186	-1	0.328	11	TATAA	NA	NA	NA	0	0	0	1	NA	NA	NA	NA	NA
2_25	23337	23678	342	-1	0.336	11	None	NA	NA	NA	0	0	0	1	NA	NA	NA	NA	NA
2_26	23865	24323	459	-1	0.309	11	TAA	NA	NA	NA	0	0	0	1	NA	NA	NA	NA	NA
2_27	24353	24628	276	-1	0.348	11	AAAA	GENOMAD.036265.PP	1.086e-45	159	0	0	0	1	NA	NA	NA	NA	NA
2_28	24612	24824	213	-1	0.296	11	TAA	NA	NA	NA	0	0	0	1	NA	NA	NA	NA	NA
2_29	25130	25717	588	-1	0.354	11	TAA	NA	NA	NA	0	0	0	1	NA	NA	NA	NA	NA
2_30	26340	27968	1629	-1	0.349	11	AAAAA	NA	NA	NA	0	0	0	1	NA	NA	NA	NA	NA
2_31	28137	28388	252	-1	0.325	11	TAA	NA	NA	NA	0	0	0	1	NA	NA	NA	NA	NA
2_32	28432	28791	360	-1	0.347	11	TAA	GENOMAD.224212.VP	7.272e-15	72	0	0	0	2561	Caudoviricetes	NA	NA	NA	NA
2_33	29274	29852	579	-1	0.416	11	AATAA	NA	NA	NA	0	0	0	1	NA	NA	NA	NA	NA
2_34	29917	30168	252	-1	0.313	11	TAA	NA	NA	NA	0	0	0	1	NA	NA	NA	NA	NA
2_35	30152	30511	360	-1	0.350	11	None	GENOMAD.071829.PP	1.359e-07	51	0	0	0	1	NA	NA	NA	NA	NA
2_36	30495	31079	585	-1	0.376	11	TAA	NA	NA	NA	0	0	0	1	NA	NA	NA	NA	NA
2_37	31042	32181	1140	-1	0.358	11	AATAA	NA	NA	NA	0	0	0	1	NA	NA	NA	NA	NA
2_38	32192	33205	1014	-1	0.404	11	AATAA	NA	NA	NA	0	0	0	1	NA	NA	NA	NA	NA
2_39	33210	33851	642	-1	0.357	11	TATAA	GENOMAD.096144.PP	1.078e-61	212	0	1	0	1	NA	NA	NA	PF11393;TIGR03781;COG3736;K20531	Bacteroides conjugative transposon TraK protein
2_40	34189	35301	1113	1	0.405	11	None	NA	NA	NA	0	0	0	1	NA	NA	NA	NA	NA
2_41	35346	36131	786	-1	0.377	11	AAAA	GENOMAD.096143.PP	3.063e-28	117	0	1	0	1	NA	NA	NA	PF04610;TIGR02783;COG3846;K03201	P-type conjugative transfer protein TrbL
2_42	36131	36685	555	-1	0.355	11	TAA	NA	NA	NA	0	0	0	1	NA	NA	NA	NA	NA
2_43	36682	39114	2433	-1	0.363	11	AAAAA	NA	NA	NA	0	0	0	1	NA	NA	NA	NA	NA
2_44	39107	39433	327	-1	0.339	11	TAA	NA	NA	NA	0	0	0	1	NA	NA	NA	NA	NA
2_45	39441	39752	312	-1	0.378	11	TAA	GENOMAD.099116.PP	7.693e-08	51	0	0	0	1	NA	NA	NA	NA	NA
2_46	39760	40548	789	-1	0.374	11	AATAA	GENOMAD.221263.CP	9.057e-05	46	0	0	0	1	NA	NA	NA	PF15415	Fimbrillin-like
2_47	40553	43216	2664	-1	0.415	11	AATAA	GENOMAD.198157.VP	5.096e-64	241	0	0	0	2561	Caudoviricetes	NA	NA	NA	NA
2_48	43225	44169	945	-1	0.404	11	TAA	GENOMAD.151075.PC	1.237e-28	120	0	0	0	1	NA	NA	NA	PF13149;PF16408;COG5567	Fimbrillin-like
2_49	44182	45069	888	-1	0.378	11	TAAA	GENOMAD.056146.PP	1.654e-28	119	0	0	0	1	NA	NA	NA	PF17145	NA
2_50	45066	47120	2055	-1	0.383	11	TAA	NA	NA	NA	0	0	0	1	NA	NA	NA	NA	NA
2_51	47165	47920	756	-1	0.357	11	TAA	NA	NA	NA	0	0	0	1	NA	NA	NA	NA	NA
2_52	47933	48433	501	-1	0.369	11	TAAA	NA	NA	NA	0	0	0	1	NA	NA	NA	NA	NA
2_53	48449	48997	549	-1	0.386	11	None	NA	NA	NA	0	0	0	1	NA	NA	NA	NA	NA
2_54	49415	49639	225	1	0.378	11	None	NA	NA	NA	0	0	0	1	NA	NA	NA	NA	NA
2_55	49681	50709	1029	-1	0.354	11	TAAAA	NA	NA	NA	0	0	0	1	NA	NA	NA	NA	NA
2_56	50754	52079	1326	-1	0.406	11	AAAA	NA	NA	NA	0	0	0	1	NA	NA	NA	NA	NA
2_57	52398	52982	585	-1	0.405	11	AATAA	NA	NA	NA	0	0	0	1	NA	NA	NA	NA	NA
2_58	53251	54042	792	1	0.367	11	TAA	NA	NA	NA	0	0	0	1	NA	NA	NA	NA	NA
2_59	54125	54943	819	1	0.349	11	AAAAAA	NA	NA	NA	0	0	0	1	NA	NA	NA	NA	NA
2_60	54951	55187	237	1	0.350	11	TAA	NA	NA	NA	0	0	0	1	NA	NA	NA	NA	NA
2_61	55333	57129	1797	1	0.376	11	AAAA	GENOMAD.151075.PC	7.059e-149	484	0	0	0	1	NA	NA	NA	PF13149;PF16408;COG5567	Fimbrillin-like
2_62	57274	57477	204	1	0.333	11	AATAA	NA	NA	NA	0	0	0	1	NA	NA	NA	NA	NA
2_63	57470	59092	1623	1	0.345	11	AATAA	NA	NA	NA	0	0	0	1	NA	NA	NA	NA	NA
2_64	59111	60754	1644	1	0.389	11	TAA	NA	NA	NA	0	0	0	1	NA	NA	NA	NA	NA
2_65	60776	61213	438	1	0.326	11	TATAA	GENOMAD.197009.PC	2.521e-29	115	0	0	0	2561	Caudoviricetes	NA	NA	PF08989	NA
2_66	61203	66686	5484	1	0.372	11	AAA	GENOMAD.208926.PC	8.22e-05	50	0	0	0	1	NA	NA	NA	NA	NA
2_67	66719	68455	1737	1	0.355	11	AAAA	NA	NA	NA	0	0	0	1	NA	NA	NA	NA	NA
2_68	68518	70152	1635	1	0.366	11	AAAAA	GENOMAD.221005.PV	8.449e-33	138	0	0	0	2561	Caudoviricetes	NA	NA	PF13662;TIGR01391;COG0358;K02316	DNA primase, catalytic core
2_69	70658	71530	873	-1	0.420	11	TAA	GENOMAD.205883.VC	1.152e-11	68	0	0	0	12031	Mimiviridae	NA	NA	PF19580;COG5239;TIGR03395;K06896	mRNA deadenylase, 3'-5' endonuclease subunit Ccr4
2_70	71553	73307	1755	-1	0.454	11	TAA	GENOMAD.126246.CP	1.146e-13	77	0	0	0	1	NA	NA	NA	PF12771;K21572	Starch-binding associating with outer membrane
2_71	73318	76569	3252	-1	0.419	11	AAAAAA	GENOMAD.138253.CP	4.241e-08	60	0	0	0	1	NA	NA	NA	PF20598;TIGR04056	TonB-linked outer membrane protein, SusC/RagA family
2_72	77124	78083	960	1	0.382	11	AAAA	GENOMAD.221005.PV	2.801e-33	134	0	0	0	2561	Caudoviricetes	NA	NA	PF13662;TIGR01391;COG0358;K02316	DNA primase, catalytic core
3_1	2	2920	2919	1	0.425	11	None	GENOMAD.145895.CP	6.054e-07	56	0	0	0	1	NA	NA	NA	K21573;TIGR04056	TonB-linked outer membrane protein, SusC/RagA family
3_2	2955	4349	1395	1	0.429	11	TAA	GENOMAD.130364.CP	3.083e-35	144	0	0	0	1	NA	NA	NA	PF12741;K21572;COG5567	Susd and RagB outer membrane lipoprotein
3_3	4466	5719	1254	1	0.468	11	TAA	NA	NA	NA	0	0	0	1	NA	NA	NA	NA	NA
3_4	5744	7735	1992	1	0.484	11	AATAA	GENOMAD.177975.CP	4.624e-131	435	0	0	0	1	NA	NA	NA	PF16314;COG4801	NA
3_5	7788	10277	2490	1	0.501	11	None	GENOMAD.130431.CP	9.119e-10	65	0	0	0	1	NA	NA	NA	PF01433;PF12968;TIGR02414;K01256;COG0308	aminopeptidase N, Escherichia coli type
3_6	10720	12366	1647	1	0.491	11	TAA	GENOMAD.146304.CP	3.206e-81	284	0	0	0	1	NA	NA	NA	PF05681;COG1951;TIGR00722;K01677	Tartrate dehydratase alpha subunit/Fumarate hydratase class I, N-terminal domain
3_7	12500	13645	1146	1	0.473	11	TAAAAA	GENOMAD.168595.CP	2.187e-05	49	0	0	0	1	NA	NA	NA	PF01757;K21462;COG3936	Membrane-bound acyltransferase YfiQ, involved in biofilm formation
3_8	13670	15826	2157	1	0.491	11	TAAA	GENOMAD.198164.CP	7.643e-21	101	0	0	0	1	NA	NA	NA	PF12971	Alpha-N-acetylglucosaminidase (NAGLU) N-terminal domain
3_9	15910	17565	1656	-1	0.492	11	AAAAA	GENOMAD.151588.CP	2.926e-11	69	0	0	0	1	NA	NA	NA	PF13520;TIGR00906;K03294;COG1113	cationic amino acid transport permease
3_10	17823	19148	1326	-1	0.469	11	TAAA	GENOMAD.128997.CP	1.011e-45	175	0	0	0	1	NA	NA	NA	PF02321;TIGR01844;K12340;COG1538	type I secretion outer membrane protein, TolC family
3_11	19145	22180	3036	-1	0.488	11	TAA	NA	NA	NA	0	0	0	1	NA	NA	NA	NA	NA
3_12	22195	23277	1083	-1	0.469	11	TAA	NA	NA	NA	0	0	0	1	NA	NA	NA	NA	NA
3_13	23381	24694	1314	-1	0.341	11	TAA	GENOMAD.147664.PC	1.526e-73	257	0	0	0	1	NA	NA	NA	PF00529;TIGR01843;K02022;COG1566	type I secretion membrane fusion protein, HlyD family
3_14	24706	26877	2172	-1	0.374	11	AAAA	GENOMAD.074915.VV	0.0009162	45	0	0	1	2561	Caudoviricetes	NA	NA	PF18751;COG0125	NA
3_15	27122	27841	720	-1	0.257	11	AAAA	NA	NA	NA	0	0	0	1	NA	NA	NA	NA	NA
3_16	27920	28264	345	-1	0.403	11	TAA	NA	NA	NA	0	0	0	1	NA	NA	NA	NA	NA
3_17	28277	28405	129	-1	0.364	11	TAAAAA	NA	NA	NA	0	0	0	1	NA	NA	NA	NA	NA
3_18	28493	30055	1563	-1	0.347	11	AAAAA	NA	NA	NA	0	0	0	1	NA	NA	NA	NA	NA
3_19	30052	31305	1254	-1	0.314	11	AAA	NA	NA	NA	0	0	0	1	NA	NA	NA	NA	NA
3_20	32051	32239	189	1	0.407	11	TAA	NA	NA	NA	0	0	0	1	NA	NA	NA	NA	NA
3_21	32273	33205	933	-1	0.472	11	TATAA	GENOMAD.108638.CP	9.363e-62	217	0	0	0	1	NA	NA	NA	PF03193;PF01176;K06949;TIGR00157;COG1162	ribosome small subunit-dependent GTPase A
3_22	33305	33865	561	-1	0.471	11	TAAA	NA	NA	NA	0	0	0	1	NA	NA	NA	NA	NA
3_23	33992	35050	1059	-1	0.387	11	TAA	NA	NA	NA	0	0	0	1	NA	NA	NA	NA	NA
3_24	35058	35612	555	-1	0.380	11	TAA	GENOMAD.148499.CP	2.94e-36	137	0	0	0	1	NA	NA	NA	PF13645;PF16339;COG3034	Murein L,D-transpeptidase YafK
3_25	35623	38418	2796	-1	0.416	11	AACAA	NA	NA	NA	0	0	0	1	NA	NA	NA	NA	NA
3_26	38446	40035	1590	-1	0.409	11	TAAAAA	NA	NA	NA	0	0	0	1	NA	NA	NA	NA	NA
3_27	40075	40923	849	-1	0.386	11	TAA	NA	NA	NA	0	0	0	1	NA	NA	NA	NA	NA
3_28	41025	41174	150	-1	0.293	11	TAA	NA	NA	NA	0	0	0	1	NA	NA	NA	NA	NA
3_29	41680	42390	711	-1	0.482	11	TAA	GENOMAD.000060.CC	1.826e-47	172	1	0	0	1	NA	NA	NA	PF00696;K09903;TIGR02075;COG0528	uridylate kinase
3_30	42464	43783	1320	-1	0.461	11	TAA	GENOMAD.133621.CP	3.986e-107	355	0	0	0	1	NA	NA	NA	PF07260;K03327;COG0534;TIGR00797	Na+-driven multidrug efflux pump
3_31	43921	44604	684	1	0.428	11	TAA	GENOMAD.114424.CP	8.319e-115	366	0	0	0	1	NA	NA	NA	PF09976;TIGR03302;COG5010;K02656	outer membrane assembly lipoprotein YfiO
3_32	44628	45953	1326	-1	0.407	11	TAAAAA	GENOMAD.216440.CP	3.509e-15	81	0	0	0	1	NA	NA	NA	PF05572;PF16339;TIGR03952;COG5633	zinc-dependent metalloproteinase lipoprotein, BF0631 family
3_33	46023	46778	756	-1	0.402	11	TAAAAA	GENOMAD.104118.CP	2.626e-09	60	1	0	0	1	NA	NA	NA	PF03099;COG0340;TIGR00121;K01947	Biotin-(acetyl-CoA carboxylase) ligase
3_34	46762	47118	357	-1	0.373	11	TAA	GENOMAD.142658.CP	2.353e-18	82	0	0	0	2561	Caudoviricetes	NA	NA	PF19694;COG2315	Predicted DNA-binding protein with double-wing structural motif, MmcQ/YjbR family
3_35	47124	47489	366	-1	0.415	11	TAAAA	GENOMAD.076338.CV	6.052e-09	55	0	0	0	1	NA	NA	NA	PF02021;COG0792;TIGR00252;K07460	Predicted endonuclease distantly related to archaeal Holliday junction resolvase
3_36	47572	47805	234	1	0.385	11	TAAA	GENOMAD.056733.CC	1.831e-41	146	0	0	0	1	NA	NA	NA	PF19514;COG4453	MobC-like protein
3_37	47810	48247	438	1	0.450	11	TAA	NA	NA	NA	0	0	0	1	NA	NA	NA	NA	NA
3_38	48260	48550	291	-1	0.412	11	TAAA	NA	NA	NA	0	0	0	1	NA	NA	NA	NA	NA
3_39	48613	49323	711	-1	0.404	11	TAAAAA	GENOMAD.120745.CP	1.523e-39	149	0	0	0	1	NA	NA	NA	PF01066;K17103;COG1183;TIGR04217	Phosphatidylserine synthase
3_40	49334	50020	687	-1	0.432	11	TAAA	NA	NA	NA	0	0	0	1	NA	NA	NA	NA	NA
3_41	50082	53978	3897	1	0.439	11	TAAAAA	GENOMAD.065723.VV	1.225e-48	194	0	0	0	2561	Caudoviricetes	NA	NA	PF07733;PF02811;K02337;TIGR00594;COG0587	DNA-directed DNA polymerase III (polc)
3_42	54038	54352	315	1	0.406	11	TAA	GENOMAD.142879.CP	4.341e-06	46	0	0	0	1	NA	NA	NA	PF03190;PF10345;COG3118;TIGR02738;K03672	Negative regulator of GroEL, contains thioredoxin-like and TPR-like domains
3_43	54379	54714	336	1	0.435	11	TAAAAA	GENOMAD.054328.CC	1.561e-59	200	0	0	0	1	NA	NA	NA	NA	NA
3_44	54944	55675	732	-1	0.423	11	TAA	GENOMAD.142639.CP	1.02e-37	144	0	0	0	1	NA	NA	NA	PF06271;COG1714	Uncharacterized membrane protein YckC, RDD family
3_45	55777	56739	963	1	0.438	11	None	GENOMAD.145273.CP	7.976e-108	351	0	0	0	1	NA	NA	NA	PF01944;COG1300	Uncharacterized membrane protein SpoIIM, required for sporulation
3_46	56720	57652	933	1	0.406	11	AAA	GENOMAD.041043.CC	6.538e-150	472	0	0	0	1	NA	NA	NA	PF10110;COG4781	Membrane domain of glycerophosphoryl diester phosphodiesterase
3_47	57666	58289	624	1	0.444	11	TAAA	GENOMAD.014808.CC	1.707e-105	338	0	0	0	1	NA	NA	NA	PF13559	NA
3_48	58286	59533	1248	1	0.464	11	AAA	GENOMAD.012140.CC	1.376e-184	578	0	0	0	1	NA	NA	NA	PF14258	Lacto-N-biose phosphorylase central domain
3_49	59597	60592	996	1	0.466	11	TAAAAA	NA	NA	NA	0	0	0	1	NA	NA	NA	NA	NA
3_50	60595	61905	1311	1	0.462	11	TAAA	GENOMAD.125962.CP	2.582e-26	116	0	0	0	1	NA	NA	NA	PF01882;COG1721	Uncharacterized conserved protein, DUF58 family, contains vWF domain
3_51	61897	62121	225	-1	0.471	11	TAA	NA	NA	NA	0	0	0	1	NA	NA	NA	NA	NA
3_52	62133	62552	420	-1	0.452	11	TAAAAA	GENOMAD.073851.CV	4.931e-19	85	1	0	0	1	NA	NA	NA	PF13238;K06925;TIGR00150;COG0802	tRNA threonylcarbamoyl adenosine modification protein YjeE
3_53	62568	63377	810	-1	0.479	11	TAA	NA	NA	NA	0	0	0	1	NA	NA	NA	NA	NA
3_54	63416	63838	423	-1	0.470	11	AAAA	GENOMAD.047368.CC	2.568e-68	227	0	0	0	2561	Caudoviricetes	NA	NA	NA	NA
3_55	63941	64942	1002	1	0.474	11	AAA	NA	NA	NA	0	0	0	1	NA	NA	NA	NA	NA
3_56	64908	66122	1215	1	0.461	11	TAAA	GENOMAD.021308.CC	5.807e-57	207	0	0	0	1	NA	NA	NA	NA	NA
3_57	66261	68546	2286	1	0.503	11	TAAAA	GENOMAD.145608.CP	7.355e-139	462	0	0	0	2561	Caudoviricetes	NA	NA	COG3537	Putative alpha-1,2-mannosidase
3_58	68823	69668	846	1	0.316	11	TAA	GENOMAD.147817.CP	5.553e-27	114	0	0	0	1	NA	NA	NA	PF20240;PF12833;TIGR02297;K02855;COG2207	4-hydroxyphenylacetate catabolism regulatory protein HpaA
3_59	69665	70639	975	1	0.329	11	TAA	GENOMAD.169839.CP	1.582e-24	108	0	0	0	1	NA	NA	NA	PF10100;TIGR00745;K00077;COG1893	2-dehydropantoate 2-reductase
4_1	234	1373	1140	-1	0.419	11	AAA	GENOMAD.119413.CP	6.361e-12	70	0	0	0	2561	Caudoviricetes	NA	NA	COG0628	Predicted PurR-regulated permease PerM
4_2	1437	2036	600	-1	0.452	11	TAA	NA	NA	NA	0	0	0	1	NA	NA	NA	NA	NA
4_3	2041	2823	783	1	0.421	11	AATAA	GENOMAD.171290.CP	9.178e-48	174	0	0	0	1	NA	NA	NA	NA	NA
4_4	2842	3516	675	1	0.456	11	TAAAAA	NA	NA	NA	0	0	0	1	NA	NA	NA	NA	NA
4_5	3552	4409	858	1	0.410	11	TAA	NA	NA	NA	0	0	0	1	NA	NA	NA	NA	NA
4_6	4500	5192	693	1	0.385	11	None	GENOMAD.153596.CP	1.621e-06	51	0	0	0	1	NA	NA	NA	PF12689;TIGR03351;K20862;COG0241	phosphonatase-like hydrolase
4_7	5249	5893	645	1	0.411	11	TAAAAA	GENOMAD.124379.CP	2.657e-18	86	0	0	0	1	NA	NA	NA	COG2095	Small neutral amino acid transporter SnatA, MarC family
4_8	6003	7598	1596	-1	0.411	11	TAAAAA	GENOMAD.141483.CP	1.277e-19	96	0	0	0	1	NA	NA	NA	PF12741;PF16408;COG4939	Susd and RagB outer membrane lipoprotein
4_9	7610	10570	2961	-1	0.412	11	None	GENOMAD.145895.CP	9.801e-37	154	0	0	0	1	NA	NA	NA	K21573;TIGR04056	TonB-linked outer membrane protein, SusC/RagA family
5_1	1	981	981	1	0.383	11	None	NA	NA	NA	0	0	0	1	NA	NA	NA	NA	NA
5_2	1010	1210	201	1	0.443	11	AAAAA	GENOMAD.162139.PV	3.964e-36	130	0	0	0	2561	Caudoviricetes	NA	NA	NA	NA
5_3	1177	1290	114	-1	0.281	11	TAAA	NA	NA	NA	0	0	0	1	NA	NA	NA	NA	NA
5_4	1324	1866	543	1	0.444	11	TAA	GENOMAD.134034.PV	9.576e-82	268	0	0	0	1	NA	NA	NA	NA	NA
5_5	1877	2407	531	1	0.284	11	TAAA	NA	NA	NA	0	0	0	1	NA	NA	NA	NA	NA
5_6	3359	4183	825	-1	0.461	11	AAA	GENOMAD.206182.CP	2.443e-20	94	0	0	0	1	NA	NA	NA	NA	NA
5_7	4327	4839	513	1	0.404	11	TAA	GENOMAD.159045.CP	2.841e-39	145	0	0	0	2561	Caudoviricetes	NA	NF000261	PF04299;COG2808;TIGR04110;K09979	Predicted FMN-binding regulatory protein PaiB
5_8	5038	5451	414	1	0.394	11	None	NA	NA	NA	0	0	0	1	NA	NA	NA	NA	NA
5_9	5363	6262	900	-1	0.496	11	AAAA	GENOMAD.136356.PP	1.567e-33	134	0	1	0	1	NA	MOBB	NA	PF18976	NA
5_10	6259	6861	603	-1	0.466	11	TATAA	NA	NA	NA	0	0	0	1	NA	NA	NA	NA	NA
5_11	7351	7572	222	-1	0.500	11	TAAAA	NA	NA	NA	0	0	0	1	NA	NA	NA	NA	NA
5_12	7613	7879	267	-1	0.457	11	None	NA	NA	NA	0	0	0	1	NA	NA	NA	NA	NA
6_1	2	868	867	1	0.385	11	None	GENOMAD.151095.PV	1.339e-14	77	0	0	0	2561	Caudoviricetes	NA	NA	PF01076	Plasmid recombination enzyme
6_2	938	1708	771	-1	0.348	11	TAAAAA	GENOMAD.058519.PP	2.815e-141	444	0	0	0	1	NA	NA	NA	PF16408;COG5567	NA
6_3	1800	2261	462	1	0.335	11	TAAA	GENOMAD.060629.PP	2.717e-82	268	0	0	0	1	NA	NA	NA	PF16390;TIGR03066;COG4808	Gemmata obscuriglobus paralogous family TIGR03066
6_4	2265	3314	1050	-1	0.378	11	AAAA	GENOMAD.059256.PP	2.467e-55	200	0	0	0	1	NA	NA	NA	NA	NA
6_5	3534	3722	189	-1	0.471	11	AAAAA	NA	NA	NA	0	0	0	1	NA	NA	NA	NA	NA
6_6	3810	4208	399	-1	0.436	11	AATAA	GENOMAD.025517.PP	2.693e-80	261	0	0	0	1	NA	NA	NA	NA	NA
6_7	4245	4565	321	-1	0.427	11	AAAA	NA	NA	NA	0	0	0	1	NA	NA	NA	NA	NA
6_8	4559	4807	249	-1	0.438	11	TAAA	NA	NA	NA	0	0	0	1	NA	NA	NA	NA	NA
6_9	5213	5593	381	1	0.488	11	TAA	GENOMAD.151095.PV	3.181e-27	108	0	0	0	2561	Caudoviricetes	NA	NA	PF01076	Plasmid recombination enzyme
7_1	1	2835	2835	1	0.391	11	None	NA	NA	NA	0	0	0	1	NA	NA	NA	NA	NA
7_2	2853	4367	1515	1	0.386	11	None	GENOMAD.130364.CP	5.501e-34	141	0	0	0	1	NA	NA	NA	PF12741;K21572;COG5567	Susd and RagB outer membrane lipoprotein
8_1	594	1775	1182	-1	0.338	11	TAA	GENOMAD.057710.VV	5.209e-10	64	0	0	1	2561	Caudoviricetes	NA	NA	PF00589;PF04860;K07358;TIGR01537	Phage integrase family; Phage portal protein
8_2	2243	2428	186	1	0.398	11	AAAA	NA	NA	NA	0	0	0	1	NA	NA	NA	NA	NA
9_1	33	986	954	-1	0.438	11	None	NA	NA	NA	0	0	0	1	NA	NA	NA	NA	NA
9_2	1012	1242	231	-1	0.455	11	None	NA	NA	NA	0	0	0	1	NA	NA	NA	NA	NA
10_1	67	174	108	1	0.407	11	TATA	NA	NA	NA	0	0	0	1	NA	NA	NA	NA	NA
