locus_tag	ftype	length_bp	gene	EC_number	COG	product
LAGGGMOH_00001	gene	1674				
LAGGGMOH_00001	CDS	1674				IS1182 family transposase ISBf5
LAGGGMOH_00002	gene	240				
LAGGGMOH_00002	CDS	240				hypothetical protein
LAGGGMOH_00003	gene	396				
LAGGGMOH_00003	CDS	396				hypothetical protein
LAGGGMOH_00004	gene	324				
LAGGGMOH_00004	CDS	324				hypothetical protein
LAGGGMOH_00005	gene	450				
LAGGGMOH_00005	CDS	450				hypothetical protein
LAGGGMOH_00006	gene	288				
LAGGGMOH_00006	CDS	288				hypothetical protein
LAGGGMOH_00007	gene	306				
LAGGGMOH_00007	CDS	306				hypothetical protein
LAGGGMOH_00008	gene	303				
LAGGGMOH_00008	CDS	303				hypothetical protein
LAGGGMOH_00009	gene	294				
LAGGGMOH_00009	CDS	294				hypothetical protein
LAGGGMOH_00010	gene	747				
LAGGGMOH_00010	CDS	747				hypothetical protein
LAGGGMOH_00011	gene	1314	xerC_1			
LAGGGMOH_00011	CDS	1314	xerC_1			Tyrosine recombinase XerC
LAGGGMOH_00012	gene	1233	xerC_2			
LAGGGMOH_00012	CDS	1233	xerC_2			Tyrosine recombinase XerC
LAGGGMOH_00013	gene	2622				
LAGGGMOH_00013	CDS	2622				hypothetical protein
LAGGGMOH_00014	gene	261				
LAGGGMOH_00014	CDS	261				hypothetical protein
LAGGGMOH_00015	gene	3186				
LAGGGMOH_00015	CDS	3186			COG4771	TonB-dependent receptor P3
LAGGGMOH_00016	gene	1683				
LAGGGMOH_00016	CDS	1683				hypothetical protein
LAGGGMOH_00017	gene	954				
LAGGGMOH_00017	CDS	954				hypothetical protein
LAGGGMOH_00018	gene	1452				
LAGGGMOH_00018	CDS	1452				hypothetical protein
LAGGGMOH_00019	gene	3654	lacZ_1			
LAGGGMOH_00019	CDS	3654	lacZ_1	3.2.1.23	COG3250	Beta-galactosidase
LAGGGMOH_00020	gene	153				
LAGGGMOH_00020	CDS	153				hypothetical protein
LAGGGMOH_00021	gene	1251	aroA			
LAGGGMOH_00021	CDS	1251	aroA	2.5.1.19	COG0128	3-phosphoshikimate 1-carboxyvinyltransferase
LAGGGMOH_00022	gene	876				
LAGGGMOH_00022	CDS	876				hypothetical protein
LAGGGMOH_00023	gene	1170	rcsC_1			
LAGGGMOH_00023	CDS	1170	rcsC_1	2.7.13.3		Sensor histidine kinase RcsC
LAGGGMOH_00024	gene	1962				
LAGGGMOH_00024	CDS	1962		3.2.1.52	COG3525	Beta-hexosaminidase
LAGGGMOH_00025	gene	1320				
LAGGGMOH_00025	CDS	1320				hypothetical protein
LAGGGMOH_00026	gene	1035	emrA_1			
LAGGGMOH_00026	CDS	1035	emrA_1			Colistin resistance protein EmrA
LAGGGMOH_00027	gene	1581				
LAGGGMOH_00027	CDS	1581				hypothetical protein
LAGGGMOH_00028	gene	1089	wecH_1			
LAGGGMOH_00028	CDS	1089	wecH_1	2.3.1.-		O-acetyltransferase WecH
LAGGGMOH_00029	gene	75				
LAGGGMOH_00029	tRNA	75				tRNA-Pro(ggg)
LAGGGMOH_00030	gene	1062	aroB			
LAGGGMOH_00030	CDS	1062	aroB	4.2.3.4	COG0337	3-dehydroquinate synthase
LAGGGMOH_00031	gene	405				
LAGGGMOH_00031	CDS	405				hypothetical protein
LAGGGMOH_00032	gene	2892				
LAGGGMOH_00032	CDS	2892				hypothetical protein
LAGGGMOH_00033	gene	1440	clsA_1			
LAGGGMOH_00033	CDS	1440	clsA_1	2.7.8.-	COG1502	Major cardiolipin synthase ClsA
LAGGGMOH_00034	gene	492				
LAGGGMOH_00034	CDS	492		2.1.1.-	COG0742	RNA/DNA methyltransferase
LAGGGMOH_00035	gene	795				
LAGGGMOH_00035	CDS	795				hypothetical protein
LAGGGMOH_00036	gene	684				
LAGGGMOH_00036	CDS	684				hypothetical protein
LAGGGMOH_00037	gene	1419	recD2_1			
LAGGGMOH_00037	CDS	1419	recD2_1	5.6.2.3		ATP-dependent RecD2 DNA helicase
LAGGGMOH_00038	gene	1734				
LAGGGMOH_00038	CDS	1734				hypothetical protein
LAGGGMOH_00039	gene	3417				
LAGGGMOH_00039	CDS	3417			COG4771	TonB-dependent receptor P3
LAGGGMOH_00040	gene	2226				
LAGGGMOH_00040	CDS	2226				hypothetical protein
LAGGGMOH_00041	gene	2268				
LAGGGMOH_00041	CDS	2268				hypothetical protein
LAGGGMOH_00042	gene	999				
LAGGGMOH_00042	CDS	999				hypothetical protein
LAGGGMOH_00043	gene	555	sigW_1			
LAGGGMOH_00043	CDS	555	sigW_1		COG1595	ECF RNA polymerase sigma factor SigW
LAGGGMOH_00044	gene	2202				
LAGGGMOH_00044	CDS	2202				hypothetical protein
LAGGGMOH_00045	gene	1194	bcr			
LAGGGMOH_00045	CDS	1194	bcr		COG2814	Bicyclomycin resistance protein
LAGGGMOH_00046	gene	855				
LAGGGMOH_00046	CDS	855				hypothetical protein
LAGGGMOH_00047	gene	2619	alaS			
LAGGGMOH_00047	CDS	2619	alaS	6.1.1.7	COG0013	Alanine--tRNA ligase
LAGGGMOH_00048	gene	969				
LAGGGMOH_00048	CDS	969				hypothetical protein
LAGGGMOH_00049	gene	366				
LAGGGMOH_00049	CDS	366				hypothetical protein
LAGGGMOH_00050	gene	2247	spoT			
LAGGGMOH_00050	CDS	2247	spoT	3.1.7.2	COG0317	Guanosine-3',5'-bis(diphosphate) 3'-pyrophosphohydrolase
LAGGGMOH_00051	gene	1299				
LAGGGMOH_00051	CDS	1299				hypothetical protein
LAGGGMOH_00052	gene	870				
LAGGGMOH_00052	CDS	870				hypothetical protein
LAGGGMOH_00053	gene	891	parB			
LAGGGMOH_00053	CDS	891	parB		COG1475	putative chromosome-partitioning protein ParB
LAGGGMOH_00054	gene	768	soj_1			
LAGGGMOH_00054	CDS	768	soj_1	3.6.4.-	COG1192	Sporulation initiation inhibitor protein Soj
LAGGGMOH_00055	gene	768	surE			
LAGGGMOH_00055	CDS	768	surE	3.1.3.5	COG0496	5'-nucleotidase SurE
LAGGGMOH_00056	gene	1134	lpxB			
LAGGGMOH_00056	CDS	1134	lpxB	2.4.1.182	COG0763	Lipid-A-disaccharide synthase
LAGGGMOH_00057	gene	741				
LAGGGMOH_00057	CDS	741				hypothetical protein
LAGGGMOH_00058	gene	840				
LAGGGMOH_00058	CDS	840				hypothetical protein
LAGGGMOH_00059	gene	1989	ftsH			
LAGGGMOH_00059	CDS	1989	ftsH	3.4.24.-	COG0465	ATP-dependent zinc metalloprotease FtsH
LAGGGMOH_00060	gene	360	rsfS			
LAGGGMOH_00060	CDS	360	rsfS		COG0799	Ribosomal silencing factor RsfS
LAGGGMOH_00061	gene	72				
LAGGGMOH_00061	tRNA	72				tRNA-Gln(ctg)
LAGGGMOH_00062	gene	1851				
LAGGGMOH_00062	CDS	1851				hypothetical protein
LAGGGMOH_00063	gene	1341	mgtE			
LAGGGMOH_00063	CDS	1341	mgtE		COG2239	Magnesium transporter MgtE
LAGGGMOH_00064	gene	843	rsmA			
LAGGGMOH_00064	CDS	843	rsmA	2.1.1.182	COG0030	Ribosomal RNA small subunit methyltransferase A
LAGGGMOH_00065	gene	1002				
LAGGGMOH_00065	CDS	1002				hypothetical protein
LAGGGMOH_00066	gene	1458	pepD_1			
LAGGGMOH_00066	CDS	1458	pepD_1	3.4.13.18	COG2195	Cytosol non-specific dipeptidase
LAGGGMOH_00067	gene	1683				
LAGGGMOH_00067	CDS	1683				hypothetical protein
LAGGGMOH_00068	gene	1152				
LAGGGMOH_00068	CDS	1152				hypothetical protein
LAGGGMOH_00069	gene	2751				
LAGGGMOH_00069	CDS	2751				hypothetical protein
LAGGGMOH_00070	gene	741				
LAGGGMOH_00070	CDS	741				hypothetical protein
LAGGGMOH_00071	gene	5781				
LAGGGMOH_00071	CDS	5781				hypothetical protein
LAGGGMOH_00072	gene	1089				
LAGGGMOH_00072	CDS	1089				hypothetical protein
LAGGGMOH_00073	gene	1092				
LAGGGMOH_00073	CDS	1092		3.6.-.-	COG1703	putative GTPase
LAGGGMOH_00074	gene	942				
LAGGGMOH_00074	CDS	942				hypothetical protein
LAGGGMOH_00075	gene	828				
LAGGGMOH_00075	CDS	828				hypothetical protein
LAGGGMOH_00076	gene	1017				
LAGGGMOH_00076	CDS	1017				hypothetical protein
LAGGGMOH_00077	gene	1248	ybdG_1			
LAGGGMOH_00077	CDS	1248	ybdG_1		COG0668	Mechanosensing system component YbdG
LAGGGMOH_00078	gene	894	rhaS_1			
LAGGGMOH_00078	CDS	894	rhaS_1			HTH-type transcriptional activator RhaS
LAGGGMOH_00079	gene	873				
LAGGGMOH_00079	CDS	873				hypothetical protein
LAGGGMOH_00080	gene	348				
LAGGGMOH_00080	CDS	348				hypothetical protein
LAGGGMOH_00081	gene	369				
LAGGGMOH_00081	CDS	369				hypothetical protein
LAGGGMOH_00082	gene	537	rfaH_1			
LAGGGMOH_00082	CDS	537	rfaH_1			Transcription antitermination protein RfaH
LAGGGMOH_00083	gene	489				
LAGGGMOH_00083	CDS	489				hypothetical protein
LAGGGMOH_00084	gene	882	rmlA			
LAGGGMOH_00084	CDS	882	rmlA	2.7.7.24		Glucose-1-phosphate thymidylyltransferase
LAGGGMOH_00085	gene	414	fdtA_1			
LAGGGMOH_00085	CDS	414	fdtA_1	5.3.2.3		TDP-4-oxo-6-deoxy-alpha-D-glucose-3,4-oxoisomerase
LAGGGMOH_00086	gene	411	fdtA_2			
LAGGGMOH_00086	CDS	411	fdtA_2	5.3.2.3		TDP-4-oxo-6-deoxy-alpha-D-glucose-3,4-oxoisomerase
LAGGGMOH_00087	gene	1101	megDII			
LAGGGMOH_00087	CDS	1101	megDII	2.6.1.106		dTDP-3-amino-3,4,6-trideoxy-alpha-D-glucose transaminase
LAGGGMOH_00088	gene	1512				
LAGGGMOH_00088	CDS	1512				hypothetical protein
LAGGGMOH_00089	gene	1323	fom1			
LAGGGMOH_00089	CDS	1323	fom1			Fosfomycin biosynthesis bifunctional protein Fom1
LAGGGMOH_00090	gene	1146	bcpC			
LAGGGMOH_00090	CDS	1146	bcpC	4.1.1.82		Phosphonopyruvate decarboxylase
LAGGGMOH_00091	gene	1140				
LAGGGMOH_00091	CDS	1140				hypothetical protein
LAGGGMOH_00092	gene	873				
LAGGGMOH_00092	CDS	873				hypothetical protein
LAGGGMOH_00093	gene	861	arnC_1			
LAGGGMOH_00093	CDS	861	arnC_1	2.4.2.53		Undecaprenyl-phosphate 4-deoxy-4-formamido-L-arabinose transferase
LAGGGMOH_00094	gene	1062				
LAGGGMOH_00094	CDS	1062				hypothetical protein
LAGGGMOH_00095	gene	936				
LAGGGMOH_00095	CDS	936				hypothetical protein
LAGGGMOH_00096	gene	1200				
LAGGGMOH_00096	CDS	1200				hypothetical protein
LAGGGMOH_00097	gene	1026				
LAGGGMOH_00097	CDS	1026				hypothetical protein
LAGGGMOH_00098	gene	1029	capD_1			
LAGGGMOH_00098	CDS	1029	capD_1	5.1.3.2	COG1086	UDP-glucose 4-epimerase
LAGGGMOH_00099	gene	1152	wbjC_1			
LAGGGMOH_00099	CDS	1152	wbjC_1	1.1.1.367		UDP-2-acetamido-2,6-beta-L-arabino-hexul-4-ose reductase
LAGGGMOH_00100	gene	1140	wbpI_1			
LAGGGMOH_00100	CDS	1140	wbpI_1	5.1.3.23		UDP-2,3-diacetamido-2,3-dideoxy-D-glucuronate 2-epimerase
LAGGGMOH_00101	gene	1221				
LAGGGMOH_00101	CDS	1221				hypothetical protein
LAGGGMOH_00102	gene	897	gnu_1			
LAGGGMOH_00102	CDS	897	gnu_1	5.1.3.26	COG0451	N-acetyl-alpha-D-glucosaminyl-diphospho-ditrans,octacis-undecaprenol 4-epimerase
LAGGGMOH_00103	gene	951	wecA_1			
LAGGGMOH_00103	CDS	951	wecA_1	2.7.8.33		Undecaprenyl-phosphate alpha-N-acetylglucosaminyl 1-phosphate transferase
LAGGGMOH_00104	gene	588				
LAGGGMOH_00104	CDS	588				hypothetical protein
LAGGGMOH_00105	gene	447				
LAGGGMOH_00105	CDS	447				hypothetical protein
LAGGGMOH_00106	gene	1548				
LAGGGMOH_00106	CDS	1548				hypothetical protein
LAGGGMOH_00107	gene	1035	gpr			
LAGGGMOH_00107	CDS	1035	gpr	1.1.1.-	COG0667	L-glyceraldehyde 3-phosphate reductase
LAGGGMOH_00108	gene	2169				
LAGGGMOH_00108	CDS	2169		3.2.1.-	COG1472	Beta-xylosidase
LAGGGMOH_00109	gene	3138				
LAGGGMOH_00109	CDS	3138			COG4771	TonB-dependent receptor P3
LAGGGMOH_00110	gene	1668				
LAGGGMOH_00110	CDS	1668				hypothetical protein
LAGGGMOH_00111	gene	1143				
LAGGGMOH_00111	CDS	1143				hypothetical protein
LAGGGMOH_00112	gene	1782				
LAGGGMOH_00112	CDS	1782				hypothetical protein
LAGGGMOH_00113	gene	1374				
LAGGGMOH_00113	CDS	1374				hypothetical protein
LAGGGMOH_00114	gene	1848				
LAGGGMOH_00114	CDS	1848				hypothetical protein
LAGGGMOH_00115	gene	1116				
LAGGGMOH_00115	CDS	1116		3.2.1.78		Mannan endo-1,4-beta-mannosidase
LAGGGMOH_00116	gene	1302				
LAGGGMOH_00116	CDS	1302				hypothetical protein
LAGGGMOH_00117	gene	2439				
LAGGGMOH_00117	CDS	2439		3.2.1.-	COG1472	Beta-xylosidase
LAGGGMOH_00118	gene	1254				
LAGGGMOH_00118	CDS	1254				hypothetical protein
LAGGGMOH_00119	gene	639	glmS			
LAGGGMOH_00119	CDS	639	glmS	5.4.99.1		Glutamate mutase sigma subunit
LAGGGMOH_00120	gene	693				
LAGGGMOH_00120	CDS	693				hypothetical protein
LAGGGMOH_00121	gene	1005	hemE			
LAGGGMOH_00121	CDS	1005	hemE	4.1.1.37		Uroporphyrinogen decarboxylase
LAGGGMOH_00122	gene	1125	manA_1			
LAGGGMOH_00122	CDS	1125	manA_1	3.2.1.78	COG4124	Mannan endo-1,4-beta-mannosidase
LAGGGMOH_00123	gene	1173				
LAGGGMOH_00123	CDS	1173		2.4.1.281	COG2152	4-O-beta-D-mannosyl-D-glucose phosphorylase
LAGGGMOH_00124	gene	1389	yagG			
LAGGGMOH_00124	CDS	1389	yagG		COG2211	Putative glycoside/cation symporter YagG
LAGGGMOH_00125	gene	1194	bfce_1			
LAGGGMOH_00125	CDS	1194	bfce_1	5.1.3.11	COG2942	Cellobiose 2-epimerase
LAGGGMOH_00126	gene	1764				
LAGGGMOH_00126	CDS	1764				hypothetical protein
LAGGGMOH_00127	gene	1461				
LAGGGMOH_00127	CDS	1461				hypothetical protein
LAGGGMOH_00128	gene	1131	rutC			
LAGGGMOH_00128	CDS	1131	rutC	3.5.-.-		3-aminoacrylate deaminase RutC
LAGGGMOH_00129	gene	135				
LAGGGMOH_00129	CDS	135				hypothetical protein
LAGGGMOH_00130	gene	1149				
LAGGGMOH_00130	CDS	1149				hypothetical protein
LAGGGMOH_00131	gene	1275				
LAGGGMOH_00131	CDS	1275				hypothetical protein
LAGGGMOH_00132	gene	2700				
LAGGGMOH_00132	CDS	2700				hypothetical protein
LAGGGMOH_00133	gene	2760	rcsC_2			
LAGGGMOH_00133	CDS	2760	rcsC_2	2.7.13.3		Sensor histidine kinase RcsC
LAGGGMOH_00134	gene	1437	ndhB			
LAGGGMOH_00134	CDS	1437	ndhB	7.1.1.-	COG1007	NAD(P)H-quinone oxidoreductase subunit 2
LAGGGMOH_00135	gene	1485	ndhD1			
LAGGGMOH_00135	CDS	1485	ndhD1	7.1.1.-	COG1008	NAD(P)H-quinone oxidoreductase chain 4 1
LAGGGMOH_00136	gene	1911	nuoL			
LAGGGMOH_00136	CDS	1911	nuoL	7.1.1.-	COG1009	NADH-quinone oxidoreductase subunit L
LAGGGMOH_00137	gene	312				
LAGGGMOH_00137	CDS	312		7.1.1.-		NADH-quinone oxidoreductase subunit 11
LAGGGMOH_00138	gene	513	nuoJ			
LAGGGMOH_00138	CDS	513	nuoJ	7.1.1.-	COG0839	NADH-quinone oxidoreductase subunit J
LAGGGMOH_00139	gene	480	nuoI			
LAGGGMOH_00139	CDS	480	nuoI	7.1.1.-	COG1143	NADH-quinone oxidoreductase subunit I
LAGGGMOH_00140	gene	1077	nuoH			
LAGGGMOH_00140	CDS	1077	nuoH	7.1.1.-	COG1005	NADH-quinone oxidoreductase subunit H
LAGGGMOH_00141	gene	1593	nuoC2			
LAGGGMOH_00141	CDS	1593	nuoC2	7.1.1.-	COG0649	NADH-quinone oxidoreductase subunit C/D 2
LAGGGMOH_00142	gene	582	nqo6			
LAGGGMOH_00142	CDS	582	nqo6	7.1.1.-	COG0377	NADH-quinone oxidoreductase subunit 6
LAGGGMOH_00143	gene	351	ndhC			
LAGGGMOH_00143	CDS	351	ndhC	7.1.1.-	COG0838	NAD(P)H-quinone oxidoreductase subunit 3
LAGGGMOH_00144	gene	378				
LAGGGMOH_00144	CDS	378				hypothetical protein
LAGGGMOH_00145	gene	1437	trkH			
LAGGGMOH_00145	CDS	1437	trkH		COG0168	Trk system potassium uptake protein TrkH
LAGGGMOH_00146	gene	1341	trkA			
LAGGGMOH_00146	CDS	1341	trkA		COG0569	Trk system potassium uptake protein TrkA
LAGGGMOH_00147	gene	1947	dxs_1			
LAGGGMOH_00147	CDS	1947	dxs_1	2.2.1.7	COG1154	1-deoxy-D-xylulose-5-phosphate synthase
LAGGGMOH_00148	gene	1341	estD			
LAGGGMOH_00148	CDS	1341	estD	3.1.1.1	COG1073	Esterase EstD
LAGGGMOH_00149	gene	303				
LAGGGMOH_00149	CDS	303				hypothetical protein
LAGGGMOH_00150	gene	1134				
LAGGGMOH_00150	CDS	1134				hypothetical protein
LAGGGMOH_00151	gene	648	gph			
LAGGGMOH_00151	CDS	648	gph	3.1.3.18	COG0546	Phosphoglycolate phosphatase
LAGGGMOH_00152	gene	1557				
LAGGGMOH_00152	CDS	1557		3.1.6.-	COG3119	N-acetylgalactosamine-6-O-sulfatase
LAGGGMOH_00153	gene	2079				
LAGGGMOH_00153	CDS	2079				hypothetical protein
LAGGGMOH_00154	gene	1383				
LAGGGMOH_00154	CDS	1383				hypothetical protein
LAGGGMOH_00155	gene	1446				
LAGGGMOH_00155	CDS	1446		3.1.6.-	COG3119	Endo-4-O-sulfatase
LAGGGMOH_00156	gene	1983				
LAGGGMOH_00156	CDS	1983				hypothetical protein
LAGGGMOH_00157	gene	3186				
LAGGGMOH_00157	CDS	3186			COG4771	TonB-dependent receptor P39
LAGGGMOH_00158	gene	4086	rcsC_3			
LAGGGMOH_00158	CDS	4086	rcsC_3	2.7.13.3		Sensor histidine kinase RcsC
LAGGGMOH_00159	gene	1497	exuT_1			
LAGGGMOH_00159	CDS	1497	exuT_1		COG2271	Hexuronate transporter
LAGGGMOH_00160	gene	1350				
LAGGGMOH_00160	CDS	1350				hypothetical protein
LAGGGMOH_00161	gene	1248				
LAGGGMOH_00161	CDS	1248				hypothetical protein
LAGGGMOH_00162	gene	3429				
LAGGGMOH_00162	CDS	3429				hypothetical protein
LAGGGMOH_00163	gene	801	tatC2			
LAGGGMOH_00163	CDS	801	tatC2		COG0805	Sec-independent protein translocase protein TatCy
LAGGGMOH_00164	gene	228	tatA			
LAGGGMOH_00164	CDS	228	tatA			Sec-independent protein translocase protein TatA
LAGGGMOH_00165	gene	2496				
LAGGGMOH_00165	CDS	2496		5.1.1.1		Alanine racemase
LAGGGMOH_00166	gene	987				
LAGGGMOH_00166	CDS	987				hypothetical protein
LAGGGMOH_00167	gene	366	mecI			
LAGGGMOH_00167	CDS	366	mecI			Methicillin resistance regulatory protein MecI
LAGGGMOH_00168	gene	1341				
LAGGGMOH_00168	CDS	1341				hypothetical protein
LAGGGMOH_00169	gene	114				
LAGGGMOH_00169	CDS	114				hypothetical protein
LAGGGMOH_00170	gene	2043				
LAGGGMOH_00170	CDS	2043				hypothetical protein
LAGGGMOH_00171	gene	1176				
LAGGGMOH_00171	CDS	1176				hypothetical protein
LAGGGMOH_00172	gene	312				
LAGGGMOH_00172	CDS	312				hypothetical protein
LAGGGMOH_00173	gene	1002	miaA_1			
LAGGGMOH_00173	CDS	1002	miaA_1	2.5.1.75	COG0324	tRNA dimethylallyltransferase
LAGGGMOH_00174	gene	669				
LAGGGMOH_00174	CDS	669				hypothetical protein
LAGGGMOH_00175	gene	768	lpxA_1			
LAGGGMOH_00175	CDS	768	lpxA_1	2.3.1.129	COG1043	Acyl-[acyl-carrier-protein]--UDP-N-acetylglucosamine O-acyltransferase
LAGGGMOH_00176	gene	1386	lpxC			
LAGGGMOH_00176	CDS	1386	lpxC	3.5.1.108		UDP-3-O-acyl-N-acetylglucosamine deacetylase
LAGGGMOH_00177	gene	1041	lpxD			
LAGGGMOH_00177	CDS	1041	lpxD	2.3.1.191		UDP-3-O-acylglucosamine N-acyltransferase
LAGGGMOH_00178	gene	1230				
LAGGGMOH_00178	CDS	1230				hypothetical protein
LAGGGMOH_00179	gene	825	pyrF			
LAGGGMOH_00179	CDS	825	pyrF	4.1.1.23	COG0284	Orotidine 5'-phosphate decarboxylase
LAGGGMOH_00180	gene	1113	prfA			
LAGGGMOH_00180	CDS	1113	prfA		COG0216	Peptide chain release factor RF1
LAGGGMOH_00181	gene	1167	purM			
LAGGGMOH_00181	CDS	1167	purM	6.3.3.1		Phosphoribosylformylglycinamidine cyclo-ligase
LAGGGMOH_00182	gene	186				
LAGGGMOH_00182	CDS	186				hypothetical protein
LAGGGMOH_00183	gene	129				
LAGGGMOH_00183	CDS	129				hypothetical protein
LAGGGMOH_00184	gene	582	lemA_1			
LAGGGMOH_00184	CDS	582	lemA_1		COG1704	Protein LemA
LAGGGMOH_00185	gene	924				
LAGGGMOH_00185	CDS	924				hypothetical protein
LAGGGMOH_00186	gene	951				
LAGGGMOH_00186	CDS	951				hypothetical protein
LAGGGMOH_00187	gene	744	aroE			
LAGGGMOH_00187	CDS	744	aroE	1.1.1.25	COG0169	Shikimate dehydrogenase (NADP(+))
LAGGGMOH_00188	gene	738	ubiE_1			
LAGGGMOH_00188	CDS	738	ubiE_1	2.1.1.163	COG2226	Ubiquinone/menaquinone biosynthesis C-methyltransferase UbiE
LAGGGMOH_00189	gene	942	purC			
LAGGGMOH_00189	CDS	942	purC	6.3.2.6	COG0152	Phosphoribosylaminoimidazole-succinocarboxamide synthase
LAGGGMOH_00190	gene	1014				
LAGGGMOH_00190	CDS	1014			COG1702	PhoH-like protein
LAGGGMOH_00191	gene	681				
LAGGGMOH_00191	CDS	681				hypothetical protein
LAGGGMOH_00192	gene	1638	floT			
LAGGGMOH_00192	CDS	1638	floT		COG2268	Flotillin-like protein FloT
LAGGGMOH_00193	gene	498				
LAGGGMOH_00193	CDS	498				hypothetical protein
LAGGGMOH_00194	gene	1788	glaB_1			
LAGGGMOH_00194	CDS	1788	glaB_1	3.2.1.-	COG5434	Alpha-1,3-galactosidase B
LAGGGMOH_00195	gene	1155				
LAGGGMOH_00195	CDS	1155				hypothetical protein
LAGGGMOH_00196	gene	759	truA			
LAGGGMOH_00196	CDS	759	truA	5.4.99.12	COG0101	tRNA pseudouridine synthase A
LAGGGMOH_00197	gene	900				
LAGGGMOH_00197	CDS	900				hypothetical protein
LAGGGMOH_00198	gene	654				
LAGGGMOH_00198	CDS	654				hypothetical protein
LAGGGMOH_00199	gene	1086	nahK			
LAGGGMOH_00199	CDS	1086	nahK	2.7.1.162		N-acetylhexosamine 1-kinase
LAGGGMOH_00200	gene	3336	lacZ_2			
LAGGGMOH_00200	CDS	3336	lacZ_2	3.2.1.23	COG3250	Beta-galactosidase
LAGGGMOH_00201	gene	813				
LAGGGMOH_00201	CDS	813				hypothetical protein
LAGGGMOH_00202	gene	1395				
LAGGGMOH_00202	CDS	1395		3.2.1.-	COG0673	Glycosyl hydrolase family 109 protein 1
LAGGGMOH_00203	gene	2268				
LAGGGMOH_00203	CDS	2268				hypothetical protein
LAGGGMOH_00204	gene	297				
LAGGGMOH_00204	CDS	297				hypothetical protein
LAGGGMOH_00205	gene	2772				
LAGGGMOH_00205	CDS	2772				hypothetical protein
LAGGGMOH_00206	gene	3294				
LAGGGMOH_00206	CDS	3294				hypothetical protein
LAGGGMOH_00207	gene	1380	xylE_1			
LAGGGMOH_00207	CDS	1380	xylE_1		COG0477	D-xylose-proton symporter
LAGGGMOH_00208	gene	897	btr_1			
LAGGGMOH_00208	CDS	897	btr_1		COG0614	HTH-type transcriptional activator Btr
LAGGGMOH_00209	gene	2652	xyl3A			
LAGGGMOH_00209	CDS	2652	xyl3A	3.2.1.37	COG1472	Xylan 1,4-beta-xylosidase
LAGGGMOH_00210	gene	1437				
LAGGGMOH_00210	CDS	1437				hypothetical protein
LAGGGMOH_00211	gene	1476				
LAGGGMOH_00211	CDS	1476				hypothetical protein
LAGGGMOH_00212	gene	1638				
LAGGGMOH_00212	CDS	1638			COG0702	SusD-like protein P2
LAGGGMOH_00213	gene	3318	susC_1			
LAGGGMOH_00213	CDS	3318	susC_1		COG1629	TonB-dependent receptor SusC
LAGGGMOH_00214	gene	987				
LAGGGMOH_00214	CDS	987				hypothetical protein
LAGGGMOH_00215	gene	576	rpoE_1			
LAGGGMOH_00215	CDS	576	rpoE_1		COG1595	ECF RNA polymerase sigma factor RpoE
LAGGGMOH_00216	gene	111				
LAGGGMOH_00216	CDS	111				hypothetical protein
LAGGGMOH_00217	gene	3312				
LAGGGMOH_00217	CDS	3312			COG4771	TonB-dependent receptor P39
LAGGGMOH_00218	gene	1767				
LAGGGMOH_00218	CDS	1767				hypothetical protein
LAGGGMOH_00219	gene	3411	susC_2			
LAGGGMOH_00219	CDS	3411	susC_2		COG1629	TonB-dependent receptor SusC
LAGGGMOH_00220	gene	1761				
LAGGGMOH_00220	CDS	1761				hypothetical protein
LAGGGMOH_00221	gene	3393	susC_3			
LAGGGMOH_00221	CDS	3393	susC_3		COG1629	TonB-dependent receptor SusC
LAGGGMOH_00222	gene	1779				
LAGGGMOH_00222	CDS	1779				hypothetical protein
LAGGGMOH_00223	gene	1251				
LAGGGMOH_00223	CDS	1251		3.2.1.-	COG0673	Glycosyl hydrolase family 109 protein 1
LAGGGMOH_00224	gene	74				
LAGGGMOH_00224	tRNA	74				tRNA-Gly(tcc)
LAGGGMOH_00225	gene	84				
LAGGGMOH_00225	tRNA	84				tRNA-Tyr(gta)
LAGGGMOH_00226	gene	495	ribH			
LAGGGMOH_00226	CDS	495	ribH	2.5.1.78		6,7-dimethyl-8-ribityllumazine synthase
LAGGGMOH_00227	gene	684	cpoB_1			
LAGGGMOH_00227	CDS	684	cpoB_1			Cell division coordinator CpoB
LAGGGMOH_00228	gene	1113	recF			
LAGGGMOH_00228	CDS	1113	recF		COG1195	DNA replication and repair protein RecF
LAGGGMOH_00229	gene	291				
LAGGGMOH_00229	CDS	291				hypothetical protein
LAGGGMOH_00230	gene	1683				
LAGGGMOH_00230	CDS	1683				IS1182 family transposase ISBf5
LAGGGMOH_00231	gene	789				
LAGGGMOH_00231	CDS	789				hypothetical protein
LAGGGMOH_00232	gene	456	ygfA			
LAGGGMOH_00232	CDS	456	ygfA	6.3.3.2	COG0212	5-formyltetrahydrofolate cyclo-ligase
LAGGGMOH_00233	gene	1728				
LAGGGMOH_00233	CDS	1728				hypothetical protein
LAGGGMOH_00234	gene	438	tadA_1			
LAGGGMOH_00234	CDS	438	tadA_1	3.5.4.33		tRNA-specific adenosine deaminase
LAGGGMOH_00235	gene	498				
LAGGGMOH_00235	CDS	498				hypothetical protein
LAGGGMOH_00236	gene	2076	prlC			
LAGGGMOH_00236	CDS	2076	prlC	3.4.24.70		Oligopeptidase A
LAGGGMOH_00237	gene	1002	gapA			
LAGGGMOH_00237	CDS	1002	gapA	1.2.1.12	COG0057	Glyceraldehyde-3-phosphate dehydrogenase A
LAGGGMOH_00238	gene	441	mscL_1			
LAGGGMOH_00238	CDS	441	mscL_1		COG1970	Large-conductance mechanosensitive channel
LAGGGMOH_00239	gene	1524	guaA			
LAGGGMOH_00239	CDS	1524	guaA	6.3.5.2		GMP synthase [glutamine-hydrolyzing]
LAGGGMOH_00240	gene	2052				
LAGGGMOH_00240	CDS	2052				hypothetical protein
LAGGGMOH_00241	gene	3267	susC_4			
LAGGGMOH_00241	CDS	3267	susC_4		COG1629	TonB-dependent receptor SusC
LAGGGMOH_00242	gene	2004				
LAGGGMOH_00242	CDS	2004				hypothetical protein
LAGGGMOH_00243	gene	3264				
LAGGGMOH_00243	CDS	3264			COG4771	TonB-dependent receptor P3
LAGGGMOH_00244	gene	147				
LAGGGMOH_00244	CDS	147				hypothetical protein
LAGGGMOH_00245	gene	150				
LAGGGMOH_00245	CDS	150				hypothetical protein
LAGGGMOH_00246	gene	858	fabI			
LAGGGMOH_00246	CDS	858	fabI	1.3.1.9	COG0623	Enoyl-[acyl-carrier-protein] reductase [NADH] FabI
LAGGGMOH_00247	gene	1014				
LAGGGMOH_00247	CDS	1014				hypothetical protein
LAGGGMOH_00248	gene	705	rsmI_1			
LAGGGMOH_00248	CDS	705	rsmI_1	2.1.1.198	COG0313	Ribosomal RNA small subunit methyltransferase I
LAGGGMOH_00249	gene	1119				
LAGGGMOH_00249	CDS	1119				hypothetical protein
LAGGGMOH_00250	gene	867	lipA			
LAGGGMOH_00250	CDS	867	lipA	2.8.1.8	COG0320	Lipoyl synthase
LAGGGMOH_00251	gene	2211	dap4			
LAGGGMOH_00251	CDS	2211	dap4	3.4.14.5		Dipeptidyl aminopeptidase 4
LAGGGMOH_00252	gene	729				
LAGGGMOH_00252	CDS	729				hypothetical protein
LAGGGMOH_00253	gene	843				
LAGGGMOH_00253	CDS	843				hypothetical protein
LAGGGMOH_00254	gene	936				
LAGGGMOH_00254	CDS	936				hypothetical protein
LAGGGMOH_00255	gene	1200	norV			
LAGGGMOH_00255	CDS	1200	norV		COG0426	Anaerobic nitric oxide reductase flavorubredoxin
LAGGGMOH_00256	gene	813	nagB_1			
LAGGGMOH_00256	CDS	813	nagB_1	3.5.99.6		Glucosamine-6-phosphate deaminase
LAGGGMOH_00257	gene	426				
LAGGGMOH_00257	CDS	426				hypothetical protein
LAGGGMOH_00258	gene	615	yciO			
LAGGGMOH_00258	CDS	615	yciO		COG0009	putative protein YciO
LAGGGMOH_00259	gene	2514				
LAGGGMOH_00259	CDS	2514				hypothetical protein
LAGGGMOH_00260	gene	2001	recD2_2			
LAGGGMOH_00260	CDS	2001	recD2_2	5.6.2.3		ATP-dependent RecD2 DNA helicase
LAGGGMOH_00261	gene	786				
LAGGGMOH_00261	CDS	786				Putative bifunctional phosphatase/peptidyl-prolyl cis-trans isomerase
LAGGGMOH_00262	gene	1185	patB_1			
LAGGGMOH_00262	CDS	1185	patB_1	4.4.1.13	COG1168	Cystathionine beta-lyase PatB
LAGGGMOH_00263	gene	1236				
LAGGGMOH_00263	CDS	1236		2.5.1.-	COG2873	O-acetyl-L-homoserine sulfhydrylase
LAGGGMOH_00264	gene	585	sigM			
LAGGGMOH_00264	CDS	585	sigM		COG1595	ECF RNA polymerase sigma factor SigM
LAGGGMOH_00265	gene	1107				
LAGGGMOH_00265	CDS	1107				hypothetical protein
LAGGGMOH_00266	gene	444				
LAGGGMOH_00266	CDS	444				hypothetical protein
LAGGGMOH_00267	gene	744				
LAGGGMOH_00267	CDS	744				hypothetical protein
LAGGGMOH_00268	gene	597				
LAGGGMOH_00268	CDS	597				hypothetical protein
LAGGGMOH_00269	gene	693				
LAGGGMOH_00269	CDS	693				hypothetical protein
LAGGGMOH_00270	gene	1941				
LAGGGMOH_00270	CDS	1941				hypothetical protein
LAGGGMOH_00271	gene	1263	mshA_1			
LAGGGMOH_00271	CDS	1263	mshA_1	2.4.1.250		D-inositol-3-phosphate glycosyltransferase
LAGGGMOH_00272	gene	1389				
LAGGGMOH_00272	CDS	1389				hypothetical protein
LAGGGMOH_00273	gene	1488				
LAGGGMOH_00273	CDS	1488				hypothetical protein
LAGGGMOH_00274	gene	825	glgA			
LAGGGMOH_00274	CDS	825	glgA	2.4.1.21	COG0297	Glycogen synthase
LAGGGMOH_00275	gene	849	panC			
LAGGGMOH_00275	CDS	849	panC	6.3.2.1	COG0414	Pantothenate synthetase
LAGGGMOH_00276	gene	354	panD			
LAGGGMOH_00276	CDS	354	panD	4.1.1.11	COG0853	Aspartate 1-decarboxylase
LAGGGMOH_00277	gene	2289	pyrK_1			
LAGGGMOH_00277	CDS	2289	pyrK_1			Dihydroorotate dehydrogenase B (NAD(+)), electron transfer subunit
LAGGGMOH_00278	gene	1212	fucP_1			
LAGGGMOH_00278	CDS	1212	fucP_1		COG0738	L-fucose-proton symporter
LAGGGMOH_00279	gene	1275	serS			
LAGGGMOH_00279	CDS	1275	serS	6.1.1.11	COG0172	Serine--tRNA ligase
LAGGGMOH_00280	gene	270	rpmA			
LAGGGMOH_00280	CDS	270	rpmA			Large ribosomal subunit protein bL27
LAGGGMOH_00281	gene	318	rplU			
LAGGGMOH_00281	CDS	318	rplU			Large ribosomal subunit protein bL21
LAGGGMOH_00282	gene	687	indB			
LAGGGMOH_00282	CDS	687	indB	3.-.-.-	COG0546	putative phosphatase IndB
LAGGGMOH_00283	gene	516				
LAGGGMOH_00283	CDS	516				hypothetical protein
LAGGGMOH_00284	gene	705	lnrL			
LAGGGMOH_00284	CDS	705	lnrL	7.6.2.-	COG1131	Linearmycin resistance ATP-binding protein LnrL
LAGGGMOH_00285	gene	1482				
LAGGGMOH_00285	CDS	1482				hypothetical protein
LAGGGMOH_00286	gene	2820	pqqL			
LAGGGMOH_00286	CDS	2820	pqqL	3.4.24.-	COG0612	putative zinc protease PqqL
LAGGGMOH_00287	gene	804	kdsA_1			
LAGGGMOH_00287	CDS	804	kdsA_1	2.5.1.55	COG2877	2-dehydro-3-deoxyphosphooctonate aldolase
LAGGGMOH_00288	gene	927	dagK_1			
LAGGGMOH_00288	CDS	927	dagK_1	2.7.1.107	COG1597	Diacylglycerol kinase
LAGGGMOH_00289	gene	921	miaA_2			
LAGGGMOH_00289	CDS	921	miaA_2	2.5.1.75	COG0324	tRNA dimethylallyltransferase
LAGGGMOH_00290	gene	1206				
LAGGGMOH_00290	CDS	1206				hypothetical protein
LAGGGMOH_00291	gene	681	ytrE			
LAGGGMOH_00291	CDS	681	ytrE		COG1136	ABC transporter ATP-binding protein YtrE
LAGGGMOH_00292	gene	1554				
LAGGGMOH_00292	CDS	1554				hypothetical protein
LAGGGMOH_00293	gene	690	rsmE			
LAGGGMOH_00293	CDS	690	rsmE	2.1.1.193	COG1385	Ribosomal RNA small subunit methyltransferase E
LAGGGMOH_00294	gene	570				
LAGGGMOH_00294	CDS	570			COG1259	putative protein
LAGGGMOH_00295	gene	1233	xapB			
LAGGGMOH_00295	CDS	1233	xapB		COG2211	Xanthosine permease
LAGGGMOH_00296	gene	1179	rlmI			
LAGGGMOH_00296	CDS	1179	rlmI	2.1.1.191	COG1092	Ribosomal RNA large subunit methyltransferase I
LAGGGMOH_00297	gene	648	rnd			
LAGGGMOH_00297	CDS	648	rnd	3.1.13.5		Ribonuclease D
LAGGGMOH_00298	gene	636				
LAGGGMOH_00298	CDS	636				hypothetical protein
LAGGGMOH_00299	gene	2490				
LAGGGMOH_00299	CDS	2490				hypothetical protein
LAGGGMOH_00300	gene	642				
LAGGGMOH_00300	CDS	642				hypothetical protein
LAGGGMOH_00301	gene	948	trxB			
LAGGGMOH_00301	CDS	948	trxB	1.8.1.9	COG0492	Thioredoxin reductase
LAGGGMOH_00302	gene	2445				
LAGGGMOH_00302	CDS	2445				hypothetical protein
LAGGGMOH_00303	gene	702	crp			
LAGGGMOH_00303	CDS	702	crp			CRP-like cAMP-activated global transcriptional regulator
LAGGGMOH_00304	gene	2190	glnA_1			
LAGGGMOH_00304	CDS	2190	glnA_1	6.3.1.2		Glutamine synthetase
LAGGGMOH_00305	gene	114				
LAGGGMOH_00305	CDS	114				hypothetical protein
LAGGGMOH_00306	gene	2220				
LAGGGMOH_00306	CDS	2220				hypothetical protein
LAGGGMOH_00307	gene	147				
LAGGGMOH_00307	CDS	147				hypothetical protein
LAGGGMOH_00308	gene	1116				
LAGGGMOH_00308	CDS	1116				hypothetical protein
LAGGGMOH_00309	gene	1794	rpsA			
LAGGGMOH_00309	CDS	1794	rpsA			Small ribosomal subunit protein bS1
LAGGGMOH_00310	gene	915	rnz			
LAGGGMOH_00310	CDS	915	rnz	3.1.26.11	COG1234	Ribonuclease Z
LAGGGMOH_00311	gene	552	sigW_2			
LAGGGMOH_00311	CDS	552	sigW_2		COG1595	ECF RNA polymerase sigma factor SigW
LAGGGMOH_00312	gene	414				
LAGGGMOH_00312	CDS	414				hypothetical protein
LAGGGMOH_00313	gene	453				
LAGGGMOH_00313	CDS	453				hypothetical protein
LAGGGMOH_00314	gene	786	mazG			
LAGGGMOH_00314	CDS	786	mazG	3.6.1.8	COG3956	Nucleoside triphosphate pyrophosphohydrolase
LAGGGMOH_00315	gene	1065				
LAGGGMOH_00315	CDS	1065				hypothetical protein
LAGGGMOH_00316	gene	2631	valS			
LAGGGMOH_00316	CDS	2631	valS	6.1.1.9		Valine--tRNA ligase
LAGGGMOH_00317	gene	1887	rcsC_4			
LAGGGMOH_00317	CDS	1887	rcsC_4	2.7.13.3		Sensor histidine kinase RcsC
LAGGGMOH_00318	gene	582	rpoE_2			
LAGGGMOH_00318	CDS	582	rpoE_2		COG1595	ECF RNA polymerase sigma factor RpoE
LAGGGMOH_00319	gene	1023				
LAGGGMOH_00319	CDS	1023				hypothetical protein
LAGGGMOH_00320	gene	3303				
LAGGGMOH_00320	CDS	3303				hypothetical protein
LAGGGMOH_00321	gene	1521				
LAGGGMOH_00321	CDS	1521				hypothetical protein
LAGGGMOH_00322	gene	1032				
LAGGGMOH_00322	CDS	1032				hypothetical protein
LAGGGMOH_00323	gene	1074				
LAGGGMOH_00323	CDS	1074				hypothetical protein
LAGGGMOH_00324	gene	576	algU_1			
LAGGGMOH_00324	CDS	576	algU_1			RNA polymerase sigma-H factor
LAGGGMOH_00325	gene	1008				
LAGGGMOH_00325	CDS	1008				hypothetical protein
LAGGGMOH_00326	gene	3381				
LAGGGMOH_00326	CDS	3381			COG4771	TonB-dependent receptor P3
LAGGGMOH_00327	gene	1641				
LAGGGMOH_00327	CDS	1641			COG0702	SusD-like protein P2
LAGGGMOH_00328	gene	1566				
LAGGGMOH_00328	CDS	1566		3.1.6.-	COG3119	N-acetylgalactosamine-6-O-sulfatase
LAGGGMOH_00329	gene	1560				
LAGGGMOH_00329	CDS	1560		3.1.6.-	COG3119	N-acetylgalactosamine-6-O-sulfatase
LAGGGMOH_00330	gene	447				
LAGGGMOH_00330	CDS	447				hypothetical protein
LAGGGMOH_00331	gene	1101				
LAGGGMOH_00331	CDS	1101				hypothetical protein
LAGGGMOH_00332	gene	3330	secA			
LAGGGMOH_00332	CDS	3330	secA	7.4.2.8		Protein translocase subunit SecA
LAGGGMOH_00333	gene	1575	pafA			
LAGGGMOH_00333	CDS	1575	pafA	3.1.3.1	COG1524	Alkaline phosphatase PafA
LAGGGMOH_00334	gene	1206				
LAGGGMOH_00334	CDS	1206				hypothetical protein
LAGGGMOH_00335	gene	669	coaX			
LAGGGMOH_00335	CDS	669	coaX	2.7.1.33	COG1521	Type III pantothenate kinase
LAGGGMOH_00336	gene	1275				
LAGGGMOH_00336	CDS	1275				hypothetical protein
LAGGGMOH_00337	gene	1326				
LAGGGMOH_00337	CDS	1326				hypothetical protein
LAGGGMOH_00338	gene	618				
LAGGGMOH_00338	CDS	618				hypothetical protein
LAGGGMOH_00339	gene	1257				
LAGGGMOH_00339	CDS	1257				hypothetical protein
LAGGGMOH_00340	gene	2139				
LAGGGMOH_00340	CDS	2139				hypothetical protein
LAGGGMOH_00341	gene	1035	rlmN			
LAGGGMOH_00341	CDS	1035	rlmN	2.1.1.192	COG0820	Dual-specificity RNA methyltransferase RlmN
LAGGGMOH_00342	gene	1047				
LAGGGMOH_00342	CDS	1047				hypothetical protein
LAGGGMOH_00343	gene	1098	pdxA2			
LAGGGMOH_00343	CDS	1098	pdxA2	1.1.1.408	COG1995	D-threonate 4-phosphate dehydrogenase
LAGGGMOH_00344	gene	1227	fleQ			
LAGGGMOH_00344	CDS	1227	fleQ			Transcriptional regulator FleQ
LAGGGMOH_00345	gene	501				
LAGGGMOH_00345	CDS	501				hypothetical protein
LAGGGMOH_00346	gene	765				
LAGGGMOH_00346	CDS	765				hypothetical protein
LAGGGMOH_00347	gene	381				
LAGGGMOH_00347	CDS	381				hypothetical protein
LAGGGMOH_00348	gene	1389				
LAGGGMOH_00348	CDS	1389				hypothetical protein
LAGGGMOH_00349	gene	354	pqqD			
LAGGGMOH_00349	CDS	354	pqqD			PqqA binding protein
LAGGGMOH_00350	gene	1056				
LAGGGMOH_00350	CDS	1056				hypothetical protein
LAGGGMOH_00351	gene	1512	nnr			
LAGGGMOH_00351	CDS	1512	nnr		COG0062	Bifunctional NAD(P)H-hydrate repair enzyme Nnr
LAGGGMOH_00352	gene	1341				
LAGGGMOH_00352	CDS	1341				hypothetical protein
LAGGGMOH_00353	gene	636	ubiE_2			
LAGGGMOH_00353	CDS	636	ubiE_2	2.1.1.163		Ubiquinone/menaquinone biosynthesis C-methyltransferase UbiE
LAGGGMOH_00354	gene	180				
LAGGGMOH_00354	CDS	180				hypothetical protein
LAGGGMOH_00355	gene	519	rfaH_2			
LAGGGMOH_00355	CDS	519	rfaH_2			Transcription antitermination protein RfaH
LAGGGMOH_00356	gene	399				
LAGGGMOH_00356	CDS	399				hypothetical protein
LAGGGMOH_00357	gene	1518				
LAGGGMOH_00357	CDS	1518				hypothetical protein
LAGGGMOH_00358	gene	474	mch			
LAGGGMOH_00358	CDS	474	mch	4.2.1.148	COG2030	Mesaconyl-CoA hydratase
LAGGGMOH_00359	gene	885	citE			
LAGGGMOH_00359	CDS	885	citE	4.1.3.6		Citrate lyase subunit beta
LAGGGMOH_00360	gene	918				
LAGGGMOH_00360	CDS	918				hypothetical protein
LAGGGMOH_00361	gene	549	dapH_1			
LAGGGMOH_00361	CDS	549	dapH_1	2.3.1.89		2,3,4,5-tetrahydropyridine-2,6-dicarboxylate N-acetyltransferase
LAGGGMOH_00362	gene	1221				
LAGGGMOH_00362	CDS	1221				hypothetical protein
LAGGGMOH_00363	gene	951				
LAGGGMOH_00363	CDS	951				hypothetical protein
LAGGGMOH_00364	gene	1278	wbpO			
LAGGGMOH_00364	CDS	1278	wbpO	1.1.1.136		UDP-N-acetyl-D-glucosamine 6-dehydrogenase
LAGGGMOH_00365	gene	1116				
LAGGGMOH_00365	CDS	1116				hypothetical protein
LAGGGMOH_00366	gene	780				
LAGGGMOH_00366	CDS	780				hypothetical protein
LAGGGMOH_00367	gene	1224	mshA_2			
LAGGGMOH_00367	CDS	1224	mshA_2	2.4.1.250		D-inositol-3-phosphate glycosyltransferase
LAGGGMOH_00368	gene	765				
LAGGGMOH_00368	CDS	765				hypothetical protein
LAGGGMOH_00369	gene	1020	hldD_1			
LAGGGMOH_00369	CDS	1020	hldD_1	5.1.3.20		ADP-L-glycero-D-manno-heptose-6-epimerase
LAGGGMOH_00370	gene	957	tagO_1			
LAGGGMOH_00370	CDS	957	tagO_1	2.7.8.33	COG0472	putative undecaprenyl-phosphate N-acetylglucosaminyl 1-phosphate transferase
LAGGGMOH_00371	gene	1515				
LAGGGMOH_00371	CDS	1515				hypothetical protein
LAGGGMOH_00372	gene	654				
LAGGGMOH_00372	CDS	654				hypothetical protein
LAGGGMOH_00373	gene	2064	cirA_1			
LAGGGMOH_00373	CDS	2064	cirA_1		COG4771	Colicin I receptor
LAGGGMOH_00374	gene	537	hpt			
LAGGGMOH_00374	CDS	537	hpt	2.4.2.8		Hypoxanthine phosphoribosyltransferase
LAGGGMOH_00375	gene	570	adk1			
LAGGGMOH_00375	CDS	570	adk1	2.7.4.3	COG0563	Adenylate kinase 1
LAGGGMOH_00376	gene	1218	obg			
LAGGGMOH_00376	CDS	1218	obg	3.6.5.-		GTPase Obg
LAGGGMOH_00377	gene	813				
LAGGGMOH_00377	CDS	813		2.4.2.1	COG1496	Purine nucleoside phosphorylase
LAGGGMOH_00378	gene	666				
LAGGGMOH_00378	CDS	666				hypothetical protein
LAGGGMOH_00379	gene	732				
LAGGGMOH_00379	CDS	732				hypothetical protein
LAGGGMOH_00380	gene	1185				
LAGGGMOH_00380	CDS	1185				hypothetical protein
LAGGGMOH_00381	gene	1155	pgl_1			
LAGGGMOH_00381	CDS	1155	pgl_1	3.1.1.31	COG2706	6-phosphogluconolactonase
LAGGGMOH_00382	gene	396	ssrA			
LAGGGMOH_00382	tmRNA	396	ssrA			transfer-messenger RNA, SsrA
LAGGGMOH_00383	gene	2688				
LAGGGMOH_00383	CDS	2688				hypothetical protein
LAGGGMOH_00384	gene	1017	rhaR_1			
LAGGGMOH_00384	CDS	1017	rhaR_1			HTH-type transcriptional activator RhaR
LAGGGMOH_00385	gene	1095	dinB			
LAGGGMOH_00385	CDS	1095	dinB	2.7.7.7	COG0389	DNA polymerase IV
LAGGGMOH_00386	gene	429				
LAGGGMOH_00386	CDS	429				hypothetical protein
LAGGGMOH_00387	gene	2679				
LAGGGMOH_00387	CDS	2679				hypothetical protein
LAGGGMOH_00388	gene	1596				
LAGGGMOH_00388	CDS	1596				hypothetical protein
LAGGGMOH_00389	gene	135				
LAGGGMOH_00389	CDS	135				hypothetical protein
LAGGGMOH_00390	gene	384				
LAGGGMOH_00390	CDS	384				hypothetical protein
LAGGGMOH_00391	gene	441				
LAGGGMOH_00391	CDS	441				hypothetical protein
LAGGGMOH_00392	gene	1215	madB			
LAGGGMOH_00392	CDS	1215	madB	7.2.4.1		Carboxybiotin decarboxylase
LAGGGMOH_00393	gene	876	rhaR_2			
LAGGGMOH_00393	CDS	876	rhaR_2			HTH-type transcriptional activator RhaR
LAGGGMOH_00394	gene	420				
LAGGGMOH_00394	CDS	420				hypothetical protein
LAGGGMOH_00395	gene	2859				
LAGGGMOH_00395	CDS	2859				hypothetical protein
LAGGGMOH_00396	gene	900				
LAGGGMOH_00396	CDS	900				hypothetical protein
LAGGGMOH_00397	gene	1620				
LAGGGMOH_00397	CDS	1620				hypothetical protein
LAGGGMOH_00398	gene	3033				
LAGGGMOH_00398	CDS	3033				hypothetical protein
LAGGGMOH_00399	gene	1995				
LAGGGMOH_00399	CDS	1995				hypothetical protein
LAGGGMOH_00400	gene	3867				
LAGGGMOH_00400	CDS	3867				hypothetical protein
LAGGGMOH_00401	gene	1890				
LAGGGMOH_00401	CDS	1890				hypothetical protein
LAGGGMOH_00402	gene	600				
LAGGGMOH_00402	CDS	600				hypothetical protein
LAGGGMOH_00403	gene	729	scdA			
LAGGGMOH_00403	CDS	729	scdA		COG2846	Iron-sulfur cluster repair protein ScdA
LAGGGMOH_00404	gene	168				
LAGGGMOH_00404	CDS	168				hypothetical protein
LAGGGMOH_00405	gene	465	htdZ			
LAGGGMOH_00405	CDS	465	htdZ	4.2.1.-	COG2030	3-hydroxyacyl-thioester dehydratase Z
LAGGGMOH_00406	gene	396				
LAGGGMOH_00406	CDS	396				hypothetical protein
LAGGGMOH_00407	gene	861				
LAGGGMOH_00407	CDS	861				hypothetical protein
LAGGGMOH_00408	gene	1170				
LAGGGMOH_00408	CDS	1170				hypothetical protein
LAGGGMOH_00409	gene	1290	eno			
LAGGGMOH_00409	CDS	1290	eno	4.2.1.11	COG0148	Enolase
LAGGGMOH_00410	gene	666				
LAGGGMOH_00410	CDS	666				hypothetical protein
LAGGGMOH_00411	gene	387	fluC			
LAGGGMOH_00411	CDS	387	fluC			Fluoride-specific ion channel FluC
LAGGGMOH_00412	gene	2160	susB_1			
LAGGGMOH_00412	CDS	2160	susB_1	3.2.1.3	COG1082	Glucan 1,4-alpha-glucosidase SusB
LAGGGMOH_00413	gene	360				
LAGGGMOH_00413	CDS	360				hypothetical protein
LAGGGMOH_00414	gene	1578				
LAGGGMOH_00414	CDS	1578				hypothetical protein
LAGGGMOH_00415	gene	780				
LAGGGMOH_00415	CDS	780				hypothetical protein
LAGGGMOH_00416	gene	426	rqcP			
LAGGGMOH_00416	CDS	426	rqcP			RQC P-site tRNA stabilizing factor
LAGGGMOH_00417	gene	564	pth			
LAGGGMOH_00417	CDS	564	pth	3.1.1.29	COG0193	Peptidyl-tRNA hydrolase
LAGGGMOH_00418	gene	591	rplY			
LAGGGMOH_00418	CDS	591	rplY			Large ribosomal subunit protein bL25
LAGGGMOH_00419	gene	387				
LAGGGMOH_00419	CDS	387				hypothetical protein
LAGGGMOH_00420	gene	990	nusB			
LAGGGMOH_00420	CDS	990	nusB			Transcription antitermination protein NusB
LAGGGMOH_00421	gene	327				
LAGGGMOH_00421	CDS	327				hypothetical protein
LAGGGMOH_00422	gene	1014				
LAGGGMOH_00422	CDS	1014				hypothetical protein
LAGGGMOH_00423	gene	618	coaE			
LAGGGMOH_00423	CDS	618	coaE	2.7.1.24	COG0237	Dephospho-CoA kinase
LAGGGMOH_00424	gene	417				
LAGGGMOH_00424	CDS	417				hypothetical protein
LAGGGMOH_00425	gene	2589	clpB1			
LAGGGMOH_00425	CDS	2589	clpB1		COG0542	Chaperone protein ClpB 1
LAGGGMOH_00426	gene	582				
LAGGGMOH_00426	CDS	582				hypothetical protein
LAGGGMOH_00427	gene	897	cysL			
LAGGGMOH_00427	CDS	897	cysL		COG0583	HTH-type transcriptional regulator CysL
LAGGGMOH_00428	gene	993				
LAGGGMOH_00428	CDS	993				hypothetical protein
LAGGGMOH_00429	gene	684				
LAGGGMOH_00429	CDS	684				hypothetical protein
LAGGGMOH_00430	gene	528				
LAGGGMOH_00430	CDS	528				hypothetical protein
LAGGGMOH_00431	gene	516	sigJ			
LAGGGMOH_00431	CDS	516	sigJ		COG1595	ECF RNA polymerase sigma factor SigJ
LAGGGMOH_00432	gene	225				
LAGGGMOH_00432	CDS	225				hypothetical protein
LAGGGMOH_00433	gene	1044	recA			
LAGGGMOH_00433	CDS	1044	recA		COG0468	Protein RecA
LAGGGMOH_00434	gene	519	bcp			
LAGGGMOH_00434	CDS	519	bcp	1.11.1.24	COG1225	Putative peroxiredoxin bcp
LAGGGMOH_00435	gene	1194				
LAGGGMOH_00435	CDS	1194		1.5.1.55	COG1748	Carboxyaminopropylagmatine dehydrogenase
LAGGGMOH_00436	gene	1251				
LAGGGMOH_00436	CDS	1251				hypothetical protein
LAGGGMOH_00437	gene	792				
LAGGGMOH_00437	CDS	792				hypothetical protein
LAGGGMOH_00438	gene	1002	hmuU_1			
LAGGGMOH_00438	CDS	1002	hmuU_1		COG0609	Hemin transport system permease protein HmuU
LAGGGMOH_00439	gene	1143				
LAGGGMOH_00439	CDS	1143				hypothetical protein
LAGGGMOH_00440	gene	114				
LAGGGMOH_00440	CDS	114				hypothetical protein
LAGGGMOH_00441	gene	2163				
LAGGGMOH_00441	CDS	2163				hypothetical protein
LAGGGMOH_00442	gene	525				
LAGGGMOH_00442	CDS	525				hypothetical protein
LAGGGMOH_00443	gene	1920	dnaK_1			
LAGGGMOH_00443	CDS	1920	dnaK_1		COG0443	Chaperone protein DnaK
LAGGGMOH_00444	gene	546				
LAGGGMOH_00444	CDS	546				hypothetical protein
LAGGGMOH_00445	gene	1263	xerC_3			
LAGGGMOH_00445	CDS	1263	xerC_3			Tyrosine recombinase XerC
LAGGGMOH_00446	gene	354				
LAGGGMOH_00446	CDS	354				hypothetical protein
LAGGGMOH_00447	gene	597				
LAGGGMOH_00447	CDS	597				hypothetical protein
LAGGGMOH_00448	gene	1803				
LAGGGMOH_00448	CDS	1803				hypothetical protein
LAGGGMOH_00449	gene	369				
LAGGGMOH_00449	CDS	369				hypothetical protein
LAGGGMOH_00450	gene	900				
LAGGGMOH_00450	CDS	900				hypothetical protein
LAGGGMOH_00451	gene	648				
LAGGGMOH_00451	CDS	648				hypothetical protein
LAGGGMOH_00452	gene	654	hin_1			
LAGGGMOH_00452	CDS	654	hin_1			DNA-invertase hin
LAGGGMOH_00453	gene	1257				
LAGGGMOH_00453	CDS	1257				hypothetical protein
LAGGGMOH_00454	gene	648				
LAGGGMOH_00454	CDS	648				hypothetical protein
LAGGGMOH_00455	gene	3000				
LAGGGMOH_00455	CDS	3000				hypothetical protein
LAGGGMOH_00456	gene	3474	rapA			
LAGGGMOH_00456	CDS	3474	rapA	3.6.4.-		RNA polymerase-associated protein RapA
LAGGGMOH_00457	gene	705				
LAGGGMOH_00457	CDS	705				hypothetical protein
LAGGGMOH_00458	gene	1542				
LAGGGMOH_00458	CDS	1542				hypothetical protein
LAGGGMOH_00459	gene	1572	clcA			
LAGGGMOH_00459	CDS	1572	clcA			H(+)/Cl(-) exchange transporter ClcA
LAGGGMOH_00460	gene	837	nfo			
LAGGGMOH_00460	CDS	837	nfo	3.1.21.2	COG0648	Endonuclease 4
LAGGGMOH_00461	gene	1368	trpB			
LAGGGMOH_00461	CDS	1368	trpB	4.2.1.20	COG0133	Tryptophan synthase beta chain
LAGGGMOH_00462	gene	1836				
LAGGGMOH_00462	CDS	1836				hypothetical protein
LAGGGMOH_00463	gene	687	ktrA			
LAGGGMOH_00463	CDS	687	ktrA		COG0569	Ktr system potassium uptake protein A
LAGGGMOH_00464	gene	1461	katA			
LAGGGMOH_00464	CDS	1461	katA	1.11.1.6		Catalase
LAGGGMOH_00465	gene	180				
LAGGGMOH_00465	CDS	180				hypothetical protein
LAGGGMOH_00466	gene	2538				
LAGGGMOH_00466	CDS	2538				hypothetical protein
LAGGGMOH_00467	gene	669				
LAGGGMOH_00467	CDS	669				hypothetical protein
LAGGGMOH_00468	gene	993	xynD			
LAGGGMOH_00468	CDS	993	xynD	3.2.1.55	COG3507	Arabinoxylan arabinofuranohydrolase
LAGGGMOH_00469	gene	966				
LAGGGMOH_00469	CDS	966				hypothetical protein
LAGGGMOH_00470	gene	3387				
LAGGGMOH_00470	CDS	3387				hypothetical protein
LAGGGMOH_00471	gene	1524				
LAGGGMOH_00471	CDS	1524				hypothetical protein
LAGGGMOH_00472	gene	987				
LAGGGMOH_00472	CDS	987				hypothetical protein
LAGGGMOH_00473	gene	99				
LAGGGMOH_00473	CDS	99				hypothetical protein
LAGGGMOH_00474	gene	1008				
LAGGGMOH_00474	CDS	1008				hypothetical protein
LAGGGMOH_00475	gene	1551	ahpF			
LAGGGMOH_00475	CDS	1551	ahpF	1.8.1.-		Alkyl hydroperoxide reductase subunit F
LAGGGMOH_00476	gene	567	ahpC_1			
LAGGGMOH_00476	CDS	567	ahpC_1	1.11.1.26		Alkyl hydroperoxide reductase C
LAGGGMOH_00477	gene	468				
LAGGGMOH_00477	CDS	468				hypothetical protein
LAGGGMOH_00478	gene	555				
LAGGGMOH_00478	CDS	555				hypothetical protein
LAGGGMOH_00479	gene	444				
LAGGGMOH_00479	CDS	444				hypothetical protein
LAGGGMOH_00480	gene	501				
LAGGGMOH_00480	CDS	501				hypothetical protein
LAGGGMOH_00481	gene	1209	tdcG			
LAGGGMOH_00481	CDS	1209	tdcG	4.3.1.17	COG1760	L-serine dehydratase TdcG
LAGGGMOH_00482	gene	1062	corA_1			
LAGGGMOH_00482	CDS	1062	corA_1		COG0598	Cobalt/magnesium transport protein CorA
LAGGGMOH_00483	gene	2499	mutS2			
LAGGGMOH_00483	CDS	2499	mutS2	3.1.-.-		Endonuclease MutS2
LAGGGMOH_00484	gene	86				
LAGGGMOH_00484	tRNA	86				tRNA-Ser(tga)
LAGGGMOH_00485	gene	927				
LAGGGMOH_00485	CDS	927				hypothetical protein
LAGGGMOH_00486	gene	321				
LAGGGMOH_00486	CDS	321				hypothetical protein
LAGGGMOH_00487	gene	675				
LAGGGMOH_00487	CDS	675				hypothetical protein
LAGGGMOH_00488	gene	150				
LAGGGMOH_00488	CDS	150				hypothetical protein
LAGGGMOH_00489	gene	792				
LAGGGMOH_00489	CDS	792				hypothetical protein
LAGGGMOH_00490	gene	123				
LAGGGMOH_00490	CDS	123				hypothetical protein
LAGGGMOH_00491	gene	969				
LAGGGMOH_00491	CDS	969				hypothetical protein
LAGGGMOH_00492	gene	498				
LAGGGMOH_00492	CDS	498				hypothetical protein
LAGGGMOH_00493	gene	792				
LAGGGMOH_00493	CDS	792				hypothetical protein
LAGGGMOH_00494	gene	123				
LAGGGMOH_00494	CDS	123				hypothetical protein
LAGGGMOH_00495	gene	408				
LAGGGMOH_00495	CDS	408				hypothetical protein
LAGGGMOH_00496	gene	840				
LAGGGMOH_00496	CDS	840				hypothetical protein
LAGGGMOH_00497	gene	1107				
LAGGGMOH_00497	CDS	1107				hypothetical protein
LAGGGMOH_00498	gene	1548				
LAGGGMOH_00498	CDS	1548				hypothetical protein
LAGGGMOH_00499	gene	522				
LAGGGMOH_00499	CDS	522				hypothetical protein
LAGGGMOH_00500	gene	1341				
LAGGGMOH_00500	CDS	1341				hypothetical protein
LAGGGMOH_00501	gene	969	dnaG_1			
LAGGGMOH_00501	CDS	969	dnaG_1	2.7.7.101		DNA primase
LAGGGMOH_00502	gene	1074				
LAGGGMOH_00502	CDS	1074				hypothetical protein
LAGGGMOH_00503	gene	309				
LAGGGMOH_00503	CDS	309				hypothetical protein
LAGGGMOH_00504	gene	1017				
LAGGGMOH_00504	CDS	1017				hypothetical protein
LAGGGMOH_00505	gene	1293	xerC_4			
LAGGGMOH_00505	CDS	1293	xerC_4			Tyrosine recombinase XerC
LAGGGMOH_00506	gene	2385	rcsC_5			
LAGGGMOH_00506	CDS	2385	rcsC_5	2.7.13.3		Sensor histidine kinase RcsC
LAGGGMOH_00507	gene	1086	gcvT			
LAGGGMOH_00507	CDS	1086	gcvT	2.1.2.10	COG0404	Aminomethyltransferase
LAGGGMOH_00508	gene	1224	pepT			
LAGGGMOH_00508	CDS	1224	pepT	3.4.11.4	COG2195	Peptidase T
LAGGGMOH_00509	gene	1407	purF_1			
LAGGGMOH_00509	CDS	1407	purF_1	2.4.2.14	COG0034	Amidophosphoribosyltransferase
LAGGGMOH_00510	gene	432				
LAGGGMOH_00510	CDS	432				hypothetical protein
LAGGGMOH_00511	gene	1137				
LAGGGMOH_00511	CDS	1137			COG2885	Outer membrane protein 41
LAGGGMOH_00512	gene	1728				
LAGGGMOH_00512	CDS	1728				hypothetical protein
LAGGGMOH_00513	gene	432				
LAGGGMOH_00513	CDS	432				hypothetical protein
LAGGGMOH_00514	gene	1947	ziaA			
LAGGGMOH_00514	CDS	1947	ziaA	7.2.2.12	COG2217	Zinc-transporting ATPase
LAGGGMOH_00515	gene	1035				
LAGGGMOH_00515	CDS	1035				hypothetical protein
LAGGGMOH_00516	gene	2022				
LAGGGMOH_00516	CDS	2022				hypothetical protein
LAGGGMOH_00517	gene	3285				
LAGGGMOH_00517	CDS	3285			COG4771	TonB-dependent receptor P3
LAGGGMOH_00518	gene	2757	lacZ_3			
LAGGGMOH_00518	CDS	2757	lacZ_3	3.2.1.23		Beta-galactosidase
LAGGGMOH_00519	gene	882	rhaR_3			
LAGGGMOH_00519	CDS	882	rhaR_3			HTH-type transcriptional activator RhaR
LAGGGMOH_00520	gene	633				
LAGGGMOH_00520	CDS	633				hypothetical protein
LAGGGMOH_00521	gene	216				
LAGGGMOH_00521	CDS	216				hypothetical protein
LAGGGMOH_00522	gene	1740				
LAGGGMOH_00522	CDS	1740				hypothetical protein
LAGGGMOH_00523	gene	744				
LAGGGMOH_00523	CDS	744				hypothetical protein
LAGGGMOH_00524	gene	2265	kefB_1			
LAGGGMOH_00524	CDS	2265	kefB_1			Glutathione-regulated potassium-efflux system protein KefB
LAGGGMOH_00525	gene	654				
LAGGGMOH_00525	CDS	654				hypothetical protein
LAGGGMOH_00526	gene	546				
LAGGGMOH_00526	CDS	546				hypothetical protein
LAGGGMOH_00527	gene	864	rmlD_1			
LAGGGMOH_00527	CDS	864	rmlD_1	1.1.1.133		dTDP-4-dehydrorhamnose reductase
LAGGGMOH_00528	gene	1575	prfC			
LAGGGMOH_00528	CDS	1575	prfC		COG4108	Peptide chain release factor 3
LAGGGMOH_00529	gene	1233	menI			
LAGGGMOH_00529	CDS	1233	menI	3.1.2.28		1,4-dihydroxy-2-naphthoyl-CoA hydrolase
LAGGGMOH_00530	gene	1110	menF_1			
LAGGGMOH_00530	CDS	1110	menF_1	5.4.4.2		Isochorismate synthase MenF
LAGGGMOH_00531	gene	1668	menD			
LAGGGMOH_00531	CDS	1668	menD	2.2.1.9	COG1165	2-succinyl-5-enolpyruvyl-6-hydroxy-3-cyclohexene-1-carboxylate synthase
LAGGGMOH_00532	gene	1005				
LAGGGMOH_00532	CDS	1005				hypothetical protein
LAGGGMOH_00533	gene	825	menB			
LAGGGMOH_00533	CDS	825	menB	4.1.3.36	COG0447	1,4-dihydroxy-2-naphthoyl-CoA synthase
LAGGGMOH_00534	gene	1020	menC			
LAGGGMOH_00534	CDS	1020	menC	4.2.1.113	COG4948	o-succinylbenzoate synthase
LAGGGMOH_00535	gene	1095	menE			
LAGGGMOH_00535	CDS	1095	menE	6.2.1.26		2-succinylbenzoate--CoA ligase
LAGGGMOH_00536	gene	858				
LAGGGMOH_00536	CDS	858				hypothetical protein
LAGGGMOH_00537	gene	2016	susB_2			
LAGGGMOH_00537	CDS	2016	susB_2	3.2.1.3	COG1082	Glucan 1,4-alpha-glucosidase SusB
LAGGGMOH_00538	gene	600				
LAGGGMOH_00538	CDS	600				hypothetical protein
LAGGGMOH_00539	gene	1011				
LAGGGMOH_00539	CDS	1011				hypothetical protein
LAGGGMOH_00540	gene	3306	susC_5			
LAGGGMOH_00540	CDS	3306	susC_5		COG1629	TonB-dependent receptor SusC
LAGGGMOH_00541	gene	1545				
LAGGGMOH_00541	CDS	1545				hypothetical protein
LAGGGMOH_00542	gene	1080	endOF2			
LAGGGMOH_00542	CDS	1080	endOF2	3.2.1.96		Endo-beta-N-acetylglucosaminidase F2
LAGGGMOH_00543	gene	1137				
LAGGGMOH_00543	CDS	1137				hypothetical protein
LAGGGMOH_00544	gene	1014				
LAGGGMOH_00544	CDS	1014				hypothetical protein
LAGGGMOH_00545	gene	1269	ampG_1			
LAGGGMOH_00545	CDS	1269	ampG_1		COG2223	Anhydromuropeptide permease
LAGGGMOH_00546	gene	999				
LAGGGMOH_00546	CDS	999		2.4.1.320	COG2152	1,4-beta-mannosyl-N-acetylglucosamine phosphorylase
LAGGGMOH_00547	gene	474	dps			
LAGGGMOH_00547	CDS	474	dps	1.16.-.-	COG0783	DNA protection during starvation protein
LAGGGMOH_00548	gene	999	oxyR			
LAGGGMOH_00548	CDS	999	oxyR		COG0583	DNA-binding transcriptional dual regulator OxyR
LAGGGMOH_00549	gene	756				
LAGGGMOH_00549	CDS	756				hypothetical protein
LAGGGMOH_00550	gene	549	algU_2			
LAGGGMOH_00550	CDS	549	algU_2			RNA polymerase sigma-H factor
LAGGGMOH_00551	gene	1260				
LAGGGMOH_00551	CDS	1260				hypothetical protein
LAGGGMOH_00552	gene	726	pflA			
LAGGGMOH_00552	CDS	726	pflA	1.97.1.4	COG1180	Pyruvate formate-lyase 1-activating enzyme
LAGGGMOH_00553	gene	2229	pflB			
LAGGGMOH_00553	CDS	2229	pflB	2.3.1.54		Formate acetyltransferase
LAGGGMOH_00554	gene	86				
LAGGGMOH_00554	tRNA	86				tRNA-Ser(tga)
LAGGGMOH_00555	gene	1230	xerC_5			
LAGGGMOH_00555	CDS	1230	xerC_5			Tyrosine recombinase XerC
LAGGGMOH_00556	gene	531				
LAGGGMOH_00556	CDS	531				hypothetical protein
LAGGGMOH_00557	gene	534				
LAGGGMOH_00557	CDS	534				hypothetical protein
LAGGGMOH_00558	gene	213				
LAGGGMOH_00558	CDS	213				hypothetical protein
LAGGGMOH_00559	gene	222				
LAGGGMOH_00559	CDS	222				hypothetical protein
LAGGGMOH_00560	gene	483				
LAGGGMOH_00560	CDS	483				hypothetical protein
LAGGGMOH_00561	gene	321				
LAGGGMOH_00561	CDS	321				hypothetical protein
LAGGGMOH_00562	gene	453				
LAGGGMOH_00562	CDS	453				hypothetical protein
LAGGGMOH_00563	gene	582				
LAGGGMOH_00563	CDS	582				hypothetical protein
LAGGGMOH_00564	gene	936				
LAGGGMOH_00564	CDS	936				hypothetical protein
LAGGGMOH_00565	gene	1314				
LAGGGMOH_00565	CDS	1314				hypothetical protein
LAGGGMOH_00566	gene	297				
LAGGGMOH_00566	CDS	297				hypothetical protein
LAGGGMOH_00567	gene	624				
LAGGGMOH_00567	CDS	624				hypothetical protein
LAGGGMOH_00568	gene	996				
LAGGGMOH_00568	CDS	996				hypothetical protein
LAGGGMOH_00569	gene	627				
LAGGGMOH_00569	CDS	627				hypothetical protein
LAGGGMOH_00570	gene	2514				
LAGGGMOH_00570	CDS	2514				hypothetical protein
LAGGGMOH_00571	gene	363				
LAGGGMOH_00571	CDS	363				hypothetical protein
LAGGGMOH_00572	gene	243				
LAGGGMOH_00572	CDS	243				hypothetical protein
LAGGGMOH_00573	gene	1656				
LAGGGMOH_00573	CDS	1656				hypothetical protein
LAGGGMOH_00574	gene	216				
LAGGGMOH_00574	CDS	216				hypothetical protein
LAGGGMOH_00575	gene	630				
LAGGGMOH_00575	CDS	630				hypothetical protein
LAGGGMOH_00576	gene	429				
LAGGGMOH_00576	CDS	429				hypothetical protein
LAGGGMOH_00577	gene	783				
LAGGGMOH_00577	CDS	783				hypothetical protein
LAGGGMOH_00578	gene	423				
LAGGGMOH_00578	CDS	423				hypothetical protein
LAGGGMOH_00579	gene	1239				
LAGGGMOH_00579	CDS	1239				hypothetical protein
LAGGGMOH_00580	gene	2010				
LAGGGMOH_00580	CDS	2010				hypothetical protein
LAGGGMOH_00581	gene	1017				
LAGGGMOH_00581	CDS	1017				hypothetical protein
LAGGGMOH_00582	gene	702				
LAGGGMOH_00582	CDS	702				hypothetical protein
LAGGGMOH_00583	gene	198				
LAGGGMOH_00583	CDS	198				hypothetical protein
LAGGGMOH_00584	gene	201				
LAGGGMOH_00584	CDS	201				hypothetical protein
LAGGGMOH_00585	gene	411				
LAGGGMOH_00585	CDS	411				hypothetical protein
LAGGGMOH_00586	gene	627				
LAGGGMOH_00586	CDS	627				hypothetical protein
LAGGGMOH_00587	gene	231				
LAGGGMOH_00587	CDS	231				hypothetical protein
LAGGGMOH_00588	gene	1323				
LAGGGMOH_00588	CDS	1323				hypothetical protein
LAGGGMOH_00589	gene	2088	topB_1			
LAGGGMOH_00589	CDS	2088	topB_1	5.6.2.1	COG0550	DNA topoisomerase 3
LAGGGMOH_00590	gene	519				
LAGGGMOH_00590	CDS	519				hypothetical protein
LAGGGMOH_00591	gene	2073				
LAGGGMOH_00591	CDS	2073				hypothetical protein
LAGGGMOH_00592	gene	429				
LAGGGMOH_00592	CDS	429				hypothetical protein
LAGGGMOH_00593	gene	903				
LAGGGMOH_00593	CDS	903				hypothetical protein
LAGGGMOH_00594	gene	843				
LAGGGMOH_00594	CDS	843				hypothetical protein
LAGGGMOH_00595	gene	459				
LAGGGMOH_00595	CDS	459				hypothetical protein
LAGGGMOH_00596	gene	468				
LAGGGMOH_00596	CDS	468				hypothetical protein
LAGGGMOH_00597	gene	579				
LAGGGMOH_00597	CDS	579				hypothetical protein
LAGGGMOH_00598	gene	594				
LAGGGMOH_00598	CDS	594				hypothetical protein
LAGGGMOH_00599	gene	468				
LAGGGMOH_00599	CDS	468				hypothetical protein
LAGGGMOH_00600	gene	393				
LAGGGMOH_00600	CDS	393				hypothetical protein
LAGGGMOH_00601	gene	384				
LAGGGMOH_00601	CDS	384				hypothetical protein
LAGGGMOH_00602	gene	405				
LAGGGMOH_00602	CDS	405				hypothetical protein
LAGGGMOH_00603	gene	588				
LAGGGMOH_00603	CDS	588				hypothetical protein
LAGGGMOH_00604	gene	522				
LAGGGMOH_00604	CDS	522				hypothetical protein
LAGGGMOH_00605	gene	702				
LAGGGMOH_00605	CDS	702				hypothetical protein
LAGGGMOH_00606	gene	444				
LAGGGMOH_00606	CDS	444				hypothetical protein
LAGGGMOH_00607	gene	591				
LAGGGMOH_00607	CDS	591				hypothetical protein
LAGGGMOH_00608	gene	423				
LAGGGMOH_00608	CDS	423				hypothetical protein
LAGGGMOH_00609	gene	519				
LAGGGMOH_00609	CDS	519				hypothetical protein
LAGGGMOH_00610	gene	363				
LAGGGMOH_00610	CDS	363				hypothetical protein
LAGGGMOH_00611	gene	375				
LAGGGMOH_00611	CDS	375				hypothetical protein
LAGGGMOH_00612	gene	1107	xerC_6			
LAGGGMOH_00612	CDS	1107	xerC_6			Tyrosine recombinase XerC
LAGGGMOH_00613	gene	615				
LAGGGMOH_00613	CDS	615				hypothetical protein
LAGGGMOH_00614	gene	675				
LAGGGMOH_00614	CDS	675				hypothetical protein
LAGGGMOH_00615	gene	1140				
LAGGGMOH_00615	CDS	1140				hypothetical protein
LAGGGMOH_00616	gene	2574				
LAGGGMOH_00616	CDS	2574				hypothetical protein
LAGGGMOH_00617	gene	558				
LAGGGMOH_00617	CDS	558				hypothetical protein
LAGGGMOH_00618	gene	1590	yicI			
LAGGGMOH_00618	CDS	1590	yicI	3.2.1.177	COG1501	Alpha-xylosidase
LAGGGMOH_00619	gene	474				
LAGGGMOH_00619	CDS	474				hypothetical protein
LAGGGMOH_00620	gene	1338	paeA			
LAGGGMOH_00620	CDS	1338	paeA		COG1253	Polyamine export protein
LAGGGMOH_00621	gene	801	loiP			
LAGGGMOH_00621	CDS	801	loiP	3.4.24.-	COG0501	Metalloprotease LoiP
LAGGGMOH_00622	gene	2373				
LAGGGMOH_00622	CDS	2373				hypothetical protein
LAGGGMOH_00623	gene	438				
LAGGGMOH_00623	CDS	438				hypothetical protein
LAGGGMOH_00624	gene	819				
LAGGGMOH_00624	CDS	819				hypothetical protein
LAGGGMOH_00625	gene	822				
LAGGGMOH_00625	CDS	822				hypothetical protein
LAGGGMOH_00626	gene	1287				
LAGGGMOH_00626	CDS	1287		2.5.1.-	COG2873	O-acetyl-L-homoserine sulfhydrylase
LAGGGMOH_00627	gene	1062	mnmA_1			
LAGGGMOH_00627	CDS	1062	mnmA_1	2.8.1.13		tRNA-specific 2-thiouridylase MnmA
LAGGGMOH_00628	gene	678	narL			
LAGGGMOH_00628	CDS	678	narL		COG2197	putative transcriptional regulatory protein NarL
LAGGGMOH_00629	gene	591				
LAGGGMOH_00629	CDS	591				hypothetical protein
LAGGGMOH_00630	gene	1431	nhaC			
LAGGGMOH_00630	CDS	1431	nhaC		COG1757	Na(+)/H(+) antiporter NhaC
LAGGGMOH_00631	gene	855				
LAGGGMOH_00631	CDS	855				hypothetical protein
LAGGGMOH_00632	gene	438				
LAGGGMOH_00632	CDS	438				hypothetical protein
LAGGGMOH_00633	gene	1176				
LAGGGMOH_00633	CDS	1176			COG2814	putative transporter
LAGGGMOH_00634	gene	2361	pbpC			
LAGGGMOH_00634	CDS	2361	pbpC		COG4953	Penicillin-binding protein 1C
LAGGGMOH_00635	gene	5589				
LAGGGMOH_00635	CDS	5589				hypothetical protein
LAGGGMOH_00636	gene	1296	tilS			
LAGGGMOH_00636	CDS	1296	tilS	6.3.4.19	COG0037	tRNA(Ile)-lysidine synthase
LAGGGMOH_00637	gene	2523	der_1			
LAGGGMOH_00637	CDS	2523	der_1			GTPase Der
LAGGGMOH_00638	gene	213				
LAGGGMOH_00638	CDS	213				hypothetical protein
LAGGGMOH_00639	gene	73				
LAGGGMOH_00639	tRNA	73				tRNA-Cys(gca)
LAGGGMOH_00640	gene	1086				
LAGGGMOH_00640	CDS	1086				hypothetical protein
LAGGGMOH_00641	gene	753				
LAGGGMOH_00641	CDS	753				hypothetical protein
LAGGGMOH_00642	gene	984				
LAGGGMOH_00642	CDS	984				hypothetical protein
LAGGGMOH_00643	gene	1875				
LAGGGMOH_00643	CDS	1875				hypothetical protein
LAGGGMOH_00644	gene	1260				
LAGGGMOH_00644	CDS	1260				hypothetical protein
LAGGGMOH_00645	gene	1014				
LAGGGMOH_00645	CDS	1014				hypothetical protein
LAGGGMOH_00646	gene	1008				
LAGGGMOH_00646	CDS	1008				hypothetical protein
LAGGGMOH_00647	gene	174				
LAGGGMOH_00647	CDS	174				hypothetical protein
LAGGGMOH_00648	gene	165				
LAGGGMOH_00648	CDS	165				hypothetical protein
LAGGGMOH_00649	gene	519				
LAGGGMOH_00649	CDS	519				hypothetical protein
LAGGGMOH_00650	gene	474				
LAGGGMOH_00650	CDS	474				hypothetical protein
LAGGGMOH_00651	gene	1455				
LAGGGMOH_00651	CDS	1455				hypothetical protein
LAGGGMOH_00652	gene	1389				
LAGGGMOH_00652	CDS	1389				hypothetical protein
LAGGGMOH_00653	gene	1206	wecC_1			
LAGGGMOH_00653	CDS	1206	wecC_1	1.1.1.336	COG0677	UDP-N-acetyl-D-mannosamine dehydrogenase
LAGGGMOH_00654	gene	1155				
LAGGGMOH_00654	CDS	1155		5.1.3.14		UDP-N-acetylglucosamine 2-epimerase
LAGGGMOH_00655	gene	1077				
LAGGGMOH_00655	CDS	1077				hypothetical protein
LAGGGMOH_00656	gene	1095				
LAGGGMOH_00656	CDS	1095				hypothetical protein
LAGGGMOH_00657	gene	435	fdtC			
LAGGGMOH_00657	CDS	435	fdtC	2.3.1.197		dTDP-3-amino-3,6-dideoxy-alpha-D-galactopyranose 3-N-acetyltransferase
LAGGGMOH_00658	gene	1020	capD_2			
LAGGGMOH_00658	CDS	1020	capD_2	5.1.3.2	COG1086	UDP-glucose 4-epimerase
LAGGGMOH_00659	gene	1134	wbjC_2			
LAGGGMOH_00659	CDS	1134	wbjC_2	1.1.1.367		UDP-2-acetamido-2,6-beta-L-arabino-hexul-4-ose reductase
LAGGGMOH_00660	gene	1131	wbpI_2			
LAGGGMOH_00660	CDS	1131	wbpI_2	5.1.3.23		UDP-2,3-diacetamido-2,3-dideoxy-D-glucuronate 2-epimerase
LAGGGMOH_00661	gene	1107				
LAGGGMOH_00661	CDS	1107				hypothetical protein
LAGGGMOH_00662	gene	1224	arnB			
LAGGGMOH_00662	CDS	1224	arnB	2.6.1.87		UDP-4-amino-4-deoxy-L-arabinose--oxoglutarate aminotransferase
LAGGGMOH_00663	gene	588				
LAGGGMOH_00663	CDS	588				hypothetical protein
LAGGGMOH_00664	gene	75				
LAGGGMOH_00664	tRNA	75				tRNA-Thr(tgt)
LAGGGMOH_00665	gene	597	resA_1			
LAGGGMOH_00665	CDS	597	resA_1			Thiol-disulfide oxidoreductase ResA
LAGGGMOH_00666	gene	1866				
LAGGGMOH_00666	CDS	1866				hypothetical protein
LAGGGMOH_00667	gene	735				
LAGGGMOH_00667	CDS	735				hypothetical protein
LAGGGMOH_00668	gene	189				
LAGGGMOH_00668	CDS	189				hypothetical protein
LAGGGMOH_00669	gene	381				
LAGGGMOH_00669	CDS	381				hypothetical protein
LAGGGMOH_00670	gene	1080				
LAGGGMOH_00670	CDS	1080				hypothetical protein
LAGGGMOH_00671	gene	726				
LAGGGMOH_00671	CDS	726				hypothetical protein
LAGGGMOH_00672	gene	708	pdxH			
LAGGGMOH_00672	CDS	708	pdxH	1.4.3.5	COG0259	Pyridoxine/pyridoxamine 5'-phosphate oxidase
LAGGGMOH_00673	gene	705	yhhW_1			
LAGGGMOH_00673	CDS	705	yhhW_1	1.13.11.24	COG1741	Quercetin 2,3-dioxygenase
LAGGGMOH_00674	gene	1812				
LAGGGMOH_00674	CDS	1812				hypothetical protein
LAGGGMOH_00675	gene	543				
LAGGGMOH_00675	CDS	543				hypothetical protein
LAGGGMOH_00676	gene	1011	ldhA			
LAGGGMOH_00676	CDS	1011	ldhA	1.1.1.28	COG1052	D-lactate dehydrogenase
LAGGGMOH_00677	gene	1506				
LAGGGMOH_00677	CDS	1506				hypothetical protein
LAGGGMOH_00678	gene	1152				
LAGGGMOH_00678	CDS	1152				hypothetical protein
LAGGGMOH_00679	gene	1290				
LAGGGMOH_00679	CDS	1290				hypothetical protein
LAGGGMOH_00680	gene	504	ecfG_1			
LAGGGMOH_00680	CDS	504	ecfG_1			ECF RNA polymerase sigma factor EcfG
LAGGGMOH_00681	gene	681				
LAGGGMOH_00681	CDS	681				queuosine precursor transporter
LAGGGMOH_00682	gene	660	queC			
LAGGGMOH_00682	CDS	660	queC	6.3.4.20	COG0603	7-cyano-7-deazaguanine synthase
LAGGGMOH_00683	gene	456	queF			
LAGGGMOH_00683	CDS	456	queF	1.7.1.13	COG0780	NADPH-dependent 7-cyano-7-deazaguanine reductase
LAGGGMOH_00684	gene	474	rlmH			
LAGGGMOH_00684	CDS	474	rlmH	2.1.1.177		Ribosomal RNA large subunit methyltransferase H
LAGGGMOH_00685	gene	393				
LAGGGMOH_00685	CDS	393				hypothetical protein
LAGGGMOH_00686	gene	840	nadC			
LAGGGMOH_00686	CDS	840	nadC	2.4.2.19	COG0157	Nicotinate-nucleotide pyrophosphorylase [carboxylating]
LAGGGMOH_00687	gene	552	ylaC			
LAGGGMOH_00687	CDS	552	ylaC		COG1595	RNA polymerase sigma factor YlaC
LAGGGMOH_00688	gene	1041				
LAGGGMOH_00688	CDS	1041				hypothetical protein
LAGGGMOH_00689	gene	513				
LAGGGMOH_00689	CDS	513				hypothetical protein
LAGGGMOH_00690	gene	705				
LAGGGMOH_00690	CDS	705				hypothetical protein
LAGGGMOH_00691	gene	975				
LAGGGMOH_00691	CDS	975		1.6.5.9		NADH:quinone reductase
LAGGGMOH_00692	gene	1110	ald			
LAGGGMOH_00692	CDS	1110	ald	1.4.1.1	COG0686	Alanine dehydrogenase
LAGGGMOH_00693	gene	1653				
LAGGGMOH_00693	CDS	1653				hypothetical protein
LAGGGMOH_00694	gene	1638				
LAGGGMOH_00694	CDS	1638				hypothetical protein
LAGGGMOH_00695	gene	1746	pgcA			
LAGGGMOH_00695	CDS	1746	pgcA	5.4.2.2	COG1109	Phosphoglucomutase
LAGGGMOH_00696	gene	621				
LAGGGMOH_00696	CDS	621				hypothetical protein
LAGGGMOH_00697	gene	900				
LAGGGMOH_00697	CDS	900				hypothetical protein
LAGGGMOH_00698	gene	2400				
LAGGGMOH_00698	CDS	2400				hypothetical protein
LAGGGMOH_00699	gene	114				
LAGGGMOH_00699	CDS	114				hypothetical protein
LAGGGMOH_00700	gene	915	xerC_7			
LAGGGMOH_00700	CDS	915	xerC_7			Tyrosine recombinase XerC
LAGGGMOH_00701	gene	897	hdc			
LAGGGMOH_00701	CDS	897	hdc	4.1.1.22		Histidine decarboxylase proenzyme
LAGGGMOH_00702	gene	780	nudC_1			
LAGGGMOH_00702	CDS	780	nudC_1	3.6.1.22		NAD-capped RNA hydrolase NudC
LAGGGMOH_00703	gene	1590	ybiT_1			
LAGGGMOH_00703	CDS	1590	ybiT_1		COG0488	putative ATP-binding protein YbiT
LAGGGMOH_00704	gene	1377	rclA			
LAGGGMOH_00704	CDS	1377	rclA		COG1249	putative pyridine nucleotide-disulfide oxidoreductase RclA
LAGGGMOH_00705	gene	603	rclC			
LAGGGMOH_00705	CDS	603	rclC		COG3059	Inner membrane protein RclC
LAGGGMOH_00706	gene	807				
LAGGGMOH_00706	CDS	807				hypothetical protein
LAGGGMOH_00707	gene	483	cdd			
LAGGGMOH_00707	CDS	483	cdd	3.5.4.5	COG0295	Cytidine deaminase
LAGGGMOH_00708	gene	900				
LAGGGMOH_00708	CDS	900				hypothetical protein
LAGGGMOH_00709	gene	1248				
LAGGGMOH_00709	CDS	1248				hypothetical protein
LAGGGMOH_00710	gene	1266				
LAGGGMOH_00710	CDS	1266				hypothetical protein
LAGGGMOH_00711	gene	1269				
LAGGGMOH_00711	CDS	1269				hypothetical protein
LAGGGMOH_00712	gene	1305				
LAGGGMOH_00712	CDS	1305				hypothetical protein
LAGGGMOH_00713	gene	1308				
LAGGGMOH_00713	CDS	1308				hypothetical protein
LAGGGMOH_00714	gene	1308				
LAGGGMOH_00714	CDS	1308				hypothetical protein
LAGGGMOH_00715	gene	1290				
LAGGGMOH_00715	CDS	1290				hypothetical protein
LAGGGMOH_00716	gene	1308				
LAGGGMOH_00716	CDS	1308				hypothetical protein
LAGGGMOH_00717	gene	1263				
LAGGGMOH_00717	CDS	1263				hypothetical protein
LAGGGMOH_00718	gene	909				
LAGGGMOH_00718	CDS	909				hypothetical protein
LAGGGMOH_00719	gene	900	rhaR_4			
LAGGGMOH_00719	CDS	900	rhaR_4			HTH-type transcriptional activator RhaR
LAGGGMOH_00720	gene	1266				
LAGGGMOH_00720	CDS	1266				hypothetical protein
LAGGGMOH_00721	gene	666	yknY_1			
LAGGGMOH_00721	CDS	666	yknY_1	7.6.2.-	COG1136	putative ABC transporter ATP-binding protein YknY
LAGGGMOH_00722	gene	666	yknY_2			
LAGGGMOH_00722	CDS	666	yknY_2	7.6.2.-	COG1136	putative ABC transporter ATP-binding protein YknY
LAGGGMOH_00723	gene	630				
LAGGGMOH_00723	CDS	630				hypothetical protein
LAGGGMOH_00724	gene	1299				
LAGGGMOH_00724	CDS	1299				hypothetical protein
LAGGGMOH_00725	gene	1245				
LAGGGMOH_00725	CDS	1245				hypothetical protein
LAGGGMOH_00726	gene	2613	rcsC_6			
LAGGGMOH_00726	CDS	2613	rcsC_6	2.7.13.3		Sensor histidine kinase RcsC
LAGGGMOH_00727	gene	1473				
LAGGGMOH_00727	CDS	1473				hypothetical protein
LAGGGMOH_00728	gene	1350	atoC_1			
LAGGGMOH_00728	CDS	1350	atoC_1		COG2204	Regulatory protein AtoC
LAGGGMOH_00729	gene	1293	sasA_1			
LAGGGMOH_00729	CDS	1293	sasA_1	2.7.13.3		Adaptive-response sensory-kinase SasA
LAGGGMOH_00730	gene	1644	asD			
LAGGGMOH_00730	CDS	1644	asD	2.6.1.1		Bifunctional aspartate aminotransferase and L-aspartate beta-decarboxylase
LAGGGMOH_00731	gene	1698	aspT_1			
LAGGGMOH_00731	CDS	1698	aspT_1			Aspartate/alanine antiporter
LAGGGMOH_00732	gene	990				
LAGGGMOH_00732	CDS	990				hypothetical protein
LAGGGMOH_00733	gene	285				
LAGGGMOH_00733	CDS	285				hypothetical protein
LAGGGMOH_00734	gene	2316	hsdR			
LAGGGMOH_00734	CDS	2316	hsdR	3.1.21.3		Type I restriction enzyme EcoAI endonuclease subunit
LAGGGMOH_00735	gene	1521	hsdM			
LAGGGMOH_00735	CDS	1521	hsdM	2.1.1.72	COG0286	Type I restriction enzymeP methylase subunit
LAGGGMOH_00736	gene	1017				
LAGGGMOH_00736	CDS	1017				hypothetical protein
LAGGGMOH_00737	gene	447				
LAGGGMOH_00737	CDS	447				hypothetical protein
LAGGGMOH_00738	gene	1572	hsdS			
LAGGGMOH_00738	CDS	1572	hsdS		COG0732	Type I restriction enzyme EcoAI specificity subunit
LAGGGMOH_00739	gene	600				
LAGGGMOH_00739	CDS	600				hypothetical protein
LAGGGMOH_00740	gene	807	xerD_1			
LAGGGMOH_00740	CDS	807	xerD_1			Tyrosine recombinase XerD
LAGGGMOH_00741	gene	915				
LAGGGMOH_00741	CDS	915				hypothetical protein
LAGGGMOH_00742	gene	348				
LAGGGMOH_00742	CDS	348				hypothetical protein
LAGGGMOH_00743	gene	639				
LAGGGMOH_00743	CDS	639				hypothetical protein
LAGGGMOH_00744	gene	483				
LAGGGMOH_00744	CDS	483				hypothetical protein
LAGGGMOH_00745	gene	891	rffH_1			
LAGGGMOH_00745	CDS	891	rffH_1	2.7.7.24	COG1209	Glucose-1-phosphate thymidylyltransferase 2
LAGGGMOH_00746	gene	576	rfbC_1			
LAGGGMOH_00746	CDS	576	rfbC_1	5.1.3.13		dTDP-4-dehydrorhamnose 3,5-epimerase
LAGGGMOH_00747	gene	390				
LAGGGMOH_00747	CDS	390				hypothetical protein
LAGGGMOH_00748	gene	1317	tuaD_1			
LAGGGMOH_00748	CDS	1317	tuaD_1	1.1.1.22	COG1004	UDP-glucose 6-dehydrogenase TuaD
LAGGGMOH_00749	gene	936	UXNAcS_1			
LAGGGMOH_00749	CDS	936	UXNAcS_1	4.1.1.128	COG0451	UDP-N-acetyl-alpha-D-glucosaminuronate decarboxylase
LAGGGMOH_00750	gene	216				
LAGGGMOH_00750	CDS	216				hypothetical protein
LAGGGMOH_00751	gene	204				
LAGGGMOH_00751	CDS	204				hypothetical protein
LAGGGMOH_00752	gene	1434	tuaB_1			
LAGGGMOH_00752	CDS	1434	tuaB_1		COG2244	Teichuronic acid biosynthesis protein TuaB
LAGGGMOH_00753	gene	933	gspA_1			
LAGGGMOH_00753	CDS	933	gspA_1		COG1442	General stress protein A
LAGGGMOH_00754	gene	861	wbgN_1			
LAGGGMOH_00754	CDS	861	wbgN_1	2.4.1.341		Alpha-1,2-colitosyltransferase
LAGGGMOH_00755	gene	762				
LAGGGMOH_00755	CDS	762				hypothetical protein
LAGGGMOH_00756	gene	1017				
LAGGGMOH_00756	CDS	1017				hypothetical protein
LAGGGMOH_00757	gene	1038				
LAGGGMOH_00757	CDS	1038				hypothetical protein
LAGGGMOH_00758	gene	720				
LAGGGMOH_00758	CDS	720				hypothetical protein
LAGGGMOH_00759	gene	1056				
LAGGGMOH_00759	CDS	1056				hypothetical protein
LAGGGMOH_00760	gene	1044	wclY			
LAGGGMOH_00760	CDS	1044	wclY	2.4.1.-		O-antigen biosynthesis glycosyltransferase WclY
LAGGGMOH_00761	gene	825	wbbL			
LAGGGMOH_00761	CDS	825	wbbL	2.4.1.289	COG1216	N-acetylglucosaminyl-diphospho-decaprenol L-rhamnosyltransferase
LAGGGMOH_00762	gene	909	gnu_2			
LAGGGMOH_00762	CDS	909	gnu_2	5.1.3.26	COG0451	N-acetyl-alpha-D-glucosaminyl-diphospho-ditrans,octacis-undecaprenol 4-epimerase
LAGGGMOH_00763	gene	99				
LAGGGMOH_00763	CDS	99				hypothetical protein
LAGGGMOH_00764	gene	951	wecA_2			
LAGGGMOH_00764	CDS	951	wecA_2	2.7.8.33		Undecaprenyl-phosphate alpha-N-acetylglucosaminyl 1-phosphate transferase
LAGGGMOH_00765	gene	588				
LAGGGMOH_00765	CDS	588				hypothetical protein
LAGGGMOH_00766	gene	216				
LAGGGMOH_00766	CDS	216				hypothetical protein
LAGGGMOH_00767	gene	327				
LAGGGMOH_00767	CDS	327			COG3550	putative protein
LAGGGMOH_00768	gene	336				
LAGGGMOH_00768	CDS	336				hypothetical protein
LAGGGMOH_00769	gene	1575	rne			
LAGGGMOH_00769	CDS	1575	rne	3.1.26.12	COG1530	Ribonuclease E
LAGGGMOH_00770	gene	276	hup_1			
LAGGGMOH_00770	CDS	276	hup_1			DNA-binding protein HU
LAGGGMOH_00771	gene	1047	mutY			
LAGGGMOH_00771	CDS	1047	mutY	3.2.2.31		Adenine DNA glycosylase
LAGGGMOH_00772	gene	1569				
LAGGGMOH_00772	CDS	1569		3.1.6.-	COG3119	N-acetylgalactosamine-6-O-sulfatase
LAGGGMOH_00773	gene	459	ssb			
LAGGGMOH_00773	CDS	459	ssb		COG0629	Single-stranded DNA-binding protein
LAGGGMOH_00774	gene	1347				
LAGGGMOH_00774	CDS	1347				hypothetical protein
LAGGGMOH_00775	gene	651				
LAGGGMOH_00775	CDS	651				hypothetical protein
LAGGGMOH_00776	gene	2307				
LAGGGMOH_00776	CDS	2307				hypothetical protein
LAGGGMOH_00777	gene	105				
LAGGGMOH_00777	CDS	105				hypothetical protein
LAGGGMOH_00778	gene	303				
LAGGGMOH_00778	CDS	303				hypothetical protein
LAGGGMOH_00779	gene	864				
LAGGGMOH_00779	CDS	864				hypothetical protein
LAGGGMOH_00780	gene	1086				
LAGGGMOH_00780	CDS	1086				hypothetical protein
LAGGGMOH_00781	gene	1029				
LAGGGMOH_00781	CDS	1029				hypothetical protein
LAGGGMOH_00782	gene	1539				
LAGGGMOH_00782	CDS	1539				hypothetical protein
LAGGGMOH_00783	gene	1326				
LAGGGMOH_00783	CDS	1326				hypothetical protein
LAGGGMOH_00784	gene	2043				
LAGGGMOH_00784	CDS	2043				hypothetical protein
LAGGGMOH_00785	gene	2181	btuB_1			
LAGGGMOH_00785	CDS	2181	btuB_1			Vitamin B12 transporter BtuB
LAGGGMOH_00786	gene	936				
LAGGGMOH_00786	CDS	936				hypothetical protein
LAGGGMOH_00787	gene	1839				
LAGGGMOH_00787	CDS	1839				hypothetical protein
LAGGGMOH_00788	gene	1782	sasA_2			
LAGGGMOH_00788	CDS	1782	sasA_2	2.7.13.3		Adaptive-response sensory-kinase SasA
LAGGGMOH_00789	gene	690	walR			
LAGGGMOH_00789	CDS	690	walR		COG0745	Transcriptional regulatory protein WalR
LAGGGMOH_00790	gene	1194				
LAGGGMOH_00790	CDS	1194				hypothetical protein
LAGGGMOH_00791	gene	1476				
LAGGGMOH_00791	CDS	1476				hypothetical protein
LAGGGMOH_00792	gene	384				
LAGGGMOH_00792	CDS	384				hypothetical protein
LAGGGMOH_00793	gene	831				
LAGGGMOH_00793	CDS	831				hypothetical protein
LAGGGMOH_00794	gene	1866	ettA_1			
LAGGGMOH_00794	CDS	1866	ettA_1	3.6.1.-	COG0488	Energy-dependent translational throttle protein EttA
LAGGGMOH_00795	gene	834				
LAGGGMOH_00795	CDS	834				hypothetical protein
LAGGGMOH_00796	gene	825				
LAGGGMOH_00796	CDS	825		3.2.1.103		Keratan-sulfate endo-1,4-beta-galactosidase
LAGGGMOH_00797	gene	2040	cslA			
LAGGGMOH_00797	CDS	2040	cslA	4.2.2.5	COG5492	Chondroitinase-AC
LAGGGMOH_00798	gene	1236				
LAGGGMOH_00798	CDS	1236				hypothetical protein
LAGGGMOH_00799	gene	1200	aspC			
LAGGGMOH_00799	CDS	1200	aspC	2.6.1.1	COG0436	Aspartate aminotransferase
LAGGGMOH_00800	gene	1308	lolE_1			
LAGGGMOH_00800	CDS	1308	lolE_1		COG4591	Lipoprotein-releasing system transmembrane protein LolE
LAGGGMOH_00801	gene	1173				
LAGGGMOH_00801	CDS	1173				hypothetical protein
LAGGGMOH_00802	gene	999				
LAGGGMOH_00802	CDS	999				hypothetical protein
LAGGGMOH_00803	gene	1257	sasA_3			
LAGGGMOH_00803	CDS	1257	sasA_3	2.7.13.3		Adaptive-response sensory-kinase SasA
LAGGGMOH_00804	gene	1413	zraR_1			
LAGGGMOH_00804	CDS	1413	zraR_1			Transcriptional regulatory protein ZraR
LAGGGMOH_00805	gene	1329				
LAGGGMOH_00805	CDS	1329				hypothetical protein
LAGGGMOH_00806	gene	1248	mdtA_1			
LAGGGMOH_00806	CDS	1248	mdtA_1			Multidrug resistance protein MdtA
LAGGGMOH_00807	gene	2406				
LAGGGMOH_00807	CDS	2406				hypothetical protein
LAGGGMOH_00808	gene	717	macB_1			
LAGGGMOH_00808	CDS	717	macB_1	7.6.2.-	COG0577	Macrolide export ATP-binding/permease protein MacB
LAGGGMOH_00809	gene	2421				
LAGGGMOH_00809	CDS	2421				hypothetical protein
LAGGGMOH_00810	gene	1347	ndhA			
LAGGGMOH_00810	CDS	1347	ndhA	1.6.5.9	COG1252	Type II NADH:quinone oxidoreductase NdhA
LAGGGMOH_00811	gene	642	bioD1			
LAGGGMOH_00811	CDS	642	bioD1	6.3.3.3	COG0132	ATP-dependent dethiobiotin synthetase BioD 1
LAGGGMOH_00812	gene	1446	bioC_1			
LAGGGMOH_00812	CDS	1446	bioC_1	2.1.1.197		Malonyl-[acyl-carrier protein] O-methyltransferase
LAGGGMOH_00813	gene	1188	bioF			
LAGGGMOH_00813	CDS	1188	bioF	2.3.1.47		8-amino-7-oxononanoate synthase
LAGGGMOH_00814	gene	2238	bioA			
LAGGGMOH_00814	CDS	2238	bioA	2.6.1.62		Adenosylmethionine-8-amino-7-oxononanoate aminotransferase
LAGGGMOH_00815	gene	408				
LAGGGMOH_00815	CDS	408				hypothetical protein
LAGGGMOH_00816	gene	3129				
LAGGGMOH_00816	CDS	3129			COG4771	TonB-dependent receptor P3
LAGGGMOH_00817	gene	1593				
LAGGGMOH_00817	CDS	1593				hypothetical protein
LAGGGMOH_00818	gene	1500	glcA			
LAGGGMOH_00818	CDS	1500	glcA		COG1620	Glycolate permease GlcA
LAGGGMOH_00819	gene	162				
LAGGGMOH_00819	CDS	162				hypothetical protein
LAGGGMOH_00820	gene	2325				
LAGGGMOH_00820	CDS	2325				hypothetical protein
LAGGGMOH_00821	gene	237				
LAGGGMOH_00821	CDS	237				hypothetical protein
LAGGGMOH_00822	gene	1449				
LAGGGMOH_00822	CDS	1449				hypothetical protein
LAGGGMOH_00823	gene	594				
LAGGGMOH_00823	CDS	594				hypothetical protein
LAGGGMOH_00824	gene	1545	pccB_1			
LAGGGMOH_00824	CDS	1545	pccB_1	6.4.1.3	COG4799	Propionyl-CoA carboxylase beta chain
LAGGGMOH_00825	gene	1512	cfiB_1			
LAGGGMOH_00825	CDS	1512	cfiB_1	6.4.1.7	COG0439	2-oxoglutarate carboxylase small subunit
LAGGGMOH_00826	gene	525				
LAGGGMOH_00826	CDS	525				hypothetical protein
LAGGGMOH_00827	gene	327				
LAGGGMOH_00827	CDS	327				hypothetical protein
LAGGGMOH_00828	gene	831	arsM			
LAGGGMOH_00828	CDS	831	arsM	2.1.1.137	COG2226	Arsenite methyltransferase
LAGGGMOH_00829	gene	1263	dadD			
LAGGGMOH_00829	CDS	1263	dadD	3.5.4.31		5'-deoxyadenosine deaminase
LAGGGMOH_00830	gene	1656				
LAGGGMOH_00830	CDS	1656				hypothetical protein
LAGGGMOH_00831	gene	1590				
LAGGGMOH_00831	CDS	1590				hypothetical protein
LAGGGMOH_00832	gene	207				
LAGGGMOH_00832	CDS	207				hypothetical protein
LAGGGMOH_00833	gene	549				
LAGGGMOH_00833	CDS	549				hypothetical protein
LAGGGMOH_00834	gene	1350	lpd			
LAGGGMOH_00834	CDS	1350	lpd	1.8.1.4	COG1249	Dihydrolipoyl dehydrogenase
LAGGGMOH_00835	gene	702				
LAGGGMOH_00835	CDS	702		6.3.1.20		Lipoate--protein ligase 1
LAGGGMOH_00836	gene	2445	rcsC_7			
LAGGGMOH_00836	CDS	2445	rcsC_7	2.7.13.3		Sensor histidine kinase RcsC
LAGGGMOH_00837	gene	1359	pdhC			
LAGGGMOH_00837	CDS	1359	pdhC	2.3.1.12		Dihydrolipoyllysine-residue acetyltransferase component of pyruvate dehydrogenase complex
LAGGGMOH_00838	gene	2037	dxs_2			
LAGGGMOH_00838	CDS	2037	dxs_2	2.2.1.7		1-deoxy-D-xylulose-5-phosphate synthase
LAGGGMOH_00839	gene	510	isiB			
LAGGGMOH_00839	CDS	510	isiB		COG0716	Flavodoxin
LAGGGMOH_00840	gene	843	prmA			
LAGGGMOH_00840	CDS	843	prmA	2.1.1.-	COG2264	Ribosomal protein L11 methyltransferase
LAGGGMOH_00841	gene	1344				
LAGGGMOH_00841	CDS	1344				hypothetical protein
LAGGGMOH_00842	gene	1671				
LAGGGMOH_00842	CDS	1671				hypothetical protein
LAGGGMOH_00843	gene	450	guaD			
LAGGGMOH_00843	CDS	450	guaD	3.5.4.3	COG0590	Guanine deaminase
LAGGGMOH_00844	gene	894				
LAGGGMOH_00844	CDS	894				hypothetical protein
LAGGGMOH_00845	gene	450				
LAGGGMOH_00845	CDS	450				hypothetical protein
LAGGGMOH_00846	gene	426				
LAGGGMOH_00846	CDS	426				hypothetical protein
LAGGGMOH_00847	gene	522				
LAGGGMOH_00847	CDS	522				hypothetical protein
LAGGGMOH_00848	gene	987				
LAGGGMOH_00848	CDS	987		1.-.-.-	COG0673	Oxidoreductase P35
LAGGGMOH_00849	gene	825	mltF_1			
LAGGGMOH_00849	CDS	825	mltF_1			Membrane-bound lytic murein transglycosylase F
LAGGGMOH_00850	gene	2043				
LAGGGMOH_00850	CDS	2043				hypothetical protein
LAGGGMOH_00851	gene	543				
LAGGGMOH_00851	CDS	543				hypothetical protein
LAGGGMOH_00852	gene	762	korB_1			
LAGGGMOH_00852	CDS	762	korB_1	1.2.7.3	COG1013	2-oxoglutarate oxidoreductase subunit KorB
LAGGGMOH_00853	gene	252				
LAGGGMOH_00853	CDS	252				hypothetical protein
LAGGGMOH_00854	gene	1083	korA_1			
LAGGGMOH_00854	CDS	1083	korA_1	1.2.7.3	COG0674	2-oxoglutarate oxidoreductase subunit KorA
LAGGGMOH_00855	gene	228	rsxB_1			
LAGGGMOH_00855	CDS	228	rsxB_1	7.-.-.-		Ion-translocating oxidoreductase complex subunit B
LAGGGMOH_00856	gene	276				
LAGGGMOH_00856	CDS	276				hypothetical protein
LAGGGMOH_00857	gene	435	rpiB			
LAGGGMOH_00857	CDS	435	rpiB	5.3.1.6	COG0698	Ribose-5-phosphate isomerase B
LAGGGMOH_00858	gene	2010	tkt			
LAGGGMOH_00858	CDS	2010	tkt	2.2.1.1		Transketolase
LAGGGMOH_00859	gene	1155	galK			
LAGGGMOH_00859	CDS	1155	galK	2.7.1.6	COG0153	Galactokinase
LAGGGMOH_00860	gene	1326	fucP_2			
LAGGGMOH_00860	CDS	1326	fucP_2		COG0738	L-fucose-proton symporter
LAGGGMOH_00861	gene	1098	mro_1			
LAGGGMOH_00861	CDS	1098	mro_1	5.1.3.3		Aldose 1-epimerase
LAGGGMOH_00862	gene	972	manA_2			
LAGGGMOH_00862	CDS	972	manA_2	5.3.1.8	COG1482	Mannose-6-phosphate isomerase ManA
LAGGGMOH_00863	gene	264				
LAGGGMOH_00863	CDS	264				hypothetical protein
LAGGGMOH_00864	gene	366				
LAGGGMOH_00864	CDS	366				hypothetical protein
LAGGGMOH_00865	gene	210				
LAGGGMOH_00865	CDS	210				hypothetical protein
LAGGGMOH_00866	gene	1284	rhlE			
LAGGGMOH_00866	CDS	1284	rhlE	3.6.4.13	COG0513	ATP-dependent RNA helicase RhlE
LAGGGMOH_00867	gene	771	ydfG			
LAGGGMOH_00867	CDS	771	ydfG	1.1.1.381	COG4221	NADP-dependent 3-hydroxy acid dehydrogenase YdfG
LAGGGMOH_00868	gene	498				
LAGGGMOH_00868	CDS	498				hypothetical protein
LAGGGMOH_00869	gene	2673	lacZ_4			
LAGGGMOH_00869	CDS	2673	lacZ_4	3.2.1.23		Beta-galactosidase
LAGGGMOH_00870	gene	819	cysQ			
LAGGGMOH_00870	CDS	819	cysQ	3.1.3.7		3'(2'),5'-bisphosphate nucleotidase CysQ
LAGGGMOH_00871	gene	1557				
LAGGGMOH_00871	CDS	1557				hypothetical protein
LAGGGMOH_00872	gene	609	cysC			
LAGGGMOH_00872	CDS	609	cysC	2.7.1.25	COG0529	Adenylyl-sulfate kinase
LAGGGMOH_00873	gene	912	cysD			
LAGGGMOH_00873	CDS	912	cysD	2.7.7.4	COG0175	Sulfate adenylyltransferase subunit 2
LAGGGMOH_00874	gene	1431	cysN			
LAGGGMOH_00874	CDS	1431	cysN	2.7.7.4	COG2895	Sulfate adenylyltransferase subunit 1
LAGGGMOH_00875	gene	1107	stf3			
LAGGGMOH_00875	CDS	1107	stf3	2.8.2.40	COG0446	Omega-hydroxy-beta-dihydromenaquinone-9 sulfotransferase Stf3
LAGGGMOH_00876	gene	963				
LAGGGMOH_00876	CDS	963				hypothetical protein
LAGGGMOH_00877	gene	1122				
LAGGGMOH_00877	CDS	1122			COG2885	Outer membrane protein 40
LAGGGMOH_00878	gene	804				
LAGGGMOH_00878	CDS	804				hypothetical protein
LAGGGMOH_00879	gene	2223				
LAGGGMOH_00879	CDS	2223				hypothetical protein
LAGGGMOH_00880	gene	795				
LAGGGMOH_00880	CDS	795				hypothetical protein
LAGGGMOH_00881	gene	1143	xerC_8			
LAGGGMOH_00881	CDS	1143	xerC_8			Tyrosine recombinase XerC
LAGGGMOH_00882	gene	1248				
LAGGGMOH_00882	CDS	1248				hypothetical protein
LAGGGMOH_00883	gene	1077				
LAGGGMOH_00883	CDS	1077				hypothetical protein
LAGGGMOH_00884	gene	729				
LAGGGMOH_00884	CDS	729				hypothetical protein
LAGGGMOH_00885	gene	1119				
LAGGGMOH_00885	CDS	1119			COG2885	Outer membrane protein 40
LAGGGMOH_00886	gene	417	yrrK			
LAGGGMOH_00886	CDS	417	yrrK	3.1.-.-	COG0816	Putative pre-16S rRNA nuclease
LAGGGMOH_00887	gene	555	def			
LAGGGMOH_00887	CDS	555	def	3.5.1.88	COG0242	Peptide deformylase
LAGGGMOH_00888	gene	1218				
LAGGGMOH_00888	CDS	1218				hypothetical protein
LAGGGMOH_00889	gene	114				
LAGGGMOH_00889	CDS	114				hypothetical protein
LAGGGMOH_00890	gene	2049	lapB_1			
LAGGGMOH_00890	CDS	2049	lapB_1			Lipopolysaccharide assembly protein B
LAGGGMOH_00891	gene	1941	thrS			
LAGGGMOH_00891	CDS	1941	thrS	6.1.1.3	COG0441	Threonine--tRNA ligase
LAGGGMOH_00892	gene	654	infC			
LAGGGMOH_00892	CDS	654	infC			Translation initiation factor IF-3
LAGGGMOH_00893	gene	198	rpmI			
LAGGGMOH_00893	CDS	198	rpmI		COG0291	Large ribosomal subunit protein bL35
LAGGGMOH_00894	gene	351	rplT			
LAGGGMOH_00894	CDS	351	rplT			Large ribosomal subunit protein bL20
LAGGGMOH_00895	gene	789	rsxB_2			
LAGGGMOH_00895	CDS	789	rsxB_2	7.-.-.-		Ion-translocating oxidoreductase complex subunit B
LAGGGMOH_00896	gene	570	xpt			
LAGGGMOH_00896	CDS	570	xpt	2.4.2.22	COG0503	Xanthine phosphoribosyltransferase
LAGGGMOH_00897	gene	1308				
LAGGGMOH_00897	CDS	1308		6.2.1.30	COG1541	Phenylacetate-coenzyme A ligase
LAGGGMOH_00898	gene	585				
LAGGGMOH_00898	CDS	585				hypothetical protein
LAGGGMOH_00899	gene	1593				
LAGGGMOH_00899	CDS	1593				hypothetical protein
LAGGGMOH_00900	gene	1038	mltG			
LAGGGMOH_00900	CDS	1038	mltG	4.2.2.29		Endolytic murein transglycosylase
LAGGGMOH_00901	gene	876				
LAGGGMOH_00901	CDS	876				hypothetical protein
LAGGGMOH_00902	gene	74				
LAGGGMOH_00902	tRNA	74				tRNA-Thr(cgt)
LAGGGMOH_00903	gene	1905	pglF_1			
LAGGGMOH_00903	CDS	1905	pglF_1	4.2.1.135	COG1086	UDP-N-acetyl-alpha-D-glucosamine C6 dehydratase
LAGGGMOH_00904	gene	2550				
LAGGGMOH_00904	CDS	2550				hypothetical protein
LAGGGMOH_00905	gene	1119				
LAGGGMOH_00905	CDS	1119				hypothetical protein
LAGGGMOH_00906	gene	534	rfaH_3			
LAGGGMOH_00906	CDS	534	rfaH_3			Transcription antitermination protein RfaH
LAGGGMOH_00907	gene	465				
LAGGGMOH_00907	CDS	465				hypothetical protein
LAGGGMOH_00908	gene	1209	nagC			
LAGGGMOH_00908	CDS	1209	nagC		COG1846	DNA-binding transcriptional dual regulator NagC
LAGGGMOH_00909	gene	918	nanA_1			
LAGGGMOH_00909	CDS	918	nanA_1	4.1.3.3	COG0329	N-acetylneuraminate lyase
LAGGGMOH_00910	gene	1185	bfce_2			
LAGGGMOH_00910	CDS	1185	bfce_2	5.1.3.11	COG2942	Cellobiose 2-epimerase
LAGGGMOH_00911	gene	1239	exuT_2			
LAGGGMOH_00911	CDS	1239	exuT_2		COG2271	Hexuronate transporter
LAGGGMOH_00912	gene	447	nanQ			
LAGGGMOH_00912	CDS	447	nanQ		COG2731	N-acetylneuraminate anomerase
LAGGGMOH_00913	gene	3288				
LAGGGMOH_00913	CDS	3288			COG4771	TonB-dependent receptor P39
LAGGGMOH_00914	gene	1638				
LAGGGMOH_00914	CDS	1638				hypothetical protein
LAGGGMOH_00915	gene	1251				
LAGGGMOH_00915	CDS	1251				hypothetical protein
LAGGGMOH_00916	gene	159				
LAGGGMOH_00916	CDS	159				hypothetical protein
LAGGGMOH_00917	gene	1323				
LAGGGMOH_00917	CDS	1323				hypothetical protein
LAGGGMOH_00918	gene	3330				
LAGGGMOH_00918	CDS	3330				hypothetical protein
LAGGGMOH_00919	gene	1569				
LAGGGMOH_00919	CDS	1569			COG0702	SusD-like protein P25
LAGGGMOH_00920	gene	3324				
LAGGGMOH_00920	CDS	3324				hypothetical protein
LAGGGMOH_00921	gene	1563				
LAGGGMOH_00921	CDS	1563			COG0702	SusD-like protein P38
LAGGGMOH_00922	gene	1572				
LAGGGMOH_00922	CDS	1572			COG0702	SusD-like protein P38
LAGGGMOH_00923	gene	3270				
LAGGGMOH_00923	CDS	3270			COG4771	TonB-dependent receptor P39
LAGGGMOH_00924	gene	3171	susC_6			
LAGGGMOH_00924	CDS	3171	susC_6		COG1629	TonB-dependent receptor SusC
LAGGGMOH_00925	gene	2016				
LAGGGMOH_00925	CDS	2016				hypothetical protein
LAGGGMOH_00926	gene	1635				
LAGGGMOH_00926	CDS	1635				hypothetical protein
LAGGGMOH_00927	gene	2013				
LAGGGMOH_00927	CDS	2013				hypothetical protein
LAGGGMOH_00928	gene	642				
LAGGGMOH_00928	CDS	642				hypothetical protein
LAGGGMOH_00929	gene	2073				
LAGGGMOH_00929	CDS	2073				hypothetical protein
LAGGGMOH_00930	gene	2571	csxA			
LAGGGMOH_00930	CDS	2571	csxA	3.2.1.165	COG3250	Exo-beta-D-glucosaminidase
LAGGGMOH_00931	gene	2325				
LAGGGMOH_00931	CDS	2325				hypothetical protein
LAGGGMOH_00932	gene	1215	nanM_1			
LAGGGMOH_00932	CDS	1215	nanM_1	5.1.3.24		N-acetylneuraminate epimerase
LAGGGMOH_00933	gene	2073				
LAGGGMOH_00933	CDS	2073				hypothetical protein
LAGGGMOH_00934	gene	2250				
LAGGGMOH_00934	CDS	2250				hypothetical protein
LAGGGMOH_00935	gene	2502				
LAGGGMOH_00935	CDS	2502		3.2.1.23	COG3250	Beta-galactosidase BoGH2A
LAGGGMOH_00936	gene	2745	susC_7			
LAGGGMOH_00936	CDS	2745	susC_7		COG1629	TonB-dependent receptor SusC
LAGGGMOH_00937	gene	1632				
LAGGGMOH_00937	CDS	1632				hypothetical protein
LAGGGMOH_00938	gene	1185	dnaJ			
LAGGGMOH_00938	CDS	1185	dnaJ		COG0484	Chaperone protein DnaJ
LAGGGMOH_00939	gene	630	grpE			
LAGGGMOH_00939	CDS	630	grpE		COG0576	Protein GrpE
LAGGGMOH_00940	gene	1614	ybiT_2			
LAGGGMOH_00940	CDS	1614	ybiT_2		COG0488	putative ATP-binding protein YbiT
LAGGGMOH_00941	gene	564	sigW_3			
LAGGGMOH_00941	CDS	564	sigW_3		COG1595	ECF RNA polymerase sigma factor SigW
LAGGGMOH_00942	gene	423				
LAGGGMOH_00942	CDS	423				hypothetical protein
LAGGGMOH_00943	gene	1068				
LAGGGMOH_00943	CDS	1068				hypothetical protein
LAGGGMOH_00944	gene	1047				
LAGGGMOH_00944	CDS	1047				hypothetical protein
LAGGGMOH_00945	gene	852				
LAGGGMOH_00945	CDS	852				hypothetical protein
LAGGGMOH_00946	gene	1167				
LAGGGMOH_00946	CDS	1167				hypothetical protein
LAGGGMOH_00947	gene	2130				
LAGGGMOH_00947	CDS	2130				hypothetical protein
LAGGGMOH_00948	gene	606				
LAGGGMOH_00948	CDS	606				hypothetical protein
LAGGGMOH_00949	gene	852				
LAGGGMOH_00949	CDS	852				hypothetical protein
LAGGGMOH_00950	gene	1215	xerC_9			
LAGGGMOH_00950	CDS	1215	xerC_9			Tyrosine recombinase XerC
LAGGGMOH_00951	gene	153				
LAGGGMOH_00951	CDS	153				hypothetical protein
LAGGGMOH_00952	gene	567				
LAGGGMOH_00952	CDS	567				hypothetical protein
LAGGGMOH_00953	gene	1341	lapB_2			
LAGGGMOH_00953	CDS	1341	lapB_2			Lipopolysaccharide assembly protein B
LAGGGMOH_00954	gene	216				
LAGGGMOH_00954	CDS	216				hypothetical protein
LAGGGMOH_00955	gene	402				
LAGGGMOH_00955	CDS	402				hypothetical protein
LAGGGMOH_00956	gene	1308				
LAGGGMOH_00956	CDS	1308				hypothetical protein
LAGGGMOH_00957	gene	972				
LAGGGMOH_00957	CDS	972				hypothetical protein
LAGGGMOH_00958	gene	1242				
LAGGGMOH_00958	CDS	1242				hypothetical protein
LAGGGMOH_00959	gene	384				
LAGGGMOH_00959	CDS	384				hypothetical protein
LAGGGMOH_00960	gene	1221	xerC_10			
LAGGGMOH_00960	CDS	1221	xerC_10			Tyrosine recombinase XerC
LAGGGMOH_00961	gene	1059				
LAGGGMOH_00961	CDS	1059				hypothetical protein
LAGGGMOH_00962	gene	1137				
LAGGGMOH_00962	CDS	1137				hypothetical protein
LAGGGMOH_00963	gene	1650				
LAGGGMOH_00963	CDS	1650				hypothetical protein
LAGGGMOH_00964	gene	924				
LAGGGMOH_00964	CDS	924				hypothetical protein
LAGGGMOH_00965	gene	1572				
LAGGGMOH_00965	CDS	1572				hypothetical protein
LAGGGMOH_00966	gene	1053				
LAGGGMOH_00966	CDS	1053				hypothetical protein
LAGGGMOH_00967	gene	969				
LAGGGMOH_00967	CDS	969				hypothetical protein
LAGGGMOH_00968	gene	954				
LAGGGMOH_00968	CDS	954				hypothetical protein
LAGGGMOH_00969	gene	939				
LAGGGMOH_00969	CDS	939				hypothetical protein
LAGGGMOH_00970	gene	1002				
LAGGGMOH_00970	CDS	1002				hypothetical protein
LAGGGMOH_00971	gene	984				
LAGGGMOH_00971	CDS	984				hypothetical protein
LAGGGMOH_00972	gene	996				
LAGGGMOH_00972	CDS	996				hypothetical protein
LAGGGMOH_00973	gene	1056				
LAGGGMOH_00973	CDS	1056				hypothetical protein
LAGGGMOH_00974	gene	927				
LAGGGMOH_00974	CDS	927				hypothetical protein
LAGGGMOH_00975	gene	1572				
LAGGGMOH_00975	CDS	1572				hypothetical protein
LAGGGMOH_00976	gene	1071				
LAGGGMOH_00976	CDS	1071				hypothetical protein
LAGGGMOH_00977	gene	957				
LAGGGMOH_00977	CDS	957				hypothetical protein
LAGGGMOH_00978	gene	1590				
LAGGGMOH_00978	CDS	1590				hypothetical protein
LAGGGMOH_00979	gene	936				
LAGGGMOH_00979	CDS	936				hypothetical protein
LAGGGMOH_00980	gene	1185				
LAGGGMOH_00980	CDS	1185				hypothetical protein
LAGGGMOH_00981	gene	2049				
LAGGGMOH_00981	CDS	2049				hypothetical protein
LAGGGMOH_00982	gene	369				
LAGGGMOH_00982	CDS	369				hypothetical protein
LAGGGMOH_00983	gene	1008				
LAGGGMOH_00983	CDS	1008				hypothetical protein
LAGGGMOH_00984	gene	2124	yhgF			
LAGGGMOH_00984	CDS	2124	yhgF		COG2183	Protein YhgF
LAGGGMOH_00985	gene	1914	rcsC_8			
LAGGGMOH_00985	CDS	1914	rcsC_8	2.7.13.3		Sensor histidine kinase RcsC
LAGGGMOH_00986	gene	1740	yfkN_1			
LAGGGMOH_00986	CDS	1740	yfkN_1		COG0737	Trifunctional nucleotide phosphoesterase protein YfkN
LAGGGMOH_00987	gene	468	msrC			
LAGGGMOH_00987	CDS	468	msrC	1.8.4.14	COG1956	Free methionine-R-sulfoxide reductase
LAGGGMOH_00988	gene	339				
LAGGGMOH_00988	CDS	339				hypothetical protein
LAGGGMOH_00989	gene	2292	btuB_2			
LAGGGMOH_00989	CDS	2292	btuB_2			Vitamin B12 transporter BtuB
LAGGGMOH_00990	gene	762	mftE			
LAGGGMOH_00990	CDS	762	mftE	3.4.14.14	COG1402	Mycofactocin precursor peptide peptidase
LAGGGMOH_00991	gene	585				
LAGGGMOH_00991	CDS	585				hypothetical protein
LAGGGMOH_00992	gene	88				
LAGGGMOH_00992	tRNA	88				tRNA-Ser(gct)
LAGGGMOH_00993	gene	73				
LAGGGMOH_00993	tRNA	73				tRNA-Glu(ctc)
LAGGGMOH_00994	gene	1359	murJ			
LAGGGMOH_00994	CDS	1359	murJ			lipid II flippase MurJ
LAGGGMOH_00995	gene	903				
LAGGGMOH_00995	CDS	903				hypothetical protein
LAGGGMOH_00996	gene	705				
LAGGGMOH_00996	CDS	705				hypothetical protein
LAGGGMOH_00997	gene	2355	btuB_3			
LAGGGMOH_00997	CDS	2355	btuB_3			Vitamin B12 transporter BtuB
LAGGGMOH_00998	gene	636				
LAGGGMOH_00998	CDS	636				hypothetical protein
LAGGGMOH_00999	gene	141				
LAGGGMOH_00999	CDS	141				hypothetical protein
LAGGGMOH_01000	gene	495				
LAGGGMOH_01000	CDS	495				hypothetical protein
LAGGGMOH_01001	gene	1401				
LAGGGMOH_01001	CDS	1401				hypothetical protein
LAGGGMOH_01002	gene	2772				
LAGGGMOH_01002	CDS	2772				hypothetical protein
LAGGGMOH_01003	gene	447				
LAGGGMOH_01003	CDS	447				hypothetical protein
LAGGGMOH_01004	gene	1353	yeeO			
LAGGGMOH_01004	CDS	1353	yeeO		COG0534	putative FMN/FAD exporter YeeO
LAGGGMOH_01005	gene	1662	aspT_2			
LAGGGMOH_01005	CDS	1662	aspT_2			Aspartate/alanine antiporter
LAGGGMOH_01006	gene	1995	fbp			
LAGGGMOH_01006	CDS	1995	fbp	3.1.3.11	COG3855	Fructose-1,6-bisphosphatase class 3
LAGGGMOH_01007	gene	1158				
LAGGGMOH_01007	CDS	1158				hypothetical protein
LAGGGMOH_01008	gene	1692	lcfB			
LAGGGMOH_01008	CDS	1692	lcfB	6.2.1.3	COG0318	Long-chain-fatty-acid--CoA ligase
LAGGGMOH_01009	gene	1071	fcl			
LAGGGMOH_01009	CDS	1071	fcl	1.1.1.271	COG0451	GDP-L-fucose synthase
LAGGGMOH_01010	gene	1074	gmd			
LAGGGMOH_01010	CDS	1074	gmd	4.2.1.47	COG1089	GDP-mannose 4,6-dehydratase
LAGGGMOH_01011	gene	1272				
LAGGGMOH_01011	CDS	1272				hypothetical protein
LAGGGMOH_01012	gene	804				
LAGGGMOH_01012	CDS	804				hypothetical protein
LAGGGMOH_01013	gene	348				
LAGGGMOH_01013	CDS	348				hypothetical protein
LAGGGMOH_01014	gene	339				
LAGGGMOH_01014	CDS	339				hypothetical protein
LAGGGMOH_01015	gene	525				
LAGGGMOH_01015	CDS	525				hypothetical protein
LAGGGMOH_01016	gene	483				
LAGGGMOH_01016	CDS	483				hypothetical protein
LAGGGMOH_01017	gene	894	rffH_2			
LAGGGMOH_01017	CDS	894	rffH_2	2.7.7.24	COG1209	Glucose-1-phosphate thymidylyltransferase 2
LAGGGMOH_01018	gene	405	fdtA_3			
LAGGGMOH_01018	CDS	405	fdtA_3	5.3.2.3		TDP-4-oxo-6-deoxy-alpha-D-glucose-3,4-oxoisomerase
LAGGGMOH_01019	gene	426	fdtA_4			
LAGGGMOH_01019	CDS	426	fdtA_4	5.3.2.3		TDP-4-oxo-6-deoxy-alpha-D-glucose-3,4-oxoisomerase
LAGGGMOH_01020	gene	564				
LAGGGMOH_01020	CDS	564				hypothetical protein
LAGGGMOH_01021	gene	1530	zmaJ_1			
LAGGGMOH_01021	CDS	1530	zmaJ_1	6.2.1.72		Zwittermicin A synthase ZmaJ
LAGGGMOH_01022	gene	804				
LAGGGMOH_01022	CDS	804				hypothetical protein
LAGGGMOH_01023	gene	231				
LAGGGMOH_01023	CDS	231				hypothetical protein
LAGGGMOH_01024	gene	1065	fabH_1			
LAGGGMOH_01024	CDS	1065	fabH_1	2.3.1.180	COG0332	Beta-ketoacyl-[acyl-carrier-protein] synthase III
LAGGGMOH_01025	gene	210				
LAGGGMOH_01025	CDS	210				hypothetical protein
LAGGGMOH_01026	gene	729	fabG_1			
LAGGGMOH_01026	CDS	729	fabG_1	1.1.1.100	COG1028	3-oxoacyl-[acyl-carrier-protein] reductase FabG
LAGGGMOH_01027	gene	852				
LAGGGMOH_01027	CDS	852				hypothetical protein
LAGGGMOH_01028	gene	621				
LAGGGMOH_01028	CDS	621		3.-.-.-		putative metallo-hydrolase
LAGGGMOH_01029	gene	1101	fdtB			
LAGGGMOH_01029	CDS	1101	fdtB	2.6.1.90		dTDP-3-amino-3,6-dideoxy-alpha-D-galactopyranose transaminase
LAGGGMOH_01030	gene	981				
LAGGGMOH_01030	CDS	981				hypothetical protein
LAGGGMOH_01031	gene	1470	wzxE			
LAGGGMOH_01031	CDS	1470	wzxE			Lipid III flippase
LAGGGMOH_01032	gene	1227				
LAGGGMOH_01032	CDS	1227				hypothetical protein
LAGGGMOH_01033	gene	1146				
LAGGGMOH_01033	CDS	1146		5.1.3.14		UDP-N-acetylglucosamine 2-epimerase
LAGGGMOH_01034	gene	1119				
LAGGGMOH_01034	CDS	1119				hypothetical protein
LAGGGMOH_01035	gene	1362				
LAGGGMOH_01035	CDS	1362				hypothetical protein
LAGGGMOH_01036	gene	1128				
LAGGGMOH_01036	CDS	1128				hypothetical protein
LAGGGMOH_01037	gene	1023	capD_3			
LAGGGMOH_01037	CDS	1023	capD_3	5.1.3.2	COG1086	UDP-glucose 4-epimerase
LAGGGMOH_01038	gene	1131	wbpI_3			
LAGGGMOH_01038	CDS	1131	wbpI_3	5.1.3.23		UDP-2,3-diacetamido-2,3-dideoxy-D-glucuronate 2-epimerase
LAGGGMOH_01039	gene	864				
LAGGGMOH_01039	CDS	864				hypothetical protein
LAGGGMOH_01040	gene	1212				
LAGGGMOH_01040	CDS	1212				hypothetical protein
LAGGGMOH_01041	gene	1008	gnu_3			
LAGGGMOH_01041	CDS	1008	gnu_3	5.1.3.26	COG0451	N-acetyl-alpha-D-glucosaminyl-diphospho-ditrans,octacis-undecaprenol 4-epimerase
LAGGGMOH_01042	gene	951	wecA_3			
LAGGGMOH_01042	CDS	951	wecA_3	2.7.8.33		Undecaprenyl-phosphate alpha-N-acetylglucosaminyl 1-phosphate transferase
	repeat_region	381				
LAGGGMOH_01043	gene	480				
LAGGGMOH_01043	CDS	480				hypothetical protein
LAGGGMOH_01044	gene	105				
LAGGGMOH_01044	CDS	105				hypothetical protein
LAGGGMOH_01045	gene	1179	sstT			
LAGGGMOH_01045	CDS	1179	sstT		COG3633	Serine/threonine transporter SstT
LAGGGMOH_01046	gene	1476	gnd			
LAGGGMOH_01046	CDS	1476	gnd	1.1.1.44		6-phosphogluconate dehydrogenase, decarboxylating
LAGGGMOH_01047	gene	1497	zwf			
LAGGGMOH_01047	CDS	1497	zwf	1.1.1.49	COG0364	Glucose-6-phosphate 1-dehydrogenase
LAGGGMOH_01048	gene	717	pgl_2			
LAGGGMOH_01048	CDS	717	pgl_2	3.1.1.31	COG0363	6-phosphogluconolactonase
LAGGGMOH_01049	gene	225				
LAGGGMOH_01049	CDS	225				hypothetical protein
LAGGGMOH_01050	gene	315				
LAGGGMOH_01050	CDS	315				hypothetical protein
LAGGGMOH_01051	gene	2064				
LAGGGMOH_01051	CDS	2064				hypothetical protein
LAGGGMOH_01052	gene	810	rlmB			
LAGGGMOH_01052	CDS	810	rlmB	2.1.1.185		23S rRNA (guanosine-2'-O-)-methyltransferase RlmB
LAGGGMOH_01053	gene	423	hiuH			
LAGGGMOH_01053	CDS	423	hiuH	3.5.2.17	COG2351	5-hydroxyisourate hydrolase
LAGGGMOH_01054	gene	1674				
LAGGGMOH_01054	CDS	1674				hypothetical protein
LAGGGMOH_01055	gene	711				
LAGGGMOH_01055	CDS	711				hypothetical protein
LAGGGMOH_01056	gene	108				
LAGGGMOH_01056	CDS	108				hypothetical protein
LAGGGMOH_01057	gene	267				
LAGGGMOH_01057	CDS	267				hypothetical protein
LAGGGMOH_01058	gene	519				
LAGGGMOH_01058	CDS	519				hypothetical protein
LAGGGMOH_01059	gene	330				
LAGGGMOH_01059	CDS	330				hypothetical protein
LAGGGMOH_01060	gene	1155				
LAGGGMOH_01060	CDS	1155				hypothetical protein
LAGGGMOH_01061	gene	699	btsR_1			
LAGGGMOH_01061	CDS	699	btsR_1		COG3279	Transcriptional regulatory protein BtsR
LAGGGMOH_01062	gene	1059				
LAGGGMOH_01062	CDS	1059				hypothetical protein
LAGGGMOH_01063	gene	1221	macB_2			
LAGGGMOH_01063	CDS	1221	macB_2	7.6.2.-		Macrolide export ATP-binding/permease protein MacB
LAGGGMOH_01064	gene	744	yknY_3			
LAGGGMOH_01064	CDS	744	yknY_3	7.6.2.-	COG1136	putative ABC transporter ATP-binding protein YknY
LAGGGMOH_01065	gene	1224	pvdR_1			
LAGGGMOH_01065	CDS	1224	pvdR_1		COG0845	Pyoverdine export membrane fusion protein PvdR
LAGGGMOH_01066	gene	1428	oprM_1			
LAGGGMOH_01066	CDS	1428	oprM_1			Outer membrane protein OprM
LAGGGMOH_01067	gene	828				
LAGGGMOH_01067	CDS	828				hypothetical protein
LAGGGMOH_01068	gene	213				
LAGGGMOH_01068	CDS	213				hypothetical protein
LAGGGMOH_01069	gene	216				
LAGGGMOH_01069	CDS	216				hypothetical protein
LAGGGMOH_01070	gene	1554	appC			
LAGGGMOH_01070	CDS	1554	appC	7.1.1.3	COG1271	Cytochrome bd-II ubiquinol oxidase subunit 1
LAGGGMOH_01071	gene	1149	cydB			
LAGGGMOH_01071	CDS	1149	cydB	7.1.1.7	COG1294	Cytochrome bd-I ubiquinol oxidase subunit 2
LAGGGMOH_01072	gene	1065				
LAGGGMOH_01072	CDS	1065				hypothetical protein
LAGGGMOH_01073	gene	1011				
LAGGGMOH_01073	CDS	1011				hypothetical protein
LAGGGMOH_01074	gene	852				
LAGGGMOH_01074	CDS	852				hypothetical protein
LAGGGMOH_01075	gene	1281				
LAGGGMOH_01075	CDS	1281				hypothetical protein
LAGGGMOH_01076	gene	1512				
LAGGGMOH_01076	CDS	1512				hypothetical protein
LAGGGMOH_01077	gene	957	hpr			
LAGGGMOH_01077	CDS	957	hpr	1.1.1.81	COG1052	Hydroxypyruvate reductase
LAGGGMOH_01078	gene	1272	rarA			
LAGGGMOH_01078	CDS	1272	rarA		COG2256	Replication-associated recombination protein A
LAGGGMOH_01079	gene	2595	lacZ_5			
LAGGGMOH_01079	CDS	2595	lacZ_5	3.2.1.23		Beta-galactosidase
LAGGGMOH_01080	gene	2562				
LAGGGMOH_01080	CDS	2562				hypothetical protein
LAGGGMOH_01081	gene	1086	wbpI_4			
LAGGGMOH_01081	CDS	1086	wbpI_4	5.1.3.23		UDP-2,3-diacetamido-2,3-dideoxy-D-glucuronate 2-epimerase
LAGGGMOH_01082	gene	627				
LAGGGMOH_01082	CDS	627				hypothetical protein
LAGGGMOH_01083	gene	495				
LAGGGMOH_01083	CDS	495				hypothetical protein
LAGGGMOH_01084	gene	969	htpX			
LAGGGMOH_01084	CDS	969	htpX	3.4.24.-		Protease HtpX
LAGGGMOH_01085	gene	561	lemA_2			
LAGGGMOH_01085	CDS	561	lemA_2		COG1704	Protein LemA
LAGGGMOH_01086	gene	504	ecfG_2			
LAGGGMOH_01086	CDS	504	ecfG_2			ECF RNA polymerase sigma factor EcfG
LAGGGMOH_01087	gene	1776				
LAGGGMOH_01087	CDS	1776				hypothetical protein
LAGGGMOH_01088	gene	3378				
LAGGGMOH_01088	CDS	3378			COG4771	TonB-dependent receptor P3
LAGGGMOH_01089	gene	1890				
LAGGGMOH_01089	CDS	1890				hypothetical protein
LAGGGMOH_01090	gene	747	mtgA_1			
LAGGGMOH_01090	CDS	747	mtgA_1	2.4.99.28	COG0744	Biosynthetic peptidoglycan transglycosylase
LAGGGMOH_01091	gene	675	pal_1			
LAGGGMOH_01091	CDS	675	pal_1			Peptidoglycan-associated lipoprotein
LAGGGMOH_01092	gene	1344	mepA_1			
LAGGGMOH_01092	CDS	1344	mepA_1			Multidrug export protein MepA
LAGGGMOH_01093	gene	900	eamA			
LAGGGMOH_01093	CDS	900	eamA		COG0697	putative amino-acid metabolite efflux pump
LAGGGMOH_01094	gene	1560				
LAGGGMOH_01094	CDS	1560				hypothetical protein
LAGGGMOH_01095	gene	846				
LAGGGMOH_01095	CDS	846				hypothetical protein
LAGGGMOH_01096	gene	552	rpoE_3			
LAGGGMOH_01096	CDS	552	rpoE_3		COG1595	ECF RNA polymerase sigma-E factor
LAGGGMOH_01097	gene	1263				
LAGGGMOH_01097	CDS	1263				hypothetical protein
LAGGGMOH_01098	gene	543				
LAGGGMOH_01098	CDS	543				hypothetical protein
LAGGGMOH_01099	gene	1371				
LAGGGMOH_01099	CDS	1371				hypothetical protein
LAGGGMOH_01100	gene	129				
LAGGGMOH_01100	CDS	129				hypothetical protein
LAGGGMOH_01101	gene	843				
LAGGGMOH_01101	CDS	843		1.1.1.-	COG0656	Aldo-keto reductase/MSMEI_2347
LAGGGMOH_01102	gene	774	bioC_2			
LAGGGMOH_01102	CDS	774	bioC_2	2.1.1.197		Malonyl-[acyl-carrier protein] O-methyltransferase
LAGGGMOH_01103	gene	1389	pgoX			
LAGGGMOH_01103	CDS	1389	pgoX	1.3.3.4		Protoporphyrinogen oxidase
LAGGGMOH_01104	gene	1365	hemN			
LAGGGMOH_01104	CDS	1365	hemN	1.3.98.3	COG0635	Oxygen-independent coproporphyrinogen III oxidase
LAGGGMOH_01105	gene	1230	schE			
LAGGGMOH_01105	CDS	1230	schE		COG2814	Schizokinen exporter SchE
LAGGGMOH_01106	gene	2070	iacT_1			
LAGGGMOH_01106	CDS	2070	iacT_1		COG4773	Iron and copper transporter IacT
LAGGGMOH_01107	gene	99				
LAGGGMOH_01107	CDS	99				hypothetical protein
LAGGGMOH_01108	gene	2517	nrdA			
LAGGGMOH_01108	CDS	2517	nrdA	1.17.4.1	COG0209	Ribonucleoside-diphosphate reductase subunit alpha
LAGGGMOH_01109	gene	1050	nrdB			
LAGGGMOH_01109	CDS	1050	nrdB	1.17.4.1	COG0208	Ribonucleoside-diphosphate reductase subunit beta
LAGGGMOH_01110	gene	117				
LAGGGMOH_01110	CDS	117				hypothetical protein
LAGGGMOH_01111	gene	183				
LAGGGMOH_01111	CDS	183				hypothetical protein
LAGGGMOH_01112	gene	1770	rhaS_2			
LAGGGMOH_01112	CDS	1770	rhaS_2			HTH-type transcriptional activator RhaS
LAGGGMOH_01113	gene	312				
LAGGGMOH_01113	CDS	312				hypothetical protein
LAGGGMOH_01114	gene	1125				
LAGGGMOH_01114	CDS	1125				hypothetical protein
LAGGGMOH_01115	gene	897				
LAGGGMOH_01115	CDS	897				hypothetical protein
LAGGGMOH_01116	gene	960				
LAGGGMOH_01116	CDS	960				hypothetical protein
LAGGGMOH_01117	gene	888				
LAGGGMOH_01117	CDS	888				hypothetical protein
LAGGGMOH_01118	gene	1617				
LAGGGMOH_01118	CDS	1617				Putative fimbrium tip subunit Fim1C
LAGGGMOH_01119	gene	1062				
LAGGGMOH_01119	CDS	1062				hypothetical protein
LAGGGMOH_01120	gene	363	add			
LAGGGMOH_01120	CDS	363	add	3.5.4.4		Adenosine deaminase
LAGGGMOH_01121	gene	222				
LAGGGMOH_01121	CDS	222				hypothetical protein
LAGGGMOH_01122	gene	372				
LAGGGMOH_01122	CDS	372				hypothetical protein
LAGGGMOH_01123	gene	180				
LAGGGMOH_01123	CDS	180				hypothetical protein
LAGGGMOH_01124	gene	216				
LAGGGMOH_01124	CDS	216				hypothetical protein
LAGGGMOH_01125	gene	429				
LAGGGMOH_01125	CDS	429				hypothetical protein
LAGGGMOH_01126	gene	1110				
LAGGGMOH_01126	CDS	1110				hypothetical protein
LAGGGMOH_01127	gene	543				
LAGGGMOH_01127	CDS	543				hypothetical protein
LAGGGMOH_01128	gene	909	dnaG_2			
LAGGGMOH_01128	CDS	909	dnaG_2	2.7.7.101		DNA primase
LAGGGMOH_01129	gene	729				
LAGGGMOH_01129	CDS	729				hypothetical protein
LAGGGMOH_01130	gene	117				
LAGGGMOH_01130	CDS	117				hypothetical protein
LAGGGMOH_01131	gene	642				
LAGGGMOH_01131	CDS	642				hypothetical protein
LAGGGMOH_01132	gene	345				
LAGGGMOH_01132	CDS	345				hypothetical protein
LAGGGMOH_01133	gene	285				
LAGGGMOH_01133	CDS	285				hypothetical protein
LAGGGMOH_01134	gene	276				
LAGGGMOH_01134	CDS	276				hypothetical protein
LAGGGMOH_01135	gene	375				
LAGGGMOH_01135	CDS	375				hypothetical protein
LAGGGMOH_01136	gene	336				
LAGGGMOH_01136	CDS	336				hypothetical protein
LAGGGMOH_01137	gene	303				
LAGGGMOH_01137	CDS	303				hypothetical protein
LAGGGMOH_01138	gene	543				
LAGGGMOH_01138	CDS	543				hypothetical protein
LAGGGMOH_01139	gene	2064				
LAGGGMOH_01139	CDS	2064				hypothetical protein
LAGGGMOH_01140	gene	882				
LAGGGMOH_01140	CDS	882				hypothetical protein
LAGGGMOH_01141	gene	963				
LAGGGMOH_01141	CDS	963				hypothetical protein
LAGGGMOH_01142	gene	1605				
LAGGGMOH_01142	CDS	1605				hypothetical protein
LAGGGMOH_01143	gene	798				
LAGGGMOH_01143	CDS	798				hypothetical protein
LAGGGMOH_01144	gene	309				
LAGGGMOH_01144	CDS	309				hypothetical protein
LAGGGMOH_01145	gene	342				
LAGGGMOH_01145	CDS	342				hypothetical protein
LAGGGMOH_01146	gene	2421				
LAGGGMOH_01146	CDS	2421				hypothetical protein
LAGGGMOH_01147	gene	522				
LAGGGMOH_01147	CDS	522				hypothetical protein
LAGGGMOH_01148	gene	774				
LAGGGMOH_01148	CDS	774				hypothetical protein
LAGGGMOH_01149	gene	642				
LAGGGMOH_01149	CDS	642				hypothetical protein
LAGGGMOH_01150	gene	981				
LAGGGMOH_01150	CDS	981				hypothetical protein
LAGGGMOH_01151	gene	456				
LAGGGMOH_01151	CDS	456				hypothetical protein
LAGGGMOH_01152	gene	189				
LAGGGMOH_01152	CDS	189				hypothetical protein
LAGGGMOH_01153	gene	444				
LAGGGMOH_01153	CDS	444				hypothetical protein
LAGGGMOH_01154	gene	1155				
LAGGGMOH_01154	CDS	1155				hypothetical protein
LAGGGMOH_01155	gene	552				
LAGGGMOH_01155	CDS	552				hypothetical protein
LAGGGMOH_01156	gene	342				
LAGGGMOH_01156	CDS	342				hypothetical protein
LAGGGMOH_01157	gene	309				
LAGGGMOH_01157	CDS	309				hypothetical protein
LAGGGMOH_01158	gene	1584				
LAGGGMOH_01158	CDS	1584				hypothetical protein
LAGGGMOH_01159	gene	1845				
LAGGGMOH_01159	CDS	1845				hypothetical protein
LAGGGMOH_01160	gene	279				
LAGGGMOH_01160	CDS	279				hypothetical protein
LAGGGMOH_01161	gene	798	soj_2			
LAGGGMOH_01161	CDS	798	soj_2	3.6.4.-	COG1192	Sporulation initiation inhibitor protein Soj
LAGGGMOH_01162	gene	141				
LAGGGMOH_01162	CDS	141				hypothetical protein
LAGGGMOH_01163	gene	243				
LAGGGMOH_01163	CDS	243				hypothetical protein
LAGGGMOH_01164	gene	942				
LAGGGMOH_01164	CDS	942				hypothetical protein
LAGGGMOH_01165	gene	1080	cbh			
LAGGGMOH_01165	CDS	1080	cbh	2.3.1.-		Bile salt hydrolase/transferase
LAGGGMOH_01166	gene	285				
LAGGGMOH_01166	CDS	285				hypothetical protein
LAGGGMOH_01167	gene	1560				
LAGGGMOH_01167	CDS	1560				hypothetical protein
LAGGGMOH_01168	gene	1638				
LAGGGMOH_01168	CDS	1638			COG0561	SusD-like protein
LAGGGMOH_01169	gene	3384				
LAGGGMOH_01169	CDS	3384			COG4771	TonB-dependent receptor P3
LAGGGMOH_01170	gene	957				
LAGGGMOH_01170	CDS	957				hypothetical protein
LAGGGMOH_01171	gene	588				
LAGGGMOH_01171	CDS	588				hypothetical protein
LAGGGMOH_01172	gene	144				
LAGGGMOH_01172	CDS	144				hypothetical protein
LAGGGMOH_01173	gene	405				
LAGGGMOH_01173	CDS	405				hypothetical protein
LAGGGMOH_01174	gene	1317				
LAGGGMOH_01174	CDS	1317				hypothetical protein
LAGGGMOH_01175	gene	3081				
LAGGGMOH_01175	CDS	3081				hypothetical protein
LAGGGMOH_01176	gene	354				
LAGGGMOH_01176	CDS	354				hypothetical protein
LAGGGMOH_01177	gene	1605				
LAGGGMOH_01177	CDS	1605				hypothetical protein
LAGGGMOH_01178	gene	951				
LAGGGMOH_01178	CDS	951				hypothetical protein
LAGGGMOH_01179	gene	549				
LAGGGMOH_01179	CDS	549				hypothetical protein
LAGGGMOH_01180	gene	945				
LAGGGMOH_01180	CDS	945				hypothetical protein
LAGGGMOH_01181	gene	243				
LAGGGMOH_01181	CDS	243				hypothetical protein
LAGGGMOH_01182	gene	216				
LAGGGMOH_01182	CDS	216				hypothetical protein
LAGGGMOH_01183	gene	270				
LAGGGMOH_01183	CDS	270				hypothetical protein
LAGGGMOH_01184	gene	222				
LAGGGMOH_01184	CDS	222				hypothetical protein
LAGGGMOH_01185	gene	1644				
LAGGGMOH_01185	CDS	1644				hypothetical protein
LAGGGMOH_01186	gene	843				
LAGGGMOH_01186	CDS	843				IS21 family transposase ISBf2
LAGGGMOH_01187	gene	918				
LAGGGMOH_01187	CDS	918				hypothetical protein
LAGGGMOH_01188	gene	429	vsr			
LAGGGMOH_01188	CDS	429	vsr	3.1.-.-	COG3727	DNA mismatch endonuclease Vsr
LAGGGMOH_01189	gene	756				
LAGGGMOH_01189	CDS	756				hypothetical protein
LAGGGMOH_01190	gene	1323				
LAGGGMOH_01190	CDS	1323				hypothetical protein
LAGGGMOH_01191	gene	2103				
LAGGGMOH_01191	CDS	2103				hypothetical protein
LAGGGMOH_01192	gene	1257	drmMII			
LAGGGMOH_01192	CDS	1257	drmMII	2.1.1.37		Type II methyltransferase M.Bpa9945I
LAGGGMOH_01193	gene	918				
LAGGGMOH_01193	CDS	918				hypothetical protein
LAGGGMOH_01194	gene	585				
LAGGGMOH_01194	CDS	585				hypothetical protein
LAGGGMOH_01195	gene	333				
LAGGGMOH_01195	CDS	333				hypothetical protein
LAGGGMOH_01196	gene	228				
LAGGGMOH_01196	CDS	228				hypothetical protein
LAGGGMOH_01197	gene	651	ptkA			
LAGGGMOH_01197	CDS	651	ptkA	2.7.10.-	COG0546	Tyrosine-protein kinase PtkA
LAGGGMOH_01198	gene	606				
LAGGGMOH_01198	CDS	606		2.3.1.-		Putative acetyltransferase
LAGGGMOH_01199	gene	510	nfrA2_1			
LAGGGMOH_01199	CDS	510	nfrA2_1	1.5.1.39	COG0778	FMN reductase [NAD(P)H]
LAGGGMOH_01200	gene	843	btr_2			
LAGGGMOH_01200	CDS	843	btr_2		COG0614	HTH-type transcriptional activator Btr
LAGGGMOH_01201	gene	315				
LAGGGMOH_01201	CDS	315				hypothetical protein
LAGGGMOH_01202	gene	294				
LAGGGMOH_01202	CDS	294				hypothetical protein
LAGGGMOH_01203	gene	294				
LAGGGMOH_01203	CDS	294				hypothetical protein
LAGGGMOH_01204	gene	1221	xerC_11			
LAGGGMOH_01204	CDS	1221	xerC_11			Tyrosine recombinase XerC
LAGGGMOH_01205	gene	74				
LAGGGMOH_01205	tRNA	74				tRNA-Lys(ttt)
LAGGGMOH_01206	gene	1659	ettA_2			
LAGGGMOH_01206	CDS	1659	ettA_2	3.6.1.-	COG0488	Energy-dependent translational throttle protein EttA
LAGGGMOH_01207	gene	2790	btuB_4			
LAGGGMOH_01207	CDS	2790	btuB_4			Vitamin B12 transporter BtuB
LAGGGMOH_01208	gene	1884				
LAGGGMOH_01208	CDS	1884				hypothetical protein
LAGGGMOH_01209	gene	1086				
LAGGGMOH_01209	CDS	1086				hypothetical protein
LAGGGMOH_01210	gene	2688	rcsC_9			
LAGGGMOH_01210	CDS	2688	rcsC_9	2.7.13.3		Sensor histidine kinase RcsC
LAGGGMOH_01211	gene	1206				
LAGGGMOH_01211	CDS	1206				hypothetical protein
LAGGGMOH_01212	gene	858				
LAGGGMOH_01212	CDS	858				hypothetical protein
LAGGGMOH_01213	gene	912	glyD			
LAGGGMOH_01213	CDS	912	glyD		COG1442	Glycosyltransferase GlyD
LAGGGMOH_01214	gene	1161	mshA_3			
LAGGGMOH_01214	CDS	1161	mshA_3	2.4.1.250		D-inositol-3-phosphate glycosyltransferase
LAGGGMOH_01215	gene	1116				
LAGGGMOH_01215	CDS	1116				hypothetical protein
LAGGGMOH_01216	gene	1461	tuaB_2			
LAGGGMOH_01216	CDS	1461	tuaB_2		COG2244	Teichuronic acid biosynthesis protein TuaB
LAGGGMOH_01217	gene	945	epsH			
LAGGGMOH_01217	CDS	945	epsH	2.4.-.-	COG1216	Putative glycosyltransferase EpsH
LAGGGMOH_01218	gene	1212				
LAGGGMOH_01218	CDS	1212				hypothetical protein
LAGGGMOH_01219	gene	891				
LAGGGMOH_01219	CDS	891				hypothetical protein
LAGGGMOH_01220	gene	1359				
LAGGGMOH_01220	CDS	1359				hypothetical protein
LAGGGMOH_01221	gene	2220				
LAGGGMOH_01221	CDS	2220				hypothetical protein
LAGGGMOH_01222	gene	750				
LAGGGMOH_01222	CDS	750				hypothetical protein
LAGGGMOH_01223	gene	1191				
LAGGGMOH_01223	CDS	1191				hypothetical protein
LAGGGMOH_01224	gene	1479	pepE_1			
LAGGGMOH_01224	CDS	1479	pepE_1	3.4.22.-	COG3579	Aminopeptidase E
LAGGGMOH_01225	gene	1353	nqrA			
LAGGGMOH_01225	CDS	1353	nqrA	7.2.1.1	COG1726	Na(+)-translocating NADH-quinone reductase subunit A
LAGGGMOH_01226	gene	1179	nqrB			
LAGGGMOH_01226	CDS	1179	nqrB	7.2.1.1	COG1805	Na(+)-translocating NADH-quinone reductase subunit B
LAGGGMOH_01227	gene	678	nqrC			
LAGGGMOH_01227	CDS	678	nqrC	7.2.1.1	COG2869	Na(+)-translocating NADH-quinone reductase subunit C
LAGGGMOH_01228	gene	633	nqrD			
LAGGGMOH_01228	CDS	633	nqrD	7.2.1.1	COG1347	Na(+)-translocating NADH-quinone reductase subunit D
LAGGGMOH_01229	gene	627	nqrE			
LAGGGMOH_01229	CDS	627	nqrE	7.2.1.1	COG2209	Na(+)-translocating NADH-quinone reductase subunit E
LAGGGMOH_01230	gene	1272	nqrF			
LAGGGMOH_01230	CDS	1272	nqrF	7.2.1.1		Na(+)-translocating NADH-quinone reductase subunit F
LAGGGMOH_01231	gene	1125				
LAGGGMOH_01231	CDS	1125				hypothetical protein
LAGGGMOH_01232	gene	1320	dbpA			
LAGGGMOH_01232	CDS	1320	dbpA	3.6.4.13	COG0513	ATP-dependent RNA helicase DbpA
LAGGGMOH_01233	gene	1068	serC			
LAGGGMOH_01233	CDS	1068	serC	2.6.1.52	COG1932	Phosphoserine aminotransferase
LAGGGMOH_01234	gene	921				
LAGGGMOH_01234	CDS	921		1.1.1.81	COG1052	Hydroxypyruvate reductase
LAGGGMOH_01235	gene	1248				
LAGGGMOH_01235	CDS	1248				hypothetical protein
LAGGGMOH_01236	gene	402	mip_1			
LAGGGMOH_01236	CDS	402	mip_1	5.2.1.8	COG0545	Outer membrane protein MIP
LAGGGMOH_01237	gene	618				
LAGGGMOH_01237	CDS	618				hypothetical protein
LAGGGMOH_01238	gene	1089				
LAGGGMOH_01238	CDS	1089				hypothetical protein
LAGGGMOH_01239	gene	573	fbiB			
LAGGGMOH_01239	CDS	573	fbiB	1.3.8.17		Bifunctional F420 biosynthesis protein FbiB
LAGGGMOH_01240	gene	2850	gcvP			
LAGGGMOH_01240	CDS	2850	gcvP	1.4.4.2	COG0403	Glycine dehydrogenase (decarboxylating)
LAGGGMOH_01241	gene	639	gloC			
LAGGGMOH_01241	CDS	639	gloC	3.1.2.6	COG0491	Hydroxyacylglutathione hydrolase GloC
LAGGGMOH_01242	gene	675	rsmG			
LAGGGMOH_01242	CDS	675	rsmG	2.1.1.170		Ribosomal RNA small subunit methyltransferase G
LAGGGMOH_01243	gene	855				
LAGGGMOH_01243	CDS	855				hypothetical protein
LAGGGMOH_01244	gene	390				
LAGGGMOH_01244	CDS	390				hypothetical protein
LAGGGMOH_01245	gene	2217	btuB_5			
LAGGGMOH_01245	CDS	2217	btuB_5			Vitamin B12 transporter BtuB
LAGGGMOH_01246	gene	312				
LAGGGMOH_01246	CDS	312				hypothetical protein
LAGGGMOH_01247	gene	2211	pacS			
LAGGGMOH_01247	CDS	2211	pacS	7.2.2.8	COG2217	putative copper-transporting ATPase PacS
LAGGGMOH_01248	gene	867	rhaS_3			
LAGGGMOH_01248	CDS	867	rhaS_3			HTH-type transcriptional activator RhaS
LAGGGMOH_01249	gene	666	lipB			
LAGGGMOH_01249	CDS	666	lipB	2.3.1.181	COG0321	Octanoyltransferase
LAGGGMOH_01250	gene	873				
LAGGGMOH_01250	CDS	873				hypothetical protein
LAGGGMOH_01251	gene	1989				
LAGGGMOH_01251	CDS	1989				hypothetical protein
LAGGGMOH_01252	gene	396				
LAGGGMOH_01252	CDS	396				hypothetical protein
LAGGGMOH_01253	gene	1320	sasA_4			
LAGGGMOH_01253	CDS	1320	sasA_4	2.7.13.3		Adaptive-response sensory-kinase SasA
LAGGGMOH_01254	gene	1371	atoC_2			
LAGGGMOH_01254	CDS	1371	atoC_2		COG2204	Regulatory protein AtoC
LAGGGMOH_01255	gene	1347				
LAGGGMOH_01255	CDS	1347				hypothetical protein
LAGGGMOH_01256	gene	2418				
LAGGGMOH_01256	CDS	2418				hypothetical protein
LAGGGMOH_01257	gene	675	yknY_4			
LAGGGMOH_01257	CDS	675	yknY_4	7.6.2.-	COG1136	putative ABC transporter ATP-binding protein YknY
LAGGGMOH_01258	gene	159				
LAGGGMOH_01258	CDS	159				hypothetical protein
LAGGGMOH_01259	gene	600				
LAGGGMOH_01259	CDS	600				hypothetical protein
LAGGGMOH_01260	gene	606	engB			
LAGGGMOH_01260	CDS	606	engB		COG0218	putative GTP-binding protein EngB
LAGGGMOH_01261	gene	1446				
LAGGGMOH_01261	CDS	1446				hypothetical protein
LAGGGMOH_01262	gene	258				
LAGGGMOH_01262	CDS	258				hypothetical protein
LAGGGMOH_01263	gene	516				
LAGGGMOH_01263	CDS	516				hypothetical protein
LAGGGMOH_01264	gene	411				
LAGGGMOH_01264	CDS	411				hypothetical protein
LAGGGMOH_01265	gene	618	recR			
LAGGGMOH_01265	CDS	618	recR		COG0353	Recombination protein RecR
LAGGGMOH_01266	gene	450				
LAGGGMOH_01266	CDS	450				hypothetical protein
LAGGGMOH_01267	gene	537	speG			
LAGGGMOH_01267	CDS	537	speG	2.3.1.57	COG1670	Spermidine N(1)-acetyltransferase
LAGGGMOH_01268	gene	591				
LAGGGMOH_01268	CDS	591				hypothetical protein
LAGGGMOH_01269	gene	1317	dapL_1			
LAGGGMOH_01269	CDS	1317	dapL_1	2.6.1.83		LL-diaminopimelate aminotransferase
LAGGGMOH_01270	gene	75				
LAGGGMOH_01270	tRNA	75				tRNA-Asp(gtc)
LAGGGMOH_01271	gene	102				
LAGGGMOH_01271	CDS	102				hypothetical protein
LAGGGMOH_01272	gene	153				
LAGGGMOH_01272	CDS	153				hypothetical protein
LAGGGMOH_01273	gene	171				
LAGGGMOH_01273	CDS	171				hypothetical protein
LAGGGMOH_01274	gene	441				
LAGGGMOH_01274	CDS	441				hypothetical protein
LAGGGMOH_01275	gene	237				
LAGGGMOH_01275	CDS	237				hypothetical protein
LAGGGMOH_01276	gene	579				
LAGGGMOH_01276	CDS	579				hypothetical protein
LAGGGMOH_01277	gene	1017				
LAGGGMOH_01277	CDS	1017				hypothetical protein
LAGGGMOH_01278	gene	3513				
LAGGGMOH_01278	CDS	3513			COG4771	TonB-dependent receptor P3
LAGGGMOH_01279	gene	2013				
LAGGGMOH_01279	CDS	2013				hypothetical protein
LAGGGMOH_01280	gene	1533	atsA_1			
LAGGGMOH_01280	CDS	1533	atsA_1	3.1.6.1		Arylsulfatase
LAGGGMOH_01281	gene	2688	lacZ_6			
LAGGGMOH_01281	CDS	2688	lacZ_6	3.2.1.23		Beta-galactosidase
LAGGGMOH_01282	gene	1575	atsA_2			
LAGGGMOH_01282	CDS	1575	atsA_2	3.1.6.1		Arylsulfatase
LAGGGMOH_01283	gene	534				
LAGGGMOH_01283	CDS	534				hypothetical protein
LAGGGMOH_01284	gene	282				
LAGGGMOH_01284	CDS	282				hypothetical protein
LAGGGMOH_01285	gene	339				
LAGGGMOH_01285	CDS	339				hypothetical protein
LAGGGMOH_01286	gene	438				
LAGGGMOH_01286	CDS	438				hypothetical protein
LAGGGMOH_01287	gene	468	decR			
LAGGGMOH_01287	CDS	468	decR		COG1522	DNA-binding transcriptional activator DecR
LAGGGMOH_01288	gene	324				
LAGGGMOH_01288	CDS	324				hypothetical protein
LAGGGMOH_01289	gene	849				
LAGGGMOH_01289	CDS	849				hypothetical protein
LAGGGMOH_01290	gene	396				
LAGGGMOH_01290	CDS	396				hypothetical protein
LAGGGMOH_01291	gene	1305				
LAGGGMOH_01291	CDS	1305				hypothetical protein
LAGGGMOH_01292	gene	546	ybdM_1			
LAGGGMOH_01292	CDS	546	ybdM_1		COG1475	putative protein YbdM
LAGGGMOH_01293	gene	1713				
LAGGGMOH_01293	CDS	1713				hypothetical protein
LAGGGMOH_01294	gene	1086				
LAGGGMOH_01294	CDS	1086				ISL3 family transposase ISAcma23
LAGGGMOH_01295	gene	567				
LAGGGMOH_01295	CDS	567				hypothetical protein
LAGGGMOH_01296	gene	1452				
LAGGGMOH_01296	CDS	1452				hypothetical protein
LAGGGMOH_01297	gene	1560				
LAGGGMOH_01297	CDS	1560				hypothetical protein
LAGGGMOH_01298	gene	981				
LAGGGMOH_01298	CDS	981				hypothetical protein
LAGGGMOH_01299	gene	969				
LAGGGMOH_01299	CDS	969				hypothetical protein
LAGGGMOH_01300	gene	984				
LAGGGMOH_01300	CDS	984				hypothetical protein
LAGGGMOH_01301	gene	318				
LAGGGMOH_01301	CDS	318				hypothetical protein
LAGGGMOH_01302	gene	939	UXNAcS_2			
LAGGGMOH_01302	CDS	939	UXNAcS_2	4.1.1.128	COG0451	UDP-N-acetyl-alpha-D-glucosaminuronate decarboxylase
LAGGGMOH_01303	gene	1128	rcsC_10			
LAGGGMOH_01303	CDS	1128	rcsC_10	2.7.13.3		Sensor histidine kinase RcsC
LAGGGMOH_01304	gene	2874				
LAGGGMOH_01304	CDS	2874				hypothetical protein
LAGGGMOH_01305	gene	3174	recB			
LAGGGMOH_01305	CDS	3174	recB	5.6.2.4		RecBCD enzyme subunit RecB
LAGGGMOH_01306	gene	1578				
LAGGGMOH_01306	CDS	1578				hypothetical protein
LAGGGMOH_01307	gene	2640				
LAGGGMOH_01307	CDS	2640				hypothetical protein
LAGGGMOH_01308	gene	3306	susC_8			
LAGGGMOH_01308	CDS	3306	susC_8		COG1629	TonB-dependent receptor SusC
LAGGGMOH_01309	gene	1332				
LAGGGMOH_01309	CDS	1332			COG0702	SusD-like protein P38
LAGGGMOH_01310	gene	1140	xerC_12			
LAGGGMOH_01310	CDS	1140	xerC_12			Tyrosine recombinase XerC
LAGGGMOH_01311	gene	585				
LAGGGMOH_01311	CDS	585				hypothetical protein
LAGGGMOH_01312	gene	300				
LAGGGMOH_01312	CDS	300				hypothetical protein
LAGGGMOH_01313	gene	354				
LAGGGMOH_01313	CDS	354				hypothetical protein
LAGGGMOH_01314	gene	369				
LAGGGMOH_01314	CDS	369				hypothetical protein
LAGGGMOH_01315	gene	558				
LAGGGMOH_01315	CDS	558				hypothetical protein
LAGGGMOH_01316	gene	345				
LAGGGMOH_01316	CDS	345				hypothetical protein
LAGGGMOH_01317	gene	765				
LAGGGMOH_01317	CDS	765				hypothetical protein
LAGGGMOH_01318	gene	531	darG			
LAGGGMOH_01318	CDS	531	darG	3.2.2.-		DNA ADP-ribosyl glycohydrolase
LAGGGMOH_01319	gene	405				
LAGGGMOH_01319	CDS	405				hypothetical protein
LAGGGMOH_01320	gene	222				
LAGGGMOH_01320	CDS	222				hypothetical protein
LAGGGMOH_01321	gene	513				
LAGGGMOH_01321	CDS	513				hypothetical protein
LAGGGMOH_01322	gene	534				
LAGGGMOH_01322	CDS	534				hypothetical protein
LAGGGMOH_01323	gene	489				
LAGGGMOH_01323	CDS	489				hypothetical protein
LAGGGMOH_01324	gene	534				
LAGGGMOH_01324	CDS	534				hypothetical protein
LAGGGMOH_01325	gene	309				
LAGGGMOH_01325	CDS	309				hypothetical protein
LAGGGMOH_01326	gene	162				
LAGGGMOH_01326	CDS	162				hypothetical protein
LAGGGMOH_01327	gene	852	rhaS_4			
LAGGGMOH_01327	CDS	852	rhaS_4			HTH-type transcriptional activator RhaS
LAGGGMOH_01328	gene	1371	viaA			
LAGGGMOH_01328	CDS	1371	viaA			Regulatory protein ViaA
LAGGGMOH_01329	gene	1575	ravA			
LAGGGMOH_01329	CDS	1575	ravA	3.6.1.-		Regulatory ATPase RavA
LAGGGMOH_01330	gene	783				
LAGGGMOH_01330	CDS	783				hypothetical protein
LAGGGMOH_01331	gene	384				
LAGGGMOH_01331	CDS	384				hypothetical protein
LAGGGMOH_01332	gene	1665	fadD3_1			
LAGGGMOH_01332	CDS	1665	fadD3_1	6.2.1.41	COG0318	3-[(3aS,4S,7aS)-7a-methyl-1,5-dioxo-octahydro-1H-inden-4-yl]propanoyl:CoA ligase
LAGGGMOH_01333	gene	1467	nhaP2			
LAGGGMOH_01333	CDS	1467	nhaP2		COG3263	K(+)/H(+) antiporter NhaP2
LAGGGMOH_01334	gene	1185	pyrP			
LAGGGMOH_01334	CDS	1185	pyrP		COG2233	Uracil permease
LAGGGMOH_01335	gene	1632	hcp			
LAGGGMOH_01335	CDS	1632	hcp	1.7.99.1	COG1151	Hydroxylamine reductase
LAGGGMOH_01336	gene	666	anr			
LAGGGMOH_01336	CDS	666	anr		COG0664	Transcriptional activator protein Anr
LAGGGMOH_01337	gene	1314	sasA_5			
LAGGGMOH_01337	CDS	1314	sasA_5	2.7.13.3		Adaptive-response sensory-kinase SasA
LAGGGMOH_01338	gene	1332	zraR_2			
LAGGGMOH_01338	CDS	1332	zraR_2			Transcriptional regulatory protein ZraR
LAGGGMOH_01339	gene	711				
LAGGGMOH_01339	CDS	711				hypothetical protein
LAGGGMOH_01340	gene	810				
LAGGGMOH_01340	CDS	810				hypothetical protein
LAGGGMOH_01341	gene	2295				
LAGGGMOH_01341	CDS	2295				hypothetical protein
LAGGGMOH_01342	gene	675	yknY_5			
LAGGGMOH_01342	CDS	675	yknY_5	7.6.2.-	COG1136	putative ABC transporter ATP-binding protein YknY
LAGGGMOH_01343	gene	2310				
LAGGGMOH_01343	CDS	2310				hypothetical protein
LAGGGMOH_01344	gene	2295				
LAGGGMOH_01344	CDS	2295				hypothetical protein
LAGGGMOH_01345	gene	675	yknY_6			
LAGGGMOH_01345	CDS	675	yknY_6	7.6.2.-	COG1136	putative ABC transporter ATP-binding protein YknY
LAGGGMOH_01346	gene	2310				
LAGGGMOH_01346	CDS	2310				hypothetical protein
LAGGGMOH_01347	gene	1365	mepA_2			
LAGGGMOH_01347	CDS	1365	mepA_2		COG0534	Multidrug export protein MepA
LAGGGMOH_01348	gene	657	ppaX			
LAGGGMOH_01348	CDS	657	ppaX	3.6.1.1		Pyrophosphatase PpaX
LAGGGMOH_01349	gene	996	pyrD_1			
LAGGGMOH_01349	CDS	996	pyrD_1	1.3.5.2	COG0167	Dihydroorotate dehydrogenase (quinone)
LAGGGMOH_01350	gene	729	axeA1			
LAGGGMOH_01350	CDS	729	axeA1	3.1.1.72	COG0657	Acetylxylan esterase
LAGGGMOH_01351	gene	822	panB			
LAGGGMOH_01351	CDS	822	panB	2.1.2.11	COG0413	3-methyl-2-oxobutanoate hydroxymethyltransferase
LAGGGMOH_01352	gene	1167				
LAGGGMOH_01352	CDS	1167				hypothetical protein
LAGGGMOH_01353	gene	387	dgkA			
LAGGGMOH_01353	CDS	387	dgkA	2.7.1.66	COG0818	Undecaprenol kinase
LAGGGMOH_01354	gene	2214	relA			
LAGGGMOH_01354	CDS	2214	relA	2.7.6.5	COG0317	GTP pyrophosphokinase
LAGGGMOH_01355	gene	1518				
LAGGGMOH_01355	CDS	1518				hypothetical protein
LAGGGMOH_01356	gene	246				
LAGGGMOH_01356	CDS	246				hypothetical protein
LAGGGMOH_01357	gene	1167	purT			
LAGGGMOH_01357	CDS	1167	purT	6.3.1.21	COG0027	Formate-dependent phosphoribosylglycinamide formyltransferase
LAGGGMOH_01358	gene	1518	atpD_1			
LAGGGMOH_01358	CDS	1518	atpD_1	7.1.2.2	COG0055	ATP synthase subunit beta
LAGGGMOH_01359	gene	246	atpC			
LAGGGMOH_01359	CDS	246	atpC		COG0355	ATP synthase epsilon chain
LAGGGMOH_01360	gene	429				
LAGGGMOH_01360	CDS	429				hypothetical protein
LAGGGMOH_01361	gene	1152	atpB			
LAGGGMOH_01361	CDS	1152	atpB			ATP synthase subunit a
LAGGGMOH_01362	gene	258	atpH_1			
LAGGGMOH_01362	CDS	258	atpH_1			ATP synthase subunit c
LAGGGMOH_01363	gene	498	atpF			
LAGGGMOH_01363	CDS	498	atpF			ATP synthase subunit b
LAGGGMOH_01364	gene	540	atpH_2			
LAGGGMOH_01364	CDS	540	atpH_2		COG0712	ATP synthase subunit delta
LAGGGMOH_01365	gene	1584	atpA_1			
LAGGGMOH_01365	CDS	1584	atpA_1	7.1.2.2	COG0056	ATP synthase subunit alpha
LAGGGMOH_01366	gene	873	atpG			
LAGGGMOH_01366	CDS	873	atpG		COG0224	ATP synthase gamma chain
LAGGGMOH_01367	gene	2541	recD			
LAGGGMOH_01367	CDS	2541	recD	5.6.2.3		RecBCD enzyme subunit RecD
LAGGGMOH_01368	gene	357	trxA_1			
LAGGGMOH_01368	CDS	357	trxA_1		COG3118	Thioredoxin 1
LAGGGMOH_01369	gene	1263				
LAGGGMOH_01369	CDS	1263				hypothetical protein
LAGGGMOH_01370	gene	1089	mdtA_2			
LAGGGMOH_01370	CDS	1089	mdtA_2			Multidrug resistance protein MdtA
LAGGGMOH_01371	gene	3126	czcA_1			
LAGGGMOH_01371	CDS	3126	czcA_1			Cobalt-zinc-cadmium resistance protein CzcA
LAGGGMOH_01372	gene	675	cusR_1			
LAGGGMOH_01372	CDS	675	cusR_1		COG0745	Transcriptional regulatory protein CusR
LAGGGMOH_01373	gene	1338	sasA_6			
LAGGGMOH_01373	CDS	1338	sasA_6	2.7.13.3		Adaptive-response sensory-kinase SasA
LAGGGMOH_01374	gene	675				
LAGGGMOH_01374	CDS	675				hypothetical protein
LAGGGMOH_01375	gene	1746				
LAGGGMOH_01375	CDS	1746				hypothetical protein
LAGGGMOH_01376	gene	705	cobI			
LAGGGMOH_01376	CDS	705	cobI	2.1.1.130		Precorrin-2 C(20)-methyltransferase
LAGGGMOH_01377	gene	1149				
LAGGGMOH_01377	CDS	1149				hypothetical protein
LAGGGMOH_01378	gene	1038	hmuU_2			
LAGGGMOH_01378	CDS	1038	hmuU_2		COG0609	Hemin transport system permease protein HmuU
LAGGGMOH_01379	gene	1005	btuD			
LAGGGMOH_01379	CDS	1005	btuD	7.6.2.8		Vitamin B12 import ATP-binding protein BtuD
LAGGGMOH_01380	gene	894	rmlD_2			
LAGGGMOH_01380	CDS	894	rmlD_2	1.1.1.133		dTDP-4-dehydrorhamnose reductase
LAGGGMOH_01381	gene	522				
LAGGGMOH_01381	CDS	522				hypothetical protein
LAGGGMOH_01382	gene	168				
LAGGGMOH_01382	CDS	168				hypothetical protein
LAGGGMOH_01383	gene	162				
LAGGGMOH_01383	CDS	162				hypothetical protein
LAGGGMOH_01384	gene	696	trcR			
LAGGGMOH_01384	CDS	696	trcR		COG0745	Transcriptional regulatory protein TrcR
LAGGGMOH_01385	gene	1578	sasA_7			
LAGGGMOH_01385	CDS	1578	sasA_7	2.7.13.3		Adaptive-response sensory-kinase SasA
LAGGGMOH_01386	gene	129				
LAGGGMOH_01386	CDS	129				hypothetical protein
LAGGGMOH_01387	gene	804	lexA			
LAGGGMOH_01387	CDS	804	lexA	3.4.21.88		LexA repressor
LAGGGMOH_01388	gene	1269	umuC			
LAGGGMOH_01388	CDS	1269	umuC		COG0389	Protein UmuC
LAGGGMOH_01389	gene	1155				
LAGGGMOH_01389	CDS	1155				hypothetical protein
LAGGGMOH_01390	gene	2166				
LAGGGMOH_01390	CDS	2166				hypothetical protein
LAGGGMOH_01391	gene	204				
LAGGGMOH_01391	CDS	204				hypothetical protein
LAGGGMOH_01392	gene	735				
LAGGGMOH_01392	CDS	735				hypothetical protein
LAGGGMOH_01393	gene	276				
LAGGGMOH_01393	CDS	276				hypothetical protein
LAGGGMOH_01394	gene	306				
LAGGGMOH_01394	CDS	306				hypothetical protein
LAGGGMOH_01395	gene	303				
LAGGGMOH_01395	CDS	303				hypothetical protein
LAGGGMOH_01396	gene	615				
LAGGGMOH_01396	CDS	615				hypothetical protein
LAGGGMOH_01397	gene	354				
LAGGGMOH_01397	CDS	354				hypothetical protein
LAGGGMOH_01398	gene	2349				
LAGGGMOH_01398	CDS	2349				hypothetical protein
LAGGGMOH_01399	gene	585				
LAGGGMOH_01399	CDS	585				hypothetical protein
LAGGGMOH_01400	gene	2094	topB_2			
LAGGGMOH_01400	CDS	2094	topB_2	5.6.2.1	COG0550	DNA topoisomerase 3
LAGGGMOH_01401	gene	417				
LAGGGMOH_01401	CDS	417				hypothetical protein
LAGGGMOH_01402	gene	702				
LAGGGMOH_01402	CDS	702				hypothetical protein
LAGGGMOH_01403	gene	819				
LAGGGMOH_01403	CDS	819				hypothetical protein
LAGGGMOH_01404	gene	453				
LAGGGMOH_01404	CDS	453				hypothetical protein
LAGGGMOH_01405	gene	369				
LAGGGMOH_01405	CDS	369				hypothetical protein
LAGGGMOH_01406	gene	627				
LAGGGMOH_01406	CDS	627				hypothetical protein
LAGGGMOH_01407	gene	756				
LAGGGMOH_01407	CDS	756				hypothetical protein
LAGGGMOH_01408	gene	123				
LAGGGMOH_01408	CDS	123				hypothetical protein
LAGGGMOH_01409	gene	141				
LAGGGMOH_01409	CDS	141				hypothetical protein
LAGGGMOH_01410	gene	6180				
LAGGGMOH_01410	CDS	6180				hypothetical protein
LAGGGMOH_01411	gene	927				
LAGGGMOH_01411	CDS	927				hypothetical protein
LAGGGMOH_01412	gene	543				
LAGGGMOH_01412	CDS	543				hypothetical protein
LAGGGMOH_01413	gene	1038				
LAGGGMOH_01413	CDS	1038				hypothetical protein
LAGGGMOH_01414	gene	558				
LAGGGMOH_01414	CDS	558				hypothetical protein
LAGGGMOH_01415	gene	339				
LAGGGMOH_01415	CDS	339				hypothetical protein
LAGGGMOH_01416	gene	2073				
LAGGGMOH_01416	CDS	2073				hypothetical protein
LAGGGMOH_01417	gene	360				
LAGGGMOH_01417	CDS	360				hypothetical protein
LAGGGMOH_01418	gene	540				
LAGGGMOH_01418	CDS	540				hypothetical protein
LAGGGMOH_01419	gene	858				
LAGGGMOH_01419	CDS	858				hypothetical protein
LAGGGMOH_01420	gene	1764	noc_1			
LAGGGMOH_01420	CDS	1764	noc_1			Nucleoid occlusion protein
LAGGGMOH_01421	gene	222				
LAGGGMOH_01421	CDS	222				hypothetical protein
LAGGGMOH_01422	gene	195				
LAGGGMOH_01422	CDS	195				hypothetical protein
LAGGGMOH_01423	gene	261				
LAGGGMOH_01423	CDS	261				hypothetical protein
LAGGGMOH_01424	gene	135				
LAGGGMOH_01424	CDS	135				hypothetical protein
LAGGGMOH_01425	gene	6648				
LAGGGMOH_01425	CDS	6648				hypothetical protein
LAGGGMOH_01426	gene	579				
LAGGGMOH_01426	CDS	579				hypothetical protein
LAGGGMOH_01427	gene	597				
LAGGGMOH_01427	CDS	597				hypothetical protein
LAGGGMOH_01428	gene	384				
LAGGGMOH_01428	CDS	384				hypothetical protein
LAGGGMOH_01429	gene	534				
LAGGGMOH_01429	CDS	534				hypothetical protein
LAGGGMOH_01430	gene	498				
LAGGGMOH_01430	CDS	498				hypothetical protein
LAGGGMOH_01431	gene	369				
LAGGGMOH_01431	CDS	369				hypothetical protein
LAGGGMOH_01432	gene	96				
LAGGGMOH_01432	CDS	96				hypothetical protein
LAGGGMOH_01433	gene	168				
LAGGGMOH_01433	CDS	168				hypothetical protein
LAGGGMOH_01434	gene	1140				
LAGGGMOH_01434	CDS	1140				hypothetical protein
LAGGGMOH_01435	gene	648				
LAGGGMOH_01435	CDS	648				hypothetical protein
LAGGGMOH_01436	gene	696				
LAGGGMOH_01436	CDS	696				hypothetical protein
LAGGGMOH_01437	gene	417				
LAGGGMOH_01437	CDS	417				hypothetical protein
LAGGGMOH_01438	gene	261				
LAGGGMOH_01438	CDS	261				hypothetical protein
LAGGGMOH_01439	gene	159				
LAGGGMOH_01439	CDS	159				hypothetical protein
LAGGGMOH_01440	gene	291				
LAGGGMOH_01440	CDS	291				hypothetical protein
LAGGGMOH_01441	gene	309				
LAGGGMOH_01441	CDS	309				hypothetical protein
LAGGGMOH_01442	gene	267				
LAGGGMOH_01442	CDS	267				hypothetical protein
LAGGGMOH_01443	gene	633				
LAGGGMOH_01443	CDS	633				hypothetical protein
LAGGGMOH_01444	gene	222				
LAGGGMOH_01444	CDS	222				hypothetical protein
LAGGGMOH_01445	gene	111				
LAGGGMOH_01445	CDS	111				hypothetical protein
LAGGGMOH_01446	gene	1212				
LAGGGMOH_01446	CDS	1212				hypothetical protein
LAGGGMOH_01447	gene	843				
LAGGGMOH_01447	CDS	843				hypothetical protein
LAGGGMOH_01448	gene	3588				
LAGGGMOH_01448	CDS	3588				hypothetical protein
LAGGGMOH_01449	gene	108				
LAGGGMOH_01449	CDS	108				hypothetical protein
LAGGGMOH_01450	gene	717				
LAGGGMOH_01450	CDS	717				hypothetical protein
LAGGGMOH_01451	gene	1086				
LAGGGMOH_01451	CDS	1086				hypothetical protein
LAGGGMOH_01452	gene	246				
LAGGGMOH_01452	CDS	246				hypothetical protein
LAGGGMOH_01453	gene	330				
LAGGGMOH_01453	CDS	330				hypothetical protein
LAGGGMOH_01454	gene	351				
LAGGGMOH_01454	CDS	351				hypothetical protein
LAGGGMOH_01455	gene	585				
LAGGGMOH_01455	CDS	585				hypothetical protein
LAGGGMOH_01456	gene	921				
LAGGGMOH_01456	CDS	921				hypothetical protein
LAGGGMOH_01457	gene	402				
LAGGGMOH_01457	CDS	402				hypothetical protein
LAGGGMOH_01458	gene	1152				
LAGGGMOH_01458	CDS	1152				hypothetical protein
LAGGGMOH_01459	gene	1317	xerC_13			
LAGGGMOH_01459	CDS	1317	xerC_13			Tyrosine recombinase XerC
LAGGGMOH_01460	gene	1059	xerC_14			
LAGGGMOH_01460	CDS	1059	xerC_14			Tyrosine recombinase XerC
LAGGGMOH_01461	gene	1806				
LAGGGMOH_01461	CDS	1806				hypothetical protein
LAGGGMOH_01462	gene	693				
LAGGGMOH_01462	CDS	693				hypothetical protein
LAGGGMOH_01463	gene	294				
LAGGGMOH_01463	CDS	294				hypothetical protein
LAGGGMOH_01464	gene	282				
LAGGGMOH_01464	CDS	282				hypothetical protein
LAGGGMOH_01465	gene	420				
LAGGGMOH_01465	CDS	420				hypothetical protein
LAGGGMOH_01466	gene	3249				
LAGGGMOH_01466	CDS	3249				hypothetical protein
LAGGGMOH_01467	gene	1476	xerC_15			
LAGGGMOH_01467	CDS	1476	xerC_15			Tyrosine recombinase XerC
LAGGGMOH_01468	gene	1353	xerC_16			
LAGGGMOH_01468	CDS	1353	xerC_16			Tyrosine recombinase XerC
LAGGGMOH_01469	gene	294				
LAGGGMOH_01469	CDS	294				hypothetical protein
LAGGGMOH_01470	gene	204				
LAGGGMOH_01470	CDS	204				hypothetical protein
LAGGGMOH_01471	gene	120				
LAGGGMOH_01471	CDS	120				hypothetical protein
LAGGGMOH_01472	gene	1410				
LAGGGMOH_01472	CDS	1410				hypothetical protein
LAGGGMOH_01473	gene	1389				
LAGGGMOH_01473	CDS	1389				hypothetical protein
LAGGGMOH_01474	gene	2769				
LAGGGMOH_01474	CDS	2769				hypothetical protein
LAGGGMOH_01475	gene	486				
LAGGGMOH_01475	CDS	486				hypothetical protein
LAGGGMOH_01476	gene	639				
LAGGGMOH_01476	CDS	639				hypothetical protein
LAGGGMOH_01477	gene	2199	lagD			
LAGGGMOH_01477	CDS	2199	lagD	3.4.22.-		Lactococcin-G-processing and transport ATP-binding protein LagD
LAGGGMOH_01478	gene	516	resA_2			
LAGGGMOH_01478	CDS	516	resA_2			Thiol-disulfide oxidoreductase ResA
LAGGGMOH_01479	gene	174				
LAGGGMOH_01479	CDS	174				hypothetical protein
LAGGGMOH_01480	gene	663				
LAGGGMOH_01480	CDS	663				hypothetical protein
LAGGGMOH_01481	gene	2316				
LAGGGMOH_01481	CDS	2316				hypothetical protein
LAGGGMOH_01482	gene	909				
LAGGGMOH_01482	CDS	909				hypothetical protein
LAGGGMOH_01483	gene	555				
LAGGGMOH_01483	CDS	555				hypothetical protein
LAGGGMOH_01484	gene	957				
LAGGGMOH_01484	CDS	957				hypothetical protein
LAGGGMOH_01485	gene	2421				
LAGGGMOH_01485	CDS	2421				hypothetical protein
LAGGGMOH_01486	gene	804				
LAGGGMOH_01486	CDS	804				hypothetical protein
LAGGGMOH_01487	gene	537				
LAGGGMOH_01487	CDS	537				hypothetical protein
LAGGGMOH_01488	gene	561	flr_1			
LAGGGMOH_01488	CDS	561	flr_1			Flavoredoxin
LAGGGMOH_01489	gene	522				
LAGGGMOH_01489	CDS	522		2.3.1.-		Putative acetyltransferase
LAGGGMOH_01490	gene	702	queG_1			
LAGGGMOH_01490	CDS	702	queG_1	1.17.99.6		Epoxyqueuosine reductase
LAGGGMOH_01491	gene	1128	sbmC			
LAGGGMOH_01491	CDS	1128	sbmC			DNA gyrase inhibitor
LAGGGMOH_01492	gene	435				
LAGGGMOH_01492	CDS	435				hypothetical protein
LAGGGMOH_01493	gene	549	ywqN			
LAGGGMOH_01493	CDS	549	ywqN	1.-.-.-	COG0655	Putative NAD(P)H-dependent FMN-containing oxidoreductase YwqN
LAGGGMOH_01494	gene	1077	adhc1			
LAGGGMOH_01494	CDS	1077	adhc1	1.1.1.2	COG1064	NADP-dependent alcohol dehydrogenase C 1
LAGGGMOH_01495	gene	1029				
LAGGGMOH_01495	CDS	1029				putative protein
LAGGGMOH_01496	gene	867				
LAGGGMOH_01496	CDS	867				hypothetical protein
LAGGGMOH_01497	gene	1188	patB_2			
LAGGGMOH_01497	CDS	1188	patB_2	4.4.1.13	COG1168	Cystathionine beta-lyase PatB
LAGGGMOH_01498	gene	2112				
LAGGGMOH_01498	CDS	2112				hypothetical protein
LAGGGMOH_01499	gene	2010	sasA_8			
LAGGGMOH_01499	CDS	2010	sasA_8	2.7.13.3		Adaptive-response sensory-kinase SasA
LAGGGMOH_01500	gene	1722	fhs			
LAGGGMOH_01500	CDS	1722	fhs	6.3.4.3	COG2759	Formate--tetrahydrofolate ligase
LAGGGMOH_01501	gene	711				
LAGGGMOH_01501	CDS	711				hypothetical protein
LAGGGMOH_01502	gene	1281	glyA			
LAGGGMOH_01502	CDS	1281	glyA	2.1.2.1		Serine hydroxymethyltransferase
LAGGGMOH_01503	gene	729				
LAGGGMOH_01503	CDS	729				hypothetical protein
LAGGGMOH_01504	gene	570	flr_2			
LAGGGMOH_01504	CDS	570	flr_2			Flavoredoxin
LAGGGMOH_01505	gene	462	pyrI			
LAGGGMOH_01505	CDS	462	pyrI		COG1781	Aspartate carbamoyltransferase regulatory chain
LAGGGMOH_01506	gene	927	pyrB			
LAGGGMOH_01506	CDS	927	pyrB	2.1.3.2	COG0540	Aspartate carbamoyltransferase catalytic subunit
LAGGGMOH_01507	gene	99				
LAGGGMOH_01507	CDS	99				hypothetical protein
LAGGGMOH_01508	gene	279				
LAGGGMOH_01508	CDS	279				hypothetical protein
LAGGGMOH_01509	gene	621				
LAGGGMOH_01509	CDS	621				hypothetical protein
LAGGGMOH_01510	gene	918				
LAGGGMOH_01510	CDS	918				hypothetical protein
LAGGGMOH_01511	gene	1380				
LAGGGMOH_01511	CDS	1380				hypothetical protein
LAGGGMOH_01512	gene	957				
LAGGGMOH_01512	CDS	957				hypothetical protein
LAGGGMOH_01513	gene	2172				
LAGGGMOH_01513	CDS	2172				hypothetical protein
LAGGGMOH_01514	gene	951				
LAGGGMOH_01514	CDS	951		1.11.1.-	COG2837	Dye-decolorizing peroxidase
LAGGGMOH_01515	gene	2088				
LAGGGMOH_01515	CDS	2088				hypothetical protein
LAGGGMOH_01516	gene	3270				
LAGGGMOH_01516	CDS	3270			COG4771	TonB-dependent receptor P3
LAGGGMOH_01517	gene	495				
LAGGGMOH_01517	CDS	495				hypothetical protein
LAGGGMOH_01518	gene	96				
LAGGGMOH_01518	CDS	96				hypothetical protein
LAGGGMOH_01519	gene	714				
LAGGGMOH_01519	CDS	714				hypothetical protein
LAGGGMOH_01520	gene	468				
LAGGGMOH_01520	CDS	468				hypothetical protein
LAGGGMOH_01521	gene	2334	mrcA			
LAGGGMOH_01521	CDS	2334	mrcA		COG5009	Penicillin-binding protein 1A
LAGGGMOH_01522	gene	369				
LAGGGMOH_01522	CDS	369				hypothetical protein
LAGGGMOH_01523	gene	759	kdsB			
LAGGGMOH_01523	CDS	759	kdsB	2.7.7.90	COG1212	8-amino-3,8-dideoxy-manno-octulosonate cytidylyltransferase
LAGGGMOH_01524	gene	1287				
LAGGGMOH_01524	CDS	1287		3.4.24.-	COG0612	putative zinc protease
LAGGGMOH_01525	gene	1212				
LAGGGMOH_01525	CDS	1212				hypothetical protein
LAGGGMOH_01526	gene	939	prs			
LAGGGMOH_01526	CDS	939	prs	2.7.6.1	COG0462	Ribose-phosphate pyrophosphokinase
LAGGGMOH_01527	gene	4476	sasA_9			
LAGGGMOH_01527	CDS	4476	sasA_9	2.7.13.3		Adaptive-response sensory-kinase SasA
LAGGGMOH_01528	gene	729				
LAGGGMOH_01528	CDS	729				hypothetical protein
LAGGGMOH_01529	gene	1455	abgT			
LAGGGMOH_01529	CDS	1455	abgT		COG2978	p-aminobenzoyl-glutamate transport protein
LAGGGMOH_01530	gene	75				
LAGGGMOH_01530	tRNA	75				tRNA-Arg(tct)
LAGGGMOH_01531	gene	699				
LAGGGMOH_01531	CDS	699				hypothetical protein
LAGGGMOH_01532	gene	738				
LAGGGMOH_01532	CDS	738				hypothetical protein
LAGGGMOH_01533	gene	108				
LAGGGMOH_01533	CDS	108				hypothetical protein
LAGGGMOH_01534	gene	987	menF_2			
LAGGGMOH_01534	CDS	987	menF_2	5.4.4.2		Isochorismate synthase MenF
LAGGGMOH_01535	gene	597				
LAGGGMOH_01535	CDS	597				hypothetical protein
LAGGGMOH_01536	gene	669				
LAGGGMOH_01536	CDS	669				hypothetical protein
LAGGGMOH_01537	gene	2013	glgB_1			
LAGGGMOH_01537	CDS	2013	glgB_1	2.4.1.18		1,4-alpha-glucan branching enzyme GlgB
LAGGGMOH_01538	gene	1698	glgE			
LAGGGMOH_01538	CDS	1698	glgE	2.4.99.16		Alpha-1,4-glucan:maltose-1-phosphate maltosyltransferase
LAGGGMOH_01539	gene	1059	iolW			
LAGGGMOH_01539	CDS	1059	iolW	1.1.1.371	COG0673	scyllo-inositol 2-dehydrogenase (NADP(+)) IolW
LAGGGMOH_01540	gene	801				
LAGGGMOH_01540	CDS	801				hypothetical protein
LAGGGMOH_01541	gene	1209	fsr			
LAGGGMOH_01541	CDS	1209	fsr		COG2223	Fosmidomycin resistance protein
LAGGGMOH_01542	gene	1503	glnA_2			
LAGGGMOH_01542	CDS	1503	glnA_2	6.3.1.2	COG0174	Glutamine synthetase
LAGGGMOH_01543	gene	579				
LAGGGMOH_01543	CDS	579				hypothetical protein
LAGGGMOH_01544	gene	714				
LAGGGMOH_01544	CDS	714		1.-.-.-	COG4221	putative oxidoreductase
LAGGGMOH_01545	gene	594				
LAGGGMOH_01545	CDS	594				hypothetical protein
LAGGGMOH_01546	gene	210				
LAGGGMOH_01546	CDS	210				hypothetical protein
LAGGGMOH_01547	gene	171				
LAGGGMOH_01547	CDS	171				hypothetical protein
LAGGGMOH_01548	gene	870	sucD			
LAGGGMOH_01548	CDS	870	sucD	6.2.1.5	COG0074	Succinate--CoA ligase [ADP-forming] subunit alpha
LAGGGMOH_01549	gene	1149	sucC			
LAGGGMOH_01549	CDS	1149	sucC	6.2.1.5		Succinate--CoA ligase [ADP-forming] subunit beta
LAGGGMOH_01550	gene	888	fabD			
LAGGGMOH_01550	CDS	888	fabD	2.3.1.39		Malonyl CoA-acyl carrier protein transacylase
LAGGGMOH_01551	gene	834	thiD			
LAGGGMOH_01551	CDS	834	thiD	2.7.1.49	COG0351	Hydroxymethylpyrimidine/phosphomethylpyrimidine kinase
LAGGGMOH_01552	gene	129				
LAGGGMOH_01552	CDS	129				hypothetical protein
LAGGGMOH_01553	gene	732				
LAGGGMOH_01553	CDS	732			COG1051	ADPR responsive transcriptional repressor NtrR
LAGGGMOH_01554	gene	1506	xylB			
LAGGGMOH_01554	CDS	1506	xylB	2.7.1.17		Xylulose kinase
LAGGGMOH_01555	gene	1320	xylA			
LAGGGMOH_01555	CDS	1320	xylA	5.3.1.5	COG2115	Xylose isomerase
LAGGGMOH_01556	gene	1449	xylE_2			
LAGGGMOH_01556	CDS	1449	xylE_2		COG0477	D-xylose-proton symporter
LAGGGMOH_01557	gene	1209				
LAGGGMOH_01557	CDS	1209				hypothetical protein
LAGGGMOH_01558	gene	1542				
LAGGGMOH_01558	CDS	1542				hypothetical protein
LAGGGMOH_01559	gene	633	ahpC_2			
LAGGGMOH_01559	CDS	633	ahpC_2	1.11.1.26	COG0450	Alkyl hydroperoxide reductase C
LAGGGMOH_01560	gene	246				
LAGGGMOH_01560	CDS	246				hypothetical protein
LAGGGMOH_01561	gene	1392	ccp			
LAGGGMOH_01561	CDS	1392	ccp	1.11.1.-	COG1858	Cytochrome c peroxidase Ccp
LAGGGMOH_01562	gene	786	ccsA_1			
LAGGGMOH_01562	CDS	786	ccsA_1			Cytochrome c biogenesis protein CcsA
LAGGGMOH_01563	gene	957				
LAGGGMOH_01563	CDS	957				hypothetical protein
LAGGGMOH_01564	gene	1266				
LAGGGMOH_01564	CDS	1266				hypothetical protein
LAGGGMOH_01565	gene	1050	yhiM			
LAGGGMOH_01565	CDS	1050	yhiM			Inner membrane protein YhiM
LAGGGMOH_01566	gene	3426	ileS			
LAGGGMOH_01566	CDS	3426	ileS	6.1.1.5	COG0060	Isoleucine--tRNA ligase
LAGGGMOH_01567	gene	381	dksA			
LAGGGMOH_01567	CDS	381	dksA			RNA polymerase-binding transcription factor DksA
LAGGGMOH_01568	gene	633	lspA			
LAGGGMOH_01568	CDS	633	lspA	3.4.23.36		Lipoprotein signal peptidase
LAGGGMOH_01569	gene	1047				
LAGGGMOH_01569	CDS	1047				hypothetical protein
LAGGGMOH_01570	gene	333				
LAGGGMOH_01570	CDS	333				hypothetical protein
LAGGGMOH_01571	gene	762	rlmP			
LAGGGMOH_01571	CDS	762	rlmP	2.1.1.-	COG0566	23S rRNA (guanosine(2553)-2'-O)-methyltransferase RlmP
LAGGGMOH_01572	gene	519				
LAGGGMOH_01572	CDS	519				hypothetical protein
LAGGGMOH_01573	gene	2313	bamA_1			
LAGGGMOH_01573	CDS	2313	bamA_1			Outer membrane protein assembly factor BamA
LAGGGMOH_01574	gene	555				
LAGGGMOH_01574	CDS	555				hypothetical protein
LAGGGMOH_01575	gene	438				
LAGGGMOH_01575	CDS	438				hypothetical protein
LAGGGMOH_01576	gene	111				
LAGGGMOH_01576	CDS	111				hypothetical protein
LAGGGMOH_01577	gene	528				
LAGGGMOH_01577	CDS	528				hypothetical protein
LAGGGMOH_01578	gene	74				
LAGGGMOH_01578	tRNA	74				tRNA-Lys(ctt)
LAGGGMOH_01579	gene	1143				
LAGGGMOH_01579	CDS	1143				hypothetical protein
LAGGGMOH_01580	gene	1212	entS			
LAGGGMOH_01580	CDS	1212	entS			Enterobactin exporter EntS
LAGGGMOH_01581	gene	74				
LAGGGMOH_01581	tRNA	74				tRNA-Lys(ctt)
LAGGGMOH_01582	gene	804	yycJ			
LAGGGMOH_01582	CDS	804	yycJ	3.1.11.-	COG1235	Exodeoxyribonuclease YycJ
LAGGGMOH_01583	gene	1389	mdtH			
LAGGGMOH_01583	CDS	1389	mdtH			Multidrug resistance protein MdtH
LAGGGMOH_01584	gene	1407	uxaC			
LAGGGMOH_01584	CDS	1407	uxaC	5.3.1.12	COG1904	Uronate isomerase
LAGGGMOH_01585	gene	537				
LAGGGMOH_01585	CDS	537				hypothetical protein
LAGGGMOH_01586	gene	1062				
LAGGGMOH_01586	CDS	1062				hypothetical protein
LAGGGMOH_01587	gene	549	rfbC_2			
LAGGGMOH_01587	CDS	549	rfbC_2	5.1.3.13		dTDP-4-dehydrorhamnose 3,5-epimerase
LAGGGMOH_01588	gene	1314	tuaD_2			
LAGGGMOH_01588	CDS	1314	tuaD_2	1.1.1.22	COG1004	UDP-glucose 6-dehydrogenase TuaD
LAGGGMOH_01589	gene	822				
LAGGGMOH_01589	CDS	822				hypothetical protein
LAGGGMOH_01590	gene	1257	cshA_1			
LAGGGMOH_01590	CDS	1257	cshA_1	3.6.4.13	COG0513	ATP-dependent RNA helicase CshA
LAGGGMOH_01591	gene	1224	serB			
LAGGGMOH_01591	CDS	1224	serB	3.1.3.3		Phosphoserine phosphatase
LAGGGMOH_01592	gene	510	resA_3			
LAGGGMOH_01592	CDS	510	resA_3			Thiol-disulfide oxidoreductase ResA
LAGGGMOH_01593	gene	1098				
LAGGGMOH_01593	CDS	1098				hypothetical protein
LAGGGMOH_01594	gene	1131	tgt			
LAGGGMOH_01594	CDS	1131	tgt	2.4.2.29		Queuine tRNA-ribosyltransferase
LAGGGMOH_01595	gene	2469	lon			
LAGGGMOH_01595	CDS	2469	lon	3.4.21.53	COG0466	Lon protease
LAGGGMOH_01596	gene	714	yfiC			
LAGGGMOH_01596	CDS	714	yfiC	2.1.1.223	COG4123	tRNA1(Val) (adenine(37)-N6)-methyltransferase
LAGGGMOH_01597	gene	252				
LAGGGMOH_01597	CDS	252				hypothetical protein
LAGGGMOH_01598	gene	177				
LAGGGMOH_01598	CDS	177				hypothetical protein
LAGGGMOH_01599	gene	531				
LAGGGMOH_01599	CDS	531				hypothetical protein
LAGGGMOH_01600	gene	366				
LAGGGMOH_01600	CDS	366				hypothetical protein
LAGGGMOH_01601	gene	387				
LAGGGMOH_01601	CDS	387				hypothetical protein
LAGGGMOH_01602	gene	435				
LAGGGMOH_01602	CDS	435				hypothetical protein
LAGGGMOH_01603	gene	567				
LAGGGMOH_01603	CDS	567				hypothetical protein
LAGGGMOH_01604	gene	501				
LAGGGMOH_01604	CDS	501				hypothetical protein
LAGGGMOH_01605	gene	609				
LAGGGMOH_01605	CDS	609				hypothetical protein
LAGGGMOH_01606	gene	201				
LAGGGMOH_01606	CDS	201				hypothetical protein
LAGGGMOH_01607	gene	291				
LAGGGMOH_01607	CDS	291				hypothetical protein
LAGGGMOH_01608	gene	234				
LAGGGMOH_01608	CDS	234				hypothetical protein
LAGGGMOH_01609	gene	450				
LAGGGMOH_01609	CDS	450				hypothetical protein
LAGGGMOH_01610	gene	366				
LAGGGMOH_01610	CDS	366				hypothetical protein
LAGGGMOH_01611	gene	447				
LAGGGMOH_01611	CDS	447				hypothetical protein
LAGGGMOH_01612	gene	996				
LAGGGMOH_01612	CDS	996				hypothetical protein
LAGGGMOH_01613	gene	150				
LAGGGMOH_01613	CDS	150				hypothetical protein
LAGGGMOH_01614	gene	195				
LAGGGMOH_01614	CDS	195				hypothetical protein
LAGGGMOH_01615	gene	99				
LAGGGMOH_01615	CDS	99				hypothetical protein
LAGGGMOH_01616	gene	189				
LAGGGMOH_01616	CDS	189				hypothetical protein
LAGGGMOH_01617	gene	219				
LAGGGMOH_01617	CDS	219				hypothetical protein
LAGGGMOH_01618	gene	213				
LAGGGMOH_01618	CDS	213				hypothetical protein
LAGGGMOH_01619	gene	168				
LAGGGMOH_01619	CDS	168				hypothetical protein
LAGGGMOH_01620	gene	402				
LAGGGMOH_01620	CDS	402				hypothetical protein
LAGGGMOH_01621	gene	159				
LAGGGMOH_01621	CDS	159				hypothetical protein
LAGGGMOH_01622	gene	234				
LAGGGMOH_01622	CDS	234				hypothetical protein
LAGGGMOH_01623	gene	945				
LAGGGMOH_01623	CDS	945				hypothetical protein
LAGGGMOH_01624	gene	678				
LAGGGMOH_01624	CDS	678				hypothetical protein
LAGGGMOH_01625	gene	186				
LAGGGMOH_01625	CDS	186				hypothetical protein
LAGGGMOH_01626	gene	492				
LAGGGMOH_01626	CDS	492				hypothetical protein
LAGGGMOH_01627	gene	432				
LAGGGMOH_01627	CDS	432				hypothetical protein
LAGGGMOH_01628	gene	591				
LAGGGMOH_01628	CDS	591				hypothetical protein
LAGGGMOH_01629	gene	315				
LAGGGMOH_01629	CDS	315				hypothetical protein
LAGGGMOH_01630	gene	2217				
LAGGGMOH_01630	CDS	2217				hypothetical protein
LAGGGMOH_01631	gene	819				
LAGGGMOH_01631	CDS	819				hypothetical protein
LAGGGMOH_01632	gene	936				
LAGGGMOH_01632	CDS	936				hypothetical protein
LAGGGMOH_01633	gene	342				
LAGGGMOH_01633	CDS	342				hypothetical protein
LAGGGMOH_01634	gene	678				
LAGGGMOH_01634	CDS	678				hypothetical protein
LAGGGMOH_01635	gene	1707				
LAGGGMOH_01635	CDS	1707				hypothetical protein
LAGGGMOH_01636	gene	471				
LAGGGMOH_01636	CDS	471				hypothetical protein
LAGGGMOH_01637	gene	543				
LAGGGMOH_01637	CDS	543				hypothetical protein
LAGGGMOH_01638	gene	291				
LAGGGMOH_01638	CDS	291				hypothetical protein
LAGGGMOH_01639	gene	1353				
LAGGGMOH_01639	CDS	1353				hypothetical protein
LAGGGMOH_01640	gene	552				
LAGGGMOH_01640	CDS	552				hypothetical protein
LAGGGMOH_01641	gene	942				
LAGGGMOH_01641	CDS	942				hypothetical protein
LAGGGMOH_01642	gene	801				
LAGGGMOH_01642	CDS	801				hypothetical protein
LAGGGMOH_01643	gene	396				
LAGGGMOH_01643	CDS	396				hypothetical protein
LAGGGMOH_01644	gene	444				
LAGGGMOH_01644	CDS	444				hypothetical protein
LAGGGMOH_01645	gene	465				
LAGGGMOH_01645	CDS	465				hypothetical protein
LAGGGMOH_01646	gene	4059				
LAGGGMOH_01646	CDS	4059				hypothetical protein
LAGGGMOH_01647	gene	2103				
LAGGGMOH_01647	CDS	2103				hypothetical protein
LAGGGMOH_01648	gene	1194				
LAGGGMOH_01648	CDS	1194				hypothetical protein
LAGGGMOH_01649	gene	624				
LAGGGMOH_01649	CDS	624				hypothetical protein
LAGGGMOH_01650	gene	627				
LAGGGMOH_01650	CDS	627				hypothetical protein
LAGGGMOH_01651	gene	435				
LAGGGMOH_01651	CDS	435				hypothetical protein
LAGGGMOH_01652	gene	339				
LAGGGMOH_01652	CDS	339				hypothetical protein
LAGGGMOH_01653	gene	90				
LAGGGMOH_01653	CDS	90				hypothetical protein
LAGGGMOH_01654	gene	405				
LAGGGMOH_01654	CDS	405				hypothetical protein
LAGGGMOH_01655	gene	1230	xerC_17			
LAGGGMOH_01655	CDS	1230	xerC_17			Tyrosine recombinase XerC
LAGGGMOH_01656	gene	1212	xerC_18			
LAGGGMOH_01656	CDS	1212	xerC_18			Tyrosine recombinase XerC
LAGGGMOH_01657	gene	294				
LAGGGMOH_01657	CDS	294				hypothetical protein
LAGGGMOH_01658	gene	120				
LAGGGMOH_01658	CDS	120				hypothetical protein
LAGGGMOH_01659	gene	834				
LAGGGMOH_01659	CDS	834				hypothetical protein
LAGGGMOH_01660	gene	1281				
LAGGGMOH_01660	CDS	1281				hypothetical protein
LAGGGMOH_01661	gene	396				
LAGGGMOH_01661	CDS	396				hypothetical protein
LAGGGMOH_01662	gene	258				
LAGGGMOH_01662	CDS	258				hypothetical protein
LAGGGMOH_01663	gene	693				
LAGGGMOH_01663	CDS	693				hypothetical protein
LAGGGMOH_01664	gene	489				
LAGGGMOH_01664	CDS	489				hypothetical protein
LAGGGMOH_01665	gene	1170				
LAGGGMOH_01665	CDS	1170				hypothetical protein
LAGGGMOH_01666	gene	1869				
LAGGGMOH_01666	CDS	1869				hypothetical protein
LAGGGMOH_01667	gene	1968				
LAGGGMOH_01667	CDS	1968				hypothetical protein
LAGGGMOH_01668	gene	1719				
LAGGGMOH_01668	CDS	1719			COG0702	SusD-like protein P2
LAGGGMOH_01669	gene	3405	susC_9			
LAGGGMOH_01669	CDS	3405	susC_9		COG1629	TonB-dependent receptor SusC
LAGGGMOH_01670	gene	969				
LAGGGMOH_01670	CDS	969				hypothetical protein
LAGGGMOH_01671	gene	570				
LAGGGMOH_01671	CDS	570				hypothetical protein
LAGGGMOH_01672	gene	165				
LAGGGMOH_01672	CDS	165				hypothetical protein
LAGGGMOH_01673	gene	915				
LAGGGMOH_01673	CDS	915				hypothetical protein
LAGGGMOH_01674	gene	264				
LAGGGMOH_01674	CDS	264				hypothetical protein
LAGGGMOH_01675	gene	411				
LAGGGMOH_01675	CDS	411				hypothetical protein
LAGGGMOH_01676	gene	120				
LAGGGMOH_01676	CDS	120				hypothetical protein
LAGGGMOH_01677	gene	198				
LAGGGMOH_01677	CDS	198				hypothetical protein
LAGGGMOH_01678	gene	294				
LAGGGMOH_01678	CDS	294				hypothetical protein
LAGGGMOH_01679	gene	294	xerC_19			
LAGGGMOH_01679	CDS	294	xerC_19			Tyrosine recombinase XerC
LAGGGMOH_01680	gene	537	mgsA_1			
LAGGGMOH_01680	CDS	537	mgsA_1	4.2.3.3	COG1803	Methylglyoxal synthase
LAGGGMOH_01681	gene	795				
LAGGGMOH_01681	CDS	795				hypothetical protein
LAGGGMOH_01682	gene	2559	glgP_1			
LAGGGMOH_01682	CDS	2559	glgP_1	2.4.1.1	COG0058	Glycogen phosphorylase
LAGGGMOH_01683	gene	2247	kefB_2			
LAGGGMOH_01683	CDS	2247	kefB_2			Glutathione-regulated potassium-efflux system protein KefB
LAGGGMOH_01684	gene	987	pfkA_1			
LAGGGMOH_01684	CDS	987	pfkA_1	2.7.1.11	COG0205	ATP-dependent 6-phosphofructokinase 1
LAGGGMOH_01685	gene	498	sigH			
LAGGGMOH_01685	CDS	498	sigH			ECF RNA polymerase sigma factor SigH
LAGGGMOH_01686	gene	429				
LAGGGMOH_01686	CDS	429				Acid shock protein
LAGGGMOH_01687	gene	750	gpmA_1			
LAGGGMOH_01687	CDS	750	gpmA_1	5.4.2.11	COG0588	2,3-bisphosphoglycerate-dependent phosphoglycerate mutase
LAGGGMOH_01688	gene	1050	fbaB_1			
LAGGGMOH_01688	CDS	1050	fbaB_1	4.1.2.13	COG1830	Fructose-bisphosphate aldolase class 1
LAGGGMOH_01689	gene	483	ftnA_1			
LAGGGMOH_01689	CDS	483	ftnA_1	1.16.3.2		Bacterial non-heme ferritin
LAGGGMOH_01690	gene	648				
LAGGGMOH_01690	CDS	648				hypothetical protein
LAGGGMOH_01691	gene	429	ftnA_2			
LAGGGMOH_01691	CDS	429	ftnA_2	1.16.3.2		Bacterial non-heme ferritin
LAGGGMOH_01692	gene	222				
LAGGGMOH_01692	CDS	222				hypothetical protein
LAGGGMOH_01693	gene	180				
LAGGGMOH_01693	CDS	180				hypothetical protein
LAGGGMOH_01694	gene	303				
LAGGGMOH_01694	CDS	303				hypothetical protein
LAGGGMOH_01695	gene	540				
LAGGGMOH_01695	CDS	540				IS1182 family transposase ISMsp1
LAGGGMOH_01696	gene	207				
LAGGGMOH_01696	CDS	207				hypothetical protein
LAGGGMOH_01697	gene	306				
LAGGGMOH_01697	CDS	306				hypothetical protein
LAGGGMOH_01698	gene	408				
LAGGGMOH_01698	CDS	408				hypothetical protein
LAGGGMOH_01699	gene	618	apbE_1			
LAGGGMOH_01699	CDS	618	apbE_1	2.7.1.180	COG1477	FAD:protein FMN transferase
LAGGGMOH_01700	gene	96				
LAGGGMOH_01700	CDS	96				hypothetical protein
LAGGGMOH_01701	gene	294				
LAGGGMOH_01701	CDS	294				hypothetical protein
LAGGGMOH_01702	gene	180				
LAGGGMOH_01702	CDS	180				hypothetical protein
LAGGGMOH_01703	gene	1095				
LAGGGMOH_01703	CDS	1095				hypothetical protein
LAGGGMOH_01704	gene	76				
LAGGGMOH_01704	tRNA	76				tRNA-Pro(tgg)
LAGGGMOH_01705	gene	76				
LAGGGMOH_01705	tRNA	76				tRNA-Pro(tgg)
LAGGGMOH_01706	gene	219				
LAGGGMOH_01706	CDS	219				hypothetical protein
LAGGGMOH_01707	gene	951				
LAGGGMOH_01707	CDS	951				hypothetical protein
LAGGGMOH_01708	gene	342				
LAGGGMOH_01708	CDS	342				hypothetical protein
LAGGGMOH_01709	gene	174				
LAGGGMOH_01709	CDS	174				hypothetical protein
LAGGGMOH_01710	gene	1278	sasA_10			
LAGGGMOH_01710	CDS	1278	sasA_10	2.7.13.3		Adaptive-response sensory-kinase SasA
LAGGGMOH_01711	gene	1365	zraR_3			
LAGGGMOH_01711	CDS	1365	zraR_3			Transcriptional regulatory protein ZraR
LAGGGMOH_01712	gene	1473				
LAGGGMOH_01712	CDS	1473				hypothetical protein
LAGGGMOH_01713	gene	1251	mdtA_3			
LAGGGMOH_01713	CDS	1251	mdtA_3			Multidrug resistance protein MdtA
LAGGGMOH_01714	gene	2433				
LAGGGMOH_01714	CDS	2433				hypothetical protein
LAGGGMOH_01715	gene	2349				
LAGGGMOH_01715	CDS	2349				hypothetical protein
LAGGGMOH_01716	gene	2331				
LAGGGMOH_01716	CDS	2331				hypothetical protein
LAGGGMOH_01717	gene	2391				
LAGGGMOH_01717	CDS	2391				hypothetical protein
LAGGGMOH_01718	gene	2229				
LAGGGMOH_01718	CDS	2229				hypothetical protein
LAGGGMOH_01719	gene	2334				
LAGGGMOH_01719	CDS	2334				hypothetical protein
LAGGGMOH_01720	gene	675	yknY_7			
LAGGGMOH_01720	CDS	675	yknY_7	7.6.2.-	COG1136	putative ABC transporter ATP-binding protein YknY
LAGGGMOH_01721	gene	2343				
LAGGGMOH_01721	CDS	2343				hypothetical protein
LAGGGMOH_01722	gene	1185	spt			
LAGGGMOH_01722	CDS	1185	spt	2.3.1.50	COG0156	Serine palmitoyltransferase
LAGGGMOH_01723	gene	1059	dagK_2			
LAGGGMOH_01723	CDS	1059	dagK_2	2.7.1.107		Diacylglycerol kinase
LAGGGMOH_01724	gene	1758	aspS			
LAGGGMOH_01724	CDS	1758	aspS	6.1.1.12		Aspartate--tRNA ligase
LAGGGMOH_01725	gene	384				
LAGGGMOH_01725	CDS	384				hypothetical protein
LAGGGMOH_01726	gene	885	ctu			
LAGGGMOH_01726	CDS	885	ctu	3.5.1.20	COG0388	Citrullinase
LAGGGMOH_01727	gene	1116	aguA			
LAGGGMOH_01727	CDS	1116	aguA	3.5.3.12	COG2957	Putative agmatine deiminase
LAGGGMOH_01728	gene	531				
LAGGGMOH_01728	CDS	531				hypothetical protein
LAGGGMOH_01729	gene	621				
LAGGGMOH_01729	CDS	621			COG1132	putative ABC transporter ATP-binding/permease protein
LAGGGMOH_01730	gene	795	fetB			
LAGGGMOH_01730	CDS	795	fetB		COG0390	putative iron export permease protein FetB
LAGGGMOH_01731	gene	282				
LAGGGMOH_01731	CDS	282				hypothetical protein
LAGGGMOH_01732	gene	384				
LAGGGMOH_01732	CDS	384				hypothetical protein
LAGGGMOH_01733	gene	414				
LAGGGMOH_01733	CDS	414				hypothetical protein
LAGGGMOH_01734	gene	1095				
LAGGGMOH_01734	CDS	1095				GTP cyclohydrolase 1 type 2 
LAGGGMOH_01735	gene	825				
LAGGGMOH_01735	CDS	825				hypothetical protein
LAGGGMOH_01736	gene	1407	oprM_2			
LAGGGMOH_01736	CDS	1407	oprM_2			Outer membrane protein OprM
LAGGGMOH_01737	gene	1140	bepF_1			
LAGGGMOH_01737	CDS	1140	bepF_1			Efflux pump periplasmic linker BepF
LAGGGMOH_01738	gene	3123	bepE_1			
LAGGGMOH_01738	CDS	3123	bepE_1			multidrug efflux RND transporter permease subunit BepE
LAGGGMOH_01739	gene	450				
LAGGGMOH_01739	CDS	450				hypothetical protein
LAGGGMOH_01740	gene	777	amn			
LAGGGMOH_01740	CDS	777	amn	3.2.2.4	COG0775	AMP nucleosidase
LAGGGMOH_01741	gene	1020				
LAGGGMOH_01741	CDS	1020				hypothetical protein
LAGGGMOH_01742	gene	240				
LAGGGMOH_01742	CDS	240				hypothetical protein
LAGGGMOH_01743	gene	456				
LAGGGMOH_01743	CDS	456				hypothetical protein
LAGGGMOH_01744	gene	141				
LAGGGMOH_01744	CDS	141				hypothetical protein
LAGGGMOH_01745	gene	777	pyrK_2			
LAGGGMOH_01745	CDS	777	pyrK_2		COG0543	Dihydroorotate dehydrogenase B (NAD(+)), electron transfer subunit
LAGGGMOH_01746	gene	912	pyrD_2			
LAGGGMOH_01746	CDS	912	pyrD_2	1.3.1.14	COG0167	Dihydroorotate dehydrogenase B (NAD(+)), catalytic subunit
LAGGGMOH_01747	gene	678	trmD			
LAGGGMOH_01747	CDS	678	trmD	2.1.1.228		tRNA (guanine-N(1)-)-methyltransferase
LAGGGMOH_01748	gene	1998	ligA			
LAGGGMOH_01748	CDS	1998	ligA	6.5.1.2	COG0272	DNA ligase
LAGGGMOH_01749	gene	894	dapA			
LAGGGMOH_01749	CDS	894	dapA	4.3.3.7	COG0329	4-hydroxy-tetrahydrodipicolinate synthase
LAGGGMOH_01750	gene	75				
LAGGGMOH_01750	tRNA	75				tRNA-Arg(acg)
LAGGGMOH_01751	gene	75				
LAGGGMOH_01751	tRNA	75				tRNA-Arg(acg)
LAGGGMOH_01752	gene	75				
LAGGGMOH_01752	tRNA	75				tRNA-Arg(acg)
LAGGGMOH_01753	gene	2253				
LAGGGMOH_01753	CDS	2253				hypothetical protein
LAGGGMOH_01754	gene	2046	htpG_1			
LAGGGMOH_01754	CDS	2046	htpG_1		COG0326	Chaperone protein HtpG
LAGGGMOH_01755	gene	2535	clpC			
LAGGGMOH_01755	CDS	2535	clpC			ATP-dependent Clp protease ATP-binding subunit ClpC
LAGGGMOH_01756	gene	2538	gyrA_1			
LAGGGMOH_01756	CDS	2538	gyrA_1			DNA gyrase subunit A GyrA
LAGGGMOH_01757	gene	1215				
LAGGGMOH_01757	CDS	1215				hypothetical protein
LAGGGMOH_01758	gene	1122				
LAGGGMOH_01758	CDS	1122				hypothetical protein
LAGGGMOH_01759	gene	285				
LAGGGMOH_01759	CDS	285				hypothetical protein
LAGGGMOH_01760	gene	837				
LAGGGMOH_01760	CDS	837				hypothetical protein
LAGGGMOH_01761	gene	1824				
LAGGGMOH_01761	CDS	1824				hypothetical protein
LAGGGMOH_01762	gene	711	ycf3			
LAGGGMOH_01762	CDS	711	ycf3			Photosystem I assembly protein Ycf3
LAGGGMOH_01763	gene	1026				
LAGGGMOH_01763	CDS	1026				hypothetical protein
LAGGGMOH_01764	gene	984				
LAGGGMOH_01764	CDS	984				hypothetical protein
LAGGGMOH_01765	gene	1074				
LAGGGMOH_01765	CDS	1074				hypothetical protein
LAGGGMOH_01766	gene	870				
LAGGGMOH_01766	CDS	870			COG1721	putative protein
LAGGGMOH_01767	gene	996	moxR1_1			
LAGGGMOH_01767	CDS	996	moxR1_1		COG0714	Chaperone MoxR1
LAGGGMOH_01768	gene	1404	ihfA			
LAGGGMOH_01768	CDS	1404	ihfA			Integration host factor subunit alpha
LAGGGMOH_01769	gene	291				
LAGGGMOH_01769	CDS	291			COG0776	DNA-binding protein HU
LAGGGMOH_01770	gene	1299	rimO			
LAGGGMOH_01770	CDS	1299	rimO	2.8.4.4	COG0621	Ribosomal protein uS12 methylthiotransferase RimO
LAGGGMOH_01771	gene	960	ftsY			
LAGGGMOH_01771	CDS	960	ftsY	3.6.5.4	COG0552	Signal recognition particle receptor FtsY
LAGGGMOH_01772	gene	159				
LAGGGMOH_01772	CDS	159				hypothetical protein
LAGGGMOH_01773	gene	189	rpmG1			
LAGGGMOH_01773	CDS	189	rpmG1		COG0267	Large ribosomal subunit protein bL33A
LAGGGMOH_01774	gene	261	rpmB			
LAGGGMOH_01774	CDS	261	rpmB			Large ribosomal subunit protein bL28
LAGGGMOH_01775	gene	1233	pncC			
LAGGGMOH_01775	CDS	1233	pncC	3.5.1.42	COG1058	Nicotinamide-nucleotide amidohydrolase PncC
LAGGGMOH_01776	gene	1020	tsaD			
LAGGGMOH_01776	CDS	1020	tsaD	2.3.1.234	COG0533	tRNA N6-adenosine threonylcarbamoyltransferase
LAGGGMOH_01777	gene	4437				
LAGGGMOH_01777	CDS	4437				hypothetical protein
LAGGGMOH_01778	gene	381	yccF			
LAGGGMOH_01778	CDS	381	yccF		COG3304	Inner membrane protein YccF
LAGGGMOH_01779	gene	1494	proS			
LAGGGMOH_01779	CDS	1494	proS	6.1.1.15	COG0442	Proline--tRNA ligase
LAGGGMOH_01780	gene	765				
LAGGGMOH_01780	CDS	765				hypothetical protein
LAGGGMOH_01781	gene	735				
LAGGGMOH_01781	CDS	735				hypothetical protein
LAGGGMOH_01782	gene	3234	tri1_1			
LAGGGMOH_01782	CDS	3234	tri1_1	3.4.21.-	COG0793	Tricorn protease 
LAGGGMOH_01783	gene	74				
LAGGGMOH_01783	tRNA	74				tRNA-Gly(ccc)
LAGGGMOH_01784	gene	612	cobP			
LAGGGMOH_01784	CDS	612	cobP	2.7.1.156		Bifunctional adenosylcobalamin biosynthesis protein CobP
LAGGGMOH_01785	gene	1038	cobT			
LAGGGMOH_01785	CDS	1038	cobT	2.4.2.21		Nicotinate-nucleotide--dimethylbenzimidazole phosphoribosyltransferase
LAGGGMOH_01786	gene	744	cobS			
LAGGGMOH_01786	CDS	744	cobS	2.7.8.26		Adenosylcobinamide-GDP ribazoletransferase
LAGGGMOH_01787	gene	591				
LAGGGMOH_01787	CDS	591				hypothetical protein
LAGGGMOH_01788	gene	966	cobD_1			
LAGGGMOH_01788	CDS	966	cobD_1		COG1270	Cobalamin biosynthesis protein CobD
LAGGGMOH_01789	gene	1014	cobD_2			
LAGGGMOH_01789	CDS	1014	cobD_2	4.1.1.81		Threonine-phosphate decarboxylase
LAGGGMOH_01790	gene	1488	cobQ			
LAGGGMOH_01790	CDS	1488	cobQ			Cobyric acid synthase
LAGGGMOH_01791	gene	246				
LAGGGMOH_01791	CDS	246				hypothetical protein
LAGGGMOH_01792	gene	573				
LAGGGMOH_01792	CDS	573				hypothetical protein
LAGGGMOH_01793	gene	348				
LAGGGMOH_01793	CDS	348				hypothetical protein
LAGGGMOH_01794	gene	324				
LAGGGMOH_01794	CDS	324				hypothetical protein
LAGGGMOH_01795	gene	1449				
LAGGGMOH_01795	CDS	1449				hypothetical protein
LAGGGMOH_01796	gene	999	emrA_2			
LAGGGMOH_01796	CDS	999	emrA_2			Colistin resistance protein EmrA
LAGGGMOH_01797	gene	1173				
LAGGGMOH_01797	CDS	1173				hypothetical protein
LAGGGMOH_01798	gene	1191				
LAGGGMOH_01798	CDS	1191				hypothetical protein
LAGGGMOH_01799	gene	1902	rcsC_11			
LAGGGMOH_01799	CDS	1902	rcsC_11	2.7.13.3		Sensor histidine kinase RcsC
LAGGGMOH_01800	gene	573	yvqK			
LAGGGMOH_01800	CDS	573	yvqK	2.5.1.17	COG2096	Corrinoid adenosyltransferase
LAGGGMOH_01801	gene	1335	cbiA			
LAGGGMOH_01801	CDS	1335	cbiA	6.3.5.11		Cobyrinate a,c-diamide synthase
LAGGGMOH_01802	gene	735				
LAGGGMOH_01802	CDS	735				hypothetical protein
LAGGGMOH_01803	gene	486	yjjB_1			
LAGGGMOH_01803	CDS	486	yjjB_1		COG3610	putative succinate transporter subunit YjjB
LAGGGMOH_01804	gene	768	yjjP_1			
LAGGGMOH_01804	CDS	768	yjjP_1		COG2966	putative succinate transporter subunit YjjP
LAGGGMOH_01805	gene	144				
LAGGGMOH_01805	CDS	144				hypothetical protein
LAGGGMOH_01806	gene	2076	cirA_2			
LAGGGMOH_01806	CDS	2076	cirA_2		COG4771	Colicin I receptor
LAGGGMOH_01807	gene	918	cbiK			
LAGGGMOH_01807	CDS	918	cbiK	4.99.1.3		Sirohydrochlorin cobaltochelatase
LAGGGMOH_01808	gene	2355	cntO_1			
LAGGGMOH_01808	CDS	2355	cntO_1			Metal-pseudopaline receptor CntO
LAGGGMOH_01809	gene	1473				
LAGGGMOH_01809	CDS	1473				hypothetical protein
LAGGGMOH_01810	gene	1410	cysG_1			
LAGGGMOH_01810	CDS	1410	cysG_1	4.99.1.4		Siroheme synthase
LAGGGMOH_01811	gene	1239	cbiET			
LAGGGMOH_01811	CDS	1239	cbiET			Cobalamin biosynthesis bifunctional protein CbiET
LAGGGMOH_01812	gene	1800	cysG_2			
LAGGGMOH_01812	CDS	1800	cysG_2	4.99.1.4		Siroheme synthase
LAGGGMOH_01813	gene	1902	cbiD			
LAGGGMOH_01813	CDS	1902	cbiD	2.1.1.195		Cobalt-precorrin-5B C(1)-methyltransferase
LAGGGMOH_01814	gene	675				
LAGGGMOH_01814	CDS	675				hypothetical protein
LAGGGMOH_01815	gene	603				
LAGGGMOH_01815	CDS	603				hypothetical protein
LAGGGMOH_01816	gene	885				
LAGGGMOH_01816	CDS	885				hypothetical protein
LAGGGMOH_01817	gene	1041				
LAGGGMOH_01817	CDS	1041				hypothetical protein
LAGGGMOH_01818	gene	2112				
LAGGGMOH_01818	CDS	2112				hypothetical protein
LAGGGMOH_01819	gene	1026				
LAGGGMOH_01819	CDS	1026				hypothetical protein
LAGGGMOH_01820	gene	1557				
LAGGGMOH_01820	CDS	1557				hypothetical protein
LAGGGMOH_01821	gene	1053	mfa2			
LAGGGMOH_01821	CDS	1053	mfa2			Minor fimbrium anchoring subunit Mfa2
LAGGGMOH_01822	gene	1632				
LAGGGMOH_01822	CDS	1632				hypothetical protein
LAGGGMOH_01823	gene	1401				
LAGGGMOH_01823	CDS	1401				hypothetical protein
LAGGGMOH_01824	gene	558				
LAGGGMOH_01824	CDS	558				hypothetical protein
LAGGGMOH_01825	gene	375				
LAGGGMOH_01825	CDS	375				hypothetical protein
LAGGGMOH_01826	gene	939				
LAGGGMOH_01826	CDS	939				hypothetical protein
LAGGGMOH_01827	gene	375				
LAGGGMOH_01827	CDS	375				hypothetical protein
LAGGGMOH_01828	gene	1578				
LAGGGMOH_01828	CDS	1578				hypothetical protein
LAGGGMOH_01829	gene	1257				
LAGGGMOH_01829	CDS	1257				hypothetical protein
LAGGGMOH_01830	gene	1209				
LAGGGMOH_01830	CDS	1209				hypothetical protein
LAGGGMOH_01831	gene	312				
LAGGGMOH_01831	CDS	312				hypothetical protein
LAGGGMOH_01832	gene	621				
LAGGGMOH_01832	CDS	621				hypothetical protein
LAGGGMOH_01833	gene	1365	dnaB_1			
LAGGGMOH_01833	CDS	1365	dnaB_1	5.6.2.3		Replicative DNA helicase DnaB
LAGGGMOH_01834	gene	480				
LAGGGMOH_01834	CDS	480				hypothetical protein
LAGGGMOH_01835	gene	444				
LAGGGMOH_01835	CDS	444				hypothetical protein
LAGGGMOH_01836	gene	141				
LAGGGMOH_01836	CDS	141				hypothetical protein
LAGGGMOH_01837	gene	312				
LAGGGMOH_01837	CDS	312				hypothetical protein
LAGGGMOH_01838	gene	366				
LAGGGMOH_01838	CDS	366				hypothetical protein
LAGGGMOH_01839	gene	342				
LAGGGMOH_01839	CDS	342				hypothetical protein
LAGGGMOH_01840	gene	954				
LAGGGMOH_01840	CDS	954				hypothetical protein
LAGGGMOH_01841	gene	74				
LAGGGMOH_01841	tRNA	74				tRNA-Gly(gcc)
LAGGGMOH_01842	gene	83				
LAGGGMOH_01842	tRNA	83				tRNA-Leu(cag)
LAGGGMOH_01843	gene	74				
LAGGGMOH_01843	tRNA	74				tRNA-Gly(gcc)
LAGGGMOH_01844	gene	85				
LAGGGMOH_01844	tRNA	85				tRNA-Leu(gag)
LAGGGMOH_01845	gene	83				
LAGGGMOH_01845	tRNA	83				tRNA-Leu(cag)
LAGGGMOH_01846	gene	74				
LAGGGMOH_01846	tRNA	74				tRNA-Gly(gcc)
LAGGGMOH_01847	gene	1101				
LAGGGMOH_01847	CDS	1101		4.1.1.127	COG0019	Carboxyaminopropylagmatine decarboxylase
LAGGGMOH_01848	gene	2361	pcrA			
LAGGGMOH_01848	CDS	2361	pcrA	5.6.2.4	COG0210	ATP-dependent DNA helicase PcrA
LAGGGMOH_01849	gene	618	sodB			
LAGGGMOH_01849	CDS	618	sodB	1.15.1.1		Superoxide dismutase [Fe]
LAGGGMOH_01850	gene	198				
LAGGGMOH_01850	CDS	198				hypothetical protein
LAGGGMOH_01851	gene	615	thiE_1			
LAGGGMOH_01851	CDS	615	thiE_1	2.5.1.3	COG0352	Thiamine-phosphate synthase
LAGGGMOH_01852	gene	777	thiG			
LAGGGMOH_01852	CDS	777	thiG	2.8.1.10	COG2022	Thiazole synthase
LAGGGMOH_01853	gene	1695	thiC			
LAGGGMOH_01853	CDS	1695	thiC	4.1.99.17	COG0422	Phosphomethylpyrimidine synthase
LAGGGMOH_01854	gene	546				
LAGGGMOH_01854	CDS	546				hypothetical protein
LAGGGMOH_01855	gene	1125	thiH			
LAGGGMOH_01855	CDS	1125	thiH	4.1.99.19		2-iminoacetate synthase
LAGGGMOH_01856	gene	702	ttuC			
LAGGGMOH_01856	CDS	702	ttuC	2.7.7.80	COG0476	Sulfur carrier protein adenylyltransferase
LAGGGMOH_01857	gene	609	thiE_2			
LAGGGMOH_01857	CDS	609	thiE_2	2.5.1.3		Thiamine-phosphate synthase
LAGGGMOH_01858	gene	516				
LAGGGMOH_01858	CDS	516				hypothetical protein
LAGGGMOH_01859	gene	570				
LAGGGMOH_01859	CDS	570				hypothetical protein
LAGGGMOH_01860	gene	2721	ppdK			
LAGGGMOH_01860	CDS	2721	ppdK	2.7.9.1	COG0574	Pyruvate, phosphate dikinase
LAGGGMOH_01861	gene	1419	rlmCD			
LAGGGMOH_01861	CDS	1419	rlmCD	2.1.1.189	COG2265	23S rRNA (uracil-C(5))-methyltransferase RlmCD
LAGGGMOH_01862	gene	918	rluD_1			
LAGGGMOH_01862	CDS	918	rluD_1	5.4.99.23	COG0564	Ribosomal large subunit pseudouridine synthase D
LAGGGMOH_01863	gene	405				
LAGGGMOH_01863	CDS	405				hypothetical protein
LAGGGMOH_01864	gene	444				
LAGGGMOH_01864	CDS	444				hypothetical protein
	repeat_region	1631				
LAGGGMOH_01865	gene	264	cas2			
LAGGGMOH_01865	CDS	264	cas2	3.1.-.-	COG1343	CRISPR-associated endoribonuclease Cas2
LAGGGMOH_01866	gene	1002	cas1			
LAGGGMOH_01866	CDS	1002	cas1	3.1.-.-	COG1518	CRISPR-associated endonuclease Cas1
LAGGGMOH_01867	gene	513				
LAGGGMOH_01867	CDS	513				hypothetical protein
LAGGGMOH_01868	gene	1059				
LAGGGMOH_01868	CDS	1059				hypothetical protein
LAGGGMOH_01869	gene	1326				
LAGGGMOH_01869	CDS	1326				hypothetical protein
LAGGGMOH_01870	gene	2160				
LAGGGMOH_01870	CDS	2160				hypothetical protein
LAGGGMOH_01871	gene	564				
LAGGGMOH_01871	CDS	564				hypothetical protein
LAGGGMOH_01872	gene	672				
LAGGGMOH_01872	CDS	672				hypothetical protein
LAGGGMOH_01873	gene	855	map_1			
LAGGGMOH_01873	CDS	855	map_1	3.4.11.18	COG0024	Methionine aminopeptidase
LAGGGMOH_01874	gene	1227				
LAGGGMOH_01874	CDS	1227				hypothetical protein
LAGGGMOH_01875	gene	747				
LAGGGMOH_01875	CDS	747				hypothetical protein
LAGGGMOH_01876	gene	1314	nhaA			
LAGGGMOH_01876	CDS	1314	nhaA		COG3004	Na(+)/H(+) antiporter NhaA
LAGGGMOH_01877	gene	1179				
LAGGGMOH_01877	CDS	1179				hypothetical protein
LAGGGMOH_01878	gene	1782	lepA_1			
LAGGGMOH_01878	CDS	1782	lepA_1	3.6.5.-	COG0481	Elongation factor 4
LAGGGMOH_01879	gene	201				
LAGGGMOH_01879	CDS	201				hypothetical protein
LAGGGMOH_01880	gene	465				
LAGGGMOH_01880	CDS	465				hypothetical protein
LAGGGMOH_01881	gene	411				
LAGGGMOH_01881	CDS	411				hypothetical protein
LAGGGMOH_01882	gene	762	exoA			
LAGGGMOH_01882	CDS	762	exoA	3.1.11.2	COG0708	Exodeoxyribonuclease
LAGGGMOH_01883	gene	1254	mntH			
LAGGGMOH_01883	CDS	1254	mntH		COG1914	Divalent metal cation transporter MntH
LAGGGMOH_01884	gene	393				
LAGGGMOH_01884	CDS	393				hypothetical protein
LAGGGMOH_01885	gene	1683				
LAGGGMOH_01885	CDS	1683				IS1182 family transposase ISBf5
LAGGGMOH_01886	gene	246				
LAGGGMOH_01886	CDS	246				hypothetical protein
LAGGGMOH_01887	gene	684				
LAGGGMOH_01887	CDS	684			COG0217	putative transcriptional regulatory protein
LAGGGMOH_01888	gene	2463	pheT			
LAGGGMOH_01888	CDS	2463	pheT	6.1.1.20	COG0072	Phenylalanine--tRNA ligase beta subunit
LAGGGMOH_01889	gene	954	tagO_2			
LAGGGMOH_01889	CDS	954	tagO_2	2.7.8.33	COG0472	putative undecaprenyl-phosphate N-acetylglucosaminyl 1-phosphate transferase
LAGGGMOH_01890	gene	774	gnu_4			
LAGGGMOH_01890	CDS	774	gnu_4	5.1.3.26	COG0451	N-acetyl-alpha-D-glucosaminyl-diphospho-ditrans,octacis-undecaprenol 4-epimerase
LAGGGMOH_01891	gene	753				
LAGGGMOH_01891	CDS	753				hypothetical protein
LAGGGMOH_01892	gene	708				
LAGGGMOH_01892	CDS	708				hypothetical protein
LAGGGMOH_01893	gene	1296				
LAGGGMOH_01893	CDS	1296				hypothetical protein
LAGGGMOH_01894	gene	798				
LAGGGMOH_01894	CDS	798				hypothetical protein
LAGGGMOH_01895	gene	843				
LAGGGMOH_01895	CDS	843				hypothetical protein
LAGGGMOH_01896	gene	984				
LAGGGMOH_01896	CDS	984				hypothetical protein
LAGGGMOH_01897	gene	837				
LAGGGMOH_01897	CDS	837				hypothetical protein
LAGGGMOH_01898	gene	1344				
LAGGGMOH_01898	CDS	1344				hypothetical protein
LAGGGMOH_01899	gene	1662	ilvB			
LAGGGMOH_01899	CDS	1662	ilvB	2.2.1.6	COG0028	Acetolactate synthase large subunit
LAGGGMOH_01900	gene	921	tll			
LAGGGMOH_01900	CDS	921	tll	1.1.1.339		dTDP-6-deoxy-L-talose 4-dehydrogenase (NAD(+))
LAGGGMOH_01901	gene	1080	rfbG_1			
LAGGGMOH_01901	CDS	1080	rfbG_1	4.2.1.45		CDP-glucose 4,6-dehydratase
LAGGGMOH_01902	gene	777	rfbF_1			
LAGGGMOH_01902	CDS	777	rfbF_1	2.7.7.33	COG1208	Glucose-1-phosphate cytidylyltransferase
LAGGGMOH_01903	gene	1344	spnQ_1			
LAGGGMOH_01903	CDS	1344	spnQ_1	4.2.1.164		dTDP-4-dehydro-2,6-dideoxy-D-glucose 3-dehydratase
LAGGGMOH_01904	gene	573	rfbC_3			
LAGGGMOH_01904	CDS	573	rfbC_3	5.1.3.13	COG1898	dTDP-4-dehydrorhamnose 3,5-epimerase
LAGGGMOH_01905	gene	888	rffH_3			
LAGGGMOH_01905	CDS	888	rffH_3	2.7.7.24	COG1209	Glucose-1-phosphate thymidylyltransferase 2
LAGGGMOH_01906	gene	471				
LAGGGMOH_01906	CDS	471				hypothetical protein
LAGGGMOH_01907	gene	519				
LAGGGMOH_01907	CDS	519				hypothetical protein
LAGGGMOH_01908	gene	2850	fkp			
LAGGGMOH_01908	CDS	2850	fkp			L-fucokinase/L-fucose-1-P guanylyltransferase
LAGGGMOH_01909	gene	330				
LAGGGMOH_01909	CDS	330		5.1.3.29	COG3254	L-fucose mutarotase
LAGGGMOH_01910	gene	1548	dnaB_2			
LAGGGMOH_01910	CDS	1548	dnaB_2	5.6.2.3		Replicative DNA helicase DnaB
LAGGGMOH_01911	gene	825	ispE			
LAGGGMOH_01911	CDS	825	ispE	2.7.1.148	COG1947	4-diphosphocytidyl-2-C-methyl-D-erythritol kinase
LAGGGMOH_01912	gene	1245				
LAGGGMOH_01912	CDS	1245				hypothetical protein
LAGGGMOH_01913	gene	1260				
LAGGGMOH_01913	CDS	1260				hypothetical protein
LAGGGMOH_01914	gene	1035	galE			
LAGGGMOH_01914	CDS	1035	galE	5.1.3.2	COG1087	UDP-glucose 4-epimerase
LAGGGMOH_01915	gene	573	rnfA			
LAGGGMOH_01915	CDS	573	rnfA	7.2.1.2	COG4657	Na(+)-translocating ferredoxin:NAD(+) oxidoreductase complex subunit A
LAGGGMOH_01916	gene	588	rnfE			
LAGGGMOH_01916	CDS	588	rnfE	7.2.1.2	COG4660	Na(+)-translocating ferredoxin:NAD(+) oxidoreductase complex subunit E
LAGGGMOH_01917	gene	675	rsxG			
LAGGGMOH_01917	CDS	675	rsxG	7.-.-.-	COG4659	Ion-translocating oxidoreductase complex subunit G
LAGGGMOH_01918	gene	993	rnfD			
LAGGGMOH_01918	CDS	993	rnfD	7.2.1.2	COG4658	Na(+)-translocating ferredoxin:NAD(+) oxidoreductase complex subunit D
LAGGGMOH_01919	gene	1338	rnfC			
LAGGGMOH_01919	CDS	1338	rnfC	7.1.1.-	COG4656	Proton-translocating ferredoxin:NAD(+) oxidoreductase complex subunit C
LAGGGMOH_01920	gene	873	rnfB			
LAGGGMOH_01920	CDS	873	rnfB	7.2.1.2	COG1245	Na(+)-translocating ferredoxin:NAD(+) oxidoreductase complex subunit B
LAGGGMOH_01921	gene	420				
LAGGGMOH_01921	CDS	420				hypothetical protein
LAGGGMOH_01922	gene	405				
LAGGGMOH_01922	CDS	405				hypothetical protein
LAGGGMOH_01923	gene	1431				
LAGGGMOH_01923	CDS	1431				hypothetical protein
LAGGGMOH_01924	gene	99				
LAGGGMOH_01924	CDS	99				hypothetical protein
LAGGGMOH_01925	gene	1602	pyrG			
LAGGGMOH_01925	CDS	1602	pyrG	6.3.4.2	COG0504	CTP synthase
LAGGGMOH_01926	gene	1857	yidC			
LAGGGMOH_01926	CDS	1857	yidC		COG0706	Membrane protein insertase YidC
LAGGGMOH_01927	gene	1332	mdtK_1			
LAGGGMOH_01927	CDS	1332	mdtK_1			Multidrug resistance protein MdtK
LAGGGMOH_01928	gene	2085	dpp5			
LAGGGMOH_01928	CDS	2085	dpp5	3.4.14.-	COG0823	Dipeptidyl-peptidase 5
LAGGGMOH_01929	gene	996				
LAGGGMOH_01929	CDS	996				hypothetical protein
LAGGGMOH_01930	gene	570				
LAGGGMOH_01930	CDS	570				hypothetical protein
LAGGGMOH_01931	gene	570	maa			
LAGGGMOH_01931	CDS	570	maa	2.3.1.79	COG0110	Maltose O-acetyltransferase
LAGGGMOH_01932	gene	1080				
LAGGGMOH_01932	CDS	1080				hypothetical protein
LAGGGMOH_01933	gene	336				
LAGGGMOH_01933	CDS	336				hypothetical protein
LAGGGMOH_01934	gene	498	paiA			
LAGGGMOH_01934	CDS	498	paiA	2.3.1.57	COG0456	Spermidine/spermine N(1)-acetyltransferase
LAGGGMOH_01935	gene	1659				
LAGGGMOH_01935	CDS	1659				Peptide transporter YePEPT
LAGGGMOH_01936	gene	480	ybaK			
LAGGGMOH_01936	CDS	480	ybaK	4.2.-.-	COG2606	Cys-tRNA(Pro)/Cys-tRNA(Cys) deacylase YbaK
LAGGGMOH_01937	gene	2829	uvrA_1			
LAGGGMOH_01937	CDS	2829	uvrA_1			UvrABC system protein A
LAGGGMOH_01938	gene	1770				
LAGGGMOH_01938	CDS	1770				hypothetical protein
LAGGGMOH_01939	gene	708				
LAGGGMOH_01939	CDS	708				hypothetical protein
LAGGGMOH_01940	gene	450				
LAGGGMOH_01940	CDS	450				hypothetical protein
LAGGGMOH_01941	gene	336				
LAGGGMOH_01941	CDS	336				hypothetical protein
LAGGGMOH_01942	gene	804	bamD			
LAGGGMOH_01942	CDS	804	bamD			Outer membrane protein assembly factor BamD
LAGGGMOH_01943	gene	426				
LAGGGMOH_01943	CDS	426				hypothetical protein
LAGGGMOH_01944	gene	1299				
LAGGGMOH_01944	CDS	1299		6.2.1.30	COG1541	Phenylacetate-coenzyme A ligase
LAGGGMOH_01945	gene	2034	uvrB			
LAGGGMOH_01945	CDS	2034	uvrB		COG0556	UvrABC system protein B
LAGGGMOH_01946	gene	639				
LAGGGMOH_01946	CDS	639				hypothetical protein
LAGGGMOH_01947	gene	786				
LAGGGMOH_01947	CDS	786				hypothetical protein
LAGGGMOH_01948	gene	465				
LAGGGMOH_01948	CDS	465				hypothetical protein
LAGGGMOH_01949	gene	426				
LAGGGMOH_01949	CDS	426				Acid shock protein
LAGGGMOH_01950	gene	456				
LAGGGMOH_01950	CDS	456				hypothetical protein
LAGGGMOH_01951	gene	3072	rcsC_12			
LAGGGMOH_01951	CDS	3072	rcsC_12	2.7.13.3		Sensor histidine kinase RcsC
LAGGGMOH_01952	gene	1119	ybhR			
LAGGGMOH_01952	CDS	1119	ybhR		COG0842	putative multidrug ABC transporter permease YbhR
LAGGGMOH_01953	gene	1101	ybhS			
LAGGGMOH_01953	CDS	1101	ybhS		COG0842	putative multidrug ABC transporter permease YbhS
LAGGGMOH_01954	gene	1461	rbbA_1			
LAGGGMOH_01954	CDS	1461	rbbA_1		COG0842	Ribosome-associated ATPase
LAGGGMOH_01955	gene	897				
LAGGGMOH_01955	CDS	897				hypothetical protein
LAGGGMOH_01956	gene	1257				
LAGGGMOH_01956	CDS	1257				hypothetical protein
LAGGGMOH_01957	gene	1161				
LAGGGMOH_01957	CDS	1161				hypothetical protein
LAGGGMOH_01958	gene	888	rhaR_5			
LAGGGMOH_01958	CDS	888	rhaR_5			HTH-type transcriptional activator RhaR
LAGGGMOH_01959	gene	2157				
LAGGGMOH_01959	CDS	2157				hypothetical protein
LAGGGMOH_01960	gene	297				
LAGGGMOH_01960	CDS	297				hypothetical protein
LAGGGMOH_01961	gene	3231	pyrAB_1			
LAGGGMOH_01961	CDS	3231	pyrAB_1	6.3.4.16	COG0458	Carbamoyl phosphate synthase pyrimidine-specific large chain
LAGGGMOH_01962	gene	1131	pyrAA			
LAGGGMOH_01962	CDS	1131	pyrAA	6.3.5.5	COG0505	Carbamoyl phosphate synthase pyrimidine-specific small chain
LAGGGMOH_01963	gene	1884	purF_2			
LAGGGMOH_01963	CDS	1884	purF_2	2.4.2.14	COG0034	Amidophosphoribosyltransferase
LAGGGMOH_01964	gene	411				
LAGGGMOH_01964	CDS	411				hypothetical protein
LAGGGMOH_01965	gene	4545	gltB			
LAGGGMOH_01965	CDS	4545	gltB	1.4.7.1	COG0067	Ferredoxin-dependent glutamate synthase 1
LAGGGMOH_01966	gene	1362	gltD			
LAGGGMOH_01966	CDS	1362	gltD	1.4.1.13	COG0493	Glutamate synthase [NADPH] small chain
LAGGGMOH_01967	gene	1671	asnB			
LAGGGMOH_01967	CDS	1671	asnB	6.3.5.4	COG0367	Asparagine synthetase B [glutamine-hydrolyzing]
LAGGGMOH_01968	gene	759	UgpQ			
LAGGGMOH_01968	CDS	759	UgpQ	3.1.4.46	COG0584	Glycerophosphodiester phosphodiesterase
LAGGGMOH_01969	gene	810	dapF			
LAGGGMOH_01969	CDS	810	dapF	5.1.1.7	COG0253	Diaminopimelate epimerase
LAGGGMOH_01970	gene	1233	dapL_2			
LAGGGMOH_01970	CDS	1233	dapL_2	2.6.1.83	COG0436	LL-diaminopimelate aminotransferase
LAGGGMOH_01971	gene	2190	glnA_3			
LAGGGMOH_01971	CDS	2190	glnA_3	6.3.1.2		Glutamine synthetase
LAGGGMOH_01972	gene	567				
LAGGGMOH_01972	CDS	567				hypothetical protein
LAGGGMOH_01973	gene	1974	ppk_1			
LAGGGMOH_01973	CDS	1974	ppk_1	2.7.4.1	COG0855	Polyphosphate kinase
LAGGGMOH_01974	gene	915	ppx2			
LAGGGMOH_01974	CDS	915	ppx2	3.6.1.11		Exopolyphosphatase 2
LAGGGMOH_01975	gene	1146	yqhD			
LAGGGMOH_01975	CDS	1146	yqhD	1.1.1.2	COG1979	NADPH-dependent aldehyde reductase YqhD
LAGGGMOH_01976	gene	294				
LAGGGMOH_01976	CDS	294				hypothetical protein
LAGGGMOH_01977	gene	141				
LAGGGMOH_01977	CDS	141				hypothetical protein
LAGGGMOH_01978	gene	159				
LAGGGMOH_01978	CDS	159				hypothetical protein
LAGGGMOH_01979	gene	1173	trpB1			
LAGGGMOH_01979	CDS	1173	trpB1	4.2.1.20	COG0133	Tryptophan synthase beta chain 1
LAGGGMOH_01980	gene	1407	trpE			
LAGGGMOH_01980	CDS	1407	trpE	4.1.3.27		Anthranilate synthase component 1
LAGGGMOH_01981	gene	603	trpG			
LAGGGMOH_01981	CDS	603	trpG	4.1.3.27		Anthranilate synthase component 2
LAGGGMOH_01982	gene	996	trpD2			
LAGGGMOH_01982	CDS	996	trpD2	2.4.2.18	COG0547	Anthranilate phosphoribosyltransferase 2
LAGGGMOH_01983	gene	822	trpC			
LAGGGMOH_01983	CDS	822	trpC	4.1.1.48	COG0134	Indole-3-glycerol phosphate synthase
LAGGGMOH_01984	gene	588	trpF			
LAGGGMOH_01984	CDS	588	trpF	5.3.1.24	COG0135	N-(5'-phosphoribosyl)anthranilate isomerase
LAGGGMOH_01985	gene	771	trpA			
LAGGGMOH_01985	CDS	771	trpA	4.2.1.20	COG0159	Tryptophan synthase alpha chain
LAGGGMOH_01986	gene	1047	ansA			
LAGGGMOH_01986	CDS	1047	ansA	3.5.1.1	COG0252	L-asparaginase 1
LAGGGMOH_01987	gene	2427				
LAGGGMOH_01987	CDS	2427				hypothetical protein
LAGGGMOH_01988	gene	366	tmoS			
LAGGGMOH_01988	CDS	366	tmoS	2.7.13.3		Sensor histidine kinase TmoS
LAGGGMOH_01989	gene	1164				
LAGGGMOH_01989	CDS	1164				hypothetical protein
LAGGGMOH_01990	gene	894				
LAGGGMOH_01990	CDS	894				hypothetical protein
LAGGGMOH_01991	gene	630	dapH_2			
LAGGGMOH_01991	CDS	630	dapH_2	2.3.1.89		2,3,4,5-tetrahydropyridine-2,6-dicarboxylate N-acetyltransferase
LAGGGMOH_01992	gene	609	nreC			
LAGGGMOH_01992	CDS	609	nreC		COG2197	Oxygen regulatory protein NreC
LAGGGMOH_01993	gene	705				
LAGGGMOH_01993	CDS	705				hypothetical protein
LAGGGMOH_01994	gene	1176	purH_1			
LAGGGMOH_01994	CDS	1176	purH_1			Bifunctional purine biosynthesis protein PurH
LAGGGMOH_01995	gene	510				
LAGGGMOH_01995	CDS	510			COG0716	Flavodoxin 1
LAGGGMOH_01996	gene	363				
LAGGGMOH_01996	CDS	363				hypothetical protein
LAGGGMOH_01997	gene	216				
LAGGGMOH_01997	CDS	216				hypothetical protein
LAGGGMOH_01998	gene	1035				
LAGGGMOH_01998	CDS	1035				hypothetical protein
LAGGGMOH_01999	gene	486	resA_4			
LAGGGMOH_01999	CDS	486	resA_4			Thiol-disulfide oxidoreductase ResA
LAGGGMOH_02000	gene	1110	mauG			
LAGGGMOH_02000	CDS	1110	mauG	1.-.-.-	COG1858	Methylamine utilization protein MauG
LAGGGMOH_02001	gene	978				
LAGGGMOH_02001	CDS	978				hypothetical protein
LAGGGMOH_02002	gene	2304	btuB_6			
LAGGGMOH_02002	CDS	2304	btuB_6			Vitamin B12 transporter BtuB
LAGGGMOH_02003	gene	321				
LAGGGMOH_02003	CDS	321				hypothetical protein
LAGGGMOH_02004	gene	120				
LAGGGMOH_02004	CDS	120				hypothetical protein
LAGGGMOH_02005	gene	1803	irtA			
LAGGGMOH_02005	CDS	1803	irtA	7.2.2.-	COG1132	Mycobactin import ATP-binding/permease protein IrtA
LAGGGMOH_02006	gene	1731	ywjA			
LAGGGMOH_02006	CDS	1731	ywjA		COG1132	putative ABC transporter ATP-binding protein YwjA
LAGGGMOH_02007	gene	1188				
LAGGGMOH_02007	CDS	1188				hypothetical protein
LAGGGMOH_02008	gene	1530	emrB			
LAGGGMOH_02008	CDS	1530	emrB		COG2814	Multidrug export protein EmrB
LAGGGMOH_02009	gene	681	aaeA			
LAGGGMOH_02009	CDS	681	aaeA			p-hydroxybenzoic acid efflux pump subunit AaeA
LAGGGMOH_02010	gene	1599	aspT_3			
LAGGGMOH_02010	CDS	1599	aspT_3			Aspartate/alanine antiporter
LAGGGMOH_02011	gene	411				
LAGGGMOH_02011	CDS	411				hypothetical protein
LAGGGMOH_02012	gene	909	czcD			
LAGGGMOH_02012	CDS	909	czcD		COG1230	Cadmium, cobalt and zinc/H(+)-K(+) antiporter
LAGGGMOH_02013	gene	345				
LAGGGMOH_02013	CDS	345				hypothetical protein
LAGGGMOH_02014	gene	267				
LAGGGMOH_02014	CDS	267				hypothetical protein
LAGGGMOH_02015	gene	1521				
LAGGGMOH_02015	CDS	1521				hypothetical protein
LAGGGMOH_02016	gene	852				
LAGGGMOH_02016	CDS	852				hypothetical protein
LAGGGMOH_02017	gene	672				
LAGGGMOH_02017	CDS	672				hypothetical protein
LAGGGMOH_02018	gene	2145	cirA_3			
LAGGGMOH_02018	CDS	2145	cirA_3		COG4771	Colicin I receptor
LAGGGMOH_02019	gene	4266				
LAGGGMOH_02019	CDS	4266				hypothetical protein
LAGGGMOH_02020	gene	690				
LAGGGMOH_02020	CDS	690				hypothetical protein
LAGGGMOH_02021	gene	603				
LAGGGMOH_02021	CDS	603				hypothetical protein
LAGGGMOH_02022	gene	327				
LAGGGMOH_02022	CDS	327				hypothetical protein
LAGGGMOH_02023	gene	189				
LAGGGMOH_02023	CDS	189				hypothetical protein
LAGGGMOH_02024	gene	774	yjjP_2			
LAGGGMOH_02024	CDS	774	yjjP_2		COG2966	putative succinate transporter subunit YjjP
LAGGGMOH_02025	gene	525	yjjB_2			
LAGGGMOH_02025	CDS	525	yjjB_2		COG3610	putative succinate transporter subunit YjjB
LAGGGMOH_02026	gene	669	kdgA			
LAGGGMOH_02026	CDS	669	kdgA	4.1.2.14	COG0800	2-dehydro-3-deoxy-phosphogluconate aldolase
LAGGGMOH_02027	gene	1026	iolC			
LAGGGMOH_02027	CDS	1026	iolC	2.7.1.92		5-dehydro-2-deoxygluconokinase
LAGGGMOH_02028	gene	153				
LAGGGMOH_02028	CDS	153				hypothetical protein
LAGGGMOH_02029	gene	1074	purR			
LAGGGMOH_02029	CDS	1074	purR			HTH-type transcriptional repressor PurR
LAGGGMOH_02030	gene	450	yvbK			
LAGGGMOH_02030	CDS	450	yvbK	2.3.1.-	COG0456	putative N-acetyltransferase YvbK
LAGGGMOH_02031	gene	354	hxlR_1			
LAGGGMOH_02031	CDS	354	hxlR_1		COG1733	HTH-type transcriptional activator HxlR
LAGGGMOH_02032	gene	531				
LAGGGMOH_02032	CDS	531			COG0693	Protein ppBat
LAGGGMOH_02033	gene	3045	rcsC_13			
LAGGGMOH_02033	CDS	3045	rcsC_13	2.7.13.3		Sensor histidine kinase RcsC
LAGGGMOH_02034	gene	2655	mgtB			
LAGGGMOH_02034	CDS	2655	mgtB	7.2.2.14		Magnesium-transporting ATPase, P-type 1
LAGGGMOH_02035	gene	1368	rcsC_14			
LAGGGMOH_02035	CDS	1368	rcsC_14	2.7.13.3		Sensor histidine kinase RcsC
LAGGGMOH_02036	gene	690	cusR_2			
LAGGGMOH_02036	CDS	690	cusR_2		COG0745	Transcriptional regulatory protein CusR
LAGGGMOH_02037	gene	234				
LAGGGMOH_02037	CDS	234				hypothetical protein
LAGGGMOH_02038	gene	1116				
LAGGGMOH_02038	CDS	1116				hypothetical protein
LAGGGMOH_02039	gene	714				
LAGGGMOH_02039	CDS	714				hypothetical protein
LAGGGMOH_02040	gene	621	prfH			
LAGGGMOH_02040	CDS	621	prfH			Peptide chain release factor 
LAGGGMOH_02041	gene	1398				
LAGGGMOH_02041	CDS	1398				hypothetical protein
LAGGGMOH_02042	gene	1302	mleN			
LAGGGMOH_02042	CDS	1302	mleN		COG1757	Malate-2H(+)/Na(+)-lactate antiporter
LAGGGMOH_02043	gene	546	rpsP			
LAGGGMOH_02043	CDS	546	rpsP			Small ribosomal subunit protein bS16
LAGGGMOH_02044	gene	405				
LAGGGMOH_02044	CDS	405				hypothetical protein
LAGGGMOH_02045	gene	1227				
LAGGGMOH_02045	CDS	1227				hypothetical protein
LAGGGMOH_02046	gene	369				
LAGGGMOH_02046	CDS	369				hypothetical protein
LAGGGMOH_02047	gene	1335	potD			
LAGGGMOH_02047	CDS	1335	potD		COG0687	Spermidine/putrescine-binding periplasmic protein
LAGGGMOH_02048	gene	789	potC			
LAGGGMOH_02048	CDS	789	potC		COG1177	Spermidine/putrescine transport system permease protein PotC
LAGGGMOH_02049	gene	798	potH			
LAGGGMOH_02049	CDS	798	potH		COG1176	Putrescine transport system permease protein PotH
LAGGGMOH_02050	gene	1380	uup_1			
LAGGGMOH_02050	CDS	1380	uup_1	3.6.1.-		ATP-binding protein Uup
LAGGGMOH_02051	gene	1140	resA_5			
LAGGGMOH_02051	CDS	1140	resA_5			Thiol-disulfide oxidoreductase ResA
LAGGGMOH_02052	gene	651				
LAGGGMOH_02052	CDS	651				hypothetical protein
LAGGGMOH_02053	gene	2565	glgP_2			
LAGGGMOH_02053	CDS	2565	glgP_2	2.4.1.1	COG0058	Glycogen phosphorylase
LAGGGMOH_02054	gene	1662				
LAGGGMOH_02054	CDS	1662				hypothetical protein
LAGGGMOH_02055	gene	462	ntpK			
LAGGGMOH_02055	CDS	462	ntpK		COG0636	V-type sodium ATPase subunit K
LAGGGMOH_02056	gene	1818	ntpI			
LAGGGMOH_02056	CDS	1818	ntpI		COG1269	V-type sodium ATPase subunit I
LAGGGMOH_02057	gene	606	atpD_2			
LAGGGMOH_02057	CDS	606	atpD_2			A-type ATP synthase subunit D
LAGGGMOH_02058	gene	1320	ntpB			
LAGGGMOH_02058	CDS	1320	ntpB		COG1156	V-type sodium ATPase subunit B
LAGGGMOH_02059	gene	1758	atpA_2			
LAGGGMOH_02059	CDS	1758	atpA_2	7.1.2.2	COG1155	V-type ATP synthase alpha chain
LAGGGMOH_02060	gene	840				
LAGGGMOH_02060	CDS	840				hypothetical protein
LAGGGMOH_02061	gene	591	atpE			
LAGGGMOH_02061	CDS	591	atpE			A-type ATP synthase subunit E
LAGGGMOH_02062	gene	106				
LAGGGMOH_02062	rRNA	106				5S ribosomal RNA
LAGGGMOH_02063	gene	2881				
LAGGGMOH_02063	rRNA	2881				23S ribosomal RNA
LAGGGMOH_02064	gene	77				
LAGGGMOH_02064	tRNA	77				tRNA-Ala(tgc)
LAGGGMOH_02065	gene	77				
LAGGGMOH_02065	tRNA	77				tRNA-Ile(gat)
LAGGGMOH_02066	gene	1525				
LAGGGMOH_02066	rRNA	1525				16S ribosomal RNA
LAGGGMOH_02067	gene	204				
LAGGGMOH_02067	CDS	204				hypothetical protein
LAGGGMOH_02068	gene	1152	nagA_1			
LAGGGMOH_02068	CDS	1152	nagA_1	3.5.1.25	COG1820	N-acetylglucosamine-6-phosphate deacetylase
LAGGGMOH_02069	gene	678	phoP			
LAGGGMOH_02069	CDS	678	phoP		COG0745	Alkaline phosphatase synthesis transcriptional regulatory protein PhoP
LAGGGMOH_02070	gene	1299				
LAGGGMOH_02070	CDS	1299				hypothetical protein
LAGGGMOH_02071	gene	438				
LAGGGMOH_02071	CDS	438				hypothetical protein
LAGGGMOH_02072	gene	843				
LAGGGMOH_02072	CDS	843				hypothetical protein
LAGGGMOH_02073	gene	1176				
LAGGGMOH_02073	CDS	1176				hypothetical protein
LAGGGMOH_02074	gene	402				
LAGGGMOH_02074	CDS	402				hypothetical protein
LAGGGMOH_02075	gene	861	sigA			
LAGGGMOH_02075	CDS	861	sigA			RNA polymerase sigma factor SigA
LAGGGMOH_02076	gene	1548	degQ			
LAGGGMOH_02076	CDS	1548	degQ	3.4.21.107	COG0265	Periplasmic pH-dependent serine endoprotease DegQ
LAGGGMOH_02077	gene	1335				
LAGGGMOH_02077	CDS	1335				hypothetical protein
LAGGGMOH_02078	gene	1152				
LAGGGMOH_02078	CDS	1152		5.1.1.20	COG4948	L-Ala-D/L-Glu epimerase
LAGGGMOH_02079	gene	1203				
LAGGGMOH_02079	CDS	1203				hypothetical protein
LAGGGMOH_02080	gene	1320				
LAGGGMOH_02080	CDS	1320				hypothetical protein
LAGGGMOH_02081	gene	540	IYD			
LAGGGMOH_02081	CDS	540	IYD	1.21.1.1	COG0778	Iodotyrosine deiodinase
LAGGGMOH_02082	gene	603	ribE			
LAGGGMOH_02082	CDS	603	ribE	2.5.1.9	COG0307	Riboflavin synthase
LAGGGMOH_02083	gene	690	phoU			
LAGGGMOH_02083	CDS	690	phoU		COG0704	Phosphate-specific transport system accessory protein PhoU 
LAGGGMOH_02084	gene	762	pstB3			
LAGGGMOH_02084	CDS	762	pstB3	7.3.2.1	COG1117	Phosphate import ATP-binding protein PstB 3
LAGGGMOH_02085	gene	876	pstA			
LAGGGMOH_02085	CDS	876	pstA		COG0581	Phosphate transport system permease protein PstA
LAGGGMOH_02086	gene	1197				
LAGGGMOH_02086	CDS	1197				hypothetical protein
LAGGGMOH_02087	gene	861	pstS_1			
LAGGGMOH_02087	CDS	861	pstS_1			Phosphate-binding protein PstS
LAGGGMOH_02088	gene	1740	glnS			
LAGGGMOH_02088	CDS	1740	glnS	6.1.1.18	COG0008	Glutamine--tRNA ligase
LAGGGMOH_02089	gene	1341	lapB_3			
LAGGGMOH_02089	CDS	1341	lapB_3			Lipopolysaccharide assembly protein B
LAGGGMOH_02090	gene	642				
LAGGGMOH_02090	CDS	642				hypothetical protein
LAGGGMOH_02091	gene	624				
LAGGGMOH_02091	CDS	624				hypothetical protein
LAGGGMOH_02092	gene	501	tpx			
LAGGGMOH_02092	CDS	501	tpx	1.11.1.24		Thiol peroxidase
LAGGGMOH_02093	gene	582				
LAGGGMOH_02093	CDS	582				hypothetical protein
LAGGGMOH_02094	gene	594	pinR			
LAGGGMOH_02094	CDS	594	pinR	3.1.22.-	COG1961	Serine recombinase PinR
LAGGGMOH_02095	gene	921	xerC_20			
LAGGGMOH_02095	CDS	921	xerC_20			Tyrosine recombinase XerC
LAGGGMOH_02096	gene	1404	wcaJ			
LAGGGMOH_02096	CDS	1404	wcaJ	2.7.8.31	COG2148	UDP-glucose:undecaprenyl-phosphate glucose-1-phosphate transferase
LAGGGMOH_02097	gene	789				
LAGGGMOH_02097	CDS	789				hypothetical protein
LAGGGMOH_02098	gene	2406	wzc			
LAGGGMOH_02098	CDS	2406	wzc	2.7.10.-	COG0489	Tyrosine-protein kinase wzc
LAGGGMOH_02099	gene	450				
LAGGGMOH_02099	CDS	450				hypothetical protein
LAGGGMOH_02100	gene	447				
LAGGGMOH_02100	CDS	447				hypothetical protein
LAGGGMOH_02101	gene	249				
LAGGGMOH_02101	CDS	249				hypothetical protein
LAGGGMOH_02102	gene	927				
LAGGGMOH_02102	CDS	927				hypothetical protein
LAGGGMOH_02103	gene	1452				
LAGGGMOH_02103	CDS	1452				hypothetical protein
LAGGGMOH_02104	gene	279				
LAGGGMOH_02104	CDS	279				hypothetical protein
LAGGGMOH_02105	gene	519	rfaH_4			
LAGGGMOH_02105	CDS	519	rfaH_4			Transcription antitermination protein RfaH
LAGGGMOH_02106	gene	1530				
LAGGGMOH_02106	CDS	1530				hypothetical protein
LAGGGMOH_02107	gene	1092				
LAGGGMOH_02107	CDS	1092				hypothetical protein
LAGGGMOH_02108	gene	834				
LAGGGMOH_02108	CDS	834				hypothetical protein
LAGGGMOH_02109	gene	999				
LAGGGMOH_02109	CDS	999				hypothetical protein
LAGGGMOH_02110	gene	990				
LAGGGMOH_02110	CDS	990				hypothetical protein
LAGGGMOH_02111	gene	687	oatWY			
LAGGGMOH_02111	CDS	687	oatWY	2.3.1.-		Polysialic acid O-acetyltransferase
LAGGGMOH_02112	gene	1293				
LAGGGMOH_02112	CDS	1293				hypothetical protein
LAGGGMOH_02113	gene	1110	mshA_4			
LAGGGMOH_02113	CDS	1110	mshA_4	2.4.1.250		D-inositol-3-phosphate glycosyltransferase
LAGGGMOH_02114	gene	822				
LAGGGMOH_02114	CDS	822				hypothetical protein
LAGGGMOH_02115	gene	861				
LAGGGMOH_02115	CDS	861				hypothetical protein
LAGGGMOH_02116	gene	1314	tuaD_3			
LAGGGMOH_02116	CDS	1314	tuaD_3	1.1.1.22	COG1004	UDP-glucose 6-dehydrogenase TuaD
LAGGGMOH_02117	gene	570	dapH_3			
LAGGGMOH_02117	CDS	570	dapH_3	2.3.1.89		2,3,4,5-tetrahydropyridine-2,6-dicarboxylate N-acetyltransferase
LAGGGMOH_02118	gene	891				
LAGGGMOH_02118	CDS	891				hypothetical protein
LAGGGMOH_02119	gene	1089	mshA_5			
LAGGGMOH_02119	CDS	1089	mshA_5	2.4.1.250		D-inositol-3-phosphate glycosyltransferase
LAGGGMOH_02120	gene	1263				
LAGGGMOH_02120	CDS	1263				hypothetical protein
LAGGGMOH_02121	gene	909				
LAGGGMOH_02121	CDS	909				hypothetical protein
LAGGGMOH_02122	gene	294	arnE_1			
LAGGGMOH_02122	CDS	294	arnE_1			4-amino-4-deoxy-L-arabinose-phosphoundecaprenol flippase subunit ArnE
LAGGGMOH_02123	gene	330	arnE_2			
LAGGGMOH_02123	CDS	330	arnE_2			4-amino-4-deoxy-L-arabinose-phosphoundecaprenol flippase subunit ArnE
LAGGGMOH_02124	gene	405				
LAGGGMOH_02124	CDS	405				hypothetical protein
LAGGGMOH_02125	gene	573				
LAGGGMOH_02125	CDS	573				hypothetical protein
LAGGGMOH_02126	gene	1218	mshA_6			
LAGGGMOH_02126	CDS	1218	mshA_6	2.4.1.250		D-inositol-3-phosphate glycosyltransferase
LAGGGMOH_02127	gene	720	tagA			
LAGGGMOH_02127	CDS	720	tagA	2.4.1.187	COG1922	N-acetylglucosaminyldiphosphoundecaprenol N-acetyl-beta-D-mannosaminyltransferase
LAGGGMOH_02128	gene	669				
LAGGGMOH_02128	CDS	669				hypothetical protein
LAGGGMOH_02129	gene	1236				
LAGGGMOH_02129	CDS	1236				hypothetical protein
LAGGGMOH_02130	gene	1284				
LAGGGMOH_02130	CDS	1284				hypothetical protein
LAGGGMOH_02131	gene	576				
LAGGGMOH_02131	CDS	576				hypothetical protein
LAGGGMOH_02132	gene	513				
LAGGGMOH_02132	CDS	513				hypothetical protein
LAGGGMOH_02133	gene	1320				
LAGGGMOH_02133	CDS	1320				hypothetical protein
LAGGGMOH_02134	gene	1098				
LAGGGMOH_02134	CDS	1098				hypothetical protein
LAGGGMOH_02135	gene	429				
LAGGGMOH_02135	CDS	429				hypothetical protein
LAGGGMOH_02136	gene	1050	algA			
LAGGGMOH_02136	CDS	1050	algA			Alginate biosynthesis protein AlgA
LAGGGMOH_02137	gene	1236	mmdB_1			
LAGGGMOH_02137	CDS	1236	mmdB_1	7.2.4.3		Methylmalonyl-CoA decarboxylase subunit beta
LAGGGMOH_02138	gene	1833	cfiA			
LAGGGMOH_02138	CDS	1833	cfiA	6.4.1.7	COG0511	2-oxoglutarate carboxylase large subunit
LAGGGMOH_02139	gene	258	oadG			
LAGGGMOH_02139	CDS	258	oadG	7.2.4.2		oxaloacetate decarboxylase gamma chain
LAGGGMOH_02140	gene	753				
LAGGGMOH_02140	CDS	753				hypothetical protein
LAGGGMOH_02141	gene	1062	ysdC			
LAGGGMOH_02141	CDS	1062	ysdC	3.4.11.-	COG1363	Putative aminopeptidase YsdC
LAGGGMOH_02142	gene	1818				
LAGGGMOH_02142	CDS	1818				hypothetical protein
LAGGGMOH_02143	gene	129				
LAGGGMOH_02143	CDS	129				hypothetical protein
LAGGGMOH_02144	gene	1128	tigE			
LAGGGMOH_02144	CDS	1128	tigE	4.1.-.-		Radical SAM cyclopropyl synthase TigE
LAGGGMOH_02145	gene	330				
LAGGGMOH_02145	CDS	330				hypothetical protein
LAGGGMOH_02146	gene	348				
LAGGGMOH_02146	CDS	348				hypothetical protein
LAGGGMOH_02147	gene	873				
LAGGGMOH_02147	CDS	873				hypothetical protein
LAGGGMOH_02148	gene	90				
LAGGGMOH_02148	CDS	90				hypothetical protein
LAGGGMOH_02149	gene	465				
LAGGGMOH_02149	CDS	465				hypothetical protein
LAGGGMOH_02150	gene	717				
LAGGGMOH_02150	CDS	717			COG0325	Pyridoxal phosphate homeostasis protein
LAGGGMOH_02151	gene	975	preA			
LAGGGMOH_02151	CDS	975	preA	1.3.1.1	COG0167	NAD-dependent dihydropyrimidine dehydrogenase subunit PreA
LAGGGMOH_02152	gene	795				
LAGGGMOH_02152	CDS	795				hypothetical protein
LAGGGMOH_02153	gene	339				
LAGGGMOH_02153	CDS	339				hypothetical protein
LAGGGMOH_02154	gene	507				
LAGGGMOH_02154	CDS	507				hypothetical protein
LAGGGMOH_02155	gene	237				
LAGGGMOH_02155	CDS	237				hypothetical protein
LAGGGMOH_02156	gene	615				
LAGGGMOH_02156	CDS	615				hypothetical protein
LAGGGMOH_02157	gene	813				
LAGGGMOH_02157	CDS	813				hypothetical protein
LAGGGMOH_02158	gene	873				
LAGGGMOH_02158	CDS	873				hypothetical protein
LAGGGMOH_02159	gene	438				
LAGGGMOH_02159	CDS	438				hypothetical protein
LAGGGMOH_02160	gene	345				
LAGGGMOH_02160	CDS	345				hypothetical protein
LAGGGMOH_02161	gene	894				
LAGGGMOH_02161	CDS	894				hypothetical protein
LAGGGMOH_02162	gene	2430	dltA			
LAGGGMOH_02162	CDS	2430	dltA	6.2.1.54		D-alanine--D-alanyl carrier protein ligase
LAGGGMOH_02163	gene	2373	btuB_7			
LAGGGMOH_02163	CDS	2373	btuB_7			Vitamin B12 transporter BtuB
LAGGGMOH_02164	gene	837	kinE			
LAGGGMOH_02164	CDS	837	kinE	2.7.13.3	COG5002	Sporulation kinase E
LAGGGMOH_02165	gene	2790	sasA_11			
LAGGGMOH_02165	CDS	2790	sasA_11	2.7.13.3		Adaptive-response sensory-kinase SasA
LAGGGMOH_02166	gene	1605				
LAGGGMOH_02166	CDS	1605				hypothetical protein
LAGGGMOH_02167	gene	426				
LAGGGMOH_02167	CDS	426				hypothetical protein
LAGGGMOH_02168	gene	306				
LAGGGMOH_02168	CDS	306				hypothetical protein
LAGGGMOH_02169	gene	1170	rssB			
LAGGGMOH_02169	CDS	1170	rssB			Regulator of RpoS
LAGGGMOH_02170	gene	528				
LAGGGMOH_02170	CDS	528				hypothetical protein
LAGGGMOH_02171	gene	1905	pglF_2			
LAGGGMOH_02171	CDS	1905	pglF_2	4.2.1.135	COG1086	UDP-N-acetyl-alpha-D-glucosamine C6 dehydratase
LAGGGMOH_02172	gene	1326	phoH2			
LAGGGMOH_02172	CDS	1326	phoH2	3.1.-.-	COG1875	Protein PhoH2
LAGGGMOH_02173	gene	1377	fpgS			
LAGGGMOH_02173	CDS	1377	fpgS	6.3.2.17		Folylpolyglutamate synthase
LAGGGMOH_02174	gene	375	ridA			
LAGGGMOH_02174	CDS	375	ridA	3.5.99.10		2-iminobutanoate/2-iminopropanoate deaminase
LAGGGMOH_02175	gene	1809				
LAGGGMOH_02175	CDS	1809				hypothetical protein
LAGGGMOH_02176	gene	1698				
LAGGGMOH_02176	CDS	1698				hypothetical protein
LAGGGMOH_02177	gene	795				
LAGGGMOH_02177	CDS	795		2.1.1.-		Putative TrmH family tRNA/rRNA methyltransferase
LAGGGMOH_02178	gene	1686	recN			
LAGGGMOH_02178	CDS	1686	recN		COG0497	DNA repair protein RecN
LAGGGMOH_02179	gene	1194	undec1A			
LAGGGMOH_02179	CDS	1194	undec1A	4.1.1.-		Cysteine/Cysteine sulfinic acid decarboxylase
LAGGGMOH_02180	gene	774	dinG			
LAGGGMOH_02180	CDS	774	dinG	3.1.-.-		3'-5' exonuclease DinG
LAGGGMOH_02181	gene	1125	dnaN			
LAGGGMOH_02181	CDS	1125	dnaN			Beta sliding clamp
LAGGGMOH_02182	gene	375				
LAGGGMOH_02182	CDS	375				hypothetical protein
LAGGGMOH_02183	gene	1638				
LAGGGMOH_02183	CDS	1638				hypothetical protein
LAGGGMOH_02184	gene	759	phnP			
LAGGGMOH_02184	CDS	759	phnP	3.1.4.55	COG1235	Phosphoribosyl 1,2-cyclic phosphate phosphodiesterase
LAGGGMOH_02185	gene	1005	murB			
LAGGGMOH_02185	CDS	1005	murB	1.3.1.98		UDP-N-acetylenolpyruvoylglucosamine reductase
LAGGGMOH_02186	gene	843				
LAGGGMOH_02186	CDS	843				hypothetical protein
LAGGGMOH_02187	gene	954				
LAGGGMOH_02187	CDS	954				putative epimerase/dehydratase
LAGGGMOH_02188	gene	1188	kbl			
LAGGGMOH_02188	CDS	1188	kbl	2.3.1.29	COG0156	2-amino-3-ketobutyrate coenzyme A ligase
LAGGGMOH_02189	gene	405				
LAGGGMOH_02189	CDS	405				hypothetical protein
LAGGGMOH_02190	gene	2178				
LAGGGMOH_02190	CDS	2178				hypothetical protein
LAGGGMOH_02191	gene	312				
LAGGGMOH_02191	CDS	312				hypothetical protein
LAGGGMOH_02192	gene	1572				
LAGGGMOH_02192	CDS	1572				hypothetical protein
LAGGGMOH_02193	gene	2448				
LAGGGMOH_02193	CDS	2448				hypothetical protein
LAGGGMOH_02194	gene	1104				
LAGGGMOH_02194	CDS	1104				hypothetical protein
LAGGGMOH_02195	gene	1023				
LAGGGMOH_02195	CDS	1023				hypothetical protein
LAGGGMOH_02196	gene	1017				
LAGGGMOH_02196	CDS	1017				hypothetical protein
LAGGGMOH_02197	gene	816				
LAGGGMOH_02197	CDS	816				hypothetical protein
LAGGGMOH_02198	gene	903				
LAGGGMOH_02198	CDS	903				hypothetical protein
LAGGGMOH_02199	gene	1065				
LAGGGMOH_02199	CDS	1065				hypothetical protein
LAGGGMOH_02200	gene	1146				
LAGGGMOH_02200	CDS	1146				hypothetical protein
LAGGGMOH_02201	gene	969				
LAGGGMOH_02201	CDS	969				hypothetical protein
LAGGGMOH_02202	gene	1011				
LAGGGMOH_02202	CDS	1011				hypothetical protein
LAGGGMOH_02203	gene	957				
LAGGGMOH_02203	CDS	957				hypothetical protein
LAGGGMOH_02204	gene	1146				
LAGGGMOH_02204	CDS	1146				hypothetical protein
LAGGGMOH_02205	gene	393				
LAGGGMOH_02205	CDS	393				hypothetical protein
LAGGGMOH_02206	gene	945				
LAGGGMOH_02206	CDS	945				hypothetical protein
LAGGGMOH_02207	gene	312				
LAGGGMOH_02207	CDS	312				hypothetical protein
LAGGGMOH_02208	gene	621				
LAGGGMOH_02208	CDS	621				hypothetical protein
LAGGGMOH_02209	gene	480	ftnA_3			
LAGGGMOH_02209	CDS	480	ftnA_3	1.16.3.2		Bacterial non-heme ferritin
LAGGGMOH_02210	gene	1164	lysA			
LAGGGMOH_02210	CDS	1164	lysA	4.1.1.20	COG0019	Diaminopimelate decarboxylase
LAGGGMOH_02211	gene	1320	lysC_1			
LAGGGMOH_02211	CDS	1320	lysC_1	2.7.2.4	COG0527	Lysine-sensitive aspartokinase 3
LAGGGMOH_02212	gene	699	ftsE			
LAGGGMOH_02212	CDS	699	ftsE		COG2884	Cell division ATP-binding protein FtsE
LAGGGMOH_02213	gene	612	hisI			
LAGGGMOH_02213	CDS	612	hisI			Histidine biosynthesis bifunctional protein HisIE
LAGGGMOH_02214	gene	753	hisF			
LAGGGMOH_02214	CDS	753	hisF	4.3.2.10	COG0107	Imidazole glycerol phosphate synthase subunit HisF
LAGGGMOH_02215	gene	720	hisA			
LAGGGMOH_02215	CDS	720	hisA	5.3.1.16		1-(5-phosphoribosyl)-5-[(5-phosphoribosylamino)methylideneamino] imidazole-4-carboxamide isomerase
LAGGGMOH_02216	gene	591	hisH			
LAGGGMOH_02216	CDS	591	hisH	4.3.2.10	COG0118	Imidazole glycerol phosphate synthase subunit HisH
LAGGGMOH_02217	gene	75				
LAGGGMOH_02217	tRNA	75				tRNA-Asp(gtc)
LAGGGMOH_02218	gene	75				
LAGGGMOH_02218	tRNA	75				tRNA-Asp(gtc)
LAGGGMOH_02219	gene	2076				
LAGGGMOH_02219	CDS	2076				hypothetical protein
LAGGGMOH_02220	gene	408				
LAGGGMOH_02220	CDS	408				hypothetical protein
LAGGGMOH_02221	gene	243				
LAGGGMOH_02221	CDS	243				hypothetical protein
LAGGGMOH_02222	gene	822				
LAGGGMOH_02222	CDS	822				hypothetical protein
LAGGGMOH_02223	gene	366				
LAGGGMOH_02223	CDS	366				hypothetical protein
LAGGGMOH_02224	gene	807				
LAGGGMOH_02224	CDS	807				hypothetical protein
LAGGGMOH_02225	gene	894				
LAGGGMOH_02225	CDS	894				putative HTH-type transcriptional regulator
LAGGGMOH_02226	gene	180				
LAGGGMOH_02226	CDS	180				hypothetical protein
LAGGGMOH_02227	gene	840	mutM			
LAGGGMOH_02227	CDS	840	mutM	3.2.2.23		Formamidopyrimidine-DNA glycosylase
LAGGGMOH_02228	gene	594	ydeA			
LAGGGMOH_02228	CDS	594	ydeA	3.2.-.-	COG0693	putative protease YdeA
LAGGGMOH_02229	gene	732				
LAGGGMOH_02229	CDS	732				hypothetical protein
LAGGGMOH_02230	gene	486				
LAGGGMOH_02230	CDS	486				hypothetical protein
LAGGGMOH_02231	gene	393	nudG			
LAGGGMOH_02231	CDS	393	nudG	3.6.1.65	COG0494	CTP pyrophosphohydrolase
LAGGGMOH_02232	gene	933				
LAGGGMOH_02232	CDS	933				hypothetical protein
LAGGGMOH_02233	gene	1038	rlmF			
LAGGGMOH_02233	CDS	1038	rlmF	2.1.1.181	COG3129	Ribosomal RNA large subunit methyltransferase F
LAGGGMOH_02234	gene	474				
LAGGGMOH_02234	CDS	474				hypothetical protein
LAGGGMOH_02235	gene	3666				
LAGGGMOH_02235	CDS	3666				hypothetical protein
LAGGGMOH_02236	gene	561				
LAGGGMOH_02236	CDS	561				hypothetical protein
LAGGGMOH_02237	gene	1215				
LAGGGMOH_02237	CDS	1215				hypothetical protein
LAGGGMOH_02238	gene	933				
LAGGGMOH_02238	CDS	933				hypothetical protein
LAGGGMOH_02239	gene	297				
LAGGGMOH_02239	CDS	297				hypothetical protein
LAGGGMOH_02240	gene	1131				
LAGGGMOH_02240	CDS	1131				hypothetical protein
LAGGGMOH_02241	gene	138				
LAGGGMOH_02241	CDS	138				hypothetical protein
LAGGGMOH_02242	gene	492				
LAGGGMOH_02242	CDS	492				hypothetical protein
LAGGGMOH_02243	gene	741				
LAGGGMOH_02243	CDS	741		1.-.-.-	COG4221	putative oxidoreductase
LAGGGMOH_02244	gene	270				
LAGGGMOH_02244	CDS	270				hypothetical protein
LAGGGMOH_02245	gene	264				
LAGGGMOH_02245	CDS	264				hypothetical protein
LAGGGMOH_02246	gene	1326				
LAGGGMOH_02246	CDS	1326				hypothetical protein
LAGGGMOH_02247	gene	858				
LAGGGMOH_02247	CDS	858				hypothetical protein
LAGGGMOH_02248	gene	1707				
LAGGGMOH_02248	CDS	1707				hypothetical protein
LAGGGMOH_02249	gene	1644	pfp_1			
LAGGGMOH_02249	CDS	1644	pfp_1	2.7.1.90		Pyrophosphate--fructose 6-phosphate 1-phosphotransferase
LAGGGMOH_02250	gene	2820				
LAGGGMOH_02250	CDS	2820				hypothetical protein
LAGGGMOH_02251	gene	897				
LAGGGMOH_02251	CDS	897				hypothetical protein
LAGGGMOH_02252	gene	1911				
LAGGGMOH_02252	CDS	1911				hypothetical protein
LAGGGMOH_02253	gene	3378	susC_10			
LAGGGMOH_02253	CDS	3378	susC_10		COG1629	TonB-dependent receptor SusC
LAGGGMOH_02254	gene	753				
LAGGGMOH_02254	CDS	753				hypothetical protein
LAGGGMOH_02255	gene	270				
LAGGGMOH_02255	CDS	270				hypothetical protein
LAGGGMOH_02256	gene	549				
LAGGGMOH_02256	CDS	549				hypothetical protein
LAGGGMOH_02257	gene	1377	oprM_3			
LAGGGMOH_02257	CDS	1377	oprM_3			Outer membrane protein OprM
LAGGGMOH_02258	gene	3147	bepE_2			
LAGGGMOH_02258	CDS	3147	bepE_2			multidrug efflux RND transporter permease subunit BepE
LAGGGMOH_02259	gene	1191	bepF_2			
LAGGGMOH_02259	CDS	1191	bepF_2			Efflux pump periplasmic linker BepF
LAGGGMOH_02260	gene	2211				
LAGGGMOH_02260	CDS	2211				hypothetical protein
LAGGGMOH_02261	gene	294				
LAGGGMOH_02261	CDS	294				hypothetical protein
LAGGGMOH_02262	gene	270				
LAGGGMOH_02262	CDS	270				hypothetical protein
LAGGGMOH_02263	gene	558				
LAGGGMOH_02263	CDS	558				hypothetical protein
LAGGGMOH_02264	gene	771	yafV			
LAGGGMOH_02264	CDS	771	yafV	3.5.1.3	COG0388	Omega-amidase YafV
LAGGGMOH_02265	gene	1167	nagA_2			
LAGGGMOH_02265	CDS	1167	nagA_2	3.5.1.25	COG1820	N-acetylglucosamine-6-phosphate deacetylase
LAGGGMOH_02266	gene	1992	nagB_2			
LAGGGMOH_02266	CDS	1992	nagB_2	3.5.99.6		Glucosamine-6-phosphate deaminase
LAGGGMOH_02267	gene	723	iphP			
LAGGGMOH_02267	CDS	723	iphP	3.1.3.48		Tyrosine-protein phosphatase
LAGGGMOH_02268	gene	2910				
LAGGGMOH_02268	CDS	2910				hypothetical protein
LAGGGMOH_02269	gene	402				
LAGGGMOH_02269	CDS	402				hypothetical protein
LAGGGMOH_02270	gene	126				
LAGGGMOH_02270	CDS	126				hypothetical protein
LAGGGMOH_02271	gene	321				
LAGGGMOH_02271	CDS	321				hypothetical protein
LAGGGMOH_02272	gene	216				
LAGGGMOH_02272	CDS	216				hypothetical protein
LAGGGMOH_02273	gene	345				
LAGGGMOH_02273	CDS	345				hypothetical protein
LAGGGMOH_02274	gene	477				
LAGGGMOH_02274	CDS	477				hypothetical protein
LAGGGMOH_02275	gene	1854				
LAGGGMOH_02275	CDS	1854				hypothetical protein
LAGGGMOH_02276	gene	3378	mfd			
LAGGGMOH_02276	CDS	3378	mfd	3.6.4.-		Transcription-repair-coupling factor
LAGGGMOH_02277	gene	747	ppm1			
LAGGGMOH_02277	CDS	747	ppm1	2.4.1.-	COG0463	Polyprenol monophosphomannose synthase
LAGGGMOH_02278	gene	1380	pyrC			
LAGGGMOH_02278	CDS	1380	pyrC	3.5.2.3	COG0044	Dihydroorotase
LAGGGMOH_02279	gene	957	metH_1			
LAGGGMOH_02279	CDS	957	metH_1	2.1.1.13	COG0646	Methionine synthase
LAGGGMOH_02280	gene	921				
LAGGGMOH_02280	CDS	921				hypothetical protein
LAGGGMOH_02281	gene	891				
LAGGGMOH_02281	CDS	891				hypothetical protein
LAGGGMOH_02282	gene	867				
LAGGGMOH_02282	CDS	867				hypothetical protein
LAGGGMOH_02283	gene	1137				
LAGGGMOH_02283	CDS	1137				hypothetical protein
LAGGGMOH_02284	gene	408				
LAGGGMOH_02284	CDS	408				hypothetical protein
LAGGGMOH_02285	gene	516	sigG			
LAGGGMOH_02285	CDS	516	sigG		COG1595	ECF RNA polymerase sigma factor SigG
LAGGGMOH_02286	gene	585				
LAGGGMOH_02286	CDS	585				hypothetical protein
LAGGGMOH_02287	gene	1167				
LAGGGMOH_02287	CDS	1167				hypothetical protein
LAGGGMOH_02288	gene	1725				
LAGGGMOH_02288	CDS	1725			COG1132	putative ABC transporter ATP-binding protein
LAGGGMOH_02289	gene	1767				
LAGGGMOH_02289	CDS	1767			COG1132	putative ABC transporter ATP-binding protein
LAGGGMOH_02290	gene	2964				
LAGGGMOH_02290	CDS	2964				hypothetical protein
LAGGGMOH_02291	gene	1233	sbcD_1			
LAGGGMOH_02291	CDS	1233	sbcD_1		COG0420	Nuclease SbcCD subunit D
LAGGGMOH_02292	gene	759	plsC			
LAGGGMOH_02292	CDS	759	plsC	2.3.1.51	COG0204	1-acyl-sn-glycerol-3-phosphate acyltransferase
LAGGGMOH_02293	gene	3204	mdtC_1			
LAGGGMOH_02293	CDS	3204	mdtC_1			Multidrug resistance protein MdtC
LAGGGMOH_02294	gene	1494				
LAGGGMOH_02294	CDS	1494				hypothetical protein
LAGGGMOH_02295	gene	3078	mdtB_1			
LAGGGMOH_02295	CDS	3078	mdtB_1			Multidrug resistance protein MdtB
LAGGGMOH_02296	gene	1071	mdtA_4			
LAGGGMOH_02296	CDS	1071	mdtA_4			Multidrug resistance protein MdtA
LAGGGMOH_02297	gene	1692				
LAGGGMOH_02297	CDS	1692				hypothetical protein
LAGGGMOH_02298	gene	891				
LAGGGMOH_02298	CDS	891				hypothetical protein
LAGGGMOH_02299	gene	1029				
LAGGGMOH_02299	CDS	1029				hypothetical protein
LAGGGMOH_02300	gene	1161				
LAGGGMOH_02300	CDS	1161				hypothetical protein
LAGGGMOH_02301	gene	555				
LAGGGMOH_02301	CDS	555				hypothetical protein
LAGGGMOH_02302	gene	1023				
LAGGGMOH_02302	CDS	1023				hypothetical protein
LAGGGMOH_02303	gene	1974				
LAGGGMOH_02303	CDS	1974				hypothetical protein
LAGGGMOH_02304	gene	876				
LAGGGMOH_02304	CDS	876				hypothetical protein
LAGGGMOH_02305	gene	381				
LAGGGMOH_02305	CDS	381				hypothetical protein
LAGGGMOH_02306	gene	1128				
LAGGGMOH_02306	CDS	1128				hypothetical protein
LAGGGMOH_02307	gene	270				
LAGGGMOH_02307	CDS	270				hypothetical protein
LAGGGMOH_02308	gene	156				
LAGGGMOH_02308	CDS	156				hypothetical protein
LAGGGMOH_02309	gene	1062				
LAGGGMOH_02309	CDS	1062				hypothetical protein
LAGGGMOH_02310	gene	210				
LAGGGMOH_02310	CDS	210				hypothetical protein
LAGGGMOH_02311	gene	1098				
LAGGGMOH_02311	CDS	1098				hypothetical protein
LAGGGMOH_02312	gene	795				
LAGGGMOH_02312	CDS	795				hypothetical protein
LAGGGMOH_02313	gene	393				
LAGGGMOH_02313	CDS	393				hypothetical protein
LAGGGMOH_02314	gene	201				
LAGGGMOH_02314	CDS	201				hypothetical protein
LAGGGMOH_02315	gene	1764				
LAGGGMOH_02315	CDS	1764				hypothetical protein
LAGGGMOH_02316	gene	729				
LAGGGMOH_02316	CDS	729				hypothetical protein
LAGGGMOH_02317	gene	1239	chuR			
LAGGGMOH_02317	CDS	1239	chuR	1.1.98.7	COG0641	Serine-type anaerobic sulfatase-maturating enzyme
LAGGGMOH_02318	gene	2166	dpp7_1			
LAGGGMOH_02318	CDS	2166	dpp7_1	3.4.14.-	COG3591	Dipeptidyl-peptidase 7
LAGGGMOH_02319	gene	2166	dpp7_2			
LAGGGMOH_02319	CDS	2166	dpp7_2	3.4.14.-	COG3591	Dipeptidyl-peptidase 7
LAGGGMOH_02320	gene	183				
LAGGGMOH_02320	CDS	183				hypothetical protein
LAGGGMOH_02321	gene	1125				
LAGGGMOH_02321	CDS	1125				hypothetical protein
LAGGGMOH_02322	gene	807				
LAGGGMOH_02322	CDS	807				hypothetical protein
LAGGGMOH_02323	gene	312				
LAGGGMOH_02323	CDS	312				Thioredoxin C-2
LAGGGMOH_02324	gene	468				
LAGGGMOH_02324	CDS	468				hypothetical protein
LAGGGMOH_02325	gene	636				
LAGGGMOH_02325	CDS	636				hypothetical protein
LAGGGMOH_02326	gene	558	rbr3A			
LAGGGMOH_02326	CDS	558	rbr3A	1.11.1.1	COG1592	Reverse rubrerythrin-1
LAGGGMOH_02327	gene	420	perR			
LAGGGMOH_02327	CDS	420	perR		COG0735	Peroxide-responsive repressor PerR
LAGGGMOH_02328	gene	348	yhaI			
LAGGGMOH_02328	CDS	348	yhaI		COG3152	Inner membrane protein YhaI
LAGGGMOH_02329	gene	2112	dcp			
LAGGGMOH_02329	CDS	2112	dcp	3.4.15.5	COG0339	Dipeptidyl carboxypeptidase
LAGGGMOH_02330	gene	1926	nadE			
LAGGGMOH_02330	CDS	1926	nadE	6.3.5.1	COG0171	Glutamine-dependent NAD(+) synthetase
LAGGGMOH_02331	gene	537				
LAGGGMOH_02331	CDS	537				hypothetical protein
LAGGGMOH_02332	gene	3159	susC_11			
LAGGGMOH_02332	CDS	3159	susC_11		COG1629	TonB-dependent receptor SusC
LAGGGMOH_02333	gene	1473				
LAGGGMOH_02333	CDS	1473				hypothetical protein
LAGGGMOH_02334	gene	1005				
LAGGGMOH_02334	CDS	1005				hypothetical protein
LAGGGMOH_02335	gene	1125	hisB			
LAGGGMOH_02335	CDS	1125	hisB		COG0131	Histidine biosynthesis bifunctional protein HisB
LAGGGMOH_02336	gene	1038	hisC			
LAGGGMOH_02336	CDS	1038	hisC	2.6.1.9		Histidinol-phosphate aminotransferase
LAGGGMOH_02337	gene	1287	hisD			
LAGGGMOH_02337	CDS	1287	hisD	1.1.1.23	COG0141	Histidinol dehydrogenase
LAGGGMOH_02338	gene	852	hisG			
LAGGGMOH_02338	CDS	852	hisG	2.4.2.17		ATP phosphoribosyltransferase
LAGGGMOH_02339	gene	492				
LAGGGMOH_02339	CDS	492				hypothetical protein
LAGGGMOH_02340	gene	708	yhhW_2			
LAGGGMOH_02340	CDS	708	yhhW_2	1.13.11.24	COG1741	Quercetin 2,3-dioxygenase
LAGGGMOH_02341	gene	2010	dsbD			
LAGGGMOH_02341	CDS	2010	dsbD	1.8.1.8		Thiol:disulfide interchange protein DsbD
LAGGGMOH_02342	gene	300				
LAGGGMOH_02342	CDS	300				hypothetical protein
LAGGGMOH_02343	gene	609	udk_1			
LAGGGMOH_02343	CDS	609	udk_1	2.7.1.48	COG0572	Uridine kinase
LAGGGMOH_02344	gene	1392	mltF_2			
LAGGGMOH_02344	CDS	1392	mltF_2	4.2.2.-		Membrane-bound lytic murein transglycosylase F
LAGGGMOH_02345	gene	1554	opuE			
LAGGGMOH_02345	CDS	1554	opuE		COG0591	Osmoregulated proline transporter OpuE
LAGGGMOH_02346	gene	126				
LAGGGMOH_02346	CDS	126				hypothetical protein
LAGGGMOH_02347	gene	606	nfrA1			
LAGGGMOH_02347	CDS	606	nfrA1	1.5.1.38	COG0778	FMN reductase (NADPH)
LAGGGMOH_02348	gene	2751	metH_2			
LAGGGMOH_02348	CDS	2751	metH_2	2.1.1.13	COG0646	Methionine synthase
LAGGGMOH_02349	gene	453	smpB			
LAGGGMOH_02349	CDS	453	smpB		COG0691	SsrA-binding protein
LAGGGMOH_02350	gene	573				
LAGGGMOH_02350	CDS	573				hypothetical protein
LAGGGMOH_02351	gene	804				
LAGGGMOH_02351	CDS	804				hypothetical protein
LAGGGMOH_02352	gene	501				
LAGGGMOH_02352	CDS	501				hypothetical protein
LAGGGMOH_02353	gene	405				
LAGGGMOH_02353	CDS	405				hypothetical protein
LAGGGMOH_02354	gene	702				
LAGGGMOH_02354	CDS	702				hypothetical protein
LAGGGMOH_02355	gene	1011				
LAGGGMOH_02355	CDS	1011				hypothetical protein
LAGGGMOH_02356	gene	1002	fabH_2			
LAGGGMOH_02356	CDS	1002	fabH_2	2.3.1.180	COG0332	Beta-ketoacyl-[acyl-carrier-protein] synthase III
LAGGGMOH_02357	gene	1446				
LAGGGMOH_02357	CDS	1446		3.2.1.1		Alpha-amylase
LAGGGMOH_02358	gene	945				
LAGGGMOH_02358	CDS	945				hypothetical protein
LAGGGMOH_02359	gene	321				
LAGGGMOH_02359	CDS	321				hypothetical protein
LAGGGMOH_02360	gene	951	wecA_4			
LAGGGMOH_02360	CDS	951	wecA_4	2.7.8.33		Undecaprenyl-phosphate alpha-N-acetylglucosaminyl 1-phosphate transferase
LAGGGMOH_02361	gene	963	hldD_2			
LAGGGMOH_02361	CDS	963	hldD_2	5.1.3.20		ADP-L-glycero-D-manno-heptose-6-epimerase
LAGGGMOH_02362	gene	765				
LAGGGMOH_02362	CDS	765				hypothetical protein
LAGGGMOH_02363	gene	1206	mshA_7			
LAGGGMOH_02363	CDS	1206	mshA_7	2.4.1.250		D-inositol-3-phosphate glycosyltransferase
LAGGGMOH_02364	gene	996				
LAGGGMOH_02364	CDS	996				hypothetical protein
LAGGGMOH_02365	gene	1545				
LAGGGMOH_02365	CDS	1545				hypothetical protein
LAGGGMOH_02366	gene	753				
LAGGGMOH_02366	CDS	753				hypothetical protein
LAGGGMOH_02367	gene	1029	gtfA_1			
LAGGGMOH_02367	CDS	1029	gtfA_1	2.4.1.-		UDP-N-acetylglucosamine--peptide N-acetylglucosaminyltransferase GtfA subunit
LAGGGMOH_02368	gene	1104				
LAGGGMOH_02368	CDS	1104				hypothetical protein
LAGGGMOH_02369	gene	1311				
LAGGGMOH_02369	CDS	1311				hypothetical protein
LAGGGMOH_02370	gene	996				
LAGGGMOH_02370	CDS	996				hypothetical protein
LAGGGMOH_02371	gene	429	tagD			
LAGGGMOH_02371	CDS	429	tagD	2.7.7.39	COG0615	Glycerol-3-phosphate cytidylyltransferase
LAGGGMOH_02372	gene	1194	tagF			
LAGGGMOH_02372	CDS	1194	tagF	2.7.8.12	COG0463	Teichoic acid poly(glycerol phosphate) polymerase
LAGGGMOH_02373	gene	933	glyG			
LAGGGMOH_02373	CDS	933	glyG		COG1215	Glycosyltransferase GlyG
LAGGGMOH_02374	gene	639				
LAGGGMOH_02374	CDS	639		3.5.1.104		Peptidoglycan-N-acetylglucosamine deacetylase
LAGGGMOH_02375	gene	1140				
LAGGGMOH_02375	CDS	1140				hypothetical protein
LAGGGMOH_02376	gene	483				
LAGGGMOH_02376	CDS	483				hypothetical protein
LAGGGMOH_02377	gene	540	rfaH_5			
LAGGGMOH_02377	CDS	540	rfaH_5			Transcription antitermination protein RfaH
LAGGGMOH_02378	gene	348				
LAGGGMOH_02378	CDS	348				hypothetical protein
LAGGGMOH_02379	gene	873				
LAGGGMOH_02379	CDS	873				hypothetical protein
LAGGGMOH_02380	gene	837	rsxB_3			
LAGGGMOH_02380	CDS	837	rsxB_3	7.-.-.-		Ion-translocating oxidoreductase complex subunit B
LAGGGMOH_02381	gene	2070	rho			
LAGGGMOH_02381	CDS	2070	rho	3.6.4.-		Transcription termination factor Rho
LAGGGMOH_02382	gene	1764	rcsC_15			
LAGGGMOH_02382	CDS	1764	rcsC_15	2.7.13.3		Sensor histidine kinase RcsC
LAGGGMOH_02383	gene	1953	rcsC_16			
LAGGGMOH_02383	CDS	1953	rcsC_16	2.7.13.3		Sensor histidine kinase RcsC
LAGGGMOH_02384	gene	1323	mdtK_2			
LAGGGMOH_02384	CDS	1323	mdtK_2			Multidrug resistance protein MdtK
LAGGGMOH_02385	gene	1320	ffh			
LAGGGMOH_02385	CDS	1320	ffh	3.6.5.4	COG0541	Signal recognition particle protein
LAGGGMOH_02386	gene	1086	resA_6			
LAGGGMOH_02386	CDS	1086	resA_6			Thiol-disulfide oxidoreductase ResA
LAGGGMOH_02387	gene	882	folD			
LAGGGMOH_02387	CDS	882	folD		COG0190	Bifunctional protein FolD protein
LAGGGMOH_02388	gene	1632	resA_7			
LAGGGMOH_02388	CDS	1632	resA_7			Thiol-disulfide oxidoreductase ResA
LAGGGMOH_02389	gene	1119				
LAGGGMOH_02389	CDS	1119				hypothetical protein
LAGGGMOH_02390	gene	75				
LAGGGMOH_02390	tRNA	75				tRNA-His(gtg)
LAGGGMOH_02391	gene	1029				
LAGGGMOH_02391	CDS	1029				hypothetical protein
LAGGGMOH_02392	gene	672				
LAGGGMOH_02392	CDS	672				hypothetical protein
LAGGGMOH_02393	gene	888	rbbA_2			
LAGGGMOH_02393	CDS	888	rbbA_2		COG0842	Ribosome-associated ATPase
LAGGGMOH_02394	gene	576				
LAGGGMOH_02394	CDS	576				hypothetical protein
LAGGGMOH_02395	gene	585				
LAGGGMOH_02395	CDS	585				hypothetical protein
LAGGGMOH_02396	gene	1551				
LAGGGMOH_02396	CDS	1551				hypothetical protein
LAGGGMOH_02397	gene	1215				
LAGGGMOH_02397	CDS	1215				hypothetical protein
LAGGGMOH_02398	gene	2739				
LAGGGMOH_02398	CDS	2739				hypothetical protein
LAGGGMOH_02399	gene	180				
LAGGGMOH_02399	CDS	180				hypothetical protein
LAGGGMOH_02400	gene	987				
LAGGGMOH_02400	CDS	987				hypothetical protein
LAGGGMOH_02401	gene	1845	ruvB_1			
LAGGGMOH_02401	CDS	1845	ruvB_1	3.6.4.-		Holliday junction branch migration complex subunit RuvB
LAGGGMOH_02402	gene	303				
LAGGGMOH_02402	CDS	303				hypothetical protein
LAGGGMOH_02403	gene	345				
LAGGGMOH_02403	CDS	345				hypothetical protein
LAGGGMOH_02404	gene	408				
LAGGGMOH_02404	CDS	408				hypothetical protein
LAGGGMOH_02405	gene	1872				
LAGGGMOH_02405	CDS	1872				hypothetical protein
LAGGGMOH_02406	gene	900				
LAGGGMOH_02406	CDS	900				hypothetical protein
LAGGGMOH_02407	gene	606				
LAGGGMOH_02407	CDS	606				hypothetical protein
LAGGGMOH_02408	gene	234				
LAGGGMOH_02408	CDS	234				hypothetical protein
LAGGGMOH_02409	gene	1467	pepD_2			
LAGGGMOH_02409	CDS	1467	pepD_2	3.4.13.18	COG2195	Cytosol non-specific dipeptidase
LAGGGMOH_02410	gene	1071				
LAGGGMOH_02410	CDS	1071				hypothetical protein
LAGGGMOH_02411	gene	1170	ybdG_2			
LAGGGMOH_02411	CDS	1170	ybdG_2		COG0668	Mechanosensing system component YbdG
LAGGGMOH_02412	gene	657	tal			
LAGGGMOH_02412	CDS	657	tal	2.2.1.2	COG0176	Transaldolase
LAGGGMOH_02413	gene	1818				
LAGGGMOH_02413	CDS	1818				hypothetical protein
LAGGGMOH_02414	gene	3063	lacZ_7			
LAGGGMOH_02414	CDS	3063	lacZ_7	3.2.1.23	COG3250	Beta-galactosidase
LAGGGMOH_02415	gene	2319				
LAGGGMOH_02415	CDS	2319				hypothetical protein
LAGGGMOH_02416	gene	1584				
LAGGGMOH_02416	CDS	1584		3.1.6.-	COG3119	N-acetylglucosamine-6-O-sulfatase
LAGGGMOH_02417	gene	1467				
LAGGGMOH_02417	CDS	1467		3.1.6.-	COG3119	N-acetylgalactosamine-6-O-sulfatase
LAGGGMOH_02418	gene	1650				
LAGGGMOH_02418	CDS	1650		3.2.1.52	COG3525	Beta-hexosaminidase
LAGGGMOH_02419	gene	2919	rhaR_6			
LAGGGMOH_02419	CDS	2919	rhaR_6			HTH-type transcriptional activator RhaR
LAGGGMOH_02420	gene	1053	fbaB_2			
LAGGGMOH_02420	CDS	1053	fbaB_2	4.1.2.13	COG1830	Fructose-bisphosphate aldolase class 1
LAGGGMOH_02421	gene	747	gpmA_2			
LAGGGMOH_02421	CDS	747	gpmA_2	5.4.2.11	COG0588	2,3-bisphosphoglycerate-dependent phosphoglycerate mutase
LAGGGMOH_02422	gene	1455	modF			
LAGGGMOH_02422	CDS	1455	modF		COG1119	ABC transporter ATP-binding protein ModF
LAGGGMOH_02423	gene	1515				
LAGGGMOH_02423	CDS	1515		3.1.6.-	COG3119	N-acetylgalactosamine-6-O-sulfatase
LAGGGMOH_02424	gene	1557				
LAGGGMOH_02424	CDS	1557		3.2.1.52	COG3525	Beta-hexosaminidase
LAGGGMOH_02425	gene	1866				
LAGGGMOH_02425	CDS	1866				hypothetical protein
LAGGGMOH_02426	gene	3438				
LAGGGMOH_02426	CDS	3438			COG4771	TonB-dependent receptor P3
LAGGGMOH_02427	gene	999				
LAGGGMOH_02427	CDS	999				hypothetical protein
LAGGGMOH_02428	gene	558				
LAGGGMOH_02428	CDS	558				hypothetical protein
LAGGGMOH_02429	gene	1995	pulA			
LAGGGMOH_02429	CDS	1995	pulA	3.2.1.41	COG1523	Pullulanase
LAGGGMOH_02430	gene	567	ruvC			
LAGGGMOH_02430	CDS	567	ruvC	3.1.21.10		Crossover junction endodeoxyribonuclease RuvC
LAGGGMOH_02431	gene	303				
LAGGGMOH_02431	CDS	303				hypothetical protein
LAGGGMOH_02432	gene	75				
LAGGGMOH_02432	tRNA	75				tRNA-Ala(ggc)
LAGGGMOH_02433	gene	1179				
LAGGGMOH_02433	CDS	1179				hypothetical protein
LAGGGMOH_02434	gene	1020	pheS			
LAGGGMOH_02434	CDS	1020	pheS	6.1.1.20	COG0016	Phenylalanine--tRNA ligase alpha subunit
LAGGGMOH_02435	gene	1194	yhhS			
LAGGGMOH_02435	CDS	1194	yhhS			putative MFS-type transporter YhhS
LAGGGMOH_02436	gene	678	nth			
LAGGGMOH_02436	CDS	678	nth	4.2.99.18	COG0177	Endonuclease III
LAGGGMOH_02437	gene	1260	pgk			
LAGGGMOH_02437	CDS	1260	pgk	2.7.2.3	COG0126	Phosphoglycerate kinase
LAGGGMOH_02438	gene	1020				
LAGGGMOH_02438	CDS	1020				hypothetical protein
LAGGGMOH_02439	gene	1035				
LAGGGMOH_02439	CDS	1035				hypothetical protein
LAGGGMOH_02440	gene	1191				
LAGGGMOH_02440	CDS	1191				hypothetical protein
LAGGGMOH_02441	gene	2199				
LAGGGMOH_02441	CDS	2199				hypothetical protein
LAGGGMOH_02442	gene	510				
LAGGGMOH_02442	CDS	510				hypothetical protein
LAGGGMOH_02443	gene	837				
LAGGGMOH_02443	CDS	837		3.2.1.103		Keratan-sulfate endo-1,4-beta-galactosidase
LAGGGMOH_02444	gene	918				
LAGGGMOH_02444	CDS	918				hypothetical protein
LAGGGMOH_02445	gene	1524	zmaJ_2			
LAGGGMOH_02445	CDS	1524	zmaJ_2	6.2.1.72		Zwittermicin A synthase ZmaJ
LAGGGMOH_02446	gene	243				
LAGGGMOH_02446	CDS	243				hypothetical protein
LAGGGMOH_02447	gene	1383				
LAGGGMOH_02447	CDS	1383				hypothetical protein
LAGGGMOH_02448	gene	1071				
LAGGGMOH_02448	CDS	1071				hypothetical protein
LAGGGMOH_02449	gene	393				
LAGGGMOH_02449	CDS	393				hypothetical protein
LAGGGMOH_02450	gene	582	maf			
LAGGGMOH_02450	CDS	582	maf	3.6.1.9	COG0424	dTTP/UTP pyrophosphatase
LAGGGMOH_02451	gene	522	kdsC			
LAGGGMOH_02451	CDS	522	kdsC	3.1.3.45	COG1778	3-deoxy-D-manno-octulosonate 8-phosphate phosphatase KdsC
LAGGGMOH_02452	gene	792				
LAGGGMOH_02452	CDS	792				hypothetical protein
LAGGGMOH_02453	gene	333				
LAGGGMOH_02453	CDS	333				hypothetical protein
LAGGGMOH_02454	gene	537				
LAGGGMOH_02454	CDS	537				hypothetical protein
LAGGGMOH_02455	gene	543	csh			
LAGGGMOH_02455	CDS	543	csh	3.13.1.5		Carbon disulfide hydrolase
LAGGGMOH_02456	gene	984				
LAGGGMOH_02456	CDS	984				hypothetical protein
LAGGGMOH_02457	gene	405	epi			
LAGGGMOH_02457	CDS	405	epi	5.1.99.-	COG0346	Ethylmalonyl-CoA/methylmalonyl-CoA epimerase
LAGGGMOH_02458	gene	1554	pccB_2			
LAGGGMOH_02458	CDS	1554	pccB_2	6.4.1.3	COG4799	Propionyl-CoA carboxylase beta chain
LAGGGMOH_02459	gene	915				
LAGGGMOH_02459	CDS	915				hypothetical protein
LAGGGMOH_02460	gene	432				
LAGGGMOH_02460	CDS	432				hypothetical protein
LAGGGMOH_02461	gene	1161	mmdB_2			
LAGGGMOH_02461	CDS	1161	mmdB_2	7.2.4.3		Methylmalonyl-CoA decarboxylase subunit beta
LAGGGMOH_02462	gene	1335				
LAGGGMOH_02462	CDS	1335				hypothetical protein
LAGGGMOH_02463	gene	1299				
LAGGGMOH_02463	CDS	1299				hypothetical protein
LAGGGMOH_02464	gene	1851	susA			
LAGGGMOH_02464	CDS	1851	susA	3.2.1.135	COG0366	Neopullulanase SusA
LAGGGMOH_02465	gene	441				
LAGGGMOH_02465	CDS	441				hypothetical protein
LAGGGMOH_02466	gene	1068	emrA_3			
LAGGGMOH_02466	CDS	1068	emrA_3			Colistin resistance protein EmrA
LAGGGMOH_02467	gene	1596				
LAGGGMOH_02467	CDS	1596				hypothetical protein
LAGGGMOH_02468	gene	1005	fda			
LAGGGMOH_02468	CDS	1005	fda	4.1.2.13	COG0191	Fructose-bisphosphate aldolase
LAGGGMOH_02469	gene	1020				
LAGGGMOH_02469	CDS	1020				hypothetical protein
LAGGGMOH_02470	gene	252	rpmE2			
LAGGGMOH_02470	CDS	252	rpmE2		COG0254	Large ribosomal subunit protein bL31B
LAGGGMOH_02471	gene	2361	rcsC_17			
LAGGGMOH_02471	CDS	2361	rcsC_17	2.7.13.3		Sensor histidine kinase RcsC
LAGGGMOH_02472	gene	1527	bepA_1			
LAGGGMOH_02472	CDS	1527	bepA_1	3.4.-.-		Beta-barrel assembly-enhancing protease
LAGGGMOH_02473	gene	2859	glgB_2			
LAGGGMOH_02473	CDS	2859	glgB_2	2.4.1.18		1,4-alpha-glucan branching enzyme GlgB
LAGGGMOH_02474	gene	1599				
LAGGGMOH_02474	CDS	1599				hypothetical protein
LAGGGMOH_02475	gene	1620	susD			
LAGGGMOH_02475	CDS	1620	susD		COG3637	Starch-binding protein SusD
LAGGGMOH_02476	gene	3009	susC_12			
LAGGGMOH_02476	CDS	3009	susC_12		COG1629	TonB-dependent receptor SusC
LAGGGMOH_02477	gene	1011	cytR			
LAGGGMOH_02477	CDS	1011	cytR		COG1609	HTH-type transcriptional repressor CytR
LAGGGMOH_02478	gene	1317				
LAGGGMOH_02478	CDS	1317				hypothetical protein
LAGGGMOH_02479	gene	2334				
LAGGGMOH_02479	CDS	2334				hypothetical protein
LAGGGMOH_02480	gene	2361				
LAGGGMOH_02480	CDS	2361				hypothetical protein
LAGGGMOH_02481	gene	2607				
LAGGGMOH_02481	CDS	2607				hypothetical protein
LAGGGMOH_02482	gene	2421				
LAGGGMOH_02482	CDS	2421				hypothetical protein
LAGGGMOH_02483	gene	1017				
LAGGGMOH_02483	CDS	1017				hypothetical protein
LAGGGMOH_02484	gene	1272				
LAGGGMOH_02484	CDS	1272				hypothetical protein
LAGGGMOH_02485	gene	561				
LAGGGMOH_02485	CDS	561				hypothetical protein
LAGGGMOH_02486	gene	978				
LAGGGMOH_02486	CDS	978				hypothetical protein
LAGGGMOH_02487	gene	900				
LAGGGMOH_02487	CDS	900				hypothetical protein
LAGGGMOH_02488	gene	2118				
LAGGGMOH_02488	CDS	2118				hypothetical protein
LAGGGMOH_02489	gene	246				
LAGGGMOH_02489	CDS	246				hypothetical protein
LAGGGMOH_02490	gene	468				
LAGGGMOH_02490	CDS	468				hypothetical protein
LAGGGMOH_02491	gene	96				
LAGGGMOH_02491	CDS	96				hypothetical protein
LAGGGMOH_02492	gene	2322	malP			
LAGGGMOH_02492	CDS	2322	malP	2.4.1.8		Maltose phosphorylase
LAGGGMOH_02493	gene	1053	ttgD			
LAGGGMOH_02493	CDS	1053	ttgD			Toluene efflux pump periplasmic linker protein TtgD
LAGGGMOH_02494	gene	3036	acrD			
LAGGGMOH_02494	CDS	3036	acrD		COG0841	putative aminoglycoside efflux pump
LAGGGMOH_02495	gene	1275				
LAGGGMOH_02495	CDS	1275				hypothetical protein
LAGGGMOH_02496	gene	1290				
LAGGGMOH_02496	CDS	1290				hypothetical protein
LAGGGMOH_02497	gene	1308				
LAGGGMOH_02497	CDS	1308				hypothetical protein
LAGGGMOH_02498	gene	3705	purL			
LAGGGMOH_02498	CDS	3705	purL	6.3.5.3	COG0046	Phosphoribosylformylglycinamidine synthase
LAGGGMOH_02499	gene	3996	rcsC_18			
LAGGGMOH_02499	CDS	3996	rcsC_18	2.7.13.3		Sensor histidine kinase RcsC
LAGGGMOH_02500	gene	543	srpC			
LAGGGMOH_02500	CDS	543	srpC		COG2059	putative chromate transport protein
LAGGGMOH_02501	gene	549	chrA			
LAGGGMOH_02501	CDS	549	chrA			Chromate transport protein
LAGGGMOH_02502	gene	1509				
LAGGGMOH_02502	CDS	1509				hypothetical protein
LAGGGMOH_02503	gene	2778	uvrA_2			
LAGGGMOH_02503	CDS	2778	uvrA_2			UvrABC system protein A
LAGGGMOH_02504	gene	483				
LAGGGMOH_02504	CDS	483				hypothetical protein
LAGGGMOH_02505	gene	231				
LAGGGMOH_02505	CDS	231				hypothetical protein
LAGGGMOH_02506	gene	1446				
LAGGGMOH_02506	CDS	1446				hypothetical protein
LAGGGMOH_02507	gene	1518				
LAGGGMOH_02507	CDS	1518				hypothetical protein
LAGGGMOH_02508	gene	2262	rcsC_19			
LAGGGMOH_02508	CDS	2262	rcsC_19	2.7.13.3		Sensor histidine kinase RcsC
LAGGGMOH_02509	gene	1182				
LAGGGMOH_02509	CDS	1182				hypothetical protein
LAGGGMOH_02510	gene	1179				
LAGGGMOH_02510	CDS	1179				hypothetical protein
LAGGGMOH_02511	gene	579				
LAGGGMOH_02511	CDS	579				hypothetical protein
LAGGGMOH_02512	gene	528				
LAGGGMOH_02512	CDS	528				hypothetical protein
LAGGGMOH_02513	gene	573				
LAGGGMOH_02513	CDS	573				hypothetical protein
LAGGGMOH_02514	gene	3555				
LAGGGMOH_02514	CDS	3555		1.2.7.1	COG0674	Pyruvate:ferredoxin oxidoreductase
LAGGGMOH_02515	gene	504				
LAGGGMOH_02515	CDS	504				hypothetical protein
LAGGGMOH_02516	gene	858				
LAGGGMOH_02516	CDS	858				hypothetical protein
LAGGGMOH_02517	gene	825	opuAB			
LAGGGMOH_02517	CDS	825	opuAB		COG4176	Glycine betaine transport system permease protein OpuAB
LAGGGMOH_02518	gene	1227	gbuA			
LAGGGMOH_02518	CDS	1227	gbuA	7.6.2.9		Glycine betaine/carnitine transport ATP-binding protein GbuA
LAGGGMOH_02519	gene	336	atl			
LAGGGMOH_02519	CDS	336	atl		COG3695	DNA base-flipping protein
LAGGGMOH_02520	gene	2724	rcsC_20			
LAGGGMOH_02520	CDS	2724	rcsC_20	2.7.13.3		Sensor histidine kinase RcsC
LAGGGMOH_02521	gene	870	pfkB			
LAGGGMOH_02521	CDS	870	pfkB	2.7.1.11	COG0524	ATP-dependent 6-phosphofructokinase
LAGGGMOH_02522	gene	1167				
LAGGGMOH_02522	CDS	1167				hypothetical protein
LAGGGMOH_02523	gene	1869	sacC_1			
LAGGGMOH_02523	CDS	1869	sacC_1	3.2.1.80	COG1621	Levanase
LAGGGMOH_02524	gene	2289				
LAGGGMOH_02524	CDS	2289				hypothetical protein
LAGGGMOH_02525	gene	312				
LAGGGMOH_02525	CDS	312				hypothetical protein
LAGGGMOH_02526	gene	774				
LAGGGMOH_02526	CDS	774				hypothetical protein
LAGGGMOH_02527	gene	1617				
LAGGGMOH_02527	CDS	1617				hypothetical protein
LAGGGMOH_02528	gene	762	sbcD_2			
LAGGGMOH_02528	CDS	762	sbcD_2		COG0420	Nuclease SbcCD subunit D
LAGGGMOH_02529	gene	330				
LAGGGMOH_02529	CDS	330				hypothetical protein
LAGGGMOH_02530	gene	414	yhcG_1			
LAGGGMOH_02530	CDS	414	yhcG_1	3.1.-.-	COG4804	Putative nuclease YhcG
LAGGGMOH_02531	gene	1722	queE_1			
LAGGGMOH_02531	CDS	1722	queE_1	4.3.99.3		7-carboxy-7-deazaguanine synthase
LAGGGMOH_02532	gene	324				
LAGGGMOH_02532	CDS	324				hypothetical protein
LAGGGMOH_02533	gene	249				
LAGGGMOH_02533	CDS	249				hypothetical protein
LAGGGMOH_02534	gene	138				
LAGGGMOH_02534	CDS	138				hypothetical protein
LAGGGMOH_02535	gene	1143	yhcG_2			
LAGGGMOH_02535	CDS	1143	yhcG_2	3.1.-.-	COG4804	Putative nuclease YhcG
LAGGGMOH_02536	gene	2313				
LAGGGMOH_02536	CDS	2313				hypothetical protein
LAGGGMOH_02537	gene	729				
LAGGGMOH_02537	CDS	729				hypothetical protein
LAGGGMOH_02538	gene	690				
LAGGGMOH_02538	CDS	690				hypothetical protein
LAGGGMOH_02539	gene	120				
LAGGGMOH_02539	CDS	120				hypothetical protein
LAGGGMOH_02540	gene	840				
LAGGGMOH_02540	CDS	840				hypothetical protein
LAGGGMOH_02541	gene	2190	kefB_3			
LAGGGMOH_02541	CDS	2190	kefB_3			Glutathione-regulated potassium-efflux system protein KefB
LAGGGMOH_02542	gene	300				
LAGGGMOH_02542	CDS	300				hypothetical protein
LAGGGMOH_02543	gene	1053	nanM_2			
LAGGGMOH_02543	CDS	1053	nanM_2	5.1.3.24		N-acetylneuraminate epimerase
LAGGGMOH_02544	gene	1326				
LAGGGMOH_02544	CDS	1326				hypothetical protein
LAGGGMOH_02545	gene	1206				
LAGGGMOH_02545	CDS	1206				hypothetical protein
LAGGGMOH_02546	gene	459	nlpE			
LAGGGMOH_02546	CDS	459	nlpE		COG3015	Lipoprotein NlpE
LAGGGMOH_02547	gene	1185	pepE_2			
LAGGGMOH_02547	CDS	1185	pepE_2	3.4.22.-	COG3579	Aminopeptidase E
LAGGGMOH_02548	gene	738	btsR_2			
LAGGGMOH_02548	CDS	738	btsR_2		COG3279	Transcriptional regulatory protein BtsR
LAGGGMOH_02549	gene	1260				
LAGGGMOH_02549	CDS	1260				hypothetical protein
LAGGGMOH_02550	gene	681				
LAGGGMOH_02550	CDS	681				hypothetical protein
LAGGGMOH_02551	gene	3225				
LAGGGMOH_02551	CDS	3225				hypothetical protein
LAGGGMOH_02552	gene	1437				
LAGGGMOH_02552	CDS	1437				hypothetical protein
LAGGGMOH_02553	gene	2811				
LAGGGMOH_02553	CDS	2811				hypothetical protein
LAGGGMOH_02554	gene	1923				
LAGGGMOH_02554	CDS	1923		3.2.1.22	COG4948	Retaining alpha-galactosidase
LAGGGMOH_02555	gene	3156				
LAGGGMOH_02555	CDS	3156			COG4771	TonB-dependent receptor P3
LAGGGMOH_02556	gene	1689				
LAGGGMOH_02556	CDS	1689				hypothetical protein
LAGGGMOH_02557	gene	1881				
LAGGGMOH_02557	CDS	1881				hypothetical protein
LAGGGMOH_02558	gene	1212				
LAGGGMOH_02558	CDS	1212				hypothetical protein
LAGGGMOH_02559	gene	873	carD			
LAGGGMOH_02559	CDS	873	carD	1.3.1.108	COG2086	Caffeyl-CoA reductase-Etf complex subunit CarD
LAGGGMOH_02560	gene	1020	carE			
LAGGGMOH_02560	CDS	1020	carE	1.3.1.108	COG2025	Caffeyl-CoA reductase-Etf complex subunit CarE
LAGGGMOH_02561	gene	1704	caiA			
LAGGGMOH_02561	CDS	1704	caiA	1.3.8.13		Crotonobetainyl-CoA reductase
LAGGGMOH_02562	gene	4026	lacZ_8			
LAGGGMOH_02562	CDS	4026	lacZ_8	3.2.1.23	COG3250	Beta-galactosidase
LAGGGMOH_02563	gene	312				
LAGGGMOH_02563	CDS	312				hypothetical protein
LAGGGMOH_02564	gene	942	dnaJ2			
LAGGGMOH_02564	CDS	942	dnaJ2		COG0484	Chaperone protein DnaJ 2
LAGGGMOH_02565	gene	1614	rcsC_21			
LAGGGMOH_02565	CDS	1614	rcsC_21	2.7.13.3		Sensor histidine kinase RcsC
LAGGGMOH_02566	gene	1701				
LAGGGMOH_02566	CDS	1701				hypothetical protein
LAGGGMOH_02567	gene	1221				
LAGGGMOH_02567	CDS	1221				hypothetical protein
LAGGGMOH_02568	gene	135				
LAGGGMOH_02568	CDS	135				hypothetical protein
LAGGGMOH_02569	gene	2511				
LAGGGMOH_02569	CDS	2511				hypothetical protein
LAGGGMOH_02570	gene	408				
LAGGGMOH_02570	CDS	408				hypothetical protein
LAGGGMOH_02571	gene	2217				
LAGGGMOH_02571	CDS	2217				hypothetical protein
LAGGGMOH_02572	gene	1014	ltaE			
LAGGGMOH_02572	CDS	1014	ltaE	4.1.2.48		Low specificity L-threonine aldolase
LAGGGMOH_02573	gene	369				
LAGGGMOH_02573	CDS	369				hypothetical protein
LAGGGMOH_02574	gene	552	sigW_4			
LAGGGMOH_02574	CDS	552	sigW_4		COG1595	ECF RNA polymerase sigma factor SigW
LAGGGMOH_02575	gene	426				
LAGGGMOH_02575	CDS	426				hypothetical protein
LAGGGMOH_02576	gene	219				
LAGGGMOH_02576	CDS	219				hypothetical protein
LAGGGMOH_02577	gene	1749	poxB			
LAGGGMOH_02577	CDS	1749	poxB	1.2.5.1	COG0028	Pyruvate dehydrogenase [ubiquinone]
LAGGGMOH_02578	gene	579	sgcG			
LAGGGMOH_02578	CDS	579	sgcG	1.3.8.16		2-amino-4-deoxychorismate dehydrogenase
LAGGGMOH_02579	gene	1284				
LAGGGMOH_02579	CDS	1284				hypothetical protein
LAGGGMOH_02580	gene	1158				
LAGGGMOH_02580	CDS	1158				hypothetical protein
LAGGGMOH_02581	gene	1638	groEL			
LAGGGMOH_02581	CDS	1638	groEL	5.6.1.7		Chaperonin GroEL
LAGGGMOH_02582	gene	273	groES			
LAGGGMOH_02582	CDS	273	groES		COG0234	Co-chaperonin GroES
LAGGGMOH_02583	gene	102				
LAGGGMOH_02583	CDS	102				hypothetical protein
LAGGGMOH_02584	gene	1200				
LAGGGMOH_02584	CDS	1200				hypothetical protein
LAGGGMOH_02585	gene	1134				
LAGGGMOH_02585	CDS	1134				hypothetical protein
LAGGGMOH_02586	gene	1176				
LAGGGMOH_02586	CDS	1176				hypothetical protein
LAGGGMOH_02587	gene	1083				
LAGGGMOH_02587	CDS	1083				hypothetical protein
LAGGGMOH_02588	gene	819				
LAGGGMOH_02588	CDS	819				hypothetical protein
LAGGGMOH_02589	gene	2037				
LAGGGMOH_02589	CDS	2037				hypothetical protein
LAGGGMOH_02590	gene	543				
LAGGGMOH_02590	CDS	543				hypothetical protein
LAGGGMOH_02591	gene	882				
LAGGGMOH_02591	CDS	882		2.7.4.-	COG2326	ADP-polyphosphate phosphotransferase
LAGGGMOH_02592	gene	162				
LAGGGMOH_02592	CDS	162				hypothetical protein
LAGGGMOH_02593	gene	579				
LAGGGMOH_02593	CDS	579				hypothetical protein
LAGGGMOH_02594	gene	474	sigV_1			
LAGGGMOH_02594	CDS	474	sigV_1		COG1595	RNA polymerase sigma factor SigV
LAGGGMOH_02595	gene	306				
LAGGGMOH_02595	CDS	306				hypothetical protein
LAGGGMOH_02596	gene	162				
LAGGGMOH_02596	CDS	162				hypothetical protein
LAGGGMOH_02597	gene	1020				
LAGGGMOH_02597	CDS	1020				hypothetical protein
LAGGGMOH_02598	gene	1152				
LAGGGMOH_02598	CDS	1152		2.4.1.337	COG0438	Alpha-monoglucosyldiacylglycerol synthase
LAGGGMOH_02599	gene	1578				
LAGGGMOH_02599	CDS	1578				hypothetical protein
LAGGGMOH_02600	gene	2184				
LAGGGMOH_02600	CDS	2184				hypothetical protein
LAGGGMOH_02601	gene	2538	tolB			
LAGGGMOH_02601	CDS	2538	tolB			Tol-Pal system protein TolB
LAGGGMOH_02602	gene	1365	hisS			
LAGGGMOH_02602	CDS	1365	hisS	6.1.1.21	COG0124	Histidine--tRNA ligase
LAGGGMOH_02603	gene	1389				
LAGGGMOH_02603	CDS	1389				hypothetical protein
LAGGGMOH_02604	gene	687				
LAGGGMOH_02604	CDS	687				hypothetical protein
LAGGGMOH_02605	gene	1305				
LAGGGMOH_02605	CDS	1305				hypothetical protein
LAGGGMOH_02606	gene	1272	purA			
LAGGGMOH_02606	CDS	1272	purA	6.3.4.4	COG0104	Adenylosuccinate synthetase
LAGGGMOH_02607	gene	489	fur			
LAGGGMOH_02607	CDS	489	fur		COG0735	Ferric uptake regulation protein
LAGGGMOH_02608	gene	1659	arnT_1			
LAGGGMOH_02608	CDS	1659	arnT_1	2.4.2.43		Undecaprenyl phosphate-alpha-4-amino-4-deoxy-L-arabinose arabinosyl transferase
LAGGGMOH_02609	gene	663				
LAGGGMOH_02609	CDS	663				hypothetical protein
LAGGGMOH_02610	gene	2052				
LAGGGMOH_02610	CDS	2052				hypothetical protein
LAGGGMOH_02611	gene	465				
LAGGGMOH_02611	CDS	465				hypothetical protein
LAGGGMOH_02612	gene	1806	recQ_1			
LAGGGMOH_02612	CDS	1806	recQ_1	5.6.2.4	COG0514	ATP-dependent DNA helicase RecQ
LAGGGMOH_02613	gene	207				
LAGGGMOH_02613	CDS	207				hypothetical protein
LAGGGMOH_02614	gene	987	lapB_4			
LAGGGMOH_02614	CDS	987	lapB_4			Lipopolysaccharide assembly protein B
LAGGGMOH_02615	gene	951	cysK1_1			
LAGGGMOH_02615	CDS	951	cysK1_1	2.5.1.47	COG0031	O-acetylserine sulfhydrylase
LAGGGMOH_02616	gene	1839	mdoB			
LAGGGMOH_02616	CDS	1839	mdoB	2.7.8.20		Phosphoglycerol transferase I
LAGGGMOH_02617	gene	666				
LAGGGMOH_02617	CDS	666				hypothetical protein
LAGGGMOH_02618	gene	1620				
LAGGGMOH_02618	CDS	1620			COG0702	SusD-like protein P38
LAGGGMOH_02619	gene	3180	susC_13			
LAGGGMOH_02619	CDS	3180	susC_13		COG1629	TonB-dependent receptor SusC
LAGGGMOH_02620	gene	285				
LAGGGMOH_02620	CDS	285				hypothetical protein
LAGGGMOH_02621	gene	1011	lpsL			
LAGGGMOH_02621	CDS	1011	lpsL	5.1.3.6	COG0451	UDP-glucuronate 4-epimerase
LAGGGMOH_02622	gene	1554	arnT_2			
LAGGGMOH_02622	CDS	1554	arnT_2	2.4.2.43		Undecaprenyl phosphate-alpha-4-amino-4-deoxy-L-arabinose arabinosyl transferase
LAGGGMOH_02623	gene	648				
LAGGGMOH_02623	CDS	648				hypothetical protein
LAGGGMOH_02624	gene	735	rgtE			
LAGGGMOH_02624	CDS	735	rgtE	2.4.1.-	COG0463	Dodecaprenyl-phosphate galacturonate synthase
LAGGGMOH_02625	gene	1062	leuB			
LAGGGMOH_02625	CDS	1062	leuB	1.1.1.85		3-isopropylmalate dehydrogenase
LAGGGMOH_02626	gene	1530	cimA			
LAGGGMOH_02626	CDS	1530	cimA	2.3.3.21		(R)-citramalate synthase CimA
LAGGGMOH_02627	gene	591	leuD1			
LAGGGMOH_02627	CDS	591	leuD1	4.2.1.33		3-isopropylmalate dehydratase small subunit 1
LAGGGMOH_02628	gene	1395	leuC			
LAGGGMOH_02628	CDS	1395	leuC	4.2.1.33	COG0065	3-isopropylmalate dehydratase large subunit
LAGGGMOH_02629	gene	1497	leuA			
LAGGGMOH_02629	CDS	1497	leuA	2.3.3.13	COG0119	2-isopropylmalate synthase
LAGGGMOH_02630	gene	273				
LAGGGMOH_02630	CDS	273				hypothetical protein
LAGGGMOH_02631	gene	106				
LAGGGMOH_02631	rRNA	106				5S ribosomal RNA
LAGGGMOH_02632	gene	2881				
LAGGGMOH_02632	rRNA	2881				23S ribosomal RNA
LAGGGMOH_02633	gene	77				
LAGGGMOH_02633	tRNA	77				tRNA-Ala(tgc)
LAGGGMOH_02634	gene	77				
LAGGGMOH_02634	tRNA	77				tRNA-Ile(gat)
LAGGGMOH_02635	gene	1525				
LAGGGMOH_02635	rRNA	1525				16S ribosomal RNA
LAGGGMOH_02636	gene	210				
LAGGGMOH_02636	CDS	210				hypothetical protein
LAGGGMOH_02637	gene	513				
LAGGGMOH_02637	CDS	513				hypothetical protein
LAGGGMOH_02638	gene	1779	sppA			
LAGGGMOH_02638	CDS	1779	sppA	3.4.21.-	COG0616	Protease 4
LAGGGMOH_02639	gene	1131	lpxK			
LAGGGMOH_02639	CDS	1131	lpxK	2.7.1.130		Tetraacyldisaccharide 4'-kinase
LAGGGMOH_02640	gene	810	punA			
LAGGGMOH_02640	CDS	810	punA	2.4.2.1	COG0005	Purine nucleoside phosphorylase 1
LAGGGMOH_02641	gene	1035	thiL			
LAGGGMOH_02641	CDS	1035	thiL	2.7.4.16	COG0611	Thiamine-monophosphate kinase
LAGGGMOH_02642	gene	74				
LAGGGMOH_02642	tRNA	74				tRNA-Phe(gaa)
LAGGGMOH_02643	gene	1236	xerC_21			
LAGGGMOH_02643	CDS	1236	xerC_21			Tyrosine recombinase XerC
LAGGGMOH_02644	gene	375				
LAGGGMOH_02644	CDS	375				hypothetical protein
LAGGGMOH_02645	gene	306				
LAGGGMOH_02645	CDS	306				hypothetical protein
LAGGGMOH_02646	gene	312				
LAGGGMOH_02646	CDS	312				hypothetical protein
LAGGGMOH_02647	gene	198				
LAGGGMOH_02647	CDS	198				hypothetical protein
LAGGGMOH_02648	gene	474				
LAGGGMOH_02648	CDS	474				hypothetical protein
LAGGGMOH_02649	gene	423				
LAGGGMOH_02649	CDS	423				hypothetical protein
LAGGGMOH_02650	gene	756	lytR_1			
LAGGGMOH_02650	CDS	756	lytR_1		COG3279	Transcriptional regulatory protein LytR
LAGGGMOH_02651	gene	1086				
LAGGGMOH_02651	CDS	1086				hypothetical protein
LAGGGMOH_02652	gene	540				
LAGGGMOH_02652	CDS	540				hypothetical protein
LAGGGMOH_02653	gene	1122	bepF_3			
LAGGGMOH_02653	CDS	1122	bepF_3			Efflux pump periplasmic linker BepF
LAGGGMOH_02654	gene	3114	bepE_3			
LAGGGMOH_02654	CDS	3114	bepE_3			Efflux pump membrane transporter BepE
LAGGGMOH_02655	gene	1359	cusC_1			
LAGGGMOH_02655	CDS	1359	cusC_1		COG1538	Cation efflux system protein CusC
LAGGGMOH_02656	gene	1032				
LAGGGMOH_02656	CDS	1032				hypothetical protein
LAGGGMOH_02657	gene	1713				
LAGGGMOH_02657	CDS	1713				hypothetical protein
LAGGGMOH_02658	gene	1086				
LAGGGMOH_02658	CDS	1086				ISL3 family transposase ISAcma23
LAGGGMOH_02659	gene	1419	rcsC_22			
LAGGGMOH_02659	CDS	1419	rcsC_22	2.7.13.3		Sensor histidine kinase RcsC
LAGGGMOH_02660	gene	1305	atoC_3			
LAGGGMOH_02660	CDS	1305	atoC_3		COG2204	Regulatory protein AtoC
LAGGGMOH_02661	gene	174				
LAGGGMOH_02661	CDS	174				hypothetical protein
LAGGGMOH_02662	gene	543				
LAGGGMOH_02662	CDS	543				hypothetical protein
LAGGGMOH_02663	gene	981				
LAGGGMOH_02663	CDS	981				hypothetical protein
LAGGGMOH_02664	gene	408				
LAGGGMOH_02664	CDS	408				hypothetical protein
LAGGGMOH_02665	gene	1377				
LAGGGMOH_02665	CDS	1377				hypothetical protein
LAGGGMOH_02666	gene	591				
LAGGGMOH_02666	CDS	591				hypothetical protein
LAGGGMOH_02667	gene	852				
LAGGGMOH_02667	CDS	852				hypothetical protein
LAGGGMOH_02668	gene	999				
LAGGGMOH_02668	CDS	999				hypothetical protein
LAGGGMOH_02669	gene	1218	xerC_22			
LAGGGMOH_02669	CDS	1218	xerC_22			Tyrosine recombinase XerC
LAGGGMOH_02670	gene	972				
LAGGGMOH_02670	CDS	972				hypothetical protein
LAGGGMOH_02671	gene	282				
LAGGGMOH_02671	CDS	282				hypothetical protein
LAGGGMOH_02672	gene	288				
LAGGGMOH_02672	CDS	288				hypothetical protein
LAGGGMOH_02673	gene	309				
LAGGGMOH_02673	CDS	309				hypothetical protein
LAGGGMOH_02674	gene	1233				
LAGGGMOH_02674	CDS	1233				hypothetical protein
LAGGGMOH_02675	gene	981				
LAGGGMOH_02675	CDS	981				hypothetical protein
LAGGGMOH_02676	gene	384				
LAGGGMOH_02676	CDS	384				hypothetical protein
LAGGGMOH_02677	gene	924				
LAGGGMOH_02677	CDS	924				hypothetical protein
LAGGGMOH_02678	gene	726				
LAGGGMOH_02678	CDS	726				hypothetical protein
LAGGGMOH_02679	gene	333				
LAGGGMOH_02679	CDS	333				hypothetical protein
LAGGGMOH_02680	gene	411				
LAGGGMOH_02680	CDS	411				hypothetical protein
LAGGGMOH_02681	gene	240				
LAGGGMOH_02681	CDS	240				hypothetical protein
LAGGGMOH_02682	gene	591	trtA			
LAGGGMOH_02682	CDS	591	trtA	3.5.1.-		Triuret hydrolase TrtA
LAGGGMOH_02683	gene	336	hxlR_2			
LAGGGMOH_02683	CDS	336	hxlR_2		COG1733	HTH-type transcriptional activator HxlR
LAGGGMOH_02684	gene	1404				
LAGGGMOH_02684	CDS	1404				hypothetical protein
LAGGGMOH_02685	gene	354				
LAGGGMOH_02685	CDS	354				hypothetical protein
LAGGGMOH_02686	gene	633				
LAGGGMOH_02686	CDS	633				hypothetical protein
LAGGGMOH_02687	gene	537	rimL			
LAGGGMOH_02687	CDS	537	rimL	2.3.1.-	COG1670	Ribosomal-protein-serine acetyltransferase
LAGGGMOH_02688	gene	1290	mdtK_3			
LAGGGMOH_02688	CDS	1290	mdtK_3			Multidrug resistance protein MdtK
LAGGGMOH_02689	gene	327				
LAGGGMOH_02689	CDS	327				hypothetical protein
LAGGGMOH_02690	gene	210				
LAGGGMOH_02690	CDS	210				hypothetical protein
LAGGGMOH_02691	gene	858				
LAGGGMOH_02691	CDS	858				putative HTH-type transcriptional regulator
LAGGGMOH_02692	gene	885	bacC			
LAGGGMOH_02692	CDS	885	bacC	1.1.1.385	COG1028	Dihydroanticapsin 7-dehydrogenase
LAGGGMOH_02693	gene	75				
LAGGGMOH_02693	tRNA	75				tRNA-Thr(tgt)
LAGGGMOH_02694	gene	648				
LAGGGMOH_02694	CDS	648				hypothetical protein
LAGGGMOH_02695	gene	954	arnC_2			
LAGGGMOH_02695	CDS	954	arnC_2	2.4.2.53		Undecaprenyl-phosphate 4-deoxy-4-formamido-L-arabinose transferase
LAGGGMOH_02696	gene	528				
LAGGGMOH_02696	CDS	528				hypothetical protein
LAGGGMOH_02697	gene	753				
LAGGGMOH_02697	CDS	753				hypothetical protein
LAGGGMOH_02698	gene	585	mntP			
LAGGGMOH_02698	CDS	585	mntP		COG1971	putative manganese efflux pump MntP
LAGGGMOH_02699	gene	1017	apbE_2			
LAGGGMOH_02699	CDS	1017	apbE_2	2.7.1.180	COG1477	FAD:protein FMN transferase
LAGGGMOH_02700	gene	369				
LAGGGMOH_02700	CDS	369				hypothetical protein
LAGGGMOH_02701	gene	750	ttcA			
LAGGGMOH_02701	CDS	750	ttcA	2.8.1.-		tRNA-cytidine(32) 2-sulfurtransferase
LAGGGMOH_02702	gene	1428				
LAGGGMOH_02702	CDS	1428				hypothetical protein
LAGGGMOH_02703	gene	471				
LAGGGMOH_02703	CDS	471				hypothetical protein
LAGGGMOH_02704	gene	1002	floA			
LAGGGMOH_02704	CDS	1002	floA		COG4864	Flotillin-like protein FloA
LAGGGMOH_02705	gene	879	deoD			
LAGGGMOH_02705	CDS	879	deoD	2.4.2.1		Purine nucleoside phosphorylase DeoD-type
LAGGGMOH_02706	gene	498	polC			
LAGGGMOH_02706	CDS	498	polC	2.7.7.7	COG2176	DNA polymerase III PolC-type
LAGGGMOH_02707	gene	651				
LAGGGMOH_02707	CDS	651				hypothetical protein
LAGGGMOH_02708	gene	1920	rcsC_23			
LAGGGMOH_02708	CDS	1920	rcsC_23	2.7.13.3		Sensor histidine kinase RcsC
LAGGGMOH_02709	gene	96				
LAGGGMOH_02709	CDS	96				hypothetical protein
LAGGGMOH_02710	gene	1398	mnmE_1			
LAGGGMOH_02710	CDS	1398	mnmE_1	3.6.-.-	COG0486	tRNA modification GTPase MnmE
LAGGGMOH_02711	gene	876				
LAGGGMOH_02711	CDS	876				hypothetical protein
LAGGGMOH_02712	gene	1116	xerC_23			
LAGGGMOH_02712	CDS	1116	xerC_23			Tyrosine recombinase XerC
LAGGGMOH_02713	gene	717				
LAGGGMOH_02713	CDS	717				hypothetical protein
LAGGGMOH_02714	gene	375				
LAGGGMOH_02714	CDS	375				hypothetical protein
LAGGGMOH_02715	gene	1071				
LAGGGMOH_02715	CDS	1071				hypothetical protein
LAGGGMOH_02716	gene	300				
LAGGGMOH_02716	CDS	300				hypothetical protein
LAGGGMOH_02717	gene	1209				
LAGGGMOH_02717	CDS	1209				hypothetical protein
LAGGGMOH_02718	gene	528				
LAGGGMOH_02718	CDS	528				hypothetical protein
LAGGGMOH_02719	gene	567				
LAGGGMOH_02719	CDS	567				hypothetical protein
LAGGGMOH_02720	gene	2157				
LAGGGMOH_02720	CDS	2157				hypothetical protein
LAGGGMOH_02721	gene	4098				
LAGGGMOH_02721	CDS	4098				hypothetical protein
LAGGGMOH_02722	gene	2427				
LAGGGMOH_02722	CDS	2427				hypothetical protein
LAGGGMOH_02723	gene	1752				
LAGGGMOH_02723	CDS	1752				hypothetical protein
LAGGGMOH_02724	gene	1404				
LAGGGMOH_02724	CDS	1404				hypothetical protein
LAGGGMOH_02725	gene	1560				
LAGGGMOH_02725	CDS	1560				hypothetical protein
LAGGGMOH_02726	gene	213				
LAGGGMOH_02726	CDS	213				hypothetical protein
LAGGGMOH_02727	gene	249				
LAGGGMOH_02727	CDS	249				hypothetical protein
LAGGGMOH_02728	gene	297				
LAGGGMOH_02728	CDS	297				hypothetical protein
LAGGGMOH_02729	gene	228	ymdB			
LAGGGMOH_02729	CDS	228	ymdB	3.1.1.106		O-acetyl-ADP-ribose deacetylase
LAGGGMOH_02730	gene	1719				
LAGGGMOH_02730	CDS	1719				hypothetical protein
LAGGGMOH_02731	gene	1746				
LAGGGMOH_02731	CDS	1746				hypothetical protein
LAGGGMOH_02732	gene	1527				
LAGGGMOH_02732	CDS	1527				hypothetical protein
LAGGGMOH_02733	gene	3528				
LAGGGMOH_02733	CDS	3528				hypothetical protein
LAGGGMOH_02734	gene	975				
LAGGGMOH_02734	CDS	975				hypothetical protein
LAGGGMOH_02735	gene	948				
LAGGGMOH_02735	CDS	948				hypothetical protein
LAGGGMOH_02736	gene	420				
LAGGGMOH_02736	CDS	420				hypothetical protein
LAGGGMOH_02737	gene	1299				
LAGGGMOH_02737	CDS	1299				hypothetical protein
LAGGGMOH_02738	gene	780	hdhA			
LAGGGMOH_02738	CDS	780	hdhA	1.1.1.159	COG1028	7alpha-hydroxysteroid dehydrogenase
LAGGGMOH_02739	gene	603				
LAGGGMOH_02739	CDS	603				hypothetical protein
LAGGGMOH_02740	gene	108				
LAGGGMOH_02740	CDS	108				hypothetical protein
LAGGGMOH_02741	gene	978				
LAGGGMOH_02741	CDS	978				Putative NAD(P)H nitroreductase
LAGGGMOH_02742	gene	1167	pncB			
LAGGGMOH_02742	CDS	1167	pncB	6.3.4.21	COG1488	Nicotinate phosphoribosyltransferase
LAGGGMOH_02743	gene	1212	resA_8			
LAGGGMOH_02743	CDS	1212	resA_8			Thiol-disulfide oxidoreductase ResA
LAGGGMOH_02744	gene	2259	kefB_4			
LAGGGMOH_02744	CDS	2259	kefB_4			Glutathione-regulated potassium-efflux system protein KefB
LAGGGMOH_02745	gene	1515	cfiB_2			
LAGGGMOH_02745	CDS	1515	cfiB_2	6.4.1.7	COG0439	2-oxoglutarate carboxylase small subunit
LAGGGMOH_02746	gene	501				
LAGGGMOH_02746	CDS	501				hypothetical protein
LAGGGMOH_02747	gene	1536	mmdA			
LAGGGMOH_02747	CDS	1536	mmdA	7.2.4.3		Methylmalonyl-CoA decarboxylase subunit alpha
LAGGGMOH_02748	gene	885	exsA			
LAGGGMOH_02748	CDS	885	exsA			HTH-type transcriptional regulator ExsA
LAGGGMOH_02749	gene	915				
LAGGGMOH_02749	CDS	915				hypothetical protein
LAGGGMOH_02750	gene	672				
LAGGGMOH_02750	CDS	672				hypothetical protein
LAGGGMOH_02751	gene	1614				
LAGGGMOH_02751	CDS	1614				hypothetical protein
LAGGGMOH_02752	gene	1632	rcsC_24			
LAGGGMOH_02752	CDS	1632	rcsC_24	2.7.13.3		Sensor histidine kinase RcsC
LAGGGMOH_02753	gene	900	rhaS_5			
LAGGGMOH_02753	CDS	900	rhaS_5			HTH-type transcriptional activator RhaS
LAGGGMOH_02754	gene	1494	guaB_1			
LAGGGMOH_02754	CDS	1494	guaB_1	1.1.1.205		Inosine-5'-monophosphate dehydrogenase
LAGGGMOH_02755	gene	234				
LAGGGMOH_02755	CDS	234				hypothetical protein
LAGGGMOH_02756	gene	852				
LAGGGMOH_02756	CDS	852				hypothetical protein
LAGGGMOH_02757	gene	1110	mdtE_1			
LAGGGMOH_02757	CDS	1110	mdtE_1		COG0845	Multidrug resistance protein MdtE
LAGGGMOH_02758	gene	3210	bepE_4			
LAGGGMOH_02758	CDS	3210	bepE_4			Efflux pump membrane transporter BepE
LAGGGMOH_02759	gene	1374	cusC_2			
LAGGGMOH_02759	CDS	1374	cusC_2		COG1538	Cation efflux system protein CusC
LAGGGMOH_02760	gene	2211	rcsC_25			
LAGGGMOH_02760	CDS	2211	rcsC_25	2.7.13.3		Sensor histidine kinase RcsC
LAGGGMOH_02761	gene	270				
LAGGGMOH_02761	CDS	270				hypothetical protein
LAGGGMOH_02762	gene	813				
LAGGGMOH_02762	CDS	813				hypothetical protein
LAGGGMOH_02763	gene	201				
LAGGGMOH_02763	CDS	201				hypothetical protein
LAGGGMOH_02764	gene	1113				
LAGGGMOH_02764	CDS	1113				hypothetical protein
LAGGGMOH_02765	gene	1281				
LAGGGMOH_02765	CDS	1281		2.5.1.-	COG2873	O-acetyl-L-homoserine sulfhydrylase
LAGGGMOH_02766	gene	1113				
LAGGGMOH_02766	CDS	1113				hypothetical protein
LAGGGMOH_02767	gene	957				
LAGGGMOH_02767	CDS	957				hypothetical protein
LAGGGMOH_02768	gene	1056				
LAGGGMOH_02768	CDS	1056				hypothetical protein
LAGGGMOH_02769	gene	258				
LAGGGMOH_02769	CDS	258				hypothetical protein
LAGGGMOH_02770	gene	276				
LAGGGMOH_02770	CDS	276				hypothetical protein
LAGGGMOH_02771	gene	414				
LAGGGMOH_02771	CDS	414				hypothetical protein
LAGGGMOH_02772	gene	204				
LAGGGMOH_02772	CDS	204				hypothetical protein
LAGGGMOH_02773	gene	447				
LAGGGMOH_02773	CDS	447				hypothetical protein
LAGGGMOH_02774	gene	633	vat			
LAGGGMOH_02774	CDS	633	vat	2.3.1.-		Virginiamycin A acetyltransferase
LAGGGMOH_02775	gene	105				
LAGGGMOH_02775	CDS	105				hypothetical protein
LAGGGMOH_02776	gene	963				
LAGGGMOH_02776	CDS	963				IS982 family transposase IS1187
LAGGGMOH_02777	gene	750	ccrA			
LAGGGMOH_02777	CDS	750	ccrA	3.5.2.6		Metallo-beta-lactamase type 2
LAGGGMOH_02778	gene	327	gdx			
LAGGGMOH_02778	CDS	327	gdx		COG2076	Guanidinium exporter
LAGGGMOH_02779	gene	687				
LAGGGMOH_02779	CDS	687		3.1.3.3		Phosphoserine phosphatase
LAGGGMOH_02780	gene	885	rlmJ			
LAGGGMOH_02780	CDS	885	rlmJ	2.1.1.266		Ribosomal RNA large subunit methyltransferase J
LAGGGMOH_02781	gene	876				
LAGGGMOH_02781	CDS	876				hypothetical protein
LAGGGMOH_02782	gene	825				
LAGGGMOH_02782	CDS	825				hypothetical protein
LAGGGMOH_02783	gene	783				
LAGGGMOH_02783	CDS	783				hypothetical protein
LAGGGMOH_02784	gene	1647				
LAGGGMOH_02784	CDS	1647				hypothetical protein
LAGGGMOH_02785	gene	1509				
LAGGGMOH_02785	CDS	1509				hypothetical protein
LAGGGMOH_02786	gene	3735	mdtC_2			
LAGGGMOH_02786	CDS	3735	mdtC_2			Multidrug resistance protein MdtC
LAGGGMOH_02787	gene	426				
LAGGGMOH_02787	CDS	426				hypothetical protein
LAGGGMOH_02788	gene	978				
LAGGGMOH_02788	CDS	978				hypothetical protein
LAGGGMOH_02789	gene	900				
LAGGGMOH_02789	CDS	900				hypothetical protein
LAGGGMOH_02790	gene	5874	recD2_3			
LAGGGMOH_02790	CDS	5874	recD2_3	5.6.2.3		ATP-dependent RecD2 DNA helicase
LAGGGMOH_02791	gene	372				
LAGGGMOH_02791	CDS	372				hypothetical protein
LAGGGMOH_02792	gene	666	sapB			
LAGGGMOH_02792	CDS	666	sapB		COG1285	Protein SapB
LAGGGMOH_02793	gene	816				
LAGGGMOH_02793	CDS	816				hypothetical protein
LAGGGMOH_02794	gene	1266				
LAGGGMOH_02794	CDS	1266				hypothetical protein
LAGGGMOH_02795	gene	900				
LAGGGMOH_02795	CDS	900				hypothetical protein
LAGGGMOH_02796	gene	1089	msrAB			
LAGGGMOH_02796	CDS	1089	msrAB		COG0225	Peptide methionine sulfoxide reductase MsrA/MsrB
LAGGGMOH_02797	gene	177				
LAGGGMOH_02797	CDS	177				hypothetical protein
LAGGGMOH_02798	gene	642				
LAGGGMOH_02798	CDS	642				hypothetical protein
LAGGGMOH_02799	gene	1380	alsT			
LAGGGMOH_02799	CDS	1380	alsT		COG1115	Amino-acid carrier protein AlsT
LAGGGMOH_02800	gene	639				
LAGGGMOH_02800	CDS	639				hypothetical protein
LAGGGMOH_02801	gene	1713				
LAGGGMOH_02801	CDS	1713				hypothetical protein
LAGGGMOH_02802	gene	2100				
LAGGGMOH_02802	CDS	2100				hypothetical protein
LAGGGMOH_02803	gene	1326	xanP			
LAGGGMOH_02803	CDS	1326	xanP		COG2233	Xanthine permease XanP
LAGGGMOH_02804	gene	708				
LAGGGMOH_02804	CDS	708				hypothetical protein
LAGGGMOH_02805	gene	591				
LAGGGMOH_02805	CDS	591				hypothetical protein
LAGGGMOH_02806	gene	354	mgsR			
LAGGGMOH_02806	CDS	354	mgsR		COG1393	Regulatory protein MgsR
LAGGGMOH_02807	gene	74				
LAGGGMOH_02807	tRNA	74				tRNA-Trp(cca)
LAGGGMOH_02808	gene	1167				
LAGGGMOH_02808	CDS	1167				hypothetical protein
LAGGGMOH_02809	gene	516				
LAGGGMOH_02809	CDS	516				hypothetical protein
LAGGGMOH_02810	gene	1827				
LAGGGMOH_02810	CDS	1827				hypothetical protein
LAGGGMOH_02811	gene	315				
LAGGGMOH_02811	CDS	315				hypothetical protein
LAGGGMOH_02812	gene	924	pdxK			
LAGGGMOH_02812	CDS	924	pdxK	2.7.1.35	COG2240	Pyridoxine/pyridoxal/pyridoxamine kinase
LAGGGMOH_02813	gene	579	lutC			
LAGGGMOH_02813	CDS	579	lutC			Lactate utilization protein C
LAGGGMOH_02814	gene	1386	lutB			
LAGGGMOH_02814	CDS	1386	lutB		COG1139	Lactate utilization protein B
LAGGGMOH_02815	gene	741	lutA			
LAGGGMOH_02815	CDS	741	lutA		COG0247	Lactate utilization protein A
LAGGGMOH_02816	gene	546	queE_2			
LAGGGMOH_02816	CDS	546	queE_2	4.3.99.3	COG0602	7-carboxy-7-deazaguanine synthase
LAGGGMOH_02817	gene	333	queD			
LAGGGMOH_02817	CDS	333	queD	4.1.2.50	COG0720	6-carboxy-5,6,7,8-tetrahydropterin synthase
LAGGGMOH_02818	gene	363	ybaN			
LAGGGMOH_02818	CDS	363	ybaN		COG2832	Inner membrane protein YbaN
LAGGGMOH_02819	gene	567	mtnN			
LAGGGMOH_02819	CDS	567	mtnN	3.2.2.9	COG0775	5'-methylthioadenosine/S-adenosylhomocysteine nucleosidase
LAGGGMOH_02820	gene	1170	wecH_2			
LAGGGMOH_02820	CDS	1170	wecH_2	2.3.1.-		O-acetyltransferase WecH
LAGGGMOH_02821	gene	483				
LAGGGMOH_02821	CDS	483				hypothetical protein
LAGGGMOH_02822	gene	756	cutC			
LAGGGMOH_02822	CDS	756	cutC			PF03932 family protein CutC
LAGGGMOH_02823	gene	1536	rny_1			
LAGGGMOH_02823	CDS	1536	rny_1	3.1.-.-	COG1418	Ribonuclease Y
LAGGGMOH_02824	gene	294				
LAGGGMOH_02824	CDS	294				hypothetical protein
LAGGGMOH_02825	gene	396				
LAGGGMOH_02825	CDS	396				hypothetical protein
LAGGGMOH_02826	gene	2289	maeB			
LAGGGMOH_02826	CDS	2289	maeB	1.1.1.40	COG0280	NADP-dependent malic enzyme
LAGGGMOH_02827	gene	177				
LAGGGMOH_02827	CDS	177				hypothetical protein
LAGGGMOH_02828	gene	1335	gdhA			
LAGGGMOH_02828	CDS	1335	gdhA	1.4.1.3		NAD(P)-specific glutamate dehydrogenase
LAGGGMOH_02829	gene	537				
LAGGGMOH_02829	CDS	537				hypothetical protein
LAGGGMOH_02830	gene	990				
LAGGGMOH_02830	CDS	990				hypothetical protein
LAGGGMOH_02831	gene	3270				
LAGGGMOH_02831	CDS	3270			COG4771	TonB-dependent receptor P3
LAGGGMOH_02832	gene	1629				
LAGGGMOH_02832	CDS	1629				hypothetical protein
LAGGGMOH_02833	gene	1041				
LAGGGMOH_02833	CDS	1041				hypothetical protein
LAGGGMOH_02834	gene	1182				
LAGGGMOH_02834	CDS	1182				hypothetical protein
LAGGGMOH_02835	gene	1032				
LAGGGMOH_02835	CDS	1032				hypothetical protein
LAGGGMOH_02836	gene	321				
LAGGGMOH_02836	CDS	321				hypothetical protein
LAGGGMOH_02837	gene	456				
LAGGGMOH_02837	CDS	456				hypothetical protein
LAGGGMOH_02838	gene	627				
LAGGGMOH_02838	CDS	627		3.4.21.-	COG3340	putative peptidase
LAGGGMOH_02839	gene	933				
LAGGGMOH_02839	CDS	933				hypothetical protein
LAGGGMOH_02840	gene	174				
LAGGGMOH_02840	CDS	174				hypothetical protein
LAGGGMOH_02841	gene	678				
LAGGGMOH_02841	CDS	678				hypothetical protein
LAGGGMOH_02842	gene	2112				
LAGGGMOH_02842	CDS	2112				hypothetical protein
LAGGGMOH_02843	gene	1611				
LAGGGMOH_02843	CDS	1611				hypothetical protein
LAGGGMOH_02844	gene	726				
LAGGGMOH_02844	CDS	726				hypothetical protein
LAGGGMOH_02845	gene	1791				
LAGGGMOH_02845	CDS	1791				hypothetical protein
LAGGGMOH_02846	gene	1329				
LAGGGMOH_02846	CDS	1329				hypothetical protein
LAGGGMOH_02847	gene	792				
LAGGGMOH_02847	CDS	792				hypothetical protein
LAGGGMOH_02848	gene	2970				
LAGGGMOH_02848	CDS	2970				hypothetical protein
LAGGGMOH_02849	gene	2088				
LAGGGMOH_02849	CDS	2088		3.4.21.26	COG1505	Prolyl endopeptidase
LAGGGMOH_02850	gene	1338	gdhB			
LAGGGMOH_02850	CDS	1338	gdhB	1.4.1.2		NAD-specific glutamate dehydrogenase
LAGGGMOH_02851	gene	1164	ypdF			
LAGGGMOH_02851	CDS	1164	ypdF	3.4.11.-	COG0006	Aminopeptidase YpdF
LAGGGMOH_02852	gene	2766	bepA_2			
LAGGGMOH_02852	CDS	2766	bepA_2	3.4.-.-		Beta-barrel assembly-enhancing protease
LAGGGMOH_02853	gene	2103				
LAGGGMOH_02853	CDS	2103				hypothetical protein
LAGGGMOH_02854	gene	1446	cca			
LAGGGMOH_02854	CDS	1446	cca	2.7.7.72		CCA-adding enzyme
LAGGGMOH_02855	gene	843				
LAGGGMOH_02855	CDS	843				hypothetical protein
LAGGGMOH_02856	gene	828				
LAGGGMOH_02856	CDS	828				hypothetical protein
LAGGGMOH_02857	gene	951				
LAGGGMOH_02857	CDS	951				hypothetical protein
LAGGGMOH_02858	gene	441				
LAGGGMOH_02858	CDS	441				hypothetical protein
LAGGGMOH_02859	gene	717				
LAGGGMOH_02859	CDS	717				hypothetical protein
LAGGGMOH_02860	gene	543	rfbC_4			
LAGGGMOH_02860	CDS	543	rfbC_4	5.1.3.13		dTDP-4-dehydrorhamnose 3,5-epimerase
LAGGGMOH_02861	gene	888	rffH_4			
LAGGGMOH_02861	CDS	888	rffH_4	2.7.7.24	COG1209	Glucose-1-phosphate thymidylyltransferase 2
LAGGGMOH_02862	gene	813	wbbD			
LAGGGMOH_02862	CDS	813	wbbD	2.4.1.303		UDP-Gal:alpha-D-GlcNAc-diphosphoundecaprenol beta-1,3-galactosyltransferase
LAGGGMOH_02863	gene	696				
LAGGGMOH_02863	CDS	696				hypothetical protein
LAGGGMOH_02864	gene	1110				
LAGGGMOH_02864	CDS	1110				hypothetical protein
LAGGGMOH_02865	gene	936				
LAGGGMOH_02865	CDS	936				hypothetical protein
LAGGGMOH_02866	gene	1197				
LAGGGMOH_02866	CDS	1197				hypothetical protein
LAGGGMOH_02867	gene	936				
LAGGGMOH_02867	CDS	936				hypothetical protein
LAGGGMOH_02868	gene	1365				
LAGGGMOH_02868	CDS	1365				hypothetical protein
LAGGGMOH_02869	gene	1029	rfbE			
LAGGGMOH_02869	CDS	1029	rfbE	5.1.3.10	COG0451	CDP-paratose 2-epimerase
LAGGGMOH_02870	gene	900	rmd			
LAGGGMOH_02870	CDS	900	rmd	1.1.1.281		GDP-6-deoxy-D-mannose reductase
LAGGGMOH_02871	gene	1080	rfbG_2			
LAGGGMOH_02871	CDS	1080	rfbG_2	4.2.1.45		CDP-glucose 4,6-dehydratase
LAGGGMOH_02872	gene	777	rfbF_2			
LAGGGMOH_02872	CDS	777	rfbF_2	2.7.7.33	COG1208	Glucose-1-phosphate cytidylyltransferase
LAGGGMOH_02873	gene	1344	spnQ_2			
LAGGGMOH_02873	CDS	1344	spnQ_2	4.2.1.164		dTDP-4-dehydro-2,6-dideoxy-D-glucose 3-dehydratase
LAGGGMOH_02874	gene	1098	tagO_3			
LAGGGMOH_02874	CDS	1098	tagO_3	2.7.8.33	COG0472	putative undecaprenyl-phosphate N-acetylglucosaminyl 1-phosphate transferase
LAGGGMOH_02875	gene	486				
LAGGGMOH_02875	CDS	486				hypothetical protein
LAGGGMOH_02876	gene	627				
LAGGGMOH_02876	CDS	627				hypothetical protein
LAGGGMOH_02877	gene	393				
LAGGGMOH_02877	CDS	393				hypothetical protein
LAGGGMOH_02878	gene	2160				
LAGGGMOH_02878	CDS	2160				hypothetical protein
LAGGGMOH_02879	gene	246				
LAGGGMOH_02879	CDS	246				hypothetical protein
LAGGGMOH_02880	gene	471				
LAGGGMOH_02880	CDS	471				hypothetical protein
LAGGGMOH_02881	gene	702	rpiA			
LAGGGMOH_02881	CDS	702	rpiA	5.3.1.6	COG0120	Ribose-5-phosphate isomerase A
LAGGGMOH_02882	gene	141				
LAGGGMOH_02882	CDS	141				hypothetical protein
LAGGGMOH_02883	gene	1005				
LAGGGMOH_02883	CDS	1005				hypothetical protein
LAGGGMOH_02884	gene	546	yncA			
LAGGGMOH_02884	CDS	546	yncA	2.3.1.-		L-methionine sulfoximine/L-methionine sulfone acetyltransferase
LAGGGMOH_02885	gene	354				
LAGGGMOH_02885	CDS	354				hypothetical protein
LAGGGMOH_02886	gene	738				
LAGGGMOH_02886	CDS	738				hypothetical protein
LAGGGMOH_02887	gene	525				
LAGGGMOH_02887	CDS	525				hypothetical protein
LAGGGMOH_02888	gene	603	ruvA			
LAGGGMOH_02888	CDS	603	ruvA			Holliday junction branch migration complex subunit RuvA
LAGGGMOH_02889	gene	924	ddh			
LAGGGMOH_02889	CDS	924	ddh	1.4.1.16	COG0673	Meso-diaminopimelate D-dehydrogenase
LAGGGMOH_02890	gene	651				
LAGGGMOH_02890	CDS	651				hypothetical protein
LAGGGMOH_02891	gene	2394	nrdD			
LAGGGMOH_02891	CDS	2394	nrdD	1.1.98.6	COG1328	Anaerobic ribonucleoside-triphosphate reductase
LAGGGMOH_02892	gene	465	nrdG			
LAGGGMOH_02892	CDS	465	nrdG	1.97.1.-	COG0602	Anaerobic ribonucleoside-triphosphate reductase-activating protein
LAGGGMOH_02893	gene	1548	mdtD			
LAGGGMOH_02893	CDS	1548	mdtD			Putative multidrug resistance protein MdtD
LAGGGMOH_02894	gene	1089	phnW			
LAGGGMOH_02894	CDS	1089	phnW	2.6.1.37		2-aminoethylphosphonate--pyruvate transaminase
LAGGGMOH_02895	gene	792	phnX			
LAGGGMOH_02895	CDS	792	phnX	3.11.1.1		Phosphonoacetaldehyde hydrolase
LAGGGMOH_02896	gene	879				
LAGGGMOH_02896	CDS	879				hypothetical protein
LAGGGMOH_02897	gene	1356				
LAGGGMOH_02897	CDS	1356		3.4.24.-	COG0750	Putative zinc metalloprotease
LAGGGMOH_02898	gene	1167	dxr			
LAGGGMOH_02898	CDS	1167	dxr	1.1.1.267	COG0743	1-deoxy-D-xylulose 5-phosphate reductoisomerase
LAGGGMOH_02899	gene	861				
LAGGGMOH_02899	CDS	861				hypothetical protein
LAGGGMOH_02900	gene	543	rimM			
LAGGGMOH_02900	CDS	543	rimM			Ribosome maturation factor RimM
LAGGGMOH_02901	gene	1305	murA			
LAGGGMOH_02901	CDS	1305	murA	2.5.1.7	COG0766	UDP-N-acetylglucosamine 1-carboxyvinyltransferase
LAGGGMOH_02902	gene	618				
LAGGGMOH_02902	CDS	618				hypothetical protein
LAGGGMOH_02903	gene	690	tsaB			
LAGGGMOH_02903	CDS	690	tsaB			tRNA threonylcarbamoyladenosine biosynthesis protein TsaB
LAGGGMOH_02904	gene	1308	sasA_12			
LAGGGMOH_02904	CDS	1308	sasA_12	2.7.13.3		Adaptive-response sensory-kinase SasA
LAGGGMOH_02905	gene	1629				
LAGGGMOH_02905	CDS	1629				hypothetical protein
LAGGGMOH_02906	gene	204				
LAGGGMOH_02906	CDS	204				hypothetical protein
LAGGGMOH_02907	gene	900	yloC			
LAGGGMOH_02907	CDS	900	yloC	3.1.26.-	COG1561	Endoribonuclease YloC
LAGGGMOH_02908	gene	615	gmk			
LAGGGMOH_02908	CDS	615	gmk	2.7.4.8	COG0194	Guanylate kinase
LAGGGMOH_02909	gene	591	nadD			
LAGGGMOH_02909	CDS	591	nadD	2.7.7.18	COG1057	Nicotinate-nucleotide adenylyltransferase
LAGGGMOH_02910	gene	1107				
LAGGGMOH_02910	CDS	1107				hypothetical protein
LAGGGMOH_02911	gene	897	menA			
LAGGGMOH_02911	CDS	897	menA	2.5.1.74	COG1575	1,4-dihydroxy-2-naphthoate octaprenyltransferase
LAGGGMOH_02912	gene	1140	rffG			
LAGGGMOH_02912	CDS	1140	rffG	4.2.1.46	COG1088	dTDP-glucose 4,6-dehydratase 2
LAGGGMOH_02913	gene	864	rffH_5			
LAGGGMOH_02913	CDS	864	rffH_5	2.7.7.24	COG1209	Glucose-1-phosphate thymidylyltransferase 2
LAGGGMOH_02914	gene	492				
LAGGGMOH_02914	CDS	492				hypothetical protein
LAGGGMOH_02915	gene	2076	ppk_2			
LAGGGMOH_02915	CDS	2076	ppk_2	2.7.4.1	COG0855	Polyphosphate kinase
LAGGGMOH_02916	gene	2250				
LAGGGMOH_02916	CDS	2250				hypothetical protein
LAGGGMOH_02917	gene	399	divK			
LAGGGMOH_02917	CDS	399	divK			Polar-differentiation response regulator DivK
LAGGGMOH_02918	gene	1635	yheS_1			
LAGGGMOH_02918	CDS	1635	yheS_1		COG0488	putative ATP-binding protein YheS
LAGGGMOH_02919	gene	276				
LAGGGMOH_02919	CDS	276				hypothetical protein
LAGGGMOH_02920	gene	405				
LAGGGMOH_02920	CDS	405				hypothetical protein
LAGGGMOH_02921	gene	1239	mdtA_5			
LAGGGMOH_02921	CDS	1239	mdtA_5			Multidrug resistance protein MdtA
LAGGGMOH_02922	gene	3087	czcA_2			
LAGGGMOH_02922	CDS	3087	czcA_2			Cobalt-zinc-cadmium resistance protein CzcA
LAGGGMOH_02923	gene	1179				
LAGGGMOH_02923	CDS	1179				hypothetical protein
LAGGGMOH_02924	gene	747				
LAGGGMOH_02924	CDS	747				hypothetical protein
LAGGGMOH_02925	gene	1419	rsmF			
LAGGGMOH_02925	CDS	1419	rsmF	2.1.1.178	COG0144	Ribosomal RNA small subunit methyltransferase F
LAGGGMOH_02926	gene	573				
LAGGGMOH_02926	CDS	573				hypothetical protein
LAGGGMOH_02927	gene	627				
LAGGGMOH_02927	CDS	627				hypothetical protein
LAGGGMOH_02928	gene	549	algU_3			
LAGGGMOH_02928	CDS	549	algU_3			RNA polymerase sigma-H factor
LAGGGMOH_02929	gene	330				
LAGGGMOH_02929	CDS	330				hypothetical protein
LAGGGMOH_02930	gene	1275	clsA_2			
LAGGGMOH_02930	CDS	1275	clsA_2	2.7.8.-	COG1502	Major cardiolipin synthase ClsA
LAGGGMOH_02931	gene	963				
LAGGGMOH_02931	CDS	963				IS982 family transposase IS1187
LAGGGMOH_02932	gene	795	thyA			
LAGGGMOH_02932	CDS	795	thyA	2.1.1.45	COG0207	Thymidylate synthase
LAGGGMOH_02933	gene	495	folA			
LAGGGMOH_02933	CDS	495	folA	1.5.1.3		Dihydrofolate reductase
LAGGGMOH_02934	gene	477	asnC_1			
LAGGGMOH_02934	CDS	477	asnC_1		COG1522	Regulatory protein AsnC
LAGGGMOH_02935	gene	1281				
LAGGGMOH_02935	CDS	1281				hypothetical protein
LAGGGMOH_02936	gene	126				
LAGGGMOH_02936	CDS	126				hypothetical protein
LAGGGMOH_02937	gene	465				
LAGGGMOH_02937	CDS	465				hypothetical protein
LAGGGMOH_02938	gene	591				
LAGGGMOH_02938	CDS	591				hypothetical protein
LAGGGMOH_02939	gene	471				
LAGGGMOH_02939	CDS	471				hypothetical protein
LAGGGMOH_02940	gene	825	tolQ_1			
LAGGGMOH_02940	CDS	825	tolQ_1			Tol-Pal system protein TolQ
LAGGGMOH_02941	gene	89				
LAGGGMOH_02941	tRNA	89				tRNA-Ser(gga)
LAGGGMOH_02942	gene	777	dtd3_1			
LAGGGMOH_02942	CDS	777	dtd3_1	3.1.1.96	COG0084	D-aminoacyl-tRNA deacylase
LAGGGMOH_02943	gene	711				
LAGGGMOH_02943	CDS	711				hypothetical protein
LAGGGMOH_02944	gene	975				
LAGGGMOH_02944	CDS	975		2.5.1.10	COG0142	(2E,6E)-farnesyl diphosphate synthase
LAGGGMOH_02945	gene	684				
LAGGGMOH_02945	CDS	684				hypothetical protein
LAGGGMOH_02946	gene	792	cmk_1			
LAGGGMOH_02946	CDS	792	cmk_1	2.7.4.25	COG0283	Cytidylate kinase
LAGGGMOH_02947	gene	873	ispH			
LAGGGMOH_02947	CDS	873	ispH	1.17.7.4	COG0761	4-hydroxy-3-methylbut-2-enyl diphosphate reductase
LAGGGMOH_02948	gene	981	pfkA_2			
LAGGGMOH_02948	CDS	981	pfkA_2	2.7.1.11	COG0205	ATP-dependent 6-phosphofructokinase 1
LAGGGMOH_02949	gene	867	phaB			
LAGGGMOH_02949	CDS	867	phaB	1.1.1.36	COG1028	Acetoacetyl-CoA reductase
LAGGGMOH_02950	gene	1233	nox			
LAGGGMOH_02950	CDS	1233	nox	1.8.1.20		4,4'-dithiodibutanoate disulfide reductase
LAGGGMOH_02951	gene	762				
LAGGGMOH_02951	CDS	762				hypothetical protein
LAGGGMOH_02952	gene	1344	gltA			
LAGGGMOH_02952	CDS	1344	gltA	2.3.3.16	COG0372	Citrate synthase
LAGGGMOH_02953	gene	1191	icd			
LAGGGMOH_02953	CDS	1191	icd	1.1.1.42		Isocitrate dehydrogenase [NADP]
LAGGGMOH_02954	gene	2244	acnD			
LAGGGMOH_02954	CDS	2244	acnD	4.2.1.117	COG1048	2-methylcitrate dehydratase (2-methyl-trans-aconitate forming)
LAGGGMOH_02955	gene	1971				
LAGGGMOH_02955	CDS	1971				hypothetical protein
LAGGGMOH_02956	gene	1929				
LAGGGMOH_02956	CDS	1929				hypothetical protein
LAGGGMOH_02957	gene	1044				
LAGGGMOH_02957	CDS	1044		1.1.1.382	COG0059	Ketol-acid reductoisomerase (NAD(+))
LAGGGMOH_02958	gene	585				
LAGGGMOH_02958	CDS	585				hypothetical protein
LAGGGMOH_02959	gene	744				
LAGGGMOH_02959	CDS	744				hypothetical protein
LAGGGMOH_02960	gene	561	ilvH			
LAGGGMOH_02960	CDS	561	ilvH	2.2.1.6	COG0440	Putative acetolactate synthase small subunit
LAGGGMOH_02961	gene	1698	ilvG			
LAGGGMOH_02961	CDS	1698	ilvG	2.2.1.6		Acetolactate synthase isozyme 2 large subunit
LAGGGMOH_02962	gene	1803	ilvD			
LAGGGMOH_02962	CDS	1803	ilvD	4.2.1.9	COG0129	Dihydroxy-acid dehydratase
LAGGGMOH_02963	gene	2076				
LAGGGMOH_02963	CDS	2076				hypothetical protein
LAGGGMOH_02964	gene	2151				
LAGGGMOH_02964	CDS	2151				hypothetical protein
LAGGGMOH_02965	gene	2157				
LAGGGMOH_02965	CDS	2157				hypothetical protein
LAGGGMOH_02966	gene	1308	ompA_1			
LAGGGMOH_02966	CDS	1308	ompA_1			Outer membrane protein A
LAGGGMOH_02967	gene	933				
LAGGGMOH_02967	CDS	933				hypothetical protein
LAGGGMOH_02968	gene	591	slyD			
LAGGGMOH_02968	CDS	591	slyD	5.2.1.8		FKBP-type peptidyl-prolyl cis-trans isomerase SlyD
LAGGGMOH_02969	gene	519				
LAGGGMOH_02969	CDS	519				hypothetical protein
LAGGGMOH_02970	gene	1287				
LAGGGMOH_02970	CDS	1287				hypothetical protein
LAGGGMOH_02971	gene	1128				
LAGGGMOH_02971	CDS	1128				hypothetical protein
LAGGGMOH_02972	gene	1095				
LAGGGMOH_02972	CDS	1095				hypothetical protein
LAGGGMOH_02973	gene	783				
LAGGGMOH_02973	CDS	783				hypothetical protein
LAGGGMOH_02974	gene	897				
LAGGGMOH_02974	CDS	897				IS1182 family transposase ISBas1
LAGGGMOH_02975	gene	138				
LAGGGMOH_02975	CDS	138				hypothetical protein
LAGGGMOH_02976	gene	396				
LAGGGMOH_02976	CDS	396				hypothetical protein
LAGGGMOH_02977	gene	1572				
LAGGGMOH_02977	CDS	1572				hypothetical protein
LAGGGMOH_02978	gene	1494	atsA_3			
LAGGGMOH_02978	CDS	1494	atsA_3	3.1.6.1		Arylsulfatase
LAGGGMOH_02979	gene	924				
LAGGGMOH_02979	CDS	924				hypothetical protein
LAGGGMOH_02980	gene	945				
LAGGGMOH_02980	CDS	945				hypothetical protein
LAGGGMOH_02981	gene	2457	bamB_1			
LAGGGMOH_02981	CDS	2457	bamB_1			Outer membrane protein assembly factor BamB
LAGGGMOH_02982	gene	1794				
LAGGGMOH_02982	CDS	1794				hypothetical protein
LAGGGMOH_02983	gene	3420				
LAGGGMOH_02983	CDS	3420			COG4771	TonB-dependent receptor P3
LAGGGMOH_02984	gene	1026				
LAGGGMOH_02984	CDS	1026				hypothetical protein
LAGGGMOH_02985	gene	573				
LAGGGMOH_02985	CDS	573				hypothetical protein
LAGGGMOH_02986	gene	138				
LAGGGMOH_02986	CDS	138				hypothetical protein
LAGGGMOH_02987	gene	147				
LAGGGMOH_02987	CDS	147				hypothetical protein
LAGGGMOH_02988	gene	168				
LAGGGMOH_02988	CDS	168				hypothetical protein
LAGGGMOH_02989	gene	1245	mshA_8			
LAGGGMOH_02989	CDS	1245	mshA_8	2.4.1.250		D-inositol-3-phosphate glycosyltransferase
LAGGGMOH_02990	gene	732				
LAGGGMOH_02990	CDS	732				hypothetical protein
LAGGGMOH_02991	gene	1056				
LAGGGMOH_02991	CDS	1056				hypothetical protein
LAGGGMOH_02992	gene	228				
LAGGGMOH_02992	CDS	228				hypothetical protein
LAGGGMOH_02993	gene	195				
LAGGGMOH_02993	CDS	195				hypothetical protein
LAGGGMOH_02994	gene	300				
LAGGGMOH_02994	CDS	300				hypothetical protein
LAGGGMOH_02995	gene	1368				
LAGGGMOH_02995	CDS	1368				hypothetical protein
LAGGGMOH_02996	gene	1368				
LAGGGMOH_02996	CDS	1368				hypothetical protein
LAGGGMOH_02997	gene	1488				
LAGGGMOH_02997	CDS	1488				IS1182 family transposase ISPsy36
LAGGGMOH_02998	gene	1176				
LAGGGMOH_02998	CDS	1176				IS66 family transposase ISBthe6
LAGGGMOH_02999	gene	513				
LAGGGMOH_02999	CDS	513				hypothetical protein
LAGGGMOH_03000	gene	1842				
LAGGGMOH_03000	CDS	1842				hypothetical protein
LAGGGMOH_03001	gene	3216				
LAGGGMOH_03001	CDS	3216			COG4771	TonB-dependent receptor P39
LAGGGMOH_03002	gene	147				
LAGGGMOH_03002	CDS	147				hypothetical protein
LAGGGMOH_03003	gene	114				
LAGGGMOH_03003	CDS	114				hypothetical protein
LAGGGMOH_03004	gene	1323				
LAGGGMOH_03004	CDS	1323				hypothetical protein
LAGGGMOH_03005	gene	1887				
LAGGGMOH_03005	CDS	1887				hypothetical protein
LAGGGMOH_03006	gene	3453				
LAGGGMOH_03006	CDS	3453			COG4771	TonB-dependent receptor P3
LAGGGMOH_03007	gene	1200				
LAGGGMOH_03007	CDS	1200				hypothetical protein
LAGGGMOH_03008	gene	579				
LAGGGMOH_03008	CDS	579				hypothetical protein
LAGGGMOH_03009	gene	1077	aroC			
LAGGGMOH_03009	CDS	1077	aroC	4.2.3.5	COG0082	Chorismate synthase
LAGGGMOH_03010	gene	1365	tpdA			
LAGGGMOH_03010	CDS	1365	tpdA	3.4.13.23		Cysteinylglycine-S-conjugate dipeptidase
LAGGGMOH_03011	gene	1053	pva			
LAGGGMOH_03011	CDS	1053	pva	3.5.1.11	COG3049	Penicillin V acylase
LAGGGMOH_03012	gene	3432	rocA			
LAGGGMOH_03012	CDS	3432	rocA	1.2.1.88		1-pyrroline-5-carboxylate dehydrogenase
LAGGGMOH_03013	gene	99				
LAGGGMOH_03013	CDS	99				hypothetical protein
LAGGGMOH_03014	gene	723				
LAGGGMOH_03014	CDS	723				hypothetical protein
LAGGGMOH_03015	gene	2223	topB_3			
LAGGGMOH_03015	CDS	2223	topB_3	5.6.2.1	COG0550	DNA topoisomerase 3
LAGGGMOH_03016	gene	1392				
LAGGGMOH_03016	CDS	1392				hypothetical protein
LAGGGMOH_03017	gene	96				
LAGGGMOH_03017	CDS	96				hypothetical protein
LAGGGMOH_03018	gene	2148	mutB			
LAGGGMOH_03018	CDS	2148	mutB	5.4.99.2		Methylmalonyl-CoA mutase large subunit
LAGGGMOH_03019	gene	1899	icmF			
LAGGGMOH_03019	CDS	1899	icmF	5.4.99.13		Fused isobutyryl-CoA mutase
LAGGGMOH_03020	gene	189				
LAGGGMOH_03020	CDS	189				hypothetical protein
LAGGGMOH_03021	gene	1665	aspT_4			
LAGGGMOH_03021	CDS	1665	aspT_4			Aspartate/alanine antiporter
LAGGGMOH_03022	gene	663	cmk_2			
LAGGGMOH_03022	CDS	663	cmk_2	2.7.4.25		Cytidylate kinase
LAGGGMOH_03023	gene	1452	mepA_3			
LAGGGMOH_03023	CDS	1452	mepA_3		COG0534	Multidrug export protein MepA
LAGGGMOH_03024	gene	570				
LAGGGMOH_03024	CDS	570				hypothetical protein
LAGGGMOH_03025	gene	354				
LAGGGMOH_03025	CDS	354				hypothetical protein
LAGGGMOH_03026	gene	2211				
LAGGGMOH_03026	CDS	2211				hypothetical protein
LAGGGMOH_03027	gene	1389	mepA_4			
LAGGGMOH_03027	CDS	1389	mepA_4			Multidrug export protein MepA
LAGGGMOH_03028	gene	1728	lysU			
LAGGGMOH_03028	CDS	1728	lysU	6.1.1.6	COG1190	Lysine--tRNA ligase, heat inducible
LAGGGMOH_03029	gene	996	gpsA			
LAGGGMOH_03029	CDS	996	gpsA	1.1.1.94	COG0240	Glycerol-3-phosphate dehydrogenase [NAD(P)+]
LAGGGMOH_03030	gene	1338	pgi			
LAGGGMOH_03030	CDS	1338	pgi	5.3.1.9	COG0166	Glucose-6-phosphate isomerase
LAGGGMOH_03031	gene	507				
LAGGGMOH_03031	CDS	507				hypothetical protein
LAGGGMOH_03032	gene	729	hxpA			
LAGGGMOH_03032	CDS	729	hxpA	3.1.3.22	COG0637	Hexitol phosphatase A
LAGGGMOH_03033	gene	73				
LAGGGMOH_03033	tRNA	73				tRNA-Arg(ccg)
LAGGGMOH_03034	gene	1038	asnA			
LAGGGMOH_03034	CDS	1038	asnA	6.3.1.1	COG2502	Aspartate--ammonia ligase
LAGGGMOH_03035	gene	663	ung			
LAGGGMOH_03035	CDS	663	ung	3.2.2.27	COG0692	Uracil-DNA glycosylase
LAGGGMOH_03036	gene	2709	lptD_1			
LAGGGMOH_03036	CDS	2709	lptD_1			LPS-assembly protein LptD
LAGGGMOH_03037	gene	537				
LAGGGMOH_03037	CDS	537				hypothetical protein
LAGGGMOH_03038	gene	2307				
LAGGGMOH_03038	CDS	2307				hypothetical protein
LAGGGMOH_03039	gene	2094				
LAGGGMOH_03039	CDS	2094				hypothetical protein
LAGGGMOH_03040	gene	741				
LAGGGMOH_03040	CDS	741				hypothetical protein
LAGGGMOH_03041	gene	471				
LAGGGMOH_03041	CDS	471				hypothetical protein
LAGGGMOH_03042	gene	894				
LAGGGMOH_03042	CDS	894				hypothetical protein
LAGGGMOH_03043	gene	1299				
LAGGGMOH_03043	CDS	1299				hypothetical protein
LAGGGMOH_03044	gene	894				
LAGGGMOH_03044	CDS	894				hypothetical protein
LAGGGMOH_03045	gene	1428	dnaA			
LAGGGMOH_03045	CDS	1428	dnaA	3.6.4.-	COG0593	Chromosomal replication initiator protein DnaA
LAGGGMOH_03046	gene	789	nfrA2_2			
LAGGGMOH_03046	CDS	789	nfrA2_2	1.5.1.39	COG0778	FMN reductase [NAD(P)H]
LAGGGMOH_03047	gene	2622				
LAGGGMOH_03047	CDS	2622				hypothetical protein
LAGGGMOH_03048	gene	153				
LAGGGMOH_03048	CDS	153				hypothetical protein
LAGGGMOH_03049	gene	2703				
LAGGGMOH_03049	CDS	2703				hypothetical protein
LAGGGMOH_03050	gene	1032				
LAGGGMOH_03050	CDS	1032				hypothetical protein
LAGGGMOH_03051	gene	369	folB			
LAGGGMOH_03051	CDS	369	folB	4.1.2.25		Dihydroneopterin aldolase
LAGGGMOH_03052	gene	1422				
LAGGGMOH_03052	CDS	1422				hypothetical protein
LAGGGMOH_03053	gene	519	mgsA_2			
LAGGGMOH_03053	CDS	519	mgsA_2	4.2.3.3	COG1803	Methylglyoxal synthase
LAGGGMOH_03054	gene	1032				
LAGGGMOH_03054	CDS	1032				hypothetical protein
LAGGGMOH_03055	gene	858	lpxL			
LAGGGMOH_03055	CDS	858	lpxL	2.3.1.241		Lipid A biosynthesis lauroyltransferase
LAGGGMOH_03056	gene	1320	mtaB			
LAGGGMOH_03056	CDS	1320	mtaB	2.8.4.5	COG0621	Threonylcarbamoyladenosine tRNA methylthiotransferase MtaB
LAGGGMOH_03057	gene	1674				
LAGGGMOH_03057	CDS	1674		6.2.1.3	COG1022	Long-chain-fatty-acid--CoA ligase FadD15
LAGGGMOH_03058	gene	216				
LAGGGMOH_03058	CDS	216				hypothetical protein
LAGGGMOH_03059	gene	444	rplI			
LAGGGMOH_03059	CDS	444	rplI			Large ribosomal subunit protein bL9
LAGGGMOH_03060	gene	273	rpsR			
LAGGGMOH_03060	CDS	273	rpsR			Small ribosomal subunit protein bS18
LAGGGMOH_03061	gene	345	rpsF			
LAGGGMOH_03061	CDS	345	rpsF			Small ribosomal subunit protein bS6
LAGGGMOH_03062	gene	447	slyA			
LAGGGMOH_03062	CDS	447	slyA			Transcriptional regulator SlyA
LAGGGMOH_03063	gene	177				
LAGGGMOH_03063	CDS	177				hypothetical protein
LAGGGMOH_03064	gene	702	mprA			
LAGGGMOH_03064	CDS	702	mprA		COG0745	Response regulator MprA
LAGGGMOH_03065	gene	1560	sasA_13			
LAGGGMOH_03065	CDS	1560	sasA_13	2.7.13.3		Adaptive-response sensory-kinase SasA
LAGGGMOH_03066	gene	2157	fusA_1			
LAGGGMOH_03066	CDS	2157	fusA_1		COG0480	Elongation factor G
LAGGGMOH_03067	gene	495				
LAGGGMOH_03067	CDS	495				hypothetical protein
LAGGGMOH_03068	gene	987				
LAGGGMOH_03068	CDS	987				hypothetical protein
LAGGGMOH_03069	gene	312				
LAGGGMOH_03069	CDS	312				hypothetical protein
LAGGGMOH_03070	gene	171				
LAGGGMOH_03070	CDS	171				hypothetical protein
LAGGGMOH_03071	gene	285				
LAGGGMOH_03071	CDS	285				hypothetical protein
LAGGGMOH_03072	gene	1134	hemW			
LAGGGMOH_03072	CDS	1134	hemW		COG0635	Heme chaperone HemW
LAGGGMOH_03073	gene	558				
LAGGGMOH_03073	CDS	558				hypothetical protein
LAGGGMOH_03074	gene	438				
LAGGGMOH_03074	CDS	438				hypothetical protein
LAGGGMOH_03075	gene	879				
LAGGGMOH_03075	CDS	879				hypothetical protein
LAGGGMOH_03076	gene	2679				
LAGGGMOH_03076	CDS	2679				hypothetical protein
LAGGGMOH_03077	gene	1035				
LAGGGMOH_03077	CDS	1035				hypothetical protein
LAGGGMOH_03078	gene	288				
LAGGGMOH_03078	CDS	288				hypothetical protein
LAGGGMOH_03079	gene	603	lysO			
LAGGGMOH_03079	CDS	603	lysO		COG2431	Lysine exporter LysO
LAGGGMOH_03080	gene	354				
LAGGGMOH_03080	CDS	354				hypothetical protein
LAGGGMOH_03081	gene	1116				
LAGGGMOH_03081	CDS	1116				hypothetical protein
LAGGGMOH_03082	gene	324				
LAGGGMOH_03082	CDS	324				hypothetical protein
LAGGGMOH_03083	gene	639				
LAGGGMOH_03083	CDS	639				hypothetical protein
LAGGGMOH_03084	gene	225				
LAGGGMOH_03084	CDS	225				hypothetical protein
LAGGGMOH_03085	gene	1050				
LAGGGMOH_03085	CDS	1050				hypothetical protein
LAGGGMOH_03086	gene	1221	queA_1			
LAGGGMOH_03086	CDS	1221	queA_1	2.4.99.17	COG0809	S-adenosylmethionine:tRNA ribosyltransferase-isomerase
LAGGGMOH_03087	gene	531	idi			
LAGGGMOH_03087	CDS	531	idi	5.3.3.2	COG1443	Isopentenyl-diphosphate Delta-isomerase
LAGGGMOH_03088	gene	543	bsaA			
LAGGGMOH_03088	CDS	543	bsaA			Glutathione peroxidase BsaA
LAGGGMOH_03089	gene	2343				
LAGGGMOH_03089	CDS	2343				hypothetical protein
LAGGGMOH_03090	gene	4320	mdtC_3			
LAGGGMOH_03090	CDS	4320	mdtC_3			Multidrug resistance protein MdtC
LAGGGMOH_03091	gene	888				
LAGGGMOH_03091	CDS	888				hypothetical protein
LAGGGMOH_03092	gene	1062				
LAGGGMOH_03092	CDS	1062				hypothetical protein
LAGGGMOH_03093	gene	780	lytR_2			
LAGGGMOH_03093	CDS	780	lytR_2		COG3279	Transcriptional regulatory protein LytR
LAGGGMOH_03094	gene	1470	rsxB_4			
LAGGGMOH_03094	CDS	1470	rsxB_4	7.-.-.-		Ion-translocating oxidoreductase complex subunit B
LAGGGMOH_03095	gene	1038				
LAGGGMOH_03095	CDS	1038		1.8.-.-	COG0502	[FeFe] hydrogenase maturase subunit HydE
LAGGGMOH_03096	gene	1419	bioB			
LAGGGMOH_03096	CDS	1419	bioB	2.8.1.6		Biotin synthase
LAGGGMOH_03097	gene	1185	mnmE_2			
LAGGGMOH_03097	CDS	1185	mnmE_2	3.6.-.-		tRNA modification GTPase MnmE
LAGGGMOH_03098	gene	1197				
LAGGGMOH_03098	CDS	1197				hypothetical protein
LAGGGMOH_03099	gene	2310				
LAGGGMOH_03099	CDS	2310				hypothetical protein
LAGGGMOH_03100	gene	3006	lacZ_9			
LAGGGMOH_03100	CDS	3006	lacZ_9	3.2.1.23		Beta-galactosidase
LAGGGMOH_03101	gene	1389	algC			
LAGGGMOH_03101	CDS	1389	algC	5.4.2.2		Phosphomannomutase/phosphoglucomutase
LAGGGMOH_03102	gene	645				
LAGGGMOH_03102	CDS	645				hypothetical protein
LAGGGMOH_03103	gene	1032	nrnA			
LAGGGMOH_03103	CDS	1032	nrnA	3.1.-.-	COG0618	Bifunctional oligoribonuclease and PAP phosphatase NrnA
LAGGGMOH_03104	gene	2019				
LAGGGMOH_03104	CDS	2019				hypothetical protein
LAGGGMOH_03105	gene	651	rpe			
LAGGGMOH_03105	CDS	651	rpe	5.1.3.1	COG0036	Ribulose-phosphate 3-epimerase
LAGGGMOH_03106	gene	945	fmt			
LAGGGMOH_03106	CDS	945	fmt	2.1.2.9		Methionyl-tRNA formyltransferase
LAGGGMOH_03107	gene	1791	clcB			
LAGGGMOH_03107	CDS	1791	clcB			Voltage-gated ClC-type chloride channel ClcB
LAGGGMOH_03108	gene	531	tsaC			
LAGGGMOH_03108	CDS	531	tsaC	2.7.7.87	COG0009	Threonylcarbamoyl-AMP synthase
LAGGGMOH_03109	gene	435				
LAGGGMOH_03109	CDS	435				hypothetical protein
LAGGGMOH_03110	gene	2070				
LAGGGMOH_03110	CDS	2070				hypothetical protein
LAGGGMOH_03111	gene	93				
LAGGGMOH_03111	CDS	93				hypothetical protein
LAGGGMOH_03112	gene	480				
LAGGGMOH_03112	CDS	480				hypothetical protein
LAGGGMOH_03113	gene	252				
LAGGGMOH_03113	CDS	252				hypothetical protein
LAGGGMOH_03114	gene	126				
LAGGGMOH_03114	CDS	126				hypothetical protein
LAGGGMOH_03115	gene	951	wecA_5			
LAGGGMOH_03115	CDS	951	wecA_5	2.7.8.33		Undecaprenyl-phosphate alpha-N-acetylglucosaminyl 1-phosphate transferase
LAGGGMOH_03116	gene	897	gnu_5			
LAGGGMOH_03116	CDS	897	gnu_5	5.1.3.26	COG0451	N-acetyl-alpha-D-glucosaminyl-diphospho-ditrans,octacis-undecaprenol 4-epimerase
LAGGGMOH_03117	gene	753	wfgD			
LAGGGMOH_03117	CDS	753	wfgD	2.4.1.305		UDP-Glc:alpha-D-GlcNAc-diphosphoundecaprenol beta-1,3-glucosyltransferase WfgD
LAGGGMOH_03118	gene	834				
LAGGGMOH_03118	CDS	834				hypothetical protein
LAGGGMOH_03119	gene	1086				
LAGGGMOH_03119	CDS	1086				hypothetical protein
LAGGGMOH_03120	gene	987				
LAGGGMOH_03120	CDS	987				hypothetical protein
LAGGGMOH_03121	gene	852	wbgN_2			
LAGGGMOH_03121	CDS	852	wbgN_2	2.4.1.341		Alpha-1,2-colitosyltransferase
LAGGGMOH_03122	gene	501	dapH_4			
LAGGGMOH_03122	CDS	501	dapH_4	2.3.1.89		2,3,4,5-tetrahydropyridine-2,6-dicarboxylate N-acetyltransferase
LAGGGMOH_03123	gene	1056				
LAGGGMOH_03123	CDS	1056				hypothetical protein
LAGGGMOH_03124	gene	852				
LAGGGMOH_03124	CDS	852				hypothetical protein
LAGGGMOH_03125	gene	1533				
LAGGGMOH_03125	CDS	1533				hypothetical protein
LAGGGMOH_03126	gene	324				
LAGGGMOH_03126	CDS	324				hypothetical protein
LAGGGMOH_03127	gene	732				
LAGGGMOH_03127	CDS	732				hypothetical protein
LAGGGMOH_03128	gene	717				
LAGGGMOH_03128	CDS	717				hypothetical protein
LAGGGMOH_03129	gene	633				
LAGGGMOH_03129	CDS	633		3.1.3.-	COG0637	Phosphorylated carbohydrates phosphatase
LAGGGMOH_03130	gene	621				
LAGGGMOH_03130	CDS	621				hypothetical protein
LAGGGMOH_03131	gene	486				
LAGGGMOH_03131	CDS	486				hypothetical protein
LAGGGMOH_03132	gene	432				
LAGGGMOH_03132	CDS	432				hypothetical protein
LAGGGMOH_03133	gene	348				
LAGGGMOH_03133	CDS	348				hypothetical protein
LAGGGMOH_03134	gene	834				
LAGGGMOH_03134	CDS	834				hypothetical protein
LAGGGMOH_03135	gene	573	tag			
LAGGGMOH_03135	CDS	573	tag	3.2.2.20	COG2818	DNA-3-methyladenine glycosylase 1
LAGGGMOH_03136	gene	1719	recJ			
LAGGGMOH_03136	CDS	1719	recJ	3.1.-.-	COG0608	Single-stranded-DNA-specific exonuclease RecJ
LAGGGMOH_03137	gene	1905	cshA_2			
LAGGGMOH_03137	CDS	1905	cshA_2	3.6.4.13		DEAD-box ATP-dependent RNA helicase CshA
LAGGGMOH_03138	gene	963	bepA_3			
LAGGGMOH_03138	CDS	963	bepA_3	3.4.-.-		Beta-barrel assembly-enhancing protease
LAGGGMOH_03139	gene	1236				
LAGGGMOH_03139	CDS	1236				hypothetical protein
LAGGGMOH_03140	gene	1659				
LAGGGMOH_03140	CDS	1659				hypothetical protein
LAGGGMOH_03141	gene	1101				
LAGGGMOH_03141	CDS	1101				hypothetical protein
LAGGGMOH_03142	gene	1461				
LAGGGMOH_03142	CDS	1461			COG0702	SusD-like protein P38
LAGGGMOH_03143	gene	3297				
LAGGGMOH_03143	CDS	3297			COG1629	TonB-dependent receptor P26
LAGGGMOH_03144	gene	909	nanA_2			
LAGGGMOH_03144	CDS	909	nanA_2	4.1.3.3	COG0329	N-acetylneuraminate lyase
LAGGGMOH_03145	gene	723	lldR			
LAGGGMOH_03145	CDS	723	lldR		COG2186	Putative L-lactate dehydrogenase operon regulatory protein
LAGGGMOH_03146	gene	903	pheA			
LAGGGMOH_03146	CDS	903	pheA		COG0077	Bifunctional chorismate mutase/prephenate dehydratase
LAGGGMOH_03147	gene	1185	dapL_3			
LAGGGMOH_03147	CDS	1185	dapL_3	2.6.1.83	COG0436	LL-diaminopimelate aminotransferase
LAGGGMOH_03148	gene	1062	kdsA_2			
LAGGGMOH_03148	CDS	1062	kdsA_2	2.5.1.55		2-dehydro-3-deoxyphosphooctonate aldolase
LAGGGMOH_03149	gene	774				
LAGGGMOH_03149	CDS	774				hypothetical protein
LAGGGMOH_03150	gene	2004	dnaG_3			
LAGGGMOH_03150	CDS	2004	dnaG_3	2.7.7.101		DNA primase
LAGGGMOH_03151	gene	1527	atsA_4			
LAGGGMOH_03151	CDS	1527	atsA_4	3.1.6.1		Arylsulfatase
LAGGGMOH_03152	gene	1614				
LAGGGMOH_03152	CDS	1614			COG0702	SusD-like protein P2
LAGGGMOH_03153	gene	3381				
LAGGGMOH_03153	CDS	3381			COG1629	TonB-dependent receptor P26
LAGGGMOH_03154	gene	936				
LAGGGMOH_03154	CDS	936				hypothetical protein
LAGGGMOH_03155	gene	573				
LAGGGMOH_03155	CDS	573				hypothetical protein
LAGGGMOH_03156	gene	585	folE			
LAGGGMOH_03156	CDS	585	folE	3.5.4.16	COG0302	GTP cyclohydrolase 1
LAGGGMOH_03157	gene	450				
LAGGGMOH_03157	CDS	450				hypothetical protein
LAGGGMOH_03158	gene	756	tpiA			
LAGGGMOH_03158	CDS	756	tpiA	5.3.1.1	COG0149	Triosephosphate isomerase
LAGGGMOH_03159	gene	1344				
LAGGGMOH_03159	CDS	1344				hypothetical protein
LAGGGMOH_03160	gene	543				
LAGGGMOH_03160	CDS	543				hypothetical protein
LAGGGMOH_03161	gene	855				
LAGGGMOH_03161	CDS	855				hypothetical protein
LAGGGMOH_03162	gene	462	ndk			
LAGGGMOH_03162	CDS	462	ndk	2.7.4.6	COG0105	Nucleoside diphosphate kinase
LAGGGMOH_03163	gene	2097	recG			
LAGGGMOH_03163	CDS	2097	recG	5.6.2.4		ATP-dependent DNA helicase RecG
LAGGGMOH_03164	gene	663	ispD			
LAGGGMOH_03164	CDS	663	ispD	2.7.7.60	COG1211	2-C-methyl-D-erythritol 4-phosphate cytidylyltransferase
LAGGGMOH_03165	gene	552	yajL			
LAGGGMOH_03165	CDS	552	yajL	3.1.2.-	COG0693	Protein/nucleic acid deglycase 3
LAGGGMOH_03166	gene	843				
LAGGGMOH_03166	CDS	843				hypothetical protein
LAGGGMOH_03167	gene	423	tolR_1			
LAGGGMOH_03167	CDS	423	tolR_1			Tol-Pal system protein TolR
LAGGGMOH_03168	gene	723	tolQ_2			
LAGGGMOH_03168	CDS	723	tolQ_2		COG0811	Tol-Pal system protein TolQ
LAGGGMOH_03169	gene	714	pdxJ			
LAGGGMOH_03169	CDS	714	pdxJ	2.6.99.2	COG0854	Pyridoxine 5'-phosphate synthase
LAGGGMOH_03170	gene	873	nadK			
LAGGGMOH_03170	CDS	873	nadK	2.7.1.23		NAD kinase
LAGGGMOH_03171	gene	106				
LAGGGMOH_03171	rRNA	106				5S ribosomal RNA
LAGGGMOH_03172	gene	2877				
LAGGGMOH_03172	rRNA	2877				23S ribosomal RNA
LAGGGMOH_03173	gene	76				
LAGGGMOH_03173	tRNA	76				tRNA-Ala(tgc)
LAGGGMOH_03174	gene	77				
LAGGGMOH_03174	tRNA	77				tRNA-Ile(gat)
LAGGGMOH_03175	gene	1521				
LAGGGMOH_03175	rRNA	1521				16S ribosomal RNA
LAGGGMOH_03176	gene	1122				
LAGGGMOH_03176	CDS	1122				ISAs1 family transposase ISBf9
LAGGGMOH_03177	gene	954	metF			
LAGGGMOH_03177	CDS	954	metF	1.5.1.54		5,10-methylenetetrahydrofolate reductase
LAGGGMOH_03178	gene	1110				
LAGGGMOH_03178	CDS	1110				hypothetical protein
LAGGGMOH_03179	gene	1458				
LAGGGMOH_03179	CDS	1458				hypothetical protein
LAGGGMOH_03180	gene	441	gldH			
LAGGGMOH_03180	CDS	441	gldH			Gliding motility lipoprotein GldH
LAGGGMOH_03181	gene	1458	mrdB_1			
LAGGGMOH_03181	CDS	1458	mrdB_1	2.4.99.28		Peptidoglycan glycosyltransferase MrdB
LAGGGMOH_03182	gene	1857	mrdA			
LAGGGMOH_03182	CDS	1857	mrdA	3.4.16.4		Peptidoglycan D,D-transpeptidase MrdA
LAGGGMOH_03183	gene	498				
LAGGGMOH_03183	CDS	498				hypothetical protein
LAGGGMOH_03184	gene	846	mreC			
LAGGGMOH_03184	CDS	846	mreC		COG1792	Cell shape-determining protein MreC
LAGGGMOH_03185	gene	1023	mbl			
LAGGGMOH_03185	CDS	1023	mbl		COG1077	Cell shape-determining protein Mbl
LAGGGMOH_03186	gene	1524	purH_2			
LAGGGMOH_03186	CDS	1524	purH_2		COG0138	Bifunctional purine biosynthesis protein PurH
LAGGGMOH_03187	gene	2034	pepO			
LAGGGMOH_03187	CDS	2034	pepO	3.4.24.-	COG3590	Neutral endopeptidase
LAGGGMOH_03188	gene	1956	yheS_2			
LAGGGMOH_03188	CDS	1956	yheS_2		COG0488	putative ATP-binding protein YheS
LAGGGMOH_03189	gene	2394				
LAGGGMOH_03189	CDS	2394				hypothetical protein
LAGGGMOH_03190	gene	177				
LAGGGMOH_03190	CDS	177				hypothetical protein
LAGGGMOH_03191	gene	903				
LAGGGMOH_03191	CDS	903				hypothetical protein
LAGGGMOH_03192	gene	2352	bamA_2			
LAGGGMOH_03192	CDS	2352	bamA_2			Outer membrane protein assembly factor BamA
LAGGGMOH_03193	gene	4545				
LAGGGMOH_03193	CDS	4545				hypothetical protein
LAGGGMOH_03194	gene	2310	rcsC_26			
LAGGGMOH_03194	CDS	2310	rcsC_26	2.7.13.3		Sensor histidine kinase RcsC
LAGGGMOH_03195	gene	1326	norM			
LAGGGMOH_03195	CDS	1326	norM		COG0534	Multidrug resistance protein NorM
LAGGGMOH_03196	gene	1251	pqqE			
LAGGGMOH_03196	CDS	1251	pqqE	3.4.24.-	COG0612	Zinc protease PqqE
LAGGGMOH_03197	gene	840				
LAGGGMOH_03197	CDS	840		5.2.1.8		Putative peptidyl-prolyl cis-trans isomerase
LAGGGMOH_03198	gene	1344	zraR_4			
LAGGGMOH_03198	CDS	1344	zraR_4			Transcriptional regulatory protein ZraR
LAGGGMOH_03199	gene	198				
LAGGGMOH_03199	CDS	198				hypothetical protein
LAGGGMOH_03200	gene	675	truC			
LAGGGMOH_03200	CDS	675	truC	5.4.99.26	COG0564	tRNA pseudouridine synthase C
LAGGGMOH_03201	gene	747	fabG_2			
LAGGGMOH_03201	CDS	747	fabG_2	1.1.1.100		3-oxoacyl-[acyl-carrier-protein] reductase FabG
LAGGGMOH_03202	gene	597				
LAGGGMOH_03202	CDS	597				hypothetical protein
LAGGGMOH_03203	gene	74				
LAGGGMOH_03203	tRNA	74				tRNA-Met(cat)
LAGGGMOH_03204	gene	954				
LAGGGMOH_03204	CDS	954				hypothetical protein
LAGGGMOH_03205	gene	342				
LAGGGMOH_03205	CDS	342				hypothetical protein
LAGGGMOH_03206	gene	1524				
LAGGGMOH_03206	CDS	1524				hypothetical protein
LAGGGMOH_03207	gene	801				
LAGGGMOH_03207	CDS	801				hypothetical protein
LAGGGMOH_03208	gene	369	ytrA			
LAGGGMOH_03208	CDS	369	ytrA		COG1725	HTH-type transcriptional repressor YtrA
LAGGGMOH_03209	gene	813				
LAGGGMOH_03209	CDS	813				hypothetical protein
LAGGGMOH_03210	gene	861	cbiO			
LAGGGMOH_03210	CDS	861	cbiO	7.2.2.-	COG1122	Cobalt import ATP-binding protein CbiO
LAGGGMOH_03211	gene	180				
LAGGGMOH_03211	CDS	180				hypothetical protein
LAGGGMOH_03212	gene	1434				
LAGGGMOH_03212	CDS	1434				hypothetical protein
LAGGGMOH_03213	gene	948	pstS_2			
LAGGGMOH_03213	CDS	948	pstS_2			Phosphate-binding protein PstS
LAGGGMOH_03214	gene	816				
LAGGGMOH_03214	CDS	816				hypothetical protein
LAGGGMOH_03215	gene	651				
LAGGGMOH_03215	CDS	651				hypothetical protein
LAGGGMOH_03216	gene	606	tolR_2			
LAGGGMOH_03216	CDS	606	tolR_2			Tol-Pal system protein TolR
LAGGGMOH_03217	gene	813	tolQ_3			
LAGGGMOH_03217	CDS	813	tolQ_3			Tol-Pal system protein TolQ
LAGGGMOH_03218	gene	522				
LAGGGMOH_03218	CDS	522				hypothetical protein
LAGGGMOH_03219	gene	106				
LAGGGMOH_03219	rRNA	106				5S ribosomal RNA
LAGGGMOH_03220	gene	2881				
LAGGGMOH_03220	rRNA	2881				23S ribosomal RNA
LAGGGMOH_03221	gene	77				
LAGGGMOH_03221	tRNA	77				tRNA-Ala(tgc)
LAGGGMOH_03222	gene	77				
LAGGGMOH_03222	tRNA	77				tRNA-Ile(gat)
LAGGGMOH_03223	gene	1525				
LAGGGMOH_03223	rRNA	1525				16S ribosomal RNA
LAGGGMOH_03224	gene	465				
LAGGGMOH_03224	CDS	465				hypothetical protein
LAGGGMOH_03225	gene	2997				
LAGGGMOH_03225	CDS	2997			COG4771	TonB-dependent receptor P3
LAGGGMOH_03226	gene	1605				
LAGGGMOH_03226	CDS	1605			COG0561	SusD-like protein
LAGGGMOH_03227	gene	405				
LAGGGMOH_03227	CDS	405				hypothetical protein
LAGGGMOH_03228	gene	1281				
LAGGGMOH_03228	CDS	1281				hypothetical protein
LAGGGMOH_03229	gene	522	ybdM_2			
LAGGGMOH_03229	CDS	522	ybdM_2		COG1475	putative protein YbdM
LAGGGMOH_03230	gene	333				
LAGGGMOH_03230	CDS	333				hypothetical protein
LAGGGMOH_03231	gene	2337	btuB_8			
LAGGGMOH_03231	CDS	2337	btuB_8			Vitamin B12 transporter BtuB
LAGGGMOH_03232	gene	1017				
LAGGGMOH_03232	CDS	1017				hypothetical protein
LAGGGMOH_03233	gene	1215	xerC_24			
LAGGGMOH_03233	CDS	1215	xerC_24			Tyrosine recombinase XerC
LAGGGMOH_03234	gene	846	rhaS_6			
LAGGGMOH_03234	CDS	846	rhaS_6			HTH-type transcriptional activator RhaS
LAGGGMOH_03235	gene	285				
LAGGGMOH_03235	CDS	285				hypothetical protein
LAGGGMOH_03236	gene	612				
LAGGGMOH_03236	CDS	612				hypothetical protein
LAGGGMOH_03237	gene	1503				
LAGGGMOH_03237	CDS	1503				hypothetical protein
LAGGGMOH_03238	gene	1434				
LAGGGMOH_03238	CDS	1434				hypothetical protein
LAGGGMOH_03239	gene	915				
LAGGGMOH_03239	CDS	915				hypothetical protein
LAGGGMOH_03240	gene	1413				
LAGGGMOH_03240	CDS	1413				hypothetical protein
LAGGGMOH_03241	gene	3252				
LAGGGMOH_03241	CDS	3252				hypothetical protein
LAGGGMOH_03242	gene	453				
LAGGGMOH_03242	CDS	453				hypothetical protein
LAGGGMOH_03243	gene	369				
LAGGGMOH_03243	CDS	369				hypothetical protein
LAGGGMOH_03244	gene	411				
LAGGGMOH_03244	CDS	411				hypothetical protein
LAGGGMOH_03245	gene	2127				
LAGGGMOH_03245	CDS	2127				hypothetical protein
LAGGGMOH_03246	gene	360				
LAGGGMOH_03246	CDS	360				hypothetical protein
LAGGGMOH_03247	gene	486				
LAGGGMOH_03247	CDS	486				hypothetical protein
LAGGGMOH_03248	gene	1131	yhcG_3			
LAGGGMOH_03248	CDS	1131	yhcG_3	3.1.-.-	COG4804	Putative nuclease YhcG
LAGGGMOH_03249	gene	2103	topB_4			
LAGGGMOH_03249	CDS	2103	topB_4	5.6.2.1	COG0550	DNA topoisomerase 3
LAGGGMOH_03250	gene	1521				
LAGGGMOH_03250	CDS	1521				hypothetical protein
LAGGGMOH_03251	gene	1188				
LAGGGMOH_03251	CDS	1188				hypothetical protein
LAGGGMOH_03252	gene	192				
LAGGGMOH_03252	CDS	192				hypothetical protein
LAGGGMOH_03253	gene	228				
LAGGGMOH_03253	CDS	228				hypothetical protein
LAGGGMOH_03254	gene	693				
LAGGGMOH_03254	CDS	693				hypothetical protein
LAGGGMOH_03255	gene	288	hup_2			
LAGGGMOH_03255	CDS	288	hup_2			DNA-binding protein HU
LAGGGMOH_03256	gene	423	mscL_2			
LAGGGMOH_03256	CDS	423	mscL_2		COG1970	Large-conductance mechanosensitive channel
LAGGGMOH_03257	gene	693	aqpZ			
LAGGGMOH_03257	CDS	693	aqpZ		COG0580	Aquaporin Z
LAGGGMOH_03258	gene	1161	ompA_2			
LAGGGMOH_03258	CDS	1161	ompA_2			Outer membrane protein A
LAGGGMOH_03259	gene	156				
LAGGGMOH_03259	CDS	156				hypothetical protein
LAGGGMOH_03260	gene	1212	pal_2			
LAGGGMOH_03260	CDS	1212	pal_2			Peptidoglycan-associated lipoprotein
LAGGGMOH_03261	gene	2292				
LAGGGMOH_03261	CDS	2292				hypothetical protein
LAGGGMOH_03262	gene	2007				
LAGGGMOH_03262	CDS	2007				hypothetical protein
LAGGGMOH_03263	gene	1296				
LAGGGMOH_03263	CDS	1296				hypothetical protein
LAGGGMOH_03264	gene	429				
LAGGGMOH_03264	CDS	429				hypothetical protein
LAGGGMOH_03265	gene	804				
LAGGGMOH_03265	CDS	804				hypothetical protein
LAGGGMOH_03266	gene	405				
LAGGGMOH_03266	CDS	405				hypothetical protein
LAGGGMOH_03267	gene	588				
LAGGGMOH_03267	CDS	588				hypothetical protein
LAGGGMOH_03268	gene	219				
LAGGGMOH_03268	CDS	219				hypothetical protein
LAGGGMOH_03269	gene	1656				
LAGGGMOH_03269	CDS	1656				hypothetical protein
LAGGGMOH_03270	gene	243				
LAGGGMOH_03270	CDS	243				hypothetical protein
LAGGGMOH_03271	gene	318				
LAGGGMOH_03271	CDS	318				hypothetical protein
LAGGGMOH_03272	gene	2502				
LAGGGMOH_03272	CDS	2502				hypothetical protein
LAGGGMOH_03273	gene	363				
LAGGGMOH_03273	CDS	363				hypothetical protein
LAGGGMOH_03274	gene	630				
LAGGGMOH_03274	CDS	630				hypothetical protein
LAGGGMOH_03275	gene	1005				
LAGGGMOH_03275	CDS	1005				hypothetical protein
LAGGGMOH_03276	gene	624				
LAGGGMOH_03276	CDS	624				hypothetical protein
LAGGGMOH_03277	gene	285				
LAGGGMOH_03277	CDS	285				hypothetical protein
LAGGGMOH_03278	gene	1374				
LAGGGMOH_03278	CDS	1374				hypothetical protein
LAGGGMOH_03279	gene	939				
LAGGGMOH_03279	CDS	939				hypothetical protein
LAGGGMOH_03280	gene	582				
LAGGGMOH_03280	CDS	582				hypothetical protein
LAGGGMOH_03281	gene	462				
LAGGGMOH_03281	CDS	462				hypothetical protein
LAGGGMOH_03282	gene	822				
LAGGGMOH_03282	CDS	822				hypothetical protein
LAGGGMOH_03283	gene	849				
LAGGGMOH_03283	CDS	849				hypothetical protein
LAGGGMOH_03284	gene	444				
LAGGGMOH_03284	CDS	444				hypothetical protein
LAGGGMOH_03285	gene	222				
LAGGGMOH_03285	CDS	222				hypothetical protein
LAGGGMOH_03286	gene	594				
LAGGGMOH_03286	CDS	594				hypothetical protein
LAGGGMOH_03287	gene	1713	noc_2			
LAGGGMOH_03287	CDS	1713	noc_2			Nucleoid occlusion protein
LAGGGMOH_03288	gene	549				
LAGGGMOH_03288	CDS	549				hypothetical protein
LAGGGMOH_03289	gene	195				
LAGGGMOH_03289	CDS	195				hypothetical protein
LAGGGMOH_03290	gene	651				
LAGGGMOH_03290	CDS	651				hypothetical protein
LAGGGMOH_03291	gene	975	traC			
LAGGGMOH_03291	CDS	975	traC	2.7.7.-		DNA primase TraC
LAGGGMOH_03292	gene	1881				
LAGGGMOH_03292	CDS	1881				hypothetical protein
LAGGGMOH_03293	gene	294				
LAGGGMOH_03293	CDS	294				hypothetical protein
LAGGGMOH_03294	gene	318				
LAGGGMOH_03294	CDS	318				hypothetical protein
LAGGGMOH_03295	gene	1296	xerC_25			
LAGGGMOH_03295	CDS	1296	xerC_25			Tyrosine recombinase XerC
LAGGGMOH_03296	gene	153				
LAGGGMOH_03296	CDS	153				hypothetical protein
LAGGGMOH_03297	gene	567				
LAGGGMOH_03297	CDS	567				hypothetical protein
LAGGGMOH_03298	gene	969				
LAGGGMOH_03298	CDS	969				hypothetical protein
LAGGGMOH_03299	gene	3441				
LAGGGMOH_03299	CDS	3441			COG4771	TonB-dependent receptor P3
LAGGGMOH_03300	gene	750				
LAGGGMOH_03300	CDS	750			COG0702	SusD-like protein P25
LAGGGMOH_03301	gene	795				
LAGGGMOH_03301	CDS	795				hypothetical protein
LAGGGMOH_03302	gene	375				
LAGGGMOH_03302	CDS	375				hypothetical protein
LAGGGMOH_03303	gene	2037				
LAGGGMOH_03303	CDS	2037				hypothetical protein
LAGGGMOH_03304	gene	2190				
LAGGGMOH_03304	CDS	2190				hypothetical protein
LAGGGMOH_03305	gene	375	blaI			
LAGGGMOH_03305	CDS	375	blaI			Penicillinase repressor
LAGGGMOH_03306	gene	3282	tri1_2			
LAGGGMOH_03306	CDS	3282	tri1_2	3.4.21.-	COG0793	Tricorn protease 
LAGGGMOH_03307	gene	942	mdh_1			
LAGGGMOH_03307	CDS	942	mdh_1	1.1.1.37		Malate dehydrogenase
LAGGGMOH_03308	gene	873				
LAGGGMOH_03308	CDS	873				hypothetical protein
LAGGGMOH_03309	gene	942				
LAGGGMOH_03309	CDS	942				hypothetical protein
LAGGGMOH_03310	gene	555				
LAGGGMOH_03310	CDS	555				hypothetical protein
LAGGGMOH_03311	gene	2568				
LAGGGMOH_03311	CDS	2568				hypothetical protein
LAGGGMOH_03312	gene	1455				
LAGGGMOH_03312	CDS	1455				hypothetical protein
LAGGGMOH_03313	gene	993				
LAGGGMOH_03313	CDS	993				hypothetical protein
LAGGGMOH_03314	gene	1182				
LAGGGMOH_03314	CDS	1182				hypothetical protein
LAGGGMOH_03315	gene	1251				
LAGGGMOH_03315	CDS	1251				hypothetical protein
LAGGGMOH_03316	gene	366				
LAGGGMOH_03316	CDS	366				hypothetical protein
LAGGGMOH_03317	gene	1722				
LAGGGMOH_03317	CDS	1722				hypothetical protein
LAGGGMOH_03318	gene	1902	resA_9			
LAGGGMOH_03318	CDS	1902	resA_9			Thiol-disulfide oxidoreductase ResA
LAGGGMOH_03319	gene	1107	apbC			
LAGGGMOH_03319	CDS	1107	apbC			Iron-sulfur cluster carrier protein
LAGGGMOH_03320	gene	759	trmB			
LAGGGMOH_03320	CDS	759	trmB	2.1.1.33		tRNA (guanine-N(7)-)-methyltransferase
LAGGGMOH_03321	gene	807				
LAGGGMOH_03321	CDS	807				hypothetical protein
LAGGGMOH_03322	gene	1020	ilvE			
LAGGGMOH_03322	CDS	1020	ilvE	2.6.1.42	COG0115	Branched-chain-amino-acid aminotransferase
LAGGGMOH_03323	gene	213				
LAGGGMOH_03323	CDS	213				hypothetical protein
LAGGGMOH_03324	gene	1245	xseA			
LAGGGMOH_03324	CDS	1245	xseA	3.1.11.6	COG1570	Exodeoxyribonuclease 7 large subunit
LAGGGMOH_03325	gene	1356				
LAGGGMOH_03325	CDS	1356				hypothetical protein
LAGGGMOH_03326	gene	1089	mnmA_2			
LAGGGMOH_03326	CDS	1089	mnmA_2	2.8.1.13		tRNA-specific 2-thiouridylase MnmA
LAGGGMOH_03327	gene	243				
LAGGGMOH_03327	CDS	243				hypothetical protein
LAGGGMOH_03328	gene	222				
LAGGGMOH_03328	CDS	222				hypothetical protein
LAGGGMOH_03329	gene	861				
LAGGGMOH_03329	CDS	861				hypothetical protein
LAGGGMOH_03330	gene	1011				
LAGGGMOH_03330	CDS	1011				hypothetical protein
LAGGGMOH_03331	gene	480	ispF			
LAGGGMOH_03331	CDS	480	ispF	4.6.1.12	COG0245	2-C-methyl-D-erythritol 2,4-cyclodiphosphate synthase
LAGGGMOH_03332	gene	615	ycgM			
LAGGGMOH_03332	CDS	615	ycgM	5.3.2.2	COG0179	Oxaloacetate tautomerase YcgM
LAGGGMOH_03333	gene	663	rex			
LAGGGMOH_03333	CDS	663	rex		COG2344	Redox-sensing transcriptional repressor Rex
LAGGGMOH_03334	gene	351				
LAGGGMOH_03334	CDS	351				hypothetical protein
LAGGGMOH_03335	gene	993	tsf			
LAGGGMOH_03335	CDS	993	tsf		COG0264	Elongation factor Ts
LAGGGMOH_03336	gene	837	rpsB			
LAGGGMOH_03336	CDS	837	rpsB		COG0052	Small ribosomal subunit protein uS2
LAGGGMOH_03337	gene	387	rpsI			
LAGGGMOH_03337	CDS	387	rpsI		COG0103	Small ribosomal subunit protein uS9
LAGGGMOH_03338	gene	462	rplM			
LAGGGMOH_03338	CDS	462	rplM			Large ribosomal subunit protein uL13
LAGGGMOH_03339	gene	237				
LAGGGMOH_03339	CDS	237				hypothetical protein
LAGGGMOH_03340	gene	489				
LAGGGMOH_03340	CDS	489				hypothetical protein
LAGGGMOH_03341	gene	1404	asnS			
LAGGGMOH_03341	CDS	1404	asnS	6.1.1.22	COG0017	Asparagine--tRNA ligase
LAGGGMOH_03342	gene	1401				
LAGGGMOH_03342	CDS	1401				hypothetical protein
LAGGGMOH_03343	gene	1347	purB			
LAGGGMOH_03343	CDS	1347	purB	4.3.2.2		Adenylosuccinate lyase
LAGGGMOH_03344	gene	1887	bga			
LAGGGMOH_03344	CDS	1887	bga	3.2.1.23		Beta-galactosidase
LAGGGMOH_03345	gene	76				
LAGGGMOH_03345	tRNA	76				tRNA-Val(tac)
LAGGGMOH_03346	gene	76				
LAGGGMOH_03346	tRNA	76				tRNA-Val(tac)
LAGGGMOH_03347	gene	76				
LAGGGMOH_03347	tRNA	76				tRNA-Val(tac)
LAGGGMOH_03348	gene	561				
LAGGGMOH_03348	CDS	561		2.3.1.-		Putative acetyltransferase
LAGGGMOH_03349	gene	774	yaaA			
LAGGGMOH_03349	CDS	774	yaaA		COG3022	DNA-binding and peroxide stress resistance protein YaaA
LAGGGMOH_03350	gene	2220				
LAGGGMOH_03350	CDS	2220		3.2.1.169	COG3525	O-GlcNAcase
LAGGGMOH_03351	gene	384				
LAGGGMOH_03351	CDS	384				hypothetical protein
LAGGGMOH_03352	gene	1659				
LAGGGMOH_03352	CDS	1659				hypothetical protein
LAGGGMOH_03353	gene	2574				
LAGGGMOH_03353	CDS	2574				hypothetical protein
LAGGGMOH_03354	gene	2463				
LAGGGMOH_03354	CDS	2463				hypothetical protein
LAGGGMOH_03355	gene	1842	pal_3			
LAGGGMOH_03355	CDS	1842	pal_3			Peptidoglycan-associated lipoprotein
LAGGGMOH_03356	gene	597				
LAGGGMOH_03356	CDS	597				hypothetical protein
LAGGGMOH_03357	gene	912				
LAGGGMOH_03357	CDS	912				hypothetical protein
LAGGGMOH_03358	gene	1254				
LAGGGMOH_03358	CDS	1254				hypothetical protein
LAGGGMOH_03359	gene	945	xerC_26			
LAGGGMOH_03359	CDS	945	xerC_26			Tyrosine recombinase XerC
LAGGGMOH_03360	gene	429				
LAGGGMOH_03360	CDS	429				hypothetical protein
LAGGGMOH_03361	gene	3222	pyrAB_2			
LAGGGMOH_03361	CDS	3222	pyrAB_2	6.3.4.16	COG0458	Carbamoyl phosphate synthase pyrimidine-specific large chain
LAGGGMOH_03362	gene	1092	trpS2			
LAGGGMOH_03362	CDS	1092	trpS2	6.1.1.2	COG0180	Tryptophan--tRNA ligase 2
LAGGGMOH_03363	gene	1188				
LAGGGMOH_03363	CDS	1188			COG2885	Outer membrane protein 40
LAGGGMOH_03364	gene	1320				
LAGGGMOH_03364	CDS	1320				hypothetical protein
LAGGGMOH_03365	gene	2211	apxIB			
LAGGGMOH_03365	CDS	2211	apxIB			Toxin RTX-I translocation ATP-binding protein
LAGGGMOH_03366	gene	600				
LAGGGMOH_03366	CDS	600				hypothetical protein
LAGGGMOH_03367	gene	666				
LAGGGMOH_03367	CDS	666				hypothetical protein
LAGGGMOH_03368	gene	996	arnC_3			
LAGGGMOH_03368	CDS	996	arnC_3	2.4.2.53		Undecaprenyl-phosphate 4-deoxy-4-formamido-L-arabinose transferase
LAGGGMOH_03369	gene	2517				
LAGGGMOH_03369	CDS	2517				hypothetical protein
LAGGGMOH_03370	gene	672	neuA			
LAGGGMOH_03370	CDS	672	neuA	2.7.7.43	COG1083	N-acylneuraminate cytidylyltransferase
LAGGGMOH_03371	gene	1173				
LAGGGMOH_03371	CDS	1173				hypothetical protein
LAGGGMOH_03372	gene	1455				
LAGGGMOH_03372	CDS	1455				hypothetical protein
LAGGGMOH_03373	gene	1242				
LAGGGMOH_03373	CDS	1242				hypothetical protein
LAGGGMOH_03374	gene	153				
LAGGGMOH_03374	CDS	153				hypothetical protein
LAGGGMOH_03375	gene	261				
LAGGGMOH_03375	CDS	261				hypothetical protein
LAGGGMOH_03376	gene	1233	mshA_9			
LAGGGMOH_03376	CDS	1233	mshA_9	2.4.1.250		D-inositol-3-phosphate glycosyltransferase
LAGGGMOH_03377	gene	597				
LAGGGMOH_03377	CDS	597				hypothetical protein
LAGGGMOH_03378	gene	783				
LAGGGMOH_03378	CDS	783				hypothetical protein
LAGGGMOH_03379	gene	597				
LAGGGMOH_03379	CDS	597				hypothetical protein
LAGGGMOH_03380	gene	477				
LAGGGMOH_03380	CDS	477				hypothetical protein
LAGGGMOH_03381	gene	108				
LAGGGMOH_03381	CDS	108				hypothetical protein
LAGGGMOH_03382	gene	1785				
LAGGGMOH_03382	CDS	1785				hypothetical protein
LAGGGMOH_03383	gene	1257				
LAGGGMOH_03383	CDS	1257				hypothetical protein
LAGGGMOH_03384	gene	1221				
LAGGGMOH_03384	CDS	1221				hypothetical protein
LAGGGMOH_03385	gene	114				
LAGGGMOH_03385	CDS	114				hypothetical protein
LAGGGMOH_03386	gene	183				
LAGGGMOH_03386	CDS	183				hypothetical protein
LAGGGMOH_03387	gene	1773				
LAGGGMOH_03387	CDS	1773				hypothetical protein
LAGGGMOH_03388	gene	222				
LAGGGMOH_03388	CDS	222				hypothetical protein
LAGGGMOH_03389	gene	1275				
LAGGGMOH_03389	CDS	1275				hypothetical protein
LAGGGMOH_03390	gene	1245				
LAGGGMOH_03390	CDS	1245				hypothetical protein
LAGGGMOH_03391	gene	1224				
LAGGGMOH_03391	CDS	1224				hypothetical protein
LAGGGMOH_03392	gene	1146				
LAGGGMOH_03392	CDS	1146				hypothetical protein
LAGGGMOH_03393	gene	1224				
LAGGGMOH_03393	CDS	1224				hypothetical protein
LAGGGMOH_03394	gene	249				
LAGGGMOH_03394	CDS	249				hypothetical protein
LAGGGMOH_03395	gene	1302				
LAGGGMOH_03395	CDS	1302				hypothetical protein
LAGGGMOH_03396	gene	1881	mutL			
LAGGGMOH_03396	CDS	1881	mutL		COG0323	DNA mismatch repair protein MutL
LAGGGMOH_03397	gene	297				
LAGGGMOH_03397	CDS	297				hypothetical protein
LAGGGMOH_03398	gene	1704	lptD_2			
LAGGGMOH_03398	CDS	1704	lptD_2			LPS-assembly protein LptD
LAGGGMOH_03399	gene	1371	surA_1			
LAGGGMOH_03399	CDS	1371	surA_1	5.2.1.8		Chaperone SurA
LAGGGMOH_03400	gene	843				
LAGGGMOH_03400	CDS	843				hypothetical protein
LAGGGMOH_03401	gene	1554	surA_2			
LAGGGMOH_03401	CDS	1554	surA_2	5.2.1.8		Chaperone SurA
LAGGGMOH_03402	gene	1476	guaB_2			
LAGGGMOH_03402	CDS	1476	guaB_2	1.1.1.205		Inosine-5'-monophosphate dehydrogenase
LAGGGMOH_03403	gene	2181	recQ_2			
LAGGGMOH_03403	CDS	2181	recQ_2	5.6.2.4	COG0514	ATP-dependent DNA helicase RecQ
LAGGGMOH_03404	gene	1248	clpX			
LAGGGMOH_03404	CDS	1248	clpX		COG1219	ATP-dependent Clp protease ATP-binding subunit ClpX
LAGGGMOH_03405	gene	729	clpP			
LAGGGMOH_03405	CDS	729	clpP	3.4.21.92		ATP-dependent Clp protease proteolytic subunit
LAGGGMOH_03406	gene	1356	tig			
LAGGGMOH_03406	CDS	1356	tig	5.2.1.8		Trigger factor
LAGGGMOH_03407	gene	246				
LAGGGMOH_03407	CDS	246				hypothetical protein
LAGGGMOH_03408	gene	762	lptB			
LAGGGMOH_03408	CDS	762	lptB	7.5.2.-	COG1137	Lipopolysaccharide export system ATP-binding protein LptB
LAGGGMOH_03409	gene	711	mlaE			
LAGGGMOH_03409	CDS	711	mlaE		COG0767	Intermembrane phospholipid transport system permease protein MlaE
LAGGGMOH_03410	gene	771	mkl			
LAGGGMOH_03410	CDS	771	mkl		COG1135	putative ribonucleotide transport ATP-binding protein mkl
LAGGGMOH_03411	gene	648	degU			
LAGGGMOH_03411	CDS	648	degU		COG2197	Transcriptional regulatory protein DegU
LAGGGMOH_03412	gene	1314	der_2			
LAGGGMOH_03412	CDS	1314	der_2		COG1160	GTPase Der
LAGGGMOH_03413	gene	882	era			
LAGGGMOH_03413	CDS	882	era			GTPase Era
LAGGGMOH_03414	gene	1005	fabH_3			
LAGGGMOH_03414	CDS	1005	fabH_3	2.3.1.180		Beta-ketoacyl-[acyl-carrier-protein] synthase III
LAGGGMOH_03415	gene	186	rpmF			
LAGGGMOH_03415	CDS	186	rpmF			Large ribosomal subunit protein bL32
LAGGGMOH_03416	gene	576				
LAGGGMOH_03416	CDS	576				hypothetical protein
LAGGGMOH_03417	gene	106				
LAGGGMOH_03417	rRNA	106				5S ribosomal RNA
LAGGGMOH_03418	gene	2881				
LAGGGMOH_03418	rRNA	2881				23S ribosomal RNA
LAGGGMOH_03419	gene	77				
LAGGGMOH_03419	tRNA	77				tRNA-Ala(tgc)
LAGGGMOH_03420	gene	77				
LAGGGMOH_03420	tRNA	77				tRNA-Ile(gat)
LAGGGMOH_03421	gene	1525				
LAGGGMOH_03421	rRNA	1525				16S ribosomal RNA
LAGGGMOH_03422	gene	777				
LAGGGMOH_03422	CDS	777				hypothetical protein
LAGGGMOH_03423	gene	894				
LAGGGMOH_03423	CDS	894				hypothetical protein
LAGGGMOH_03424	gene	918				
LAGGGMOH_03424	CDS	918				hypothetical protein
LAGGGMOH_03425	gene	1782				
LAGGGMOH_03425	CDS	1782				hypothetical protein
LAGGGMOH_03426	gene	2091				
LAGGGMOH_03426	CDS	2091				hypothetical protein
LAGGGMOH_03427	gene	1101				
LAGGGMOH_03427	CDS	1101				hypothetical protein
LAGGGMOH_03428	gene	2058	btuB_9			
LAGGGMOH_03428	CDS	2058	btuB_9			Vitamin B12 transporter BtuB
LAGGGMOH_03429	gene	1140				
LAGGGMOH_03429	CDS	1140				hypothetical protein
LAGGGMOH_03430	gene	981	hmuU_3			
LAGGGMOH_03430	CDS	981	hmuU_3		COG0609	Hemin transport system permease protein HmuU
LAGGGMOH_03431	gene	759	fpuD			
LAGGGMOH_03431	CDS	759	fpuD	7.2.2.-		Petrobactin import ATP-binding protein FpuD
LAGGGMOH_03432	gene	567				
LAGGGMOH_03432	CDS	567				hypothetical protein
LAGGGMOH_03433	gene	273				
LAGGGMOH_03433	CDS	273				hypothetical protein
LAGGGMOH_03434	gene	417				
LAGGGMOH_03434	CDS	417				hypothetical protein
LAGGGMOH_03435	gene	405				
LAGGGMOH_03435	CDS	405				hypothetical protein
LAGGGMOH_03436	gene	789				
LAGGGMOH_03436	CDS	789				Iron-sulfur cluster carrier protein
LAGGGMOH_03437	gene	1881				
LAGGGMOH_03437	CDS	1881				hypothetical protein
LAGGGMOH_03438	gene	105				
LAGGGMOH_03438	CDS	105				hypothetical protein
LAGGGMOH_03439	gene	2871				
LAGGGMOH_03439	CDS	2871				hypothetical protein
LAGGGMOH_03440	gene	1272				
LAGGGMOH_03440	CDS	1272				hypothetical protein
LAGGGMOH_03441	gene	1563				
LAGGGMOH_03441	CDS	1563				hypothetical protein
LAGGGMOH_03442	gene	2148				
LAGGGMOH_03442	CDS	2148				hypothetical protein
LAGGGMOH_03443	gene	2202				
LAGGGMOH_03443	CDS	2202				hypothetical protein
LAGGGMOH_03444	gene	2193				
LAGGGMOH_03444	CDS	2193				hypothetical protein
LAGGGMOH_03445	gene	273				
LAGGGMOH_03445	CDS	273				hypothetical protein
LAGGGMOH_03446	gene	732				
LAGGGMOH_03446	CDS	732				hypothetical protein
LAGGGMOH_03447	gene	3549				
LAGGGMOH_03447	CDS	3549				hypothetical protein
LAGGGMOH_03448	gene	120				
LAGGGMOH_03448	CDS	120				hypothetical protein
LAGGGMOH_03449	gene	294				
LAGGGMOH_03449	CDS	294				hypothetical protein
LAGGGMOH_03450	gene	1212	xerC_27			
LAGGGMOH_03450	CDS	1212	xerC_27			Tyrosine recombinase XerC
LAGGGMOH_03451	gene	1230	xerC_28			
LAGGGMOH_03451	CDS	1230	xerC_28			Tyrosine recombinase XerC
LAGGGMOH_03452	gene	144				
LAGGGMOH_03452	CDS	144				hypothetical protein
LAGGGMOH_03453	gene	2481				
LAGGGMOH_03453	CDS	2481				hypothetical protein
LAGGGMOH_03454	gene	963				
LAGGGMOH_03454	CDS	963				hypothetical protein
LAGGGMOH_03455	gene	576				
LAGGGMOH_03455	CDS	576				hypothetical protein
LAGGGMOH_03456	gene	1488				
LAGGGMOH_03456	CDS	1488				hypothetical protein
LAGGGMOH_03457	gene	897				
LAGGGMOH_03457	CDS	897				hypothetical protein
LAGGGMOH_03458	gene	1374				
LAGGGMOH_03458	CDS	1374				hypothetical protein
LAGGGMOH_03459	gene	294				
LAGGGMOH_03459	CDS	294				hypothetical protein
LAGGGMOH_03460	gene	3159	mdtB_2			
LAGGGMOH_03460	CDS	3159	mdtB_2			Multidrug resistance protein MdtB
LAGGGMOH_03461	gene	1017	srpA			
LAGGGMOH_03461	CDS	1017	srpA			Solvent efflux pump periplasmic linker SrpA
LAGGGMOH_03462	gene	1353	tolC			
LAGGGMOH_03462	CDS	1353	tolC		COG1538	Outer membrane protein TolC
LAGGGMOH_03463	gene	645				
LAGGGMOH_03463	CDS	645				hypothetical protein
LAGGGMOH_03464	gene	1497	hutH			
LAGGGMOH_03464	CDS	1497	hutH	4.3.1.3	COG2986	Histidine ammonia-lyase
LAGGGMOH_03465	gene	630	fchA			
LAGGGMOH_03465	CDS	630	fchA	3.5.4.9	COG3404	Methenyltetrahydrofolate cyclohydrolase
LAGGGMOH_03466	gene	1254	hutI			
LAGGGMOH_03466	CDS	1254	hutI	3.5.2.7	COG1228	Imidazolonepropionase
LAGGGMOH_03467	gene	903				
LAGGGMOH_03467	CDS	903		2.1.2.5		Glutamate formimidoyltransferase
LAGGGMOH_03468	gene	1983	hutU			
LAGGGMOH_03468	CDS	1983	hutU	4.2.1.49		Urocanate hydratase
LAGGGMOH_03469	gene	633				
LAGGGMOH_03469	CDS	633				hypothetical protein
LAGGGMOH_03470	gene	1815	mutS_1			
LAGGGMOH_03470	CDS	1815	mutS_1			DNA mismatch repair protein MutS
LAGGGMOH_03471	gene	540				
LAGGGMOH_03471	CDS	540				hypothetical protein
LAGGGMOH_03472	gene	378				
LAGGGMOH_03472	CDS	378				hypothetical protein
LAGGGMOH_03473	gene	486	rplQ			
LAGGGMOH_03473	CDS	486	rplQ			Large ribosomal subunit protein bL17
LAGGGMOH_03474	gene	993	rpoA			
LAGGGMOH_03474	CDS	993	rpoA	2.7.7.6	COG0202	DNA-directed RNA polymerase subunit alpha
LAGGGMOH_03475	gene	606	rpsD			
LAGGGMOH_03475	CDS	606	rpsD			Small ribosomal subunit protein uS4
LAGGGMOH_03476	gene	153				
LAGGGMOH_03476	CDS	153				hypothetical protein
LAGGGMOH_03477	gene	390	rpsK			
LAGGGMOH_03477	CDS	390	rpsK		COG0100	Small ribosomal subunit protein uS11
LAGGGMOH_03478	gene	381	rpsM			
LAGGGMOH_03478	CDS	381	rpsM			Small ribosomal subunit protein uS13
LAGGGMOH_03479	gene	117	rpmJ			
LAGGGMOH_03479	CDS	117	rpmJ		COG0257	Large ribosomal subunit protein bL36
LAGGGMOH_03480	gene	219	infA			
LAGGGMOH_03480	CDS	219	infA		COG0361	Translation initiation factor IF-1
LAGGGMOH_03481	gene	798	map_2			
LAGGGMOH_03481	CDS	798	map_2	3.4.11.18	COG0024	Methionine aminopeptidase 1
LAGGGMOH_03482	gene	1347	secY			
LAGGGMOH_03482	CDS	1347	secY		COG0201	Protein translocase subunit SecY
LAGGGMOH_03483	gene	447	rplO			
LAGGGMOH_03483	CDS	447	rplO		COG0200	Large ribosomal subunit protein uL15
LAGGGMOH_03484	gene	177	rpmD			
LAGGGMOH_03484	CDS	177	rpmD		COG1841	Large ribosomal subunit protein uL30
LAGGGMOH_03485	gene	519	rpsE			
LAGGGMOH_03485	CDS	519	rpsE		COG0098	Small ribosomal subunit protein uS5
LAGGGMOH_03486	gene	345	rplR			
LAGGGMOH_03486	CDS	345	rplR		COG0256	Large ribosomal subunit protein uL18
LAGGGMOH_03487	gene	570	rplF			
LAGGGMOH_03487	CDS	570	rplF		COG0097	Large ribosomal subunit protein uL6
LAGGGMOH_03488	gene	396	rpsH			
LAGGGMOH_03488	CDS	396	rpsH		COG0096	Small ribosomal subunit protein uS8
LAGGGMOH_03489	gene	300	rpsN			
LAGGGMOH_03489	CDS	300	rpsN		COG0199	Small ribosomal subunit protein uS14
LAGGGMOH_03490	gene	558	rplE			
LAGGGMOH_03490	CDS	558	rplE		COG0094	Large ribosomal subunit protein uL5
LAGGGMOH_03491	gene	321	rplX			
LAGGGMOH_03491	CDS	321	rplX		COG0198	Large ribosomal subunit protein uL24
LAGGGMOH_03492	gene	366	rplN			
LAGGGMOH_03492	CDS	366	rplN		COG0093	Large ribosomal subunit protein uL14
LAGGGMOH_03493	gene	258	rpsQ			
LAGGGMOH_03493	CDS	258	rpsQ			Small ribosomal subunit protein uS17
LAGGGMOH_03494	gene	198	rpmC			
LAGGGMOH_03494	CDS	198	rpmC		COG0255	Large ribosomal subunit protein uL29
LAGGGMOH_03495	gene	435	rplP			
LAGGGMOH_03495	CDS	435	rplP		COG0197	Large ribosomal subunit protein uL16
LAGGGMOH_03496	gene	735	rpsC			
LAGGGMOH_03496	CDS	735	rpsC		COG0092	Small ribosomal subunit protein uS3
LAGGGMOH_03497	gene	411	rplV			
LAGGGMOH_03497	CDS	411	rplV		COG0091	Large ribosomal subunit protein uL22
LAGGGMOH_03498	gene	270	rpsS			
LAGGGMOH_03498	CDS	270	rpsS			Small ribosomal subunit protein uS19
LAGGGMOH_03499	gene	825	rplB			
LAGGGMOH_03499	CDS	825	rplB		COG0090	Large ribosomal subunit protein uL2
LAGGGMOH_03500	gene	291	rplW			
LAGGGMOH_03500	CDS	291	rplW		COG0089	Large ribosomal subunit protein uL23
LAGGGMOH_03501	gene	627	rplD			
LAGGGMOH_03501	CDS	627	rplD			Large ribosomal subunit protein uL4
LAGGGMOH_03502	gene	618	rplC			
LAGGGMOH_03502	CDS	618	rplC		COG0087	Large ribosomal subunit protein uL3
LAGGGMOH_03503	gene	306	rpsJ			
LAGGGMOH_03503	CDS	306	rpsJ		COG0051	Small ribosomal subunit protein uS10
LAGGGMOH_03504	gene	2118	fusA_2			
LAGGGMOH_03504	CDS	2118	fusA_2			Elongation factor G
LAGGGMOH_03505	gene	477	rpsG			
LAGGGMOH_03505	CDS	477	rpsG			Small ribosomal subunit protein uS7
LAGGGMOH_03506	gene	402	rpsL			
LAGGGMOH_03506	CDS	402	rpsL			Small ribosomal subunit protein uS12
LAGGGMOH_03507	gene	306				
LAGGGMOH_03507	CDS	306				hypothetical protein
LAGGGMOH_03508	gene	261				
LAGGGMOH_03508	CDS	261				hypothetical protein
LAGGGMOH_03509	gene	246				
LAGGGMOH_03509	CDS	246				hypothetical protein
LAGGGMOH_03510	gene	525				
LAGGGMOH_03510	CDS	525				hypothetical protein
LAGGGMOH_03511	gene	1137	wecH_3			
LAGGGMOH_03511	CDS	1137	wecH_3	2.3.1.-		O-acetyltransferase WecH
LAGGGMOH_03512	gene	4284	rpoC			
LAGGGMOH_03512	CDS	4284	rpoC	2.7.7.6	COG0086	DNA-directed RNA polymerase subunit beta'
LAGGGMOH_03513	gene	3813	rpoB			
LAGGGMOH_03513	CDS	3813	rpoB			DNA-directed RNA polymerase subunit beta RpoB
LAGGGMOH_03514	gene	375	rplL			
LAGGGMOH_03514	CDS	375	rplL			Large ribosomal subunit protein bL12
LAGGGMOH_03515	gene	513	rplJ			
LAGGGMOH_03515	CDS	513	rplJ		COG0244	Large ribosomal subunit protein uL10
LAGGGMOH_03516	gene	699	rplA			
LAGGGMOH_03516	CDS	699	rplA			Large ribosomal subunit protein uL1
LAGGGMOH_03517	gene	444	rplK			
LAGGGMOH_03517	CDS	444	rplK		COG0080	Large ribosomal subunit protein uL11
LAGGGMOH_03518	gene	543	nusG			
LAGGGMOH_03518	CDS	543	nusG		COG0250	Transcription termination/antitermination protein NusG
LAGGGMOH_03519	gene	74				
LAGGGMOH_03519	tRNA	74				tRNA-Trp(cca)
LAGGGMOH_03520	gene	1185	tufA			
LAGGGMOH_03520	CDS	1185	tufA	3.6.5.3		Elongation factor Tu
LAGGGMOH_03521	gene	73				
LAGGGMOH_03521	tRNA	73				tRNA-Thr(ggt)
LAGGGMOH_03522	gene	74				
LAGGGMOH_03522	tRNA	74				tRNA-Gly(tcc)
LAGGGMOH_03523	gene	84				
LAGGGMOH_03523	tRNA	84				tRNA-Tyr(gta)
LAGGGMOH_03524	gene	75				
LAGGGMOH_03524	tRNA	75				tRNA-Thr(tgt)
LAGGGMOH_03525	gene	300	hpf			
LAGGGMOH_03525	CDS	300	hpf			Ribosome hibernation promoting factor
LAGGGMOH_03526	gene	882	xerD_2			
LAGGGMOH_03526	CDS	882	xerD_2			Tyrosine recombinase XerD
LAGGGMOH_03527	gene	237	rpsU			
LAGGGMOH_03527	CDS	237	rpsU			Small ribosomal subunit protein bS21
LAGGGMOH_03528	gene	1779				
LAGGGMOH_03528	CDS	1779				hypothetical protein
LAGGGMOH_03529	gene	513				
LAGGGMOH_03529	CDS	513		4.2.1.1	COG0663	Carbonic anhydrase
LAGGGMOH_03530	gene	1221	waaA			
LAGGGMOH_03530	CDS	1221	waaA	2.4.99.12	COG1519	3-deoxy-D-manno-octulosonic acid transferase
LAGGGMOH_03531	gene	1518	gltX			
LAGGGMOH_03531	CDS	1518	gltX	6.1.1.17		Glutamate--tRNA ligase
LAGGGMOH_03532	gene	2058	rny_2			
LAGGGMOH_03532	CDS	2058	rny_2	3.1.-.-		Ribonuclease Y
LAGGGMOH_03533	gene	474				
LAGGGMOH_03533	CDS	474		3.1.3.48	COG0394	Putative low molecular weight protein-tyrosine-phosphatase
LAGGGMOH_03534	gene	1800				
LAGGGMOH_03534	CDS	1800				hypothetical protein
LAGGGMOH_03535	gene	2496	priA			
LAGGGMOH_03535	CDS	2496	priA	5.6.2.4	COG1198	Replication restart protein PriA
LAGGGMOH_03536	gene	579				
LAGGGMOH_03536	CDS	579				hypothetical protein
LAGGGMOH_03537	gene	89				
LAGGGMOH_03537	tRNA	89				tRNA-Ser(cga)
LAGGGMOH_03538	gene	1161				
LAGGGMOH_03538	CDS	1161				hypothetical protein
LAGGGMOH_03539	gene	1434				
LAGGGMOH_03539	CDS	1434		4.3.1.1		Aspartate ammonia-lyase
LAGGGMOH_03540	gene	1311	dcuA			
LAGGGMOH_03540	CDS	1311	dcuA		COG2704	C4-dicarboxylate transporter DcuA
LAGGGMOH_03541	gene	1059	ansB			
LAGGGMOH_03541	CDS	1059	ansB	3.5.1.1	COG0252	L-asparaginase 2
LAGGGMOH_03542	gene	1188				
LAGGGMOH_03542	CDS	1188				hypothetical protein
LAGGGMOH_03543	gene	222				
LAGGGMOH_03543	CDS	222				hypothetical protein
LAGGGMOH_03544	gene	564	pduO			
LAGGGMOH_03544	CDS	564	pduO			Corrinoid adenosyltransferase PduO
LAGGGMOH_03545	gene	663				
LAGGGMOH_03545	CDS	663				hypothetical protein
LAGGGMOH_03546	gene	120				
LAGGGMOH_03546	CDS	120				hypothetical protein
LAGGGMOH_03547	gene	120				
LAGGGMOH_03547	CDS	120				hypothetical protein
LAGGGMOH_03548	gene	960				
LAGGGMOH_03548	CDS	960				hypothetical protein
LAGGGMOH_03549	gene	2139				
LAGGGMOH_03549	CDS	2139				hypothetical protein
LAGGGMOH_03550	gene	2082				
LAGGGMOH_03550	CDS	2082				hypothetical protein
LAGGGMOH_03551	gene	621				
LAGGGMOH_03551	CDS	621				hypothetical protein
LAGGGMOH_03552	gene	492				
LAGGGMOH_03552	CDS	492				hypothetical protein
LAGGGMOH_03553	gene	162				
LAGGGMOH_03553	CDS	162				hypothetical protein
LAGGGMOH_03554	gene	2526				
LAGGGMOH_03554	CDS	2526				hypothetical protein
LAGGGMOH_03555	gene	561	nudF			
LAGGGMOH_03555	CDS	561	nudF	3.6.1.13	COG0494	ADP-ribose pyrophosphatase
LAGGGMOH_03556	gene	93				
LAGGGMOH_03556	CDS	93				hypothetical protein
LAGGGMOH_03557	gene	1056				
LAGGGMOH_03557	CDS	1056				hypothetical protein
LAGGGMOH_03558	gene	756	lytR_3			
LAGGGMOH_03558	CDS	756	lytR_3		COG3279	Transcriptional regulatory protein LytR
LAGGGMOH_03559	gene	1506	napF			
LAGGGMOH_03559	CDS	1506	napF			Ferredoxin-type protein NapF
LAGGGMOH_03560	gene	1383				
LAGGGMOH_03560	CDS	1383				hypothetical protein
LAGGGMOH_03561	gene	2298	btuB_10			
LAGGGMOH_03561	CDS	2298	btuB_10			Vitamin B12 transporter BtuB
LAGGGMOH_03562	gene	513				
LAGGGMOH_03562	CDS	513				hypothetical protein
LAGGGMOH_03563	gene	651				
LAGGGMOH_03563	CDS	651				hypothetical protein
LAGGGMOH_03564	gene	588				
LAGGGMOH_03564	CDS	588		2.3.1.-		Putative acetyltransferase
LAGGGMOH_03565	gene	837				
LAGGGMOH_03565	CDS	837				hypothetical protein
LAGGGMOH_03566	gene	855	ada			
LAGGGMOH_03566	CDS	855	ada		COG0350	Bifunctional transcriptional activator/DNA repair enzyme Ada
LAGGGMOH_03567	gene	393	ogt			
LAGGGMOH_03567	CDS	393	ogt	2.1.1.63	COG0350	Methylated-DNA--protein-cysteine methyltransferase
LAGGGMOH_03568	gene	489				
LAGGGMOH_03568	CDS	489				hypothetical protein
LAGGGMOH_03569	gene	342				
LAGGGMOH_03569	CDS	342				hypothetical protein
LAGGGMOH_03570	gene	954				
LAGGGMOH_03570	CDS	954				hypothetical protein
LAGGGMOH_03571	gene	85				
LAGGGMOH_03571	tRNA	85				tRNA-Leu(caa)
LAGGGMOH_03572	gene	1083	rfbM			
LAGGGMOH_03572	CDS	1083	rfbM	2.7.7.13		Mannose-1-phosphate guanylyltransferase RfbM
LAGGGMOH_03573	gene	441				
LAGGGMOH_03573	CDS	441				hypothetical protein
LAGGGMOH_03574	gene	465	greA			
LAGGGMOH_03574	CDS	465	greA		COG0782	Transcription elongation factor GreA
LAGGGMOH_03575	gene	1152	resA_10			
LAGGGMOH_03575	CDS	1152	resA_10			Thiol-disulfide oxidoreductase ResA
LAGGGMOH_03576	gene	2127	pnp			
LAGGGMOH_03576	CDS	2127	pnp	2.7.7.8	COG1185	Polyribonucleotide nucleotidyltransferase
LAGGGMOH_03577	gene	534				
LAGGGMOH_03577	CDS	534				hypothetical protein
LAGGGMOH_03578	gene	933				
LAGGGMOH_03578	CDS	933				hypothetical protein
LAGGGMOH_03579	gene	3390	susC_14			
LAGGGMOH_03579	CDS	3390	susC_14		COG1629	TonB-dependent receptor SusC
LAGGGMOH_03580	gene	1617				
LAGGGMOH_03580	CDS	1617				hypothetical protein
LAGGGMOH_03581	gene	1620				
LAGGGMOH_03581	CDS	1620				hypothetical protein
LAGGGMOH_03582	gene	1620				
LAGGGMOH_03582	CDS	1620				hypothetical protein
LAGGGMOH_03583	gene	303				
LAGGGMOH_03583	CDS	303				hypothetical protein
LAGGGMOH_03584	gene	147				
LAGGGMOH_03584	CDS	147				hypothetical protein
LAGGGMOH_03585	gene	1638				
LAGGGMOH_03585	CDS	1638				hypothetical protein
LAGGGMOH_03586	gene	1116	buk2			
LAGGGMOH_03586	CDS	1116	buk2	2.7.2.7	COG3426	Butyrate kinase 2
LAGGGMOH_03587	gene	942	ptb			
LAGGGMOH_03587	CDS	942	ptb	2.3.1.19	COG0280	Phosphate butyryltransferase
LAGGGMOH_03588	gene	792				
LAGGGMOH_03588	CDS	792		3.2.1.103		Keratan-sulfate endo-1,4-beta-galactosidase
LAGGGMOH_03589	gene	915	ykfA			
LAGGGMOH_03589	CDS	915	ykfA	3.4.16.-	COG1619	putative murein peptide carboxypeptidase
LAGGGMOH_03590	gene	990				
LAGGGMOH_03590	CDS	990				hypothetical protein
LAGGGMOH_03591	gene	429	sufE			
LAGGGMOH_03591	CDS	429	sufE		COG2166	Cysteine desulfuration protein SufE
LAGGGMOH_03592	gene	219				
LAGGGMOH_03592	CDS	219				hypothetical protein
LAGGGMOH_03593	gene	639				
LAGGGMOH_03593	CDS	639				hypothetical protein
LAGGGMOH_03594	gene	789				
LAGGGMOH_03594	CDS	789				hypothetical protein
LAGGGMOH_03595	gene	930	ribCF			
LAGGGMOH_03595	CDS	930	ribCF		COG0196	Bifunctional riboflavin kinase/FMN adenylyltransferase
LAGGGMOH_03596	gene	627				
LAGGGMOH_03596	CDS	627		3.1.3.-	COG1011	D-ribitol-5-phosphate phosphatase
LAGGGMOH_03597	gene	2685	yoaB			
LAGGGMOH_03597	CDS	2685	yoaB	7.2.2.10	COG0474	Calcium-transporting ATPase 1
LAGGGMOH_03598	gene	1671	rcsC_27			
LAGGGMOH_03598	CDS	1671	rcsC_27	2.7.13.3		Sensor histidine kinase RcsC
LAGGGMOH_03599	gene	162	rd			
LAGGGMOH_03599	CDS	162	rd	1.-.-.-	COG1773	Rubredoxin
LAGGGMOH_03600	gene	1698				
LAGGGMOH_03600	CDS	1698				hypothetical protein
LAGGGMOH_03601	gene	1674	udk_2			
LAGGGMOH_03601	CDS	1674	udk_2	2.7.1.48		Uridine kinase
LAGGGMOH_03602	gene	99				
LAGGGMOH_03602	CDS	99				hypothetical protein
LAGGGMOH_03603	gene	1554	rcsD			
LAGGGMOH_03603	CDS	1554	rcsD	2.7.2.-		Phosphotransferase RcsD
LAGGGMOH_03604	gene	1827				
LAGGGMOH_03604	CDS	1827				hypothetical protein
LAGGGMOH_03605	gene	1581				
LAGGGMOH_03605	CDS	1581				hypothetical protein
LAGGGMOH_03606	gene	1938				
LAGGGMOH_03606	CDS	1938				hypothetical protein
LAGGGMOH_03607	gene	462				
LAGGGMOH_03607	CDS	462				hypothetical protein
LAGGGMOH_03608	gene	1374	pepP			
LAGGGMOH_03608	CDS	1374	pepP	3.4.11.9	COG0006	Xaa-Pro aminopeptidase
LAGGGMOH_03609	gene	1479	rpoN			
LAGGGMOH_03609	CDS	1479	rpoN		COG1508	RNA polymerase sigma-54 factor
LAGGGMOH_03610	gene	681				
LAGGGMOH_03610	CDS	681				hypothetical protein
LAGGGMOH_03611	gene	381	gcvH			
LAGGGMOH_03611	CDS	381	gcvH		COG0509	Glycine cleavage system H protein
LAGGGMOH_03612	gene	507	purE			
LAGGGMOH_03612	CDS	507	purE	5.4.99.18	COG0041	N5-carboxyaminoimidazole ribonucleotide mutase
LAGGGMOH_03613	gene	141				
LAGGGMOH_03613	CDS	141				hypothetical protein
LAGGGMOH_03614	gene	1968	ispG			
LAGGGMOH_03614	CDS	1968	ispG	1.17.7.3		4-hydroxy-3-methylbut-2-en-1-yl diphosphate synthase (ferredoxin)
LAGGGMOH_03615	gene	774				
LAGGGMOH_03615	CDS	774				hypothetical protein
LAGGGMOH_03616	gene	186				
LAGGGMOH_03616	CDS	186				hypothetical protein
LAGGGMOH_03617	gene	1686				
LAGGGMOH_03617	CDS	1686				hypothetical protein
LAGGGMOH_03618	gene	990	ydjH			
LAGGGMOH_03618	CDS	990	ydjH	2.7.1.-	COG0524	putative sugar kinase YdjH
LAGGGMOH_03619	gene	75				
LAGGGMOH_03619	tRNA	75				tRNA-Asn(gtt)
LAGGGMOH_03620	gene	75				
LAGGGMOH_03620	tRNA	75				tRNA-Asn(gtt)
LAGGGMOH_03621	gene	2463				
LAGGGMOH_03621	CDS	2463				hypothetical protein
LAGGGMOH_03622	gene	2751				
LAGGGMOH_03622	CDS	2751				hypothetical protein
LAGGGMOH_03623	gene	1308				
LAGGGMOH_03623	CDS	1308				hypothetical protein
LAGGGMOH_03624	gene	1980				
LAGGGMOH_03624	CDS	1980				hypothetical protein
LAGGGMOH_03625	gene	3171				
LAGGGMOH_03625	CDS	3171			COG4771	TonB-dependent receptor P3
LAGGGMOH_03626	gene	4029	rcsC_28			
LAGGGMOH_03626	CDS	4029	rcsC_28	2.7.13.3		Sensor histidine kinase RcsC
LAGGGMOH_03627	gene	753	hpdA			
LAGGGMOH_03627	CDS	753	hpdA	1.97.1.-		4-hydroxyphenylacetate decarboxylase activating enzyme
LAGGGMOH_03628	gene	1884	pflD			
LAGGGMOH_03628	CDS	1884	pflD	4.2.1.-	COG1882	putative dehydratase PflD
LAGGGMOH_03629	gene	1320	xylE_3			
LAGGGMOH_03629	CDS	1320	xylE_3		COG0477	D-xylose-proton symporter
LAGGGMOH_03630	gene	1131	mro_2			
LAGGGMOH_03630	CDS	1131	mro_2	5.1.3.3		Aldose 1-epimerase
LAGGGMOH_03631	gene	2076				
LAGGGMOH_03631	CDS	2076				hypothetical protein
LAGGGMOH_03632	gene	282	ycnE			
LAGGGMOH_03632	CDS	282	ycnE	1.-.-.-	COG1359	Putative monooxygenase YcnE
LAGGGMOH_03633	gene	693				
LAGGGMOH_03633	CDS	693				hypothetical protein
LAGGGMOH_03634	gene	807	suhB			
LAGGGMOH_03634	CDS	807	suhB	3.1.3.25		Nus factor SuhB
LAGGGMOH_03635	gene	726				
LAGGGMOH_03635	CDS	726				hypothetical protein
LAGGGMOH_03636	gene	1491				
LAGGGMOH_03636	CDS	1491				hypothetical protein
LAGGGMOH_03637	gene	1131				
LAGGGMOH_03637	CDS	1131				hypothetical protein
LAGGGMOH_03638	gene	1194				
LAGGGMOH_03638	CDS	1194				hypothetical protein
LAGGGMOH_03639	gene	762				
LAGGGMOH_03639	CDS	762				hypothetical protein
LAGGGMOH_03640	gene	603				
LAGGGMOH_03640	CDS	603				hypothetical protein
LAGGGMOH_03641	gene	627				
LAGGGMOH_03641	CDS	627				hypothetical protein
LAGGGMOH_03642	gene	1806	frbH			
LAGGGMOH_03642	CDS	1806	frbH			CMP-5'-(3-aminopropyl)phosphonate synthase
LAGGGMOH_03643	gene	141				
LAGGGMOH_03643	CDS	141				hypothetical protein
LAGGGMOH_03644	gene	1248				
LAGGGMOH_03644	CDS	1248				hypothetical protein
LAGGGMOH_03645	gene	1227				
LAGGGMOH_03645	CDS	1227				hypothetical protein
LAGGGMOH_03646	gene	246				
LAGGGMOH_03646	CDS	246				hypothetical protein
LAGGGMOH_03647	gene	1281				
LAGGGMOH_03647	CDS	1281				hypothetical protein
LAGGGMOH_03648	gene	243				
LAGGGMOH_03648	CDS	243				hypothetical protein
LAGGGMOH_03649	gene	1143	mshA_10			
LAGGGMOH_03649	CDS	1143	mshA_10	2.4.1.250		D-inositol-3-phosphate glycosyltransferase
LAGGGMOH_03650	gene	1350				
LAGGGMOH_03650	CDS	1350				hypothetical protein
LAGGGMOH_03651	gene	1116				
LAGGGMOH_03651	CDS	1116				hypothetical protein
LAGGGMOH_03652	gene	1218				
LAGGGMOH_03652	CDS	1218				hypothetical protein
LAGGGMOH_03653	gene	1251				
LAGGGMOH_03653	CDS	1251				hypothetical protein
LAGGGMOH_03654	gene	1308				
LAGGGMOH_03654	CDS	1308				hypothetical protein
LAGGGMOH_03655	gene	366				
LAGGGMOH_03655	CDS	366				hypothetical protein
LAGGGMOH_03656	gene	1221				
LAGGGMOH_03656	CDS	1221				hypothetical protein
LAGGGMOH_03657	gene	1485				
LAGGGMOH_03657	CDS	1485				hypothetical protein
LAGGGMOH_03658	gene	1200				
LAGGGMOH_03658	CDS	1200				hypothetical protein
LAGGGMOH_03659	gene	252				
LAGGGMOH_03659	CDS	252				hypothetical protein
LAGGGMOH_03660	gene	186				
LAGGGMOH_03660	CDS	186				hypothetical protein
LAGGGMOH_03661	gene	1203				
LAGGGMOH_03661	CDS	1203				hypothetical protein
LAGGGMOH_03662	gene	252				
LAGGGMOH_03662	CDS	252				hypothetical protein
LAGGGMOH_03663	gene	1248	mshA_11			
LAGGGMOH_03663	CDS	1248	mshA_11	2.4.1.250		D-inositol-3-phosphate glycosyltransferase
LAGGGMOH_03664	gene	387				
LAGGGMOH_03664	CDS	387				hypothetical protein
LAGGGMOH_03665	gene	1137				
LAGGGMOH_03665	CDS	1137				hypothetical protein
LAGGGMOH_03666	gene	1128				
LAGGGMOH_03666	CDS	1128				hypothetical protein
LAGGGMOH_03667	gene	522	nudC_2			
LAGGGMOH_03667	CDS	522	nudC_2	3.6.1.22		NAD-capped RNA hydrolase NudC
LAGGGMOH_03668	gene	3009	cpoB_2			
LAGGGMOH_03668	CDS	3009	cpoB_2			Cell division coordinator CpoB
LAGGGMOH_03669	gene	1704				
LAGGGMOH_03669	CDS	1704				hypothetical protein
LAGGGMOH_03670	gene	2346	topA			
LAGGGMOH_03670	CDS	2346	topA	5.6.2.1		DNA topoisomerase 1
LAGGGMOH_03671	gene	1110				
LAGGGMOH_03671	CDS	1110				hypothetical protein
LAGGGMOH_03672	gene	1842	argS			
LAGGGMOH_03672	CDS	1842	argS	6.1.1.19	COG0018	Arginine--tRNA ligase
LAGGGMOH_03673	gene	273	hup_3			
LAGGGMOH_03673	CDS	273	hup_3			DNA-binding protein HU
LAGGGMOH_03674	gene	675				
LAGGGMOH_03674	CDS	675				hypothetical protein
LAGGGMOH_03675	gene	900				
LAGGGMOH_03675	CDS	900				hypothetical protein
LAGGGMOH_03676	gene	1098				
LAGGGMOH_03676	CDS	1098				hypothetical protein
LAGGGMOH_03677	gene	3024				
LAGGGMOH_03677	CDS	3024				hypothetical protein
LAGGGMOH_03678	gene	75				
LAGGGMOH_03678	tRNA	75				tRNA-Arg(cct)
LAGGGMOH_03679	gene	1851	korA_2			
LAGGGMOH_03679	CDS	1851	korA_2	1.2.7.3	COG0674	2-oxoglutarate oxidoreductase subunit KorA
LAGGGMOH_03680	gene	1011	korB_2			
LAGGGMOH_03680	CDS	1011	korB_2	1.2.7.3	COG1013	2-oxoglutarate oxidoreductase subunit KorB
LAGGGMOH_03681	gene	870				
LAGGGMOH_03681	CDS	870				hypothetical protein
LAGGGMOH_03682	gene	654	upp			
LAGGGMOH_03682	CDS	654	upp	2.4.2.9	COG0035	Uracil phosphoribosyltransferase
LAGGGMOH_03683	gene	1608	pckA			
LAGGGMOH_03683	CDS	1608	pckA	4.1.1.49		Phosphoenolpyruvate carboxykinase (ATP)
LAGGGMOH_03684	gene	1725				
LAGGGMOH_03684	CDS	1725				hypothetical protein
LAGGGMOH_03685	gene	3279	susC_15			
LAGGGMOH_03685	CDS	3279	susC_15		COG1629	TonB-dependent receptor SusC
LAGGGMOH_03686	gene	2001				
LAGGGMOH_03686	CDS	2001				hypothetical protein
LAGGGMOH_03687	gene	3156				
LAGGGMOH_03687	CDS	3156			COG4771	TonB-dependent receptor P39
LAGGGMOH_03688	gene	1854				
LAGGGMOH_03688	CDS	1854				hypothetical protein
LAGGGMOH_03689	gene	477				
LAGGGMOH_03689	CDS	477				hypothetical protein
LAGGGMOH_03690	gene	1818	glaB_2			
LAGGGMOH_03690	CDS	1818	glaB_2	3.2.1.-	COG5434	Alpha-1,3-galactosidase B
LAGGGMOH_03691	gene	1128				
LAGGGMOH_03691	CDS	1128				hypothetical protein
LAGGGMOH_03692	gene	3048				
LAGGGMOH_03692	CDS	3048				hypothetical protein
LAGGGMOH_03693	gene	2490				
LAGGGMOH_03693	CDS	2490				hypothetical protein
LAGGGMOH_03694	gene	3261				
LAGGGMOH_03694	CDS	3261			COG4771	TonB-dependent receptor P3
LAGGGMOH_03695	gene	2028				
LAGGGMOH_03695	CDS	2028				hypothetical protein
LAGGGMOH_03696	gene	1800	bipA			
LAGGGMOH_03696	CDS	1800	bipA	3.6.5.-		Large ribosomal subunit assembly factor BipA
LAGGGMOH_03697	gene	270	rpsO			
LAGGGMOH_03697	CDS	270	rpsO		COG0184	Small ribosomal subunit protein uS15
LAGGGMOH_03698	gene	576				
LAGGGMOH_03698	CDS	576				hypothetical protein
LAGGGMOH_03699	gene	1686	fadD3_2			
LAGGGMOH_03699	CDS	1686	fadD3_2	6.2.1.41	COG0318	3-[(3aS,4S,7aS)-7a-methyl-1,5-dioxo-octahydro-1H-inden-4-yl]propanoyl:CoA ligase
LAGGGMOH_03700	gene	1017	rcsC_29			
LAGGGMOH_03700	CDS	1017	rcsC_29	2.7.13.3		Sensor histidine kinase RcsC
LAGGGMOH_03701	gene	1236	xerC_29			
LAGGGMOH_03701	CDS	1236	xerC_29			Tyrosine recombinase XerC
LAGGGMOH_03702	gene	363				
LAGGGMOH_03702	CDS	363				hypothetical protein
LAGGGMOH_03703	gene	306				
LAGGGMOH_03703	CDS	306				hypothetical protein
LAGGGMOH_03704	gene	258				
LAGGGMOH_03704	CDS	258				hypothetical protein
LAGGGMOH_03705	gene	765				
LAGGGMOH_03705	CDS	765				hypothetical protein
LAGGGMOH_03706	gene	1578				
LAGGGMOH_03706	CDS	1578				hypothetical protein
LAGGGMOH_03707	gene	2091	topB_5			
LAGGGMOH_03707	CDS	2091	topB_5	5.6.2.1	COG0550	DNA topoisomerase 3
LAGGGMOH_03708	gene	453				
LAGGGMOH_03708	CDS	453				hypothetical protein
LAGGGMOH_03709	gene	5841				
LAGGGMOH_03709	CDS	5841				hypothetical protein
LAGGGMOH_03710	gene	309				
LAGGGMOH_03710	CDS	309				hypothetical protein
LAGGGMOH_03711	gene	378				
LAGGGMOH_03711	CDS	378				hypothetical protein
LAGGGMOH_03712	gene	858	rimI			
LAGGGMOH_03712	CDS	858	rimI	2.3.1.266		[Ribosomal protein bS18]-alanine N-acetyltransferase
LAGGGMOH_03713	gene	963				
LAGGGMOH_03713	CDS	963				IS982 family transposase IS1187
LAGGGMOH_03714	gene	801	ermD			
LAGGGMOH_03714	CDS	801	ermD	2.1.1.-		rRNA adenine N-6-methyltransferase
LAGGGMOH_03715	gene	1926	tet(Q)_1			
LAGGGMOH_03715	CDS	1926	tet(Q)_1			tetracycline resistance ribosomal protection protein Tet(Q)
LAGGGMOH_03716	gene	2319	rcsC_30			
LAGGGMOH_03716	CDS	2319	rcsC_30	2.7.13.3		Sensor histidine kinase RcsC
LAGGGMOH_03717	gene	1323	zraR_5			
LAGGGMOH_03717	CDS	1323	zraR_5		COG2204	Transcriptional regulatory protein ZraR
LAGGGMOH_03718	gene	585				
LAGGGMOH_03718	CDS	585				hypothetical protein
LAGGGMOH_03719	gene	618				
LAGGGMOH_03719	CDS	618				hypothetical protein
LAGGGMOH_03720	gene	1458				
LAGGGMOH_03720	CDS	1458				hypothetical protein
LAGGGMOH_03721	gene	1995				
LAGGGMOH_03721	CDS	1995				hypothetical protein
LAGGGMOH_03722	gene	132				
LAGGGMOH_03722	CDS	132				hypothetical protein
LAGGGMOH_03723	gene	2010				
LAGGGMOH_03723	CDS	2010				hypothetical protein
LAGGGMOH_03724	gene	1251				
LAGGGMOH_03724	CDS	1251				hypothetical protein
LAGGGMOH_03725	gene	426				
LAGGGMOH_03725	CDS	426				hypothetical protein
LAGGGMOH_03726	gene	1050				
LAGGGMOH_03726	CDS	1050				hypothetical protein
LAGGGMOH_03727	gene	441				
LAGGGMOH_03727	CDS	441				hypothetical protein
LAGGGMOH_03728	gene	348				
LAGGGMOH_03728	CDS	348				hypothetical protein
LAGGGMOH_03729	gene	729				
LAGGGMOH_03729	CDS	729				hypothetical protein
LAGGGMOH_03730	gene	312				
LAGGGMOH_03730	CDS	312				hypothetical protein
LAGGGMOH_03731	gene	333				
LAGGGMOH_03731	CDS	333				hypothetical protein
LAGGGMOH_03732	gene	2505				
LAGGGMOH_03732	CDS	2505				hypothetical protein
LAGGGMOH_03733	gene	381				
LAGGGMOH_03733	CDS	381				hypothetical protein
LAGGGMOH_03734	gene	228				
LAGGGMOH_03734	CDS	228				hypothetical protein
LAGGGMOH_03735	gene	141				
LAGGGMOH_03735	CDS	141				hypothetical protein
LAGGGMOH_03736	gene	1836	ltrA_1			
LAGGGMOH_03736	CDS	1836	ltrA_1			Group II intron-encoded protein LtrA
LAGGGMOH_03737	gene	537				
LAGGGMOH_03737	CDS	537				hypothetical protein
LAGGGMOH_03738	gene	1005				
LAGGGMOH_03738	CDS	1005				hypothetical protein
LAGGGMOH_03739	gene	624				
LAGGGMOH_03739	CDS	624				hypothetical protein
LAGGGMOH_03740	gene	309				
LAGGGMOH_03740	CDS	309				hypothetical protein
LAGGGMOH_03741	gene	1350				
LAGGGMOH_03741	CDS	1350				hypothetical protein
LAGGGMOH_03742	gene	987				
LAGGGMOH_03742	CDS	987				hypothetical protein
LAGGGMOH_03743	gene	576				
LAGGGMOH_03743	CDS	576				hypothetical protein
LAGGGMOH_03744	gene	903				
LAGGGMOH_03744	CDS	903				hypothetical protein
LAGGGMOH_03745	gene	504				
LAGGGMOH_03745	CDS	504				hypothetical protein
LAGGGMOH_03746	gene	594				
LAGGGMOH_03746	CDS	594				hypothetical protein
LAGGGMOH_03747	gene	222				
LAGGGMOH_03747	CDS	222				hypothetical protein
LAGGGMOH_03748	gene	309				
LAGGGMOH_03748	CDS	309				hypothetical protein
LAGGGMOH_03749	gene	246				
LAGGGMOH_03749	CDS	246				hypothetical protein
LAGGGMOH_03750	gene	234				
LAGGGMOH_03750	CDS	234				hypothetical protein
LAGGGMOH_03751	gene	258				
LAGGGMOH_03751	CDS	258				hypothetical protein
LAGGGMOH_03752	gene	1290				
LAGGGMOH_03752	CDS	1290				hypothetical protein
LAGGGMOH_03753	gene	423				
LAGGGMOH_03753	CDS	423				hypothetical protein
LAGGGMOH_03754	gene	597				
LAGGGMOH_03754	CDS	597				hypothetical protein
LAGGGMOH_03755	gene	222				
LAGGGMOH_03755	CDS	222				hypothetical protein
LAGGGMOH_03756	gene	216				
LAGGGMOH_03756	CDS	216				hypothetical protein
LAGGGMOH_03757	gene	591				
LAGGGMOH_03757	CDS	591				hypothetical protein
LAGGGMOH_03758	gene	1419	ahcY			
LAGGGMOH_03758	CDS	1419	ahcY	3.13.2.1	COG0499	Adenosylhomocysteinase
LAGGGMOH_03759	gene	2502				
LAGGGMOH_03759	CDS	2502				hypothetical protein
LAGGGMOH_03760	gene	1542	atsA_5			
LAGGGMOH_03760	CDS	1542	atsA_5	3.1.6.1		Arylsulfatase
LAGGGMOH_03761	gene	1950				
LAGGGMOH_03761	CDS	1950				hypothetical protein
LAGGGMOH_03762	gene	3513				
LAGGGMOH_03762	CDS	3513			COG4771	TonB-dependent receptor P3
LAGGGMOH_03763	gene	981				
LAGGGMOH_03763	CDS	981				hypothetical protein
LAGGGMOH_03764	gene	552	sigW_5			
LAGGGMOH_03764	CDS	552	sigW_5		COG1595	ECF RNA polymerase sigma factor SigW
LAGGGMOH_03765	gene	1239	lolE_2			
LAGGGMOH_03765	CDS	1239	lolE_2		COG4591	Lipoprotein-releasing system transmembrane protein LolE
LAGGGMOH_03766	gene	333	rbfA			
LAGGGMOH_03766	CDS	333	rbfA		COG0858	Ribosome-binding factor A
LAGGGMOH_03767	gene	639	trmR			
LAGGGMOH_03767	CDS	639	trmR	2.1.1.-		tRNA 5-hydroxyuridine methyltransferase
LAGGGMOH_03768	gene	1458	pyk			
LAGGGMOH_03768	CDS	1458	pyk	2.7.1.40		Pyruvate kinase
LAGGGMOH_03769	gene	420	aroQ			
LAGGGMOH_03769	CDS	420	aroQ	4.2.1.10	COG0757	3-dehydroquinate dehydratase
LAGGGMOH_03770	gene	960	xerD_3			
LAGGGMOH_03770	CDS	960	xerD_3			Tyrosine recombinase XerD
LAGGGMOH_03771	gene	1692				
LAGGGMOH_03771	CDS	1692				hypothetical protein
LAGGGMOH_03772	gene	1071	resA_11			
LAGGGMOH_03772	CDS	1071	resA_11			Thiol-disulfide oxidoreductase ResA
LAGGGMOH_03773	gene	1539	comM			
LAGGGMOH_03773	CDS	1539	comM		COG0606	Competence protein ComM
LAGGGMOH_03774	gene	1701				
LAGGGMOH_03774	CDS	1701				hypothetical protein
LAGGGMOH_03775	gene	1200				
LAGGGMOH_03775	CDS	1200				hypothetical protein
LAGGGMOH_03776	gene	447				
LAGGGMOH_03776	CDS	447				hypothetical protein
LAGGGMOH_03777	gene	1710				
LAGGGMOH_03777	CDS	1710				hypothetical protein
LAGGGMOH_03778	gene	1086	ahbD			
LAGGGMOH_03778	CDS	1086	ahbD	1.3.98.6	COG0535	AdoMet-dependent heme synthase
LAGGGMOH_03779	gene	489				
LAGGGMOH_03779	CDS	489				hypothetical protein
LAGGGMOH_03780	gene	2061	FCS1			
LAGGGMOH_03780	CDS	2061	FCS1	6.2.1.34		Trans-feruloyl-CoA synthase FCS1
LAGGGMOH_03781	gene	1236				
LAGGGMOH_03781	CDS	1236				hypothetical protein
LAGGGMOH_03782	gene	1164				
LAGGGMOH_03782	CDS	1164				hypothetical protein
LAGGGMOH_03783	gene	891	egtB			
LAGGGMOH_03783	CDS	891	egtB	1.14.99.50		Hercynine oxygenase
LAGGGMOH_03784	gene	1395				
LAGGGMOH_03784	CDS	1395				hypothetical protein
LAGGGMOH_03785	gene	936				
LAGGGMOH_03785	CDS	936				hypothetical protein
LAGGGMOH_03786	gene	330				
LAGGGMOH_03786	CDS	330				hypothetical protein
LAGGGMOH_03787	gene	1083				
LAGGGMOH_03787	CDS	1083				hypothetical protein
LAGGGMOH_03788	gene	315				
LAGGGMOH_03788	CDS	315				hypothetical protein
LAGGGMOH_03789	gene	1083				
LAGGGMOH_03789	CDS	1083				hypothetical protein
LAGGGMOH_03790	gene	2040	metG			
LAGGGMOH_03790	CDS	2040	metG	6.1.1.10		Methionine--tRNA ligase
LAGGGMOH_03791	gene	1446	tuaB_3			
LAGGGMOH_03791	CDS	1446	tuaB_3		COG2244	Teichuronic acid biosynthesis protein TuaB
LAGGGMOH_03792	gene	1185				
LAGGGMOH_03792	CDS	1185				hypothetical protein
LAGGGMOH_03793	gene	1008				
LAGGGMOH_03793	CDS	1008				hypothetical protein
LAGGGMOH_03794	gene	1200	mshA_12			
LAGGGMOH_03794	CDS	1200	mshA_12	2.4.1.250		D-inositol-3-phosphate glycosyltransferase
LAGGGMOH_03795	gene	648				
LAGGGMOH_03795	CDS	648				hypothetical protein
LAGGGMOH_03796	gene	1131				
LAGGGMOH_03796	CDS	1131		5.1.3.14		UDP-N-acetylglucosamine 2-epimerase
LAGGGMOH_03797	gene	1203	wecC_2			
LAGGGMOH_03797	CDS	1203	wecC_2	1.1.1.336	COG0677	UDP-N-acetyl-D-mannosamine dehydrogenase
LAGGGMOH_03798	gene	1266	mshA_13			
LAGGGMOH_03798	CDS	1266	mshA_13	2.4.1.250		D-inositol-3-phosphate glycosyltransferase
LAGGGMOH_03799	gene	774				
LAGGGMOH_03799	CDS	774		2.4.1.-	COG0463	PGL/p-HBAD biosynthesis glycosyltransferase
LAGGGMOH_03800	gene	906	cobB			
LAGGGMOH_03800	CDS	906	cobB	2.3.1.286		NAD-dependent protein deacylase
LAGGGMOH_03801	gene	585	mip_2			
LAGGGMOH_03801	CDS	585	mip_2	5.2.1.8	COG0545	Outer membrane protein MIP
LAGGGMOH_03802	gene	870				
LAGGGMOH_03802	CDS	870				hypothetical protein
LAGGGMOH_03803	gene	1728				
LAGGGMOH_03803	CDS	1728				hypothetical protein
LAGGGMOH_03804	gene	486	asnC_2			
LAGGGMOH_03804	CDS	486	asnC_2		COG1522	Regulatory protein AsnC
LAGGGMOH_03805	gene	312				
LAGGGMOH_03805	CDS	312				hypothetical protein
LAGGGMOH_03806	gene	75				
LAGGGMOH_03806	tRNA	75				tRNA-Met(cat)
LAGGGMOH_03807	gene	774	btsR_3			
LAGGGMOH_03807	CDS	774	btsR_3		COG3279	Transcriptional regulatory protein BtsR
LAGGGMOH_03808	gene	1026				
LAGGGMOH_03808	CDS	1026				hypothetical protein
LAGGGMOH_03809	gene	1290				
LAGGGMOH_03809	CDS	1290				hypothetical protein
LAGGGMOH_03810	gene	3033	mdtC_4			
LAGGGMOH_03810	CDS	3033	mdtC_4			Multidrug resistance protein MdtC
LAGGGMOH_03811	gene	1044	mdtE_2			
LAGGGMOH_03811	CDS	1044	mdtE_2		COG0845	Multidrug resistance protein MdtE
LAGGGMOH_03812	gene	106				
LAGGGMOH_03812	rRNA	106				5S ribosomal RNA
LAGGGMOH_03813	gene	2876				
LAGGGMOH_03813	rRNA	2876				23S ribosomal RNA
LAGGGMOH_03814	gene	76				
LAGGGMOH_03814	tRNA	76				tRNA-Ala(tgc)
LAGGGMOH_03815	gene	77				
LAGGGMOH_03815	tRNA	77				tRNA-Ile(gat)
LAGGGMOH_03816	gene	1523				
LAGGGMOH_03816	rRNA	1523				16S ribosomal RNA
LAGGGMOH_03817	gene	273				
LAGGGMOH_03817	CDS	273				hypothetical protein
LAGGGMOH_03818	gene	111				
LAGGGMOH_03818	CDS	111				hypothetical protein
LAGGGMOH_03819	gene	672				
LAGGGMOH_03819	CDS	672				hypothetical protein
LAGGGMOH_03820	gene	288				
LAGGGMOH_03820	CDS	288				hypothetical protein
LAGGGMOH_03821	gene	750	ddpX			
LAGGGMOH_03821	CDS	750	ddpX	3.4.13.22		D-alanyl-D-alanine dipeptidase
LAGGGMOH_03822	gene	1200				
LAGGGMOH_03822	CDS	1200				hypothetical protein
LAGGGMOH_03823	gene	408				
LAGGGMOH_03823	CDS	408				hypothetical protein
LAGGGMOH_03824	gene	1746				
LAGGGMOH_03824	CDS	1746				hypothetical protein
LAGGGMOH_03825	gene	3192				
LAGGGMOH_03825	CDS	3192			COG4771	TonB-dependent receptor P3
LAGGGMOH_03826	gene	1653				
LAGGGMOH_03826	CDS	1653				hypothetical protein
LAGGGMOH_03827	gene	1374	csbC			
LAGGGMOH_03827	CDS	1374	csbC		COG2814	putative metabolite transport protein CsbC
LAGGGMOH_03828	gene	1608				
LAGGGMOH_03828	CDS	1608				hypothetical protein
LAGGGMOH_03829	gene	765				
LAGGGMOH_03829	CDS	765				hypothetical protein
LAGGGMOH_03830	gene	2757	rcsC_31			
LAGGGMOH_03830	CDS	2757	rcsC_31	2.7.13.3		Sensor histidine kinase RcsC
LAGGGMOH_03831	gene	1647	sacC_2			
LAGGGMOH_03831	CDS	1647	sacC_2	3.2.1.80	COG1621	Levanase
LAGGGMOH_03832	gene	2763				
LAGGGMOH_03832	CDS	2763				hypothetical protein
LAGGGMOH_03833	gene	933				
LAGGGMOH_03833	CDS	933				hypothetical protein
LAGGGMOH_03834	gene	1812				
LAGGGMOH_03834	CDS	1812				hypothetical protein
LAGGGMOH_03835	gene	963				
LAGGGMOH_03835	CDS	963				hypothetical protein
LAGGGMOH_03836	gene	1137	yghO			
LAGGGMOH_03836	CDS	1137	yghO		COG0456	Protein YghO
LAGGGMOH_03837	gene	1872	gyrB_1			
LAGGGMOH_03837	CDS	1872	gyrB_1	5.6.2.2	COG0187	DNA gyrase subunit B
LAGGGMOH_03838	gene	453	coaD			
LAGGGMOH_03838	CDS	453	coaD	2.7.7.3		Phosphopantetheine adenylyltransferase
LAGGGMOH_03839	gene	1623				
LAGGGMOH_03839	CDS	1623				hypothetical protein
LAGGGMOH_03840	gene	624				
LAGGGMOH_03840	CDS	624				hypothetical protein
LAGGGMOH_03841	gene	876				
LAGGGMOH_03841	CDS	876				hypothetical protein
LAGGGMOH_03842	gene	189				
LAGGGMOH_03842	CDS	189				hypothetical protein
LAGGGMOH_03843	gene	1041				
LAGGGMOH_03843	CDS	1041				hypothetical protein
LAGGGMOH_03844	gene	693				
LAGGGMOH_03844	CDS	693				hypothetical protein
LAGGGMOH_03845	gene	1944	sdhA			
LAGGGMOH_03845	CDS	1944	sdhA	1.3.5.1	COG1053	Succinate dehydrogenase flavoprotein subunit
LAGGGMOH_03846	gene	756	frdB			
LAGGGMOH_03846	CDS	756	frdB	1.3.5.1	COG0479	Fumarate reductase iron-sulfur subunit
LAGGGMOH_03847	gene	846				
LAGGGMOH_03847	CDS	846				hypothetical protein
LAGGGMOH_03848	gene	1008				
LAGGGMOH_03848	CDS	1008				hypothetical protein
LAGGGMOH_03849	gene	966				
LAGGGMOH_03849	CDS	966				Putative fimbrium anchoring subunit Fim4B
LAGGGMOH_03850	gene	975				
LAGGGMOH_03850	CDS	975				hypothetical protein
LAGGGMOH_03851	gene	1122				
LAGGGMOH_03851	CDS	1122				hypothetical protein
LAGGGMOH_03852	gene	405				
LAGGGMOH_03852	CDS	405		3.1.-.-	COG0824	Putative esterase
LAGGGMOH_03853	gene	1242	ubiU			
LAGGGMOH_03853	CDS	1242	ubiU	1.97.1.15		Ubiquinone biosynthesis hydroxylase UbiU
LAGGGMOH_03854	gene	459				
LAGGGMOH_03854	CDS	459				hypothetical protein
LAGGGMOH_03855	gene	978	dusB			
LAGGGMOH_03855	CDS	978	dusB	1.3.1.-		tRNA-dihydrouridine synthase B
LAGGGMOH_03856	gene	966				
LAGGGMOH_03856	CDS	966				hypothetical protein
LAGGGMOH_03857	gene	1008				
LAGGGMOH_03857	CDS	1008		1.1.1.51		3-beta-hydroxysteroid dehydrogenase
LAGGGMOH_03858	gene	900	mneP			
LAGGGMOH_03858	CDS	900	mneP		COG0053	Manganese efflux system protein MneP
LAGGGMOH_03859	gene	2145	rnr			
LAGGGMOH_03859	CDS	2145	rnr	3.1.13.1	COG0557	Ribonuclease R
LAGGGMOH_03860	gene	207				
LAGGGMOH_03860	CDS	207				hypothetical protein
LAGGGMOH_03861	gene	468				
LAGGGMOH_03861	CDS	468				hypothetical protein
LAGGGMOH_03862	gene	963				
LAGGGMOH_03862	CDS	963				hypothetical protein
LAGGGMOH_03863	gene	1146				
LAGGGMOH_03863	CDS	1146				hypothetical protein
LAGGGMOH_03864	gene	486	sigV_2			
LAGGGMOH_03864	CDS	486	sigV_2		COG1595	RNA polymerase sigma factor SigV
LAGGGMOH_03865	gene	597				
LAGGGMOH_03865	CDS	597				hypothetical protein
LAGGGMOH_03866	gene	2484				
LAGGGMOH_03866	CDS	2484				hypothetical protein
LAGGGMOH_03867	gene	501				
LAGGGMOH_03867	CDS	501				hypothetical protein
LAGGGMOH_03868	gene	948	cysK1_2			
LAGGGMOH_03868	CDS	948	cysK1_2	2.5.1.47	COG0031	O-acetylserine sulfhydrylase
LAGGGMOH_03869	gene	813				
LAGGGMOH_03869	CDS	813				hypothetical protein
LAGGGMOH_03870	gene	1386				
LAGGGMOH_03870	CDS	1386				hypothetical protein
LAGGGMOH_03871	gene	1104	ychF			
LAGGGMOH_03871	CDS	1104	ychF		COG0012	Ribosome-binding ATPase YchF
LAGGGMOH_03872	gene	936				
LAGGGMOH_03872	CDS	936				hypothetical protein
LAGGGMOH_03873	gene	834	lgt			
LAGGGMOH_03873	CDS	834	lgt	2.5.1.145	COG0682	Phosphatidylglycerol--prolipoprotein diacylglyceryl transferase
LAGGGMOH_03874	gene	642	cat			
LAGGGMOH_03874	CDS	642	cat	2.3.1.28		Chloramphenicol acetyltransferase
LAGGGMOH_03875	gene	2616	mutS_2			
LAGGGMOH_03875	CDS	2616	mutS_2			DNA mismatch repair protein MutS
LAGGGMOH_03876	gene	2832	leuS			
LAGGGMOH_03876	CDS	2832	leuS	6.1.1.4		Leucine--tRNA ligase
LAGGGMOH_03877	gene	900				
LAGGGMOH_03877	CDS	900				hypothetical protein
LAGGGMOH_03878	gene	468				
LAGGGMOH_03878	CDS	468				hypothetical protein
LAGGGMOH_03879	gene	585				
LAGGGMOH_03879	CDS	585		3.6.1.66		dITP/XTP pyrophosphatase
LAGGGMOH_03880	gene	198				
LAGGGMOH_03880	CDS	198				hypothetical protein
LAGGGMOH_03881	gene	993	nadA			
LAGGGMOH_03881	CDS	993	nadA	2.5.1.72	COG0379	Quinolinate synthase
LAGGGMOH_03882	gene	582				
LAGGGMOH_03882	CDS	582		2.1.1.-		Putative TrmH family tRNA/rRNA methyltransferase
LAGGGMOH_03883	gene	600				
LAGGGMOH_03883	CDS	600				hypothetical protein
LAGGGMOH_03884	gene	2028				
LAGGGMOH_03884	CDS	2028				hypothetical protein
LAGGGMOH_03885	gene	774				
LAGGGMOH_03885	CDS	774				hypothetical protein
LAGGGMOH_03886	gene	507				
LAGGGMOH_03886	CDS	507				hypothetical protein
LAGGGMOH_03887	gene	1611	atsA_6			
LAGGGMOH_03887	CDS	1611	atsA_6	3.1.6.1		Arylsulfatase
LAGGGMOH_03888	gene	627				
LAGGGMOH_03888	CDS	627				hypothetical protein
LAGGGMOH_03889	gene	2406	cntO_2			
LAGGGMOH_03889	CDS	2406	cntO_2			Metal-pseudopaline receptor CntO
LAGGGMOH_03890	gene	1683	dauA			
LAGGGMOH_03890	CDS	1683	dauA		COG0659	C4-dicarboxylic acid transporter DauA
LAGGGMOH_03891	gene	579	rbr			
LAGGGMOH_03891	CDS	579	rbr		COG1592	Rubrerythrin
LAGGGMOH_03892	gene	1572	nadB			
LAGGGMOH_03892	CDS	1572	nadB	1.4.3.16	COG0029	L-aspartate oxidase
LAGGGMOH_03893	gene	399				
LAGGGMOH_03893	CDS	399				hypothetical protein
LAGGGMOH_03894	gene	1344	pdhD			
LAGGGMOH_03894	CDS	1344	pdhD	1.8.1.4		Dihydrolipoyl dehydrogenase
LAGGGMOH_03895	gene	1440	dacC			
LAGGGMOH_03895	CDS	1440	dacC	3.4.16.4	COG2027	D-alanyl-D-alanine carboxypeptidase DacC
LAGGGMOH_03896	gene	1500	scpC			
LAGGGMOH_03896	CDS	1500	scpC	2.8.3.27	COG0427	Propanoyl-CoA:succinate CoA transferase
LAGGGMOH_03897	gene	300				
LAGGGMOH_03897	CDS	300				hypothetical protein
LAGGGMOH_03898	gene	1374	miaB			
LAGGGMOH_03898	CDS	1374	miaB	2.8.4.3	COG0621	tRNA-2-methylthio-N(6)-dimethylallyladenosine synthase
LAGGGMOH_03899	gene	1419				
LAGGGMOH_03899	CDS	1419				hypothetical protein
LAGGGMOH_03900	gene	2115	lacZ_10			
LAGGGMOH_03900	CDS	2115	lacZ_10	3.2.1.31	COG3250	Beta-glucuronidase
LAGGGMOH_03901	gene	1725				
LAGGGMOH_03901	CDS	1725				hypothetical protein
LAGGGMOH_03902	gene	1218				
LAGGGMOH_03902	CDS	1218				hypothetical protein
LAGGGMOH_03903	gene	237				
LAGGGMOH_03903	CDS	237				hypothetical protein
LAGGGMOH_03904	gene	1068				
LAGGGMOH_03904	CDS	1068				hypothetical protein
LAGGGMOH_03905	gene	150				
LAGGGMOH_03905	CDS	150				hypothetical protein
LAGGGMOH_03906	gene	969				
LAGGGMOH_03906	CDS	969				hypothetical protein
LAGGGMOH_03907	gene	1119				
LAGGGMOH_03907	CDS	1119				hypothetical protein
LAGGGMOH_03908	gene	300				
LAGGGMOH_03908	CDS	300				hypothetical protein
LAGGGMOH_03909	gene	771				
LAGGGMOH_03909	CDS	771				hypothetical protein
LAGGGMOH_03910	gene	1140				
LAGGGMOH_03910	CDS	1140				hypothetical protein
LAGGGMOH_03911	gene	222				
LAGGGMOH_03911	CDS	222				hypothetical protein
LAGGGMOH_03912	gene	96				
LAGGGMOH_03912	CDS	96				hypothetical protein
LAGGGMOH_03913	gene	231				
LAGGGMOH_03913	CDS	231				hypothetical protein
LAGGGMOH_03914	gene	1044				
LAGGGMOH_03914	CDS	1044				hypothetical protein
LAGGGMOH_03915	gene	855				
LAGGGMOH_03915	CDS	855				hypothetical protein
LAGGGMOH_03916	gene	120				
LAGGGMOH_03916	CDS	120				hypothetical protein
LAGGGMOH_03917	gene	1275				
LAGGGMOH_03917	CDS	1275				hypothetical protein
LAGGGMOH_03918	gene	126				
LAGGGMOH_03918	CDS	126				hypothetical protein
LAGGGMOH_03919	gene	1983				
LAGGGMOH_03919	CDS	1983				hypothetical protein
LAGGGMOH_03920	gene	900	cmoM			
LAGGGMOH_03920	CDS	900	cmoM	2.1.1.-		tRNA 5-carboxymethoxyuridine methyltransferase
LAGGGMOH_03921	gene	855	ftsX			
LAGGGMOH_03921	CDS	855	ftsX		COG2177	Cell division protein FtsX
LAGGGMOH_03922	gene	234				
LAGGGMOH_03922	CDS	234				hypothetical protein
LAGGGMOH_03923	gene	801	uppP			
LAGGGMOH_03923	CDS	801	uppP	3.6.1.27	COG1968	Undecaprenyl-diphosphatase
LAGGGMOH_03924	gene	702	truB			
LAGGGMOH_03924	CDS	702	truB	5.4.99.25	COG0130	tRNA pseudouridine synthase B
LAGGGMOH_03925	gene	1059	queA_2			
LAGGGMOH_03925	CDS	1059	queA_2	2.4.99.17		S-adenosylmethionine:tRNA ribosyltransferase-isomerase
LAGGGMOH_03926	gene	462	sulD			
LAGGGMOH_03926	CDS	462	sulD		COG0801	Bifunctional folate synthesis protein
LAGGGMOH_03927	gene	195				
LAGGGMOH_03927	CDS	195				hypothetical protein
LAGGGMOH_03928	gene	1293	metK			
LAGGGMOH_03928	CDS	1293	metK	2.5.1.6		S-adenosylmethionine synthase
LAGGGMOH_03929	gene	588				
LAGGGMOH_03929	CDS	588		3.2.2.-		Cytokinin riboside 5'-monophosphate phosphoribohydrolase
LAGGGMOH_03930	gene	828				
LAGGGMOH_03930	CDS	828				hypothetical protein
LAGGGMOH_03931	gene	753				
LAGGGMOH_03931	CDS	753				hypothetical protein
LAGGGMOH_03932	gene	381	rnpA			
LAGGGMOH_03932	CDS	381	rnpA	3.1.26.5		Ribonuclease P protein component
LAGGGMOH_03933	gene	636	dtd3_2			
LAGGGMOH_03933	CDS	636	dtd3_2	3.1.1.96		D-aminoacyl-tRNA deacylase
LAGGGMOH_03934	gene	1293	tyrS			
LAGGGMOH_03934	CDS	1293	tyrS	6.1.1.1		Tyrosine--tRNA ligase
LAGGGMOH_03935	gene	3273	tri1_3			
LAGGGMOH_03935	CDS	3273	tri1_3	3.4.21.-	COG0793	Tricorn protease 
LAGGGMOH_03936	gene	75				
LAGGGMOH_03936	tRNA	75				tRNA-Gln(ttg)
LAGGGMOH_03937	gene	168				
LAGGGMOH_03937	CDS	168				hypothetical protein
LAGGGMOH_03938	gene	1581				
LAGGGMOH_03938	CDS	1581		3.1.6.1	COG3119	Arylsulfatase
LAGGGMOH_03939	gene	843	kduI			
LAGGGMOH_03939	CDS	843	kduI	5.3.1.17	COG3717	4-deoxy-L-threo-5-hexosulose-uronate ketol-isomerase
LAGGGMOH_03940	gene	795	kduD			
LAGGGMOH_03940	CDS	795	kduD	1.1.1.127	COG1028	2-dehydro-3-deoxy-D-gluconate 5-dehydrogenase
LAGGGMOH_03941	gene	1272				
LAGGGMOH_03941	CDS	1272				hypothetical protein
LAGGGMOH_03942	gene	930	queG_2			
LAGGGMOH_03942	CDS	930	queG_2	1.17.99.6		Epoxyqueuosine reductase
LAGGGMOH_03943	gene	615	pgdA			
LAGGGMOH_03943	CDS	615	pgdA	3.5.1.104	COG0726	Peptidoglycan-N-acetylglucosamine deacetylase
LAGGGMOH_03944	gene	3363				
LAGGGMOH_03944	CDS	3363				hypothetical protein
LAGGGMOH_03945	gene	222				
LAGGGMOH_03945	CDS	222				hypothetical protein
LAGGGMOH_03946	gene	1608				
LAGGGMOH_03946	CDS	1608				hypothetical protein
LAGGGMOH_03947	gene	1596				
LAGGGMOH_03947	CDS	1596				hypothetical protein
LAGGGMOH_03948	gene	759				
LAGGGMOH_03948	CDS	759				hypothetical protein
LAGGGMOH_03949	gene	813	uup_2			
LAGGGMOH_03949	CDS	813	uup_2	3.6.1.-		ATP-binding protein Uup
LAGGGMOH_03950	gene	936	psaA			
LAGGGMOH_03950	CDS	936	psaA		COG0803	Manganese ABC transporter substrate-binding lipoprotein PsaA
LAGGGMOH_03951	gene	765	mnmC			
LAGGGMOH_03951	CDS	765	mnmC		COG0665	tRNA 5-methylaminomethyl-2-thiouridine biosynthesis bifunctional protein MnmC
LAGGGMOH_03952	gene	477	yqaA			
LAGGGMOH_03952	CDS	477	yqaA		COG1238	Inner membrane protein YqaA
LAGGGMOH_03953	gene	993				
LAGGGMOH_03953	CDS	993				hypothetical protein
LAGGGMOH_03954	gene	1275	purD			
LAGGGMOH_03954	CDS	1275	purD	6.3.4.13	COG0151	Phosphoribosylamine--glycine ligase
LAGGGMOH_03955	gene	2076	ptpA			
LAGGGMOH_03955	CDS	2076	ptpA	3.4.14.12	COG0823	Prolyl tripeptidyl peptidase
LAGGGMOH_03956	gene	1323	rlmL			
LAGGGMOH_03956	CDS	1323	rlmL		COG0116	Ribosomal RNA large subunit methyltransferase K/L
LAGGGMOH_03957	gene	900	srpH			
LAGGGMOH_03957	CDS	900	srpH	2.3.1.30	COG1045	Serine acetyltransferase, plasmid
LAGGGMOH_03958	gene	2061				
LAGGGMOH_03958	CDS	2061				hypothetical protein
LAGGGMOH_03959	gene	756	cheB			
LAGGGMOH_03959	CDS	756	cheB	3.5.1.44		Protein-glutamate methylesterase/protein-glutamine glutaminase
LAGGGMOH_03960	gene	396				
LAGGGMOH_03960	CDS	396				hypothetical protein
LAGGGMOH_03961	gene	2808	polA			
LAGGGMOH_03961	CDS	2808	polA	2.7.7.7	COG0258	DNA polymerase I
LAGGGMOH_03962	gene	1044	sdsA			
LAGGGMOH_03962	CDS	1044	sdsA	2.5.1.84		All-trans-nonaprenyl-diphosphate synthase (geranyl-diphosphate specific)
LAGGGMOH_03963	gene	708				
LAGGGMOH_03963	CDS	708				hypothetical protein
LAGGGMOH_03964	gene	903	deoC			
LAGGGMOH_03964	CDS	903	deoC	4.1.2.4		Deoxyribose-phosphate aldolase
LAGGGMOH_03965	gene	339	ypjD			
LAGGGMOH_03965	CDS	339	ypjD		COG1694	putative protein YpjD
LAGGGMOH_03966	gene	453	dtd			
LAGGGMOH_03966	CDS	453	dtd	3.1.1.96	COG1490	D-aminoacyl-tRNA deacylase
LAGGGMOH_03967	gene	1863	uvrC			
LAGGGMOH_03967	CDS	1863	uvrC		COG0322	UvrABC system protein C
LAGGGMOH_03968	gene	531	apt			
LAGGGMOH_03968	CDS	531	apt	2.4.2.7	COG0503	Adenine phosphoribosyltransferase
LAGGGMOH_03969	gene	1878	mnmG			
LAGGGMOH_03969	CDS	1878	mnmG		COG0445	tRNA uridine 5-carboxymethylaminomethyl modification enzyme MnmG
LAGGGMOH_03970	gene	1692				
LAGGGMOH_03970	CDS	1692				hypothetical protein
LAGGGMOH_03971	gene	363				
LAGGGMOH_03971	CDS	363				hypothetical protein
LAGGGMOH_03972	gene	1224				
LAGGGMOH_03972	CDS	1224				hypothetical protein
LAGGGMOH_03973	gene	381				
LAGGGMOH_03973	CDS	381				hypothetical protein
LAGGGMOH_03974	gene	420	ybeY			
LAGGGMOH_03974	CDS	420	ybeY	3.1.-.-		Endoribonuclease YbeY
LAGGGMOH_03975	gene	1233				
LAGGGMOH_03975	CDS	1233				hypothetical protein
LAGGGMOH_03976	gene	699				
LAGGGMOH_03976	CDS	699				hypothetical protein
LAGGGMOH_03977	gene	1029	ruvB_2			
LAGGGMOH_03977	CDS	1029	ruvB_2	3.6.4.-		Holliday junction branch migration complex subunit RuvB
LAGGGMOH_03978	gene	1497				
LAGGGMOH_03978	CDS	1497				hypothetical protein
LAGGGMOH_03979	gene	1368				
LAGGGMOH_03979	CDS	1368				hypothetical protein
LAGGGMOH_03980	gene	2187	dpp7_3			
LAGGGMOH_03980	CDS	2187	dpp7_3	3.4.14.-	COG3591	Dipeptidyl-peptidase 7
LAGGGMOH_03981	gene	864				
LAGGGMOH_03981	CDS	864				hypothetical protein
LAGGGMOH_03982	gene	1944	deaD			
LAGGGMOH_03982	CDS	1944	deaD	3.6.4.13	COG0513	ATP-dependent RNA helicase DeaD
LAGGGMOH_03983	gene	1056				
LAGGGMOH_03983	CDS	1056				hypothetical protein
LAGGGMOH_03984	gene	921	scrK			
LAGGGMOH_03984	CDS	921	scrK	2.7.1.4		Fructokinase
LAGGGMOH_03985	gene	606	kdsD			
LAGGGMOH_03985	CDS	606	kdsD	5.3.1.13		Arabinose 5-phosphate isomerase KdsD
LAGGGMOH_03986	gene	531				
LAGGGMOH_03986	CDS	531		3.2.2.-		Cytokinin riboside 5'-monophosphate phosphoribohydrolase
LAGGGMOH_03987	gene	1248				
LAGGGMOH_03987	CDS	1248		3.4.24.-	COG0612	putative zinc protease
LAGGGMOH_03988	gene	375				
LAGGGMOH_03988	CDS	375				hypothetical protein
LAGGGMOH_03989	gene	1158				
LAGGGMOH_03989	CDS	1158				hypothetical protein
LAGGGMOH_03990	gene	528				
LAGGGMOH_03990	CDS	528				hypothetical protein
LAGGGMOH_03991	gene	1206	uxuA			
LAGGGMOH_03991	CDS	1206	uxuA	4.2.1.8	COG1312	Mannonate dehydratase
LAGGGMOH_03992	gene	813	uxuB			
LAGGGMOH_03992	CDS	813	uxuB	1.-.-.-	COG1028	putative oxidoreductase UxuB
LAGGGMOH_03993	gene	645				
LAGGGMOH_03993	CDS	645				hypothetical protein
LAGGGMOH_03994	gene	936	lepB			
LAGGGMOH_03994	CDS	936	lepB	3.4.21.89	COG0681	Signal peptidase I
LAGGGMOH_03995	gene	1485				
LAGGGMOH_03995	CDS	1485				hypothetical protein
LAGGGMOH_03996	gene	729	dapB			
LAGGGMOH_03996	CDS	729	dapB	1.17.1.8	COG0289	4-hydroxy-tetrahydrodipicolinate reductase
LAGGGMOH_03997	gene	1269				
LAGGGMOH_03997	CDS	1269				hypothetical protein
LAGGGMOH_03998	gene	561				
LAGGGMOH_03998	CDS	561				hypothetical protein
LAGGGMOH_03999	gene	936	dusC			
LAGGGMOH_03999	CDS	936	dusC	1.3.1.-		tRNA-dihydrouridine(16) synthase
LAGGGMOH_04000	gene	1221				
LAGGGMOH_04000	CDS	1221				hypothetical protein
LAGGGMOH_04001	gene	642				
LAGGGMOH_04001	CDS	642				hypothetical protein
LAGGGMOH_04002	gene	771	lpxA_2			
LAGGGMOH_04002	CDS	771	lpxA_2	2.3.1.129	COG1043	Acyl-[acyl-carrier-protein]--UDP-N-acetylglucosamine O-acyltransferase
LAGGGMOH_04003	gene	1392	cusC_3			
LAGGGMOH_04003	CDS	1392	cusC_3		COG1538	Cation efflux system protein CusC
LAGGGMOH_04004	gene	3204	bepE_5			
LAGGGMOH_04004	CDS	3204	bepE_5			Efflux pump membrane transporter BepE
LAGGGMOH_04005	gene	1161	mdtE_3			
LAGGGMOH_04005	CDS	1161	mdtE_3		COG0845	Multidrug resistance protein MdtE
LAGGGMOH_04006	gene	3108	lacZ_11			
LAGGGMOH_04006	CDS	3108	lacZ_11	3.2.1.23	COG3250	Beta-galactosidase
LAGGGMOH_04007	gene	1923				
LAGGGMOH_04007	CDS	1923				hypothetical protein
LAGGGMOH_04008	gene	846				
LAGGGMOH_04008	CDS	846				hypothetical protein
LAGGGMOH_04009	gene	405	paaI			
LAGGGMOH_04009	CDS	405	paaI	3.1.2.-	COG2050	Acyl-coenzyme A thioesterase PaaI
LAGGGMOH_04010	gene	1476	cysS			
LAGGGMOH_04010	CDS	1476	cysS	6.1.1.16	COG0215	Cysteine--tRNA ligase
LAGGGMOH_04011	gene	837	yidA			
LAGGGMOH_04011	CDS	837	yidA	3.1.3.23	COG0561	Sugar phosphatase YidA
LAGGGMOH_04012	gene	678	kdpE			
LAGGGMOH_04012	CDS	678	kdpE		COG0745	Transcriptional regulatory protein KdpE
LAGGGMOH_04013	gene	1353	sasA_14			
LAGGGMOH_04013	CDS	1353	sasA_14	2.7.13.3		Adaptive-response sensory-kinase SasA
LAGGGMOH_04014	gene	138				
LAGGGMOH_04014	CDS	138				hypothetical protein
LAGGGMOH_04015	gene	1386				
LAGGGMOH_04015	CDS	1386				hypothetical protein
LAGGGMOH_04016	gene	345				
LAGGGMOH_04016	CDS	345				hypothetical protein
LAGGGMOH_04017	gene	672				
LAGGGMOH_04017	CDS	672				hypothetical protein
LAGGGMOH_04018	gene	300				
LAGGGMOH_04018	CDS	300				hypothetical protein
LAGGGMOH_04019	gene	1281				
LAGGGMOH_04019	CDS	1281				hypothetical protein
LAGGGMOH_04020	gene	1179				
LAGGGMOH_04020	CDS	1179				hypothetical protein
LAGGGMOH_04021	gene	3042				
LAGGGMOH_04021	CDS	3042				hypothetical protein
LAGGGMOH_04022	gene	1092	mnmA_3			
LAGGGMOH_04022	CDS	1092	mnmA_3	2.8.1.13	COG0482	tRNA-specific 2-thiouridylase MnmA
LAGGGMOH_04023	gene	1512				
LAGGGMOH_04023	CDS	1512				hypothetical protein
LAGGGMOH_04024	gene	1011	pfp_2			
LAGGGMOH_04024	CDS	1011	pfp_2	2.7.1.90		Pyrophosphate--fructose 6-phosphate 1-phosphotransferase
LAGGGMOH_04025	gene	873	rnc			
LAGGGMOH_04025	CDS	873	rnc	3.1.26.3		Ribonuclease 3
LAGGGMOH_04026	gene	1263	fabF			
LAGGGMOH_04026	CDS	1263	fabF	2.3.1.179	COG0304	3-oxoacyl-[acyl-carrier-protein] synthase 2
LAGGGMOH_04027	gene	237	acpP			
LAGGGMOH_04027	CDS	237	acpP			Acyl carrier protein
LAGGGMOH_04028	gene	576	purN			
LAGGGMOH_04028	CDS	576	purN	2.1.2.2		Phosphoribosylglycinamide formyltransferase
LAGGGMOH_04029	gene	1044	pdxB			
LAGGGMOH_04029	CDS	1044	pdxB	1.1.1.290		Erythronate-4-phosphate dehydrogenase
LAGGGMOH_04030	gene	771				
LAGGGMOH_04030	CDS	771				hypothetical protein
LAGGGMOH_04031	gene	1455				
LAGGGMOH_04031	CDS	1455				hypothetical protein
LAGGGMOH_04032	gene	882				
LAGGGMOH_04032	CDS	882				hypothetical protein
LAGGGMOH_04033	gene	900	wbgN_3			
LAGGGMOH_04033	CDS	900	wbgN_3	2.4.1.341		Alpha-1,2-colitosyltransferase
LAGGGMOH_04034	gene	1020				
LAGGGMOH_04034	CDS	1020				hypothetical protein
LAGGGMOH_04035	gene	915	gspA_2			
LAGGGMOH_04035	CDS	915	gspA_2		COG1442	General stress protein A
LAGGGMOH_04036	gene	999	arnC_4			
LAGGGMOH_04036	CDS	999	arnC_4	2.4.2.53		Undecaprenyl-phosphate 4-deoxy-4-formamido-L-arabinose transferase
LAGGGMOH_04037	gene	1236	gtfA_2			
LAGGGMOH_04037	CDS	1236	gtfA_2	2.4.1.-		UDP-N-acetylglucosamine--peptide N-acetylglucosaminyltransferase GtfA subunit
LAGGGMOH_04038	gene	999				
LAGGGMOH_04038	CDS	999				hypothetical protein
LAGGGMOH_04039	gene	1836	msbA			
LAGGGMOH_04039	CDS	1836	msbA	7.5.2.6	COG1132	ATP-dependent lipid A-core flippase
LAGGGMOH_04040	gene	636	rnhA			
LAGGGMOH_04040	CDS	636	rnhA	3.1.26.4	COG0328	Ribonuclease H
LAGGGMOH_04041	gene	603				
LAGGGMOH_04041	CDS	603				hypothetical protein
LAGGGMOH_04042	gene	540	aroK			
LAGGGMOH_04042	CDS	540	aroK	2.7.1.71	COG0703	Shikimate kinase
LAGGGMOH_04043	gene	2499				
LAGGGMOH_04043	CDS	2499				hypothetical protein
LAGGGMOH_04044	gene	1767	htpG_2			
LAGGGMOH_04044	CDS	1767	htpG_2			Chaperone protein HtpG
LAGGGMOH_04045	gene	1080				
LAGGGMOH_04045	CDS	1080				hypothetical protein
LAGGGMOH_04046	gene	1893	speA			
LAGGGMOH_04046	CDS	1893	speA	4.1.1.19	COG1166	Biosynthetic arginine decarboxylase
LAGGGMOH_04047	gene	774	argB			
LAGGGMOH_04047	CDS	774	argB	2.7.2.8	COG0548	Acetylglutamate kinase
LAGGGMOH_04048	gene	510	sigE			
LAGGGMOH_04048	CDS	510	sigE			ECF RNA polymerase sigma factor SigE
LAGGGMOH_04049	gene	516				
LAGGGMOH_04049	CDS	516				hypothetical protein
LAGGGMOH_04050	gene	477				
LAGGGMOH_04050	CDS	477				hypothetical protein
LAGGGMOH_04051	gene	780				
LAGGGMOH_04051	CDS	780				hypothetical protein
LAGGGMOH_04052	gene	735				
LAGGGMOH_04052	CDS	735				hypothetical protein
LAGGGMOH_04053	gene	699				
LAGGGMOH_04053	CDS	699				hypothetical protein
LAGGGMOH_04054	gene	399				
LAGGGMOH_04054	CDS	399				hypothetical protein
LAGGGMOH_04055	gene	981				
LAGGGMOH_04055	CDS	981				hypothetical protein
LAGGGMOH_04056	gene	1773	fucI			
LAGGGMOH_04056	CDS	1773	fucI	5.3.1.25	COG2407	L-fucose isomerase
LAGGGMOH_04057	gene	1155	fucO			
LAGGGMOH_04057	CDS	1155	fucO	1.1.1.77	COG1454	Lactaldehyde reductase
LAGGGMOH_04058	gene	639	otnC			
LAGGGMOH_04058	CDS	639	otnC	4.1.1.104	COG0235	3-oxo-tetronate 4-phosphate decarboxylase
LAGGGMOH_04059	gene	1413	rhaB			
LAGGGMOH_04059	CDS	1413	rhaB	2.7.1.5	COG1070	L-Rhamnulokinase
LAGGGMOH_04060	gene	1332	fucP_3			
LAGGGMOH_04060	CDS	1332	fucP_3		COG0738	L-fucose-proton symporter
LAGGGMOH_04061	gene	1104				
LAGGGMOH_04061	CDS	1104				hypothetical protein
LAGGGMOH_04062	gene	1152				
LAGGGMOH_04062	CDS	1152				hypothetical protein
LAGGGMOH_04063	gene	1215				
LAGGGMOH_04063	CDS	1215				hypothetical protein
LAGGGMOH_04064	gene	468	rimP			
LAGGGMOH_04064	CDS	468	rimP			Ribosome maturation factor RimP
LAGGGMOH_04065	gene	1263	nusA			
LAGGGMOH_04065	CDS	1263	nusA		COG0195	Transcription termination/antitermination protein NusA
LAGGGMOH_04066	gene	3051	lepA_2			
LAGGGMOH_04066	CDS	3051	lepA_2			Elongation factor 4
LAGGGMOH_04067	gene	504				
LAGGGMOH_04067	CDS	504				hypothetical protein
LAGGGMOH_04068	gene	1455	sufB			
LAGGGMOH_04068	CDS	1455	sufB		COG0719	Iron-sulfur cluster assembly protein SufB
LAGGGMOH_04069	gene	747				
LAGGGMOH_04069	CDS	747				hypothetical protein
LAGGGMOH_04070	gene	753	sufC			
LAGGGMOH_04070	CDS	753	sufC		COG0396	putative ATP-dependent transporter SufC
LAGGGMOH_04071	gene	1356	sufD			
LAGGGMOH_04071	CDS	1356	sufD		COG0719	Iron-sulfur cluster assembly protein SufD
LAGGGMOH_04072	gene	1212	cyd			
LAGGGMOH_04072	CDS	1212	cyd	2.8.1.7	COG0520	Cysteine desulfurase
LAGGGMOH_04073	gene	321				
LAGGGMOH_04073	CDS	321				hypothetical protein
LAGGGMOH_04074	gene	1590				
LAGGGMOH_04074	CDS	1590				hypothetical protein
LAGGGMOH_04075	gene	1845				
LAGGGMOH_04075	CDS	1845				hypothetical protein
LAGGGMOH_04076	gene	3399				
LAGGGMOH_04076	CDS	3399			COG1629	TonB-dependent receptor P26
LAGGGMOH_04077	gene	1149				
LAGGGMOH_04077	CDS	1149				hypothetical protein
LAGGGMOH_04078	gene	543	sigW_6			
LAGGGMOH_04078	CDS	543	sigW_6		COG1595	ECF RNA polymerase sigma factor SigW
LAGGGMOH_04079	gene	2358	agaA			
LAGGGMOH_04079	CDS	2358	agaA	3.2.1.22		Alpha-galactosidase AgaA
LAGGGMOH_04080	gene	555				
LAGGGMOH_04080	CDS	555				hypothetical protein
LAGGGMOH_04081	gene	2205	hppA1			
LAGGGMOH_04081	CDS	2205	hppA1	7.2.3.1	COG3808	Putative K(+)-stimulated pyrophosphate-energized sodium pump 1
LAGGGMOH_04082	gene	606	rnhB			
LAGGGMOH_04082	CDS	606	rnhB	3.1.26.4	COG0164	Ribonuclease HII
LAGGGMOH_04083	gene	969	corA_2			
LAGGGMOH_04083	CDS	969	corA_2		COG0598	Cobalt/magnesium transport protein CorA
LAGGGMOH_04084	gene	1515	gpmI_1			
LAGGGMOH_04084	CDS	1515	gpmI_1	5.4.2.12	COG0696	2,3-bisphosphoglycerate-independent phosphoglycerate mutase
LAGGGMOH_04085	gene	582				
LAGGGMOH_04085	CDS	582				hypothetical protein
LAGGGMOH_04086	gene	2967				
LAGGGMOH_04086	CDS	2967				hypothetical protein
LAGGGMOH_04087	gene	1959	gyrB_2			
LAGGGMOH_04087	CDS	1959	gyrB_2	5.6.2.2	COG0187	DNA gyrase subunit B
LAGGGMOH_04088	gene	255	rpsT			
LAGGGMOH_04088	CDS	255	rpsT		COG0268	Small ribosomal subunit protein bS20
LAGGGMOH_04089	gene	73				
LAGGGMOH_04089	tRNA	73				tRNA-Glu(ttc)
LAGGGMOH_04090	gene	729	recO			
LAGGGMOH_04090	CDS	729	recO			DNA repair protein RecO
LAGGGMOH_04091	gene	450	yqeY			
LAGGGMOH_04091	CDS	450	yqeY		COG1610	putative protein YqeY
LAGGGMOH_04092	gene	1311	ftsZ			
LAGGGMOH_04092	CDS	1311	ftsZ			Cell division protein FtsZ
LAGGGMOH_04093	gene	1431	ftsA			
LAGGGMOH_04093	CDS	1431	ftsA			Cell division protein FtsA
LAGGGMOH_04094	gene	741				
LAGGGMOH_04094	CDS	741				hypothetical protein
LAGGGMOH_04095	gene	1395	murC			
LAGGGMOH_04095	CDS	1395	murC	6.3.2.8	COG0773	UDP-N-acetylmuramate--L-alanine ligase
LAGGGMOH_04096	gene	1143	murG			
LAGGGMOH_04096	CDS	1143	murG	2.4.1.227	COG0707	UDP-N-acetylglucosamine--N-acetylmuramyl-(pentapeptide) pyrophosphoryl-undecaprenol N-acetylglucosamine transferase
LAGGGMOH_04097	gene	1296	mrdB_2			
LAGGGMOH_04097	CDS	1296	mrdB_2	2.4.99.28		Peptidoglycan glycosyltransferase MrdB
LAGGGMOH_04098	gene	1335	murD			
LAGGGMOH_04098	CDS	1335	murD	6.3.2.9		UDP-N-acetylmuramoylalanine--D-glutamate ligase
LAGGGMOH_04099	gene	1269	mraY			
LAGGGMOH_04099	CDS	1269	mraY	2.7.8.13	COG0472	Phospho-N-acetylmuramoyl-pentapeptide-transferase
LAGGGMOH_04100	gene	1458	murE			
LAGGGMOH_04100	CDS	1458	murE	6.3.2.13		UDP-N-acetylmuramoyl-L-alanyl-D-glutamate--2,6-diaminopimelate ligase
LAGGGMOH_04101	gene	2124	ftsI			
LAGGGMOH_04101	CDS	2124	ftsI	3.4.16.4		Peptidoglycan D,D-transpeptidase FtsI
LAGGGMOH_04102	gene	342				
LAGGGMOH_04102	CDS	342				hypothetical protein
LAGGGMOH_04103	gene	915	rsmH			
LAGGGMOH_04103	CDS	915	rsmH	2.1.1.199	COG0275	Ribosomal RNA small subunit methyltransferase H
LAGGGMOH_04104	gene	453	mraZ			
LAGGGMOH_04104	CDS	453	mraZ		COG2001	Transcriptional regulator MraZ
LAGGGMOH_04105	gene	501				
LAGGGMOH_04105	CDS	501				hypothetical protein
LAGGGMOH_04106	gene	204				
LAGGGMOH_04106	CDS	204				hypothetical protein
LAGGGMOH_04107	gene	390				
LAGGGMOH_04107	CDS	390				hypothetical protein
LAGGGMOH_04108	gene	1050				
LAGGGMOH_04108	CDS	1050				hypothetical protein
LAGGGMOH_04109	gene	546				
LAGGGMOH_04109	CDS	546				hypothetical protein
LAGGGMOH_04110	gene	507	ecfG_3			
LAGGGMOH_04110	CDS	507	ecfG_3			ECF RNA polymerase sigma factor EcfG
LAGGGMOH_04111	gene	441				
LAGGGMOH_04111	CDS	441				hypothetical protein
LAGGGMOH_04112	gene	2160	btuB_11			
LAGGGMOH_04112	CDS	2160	btuB_11			Vitamin B12 transporter BtuB
LAGGGMOH_04113	gene	489				
LAGGGMOH_04113	CDS	489				hypothetical protein
LAGGGMOH_04114	gene	819	glsA			
LAGGGMOH_04114	CDS	819	glsA	2.3.1.-	COG0204	Lyso-glycine lipid O-acyltransferase
LAGGGMOH_04115	gene	1014	glsB			
LAGGGMOH_04115	CDS	1014	glsB	2.3.2.-	COG3176	Glycine N(alpha)-acyltransferase
LAGGGMOH_04116	gene	1326	dgt			
LAGGGMOH_04116	CDS	1326	dgt	3.1.5.1		Deoxyguanosinetriphosphate triphosphohydrolase
LAGGGMOH_04117	gene	435	dut			
LAGGGMOH_04117	CDS	435	dut	3.6.1.23	COG0756	Deoxyuridine 5'-triphosphate nucleotidohydrolase
LAGGGMOH_04118	gene	1758	bepA_4			
LAGGGMOH_04118	CDS	1758	bepA_4	3.4.-.-		Beta-barrel assembly-enhancing protease
LAGGGMOH_04119	gene	588				
LAGGGMOH_04119	CDS	588				hypothetical protein
LAGGGMOH_04120	gene	1314				
LAGGGMOH_04120	CDS	1314				hypothetical protein
LAGGGMOH_04121	gene	3990	rcsC_32			
LAGGGMOH_04121	CDS	3990	rcsC_32	2.7.13.3		Sensor histidine kinase RcsC
LAGGGMOH_04122	gene	1077				
LAGGGMOH_04122	CDS	1077		3.2.1.55	COG3940	Extracellular exo-alpha-(1->5)-L-arabinofuranosidase
LAGGGMOH_04123	gene	1020				
LAGGGMOH_04123	CDS	1020				hypothetical protein
LAGGGMOH_04124	gene	1785	lacZ_12			
LAGGGMOH_04124	CDS	1785	lacZ_12	3.2.1.23		Beta-galactosidase
LAGGGMOH_04125	gene	2037				
LAGGGMOH_04125	CDS	2037				hypothetical protein
LAGGGMOH_04126	gene	2064				
LAGGGMOH_04126	CDS	2064				hypothetical protein
LAGGGMOH_04127	gene	1107				
LAGGGMOH_04127	CDS	1107		3.2.1.55	COG3940	Extracellular exo-alpha-(1->5)-L-arabinofuranosidase
LAGGGMOH_04128	gene	1815	lacZ_13			
LAGGGMOH_04128	CDS	1815	lacZ_13	3.2.1.23		Beta-galactosidase
LAGGGMOH_04129	gene	2508				
LAGGGMOH_04129	CDS	2508				hypothetical protein
LAGGGMOH_04130	gene	3618				
LAGGGMOH_04130	CDS	3618				hypothetical protein
LAGGGMOH_04131	gene	3201				
LAGGGMOH_04131	CDS	3201			COG4771	TonB-dependent receptor P3
LAGGGMOH_04132	gene	1848				
LAGGGMOH_04132	CDS	1848				hypothetical protein
LAGGGMOH_04133	gene	693				
LAGGGMOH_04133	CDS	693				hypothetical protein
LAGGGMOH_04134	gene	426				
LAGGGMOH_04134	CDS	426				hypothetical protein
LAGGGMOH_04135	gene	978	arbA			
LAGGGMOH_04135	CDS	978	arbA	3.2.1.55	COG3507	Extracellular exo-alpha-(1->5)-L-arabinofuranosidase ArbA
LAGGGMOH_04136	gene	1119				
LAGGGMOH_04136	CDS	1119				hypothetical protein
LAGGGMOH_04137	gene	2163				
LAGGGMOH_04137	CDS	2163				hypothetical protein
LAGGGMOH_04138	gene	2481				
LAGGGMOH_04138	CDS	2481				hypothetical protein
LAGGGMOH_04139	gene	2286				
LAGGGMOH_04139	CDS	2286				hypothetical protein
LAGGGMOH_04140	gene	1467				
LAGGGMOH_04140	CDS	1467				hypothetical protein
LAGGGMOH_04141	gene	1137	mro_3			
LAGGGMOH_04141	CDS	1137	mro_3	5.1.3.3		Aldose 1-epimerase
LAGGGMOH_04142	gene	969				
LAGGGMOH_04142	CDS	969				hypothetical protein
LAGGGMOH_04143	gene	1047				
LAGGGMOH_04143	CDS	1047				hypothetical protein
LAGGGMOH_04144	gene	1380				
LAGGGMOH_04144	CDS	1380				hypothetical protein
LAGGGMOH_04145	gene	978				
LAGGGMOH_04145	CDS	978				hypothetical protein
LAGGGMOH_04146	gene	2088	hypBA1			
LAGGGMOH_04146	CDS	2088	hypBA1	3.2.1.185		Non-reducing end beta-L-arabinofuranosidase
LAGGGMOH_04147	gene	2400				
LAGGGMOH_04147	CDS	2400				hypothetical protein
LAGGGMOH_04148	gene	1680				
LAGGGMOH_04148	CDS	1680				IS1182 family transposase ISBf5
LAGGGMOH_04149	gene	1077	dapE			
LAGGGMOH_04149	CDS	1077	dapE	3.5.1.18	COG0624	Putative succinyl-diaminopimelate desuccinylase DapE
LAGGGMOH_04150	gene	1806				
LAGGGMOH_04150	CDS	1806		6.2.1.3	COG1022	Long-chain-fatty-acid--CoA ligase FadD15
LAGGGMOH_04151	gene	1014	prfB			
LAGGGMOH_04151	CDS	1014	prfB			Peptide chain release factor 2
LAGGGMOH_04152	gene	135				
LAGGGMOH_04152	CDS	135				hypothetical protein
LAGGGMOH_04153	gene	1320				
LAGGGMOH_04153	CDS	1320				hypothetical protein
LAGGGMOH_04154	gene	471				
LAGGGMOH_04154	CDS	471		3.6.1.25	COG2954	Inorganic triphosphatase
LAGGGMOH_04155	gene	1296				
LAGGGMOH_04155	CDS	1296				hypothetical protein
LAGGGMOH_04156	gene	1575				
LAGGGMOH_04156	CDS	1575				hypothetical protein
LAGGGMOH_04157	gene	1044				
LAGGGMOH_04157	CDS	1044				hypothetical protein
LAGGGMOH_04158	gene	1224				
LAGGGMOH_04158	CDS	1224				hypothetical protein
LAGGGMOH_04159	gene	2091	lacZ_14			
LAGGGMOH_04159	CDS	2091	lacZ_14	3.2.1.31	COG3250	Beta-glucuronidase
LAGGGMOH_04160	gene	1536				
LAGGGMOH_04160	CDS	1536		3.2.1.52	COG3525	Beta-hexosaminidase
LAGGGMOH_04161	gene	912	gpmI_2			
LAGGGMOH_04161	CDS	912	gpmI_2	5.4.2.12		2,3-bisphosphoglycerate-independent phosphoglycerate mutase
LAGGGMOH_04162	gene	1212				
LAGGGMOH_04162	CDS	1212		3.2.1.-	COG4225	Unsaturated glucuronyl hydrolase
LAGGGMOH_04163	gene	1908				
LAGGGMOH_04163	CDS	1908				hypothetical protein
LAGGGMOH_04164	gene	1848				
LAGGGMOH_04164	CDS	1848				hypothetical protein
LAGGGMOH_04165	gene	3354				
LAGGGMOH_04165	CDS	3354			COG4771	TonB-dependent receptor P3
LAGGGMOH_04166	gene	1650	rcsC_33			
LAGGGMOH_04166	CDS	1650	rcsC_33	2.7.13.3		Sensor histidine kinase RcsC
LAGGGMOH_04167	gene	2439				
LAGGGMOH_04167	CDS	2439				hypothetical protein
LAGGGMOH_04168	gene	744				
LAGGGMOH_04168	CDS	744				hypothetical protein
LAGGGMOH_04169	gene	1356				
LAGGGMOH_04169	CDS	1356		3.2.1.214	COG5368	Exo beta-1,2-glucooligosaccharide sophorohydrolase (non-reducing end)
LAGGGMOH_04170	gene	2301				
LAGGGMOH_04170	CDS	2301		3.2.1.-	COG1472	Beta-xylosidase
LAGGGMOH_04171	gene	1521				
LAGGGMOH_04171	CDS	1521			COG0702	SusD-like protein P2
LAGGGMOH_04172	gene	3051				
LAGGGMOH_04172	CDS	3051			COG4771	TonB-dependent receptor P3
LAGGGMOH_04173	gene	99				
LAGGGMOH_04173	CDS	99				hypothetical protein
LAGGGMOH_04174	gene	363				
LAGGGMOH_04174	CDS	363				hypothetical protein
LAGGGMOH_04175	gene	945				
LAGGGMOH_04175	CDS	945				hypothetical protein
LAGGGMOH_04176	gene	858				
LAGGGMOH_04176	CDS	858				hypothetical protein
LAGGGMOH_04177	gene	3723				
LAGGGMOH_04177	CDS	3723				hypothetical protein
LAGGGMOH_04178	gene	291				
LAGGGMOH_04178	CDS	291				hypothetical protein
LAGGGMOH_04179	gene	372				
LAGGGMOH_04179	CDS	372				hypothetical protein
LAGGGMOH_04180	gene	189				
LAGGGMOH_04180	CDS	189				hypothetical protein
LAGGGMOH_04181	gene	273				
LAGGGMOH_04181	CDS	273				hypothetical protein
LAGGGMOH_04182	gene	354				
LAGGGMOH_04182	CDS	354				hypothetical protein
LAGGGMOH_04183	gene	219				
LAGGGMOH_04183	CDS	219				hypothetical protein
LAGGGMOH_04184	gene	594				
LAGGGMOH_04184	CDS	594				hypothetical protein
LAGGGMOH_04185	gene	468				
LAGGGMOH_04185	CDS	468				hypothetical protein
LAGGGMOH_04186	gene	450				
LAGGGMOH_04186	CDS	450				hypothetical protein
LAGGGMOH_04187	gene	83				
LAGGGMOH_04187	tRNA	83				tRNA-Leu(tag)
LAGGGMOH_04188	gene	3060				
LAGGGMOH_04188	CDS	3060			COG4771	TonB-dependent receptor P3
LAGGGMOH_04189	gene	1488				
LAGGGMOH_04189	CDS	1488			COG0702	SusD-like protein P25
LAGGGMOH_04190	gene	1032				
LAGGGMOH_04190	CDS	1032				hypothetical protein
LAGGGMOH_04191	gene	870				
LAGGGMOH_04191	CDS	870				hypothetical protein
LAGGGMOH_04192	gene	2649	gyrA_2			
LAGGGMOH_04192	CDS	2649	gyrA_2	5.6.2.2		DNA gyrase subunit A
LAGGGMOH_04193	gene	1542	glyQS			
LAGGGMOH_04193	CDS	1542	glyQS	6.1.1.14		Glycine--tRNA ligase
LAGGGMOH_04194	gene	582				
LAGGGMOH_04194	CDS	582				hypothetical protein
LAGGGMOH_04195	gene	882				
LAGGGMOH_04195	CDS	882				hypothetical protein
LAGGGMOH_04196	gene	381				
LAGGGMOH_04196	CDS	381				hypothetical protein
LAGGGMOH_04197	gene	1698				
LAGGGMOH_04197	CDS	1698				hypothetical protein
LAGGGMOH_04198	gene	504				
LAGGGMOH_04198	CDS	504				hypothetical protein
LAGGGMOH_04199	gene	588	nrfH			
LAGGGMOH_04199	CDS	588	nrfH		COG3005	Cytochrome c-type protein NrfH
LAGGGMOH_04200	gene	1482	nrfA			
LAGGGMOH_04200	CDS	1482	nrfA	1.7.2.2	COG3303	Cytochrome c-552
LAGGGMOH_04201	gene	1242				
LAGGGMOH_04201	CDS	1242				hypothetical protein
LAGGGMOH_04202	gene	792	ccsA_2			
LAGGGMOH_04202	CDS	792	ccsA_2			Cytochrome c biogenesis protein CcsA
LAGGGMOH_04203	gene	1266				
LAGGGMOH_04203	CDS	1266				hypothetical protein
LAGGGMOH_04204	gene	687				
LAGGGMOH_04204	CDS	687				hypothetical protein
LAGGGMOH_04205	gene	1923	yfeW_1			
LAGGGMOH_04205	CDS	1923	yfeW_1	3.4.16.4		Putative D-alanyl-D-alanine carboxypeptidase
LAGGGMOH_04206	gene	846	murQ			
LAGGGMOH_04206	CDS	846	murQ	4.2.1.126	COG2103	N-acetylmuramic acid 6-phosphate etherase
LAGGGMOH_04207	gene	837				
LAGGGMOH_04207	CDS	837				hypothetical protein
LAGGGMOH_04208	gene	1164				
LAGGGMOH_04208	CDS	1164				hypothetical protein
LAGGGMOH_04209	gene	2862				
LAGGGMOH_04209	CDS	2862				hypothetical protein
LAGGGMOH_04210	gene	1275	namZ_1			
LAGGGMOH_04210	CDS	1275	namZ_1	3.2.1.92	COG3876	Peptidoglycan beta-N-acetylmuramidase NamZ
LAGGGMOH_04211	gene	1299	ampG_2			
LAGGGMOH_04211	CDS	1299	ampG_2		COG2223	Anhydromuropeptide permease
LAGGGMOH_04212	gene	1314	lytB			
LAGGGMOH_04212	CDS	1314	lytB		COG2247	Amidase enhancer
LAGGGMOH_04213	gene	933				
LAGGGMOH_04213	CDS	933				hypothetical protein
LAGGGMOH_04214	gene	1467				
LAGGGMOH_04214	CDS	1467				hypothetical protein
LAGGGMOH_04215	gene	1872	bamB_2			
LAGGGMOH_04215	CDS	1872	bamB_2			Outer membrane protein assembly factor BamB
LAGGGMOH_04216	gene	3051				
LAGGGMOH_04216	CDS	3051				hypothetical protein
LAGGGMOH_04217	gene	1449	siaT			
LAGGGMOH_04217	CDS	1449	siaT		COG0591	Sodium/sialic acid symporter SiaT
LAGGGMOH_04218	gene	1170	namZ_2			
LAGGGMOH_04218	CDS	1170	namZ_2	3.2.1.92	COG3876	Peptidoglycan beta-N-acetylmuramidase NamZ
LAGGGMOH_04219	gene	888				
LAGGGMOH_04219	CDS	888				hypothetical protein
LAGGGMOH_04220	gene	3483	susC_16			
LAGGGMOH_04220	CDS	3483	susC_16		COG1629	TonB-dependent receptor SusC
LAGGGMOH_04221	gene	1860				
LAGGGMOH_04221	CDS	1860			COG0702	SusD-like protein P2
LAGGGMOH_04222	gene	1011	asd			
LAGGGMOH_04222	CDS	1011	asd	1.2.1.11	COG0136	Aspartate-semialdehyde dehydrogenase
LAGGGMOH_04223	gene	2136	kefB_5			
LAGGGMOH_04223	CDS	2136	kefB_5			Glutathione-regulated potassium-efflux system protein KefB
LAGGGMOH_04224	gene	729	tcdA			
LAGGGMOH_04224	CDS	729	tcdA	6.1.-.-	COG1179	tRNA threonylcarbamoyladenosine dehydratase
LAGGGMOH_04225	gene	651	lolD			
LAGGGMOH_04225	CDS	651	lolD	7.6.2.-	COG1136	Lipoprotein-releasing system ATP-binding protein LolD
LAGGGMOH_04226	gene	903				
LAGGGMOH_04226	CDS	903				hypothetical protein
LAGGGMOH_04227	gene	1368				
LAGGGMOH_04227	CDS	1368				hypothetical protein
LAGGGMOH_04228	gene	393				
LAGGGMOH_04228	CDS	393				hypothetical protein
LAGGGMOH_04229	gene	1299	murF			
LAGGGMOH_04229	CDS	1299	murF	6.3.2.10	COG0770	UDP-N-acetylmuramoyl-tripeptide--D-alanyl-D-alanine ligase
LAGGGMOH_04230	gene	1236				
LAGGGMOH_04230	CDS	1236				hypothetical protein
LAGGGMOH_04231	gene	1443	gadB			
LAGGGMOH_04231	CDS	1443	gadB	4.1.1.15	COG0076	Glutamate decarboxylase
LAGGGMOH_04232	gene	966	glsA1			
LAGGGMOH_04232	CDS	966	glsA1	3.5.1.2	COG2066	Glutaminase 1
LAGGGMOH_04233	gene	2079	rcsC_34			
LAGGGMOH_04233	CDS	2079	rcsC_34	2.7.13.3		Sensor histidine kinase RcsC
LAGGGMOH_04234	gene	861	folP			
LAGGGMOH_04234	CDS	861	folP	2.5.1.15	COG0294	Dihydropteroate synthase
LAGGGMOH_04235	gene	765	cdaA			
LAGGGMOH_04235	CDS	765	cdaA	2.7.7.85	COG1624	Cyclic di-AMP synthase CdaA
LAGGGMOH_04236	gene	228				
LAGGGMOH_04236	CDS	228				hypothetical protein
LAGGGMOH_04237	gene	1071				
LAGGGMOH_04237	CDS	1071				hypothetical protein
LAGGGMOH_04238	gene	228				
LAGGGMOH_04238	CDS	228				hypothetical protein
LAGGGMOH_04239	gene	1059				
LAGGGMOH_04239	CDS	1059				hypothetical protein
LAGGGMOH_04240	gene	438				
LAGGGMOH_04240	CDS	438				hypothetical protein
LAGGGMOH_04241	gene	474				
LAGGGMOH_04241	CDS	474				hypothetical protein
LAGGGMOH_04242	gene	399				
LAGGGMOH_04242	CDS	399				hypothetical protein
LAGGGMOH_04243	gene	228				
LAGGGMOH_04243	CDS	228				hypothetical protein
LAGGGMOH_04244	gene	888				
LAGGGMOH_04244	CDS	888				hypothetical protein
LAGGGMOH_04245	gene	480				
LAGGGMOH_04245	CDS	480				hypothetical protein
LAGGGMOH_04246	gene	303				
LAGGGMOH_04246	CDS	303				hypothetical protein
LAGGGMOH_04247	gene	1146				
LAGGGMOH_04247	CDS	1146				hypothetical protein
LAGGGMOH_04248	gene	273				
LAGGGMOH_04248	CDS	273				hypothetical protein
LAGGGMOH_04249	gene	1179				
LAGGGMOH_04249	CDS	1179				hypothetical protein
LAGGGMOH_04250	gene	888				
LAGGGMOH_04250	CDS	888				hypothetical protein
LAGGGMOH_04251	gene	1167				
LAGGGMOH_04251	CDS	1167				hypothetical protein
LAGGGMOH_04252	gene	432				
LAGGGMOH_04252	CDS	432				hypothetical protein
LAGGGMOH_04253	gene	1101				
LAGGGMOH_04253	CDS	1101				hypothetical protein
LAGGGMOH_04254	gene	1122				
LAGGGMOH_04254	CDS	1122				hypothetical protein
LAGGGMOH_04255	gene	1914				
LAGGGMOH_04255	CDS	1914				hypothetical protein
LAGGGMOH_04256	gene	1095				
LAGGGMOH_04256	CDS	1095				hypothetical protein
LAGGGMOH_04257	gene	1017				
LAGGGMOH_04257	CDS	1017				hypothetical protein
LAGGGMOH_04258	gene	918				
LAGGGMOH_04258	CDS	918				hypothetical protein
LAGGGMOH_04259	gene	696	yohK			
LAGGGMOH_04259	CDS	696	yohK		COG1346	Inner membrane protein YohK
LAGGGMOH_04260	gene	339				
LAGGGMOH_04260	CDS	339				hypothetical protein
LAGGGMOH_04261	gene	141				
LAGGGMOH_04261	CDS	141				hypothetical protein
LAGGGMOH_04262	gene	684				
LAGGGMOH_04262	CDS	684				hypothetical protein
LAGGGMOH_04263	gene	798				
LAGGGMOH_04263	CDS	798				hypothetical protein
LAGGGMOH_04264	gene	1554				
LAGGGMOH_04264	CDS	1554				hypothetical protein
LAGGGMOH_04265	gene	1020	pta			
LAGGGMOH_04265	CDS	1020	pta	2.3.1.8	COG0280	Phosphate acetyltransferase
LAGGGMOH_04266	gene	1197	ackA			
LAGGGMOH_04266	CDS	1197	ackA	2.7.2.1	COG0282	Acetate kinase
LAGGGMOH_04267	gene	1401	phoA			
LAGGGMOH_04267	CDS	1401	phoA	3.1.3.1	COG1785	Alkaline phosphatase 4
LAGGGMOH_04268	gene	312				
LAGGGMOH_04268	CDS	312			COG2151	Fe-S protein maturation auxiliary factor
LAGGGMOH_04269	gene	765				
LAGGGMOH_04269	CDS	765		3.6.1.54	COG2908	UDP-2,3-diacylglucosamine hydrolase
LAGGGMOH_04270	gene	696				
LAGGGMOH_04270	CDS	696				hypothetical protein
LAGGGMOH_04271	gene	990				
LAGGGMOH_04271	CDS	990				hypothetical protein
LAGGGMOH_04272	gene	567	efp			
LAGGGMOH_04272	CDS	567	efp		COG0231	Elongation factor P
LAGGGMOH_04273	gene	237	rpmH			
LAGGGMOH_04273	CDS	237	rpmH			Large ribosomal subunit protein bL34
LAGGGMOH_04274	gene	642				
LAGGGMOH_04274	CDS	642				hypothetical protein
LAGGGMOH_04275	gene	1074	rluD_2			
LAGGGMOH_04275	CDS	1074	rluD_2	5.4.99.23	COG0564	Ribosomal large subunit pseudouridine synthase D
LAGGGMOH_04276	gene	975	ddl			
LAGGGMOH_04276	CDS	975	ddl	6.3.2.4	COG1181	D-alanine--D-alanine ligase
LAGGGMOH_04277	gene	1149				
LAGGGMOH_04277	CDS	1149				hypothetical protein
LAGGGMOH_04278	gene	681				
LAGGGMOH_04278	CDS	681				hypothetical protein
LAGGGMOH_04279	gene	1698				
LAGGGMOH_04279	CDS	1698				hypothetical protein
LAGGGMOH_04280	gene	324				
LAGGGMOH_04280	CDS	324				hypothetical protein
LAGGGMOH_04281	gene	1140				
LAGGGMOH_04281	CDS	1140				hypothetical protein
LAGGGMOH_04282	gene	555				
LAGGGMOH_04282	CDS	555				hypothetical protein
LAGGGMOH_04283	gene	387	glpE			
LAGGGMOH_04283	CDS	387	glpE	2.8.1.1		Thiosulfate sulfurtransferase GlpE
LAGGGMOH_04284	gene	954	argF'			
LAGGGMOH_04284	CDS	954	argF'	2.1.3.11		N-succinylornithine carbamoyltransferase
LAGGGMOH_04285	gene	756				
LAGGGMOH_04285	CDS	756				hypothetical protein
LAGGGMOH_04286	gene	1023				
LAGGGMOH_04286	CDS	1023				hypothetical protein
LAGGGMOH_04287	gene	1248	proA			
LAGGGMOH_04287	CDS	1248	proA	1.2.1.41	COG0014	Gamma-glutamyl phosphate reductase
LAGGGMOH_04288	gene	1083	proB			
LAGGGMOH_04288	CDS	1083	proB	2.7.2.11		Glutamate 5-kinase
LAGGGMOH_04289	gene	237				
LAGGGMOH_04289	CDS	237				hypothetical protein
LAGGGMOH_04290	gene	843	racE			
LAGGGMOH_04290	CDS	843	racE	5.1.1.3	COG0796	Glutamate racemase 1
LAGGGMOH_04291	gene	510				
LAGGGMOH_04291	CDS	510				hypothetical protein
LAGGGMOH_04292	gene	516				
LAGGGMOH_04292	CDS	516				hypothetical protein
LAGGGMOH_04293	gene	2637	bamA_3			
LAGGGMOH_04293	CDS	2637	bamA_3			Outer membrane protein assembly factor BamA
LAGGGMOH_04294	gene	735	uppS			
LAGGGMOH_04294	CDS	735	uppS	2.5.1.31		Ditrans,polycis-undecaprenyl-diphosphate synthase ((2E,6E)-farnesyl-diphosphate specific)
LAGGGMOH_04295	gene	1353				
LAGGGMOH_04295	CDS	1353				hypothetical protein
LAGGGMOH_04296	gene	1041	ribD			
LAGGGMOH_04296	CDS	1041	ribD		COG0117	Riboflavin biosynthesis protein RibD
LAGGGMOH_04297	gene	411				
LAGGGMOH_04297	CDS	411				hypothetical protein
LAGGGMOH_04298	gene	216				
LAGGGMOH_04298	CDS	216				hypothetical protein
LAGGGMOH_04299	gene	222				
LAGGGMOH_04299	CDS	222				hypothetical protein
LAGGGMOH_04300	gene	417				
LAGGGMOH_04300	CDS	417				hypothetical protein
LAGGGMOH_04301	gene	1332				
LAGGGMOH_04301	CDS	1332				hypothetical protein
LAGGGMOH_04302	gene	258				
LAGGGMOH_04302	CDS	258				hypothetical protein
LAGGGMOH_04303	gene	234				
LAGGGMOH_04303	CDS	234				hypothetical protein
LAGGGMOH_04304	gene	246				
LAGGGMOH_04304	CDS	246				hypothetical protein
LAGGGMOH_04305	gene	309				
LAGGGMOH_04305	CDS	309				hypothetical protein
LAGGGMOH_04306	gene	246				
LAGGGMOH_04306	CDS	246				hypothetical protein
LAGGGMOH_04307	gene	528				
LAGGGMOH_04307	CDS	528				hypothetical protein
LAGGGMOH_04308	gene	504				
LAGGGMOH_04308	CDS	504				hypothetical protein
LAGGGMOH_04309	gene	903	dnaG_4			
LAGGGMOH_04309	CDS	903	dnaG_4	2.7.7.101		DNA primase
LAGGGMOH_04310	gene	576				
LAGGGMOH_04310	CDS	576				hypothetical protein
LAGGGMOH_04311	gene	987				
LAGGGMOH_04311	CDS	987				hypothetical protein
LAGGGMOH_04312	gene	1353				
LAGGGMOH_04312	CDS	1353				hypothetical protein
LAGGGMOH_04313	gene	279				
LAGGGMOH_04313	CDS	279				hypothetical protein
LAGGGMOH_04314	gene	624				
LAGGGMOH_04314	CDS	624				hypothetical protein
LAGGGMOH_04315	gene	1005				
LAGGGMOH_04315	CDS	1005				hypothetical protein
LAGGGMOH_04316	gene	537				
LAGGGMOH_04316	CDS	537				hypothetical protein
LAGGGMOH_04317	gene	1836	ltrA_2			
LAGGGMOH_04317	CDS	1836	ltrA_2			Group II intron-encoded protein LtrA
LAGGGMOH_04318	gene	141				
LAGGGMOH_04318	CDS	141				hypothetical protein
LAGGGMOH_04319	gene	228				
LAGGGMOH_04319	CDS	228				hypothetical protein
LAGGGMOH_04320	gene	381				
LAGGGMOH_04320	CDS	381				hypothetical protein
LAGGGMOH_04321	gene	2505				
LAGGGMOH_04321	CDS	2505				hypothetical protein
LAGGGMOH_04322	gene	333				
LAGGGMOH_04322	CDS	333				hypothetical protein
LAGGGMOH_04323	gene	318				
LAGGGMOH_04323	CDS	318				hypothetical protein
LAGGGMOH_04324	gene	729				
LAGGGMOH_04324	CDS	729				hypothetical protein
LAGGGMOH_04325	gene	342				
LAGGGMOH_04325	CDS	342				hypothetical protein
LAGGGMOH_04326	gene	441				
LAGGGMOH_04326	CDS	441				hypothetical protein
LAGGGMOH_04327	gene	762				
LAGGGMOH_04327	CDS	762				hypothetical protein
LAGGGMOH_04328	gene	429				
LAGGGMOH_04328	CDS	429				hypothetical protein
LAGGGMOH_04329	gene	1248				
LAGGGMOH_04329	CDS	1248				hypothetical protein
LAGGGMOH_04330	gene	726				
LAGGGMOH_04330	CDS	726				hypothetical protein
LAGGGMOH_04331	gene	1656				
LAGGGMOH_04331	CDS	1656				hypothetical protein
LAGGGMOH_04332	gene	1407				
LAGGGMOH_04332	CDS	1407				hypothetical protein
LAGGGMOH_04333	gene	3255				
LAGGGMOH_04333	CDS	3255				hypothetical protein
LAGGGMOH_04334	gene	1131				
LAGGGMOH_04334	CDS	1131			COG1373	putative protein
LAGGGMOH_04335	gene	606				
LAGGGMOH_04335	CDS	606				hypothetical protein
LAGGGMOH_04336	gene	423				
LAGGGMOH_04336	CDS	423				hypothetical protein
LAGGGMOH_04337	gene	1323	zraR_6			
LAGGGMOH_04337	CDS	1323	zraR_6		COG2204	Transcriptional regulatory protein ZraR
LAGGGMOH_04338	gene	2319	rcsC_35			
LAGGGMOH_04338	CDS	2319	rcsC_35	2.7.13.3		Sensor histidine kinase RcsC
LAGGGMOH_04339	gene	1926	tet(Q)_2			
LAGGGMOH_04339	CDS	1926	tet(Q)_2			tetracycline resistance ribosomal protection protein Tet(Q)
LAGGGMOH_04340	gene	5817				
LAGGGMOH_04340	CDS	5817				hypothetical protein
LAGGGMOH_04341	gene	588				
LAGGGMOH_04341	CDS	588				hypothetical protein
LAGGGMOH_04342	gene	2088	topB_6			
LAGGGMOH_04342	CDS	2088	topB_6	5.6.2.1	COG0550	DNA topoisomerase 3
LAGGGMOH_04343	gene	1572				
LAGGGMOH_04343	CDS	1572				hypothetical protein
LAGGGMOH_04344	gene	453				
LAGGGMOH_04344	CDS	453				hypothetical protein
LAGGGMOH_04345	gene	363				
LAGGGMOH_04345	CDS	363				hypothetical protein
LAGGGMOH_04346	gene	294				
LAGGGMOH_04346	CDS	294				hypothetical protein
LAGGGMOH_04347	gene	276				
LAGGGMOH_04347	CDS	276				hypothetical protein
LAGGGMOH_04348	gene	363				
LAGGGMOH_04348	CDS	363				hypothetical protein
LAGGGMOH_04349	gene	1236	xerC_30			
LAGGGMOH_04349	CDS	1236	xerC_30			Tyrosine recombinase XerC
LAGGGMOH_04350	gene	837	prmC			
LAGGGMOH_04350	CDS	837	prmC	2.1.1.297		Release factor glutamine methyltransferase
LAGGGMOH_04351	gene	465	recX			
LAGGGMOH_04351	CDS	465	recX			Regulatory protein RecX
LAGGGMOH_04352	gene	639	pyrE			
LAGGGMOH_04352	CDS	639	pyrE	2.4.2.10	COG0461	Orotate phosphoribosyltransferase
LAGGGMOH_04353	gene	411				
LAGGGMOH_04353	CDS	411				hypothetical protein
LAGGGMOH_04354	gene	1344	argH			
LAGGGMOH_04354	CDS	1344	argH	4.3.2.1	COG0165	Argininosuccinate lyase
LAGGGMOH_04355	gene	74				
LAGGGMOH_04355	tRNA	74				tRNA-Gly(gcc)
LAGGGMOH_04356	gene	85				
LAGGGMOH_04356	tRNA	85				tRNA-Leu(taa)
LAGGGMOH_04357	gene	1146	garK			
LAGGGMOH_04357	CDS	1146	garK	2.7.1.165	COG1929	Glycerate 2-kinase
LAGGGMOH_04358	gene	201				
LAGGGMOH_04358	CDS	201				hypothetical protein
LAGGGMOH_04359	gene	1656	acsA			
LAGGGMOH_04359	CDS	1656	acsA	6.2.1.1	COG0365	Acetyl-coenzyme A synthetase
LAGGGMOH_04360	gene	555				
LAGGGMOH_04360	CDS	555				hypothetical protein
LAGGGMOH_04361	gene	774	proC			
LAGGGMOH_04361	CDS	774	proC	1.5.1.2		Pyrroline-5-carboxylate reductase
LAGGGMOH_04362	gene	1125	lysJ			
LAGGGMOH_04362	CDS	1125	lysJ	2.6.1.118	COG4992	[LysW]-aminoadipate semialdehyde transaminase
LAGGGMOH_04363	gene	969	argC			
LAGGGMOH_04363	CDS	969	argC	1.2.1.38	COG0002	N-acetyl-gamma-glutamyl-phosphate reductase
LAGGGMOH_04364	gene	1206	argG			
LAGGGMOH_04364	CDS	1206	argG	6.3.4.5	COG0137	Argininosuccinate synthase
LAGGGMOH_04365	gene	579				
LAGGGMOH_04365	CDS	579				hypothetical protein
LAGGGMOH_04366	gene	474	argR			
LAGGGMOH_04366	CDS	474	argR		COG1438	Arginine repressor
LAGGGMOH_04367	gene	74				
LAGGGMOH_04367	tRNA	74				tRNA-Pro(cgg)
LAGGGMOH_04368	gene	74				
LAGGGMOH_04368	tRNA	74				tRNA-Phe(gaa)
LAGGGMOH_04369	gene	189				
LAGGGMOH_04369	CDS	189				hypothetical protein
LAGGGMOH_04370	gene	1587	gadC			
LAGGGMOH_04370	CDS	1587	gadC		COG0531	Glutamate/gamma-aminobutyrate antiporter
LAGGGMOH_04371	gene	738				
LAGGGMOH_04371	CDS	738				hypothetical protein
LAGGGMOH_04372	gene	1002	mdh_2			
LAGGGMOH_04372	CDS	1002	mdh_2	1.1.1.37		Malate dehydrogenase
LAGGGMOH_04373	gene	849	cvfB			
LAGGGMOH_04373	CDS	849	cvfB			Conserved virulence factor B
LAGGGMOH_04374	gene	630				
LAGGGMOH_04374	CDS	630				hypothetical protein
LAGGGMOH_04375	gene	669				
LAGGGMOH_04375	CDS	669				hypothetical protein
LAGGGMOH_04376	gene	897				
LAGGGMOH_04376	CDS	897				hypothetical protein
LAGGGMOH_04377	gene	171				
LAGGGMOH_04377	CDS	171				hypothetical protein
LAGGGMOH_04378	gene	1923	mtgA_2			
LAGGGMOH_04378	CDS	1923	mtgA_2	2.4.99.28		Biosynthetic peptidoglycan transglycosylase
LAGGGMOH_04379	gene	1248	mutS_3			
LAGGGMOH_04379	CDS	1248	mutS_3			DNA mismatch repair protein MutS
LAGGGMOH_04380	gene	1119				
LAGGGMOH_04380	CDS	1119				hypothetical protein
LAGGGMOH_04381	gene	1071				
LAGGGMOH_04381	CDS	1071				hypothetical protein
LAGGGMOH_04382	gene	240				
LAGGGMOH_04382	CDS	240				hypothetical protein
LAGGGMOH_04383	gene	1323	bepC			
LAGGGMOH_04383	CDS	1323	bepC			Outer membrane efflux protein BepC
LAGGGMOH_04384	gene	1101	pvdR_2			
LAGGGMOH_04384	CDS	1101	pvdR_2		COG0845	Pyoverdine export membrane fusion protein PvdR
LAGGGMOH_04385	gene	1245	macB_3			
LAGGGMOH_04385	CDS	1245	macB_3	7.6.2.-	COG0577	Macrolide export ATP-binding/permease protein MacB
LAGGGMOH_04386	gene	1260	macB_4			
LAGGGMOH_04386	CDS	1260	macB_4	7.6.2.-	COG0577	Macrolide export ATP-binding/permease protein MacB
LAGGGMOH_04387	gene	717	yknY_8			
LAGGGMOH_04387	CDS	717	yknY_8	7.6.2.-	COG1136	putative ABC transporter ATP-binding protein YknY
LAGGGMOH_04388	gene	981	glk			
LAGGGMOH_04388	CDS	981	glk	2.7.1.2		Glucokinase
LAGGGMOH_04389	gene	354	rplS			
LAGGGMOH_04389	CDS	354	rplS		COG0335	Large ribosomal subunit protein bL19
LAGGGMOH_04390	gene	789				
LAGGGMOH_04390	CDS	789				hypothetical protein
LAGGGMOH_04391	gene	873	yfkN_2			
LAGGGMOH_04391	CDS	873	yfkN_2		COG0737	Trifunctional nucleotide phosphoesterase protein YfkN
LAGGGMOH_04392	gene	2988	yfeW_2			
LAGGGMOH_04392	CDS	2988	yfeW_2	3.4.16.4		Putative D-alanyl-D-alanine carboxypeptidase
LAGGGMOH_04393	gene	3048	yfeW_3			
LAGGGMOH_04393	CDS	3048	yfeW_3	3.4.16.4		Putative D-alanyl-D-alanine carboxypeptidase
LAGGGMOH_04394	gene	3192				
LAGGGMOH_04394	CDS	3192			COG4771	TonB-dependent receptor P3
LAGGGMOH_04395	gene	1965				
LAGGGMOH_04395	CDS	1965				hypothetical protein
LAGGGMOH_04396	gene	1461				
LAGGGMOH_04396	CDS	1461		3.1.6.-	COG3119	N-acetylgalactosamine-6-O-sulfatase
LAGGGMOH_04397	gene	627				
LAGGGMOH_04397	CDS	627				hypothetical protein
LAGGGMOH_04398	gene	633				
LAGGGMOH_04398	CDS	633				hypothetical protein
LAGGGMOH_04399	gene	1368	ptp			
LAGGGMOH_04399	CDS	1368	ptp	3.4.11.-		Prolyl tri/tetrapeptidyl aminopeptidase
LAGGGMOH_04400	gene	351				
LAGGGMOH_04400	CDS	351				hypothetical protein
LAGGGMOH_04401	gene	2481	cdr			
LAGGGMOH_04401	CDS	2481	cdr	1.8.1.14		Coenzyme A disulfide reductase
LAGGGMOH_04402	gene	1410	lysC_2			
LAGGGMOH_04402	CDS	1410	lysC_2	2.7.2.4	COG0527	Lysine-sensitive aspartokinase 3
LAGGGMOH_04403	gene	204				
LAGGGMOH_04403	CDS	204				hypothetical protein
LAGGGMOH_04404	gene	1713				
LAGGGMOH_04404	CDS	1713				hypothetical protein
LAGGGMOH_04405	gene	1086				
LAGGGMOH_04405	CDS	1086				ISL3 family transposase ISAcma23
LAGGGMOH_04406	gene	132				
LAGGGMOH_04406	CDS	132				hypothetical protein
LAGGGMOH_04407	gene	1350	atoC_4			
LAGGGMOH_04407	CDS	1350	atoC_4		COG2204	Regulatory protein AtoC
LAGGGMOH_04408	gene	1707	kdpA			
LAGGGMOH_04408	CDS	1707	kdpA		COG2060	Potassium-transporting ATPase potassium-binding subunit
LAGGGMOH_04409	gene	2025	kdpB			
LAGGGMOH_04409	CDS	2025	kdpB	7.2.2.6	COG2216	Potassium-transporting ATPase ATP-binding subunit
LAGGGMOH_04410	gene	582	kdpC			
LAGGGMOH_04410	CDS	582	kdpC		COG2156	Potassium-transporting ATPase KdpC subunit
LAGGGMOH_04411	gene	750				
LAGGGMOH_04411	CDS	750				hypothetical protein
LAGGGMOH_04412	gene	1128	kdpD			
LAGGGMOH_04412	CDS	1128	kdpD	2.7.13.3	COG2205	Sensor protein KdpD
LAGGGMOH_04413	gene	1440	srrB			
LAGGGMOH_04413	CDS	1440	srrB	2.7.13.3		Sensor protein SrrB
LAGGGMOH_04414	gene	564	rpoE_4			
LAGGGMOH_04414	CDS	564	rpoE_4		COG1595	ECF RNA polymerase sigma-E factor
LAGGGMOH_04415	gene	1011				
LAGGGMOH_04415	CDS	1011				hypothetical protein
LAGGGMOH_04416	gene	3408				
LAGGGMOH_04416	CDS	3408			COG4771	TonB-dependent receptor P3
LAGGGMOH_04417	gene	1446				
LAGGGMOH_04417	CDS	1446				hypothetical protein
LAGGGMOH_04418	gene	2388				
LAGGGMOH_04418	CDS	2388				hypothetical protein
LAGGGMOH_04419	gene	2949				
LAGGGMOH_04419	CDS	2949				hypothetical protein
LAGGGMOH_04420	gene	756				
LAGGGMOH_04420	CDS	756				hypothetical protein
LAGGGMOH_04421	gene	77				
LAGGGMOH_04421	tRNA	77				tRNA-Met(cat)
LAGGGMOH_04422	gene	387				
LAGGGMOH_04422	CDS	387				hypothetical protein
LAGGGMOH_04423	gene	1923				
LAGGGMOH_04423	CDS	1923				hypothetical protein
LAGGGMOH_04424	gene	1215	ribBA			
LAGGGMOH_04424	CDS	1215	ribBA		COG0108	Riboflavin biosynthesis protein RibBA
LAGGGMOH_04425	gene	1194				
LAGGGMOH_04425	CDS	1194		2.6.1.1		Aspartate/prephenate aminotransferase
LAGGGMOH_04426	gene	171				
LAGGGMOH_04426	CDS	171				Ferredoxin
LAGGGMOH_04427	gene	918	metAA			
LAGGGMOH_04427	CDS	918	metAA	2.3.1.31	COG1897	Homoserine O-acetyltransferase
LAGGGMOH_04428	gene	1827	rlhA			
LAGGGMOH_04428	CDS	1827	rlhA		COG0826	23S rRNA 5-hydroxycytidine synthase
LAGGGMOH_04429	gene	975				
LAGGGMOH_04429	CDS	975				hypothetical protein
LAGGGMOH_04430	gene	2403	iacT_2			
LAGGGMOH_04430	CDS	2403	iacT_2		COG4773	Iron and copper transporter IacT
LAGGGMOH_04431	gene	603				
LAGGGMOH_04431	CDS	603				hypothetical protein
LAGGGMOH_04432	gene	1674				
LAGGGMOH_04432	CDS	1674				hypothetical protein
LAGGGMOH_04433	gene	375				
LAGGGMOH_04433	CDS	375				hypothetical protein
LAGGGMOH_04434	gene	1368	radA			
LAGGGMOH_04434	CDS	1368	radA	3.6.4.-	COG1066	DNA repair protein RadA
LAGGGMOH_04435	gene	408				
LAGGGMOH_04435	CDS	408				hypothetical protein
LAGGGMOH_04436	gene	2301	etk			
LAGGGMOH_04436	CDS	2301	etk	2.7.10.-	COG0489	Tyrosine-protein kinase etk
LAGGGMOH_04437	gene	954				
LAGGGMOH_04437	CDS	954				hypothetical protein
LAGGGMOH_04438	gene	141				
LAGGGMOH_04438	CDS	141				hypothetical protein
LAGGGMOH_04439	gene	2436	thrA			
LAGGGMOH_04439	CDS	2436	thrA		COG0460	Bifunctional aspartokinase/homoserine dehydrogenase 1
LAGGGMOH_04440	gene	1212				
LAGGGMOH_04440	CDS	1212				hypothetical protein
LAGGGMOH_04441	gene	1302	thrC			
LAGGGMOH_04441	CDS	1302	thrC	4.2.3.1	COG0498	Threonine synthase
LAGGGMOH_04442	gene	951				
LAGGGMOH_04442	CDS	951				hypothetical protein
LAGGGMOH_04443	gene	624				
LAGGGMOH_04443	CDS	624				hypothetical protein
LAGGGMOH_04444	gene	573	pnuC			
LAGGGMOH_04444	CDS	573	pnuC			Nicotinamide riboside transporter PnuC
LAGGGMOH_04445	gene	2220	btuB_12			
LAGGGMOH_04445	CDS	2220	btuB_12			Vitamin B12 transporter BtuB
LAGGGMOH_04446	gene	909	mscS			
LAGGGMOH_04446	CDS	909	mscS		COG0668	Small-conductance mechanosensitive channel
LAGGGMOH_04447	gene	240				
LAGGGMOH_04447	CDS	240				hypothetical protein
LAGGGMOH_04448	gene	588	sigW_7			
LAGGGMOH_04448	CDS	588	sigW_7		COG1595	ECF RNA polymerase sigma factor SigW
LAGGGMOH_04449	gene	999				
LAGGGMOH_04449	CDS	999				hypothetical protein
LAGGGMOH_04450	gene	2403				
LAGGGMOH_04450	CDS	2403				hypothetical protein
LAGGGMOH_04451	gene	3282	susC_17			
LAGGGMOH_04451	CDS	3282	susC_17		COG1629	TonB-dependent receptor SusC
LAGGGMOH_04452	gene	1569				
LAGGGMOH_04452	CDS	1569			COG0561	SusD-like protein
LAGGGMOH_04453	gene	1893				
LAGGGMOH_04453	CDS	1893				hypothetical protein
LAGGGMOH_04454	gene	2919	lacZ_15			
LAGGGMOH_04454	CDS	2919	lacZ_15	3.2.1.23		Beta-galactosidase
LAGGGMOH_04455	gene	2061				
LAGGGMOH_04455	CDS	2061				hypothetical protein
LAGGGMOH_04456	gene	2784				
LAGGGMOH_04456	CDS	2784				hypothetical protein
LAGGGMOH_04457	gene	1581				
LAGGGMOH_04457	CDS	1581		3.2.1.-	COG3507	Beta-xylosidase
LAGGGMOH_04458	gene	177				
LAGGGMOH_04458	CDS	177				hypothetical protein
LAGGGMOH_04459	gene	1224				
LAGGGMOH_04459	CDS	1224				hypothetical protein
LAGGGMOH_04460	gene	2340	btuB_13			
LAGGGMOH_04460	CDS	2340	btuB_13			Vitamin B12 transporter BtuB
LAGGGMOH_04461	gene	816				
LAGGGMOH_04461	CDS	816				hypothetical protein
LAGGGMOH_04462	gene	1008				
LAGGGMOH_04462	CDS	1008				hypothetical protein
LAGGGMOH_04463	gene	501	bioC_3			
LAGGGMOH_04463	CDS	501	bioC_3	2.1.1.197		Malonyl-[acyl-carrier protein] O-methyltransferase
LAGGGMOH_04464	gene	570				
LAGGGMOH_04464	CDS	570				hypothetical protein
LAGGGMOH_04465	gene	120				
LAGGGMOH_04465	CDS	120				hypothetical protein
LAGGGMOH_04466	gene	1620				
LAGGGMOH_04466	CDS	1620				hypothetical protein
LAGGGMOH_04467	gene	393				
LAGGGMOH_04467	CDS	393				hypothetical protein
LAGGGMOH_04468	gene	117				
LAGGGMOH_04468	CDS	117				hypothetical protein
LAGGGMOH_04469	gene	630				
LAGGGMOH_04469	CDS	630				hypothetical protein
LAGGGMOH_04470	gene	1323				
LAGGGMOH_04470	CDS	1323				hypothetical protein
LAGGGMOH_04471	gene	594	hin_2			
LAGGGMOH_04471	CDS	594	hin_2			DNA-invertase hin
LAGGGMOH_04472	gene	531				
LAGGGMOH_04472	CDS	531				hypothetical protein
LAGGGMOH_04473	gene	876				
LAGGGMOH_04473	CDS	876				hypothetical protein
LAGGGMOH_04474	gene	822				
LAGGGMOH_04474	CDS	822				hypothetical protein
LAGGGMOH_04475	gene	1779	recD2_4			
LAGGGMOH_04475	CDS	1779	recD2_4	5.6.2.3		ATP-dependent RecD2 DNA helicase
LAGGGMOH_04476	gene	855				
LAGGGMOH_04476	CDS	855				hypothetical protein
LAGGGMOH_04477	gene	1554				
LAGGGMOH_04477	CDS	1554				hypothetical protein
LAGGGMOH_04478	gene	927				
LAGGGMOH_04478	CDS	927				hypothetical protein
LAGGGMOH_04479	gene	612				
LAGGGMOH_04479	CDS	612				hypothetical protein
LAGGGMOH_04480	gene	171				
LAGGGMOH_04480	CDS	171				hypothetical protein
LAGGGMOH_04481	gene	1287				
LAGGGMOH_04481	CDS	1287				hypothetical protein
LAGGGMOH_04482	gene	894				
LAGGGMOH_04482	CDS	894				hypothetical protein
LAGGGMOH_04483	gene	801				
LAGGGMOH_04483	CDS	801				hypothetical protein
LAGGGMOH_04484	gene	255				
LAGGGMOH_04484	CDS	255				hypothetical protein
LAGGGMOH_04485	gene	168				
LAGGGMOH_04485	CDS	168				hypothetical protein
LAGGGMOH_04486	gene	447				
LAGGGMOH_04486	CDS	447				hypothetical protein
LAGGGMOH_04487	gene	312				
LAGGGMOH_04487	CDS	312				hypothetical protein
LAGGGMOH_04488	gene	339				
LAGGGMOH_04488	CDS	339				hypothetical protein
LAGGGMOH_04489	gene	204				
LAGGGMOH_04489	CDS	204				hypothetical protein
LAGGGMOH_04490	gene	186				
LAGGGMOH_04490	CDS	186				hypothetical protein
LAGGGMOH_04491	gene	342				
LAGGGMOH_04491	CDS	342				hypothetical protein
LAGGGMOH_04492	gene	468				
LAGGGMOH_04492	CDS	468				hypothetical protein
LAGGGMOH_04493	gene	276				
LAGGGMOH_04493	CDS	276				hypothetical protein
LAGGGMOH_04494	gene	213				
LAGGGMOH_04494	CDS	213				hypothetical protein
LAGGGMOH_04495	gene	588				
LAGGGMOH_04495	CDS	588				hypothetical protein
LAGGGMOH_04496	gene	1629	noc_3			
LAGGGMOH_04496	CDS	1629	noc_3			Nucleoid occlusion protein
LAGGGMOH_04497	gene	252				
LAGGGMOH_04497	CDS	252				hypothetical protein
LAGGGMOH_04498	gene	360				
LAGGGMOH_04498	CDS	360				hypothetical protein
LAGGGMOH_04499	gene	579				
LAGGGMOH_04499	CDS	579				hypothetical protein
LAGGGMOH_04500	gene	252				
LAGGGMOH_04500	CDS	252				hypothetical protein
LAGGGMOH_04501	gene	318				
LAGGGMOH_04501	CDS	318				hypothetical protein
LAGGGMOH_04502	gene	546				
LAGGGMOH_04502	CDS	546				hypothetical protein
LAGGGMOH_04503	gene	1140				
LAGGGMOH_04503	CDS	1140				hypothetical protein
LAGGGMOH_04504	gene	1014				
LAGGGMOH_04504	CDS	1014				hypothetical protein
LAGGGMOH_04505	gene	642				
LAGGGMOH_04505	CDS	642				hypothetical protein
LAGGGMOH_04506	gene	1113				
LAGGGMOH_04506	CDS	1113				IS200/IS605 family transposase ISSoc1
LAGGGMOH_04507	gene	786				
LAGGGMOH_04507	CDS	786				hypothetical protein
LAGGGMOH_04508	gene	555				
LAGGGMOH_04508	CDS	555				hypothetical protein
LAGGGMOH_04509	gene	2433				
LAGGGMOH_04509	CDS	2433				hypothetical protein
LAGGGMOH_04510	gene	327				
LAGGGMOH_04510	CDS	327				hypothetical protein
LAGGGMOH_04511	gene	312				
LAGGGMOH_04511	CDS	312				hypothetical protein
LAGGGMOH_04512	gene	789				
LAGGGMOH_04512	CDS	789				hypothetical protein
LAGGGMOH_04513	gene	2664				
LAGGGMOH_04513	CDS	2664				hypothetical protein
LAGGGMOH_04514	gene	945				
LAGGGMOH_04514	CDS	945				hypothetical protein
LAGGGMOH_04515	gene	870				
LAGGGMOH_04515	CDS	870				hypothetical protein
LAGGGMOH_04516	gene	2055				
LAGGGMOH_04516	CDS	2055				hypothetical protein
LAGGGMOH_04517	gene	756				
LAGGGMOH_04517	CDS	756				hypothetical protein
LAGGGMOH_04518	gene	501				
LAGGGMOH_04518	CDS	501				hypothetical protein
LAGGGMOH_04519	gene	549				
LAGGGMOH_04519	CDS	549				hypothetical protein
LAGGGMOH_04520	gene	225				
LAGGGMOH_04520	CDS	225				hypothetical protein
LAGGGMOH_04521	gene	1029	xerC_31			
LAGGGMOH_04521	CDS	1029	xerC_31			Tyrosine recombinase XerC
LAGGGMOH_04522	gene	1368				
LAGGGMOH_04522	CDS	1368				IS607 family transposase ISChh1
LAGGGMOH_04523	gene	585				
LAGGGMOH_04523	CDS	585				hypothetical protein
LAGGGMOH_04524	gene	792				
LAGGGMOH_04524	CDS	792				hypothetical protein
LAGGGMOH_04525	gene	819	soj_3			
LAGGGMOH_04525	CDS	819	soj_3	3.6.4.-	COG1192	Sporulation initiation inhibitor protein Soj
LAGGGMOH_04526	gene	237				
LAGGGMOH_04526	CDS	237				hypothetical protein
LAGGGMOH_04527	gene	1797				
LAGGGMOH_04527	CDS	1797				hypothetical protein
LAGGGMOH_04528	gene	204				
LAGGGMOH_04528	CDS	204				hypothetical protein
LAGGGMOH_04529	gene	1623				
LAGGGMOH_04529	CDS	1623				hypothetical protein
LAGGGMOH_04530	gene	1644				
LAGGGMOH_04530	CDS	1644				hypothetical protein
LAGGGMOH_04531	gene	438				
LAGGGMOH_04531	CDS	438				hypothetical protein
LAGGGMOH_04532	gene	5484				
LAGGGMOH_04532	CDS	5484				hypothetical protein
LAGGGMOH_04533	gene	1737				
LAGGGMOH_04533	CDS	1737				hypothetical protein
LAGGGMOH_04534	gene	1635				
LAGGGMOH_04534	CDS	1635				hypothetical protein
LAGGGMOH_04535	gene	873				
LAGGGMOH_04535	CDS	873				hypothetical protein
LAGGGMOH_04536	gene	1755				
LAGGGMOH_04536	CDS	1755				hypothetical protein
LAGGGMOH_04537	gene	3252				
LAGGGMOH_04537	CDS	3252			COG1629	TonB-dependent receptor P26
LAGGGMOH_04538	gene	2904				
LAGGGMOH_04538	CDS	2904			COG4771	TonB-dependent receptor P3
LAGGGMOH_04539	gene	1395				
LAGGGMOH_04539	CDS	1395				hypothetical protein
LAGGGMOH_04540	gene	1254	hflX			
LAGGGMOH_04540	CDS	1254	hflX			GTPase HflX
LAGGGMOH_04541	gene	1992				
LAGGGMOH_04541	CDS	1992				hypothetical protein
LAGGGMOH_04542	gene	2490				
LAGGGMOH_04542	CDS	2490				hypothetical protein
LAGGGMOH_04543	gene	1647	fumB			
LAGGGMOH_04543	CDS	1647	fumB	4.2.1.2	COG1838	Fumarate hydratase class I, anaerobic
LAGGGMOH_04544	gene	1146				
LAGGGMOH_04544	CDS	1146				hypothetical protein
LAGGGMOH_04545	gene	2157				
LAGGGMOH_04545	CDS	2157				hypothetical protein
LAGGGMOH_04546	gene	1656	bcaP			
LAGGGMOH_04546	CDS	1656	bcaP		COG0531	Branched-chain amino acid permease BcaP
LAGGGMOH_04547	gene	1326				
LAGGGMOH_04547	CDS	1326				hypothetical protein
LAGGGMOH_04548	gene	3036	bepE_6			
LAGGGMOH_04548	CDS	3036	bepE_6			Efflux pump membrane transporter BepE
LAGGGMOH_04549	gene	1083	mdtA_6			
LAGGGMOH_04549	CDS	1083	mdtA_6			Multidrug resistance protein MdtA
LAGGGMOH_04550	gene	1314				
LAGGGMOH_04550	CDS	1314				hypothetical protein
LAGGGMOH_04551	gene	2172	comA			
LAGGGMOH_04551	CDS	2172	comA	3.4.22.-	COG2274	Transport/processing ATP-binding protein ComA
LAGGGMOH_04552	gene	720				
LAGGGMOH_04552	CDS	720				hypothetical protein
LAGGGMOH_04553	gene	345				
LAGGGMOH_04553	CDS	345				hypothetical protein
LAGGGMOH_04554	gene	129				
LAGGGMOH_04554	CDS	129				hypothetical protein
LAGGGMOH_04555	gene	1563				
LAGGGMOH_04555	CDS	1563				hypothetical protein
LAGGGMOH_04556	gene	1254				
LAGGGMOH_04556	CDS	1254				hypothetical protein
LAGGGMOH_04557	gene	189				
LAGGGMOH_04557	CDS	189				hypothetical protein
LAGGGMOH_04558	gene	933	rsgA			
LAGGGMOH_04558	CDS	933	rsgA	3.6.1.-	COG1162	Small ribosomal subunit biogenesis GTPase RsgA
LAGGGMOH_04559	gene	561	frr			
LAGGGMOH_04559	CDS	561	frr		COG0233	Ribosome-recycling factor
LAGGGMOH_04560	gene	1059				
LAGGGMOH_04560	CDS	1059				hypothetical protein
LAGGGMOH_04561	gene	555				
LAGGGMOH_04561	CDS	555				hypothetical protein
LAGGGMOH_04562	gene	2796				
LAGGGMOH_04562	CDS	2796				hypothetical protein
LAGGGMOH_04563	gene	1590	dnaK_2			
LAGGGMOH_04563	CDS	1590	dnaK_2		COG0443	Chaperone protein DnaK
LAGGGMOH_04564	gene	849				
LAGGGMOH_04564	CDS	849				hypothetical protein
LAGGGMOH_04565	gene	150				
LAGGGMOH_04565	CDS	150				hypothetical protein
LAGGGMOH_04566	gene	711	pyrH			
LAGGGMOH_04566	CDS	711	pyrH	2.7.4.22	COG0528	Uridylate kinase
LAGGGMOH_04567	gene	1320	dinF			
LAGGGMOH_04567	CDS	1320	dinF		COG0534	DNA damage-inducible protein F
LAGGGMOH_04568	gene	684				
LAGGGMOH_04568	CDS	684				hypothetical protein
LAGGGMOH_04569	gene	1326				
LAGGGMOH_04569	CDS	1326				hypothetical protein
LAGGGMOH_04570	gene	756	birA			
LAGGGMOH_04570	CDS	756	birA	6.3.4.15	COG0340	Bifunctional ligase/repressor BirA
LAGGGMOH_04571	gene	357	yjbR			
LAGGGMOH_04571	CDS	357	yjbR		COG2315	putative protein YjbR
LAGGGMOH_04572	gene	366				
LAGGGMOH_04572	CDS	366				hypothetical protein
LAGGGMOH_04573	gene	234				
LAGGGMOH_04573	CDS	234				hypothetical protein
LAGGGMOH_04574	gene	438	tadA_2			
LAGGGMOH_04574	CDS	438	tadA_2	3.5.4.33		tRNA-specific adenosine deaminase
LAGGGMOH_04575	gene	291				
LAGGGMOH_04575	CDS	291				hypothetical protein
LAGGGMOH_04576	gene	711				
LAGGGMOH_04576	CDS	711				hypothetical protein
LAGGGMOH_04577	gene	687	psd			
LAGGGMOH_04577	CDS	687	psd	4.1.1.65		Phosphatidylserine decarboxylase proenzyme
LAGGGMOH_04578	gene	3897	dnaE			
LAGGGMOH_04578	CDS	3897	dnaE	2.7.7.7		DNA polymerase III subunit alpha
LAGGGMOH_04579	gene	315	trxA_2			
LAGGGMOH_04579	CDS	315	trxA_2		COG3118	Thioredoxin
LAGGGMOH_04580	gene	336				
LAGGGMOH_04580	CDS	336				hypothetical protein
LAGGGMOH_04581	gene	732				
LAGGGMOH_04581	CDS	732				hypothetical protein
LAGGGMOH_04582	gene	963				
LAGGGMOH_04582	CDS	963				hypothetical protein
LAGGGMOH_04583	gene	933				
LAGGGMOH_04583	CDS	933				hypothetical protein
LAGGGMOH_04584	gene	624				
LAGGGMOH_04584	CDS	624				hypothetical protein
LAGGGMOH_04585	gene	1248				
LAGGGMOH_04585	CDS	1248				hypothetical protein
LAGGGMOH_04586	gene	996	moxR1_2			
LAGGGMOH_04586	CDS	996	moxR1_2		COG0714	Chaperone MoxR1
LAGGGMOH_04587	gene	1311				
LAGGGMOH_04587	CDS	1311				hypothetical protein
LAGGGMOH_04588	gene	225				
LAGGGMOH_04588	CDS	225				hypothetical protein
LAGGGMOH_04589	gene	420				
LAGGGMOH_04589	CDS	420				hypothetical protein
LAGGGMOH_04590	gene	810	znuB			
LAGGGMOH_04590	CDS	810	znuB		COG1108	High-affinity zinc uptake system membrane protein ZnuB
LAGGGMOH_04591	gene	423				
LAGGGMOH_04591	CDS	423				hypothetical protein
LAGGGMOH_04592	gene	1002				
LAGGGMOH_04592	CDS	1002				hypothetical protein
LAGGGMOH_04593	gene	1215				
LAGGGMOH_04593	CDS	1215				hypothetical protein
LAGGGMOH_04594	gene	2286				
LAGGGMOH_04594	CDS	2286				hypothetical protein
LAGGGMOH_04595	gene	846				
LAGGGMOH_04595	CDS	846				hypothetical protein
LAGGGMOH_04596	gene	975				
LAGGGMOH_04596	CDS	975				hypothetical protein
LAGGGMOH_04597	gene	74				
LAGGGMOH_04597	tRNA	74				tRNA-Lys(ttt)
LAGGGMOH_04598	gene	1140				
LAGGGMOH_04598	CDS	1140				hypothetical protein
LAGGGMOH_04599	gene	600	tdk			
LAGGGMOH_04599	CDS	600	tdk	2.7.1.21		Thymidine kinase
LAGGGMOH_04600	gene	783				
LAGGGMOH_04600	CDS	783				hypothetical protein
LAGGGMOH_04601	gene	675	rsmI_2			
LAGGGMOH_04601	CDS	675	rsmI_2	2.1.1.198	COG0313	Ribosomal RNA small subunit methyltransferase I
LAGGGMOH_04602	gene	858				
LAGGGMOH_04602	CDS	858				hypothetical protein
LAGGGMOH_04603	gene	693	yjjG			
LAGGGMOH_04603	CDS	693	yjjG	3.1.3.5	COG1011	Pyrimidine 5'-nucleotidase YjjG
LAGGGMOH_04604	gene	645				
LAGGGMOH_04604	CDS	645				hypothetical protein
LAGGGMOH_04605	gene	1596				
LAGGGMOH_04605	CDS	1596				hypothetical protein
LAGGGMOH_04606	gene	2946				
LAGGGMOH_04606	CDS	2946			COG1629	TonB-dependent receptor P26
LAGGGMOH_04607	gene	942				
LAGGGMOH_04607	CDS	942				hypothetical protein
LAGGGMOH_04608	gene	201				
LAGGGMOH_04608	CDS	201				hypothetical protein
LAGGGMOH_04609	gene	114				
LAGGGMOH_04609	CDS	114				hypothetical protein
LAGGGMOH_04610	gene	543				
LAGGGMOH_04610	CDS	543				hypothetical protein
LAGGGMOH_04611	gene	531				
LAGGGMOH_04611	CDS	531				hypothetical protein
LAGGGMOH_04612	gene	825				
LAGGGMOH_04612	CDS	825			COG3039	IS5 family transposase ISBf6
LAGGGMOH_04613	gene	513				
LAGGGMOH_04613	CDS	513				hypothetical protein
LAGGGMOH_04614	gene	414				
LAGGGMOH_04614	CDS	414				hypothetical protein
LAGGGMOH_04615	gene	900				
LAGGGMOH_04615	CDS	900				hypothetical protein
LAGGGMOH_04616	gene	603				
LAGGGMOH_04616	CDS	603				hypothetical protein
LAGGGMOH_04617	gene	222				
LAGGGMOH_04617	CDS	222				hypothetical protein
LAGGGMOH_04618	gene	267				
LAGGGMOH_04618	CDS	267				hypothetical protein
LAGGGMOH_04619	gene	861				
LAGGGMOH_04619	CDS	861				hypothetical protein
LAGGGMOH_04620	gene	771				
LAGGGMOH_04620	CDS	771				hypothetical protein
LAGGGMOH_04621	gene	462				
LAGGGMOH_04621	CDS	462				hypothetical protein
LAGGGMOH_04622	gene	1050				
LAGGGMOH_04622	CDS	1050				hypothetical protein
LAGGGMOH_04623	gene	399				
LAGGGMOH_04623	CDS	399				hypothetical protein
LAGGGMOH_04624	gene	321	mazF			
LAGGGMOH_04624	CDS	321	mazF	3.1.27.-	COG2337	Endoribonuclease toxin MazF
LAGGGMOH_04625	gene	249				
LAGGGMOH_04625	CDS	249				hypothetical protein
LAGGGMOH_04626	gene	2820				
LAGGGMOH_04626	CDS	2820			COG4771	TonB-dependent receptor P3
LAGGGMOH_04627	gene	1500				
LAGGGMOH_04627	CDS	1500			COG0561	SusD-like protein
LAGGGMOH_04628	gene	144				
LAGGGMOH_04628	CDS	144				hypothetical protein
LAGGGMOH_04629	gene	105				
LAGGGMOH_04629	CDS	105				hypothetical protein
LAGGGMOH_04630	gene	1182	xerC_32			
LAGGGMOH_04630	CDS	1182	xerC_32			Tyrosine recombinase XerC
LAGGGMOH_04631	gene	183				
LAGGGMOH_04631	CDS	183				hypothetical protein
LAGGGMOH_04632	gene	954				
LAGGGMOH_04632	CDS	954				hypothetical protein
