locus_tag	ftype	length_bp	gene	EC_number	COG	product
NHKJIMIN_00001	gene	315				
NHKJIMIN_00001	CDS	315				hypothetical protein
NHKJIMIN_00002	gene	159				
NHKJIMIN_00002	CDS	159				hypothetical protein
NHKJIMIN_00003	gene	198				
NHKJIMIN_00003	CDS	198				hypothetical protein
NHKJIMIN_00004	gene	186				
NHKJIMIN_00004	CDS	186				hypothetical protein
NHKJIMIN_00005	gene	135				
NHKJIMIN_00005	CDS	135				hypothetical protein
NHKJIMIN_00006	gene	267				
NHKJIMIN_00006	CDS	267				hypothetical protein
NHKJIMIN_00007	gene	780				
NHKJIMIN_00007	CDS	780				IS21 family transposase ISBf2
NHKJIMIN_00008	gene	285				
NHKJIMIN_00008	CDS	285				hypothetical protein
NHKJIMIN_00009	gene	207				
NHKJIMIN_00009	CDS	207				hypothetical protein
NHKJIMIN_00010	gene	186				
NHKJIMIN_00010	CDS	186				hypothetical protein
NHKJIMIN_00011	gene	441				
NHKJIMIN_00011	CDS	441				hypothetical protein
NHKJIMIN_00012	gene	219				
NHKJIMIN_00012	CDS	219				hypothetical protein
NHKJIMIN_00013	gene	450				
NHKJIMIN_00013	CDS	450				hypothetical protein
NHKJIMIN_00014	gene	204				
NHKJIMIN_00014	CDS	204				hypothetical protein
NHKJIMIN_00015	gene	294				
NHKJIMIN_00015	CDS	294				hypothetical protein
NHKJIMIN_00016	gene	495				
NHKJIMIN_00016	CDS	495				hypothetical protein
NHKJIMIN_00017	gene	438				
NHKJIMIN_00017	CDS	438				hypothetical protein
NHKJIMIN_00018	gene	147				
NHKJIMIN_00018	CDS	147				hypothetical protein
NHKJIMIN_00019	gene	162				
NHKJIMIN_00019	CDS	162				hypothetical protein
NHKJIMIN_00020	gene	369				
NHKJIMIN_00020	CDS	369				hypothetical protein
NHKJIMIN_00021	gene	642				
NHKJIMIN_00021	CDS	642				hypothetical protein
NHKJIMIN_00022	gene	252				
NHKJIMIN_00022	CDS	252				hypothetical protein
NHKJIMIN_00023	gene	429				
NHKJIMIN_00023	CDS	429				hypothetical protein
NHKJIMIN_00024	gene	231				
NHKJIMIN_00024	CDS	231				hypothetical protein
NHKJIMIN_00025	gene	246				
NHKJIMIN_00025	CDS	246				hypothetical protein
NHKJIMIN_00026	gene	876				
NHKJIMIN_00026	CDS	876				hypothetical protein
NHKJIMIN_00027	gene	774				
NHKJIMIN_00027	CDS	774				hypothetical protein
NHKJIMIN_00028	gene	174				
NHKJIMIN_00028	CDS	174				hypothetical protein
NHKJIMIN_00029	gene	363				
NHKJIMIN_00029	CDS	363				hypothetical protein
NHKJIMIN_00030	gene	357				
NHKJIMIN_00030	CDS	357				hypothetical protein
NHKJIMIN_00031	gene	156				
NHKJIMIN_00031	CDS	156				hypothetical protein
NHKJIMIN_00032	gene	1206				
NHKJIMIN_00032	CDS	1206				hypothetical protein
NHKJIMIN_00033	gene	231				
NHKJIMIN_00033	CDS	231				hypothetical protein
NHKJIMIN_00034	gene	132				
NHKJIMIN_00034	CDS	132				hypothetical protein
NHKJIMIN_00035	gene	144				
NHKJIMIN_00035	CDS	144				hypothetical protein
NHKJIMIN_00036	gene	318				
NHKJIMIN_00036	CDS	318				hypothetical protein
NHKJIMIN_00037	gene	195				
NHKJIMIN_00037	CDS	195				hypothetical protein
NHKJIMIN_00038	gene	168				
NHKJIMIN_00038	CDS	168				hypothetical protein
NHKJIMIN_00039	gene	171				
NHKJIMIN_00039	CDS	171				hypothetical protein
NHKJIMIN_00040	gene	192				
NHKJIMIN_00040	CDS	192				hypothetical protein
NHKJIMIN_00041	gene	762				
NHKJIMIN_00041	CDS	762				hypothetical protein
NHKJIMIN_00042	gene	642				
NHKJIMIN_00042	CDS	642			COG1629	TonB-dependent receptor P26
NHKJIMIN_00043	gene	558				
NHKJIMIN_00043	CDS	558				hypothetical protein
NHKJIMIN_00044	gene	609				
NHKJIMIN_00044	CDS	609			COG4771	TonB-dependent receptor P39
NHKJIMIN_00045	gene	168				
NHKJIMIN_00045	CDS	168				hypothetical protein
NHKJIMIN_00046	gene	438				
NHKJIMIN_00046	CDS	438			COG4771	TonB-dependent receptor P3
NHKJIMIN_00047	gene	168				
NHKJIMIN_00047	CDS	168				hypothetical protein
NHKJIMIN_00048	gene	1329				
NHKJIMIN_00048	CDS	1329				hypothetical protein
NHKJIMIN_00049	gene	285				
NHKJIMIN_00049	CDS	285				hypothetical protein
NHKJIMIN_00050	gene	228				
NHKJIMIN_00050	CDS	228				hypothetical protein
NHKJIMIN_00051	gene	120				
NHKJIMIN_00051	CDS	120				hypothetical protein
NHKJIMIN_00052	gene	612				
NHKJIMIN_00052	CDS	612				hypothetical protein
NHKJIMIN_00053	gene	279				
NHKJIMIN_00053	CDS	279				hypothetical protein
NHKJIMIN_00054	gene	1077	cbh			
NHKJIMIN_00054	CDS	1077	cbh	2.3.1.-		Bile salt hydrolase/transferase
NHKJIMIN_00055	gene	186				
NHKJIMIN_00055	CDS	186				hypothetical protein
NHKJIMIN_00056	gene	354				
NHKJIMIN_00056	CDS	354				hypothetical protein
NHKJIMIN_00057	gene	198				
NHKJIMIN_00057	CDS	198				hypothetical protein
NHKJIMIN_00058	gene	270				
NHKJIMIN_00058	CDS	270				hypothetical protein
NHKJIMIN_00059	gene	327				
NHKJIMIN_00059	CDS	327				hypothetical protein
NHKJIMIN_00060	gene	216				
NHKJIMIN_00060	CDS	216				hypothetical protein
NHKJIMIN_00061	gene	165				
NHKJIMIN_00061	CDS	165				hypothetical protein
NHKJIMIN_00062	gene	189				
NHKJIMIN_00062	CDS	189				hypothetical protein
NHKJIMIN_00063	gene	168				
NHKJIMIN_00063	CDS	168				hypothetical protein
NHKJIMIN_00064	gene	399				
NHKJIMIN_00064	CDS	399				hypothetical protein
NHKJIMIN_00065	gene	255				
NHKJIMIN_00065	CDS	255				hypothetical protein
NHKJIMIN_00066	gene	114				
NHKJIMIN_00066	CDS	114				hypothetical protein
NHKJIMIN_00067	gene	723				
NHKJIMIN_00067	CDS	723				hypothetical protein
NHKJIMIN_00068	gene	228				
NHKJIMIN_00068	CDS	228				hypothetical protein
NHKJIMIN_00069	gene	153				
NHKJIMIN_00069	CDS	153				hypothetical protein
NHKJIMIN_00070	gene	282				
NHKJIMIN_00070	CDS	282				hypothetical protein
NHKJIMIN_00071	gene	435				
NHKJIMIN_00071	CDS	435				hypothetical protein
NHKJIMIN_00072	gene	225				
NHKJIMIN_00072	CDS	225				hypothetical protein
NHKJIMIN_00073	gene	255				
NHKJIMIN_00073	CDS	255				hypothetical protein
NHKJIMIN_00074	gene	267				
NHKJIMIN_00074	CDS	267				hypothetical protein
NHKJIMIN_00075	gene	183				
NHKJIMIN_00075	CDS	183				hypothetical protein
NHKJIMIN_00076	gene	189				
NHKJIMIN_00076	CDS	189				hypothetical protein
NHKJIMIN_00077	gene	423				
NHKJIMIN_00077	CDS	423				hypothetical protein
NHKJIMIN_00078	gene	141				
NHKJIMIN_00078	CDS	141				hypothetical protein
NHKJIMIN_00079	gene	111				
NHKJIMIN_00079	CDS	111				hypothetical protein
NHKJIMIN_00080	gene	282				
NHKJIMIN_00080	CDS	282				hypothetical protein
NHKJIMIN_00081	gene	858				
NHKJIMIN_00081	CDS	858				hypothetical protein
NHKJIMIN_00082	gene	513				
NHKJIMIN_00082	CDS	513				hypothetical protein
NHKJIMIN_00083	gene	345				
NHKJIMIN_00083	CDS	345				hypothetical protein
NHKJIMIN_00084	gene	186				
NHKJIMIN_00084	CDS	186				hypothetical protein
NHKJIMIN_00085	gene	210				
NHKJIMIN_00085	CDS	210				hypothetical protein
NHKJIMIN_00086	gene	318				
NHKJIMIN_00086	CDS	318				hypothetical protein
NHKJIMIN_00087	gene	234				
NHKJIMIN_00087	CDS	234				hypothetical protein
NHKJIMIN_00088	gene	645				
NHKJIMIN_00088	CDS	645				hypothetical protein
NHKJIMIN_00089	gene	276				
NHKJIMIN_00089	CDS	276				hypothetical protein
NHKJIMIN_00090	gene	462				
NHKJIMIN_00090	CDS	462				hypothetical protein
NHKJIMIN_00091	gene	162				
NHKJIMIN_00091	CDS	162				hypothetical protein
NHKJIMIN_00092	gene	195				
NHKJIMIN_00092	CDS	195				hypothetical protein
NHKJIMIN_00093	gene	90				
NHKJIMIN_00093	CDS	90				hypothetical protein
NHKJIMIN_00094	gene	177				
NHKJIMIN_00094	CDS	177				hypothetical protein
NHKJIMIN_00095	gene	801				
NHKJIMIN_00095	CDS	801				hypothetical protein
NHKJIMIN_00096	gene	306				
NHKJIMIN_00096	CDS	306				hypothetical protein
NHKJIMIN_00097	gene	339				
NHKJIMIN_00097	CDS	339				hypothetical protein
NHKJIMIN_00098	gene	195				
NHKJIMIN_00098	CDS	195				hypothetical protein
NHKJIMIN_00099	gene	456				
NHKJIMIN_00099	CDS	456				hypothetical protein
NHKJIMIN_00100	gene	423				
NHKJIMIN_00100	CDS	423				hypothetical protein
NHKJIMIN_00101	gene	249				
NHKJIMIN_00101	CDS	249				hypothetical protein
NHKJIMIN_00102	gene	576				
NHKJIMIN_00102	CDS	576				hypothetical protein
NHKJIMIN_00103	gene	372				
NHKJIMIN_00103	CDS	372				hypothetical protein
NHKJIMIN_00104	gene	501				
NHKJIMIN_00104	CDS	501				hypothetical protein
NHKJIMIN_00105	gene	114				
NHKJIMIN_00105	CDS	114				hypothetical protein
NHKJIMIN_00106	gene	297				
NHKJIMIN_00106	CDS	297				hypothetical protein
NHKJIMIN_00107	gene	450				
NHKJIMIN_00107	CDS	450				hypothetical protein
NHKJIMIN_00108	gene	210				
NHKJIMIN_00108	CDS	210				hypothetical protein
NHKJIMIN_00109	gene	738				
NHKJIMIN_00109	CDS	738				hypothetical protein
NHKJIMIN_00110	gene	384				
NHKJIMIN_00110	CDS	384				hypothetical protein
NHKJIMIN_00111	gene	156				
NHKJIMIN_00111	CDS	156				hypothetical protein
NHKJIMIN_00112	gene	198				
NHKJIMIN_00112	CDS	198				hypothetical protein
NHKJIMIN_00113	gene	207				
NHKJIMIN_00113	CDS	207				hypothetical protein
NHKJIMIN_00114	gene	279				
NHKJIMIN_00114	CDS	279				hypothetical protein
NHKJIMIN_00115	gene	252				
NHKJIMIN_00115	CDS	252				hypothetical protein
NHKJIMIN_00116	gene	282				
NHKJIMIN_00116	CDS	282				hypothetical protein
NHKJIMIN_00117	gene	345				
NHKJIMIN_00117	CDS	345				hypothetical protein
NHKJIMIN_00118	gene	390				
NHKJIMIN_00118	CDS	390				hypothetical protein
NHKJIMIN_00119	gene	114				
NHKJIMIN_00119	CDS	114				hypothetical protein
NHKJIMIN_00120	gene	117				
NHKJIMIN_00120	CDS	117				hypothetical protein
NHKJIMIN_00121	gene	243				
NHKJIMIN_00121	CDS	243				hypothetical protein
NHKJIMIN_00122	gene	234				
NHKJIMIN_00122	CDS	234				hypothetical protein
NHKJIMIN_00123	gene	264				
NHKJIMIN_00123	CDS	264				hypothetical protein
NHKJIMIN_00124	gene	180				
NHKJIMIN_00124	CDS	180				hypothetical protein
NHKJIMIN_00125	gene	333				
NHKJIMIN_00125	CDS	333				hypothetical protein
NHKJIMIN_00126	gene	435				
NHKJIMIN_00126	CDS	435				hypothetical protein
NHKJIMIN_00127	gene	399				
NHKJIMIN_00127	CDS	399				hypothetical protein
NHKJIMIN_00128	gene	573				
NHKJIMIN_00128	CDS	573				hypothetical protein
NHKJIMIN_00129	gene	429				
NHKJIMIN_00129	CDS	429				hypothetical protein
NHKJIMIN_00130	gene	375				
NHKJIMIN_00130	CDS	375				hypothetical protein
NHKJIMIN_00131	gene	174				
NHKJIMIN_00131	CDS	174				hypothetical protein
NHKJIMIN_00132	gene	180				
NHKJIMIN_00132	CDS	180				hypothetical protein
NHKJIMIN_00133	gene	147				
NHKJIMIN_00133	CDS	147				hypothetical protein
NHKJIMIN_00134	gene	165				
NHKJIMIN_00134	CDS	165				hypothetical protein
NHKJIMIN_00135	gene	213				
NHKJIMIN_00135	CDS	213				hypothetical protein
NHKJIMIN_00136	gene	210				
NHKJIMIN_00136	CDS	210				hypothetical protein
NHKJIMIN_00137	gene	159				
NHKJIMIN_00137	CDS	159				hypothetical protein
NHKJIMIN_00138	gene	543				
NHKJIMIN_00138	CDS	543				hypothetical protein
NHKJIMIN_00139	gene	174				
NHKJIMIN_00139	CDS	174				hypothetical protein
NHKJIMIN_00140	gene	204				
NHKJIMIN_00140	CDS	204				hypothetical protein
NHKJIMIN_00141	gene	765				
NHKJIMIN_00141	CDS	765				Putative fimbrium tip subunit Fim1C
NHKJIMIN_00142	gene	1071				
NHKJIMIN_00142	CDS	1071				hypothetical protein
NHKJIMIN_00143	gene	300				
NHKJIMIN_00143	CDS	300				hypothetical protein
NHKJIMIN_00144	gene	201				
NHKJIMIN_00144	CDS	201				hypothetical protein
NHKJIMIN_00145	gene	360				
NHKJIMIN_00145	CDS	360				hypothetical protein
NHKJIMIN_00146	gene	600				
NHKJIMIN_00146	CDS	600				hypothetical protein
NHKJIMIN_00147	gene	255				
NHKJIMIN_00147	CDS	255				hypothetical protein
NHKJIMIN_00148	gene	288				
NHKJIMIN_00148	CDS	288				hypothetical protein
NHKJIMIN_00149	gene	288				
NHKJIMIN_00149	CDS	288				hypothetical protein
NHKJIMIN_00150	gene	213				
NHKJIMIN_00150	CDS	213				hypothetical protein
NHKJIMIN_00151	gene	861				
NHKJIMIN_00151	CDS	861				hypothetical protein
NHKJIMIN_00152	gene	963				
NHKJIMIN_00152	CDS	963				hypothetical protein
NHKJIMIN_00153	gene	855				
NHKJIMIN_00153	CDS	855				hypothetical protein
NHKJIMIN_00154	gene	123				
NHKJIMIN_00154	CDS	123				hypothetical protein
NHKJIMIN_00155	gene	249				
NHKJIMIN_00155	CDS	249				hypothetical protein
NHKJIMIN_00156	gene	168				
NHKJIMIN_00156	CDS	168				hypothetical protein
NHKJIMIN_00157	gene	210				
NHKJIMIN_00157	CDS	210				hypothetical protein
NHKJIMIN_00158	gene	240				
NHKJIMIN_00158	CDS	240				hypothetical protein
NHKJIMIN_00159	gene	357	nrdB			
NHKJIMIN_00159	CDS	357	nrdB	1.17.4.1	COG0208	Ribonucleoside-diphosphate reductase subunit beta
NHKJIMIN_00160	gene	354				
NHKJIMIN_00160	CDS	354				hypothetical protein
NHKJIMIN_00161	gene	423	nrdA_1			
NHKJIMIN_00161	CDS	423	nrdA_1	1.17.4.1	COG0209	Ribonucleoside-diphosphate reductase subunit alpha
NHKJIMIN_00162	gene	258				
NHKJIMIN_00162	CDS	258				hypothetical protein
NHKJIMIN_00163	gene	186				
NHKJIMIN_00163	CDS	186				hypothetical protein
NHKJIMIN_00164	gene	600	nrdA_2			
NHKJIMIN_00164	CDS	600	nrdA_2	1.17.4.1	COG0209	Ribonucleoside-diphosphate reductase subunit alpha
NHKJIMIN_00165	gene	279	nrdA_3			
NHKJIMIN_00165	CDS	279	nrdA_3	1.17.4.1	COG0209	Ribonucleoside-diphosphate reductase subunit alpha
NHKJIMIN_00166	gene	162				
NHKJIMIN_00166	CDS	162				hypothetical protein
NHKJIMIN_00167	gene	597				
NHKJIMIN_00167	CDS	597				hypothetical protein
NHKJIMIN_00168	gene	474				
NHKJIMIN_00168	CDS	474				hypothetical protein
NHKJIMIN_00169	gene	525				
NHKJIMIN_00169	CDS	525				hypothetical protein
NHKJIMIN_00170	gene	588	iacT			
NHKJIMIN_00170	CDS	588	iacT		COG4773	Iron and copper transporter IacT
NHKJIMIN_00171	gene	237				
NHKJIMIN_00171	CDS	237				hypothetical protein
NHKJIMIN_00172	gene	528	schE_1			
NHKJIMIN_00172	CDS	528	schE_1		COG2814	Schizokinen exporter SchE
NHKJIMIN_00173	gene	705	schE_2			
NHKJIMIN_00173	CDS	705	schE_2		COG2814	Schizokinen exporter SchE
NHKJIMIN_00174	gene	612	hemN_1			
NHKJIMIN_00174	CDS	612	hemN_1	1.3.98.3	COG0635	Oxygen-independent coproporphyrinogen III oxidase
NHKJIMIN_00175	gene	240	hemN_2			
NHKJIMIN_00175	CDS	240	hemN_2	1.3.98.3		Oxygen-independent coproporphyrinogen III oxidase
NHKJIMIN_00176	gene	408	hemN_3			
NHKJIMIN_00176	CDS	408	hemN_3	1.3.98.3	COG0635	Oxygen-independent coproporphyrinogen III oxidase
NHKJIMIN_00177	gene	174				
NHKJIMIN_00177	CDS	174				hypothetical protein
NHKJIMIN_00178	gene	330				
NHKJIMIN_00178	CDS	330				hypothetical protein
NHKJIMIN_00179	gene	324				
NHKJIMIN_00179	CDS	324				hypothetical protein
NHKJIMIN_00180	gene	168				
NHKJIMIN_00180	CDS	168				hypothetical protein
NHKJIMIN_00181	gene	177				
NHKJIMIN_00181	CDS	177				hypothetical protein
NHKJIMIN_00182	gene	228				
NHKJIMIN_00182	CDS	228				hypothetical protein
NHKJIMIN_00183	gene	246				
NHKJIMIN_00183	CDS	246				hypothetical protein
NHKJIMIN_00184	gene	285	dkgA			
NHKJIMIN_00184	CDS	285	dkgA	1.1.1.346		2,5-diketo-D-gluconic acid reductase A
NHKJIMIN_00185	gene	432				
NHKJIMIN_00185	CDS	432				hypothetical protein
NHKJIMIN_00186	gene	144				
NHKJIMIN_00186	CDS	144				hypothetical protein
NHKJIMIN_00187	gene	969				
NHKJIMIN_00187	CDS	969				hypothetical protein
NHKJIMIN_00188	gene	213				
NHKJIMIN_00188	CDS	213				hypothetical protein
NHKJIMIN_00189	gene	132				
NHKJIMIN_00189	CDS	132				hypothetical protein
NHKJIMIN_00190	gene	255				
NHKJIMIN_00190	CDS	255				hypothetical protein
NHKJIMIN_00191	gene	198				
NHKJIMIN_00191	CDS	198				hypothetical protein
NHKJIMIN_00192	gene	261				
NHKJIMIN_00192	CDS	261				hypothetical protein
NHKJIMIN_00193	gene	702				
NHKJIMIN_00193	CDS	702				hypothetical protein
NHKJIMIN_00194	gene	396				
NHKJIMIN_00194	CDS	396				hypothetical protein
NHKJIMIN_00195	gene	390				
NHKJIMIN_00195	CDS	390				hypothetical protein
NHKJIMIN_00196	gene	330				
NHKJIMIN_00196	CDS	330				hypothetical protein
NHKJIMIN_00197	gene	333				
NHKJIMIN_00197	CDS	333				hypothetical protein
NHKJIMIN_00198	gene	387				
NHKJIMIN_00198	CDS	387				hypothetical protein
NHKJIMIN_00199	gene	531				
NHKJIMIN_00199	CDS	531				hypothetical protein
NHKJIMIN_00200	gene	1230				
NHKJIMIN_00200	CDS	1230				hypothetical protein
NHKJIMIN_00201	gene	309				
NHKJIMIN_00201	CDS	309				hypothetical protein
NHKJIMIN_00202	gene	180				
NHKJIMIN_00202	CDS	180				hypothetical protein
NHKJIMIN_00203	gene	222	mtgA_1			
NHKJIMIN_00203	CDS	222	mtgA_1	2.4.99.28		Biosynthetic peptidoglycan transglycosylase
NHKJIMIN_00204	gene	285	mtgA_2			
NHKJIMIN_00204	CDS	285	mtgA_2	2.4.99.28		Biosynthetic peptidoglycan transglycosylase
NHKJIMIN_00205	gene	174				
NHKJIMIN_00205	CDS	174				hypothetical protein
NHKJIMIN_00206	gene	321				
NHKJIMIN_00206	CDS	321				hypothetical protein
NHKJIMIN_00207	gene	336				
NHKJIMIN_00207	CDS	336				hypothetical protein
NHKJIMIN_00208	gene	375				
NHKJIMIN_00208	CDS	375				hypothetical protein
NHKJIMIN_00209	gene	636				
NHKJIMIN_00209	CDS	636				hypothetical protein
NHKJIMIN_00210	gene	123				
NHKJIMIN_00210	CDS	123				hypothetical protein
NHKJIMIN_00211	gene	522				
NHKJIMIN_00211	CDS	522				hypothetical protein
NHKJIMIN_00212	gene	753				
NHKJIMIN_00212	CDS	753				hypothetical protein
NHKJIMIN_00213	gene	270				
NHKJIMIN_00213	CDS	270				hypothetical protein
NHKJIMIN_00214	gene	99				
NHKJIMIN_00214	CDS	99				hypothetical protein
NHKJIMIN_00215	gene	255				
NHKJIMIN_00215	CDS	255				hypothetical protein
NHKJIMIN_00216	gene	357				
NHKJIMIN_00216	CDS	357				hypothetical protein
NHKJIMIN_00217	gene	342	susC_1			
NHKJIMIN_00217	CDS	342	susC_1		COG1629	TonB-dependent receptor SusC
NHKJIMIN_00218	gene	492	susC_2			
NHKJIMIN_00218	CDS	492	susC_2		COG1629	TonB-dependent receptor SusC
NHKJIMIN_00219	gene	243				
NHKJIMIN_00219	CDS	243				hypothetical protein
NHKJIMIN_00220	gene	828				
NHKJIMIN_00220	CDS	828				hypothetical protein
NHKJIMIN_00221	gene	201				
NHKJIMIN_00221	CDS	201		2.1.3.1		Methylmalonyl-CoA carboxyltransferase 5S subunit
NHKJIMIN_00222	gene	306				
NHKJIMIN_00222	CDS	306				hypothetical protein
NHKJIMIN_00223	gene	660				
NHKJIMIN_00223	CDS	660				hypothetical protein
NHKJIMIN_00224	gene	300				
NHKJIMIN_00224	CDS	300				hypothetical protein
NHKJIMIN_00225	gene	252	lemA_1			
NHKJIMIN_00225	CDS	252	lemA_1		COG1704	Protein LemA
NHKJIMIN_00226	gene	321				
NHKJIMIN_00226	CDS	321				hypothetical protein
NHKJIMIN_00227	gene	216	htpX_1			
NHKJIMIN_00227	CDS	216	htpX_1	3.4.24.-	COG0501	Protease HtpX 
NHKJIMIN_00228	gene	495	htpX_2			
NHKJIMIN_00228	CDS	495	htpX_2	3.4.24.-	COG0501	Protease HtpX 
NHKJIMIN_00229	gene	183				
NHKJIMIN_00229	CDS	183				hypothetical protein
NHKJIMIN_00230	gene	315				
NHKJIMIN_00230	CDS	315				hypothetical protein
NHKJIMIN_00231	gene	537				
NHKJIMIN_00231	CDS	537				hypothetical protein
NHKJIMIN_00232	gene	1203	wbpI_1			
NHKJIMIN_00232	CDS	1203	wbpI_1	5.1.3.23		UDP-2,3-diacetamido-2,3-dideoxy-D-glucuronate 2-epimerase
NHKJIMIN_00233	gene	342				
NHKJIMIN_00233	CDS	342				hypothetical protein
NHKJIMIN_00234	gene	390				
NHKJIMIN_00234	CDS	390				hypothetical protein
NHKJIMIN_00235	gene	276				
NHKJIMIN_00235	CDS	276				hypothetical protein
NHKJIMIN_00236	gene	225				
NHKJIMIN_00236	CDS	225				hypothetical protein
NHKJIMIN_00237	gene	981				
NHKJIMIN_00237	CDS	981				hypothetical protein
NHKJIMIN_00238	gene	351				
NHKJIMIN_00238	CDS	351				hypothetical protein
NHKJIMIN_00239	gene	420				
NHKJIMIN_00239	CDS	420		3.2.1.23	COG3250	Beta-galactosidase BoGH2A
NHKJIMIN_00240	gene	207	lacZ_1			
NHKJIMIN_00240	CDS	207	lacZ_1	3.2.1.23		Beta-galactosidase
NHKJIMIN_00241	gene	192				
NHKJIMIN_00241	CDS	192				hypothetical protein
NHKJIMIN_00242	gene	759				
NHKJIMIN_00242	CDS	759				hypothetical protein
NHKJIMIN_00243	gene	516				
NHKJIMIN_00243	CDS	516				hypothetical protein
NHKJIMIN_00244	gene	171	rarA_1			
NHKJIMIN_00244	CDS	171	rarA_1		COG2256	Replication-associated recombination protein A
NHKJIMIN_00245	gene	252	rarA_2			
NHKJIMIN_00245	CDS	252	rarA_2		COG2256	Replication-associated recombination protein A
NHKJIMIN_00246	gene	723	rarA_3			
NHKJIMIN_00246	CDS	723	rarA_3	3.6.4.-	COG2256	Replication-associated recombination protein A
NHKJIMIN_00247	gene	165				
NHKJIMIN_00247	CDS	165				hypothetical protein
NHKJIMIN_00248	gene	222	hpr_1			
NHKJIMIN_00248	CDS	222	hpr_1	1.1.1.81	COG1052	Hydroxypyruvate reductase
NHKJIMIN_00249	gene	573	hpr_2			
NHKJIMIN_00249	CDS	573	hpr_2	1.1.1.81	COG1052	Hydroxypyruvate reductase
NHKJIMIN_00250	gene	369				
NHKJIMIN_00250	CDS	369				hypothetical protein
NHKJIMIN_00251	gene	540				
NHKJIMIN_00251	CDS	540				hypothetical protein
NHKJIMIN_00252	gene	360				
NHKJIMIN_00252	CDS	360				hypothetical protein
NHKJIMIN_00253	gene	240				
NHKJIMIN_00253	CDS	240				hypothetical protein
NHKJIMIN_00254	gene	186				
NHKJIMIN_00254	CDS	186				hypothetical protein
NHKJIMIN_00255	gene	327				
NHKJIMIN_00255	CDS	327				hypothetical protein
NHKJIMIN_00256	gene	423				
NHKJIMIN_00256	CDS	423				hypothetical protein
NHKJIMIN_00257	gene	177				
NHKJIMIN_00257	CDS	177				hypothetical protein
NHKJIMIN_00258	gene	285				
NHKJIMIN_00258	CDS	285				hypothetical protein
NHKJIMIN_00259	gene	327				
NHKJIMIN_00259	CDS	327				hypothetical protein
NHKJIMIN_00260	gene	192				
NHKJIMIN_00260	CDS	192				hypothetical protein
NHKJIMIN_00261	gene	159				
NHKJIMIN_00261	CDS	159				hypothetical protein
NHKJIMIN_00262	gene	306				
NHKJIMIN_00262	CDS	306				hypothetical protein
NHKJIMIN_00263	gene	180				
NHKJIMIN_00263	CDS	180				hypothetical protein
NHKJIMIN_00264	gene	537				
NHKJIMIN_00264	CDS	537				hypothetical protein
NHKJIMIN_00265	gene	255				
NHKJIMIN_00265	CDS	255				hypothetical protein
NHKJIMIN_00266	gene	474				
NHKJIMIN_00266	CDS	474				hypothetical protein
NHKJIMIN_00267	gene	240	yehF			
NHKJIMIN_00267	CDS	240	yehF			Protein YehF
NHKJIMIN_00268	gene	507				
NHKJIMIN_00268	CDS	507				hypothetical protein
NHKJIMIN_00269	gene	147				
NHKJIMIN_00269	CDS	147				hypothetical protein
NHKJIMIN_00270	gene	252				
NHKJIMIN_00270	CDS	252				hypothetical protein
NHKJIMIN_00271	gene	201				
NHKJIMIN_00271	CDS	201				hypothetical protein
NHKJIMIN_00272	gene	459	appC_1			
NHKJIMIN_00272	CDS	459	appC_1	7.1.1.3	COG1271	Cytochrome bd-II ubiquinol oxidase subunit 1
NHKJIMIN_00273	gene	426	appC_2			
NHKJIMIN_00273	CDS	426	appC_2	7.1.1.3	COG1271	Cytochrome bd-II ubiquinol oxidase subunit 1
NHKJIMIN_00274	gene	219	cydA_1			
NHKJIMIN_00274	CDS	219	cydA_1	7.1.1.7	COG1271	Cytochrome bd-I ubiquinol oxidase subunit 1
NHKJIMIN_00275	gene	147	cydA_2			
NHKJIMIN_00275	CDS	147	cydA_2	7.1.1.7	COG1271	Cytochrome bd-I ubiquinol oxidase subunit 1
NHKJIMIN_00276	gene	216				
NHKJIMIN_00276	CDS	216				hypothetical protein
NHKJIMIN_00277	gene	225				
NHKJIMIN_00277	CDS	225				hypothetical protein
NHKJIMIN_00278	gene	204				
NHKJIMIN_00278	CDS	204				hypothetical protein
NHKJIMIN_00279	gene	552				
NHKJIMIN_00279	CDS	552				hypothetical protein
NHKJIMIN_00280	gene	333				
NHKJIMIN_00280	CDS	333				hypothetical protein
NHKJIMIN_00281	gene	948				
NHKJIMIN_00281	CDS	948				hypothetical protein
NHKJIMIN_00282	gene	291				
NHKJIMIN_00282	CDS	291				hypothetical protein
NHKJIMIN_00283	gene	474				
NHKJIMIN_00283	CDS	474				hypothetical protein
NHKJIMIN_00284	gene	414	pvdR			
NHKJIMIN_00284	CDS	414	pvdR		COG0845	Pyoverdine export membrane fusion protein PvdR
NHKJIMIN_00285	gene	264				
NHKJIMIN_00285	CDS	264				hypothetical protein
NHKJIMIN_00286	gene	402	yknY_1			
NHKJIMIN_00286	CDS	402	yknY_1	7.6.2.-	COG1136	putative ABC transporter ATP-binding protein YknY
NHKJIMIN_00287	gene	291				
NHKJIMIN_00287	CDS	291				hypothetical protein
NHKJIMIN_00288	gene	558	macB_1			
NHKJIMIN_00288	CDS	558	macB_1	7.6.2.-		Macrolide export ATP-binding/permease protein MacB
NHKJIMIN_00289	gene	468	macB_2			
NHKJIMIN_00289	CDS	468	macB_2	7.6.2.-		Macrolide export ATP-binding/permease protein MacB
NHKJIMIN_00290	gene	270	macB_3			
NHKJIMIN_00290	CDS	270	macB_3	7.6.2.-		Macrolide export ATP-binding/permease protein MacB
NHKJIMIN_00291	gene	273				
NHKJIMIN_00291	CDS	273				hypothetical protein
NHKJIMIN_00292	gene	357				
NHKJIMIN_00292	CDS	357				hypothetical protein
NHKJIMIN_00293	gene	375				
NHKJIMIN_00293	CDS	375				hypothetical protein
NHKJIMIN_00294	gene	198				
NHKJIMIN_00294	CDS	198				hypothetical protein
NHKJIMIN_00295	gene	246				
NHKJIMIN_00295	CDS	246				hypothetical protein
NHKJIMIN_00296	gene	234				
NHKJIMIN_00296	CDS	234				hypothetical protein
NHKJIMIN_00297	gene	186				
NHKJIMIN_00297	CDS	186				hypothetical protein
NHKJIMIN_00298	gene	174				
NHKJIMIN_00298	CDS	174				hypothetical protein
NHKJIMIN_00299	gene	147				
NHKJIMIN_00299	CDS	147				hypothetical protein
NHKJIMIN_00300	gene	132				
NHKJIMIN_00300	CDS	132				hypothetical protein
NHKJIMIN_00301	gene	576				
NHKJIMIN_00301	CDS	576				hypothetical protein
NHKJIMIN_00302	gene	93				
NHKJIMIN_00302	CDS	93				hypothetical protein
NHKJIMIN_00303	gene	186				
NHKJIMIN_00303	CDS	186				hypothetical protein
NHKJIMIN_00304	gene	354				
NHKJIMIN_00304	CDS	354				hypothetical protein
NHKJIMIN_00305	gene	333				
NHKJIMIN_00305	CDS	333				hypothetical protein
NHKJIMIN_00306	gene	114				
NHKJIMIN_00306	CDS	114				hypothetical protein
NHKJIMIN_00307	gene	177				
NHKJIMIN_00307	CDS	177				hypothetical protein
NHKJIMIN_00308	gene	252				
NHKJIMIN_00308	CDS	252				hypothetical protein
NHKJIMIN_00309	gene	201				
NHKJIMIN_00309	CDS	201				hypothetical protein
NHKJIMIN_00310	gene	333				
NHKJIMIN_00310	CDS	333				hypothetical protein
NHKJIMIN_00311	gene	384				
NHKJIMIN_00311	CDS	384				hypothetical protein
NHKJIMIN_00312	gene	156				
NHKJIMIN_00312	CDS	156				hypothetical protein
NHKJIMIN_00313	gene	633	rlmP			
NHKJIMIN_00313	CDS	633	rlmP	2.1.1.-	COG0566	23S rRNA (guanosine(2553)-2'-O)-methyltransferase RlmP
NHKJIMIN_00314	gene	159				
NHKJIMIN_00314	CDS	159				hypothetical protein
NHKJIMIN_00315	gene	177				
NHKJIMIN_00315	CDS	177				hypothetical protein
NHKJIMIN_00316	gene	552				
NHKJIMIN_00316	CDS	552				hypothetical protein
NHKJIMIN_00317	gene	243				
NHKJIMIN_00317	CDS	243				hypothetical protein
NHKJIMIN_00318	gene	609				
NHKJIMIN_00318	CDS	609				hypothetical protein
NHKJIMIN_00319	gene	282				
NHKJIMIN_00319	CDS	282				hypothetical protein
NHKJIMIN_00320	gene	213				
NHKJIMIN_00320	CDS	213				hypothetical protein
NHKJIMIN_00321	gene	228				
NHKJIMIN_00321	CDS	228				hypothetical protein
NHKJIMIN_00322	gene	234	pgl_1			
NHKJIMIN_00322	CDS	234	pgl_1	3.1.1.31	COG0363	6-phosphogluconolactonase
NHKJIMIN_00323	gene	288				
NHKJIMIN_00323	CDS	288				hypothetical protein
NHKJIMIN_00324	gene	489	zwf_1			
NHKJIMIN_00324	CDS	489	zwf_1	1.1.1.49	COG0364	Glucose-6-phosphate 1-dehydrogenase
NHKJIMIN_00325	gene	345	zwf_2			
NHKJIMIN_00325	CDS	345	zwf_2	1.1.1.363		Glucose-6-phosphate 1-dehydrogenase
NHKJIMIN_00326	gene	720	zwf_3			
NHKJIMIN_00326	CDS	720	zwf_3	1.1.1.49	COG0364	Glucose-6-phosphate 1-dehydrogenase
NHKJIMIN_00327	gene	216	gnd_1			
NHKJIMIN_00327	CDS	216	gnd_1	1.1.1.44		6-phosphogluconate dehydrogenase, decarboxylating
NHKJIMIN_00328	gene	669	gnd_2			
NHKJIMIN_00328	CDS	669	gnd_2	1.1.1.44		6-phosphogluconate dehydrogenase, decarboxylating
NHKJIMIN_00329	gene	432	gndA			
NHKJIMIN_00329	CDS	432	gndA	1.1.1.44	COG0362	6-phosphogluconate dehydrogenase, NADP(+)-dependent, decarboxylating
NHKJIMIN_00330	gene	738				
NHKJIMIN_00330	CDS	738				hypothetical protein
NHKJIMIN_00331	gene	516	sstT			
NHKJIMIN_00331	CDS	516	sstT			Serine/threonine transporter SstT
NHKJIMIN_00332	gene	117				
NHKJIMIN_00332	CDS	117				hypothetical protein
NHKJIMIN_00333	gene	216				
NHKJIMIN_00333	CDS	216				hypothetical protein
NHKJIMIN_00334	gene	96				
NHKJIMIN_00334	CDS	96				hypothetical protein
NHKJIMIN_00335	gene	153				
NHKJIMIN_00335	CDS	153				hypothetical protein
	repeat_region	382				
NHKJIMIN_00336	gene	117				
NHKJIMIN_00336	CDS	117				hypothetical protein
NHKJIMIN_00337	gene	396				
NHKJIMIN_00337	CDS	396				hypothetical protein
NHKJIMIN_00338	gene	258	wecA_1			
NHKJIMIN_00338	CDS	258	wecA_1	2.7.8.33		Undecaprenyl-phosphate alpha-N-acetylglucosaminyl 1-phosphate transferase
NHKJIMIN_00339	gene	189				
NHKJIMIN_00339	CDS	189				hypothetical protein
NHKJIMIN_00340	gene	213				
NHKJIMIN_00340	CDS	213				hypothetical protein
NHKJIMIN_00341	gene	201				
NHKJIMIN_00341	CDS	201				hypothetical protein
NHKJIMIN_00342	gene	90				
NHKJIMIN_00342	CDS	90				hypothetical protein
NHKJIMIN_00343	gene	120				
NHKJIMIN_00343	CDS	120				hypothetical protein
NHKJIMIN_00344	gene	105				
NHKJIMIN_00344	CDS	105				hypothetical protein
NHKJIMIN_00345	gene	297				
NHKJIMIN_00345	CDS	297				hypothetical protein
NHKJIMIN_00346	gene	246				
NHKJIMIN_00346	CDS	246				hypothetical protein
NHKJIMIN_00347	gene	147				
NHKJIMIN_00347	CDS	147				hypothetical protein
NHKJIMIN_00348	gene	525				
NHKJIMIN_00348	CDS	525				hypothetical protein
NHKJIMIN_00349	gene	381				
NHKJIMIN_00349	CDS	381				hypothetical protein
NHKJIMIN_00350	gene	306				
NHKJIMIN_00350	CDS	306				hypothetical protein
NHKJIMIN_00351	gene	576	wbpI_2			
NHKJIMIN_00351	CDS	576	wbpI_2	5.1.3.23		UDP-2,3-diacetamido-2,3-dideoxy-D-glucuronate 2-epimerase
NHKJIMIN_00352	gene	210	capD_1			
NHKJIMIN_00352	CDS	210	capD_1	5.1.3.2	COG1086	UDP-glucose 4-epimerase
NHKJIMIN_00353	gene	387	capD_2			
NHKJIMIN_00353	CDS	387	capD_2	5.1.3.2	COG1086	UDP-glucose 4-epimerase
NHKJIMIN_00354	gene	234	capD_3			
NHKJIMIN_00354	CDS	234	capD_3	5.1.3.2	COG1086	UDP-glucose 4-epimerase
NHKJIMIN_00355	gene	309				
NHKJIMIN_00355	CDS	309				hypothetical protein
NHKJIMIN_00356	gene	489				
NHKJIMIN_00356	CDS	489				hypothetical protein
NHKJIMIN_00357	gene	171				
NHKJIMIN_00357	CDS	171				hypothetical protein
NHKJIMIN_00358	gene	120				
NHKJIMIN_00358	CDS	120				hypothetical protein
NHKJIMIN_00359	gene	159				
NHKJIMIN_00359	CDS	159				hypothetical protein
NHKJIMIN_00360	gene	273				
NHKJIMIN_00360	CDS	273				hypothetical protein
NHKJIMIN_00361	gene	168				
NHKJIMIN_00361	CDS	168				hypothetical protein
NHKJIMIN_00362	gene	327				
NHKJIMIN_00362	CDS	327				hypothetical protein
NHKJIMIN_00363	gene	390				
NHKJIMIN_00363	CDS	390				hypothetical protein
NHKJIMIN_00364	gene	195	wecB_1			
NHKJIMIN_00364	CDS	195	wecB_1	5.1.3.14	COG0381	UDP-N-acetylglucosamine 2-epimerase
NHKJIMIN_00365	gene	99				
NHKJIMIN_00365	CDS	99				hypothetical protein
NHKJIMIN_00366	gene	147				
NHKJIMIN_00366	CDS	147				hypothetical protein
NHKJIMIN_00367	gene	174				
NHKJIMIN_00367	CDS	174				hypothetical protein
NHKJIMIN_00368	gene	207				
NHKJIMIN_00368	CDS	207				hypothetical protein
NHKJIMIN_00369	gene	351				
NHKJIMIN_00369	CDS	351				hypothetical protein
NHKJIMIN_00370	gene	129				
NHKJIMIN_00370	CDS	129				hypothetical protein
NHKJIMIN_00371	gene	99				
NHKJIMIN_00371	CDS	99				hypothetical protein
NHKJIMIN_00372	gene	126				
NHKJIMIN_00372	CDS	126				hypothetical protein
NHKJIMIN_00373	gene	159	fdtB_1			
NHKJIMIN_00373	CDS	159	fdtB_1	2.6.1.90		dTDP-3-amino-3,6-dideoxy-alpha-D-galactopyranose transaminase
NHKJIMIN_00374	gene	285	fdtB_2			
NHKJIMIN_00374	CDS	285	fdtB_2	2.6.1.90		dTDP-3-amino-3,6-dideoxy-alpha-D-galactopyranose transaminase
NHKJIMIN_00375	gene	294	fdtB_3			
NHKJIMIN_00375	CDS	294	fdtB_3	2.6.1.90		dTDP-3-amino-3,6-dideoxy-alpha-D-galactopyranose transaminase
NHKJIMIN_00376	gene	273				
NHKJIMIN_00376	CDS	273				hypothetical protein
NHKJIMIN_00377	gene	183				
NHKJIMIN_00377	CDS	183				hypothetical protein
NHKJIMIN_00378	gene	150				
NHKJIMIN_00378	CDS	150				hypothetical protein
NHKJIMIN_00379	gene	522				
NHKJIMIN_00379	CDS	522				hypothetical protein
NHKJIMIN_00380	gene	435	fabG_1			
NHKJIMIN_00380	CDS	435	fabG_1	1.1.1.100	COG1028	3-oxoacyl-[acyl-carrier-protein] reductase FabG
NHKJIMIN_00381	gene	210				
NHKJIMIN_00381	CDS	210				hypothetical protein
NHKJIMIN_00382	gene	141				
NHKJIMIN_00382	CDS	141				hypothetical protein
NHKJIMIN_00383	gene	303				
NHKJIMIN_00383	CDS	303				hypothetical protein
NHKJIMIN_00384	gene	471	fabH_1			
NHKJIMIN_00384	CDS	471	fabH_1	2.3.1.301		Beta-ketoacyl-[acyl-carrier-protein] synthase III
NHKJIMIN_00385	gene	231				
NHKJIMIN_00385	CDS	231				hypothetical protein
NHKJIMIN_00386	gene	354				
NHKJIMIN_00386	CDS	354				hypothetical protein
NHKJIMIN_00387	gene	180				
NHKJIMIN_00387	CDS	180				hypothetical protein
NHKJIMIN_00388	gene	450	tycC_1			
NHKJIMIN_00388	CDS	450	tycC_1			Tyrocidine synthase 3
NHKJIMIN_00389	gene	231				
NHKJIMIN_00389	CDS	231				hypothetical protein
NHKJIMIN_00390	gene	270				
NHKJIMIN_00390	CDS	270				hypothetical protein
NHKJIMIN_00391	gene	363				
NHKJIMIN_00391	CDS	363				hypothetical protein
NHKJIMIN_00392	gene	189				
NHKJIMIN_00392	CDS	189				hypothetical protein
NHKJIMIN_00393	gene	402	fdtA_1			
NHKJIMIN_00393	CDS	402	fdtA_1	5.3.2.3		TDP-4-oxo-6-deoxy-alpha-D-glucose-3,4-oxoisomerase
NHKJIMIN_00394	gene	150	rmlA_1			
NHKJIMIN_00394	CDS	150	rmlA_1	2.7.7.24	COG1209	Glucose-1-phosphate thymidylyltransferase
NHKJIMIN_00395	gene	378	rmlA_2			
NHKJIMIN_00395	CDS	378	rmlA_2	2.7.7.24		Glucose-1-phosphate thymidylyltransferase
NHKJIMIN_00396	gene	438	rffH_1			
NHKJIMIN_00396	CDS	438	rffH_1	2.7.7.24	COG1209	Glucose-1-phosphate thymidylyltransferase 2
NHKJIMIN_00397	gene	204				
NHKJIMIN_00397	CDS	204				hypothetical protein
NHKJIMIN_00398	gene	285				
NHKJIMIN_00398	CDS	285				hypothetical protein
NHKJIMIN_00399	gene	369				
NHKJIMIN_00399	CDS	369				hypothetical protein
NHKJIMIN_00400	gene	357				
NHKJIMIN_00400	CDS	357				hypothetical protein
NHKJIMIN_00401	gene	132				
NHKJIMIN_00401	CDS	132				hypothetical protein
NHKJIMIN_00402	gene	153				
NHKJIMIN_00402	CDS	153				hypothetical protein
NHKJIMIN_00403	gene	144				
NHKJIMIN_00403	CDS	144				hypothetical protein
NHKJIMIN_00404	gene	243				
NHKJIMIN_00404	CDS	243				hypothetical protein
NHKJIMIN_00405	gene	372				
NHKJIMIN_00405	CDS	372				hypothetical protein
NHKJIMIN_00406	gene	255				
NHKJIMIN_00406	CDS	255				hypothetical protein
NHKJIMIN_00407	gene	360				
NHKJIMIN_00407	CDS	360				hypothetical protein
NHKJIMIN_00408	gene	186				
NHKJIMIN_00408	CDS	186				hypothetical protein
NHKJIMIN_00409	gene	321				
NHKJIMIN_00409	CDS	321				hypothetical protein
NHKJIMIN_00410	gene	861	gmd			
NHKJIMIN_00410	CDS	861	gmd	4.2.1.47	COG1089	GDP-mannose 4,6-dehydratase
NHKJIMIN_00411	gene	309				
NHKJIMIN_00411	CDS	309				hypothetical protein
NHKJIMIN_00412	gene	258	fcl_1			
NHKJIMIN_00412	CDS	258	fcl_1	1.1.1.271	COG0451	GDP-L-fucose synthase
NHKJIMIN_00413	gene	507	fcl_2			
NHKJIMIN_00413	CDS	507	fcl_2	1.1.1.271		GDP-L-fucose synthase
NHKJIMIN_00414	gene	321				
NHKJIMIN_00414	CDS	321				hypothetical protein
NHKJIMIN_00415	gene	375	menE_1			
NHKJIMIN_00415	CDS	375	menE_1	6.2.1.26		2-succinylbenzoate--CoA ligase
NHKJIMIN_00416	gene	480	fadD3			
NHKJIMIN_00416	CDS	480	fadD3	6.2.1.41	COG0318	3-[(3aS,4S,7aS)-7a-methyl-1,5-dioxo-octahydro-1H-inden-4-yl]propanoyl:CoA ligase
NHKJIMIN_00417	gene	696				
NHKJIMIN_00417	CDS	696				hypothetical protein
NHKJIMIN_00418	gene	363				
NHKJIMIN_00418	CDS	363				hypothetical protein
NHKJIMIN_00419	gene	318	fbp_1			
NHKJIMIN_00419	CDS	318	fbp_1	3.1.3.11		Fructose-1,6-bisphosphatase class 3
NHKJIMIN_00420	gene	519	fbp_2			
NHKJIMIN_00420	CDS	519	fbp_2	3.1.3.11		Fructose-1,6-bisphosphatase class 3
NHKJIMIN_00421	gene	948	fbp_3			
NHKJIMIN_00421	CDS	948	fbp_3	3.1.3.11	COG3855	Fructose-1,6-bisphosphatase class 3
NHKJIMIN_00422	gene	348	yidE_1			
NHKJIMIN_00422	CDS	348	yidE_1			Putative transport protein YidE
NHKJIMIN_00423	gene	495	yidE_2			
NHKJIMIN_00423	CDS	495	yidE_2			Putative transport protein YidE
NHKJIMIN_00424	gene	126				
NHKJIMIN_00424	CDS	126				hypothetical protein
NHKJIMIN_00425	gene	459	yidE_3			
NHKJIMIN_00425	CDS	459	yidE_3			Putative transport protein YidE
NHKJIMIN_00426	gene	177				
NHKJIMIN_00426	CDS	177				hypothetical protein
NHKJIMIN_00427	gene	168				
NHKJIMIN_00427	CDS	168				hypothetical protein
NHKJIMIN_00428	gene	195				
NHKJIMIN_00428	CDS	195				hypothetical protein
NHKJIMIN_00429	gene	162				
NHKJIMIN_00429	CDS	162				hypothetical protein
NHKJIMIN_00430	gene	213				
NHKJIMIN_00430	CDS	213				hypothetical protein
NHKJIMIN_00431	gene	393				
NHKJIMIN_00431	CDS	393				hypothetical protein
NHKJIMIN_00432	gene	147				
NHKJIMIN_00432	CDS	147				hypothetical protein
NHKJIMIN_00433	gene	234				
NHKJIMIN_00433	CDS	234				hypothetical protein
NHKJIMIN_00434	gene	777				
NHKJIMIN_00434	CDS	777				hypothetical protein
NHKJIMIN_00435	gene	585				
NHKJIMIN_00435	CDS	585				hypothetical protein
NHKJIMIN_00436	gene	354				
NHKJIMIN_00436	CDS	354				hypothetical protein
NHKJIMIN_00437	gene	447				
NHKJIMIN_00437	CDS	447				hypothetical protein
NHKJIMIN_00438	gene	552				
NHKJIMIN_00438	CDS	552				hypothetical protein
NHKJIMIN_00439	gene	279				
NHKJIMIN_00439	CDS	279				hypothetical protein
NHKJIMIN_00440	gene	168				
NHKJIMIN_00440	CDS	168				hypothetical protein
NHKJIMIN_00441	gene	228				
NHKJIMIN_00441	CDS	228				hypothetical protein
NHKJIMIN_00442	gene	390				
NHKJIMIN_00442	CDS	390				hypothetical protein
NHKJIMIN_00443	gene	273				
NHKJIMIN_00443	CDS	273				hypothetical protein
NHKJIMIN_00444	gene	450	cirA_1			
NHKJIMIN_00444	CDS	450	cirA_1		COG4771	Colicin I receptor
NHKJIMIN_00445	gene	240				
NHKJIMIN_00445	CDS	240				hypothetical protein
NHKJIMIN_00446	gene	303				
NHKJIMIN_00446	CDS	303				hypothetical protein
NHKJIMIN_00447	gene	477				
NHKJIMIN_00447	CDS	477				hypothetical protein
NHKJIMIN_00448	gene	561				
NHKJIMIN_00448	CDS	561				hypothetical protein
NHKJIMIN_00449	gene	795				
NHKJIMIN_00449	CDS	795				hypothetical protein
NHKJIMIN_00450	gene	246				
NHKJIMIN_00450	CDS	246				hypothetical protein
NHKJIMIN_00451	gene	579				
NHKJIMIN_00451	CDS	579				hypothetical protein
NHKJIMIN_00452	gene	309				
NHKJIMIN_00452	CDS	309				hypothetical protein
NHKJIMIN_00453	gene	225				
NHKJIMIN_00453	CDS	225				hypothetical protein
NHKJIMIN_00454	gene	327				
NHKJIMIN_00454	CDS	327				hypothetical protein
NHKJIMIN_00455	gene	189				
NHKJIMIN_00455	CDS	189				hypothetical protein
NHKJIMIN_00456	gene	73				
NHKJIMIN_00456	tRNA	73				tRNA-Glu(ctc)
NHKJIMIN_00457	gene	86				
NHKJIMIN_00457	tRNA	86				tRNA-Ser(gct)
NHKJIMIN_00458	gene	585				
NHKJIMIN_00458	CDS	585				hypothetical protein
NHKJIMIN_00459	gene	120				
NHKJIMIN_00459	CDS	120				hypothetical protein
NHKJIMIN_00460	gene	678				
NHKJIMIN_00460	CDS	678				hypothetical protein
NHKJIMIN_00461	gene	354				
NHKJIMIN_00461	CDS	354				hypothetical protein
NHKJIMIN_00462	gene	267				
NHKJIMIN_00462	CDS	267				hypothetical protein
NHKJIMIN_00463	gene	480				
NHKJIMIN_00463	CDS	480				hypothetical protein
NHKJIMIN_00464	gene	657	btuB_1			
NHKJIMIN_00464	CDS	657	btuB_1			Vitamin B12 transporter BtuB
NHKJIMIN_00465	gene	114				
NHKJIMIN_00465	CDS	114				hypothetical protein
NHKJIMIN_00466	gene	222				
NHKJIMIN_00466	CDS	222				hypothetical protein
NHKJIMIN_00467	gene	342				
NHKJIMIN_00467	CDS	342				hypothetical protein
NHKJIMIN_00468	gene	504				
NHKJIMIN_00468	CDS	504				hypothetical protein
NHKJIMIN_00469	gene	441				
NHKJIMIN_00469	CDS	441				hypothetical protein
NHKJIMIN_00470	gene	306				
NHKJIMIN_00470	CDS	306				hypothetical protein
NHKJIMIN_00471	gene	330				
NHKJIMIN_00471	CDS	330				hypothetical protein
NHKJIMIN_00472	gene	468				
NHKJIMIN_00472	CDS	468				hypothetical protein
NHKJIMIN_00473	gene	270	sasA_1			
NHKJIMIN_00473	CDS	270	sasA_1	2.7.13.3		Adaptive-response sensory-kinase SasA
NHKJIMIN_00474	gene	426	pleC_1			
NHKJIMIN_00474	CDS	426	pleC_1	2.7.13.3	COG2202	Non-motile and phage-resistance protein
NHKJIMIN_00475	gene	267				
NHKJIMIN_00475	CDS	267				hypothetical protein
NHKJIMIN_00476	gene	285				
NHKJIMIN_00476	CDS	285				hypothetical protein
NHKJIMIN_00477	gene	207				
NHKJIMIN_00477	CDS	207				hypothetical protein
NHKJIMIN_00478	gene	126				
NHKJIMIN_00478	CDS	126				hypothetical protein
NHKJIMIN_00479	gene	432	yhgF_1			
NHKJIMIN_00479	CDS	432	yhgF_1		COG2183	Protein YhgF
NHKJIMIN_00480	gene	327				
NHKJIMIN_00480	CDS	327				hypothetical protein
NHKJIMIN_00481	gene	291	yhgF_2			
NHKJIMIN_00481	CDS	291	yhgF_2		COG2183	Protein YhgF
NHKJIMIN_00482	gene	246				
NHKJIMIN_00482	CDS	246				hypothetical protein
NHKJIMIN_00483	gene	291	yhgF_3			
NHKJIMIN_00483	CDS	291	yhgF_3		COG2183	Protein YhgF
NHKJIMIN_00484	gene	213				
NHKJIMIN_00484	CDS	213				hypothetical protein
NHKJIMIN_00485	gene	153				
NHKJIMIN_00485	CDS	153				hypothetical protein
NHKJIMIN_00486	gene	567				
NHKJIMIN_00486	CDS	567				hypothetical protein
NHKJIMIN_00487	gene	411				
NHKJIMIN_00487	CDS	411				hypothetical protein
NHKJIMIN_00488	gene	480				
NHKJIMIN_00488	CDS	480				hypothetical protein
NHKJIMIN_00489	gene	294				
NHKJIMIN_00489	CDS	294				hypothetical protein
NHKJIMIN_00490	gene	294				
NHKJIMIN_00490	CDS	294				hypothetical protein
NHKJIMIN_00491	gene	300				
NHKJIMIN_00491	CDS	300				hypothetical protein
NHKJIMIN_00492	gene	318				
NHKJIMIN_00492	CDS	318				hypothetical protein
NHKJIMIN_00493	gene	354				
NHKJIMIN_00493	CDS	354				hypothetical protein
NHKJIMIN_00494	gene	324				
NHKJIMIN_00494	CDS	324				hypothetical protein
NHKJIMIN_00495	gene	675				
NHKJIMIN_00495	CDS	675				hypothetical protein
NHKJIMIN_00496	gene	114				
NHKJIMIN_00496	CDS	114				hypothetical protein
NHKJIMIN_00497	gene	945				
NHKJIMIN_00497	CDS	945				hypothetical protein
NHKJIMIN_00498	gene	732				
NHKJIMIN_00498	CDS	732				hypothetical protein
NHKJIMIN_00499	gene	342				
NHKJIMIN_00499	CDS	342				hypothetical protein
NHKJIMIN_00500	gene	252				
NHKJIMIN_00500	CDS	252				hypothetical protein
NHKJIMIN_00501	gene	147				
NHKJIMIN_00501	CDS	147				hypothetical protein
NHKJIMIN_00502	gene	552				
NHKJIMIN_00502	CDS	552				hypothetical protein
NHKJIMIN_00503	gene	477				
NHKJIMIN_00503	CDS	477				hypothetical protein
NHKJIMIN_00504	gene	420				
NHKJIMIN_00504	CDS	420				hypothetical protein
NHKJIMIN_00505	gene	534				
NHKJIMIN_00505	CDS	534				hypothetical protein
NHKJIMIN_00506	gene	330				
NHKJIMIN_00506	CDS	330				hypothetical protein
NHKJIMIN_00507	gene	228				
NHKJIMIN_00507	CDS	228				hypothetical protein
NHKJIMIN_00508	gene	561				
NHKJIMIN_00508	CDS	561				hypothetical protein
NHKJIMIN_00509	gene	210				
NHKJIMIN_00509	CDS	210				hypothetical protein
NHKJIMIN_00510	gene	156				
NHKJIMIN_00510	CDS	156				hypothetical protein
NHKJIMIN_00511	gene	216				
NHKJIMIN_00511	CDS	216				hypothetical protein
NHKJIMIN_00512	gene	522				
NHKJIMIN_00512	CDS	522				hypothetical protein
NHKJIMIN_00513	gene	231				
NHKJIMIN_00513	CDS	231				hypothetical protein
NHKJIMIN_00514	gene	180				
NHKJIMIN_00514	CDS	180				hypothetical protein
NHKJIMIN_00515	gene	555				
NHKJIMIN_00515	CDS	555				hypothetical protein
NHKJIMIN_00516	gene	180				
NHKJIMIN_00516	CDS	180				hypothetical protein
NHKJIMIN_00517	gene	321				
NHKJIMIN_00517	CDS	321				hypothetical protein
NHKJIMIN_00518	gene	615				
NHKJIMIN_00518	CDS	615				hypothetical protein
NHKJIMIN_00519	gene	195				
NHKJIMIN_00519	CDS	195				hypothetical protein
NHKJIMIN_00520	gene	264				
NHKJIMIN_00520	CDS	264				hypothetical protein
NHKJIMIN_00521	gene	537				
NHKJIMIN_00521	CDS	537				hypothetical protein
NHKJIMIN_00522	gene	180				
NHKJIMIN_00522	CDS	180				hypothetical protein
NHKJIMIN_00523	gene	252				
NHKJIMIN_00523	CDS	252				hypothetical protein
NHKJIMIN_00524	gene	282				
NHKJIMIN_00524	CDS	282				hypothetical protein
NHKJIMIN_00525	gene	237				
NHKJIMIN_00525	CDS	237				hypothetical protein
NHKJIMIN_00526	gene	456				
NHKJIMIN_00526	CDS	456				hypothetical protein
NHKJIMIN_00527	gene	198				
NHKJIMIN_00527	CDS	198				hypothetical protein
NHKJIMIN_00528	gene	777				
NHKJIMIN_00528	CDS	777				hypothetical protein
NHKJIMIN_00529	gene	189				
NHKJIMIN_00529	CDS	189				hypothetical protein
NHKJIMIN_00530	gene	390				
NHKJIMIN_00530	CDS	390				hypothetical protein
NHKJIMIN_00531	gene	198				
NHKJIMIN_00531	CDS	198				hypothetical protein
NHKJIMIN_00532	gene	372				
NHKJIMIN_00532	CDS	372				hypothetical protein
NHKJIMIN_00533	gene	327				
NHKJIMIN_00533	CDS	327				hypothetical protein
NHKJIMIN_00534	gene	450				
NHKJIMIN_00534	CDS	450				hypothetical protein
NHKJIMIN_00535	gene	339				
NHKJIMIN_00535	CDS	339				hypothetical protein
NHKJIMIN_00536	gene	252				
NHKJIMIN_00536	CDS	252				hypothetical protein
NHKJIMIN_00537	gene	276				
NHKJIMIN_00537	CDS	276				hypothetical protein
NHKJIMIN_00538	gene	315				
NHKJIMIN_00538	CDS	315				hypothetical protein
NHKJIMIN_00539	gene	435				
NHKJIMIN_00539	CDS	435				hypothetical protein
NHKJIMIN_00540	gene	129				
NHKJIMIN_00540	CDS	129				hypothetical protein
NHKJIMIN_00541	gene	198				
NHKJIMIN_00541	CDS	198				hypothetical protein
NHKJIMIN_00542	gene	312				
NHKJIMIN_00542	CDS	312				hypothetical protein
NHKJIMIN_00543	gene	357				
NHKJIMIN_00543	CDS	357				hypothetical protein
NHKJIMIN_00544	gene	162				
NHKJIMIN_00544	CDS	162				hypothetical protein
NHKJIMIN_00545	gene	168				
NHKJIMIN_00545	CDS	168				hypothetical protein
NHKJIMIN_00546	gene	396				
NHKJIMIN_00546	CDS	396				hypothetical protein
NHKJIMIN_00547	gene	132				
NHKJIMIN_00547	CDS	132				hypothetical protein
NHKJIMIN_00548	gene	708				
NHKJIMIN_00548	CDS	708				hypothetical protein
NHKJIMIN_00549	gene	528				
NHKJIMIN_00549	CDS	528				hypothetical protein
NHKJIMIN_00550	gene	117				
NHKJIMIN_00550	CDS	117				hypothetical protein
NHKJIMIN_00551	gene	162				
NHKJIMIN_00551	CDS	162				hypothetical protein
NHKJIMIN_00552	gene	231	xerC_1			
NHKJIMIN_00552	CDS	231	xerC_1			Tyrosine recombinase XerC
NHKJIMIN_00553	gene	411				
NHKJIMIN_00553	CDS	411				hypothetical protein
NHKJIMIN_00554	gene	129				
NHKJIMIN_00554	CDS	129				hypothetical protein
NHKJIMIN_00555	gene	171				
NHKJIMIN_00555	CDS	171				hypothetical protein
NHKJIMIN_00556	gene	276				
NHKJIMIN_00556	CDS	276				hypothetical protein
NHKJIMIN_00557	gene	240				
NHKJIMIN_00557	CDS	240				hypothetical protein
NHKJIMIN_00558	gene	453				
NHKJIMIN_00558	CDS	453				hypothetical protein
NHKJIMIN_00559	gene	852				
NHKJIMIN_00559	CDS	852				hypothetical protein
NHKJIMIN_00560	gene	324				
NHKJIMIN_00560	CDS	324				hypothetical protein
NHKJIMIN_00561	gene	183				
NHKJIMIN_00561	CDS	183				hypothetical protein
NHKJIMIN_00562	gene	582				
NHKJIMIN_00562	CDS	582				hypothetical protein
NHKJIMIN_00563	gene	396				
NHKJIMIN_00563	CDS	396				hypothetical protein
NHKJIMIN_00564	gene	291				
NHKJIMIN_00564	CDS	291				hypothetical protein
NHKJIMIN_00565	gene	489				
NHKJIMIN_00565	CDS	489				hypothetical protein
NHKJIMIN_00566	gene	162				
NHKJIMIN_00566	CDS	162				hypothetical protein
NHKJIMIN_00567	gene	369				
NHKJIMIN_00567	CDS	369				hypothetical protein
NHKJIMIN_00568	gene	312				
NHKJIMIN_00568	CDS	312				hypothetical protein
NHKJIMIN_00569	gene	201				
NHKJIMIN_00569	CDS	201				hypothetical protein
NHKJIMIN_00570	gene	153				
NHKJIMIN_00570	CDS	153				hypothetical protein
NHKJIMIN_00571	gene	627				
NHKJIMIN_00571	CDS	627				hypothetical protein
NHKJIMIN_00572	gene	246				
NHKJIMIN_00572	CDS	246				hypothetical protein
NHKJIMIN_00573	gene	237				
NHKJIMIN_00573	CDS	237				hypothetical protein
NHKJIMIN_00574	gene	420				
NHKJIMIN_00574	CDS	420				hypothetical protein
NHKJIMIN_00575	gene	600				
NHKJIMIN_00575	CDS	600				hypothetical protein
NHKJIMIN_00576	gene	267				
NHKJIMIN_00576	CDS	267				hypothetical protein
NHKJIMIN_00577	gene	399				
NHKJIMIN_00577	CDS	399				hypothetical protein
NHKJIMIN_00578	gene	276				
NHKJIMIN_00578	CDS	276				hypothetical protein
NHKJIMIN_00579	gene	684				
NHKJIMIN_00579	CDS	684				hypothetical protein
NHKJIMIN_00580	gene	291				
NHKJIMIN_00580	CDS	291				hypothetical protein
NHKJIMIN_00581	gene	405				
NHKJIMIN_00581	CDS	405				hypothetical protein
NHKJIMIN_00582	gene	240				
NHKJIMIN_00582	CDS	240				hypothetical protein
NHKJIMIN_00583	gene	501				
NHKJIMIN_00583	CDS	501				hypothetical protein
NHKJIMIN_00584	gene	282				
NHKJIMIN_00584	CDS	282				hypothetical protein
NHKJIMIN_00585	gene	243				
NHKJIMIN_00585	CDS	243				hypothetical protein
NHKJIMIN_00586	gene	300				
NHKJIMIN_00586	CDS	300				hypothetical protein
NHKJIMIN_00587	gene	285				
NHKJIMIN_00587	CDS	285				hypothetical protein
NHKJIMIN_00588	gene	159				
NHKJIMIN_00588	CDS	159				hypothetical protein
NHKJIMIN_00589	gene	258				
NHKJIMIN_00589	CDS	258				hypothetical protein
NHKJIMIN_00590	gene	297				
NHKJIMIN_00590	CDS	297				hypothetical protein
NHKJIMIN_00591	gene	267				
NHKJIMIN_00591	CDS	267				hypothetical protein
NHKJIMIN_00592	gene	534				
NHKJIMIN_00592	CDS	534				hypothetical protein
NHKJIMIN_00593	gene	174				
NHKJIMIN_00593	CDS	174				hypothetical protein
NHKJIMIN_00594	gene	375				
NHKJIMIN_00594	CDS	375				hypothetical protein
NHKJIMIN_00595	gene	564	sigW_1			
NHKJIMIN_00595	CDS	564	sigW_1		COG1595	ECF RNA polymerase sigma factor SigW
NHKJIMIN_00596	gene	879	ybiT_1			
NHKJIMIN_00596	CDS	879	ybiT_1		COG0488	putative ATP-binding protein YbiT
NHKJIMIN_00597	gene	270	ybiT_2			
NHKJIMIN_00597	CDS	270	ybiT_2		COG0488	putative ATP-binding protein YbiT
NHKJIMIN_00598	gene	243	ybiT_3			
NHKJIMIN_00598	CDS	243	ybiT_3		COG0488	putative ATP-binding protein YbiT
NHKJIMIN_00599	gene	216	grpE_1			
NHKJIMIN_00599	CDS	216	grpE_1			Protein GrpE
NHKJIMIN_00600	gene	327	grpE_2			
NHKJIMIN_00600	CDS	327	grpE_2		COG0576	Protein GrpE
NHKJIMIN_00601	gene	120	dnaJ_1			
NHKJIMIN_00601	CDS	120	dnaJ_1			Chaperone protein DnaJ
NHKJIMIN_00602	gene	306				
NHKJIMIN_00602	CDS	306				hypothetical protein
NHKJIMIN_00603	gene	441	dnaJ_2			
NHKJIMIN_00603	CDS	441	dnaJ_2		COG0484	Chaperone protein DnaJ
NHKJIMIN_00604	gene	363				
NHKJIMIN_00604	CDS	363				hypothetical protein
NHKJIMIN_00605	gene	591				
NHKJIMIN_00605	CDS	591				hypothetical protein
NHKJIMIN_00606	gene	315				
NHKJIMIN_00606	CDS	315				hypothetical protein
NHKJIMIN_00607	gene	333				
NHKJIMIN_00607	CDS	333				hypothetical protein
NHKJIMIN_00608	gene	501				
NHKJIMIN_00608	CDS	501			COG4771	TonB-dependent receptor P3
NHKJIMIN_00609	gene	594				
NHKJIMIN_00609	CDS	594			COG1629	TonB-dependent receptor P26
NHKJIMIN_00610	gene	222				
NHKJIMIN_00610	CDS	222				hypothetical protein
NHKJIMIN_00611	gene	936	susC_3			
NHKJIMIN_00611	CDS	936	susC_3		COG1629	TonB-dependent receptor SusC
NHKJIMIN_00612	gene	141				
NHKJIMIN_00612	CDS	141				hypothetical protein
NHKJIMIN_00613	gene	381				
NHKJIMIN_00613	CDS	381		3.2.1.23	COG3250	Beta-galactosidase BoGH2A
NHKJIMIN_00614	gene	117				
NHKJIMIN_00614	CDS	117				hypothetical protein
NHKJIMIN_00615	gene	846				
NHKJIMIN_00615	CDS	846		3.2.1.23	COG3250	Beta-galactosidase BoGH2A
NHKJIMIN_00616	gene	246				
NHKJIMIN_00616	CDS	246		3.2.1.23	COG3250	Beta-galactosidase BoGH2A
NHKJIMIN_00617	gene	414				
NHKJIMIN_00617	CDS	414		3.2.1.23	COG3250	Beta-galactosidase BoGH2A
NHKJIMIN_00618	gene	327				
NHKJIMIN_00618	CDS	327				hypothetical protein
NHKJIMIN_00619	gene	168				
NHKJIMIN_00619	CDS	168				hypothetical protein
NHKJIMIN_00620	gene	189				
NHKJIMIN_00620	CDS	189				hypothetical protein
NHKJIMIN_00621	gene	1254				
NHKJIMIN_00621	CDS	1254				hypothetical protein
NHKJIMIN_00622	gene	612				
NHKJIMIN_00622	CDS	612				hypothetical protein
NHKJIMIN_00623	gene	321				
NHKJIMIN_00623	CDS	321				hypothetical protein
NHKJIMIN_00624	gene	276				
NHKJIMIN_00624	CDS	276				hypothetical protein
NHKJIMIN_00625	gene	834				
NHKJIMIN_00625	CDS	834		3.2.1.52	COG3525	Beta-hexosaminidase
NHKJIMIN_00626	gene	255				
NHKJIMIN_00626	CDS	255		3.2.1.52		Beta-N-acetylhexosaminidase
NHKJIMIN_00627	gene	219				
NHKJIMIN_00627	CDS	219				hypothetical protein
NHKJIMIN_00628	gene	189	nanM_1			
NHKJIMIN_00628	CDS	189	nanM_1	5.1.3.24		N-acetylneuraminate epimerase
NHKJIMIN_00629	gene	666	nanM_2			
NHKJIMIN_00629	CDS	666	nanM_2	5.1.3.24		N-acetylneuraminate epimerase
NHKJIMIN_00630	gene	378				
NHKJIMIN_00630	CDS	378				hypothetical protein
NHKJIMIN_00631	gene	750				
NHKJIMIN_00631	CDS	750				hypothetical protein
NHKJIMIN_00632	gene	300				
NHKJIMIN_00632	CDS	300				hypothetical protein
NHKJIMIN_00633	gene	240				
NHKJIMIN_00633	CDS	240				hypothetical protein
NHKJIMIN_00634	gene	627				
NHKJIMIN_00634	CDS	627				hypothetical protein
NHKJIMIN_00635	gene	177				
NHKJIMIN_00635	CDS	177				hypothetical protein
NHKJIMIN_00636	gene	912	csxA			
NHKJIMIN_00636	CDS	912	csxA	3.2.1.165	COG3250	Exo-beta-D-glucosaminidase
NHKJIMIN_00637	gene	141				
NHKJIMIN_00637	CDS	141				hypothetical protein
NHKJIMIN_00638	gene	318				
NHKJIMIN_00638	CDS	318				hypothetical protein
NHKJIMIN_00639	gene	855				
NHKJIMIN_00639	CDS	855				hypothetical protein
NHKJIMIN_00640	gene	252				
NHKJIMIN_00640	CDS	252				hypothetical protein
NHKJIMIN_00641	gene	261				
NHKJIMIN_00641	CDS	261				hypothetical protein
NHKJIMIN_00642	gene	255				
NHKJIMIN_00642	CDS	255				hypothetical protein
NHKJIMIN_00643	gene	270				
NHKJIMIN_00643	CDS	270				hypothetical protein
NHKJIMIN_00644	gene	459				
NHKJIMIN_00644	CDS	459				hypothetical protein
NHKJIMIN_00645	gene	246	axeA1_1			
NHKJIMIN_00645	CDS	246	axeA1_1	3.1.1.72	COG0657	Acetylxylan esterase
NHKJIMIN_00646	gene	207				
NHKJIMIN_00646	CDS	207				hypothetical protein
NHKJIMIN_00647	gene	180				
NHKJIMIN_00647	CDS	180				hypothetical protein
NHKJIMIN_00648	gene	183				
NHKJIMIN_00648	CDS	183				hypothetical protein
NHKJIMIN_00649	gene	405				
NHKJIMIN_00649	CDS	405				hypothetical protein
NHKJIMIN_00650	gene	174				
NHKJIMIN_00650	CDS	174				hypothetical protein
NHKJIMIN_00651	gene	156				
NHKJIMIN_00651	CDS	156				hypothetical protein
NHKJIMIN_00652	gene	135				
NHKJIMIN_00652	CDS	135				hypothetical protein
NHKJIMIN_00653	gene	210				
NHKJIMIN_00653	CDS	210				hypothetical protein
NHKJIMIN_00654	gene	321	exoI_1			
NHKJIMIN_00654	CDS	321	exoI_1	3.2.1.52		Beta-hexosaminidase
NHKJIMIN_00655	gene	270				
NHKJIMIN_00655	CDS	270				hypothetical protein
NHKJIMIN_00656	gene	405				
NHKJIMIN_00656	CDS	405				hypothetical protein
NHKJIMIN_00657	gene	375				
NHKJIMIN_00657	CDS	375				hypothetical protein
NHKJIMIN_00658	gene	96				
NHKJIMIN_00658	CDS	96				hypothetical protein
NHKJIMIN_00659	gene	186				
NHKJIMIN_00659	CDS	186				hypothetical protein
NHKJIMIN_00660	gene	261				
NHKJIMIN_00660	CDS	261				hypothetical protein
NHKJIMIN_00661	gene	267				
NHKJIMIN_00661	CDS	267				hypothetical protein
NHKJIMIN_00662	gene	255				
NHKJIMIN_00662	CDS	255				hypothetical protein
NHKJIMIN_00663	gene	555				
NHKJIMIN_00663	CDS	555				hypothetical protein
NHKJIMIN_00664	gene	177				
NHKJIMIN_00664	CDS	177				hypothetical protein
NHKJIMIN_00665	gene	222				
NHKJIMIN_00665	CDS	222				hypothetical protein
NHKJIMIN_00666	gene	552				
NHKJIMIN_00666	CDS	552				hypothetical protein
NHKJIMIN_00667	gene	249				
NHKJIMIN_00667	CDS	249				hypothetical protein
NHKJIMIN_00668	gene	261				
NHKJIMIN_00668	CDS	261				hypothetical protein
NHKJIMIN_00669	gene	246				
NHKJIMIN_00669	CDS	246				hypothetical protein
NHKJIMIN_00670	gene	276				
NHKJIMIN_00670	CDS	276				hypothetical protein
NHKJIMIN_00671	gene	303				
NHKJIMIN_00671	CDS	303				hypothetical protein
NHKJIMIN_00672	gene	477				
NHKJIMIN_00672	CDS	477				hypothetical protein
NHKJIMIN_00673	gene	528				
NHKJIMIN_00673	CDS	528				hypothetical protein
NHKJIMIN_00674	gene	327				
NHKJIMIN_00674	CDS	327			COG4771	TonB-dependent receptor P39
NHKJIMIN_00675	gene	204				
NHKJIMIN_00675	CDS	204				hypothetical protein
NHKJIMIN_00676	gene	177				
NHKJIMIN_00676	CDS	177				hypothetical protein
NHKJIMIN_00677	gene	96				
NHKJIMIN_00677	CDS	96				hypothetical protein
NHKJIMIN_00678	gene	363				
NHKJIMIN_00678	CDS	363				hypothetical protein
NHKJIMIN_00679	gene	393				
NHKJIMIN_00679	CDS	393				hypothetical protein
NHKJIMIN_00680	gene	201				
NHKJIMIN_00680	CDS	201				hypothetical protein
NHKJIMIN_00681	gene	312				
NHKJIMIN_00681	CDS	312				hypothetical protein
NHKJIMIN_00682	gene	261				
NHKJIMIN_00682	CDS	261				hypothetical protein
NHKJIMIN_00683	gene	231				
NHKJIMIN_00683	CDS	231				hypothetical protein
NHKJIMIN_00684	gene	162				
NHKJIMIN_00684	CDS	162				hypothetical protein
NHKJIMIN_00685	gene	327				
NHKJIMIN_00685	CDS	327				hypothetical protein
NHKJIMIN_00686	gene	207				
NHKJIMIN_00686	CDS	207				hypothetical protein
NHKJIMIN_00687	gene	345				
NHKJIMIN_00687	CDS	345				hypothetical protein
NHKJIMIN_00688	gene	276				
NHKJIMIN_00688	CDS	276				hypothetical protein
NHKJIMIN_00689	gene	291				
NHKJIMIN_00689	CDS	291				hypothetical protein
NHKJIMIN_00690	gene	177				
NHKJIMIN_00690	CDS	177				hypothetical protein
NHKJIMIN_00691	gene	141				
NHKJIMIN_00691	CDS	141				hypothetical protein
NHKJIMIN_00692	gene	228				
NHKJIMIN_00692	CDS	228				hypothetical protein
NHKJIMIN_00693	gene	240				
NHKJIMIN_00693	CDS	240				hypothetical protein
NHKJIMIN_00694	gene	138				
NHKJIMIN_00694	CDS	138				hypothetical protein
NHKJIMIN_00695	gene	168				
NHKJIMIN_00695	CDS	168				hypothetical protein
NHKJIMIN_00696	gene	258				
NHKJIMIN_00696	CDS	258				hypothetical protein
NHKJIMIN_00697	gene	327				
NHKJIMIN_00697	CDS	327				hypothetical protein
NHKJIMIN_00698	gene	213				
NHKJIMIN_00698	CDS	213				hypothetical protein
NHKJIMIN_00699	gene	222				
NHKJIMIN_00699	CDS	222				hypothetical protein
NHKJIMIN_00700	gene	330				
NHKJIMIN_00700	CDS	330				hypothetical protein
NHKJIMIN_00701	gene	312	susC_4			
NHKJIMIN_00701	CDS	312	susC_4		COG1629	TonB-dependent receptor SusC
NHKJIMIN_00702	gene	111				
NHKJIMIN_00702	CDS	111				hypothetical protein
NHKJIMIN_00703	gene	228	susC_5			
NHKJIMIN_00703	CDS	228	susC_5		COG1629	TonB-dependent receptor SusC
NHKJIMIN_00704	gene	270				
NHKJIMIN_00704	CDS	270				hypothetical protein
NHKJIMIN_00705	gene	111				
NHKJIMIN_00705	CDS	111				hypothetical protein
NHKJIMIN_00706	gene	309				
NHKJIMIN_00706	CDS	309				hypothetical protein
NHKJIMIN_00707	gene	237				
NHKJIMIN_00707	CDS	237				hypothetical protein
NHKJIMIN_00708	gene	153				
NHKJIMIN_00708	CDS	153				hypothetical protein
NHKJIMIN_00709	gene	270				
NHKJIMIN_00709	CDS	270				hypothetical protein
NHKJIMIN_00710	gene	228				
NHKJIMIN_00710	CDS	228				hypothetical protein
NHKJIMIN_00711	gene	153				
NHKJIMIN_00711	CDS	153				hypothetical protein
NHKJIMIN_00712	gene	258				
NHKJIMIN_00712	CDS	258				hypothetical protein
NHKJIMIN_00713	gene	480				
NHKJIMIN_00713	CDS	480				hypothetical protein
NHKJIMIN_00714	gene	384				
NHKJIMIN_00714	CDS	384				hypothetical protein
NHKJIMIN_00715	gene	213				
NHKJIMIN_00715	CDS	213				hypothetical protein
NHKJIMIN_00716	gene	267	susC_6			
NHKJIMIN_00716	CDS	267	susC_6		COG1629	TonB-dependent receptor SusC
NHKJIMIN_00717	gene	183				
NHKJIMIN_00717	CDS	183				hypothetical protein
NHKJIMIN_00718	gene	360				
NHKJIMIN_00718	CDS	360				hypothetical protein
NHKJIMIN_00719	gene	327				
NHKJIMIN_00719	CDS	327				hypothetical protein
NHKJIMIN_00720	gene	249				
NHKJIMIN_00720	CDS	249				hypothetical protein
NHKJIMIN_00721	gene	762				
NHKJIMIN_00721	CDS	762				hypothetical protein
NHKJIMIN_00722	gene	228				
NHKJIMIN_00722	CDS	228				hypothetical protein
NHKJIMIN_00723	gene	213				
NHKJIMIN_00723	CDS	213				hypothetical protein
NHKJIMIN_00724	gene	420				
NHKJIMIN_00724	CDS	420				hypothetical protein
NHKJIMIN_00725	gene	534				
NHKJIMIN_00725	CDS	534				hypothetical protein
NHKJIMIN_00726	gene	165				
NHKJIMIN_00726	CDS	165				hypothetical protein
NHKJIMIN_00727	gene	441				
NHKJIMIN_00727	CDS	441			COG4771	TonB-dependent receptor P3
NHKJIMIN_00728	gene	207				
NHKJIMIN_00728	CDS	207				hypothetical protein
NHKJIMIN_00729	gene	126				
NHKJIMIN_00729	CDS	126				hypothetical protein
NHKJIMIN_00730	gene	744				
NHKJIMIN_00730	CDS	744				hypothetical protein
NHKJIMIN_00731	gene	369				
NHKJIMIN_00731	CDS	369				hypothetical protein
NHKJIMIN_00732	gene	264				
NHKJIMIN_00732	CDS	264				hypothetical protein
NHKJIMIN_00733	gene	411	susC_7			
NHKJIMIN_00733	CDS	411	susC_7		COG1629	TonB-dependent receptor SusC
NHKJIMIN_00734	gene	267	susC_8			
NHKJIMIN_00734	CDS	267	susC_8		COG1629	TonB-dependent receptor SusC
NHKJIMIN_00735	gene	321				
NHKJIMIN_00735	CDS	321				hypothetical protein
NHKJIMIN_00736	gene	303				
NHKJIMIN_00736	CDS	303				hypothetical protein
NHKJIMIN_00737	gene	210				
NHKJIMIN_00737	CDS	210				hypothetical protein
NHKJIMIN_00738	gene	219				
NHKJIMIN_00738	CDS	219				hypothetical protein
NHKJIMIN_00739	gene	330				
NHKJIMIN_00739	CDS	330				hypothetical protein
NHKJIMIN_00740	gene	174				
NHKJIMIN_00740	CDS	174				hypothetical protein
NHKJIMIN_00741	gene	822				
NHKJIMIN_00741	CDS	822		5.1.3.11		Cellobiose 2-epimerase
NHKJIMIN_00742	gene	261				
NHKJIMIN_00742	CDS	261				hypothetical protein
NHKJIMIN_00743	gene	900	nanA_1			
NHKJIMIN_00743	CDS	900	nanA_1	4.1.3.3	COG0329	N-acetylneuraminate lyase
NHKJIMIN_00744	gene	291				
NHKJIMIN_00744	CDS	291				hypothetical protein
NHKJIMIN_00745	gene	252	nanK			
NHKJIMIN_00745	CDS	252	nanK	2.7.1.60		N-acetylmannosamine kinase
NHKJIMIN_00746	gene	357	glk			
NHKJIMIN_00746	CDS	357	glk	2.7.1.2		Glucokinase
NHKJIMIN_00747	gene	525				
NHKJIMIN_00747	CDS	525				hypothetical protein
NHKJIMIN_00748	gene	276				
NHKJIMIN_00748	CDS	276				hypothetical protein
NHKJIMIN_00749	gene	741				
NHKJIMIN_00749	CDS	741				hypothetical protein
NHKJIMIN_00750	gene	111				
NHKJIMIN_00750	CDS	111				hypothetical protein
NHKJIMIN_00751	gene	399				
NHKJIMIN_00751	CDS	399				hypothetical protein
NHKJIMIN_00752	gene	588				
NHKJIMIN_00752	CDS	588				hypothetical protein
NHKJIMIN_00753	gene	234				
NHKJIMIN_00753	CDS	234				hypothetical protein
NHKJIMIN_00754	gene	672				
NHKJIMIN_00754	CDS	672				hypothetical protein
NHKJIMIN_00755	gene	384				
NHKJIMIN_00755	CDS	384				hypothetical protein
NHKJIMIN_00756	gene	117				
NHKJIMIN_00756	CDS	117				hypothetical protein
NHKJIMIN_00757	gene	141				
NHKJIMIN_00757	CDS	141				hypothetical protein
NHKJIMIN_00758	gene	201				
NHKJIMIN_00758	CDS	201				hypothetical protein
NHKJIMIN_00759	gene	195				
NHKJIMIN_00759	CDS	195				hypothetical protein
NHKJIMIN_00760	gene	159				
NHKJIMIN_00760	CDS	159				hypothetical protein
NHKJIMIN_00761	gene	441	pglF_1			
NHKJIMIN_00761	CDS	441	pglF_1	4.2.1.135	COG1086	UDP-N-acetyl-alpha-D-glucosamine C6 dehydratase
NHKJIMIN_00762	gene	333				
NHKJIMIN_00762	CDS	333				hypothetical protein
NHKJIMIN_00763	gene	339				
NHKJIMIN_00763	CDS	339				hypothetical protein
NHKJIMIN_00764	gene	74				
NHKJIMIN_00764	tRNA	74				tRNA-Thr(cgt)
NHKJIMIN_00765	gene	261				
NHKJIMIN_00765	CDS	261				hypothetical protein
NHKJIMIN_00766	gene	342	mltG_1			
NHKJIMIN_00766	CDS	342	mltG_1	4.2.2.29		Endolytic murein transglycosylase
NHKJIMIN_00767	gene	258	mltG_2			
NHKJIMIN_00767	CDS	258	mltG_2	4.2.2.29		Endolytic murein transglycosylase
NHKJIMIN_00768	gene	282	mltG_3			
NHKJIMIN_00768	CDS	282	mltG_3	4.2.2.29	COG1559	Endolytic murein transglycosylase
NHKJIMIN_00769	gene	144	mltG_4			
NHKJIMIN_00769	CDS	144	mltG_4	4.2.2.29		Endolytic murein transglycosylase
NHKJIMIN_00770	gene	267				
NHKJIMIN_00770	CDS	267				hypothetical protein
NHKJIMIN_00771	gene	255				
NHKJIMIN_00771	CDS	255				hypothetical protein
NHKJIMIN_00772	gene	132				
NHKJIMIN_00772	CDS	132				hypothetical protein
NHKJIMIN_00773	gene	255				
NHKJIMIN_00773	CDS	255				hypothetical protein
NHKJIMIN_00774	gene	99				
NHKJIMIN_00774	CDS	99				hypothetical protein
NHKJIMIN_00775	gene	300				
NHKJIMIN_00775	CDS	300				hypothetical protein
NHKJIMIN_00776	gene	375				
NHKJIMIN_00776	CDS	375				hypothetical protein
NHKJIMIN_00777	gene	180				
NHKJIMIN_00777	CDS	180				hypothetical protein
NHKJIMIN_00778	gene	489	paaK			
NHKJIMIN_00778	CDS	489	paaK	6.2.1.30		Phenylacetate-coenzyme A ligase
NHKJIMIN_00779	gene	627				
NHKJIMIN_00779	CDS	627		6.2.1.30	COG1541	Phenylacetate-coenzyme A ligase
NHKJIMIN_00780	gene	111	xpt_1			
NHKJIMIN_00780	CDS	111	xpt_1	2.4.2.22		Xanthine phosphoribosyltransferase
NHKJIMIN_00781	gene	300	xpt_2			
NHKJIMIN_00781	CDS	300	xpt_2	2.4.2.22		Xanthine phosphoribosyltransferase
NHKJIMIN_00782	gene	252				
NHKJIMIN_00782	CDS	252				hypothetical protein
NHKJIMIN_00783	gene	363				
NHKJIMIN_00783	CDS	363				hypothetical protein
NHKJIMIN_00784	gene	276	rplT			
NHKJIMIN_00784	CDS	276	rplT			Large ribosomal subunit protein bL20
NHKJIMIN_00785	gene	276	infC_1			
NHKJIMIN_00785	CDS	276	infC_1			Translation initiation factor IF-3
NHKJIMIN_00786	gene	219	infC_2			
NHKJIMIN_00786	CDS	219	infC_2			Translation initiation factor IF-3
NHKJIMIN_00787	gene	159				
NHKJIMIN_00787	CDS	159				hypothetical protein
NHKJIMIN_00788	gene	114				
NHKJIMIN_00788	CDS	114				hypothetical protein
NHKJIMIN_00789	gene	462	thrS_1			
NHKJIMIN_00789	CDS	462	thrS_1	6.1.1.3	COG0441	Threonine--tRNA ligase
NHKJIMIN_00790	gene	588	thrS_2			
NHKJIMIN_00790	CDS	588	thrS_2	6.1.1.3	COG0441	Threonine--tRNA ligase
NHKJIMIN_00791	gene	318	thrS_3			
NHKJIMIN_00791	CDS	318	thrS_3	6.1.1.3		Threonine--tRNA ligase
NHKJIMIN_00792	gene	267	thrS_4			
NHKJIMIN_00792	CDS	267	thrS_4	6.1.1.3	COG0441	Threonine--tRNA ligase 1
NHKJIMIN_00793	gene	210				
NHKJIMIN_00793	CDS	210				hypothetical protein
NHKJIMIN_00794	gene	642				
NHKJIMIN_00794	CDS	642				hypothetical protein
NHKJIMIN_00795	gene	873				
NHKJIMIN_00795	CDS	873				hypothetical protein
NHKJIMIN_00796	gene	240				
NHKJIMIN_00796	CDS	240				hypothetical protein
NHKJIMIN_00797	gene	264				
NHKJIMIN_00797	CDS	264				hypothetical protein
NHKJIMIN_00798	gene	618				
NHKJIMIN_00798	CDS	618				hypothetical protein
NHKJIMIN_00799	gene	189				
NHKJIMIN_00799	CDS	189				hypothetical protein
NHKJIMIN_00800	gene	183				
NHKJIMIN_00800	CDS	183				hypothetical protein
NHKJIMIN_00801	gene	555	def			
NHKJIMIN_00801	CDS	555	def	3.5.1.88	COG0242	Peptide deformylase
NHKJIMIN_00802	gene	237	yqgF			
NHKJIMIN_00802	CDS	237	yqgF	3.1.-.-		Putative pre-16S rRNA nuclease
NHKJIMIN_00803	gene	672				
NHKJIMIN_00803	CDS	672			COG2885	Outer membrane protein 40
NHKJIMIN_00804	gene	480				
NHKJIMIN_00804	CDS	480				hypothetical protein
NHKJIMIN_00805	gene	168				
NHKJIMIN_00805	CDS	168				hypothetical protein
NHKJIMIN_00806	gene	258				
NHKJIMIN_00806	CDS	258				hypothetical protein
NHKJIMIN_00807	gene	264				
NHKJIMIN_00807	CDS	264				hypothetical protein
NHKJIMIN_00808	gene	306				
NHKJIMIN_00808	CDS	306				hypothetical protein
NHKJIMIN_00809	gene	465				
NHKJIMIN_00809	CDS	465				hypothetical protein
NHKJIMIN_00810	gene	465				
NHKJIMIN_00810	CDS	465				hypothetical protein
NHKJIMIN_00811	gene	309				
NHKJIMIN_00811	CDS	309				hypothetical protein
NHKJIMIN_00812	gene	162				
NHKJIMIN_00812	CDS	162				hypothetical protein
NHKJIMIN_00813	gene	174				
NHKJIMIN_00813	CDS	174				hypothetical protein
NHKJIMIN_00814	gene	141	xerC_2			
NHKJIMIN_00814	CDS	141	xerC_2			Tyrosine recombinase XerC
NHKJIMIN_00815	gene	219				
NHKJIMIN_00815	CDS	219				hypothetical protein
NHKJIMIN_00816	gene	294				
NHKJIMIN_00816	CDS	294				hypothetical protein
NHKJIMIN_00817	gene	201				
NHKJIMIN_00817	CDS	201				hypothetical protein
NHKJIMIN_00818	gene	480				
NHKJIMIN_00818	CDS	480				hypothetical protein
NHKJIMIN_00819	gene	579				
NHKJIMIN_00819	CDS	579				hypothetical protein
NHKJIMIN_00820	gene	261				
NHKJIMIN_00820	CDS	261				hypothetical protein
NHKJIMIN_00821	gene	174				
NHKJIMIN_00821	CDS	174				hypothetical protein
NHKJIMIN_00822	gene	270				
NHKJIMIN_00822	CDS	270				hypothetical protein
NHKJIMIN_00823	gene	150				
NHKJIMIN_00823	CDS	150				hypothetical protein
NHKJIMIN_00824	gene	333				
NHKJIMIN_00824	CDS	333				hypothetical protein
NHKJIMIN_00825	gene	498				
NHKJIMIN_00825	CDS	498				hypothetical protein
NHKJIMIN_00826	gene	819				
NHKJIMIN_00826	CDS	819				hypothetical protein
NHKJIMIN_00827	gene	1122				
NHKJIMIN_00827	CDS	1122			COG2885	Outer membrane protein 40
NHKJIMIN_00828	gene	126				
NHKJIMIN_00828	CDS	126				hypothetical protein
NHKJIMIN_00829	gene	264				
NHKJIMIN_00829	CDS	264				hypothetical protein
NHKJIMIN_00830	gene	369				
NHKJIMIN_00830	CDS	369				hypothetical protein
NHKJIMIN_00831	gene	222				
NHKJIMIN_00831	CDS	222				hypothetical protein
NHKJIMIN_00832	gene	117				
NHKJIMIN_00832	CDS	117				hypothetical protein
NHKJIMIN_00833	gene	138				
NHKJIMIN_00833	CDS	138				hypothetical protein
NHKJIMIN_00834	gene	294				
NHKJIMIN_00834	CDS	294				hypothetical protein
NHKJIMIN_00835	gene	159				
NHKJIMIN_00835	CDS	159				hypothetical protein
NHKJIMIN_00836	gene	285				
NHKJIMIN_00836	CDS	285				hypothetical protein
NHKJIMIN_00837	gene	108				
NHKJIMIN_00837	CDS	108				hypothetical protein
NHKJIMIN_00838	gene	822	cysNC			
NHKJIMIN_00838	CDS	822	cysNC		COG0529	Bifunctional enzyme CysN/CysC
NHKJIMIN_00839	gene	570	cysN			
NHKJIMIN_00839	CDS	570	cysN	2.7.7.4	COG2895	Sulfate adenylyltransferase subunit 1
NHKJIMIN_00840	gene	363	cysD_1			
NHKJIMIN_00840	CDS	363	cysD_1	2.7.7.4	COG0175	Sulfate adenylyltransferase subunit 2
NHKJIMIN_00841	gene	282	cysD_2			
NHKJIMIN_00841	CDS	282	cysD_2	2.7.7.4		Sulfate adenylyltransferase subunit 2
NHKJIMIN_00842	gene	264	cysD_3			
NHKJIMIN_00842	CDS	264	cysD_3	2.7.7.4	COG0175	Sulfate adenylyltransferase subunit 2
NHKJIMIN_00843	gene	237	cysC_1			
NHKJIMIN_00843	CDS	237	cysC_1	2.7.1.25	COG0529	putative adenylyl-sulfate kinase
NHKJIMIN_00844	gene	273	cysC_2			
NHKJIMIN_00844	CDS	273	cysC_2	2.7.1.25		Adenylyl-sulfate kinase
NHKJIMIN_00845	gene	978				
NHKJIMIN_00845	CDS	978				hypothetical protein
NHKJIMIN_00846	gene	225				
NHKJIMIN_00846	CDS	225				hypothetical protein
NHKJIMIN_00847	gene	411				
NHKJIMIN_00847	CDS	411				hypothetical protein
NHKJIMIN_00848	gene	357	cysQ_1			
NHKJIMIN_00848	CDS	357	cysQ_1	3.1.3.7		3'(2'),5'-bisphosphate nucleotidase CysQ
NHKJIMIN_00849	gene	369	cysQ_2			
NHKJIMIN_00849	CDS	369	cysQ_2	3.1.3.7		3'(2'),5'-bisphosphate nucleotidase CysQ
NHKJIMIN_00850	gene	456				
NHKJIMIN_00850	CDS	456		3.2.1.31	COG3250	Beta-glucuronidase
NHKJIMIN_00851	gene	1362	lacZ_2			
NHKJIMIN_00851	CDS	1362	lacZ_2	3.2.1.23		Beta-galactosidase
NHKJIMIN_00852	gene	702				
NHKJIMIN_00852	CDS	702				hypothetical protein
NHKJIMIN_00853	gene	180				
NHKJIMIN_00853	CDS	180				hypothetical protein
NHKJIMIN_00854	gene	195				
NHKJIMIN_00854	CDS	195				hypothetical protein
NHKJIMIN_00855	gene	489	ydfG			
NHKJIMIN_00855	CDS	489	ydfG	1.1.1.381	COG4221	NADP-dependent 3-hydroxy acid dehydrogenase YdfG
NHKJIMIN_00856	gene	303	rhlE_1			
NHKJIMIN_00856	CDS	303	rhlE_1	3.6.4.13	COG0513	ATP-dependent RNA helicase RhlE
NHKJIMIN_00857	gene	330	rhlE_2			
NHKJIMIN_00857	CDS	330	rhlE_2	3.6.4.13		ATP-dependent RNA helicase RhlE
NHKJIMIN_00858	gene	357	rhlE_3			
NHKJIMIN_00858	CDS	357	rhlE_3	3.6.4.13	COG0513	ATP-dependent RNA helicase RhlE
NHKJIMIN_00859	gene	186				
NHKJIMIN_00859	CDS	186				hypothetical protein
NHKJIMIN_00860	gene	150				
NHKJIMIN_00860	CDS	150				hypothetical protein
NHKJIMIN_00861	gene	360				
NHKJIMIN_00861	CDS	360				hypothetical protein
NHKJIMIN_00862	gene	147				
NHKJIMIN_00862	CDS	147				hypothetical protein
NHKJIMIN_00863	gene	339				
NHKJIMIN_00863	CDS	339				hypothetical protein
NHKJIMIN_00864	gene	177				
NHKJIMIN_00864	CDS	177				hypothetical protein
NHKJIMIN_00865	gene	126				
NHKJIMIN_00865	CDS	126				hypothetical protein
NHKJIMIN_00866	gene	141				
NHKJIMIN_00866	CDS	141				hypothetical protein
NHKJIMIN_00867	gene	657	mro_1			
NHKJIMIN_00867	CDS	657	mro_1	5.1.3.3		Aldose 1-epimerase
NHKJIMIN_00868	gene	300	mro_2			
NHKJIMIN_00868	CDS	300	mro_2	5.1.3.3		Aldose 1-epimerase
NHKJIMIN_00869	gene	111				
NHKJIMIN_00869	CDS	111				hypothetical protein
NHKJIMIN_00870	gene	147				
NHKJIMIN_00870	CDS	147				hypothetical protein
NHKJIMIN_00871	gene	327				
NHKJIMIN_00871	CDS	327				hypothetical protein
NHKJIMIN_00872	gene	525				
NHKJIMIN_00872	CDS	525				hypothetical protein
NHKJIMIN_00873	gene	153	galK_1			
NHKJIMIN_00873	CDS	153	galK_1	2.7.1.6		Galactokinase
NHKJIMIN_00874	gene	267				
NHKJIMIN_00874	CDS	267				hypothetical protein
NHKJIMIN_00875	gene	375	galK_2			
NHKJIMIN_00875	CDS	375	galK_2	2.7.1.6	COG0153	Galactokinase
NHKJIMIN_00876	gene	336	galK_3			
NHKJIMIN_00876	CDS	336	galK_3	2.7.1.6		Galactokinase
NHKJIMIN_00877	gene	912	tktA			
NHKJIMIN_00877	CDS	912	tktA	2.2.1.1	COG0021	Transketolase
NHKJIMIN_00878	gene	360				
NHKJIMIN_00878	CDS	360				hypothetical protein
NHKJIMIN_00879	gene	291				
NHKJIMIN_00879	CDS	291				hypothetical protein
NHKJIMIN_00880	gene	525	tkt			
NHKJIMIN_00880	CDS	525	tkt	2.2.1.1		Transketolase
NHKJIMIN_00881	gene	210	rpiB			
NHKJIMIN_00881	CDS	210	rpiB	5.3.1.6	COG0698	putative ribose-5-phosphate isomerase B
NHKJIMIN_00882	gene	294				
NHKJIMIN_00882	CDS	294				hypothetical protein
NHKJIMIN_00883	gene	258				
NHKJIMIN_00883	CDS	258				hypothetical protein
NHKJIMIN_00884	gene	165				
NHKJIMIN_00884	CDS	165				hypothetical protein
NHKJIMIN_00885	gene	726				
NHKJIMIN_00885	CDS	726				hypothetical protein
NHKJIMIN_00886	gene	405				
NHKJIMIN_00886	CDS	405				hypothetical protein
NHKJIMIN_00887	gene	183				
NHKJIMIN_00887	CDS	183				hypothetical protein
NHKJIMIN_00888	gene	369				
NHKJIMIN_00888	CDS	369				hypothetical protein
NHKJIMIN_00889	gene	201				
NHKJIMIN_00889	CDS	201				hypothetical protein
NHKJIMIN_00890	gene	141				
NHKJIMIN_00890	CDS	141				hypothetical protein
NHKJIMIN_00891	gene	903				
NHKJIMIN_00891	CDS	903				hypothetical protein
NHKJIMIN_00892	gene	408				
NHKJIMIN_00892	CDS	408				hypothetical protein
NHKJIMIN_00893	gene	318				
NHKJIMIN_00893	CDS	318				hypothetical protein
NHKJIMIN_00894	gene	219				
NHKJIMIN_00894	CDS	219				hypothetical protein
NHKJIMIN_00895	gene	783				
NHKJIMIN_00895	CDS	783				hypothetical protein
NHKJIMIN_00896	gene	216				
NHKJIMIN_00896	CDS	216				hypothetical protein
NHKJIMIN_00897	gene	210				
NHKJIMIN_00897	CDS	210				hypothetical protein
NHKJIMIN_00898	gene	237				
NHKJIMIN_00898	CDS	237				hypothetical protein
NHKJIMIN_00899	gene	663				
NHKJIMIN_00899	CDS	663		1.-.-.-	COG0673	Oxidoreductase P35
NHKJIMIN_00900	gene	324				
NHKJIMIN_00900	CDS	324		1.-.-.-	COG0673	Oxidoreductase P35
NHKJIMIN_00901	gene	525				
NHKJIMIN_00901	CDS	525				hypothetical protein
NHKJIMIN_00902	gene	426				
NHKJIMIN_00902	CDS	426				hypothetical protein
NHKJIMIN_00903	gene	171				
NHKJIMIN_00903	CDS	171				hypothetical protein
NHKJIMIN_00904	gene	264				
NHKJIMIN_00904	CDS	264				hypothetical protein
NHKJIMIN_00905	gene	168				
NHKJIMIN_00905	CDS	168				hypothetical protein
NHKJIMIN_00906	gene	303				
NHKJIMIN_00906	CDS	303				hypothetical protein
NHKJIMIN_00907	gene	408				
NHKJIMIN_00907	CDS	408				hypothetical protein
NHKJIMIN_00908	gene	219	guaD			
NHKJIMIN_00908	CDS	219	guaD	3.5.4.3	COG0590	Guanine deaminase
NHKJIMIN_00909	gene	159				
NHKJIMIN_00909	CDS	159				hypothetical protein
NHKJIMIN_00910	gene	351				
NHKJIMIN_00910	CDS	351				hypothetical protein
NHKJIMIN_00911	gene	744				
NHKJIMIN_00911	CDS	744				hypothetical protein
NHKJIMIN_00912	gene	204				
NHKJIMIN_00912	CDS	204				hypothetical protein
NHKJIMIN_00913	gene	252				
NHKJIMIN_00913	CDS	252				hypothetical protein
NHKJIMIN_00914	gene	1149				
NHKJIMIN_00914	CDS	1149				hypothetical protein
NHKJIMIN_00915	gene	174				
NHKJIMIN_00915	CDS	174				hypothetical protein
NHKJIMIN_00916	gene	678	prmA			
NHKJIMIN_00916	CDS	678	prmA	2.1.1.-		Ribosomal protein L11 methyltransferase
NHKJIMIN_00917	gene	153				
NHKJIMIN_00917	CDS	153				hypothetical protein
NHKJIMIN_00918	gene	405	isiB			
NHKJIMIN_00918	CDS	405	isiB		COG0716	Flavodoxin
NHKJIMIN_00919	gene	231				
NHKJIMIN_00919	CDS	231				hypothetical protein
NHKJIMIN_00920	gene	438	bfmBAB			
NHKJIMIN_00920	CDS	438	bfmBAB	1.2.4.4	COG0022	2-oxoisovalerate dehydrogenase subunit beta
NHKJIMIN_00921	gene	390				
NHKJIMIN_00921	CDS	390				hypothetical protein
NHKJIMIN_00922	gene	264				
NHKJIMIN_00922	CDS	264				hypothetical protein
NHKJIMIN_00923	gene	447				
NHKJIMIN_00923	CDS	447				hypothetical protein
NHKJIMIN_00924	gene	144				
NHKJIMIN_00924	CDS	144				hypothetical protein
NHKJIMIN_00925	gene	141	pdhC			
NHKJIMIN_00925	CDS	141	pdhC	2.3.1.12		Dihydrolipoyllysine-residue acetyltransferase component of pyruvate dehydrogenase complex
NHKJIMIN_00926	gene	567				
NHKJIMIN_00926	CDS	567				hypothetical protein
NHKJIMIN_00927	gene	237				
NHKJIMIN_00927	CDS	237				hypothetical protein
NHKJIMIN_00928	gene	138				
NHKJIMIN_00928	CDS	138				hypothetical protein
NHKJIMIN_00929	gene	132				
NHKJIMIN_00929	CDS	132				hypothetical protein
NHKJIMIN_00930	gene	234				
NHKJIMIN_00930	CDS	234				hypothetical protein
NHKJIMIN_00931	gene	252				
NHKJIMIN_00931	CDS	252				hypothetical protein
NHKJIMIN_00932	gene	183				
NHKJIMIN_00932	CDS	183				hypothetical protein
NHKJIMIN_00933	gene	417				
NHKJIMIN_00933	CDS	417				hypothetical protein
NHKJIMIN_00934	gene	1080	rcsC_1			
NHKJIMIN_00934	CDS	1080	rcsC_1	2.7.13.3		Sensor histidine kinase RcsC
NHKJIMIN_00935	gene	207	divK			
NHKJIMIN_00935	CDS	207	divK			Polar-differentiation response regulator DivK
NHKJIMIN_00936	gene	426	lplJ			
NHKJIMIN_00936	CDS	426	lplJ	6.3.1.20	COG0095	Lipoate-protein ligase LplJ
NHKJIMIN_00937	gene	237	lpdG			
NHKJIMIN_00937	CDS	237	lpdG	1.8.1.4	COG1249	Dihydrolipoyl dehydrogenase
NHKJIMIN_00938	gene	600	lpd3_1			
NHKJIMIN_00938	CDS	600	lpd3_1	1.8.1.4	COG1249	Dihydrolipoyl dehydrogenase 3
NHKJIMIN_00939	gene	606	lpd			
NHKJIMIN_00939	CDS	606	lpd	1.8.1.4	COG1249	Dihydrolipoyl dehydrogenase
NHKJIMIN_00940	gene	444				
NHKJIMIN_00940	CDS	444				hypothetical protein
NHKJIMIN_00941	gene	396				
NHKJIMIN_00941	CDS	396				hypothetical protein
NHKJIMIN_00942	gene	318				
NHKJIMIN_00942	CDS	318				hypothetical protein
NHKJIMIN_00943	gene	174				
NHKJIMIN_00943	CDS	174				hypothetical protein
NHKJIMIN_00944	gene	114				
NHKJIMIN_00944	CDS	114				hypothetical protein
NHKJIMIN_00945	gene	213				
NHKJIMIN_00945	CDS	213				hypothetical protein
NHKJIMIN_00946	gene	243				
NHKJIMIN_00946	CDS	243				hypothetical protein
NHKJIMIN_00947	gene	1314				
NHKJIMIN_00947	CDS	1314				hypothetical protein
NHKJIMIN_00948	gene	129				
NHKJIMIN_00948	CDS	129				hypothetical protein
NHKJIMIN_00949	gene	186				
NHKJIMIN_00949	CDS	186				hypothetical protein
NHKJIMIN_00950	gene	780	dadD			
NHKJIMIN_00950	CDS	780	dadD	3.5.4.31		5'-deoxyadenosine deaminase
NHKJIMIN_00951	gene	216				
NHKJIMIN_00951	CDS	216				hypothetical protein
NHKJIMIN_00952	gene	222				
NHKJIMIN_00952	CDS	222				hypothetical protein
NHKJIMIN_00953	gene	417	arsM			
NHKJIMIN_00953	CDS	417	arsM	2.1.1.137	COG2226	Arsenite methyltransferase
NHKJIMIN_00954	gene	117				
NHKJIMIN_00954	CDS	117				hypothetical protein
NHKJIMIN_00955	gene	177				
NHKJIMIN_00955	CDS	177				hypothetical protein
NHKJIMIN_00956	gene	273				
NHKJIMIN_00956	CDS	273				hypothetical protein
NHKJIMIN_00957	gene	138				
NHKJIMIN_00957	CDS	138				hypothetical protein
NHKJIMIN_00958	gene	165				
NHKJIMIN_00958	CDS	165				hypothetical protein
NHKJIMIN_00959	gene	264				
NHKJIMIN_00959	CDS	264				hypothetical protein
NHKJIMIN_00960	gene	300				
NHKJIMIN_00960	CDS	300				hypothetical protein
NHKJIMIN_00961	gene	198				
NHKJIMIN_00961	CDS	198				hypothetical protein
NHKJIMIN_00962	gene	624	cfiB_1			
NHKJIMIN_00962	CDS	624	cfiB_1	6.4.1.7	COG0439	2-oxoglutarate carboxylase small subunit
NHKJIMIN_00963	gene	369				
NHKJIMIN_00963	CDS	369				hypothetical protein
NHKJIMIN_00964	gene	879	pccB_1			
NHKJIMIN_00964	CDS	879	pccB_1	6.4.1.3	COG4799	Propionyl-CoA carboxylase beta chain
NHKJIMIN_00965	gene	144				
NHKJIMIN_00965	CDS	144				hypothetical protein
NHKJIMIN_00966	gene	102				
NHKJIMIN_00966	CDS	102				hypothetical protein
NHKJIMIN_00967	gene	252				
NHKJIMIN_00967	CDS	252				hypothetical protein
NHKJIMIN_00968	gene	255				
NHKJIMIN_00968	CDS	255				hypothetical protein
NHKJIMIN_00969	gene	552				
NHKJIMIN_00969	CDS	552				hypothetical protein
NHKJIMIN_00970	gene	837				
NHKJIMIN_00970	CDS	837				hypothetical protein
NHKJIMIN_00971	gene	192				
NHKJIMIN_00971	CDS	192				hypothetical protein
NHKJIMIN_00972	gene	411				
NHKJIMIN_00972	CDS	411				hypothetical protein
NHKJIMIN_00973	gene	150				
NHKJIMIN_00973	CDS	150				hypothetical protein
NHKJIMIN_00974	gene	252				
NHKJIMIN_00974	CDS	252				hypothetical protein
NHKJIMIN_00975	gene	897				
NHKJIMIN_00975	CDS	897				hypothetical protein
NHKJIMIN_00976	gene	222				
NHKJIMIN_00976	CDS	222				hypothetical protein
NHKJIMIN_00977	gene	117				
NHKJIMIN_00977	CDS	117				hypothetical protein
NHKJIMIN_00978	gene	444	glcA_1			
NHKJIMIN_00978	CDS	444	glcA_1		COG1620	Glycolate permease GlcA
NHKJIMIN_00979	gene	198				
NHKJIMIN_00979	CDS	198				hypothetical protein
NHKJIMIN_00980	gene	243				
NHKJIMIN_00980	CDS	243				hypothetical protein
NHKJIMIN_00981	gene	465	glcA_2			
NHKJIMIN_00981	CDS	465	glcA_2		COG1620	Glycolate permease GlcA
NHKJIMIN_00982	gene	591				
NHKJIMIN_00982	CDS	591				hypothetical protein
NHKJIMIN_00983	gene	834				
NHKJIMIN_00983	CDS	834				hypothetical protein
NHKJIMIN_00984	gene	210				
NHKJIMIN_00984	CDS	210			COG4771	TonB-dependent receptor P3
NHKJIMIN_00985	gene	345				
NHKJIMIN_00985	CDS	345				hypothetical protein
NHKJIMIN_00986	gene	420				
NHKJIMIN_00986	CDS	420				hypothetical protein
NHKJIMIN_00987	gene	156				
NHKJIMIN_00987	CDS	156				hypothetical protein
NHKJIMIN_00988	gene	525				
NHKJIMIN_00988	CDS	525				hypothetical protein
NHKJIMIN_00989	gene	552	susC_9			
NHKJIMIN_00989	CDS	552	susC_9		COG1629	TonB-dependent receptor SusC
NHKJIMIN_00990	gene	399				
NHKJIMIN_00990	CDS	399			COG4771	TonB-dependent receptor P3
NHKJIMIN_00991	gene	360				
NHKJIMIN_00991	CDS	360				hypothetical protein
NHKJIMIN_00992	gene	342	bioB			
NHKJIMIN_00992	CDS	342	bioB	2.8.1.6		Biotin synthase
NHKJIMIN_00993	gene	1323	bioA_1			
NHKJIMIN_00993	CDS	1323	bioA_1	2.6.1.62		Adenosylmethionine-8-amino-7-oxononanoate aminotransferase
NHKJIMIN_00994	gene	285	bioA_2			
NHKJIMIN_00994	CDS	285	bioA_2	2.6.1.62		Adenosylmethionine-8-amino-7-oxononanoate aminotransferase
NHKJIMIN_00995	gene	243	bioA_3			
NHKJIMIN_00995	CDS	243	bioA_3	2.6.1.62		Adenosylmethionine-8-amino-7-oxononanoate aminotransferase
NHKJIMIN_00996	gene	1173	bioF_1			
NHKJIMIN_00996	CDS	1173	bioF_1	2.3.1.47		8-amino-7-oxononanoate synthase
NHKJIMIN_00997	gene	150				
NHKJIMIN_00997	CDS	150				hypothetical protein
NHKJIMIN_00998	gene	264				
NHKJIMIN_00998	CDS	264			COG2830	putative protein
NHKJIMIN_00999	gene	342				
NHKJIMIN_00999	CDS	342				hypothetical protein
NHKJIMIN_01000	gene	660	bioC_1			
NHKJIMIN_01000	CDS	660	bioC_1	2.1.1.197		Malonyl-[acyl-carrier protein] O-methyltransferase
NHKJIMIN_01001	gene	606	bioD			
NHKJIMIN_01001	CDS	606	bioD	6.3.3.3		ATP-dependent dethiobiotin synthetase BioD
NHKJIMIN_01002	gene	213				
NHKJIMIN_01002	CDS	213				hypothetical protein
NHKJIMIN_01003	gene	252	ndh			
NHKJIMIN_01003	CDS	252	ndh	1.6.5.9	COG1252	Type II NADH:quinone oxidoreductase Ndh
NHKJIMIN_01004	gene	498				
NHKJIMIN_01004	CDS	498				hypothetical protein
NHKJIMIN_01005	gene	252				
NHKJIMIN_01005	CDS	252				hypothetical protein
NHKJIMIN_01006	gene	831	macB_4			
NHKJIMIN_01006	CDS	831	macB_4	7.6.2.-	COG0577	Macrolide export ATP-binding/permease protein MacB
NHKJIMIN_01007	gene	306				
NHKJIMIN_01007	CDS	306				hypothetical protein
NHKJIMIN_01008	gene	345				
NHKJIMIN_01008	CDS	345				hypothetical protein
NHKJIMIN_01009	gene	975				
NHKJIMIN_01009	CDS	975				hypothetical protein
NHKJIMIN_01010	gene	717	macB_5			
NHKJIMIN_01010	CDS	717	macB_5	7.6.2.-	COG0577	Macrolide export ATP-binding/permease protein MacB
NHKJIMIN_01011	gene	426				
NHKJIMIN_01011	CDS	426				hypothetical protein
NHKJIMIN_01012	gene	477				
NHKJIMIN_01012	CDS	477				hypothetical protein
NHKJIMIN_01013	gene	237				
NHKJIMIN_01013	CDS	237				hypothetical protein
NHKJIMIN_01014	gene	240				
NHKJIMIN_01014	CDS	240				hypothetical protein
NHKJIMIN_01015	gene	198				
NHKJIMIN_01015	CDS	198				hypothetical protein
NHKJIMIN_01016	gene	309				
NHKJIMIN_01016	CDS	309				hypothetical protein
NHKJIMIN_01017	gene	399				
NHKJIMIN_01017	CDS	399				hypothetical protein
NHKJIMIN_01018	gene	822				
NHKJIMIN_01018	CDS	822				hypothetical protein
NHKJIMIN_01019	gene	147				
NHKJIMIN_01019	CDS	147				hypothetical protein
NHKJIMIN_01020	gene	1167				
NHKJIMIN_01020	CDS	1167				hypothetical protein
NHKJIMIN_01021	gene	201				
NHKJIMIN_01021	CDS	201				hypothetical protein
NHKJIMIN_01022	gene	339				
NHKJIMIN_01022	CDS	339				hypothetical protein
NHKJIMIN_01023	gene	525	hyfR			
NHKJIMIN_01023	CDS	525	hyfR		COG3604	DNA-binding transcriptional activator HyfR
NHKJIMIN_01024	gene	444	zraR_1			
NHKJIMIN_01024	CDS	444	zraR_1			Transcriptional regulatory protein ZraR
NHKJIMIN_01025	gene	639				
NHKJIMIN_01025	CDS	639				hypothetical protein
NHKJIMIN_01026	gene	420	fixL			
NHKJIMIN_01026	CDS	420	fixL	2.7.13.3		Sensor protein FixL
NHKJIMIN_01027	gene	987				
NHKJIMIN_01027	CDS	987				hypothetical protein
NHKJIMIN_01028	gene	174				
NHKJIMIN_01028	CDS	174				hypothetical protein
NHKJIMIN_01029	gene	174				
NHKJIMIN_01029	CDS	174				hypothetical protein
NHKJIMIN_01030	gene	420				
NHKJIMIN_01030	CDS	420				hypothetical protein
NHKJIMIN_01031	gene	285				
NHKJIMIN_01031	CDS	285				hypothetical protein
NHKJIMIN_01032	gene	414				
NHKJIMIN_01032	CDS	414				hypothetical protein
NHKJIMIN_01033	gene	501				
NHKJIMIN_01033	CDS	501				hypothetical protein
NHKJIMIN_01034	gene	651	aatB			
NHKJIMIN_01034	CDS	651	aatB	2.6.1.1	COG0436	Aspartate aminotransferase
NHKJIMIN_01035	gene	282	dapX			
NHKJIMIN_01035	CDS	282	dapX	2.6.1.-	COG0436	putative N-acetyl-LL-diaminopimelate aminotransferase
NHKJIMIN_01036	gene	306				
NHKJIMIN_01036	CDS	306				hypothetical protein
NHKJIMIN_01037	gene	504				
NHKJIMIN_01037	CDS	504				hypothetical protein
NHKJIMIN_01038	gene	378				
NHKJIMIN_01038	CDS	378				hypothetical protein
NHKJIMIN_01039	gene	213				
NHKJIMIN_01039	CDS	213				hypothetical protein
NHKJIMIN_01040	gene	324				
NHKJIMIN_01040	CDS	324				hypothetical protein
NHKJIMIN_01041	gene	912				
NHKJIMIN_01041	CDS	912				hypothetical protein
NHKJIMIN_01042	gene	231				
NHKJIMIN_01042	CDS	231		3.2.1.103		Keratan-sulfate endo-1,4-beta-galactosidase
NHKJIMIN_01043	gene	228				
NHKJIMIN_01043	CDS	228				hypothetical protein
NHKJIMIN_01044	gene	834				
NHKJIMIN_01044	CDS	834				hypothetical protein
NHKJIMIN_01045	gene	1422	ettA_1			
NHKJIMIN_01045	CDS	1422	ettA_1	3.6.1.-	COG0488	Energy-dependent translational throttle protein EttA
NHKJIMIN_01046	gene	300				
NHKJIMIN_01046	CDS	300				hypothetical protein
NHKJIMIN_01047	gene	129				
NHKJIMIN_01047	CDS	129				hypothetical protein
NHKJIMIN_01048	gene	162				
NHKJIMIN_01048	CDS	162				hypothetical protein
NHKJIMIN_01049	gene	657				
NHKJIMIN_01049	CDS	657				hypothetical protein
NHKJIMIN_01050	gene	363				
NHKJIMIN_01050	CDS	363				hypothetical protein
NHKJIMIN_01051	gene	516				
NHKJIMIN_01051	CDS	516				hypothetical protein
NHKJIMIN_01052	gene	429				
NHKJIMIN_01052	CDS	429				hypothetical protein
NHKJIMIN_01053	gene	276				
NHKJIMIN_01053	CDS	276				hypothetical protein
NHKJIMIN_01054	gene	876				
NHKJIMIN_01054	CDS	876				hypothetical protein
NHKJIMIN_01055	gene	252				
NHKJIMIN_01055	CDS	252				hypothetical protein
NHKJIMIN_01056	gene	330				
NHKJIMIN_01056	CDS	330				hypothetical protein
NHKJIMIN_01057	gene	174				
NHKJIMIN_01057	CDS	174				hypothetical protein
NHKJIMIN_01058	gene	222				
NHKJIMIN_01058	CDS	222				hypothetical protein
NHKJIMIN_01059	gene	441				
NHKJIMIN_01059	CDS	441				hypothetical protein
NHKJIMIN_01060	gene	885	senX3			
NHKJIMIN_01060	CDS	885	senX3	2.7.13.3	COG5002	Sensor-like histidine kinase SenX3
NHKJIMIN_01061	gene	342				
NHKJIMIN_01061	CDS	342				hypothetical protein
NHKJIMIN_01062	gene	249				
NHKJIMIN_01062	CDS	249				hypothetical protein
NHKJIMIN_01063	gene	825				
NHKJIMIN_01063	CDS	825				hypothetical protein
NHKJIMIN_01064	gene	444				
NHKJIMIN_01064	CDS	444				hypothetical protein
NHKJIMIN_01065	gene	279				
NHKJIMIN_01065	CDS	279				hypothetical protein
NHKJIMIN_01066	gene	159				
NHKJIMIN_01066	CDS	159				hypothetical protein
NHKJIMIN_01067	gene	492	btuB_2			
NHKJIMIN_01067	CDS	492	btuB_2			Vitamin B12 transporter BtuB
NHKJIMIN_01068	gene	414				
NHKJIMIN_01068	CDS	414				hypothetical protein
NHKJIMIN_01069	gene	1134	btuB_3			
NHKJIMIN_01069	CDS	1134	btuB_3			Vitamin B12 transporter BtuB
NHKJIMIN_01070	gene	300				
NHKJIMIN_01070	CDS	300				hypothetical protein
NHKJIMIN_01071	gene	810				
NHKJIMIN_01071	CDS	810				hypothetical protein
NHKJIMIN_01072	gene	654				
NHKJIMIN_01072	CDS	654				hypothetical protein
NHKJIMIN_01073	gene	624				
NHKJIMIN_01073	CDS	624				hypothetical protein
NHKJIMIN_01074	gene	114				
NHKJIMIN_01074	CDS	114				hypothetical protein
NHKJIMIN_01075	gene	378				
NHKJIMIN_01075	CDS	378				hypothetical protein
NHKJIMIN_01076	gene	162				
NHKJIMIN_01076	CDS	162				hypothetical protein
NHKJIMIN_01077	gene	258				
NHKJIMIN_01077	CDS	258				hypothetical protein
NHKJIMIN_01078	gene	1077				
NHKJIMIN_01078	CDS	1077				hypothetical protein
NHKJIMIN_01079	gene	141				
NHKJIMIN_01079	CDS	141				hypothetical protein
NHKJIMIN_01080	gene	153				
NHKJIMIN_01080	CDS	153				hypothetical protein
NHKJIMIN_01081	gene	396				
NHKJIMIN_01081	CDS	396				hypothetical protein
NHKJIMIN_01082	gene	147				
NHKJIMIN_01082	CDS	147				hypothetical protein
NHKJIMIN_01083	gene	348				
NHKJIMIN_01083	CDS	348				hypothetical protein
NHKJIMIN_01084	gene	159				
NHKJIMIN_01084	CDS	159				hypothetical protein
NHKJIMIN_01085	gene	279				
NHKJIMIN_01085	CDS	279				hypothetical protein
NHKJIMIN_01086	gene	531				
NHKJIMIN_01086	CDS	531				hypothetical protein
NHKJIMIN_01087	gene	207				
NHKJIMIN_01087	CDS	207				hypothetical protein
NHKJIMIN_01088	gene	210				
NHKJIMIN_01088	CDS	210				hypothetical protein
NHKJIMIN_01089	gene	105				
NHKJIMIN_01089	CDS	105				hypothetical protein
NHKJIMIN_01090	gene	270				
NHKJIMIN_01090	CDS	270				hypothetical protein
NHKJIMIN_01091	gene	582				
NHKJIMIN_01091	CDS	582				hypothetical protein
NHKJIMIN_01092	gene	459				
NHKJIMIN_01092	CDS	459				hypothetical protein
NHKJIMIN_01093	gene	906				
NHKJIMIN_01093	CDS	906				hypothetical protein
NHKJIMIN_01094	gene	171				
NHKJIMIN_01094	CDS	171				hypothetical protein
NHKJIMIN_01095	gene	300				
NHKJIMIN_01095	CDS	300				hypothetical protein
NHKJIMIN_01096	gene	207				
NHKJIMIN_01096	CDS	207				hypothetical protein
NHKJIMIN_01097	gene	150				
NHKJIMIN_01097	CDS	150				hypothetical protein
NHKJIMIN_01098	gene	246				
NHKJIMIN_01098	CDS	246				hypothetical protein
NHKJIMIN_01099	gene	555				
NHKJIMIN_01099	CDS	555				hypothetical protein
NHKJIMIN_01100	gene	525				
NHKJIMIN_01100	CDS	525				Single-stranded DNA-binding protein
NHKJIMIN_01101	gene	252				
NHKJIMIN_01101	CDS	252		3.1.6.-	COG3119	N-acetylgalactosamine-6-O-sulfatase
NHKJIMIN_01102	gene	534				
NHKJIMIN_01102	CDS	534				hypothetical protein
NHKJIMIN_01103	gene	387				
NHKJIMIN_01103	CDS	387				hypothetical protein
NHKJIMIN_01104	gene	342				
NHKJIMIN_01104	CDS	342		3.1.6.-	COG3119	N-acetylgalactosamine-6-O-sulfatase
NHKJIMIN_01105	gene	306				
NHKJIMIN_01105	CDS	306				hypothetical protein
NHKJIMIN_01106	gene	246	mutY			
NHKJIMIN_01106	CDS	246	mutY	3.2.2.31	COG1194	Adenine DNA glycosylase
NHKJIMIN_01107	gene	276	hup_1			
NHKJIMIN_01107	CDS	276	hup_1			DNA-binding protein HU
NHKJIMIN_01108	gene	336	rne_1			
NHKJIMIN_01108	CDS	336	rne_1	3.1.26.12		Ribonuclease E
NHKJIMIN_01109	gene	249	rne_2			
NHKJIMIN_01109	CDS	249	rne_2	3.1.26.12		Ribonuclease E
NHKJIMIN_01110	gene	378	rne_3			
NHKJIMIN_01110	CDS	378	rne_3	3.1.26.12		Ribonuclease E
NHKJIMIN_01111	gene	180	rne_4			
NHKJIMIN_01111	CDS	180	rne_4	3.1.26.12	COG1530	Ribonuclease E
NHKJIMIN_01112	gene	123				
NHKJIMIN_01112	CDS	123				hypothetical protein
NHKJIMIN_01113	gene	420	rne_5			
NHKJIMIN_01113	CDS	420	rne_5	3.1.26.12		Ribonuclease E
NHKJIMIN_01114	gene	300				
NHKJIMIN_01114	CDS	300				hypothetical protein
NHKJIMIN_01115	gene	327				
NHKJIMIN_01115	CDS	327			COG3550	putative protein
NHKJIMIN_01116	gene	216				
NHKJIMIN_01116	CDS	216				hypothetical protein
NHKJIMIN_01117	gene	315				
NHKJIMIN_01117	CDS	315				hypothetical protein
NHKJIMIN_01118	gene	243				
NHKJIMIN_01118	CDS	243				hypothetical protein
NHKJIMIN_01119	gene	162				
NHKJIMIN_01119	CDS	162				hypothetical protein
NHKJIMIN_01120	gene	240				
NHKJIMIN_01120	CDS	240				hypothetical protein
NHKJIMIN_01121	gene	327				
NHKJIMIN_01121	CDS	327				hypothetical protein
NHKJIMIN_01122	gene	252				
NHKJIMIN_01122	CDS	252				hypothetical protein
NHKJIMIN_01123	gene	201				
NHKJIMIN_01123	CDS	201				hypothetical protein
NHKJIMIN_01124	gene	198				
NHKJIMIN_01124	CDS	198				hypothetical protein
NHKJIMIN_01125	gene	270				
NHKJIMIN_01125	CDS	270				hypothetical protein
NHKJIMIN_01126	gene	270				
NHKJIMIN_01126	CDS	270				hypothetical protein
NHKJIMIN_01127	gene	462	wclY			
NHKJIMIN_01127	CDS	462	wclY	2.4.1.-		O-antigen biosynthesis glycosyltransferase WclY
NHKJIMIN_01128	gene	288				
NHKJIMIN_01128	CDS	288				hypothetical protein
NHKJIMIN_01129	gene	138				
NHKJIMIN_01129	CDS	138				hypothetical protein
NHKJIMIN_01130	gene	561				
NHKJIMIN_01130	CDS	561				hypothetical protein
NHKJIMIN_01131	gene	168				
NHKJIMIN_01131	CDS	168				hypothetical protein
NHKJIMIN_01132	gene	336				
NHKJIMIN_01132	CDS	336				hypothetical protein
NHKJIMIN_01133	gene	129				
NHKJIMIN_01133	CDS	129				hypothetical protein
NHKJIMIN_01134	gene	168				
NHKJIMIN_01134	CDS	168				hypothetical protein
NHKJIMIN_01135	gene	282				
NHKJIMIN_01135	CDS	282				hypothetical protein
NHKJIMIN_01136	gene	201				
NHKJIMIN_01136	CDS	201				hypothetical protein
NHKJIMIN_01137	gene	261				
NHKJIMIN_01137	CDS	261				hypothetical protein
NHKJIMIN_01138	gene	114				
NHKJIMIN_01138	CDS	114				hypothetical protein
NHKJIMIN_01139	gene	225				
NHKJIMIN_01139	CDS	225				hypothetical protein
NHKJIMIN_01140	gene	426				
NHKJIMIN_01140	CDS	426				hypothetical protein
NHKJIMIN_01141	gene	234				
NHKJIMIN_01141	CDS	234				hypothetical protein
NHKJIMIN_01142	gene	291				
NHKJIMIN_01142	CDS	291				hypothetical protein
NHKJIMIN_01143	gene	330				
NHKJIMIN_01143	CDS	330				hypothetical protein
NHKJIMIN_01144	gene	657	tuaB_1			
NHKJIMIN_01144	CDS	657	tuaB_1		COG2244	Teichuronic acid biosynthesis protein TuaB
NHKJIMIN_01145	gene	435				
NHKJIMIN_01145	CDS	435				hypothetical protein
NHKJIMIN_01146	gene	213				
NHKJIMIN_01146	CDS	213				hypothetical protein
NHKJIMIN_01147	gene	615	UXNAcS_1			
NHKJIMIN_01147	CDS	615	UXNAcS_1	4.1.1.128	COG0451	UDP-N-acetyl-alpha-D-glucosaminuronate decarboxylase
NHKJIMIN_01148	gene	195				
NHKJIMIN_01148	CDS	195				hypothetical protein
NHKJIMIN_01149	gene	108				
NHKJIMIN_01149	CDS	108				hypothetical protein
NHKJIMIN_01150	gene	273	tuaD_1			
NHKJIMIN_01150	CDS	273	tuaD_1	1.1.1.22	COG1004	UDP-glucose 6-dehydrogenase TuaD
NHKJIMIN_01151	gene	129				
NHKJIMIN_01151	CDS	129				hypothetical protein
NHKJIMIN_01152	gene	456	tuaD_2			
NHKJIMIN_01152	CDS	456	tuaD_2	1.1.1.22	COG1004	UDP-glucose 6-dehydrogenase TuaD
NHKJIMIN_01153	gene	141				
NHKJIMIN_01153	CDS	141				hypothetical protein
NHKJIMIN_01154	gene	276				
NHKJIMIN_01154	CDS	276				hypothetical protein
NHKJIMIN_01155	gene	207				
NHKJIMIN_01155	CDS	207				hypothetical protein
NHKJIMIN_01156	gene	426	rfbC_1			
NHKJIMIN_01156	CDS	426	rfbC_1	5.1.3.13	COG1898	dTDP-4-dehydrorhamnose 3,5-epimerase
NHKJIMIN_01157	gene	219	rfbA_1			
NHKJIMIN_01157	CDS	219	rfbA_1	2.7.7.24	COG1209	Glucose-1-phosphate thymidylyltransferase 1
NHKJIMIN_01158	gene	228	rmlA_3			
NHKJIMIN_01158	CDS	228	rmlA_3	2.7.7.24		Glucose-1-phosphate thymidylyltransferase
NHKJIMIN_01159	gene	456	rffH_2			
NHKJIMIN_01159	CDS	456	rffH_2	2.7.7.24	COG1209	Glucose-1-phosphate thymidylyltransferase 2
NHKJIMIN_01160	gene	489				
NHKJIMIN_01160	CDS	489				hypothetical protein
NHKJIMIN_01161	gene	210				
NHKJIMIN_01161	CDS	210				hypothetical protein
NHKJIMIN_01162	gene	261				
NHKJIMIN_01162	CDS	261				hypothetical protein
NHKJIMIN_01163	gene	189				
NHKJIMIN_01163	CDS	189				hypothetical protein
NHKJIMIN_01164	gene	108				
NHKJIMIN_01164	CDS	108				hypothetical protein
NHKJIMIN_01165	gene	141				
NHKJIMIN_01165	CDS	141				hypothetical protein
NHKJIMIN_01166	gene	348				
NHKJIMIN_01166	CDS	348				hypothetical protein
NHKJIMIN_01167	gene	150				
NHKJIMIN_01167	CDS	150				hypothetical protein
NHKJIMIN_01168	gene	231				
NHKJIMIN_01168	CDS	231				hypothetical protein
NHKJIMIN_01169	gene	324				
NHKJIMIN_01169	CDS	324				hypothetical protein
NHKJIMIN_01170	gene	237				
NHKJIMIN_01170	CDS	237				hypothetical protein
NHKJIMIN_01171	gene	180				
NHKJIMIN_01171	CDS	180				hypothetical protein
NHKJIMIN_01172	gene	171				
NHKJIMIN_01172	CDS	171				hypothetical protein
NHKJIMIN_01173	gene	333				
NHKJIMIN_01173	CDS	333				hypothetical protein
NHKJIMIN_01174	gene	366				
NHKJIMIN_01174	CDS	366				hypothetical protein
NHKJIMIN_01175	gene	369	hsdS			
NHKJIMIN_01175	CDS	369	hsdS		COG0732	Type I restriction enzyme EcoAI specificity subunit
NHKJIMIN_01176	gene	204				
NHKJIMIN_01176	CDS	204				hypothetical protein
NHKJIMIN_01177	gene	357				
NHKJIMIN_01177	CDS	357				hypothetical protein
NHKJIMIN_01178	gene	162				
NHKJIMIN_01178	CDS	162				hypothetical protein
NHKJIMIN_01179	gene	207				
NHKJIMIN_01179	CDS	207				hypothetical protein
NHKJIMIN_01180	gene	195				
NHKJIMIN_01180	CDS	195				hypothetical protein
NHKJIMIN_01181	gene	252				
NHKJIMIN_01181	CDS	252				hypothetical protein
NHKJIMIN_01182	gene	447				
NHKJIMIN_01182	CDS	447				hypothetical protein
NHKJIMIN_01183	gene	282				
NHKJIMIN_01183	CDS	282				hypothetical protein
NHKJIMIN_01184	gene	252				
NHKJIMIN_01184	CDS	252				hypothetical protein
NHKJIMIN_01185	gene	222				
NHKJIMIN_01185	CDS	222				hypothetical protein
NHKJIMIN_01186	gene	531				
NHKJIMIN_01186	CDS	531				hypothetical protein
NHKJIMIN_01187	gene	513	hsdR_1			
NHKJIMIN_01187	CDS	513	hsdR_1	3.1.21.3		Type I restriction enzyme EcoAI endonuclease subunit
NHKJIMIN_01188	gene	213				
NHKJIMIN_01188	CDS	213				hypothetical protein
NHKJIMIN_01189	gene	300	hsdR_2			
NHKJIMIN_01189	CDS	300	hsdR_2	3.1.21.3		Type I restriction enzyme EcoAI endonuclease subunit
NHKJIMIN_01190	gene	222	hsdR_3			
NHKJIMIN_01190	CDS	222	hsdR_3	3.1.21.3		Type I restriction enzyme EcoAI endonuclease subunit
NHKJIMIN_01191	gene	510	hsdR_4			
NHKJIMIN_01191	CDS	510	hsdR_4	3.1.21.3		Type I restriction enzyme EcoAI endonuclease subunit
NHKJIMIN_01192	gene	381	hsdR_5			
NHKJIMIN_01192	CDS	381	hsdR_5	3.1.21.3		Type I restriction enzyme EcoAI endonuclease subunit
NHKJIMIN_01193	gene	105				
NHKJIMIN_01193	CDS	105				hypothetical protein
NHKJIMIN_01194	gene	966				
NHKJIMIN_01194	CDS	966				hypothetical protein
NHKJIMIN_01195	gene	849	ybjL_1			
NHKJIMIN_01195	CDS	849	ybjL_1			Putative transport protein YbjL
NHKJIMIN_01196	gene	759	ybjL_2			
NHKJIMIN_01196	CDS	759	ybjL_2			Putative transport protein YbjL
NHKJIMIN_01197	gene	342				
NHKJIMIN_01197	CDS	342				hypothetical protein
NHKJIMIN_01198	gene	438	asD_1			
NHKJIMIN_01198	CDS	438	asD_1	2.6.1.1		Bifunctional aspartate aminotransferase and L-aspartate beta-decarboxylase
NHKJIMIN_01199	gene	222				
NHKJIMIN_01199	CDS	222				hypothetical protein
NHKJIMIN_01200	gene	174	asD_2			
NHKJIMIN_01200	CDS	174	asD_2	2.6.1.1		Bifunctional aspartate aminotransferase and L-aspartate beta-decarboxylase
NHKJIMIN_01201	gene	153	asD_3			
NHKJIMIN_01201	CDS	153	asD_3	2.6.1.1		Bifunctional aspartate aminotransferase and L-aspartate beta-decarboxylase
NHKJIMIN_01202	gene	363	asD_4			
NHKJIMIN_01202	CDS	363	asD_4	2.6.1.1		Bifunctional aspartate aminotransferase and L-aspartate beta-decarboxylase
NHKJIMIN_01203	gene	276	dctB			
NHKJIMIN_01203	CDS	276	dctB	2.7.13.3	COG4191	C4-dicarboxylate transport sensor protein DctB
NHKJIMIN_01204	gene	294				
NHKJIMIN_01204	CDS	294				hypothetical protein
NHKJIMIN_01205	gene	297				
NHKJIMIN_01205	CDS	297				hypothetical protein
NHKJIMIN_01206	gene	345				
NHKJIMIN_01206	CDS	345				hypothetical protein
NHKJIMIN_01207	gene	666	mopR			
NHKJIMIN_01207	CDS	666	mopR			Phenol regulator MopR
NHKJIMIN_01208	gene	537	atoC_1			
NHKJIMIN_01208	CDS	537	atoC_1		COG2204	Regulatory protein AtoC
NHKJIMIN_01209	gene	114				
NHKJIMIN_01209	CDS	114				hypothetical protein
NHKJIMIN_01210	gene	429				
NHKJIMIN_01210	CDS	429				hypothetical protein
NHKJIMIN_01211	gene	1041				
NHKJIMIN_01211	CDS	1041				hypothetical protein
NHKJIMIN_01212	gene	336	rcsC_2			
NHKJIMIN_01212	CDS	336	rcsC_2	2.7.13.3	COG0784	Sensor histidine kinase RcsC
NHKJIMIN_01213	gene	225				
NHKJIMIN_01213	CDS	225				hypothetical protein
NHKJIMIN_01214	gene	573	rcsC_3			
NHKJIMIN_01214	CDS	573	rcsC_3	2.7.13.3		Sensor histidine kinase RcsC
NHKJIMIN_01215	gene	180				
NHKJIMIN_01215	CDS	180				hypothetical protein
NHKJIMIN_01216	gene	699				
NHKJIMIN_01216	CDS	699				hypothetical protein
NHKJIMIN_01217	gene	381				
NHKJIMIN_01217	CDS	381				hypothetical protein
NHKJIMIN_01218	gene	243				
NHKJIMIN_01218	CDS	243				hypothetical protein
NHKJIMIN_01219	gene	456				
NHKJIMIN_01219	CDS	456				hypothetical protein
NHKJIMIN_01220	gene	336				
NHKJIMIN_01220	CDS	336				hypothetical protein
NHKJIMIN_01221	gene	216				
NHKJIMIN_01221	CDS	216				hypothetical protein
NHKJIMIN_01222	gene	339				
NHKJIMIN_01222	CDS	339				hypothetical protein
NHKJIMIN_01223	gene	147				
NHKJIMIN_01223	CDS	147				hypothetical protein
NHKJIMIN_01224	gene	348				
NHKJIMIN_01224	CDS	348				hypothetical protein
NHKJIMIN_01225	gene	357				
NHKJIMIN_01225	CDS	357				hypothetical protein
NHKJIMIN_01226	gene	288				
NHKJIMIN_01226	CDS	288				hypothetical protein
NHKJIMIN_01227	gene	276				
NHKJIMIN_01227	CDS	276				hypothetical protein
NHKJIMIN_01228	gene	666	yknY_2			
NHKJIMIN_01228	CDS	666	yknY_2	7.6.2.-	COG1136	putative ABC transporter ATP-binding protein YknY
NHKJIMIN_01229	gene	597	yknY_3			
NHKJIMIN_01229	CDS	597	yknY_3	7.6.2.-	COG1136	putative ABC transporter ATP-binding protein YknY
NHKJIMIN_01230	gene	198				
NHKJIMIN_01230	CDS	198				hypothetical protein
NHKJIMIN_01231	gene	600				
NHKJIMIN_01231	CDS	600				hypothetical protein
NHKJIMIN_01232	gene	228				
NHKJIMIN_01232	CDS	228				hypothetical protein
NHKJIMIN_01233	gene	246				
NHKJIMIN_01233	CDS	246				hypothetical protein
NHKJIMIN_01234	gene	462				
NHKJIMIN_01234	CDS	462				hypothetical protein
NHKJIMIN_01235	gene	270				
NHKJIMIN_01235	CDS	270				hypothetical protein
NHKJIMIN_01236	gene	357				
NHKJIMIN_01236	CDS	357				hypothetical protein
NHKJIMIN_01237	gene	153				
NHKJIMIN_01237	CDS	153				hypothetical protein
NHKJIMIN_01238	gene	246				
NHKJIMIN_01238	CDS	246				hypothetical protein
NHKJIMIN_01239	gene	645				
NHKJIMIN_01239	CDS	645				hypothetical protein
NHKJIMIN_01240	gene	210				
NHKJIMIN_01240	CDS	210				hypothetical protein
NHKJIMIN_01241	gene	750				
NHKJIMIN_01241	CDS	750				hypothetical protein
NHKJIMIN_01242	gene	516				
NHKJIMIN_01242	CDS	516				hypothetical protein
NHKJIMIN_01243	gene	174				
NHKJIMIN_01243	CDS	174				hypothetical protein
NHKJIMIN_01244	gene	138				
NHKJIMIN_01244	CDS	138				hypothetical protein
NHKJIMIN_01245	gene	312				
NHKJIMIN_01245	CDS	312				hypothetical protein
NHKJIMIN_01246	gene	603				
NHKJIMIN_01246	CDS	603				hypothetical protein
NHKJIMIN_01247	gene	714				
NHKJIMIN_01247	CDS	714				hypothetical protein
NHKJIMIN_01248	gene	369				
NHKJIMIN_01248	CDS	369				hypothetical protein
NHKJIMIN_01249	gene	720				
NHKJIMIN_01249	CDS	720				hypothetical protein
NHKJIMIN_01250	gene	231				
NHKJIMIN_01250	CDS	231				hypothetical protein
NHKJIMIN_01251	gene	384				
NHKJIMIN_01251	CDS	384				hypothetical protein
NHKJIMIN_01252	gene	636				
NHKJIMIN_01252	CDS	636				hypothetical protein
NHKJIMIN_01253	gene	651				
NHKJIMIN_01253	CDS	651				hypothetical protein
NHKJIMIN_01254	gene	246				
NHKJIMIN_01254	CDS	246				hypothetical protein
NHKJIMIN_01255	gene	567				
NHKJIMIN_01255	CDS	567				hypothetical protein
NHKJIMIN_01256	gene	468				
NHKJIMIN_01256	CDS	468				hypothetical protein
NHKJIMIN_01257	gene	363				
NHKJIMIN_01257	CDS	363				hypothetical protein
NHKJIMIN_01258	gene	504				
NHKJIMIN_01258	CDS	504				hypothetical protein
NHKJIMIN_01259	gene	180				
NHKJIMIN_01259	CDS	180				hypothetical protein
NHKJIMIN_01260	gene	885				
NHKJIMIN_01260	CDS	885				hypothetical protein
NHKJIMIN_01261	gene	657				
NHKJIMIN_01261	CDS	657				hypothetical protein
NHKJIMIN_01262	gene	270				
NHKJIMIN_01262	CDS	270				hypothetical protein
NHKJIMIN_01263	gene	279				
NHKJIMIN_01263	CDS	279				hypothetical protein
NHKJIMIN_01264	gene	585	cdd			
NHKJIMIN_01264	CDS	585	cdd	3.5.4.5		Cytidine deaminase
NHKJIMIN_01265	gene	144				
NHKJIMIN_01265	CDS	144				hypothetical protein
NHKJIMIN_01266	gene	216				
NHKJIMIN_01266	CDS	216				hypothetical protein
NHKJIMIN_01267	gene	495	rclC			
NHKJIMIN_01267	CDS	495	rclC		COG3059	Inner membrane protein RclC
NHKJIMIN_01268	gene	183	rclA_1			
NHKJIMIN_01268	CDS	183	rclA_1		COG1249	putative pyridine nucleotide-disulfide oxidoreductase RclA
NHKJIMIN_01269	gene	267				
NHKJIMIN_01269	CDS	267				hypothetical protein
NHKJIMIN_01270	gene	363	lpd3_2			
NHKJIMIN_01270	CDS	363	lpd3_2	1.8.1.4	COG1249	Dihydrolipoyl dehydrogenase 3
NHKJIMIN_01271	gene	522	rclA_2			
NHKJIMIN_01271	CDS	522	rclA_2		COG1249	putative pyridine nucleotide-disulfide oxidoreductase RclA
NHKJIMIN_01272	gene	405	uup_1			
NHKJIMIN_01272	CDS	405	uup_1	3.6.1.-		ATP-binding protein Uup
NHKJIMIN_01273	gene	477	yheS_1			
NHKJIMIN_01273	CDS	477	yheS_1		COG0488	putative ATP-binding protein YheS
NHKJIMIN_01274	gene	246				
NHKJIMIN_01274	CDS	246				hypothetical protein
NHKJIMIN_01275	gene	516	nudC_1			
NHKJIMIN_01275	CDS	516	nudC_1	3.6.1.22		NAD-capped RNA hydrolase NudC
NHKJIMIN_01276	gene	147	nudC_2			
NHKJIMIN_01276	CDS	147	nudC_2	3.6.1.-	COG2816	NAD-capped RNA hydrolase NudC
NHKJIMIN_01277	gene	138				
NHKJIMIN_01277	CDS	138				hypothetical protein
NHKJIMIN_01278	gene	135				
NHKJIMIN_01278	CDS	135				hypothetical protein
NHKJIMIN_01279	gene	555	hdc			
NHKJIMIN_01279	CDS	555	hdc	4.1.1.22		Histidine decarboxylase proenzyme
NHKJIMIN_01280	gene	795				
NHKJIMIN_01280	CDS	795				hypothetical protein
NHKJIMIN_01281	gene	390				
NHKJIMIN_01281	CDS	390				hypothetical protein
NHKJIMIN_01282	gene	198				
NHKJIMIN_01282	CDS	198				hypothetical protein
NHKJIMIN_01283	gene	123				
NHKJIMIN_01283	CDS	123				hypothetical protein
NHKJIMIN_01284	gene	357				
NHKJIMIN_01284	CDS	357				hypothetical protein
NHKJIMIN_01285	gene	186				
NHKJIMIN_01285	CDS	186				hypothetical protein
NHKJIMIN_01286	gene	696				
NHKJIMIN_01286	CDS	696				hypothetical protein
NHKJIMIN_01287	gene	318				
NHKJIMIN_01287	CDS	318				hypothetical protein
NHKJIMIN_01288	gene	276				
NHKJIMIN_01288	CDS	276				hypothetical protein
NHKJIMIN_01289	gene	480				
NHKJIMIN_01289	CDS	480				hypothetical protein
NHKJIMIN_01290	gene	582				
NHKJIMIN_01290	CDS	582				hypothetical protein
NHKJIMIN_01291	gene	120				
NHKJIMIN_01291	CDS	120				hypothetical protein
NHKJIMIN_01292	gene	597	pgcA_1			
NHKJIMIN_01292	CDS	597	pgcA_1	5.4.2.2	COG1109	Phosphoglucomutase
NHKJIMIN_01293	gene	363	pgcA_2			
NHKJIMIN_01293	CDS	363	pgcA_2	5.4.2.2	COG1109	Phosphoglucomutase
NHKJIMIN_01294	gene	603	pgcA_3			
NHKJIMIN_01294	CDS	603	pgcA_3	5.4.2.2	COG1109	Phosphoglucomutase
NHKJIMIN_01295	gene	246				
NHKJIMIN_01295	CDS	246				hypothetical protein
NHKJIMIN_01296	gene	240				
NHKJIMIN_01296	CDS	240				hypothetical protein
NHKJIMIN_01297	gene	309				
NHKJIMIN_01297	CDS	309				hypothetical protein
NHKJIMIN_01298	gene	249				
NHKJIMIN_01298	CDS	249				hypothetical protein
NHKJIMIN_01299	gene	198				
NHKJIMIN_01299	CDS	198				hypothetical protein
NHKJIMIN_01300	gene	546				
NHKJIMIN_01300	CDS	546				hypothetical protein
NHKJIMIN_01301	gene	597				
NHKJIMIN_01301	CDS	597				hypothetical protein
NHKJIMIN_01302	gene	285				
NHKJIMIN_01302	CDS	285				hypothetical protein
NHKJIMIN_01303	gene	558				
NHKJIMIN_01303	CDS	558				hypothetical protein
NHKJIMIN_01304	gene	408				
NHKJIMIN_01304	CDS	408				hypothetical protein
NHKJIMIN_01305	gene	393	ald_1			
NHKJIMIN_01305	CDS	393	ald_1	1.4.1.1	COG0686	Alanine dehydrogenase
NHKJIMIN_01306	gene	105				
NHKJIMIN_01306	CDS	105				hypothetical protein
NHKJIMIN_01307	gene	258	ald_2			
NHKJIMIN_01307	CDS	258	ald_2	1.4.1.1	COG0686	Alanine dehydrogenase
NHKJIMIN_01308	gene	351	ald_3			
NHKJIMIN_01308	CDS	351	ald_3	1.4.1.1	COG0686	Alanine dehydrogenase
NHKJIMIN_01309	gene	1008				
NHKJIMIN_01309	CDS	1008		1.6.5.9		NADH:quinone reductase
NHKJIMIN_01310	gene	306				
NHKJIMIN_01310	CDS	306				hypothetical protein
NHKJIMIN_01311	gene	366				
NHKJIMIN_01311	CDS	366				hypothetical protein
NHKJIMIN_01312	gene	513				
NHKJIMIN_01312	CDS	513				hypothetical protein
NHKJIMIN_01313	gene	492				
NHKJIMIN_01313	CDS	492				hypothetical protein
NHKJIMIN_01314	gene	225				
NHKJIMIN_01314	CDS	225				hypothetical protein
NHKJIMIN_01315	gene	351				
NHKJIMIN_01315	CDS	351				hypothetical protein
NHKJIMIN_01316	gene	285				
NHKJIMIN_01316	CDS	285				hypothetical protein
NHKJIMIN_01317	gene	300				
NHKJIMIN_01317	CDS	300				hypothetical protein
NHKJIMIN_01318	gene	477	nadC			
NHKJIMIN_01318	CDS	477	nadC	2.4.2.19	COG0157	putative nicotinate-nucleotide pyrophosphorylase [carboxylating]
NHKJIMIN_01319	gene	252				
NHKJIMIN_01319	CDS	252				hypothetical protein
NHKJIMIN_01320	gene	213				
NHKJIMIN_01320	CDS	213				hypothetical protein
NHKJIMIN_01321	gene	399	rlmH			
NHKJIMIN_01321	CDS	399	rlmH	2.1.1.177		Ribosomal RNA large subunit methyltransferase H
NHKJIMIN_01322	gene	441	queF			
NHKJIMIN_01322	CDS	441	queF	1.7.1.13	COG0780	NADPH-dependent 7-cyano-7-deazaguanine reductase
NHKJIMIN_01323	gene	378	queC_1			
NHKJIMIN_01323	CDS	378	queC_1	6.3.4.20	COG0603	7-cyano-7-deazaguanine synthase
NHKJIMIN_01324	gene	156				
NHKJIMIN_01324	CDS	156				hypothetical protein
NHKJIMIN_01325	gene	156	queC_2			
NHKJIMIN_01325	CDS	156	queC_2	6.3.4.20	COG0603	7-cyano-7-deazaguanine synthase
NHKJIMIN_01326	gene	462				
NHKJIMIN_01326	CDS	462				queuosine precursor transporter
NHKJIMIN_01327	gene	171				
NHKJIMIN_01327	CDS	171				queuosine precursor transporter
NHKJIMIN_01328	gene	387	sigH			
NHKJIMIN_01328	CDS	387	sigH			ECF RNA polymerase sigma factor SigH
NHKJIMIN_01329	gene	96				
NHKJIMIN_01329	CDS	96				hypothetical protein
NHKJIMIN_01330	gene	297				
NHKJIMIN_01330	CDS	297				hypothetical protein
NHKJIMIN_01331	gene	999				
NHKJIMIN_01331	CDS	999				hypothetical protein
NHKJIMIN_01332	gene	129				
NHKJIMIN_01332	CDS	129				hypothetical protein
NHKJIMIN_01333	gene	468				
NHKJIMIN_01333	CDS	468				hypothetical protein
NHKJIMIN_01334	gene	444				
NHKJIMIN_01334	CDS	444				hypothetical protein
NHKJIMIN_01335	gene	714				
NHKJIMIN_01335	CDS	714				hypothetical protein
NHKJIMIN_01336	gene	213				
NHKJIMIN_01336	CDS	213				hypothetical protein
NHKJIMIN_01337	gene	153				
NHKJIMIN_01337	CDS	153				hypothetical protein
NHKJIMIN_01338	gene	267				
NHKJIMIN_01338	CDS	267				hypothetical protein
NHKJIMIN_01339	gene	162				
NHKJIMIN_01339	CDS	162				hypothetical protein
NHKJIMIN_01340	gene	285	ldhA			
NHKJIMIN_01340	CDS	285	ldhA	1.1.1.28	COG1052	D-lactate dehydrogenase
NHKJIMIN_01341	gene	165				
NHKJIMIN_01341	CDS	165				hypothetical protein
NHKJIMIN_01342	gene	522				
NHKJIMIN_01342	CDS	522				hypothetical protein
NHKJIMIN_01343	gene	189				
NHKJIMIN_01343	CDS	189				hypothetical protein
NHKJIMIN_01344	gene	447				
NHKJIMIN_01344	CDS	447				hypothetical protein
NHKJIMIN_01345	gene	432				
NHKJIMIN_01345	CDS	432				hypothetical protein
NHKJIMIN_01346	gene	90				
NHKJIMIN_01346	CDS	90				hypothetical protein
NHKJIMIN_01347	gene	312				
NHKJIMIN_01347	CDS	312				hypothetical protein
NHKJIMIN_01348	gene	96				
NHKJIMIN_01348	CDS	96				hypothetical protein
NHKJIMIN_01349	gene	177				
NHKJIMIN_01349	CDS	177				hypothetical protein
NHKJIMIN_01350	gene	282				
NHKJIMIN_01350	CDS	282				hypothetical protein
NHKJIMIN_01351	gene	207				
NHKJIMIN_01351	CDS	207				hypothetical protein
NHKJIMIN_01352	gene	261	pdxH_1			
NHKJIMIN_01352	CDS	261	pdxH_1	1.4.3.5		Pyridoxine/pyridoxamine 5'-phosphate oxidase
NHKJIMIN_01353	gene	453	pdxH_2			
NHKJIMIN_01353	CDS	453	pdxH_2	1.4.3.5		Pyridoxine/pyridoxamine 5'-phosphate oxidase
NHKJIMIN_01354	gene	189				
NHKJIMIN_01354	CDS	189				hypothetical protein
NHKJIMIN_01355	gene	519				
NHKJIMIN_01355	CDS	519				hypothetical protein
NHKJIMIN_01356	gene	111				
NHKJIMIN_01356	CDS	111				hypothetical protein
NHKJIMIN_01357	gene	300				
NHKJIMIN_01357	CDS	300				hypothetical protein
NHKJIMIN_01358	gene	267				
NHKJIMIN_01358	CDS	267				hypothetical protein
NHKJIMIN_01359	gene	321				
NHKJIMIN_01359	CDS	321				hypothetical protein
NHKJIMIN_01360	gene	177				
NHKJIMIN_01360	CDS	177				hypothetical protein
NHKJIMIN_01361	gene	177				
NHKJIMIN_01361	CDS	177				hypothetical protein
NHKJIMIN_01362	gene	480				
NHKJIMIN_01362	CDS	480				hypothetical protein
NHKJIMIN_01363	gene	399				
NHKJIMIN_01363	CDS	399				hypothetical protein
NHKJIMIN_01364	gene	390				
NHKJIMIN_01364	CDS	390				hypothetical protein
NHKJIMIN_01365	gene	294				
NHKJIMIN_01365	CDS	294				hypothetical protein
NHKJIMIN_01366	gene	339				
NHKJIMIN_01366	CDS	339				hypothetical protein
NHKJIMIN_01367	gene	459				
NHKJIMIN_01367	CDS	459				hypothetical protein
NHKJIMIN_01368	gene	249				
NHKJIMIN_01368	CDS	249				hypothetical protein
NHKJIMIN_01369	gene	348				
NHKJIMIN_01369	CDS	348				hypothetical protein
NHKJIMIN_01370	gene	75				
NHKJIMIN_01370	tRNA	75				tRNA-Thr(tgt)
NHKJIMIN_01371	gene	246				
NHKJIMIN_01371	CDS	246				hypothetical protein
NHKJIMIN_01372	gene	402				
NHKJIMIN_01372	CDS	402				hypothetical protein
NHKJIMIN_01373	gene	303				
NHKJIMIN_01373	CDS	303				hypothetical protein
NHKJIMIN_01374	gene	183				
NHKJIMIN_01374	CDS	183				hypothetical protein
NHKJIMIN_01375	gene	228				
NHKJIMIN_01375	CDS	228				hypothetical protein
NHKJIMIN_01376	gene	102				
NHKJIMIN_01376	CDS	102				hypothetical protein
NHKJIMIN_01377	gene	222	arnB_1			
NHKJIMIN_01377	CDS	222	arnB_1	2.6.1.87		UDP-4-amino-4-deoxy-L-arabinose--oxoglutarate aminotransferase
NHKJIMIN_01378	gene	171				
NHKJIMIN_01378	CDS	171				hypothetical protein
NHKJIMIN_01379	gene	207				
NHKJIMIN_01379	CDS	207				hypothetical protein
NHKJIMIN_01380	gene	252				
NHKJIMIN_01380	CDS	252				hypothetical protein
NHKJIMIN_01381	gene	564				
NHKJIMIN_01381	CDS	564				hypothetical protein
NHKJIMIN_01382	gene	261				
NHKJIMIN_01382	CDS	261				hypothetical protein
NHKJIMIN_01383	gene	261	wbpI_3			
NHKJIMIN_01383	CDS	261	wbpI_3	5.1.3.23		UDP-2,3-diacetamido-2,3-dideoxy-D-glucuronate 2-epimerase
NHKJIMIN_01384	gene	147				
NHKJIMIN_01384	CDS	147				hypothetical protein
NHKJIMIN_01385	gene	177				
NHKJIMIN_01385	CDS	177				hypothetical protein
NHKJIMIN_01386	gene	144				
NHKJIMIN_01386	CDS	144				hypothetical protein
NHKJIMIN_01387	gene	132	capD_4			
NHKJIMIN_01387	CDS	132	capD_4	5.1.3.2	COG1086	UDP-glucose 4-epimerase
NHKJIMIN_01388	gene	333	capD_5			
NHKJIMIN_01388	CDS	333	capD_5	5.1.3.2	COG1086	UDP-glucose 4-epimerase
NHKJIMIN_01389	gene	258	capD_6			
NHKJIMIN_01389	CDS	258	capD_6	5.1.3.2	COG1086	UDP-glucose 4-epimerase
NHKJIMIN_01390	gene	624				
NHKJIMIN_01390	CDS	624				hypothetical protein
NHKJIMIN_01391	gene	321				
NHKJIMIN_01391	CDS	321				hypothetical protein
NHKJIMIN_01392	gene	99				
NHKJIMIN_01392	CDS	99				hypothetical protein
NHKJIMIN_01393	gene	465				
NHKJIMIN_01393	CDS	465				hypothetical protein
NHKJIMIN_01394	gene	210	wecB_2			
NHKJIMIN_01394	CDS	210	wecB_2	5.1.3.14	COG0381	UDP-N-acetylglucosamine 2-epimerase
NHKJIMIN_01395	gene	384				
NHKJIMIN_01395	CDS	384		5.1.3.14		UDP-N-acetylglucosamine 2-epimerase
NHKJIMIN_01396	gene	228				
NHKJIMIN_01396	CDS	228		5.1.3.14		UDP-N-acetylglucosamine 2-epimerase
NHKJIMIN_01397	gene	105				
NHKJIMIN_01397	CDS	105				hypothetical protein
NHKJIMIN_01398	gene	123				
NHKJIMIN_01398	CDS	123				hypothetical protein
NHKJIMIN_01399	gene	471	wecC_1			
NHKJIMIN_01399	CDS	471	wecC_1	1.1.1.336	COG0677	UDP-N-acetyl-D-mannosamine dehydrogenase
NHKJIMIN_01400	gene	141				
NHKJIMIN_01400	CDS	141		1.1.1.336		UDP-N-acetyl-D-mannosamine dehydrogenase
NHKJIMIN_01401	gene	270				
NHKJIMIN_01401	CDS	270				hypothetical protein
NHKJIMIN_01402	gene	291				
NHKJIMIN_01402	CDS	291				hypothetical protein
NHKJIMIN_01403	gene	120				
NHKJIMIN_01403	CDS	120				hypothetical protein
NHKJIMIN_01404	gene	237				
NHKJIMIN_01404	CDS	237				hypothetical protein
NHKJIMIN_01405	gene	264				
NHKJIMIN_01405	CDS	264				hypothetical protein
NHKJIMIN_01406	gene	408	tuaB_2			
NHKJIMIN_01406	CDS	408	tuaB_2		COG2244	Teichuronic acid biosynthesis protein TuaB
NHKJIMIN_01407	gene	339				
NHKJIMIN_01407	CDS	339				hypothetical protein
NHKJIMIN_01408	gene	135				
NHKJIMIN_01408	CDS	135				hypothetical protein
NHKJIMIN_01409	gene	159				
NHKJIMIN_01409	CDS	159				hypothetical protein
NHKJIMIN_01410	gene	336				
NHKJIMIN_01410	CDS	336				hypothetical protein
NHKJIMIN_01411	gene	165				
NHKJIMIN_01411	CDS	165				hypothetical protein
NHKJIMIN_01412	gene	105				
NHKJIMIN_01412	CDS	105				hypothetical protein
NHKJIMIN_01413	gene	873				
NHKJIMIN_01413	CDS	873				hypothetical protein
NHKJIMIN_01414	gene	138				
NHKJIMIN_01414	CDS	138				hypothetical protein
NHKJIMIN_01415	gene	471				
NHKJIMIN_01415	CDS	471				hypothetical protein
NHKJIMIN_01416	gene	189				
NHKJIMIN_01416	CDS	189				hypothetical protein
NHKJIMIN_01417	gene	216				
NHKJIMIN_01417	CDS	216				hypothetical protein
NHKJIMIN_01418	gene	351				
NHKJIMIN_01418	CDS	351				hypothetical protein
NHKJIMIN_01419	gene	519				
NHKJIMIN_01419	CDS	519				hypothetical protein
NHKJIMIN_01420	gene	378				
NHKJIMIN_01420	CDS	378				hypothetical protein
NHKJIMIN_01421	gene	1458				
NHKJIMIN_01421	CDS	1458				hypothetical protein
NHKJIMIN_01422	gene	285				
NHKJIMIN_01422	CDS	285				hypothetical protein
NHKJIMIN_01423	gene	528				
NHKJIMIN_01423	CDS	528				hypothetical protein
NHKJIMIN_01424	gene	417				
NHKJIMIN_01424	CDS	417				hypothetical protein
NHKJIMIN_01425	gene	249				
NHKJIMIN_01425	CDS	249				hypothetical protein
NHKJIMIN_01426	gene	540				
NHKJIMIN_01426	CDS	540				hypothetical protein
NHKJIMIN_01427	gene	369				
NHKJIMIN_01427	CDS	369				hypothetical protein
NHKJIMIN_01428	gene	74				
NHKJIMIN_01428	tRNA	74				tRNA-Cys(gca)
NHKJIMIN_01429	gene	162				
NHKJIMIN_01429	CDS	162				hypothetical protein
NHKJIMIN_01430	gene	555	feoB			
NHKJIMIN_01430	CDS	555	feoB		COG0370	Fe(2+) transporter FeoB
NHKJIMIN_01431	gene	1035				
NHKJIMIN_01431	CDS	1035				hypothetical protein
NHKJIMIN_01432	gene	786	der_1			
NHKJIMIN_01432	CDS	786	der_1			GTPase Der
NHKJIMIN_01433	gene	423	tilS_1			
NHKJIMIN_01433	CDS	423	tilS_1	6.3.4.19	COG0037	tRNA(Ile)-lysidine synthase
NHKJIMIN_01434	gene	681	tilS_2			
NHKJIMIN_01434	CDS	681	tilS_2	6.3.4.19	COG0037	tRNA(Ile)-lysidine synthase
NHKJIMIN_01435	gene	1863				
NHKJIMIN_01435	CDS	1863				hypothetical protein
NHKJIMIN_01436	gene	162				
NHKJIMIN_01436	CDS	162				hypothetical protein
NHKJIMIN_01437	gene	1545	yfhM			
NHKJIMIN_01437	CDS	1545	yfhM		COG2373	Alpha-2-macroglobulin
NHKJIMIN_01438	gene	141				
NHKJIMIN_01438	CDS	141				hypothetical protein
NHKJIMIN_01439	gene	693				
NHKJIMIN_01439	CDS	693				hypothetical protein
NHKJIMIN_01440	gene	297				
NHKJIMIN_01440	CDS	297				hypothetical protein
NHKJIMIN_01441	gene	300				
NHKJIMIN_01441	CDS	300				hypothetical protein
NHKJIMIN_01442	gene	159				
NHKJIMIN_01442	CDS	159				hypothetical protein
NHKJIMIN_01443	gene	420				
NHKJIMIN_01443	CDS	420				hypothetical protein
NHKJIMIN_01444	gene	243				
NHKJIMIN_01444	CDS	243				hypothetical protein
NHKJIMIN_01445	gene	486				
NHKJIMIN_01445	CDS	486				hypothetical protein
NHKJIMIN_01446	gene	1269				
NHKJIMIN_01446	CDS	1269				hypothetical protein
NHKJIMIN_01447	gene	216				
NHKJIMIN_01447	CDS	216				hypothetical protein
NHKJIMIN_01448	gene	1011				
NHKJIMIN_01448	CDS	1011			COG2814	putative transporter
NHKJIMIN_01449	gene	453				
NHKJIMIN_01449	CDS	453				hypothetical protein
NHKJIMIN_01450	gene	111				
NHKJIMIN_01450	CDS	111				hypothetical protein
NHKJIMIN_01451	gene	498				
NHKJIMIN_01451	CDS	498				hypothetical protein
NHKJIMIN_01452	gene	174				
NHKJIMIN_01452	CDS	174				hypothetical protein
NHKJIMIN_01453	gene	1392	nhaC			
NHKJIMIN_01453	CDS	1392	nhaC		COG1757	Na(+)/H(+) antiporter NhaC
NHKJIMIN_01454	gene	564				
NHKJIMIN_01454	CDS	564				hypothetical protein
NHKJIMIN_01455	gene	483				
NHKJIMIN_01455	CDS	483				hypothetical protein
NHKJIMIN_01456	gene	294				
NHKJIMIN_01456	CDS	294				hypothetical protein
NHKJIMIN_01457	gene	201	mnmA_1			
NHKJIMIN_01457	CDS	201	mnmA_1	2.8.1.13		tRNA-specific 2-thiouridylase MnmA
NHKJIMIN_01458	gene	318	mnmA_2			
NHKJIMIN_01458	CDS	318	mnmA_2	2.8.1.13		tRNA-specific 2-thiouridylase MnmA
NHKJIMIN_01459	gene	408	metY			
NHKJIMIN_01459	CDS	408	metY	2.5.1.-		O-acetyl-L-homoserine sulfhydrylase
NHKJIMIN_01460	gene	366				
NHKJIMIN_01460	CDS	366		2.5.1.-	COG2873	O-acetyl-L-homoserine sulfhydrylase
NHKJIMIN_01461	gene	471	metZ_1			
NHKJIMIN_01461	CDS	471	metZ_1	2.5.1.-		O-succinylhomoserine sulfhydrylase
NHKJIMIN_01462	gene	201				
NHKJIMIN_01462	CDS	201				hypothetical protein
NHKJIMIN_01463	gene	714				
NHKJIMIN_01463	CDS	714				hypothetical protein
NHKJIMIN_01464	gene	249				
NHKJIMIN_01464	CDS	249				hypothetical protein
NHKJIMIN_01465	gene	387				
NHKJIMIN_01465	CDS	387				hypothetical protein
NHKJIMIN_01466	gene	213				
NHKJIMIN_01466	CDS	213				hypothetical protein
NHKJIMIN_01467	gene	165				
NHKJIMIN_01467	CDS	165				hypothetical protein
NHKJIMIN_01468	gene	291				
NHKJIMIN_01468	CDS	291				hypothetical protein
NHKJIMIN_01469	gene	249				
NHKJIMIN_01469	CDS	249				hypothetical protein
NHKJIMIN_01470	gene	336				
NHKJIMIN_01470	CDS	336				hypothetical protein
NHKJIMIN_01471	gene	375				
NHKJIMIN_01471	CDS	375				hypothetical protein
NHKJIMIN_01472	gene	204				
NHKJIMIN_01472	CDS	204				hypothetical protein
NHKJIMIN_01473	gene	450				
NHKJIMIN_01473	CDS	450				hypothetical protein
NHKJIMIN_01474	gene	276				
NHKJIMIN_01474	CDS	276				hypothetical protein
NHKJIMIN_01475	gene	312				
NHKJIMIN_01475	CDS	312				hypothetical protein
NHKJIMIN_01476	gene	414	loiP			
NHKJIMIN_01476	CDS	414	loiP	3.4.24.-	COG0501	Metalloprotease LoiP
NHKJIMIN_01477	gene	255	bepA_1			
NHKJIMIN_01477	CDS	255	bepA_1	3.4.-.-		Beta-barrel assembly-enhancing protease
NHKJIMIN_01478	gene	702				
NHKJIMIN_01478	CDS	702				hypothetical protein
NHKJIMIN_01479	gene	102				
NHKJIMIN_01479	CDS	102				hypothetical protein
NHKJIMIN_01480	gene	177				
NHKJIMIN_01480	CDS	177				hypothetical protein
NHKJIMIN_01481	gene	330				
NHKJIMIN_01481	CDS	330				hypothetical protein
NHKJIMIN_01482	gene	117				
NHKJIMIN_01482	CDS	117				hypothetical protein
NHKJIMIN_01483	gene	405				
NHKJIMIN_01483	CDS	405				hypothetical protein
NHKJIMIN_01484	gene	537				
NHKJIMIN_01484	CDS	537				hypothetical protein
NHKJIMIN_01485	gene	312				
NHKJIMIN_01485	CDS	312				hypothetical protein
NHKJIMIN_01486	gene	168				
NHKJIMIN_01486	CDS	168				hypothetical protein
NHKJIMIN_01487	gene	201				
NHKJIMIN_01487	CDS	201				hypothetical protein
NHKJIMIN_01488	gene	366				
NHKJIMIN_01488	CDS	366				hypothetical protein
NHKJIMIN_01489	gene	294				
NHKJIMIN_01489	CDS	294				hypothetical protein
NHKJIMIN_01490	gene	201				
NHKJIMIN_01490	CDS	201				hypothetical protein
NHKJIMIN_01491	gene	897				
NHKJIMIN_01491	CDS	897				hypothetical protein
NHKJIMIN_01492	gene	312				
NHKJIMIN_01492	CDS	312				hypothetical protein
NHKJIMIN_01493	gene	405				
NHKJIMIN_01493	CDS	405				hypothetical protein
NHKJIMIN_01494	gene	153				
NHKJIMIN_01494	CDS	153				hypothetical protein
NHKJIMIN_01495	gene	222				
NHKJIMIN_01495	CDS	222				hypothetical protein
NHKJIMIN_01496	gene	225				
NHKJIMIN_01496	CDS	225				hypothetical protein
NHKJIMIN_01497	gene	330				
NHKJIMIN_01497	CDS	330				hypothetical protein
NHKJIMIN_01498	gene	330				
NHKJIMIN_01498	CDS	330				hypothetical protein
NHKJIMIN_01499	gene	639				
NHKJIMIN_01499	CDS	639				hypothetical protein
NHKJIMIN_01500	gene	204	xerD_1			
NHKJIMIN_01500	CDS	204	xerD_1			Tyrosine recombinase XerD
NHKJIMIN_01501	gene	297	xerC_3			
NHKJIMIN_01501	CDS	297	xerC_3			Tyrosine recombinase XerC
NHKJIMIN_01502	gene	315				
NHKJIMIN_01502	CDS	315				hypothetical protein
NHKJIMIN_01503	gene	195				
NHKJIMIN_01503	CDS	195				hypothetical protein
NHKJIMIN_01504	gene	198				
NHKJIMIN_01504	CDS	198				hypothetical protein
NHKJIMIN_01505	gene	423				
NHKJIMIN_01505	CDS	423				hypothetical protein
NHKJIMIN_01506	gene	285				
NHKJIMIN_01506	CDS	285				hypothetical protein
NHKJIMIN_01507	gene	225				
NHKJIMIN_01507	CDS	225				hypothetical protein
NHKJIMIN_01508	gene	156				
NHKJIMIN_01508	CDS	156				hypothetical protein
NHKJIMIN_01509	gene	111				
NHKJIMIN_01509	CDS	111				hypothetical protein
NHKJIMIN_01510	gene	486				
NHKJIMIN_01510	CDS	486				hypothetical protein
NHKJIMIN_01511	gene	555				
NHKJIMIN_01511	CDS	555				hypothetical protein
NHKJIMIN_01512	gene	207				
NHKJIMIN_01512	CDS	207				hypothetical protein
NHKJIMIN_01513	gene	375				
NHKJIMIN_01513	CDS	375				hypothetical protein
NHKJIMIN_01514	gene	405				
NHKJIMIN_01514	CDS	405				hypothetical protein
NHKJIMIN_01515	gene	237				
NHKJIMIN_01515	CDS	237				hypothetical protein
NHKJIMIN_01516	gene	210				
NHKJIMIN_01516	CDS	210				hypothetical protein
NHKJIMIN_01517	gene	270				
NHKJIMIN_01517	CDS	270				hypothetical protein
NHKJIMIN_01518	gene	138				
NHKJIMIN_01518	CDS	138				hypothetical protein
NHKJIMIN_01519	gene	348				
NHKJIMIN_01519	CDS	348				hypothetical protein
NHKJIMIN_01520	gene	243				
NHKJIMIN_01520	CDS	243				hypothetical protein
NHKJIMIN_01521	gene	240				
NHKJIMIN_01521	CDS	240				hypothetical protein
NHKJIMIN_01522	gene	174				
NHKJIMIN_01522	CDS	174				hypothetical protein
NHKJIMIN_01523	gene	219				
NHKJIMIN_01523	CDS	219				hypothetical protein
NHKJIMIN_01524	gene	417				
NHKJIMIN_01524	CDS	417				hypothetical protein
NHKJIMIN_01525	gene	885				
NHKJIMIN_01525	CDS	885				hypothetical protein
NHKJIMIN_01526	gene	147				
NHKJIMIN_01526	CDS	147				hypothetical protein
NHKJIMIN_01527	gene	591				
NHKJIMIN_01527	CDS	591				hypothetical protein
NHKJIMIN_01528	gene	429				
NHKJIMIN_01528	CDS	429				hypothetical protein
NHKJIMIN_01529	gene	555				
NHKJIMIN_01529	CDS	555				hypothetical protein
NHKJIMIN_01530	gene	957				
NHKJIMIN_01530	CDS	957				hypothetical protein
NHKJIMIN_01531	gene	519				
NHKJIMIN_01531	CDS	519				hypothetical protein
NHKJIMIN_01532	gene	897	topB_1			
NHKJIMIN_01532	CDS	897	topB_1	5.6.2.1		DNA topoisomerase 3
NHKJIMIN_01533	gene	483	topB_2			
NHKJIMIN_01533	CDS	483	topB_2	5.6.2.1		DNA topoisomerase 3
NHKJIMIN_01534	gene	786	topB_3			
NHKJIMIN_01534	CDS	786	topB_3	5.6.2.1		DNA topoisomerase 3
NHKJIMIN_01535	gene	252				
NHKJIMIN_01535	CDS	252				hypothetical protein
NHKJIMIN_01536	gene	264				
NHKJIMIN_01536	CDS	264				hypothetical protein
NHKJIMIN_01537	gene	174				
NHKJIMIN_01537	CDS	174				hypothetical protein
NHKJIMIN_01538	gene	378				
NHKJIMIN_01538	CDS	378				hypothetical protein
NHKJIMIN_01539	gene	636				
NHKJIMIN_01539	CDS	636				hypothetical protein
NHKJIMIN_01540	gene	231				
NHKJIMIN_01540	CDS	231				hypothetical protein
NHKJIMIN_01541	gene	231				
NHKJIMIN_01541	CDS	231				hypothetical protein
NHKJIMIN_01542	gene	141				
NHKJIMIN_01542	CDS	141				hypothetical protein
NHKJIMIN_01543	gene	219				
NHKJIMIN_01543	CDS	219				hypothetical protein
NHKJIMIN_01544	gene	225				
NHKJIMIN_01544	CDS	225				hypothetical protein
NHKJIMIN_01545	gene	399				
NHKJIMIN_01545	CDS	399				hypothetical protein
NHKJIMIN_01546	gene	459				
NHKJIMIN_01546	CDS	459				hypothetical protein
NHKJIMIN_01547	gene	162				
NHKJIMIN_01547	CDS	162				hypothetical protein
NHKJIMIN_01548	gene	408				
NHKJIMIN_01548	CDS	408				hypothetical protein
NHKJIMIN_01549	gene	471				
NHKJIMIN_01549	CDS	471				hypothetical protein
NHKJIMIN_01550	gene	378				
NHKJIMIN_01550	CDS	378				hypothetical protein
NHKJIMIN_01551	gene	888				
NHKJIMIN_01551	CDS	888				hypothetical protein
NHKJIMIN_01552	gene	327				
NHKJIMIN_01552	CDS	327				hypothetical protein
NHKJIMIN_01553	gene	432				
NHKJIMIN_01553	CDS	432				hypothetical protein
NHKJIMIN_01554	gene	234				
NHKJIMIN_01554	CDS	234				hypothetical protein
NHKJIMIN_01555	gene	423				
NHKJIMIN_01555	CDS	423				hypothetical protein
NHKJIMIN_01556	gene	483				
NHKJIMIN_01556	CDS	483				hypothetical protein
NHKJIMIN_01557	gene	465				
NHKJIMIN_01557	CDS	465				hypothetical protein
NHKJIMIN_01558	gene	108				
NHKJIMIN_01558	CDS	108				hypothetical protein
NHKJIMIN_01559	gene	267				
NHKJIMIN_01559	CDS	267				hypothetical protein
NHKJIMIN_01560	gene	138				
NHKJIMIN_01560	CDS	138				hypothetical protein
NHKJIMIN_01561	gene	138				
NHKJIMIN_01561	CDS	138				hypothetical protein
NHKJIMIN_01562	gene	147				
NHKJIMIN_01562	CDS	147				hypothetical protein
NHKJIMIN_01563	gene	417				
NHKJIMIN_01563	CDS	417				hypothetical protein
NHKJIMIN_01564	gene	330				
NHKJIMIN_01564	CDS	330				hypothetical protein
NHKJIMIN_01565	gene	216				
NHKJIMIN_01565	CDS	216				hypothetical protein
NHKJIMIN_01566	gene	261	nicA1_1			
NHKJIMIN_01566	CDS	261	nicA1_1		COG3344	Putative nicotine oxidoreductase
NHKJIMIN_01567	gene	564				
NHKJIMIN_01567	CDS	564				hypothetical protein
NHKJIMIN_01568	gene	207				
NHKJIMIN_01568	CDS	207				hypothetical protein
NHKJIMIN_01569	gene	363				
NHKJIMIN_01569	CDS	363				hypothetical protein
NHKJIMIN_01570	gene	372				
NHKJIMIN_01570	CDS	372				hypothetical protein
NHKJIMIN_01571	gene	768				
NHKJIMIN_01571	CDS	768				hypothetical protein
NHKJIMIN_01572	gene	297				
NHKJIMIN_01572	CDS	297				hypothetical protein
NHKJIMIN_01573	gene	504				
NHKJIMIN_01573	CDS	504				hypothetical protein
NHKJIMIN_01574	gene	633				
NHKJIMIN_01574	CDS	633				hypothetical protein
NHKJIMIN_01575	gene	102				
NHKJIMIN_01575	CDS	102				hypothetical protein
NHKJIMIN_01576	gene	204				
NHKJIMIN_01576	CDS	204				hypothetical protein
NHKJIMIN_01577	gene	264				
NHKJIMIN_01577	CDS	264				hypothetical protein
NHKJIMIN_01578	gene	360				
NHKJIMIN_01578	CDS	360				hypothetical protein
NHKJIMIN_01579	gene	378				
NHKJIMIN_01579	CDS	378				hypothetical protein
NHKJIMIN_01580	gene	174				
NHKJIMIN_01580	CDS	174				hypothetical protein
NHKJIMIN_01581	gene	297				
NHKJIMIN_01581	CDS	297				hypothetical protein
NHKJIMIN_01582	gene	396				
NHKJIMIN_01582	CDS	396				hypothetical protein
NHKJIMIN_01583	gene	684				
NHKJIMIN_01583	CDS	684				hypothetical protein
NHKJIMIN_01584	gene	162				
NHKJIMIN_01584	CDS	162				hypothetical protein
NHKJIMIN_01585	gene	543				
NHKJIMIN_01585	CDS	543				hypothetical protein
NHKJIMIN_01586	gene	177				
NHKJIMIN_01586	CDS	177				hypothetical protein
NHKJIMIN_01587	gene	582				
NHKJIMIN_01587	CDS	582				hypothetical protein
NHKJIMIN_01588	gene	471				
NHKJIMIN_01588	CDS	471				hypothetical protein
NHKJIMIN_01589	gene	321				
NHKJIMIN_01589	CDS	321				hypothetical protein
NHKJIMIN_01590	gene	228				
NHKJIMIN_01590	CDS	228				hypothetical protein
NHKJIMIN_01591	gene	312				
NHKJIMIN_01591	CDS	312				hypothetical protein
NHKJIMIN_01592	gene	147				
NHKJIMIN_01592	CDS	147				hypothetical protein
NHKJIMIN_01593	gene	222				
NHKJIMIN_01593	CDS	222				hypothetical protein
NHKJIMIN_01594	gene	183				
NHKJIMIN_01594	CDS	183				hypothetical protein
NHKJIMIN_01595	gene	216				
NHKJIMIN_01595	CDS	216				hypothetical protein
NHKJIMIN_01596	gene	309				
NHKJIMIN_01596	CDS	309				hypothetical protein
NHKJIMIN_01597	gene	420				
NHKJIMIN_01597	CDS	420				hypothetical protein
NHKJIMIN_01598	gene	477				
NHKJIMIN_01598	CDS	477				hypothetical protein
NHKJIMIN_01599	gene	246	xerC_4			
NHKJIMIN_01599	CDS	246	xerC_4			Tyrosine recombinase XerC
NHKJIMIN_01600	gene	252				
NHKJIMIN_01600	CDS	252				hypothetical protein
NHKJIMIN_01601	gene	318				
NHKJIMIN_01601	CDS	318				hypothetical protein
NHKJIMIN_01602	gene	288				
NHKJIMIN_01602	CDS	288				hypothetical protein
NHKJIMIN_01603	gene	156				
NHKJIMIN_01603	CDS	156				hypothetical protein
NHKJIMIN_01604	gene	85				
NHKJIMIN_01604	tRNA	85				tRNA-Ser(tga)
NHKJIMIN_01605	gene	423				
NHKJIMIN_01605	CDS	423				hypothetical protein
NHKJIMIN_01606	gene	222				
NHKJIMIN_01606	CDS	222				hypothetical protein
NHKJIMIN_01607	gene	633	pflB_1			
NHKJIMIN_01607	CDS	633	pflB_1	2.3.1.54		Formate acetyltransferase
NHKJIMIN_01608	gene	372	pflB_2			
NHKJIMIN_01608	CDS	372	pflB_2	2.3.1.54		Formate acetyltransferase
NHKJIMIN_01609	gene	507	pflB_3			
NHKJIMIN_01609	CDS	507	pflB_3	2.3.1.54		Formate acetyltransferase
NHKJIMIN_01610	gene	360	pflB_4			
NHKJIMIN_01610	CDS	360	pflB_4	2.3.1.54		Formate acetyltransferase
NHKJIMIN_01611	gene	198				
NHKJIMIN_01611	CDS	198				hypothetical protein
NHKJIMIN_01612	gene	234	pflA			
NHKJIMIN_01612	CDS	234	pflA	1.97.1.4	COG1180	Pyruvate formate-lyase 1-activating enzyme
NHKJIMIN_01613	gene	384				
NHKJIMIN_01613	CDS	384				hypothetical protein
NHKJIMIN_01614	gene	171				
NHKJIMIN_01614	CDS	171				hypothetical protein
NHKJIMIN_01615	gene	378				
NHKJIMIN_01615	CDS	378				hypothetical protein
NHKJIMIN_01616	gene	561	algU			
NHKJIMIN_01616	CDS	561	algU			RNA polymerase sigma-H factor
NHKJIMIN_01617	gene	348				
NHKJIMIN_01617	CDS	348				hypothetical protein
NHKJIMIN_01618	gene	171				
NHKJIMIN_01618	CDS	171				hypothetical protein
NHKJIMIN_01619	gene	405	oxyR			
NHKJIMIN_01619	CDS	405	oxyR		COG0583	DNA-binding transcriptional dual regulator OxyR
NHKJIMIN_01620	gene	126				
NHKJIMIN_01620	CDS	126				hypothetical protein
NHKJIMIN_01621	gene	411	hdfR			
NHKJIMIN_01621	CDS	411	hdfR			HTH-type transcriptional regulator HdfR
NHKJIMIN_01622	gene	474	dps			
NHKJIMIN_01622	CDS	474	dps	1.16.-.-	COG0783	DNA protection during starvation protein
NHKJIMIN_01623	gene	960				
NHKJIMIN_01623	CDS	960		2.4.1.320	COG2152	1,4-beta-mannosyl-N-acetylglucosamine phosphorylase
NHKJIMIN_01624	gene	189				
NHKJIMIN_01624	CDS	189				hypothetical protein
NHKJIMIN_01625	gene	273				
NHKJIMIN_01625	CDS	273				hypothetical protein
NHKJIMIN_01626	gene	279				
NHKJIMIN_01626	CDS	279				hypothetical protein
NHKJIMIN_01627	gene	120				
NHKJIMIN_01627	CDS	120				hypothetical protein
NHKJIMIN_01628	gene	282				
NHKJIMIN_01628	CDS	282				hypothetical protein
NHKJIMIN_01629	gene	636				
NHKJIMIN_01629	CDS	636				hypothetical protein
NHKJIMIN_01630	gene	297				
NHKJIMIN_01630	CDS	297				hypothetical protein
NHKJIMIN_01631	gene	141				
NHKJIMIN_01631	CDS	141				hypothetical protein
NHKJIMIN_01632	gene	759				
NHKJIMIN_01632	CDS	759				hypothetical protein
NHKJIMIN_01633	gene	336				
NHKJIMIN_01633	CDS	336				hypothetical protein
NHKJIMIN_01634	gene	405				
NHKJIMIN_01634	CDS	405				hypothetical protein
NHKJIMIN_01635	gene	342				
NHKJIMIN_01635	CDS	342				hypothetical protein
NHKJIMIN_01636	gene	288				
NHKJIMIN_01636	CDS	288				hypothetical protein
NHKJIMIN_01637	gene	1236				
NHKJIMIN_01637	CDS	1236				hypothetical protein
NHKJIMIN_01638	gene	471				
NHKJIMIN_01638	CDS	471				hypothetical protein
NHKJIMIN_01639	gene	141				
NHKJIMIN_01639	CDS	141				hypothetical protein
NHKJIMIN_01640	gene	207				
NHKJIMIN_01640	CDS	207				hypothetical protein
NHKJIMIN_01641	gene	657				
NHKJIMIN_01641	CDS	657				hypothetical protein
NHKJIMIN_01642	gene	771				
NHKJIMIN_01642	CDS	771				hypothetical protein
NHKJIMIN_01643	gene	597	susC_10			
NHKJIMIN_01643	CDS	597	susC_10		COG1629	TonB-dependent receptor SusC
NHKJIMIN_01644	gene	159				
NHKJIMIN_01644	CDS	159				hypothetical protein
NHKJIMIN_01645	gene	288				
NHKJIMIN_01645	CDS	288				hypothetical protein
NHKJIMIN_01646	gene	204				
NHKJIMIN_01646	CDS	204				hypothetical protein
NHKJIMIN_01647	gene	552				
NHKJIMIN_01647	CDS	552				hypothetical protein
NHKJIMIN_01648	gene	306				
NHKJIMIN_01648	CDS	306				hypothetical protein
NHKJIMIN_01649	gene	672				
NHKJIMIN_01649	CDS	672				hypothetical protein
NHKJIMIN_01650	gene	408	susB_1			
NHKJIMIN_01650	CDS	408	susB_1	3.2.1.3	COG1082	Glucan 1,4-alpha-glucosidase SusB
NHKJIMIN_01651	gene	552				
NHKJIMIN_01651	CDS	552				hypothetical protein
NHKJIMIN_01652	gene	222				
NHKJIMIN_01652	CDS	222				hypothetical protein
NHKJIMIN_01653	gene	234	susB_2			
NHKJIMIN_01653	CDS	234	susB_2	3.2.1.3	COG1082	Glucan 1,4-alpha-glucosidase SusB
NHKJIMIN_01654	gene	735	susB_3			
NHKJIMIN_01654	CDS	735	susB_3	3.2.1.3	COG1082	Glucan 1,4-alpha-glucosidase SusB
NHKJIMIN_01655	gene	288				
NHKJIMIN_01655	CDS	288				hypothetical protein
NHKJIMIN_01656	gene	354				
NHKJIMIN_01656	CDS	354				hypothetical protein
NHKJIMIN_01657	gene	216				
NHKJIMIN_01657	CDS	216				hypothetical protein
NHKJIMIN_01658	gene	633	menE_2			
NHKJIMIN_01658	CDS	633	menE_2	6.2.1.26		2-succinylbenzoate--CoA ligase
NHKJIMIN_01659	gene	408	menC_1			
NHKJIMIN_01659	CDS	408	menC_1	4.2.1.113	COG4948	o-succinylbenzoate synthase
NHKJIMIN_01660	gene	588	menC_2			
NHKJIMIN_01660	CDS	588	menC_2	4.2.1.113	COG4948	o-succinylbenzoate synthase
NHKJIMIN_01661	gene	249	menB_1			
NHKJIMIN_01661	CDS	249	menB_1	4.1.3.36		1,4-dihydroxy-2-naphthoyl-CoA synthase
NHKJIMIN_01662	gene	363	menB_2			
NHKJIMIN_01662	CDS	363	menB_2	4.1.3.36		1,4-dihydroxy-2-naphthoyl-CoA synthase
NHKJIMIN_01663	gene	294	menB_3			
NHKJIMIN_01663	CDS	294	menB_3	4.1.3.36	COG0447	1,4-dihydroxy-2-naphthoyl-CoA synthase
NHKJIMIN_01664	gene	348				
NHKJIMIN_01664	CDS	348				hypothetical protein
NHKJIMIN_01665	gene	357				
NHKJIMIN_01665	CDS	357				hypothetical protein
NHKJIMIN_01666	gene	318				
NHKJIMIN_01666	CDS	318				hypothetical protein
NHKJIMIN_01667	gene	246				
NHKJIMIN_01667	CDS	246				hypothetical protein
NHKJIMIN_01668	gene	714	menD_1			
NHKJIMIN_01668	CDS	714	menD_1	2.2.1.9	COG1165	2-succinyl-5-enolpyruvyl-6-hydroxy-3-cyclohexene-1-carboxylate synthase
NHKJIMIN_01669	gene	573	menD_2			
NHKJIMIN_01669	CDS	573	menD_2	2.2.1.9	COG1165	2-succinyl-5-enolpyruvyl-6-hydroxy-3-cyclohexene-1-carboxylate synthase
NHKJIMIN_01670	gene	129				
NHKJIMIN_01670	CDS	129				hypothetical protein
NHKJIMIN_01671	gene	168	pchA			
NHKJIMIN_01671	CDS	168	pchA	5.4.4.2		Salicylate biosynthesis isochorismate synthase
NHKJIMIN_01672	gene	474				
NHKJIMIN_01672	CDS	474				hypothetical protein
NHKJIMIN_01673	gene	294				
NHKJIMIN_01673	CDS	294				hypothetical protein
NHKJIMIN_01674	gene	243	menI			
NHKJIMIN_01674	CDS	243	menI	3.1.2.28		1,4-dihydroxy-2-naphthoyl-CoA hydrolase
NHKJIMIN_01675	gene	663	cof_1			
NHKJIMIN_01675	CDS	663	cof_1	3.6.1.-		HMP-PP phosphatase
NHKJIMIN_01676	gene	363				
NHKJIMIN_01676	CDS	363				hypothetical protein
NHKJIMIN_01677	gene	138				
NHKJIMIN_01677	CDS	138				hypothetical protein
NHKJIMIN_01678	gene	210	prfC_1			
NHKJIMIN_01678	CDS	210	prfC_1		COG4108	Peptide chain release factor 3
NHKJIMIN_01679	gene	474	prfC_2			
NHKJIMIN_01679	CDS	474	prfC_2			Peptide chain release factor 3
NHKJIMIN_01680	gene	294	prfC_3			
NHKJIMIN_01680	CDS	294	prfC_3		COG4108	Peptide chain release factor 3
NHKJIMIN_01681	gene	264	prfC_4			
NHKJIMIN_01681	CDS	264	prfC_4		COG4108	Peptide chain release factor 3
NHKJIMIN_01682	gene	138	prfC_5			
NHKJIMIN_01682	CDS	138	prfC_5		COG4108	Peptide chain release factor 3
NHKJIMIN_01683	gene	162				
NHKJIMIN_01683	CDS	162				hypothetical protein
NHKJIMIN_01684	gene	162				
NHKJIMIN_01684	CDS	162				hypothetical protein
NHKJIMIN_01685	gene	432				
NHKJIMIN_01685	CDS	432				hypothetical protein
NHKJIMIN_01686	gene	660				
NHKJIMIN_01686	CDS	660				hypothetical protein
NHKJIMIN_01687	gene	465				
NHKJIMIN_01687	CDS	465				hypothetical protein
NHKJIMIN_01688	gene	303				
NHKJIMIN_01688	CDS	303				hypothetical protein
NHKJIMIN_01689	gene	378				
NHKJIMIN_01689	CDS	378				hypothetical protein
NHKJIMIN_01690	gene	252				
NHKJIMIN_01690	CDS	252				hypothetical protein
NHKJIMIN_01691	gene	453	ybaL_1			
NHKJIMIN_01691	CDS	453	ybaL_1		COG1226	Putative cation/proton antiporter YbaL
NHKJIMIN_01692	gene	186				
NHKJIMIN_01692	CDS	186				hypothetical protein
NHKJIMIN_01693	gene	414				
NHKJIMIN_01693	CDS	414				hypothetical protein
NHKJIMIN_01694	gene	129				
NHKJIMIN_01694	CDS	129				hypothetical protein
NHKJIMIN_01695	gene	162				
NHKJIMIN_01695	CDS	162				hypothetical protein
NHKJIMIN_01696	gene	498				
NHKJIMIN_01696	CDS	498				hypothetical protein
NHKJIMIN_01697	gene	294				
NHKJIMIN_01697	CDS	294				hypothetical protein
NHKJIMIN_01698	gene	204				
NHKJIMIN_01698	CDS	204				hypothetical protein
NHKJIMIN_01699	gene	543				
NHKJIMIN_01699	CDS	543				hypothetical protein
NHKJIMIN_01700	gene	420				
NHKJIMIN_01700	CDS	420				hypothetical protein
NHKJIMIN_01701	gene	321				
NHKJIMIN_01701	CDS	321				hypothetical protein
NHKJIMIN_01702	gene	402	uidA			
NHKJIMIN_01702	CDS	402	uidA	3.2.1.31	COG3250	Beta-glucuronidase
NHKJIMIN_01703	gene	240				
NHKJIMIN_01703	CDS	240				hypothetical protein
NHKJIMIN_01704	gene	225				
NHKJIMIN_01704	CDS	225				hypothetical protein
NHKJIMIN_01705	gene	1068				
NHKJIMIN_01705	CDS	1068				hypothetical protein
NHKJIMIN_01706	gene	156				
NHKJIMIN_01706	CDS	156				hypothetical protein
NHKJIMIN_01707	gene	261				
NHKJIMIN_01707	CDS	261				hypothetical protein
NHKJIMIN_01708	gene	147				
NHKJIMIN_01708	CDS	147				hypothetical protein
NHKJIMIN_01709	gene	705				
NHKJIMIN_01709	CDS	705				hypothetical protein
NHKJIMIN_01710	gene	177				
NHKJIMIN_01710	CDS	177				hypothetical protein
NHKJIMIN_01711	gene	735				
NHKJIMIN_01711	CDS	735				hypothetical protein
NHKJIMIN_01712	gene	285				
NHKJIMIN_01712	CDS	285				hypothetical protein
NHKJIMIN_01713	gene	441				
NHKJIMIN_01713	CDS	441				hypothetical protein
NHKJIMIN_01714	gene	465				
NHKJIMIN_01714	CDS	465				hypothetical protein
NHKJIMIN_01715	gene	678				
NHKJIMIN_01715	CDS	678				hypothetical protein
NHKJIMIN_01716	gene	315				
NHKJIMIN_01716	CDS	315				hypothetical protein
NHKJIMIN_01717	gene	201				
NHKJIMIN_01717	CDS	201				hypothetical protein
NHKJIMIN_01718	gene	573				
NHKJIMIN_01718	CDS	573				hypothetical protein
NHKJIMIN_01719	gene	252				
NHKJIMIN_01719	CDS	252				hypothetical protein
NHKJIMIN_01720	gene	531				
NHKJIMIN_01720	CDS	531				hypothetical protein
NHKJIMIN_01721	gene	150				
NHKJIMIN_01721	CDS	150				hypothetical protein
NHKJIMIN_01722	gene	270				
NHKJIMIN_01722	CDS	270				hypothetical protein
NHKJIMIN_01723	gene	381	ziaA			
NHKJIMIN_01723	CDS	381	ziaA	7.2.2.12	COG2217	Zinc-transporting ATPase
NHKJIMIN_01724	gene	432	cadA_1			
NHKJIMIN_01724	CDS	432	cadA_1	7.2.2.12	COG2217	Cadmium, zinc and cobalt-transporting ATPase
NHKJIMIN_01725	gene	267	cadA_2			
NHKJIMIN_01725	CDS	267	cadA_2	7.2.2.12	COG2217	Cadmium, zinc and cobalt-transporting ATPase
NHKJIMIN_01726	gene	462	cadA_3			
NHKJIMIN_01726	CDS	462	cadA_3	7.2.2.12	COG2217	Cadmium, zinc and cobalt-transporting ATPase
NHKJIMIN_01727	gene	471				
NHKJIMIN_01727	CDS	471				hypothetical protein
NHKJIMIN_01728	gene	129				
NHKJIMIN_01728	CDS	129				hypothetical protein
NHKJIMIN_01729	gene	429				
NHKJIMIN_01729	CDS	429				IS1182 family transposase ISBf3
NHKJIMIN_01730	gene	303				
NHKJIMIN_01730	CDS	303				IS1182 family transposase ISMsp1
NHKJIMIN_01731	gene	630				
NHKJIMIN_01731	CDS	630				IS1182 family transposase ISBf5
NHKJIMIN_01732	gene	153				
NHKJIMIN_01732	CDS	153				hypothetical protein
NHKJIMIN_01733	gene	273	pal_1			
NHKJIMIN_01733	CDS	273	pal_1			Peptidoglycan-associated lipoprotein
NHKJIMIN_01734	gene	141				
NHKJIMIN_01734	CDS	141				hypothetical protein
NHKJIMIN_01735	gene	231				
NHKJIMIN_01735	CDS	231				hypothetical protein
NHKJIMIN_01736	gene	399				
NHKJIMIN_01736	CDS	399				hypothetical protein
NHKJIMIN_01737	gene	366				
NHKJIMIN_01737	CDS	366				hypothetical protein
NHKJIMIN_01738	gene	444				
NHKJIMIN_01738	CDS	444				hypothetical protein
NHKJIMIN_01739	gene	141				
NHKJIMIN_01739	CDS	141				hypothetical protein
NHKJIMIN_01740	gene	240	purF_1			
NHKJIMIN_01740	CDS	240	purF_1	2.4.2.14		Amidophosphoribosyltransferase
NHKJIMIN_01741	gene	264	purF_2			
NHKJIMIN_01741	CDS	264	purF_2	2.4.2.14		Amidophosphoribosyltransferase
NHKJIMIN_01742	gene	174				
NHKJIMIN_01742	CDS	174				hypothetical protein
NHKJIMIN_01743	gene	483	pepT_1			
NHKJIMIN_01743	CDS	483	pepT_1	3.4.11.4	COG2195	Peptidase T
NHKJIMIN_01744	gene	282	pepT_2			
NHKJIMIN_01744	CDS	282	pepT_2	3.4.11.4	COG2195	Peptidase T
NHKJIMIN_01745	gene	555	gcvT_1			
NHKJIMIN_01745	CDS	555	gcvT_1	2.1.2.10	COG0404	Aminomethyltransferase
NHKJIMIN_01746	gene	546	gcvT_2			
NHKJIMIN_01746	CDS	546	gcvT_2	2.1.2.10	COG0404	Aminomethyltransferase
NHKJIMIN_01747	gene	141				
NHKJIMIN_01747	CDS	141				hypothetical protein
NHKJIMIN_01748	gene	357	rcsC_4			
NHKJIMIN_01748	CDS	357	rcsC_4	2.7.13.3		Sensor histidine kinase RcsC
NHKJIMIN_01749	gene	132				
NHKJIMIN_01749	CDS	132				hypothetical protein
NHKJIMIN_01750	gene	96				
NHKJIMIN_01750	CDS	96				hypothetical protein
NHKJIMIN_01751	gene	1077				
NHKJIMIN_01751	CDS	1077				hypothetical protein
NHKJIMIN_01752	gene	162				
NHKJIMIN_01752	CDS	162				hypothetical protein
NHKJIMIN_01753	gene	510				
NHKJIMIN_01753	CDS	510				hypothetical protein
NHKJIMIN_01754	gene	642				
NHKJIMIN_01754	CDS	642				hypothetical protein
NHKJIMIN_01755	gene	279				
NHKJIMIN_01755	CDS	279				hypothetical protein
NHKJIMIN_01756	gene	321				
NHKJIMIN_01756	CDS	321				hypothetical protein
NHKJIMIN_01757	gene	708				
NHKJIMIN_01757	CDS	708				hypothetical protein
NHKJIMIN_01758	gene	204				
NHKJIMIN_01758	CDS	204				hypothetical protein
NHKJIMIN_01759	gene	330				
NHKJIMIN_01759	CDS	330				hypothetical protein
NHKJIMIN_01760	gene	342				
NHKJIMIN_01760	CDS	342				hypothetical protein
NHKJIMIN_01761	gene	156				
NHKJIMIN_01761	CDS	156				hypothetical protein
NHKJIMIN_01762	gene	204				
NHKJIMIN_01762	CDS	204				hypothetical protein
NHKJIMIN_01763	gene	573				
NHKJIMIN_01763	CDS	573				hypothetical protein
NHKJIMIN_01764	gene	96				
NHKJIMIN_01764	CDS	96				hypothetical protein
NHKJIMIN_01765	gene	576				
NHKJIMIN_01765	CDS	576				hypothetical protein
NHKJIMIN_01766	gene	258				
NHKJIMIN_01766	CDS	258				hypothetical protein
NHKJIMIN_01767	gene	144				
NHKJIMIN_01767	CDS	144				hypothetical protein
NHKJIMIN_01768	gene	201				
NHKJIMIN_01768	CDS	201				hypothetical protein
NHKJIMIN_01769	gene	159				
NHKJIMIN_01769	CDS	159				hypothetical protein
NHKJIMIN_01770	gene	198				
NHKJIMIN_01770	CDS	198				hypothetical protein
NHKJIMIN_01771	gene	228				
NHKJIMIN_01771	CDS	228				hypothetical protein
NHKJIMIN_01772	gene	138				
NHKJIMIN_01772	CDS	138				hypothetical protein
NHKJIMIN_01773	gene	294				
NHKJIMIN_01773	CDS	294				hypothetical protein
NHKJIMIN_01774	gene	423				
NHKJIMIN_01774	CDS	423				hypothetical protein
NHKJIMIN_01775	gene	453				
NHKJIMIN_01775	CDS	453				hypothetical protein
NHKJIMIN_01776	gene	120				
NHKJIMIN_01776	CDS	120				hypothetical protein
NHKJIMIN_01777	gene	174				
NHKJIMIN_01777	CDS	174				hypothetical protein
NHKJIMIN_01778	gene	159				
NHKJIMIN_01778	CDS	159				hypothetical protein
NHKJIMIN_01779	gene	231				
NHKJIMIN_01779	CDS	231				hypothetical protein
NHKJIMIN_01780	gene	396				
NHKJIMIN_01780	CDS	396				hypothetical protein
NHKJIMIN_01781	gene	111				
NHKJIMIN_01781	CDS	111				hypothetical protein
NHKJIMIN_01782	gene	303				
NHKJIMIN_01782	CDS	303				hypothetical protein
NHKJIMIN_01783	gene	288				
NHKJIMIN_01783	CDS	288				hypothetical protein
NHKJIMIN_01784	gene	273				
NHKJIMIN_01784	CDS	273				hypothetical protein
NHKJIMIN_01785	gene	195				
NHKJIMIN_01785	CDS	195				hypothetical protein
NHKJIMIN_01786	gene	201				
NHKJIMIN_01786	CDS	201				hypothetical protein
NHKJIMIN_01787	gene	102				
NHKJIMIN_01787	CDS	102				hypothetical protein
NHKJIMIN_01788	gene	99				
NHKJIMIN_01788	CDS	99				hypothetical protein
NHKJIMIN_01789	gene	129				
NHKJIMIN_01789	CDS	129				hypothetical protein
NHKJIMIN_01790	gene	207				
NHKJIMIN_01790	CDS	207				hypothetical protein
NHKJIMIN_01791	gene	273				
NHKJIMIN_01791	CDS	273				hypothetical protein
NHKJIMIN_01792	gene	84				
NHKJIMIN_01792	tRNA	84				tRNA-Ser(tga)
NHKJIMIN_01793	gene	264				
NHKJIMIN_01793	CDS	264				hypothetical protein
NHKJIMIN_01794	gene	279	mutS2_1			
NHKJIMIN_01794	CDS	279	mutS2_1	3.6.4.-		Endonuclease MutS2
NHKJIMIN_01795	gene	336				
NHKJIMIN_01795	CDS	336				hypothetical protein
NHKJIMIN_01796	gene	1164	mutS2_2			
NHKJIMIN_01796	CDS	1164	mutS2_2	3.6.4.-		Endonuclease MutS2
NHKJIMIN_01797	gene	162	mutS2_3			
NHKJIMIN_01797	CDS	162	mutS2_3	3.6.4.-		Endonuclease MutS2
NHKJIMIN_01798	gene	369				
NHKJIMIN_01798	CDS	369				hypothetical protein
NHKJIMIN_01799	gene	282				
NHKJIMIN_01799	CDS	282				hypothetical protein
NHKJIMIN_01800	gene	381	corA			
NHKJIMIN_01800	CDS	381	corA		COG0598	Cobalt/magnesium transport protein CorA
NHKJIMIN_01801	gene	663	sdaA			
NHKJIMIN_01801	CDS	663	sdaA	4.3.1.17	COG1760	L-serine dehydratase 1
NHKJIMIN_01802	gene	150				
NHKJIMIN_01802	CDS	150				hypothetical protein
NHKJIMIN_01803	gene	276				
NHKJIMIN_01803	CDS	276				hypothetical protein
NHKJIMIN_01804	gene	156				
NHKJIMIN_01804	CDS	156				hypothetical protein
NHKJIMIN_01805	gene	348				
NHKJIMIN_01805	CDS	348				hypothetical protein
NHKJIMIN_01806	gene	444				
NHKJIMIN_01806	CDS	444				hypothetical protein
NHKJIMIN_01807	gene	318				
NHKJIMIN_01807	CDS	318				hypothetical protein
NHKJIMIN_01808	gene	198				
NHKJIMIN_01808	CDS	198				hypothetical protein
NHKJIMIN_01809	gene	420				
NHKJIMIN_01809	CDS	420				hypothetical protein
NHKJIMIN_01810	gene	564	ahpC_1			
NHKJIMIN_01810	CDS	564	ahpC_1	1.11.1.26		Alkyl hydroperoxide reductase C
NHKJIMIN_01811	gene	408	ahpF_1			
NHKJIMIN_01811	CDS	408	ahpF_1	7.1.1.2	COG3634	NADH dehydrogenase
NHKJIMIN_01812	gene	303	ahpF_2			
NHKJIMIN_01812	CDS	303	ahpF_2	1.8.1.-		Alkyl hydroperoxide reductase subunit F
NHKJIMIN_01813	gene	336	ahpF_3			
NHKJIMIN_01813	CDS	336	ahpF_3	7.1.1.2		NADH dehydrogenase
NHKJIMIN_01814	gene	249				
NHKJIMIN_01814	CDS	249				hypothetical protein
NHKJIMIN_01815	gene	438				
NHKJIMIN_01815	CDS	438				hypothetical protein
NHKJIMIN_01816	gene	573				
NHKJIMIN_01816	CDS	573				hypothetical protein
NHKJIMIN_01817	gene	144				
NHKJIMIN_01817	CDS	144				hypothetical protein
NHKJIMIN_01818	gene	222				
NHKJIMIN_01818	CDS	222				hypothetical protein
NHKJIMIN_01819	gene	234				
NHKJIMIN_01819	CDS	234				hypothetical protein
NHKJIMIN_01820	gene	225				
NHKJIMIN_01820	CDS	225				hypothetical protein
NHKJIMIN_01821	gene	258				
NHKJIMIN_01821	CDS	258				hypothetical protein
NHKJIMIN_01822	gene	1077				
NHKJIMIN_01822	CDS	1077				hypothetical protein
NHKJIMIN_01823	gene	234				
NHKJIMIN_01823	CDS	234				hypothetical protein
NHKJIMIN_01824	gene	390				
NHKJIMIN_01824	CDS	390				hypothetical protein
NHKJIMIN_01825	gene	969				
NHKJIMIN_01825	CDS	969			COG4771	TonB-dependent receptor P3
NHKJIMIN_01826	gene	402				
NHKJIMIN_01826	CDS	402				hypothetical protein
NHKJIMIN_01827	gene	534				
NHKJIMIN_01827	CDS	534				hypothetical protein
NHKJIMIN_01828	gene	648	susC_11			
NHKJIMIN_01828	CDS	648	susC_11		COG1629	TonB-dependent receptor SusC
NHKJIMIN_01829	gene	432				
NHKJIMIN_01829	CDS	432				hypothetical protein
NHKJIMIN_01830	gene	720				
NHKJIMIN_01830	CDS	720				hypothetical protein
NHKJIMIN_01831	gene	132				
NHKJIMIN_01831	CDS	132				hypothetical protein
NHKJIMIN_01832	gene	144				
NHKJIMIN_01832	CDS	144				hypothetical protein
NHKJIMIN_01833	gene	768	xynD			
NHKJIMIN_01833	CDS	768	xynD	3.2.1.55	COG3507	Arabinoxylan arabinofuranohydrolase
NHKJIMIN_01834	gene	231				
NHKJIMIN_01834	CDS	231				hypothetical protein
NHKJIMIN_01835	gene	264				
NHKJIMIN_01835	CDS	264				hypothetical protein
NHKJIMIN_01836	gene	159				
NHKJIMIN_01836	CDS	159				hypothetical protein
NHKJIMIN_01837	gene	420				
NHKJIMIN_01837	CDS	420				hypothetical protein
NHKJIMIN_01838	gene	528				
NHKJIMIN_01838	CDS	528				hypothetical protein
NHKJIMIN_01839	gene	780				
NHKJIMIN_01839	CDS	780		2.4.1.161	COG1501	Oligosaccharide 4-alpha-D-glucosyltransferase
NHKJIMIN_01840	gene	174				
NHKJIMIN_01840	CDS	174				hypothetical protein
NHKJIMIN_01841	gene	132				
NHKJIMIN_01841	CDS	132				hypothetical protein
NHKJIMIN_01842	gene	192				
NHKJIMIN_01842	CDS	192				hypothetical protein
NHKJIMIN_01843	gene	261				
NHKJIMIN_01843	CDS	261				hypothetical protein
NHKJIMIN_01844	gene	180				
NHKJIMIN_01844	CDS	180				hypothetical protein
NHKJIMIN_01845	gene	1146	katA_1			
NHKJIMIN_01845	CDS	1146	katA_1	1.11.1.6		Catalase
NHKJIMIN_01846	gene	174	katA_2			
NHKJIMIN_01846	CDS	174	katA_2	1.11.1.6		Catalase
NHKJIMIN_01847	gene	435				
NHKJIMIN_01847	CDS	435				hypothetical protein
NHKJIMIN_01848	gene	258	ktrA			
NHKJIMIN_01848	CDS	258	ktrA		COG0569	Ktr system potassium uptake protein A
NHKJIMIN_01849	gene	447	ktrB			
NHKJIMIN_01849	CDS	447	ktrB		COG0168	Ktr system potassium uptake protein B
NHKJIMIN_01850	gene	510				
NHKJIMIN_01850	CDS	510				hypothetical protein
NHKJIMIN_01851	gene	828				
NHKJIMIN_01851	CDS	828				hypothetical protein
NHKJIMIN_01852	gene	177	trpB_1			
NHKJIMIN_01852	CDS	177	trpB_1	4.2.1.20		Tryptophan synthase beta chain
NHKJIMIN_01853	gene	225				
NHKJIMIN_01853	CDS	225				hypothetical protein
NHKJIMIN_01854	gene	615	trpB_2			
NHKJIMIN_01854	CDS	615	trpB_2	4.2.1.20	COG0133	Tryptophan synthase beta chain
NHKJIMIN_01855	gene	129				
NHKJIMIN_01855	CDS	129				hypothetical protein
NHKJIMIN_01856	gene	384	nfo_1			
NHKJIMIN_01856	CDS	384	nfo_1	3.1.21.2	COG0648	Endonuclease 4
NHKJIMIN_01857	gene	201	nfo_2			
NHKJIMIN_01857	CDS	201	nfo_2	3.1.21.2	COG0648	Endonuclease 4
NHKJIMIN_01858	gene	480				
NHKJIMIN_01858	CDS	480				hypothetical protein
NHKJIMIN_01859	gene	180				
NHKJIMIN_01859	CDS	180				hypothetical protein
NHKJIMIN_01860	gene	207				
NHKJIMIN_01860	CDS	207				hypothetical protein
NHKJIMIN_01861	gene	285				
NHKJIMIN_01861	CDS	285				hypothetical protein
NHKJIMIN_01862	gene	333				
NHKJIMIN_01862	CDS	333				hypothetical protein
NHKJIMIN_01863	gene	777				
NHKJIMIN_01863	CDS	777				hypothetical protein
NHKJIMIN_01864	gene	804				
NHKJIMIN_01864	CDS	804				hypothetical protein
NHKJIMIN_01865	gene	297				
NHKJIMIN_01865	CDS	297				hypothetical protein
NHKJIMIN_01866	gene	162				
NHKJIMIN_01866	CDS	162				hypothetical protein
NHKJIMIN_01867	gene	426				
NHKJIMIN_01867	CDS	426				hypothetical protein
NHKJIMIN_01868	gene	225				
NHKJIMIN_01868	CDS	225				hypothetical protein
NHKJIMIN_01869	gene	510				
NHKJIMIN_01869	CDS	510				hypothetical protein
NHKJIMIN_01870	gene	537				
NHKJIMIN_01870	CDS	537				hypothetical protein
NHKJIMIN_01871	gene	333				
NHKJIMIN_01871	CDS	333				hypothetical protein
NHKJIMIN_01872	gene	870	rapA			
NHKJIMIN_01872	CDS	870	rapA	3.6.4.-		RNA polymerase-associated protein RapA
NHKJIMIN_01873	gene	231				
NHKJIMIN_01873	CDS	231				hypothetical protein
NHKJIMIN_01874	gene	159				
NHKJIMIN_01874	CDS	159				hypothetical protein
NHKJIMIN_01875	gene	198				
NHKJIMIN_01875	CDS	198				hypothetical protein
NHKJIMIN_01876	gene	315				
NHKJIMIN_01876	CDS	315				hypothetical protein
NHKJIMIN_01877	gene	1077				
NHKJIMIN_01877	CDS	1077				hypothetical protein
NHKJIMIN_01878	gene	138				
NHKJIMIN_01878	CDS	138				hypothetical protein
NHKJIMIN_01879	gene	282				
NHKJIMIN_01879	CDS	282				hypothetical protein
NHKJIMIN_01880	gene	195				
NHKJIMIN_01880	CDS	195				hypothetical protein
NHKJIMIN_01881	gene	339				
NHKJIMIN_01881	CDS	339				hypothetical protein
NHKJIMIN_01882	gene	435				
NHKJIMIN_01882	CDS	435				hypothetical protein
NHKJIMIN_01883	gene	435				
NHKJIMIN_01883	CDS	435				hypothetical protein
NHKJIMIN_01884	gene	249				
NHKJIMIN_01884	CDS	249				hypothetical protein
NHKJIMIN_01885	gene	300				
NHKJIMIN_01885	CDS	300				hypothetical protein
NHKJIMIN_01886	gene	195				
NHKJIMIN_01886	CDS	195				hypothetical protein
NHKJIMIN_01887	gene	234				
NHKJIMIN_01887	CDS	234				hypothetical protein
NHKJIMIN_01888	gene	243				
NHKJIMIN_01888	CDS	243				hypothetical protein
NHKJIMIN_01889	gene	336				
NHKJIMIN_01889	CDS	336				hypothetical protein
NHKJIMIN_01890	gene	99				
NHKJIMIN_01890	CDS	99				hypothetical protein
NHKJIMIN_01891	gene	444				
NHKJIMIN_01891	CDS	444				hypothetical protein
NHKJIMIN_01892	gene	117				
NHKJIMIN_01892	CDS	117				hypothetical protein
NHKJIMIN_01893	gene	210				
NHKJIMIN_01893	CDS	210				hypothetical protein
NHKJIMIN_01894	gene	309				
NHKJIMIN_01894	CDS	309				hypothetical protein
NHKJIMIN_01895	gene	1137				
NHKJIMIN_01895	CDS	1137				hypothetical protein
NHKJIMIN_01896	gene	210				
NHKJIMIN_01896	CDS	210				hypothetical protein
NHKJIMIN_01897	gene	792				
NHKJIMIN_01897	CDS	792				hypothetical protein
NHKJIMIN_01898	gene	273				
NHKJIMIN_01898	CDS	273				hypothetical protein
NHKJIMIN_01899	gene	306				
NHKJIMIN_01899	CDS	306				hypothetical protein
NHKJIMIN_01900	gene	240	xerC_5			
NHKJIMIN_01900	CDS	240	xerC_5			Tyrosine recombinase XerC
NHKJIMIN_01901	gene	1011				
NHKJIMIN_01901	CDS	1011				hypothetical protein
NHKJIMIN_01902	gene	546				
NHKJIMIN_01902	CDS	546				hypothetical protein
NHKJIMIN_01903	gene	774	dnaK2			
NHKJIMIN_01903	CDS	774	dnaK2		COG0443	Chaperone protein DnaK2
NHKJIMIN_01904	gene	252	dnaK_1			
NHKJIMIN_01904	CDS	252	dnaK_1			Chaperone protein DnaK
NHKJIMIN_01905	gene	306	dnaK_2			
NHKJIMIN_01905	CDS	306	dnaK_2			Chaperone protein DnaK
NHKJIMIN_01906	gene	291	dnaK_3			
NHKJIMIN_01906	CDS	291	dnaK_3			Chaperone protein DnaK
NHKJIMIN_01907	gene	120	dnaK_4			
NHKJIMIN_01907	CDS	120	dnaK_4		COG0443	Chaperone protein DnaK
NHKJIMIN_01908	gene	408				
NHKJIMIN_01908	CDS	408				hypothetical protein
NHKJIMIN_01909	gene	138				
NHKJIMIN_01909	CDS	138				hypothetical protein
NHKJIMIN_01910	gene	252				
NHKJIMIN_01910	CDS	252				hypothetical protein
NHKJIMIN_01911	gene	450				
NHKJIMIN_01911	CDS	450				hypothetical protein
NHKJIMIN_01912	gene	243				
NHKJIMIN_01912	CDS	243				hypothetical protein
NHKJIMIN_01913	gene	213				
NHKJIMIN_01913	CDS	213				hypothetical protein
NHKJIMIN_01914	gene	528				
NHKJIMIN_01914	CDS	528				hypothetical protein
NHKJIMIN_01915	gene	114				
NHKJIMIN_01915	CDS	114				hypothetical protein
NHKJIMIN_01916	gene	807				
NHKJIMIN_01916	CDS	807				hypothetical protein
NHKJIMIN_01917	gene	969	hmuU_1			
NHKJIMIN_01917	CDS	969	hmuU_1		COG0609	Hemin transport system permease protein HmuU
NHKJIMIN_01918	gene	144				
NHKJIMIN_01918	CDS	144				hypothetical protein
NHKJIMIN_01919	gene	267				
NHKJIMIN_01919	CDS	267				hypothetical protein
NHKJIMIN_01920	gene	294				
NHKJIMIN_01920	CDS	294				hypothetical protein
NHKJIMIN_01921	gene	303				
NHKJIMIN_01921	CDS	303				hypothetical protein
NHKJIMIN_01922	gene	252				
NHKJIMIN_01922	CDS	252				hypothetical protein
NHKJIMIN_01923	gene	240				
NHKJIMIN_01923	CDS	240				hypothetical protein
NHKJIMIN_01924	gene	186				
NHKJIMIN_01924	CDS	186				hypothetical protein
NHKJIMIN_01925	gene	471				
NHKJIMIN_01925	CDS	471		1.5.1.55	COG1748	Carboxyaminopropylagmatine dehydrogenase
NHKJIMIN_01926	gene	501				
NHKJIMIN_01926	CDS	501		1.5.1.55	COG1748	Carboxyaminopropylagmatine dehydrogenase
NHKJIMIN_01927	gene	150				
NHKJIMIN_01927	CDS	150		1.5.1.55	COG1748	Carboxyaminopropylagmatine dehydrogenase
NHKJIMIN_01928	gene	213				
NHKJIMIN_01928	CDS	213				hypothetical protein
NHKJIMIN_01929	gene	183				
NHKJIMIN_01929	CDS	183				hypothetical protein
NHKJIMIN_01930	gene	357	recA_1			
NHKJIMIN_01930	CDS	357	recA_1			Protein RecA
NHKJIMIN_01931	gene	687	recA_2			
NHKJIMIN_01931	CDS	687	recA_2			Protein RecA
NHKJIMIN_01932	gene	228				
NHKJIMIN_01932	CDS	228				hypothetical protein
NHKJIMIN_01933	gene	135				
NHKJIMIN_01933	CDS	135				hypothetical protein
NHKJIMIN_01934	gene	321				
NHKJIMIN_01934	CDS	321				hypothetical protein
NHKJIMIN_01935	gene	315				
NHKJIMIN_01935	CDS	315				hypothetical protein
NHKJIMIN_01936	gene	159				
NHKJIMIN_01936	CDS	159				hypothetical protein
NHKJIMIN_01937	gene	180				
NHKJIMIN_01937	CDS	180				hypothetical protein
NHKJIMIN_01938	gene	192				
NHKJIMIN_01938	CDS	192				hypothetical protein
NHKJIMIN_01939	gene	105				
NHKJIMIN_01939	CDS	105				hypothetical protein
NHKJIMIN_01940	gene	306				
NHKJIMIN_01940	CDS	306				hypothetical protein
NHKJIMIN_01941	gene	345				
NHKJIMIN_01941	CDS	345				hypothetical protein
NHKJIMIN_01942	gene	399				
NHKJIMIN_01942	CDS	399				hypothetical protein
NHKJIMIN_01943	gene	624				
NHKJIMIN_01943	CDS	624				hypothetical protein
NHKJIMIN_01944	gene	417	clpB_1			
NHKJIMIN_01944	CDS	417	clpB_1		COG0542	Chaperone protein ClpB
NHKJIMIN_01945	gene	519	clpB1_1			
NHKJIMIN_01945	CDS	519	clpB1_1		COG0542	Chaperone protein ClpB 1
NHKJIMIN_01946	gene	126				
NHKJIMIN_01946	CDS	126				hypothetical protein
NHKJIMIN_01947	gene	327	clpB1_2			
NHKJIMIN_01947	CDS	327	clpB1_2		COG0542	Chaperone protein ClpB 1
NHKJIMIN_01948	gene	306	clpB_2			
NHKJIMIN_01948	CDS	306	clpB_2			Chaperone protein ClpB
NHKJIMIN_01949	gene	90				
NHKJIMIN_01949	CDS	90				hypothetical protein
NHKJIMIN_01950	gene	132				
NHKJIMIN_01950	CDS	132				hypothetical protein
NHKJIMIN_01951	gene	348				
NHKJIMIN_01951	CDS	348				hypothetical protein
NHKJIMIN_01952	gene	348				
NHKJIMIN_01952	CDS	348				hypothetical protein
NHKJIMIN_01953	gene	357	coaE_1			
NHKJIMIN_01953	CDS	357	coaE_1	2.7.1.24		Dephospho-CoA kinase
NHKJIMIN_01954	gene	324	coaE_2			
NHKJIMIN_01954	CDS	324	coaE_2	2.7.1.24		Dephospho-CoA kinase
NHKJIMIN_01955	gene	192				
NHKJIMIN_01955	CDS	192				hypothetical protein
NHKJIMIN_01956	gene	309				
NHKJIMIN_01956	CDS	309				hypothetical protein
NHKJIMIN_01957	gene	147				
NHKJIMIN_01957	CDS	147				hypothetical protein
NHKJIMIN_01958	gene	309				
NHKJIMIN_01958	CDS	309				hypothetical protein
NHKJIMIN_01959	gene	237	nusB			
NHKJIMIN_01959	CDS	237	nusB			Transcription antitermination protein NusB
NHKJIMIN_01960	gene	693				
NHKJIMIN_01960	CDS	693				hypothetical protein
NHKJIMIN_01961	gene	129				
NHKJIMIN_01961	CDS	129				hypothetical protein
NHKJIMIN_01962	gene	228	rplY_1			
NHKJIMIN_01962	CDS	228	rplY_1			Large ribosomal subunit protein bL25
NHKJIMIN_01963	gene	372	rplY_2			
NHKJIMIN_01963	CDS	372	rplY_2			Large ribosomal subunit protein bL25
NHKJIMIN_01964	gene	273	pth			
NHKJIMIN_01964	CDS	273	pth	3.1.1.29		Peptidyl-tRNA hydrolase
NHKJIMIN_01965	gene	468				
NHKJIMIN_01965	CDS	468				hypothetical protein
NHKJIMIN_01966	gene	255				
NHKJIMIN_01966	CDS	255				hypothetical protein
NHKJIMIN_01967	gene	351				
NHKJIMIN_01967	CDS	351				hypothetical protein
NHKJIMIN_01968	gene	225				
NHKJIMIN_01968	CDS	225				hypothetical protein
NHKJIMIN_01969	gene	486				
NHKJIMIN_01969	CDS	486				hypothetical protein
NHKJIMIN_01970	gene	870				
NHKJIMIN_01970	CDS	870				hypothetical protein
NHKJIMIN_01971	gene	258				
NHKJIMIN_01971	CDS	258				hypothetical protein
NHKJIMIN_01972	gene	327				
NHKJIMIN_01972	CDS	327				hypothetical protein
NHKJIMIN_01973	gene	198				
NHKJIMIN_01973	CDS	198				hypothetical protein
NHKJIMIN_01974	gene	135				
NHKJIMIN_01974	CDS	135				hypothetical protein
NHKJIMIN_01975	gene	447	susB_4			
NHKJIMIN_01975	CDS	447	susB_4	3.2.1.3	COG1082	Glucan 1,4-alpha-glucosidase SusB
NHKJIMIN_01976	gene	177	susB_5			
NHKJIMIN_01976	CDS	177	susB_5	3.2.1.3	COG1082	Glucan 1,4-alpha-glucosidase SusB
NHKJIMIN_01977	gene	759	susB_6			
NHKJIMIN_01977	CDS	759	susB_6	3.2.1.3	COG1082	Glucan 1,4-alpha-glucosidase SusB
NHKJIMIN_01978	gene	285	susB_7			
NHKJIMIN_01978	CDS	285	susB_7	3.2.1.3	COG1082	Glucan 1,4-alpha-glucosidase SusB
NHKJIMIN_01979	gene	228	susB_8			
NHKJIMIN_01979	CDS	228	susB_8	3.2.1.3	COG1082	Glucan 1,4-alpha-glucosidase SusB
NHKJIMIN_01980	gene	90				
NHKJIMIN_01980	CDS	90				hypothetical protein
NHKJIMIN_01981	gene	243	fluC			
NHKJIMIN_01981	CDS	243	fluC			Fluoride-specific ion channel FluC
NHKJIMIN_01982	gene	699				
NHKJIMIN_01982	CDS	699				hypothetical protein
NHKJIMIN_01983	gene	435	eno_1			
NHKJIMIN_01983	CDS	435	eno_1	4.2.1.11		Enolase
NHKJIMIN_01984	gene	177	eno_2			
NHKJIMIN_01984	CDS	177	eno_2	4.2.1.11		Enolase
NHKJIMIN_01985	gene	285	eno_3			
NHKJIMIN_01985	CDS	285	eno_3	4.2.1.11		Enolase
NHKJIMIN_01986	gene	150	eno_4			
NHKJIMIN_01986	CDS	150	eno_4	4.2.1.11	COG0148	Enolase
NHKJIMIN_01987	gene	330	eno_5			
NHKJIMIN_01987	CDS	330	eno_5	4.2.1.11		Enolase
NHKJIMIN_01988	gene	468				
NHKJIMIN_01988	CDS	468				hypothetical protein
NHKJIMIN_01989	gene	258				
NHKJIMIN_01989	CDS	258				hypothetical protein
NHKJIMIN_01990	gene	183				
NHKJIMIN_01990	CDS	183				hypothetical protein
NHKJIMIN_01991	gene	231				
NHKJIMIN_01991	CDS	231				hypothetical protein
NHKJIMIN_01992	gene	228				
NHKJIMIN_01992	CDS	228				hypothetical protein
NHKJIMIN_01993	gene	171				
NHKJIMIN_01993	CDS	171				hypothetical protein
NHKJIMIN_01994	gene	222				
NHKJIMIN_01994	CDS	222				hypothetical protein
NHKJIMIN_01995	gene	183	htdZ_1			
NHKJIMIN_01995	CDS	183	htdZ_1	4.2.1.-	COG2030	3-hydroxyacyl-thioester dehydratase Z
NHKJIMIN_01996	gene	327	htdZ_2			
NHKJIMIN_01996	CDS	327	htdZ_2	4.2.1.-	COG2030	3-hydroxyacyl-thioester dehydratase Z
NHKJIMIN_01997	gene	249				
NHKJIMIN_01997	CDS	249				hypothetical protein
NHKJIMIN_01998	gene	303				
NHKJIMIN_01998	CDS	303				hypothetical protein
NHKJIMIN_01999	gene	249	ytfE			
NHKJIMIN_01999	CDS	249	ytfE			Iron-sulfur cluster repair protein YtfE
NHKJIMIN_02000	gene	171				
NHKJIMIN_02000	CDS	171				hypothetical protein
NHKJIMIN_02001	gene	279				
NHKJIMIN_02001	CDS	279				hypothetical protein
NHKJIMIN_02002	gene	189				
NHKJIMIN_02002	CDS	189				hypothetical protein
NHKJIMIN_02003	gene	228				
NHKJIMIN_02003	CDS	228				hypothetical protein
NHKJIMIN_02004	gene	1062				
NHKJIMIN_02004	CDS	1062				hypothetical protein
NHKJIMIN_02005	gene	210				
NHKJIMIN_02005	CDS	210				hypothetical protein
NHKJIMIN_02006	gene	1338				
NHKJIMIN_02006	CDS	1338				hypothetical protein
NHKJIMIN_02007	gene	546				
NHKJIMIN_02007	CDS	546				hypothetical protein
NHKJIMIN_02008	gene	816				
NHKJIMIN_02008	CDS	816				hypothetical protein
NHKJIMIN_02009	gene	321				
NHKJIMIN_02009	CDS	321				hypothetical protein
NHKJIMIN_02010	gene	501				
NHKJIMIN_02010	CDS	501				hypothetical protein
NHKJIMIN_02011	gene	393				
NHKJIMIN_02011	CDS	393				hypothetical protein
NHKJIMIN_02012	gene	294				
NHKJIMIN_02012	CDS	294				hypothetical protein
NHKJIMIN_02013	gene	219				
NHKJIMIN_02013	CDS	219				hypothetical protein
NHKJIMIN_02014	gene	117				
NHKJIMIN_02014	CDS	117				hypothetical protein
NHKJIMIN_02015	gene	177				
NHKJIMIN_02015	CDS	177				hypothetical protein
NHKJIMIN_02016	gene	369				
NHKJIMIN_02016	CDS	369				hypothetical protein
NHKJIMIN_02017	gene	702				
NHKJIMIN_02017	CDS	702				hypothetical protein
NHKJIMIN_02018	gene	153				
NHKJIMIN_02018	CDS	153				hypothetical protein
NHKJIMIN_02019	gene	558				
NHKJIMIN_02019	CDS	558				hypothetical protein
NHKJIMIN_02020	gene	138				
NHKJIMIN_02020	CDS	138				hypothetical protein
NHKJIMIN_02021	gene	354				
NHKJIMIN_02021	CDS	354				hypothetical protein
NHKJIMIN_02022	gene	357				
NHKJIMIN_02022	CDS	357				hypothetical protein
NHKJIMIN_02023	gene	327				
NHKJIMIN_02023	CDS	327				hypothetical protein
NHKJIMIN_02024	gene	501				
NHKJIMIN_02024	CDS	501				hypothetical protein
NHKJIMIN_02025	gene	189				
NHKJIMIN_02025	CDS	189				hypothetical protein
NHKJIMIN_02026	gene	549				
NHKJIMIN_02026	CDS	549				hypothetical protein
NHKJIMIN_02027	gene	285				
NHKJIMIN_02027	CDS	285				hypothetical protein
NHKJIMIN_02028	gene	858				
NHKJIMIN_02028	CDS	858				hypothetical protein
NHKJIMIN_02029	gene	936				
NHKJIMIN_02029	CDS	936				hypothetical protein
NHKJIMIN_02030	gene	288				
NHKJIMIN_02030	CDS	288				hypothetical protein
NHKJIMIN_02031	gene	234				
NHKJIMIN_02031	CDS	234				hypothetical protein
NHKJIMIN_02032	gene	411				
NHKJIMIN_02032	CDS	411				hypothetical protein
NHKJIMIN_02033	gene	312				
NHKJIMIN_02033	CDS	312				hypothetical protein
NHKJIMIN_02034	gene	309				
NHKJIMIN_02034	CDS	309				hypothetical protein
NHKJIMIN_02035	gene	183				
NHKJIMIN_02035	CDS	183				hypothetical protein
NHKJIMIN_02036	gene	195				
NHKJIMIN_02036	CDS	195				hypothetical protein
NHKJIMIN_02037	gene	363				
NHKJIMIN_02037	CDS	363				hypothetical protein
NHKJIMIN_02038	gene	189				
NHKJIMIN_02038	CDS	189				hypothetical protein
NHKJIMIN_02039	gene	294				
NHKJIMIN_02039	CDS	294				hypothetical protein
NHKJIMIN_02040	gene	174	madB_1			
NHKJIMIN_02040	CDS	174	madB_1	7.2.4.1		Carboxybiotin decarboxylase
NHKJIMIN_02041	gene	294				
NHKJIMIN_02041	CDS	294				hypothetical protein
NHKJIMIN_02042	gene	174				
NHKJIMIN_02042	CDS	174				hypothetical protein
NHKJIMIN_02043	gene	390	madB_2			
NHKJIMIN_02043	CDS	390	madB_2	7.2.4.1		Carboxybiotin decarboxylase
NHKJIMIN_02044	gene	666				
NHKJIMIN_02044	CDS	666				hypothetical protein
NHKJIMIN_02045	gene	132				
NHKJIMIN_02045	CDS	132				hypothetical protein
NHKJIMIN_02046	gene	357				
NHKJIMIN_02046	CDS	357				hypothetical protein
NHKJIMIN_02047	gene	111				
NHKJIMIN_02047	CDS	111				hypothetical protein
NHKJIMIN_02048	gene	534				
NHKJIMIN_02048	CDS	534				hypothetical protein
NHKJIMIN_02049	gene	393				
NHKJIMIN_02049	CDS	393				hypothetical protein
NHKJIMIN_02050	gene	189				
NHKJIMIN_02050	CDS	189				hypothetical protein
NHKJIMIN_02051	gene	195				
NHKJIMIN_02051	CDS	195				hypothetical protein
NHKJIMIN_02052	gene	1263				
NHKJIMIN_02052	CDS	1263				hypothetical protein
NHKJIMIN_02053	gene	1026				
NHKJIMIN_02053	CDS	1026				hypothetical protein
NHKJIMIN_02054	gene	507				
NHKJIMIN_02054	CDS	507				hypothetical protein
NHKJIMIN_02055	gene	234				
NHKJIMIN_02055	CDS	234				hypothetical protein
NHKJIMIN_02056	gene	225	dinB_1			
NHKJIMIN_02056	CDS	225	dinB_1	2.7.7.7		DNA polymerase IV
NHKJIMIN_02057	gene	249	dinB_2			
NHKJIMIN_02057	CDS	249	dinB_2	2.7.7.7	COG0389	DNA polymerase IV
NHKJIMIN_02058	gene	330	dinB_3			
NHKJIMIN_02058	CDS	330	dinB_3	2.7.7.7	COG0389	DNA polymerase IV
NHKJIMIN_02059	gene	300	btr			
NHKJIMIN_02059	CDS	300	btr		COG0614	HTH-type transcriptional activator Btr
NHKJIMIN_02060	gene	249				
NHKJIMIN_02060	CDS	249				hypothetical protein
NHKJIMIN_02061	gene	207				
NHKJIMIN_02061	CDS	207				hypothetical protein
NHKJIMIN_02062	gene	252				
NHKJIMIN_02062	CDS	252				hypothetical protein
NHKJIMIN_02063	gene	156				
NHKJIMIN_02063	CDS	156				hypothetical protein
NHKJIMIN_02064	gene	942				
NHKJIMIN_02064	CDS	942				hypothetical protein
NHKJIMIN_02065	gene	711				
NHKJIMIN_02065	CDS	711				hypothetical protein
NHKJIMIN_02066	gene	222				
NHKJIMIN_02066	CDS	222				hypothetical protein
NHKJIMIN_02067	gene	429				
NHKJIMIN_02067	CDS	429				hypothetical protein
NHKJIMIN_02068	gene	394	ssrA			
NHKJIMIN_02068	tmRNA	394	ssrA			transfer-messenger RNA, SsrA
NHKJIMIN_02069	gene	1032	pgl_2			
NHKJIMIN_02069	CDS	1032	pgl_2	3.1.1.31	COG2706	6-phosphogluconolactonase
NHKJIMIN_02070	gene	342				
NHKJIMIN_02070	CDS	342				hypothetical protein
NHKJIMIN_02071	gene	438				
NHKJIMIN_02071	CDS	438				hypothetical protein
NHKJIMIN_02072	gene	480				
NHKJIMIN_02072	CDS	480				hypothetical protein
NHKJIMIN_02073	gene	351				
NHKJIMIN_02073	CDS	351				hypothetical protein
NHKJIMIN_02074	gene	189				
NHKJIMIN_02074	CDS	189				hypothetical protein
NHKJIMIN_02075	gene	246				
NHKJIMIN_02075	CDS	246				hypothetical protein
NHKJIMIN_02076	gene	237				
NHKJIMIN_02076	CDS	237				hypothetical protein
NHKJIMIN_02077	gene	102				
NHKJIMIN_02077	CDS	102				hypothetical protein
NHKJIMIN_02078	gene	372				
NHKJIMIN_02078	CDS	372		2.4.2.1	COG1496	Purine nucleoside phosphorylase
NHKJIMIN_02079	gene	135				
NHKJIMIN_02079	CDS	135				hypothetical protein
NHKJIMIN_02080	gene	264				
NHKJIMIN_02080	CDS	264				hypothetical protein
NHKJIMIN_02081	gene	486	cgtA			
NHKJIMIN_02081	CDS	486	cgtA	3.6.5.-		GTPase Obg/CgtA
NHKJIMIN_02082	gene	534	obg			
NHKJIMIN_02082	CDS	534	obg	3.6.5.-		GTPase Obg
NHKJIMIN_02083	gene	570	adk1			
NHKJIMIN_02083	CDS	570	adk1	2.7.4.3	COG0563	Adenylate kinase 1
NHKJIMIN_02084	gene	468	hpt			
NHKJIMIN_02084	CDS	468	hpt	2.4.2.8		Hypoxanthine phosphoribosyltransferase
NHKJIMIN_02085	gene	192				
NHKJIMIN_02085	CDS	192				hypothetical protein
NHKJIMIN_02086	gene	366	btuB_4			
NHKJIMIN_02086	CDS	366	btuB_4			Vitamin B12 transporter BtuB
NHKJIMIN_02087	gene	231				
NHKJIMIN_02087	CDS	231				hypothetical protein
NHKJIMIN_02088	gene	357				
NHKJIMIN_02088	CDS	357				hypothetical protein
NHKJIMIN_02089	gene	519				
NHKJIMIN_02089	CDS	519				hypothetical protein
NHKJIMIN_02090	gene	198				
NHKJIMIN_02090	CDS	198				hypothetical protein
NHKJIMIN_02091	gene	414				
NHKJIMIN_02091	CDS	414				hypothetical protein
NHKJIMIN_02092	gene	318				
NHKJIMIN_02092	CDS	318				hypothetical protein
NHKJIMIN_02093	gene	633				
NHKJIMIN_02093	CDS	633				hypothetical protein
NHKJIMIN_02094	gene	210				
NHKJIMIN_02094	CDS	210				hypothetical protein
NHKJIMIN_02095	gene	219				
NHKJIMIN_02095	CDS	219				hypothetical protein
NHKJIMIN_02096	gene	261				
NHKJIMIN_02096	CDS	261				hypothetical protein
NHKJIMIN_02097	gene	204				
NHKJIMIN_02097	CDS	204				hypothetical protein
NHKJIMIN_02098	gene	393				
NHKJIMIN_02098	CDS	393				hypothetical protein
NHKJIMIN_02099	gene	453				
NHKJIMIN_02099	CDS	453				hypothetical protein
NHKJIMIN_02100	gene	288				
NHKJIMIN_02100	CDS	288				hypothetical protein
NHKJIMIN_02101	gene	222	mshA_1			
NHKJIMIN_02101	CDS	222	mshA_1	2.4.1.250		D-inositol-3-phosphate glycosyltransferase
NHKJIMIN_02102	gene	189				
NHKJIMIN_02102	CDS	189				hypothetical protein
NHKJIMIN_02103	gene	102				
NHKJIMIN_02103	CDS	102				hypothetical protein
NHKJIMIN_02104	gene	426				
NHKJIMIN_02104	CDS	426				hypothetical protein
NHKJIMIN_02105	gene	345				
NHKJIMIN_02105	CDS	345				hypothetical protein
NHKJIMIN_02106	gene	330				
NHKJIMIN_02106	CDS	330				hypothetical protein
NHKJIMIN_02107	gene	294				
NHKJIMIN_02107	CDS	294				hypothetical protein
NHKJIMIN_02108	gene	342				
NHKJIMIN_02108	CDS	342				hypothetical protein
NHKJIMIN_02109	gene	276	wcdA			
NHKJIMIN_02109	CDS	276	wcdA	1.1.1.136	COG0677	UDP-N-acetyl-D-glucosamine 6-dehydrogenase
NHKJIMIN_02110	gene	564	wbpO			
NHKJIMIN_02110	CDS	564	wbpO	1.1.1.136		UDP-N-acetyl-D-glucosamine 6-dehydrogenase
NHKJIMIN_02111	gene	414				
NHKJIMIN_02111	CDS	414				hypothetical protein
NHKJIMIN_02112	gene	144				
NHKJIMIN_02112	CDS	144				hypothetical protein
NHKJIMIN_02113	gene	399				
NHKJIMIN_02113	CDS	399				hypothetical protein
NHKJIMIN_02114	gene	363				
NHKJIMIN_02114	CDS	363				hypothetical protein
NHKJIMIN_02115	gene	474				
NHKJIMIN_02115	CDS	474				hypothetical protein
NHKJIMIN_02116	gene	345				
NHKJIMIN_02116	CDS	345				hypothetical protein
NHKJIMIN_02117	gene	141				
NHKJIMIN_02117	CDS	141				hypothetical protein
NHKJIMIN_02118	gene	372	citE_1			
NHKJIMIN_02118	CDS	372	citE_1	4.1.3.6		Citrate lyase subunit beta
NHKJIMIN_02119	gene	543	citE_2			
NHKJIMIN_02119	CDS	543	citE_2	4.1.3.6		Citrate lyase subunit beta
NHKJIMIN_02120	gene	360				
NHKJIMIN_02120	CDS	360				hypothetical protein
NHKJIMIN_02121	gene	213				
NHKJIMIN_02121	CDS	213				hypothetical protein
NHKJIMIN_02122	gene	219				
NHKJIMIN_02122	CDS	219				hypothetical protein
NHKJIMIN_02123	gene	402				
NHKJIMIN_02123	CDS	402				hypothetical protein
NHKJIMIN_02124	gene	282				
NHKJIMIN_02124	CDS	282				hypothetical protein
NHKJIMIN_02125	gene	276				
NHKJIMIN_02125	CDS	276				hypothetical protein
NHKJIMIN_02126	gene	342				
NHKJIMIN_02126	CDS	342				hypothetical protein
NHKJIMIN_02127	gene	231				
NHKJIMIN_02127	CDS	231				hypothetical protein
NHKJIMIN_02128	gene	282				
NHKJIMIN_02128	CDS	282				hypothetical protein
NHKJIMIN_02129	gene	309				
NHKJIMIN_02129	CDS	309				hypothetical protein
NHKJIMIN_02130	gene	297				
NHKJIMIN_02130	CDS	297				hypothetical protein
NHKJIMIN_02131	gene	147				
NHKJIMIN_02131	CDS	147				hypothetical protein
NHKJIMIN_02132	gene	531				
NHKJIMIN_02132	CDS	531				hypothetical protein
NHKJIMIN_02133	gene	459				
NHKJIMIN_02133	CDS	459				hypothetical protein
NHKJIMIN_02134	gene	279	nnrE			
NHKJIMIN_02134	CDS	279	nnrE	5.1.99.6		NAD(P)H-hydrate epimerase
NHKJIMIN_02135	gene	267	nnrD			
NHKJIMIN_02135	CDS	267	nnrD	4.2.1.136		ADP-dependent (S)-NAD(P)H-hydrate dehydratase
NHKJIMIN_02136	gene	522	nnr			
NHKJIMIN_02136	CDS	522	nnr		COG0062	Bifunctional NAD(P)H-hydrate repair enzyme Nnr
NHKJIMIN_02137	gene	339				
NHKJIMIN_02137	CDS	339				hypothetical protein
NHKJIMIN_02138	gene	144				
NHKJIMIN_02138	CDS	144				hypothetical protein
NHKJIMIN_02139	gene	141				
NHKJIMIN_02139	CDS	141				hypothetical protein
NHKJIMIN_02140	gene	195				
NHKJIMIN_02140	CDS	195				hypothetical protein
NHKJIMIN_02141	gene	201	pqqD			
NHKJIMIN_02141	CDS	201	pqqD			PqqA binding protein
NHKJIMIN_02142	gene	213				
NHKJIMIN_02142	CDS	213				hypothetical protein
NHKJIMIN_02143	gene	618				
NHKJIMIN_02143	CDS	618				hypothetical protein
NHKJIMIN_02144	gene	264				
NHKJIMIN_02144	CDS	264				hypothetical protein
NHKJIMIN_02145	gene	204				
NHKJIMIN_02145	CDS	204				hypothetical protein
NHKJIMIN_02146	gene	213				
NHKJIMIN_02146	CDS	213				hypothetical protein
NHKJIMIN_02147	gene	381				
NHKJIMIN_02147	CDS	381				hypothetical protein
NHKJIMIN_02148	gene	294				
NHKJIMIN_02148	CDS	294				hypothetical protein
NHKJIMIN_02149	gene	162				
NHKJIMIN_02149	CDS	162				hypothetical protein
NHKJIMIN_02150	gene	219				
NHKJIMIN_02150	CDS	219				hypothetical protein
NHKJIMIN_02151	gene	501				
NHKJIMIN_02151	CDS	501				hypothetical protein
NHKJIMIN_02152	gene	606	norR_1			
NHKJIMIN_02152	CDS	606	norR_1			Anaerobic nitric oxide reductase transcription regulator NorR
NHKJIMIN_02153	gene	237	norR2			
NHKJIMIN_02153	CDS	237	norR2		COG3604	Nitric oxide reductase transcription regulator NorR2
NHKJIMIN_02154	gene	294	dctD			
NHKJIMIN_02154	CDS	294	dctD		COG2204	C4-dicarboxylate transport transcriptional regulatory protein DctD
NHKJIMIN_02155	gene	744	pdxA			
NHKJIMIN_02155	CDS	744	pdxA	1.1.1.262	COG1995	4-hydroxythreonine-4-phosphate dehydrogenase
NHKJIMIN_02156	gene	300				
NHKJIMIN_02156	CDS	300				hypothetical protein
NHKJIMIN_02157	gene	528				
NHKJIMIN_02157	CDS	528				hypothetical protein
NHKJIMIN_02158	gene	468				
NHKJIMIN_02158	CDS	468				hypothetical protein
NHKJIMIN_02159	gene	312	rlmN_1			
NHKJIMIN_02159	CDS	312	rlmN_1	2.1.1.192		putative dual-specificity RNA methyltransferase RlmN
NHKJIMIN_02160	gene	657	rlmN_2			
NHKJIMIN_02160	CDS	657	rlmN_2	2.1.1.192	COG0820	Dual-specificity RNA methyltransferase RlmN
NHKJIMIN_02161	gene	132				
NHKJIMIN_02161	CDS	132				hypothetical protein
NHKJIMIN_02162	gene	978				
NHKJIMIN_02162	CDS	978				hypothetical protein
NHKJIMIN_02163	gene	636				
NHKJIMIN_02163	CDS	636				hypothetical protein
NHKJIMIN_02164	gene	240				
NHKJIMIN_02164	CDS	240				hypothetical protein
NHKJIMIN_02165	gene	321				
NHKJIMIN_02165	CDS	321				hypothetical protein
NHKJIMIN_02166	gene	138				
NHKJIMIN_02166	CDS	138				hypothetical protein
NHKJIMIN_02167	gene	510				
NHKJIMIN_02167	CDS	510				hypothetical protein
NHKJIMIN_02168	gene	306				
NHKJIMIN_02168	CDS	306				hypothetical protein
NHKJIMIN_02169	gene	219				
NHKJIMIN_02169	CDS	219				hypothetical protein
NHKJIMIN_02170	gene	330				
NHKJIMIN_02170	CDS	330				hypothetical protein
NHKJIMIN_02171	gene	414				
NHKJIMIN_02171	CDS	414				hypothetical protein
NHKJIMIN_02172	gene	567				
NHKJIMIN_02172	CDS	567				hypothetical protein
NHKJIMIN_02173	gene	384				
NHKJIMIN_02173	CDS	384				hypothetical protein
NHKJIMIN_02174	gene	174				
NHKJIMIN_02174	CDS	174				hypothetical protein
NHKJIMIN_02175	gene	372				
NHKJIMIN_02175	CDS	372				hypothetical protein
NHKJIMIN_02176	gene	225				
NHKJIMIN_02176	CDS	225				hypothetical protein
NHKJIMIN_02177	gene	201				
NHKJIMIN_02177	CDS	201				hypothetical protein
NHKJIMIN_02178	gene	402				
NHKJIMIN_02178	CDS	402				hypothetical protein
NHKJIMIN_02179	gene	252	coaX_1			
NHKJIMIN_02179	CDS	252	coaX_1	2.7.1.33		Type III pantothenate kinase
NHKJIMIN_02180	gene	330	coaX_2			
NHKJIMIN_02180	CDS	330	coaX_2	2.7.1.33		Type III pantothenate kinase
NHKJIMIN_02181	gene	294				
NHKJIMIN_02181	CDS	294				hypothetical protein
NHKJIMIN_02182	gene	423				
NHKJIMIN_02182	CDS	423				hypothetical protein
NHKJIMIN_02183	gene	204				
NHKJIMIN_02183	CDS	204				hypothetical protein
NHKJIMIN_02184	gene	438				
NHKJIMIN_02184	CDS	438				hypothetical protein
NHKJIMIN_02185	gene	657	pafA_1			
NHKJIMIN_02185	CDS	657	pafA_1	3.1.3.1	COG1524	Alkaline phosphatase PafA
NHKJIMIN_02186	gene	273	pafA_2			
NHKJIMIN_02186	CDS	273	pafA_2	3.1.3.1	COG1524	Alkaline phosphatase PafA
NHKJIMIN_02187	gene	294				
NHKJIMIN_02187	CDS	294				hypothetical protein
NHKJIMIN_02188	gene	492	secA_1			
NHKJIMIN_02188	CDS	492	secA_1	7.4.2.8		Protein translocase subunit SecA
NHKJIMIN_02189	gene	375	secA_2			
NHKJIMIN_02189	CDS	375	secA_2	7.4.2.8		Protein translocase subunit SecA
NHKJIMIN_02190	gene	375				
NHKJIMIN_02190	CDS	375				hypothetical protein
NHKJIMIN_02191	gene	525	secA_3			
NHKJIMIN_02191	CDS	525	secA_3	7.4.2.8		Protein translocase subunit SecA
NHKJIMIN_02192	gene	687	secA_4			
NHKJIMIN_02192	CDS	687	secA_4	7.4.2.8		Protein translocase subunit SecA
NHKJIMIN_02193	gene	615	secA_5			
NHKJIMIN_02193	CDS	615	secA_5	7.4.2.8		Protein translocase subunit SecA
NHKJIMIN_02194	gene	210				
NHKJIMIN_02194	CDS	210				hypothetical protein
NHKJIMIN_02195	gene	402				
NHKJIMIN_02195	CDS	402				hypothetical protein
NHKJIMIN_02196	gene	195				
NHKJIMIN_02196	CDS	195				hypothetical protein
NHKJIMIN_02197	gene	210				
NHKJIMIN_02197	CDS	210				hypothetical protein
NHKJIMIN_02198	gene	174				
NHKJIMIN_02198	CDS	174				hypothetical protein
NHKJIMIN_02199	gene	204				
NHKJIMIN_02199	CDS	204				hypothetical protein
NHKJIMIN_02200	gene	93				
NHKJIMIN_02200	CDS	93				hypothetical protein
NHKJIMIN_02201	gene	753				
NHKJIMIN_02201	CDS	753		3.1.6.-	COG3119	N-acetylgalactosamine-6-O-sulfatase
NHKJIMIN_02202	gene	303				
NHKJIMIN_02202	CDS	303		3.1.6.-	COG3119	N-acetylgalactosamine-6-O-sulfatase
NHKJIMIN_02203	gene	231				
NHKJIMIN_02203	CDS	231		3.1.6.-	COG3119	N-acetylgalactosamine-6-O-sulfatase
NHKJIMIN_02204	gene	390				
NHKJIMIN_02204	CDS	390		3.1.6.-	COG3119	N-acetylgalactosamine-6-O-sulfatase
NHKJIMIN_02205	gene	291				
NHKJIMIN_02205	CDS	291		3.1.6.-	COG3119	N-acetylgalactosamine-6-O-sulfatase
NHKJIMIN_02206	gene	177				
NHKJIMIN_02206	CDS	177		3.1.6.-	COG3119	N-acetylgalactosamine-6-O-sulfatase
NHKJIMIN_02207	gene	411				
NHKJIMIN_02207	CDS	411		3.1.6.-	COG3119	N-acetylgalactosamine-6-O-sulfatase
NHKJIMIN_02208	gene	381				
NHKJIMIN_02208	CDS	381		3.1.6.-	COG3119	N-acetylgalactosamine-6-O-sulfatase
NHKJIMIN_02209	gene	345				
NHKJIMIN_02209	CDS	345				hypothetical protein
NHKJIMIN_02210	gene	261				
NHKJIMIN_02210	CDS	261				hypothetical protein
NHKJIMIN_02211	gene	489				
NHKJIMIN_02211	CDS	489				hypothetical protein
NHKJIMIN_02212	gene	138				
NHKJIMIN_02212	CDS	138				hypothetical protein
NHKJIMIN_02213	gene	549				
NHKJIMIN_02213	CDS	549			COG4771	TonB-dependent receptor P3
NHKJIMIN_02214	gene	291				
NHKJIMIN_02214	CDS	291				hypothetical protein
NHKJIMIN_02215	gene	396				
NHKJIMIN_02215	CDS	396				hypothetical protein
NHKJIMIN_02216	gene	426				
NHKJIMIN_02216	CDS	426			COG4771	TonB-dependent receptor P3
NHKJIMIN_02217	gene	339				
NHKJIMIN_02217	CDS	339				hypothetical protein
NHKJIMIN_02218	gene	609	susC_12			
NHKJIMIN_02218	CDS	609	susC_12		COG1629	TonB-dependent receptor SusC
NHKJIMIN_02219	gene	258				
NHKJIMIN_02219	CDS	258			COG4771	TonB-dependent receptor P39
NHKJIMIN_02220	gene	303				
NHKJIMIN_02220	CDS	303				hypothetical protein
NHKJIMIN_02221	gene	285				
NHKJIMIN_02221	CDS	285				hypothetical protein
NHKJIMIN_02222	gene	234				
NHKJIMIN_02222	CDS	234				hypothetical protein
NHKJIMIN_02223	gene	549				
NHKJIMIN_02223	CDS	549				hypothetical protein
NHKJIMIN_02224	gene	231				
NHKJIMIN_02224	CDS	231				hypothetical protein
NHKJIMIN_02225	gene	255				
NHKJIMIN_02225	CDS	255				hypothetical protein
NHKJIMIN_02226	gene	153				
NHKJIMIN_02226	CDS	153				hypothetical protein
NHKJIMIN_02227	gene	165				
NHKJIMIN_02227	CDS	165				hypothetical protein
NHKJIMIN_02228	gene	561				
NHKJIMIN_02228	CDS	561				hypothetical protein
NHKJIMIN_02229	gene	468				
NHKJIMIN_02229	CDS	468				hypothetical protein
NHKJIMIN_02230	gene	351				
NHKJIMIN_02230	CDS	351				hypothetical protein
NHKJIMIN_02231	gene	195				
NHKJIMIN_02231	CDS	195				hypothetical protein
NHKJIMIN_02232	gene	216				
NHKJIMIN_02232	CDS	216				hypothetical protein
NHKJIMIN_02233	gene	858				
NHKJIMIN_02233	CDS	858				hypothetical protein
NHKJIMIN_02234	gene	429				
NHKJIMIN_02234	CDS	429				hypothetical protein
NHKJIMIN_02235	gene	396				
NHKJIMIN_02235	CDS	396				hypothetical protein
NHKJIMIN_02236	gene	627				
NHKJIMIN_02236	CDS	627				hypothetical protein
NHKJIMIN_02237	gene	330				
NHKJIMIN_02237	CDS	330				hypothetical protein
NHKJIMIN_02238	gene	288				
NHKJIMIN_02238	CDS	288				hypothetical protein
NHKJIMIN_02239	gene	162				
NHKJIMIN_02239	CDS	162				hypothetical protein
NHKJIMIN_02240	gene	348				
NHKJIMIN_02240	CDS	348				hypothetical protein
NHKJIMIN_02241	gene	180				
NHKJIMIN_02241	CDS	180				hypothetical protein
NHKJIMIN_02242	gene	444				
NHKJIMIN_02242	CDS	444				hypothetical protein
NHKJIMIN_02243	gene	162				
NHKJIMIN_02243	CDS	162				hypothetical protein
NHKJIMIN_02244	gene	690				
NHKJIMIN_02244	CDS	690				hypothetical protein
NHKJIMIN_02245	gene	315				
NHKJIMIN_02245	CDS	315				hypothetical protein
NHKJIMIN_02246	gene	339				
NHKJIMIN_02246	CDS	339				hypothetical protein
NHKJIMIN_02247	gene	282	sasA_2			
NHKJIMIN_02247	CDS	282	sasA_2	2.7.13.3		Adaptive-response sensory-kinase SasA
NHKJIMIN_02248	gene	267				
NHKJIMIN_02248	CDS	267				hypothetical protein
NHKJIMIN_02249	gene	354	rcsC_5			
NHKJIMIN_02249	CDS	354	rcsC_5	2.7.13.3		Sensor histidine kinase RcsC
NHKJIMIN_02250	gene	141				
NHKJIMIN_02250	CDS	141				hypothetical protein
NHKJIMIN_02251	gene	156				
NHKJIMIN_02251	CDS	156				hypothetical protein
NHKJIMIN_02252	gene	234				
NHKJIMIN_02252	CDS	234				hypothetical protein
NHKJIMIN_02253	gene	489	valS_1			
NHKJIMIN_02253	CDS	489	valS_1	6.1.1.9		Valine--tRNA ligase
NHKJIMIN_02254	gene	423	valS_2			
NHKJIMIN_02254	CDS	423	valS_2	6.1.1.9		Valine--tRNA ligase
NHKJIMIN_02255	gene	420	valS_3			
NHKJIMIN_02255	CDS	420	valS_3	6.1.1.9		Valine--tRNA ligase
NHKJIMIN_02256	gene	951	valS_4			
NHKJIMIN_02256	CDS	951	valS_4	6.1.1.9		Valine--tRNA ligase
NHKJIMIN_02257	gene	165	valS_5			
NHKJIMIN_02257	CDS	165	valS_5	6.1.1.9		Valine--tRNA ligase
NHKJIMIN_02258	gene	243				
NHKJIMIN_02258	CDS	243				hypothetical protein
NHKJIMIN_02259	gene	270				
NHKJIMIN_02259	CDS	270				hypothetical protein
NHKJIMIN_02260	gene	267				
NHKJIMIN_02260	CDS	267				hypothetical protein
NHKJIMIN_02261	gene	249				
NHKJIMIN_02261	CDS	249				hypothetical protein
NHKJIMIN_02262	gene	114				
NHKJIMIN_02262	CDS	114				hypothetical protein
NHKJIMIN_02263	gene	228				
NHKJIMIN_02263	CDS	228				hypothetical protein
NHKJIMIN_02264	gene	378				
NHKJIMIN_02264	CDS	378				hypothetical protein
NHKJIMIN_02265	gene	234				
NHKJIMIN_02265	CDS	234				hypothetical protein
NHKJIMIN_02266	gene	111				
NHKJIMIN_02266	CDS	111				hypothetical protein
NHKJIMIN_02267	gene	186				
NHKJIMIN_02267	CDS	186				hypothetical protein
NHKJIMIN_02268	gene	390				
NHKJIMIN_02268	CDS	390				hypothetical protein
NHKJIMIN_02269	gene	138				
NHKJIMIN_02269	CDS	138				hypothetical protein
NHKJIMIN_02270	gene	336	rbn			
NHKJIMIN_02270	CDS	336	rbn	3.1.26.11		Ribonuclease BN
NHKJIMIN_02271	gene	231				
NHKJIMIN_02271	CDS	231				hypothetical protein
NHKJIMIN_02272	gene	237				
NHKJIMIN_02272	CDS	237				hypothetical protein
NHKJIMIN_02273	gene	540				
NHKJIMIN_02273	CDS	540				hypothetical protein
NHKJIMIN_02274	gene	741	rpsA			
NHKJIMIN_02274	CDS	741	rpsA			Small ribosomal subunit protein bS1
NHKJIMIN_02275	gene	429				
NHKJIMIN_02275	CDS	429				hypothetical protein
NHKJIMIN_02276	gene	168				
NHKJIMIN_02276	CDS	168				hypothetical protein
NHKJIMIN_02277	gene	165				
NHKJIMIN_02277	CDS	165				hypothetical protein
NHKJIMIN_02278	gene	231	ret			
NHKJIMIN_02278	CDS	231	ret	2.7.7.49		Retron Ec86 reverse transcriptase
NHKJIMIN_02279	gene	330				
NHKJIMIN_02279	CDS	330				hypothetical protein
NHKJIMIN_02280	gene	420				
NHKJIMIN_02280	CDS	420				hypothetical protein
NHKJIMIN_02281	gene	351				
NHKJIMIN_02281	CDS	351				hypothetical protein
NHKJIMIN_02282	gene	570				
NHKJIMIN_02282	CDS	570				hypothetical protein
NHKJIMIN_02283	gene	231				
NHKJIMIN_02283	CDS	231				hypothetical protein
NHKJIMIN_02284	gene	162				
NHKJIMIN_02284	CDS	162				hypothetical protein
NHKJIMIN_02285	gene	150				
NHKJIMIN_02285	CDS	150				hypothetical protein
NHKJIMIN_02286	gene	360				
NHKJIMIN_02286	CDS	360				hypothetical protein
NHKJIMIN_02287	gene	348				
NHKJIMIN_02287	CDS	348				hypothetical protein
NHKJIMIN_02288	gene	483	glnA_1			
NHKJIMIN_02288	CDS	483	glnA_1	6.3.1.2		Glutamine synthetase
NHKJIMIN_02289	gene	456	glnA_2			
NHKJIMIN_02289	CDS	456	glnA_2	6.3.1.2		Glutamine synthetase
NHKJIMIN_02290	gene	129	glnA_3			
NHKJIMIN_02290	CDS	129	glnA_3	6.3.1.2		Glutamine synthetase
NHKJIMIN_02291	gene	822	glnA_4			
NHKJIMIN_02291	CDS	822	glnA_4	6.3.1.2		Glutamine synthetase
NHKJIMIN_02292	gene	117				
NHKJIMIN_02292	CDS	117				hypothetical protein
NHKJIMIN_02293	gene	165				
NHKJIMIN_02293	CDS	165				hypothetical protein
NHKJIMIN_02294	gene	537	crp			
NHKJIMIN_02294	CDS	537	crp			CRP-like cAMP-activated global transcriptional regulator
NHKJIMIN_02295	gene	483				
NHKJIMIN_02295	CDS	483				hypothetical protein
NHKJIMIN_02296	gene	513				
NHKJIMIN_02296	CDS	513		3.2.1.52	COG3525	Beta-hexosaminidase
NHKJIMIN_02297	gene	453				
NHKJIMIN_02297	CDS	453		3.2.1.52	COG3525	Beta-hexosaminidase
NHKJIMIN_02298	gene	141				
NHKJIMIN_02298	CDS	141				hypothetical protein
NHKJIMIN_02299	gene	543				
NHKJIMIN_02299	CDS	543				hypothetical protein
NHKJIMIN_02300	gene	489	trxB			
NHKJIMIN_02300	CDS	489	trxB	1.8.1.9	COG0492	Thioredoxin reductase
NHKJIMIN_02301	gene	324				
NHKJIMIN_02301	CDS	324		4.3.1.9	COG0492	Glucosaminate ammonia-lyase
NHKJIMIN_02302	gene	192				
NHKJIMIN_02302	CDS	192				hypothetical protein
NHKJIMIN_02303	gene	177				
NHKJIMIN_02303	CDS	177				hypothetical protein
NHKJIMIN_02304	gene	369				
NHKJIMIN_02304	CDS	369				hypothetical protein
NHKJIMIN_02305	gene	144				
NHKJIMIN_02305	CDS	144				hypothetical protein
NHKJIMIN_02306	gene	273	ftsK_1			
NHKJIMIN_02306	CDS	273	ftsK_1		COG0697	DNA translocase FtsK
NHKJIMIN_02307	gene	558	spoIIIE			
NHKJIMIN_02307	CDS	558	spoIIIE		COG1674	DNA translocase SpoIIIE
NHKJIMIN_02308	gene	195	ftsK_2			
NHKJIMIN_02308	CDS	195	ftsK_2		COG1178	DNA translocase FtsK
NHKJIMIN_02309	gene	402				
NHKJIMIN_02309	CDS	402				hypothetical protein
NHKJIMIN_02310	gene	282				
NHKJIMIN_02310	CDS	282				hypothetical protein
NHKJIMIN_02311	gene	372				
NHKJIMIN_02311	CDS	372				hypothetical protein
NHKJIMIN_02312	gene	219				
NHKJIMIN_02312	CDS	219				hypothetical protein
NHKJIMIN_02313	gene	204				
NHKJIMIN_02313	CDS	204				hypothetical protein
NHKJIMIN_02314	gene	324				
NHKJIMIN_02314	CDS	324				hypothetical protein
NHKJIMIN_02315	gene	165				
NHKJIMIN_02315	CDS	165				hypothetical protein
NHKJIMIN_02316	gene	228				
NHKJIMIN_02316	CDS	228				hypothetical protein
NHKJIMIN_02317	gene	429	rnd			
NHKJIMIN_02317	CDS	429	rnd	3.1.13.5		Ribonuclease D
NHKJIMIN_02318	gene	540	rlmI_1			
NHKJIMIN_02318	CDS	540	rlmI_1	2.1.1.191	COG1092	Ribosomal RNA large subunit methyltransferase I
NHKJIMIN_02319	gene	240	rlmI_2			
NHKJIMIN_02319	CDS	240	rlmI_2	2.1.1.191		Ribosomal RNA large subunit methyltransferase I
NHKJIMIN_02320	gene	324	rlmI_3			
NHKJIMIN_02320	CDS	324	rlmI_3	2.1.1.191	COG1092	Ribosomal RNA large subunit methyltransferase I
NHKJIMIN_02321	gene	399	xapB			
NHKJIMIN_02321	CDS	399	xapB		COG2211	Xanthosine permease
NHKJIMIN_02322	gene	492	nupG_1			
NHKJIMIN_02322	CDS	492	nupG_1		COG2211	Nucleoside permease NupG
NHKJIMIN_02323	gene	339	nupG_2			
NHKJIMIN_02323	CDS	339	nupG_2		COG2211	Nucleoside permease NupG
NHKJIMIN_02324	gene	570				
NHKJIMIN_02324	CDS	570			COG1259	putative protein
NHKJIMIN_02325	gene	414				
NHKJIMIN_02325	CDS	414				hypothetical protein
NHKJIMIN_02326	gene	186				
NHKJIMIN_02326	CDS	186				hypothetical protein
NHKJIMIN_02327	gene	516				
NHKJIMIN_02327	CDS	516				hypothetical protein
NHKJIMIN_02328	gene	159				
NHKJIMIN_02328	CDS	159				hypothetical protein
NHKJIMIN_02329	gene	213				
NHKJIMIN_02329	CDS	213				hypothetical protein
NHKJIMIN_02330	gene	396				
NHKJIMIN_02330	CDS	396				hypothetical protein
NHKJIMIN_02331	gene	627	btuD_1			
NHKJIMIN_02331	CDS	627	btuD_1	7.6.2.8		Vitamin B12 import ATP-binding protein BtuD
NHKJIMIN_02332	gene	171				
NHKJIMIN_02332	CDS	171				hypothetical protein
NHKJIMIN_02333	gene	447				
NHKJIMIN_02333	CDS	447				hypothetical protein
NHKJIMIN_02334	gene	432	miaA_1			
NHKJIMIN_02334	CDS	432	miaA_1	2.5.1.75		tRNA dimethylallyltransferase
NHKJIMIN_02335	gene	222				
NHKJIMIN_02335	CDS	222				hypothetical protein
NHKJIMIN_02336	gene	327	yegS_1			
NHKJIMIN_02336	CDS	327	yegS_1	2.7.1.-		lipid kinase YegS
NHKJIMIN_02337	gene	258				
NHKJIMIN_02337	CDS	258				hypothetical protein
NHKJIMIN_02338	gene	390	kdsA_1			
NHKJIMIN_02338	CDS	390	kdsA_1	2.5.1.55		2-dehydro-3-deoxyphosphooctonate aldolase
NHKJIMIN_02339	gene	153	kdsA_2			
NHKJIMIN_02339	CDS	153	kdsA_2	2.5.1.55		2-dehydro-3-deoxyphosphooctonate aldolase
NHKJIMIN_02340	gene	264	kdsA_3			
NHKJIMIN_02340	CDS	264	kdsA_3	2.5.1.55	COG2877	2-dehydro-3-deoxyphosphooctonate aldolase
NHKJIMIN_02341	gene	288				
NHKJIMIN_02341	CDS	288				hypothetical protein
NHKJIMIN_02342	gene	180	pqqL_1			
NHKJIMIN_02342	CDS	180	pqqL_1	3.4.24.-	COG0612	putative zinc protease PqqL
NHKJIMIN_02343	gene	906	pqqL_2			
NHKJIMIN_02343	CDS	906	pqqL_2	3.4.24.-	COG0612	putative zinc protease PqqL
NHKJIMIN_02344	gene	426				
NHKJIMIN_02344	CDS	426				hypothetical protein
NHKJIMIN_02345	gene	258				
NHKJIMIN_02345	CDS	258				hypothetical protein
NHKJIMIN_02346	gene	168				
NHKJIMIN_02346	CDS	168				hypothetical protein
NHKJIMIN_02347	gene	351				
NHKJIMIN_02347	CDS	351				hypothetical protein
NHKJIMIN_02348	gene	456				
NHKJIMIN_02348	CDS	456				hypothetical protein
NHKJIMIN_02349	gene	219				
NHKJIMIN_02349	CDS	219				hypothetical protein
NHKJIMIN_02350	gene	681				
NHKJIMIN_02350	CDS	681				hypothetical protein
NHKJIMIN_02351	gene	333	ybhF_1			
NHKJIMIN_02351	CDS	333	ybhF_1		COG1131	putative multidrug ABC transporter ATP-binding protein YbhF
NHKJIMIN_02352	gene	216	bcrA			
NHKJIMIN_02352	CDS	216	bcrA			Bacitracin transport ATP-binding protein BcrA
NHKJIMIN_02353	gene	213				
NHKJIMIN_02353	CDS	213				hypothetical protein
NHKJIMIN_02354	gene	261	mepS			
NHKJIMIN_02354	CDS	261	mepS	3.4.-.-	COG0791	Murein DD-endopeptidase MepS/Murein LD-carboxypeptidase
NHKJIMIN_02355	gene	690	indB			
NHKJIMIN_02355	CDS	690	indB	3.-.-.-	COG0546	putative phosphatase IndB
NHKJIMIN_02356	gene	366	rplU			
NHKJIMIN_02356	CDS	366	rplU			Large ribosomal subunit protein bL21
NHKJIMIN_02357	gene	270	rpmA			
NHKJIMIN_02357	CDS	270	rpmA			Large ribosomal subunit protein bL27
NHKJIMIN_02358	gene	183				
NHKJIMIN_02358	CDS	183				hypothetical protein
NHKJIMIN_02359	gene	168				
NHKJIMIN_02359	CDS	168				hypothetical protein
NHKJIMIN_02360	gene	168	serS_1			
NHKJIMIN_02360	CDS	168	serS_1	6.1.1.11		Serine--tRNA ligase
NHKJIMIN_02361	gene	141	serS_2			
NHKJIMIN_02361	CDS	141	serS_2	6.1.1.11		Serine--tRNA ligase
NHKJIMIN_02362	gene	534	serS_3			
NHKJIMIN_02362	CDS	534	serS_3	6.1.1.11		Serine--tRNA ligase
NHKJIMIN_02363	gene	201				
NHKJIMIN_02363	CDS	201				hypothetical protein
NHKJIMIN_02364	gene	1161	fucP_1			
NHKJIMIN_02364	CDS	1161	fucP_1		COG0738	L-fucose-proton symporter
NHKJIMIN_02365	gene	456				
NHKJIMIN_02365	CDS	456			COG0543	Dihydroorotate dehydrogenase B (NAD(+)), electron transfer subunit 
NHKJIMIN_02366	gene	279				
NHKJIMIN_02366	CDS	279			COG0543	Dihydroorotate dehydrogenase B (NAD(+)), electron transfer subunit 
NHKJIMIN_02367	gene	327				
NHKJIMIN_02367	CDS	327				hypothetical protein
NHKJIMIN_02368	gene	168				
NHKJIMIN_02368	CDS	168				hypothetical protein
NHKJIMIN_02369	gene	732				
NHKJIMIN_02369	CDS	732				hypothetical protein
NHKJIMIN_02370	gene	225				
NHKJIMIN_02370	CDS	225				hypothetical protein
NHKJIMIN_02371	gene	270				
NHKJIMIN_02371	CDS	270		1.18.1.2		Ferredoxin--NADP reductase
NHKJIMIN_02372	gene	348	panD			
NHKJIMIN_02372	CDS	348	panD	4.1.1.11	COG0853	Aspartate 1-decarboxylase
NHKJIMIN_02373	gene	195	panC_1			
NHKJIMIN_02373	CDS	195	panC_1	6.3.2.1		Pantothenate synthetase
NHKJIMIN_02374	gene	237	panC_2			
NHKJIMIN_02374	CDS	237	panC_2	6.3.2.1		Pantothenate synthetase
NHKJIMIN_02375	gene	252	panC_3			
NHKJIMIN_02375	CDS	252	panC_3	6.3.2.1		Pantothenate synthetase
NHKJIMIN_02376	gene	492				
NHKJIMIN_02376	CDS	492				hypothetical protein
NHKJIMIN_02377	gene	246				
NHKJIMIN_02377	CDS	246				hypothetical protein
NHKJIMIN_02378	gene	201				
NHKJIMIN_02378	CDS	201				hypothetical protein
NHKJIMIN_02379	gene	327				
NHKJIMIN_02379	CDS	327				hypothetical protein
NHKJIMIN_02380	gene	168				
NHKJIMIN_02380	CDS	168				hypothetical protein
NHKJIMIN_02381	gene	162				
NHKJIMIN_02381	CDS	162				hypothetical protein
NHKJIMIN_02382	gene	216				
NHKJIMIN_02382	CDS	216				hypothetical protein
NHKJIMIN_02383	gene	252				
NHKJIMIN_02383	CDS	252				hypothetical protein
NHKJIMIN_02384	gene	699				
NHKJIMIN_02384	CDS	699				hypothetical protein
NHKJIMIN_02385	gene	906				
NHKJIMIN_02385	CDS	906				hypothetical protein
NHKJIMIN_02386	gene	255				
NHKJIMIN_02386	CDS	255				hypothetical protein
NHKJIMIN_02387	gene	357				
NHKJIMIN_02387	CDS	357				hypothetical protein
NHKJIMIN_02388	gene	390				
NHKJIMIN_02388	CDS	390				hypothetical protein
NHKJIMIN_02389	gene	264				
NHKJIMIN_02389	CDS	264				hypothetical protein
NHKJIMIN_02390	gene	141				
NHKJIMIN_02390	CDS	141				hypothetical protein
NHKJIMIN_02391	gene	156				
NHKJIMIN_02391	CDS	156				hypothetical protein
NHKJIMIN_02392	gene	723				
NHKJIMIN_02392	CDS	723				hypothetical protein
NHKJIMIN_02393	gene	156				
NHKJIMIN_02393	CDS	156				hypothetical protein
NHKJIMIN_02394	gene	162				
NHKJIMIN_02394	CDS	162				hypothetical protein
NHKJIMIN_02395	gene	396				
NHKJIMIN_02395	CDS	396				hypothetical protein
NHKJIMIN_02396	gene	288				
NHKJIMIN_02396	CDS	288				hypothetical protein
NHKJIMIN_02397	gene	285				
NHKJIMIN_02397	CDS	285				hypothetical protein
NHKJIMIN_02398	gene	378				
NHKJIMIN_02398	CDS	378				hypothetical protein
NHKJIMIN_02399	gene	669				
NHKJIMIN_02399	CDS	669				hypothetical protein
NHKJIMIN_02400	gene	237				
NHKJIMIN_02400	CDS	237				hypothetical protein
NHKJIMIN_02401	gene	357				
NHKJIMIN_02401	CDS	357				hypothetical protein
NHKJIMIN_02402	gene	315				
NHKJIMIN_02402	CDS	315				hypothetical protein
NHKJIMIN_02403	gene	276				
NHKJIMIN_02403	CDS	276				hypothetical protein
NHKJIMIN_02404	gene	501				
NHKJIMIN_02404	CDS	501				hypothetical protein
NHKJIMIN_02405	gene	453	oah1			
NHKJIMIN_02405	CDS	453	oah1	2.5.1.-	COG2873	O-acetyl-L-homoserine sulfhydrylase 1
NHKJIMIN_02406	gene	711				
NHKJIMIN_02406	CDS	711		2.5.1.-	COG2873	O-acetyl-L-homoserine sulfhydrylase
NHKJIMIN_02407	gene	783	patB_1			
NHKJIMIN_02407	CDS	783	patB_1	4.4.1.13	COG1168	Cystathionine beta-lyase PatB
NHKJIMIN_02408	gene	336	patB_2			
NHKJIMIN_02408	CDS	336	patB_2	4.4.1.13	COG1168	Cystathionine beta-lyase PatB
NHKJIMIN_02409	gene	447				
NHKJIMIN_02409	CDS	447				hypothetical protein
NHKJIMIN_02410	gene	294				
NHKJIMIN_02410	CDS	294				hypothetical protein
NHKJIMIN_02411	gene	150				
NHKJIMIN_02411	CDS	150		3.1.3.-	COG0561	Putative phosphatase
NHKJIMIN_02412	gene	432				
NHKJIMIN_02412	CDS	432				hypothetical protein
NHKJIMIN_02413	gene	930	recD2_1			
NHKJIMIN_02413	CDS	930	recD2_1	5.6.2.3		ATP-dependent RecD2 DNA helicase
NHKJIMIN_02414	gene	327				
NHKJIMIN_02414	CDS	327				hypothetical protein
NHKJIMIN_02415	gene	159				
NHKJIMIN_02415	CDS	159				hypothetical protein
NHKJIMIN_02416	gene	114				
NHKJIMIN_02416	CDS	114				hypothetical protein
NHKJIMIN_02417	gene	456				
NHKJIMIN_02417	CDS	456				hypothetical protein
NHKJIMIN_02418	gene	237				
NHKJIMIN_02418	CDS	237				hypothetical protein
NHKJIMIN_02419	gene	324				
NHKJIMIN_02419	CDS	324				hypothetical protein
NHKJIMIN_02420	gene	507				
NHKJIMIN_02420	CDS	507				hypothetical protein
NHKJIMIN_02421	gene	381				
NHKJIMIN_02421	CDS	381				hypothetical protein
NHKJIMIN_02422	gene	153				
NHKJIMIN_02422	CDS	153				hypothetical protein
NHKJIMIN_02423	gene	237				
NHKJIMIN_02423	CDS	237				hypothetical protein
NHKJIMIN_02424	gene	153				
NHKJIMIN_02424	CDS	153				hypothetical protein
NHKJIMIN_02425	gene	291				
NHKJIMIN_02425	CDS	291				hypothetical protein
NHKJIMIN_02426	gene	603	nagB_1			
NHKJIMIN_02426	CDS	603	nagB_1	3.5.99.6		Glucosamine-6-phosphate deaminase
NHKJIMIN_02427	gene	192				
NHKJIMIN_02427	CDS	192				hypothetical protein
NHKJIMIN_02428	gene	471	norV_1			
NHKJIMIN_02428	CDS	471	norV_1			Anaerobic nitric oxide reductase flavorubredoxin
NHKJIMIN_02429	gene	495	fprA1			
NHKJIMIN_02429	CDS	495	fprA1	1.6.3.4	COG0426	Flavo-diiron protein FprA1
NHKJIMIN_02430	gene	315				
NHKJIMIN_02430	CDS	315				hypothetical protein
NHKJIMIN_02431	gene	447				
NHKJIMIN_02431	CDS	447				hypothetical protein
NHKJIMIN_02432	gene	636				
NHKJIMIN_02432	CDS	636				hypothetical protein
NHKJIMIN_02433	gene	615				
NHKJIMIN_02433	CDS	615				hypothetical protein
NHKJIMIN_02434	gene	297				
NHKJIMIN_02434	CDS	297				hypothetical protein
NHKJIMIN_02435	gene	168				
NHKJIMIN_02435	CDS	168				hypothetical protein
NHKJIMIN_02436	gene	309				
NHKJIMIN_02436	CDS	309				hypothetical protein
NHKJIMIN_02437	gene	360				
NHKJIMIN_02437	CDS	360				hypothetical protein
NHKJIMIN_02438	gene	420				
NHKJIMIN_02438	CDS	420				hypothetical protein
NHKJIMIN_02439	gene	489	ptpA_1			
NHKJIMIN_02439	CDS	489	ptpA_1	3.4.14.12	COG0823	Prolyl tripeptidyl peptidase
NHKJIMIN_02440	gene	456	dap4			
NHKJIMIN_02440	CDS	456	dap4	3.4.14.5		Dipeptidyl aminopeptidase 4
NHKJIMIN_02441	gene	459	lipA_1			
NHKJIMIN_02441	CDS	459	lipA_1	2.8.1.8	COG0320	Lipoyl synthase
NHKJIMIN_02442	gene	345	lipA_2			
NHKJIMIN_02442	CDS	345	lipA_2	2.8.1.8	COG0320	Lipoyl synthase
NHKJIMIN_02443	gene	210				
NHKJIMIN_02443	CDS	210				hypothetical protein
NHKJIMIN_02444	gene	225				
NHKJIMIN_02444	CDS	225				hypothetical protein
NHKJIMIN_02445	gene	663				
NHKJIMIN_02445	CDS	663				hypothetical protein
NHKJIMIN_02446	gene	261	rsmI_1			
NHKJIMIN_02446	CDS	261	rsmI_1	2.1.1.198	COG0313	Ribosomal RNA small subunit methyltransferase I
NHKJIMIN_02447	gene	159				
NHKJIMIN_02447	CDS	159				hypothetical protein
NHKJIMIN_02448	gene	522				
NHKJIMIN_02448	CDS	522				hypothetical protein
NHKJIMIN_02449	gene	228				
NHKJIMIN_02449	CDS	228				hypothetical protein
NHKJIMIN_02450	gene	909				
NHKJIMIN_02450	CDS	909				hypothetical protein
NHKJIMIN_02451	gene	150				
NHKJIMIN_02451	CDS	150				hypothetical protein
NHKJIMIN_02452	gene	303				
NHKJIMIN_02452	CDS	303				hypothetical protein
NHKJIMIN_02453	gene	609				
NHKJIMIN_02453	CDS	609			COG4771	TonB-dependent receptor P39
NHKJIMIN_02454	gene	651				
NHKJIMIN_02454	CDS	651				hypothetical protein
NHKJIMIN_02455	gene	1230				
NHKJIMIN_02455	CDS	1230			COG4771	TonB-dependent receptor P3
NHKJIMIN_02456	gene	267				
NHKJIMIN_02456	CDS	267			COG4771	TonB-dependent receptor P3
NHKJIMIN_02457	gene	453				
NHKJIMIN_02457	CDS	453				hypothetical protein
NHKJIMIN_02458	gene	243				
NHKJIMIN_02458	CDS	243				hypothetical protein
NHKJIMIN_02459	gene	1326				
NHKJIMIN_02459	CDS	1326				hypothetical protein
NHKJIMIN_02460	gene	324				
NHKJIMIN_02460	CDS	324				hypothetical protein
NHKJIMIN_02461	gene	540				
NHKJIMIN_02461	CDS	540				hypothetical protein
NHKJIMIN_02462	gene	471				
NHKJIMIN_02462	CDS	471				hypothetical protein
NHKJIMIN_02463	gene	882				
NHKJIMIN_02463	CDS	882				hypothetical protein
NHKJIMIN_02464	gene	942				
NHKJIMIN_02464	CDS	942				hypothetical protein
NHKJIMIN_02465	gene	159				
NHKJIMIN_02465	CDS	159				hypothetical protein
NHKJIMIN_02466	gene	552				
NHKJIMIN_02466	CDS	552				hypothetical protein
NHKJIMIN_02467	gene	654				
NHKJIMIN_02467	CDS	654				hypothetical protein
NHKJIMIN_02468	gene	357				
NHKJIMIN_02468	CDS	357				hypothetical protein
NHKJIMIN_02469	gene	354				
NHKJIMIN_02469	CDS	354				hypothetical protein
NHKJIMIN_02470	gene	228	guaA_1			
NHKJIMIN_02470	CDS	228	guaA_1	6.3.5.2		GMP synthase [glutamine-hydrolyzing]
NHKJIMIN_02471	gene	627	guaA_2			
NHKJIMIN_02471	CDS	627	guaA_2	6.3.5.2		GMP synthase [glutamine-hydrolyzing]
NHKJIMIN_02472	gene	477	guaA_3			
NHKJIMIN_02472	CDS	477	guaA_3	6.3.5.2		GMP synthase [glutamine-hydrolyzing]
NHKJIMIN_02473	gene	162				
NHKJIMIN_02473	CDS	162				hypothetical protein
NHKJIMIN_02474	gene	123	mscL_1			
NHKJIMIN_02474	CDS	123	mscL_1		COG1970	Large-conductance mechanosensitive channel
NHKJIMIN_02475	gene	837	gapA			
NHKJIMIN_02475	CDS	837	gapA	1.2.1.12	COG0057	Glyceraldehyde-3-phosphate dehydrogenase A
NHKJIMIN_02476	gene	243	gap1			
NHKJIMIN_02476	CDS	243	gap1	1.2.1.12	COG0057	Glyceraldehyde-3-phosphate dehydrogenase 1
NHKJIMIN_02477	gene	450	dcp_1			
NHKJIMIN_02477	CDS	450	dcp_1	3.4.15.5		Dipeptidyl carboxypeptidase
NHKJIMIN_02478	gene	132				
NHKJIMIN_02478	CDS	132				hypothetical protein
NHKJIMIN_02479	gene	153				
NHKJIMIN_02479	CDS	153				hypothetical protein
NHKJIMIN_02480	gene	1119	prlC			
NHKJIMIN_02480	CDS	1119	prlC	3.4.24.70		Oligopeptidase A
NHKJIMIN_02481	gene	201				
NHKJIMIN_02481	CDS	201				hypothetical protein
NHKJIMIN_02482	gene	606				
NHKJIMIN_02482	CDS	606				hypothetical protein
NHKJIMIN_02483	gene	387	tadA_1			
NHKJIMIN_02483	CDS	387	tadA_1	3.5.4.33		tRNA-specific adenosine deaminase
NHKJIMIN_02484	gene	711	ctpB			
NHKJIMIN_02484	CDS	711	ctpB	3.4.21.102	COG0793	Carboxy-terminal processing protease CtpB
NHKJIMIN_02485	gene	708				
NHKJIMIN_02485	CDS	708				hypothetical protein
NHKJIMIN_02486	gene	378	yqgN			
NHKJIMIN_02486	CDS	378	yqgN		COG0212	putative protein YqgN
NHKJIMIN_02487	gene	516				
NHKJIMIN_02487	CDS	516				hypothetical protein
NHKJIMIN_02488	gene	210				
NHKJIMIN_02488	CDS	210				hypothetical protein
NHKJIMIN_02489	gene	738				
NHKJIMIN_02489	CDS	738				IS1182 family transposase ISBf5
NHKJIMIN_02490	gene	303				
NHKJIMIN_02490	CDS	303				IS1182 family transposase ISMsp1
NHKJIMIN_02491	gene	429				
NHKJIMIN_02491	CDS	429				IS1182 family transposase ISBf3
NHKJIMIN_02492	gene	237				
NHKJIMIN_02492	CDS	237				hypothetical protein
NHKJIMIN_02493	gene	483	recF_1			
NHKJIMIN_02493	CDS	483	recF_1			DNA replication and repair protein RecF
NHKJIMIN_02494	gene	168				
NHKJIMIN_02494	CDS	168				hypothetical protein
NHKJIMIN_02495	gene	234	recF_2			
NHKJIMIN_02495	CDS	234	recF_2			DNA replication and repair protein RecF
NHKJIMIN_02496	gene	153				
NHKJIMIN_02496	CDS	153				hypothetical protein
NHKJIMIN_02497	gene	171				
NHKJIMIN_02497	CDS	171				hypothetical protein
NHKJIMIN_02498	gene	522				
NHKJIMIN_02498	CDS	522				hypothetical protein
NHKJIMIN_02499	gene	465	ribH			
NHKJIMIN_02499	CDS	465	ribH	2.5.1.78		6,7-dimethyl-8-ribityllumazine synthase
NHKJIMIN_02500	gene	84				
NHKJIMIN_02500	tRNA	84				tRNA-Tyr(gta)
NHKJIMIN_02501	gene	74				
NHKJIMIN_02501	tRNA	74				tRNA-Gly(tcc)
NHKJIMIN_02502	gene	537				
NHKJIMIN_02502	CDS	537		3.2.1.-	COG0673	Glycosyl hydrolase family 109 protein 1
NHKJIMIN_02503	gene	258				
NHKJIMIN_02503	CDS	258		3.2.1.-	COG0673	Glycosyl hydrolase family 109 protein 1
NHKJIMIN_02504	gene	171				
NHKJIMIN_02504	CDS	171				hypothetical protein
NHKJIMIN_02505	gene	141				
NHKJIMIN_02505	CDS	141		3.2.1.-	COG0673	Glycosyl hydrolase family 109 protein 1
NHKJIMIN_02506	gene	1218				
NHKJIMIN_02506	CDS	1218				hypothetical protein
NHKJIMIN_02507	gene	609				
NHKJIMIN_02507	CDS	609				hypothetical protein
NHKJIMIN_02508	gene	732				
NHKJIMIN_02508	CDS	732			COG4771	TonB-dependent receptor P3
NHKJIMIN_02509	gene	390				
NHKJIMIN_02509	CDS	390			COG1629	TonB-dependent receptor P26
NHKJIMIN_02510	gene	537				
NHKJIMIN_02510	CDS	537				hypothetical protein
NHKJIMIN_02511	gene	654				
NHKJIMIN_02511	CDS	654				hypothetical protein
NHKJIMIN_02512	gene	126				
NHKJIMIN_02512	CDS	126				hypothetical protein
NHKJIMIN_02513	gene	198				
NHKJIMIN_02513	CDS	198				hypothetical protein
NHKJIMIN_02514	gene	210				
NHKJIMIN_02514	CDS	210				hypothetical protein
NHKJIMIN_02515	gene	306				
NHKJIMIN_02515	CDS	306				hypothetical protein
NHKJIMIN_02516	gene	390				
NHKJIMIN_02516	CDS	390				hypothetical protein
NHKJIMIN_02517	gene	165				
NHKJIMIN_02517	CDS	165				hypothetical protein
NHKJIMIN_02518	gene	222				
NHKJIMIN_02518	CDS	222				hypothetical protein
NHKJIMIN_02519	gene	384				
NHKJIMIN_02519	CDS	384				hypothetical protein
NHKJIMIN_02520	gene	90				
NHKJIMIN_02520	CDS	90				hypothetical protein
NHKJIMIN_02521	gene	252				
NHKJIMIN_02521	CDS	252				hypothetical protein
NHKJIMIN_02522	gene	222				
NHKJIMIN_02522	CDS	222				hypothetical protein
NHKJIMIN_02523	gene	180				
NHKJIMIN_02523	CDS	180				hypothetical protein
NHKJIMIN_02524	gene	222				
NHKJIMIN_02524	CDS	222				hypothetical protein
NHKJIMIN_02525	gene	297				
NHKJIMIN_02525	CDS	297				hypothetical protein
NHKJIMIN_02526	gene	225				
NHKJIMIN_02526	CDS	225				hypothetical protein
NHKJIMIN_02527	gene	207				
NHKJIMIN_02527	CDS	207				hypothetical protein
NHKJIMIN_02528	gene	216				
NHKJIMIN_02528	CDS	216				hypothetical protein
NHKJIMIN_02529	gene	225	susC_13			
NHKJIMIN_02529	CDS	225	susC_13		COG1629	TonB-dependent receptor SusC
NHKJIMIN_02530	gene	189	susC_14			
NHKJIMIN_02530	CDS	189	susC_14		COG1629	TonB-dependent receptor SusC
NHKJIMIN_02531	gene	225				
NHKJIMIN_02531	CDS	225				hypothetical protein
NHKJIMIN_02532	gene	117				
NHKJIMIN_02532	CDS	117				hypothetical protein
NHKJIMIN_02533	gene	204				
NHKJIMIN_02533	CDS	204				hypothetical protein
NHKJIMIN_02534	gene	339				
NHKJIMIN_02534	CDS	339				hypothetical protein
NHKJIMIN_02535	gene	351				
NHKJIMIN_02535	CDS	351				hypothetical protein
NHKJIMIN_02536	gene	405				
NHKJIMIN_02536	CDS	405			COG4771	TonB-dependent receptor P3
NHKJIMIN_02537	gene	165				
NHKJIMIN_02537	CDS	165				hypothetical protein
NHKJIMIN_02538	gene	186				
NHKJIMIN_02538	CDS	186				hypothetical protein
NHKJIMIN_02539	gene	231				
NHKJIMIN_02539	CDS	231				hypothetical protein
NHKJIMIN_02540	gene	219				
NHKJIMIN_02540	CDS	219				hypothetical protein
NHKJIMIN_02541	gene	150				
NHKJIMIN_02541	CDS	150				hypothetical protein
NHKJIMIN_02542	gene	258				
NHKJIMIN_02542	CDS	258				hypothetical protein
NHKJIMIN_02543	gene	156				
NHKJIMIN_02543	CDS	156				hypothetical protein
NHKJIMIN_02544	gene	243				
NHKJIMIN_02544	CDS	243				hypothetical protein
NHKJIMIN_02545	gene	267				
NHKJIMIN_02545	CDS	267				hypothetical protein
NHKJIMIN_02546	gene	156				
NHKJIMIN_02546	CDS	156				hypothetical protein
NHKJIMIN_02547	gene	162				
NHKJIMIN_02547	CDS	162				hypothetical protein
NHKJIMIN_02548	gene	228				
NHKJIMIN_02548	CDS	228				hypothetical protein
NHKJIMIN_02549	gene	321				
NHKJIMIN_02549	CDS	321				hypothetical protein
NHKJIMIN_02550	gene	126				
NHKJIMIN_02550	CDS	126				hypothetical protein
NHKJIMIN_02551	gene	225				
NHKJIMIN_02551	CDS	225				hypothetical protein
NHKJIMIN_02552	gene	363				
NHKJIMIN_02552	CDS	363				hypothetical protein
NHKJIMIN_02553	gene	162				
NHKJIMIN_02553	CDS	162				hypothetical protein
NHKJIMIN_02554	gene	120				
NHKJIMIN_02554	CDS	120				hypothetical protein
NHKJIMIN_02555	gene	231				
NHKJIMIN_02555	CDS	231				hypothetical protein
NHKJIMIN_02556	gene	789				
NHKJIMIN_02556	CDS	789			COG4771	TonB-dependent receptor P3
NHKJIMIN_02557	gene	228				
NHKJIMIN_02557	CDS	228			COG4771	TonB-dependent receptor P3
NHKJIMIN_02558	gene	312				
NHKJIMIN_02558	CDS	312				hypothetical protein
NHKJIMIN_02559	gene	453				
NHKJIMIN_02559	CDS	453				hypothetical protein
NHKJIMIN_02560	gene	273				
NHKJIMIN_02560	CDS	273				hypothetical protein
NHKJIMIN_02561	gene	291				
NHKJIMIN_02561	CDS	291				hypothetical protein
NHKJIMIN_02562	gene	372				
NHKJIMIN_02562	CDS	372				hypothetical protein
NHKJIMIN_02563	gene	411				
NHKJIMIN_02563	CDS	411				hypothetical protein
NHKJIMIN_02564	gene	528				
NHKJIMIN_02564	CDS	528				hypothetical protein
NHKJIMIN_02565	gene	90				
NHKJIMIN_02565	CDS	90				hypothetical protein
NHKJIMIN_02566	gene	309				
NHKJIMIN_02566	CDS	309				hypothetical protein
NHKJIMIN_02567	gene	141				
NHKJIMIN_02567	CDS	141				hypothetical protein
NHKJIMIN_02568	gene	315				
NHKJIMIN_02568	CDS	315				hypothetical protein
NHKJIMIN_02569	gene	213				
NHKJIMIN_02569	CDS	213				hypothetical protein
NHKJIMIN_02570	gene	333				
NHKJIMIN_02570	CDS	333		3.2.1.21	COG1472	Beta-glucosidase BoGH3A
NHKJIMIN_02571	gene	207				
NHKJIMIN_02571	CDS	207		3.2.1.21	COG1472	Beta-glucosidase BoGH3A
NHKJIMIN_02572	gene	993				
NHKJIMIN_02572	CDS	993				hypothetical protein
NHKJIMIN_02573	gene	285				
NHKJIMIN_02573	CDS	285				hypothetical protein
NHKJIMIN_02574	gene	729	bglB			
NHKJIMIN_02574	CDS	729	bglB	3.2.1.21	COG1472	Thermostable beta-glucosidase B
NHKJIMIN_02575	gene	270				
NHKJIMIN_02575	CDS	270				hypothetical protein
NHKJIMIN_02576	gene	297				
NHKJIMIN_02576	CDS	297				hypothetical protein
NHKJIMIN_02577	gene	207				
NHKJIMIN_02577	CDS	207				hypothetical protein
NHKJIMIN_02578	gene	828	araE			
NHKJIMIN_02578	CDS	828	araE		COG2814	Arabinose-proton symporter
NHKJIMIN_02579	gene	915				
NHKJIMIN_02579	CDS	915				hypothetical protein
NHKJIMIN_02580	gene	210				
NHKJIMIN_02580	CDS	210				hypothetical protein
NHKJIMIN_02581	gene	444				
NHKJIMIN_02581	CDS	444				hypothetical protein
NHKJIMIN_02582	gene	195				
NHKJIMIN_02582	CDS	195				hypothetical protein
NHKJIMIN_02583	gene	657				
NHKJIMIN_02583	CDS	657				hypothetical protein
NHKJIMIN_02584	gene	816				
NHKJIMIN_02584	CDS	816				hypothetical protein
NHKJIMIN_02585	gene	387				
NHKJIMIN_02585	CDS	387				hypothetical protein
NHKJIMIN_02586	gene	111				
NHKJIMIN_02586	CDS	111				hypothetical protein
NHKJIMIN_02587	gene	684				
NHKJIMIN_02587	CDS	684				hypothetical protein
NHKJIMIN_02588	gene	678				
NHKJIMIN_02588	CDS	678				hypothetical protein
NHKJIMIN_02589	gene	309				
NHKJIMIN_02589	CDS	309				hypothetical protein
NHKJIMIN_02590	gene	165				
NHKJIMIN_02590	CDS	165				hypothetical protein
NHKJIMIN_02591	gene	333				
NHKJIMIN_02591	CDS	333				hypothetical protein
NHKJIMIN_02592	gene	372				
NHKJIMIN_02592	CDS	372				hypothetical protein
NHKJIMIN_02593	gene	627				
NHKJIMIN_02593	CDS	627				hypothetical protein
NHKJIMIN_02594	gene	441				
NHKJIMIN_02594	CDS	441				hypothetical protein
NHKJIMIN_02595	gene	156				
NHKJIMIN_02595	CDS	156				hypothetical protein
NHKJIMIN_02596	gene	285				
NHKJIMIN_02596	CDS	285				hypothetical protein
NHKJIMIN_02597	gene	129				
NHKJIMIN_02597	CDS	129		3.2.1.-	COG0673	Glycosyl hydrolase family 109 protein 1
NHKJIMIN_02598	gene	330				
NHKJIMIN_02598	CDS	330				hypothetical protein
NHKJIMIN_02599	gene	246				
NHKJIMIN_02599	CDS	246		3.2.1.-	COG0673	Glycosyl hydrolase family 109 protein 1
NHKJIMIN_02600	gene	186				
NHKJIMIN_02600	CDS	186		3.2.1.-	COG0673	Glycosyl hydrolase family 109 protein 1
NHKJIMIN_02601	gene	210				
NHKJIMIN_02601	CDS	210		3.2.1.-	COG0673	Glycosyl hydrolase family 109 protein 1
NHKJIMIN_02602	gene	321				
NHKJIMIN_02602	CDS	321				hypothetical protein
NHKJIMIN_02603	gene	474				
NHKJIMIN_02603	CDS	474				hypothetical protein
NHKJIMIN_02604	gene	123				
NHKJIMIN_02604	CDS	123				hypothetical protein
NHKJIMIN_02605	gene	192	lacZ_3			
NHKJIMIN_02605	CDS	192	lacZ_3	3.2.1.23	COG3250	Beta-galactosidase
NHKJIMIN_02606	gene	162				
NHKJIMIN_02606	CDS	162				hypothetical protein
NHKJIMIN_02607	gene	447	lacZ_4			
NHKJIMIN_02607	CDS	447	lacZ_4	3.2.1.23		Beta-galactosidase
NHKJIMIN_02608	gene	537	lacZ_5			
NHKJIMIN_02608	CDS	537	lacZ_5	3.2.1.23	COG3250	Beta-galactosidase
NHKJIMIN_02609	gene	462	lacZ_6			
NHKJIMIN_02609	CDS	462	lacZ_6	3.2.1.23	COG3250	Beta-galactosidase
NHKJIMIN_02610	gene	501	lacZ_7			
NHKJIMIN_02610	CDS	501	lacZ_7	3.2.1.23		Beta-galactosidase
NHKJIMIN_02611	gene	177				
NHKJIMIN_02611	CDS	177				hypothetical protein
NHKJIMIN_02612	gene	255	nahK			
NHKJIMIN_02612	CDS	255	nahK	2.7.1.162		N-acetylhexosamine 1-kinase
NHKJIMIN_02613	gene	618				
NHKJIMIN_02613	CDS	618				hypothetical protein
NHKJIMIN_02614	gene	546				
NHKJIMIN_02614	CDS	546				hypothetical protein
NHKJIMIN_02615	gene	288				
NHKJIMIN_02615	CDS	288				hypothetical protein
NHKJIMIN_02616	gene	408				
NHKJIMIN_02616	CDS	408				hypothetical protein
NHKJIMIN_02617	gene	339	truA_1			
NHKJIMIN_02617	CDS	339	truA_1	5.4.99.12	COG0101	tRNA pseudouridine synthase A
NHKJIMIN_02618	gene	333	truA_2			
NHKJIMIN_02618	CDS	333	truA_2	5.4.99.12		tRNA pseudouridine synthase A
NHKJIMIN_02619	gene	144	truA_3			
NHKJIMIN_02619	CDS	144	truA_3	5.4.99.12		tRNA pseudouridine synthase A
NHKJIMIN_02620	gene	435				
NHKJIMIN_02620	CDS	435				hypothetical protein
NHKJIMIN_02621	gene	489				
NHKJIMIN_02621	CDS	489				hypothetical protein
NHKJIMIN_02622	gene	162				
NHKJIMIN_02622	CDS	162				hypothetical protein
NHKJIMIN_02623	gene	390	glaB_1			
NHKJIMIN_02623	CDS	390	glaB_1	3.2.1.-	COG5434	Alpha-1,3-galactosidase B
NHKJIMIN_02624	gene	309	glaB_2			
NHKJIMIN_02624	CDS	309	glaB_2	3.2.1.-	COG5434	Alpha-1,3-galactosidase B
NHKJIMIN_02625	gene	285	glaB_3			
NHKJIMIN_02625	CDS	285	glaB_3	3.2.1.-	COG5434	Alpha-1,3-galactosidase B
NHKJIMIN_02626	gene	435	glaB_4			
NHKJIMIN_02626	CDS	435	glaB_4	3.2.1.-	COG5434	Alpha-1,3-galactosidase B
NHKJIMIN_02627	gene	117	glaB_5			
NHKJIMIN_02627	CDS	117	glaB_5	3.2.1.-	COG5434	Alpha-1,3-galactosidase B
NHKJIMIN_02628	gene	195	glaB_6			
NHKJIMIN_02628	CDS	195	glaB_6	3.2.1.-	COG5434	Alpha-1,3-galactosidase B
NHKJIMIN_02629	gene	273				
NHKJIMIN_02629	CDS	273				hypothetical protein
NHKJIMIN_02630	gene	555	floT			
NHKJIMIN_02630	CDS	555	floT		COG2268	Flotillin-like protein FloT
NHKJIMIN_02631	gene	138				
NHKJIMIN_02631	CDS	138				hypothetical protein
NHKJIMIN_02632	gene	168				
NHKJIMIN_02632	CDS	168				hypothetical protein
NHKJIMIN_02633	gene	126				
NHKJIMIN_02633	CDS	126				hypothetical protein
NHKJIMIN_02634	gene	288				
NHKJIMIN_02634	CDS	288				hypothetical protein
NHKJIMIN_02635	gene	261				
NHKJIMIN_02635	CDS	261				hypothetical protein
NHKJIMIN_02636	gene	432				
NHKJIMIN_02636	CDS	432				hypothetical protein
NHKJIMIN_02637	gene	285				
NHKJIMIN_02637	CDS	285				hypothetical protein
NHKJIMIN_02638	gene	216				
NHKJIMIN_02638	CDS	216				hypothetical protein
NHKJIMIN_02639	gene	363	ybeZ			
NHKJIMIN_02639	CDS	363	ybeZ		COG1702	PhoH-like protein
NHKJIMIN_02640	gene	135				
NHKJIMIN_02640	CDS	135				hypothetical protein
NHKJIMIN_02641	gene	525	purC_1			
NHKJIMIN_02641	CDS	525	purC_1	6.3.2.6	COG0152	Phosphoribosylaminoimidazole-succinocarboxamide synthase
NHKJIMIN_02642	gene	180	purC_2			
NHKJIMIN_02642	CDS	180	purC_2	6.3.2.6	COG0152	Phosphoribosylaminoimidazole-succinocarboxamide synthase
NHKJIMIN_02643	gene	267				
NHKJIMIN_02643	CDS	267				hypothetical protein
NHKJIMIN_02644	gene	489	ubiE			
NHKJIMIN_02644	CDS	489	ubiE	2.1.1.163		Ubiquinone/menaquinone biosynthesis C-methyltransferase UbiE
NHKJIMIN_02645	gene	249	aroE			
NHKJIMIN_02645	CDS	249	aroE	1.1.1.25		Shikimate dehydrogenase (NADP(+))
NHKJIMIN_02646	gene	207				
NHKJIMIN_02646	CDS	207				hypothetical protein
NHKJIMIN_02647	gene	765				
NHKJIMIN_02647	CDS	765				hypothetical protein
NHKJIMIN_02648	gene	117				
NHKJIMIN_02648	CDS	117				hypothetical protein
NHKJIMIN_02649	gene	339				
NHKJIMIN_02649	CDS	339				hypothetical protein
NHKJIMIN_02650	gene	438				
NHKJIMIN_02650	CDS	438				hypothetical protein
NHKJIMIN_02651	gene	549	lemA_2			
NHKJIMIN_02651	CDS	549	lemA_2		COG1704	Protein LemA
NHKJIMIN_02652	gene	129				
NHKJIMIN_02652	CDS	129				hypothetical protein
NHKJIMIN_02653	gene	165				
NHKJIMIN_02653	CDS	165				hypothetical protein
NHKJIMIN_02654	gene	402				
NHKJIMIN_02654	CDS	402				hypothetical protein
NHKJIMIN_02655	gene	294				
NHKJIMIN_02655	CDS	294				hypothetical protein
NHKJIMIN_02656	gene	225				
NHKJIMIN_02656	CDS	225				hypothetical protein
NHKJIMIN_02657	gene	297	prfA_1			
NHKJIMIN_02657	CDS	297	prfA_1		COG0216	Peptide chain release factor 1
NHKJIMIN_02658	gene	423	prfA_2			
NHKJIMIN_02658	CDS	423	prfA_2		COG0216	Peptide chain release factor RF1
NHKJIMIN_02659	gene	267	prfA_3			
NHKJIMIN_02659	CDS	267	prfA_3		COG0216	Peptide chain release factor 1
NHKJIMIN_02660	gene	426	pyrF_1			
NHKJIMIN_02660	CDS	426	pyrF_1	4.1.1.23		Orotidine 5'-phosphate decarboxylase
NHKJIMIN_02661	gene	264	pyrF_2			
NHKJIMIN_02661	CDS	264	pyrF_2	4.1.1.23		Orotidine 5'-phosphate decarboxylase
NHKJIMIN_02662	gene	273				
NHKJIMIN_02662	CDS	273				hypothetical protein
NHKJIMIN_02663	gene	831				
NHKJIMIN_02663	CDS	831				hypothetical protein
NHKJIMIN_02664	gene	1041	lpxD			
NHKJIMIN_02664	CDS	1041	lpxD	2.3.1.191		UDP-3-O-acylglucosamine N-acyltransferase
NHKJIMIN_02665	gene	171	lpxC			
NHKJIMIN_02665	CDS	171	lpxC	3.5.1.108	COG0774	UDP-3-O-acyl-N-acetylglucosamine deacetylase
NHKJIMIN_02666	gene	957	fabZ			
NHKJIMIN_02666	CDS	957	fabZ	4.2.1.59		3-hydroxyacyl-[acyl-carrier-protein] dehydratase FabZ
NHKJIMIN_02667	gene	357	lpxA_1			
NHKJIMIN_02667	CDS	357	lpxA_1	2.3.1.129		Acyl-[acyl-carrier-protein]--UDP-N-acetylglucosamine O-acyltransferase
NHKJIMIN_02668	gene	267	lpxA_2			
NHKJIMIN_02668	CDS	267	lpxA_2	2.3.1.129	COG1043	Acyl-[acyl-carrier-protein]--UDP-N-acetylglucosamine O-acyltransferase
NHKJIMIN_02669	gene	213				
NHKJIMIN_02669	CDS	213				hypothetical protein
NHKJIMIN_02670	gene	138				
NHKJIMIN_02670	CDS	138				hypothetical protein
NHKJIMIN_02671	gene	111				
NHKJIMIN_02671	CDS	111				hypothetical protein
NHKJIMIN_02672	gene	201				
NHKJIMIN_02672	CDS	201				hypothetical protein
NHKJIMIN_02673	gene	549	miaA_2			
NHKJIMIN_02673	CDS	549	miaA_2	2.5.1.75		tRNA dimethylallyltransferase
NHKJIMIN_02674	gene	198	miaA_3			
NHKJIMIN_02674	CDS	198	miaA_3	2.5.1.75	COG0324	tRNA dimethylallyltransferase
NHKJIMIN_02675	gene	168				
NHKJIMIN_02675	CDS	168				hypothetical protein
NHKJIMIN_02676	gene	159				
NHKJIMIN_02676	CDS	159				hypothetical protein
NHKJIMIN_02677	gene	471				
NHKJIMIN_02677	CDS	471				hypothetical protein
NHKJIMIN_02678	gene	351				
NHKJIMIN_02678	CDS	351				hypothetical protein
NHKJIMIN_02679	gene	288	comP			
NHKJIMIN_02679	CDS	288	comP	2.7.13.3	COG4585	Sensor histidine kinase ComP
NHKJIMIN_02680	gene	495				
NHKJIMIN_02680	CDS	495				hypothetical protein
NHKJIMIN_02681	gene	159				
NHKJIMIN_02681	CDS	159				hypothetical protein
NHKJIMIN_02682	gene	204				
NHKJIMIN_02682	CDS	204				hypothetical protein
NHKJIMIN_02683	gene	249				
NHKJIMIN_02683	CDS	249				hypothetical protein
NHKJIMIN_02684	gene	102				
NHKJIMIN_02684	CDS	102				hypothetical protein
NHKJIMIN_02685	gene	390				
NHKJIMIN_02685	CDS	390				hypothetical protein
NHKJIMIN_02686	gene	114				
NHKJIMIN_02686	CDS	114				hypothetical protein
NHKJIMIN_02687	gene	555				
NHKJIMIN_02687	CDS	555				hypothetical protein
NHKJIMIN_02688	gene	450				
NHKJIMIN_02688	CDS	450				hypothetical protein
NHKJIMIN_02689	gene	252				
NHKJIMIN_02689	CDS	252				hypothetical protein
NHKJIMIN_02690	gene	285				
NHKJIMIN_02690	CDS	285				hypothetical protein
NHKJIMIN_02691	gene	93				
NHKJIMIN_02691	CDS	93				hypothetical protein
NHKJIMIN_02692	gene	444				
NHKJIMIN_02692	CDS	444				hypothetical protein
NHKJIMIN_02693	gene	246				
NHKJIMIN_02693	CDS	246				hypothetical protein
NHKJIMIN_02694	gene	237				
NHKJIMIN_02694	CDS	237				hypothetical protein
NHKJIMIN_02695	gene	234				
NHKJIMIN_02695	CDS	234				hypothetical protein
NHKJIMIN_02696	gene	798	murF_1			
NHKJIMIN_02696	CDS	798	murF_1	6.3.2.10	COG0770	UDP-N-acetylmuramoyl-tripeptide--D-alanyl-D-alanine ligase
NHKJIMIN_02697	gene	237				
NHKJIMIN_02697	CDS	237				hypothetical protein
NHKJIMIN_02698	gene	714	alr			
NHKJIMIN_02698	CDS	714	alr	5.1.1.1		Alanine racemase
NHKJIMIN_02699	gene	270				
NHKJIMIN_02699	CDS	270		5.1.1.1		Alanine racemase
NHKJIMIN_02700	gene	189	alr1			
NHKJIMIN_02700	CDS	189	alr1	5.1.1.1	COG0787	Alanine racemase 1
NHKJIMIN_02701	gene	228	tatA			
NHKJIMIN_02701	CDS	228	tatA			Sec-independent protein translocase protein TatA
NHKJIMIN_02702	gene	504				
NHKJIMIN_02702	CDS	504				hypothetical protein
NHKJIMIN_02703	gene	468	tatC			
NHKJIMIN_02703	CDS	468	tatC			Sec-independent protein translocase protein TatC
NHKJIMIN_02704	gene	948				
NHKJIMIN_02704	CDS	948				hypothetical protein
NHKJIMIN_02705	gene	1176				
NHKJIMIN_02705	CDS	1176				hypothetical protein
NHKJIMIN_02706	gene	375				
NHKJIMIN_02706	CDS	375				hypothetical protein
NHKJIMIN_02707	gene	213				
NHKJIMIN_02707	CDS	213				hypothetical protein
NHKJIMIN_02708	gene	291				
NHKJIMIN_02708	CDS	291				hypothetical protein
NHKJIMIN_02709	gene	1128				
NHKJIMIN_02709	CDS	1128				hypothetical protein
NHKJIMIN_02710	gene	1125				
NHKJIMIN_02710	CDS	1125				hypothetical protein
NHKJIMIN_02711	gene	174				
NHKJIMIN_02711	CDS	174				hypothetical protein
NHKJIMIN_02712	gene	177				
NHKJIMIN_02712	CDS	177				hypothetical protein
NHKJIMIN_02713	gene	534				
NHKJIMIN_02713	CDS	534				hypothetical protein
NHKJIMIN_02714	gene	261				
NHKJIMIN_02714	CDS	261				hypothetical protein
NHKJIMIN_02715	gene	168				
NHKJIMIN_02715	CDS	168				hypothetical protein
NHKJIMIN_02716	gene	210				
NHKJIMIN_02716	CDS	210				hypothetical protein
NHKJIMIN_02717	gene	228	rhaR_1			
NHKJIMIN_02717	CDS	228	rhaR_1			HTH-type transcriptional activator RhaR
NHKJIMIN_02718	gene	738	rssB_1			
NHKJIMIN_02718	CDS	738	rssB_1			Regulator of RpoS
NHKJIMIN_02719	gene	321	rppB			
NHKJIMIN_02719	CDS	321	rppB	2.7.13.3	COG5002	Sensor histidine kinase RppB
NHKJIMIN_02720	gene	279				
NHKJIMIN_02720	CDS	279				hypothetical protein
NHKJIMIN_02721	gene	516				
NHKJIMIN_02721	CDS	516				hypothetical protein
NHKJIMIN_02722	gene	357				
NHKJIMIN_02722	CDS	357				hypothetical protein
NHKJIMIN_02723	gene	225				
NHKJIMIN_02723	CDS	225				hypothetical protein
NHKJIMIN_02724	gene	252				
NHKJIMIN_02724	CDS	252				hypothetical protein
NHKJIMIN_02725	gene	108				
NHKJIMIN_02725	CDS	108				hypothetical protein
NHKJIMIN_02726	gene	660				
NHKJIMIN_02726	CDS	660				hypothetical protein
NHKJIMIN_02727	gene	270				
NHKJIMIN_02727	CDS	270				hypothetical protein
NHKJIMIN_02728	gene	705				
NHKJIMIN_02728	CDS	705				hypothetical protein
NHKJIMIN_02729	gene	525				
NHKJIMIN_02729	CDS	525				hypothetical protein
NHKJIMIN_02730	gene	1368				
NHKJIMIN_02730	CDS	1368				hypothetical protein
NHKJIMIN_02731	gene	600				
NHKJIMIN_02731	CDS	600				hypothetical protein
NHKJIMIN_02732	gene	1413				
NHKJIMIN_02732	CDS	1413		3.1.6.-	COG3119	Endo-4-O-sulfatase
NHKJIMIN_02733	gene	810				
NHKJIMIN_02733	CDS	810				hypothetical protein
NHKJIMIN_02734	gene	444				
NHKJIMIN_02734	CDS	444				hypothetical protein
NHKJIMIN_02735	gene	372				
NHKJIMIN_02735	CDS	372				hypothetical protein
NHKJIMIN_02736	gene	207				
NHKJIMIN_02736	CDS	207				hypothetical protein
NHKJIMIN_02737	gene	321				
NHKJIMIN_02737	CDS	321				hypothetical protein
NHKJIMIN_02738	gene	399				
NHKJIMIN_02738	CDS	399				hypothetical protein
NHKJIMIN_02739	gene	516	atsA_1			
NHKJIMIN_02739	CDS	516	atsA_1	3.1.6.1		Arylsulfatase
NHKJIMIN_02740	gene	306				
NHKJIMIN_02740	CDS	306				hypothetical protein
NHKJIMIN_02741	gene	174				
NHKJIMIN_02741	CDS	174				hypothetical protein
NHKJIMIN_02742	gene	465				
NHKJIMIN_02742	CDS	465				hypothetical protein
NHKJIMIN_02743	gene	198				
NHKJIMIN_02743	CDS	198				hypothetical protein
NHKJIMIN_02744	gene	231	ppaX			
NHKJIMIN_02744	CDS	231	ppaX	3.6.1.1		Pyrophosphatase PpaX
NHKJIMIN_02745	gene	396	gph			
NHKJIMIN_02745	CDS	396	gph	3.1.3.18	COG0546	Phosphoglycolate phosphatase
NHKJIMIN_02746	gene	537				
NHKJIMIN_02746	CDS	537				hypothetical protein
NHKJIMIN_02747	gene	459				
NHKJIMIN_02747	CDS	459				hypothetical protein
NHKJIMIN_02748	gene	303				
NHKJIMIN_02748	CDS	303				hypothetical protein
NHKJIMIN_02749	gene	399				
NHKJIMIN_02749	CDS	399				hypothetical protein
NHKJIMIN_02750	gene	294				
NHKJIMIN_02750	CDS	294				hypothetical protein
NHKJIMIN_02751	gene	234				
NHKJIMIN_02751	CDS	234				hypothetical protein
NHKJIMIN_02752	gene	1128	dxs_1			
NHKJIMIN_02752	CDS	1128	dxs_1	2.2.1.7	COG1154	1-deoxy-D-xylulose-5-phosphate synthase
NHKJIMIN_02753	gene	186	dxs_2			
NHKJIMIN_02753	CDS	186	dxs_2	2.2.1.7	COG1154	1-deoxy-D-xylulose-5-phosphate synthase
NHKJIMIN_02754	gene	558	dxs_3			
NHKJIMIN_02754	CDS	558	dxs_3	2.2.1.7		1-deoxy-D-xylulose-5-phosphate synthase
NHKJIMIN_02755	gene	174				
NHKJIMIN_02755	CDS	174				hypothetical protein
NHKJIMIN_02756	gene	132				
NHKJIMIN_02756	CDS	132				hypothetical protein
NHKJIMIN_02757	gene	393				
NHKJIMIN_02757	CDS	393				hypothetical protein
NHKJIMIN_02758	gene	489				
NHKJIMIN_02758	CDS	489				hypothetical protein
NHKJIMIN_02759	gene	285				
NHKJIMIN_02759	CDS	285				hypothetical protein
NHKJIMIN_02760	gene	162				
NHKJIMIN_02760	CDS	162				hypothetical protein
NHKJIMIN_02761	gene	516	trkH			
NHKJIMIN_02761	CDS	516	trkH		COG0168	Trk system potassium uptake protein TrkH
NHKJIMIN_02762	gene	609	trkG			
NHKJIMIN_02762	CDS	609	trkG		COG0168	Trk system potassium uptake protein TrkG
NHKJIMIN_02763	gene	327	trkI			
NHKJIMIN_02763	CDS	327	trkI		COG0168	Trk system potassium uptake protein TrkI
NHKJIMIN_02764	gene	234				
NHKJIMIN_02764	CDS	234				hypothetical protein
NHKJIMIN_02765	gene	387	ndhC			
NHKJIMIN_02765	CDS	387	ndhC	7.1.1.-		NAD(P)H-quinone oxidoreductase subunit 3, chloroplastic
NHKJIMIN_02766	gene	507	nqo6			
NHKJIMIN_02766	CDS	507	nqo6	7.1.1.-	COG0377	NADH-quinone oxidoreductase subunit 6
NHKJIMIN_02767	gene	252	nuoC_1			
NHKJIMIN_02767	CDS	252	nuoC_1	7.1.1.-		NADH-quinone oxidoreductase subunit C/D
NHKJIMIN_02768	gene	564	nuoC_2			
NHKJIMIN_02768	CDS	564	nuoC_2	7.1.1.-		NADH-quinone oxidoreductase subunit C/D
NHKJIMIN_02769	gene	750	nuoC_3			
NHKJIMIN_02769	CDS	750	nuoC_3	7.1.1.-		NADH-quinone oxidoreductase subunit C/D
NHKJIMIN_02770	gene	1077	nuoH			
NHKJIMIN_02770	CDS	1077	nuoH	7.1.1.-	COG1005	NADH-quinone oxidoreductase subunit H
NHKJIMIN_02771	gene	462	ndhI			
NHKJIMIN_02771	CDS	462	ndhI	7.1.1.-		NAD(P)H-quinone oxidoreductase subunit I, chloroplastic
NHKJIMIN_02772	gene	513	nuoJ			
NHKJIMIN_02772	CDS	513	nuoJ	7.1.1.-	COG0839	NADH-quinone oxidoreductase subunit J
NHKJIMIN_02773	gene	309				
NHKJIMIN_02773	CDS	309		7.1.1.-		NADH-quinone oxidoreductase subunit 11
NHKJIMIN_02774	gene	543	nuoL_1			
NHKJIMIN_02774	CDS	543	nuoL_1	7.1.1.-	COG1009	NADH-quinone oxidoreductase subunit L
NHKJIMIN_02775	gene	1401	nuoL_2			
NHKJIMIN_02775	CDS	1401	nuoL_2	7.1.1.-	COG1009	NADH-quinone oxidoreductase subunit L
NHKJIMIN_02776	gene	1824	ndhD			
NHKJIMIN_02776	CDS	1824	ndhD	7.1.1.-		NAD(P)H-quinone oxidoreductase chain 4
NHKJIMIN_02777	gene	984	ndhB			
NHKJIMIN_02777	CDS	984	ndhB	7.1.1.-	COG1007	NAD(P)H-quinone oxidoreductase subunit 2
NHKJIMIN_02778	gene	213	srrB_1			
NHKJIMIN_02778	CDS	213	srrB_1	2.7.13.3		Sensor protein SrrB
NHKJIMIN_02779	gene	1857	rcsC_6			
NHKJIMIN_02779	CDS	1857	rcsC_6	2.7.13.3		Sensor histidine kinase RcsC
NHKJIMIN_02780	gene	483				
NHKJIMIN_02780	CDS	483				hypothetical protein
NHKJIMIN_02781	gene	285				
NHKJIMIN_02781	CDS	285				hypothetical protein
NHKJIMIN_02782	gene	174				
NHKJIMIN_02782	CDS	174				hypothetical protein
NHKJIMIN_02783	gene	315				
NHKJIMIN_02783	CDS	315				hypothetical protein
NHKJIMIN_02784	gene	747				
NHKJIMIN_02784	CDS	747				hypothetical protein
NHKJIMIN_02785	gene	789				
NHKJIMIN_02785	CDS	789				hypothetical protein
NHKJIMIN_02786	gene	252				
NHKJIMIN_02786	CDS	252				hypothetical protein
NHKJIMIN_02787	gene	183				
NHKJIMIN_02787	CDS	183				hypothetical protein
NHKJIMIN_02788	gene	462				
NHKJIMIN_02788	CDS	462				hypothetical protein
NHKJIMIN_02789	gene	201				
NHKJIMIN_02789	CDS	201				hypothetical protein
NHKJIMIN_02790	gene	261				
NHKJIMIN_02790	CDS	261				hypothetical protein
NHKJIMIN_02791	gene	1167				
NHKJIMIN_02791	CDS	1167				hypothetical protein
NHKJIMIN_02792	gene	270				
NHKJIMIN_02792	CDS	270				hypothetical protein
NHKJIMIN_02793	gene	243				
NHKJIMIN_02793	CDS	243				hypothetical protein
NHKJIMIN_02794	gene	579				
NHKJIMIN_02794	CDS	579				hypothetical protein
NHKJIMIN_02795	gene	237				
NHKJIMIN_02795	CDS	237				hypothetical protein
NHKJIMIN_02796	gene	333				
NHKJIMIN_02796	CDS	333				hypothetical protein
NHKJIMIN_02797	gene	231				
NHKJIMIN_02797	CDS	231				hypothetical protein
NHKJIMIN_02798	gene	771				
NHKJIMIN_02798	CDS	771				hypothetical protein
NHKJIMIN_02799	gene	225				
NHKJIMIN_02799	CDS	225				hypothetical protein
NHKJIMIN_02800	gene	186				
NHKJIMIN_02800	CDS	186				hypothetical protein
NHKJIMIN_02801	gene	666				
NHKJIMIN_02801	CDS	666				hypothetical protein
NHKJIMIN_02802	gene	276				
NHKJIMIN_02802	CDS	276				hypothetical protein
NHKJIMIN_02803	gene	219				
NHKJIMIN_02803	CDS	219				hypothetical protein
NHKJIMIN_02804	gene	1179	bfce			
NHKJIMIN_02804	CDS	1179	bfce	5.1.3.11	COG2942	Cellobiose 2-epimerase
NHKJIMIN_02805	gene	327	uidB			
NHKJIMIN_02805	CDS	327	uidB		COG2211	Glucuronide carrier protein 
NHKJIMIN_02806	gene	828	yagG			
NHKJIMIN_02806	CDS	828	yagG		COG2211	Putative glycoside/cation symporter YagG
NHKJIMIN_02807	gene	609				
NHKJIMIN_02807	CDS	609		2.4.1.281	COG2152	4-O-beta-D-mannosyl-D-glucose phosphorylase
NHKJIMIN_02808	gene	351				
NHKJIMIN_02808	CDS	351		2.4.1.281		4-O-beta-D-mannosyl-D-glucose phosphorylase
NHKJIMIN_02809	gene	282				
NHKJIMIN_02809	CDS	282				hypothetical protein
NHKJIMIN_02810	gene	564	manA			
NHKJIMIN_02810	CDS	564	manA	3.2.1.78	COG4124	Mannan endo-1,4-beta-mannosidase
NHKJIMIN_02811	gene	303				
NHKJIMIN_02811	CDS	303				hypothetical protein
NHKJIMIN_02812	gene	369				
NHKJIMIN_02812	CDS	369				hypothetical protein
NHKJIMIN_02813	gene	543				
NHKJIMIN_02813	CDS	543				hypothetical protein
NHKJIMIN_02814	gene	162				
NHKJIMIN_02814	CDS	162				hypothetical protein
NHKJIMIN_02815	gene	1221	glmS			
NHKJIMIN_02815	CDS	1221	glmS	5.4.99.1		Glutamate mutase sigma subunit
NHKJIMIN_02816	gene	549				
NHKJIMIN_02816	CDS	549				hypothetical protein
NHKJIMIN_02817	gene	426				
NHKJIMIN_02817	CDS	426				hypothetical protein
NHKJIMIN_02818	gene	123				
NHKJIMIN_02818	CDS	123				hypothetical protein
NHKJIMIN_02819	gene	393				
NHKJIMIN_02819	CDS	393		3.2.1.-	COG1472	Putative beta-xylosidase
NHKJIMIN_02820	gene	273				
NHKJIMIN_02820	CDS	273				hypothetical protein
NHKJIMIN_02821	gene	366	xyl3A_1			
NHKJIMIN_02821	CDS	366	xyl3A_1	3.2.1.37	COG1472	Xylan 1,4-beta-xylosidase
NHKJIMIN_02822	gene	384	xyl3A_2			
NHKJIMIN_02822	CDS	384	xyl3A_2	3.2.1.37	COG1472	Xylan 1,4-beta-xylosidase
NHKJIMIN_02823	gene	504				
NHKJIMIN_02823	CDS	504		3.2.1.-	COG1472	Putative beta-xylosidase
NHKJIMIN_02824	gene	120				
NHKJIMIN_02824	CDS	120				hypothetical protein
NHKJIMIN_02825	gene	174				
NHKJIMIN_02825	CDS	174				hypothetical protein
NHKJIMIN_02826	gene	963				
NHKJIMIN_02826	CDS	963				hypothetical protein
NHKJIMIN_02827	gene	198				
NHKJIMIN_02827	CDS	198				hypothetical protein
NHKJIMIN_02828	gene	297				
NHKJIMIN_02828	CDS	297				hypothetical protein
NHKJIMIN_02829	gene	690				
NHKJIMIN_02829	CDS	690		3.2.1.78		Mannan endo-1,4-beta-mannosidase
NHKJIMIN_02830	gene	315				
NHKJIMIN_02830	CDS	315				hypothetical protein
NHKJIMIN_02831	gene	672				
NHKJIMIN_02831	CDS	672				hypothetical protein
NHKJIMIN_02832	gene	393				
NHKJIMIN_02832	CDS	393				hypothetical protein
NHKJIMIN_02833	gene	504				
NHKJIMIN_02833	CDS	504				hypothetical protein
NHKJIMIN_02834	gene	228				
NHKJIMIN_02834	CDS	228				hypothetical protein
NHKJIMIN_02835	gene	177				
NHKJIMIN_02835	CDS	177				hypothetical protein
NHKJIMIN_02836	gene	441				
NHKJIMIN_02836	CDS	441				hypothetical protein
NHKJIMIN_02837	gene	279				
NHKJIMIN_02837	CDS	279				hypothetical protein
NHKJIMIN_02838	gene	975				
NHKJIMIN_02838	CDS	975				hypothetical protein
NHKJIMIN_02839	gene	417				
NHKJIMIN_02839	CDS	417				hypothetical protein
NHKJIMIN_02840	gene	333				
NHKJIMIN_02840	CDS	333				hypothetical protein
NHKJIMIN_02841	gene	606				
NHKJIMIN_02841	CDS	606				hypothetical protein
NHKJIMIN_02842	gene	231				
NHKJIMIN_02842	CDS	231				hypothetical protein
NHKJIMIN_02843	gene	351				
NHKJIMIN_02843	CDS	351			COG0702	SusD-like protein P25
NHKJIMIN_02844	gene	417				
NHKJIMIN_02844	CDS	417				hypothetical protein
NHKJIMIN_02845	gene	519				
NHKJIMIN_02845	CDS	519				hypothetical protein
NHKJIMIN_02846	gene	267				
NHKJIMIN_02846	CDS	267			COG4771	TonB-dependent receptor P3
NHKJIMIN_02847	gene	105				
NHKJIMIN_02847	CDS	105				hypothetical protein
NHKJIMIN_02848	gene	303				
NHKJIMIN_02848	CDS	303				hypothetical protein
NHKJIMIN_02849	gene	423				
NHKJIMIN_02849	CDS	423			COG4771	TonB-dependent receptor P3
NHKJIMIN_02850	gene	195				
NHKJIMIN_02850	CDS	195				hypothetical protein
NHKJIMIN_02851	gene	201				
NHKJIMIN_02851	CDS	201				hypothetical protein
NHKJIMIN_02852	gene	198				
NHKJIMIN_02852	CDS	198				hypothetical protein
NHKJIMIN_02853	gene	462				
NHKJIMIN_02853	CDS	462				hypothetical protein
NHKJIMIN_02854	gene	666	susC_15			
NHKJIMIN_02854	CDS	666	susC_15		COG1629	TonB-dependent receptor SusC
NHKJIMIN_02855	gene	183				
NHKJIMIN_02855	CDS	183				hypothetical protein
NHKJIMIN_02856	gene	453	xyl3A_3			
NHKJIMIN_02856	CDS	453	xyl3A_3	3.2.1.37	COG1472	Xylan 1,4-beta-xylosidase
NHKJIMIN_02857	gene	120				
NHKJIMIN_02857	CDS	120				hypothetical protein
NHKJIMIN_02858	gene	147				
NHKJIMIN_02858	CDS	147				hypothetical protein
NHKJIMIN_02859	gene	567	xyl3A_4			
NHKJIMIN_02859	CDS	567	xyl3A_4	3.2.1.37	COG1472	Xylan 1,4-beta-xylosidase
NHKJIMIN_02860	gene	531				
NHKJIMIN_02860	CDS	531				hypothetical protein
NHKJIMIN_02861	gene	798	gpr_1			
NHKJIMIN_02861	CDS	798	gpr_1	1.1.1.-	COG0667	L-glyceraldehyde 3-phosphate reductase
NHKJIMIN_02862	gene	195	gpr_2			
NHKJIMIN_02862	CDS	195	gpr_2	1.1.1.-	COG0667	L-glyceraldehyde 3-phosphate reductase
NHKJIMIN_02863	gene	132				
NHKJIMIN_02863	CDS	132				hypothetical protein
NHKJIMIN_02864	gene	531				
NHKJIMIN_02864	CDS	531				hypothetical protein
NHKJIMIN_02865	gene	276				
NHKJIMIN_02865	CDS	276				hypothetical protein
NHKJIMIN_02866	gene	333				
NHKJIMIN_02866	CDS	333				hypothetical protein
NHKJIMIN_02867	gene	93				
NHKJIMIN_02867	CDS	93				hypothetical protein
NHKJIMIN_02868	gene	480				
NHKJIMIN_02868	CDS	480				hypothetical protein
NHKJIMIN_02869	gene	351				
NHKJIMIN_02869	CDS	351				hypothetical protein
NHKJIMIN_02870	gene	261				
NHKJIMIN_02870	CDS	261				hypothetical protein
NHKJIMIN_02871	gene	330				
NHKJIMIN_02871	CDS	330				hypothetical protein
NHKJIMIN_02872	gene	285				
NHKJIMIN_02872	CDS	285				hypothetical protein
NHKJIMIN_02873	gene	228				
NHKJIMIN_02873	CDS	228				hypothetical protein
NHKJIMIN_02874	gene	450	fcl_3			
NHKJIMIN_02874	CDS	450	fcl_3	1.1.1.271		GDP-L-fucose synthase
NHKJIMIN_02875	gene	780				
NHKJIMIN_02875	CDS	780				hypothetical protein
NHKJIMIN_02876	gene	333				
NHKJIMIN_02876	CDS	333				hypothetical protein
NHKJIMIN_02877	gene	126				
NHKJIMIN_02877	CDS	126				hypothetical protein
NHKJIMIN_02878	gene	183				
NHKJIMIN_02878	CDS	183				hypothetical protein
NHKJIMIN_02879	gene	555	wbpI_4			
NHKJIMIN_02879	CDS	555	wbpI_4	5.1.3.23		UDP-2,3-diacetamido-2,3-dideoxy-D-glucuronate 2-epimerase
NHKJIMIN_02880	gene	207	wbpI_5			
NHKJIMIN_02880	CDS	207	wbpI_5	5.1.3.23		UDP-2,3-diacetamido-2,3-dideoxy-D-glucuronate 2-epimerase
NHKJIMIN_02881	gene	198				
NHKJIMIN_02881	CDS	198				hypothetical protein
NHKJIMIN_02882	gene	381	wbjC			
NHKJIMIN_02882	CDS	381	wbjC	1.1.1.367		UDP-2-acetamido-2,6-beta-L-arabino-hexul-4-ose reductase
NHKJIMIN_02883	gene	135				
NHKJIMIN_02883	CDS	135				hypothetical protein
NHKJIMIN_02884	gene	666	capD_7			
NHKJIMIN_02884	CDS	666	capD_7	5.1.3.2	COG1086	UDP-glucose 4-epimerase
NHKJIMIN_02885	gene	207	capD_8			
NHKJIMIN_02885	CDS	207	capD_8	5.1.3.2	COG1086	UDP-glucose 4-epimerase
NHKJIMIN_02886	gene	153				
NHKJIMIN_02886	CDS	153				hypothetical protein
NHKJIMIN_02887	gene	153				
NHKJIMIN_02887	CDS	153				hypothetical protein
NHKJIMIN_02888	gene	255				
NHKJIMIN_02888	CDS	255				hypothetical protein
NHKJIMIN_02889	gene	210				
NHKJIMIN_02889	CDS	210				hypothetical protein
NHKJIMIN_02890	gene	507				
NHKJIMIN_02890	CDS	507				hypothetical protein
NHKJIMIN_02891	gene	312				
NHKJIMIN_02891	CDS	312				hypothetical protein
NHKJIMIN_02892	gene	192				
NHKJIMIN_02892	CDS	192				hypothetical protein
NHKJIMIN_02893	gene	381				
NHKJIMIN_02893	CDS	381				hypothetical protein
NHKJIMIN_02894	gene	135				
NHKJIMIN_02894	CDS	135				hypothetical protein
NHKJIMIN_02895	gene	150				
NHKJIMIN_02895	CDS	150				hypothetical protein
NHKJIMIN_02896	gene	249				
NHKJIMIN_02896	CDS	249				hypothetical protein
NHKJIMIN_02897	gene	231				
NHKJIMIN_02897	CDS	231				hypothetical protein
NHKJIMIN_02898	gene	339				
NHKJIMIN_02898	CDS	339				hypothetical protein
NHKJIMIN_02899	gene	168				
NHKJIMIN_02899	CDS	168				hypothetical protein
NHKJIMIN_02900	gene	213				
NHKJIMIN_02900	CDS	213				hypothetical protein
NHKJIMIN_02901	gene	393	epsJ_1			
NHKJIMIN_02901	CDS	393	epsJ_1	2.4.-.-	COG1216	putative glycosyltransferase EpsJ
NHKJIMIN_02902	gene	228				
NHKJIMIN_02902	CDS	228				hypothetical protein
NHKJIMIN_02903	gene	186				
NHKJIMIN_02903	CDS	186				hypothetical protein
NHKJIMIN_02904	gene	90				
NHKJIMIN_02904	CDS	90				hypothetical protein
NHKJIMIN_02905	gene	168				
NHKJIMIN_02905	CDS	168				hypothetical protein
NHKJIMIN_02906	gene	195				
NHKJIMIN_02906	CDS	195				hypothetical protein
NHKJIMIN_02907	gene	138				
NHKJIMIN_02907	CDS	138				hypothetical protein
NHKJIMIN_02908	gene	258				
NHKJIMIN_02908	CDS	258				hypothetical protein
NHKJIMIN_02909	gene	183				
NHKJIMIN_02909	CDS	183				hypothetical protein
NHKJIMIN_02910	gene	318	ppd			
NHKJIMIN_02910	CDS	318	ppd	4.1.1.82	COG0028	Phosphonopyruvate decarboxylase
NHKJIMIN_02911	gene	210				
NHKJIMIN_02911	CDS	210				hypothetical protein
NHKJIMIN_02912	gene	153				
NHKJIMIN_02912	CDS	153				hypothetical protein
NHKJIMIN_02913	gene	447				
NHKJIMIN_02913	CDS	447				hypothetical protein
NHKJIMIN_02914	gene	288				
NHKJIMIN_02914	CDS	288				hypothetical protein
NHKJIMIN_02915	gene	207				
NHKJIMIN_02915	CDS	207				hypothetical protein
NHKJIMIN_02916	gene	429	arnB_2			
NHKJIMIN_02916	CDS	429	arnB_2	2.6.1.87		UDP-4-amino-4-deoxy-L-arabinose--oxoglutarate aminotransferase
NHKJIMIN_02917	gene	303	megDII_1			
NHKJIMIN_02917	CDS	303	megDII_1	2.6.1.106		dTDP-3-amino-3,4,6-trideoxy-alpha-D-glucose transaminase
NHKJIMIN_02918	gene	426	megDII_2			
NHKJIMIN_02918	CDS	426	megDII_2	2.6.1.106		dTDP-3-amino-3,4,6-trideoxy-alpha-D-glucose transaminase
NHKJIMIN_02919	gene	129				
NHKJIMIN_02919	CDS	129				hypothetical protein
NHKJIMIN_02920	gene	213				
NHKJIMIN_02920	CDS	213				hypothetical protein
NHKJIMIN_02921	gene	252	fdtA_2			
NHKJIMIN_02921	CDS	252	fdtA_2	5.3.2.3		TDP-4-oxo-6-deoxy-alpha-D-glucose-3,4-oxoisomerase
NHKJIMIN_02922	gene	249	rffH_3			
NHKJIMIN_02922	CDS	249	rffH_3	2.7.7.24	COG1209	Glucose-1-phosphate thymidylyltransferase 2
NHKJIMIN_02923	gene	465				
NHKJIMIN_02923	CDS	465				hypothetical protein
NHKJIMIN_02924	gene	366				
NHKJIMIN_02924	CDS	366				hypothetical protein
NHKJIMIN_02925	gene	126				
NHKJIMIN_02925	CDS	126				hypothetical protein
NHKJIMIN_02926	gene	126				
NHKJIMIN_02926	CDS	126				hypothetical protein
NHKJIMIN_02927	gene	207				
NHKJIMIN_02927	CDS	207				hypothetical protein
NHKJIMIN_02928	gene	279				
NHKJIMIN_02928	CDS	279				hypothetical protein
NHKJIMIN_02929	gene	246				
NHKJIMIN_02929	CDS	246				hypothetical protein
NHKJIMIN_02930	gene	168				
NHKJIMIN_02930	CDS	168				hypothetical protein
NHKJIMIN_02931	gene	207				
NHKJIMIN_02931	CDS	207				hypothetical protein
NHKJIMIN_02932	gene	810	rhaS_1			
NHKJIMIN_02932	CDS	810	rhaS_1			HTH-type transcriptional activator RhaS
NHKJIMIN_02933	gene	180				
NHKJIMIN_02933	CDS	180				hypothetical protein
NHKJIMIN_02934	gene	222				
NHKJIMIN_02934	CDS	222				hypothetical protein
NHKJIMIN_02935	gene	696	ybdG_1			
NHKJIMIN_02935	CDS	696	ybdG_1		COG0668	Mechanosensing system component YbdG
NHKJIMIN_02936	gene	156				
NHKJIMIN_02936	CDS	156				hypothetical protein
NHKJIMIN_02937	gene	255				
NHKJIMIN_02937	CDS	255				hypothetical protein
NHKJIMIN_02938	gene	378				
NHKJIMIN_02938	CDS	378				hypothetical protein
NHKJIMIN_02939	gene	255				
NHKJIMIN_02939	CDS	255				hypothetical protein
NHKJIMIN_02940	gene	117				
NHKJIMIN_02940	CDS	117				hypothetical protein
NHKJIMIN_02941	gene	234				
NHKJIMIN_02941	CDS	234				hypothetical protein
NHKJIMIN_02942	gene	405				
NHKJIMIN_02942	CDS	405				hypothetical protein
NHKJIMIN_02943	gene	231				
NHKJIMIN_02943	CDS	231				hypothetical protein
NHKJIMIN_02944	gene	414				
NHKJIMIN_02944	CDS	414				hypothetical protein
NHKJIMIN_02945	gene	390				
NHKJIMIN_02945	CDS	390				hypothetical protein
NHKJIMIN_02946	gene	234				
NHKJIMIN_02946	CDS	234				hypothetical protein
NHKJIMIN_02947	gene	714				
NHKJIMIN_02947	CDS	714		3.6.-.-	COG1703	putative GTPase
NHKJIMIN_02948	gene	282				
NHKJIMIN_02948	CDS	282				hypothetical protein
NHKJIMIN_02949	gene	276				
NHKJIMIN_02949	CDS	276				hypothetical protein
NHKJIMIN_02950	gene	156				
NHKJIMIN_02950	CDS	156				hypothetical protein
NHKJIMIN_02951	gene	345				
NHKJIMIN_02951	CDS	345				hypothetical protein
NHKJIMIN_02952	gene	255				
NHKJIMIN_02952	CDS	255				hypothetical protein
NHKJIMIN_02953	gene	516				
NHKJIMIN_02953	CDS	516				hypothetical protein
NHKJIMIN_02954	gene	177				
NHKJIMIN_02954	CDS	177				hypothetical protein
NHKJIMIN_02955	gene	153				
NHKJIMIN_02955	CDS	153				hypothetical protein
NHKJIMIN_02956	gene	756				
NHKJIMIN_02956	CDS	756				hypothetical protein
NHKJIMIN_02957	gene	936				
NHKJIMIN_02957	CDS	936				hypothetical protein
NHKJIMIN_02958	gene	306				
NHKJIMIN_02958	CDS	306				hypothetical protein
NHKJIMIN_02959	gene	288				
NHKJIMIN_02959	CDS	288				hypothetical protein
NHKJIMIN_02960	gene	234				
NHKJIMIN_02960	CDS	234				hypothetical protein
NHKJIMIN_02961	gene	192				
NHKJIMIN_02961	CDS	192				hypothetical protein
NHKJIMIN_02962	gene	618				
NHKJIMIN_02962	CDS	618				hypothetical protein
NHKJIMIN_02963	gene	402				
NHKJIMIN_02963	CDS	402				hypothetical protein
NHKJIMIN_02964	gene	345				
NHKJIMIN_02964	CDS	345				hypothetical protein
NHKJIMIN_02965	gene	147				
NHKJIMIN_02965	CDS	147				hypothetical protein
NHKJIMIN_02966	gene	1086				
NHKJIMIN_02966	CDS	1086				hypothetical protein
NHKJIMIN_02967	gene	375				
NHKJIMIN_02967	CDS	375				hypothetical protein
NHKJIMIN_02968	gene	273				
NHKJIMIN_02968	CDS	273				hypothetical protein
NHKJIMIN_02969	gene	411				
NHKJIMIN_02969	CDS	411				hypothetical protein
NHKJIMIN_02970	gene	387				
NHKJIMIN_02970	CDS	387				hypothetical protein
NHKJIMIN_02971	gene	192				
NHKJIMIN_02971	CDS	192				hypothetical protein
NHKJIMIN_02972	gene	315				
NHKJIMIN_02972	CDS	315				hypothetical protein
NHKJIMIN_02973	gene	303				
NHKJIMIN_02973	CDS	303				hypothetical protein
NHKJIMIN_02974	gene	246				
NHKJIMIN_02974	CDS	246				hypothetical protein
NHKJIMIN_02975	gene	618				
NHKJIMIN_02975	CDS	618				hypothetical protein
NHKJIMIN_02976	gene	135				
NHKJIMIN_02976	CDS	135				hypothetical protein
NHKJIMIN_02977	gene	342				
NHKJIMIN_02977	CDS	342				hypothetical protein
NHKJIMIN_02978	gene	186	pepD_1			
NHKJIMIN_02978	CDS	186	pepD_1	3.4.13.18	COG2195	Cytosol non-specific dipeptidase
NHKJIMIN_02979	gene	285	pepD_2			
NHKJIMIN_02979	CDS	285	pepD_2	3.4.13.18	COG2195	Cytosol non-specific dipeptidase
NHKJIMIN_02980	gene	579				
NHKJIMIN_02980	CDS	579				hypothetical protein
NHKJIMIN_02981	gene	318	pepD_3			
NHKJIMIN_02981	CDS	318	pepD_3	3.4.13.18	COG2195	Cytosol non-specific dipeptidase
NHKJIMIN_02982	gene	108				
NHKJIMIN_02982	CDS	108				hypothetical protein
NHKJIMIN_02983	gene	510				
NHKJIMIN_02983	CDS	510				hypothetical protein
NHKJIMIN_02984	gene	117				
NHKJIMIN_02984	CDS	117				hypothetical protein
NHKJIMIN_02985	gene	189	rsmA_1			
NHKJIMIN_02985	CDS	189	rsmA_1	2.1.1.182		Ribosomal RNA small subunit methyltransferase A
NHKJIMIN_02986	gene	501	rsmA_2			
NHKJIMIN_02986	CDS	501	rsmA_2	2.1.1.182		Ribosomal RNA small subunit methyltransferase A
NHKJIMIN_02987	gene	339				
NHKJIMIN_02987	CDS	339				hypothetical protein
NHKJIMIN_02988	gene	117				
NHKJIMIN_02988	CDS	117				hypothetical protein
NHKJIMIN_02989	gene	528	mgtE			
NHKJIMIN_02989	CDS	528	mgtE		COG2239	Magnesium transporter MgtE
NHKJIMIN_02990	gene	309				
NHKJIMIN_02990	CDS	309				hypothetical protein
NHKJIMIN_02991	gene	327				
NHKJIMIN_02991	CDS	327				hypothetical protein
NHKJIMIN_02992	gene	288				
NHKJIMIN_02992	CDS	288				hypothetical protein
NHKJIMIN_02993	gene	375				
NHKJIMIN_02993	CDS	375				hypothetical protein
NHKJIMIN_02994	gene	138				
NHKJIMIN_02994	CDS	138				hypothetical protein
NHKJIMIN_02995	gene	297				
NHKJIMIN_02995	CDS	297				hypothetical protein
NHKJIMIN_02996	gene	72				
NHKJIMIN_02996	tRNA	72				tRNA-Gln(ctg)
NHKJIMIN_02997	gene	162				
NHKJIMIN_02997	CDS	162				hypothetical protein
NHKJIMIN_02998	gene	114	rsfS			
NHKJIMIN_02998	CDS	114	rsfS			Ribosomal silencing factor RsfS
NHKJIMIN_02999	gene	882	ftsH_1			
NHKJIMIN_02999	CDS	882	ftsH_1	3.4.24.-		ATP-dependent zinc metalloprotease FtsH
NHKJIMIN_03000	gene	318	ftsH2			
NHKJIMIN_03000	CDS	318	ftsH2	3.4.24.-	COG0465	ATP-dependent zinc metalloprotease FtsH 2
NHKJIMIN_03001	gene	642	ftsH_2			
NHKJIMIN_03001	CDS	642	ftsH_2	3.4.24.-	COG0465	ATP-dependent zinc metalloprotease FtsH
NHKJIMIN_03002	gene	672				
NHKJIMIN_03002	CDS	672				hypothetical protein
NHKJIMIN_03003	gene	741				
NHKJIMIN_03003	CDS	741				hypothetical protein
NHKJIMIN_03004	gene	294	lpxB_1			
NHKJIMIN_03004	CDS	294	lpxB_1	2.4.1.182		Lipid-A-disaccharide synthase
NHKJIMIN_03005	gene	375				
NHKJIMIN_03005	CDS	375				hypothetical protein
NHKJIMIN_03006	gene	393	lpxB_2			
NHKJIMIN_03006	CDS	393	lpxB_2	2.4.1.182	COG0763	Lipid-A-disaccharide synthase
NHKJIMIN_03007	gene	306	surE_1			
NHKJIMIN_03007	CDS	306	surE_1	3.1.3.5	COG0496	5'-nucleotidase SurE
NHKJIMIN_03008	gene	264	surE_2			
NHKJIMIN_03008	CDS	264	surE_2	3.1.3.5	COG0496	5'-nucleotidase SurE
NHKJIMIN_03009	gene	213	surE_3			
NHKJIMIN_03009	CDS	213	surE_3	3.1.3.5		5'/3'-nucleotidase SurE
NHKJIMIN_03010	gene	504				
NHKJIMIN_03010	CDS	504				Iron-sulfur cluster carrier protein
NHKJIMIN_03011	gene	348	soj			
NHKJIMIN_03011	CDS	348	soj	3.6.4.-	COG1192	Sporulation initiation inhibitor protein Soj
NHKJIMIN_03012	gene	753	spo0C_1			
NHKJIMIN_03012	CDS	753	spo0C_1		COG1475	Chromosome-partitioning protein Spo0J
NHKJIMIN_03013	gene	309				
NHKJIMIN_03013	CDS	309				hypothetical protein
NHKJIMIN_03014	gene	402				
NHKJIMIN_03014	CDS	402				hypothetical protein
NHKJIMIN_03015	gene	177				
NHKJIMIN_03015	CDS	177				hypothetical protein
NHKJIMIN_03016	gene	495	mltD			
NHKJIMIN_03016	CDS	495	mltD	4.2.2.-	COG0741	Membrane-bound lytic murein transglycosylase D
NHKJIMIN_03017	gene	369				
NHKJIMIN_03017	CDS	369				hypothetical protein
NHKJIMIN_03018	gene	183				
NHKJIMIN_03018	CDS	183				hypothetical protein
NHKJIMIN_03019	gene	261	spoT_1			
NHKJIMIN_03019	CDS	261	spoT_1	3.1.7.2	COG0317	Guanosine-3',5'-bis(diphosphate) 3'-pyrophosphohydrolase
NHKJIMIN_03020	gene	891	spoT_2			
NHKJIMIN_03020	CDS	891	spoT_2	3.1.7.2	COG0317	Guanosine-3',5'-bis(diphosphate) 3'-pyrophosphohydrolase
NHKJIMIN_03021	gene	177				
NHKJIMIN_03021	CDS	177				hypothetical protein
NHKJIMIN_03022	gene	525				
NHKJIMIN_03022	CDS	525				hypothetical protein
NHKJIMIN_03023	gene	150				
NHKJIMIN_03023	CDS	150				hypothetical protein
NHKJIMIN_03024	gene	126				
NHKJIMIN_03024	CDS	126				hypothetical protein
NHKJIMIN_03025	gene	477				
NHKJIMIN_03025	CDS	477				hypothetical protein
NHKJIMIN_03026	gene	501				
NHKJIMIN_03026	CDS	501				hypothetical protein
NHKJIMIN_03027	gene	210	alaS_1			
NHKJIMIN_03027	CDS	210	alaS_1	6.1.1.7	COG0013	Alanine--tRNA ligase
NHKJIMIN_03028	gene	270				
NHKJIMIN_03028	CDS	270				hypothetical protein
NHKJIMIN_03029	gene	624				
NHKJIMIN_03029	CDS	624				hypothetical protein
NHKJIMIN_03030	gene	279	alaS_2			
NHKJIMIN_03030	CDS	279	alaS_2	6.1.1.7	COG0013	Alanine--tRNA ligase
NHKJIMIN_03031	gene	399				
NHKJIMIN_03031	CDS	399				hypothetical protein
NHKJIMIN_03032	gene	135				
NHKJIMIN_03032	CDS	135				hypothetical protein
NHKJIMIN_03033	gene	309				
NHKJIMIN_03033	CDS	309				hypothetical protein
NHKJIMIN_03034	gene	468				
NHKJIMIN_03034	CDS	468				hypothetical protein
NHKJIMIN_03035	gene	351	punC			
NHKJIMIN_03035	CDS	351	punC		COG2814	Purine nucleoside transporter
NHKJIMIN_03036	gene	477				
NHKJIMIN_03036	CDS	477				hypothetical protein
NHKJIMIN_03037	gene	252				
NHKJIMIN_03037	CDS	252				hypothetical protein
NHKJIMIN_03038	gene	360				
NHKJIMIN_03038	CDS	360				hypothetical protein
NHKJIMIN_03039	gene	375				
NHKJIMIN_03039	CDS	375				hypothetical protein
NHKJIMIN_03040	gene	336				
NHKJIMIN_03040	CDS	336				hypothetical protein
NHKJIMIN_03041	gene	855				
NHKJIMIN_03041	CDS	855				hypothetical protein
NHKJIMIN_03042	gene	570	fliA			
NHKJIMIN_03042	CDS	570	fliA			RNA polymerase sigma factor FliA
NHKJIMIN_03043	gene	234				
NHKJIMIN_03043	CDS	234				hypothetical protein
NHKJIMIN_03044	gene	276				
NHKJIMIN_03044	CDS	276				hypothetical protein
NHKJIMIN_03045	gene	159				
NHKJIMIN_03045	CDS	159				hypothetical protein
NHKJIMIN_03046	gene	111				
NHKJIMIN_03046	CDS	111				hypothetical protein
NHKJIMIN_03047	gene	408				
NHKJIMIN_03047	CDS	408				hypothetical protein
NHKJIMIN_03048	gene	219				
NHKJIMIN_03048	CDS	219				hypothetical protein
NHKJIMIN_03049	gene	399				
NHKJIMIN_03049	CDS	399				hypothetical protein
NHKJIMIN_03050	gene	546				
NHKJIMIN_03050	CDS	546				hypothetical protein
NHKJIMIN_03051	gene	468				
NHKJIMIN_03051	CDS	468				hypothetical protein
NHKJIMIN_03052	gene	108				
NHKJIMIN_03052	CDS	108				hypothetical protein
NHKJIMIN_03053	gene	285				
NHKJIMIN_03053	CDS	285				hypothetical protein
NHKJIMIN_03054	gene	918				
NHKJIMIN_03054	CDS	918				hypothetical protein
NHKJIMIN_03055	gene	201				
NHKJIMIN_03055	CDS	201				hypothetical protein
NHKJIMIN_03056	gene	243				
NHKJIMIN_03056	CDS	243				hypothetical protein
NHKJIMIN_03057	gene	327				
NHKJIMIN_03057	CDS	327				hypothetical protein
NHKJIMIN_03058	gene	204				
NHKJIMIN_03058	CDS	204				hypothetical protein
NHKJIMIN_03059	gene	213				
NHKJIMIN_03059	CDS	213				hypothetical protein
NHKJIMIN_03060	gene	747	susC_16			
NHKJIMIN_03060	CDS	747	susC_16		COG1629	TonB-dependent receptor SusC
NHKJIMIN_03061	gene	216				
NHKJIMIN_03061	CDS	216				hypothetical protein
NHKJIMIN_03062	gene	1548				
NHKJIMIN_03062	CDS	1548			COG4771	TonB-dependent receptor P3
NHKJIMIN_03063	gene	150				
NHKJIMIN_03063	CDS	150				hypothetical protein
NHKJIMIN_03064	gene	120				
NHKJIMIN_03064	CDS	120				hypothetical protein
NHKJIMIN_03065	gene	225				
NHKJIMIN_03065	CDS	225				hypothetical protein
NHKJIMIN_03066	gene	891				
NHKJIMIN_03066	CDS	891				hypothetical protein
NHKJIMIN_03067	gene	225				
NHKJIMIN_03067	CDS	225				hypothetical protein
NHKJIMIN_03068	gene	420				
NHKJIMIN_03068	CDS	420				hypothetical protein
NHKJIMIN_03069	gene	432	recD2_2			
NHKJIMIN_03069	CDS	432	recD2_2	5.6.2.3		ATP-dependent RecD2 DNA helicase
NHKJIMIN_03070	gene	195				
NHKJIMIN_03070	CDS	195				hypothetical protein
NHKJIMIN_03071	gene	180				
NHKJIMIN_03071	CDS	180				hypothetical protein
NHKJIMIN_03072	gene	135				
NHKJIMIN_03072	CDS	135				hypothetical protein
NHKJIMIN_03073	gene	519				
NHKJIMIN_03073	CDS	519				hypothetical protein
NHKJIMIN_03074	gene	663				
NHKJIMIN_03074	CDS	663				hypothetical protein
NHKJIMIN_03075	gene	360	clsA_1			
NHKJIMIN_03075	CDS	360	clsA_1	2.7.8.-	COG1502	Major cardiolipin synthase ClsA
NHKJIMIN_03076	gene	399	clsA_2			
NHKJIMIN_03076	CDS	399	clsA_2	2.7.8.-	COG1502	Major cardiolipin synthase ClsA
NHKJIMIN_03077	gene	243				
NHKJIMIN_03077	CDS	243				hypothetical protein
NHKJIMIN_03078	gene	288				
NHKJIMIN_03078	CDS	288		2.7.8.-		Cardiolipin synthase
NHKJIMIN_03079	gene	540				
NHKJIMIN_03079	CDS	540				hypothetical protein
NHKJIMIN_03080	gene	309				
NHKJIMIN_03080	CDS	309				hypothetical protein
NHKJIMIN_03081	gene	546				
NHKJIMIN_03081	CDS	546				hypothetical protein
NHKJIMIN_03082	gene	1179				
NHKJIMIN_03082	CDS	1179				hypothetical protein
NHKJIMIN_03083	gene	285				
NHKJIMIN_03083	CDS	285				hypothetical protein
NHKJIMIN_03084	gene	210				
NHKJIMIN_03084	CDS	210				hypothetical protein
NHKJIMIN_03085	gene	165				
NHKJIMIN_03085	CDS	165				hypothetical protein
NHKJIMIN_03086	gene	132				
NHKJIMIN_03086	CDS	132				hypothetical protein
NHKJIMIN_03087	gene	294				
NHKJIMIN_03087	CDS	294				hypothetical protein
NHKJIMIN_03088	gene	315	aroB_1			
NHKJIMIN_03088	CDS	315	aroB_1	4.2.3.4		3-dehydroquinate synthase
NHKJIMIN_03089	gene	270	aroB_2			
NHKJIMIN_03089	CDS	270	aroB_2	4.2.3.4		3-dehydroquinate synthase
NHKJIMIN_03090	gene	228				
NHKJIMIN_03090	CDS	228				hypothetical protein
NHKJIMIN_03091	gene	75				
NHKJIMIN_03091	tRNA	75				tRNA-Pro(ggg)
NHKJIMIN_03092	gene	345				
NHKJIMIN_03092	CDS	345				hypothetical protein
NHKJIMIN_03093	gene	456				
NHKJIMIN_03093	CDS	456				hypothetical protein
NHKJIMIN_03094	gene	264				
NHKJIMIN_03094	CDS	264				hypothetical protein
NHKJIMIN_03095	gene	444				
NHKJIMIN_03095	CDS	444				hypothetical protein
NHKJIMIN_03096	gene	498				
NHKJIMIN_03096	CDS	498				hypothetical protein
NHKJIMIN_03097	gene	663				
NHKJIMIN_03097	CDS	663				hypothetical protein
NHKJIMIN_03098	gene	474	emrA_1			
NHKJIMIN_03098	CDS	474	emrA_1			Colistin resistance protein EmrA
NHKJIMIN_03099	gene	537	emrA_2			
NHKJIMIN_03099	CDS	537	emrA_2			Colistin resistance protein EmrA
NHKJIMIN_03100	gene	1137				
NHKJIMIN_03100	CDS	1137				hypothetical protein
NHKJIMIN_03101	gene	216				
NHKJIMIN_03101	CDS	216				hypothetical protein
NHKJIMIN_03102	gene	201				
NHKJIMIN_03102	CDS	201				hypothetical protein
NHKJIMIN_03103	gene	645				
NHKJIMIN_03103	CDS	645				hypothetical protein
NHKJIMIN_03104	gene	582				
NHKJIMIN_03104	CDS	582		3.2.1.52	COG3525	Beta-hexosaminidase
NHKJIMIN_03105	gene	492				
NHKJIMIN_03105	CDS	492		3.2.1.52	COG3525	Beta-hexosaminidase
NHKJIMIN_03106	gene	315				
NHKJIMIN_03106	CDS	315				hypothetical protein
NHKJIMIN_03107	gene	204	sasA_3			
NHKJIMIN_03107	CDS	204	sasA_3	2.7.13.3	COG2205	Adaptive-response sensory kinase SasA
NHKJIMIN_03108	gene	162				
NHKJIMIN_03108	CDS	162				hypothetical protein
NHKJIMIN_03109	gene	303	luxQ_1			
NHKJIMIN_03109	CDS	303	luxQ_1	2.7.13.3	COG0784	Autoinducer 2 sensor kinase/phosphatase LuxQ
NHKJIMIN_03110	gene	237				
NHKJIMIN_03110	CDS	237				hypothetical protein
NHKJIMIN_03111	gene	375				
NHKJIMIN_03111	CDS	375				hypothetical protein
NHKJIMIN_03112	gene	282				
NHKJIMIN_03112	CDS	282				hypothetical protein
NHKJIMIN_03113	gene	555				
NHKJIMIN_03113	CDS	555				hypothetical protein
NHKJIMIN_03114	gene	300	aroA_1			
NHKJIMIN_03114	CDS	300	aroA_1	2.5.1.19	COG0128	3-phosphoshikimate 1-carboxyvinyltransferase
NHKJIMIN_03115	gene	294	aroA_2			
NHKJIMIN_03115	CDS	294	aroA_2	2.5.1.19	COG0128	3-phosphoshikimate 1-carboxyvinyltransferase
NHKJIMIN_03116	gene	369	aroA_3			
NHKJIMIN_03116	CDS	369	aroA_3	2.5.1.19		3-phosphoshikimate 1-carboxyvinyltransferase
NHKJIMIN_03117	gene	153				
NHKJIMIN_03117	CDS	153				hypothetical protein
NHKJIMIN_03118	gene	945	lacZ_8			
NHKJIMIN_03118	CDS	945	lacZ_8	3.2.1.23	COG3250	Beta-galactosidase
NHKJIMIN_03119	gene	192				
NHKJIMIN_03119	CDS	192				hypothetical protein
NHKJIMIN_03120	gene	1119	lacZ_9			
NHKJIMIN_03120	CDS	1119	lacZ_9	3.2.1.23	COG3250	Beta-galactosidase
NHKJIMIN_03121	gene	753	lacZ_10			
NHKJIMIN_03121	CDS	753	lacZ_10	3.2.1.23		Beta-galactosidase
NHKJIMIN_03122	gene	225				
NHKJIMIN_03122	CDS	225				hypothetical protein
NHKJIMIN_03123	gene	390				
NHKJIMIN_03123	CDS	390				hypothetical protein
NHKJIMIN_03124	gene	1023				
NHKJIMIN_03124	CDS	1023				hypothetical protein
NHKJIMIN_03125	gene	186				
NHKJIMIN_03125	CDS	186				hypothetical protein
NHKJIMIN_03126	gene	546				
NHKJIMIN_03126	CDS	546				hypothetical protein
NHKJIMIN_03127	gene	117				
NHKJIMIN_03127	CDS	117				hypothetical protein
NHKJIMIN_03128	gene	1083				
NHKJIMIN_03128	CDS	1083				hypothetical protein
NHKJIMIN_03129	gene	258				
NHKJIMIN_03129	CDS	258			COG4771	TonB-dependent receptor P3
NHKJIMIN_03130	gene	621				
NHKJIMIN_03130	CDS	621				hypothetical protein
NHKJIMIN_03131	gene	1524	susC_17			
NHKJIMIN_03131	CDS	1524	susC_17		COG1629	TonB-dependent receptor SusC
NHKJIMIN_03132	gene	324				
NHKJIMIN_03132	CDS	324				hypothetical protein
NHKJIMIN_03133	gene	519				
NHKJIMIN_03133	CDS	519				hypothetical protein
NHKJIMIN_03134	gene	324				
NHKJIMIN_03134	CDS	324				hypothetical protein
NHKJIMIN_03135	gene	147				
NHKJIMIN_03135	CDS	147				hypothetical protein
NHKJIMIN_03136	gene	489				
NHKJIMIN_03136	CDS	489				hypothetical protein
NHKJIMIN_03137	gene	186				
NHKJIMIN_03137	CDS	186				hypothetical protein
NHKJIMIN_03138	gene	612				
NHKJIMIN_03138	CDS	612				hypothetical protein
NHKJIMIN_03139	gene	375				
NHKJIMIN_03139	CDS	375				hypothetical protein
NHKJIMIN_03140	gene	255				
NHKJIMIN_03140	CDS	255				hypothetical protein
NHKJIMIN_03141	gene	246				
NHKJIMIN_03141	CDS	246				hypothetical protein
NHKJIMIN_03142	gene	204				
NHKJIMIN_03142	CDS	204				hypothetical protein
NHKJIMIN_03143	gene	285				
NHKJIMIN_03143	CDS	285				hypothetical protein
NHKJIMIN_03144	gene	282	xerC_6			
NHKJIMIN_03144	CDS	282	xerC_6			Tyrosine recombinase XerC
NHKJIMIN_03145	gene	303				
NHKJIMIN_03145	CDS	303				hypothetical protein
NHKJIMIN_03146	gene	798	xerC_7			
NHKJIMIN_03146	CDS	798	xerC_7			Tyrosine recombinase XerC
NHKJIMIN_03147	gene	255				
NHKJIMIN_03147	CDS	255				hypothetical protein
NHKJIMIN_03148	gene	408				
NHKJIMIN_03148	CDS	408				hypothetical protein
NHKJIMIN_03149	gene	153				
NHKJIMIN_03149	CDS	153				hypothetical protein
NHKJIMIN_03150	gene	204				
NHKJIMIN_03150	CDS	204				hypothetical protein
NHKJIMIN_03151	gene	156				
NHKJIMIN_03151	CDS	156				hypothetical protein
NHKJIMIN_03152	gene	306				
NHKJIMIN_03152	CDS	306				hypothetical protein
NHKJIMIN_03153	gene	291				
NHKJIMIN_03153	CDS	291				hypothetical protein
NHKJIMIN_03154	gene	141				
NHKJIMIN_03154	CDS	141				hypothetical protein
NHKJIMIN_03155	gene	228				
NHKJIMIN_03155	CDS	228				hypothetical protein
NHKJIMIN_03156	gene	123				
NHKJIMIN_03156	CDS	123				hypothetical protein
NHKJIMIN_03157	gene	240				
NHKJIMIN_03157	CDS	240				hypothetical protein
NHKJIMIN_03158	gene	384				
NHKJIMIN_03158	CDS	384				hypothetical protein
NHKJIMIN_03159	gene	198				
NHKJIMIN_03159	CDS	198				hypothetical protein
NHKJIMIN_03160	gene	264				
NHKJIMIN_03160	CDS	264				hypothetical protein
NHKJIMIN_03161	gene	192				
NHKJIMIN_03161	CDS	192				hypothetical protein
NHKJIMIN_03162	gene	399				
NHKJIMIN_03162	CDS	399				hypothetical protein
NHKJIMIN_03163	gene	183				
NHKJIMIN_03163	CDS	183				hypothetical protein
NHKJIMIN_03164	gene	309				
NHKJIMIN_03164	CDS	309				hypothetical protein
NHKJIMIN_03165	gene	249				
NHKJIMIN_03165	CDS	249				hypothetical protein
NHKJIMIN_03166	gene	177				
NHKJIMIN_03166	CDS	177				hypothetical protein
NHKJIMIN_03167	gene	285				
NHKJIMIN_03167	CDS	285				hypothetical protein
NHKJIMIN_03168	gene	189				
NHKJIMIN_03168	CDS	189				hypothetical protein
NHKJIMIN_03169	gene	603				
NHKJIMIN_03169	CDS	603				hypothetical protein
NHKJIMIN_03170	gene	201				
NHKJIMIN_03170	CDS	201				hypothetical protein
NHKJIMIN_03171	gene	801				
NHKJIMIN_03171	CDS	801				hypothetical protein
NHKJIMIN_03172	gene	450				
NHKJIMIN_03172	CDS	450				hypothetical protein
NHKJIMIN_03173	gene	252				
NHKJIMIN_03173	CDS	252				hypothetical protein
NHKJIMIN_03174	gene	279				
NHKJIMIN_03174	CDS	279				hypothetical protein
NHKJIMIN_03175	gene	330				
NHKJIMIN_03175	CDS	330				hypothetical protein
NHKJIMIN_03176	gene	246				
NHKJIMIN_03176	CDS	246				hypothetical protein
NHKJIMIN_03177	gene	597				
NHKJIMIN_03177	CDS	597				hypothetical protein
NHKJIMIN_03178	gene	222				
NHKJIMIN_03178	CDS	222				hypothetical protein
NHKJIMIN_03179	gene	429				
NHKJIMIN_03179	CDS	429				hypothetical protein
NHKJIMIN_03180	gene	276				
NHKJIMIN_03180	CDS	276				hypothetical protein
NHKJIMIN_03181	gene	279				
NHKJIMIN_03181	CDS	279				hypothetical protein
NHKJIMIN_03182	gene	360				
NHKJIMIN_03182	CDS	360				hypothetical protein
NHKJIMIN_03183	gene	561	mntB			
NHKJIMIN_03183	CDS	561	mntB		COG1108	Manganese transport system membrane protein MntB
NHKJIMIN_03184	gene	258				
NHKJIMIN_03184	CDS	258				hypothetical protein
NHKJIMIN_03185	gene	165				
NHKJIMIN_03185	CDS	165				hypothetical protein
NHKJIMIN_03186	gene	189				
NHKJIMIN_03186	CDS	189				hypothetical protein
NHKJIMIN_03187	gene	1125				
NHKJIMIN_03187	CDS	1125				hypothetical protein
NHKJIMIN_03188	gene	282				
NHKJIMIN_03188	CDS	282				hypothetical protein
NHKJIMIN_03189	gene	102				
NHKJIMIN_03189	CDS	102				hypothetical protein
NHKJIMIN_03190	gene	696	moxR1_1			
NHKJIMIN_03190	CDS	696	moxR1_1		COG0714	Chaperone MoxR1
NHKJIMIN_03191	gene	183				
NHKJIMIN_03191	CDS	183				hypothetical protein
NHKJIMIN_03192	gene	195				
NHKJIMIN_03192	CDS	195				hypothetical protein
NHKJIMIN_03193	gene	597				
NHKJIMIN_03193	CDS	597				hypothetical protein
NHKJIMIN_03194	gene	324				
NHKJIMIN_03194	CDS	324				hypothetical protein
NHKJIMIN_03195	gene	237				
NHKJIMIN_03195	CDS	237				hypothetical protein
NHKJIMIN_03196	gene	312				
NHKJIMIN_03196	CDS	312				hypothetical protein
NHKJIMIN_03197	gene	312				
NHKJIMIN_03197	CDS	312				hypothetical protein
NHKJIMIN_03198	gene	384				
NHKJIMIN_03198	CDS	384				hypothetical protein
NHKJIMIN_03199	gene	636				
NHKJIMIN_03199	CDS	636				hypothetical protein
NHKJIMIN_03200	gene	162				
NHKJIMIN_03200	CDS	162				hypothetical protein
NHKJIMIN_03201	gene	264				
NHKJIMIN_03201	CDS	264				hypothetical protein
NHKJIMIN_03202	gene	246				
NHKJIMIN_03202	CDS	246				hypothetical protein
NHKJIMIN_03203	gene	171				
NHKJIMIN_03203	CDS	171				hypothetical protein
NHKJIMIN_03204	gene	144				
NHKJIMIN_03204	CDS	144				hypothetical protein
NHKJIMIN_03205	gene	315	trxA_1			
NHKJIMIN_03205	CDS	315	trxA_1		COG3118	Thioredoxin
NHKJIMIN_03206	gene	867	dnaE1			
NHKJIMIN_03206	CDS	867	dnaE1	2.7.7.7	COG0587	DNA polymerase III subunit alpha
NHKJIMIN_03207	gene	1074	dnaE_1			
NHKJIMIN_03207	CDS	1074	dnaE_1	2.7.7.7		DNA polymerase III subunit alpha
NHKJIMIN_03208	gene	528	dnaE_2			
NHKJIMIN_03208	CDS	528	dnaE_2	2.7.7.7		DNA polymerase III subunit alpha
NHKJIMIN_03209	gene	870	polC_1			
NHKJIMIN_03209	CDS	870	polC_1	2.7.7.7		DNA polymerase III PolC-type
NHKJIMIN_03210	gene	315	polC_2			
NHKJIMIN_03210	CDS	315	polC_2	2.7.7.7		DNA polymerase III PolC-type
NHKJIMIN_03211	gene	324	psd_1			
NHKJIMIN_03211	CDS	324	psd_1	4.1.1.65		Phosphatidylserine decarboxylase proenzyme
NHKJIMIN_03212	gene	285	psd_2			
NHKJIMIN_03212	CDS	285	psd_2	4.1.1.65	COG0688	Phosphatidylserine decarboxylase proenzyme
NHKJIMIN_03213	gene	558				
NHKJIMIN_03213	CDS	558				hypothetical protein
NHKJIMIN_03214	gene	351				
NHKJIMIN_03214	CDS	351				hypothetical protein
NHKJIMIN_03215	gene	417	tadA_2			
NHKJIMIN_03215	CDS	417	tadA_2	3.5.4.33		tRNA-specific adenosine deaminase
NHKJIMIN_03216	gene	156				
NHKJIMIN_03216	CDS	156				hypothetical protein
NHKJIMIN_03217	gene	144				
NHKJIMIN_03217	CDS	144				hypothetical protein
NHKJIMIN_03218	gene	246				
NHKJIMIN_03218	CDS	246				hypothetical protein
NHKJIMIN_03219	gene	357	yjbR			
NHKJIMIN_03219	CDS	357	yjbR		COG2315	putative protein YjbR
NHKJIMIN_03220	gene	363	birA			
NHKJIMIN_03220	CDS	363	birA	6.3.4.15	COG0340	Bifunctional ligase/repressor BirA
NHKJIMIN_03221	gene	222				
NHKJIMIN_03221	CDS	222				hypothetical protein
NHKJIMIN_03222	gene	138				
NHKJIMIN_03222	CDS	138				hypothetical protein
NHKJIMIN_03223	gene	504				
NHKJIMIN_03223	CDS	504				hypothetical protein
NHKJIMIN_03224	gene	486				
NHKJIMIN_03224	CDS	486				hypothetical protein
NHKJIMIN_03225	gene	633				
NHKJIMIN_03225	CDS	633				hypothetical protein
NHKJIMIN_03226	gene	216				
NHKJIMIN_03226	CDS	216				hypothetical protein
NHKJIMIN_03227	gene	261				
NHKJIMIN_03227	CDS	261				hypothetical protein
NHKJIMIN_03228	gene	726	dinF			
NHKJIMIN_03228	CDS	726	dinF		COG0534	DNA damage-inducible protein F
NHKJIMIN_03229	gene	429				
NHKJIMIN_03229	CDS	429				hypothetical protein
NHKJIMIN_03230	gene	285	pyrH_1			
NHKJIMIN_03230	CDS	285	pyrH_1	2.7.4.22	COG0528	Uridylate kinase
NHKJIMIN_03231	gene	183	pyrH_2			
NHKJIMIN_03231	CDS	183	pyrH_2	2.7.4.22		Uridylate kinase
NHKJIMIN_03232	gene	171				
NHKJIMIN_03232	CDS	171				hypothetical protein
NHKJIMIN_03233	gene	186				
NHKJIMIN_03233	CDS	186				hypothetical protein
NHKJIMIN_03234	gene	195				
NHKJIMIN_03234	CDS	195				hypothetical protein
NHKJIMIN_03235	gene	444				
NHKJIMIN_03235	CDS	444				hypothetical protein
NHKJIMIN_03236	gene	219				
NHKJIMIN_03236	CDS	219				hypothetical protein
NHKJIMIN_03237	gene	264	dnaK_5			
NHKJIMIN_03237	CDS	264	dnaK_5			Chaperone protein DnaK
NHKJIMIN_03238	gene	198				
NHKJIMIN_03238	CDS	198				hypothetical protein
NHKJIMIN_03239	gene	168				
NHKJIMIN_03239	CDS	168				hypothetical protein
NHKJIMIN_03240	gene	690	dnaK_6			
NHKJIMIN_03240	CDS	690	dnaK_6			Chaperone protein DnaK
NHKJIMIN_03241	gene	105				
NHKJIMIN_03241	CDS	105				hypothetical protein
NHKJIMIN_03242	gene	432				
NHKJIMIN_03242	CDS	432				hypothetical protein
NHKJIMIN_03243	gene	321				
NHKJIMIN_03243	CDS	321				hypothetical protein
NHKJIMIN_03244	gene	240				
NHKJIMIN_03244	CDS	240				hypothetical protein
NHKJIMIN_03245	gene	432				
NHKJIMIN_03245	CDS	432				hypothetical protein
NHKJIMIN_03246	gene	234				
NHKJIMIN_03246	CDS	234				hypothetical protein
NHKJIMIN_03247	gene	174				
NHKJIMIN_03247	CDS	174				hypothetical protein
NHKJIMIN_03248	gene	171				
NHKJIMIN_03248	CDS	171				hypothetical protein
NHKJIMIN_03249	gene	258				
NHKJIMIN_03249	CDS	258				hypothetical protein
NHKJIMIN_03250	gene	117	frr			
NHKJIMIN_03250	CDS	117	frr			Ribosome-recycling factor
NHKJIMIN_03251	gene	363	rsgA_1			
NHKJIMIN_03251	CDS	363	rsgA_1	3.6.1.-		Small ribosomal subunit biogenesis GTPase RsgA
NHKJIMIN_03252	gene	207	rsgA_2			
NHKJIMIN_03252	CDS	207	rsgA_2	3.6.1.-	COG1162	Small ribosomal subunit biogenesis GTPase RsgA
NHKJIMIN_03253	gene	177				
NHKJIMIN_03253	CDS	177				hypothetical protein
NHKJIMIN_03254	gene	117				
NHKJIMIN_03254	CDS	117				hypothetical protein
NHKJIMIN_03255	gene	438				
NHKJIMIN_03255	CDS	438				hypothetical protein
NHKJIMIN_03256	gene	183				
NHKJIMIN_03256	CDS	183				hypothetical protein
NHKJIMIN_03257	gene	585				
NHKJIMIN_03257	CDS	585				hypothetical protein
NHKJIMIN_03258	gene	117				
NHKJIMIN_03258	CDS	117				hypothetical protein
NHKJIMIN_03259	gene	519				
NHKJIMIN_03259	CDS	519				hypothetical protein
NHKJIMIN_03260	gene	252				
NHKJIMIN_03260	CDS	252				hypothetical protein
NHKJIMIN_03261	gene	264				
NHKJIMIN_03261	CDS	264				hypothetical protein
NHKJIMIN_03262	gene	393				
NHKJIMIN_03262	CDS	393				hypothetical protein
NHKJIMIN_03263	gene	258	lagD_1			
NHKJIMIN_03263	CDS	258	lagD_1	3.4.22.-		Lactococcin-G-processing and transport ATP-binding protein LagD
NHKJIMIN_03264	gene	204				
NHKJIMIN_03264	CDS	204				hypothetical protein
NHKJIMIN_03265	gene	543				
NHKJIMIN_03265	CDS	543				hypothetical protein
NHKJIMIN_03266	gene	153				
NHKJIMIN_03266	CDS	153				hypothetical protein
NHKJIMIN_03267	gene	234				
NHKJIMIN_03267	CDS	234				hypothetical protein
NHKJIMIN_03268	gene	297				
NHKJIMIN_03268	CDS	297				hypothetical protein
NHKJIMIN_03269	gene	303				
NHKJIMIN_03269	CDS	303				hypothetical protein
NHKJIMIN_03270	gene	222				
NHKJIMIN_03270	CDS	222				hypothetical protein
NHKJIMIN_03271	gene	384				
NHKJIMIN_03271	CDS	384				hypothetical protein
NHKJIMIN_03272	gene	915	bepE_1			
NHKJIMIN_03272	CDS	915	bepE_1			Efflux pump membrane transporter BepE
NHKJIMIN_03273	gene	255	mdtC_1			
NHKJIMIN_03273	CDS	255	mdtC_1			Multidrug resistance protein MdtC
NHKJIMIN_03274	gene	717	mdtB_1			
NHKJIMIN_03274	CDS	717	mdtB_1			Multidrug resistance protein MdtB
NHKJIMIN_03275	gene	777	bepE_2			
NHKJIMIN_03275	CDS	777	bepE_2			Efflux pump membrane transporter BepE
NHKJIMIN_03276	gene	303				
NHKJIMIN_03276	CDS	303				hypothetical protein
NHKJIMIN_03277	gene	528				
NHKJIMIN_03277	CDS	528				hypothetical protein
NHKJIMIN_03278	gene	195				
NHKJIMIN_03278	CDS	195				hypothetical protein
NHKJIMIN_03279	gene	204				
NHKJIMIN_03279	CDS	204				hypothetical protein
NHKJIMIN_03280	gene	159				
NHKJIMIN_03280	CDS	159				hypothetical protein
NHKJIMIN_03281	gene	372	bcaP_1			
NHKJIMIN_03281	CDS	372	bcaP_1		COG0531	Branched-chain amino acid permease BcaP
NHKJIMIN_03282	gene	192				
NHKJIMIN_03282	CDS	192				hypothetical protein
NHKJIMIN_03283	gene	354	bcaP_2			
NHKJIMIN_03283	CDS	354	bcaP_2		COG0531	Branched-chain amino acid permease BcaP
NHKJIMIN_03284	gene	222				
NHKJIMIN_03284	CDS	222				hypothetical protein
NHKJIMIN_03285	gene	870				
NHKJIMIN_03285	CDS	870				hypothetical protein
NHKJIMIN_03286	gene	225				
NHKJIMIN_03286	CDS	225				hypothetical protein
NHKJIMIN_03287	gene	561				
NHKJIMIN_03287	CDS	561				hypothetical protein
NHKJIMIN_03288	gene	156				
NHKJIMIN_03288	CDS	156				hypothetical protein
NHKJIMIN_03289	gene	150				
NHKJIMIN_03289	CDS	150				hypothetical protein
NHKJIMIN_03290	gene	873				
NHKJIMIN_03290	CDS	873				hypothetical protein
NHKJIMIN_03291	gene	249				
NHKJIMIN_03291	CDS	249				hypothetical protein
NHKJIMIN_03292	gene	795	fumA			
NHKJIMIN_03292	CDS	795	fumA	4.2.1.2	COG1838	Fumarate hydratase class I, aerobic
NHKJIMIN_03293	gene	390	fumB			
NHKJIMIN_03293	CDS	390	fumB	4.2.1.2	COG1838	Fumarate hydratase class I, anaerobic
NHKJIMIN_03294	gene	477				
NHKJIMIN_03294	CDS	477				hypothetical protein
NHKJIMIN_03295	gene	1011				
NHKJIMIN_03295	CDS	1011				hypothetical protein
NHKJIMIN_03296	gene	381				
NHKJIMIN_03296	CDS	381				hypothetical protein
NHKJIMIN_03297	gene	261				
NHKJIMIN_03297	CDS	261				hypothetical protein
NHKJIMIN_03298	gene	318				
NHKJIMIN_03298	CDS	318				hypothetical protein
NHKJIMIN_03299	gene	276				
NHKJIMIN_03299	CDS	276				hypothetical protein
NHKJIMIN_03300	gene	228				
NHKJIMIN_03300	CDS	228				hypothetical protein
NHKJIMIN_03301	gene	390				
NHKJIMIN_03301	CDS	390				hypothetical protein
NHKJIMIN_03302	gene	213				
NHKJIMIN_03302	CDS	213				hypothetical protein
NHKJIMIN_03303	gene	414				
NHKJIMIN_03303	CDS	414				hypothetical protein
NHKJIMIN_03304	gene	210				
NHKJIMIN_03304	CDS	210				hypothetical protein
NHKJIMIN_03305	gene	189				
NHKJIMIN_03305	CDS	189				hypothetical protein
NHKJIMIN_03306	gene	810	hflX_1			
NHKJIMIN_03306	CDS	810	hflX_1		COG2262	GTPase HflX
NHKJIMIN_03307	gene	228	hflX_2			
NHKJIMIN_03307	CDS	228	hflX_2			GTPase HflX
NHKJIMIN_03308	gene	345				
NHKJIMIN_03308	CDS	345				hypothetical protein
NHKJIMIN_03309	gene	969				
NHKJIMIN_03309	CDS	969				hypothetical protein
NHKJIMIN_03310	gene	594				
NHKJIMIN_03310	CDS	594			COG4771	TonB-dependent receptor P3
NHKJIMIN_03311	gene	1035				
NHKJIMIN_03311	CDS	1035			COG4771	TonB-dependent receptor P3
NHKJIMIN_03312	gene	189				
NHKJIMIN_03312	CDS	189				hypothetical protein
NHKJIMIN_03313	gene	273				
NHKJIMIN_03313	CDS	273				hypothetical protein
NHKJIMIN_03314	gene	852	susC_18			
NHKJIMIN_03314	CDS	852	susC_18		COG1629	TonB-dependent receptor SusC
NHKJIMIN_03315	gene	345				
NHKJIMIN_03315	CDS	345				hypothetical protein
NHKJIMIN_03316	gene	261				
NHKJIMIN_03316	CDS	261				hypothetical protein
NHKJIMIN_03317	gene	390	susC_19			
NHKJIMIN_03317	CDS	390	susC_19		COG1629	TonB-dependent receptor SusC
NHKJIMIN_03318	gene	444				
NHKJIMIN_03318	CDS	444				hypothetical protein
NHKJIMIN_03319	gene	294				
NHKJIMIN_03319	CDS	294				hypothetical protein
NHKJIMIN_03320	gene	456				
NHKJIMIN_03320	CDS	456				hypothetical protein
NHKJIMIN_03321	gene	615				
NHKJIMIN_03321	CDS	615			COG4771	TonB-dependent receptor P3
NHKJIMIN_03322	gene	309				
NHKJIMIN_03322	CDS	309				hypothetical protein
NHKJIMIN_03323	gene	537				
NHKJIMIN_03323	CDS	537				hypothetical protein
NHKJIMIN_03324	gene	210				
NHKJIMIN_03324	CDS	210				hypothetical protein
NHKJIMIN_03325	gene	213				
NHKJIMIN_03325	CDS	213				hypothetical protein
NHKJIMIN_03326	gene	1101	susC_20			
NHKJIMIN_03326	CDS	1101	susC_20		COG1629	TonB-dependent receptor SusC
NHKJIMIN_03327	gene	1599				
NHKJIMIN_03327	CDS	1599			COG1629	TonB-dependent receptor P26
NHKJIMIN_03328	gene	843				
NHKJIMIN_03328	CDS	843				hypothetical protein
NHKJIMIN_03329	gene	642				
NHKJIMIN_03329	CDS	642				hypothetical protein
NHKJIMIN_03330	gene	105				
NHKJIMIN_03330	CDS	105				hypothetical protein
NHKJIMIN_03331	gene	366				
NHKJIMIN_03331	CDS	366				hypothetical protein
NHKJIMIN_03332	gene	198				
NHKJIMIN_03332	CDS	198				hypothetical protein
NHKJIMIN_03333	gene	375	yjjG			
NHKJIMIN_03333	CDS	375	yjjG	3.1.3.5	COG1011	Pyrimidine 5'-nucleotidase YjjG
NHKJIMIN_03334	gene	132				
NHKJIMIN_03334	CDS	132				hypothetical protein
NHKJIMIN_03335	gene	174				
NHKJIMIN_03335	CDS	174				hypothetical protein
NHKJIMIN_03336	gene	198				
NHKJIMIN_03336	CDS	198				hypothetical protein
NHKJIMIN_03337	gene	132				
NHKJIMIN_03337	CDS	132				hypothetical protein
NHKJIMIN_03338	gene	99				
NHKJIMIN_03338	CDS	99				hypothetical protein
NHKJIMIN_03339	gene	90				
NHKJIMIN_03339	CDS	90				hypothetical protein
NHKJIMIN_03340	gene	303				
NHKJIMIN_03340	CDS	303				hypothetical protein
NHKJIMIN_03341	gene	327	rsmI_2			
NHKJIMIN_03341	CDS	327	rsmI_2	2.1.1.198	COG0313	Ribosomal RNA small subunit methyltransferase I
NHKJIMIN_03342	gene	171	rsmI_3			
NHKJIMIN_03342	CDS	171	rsmI_3	2.1.1.198	COG0313	Ribosomal RNA small subunit methyltransferase I
NHKJIMIN_03343	gene	201	rsmI_4			
NHKJIMIN_03343	CDS	201	rsmI_4	2.1.1.198		Ribosomal RNA small subunit methyltransferase I
NHKJIMIN_03344	gene	237				
NHKJIMIN_03344	CDS	237				hypothetical protein
NHKJIMIN_03345	gene	177				
NHKJIMIN_03345	CDS	177				hypothetical protein
NHKJIMIN_03346	gene	348				
NHKJIMIN_03346	CDS	348				hypothetical protein
NHKJIMIN_03347	gene	402	tdk_1			
NHKJIMIN_03347	CDS	402	tdk_1	2.7.1.21		Thymidine kinase
NHKJIMIN_03348	gene	228	tdk_2			
NHKJIMIN_03348	CDS	228	tdk_2	2.7.1.21	COG1435	Thymidine kinase
NHKJIMIN_03349	gene	1047				
NHKJIMIN_03349	CDS	1047				hypothetical protein
NHKJIMIN_03350	gene	74				
NHKJIMIN_03350	tRNA	74				tRNA-Lys(ttt)
NHKJIMIN_03351	gene	216				
NHKJIMIN_03351	CDS	216				hypothetical protein
NHKJIMIN_03352	gene	135				
NHKJIMIN_03352	CDS	135				hypothetical protein
NHKJIMIN_03353	gene	189				
NHKJIMIN_03353	CDS	189				hypothetical protein
NHKJIMIN_03354	gene	123				
NHKJIMIN_03354	CDS	123				hypothetical protein
NHKJIMIN_03355	gene	315				
NHKJIMIN_03355	CDS	315				hypothetical protein
NHKJIMIN_03356	gene	285				
NHKJIMIN_03356	CDS	285				hypothetical protein
NHKJIMIN_03357	gene	207				
NHKJIMIN_03357	CDS	207				hypothetical protein
NHKJIMIN_03358	gene	423	bioC_2			
NHKJIMIN_03358	CDS	423	bioC_2	2.1.1.197		Malonyl-[acyl-carrier protein] O-methyltransferase
NHKJIMIN_03359	gene	174				
NHKJIMIN_03359	CDS	174				hypothetical protein
NHKJIMIN_03360	gene	201				
NHKJIMIN_03360	CDS	201				hypothetical protein
NHKJIMIN_03361	gene	462				
NHKJIMIN_03361	CDS	462				hypothetical protein
NHKJIMIN_03362	gene	741				
NHKJIMIN_03362	CDS	741				hypothetical protein
NHKJIMIN_03363	gene	348				
NHKJIMIN_03363	CDS	348				hypothetical protein
NHKJIMIN_03364	gene	183				
NHKJIMIN_03364	CDS	183				hypothetical protein
NHKJIMIN_03365	gene	210				
NHKJIMIN_03365	CDS	210				hypothetical protein
NHKJIMIN_03366	gene	240				
NHKJIMIN_03366	CDS	240				hypothetical protein
NHKJIMIN_03367	gene	375				
NHKJIMIN_03367	CDS	375				hypothetical protein
NHKJIMIN_03368	gene	267				
NHKJIMIN_03368	CDS	267				hypothetical protein
NHKJIMIN_03369	gene	531				
NHKJIMIN_03369	CDS	531				hypothetical protein
NHKJIMIN_03370	gene	432				
NHKJIMIN_03370	CDS	432				hypothetical protein
NHKJIMIN_03371	gene	807				
NHKJIMIN_03371	CDS	807				hypothetical protein
NHKJIMIN_03372	gene	264				
NHKJIMIN_03372	CDS	264				hypothetical protein
NHKJIMIN_03373	gene	270				
NHKJIMIN_03373	CDS	270				hypothetical protein
NHKJIMIN_03374	gene	465				
NHKJIMIN_03374	CDS	465		3.2.1.-	COG3507	Beta-xylosidase
NHKJIMIN_03375	gene	321				
NHKJIMIN_03375	CDS	321				hypothetical protein
NHKJIMIN_03376	gene	324				
NHKJIMIN_03376	CDS	324				hypothetical protein
NHKJIMIN_03377	gene	315				
NHKJIMIN_03377	CDS	315				hypothetical protein
NHKJIMIN_03378	gene	843				
NHKJIMIN_03378	CDS	843				hypothetical protein
NHKJIMIN_03379	gene	339				
NHKJIMIN_03379	CDS	339				hypothetical protein
NHKJIMIN_03380	gene	213				
NHKJIMIN_03380	CDS	213				hypothetical protein
NHKJIMIN_03381	gene	408				
NHKJIMIN_03381	CDS	408				hypothetical protein
NHKJIMIN_03382	gene	309				
NHKJIMIN_03382	CDS	309				hypothetical protein
NHKJIMIN_03383	gene	213				
NHKJIMIN_03383	CDS	213				hypothetical protein
NHKJIMIN_03384	gene	144				
NHKJIMIN_03384	CDS	144				hypothetical protein
NHKJIMIN_03385	gene	234				
NHKJIMIN_03385	CDS	234				hypothetical protein
NHKJIMIN_03386	gene	354				
NHKJIMIN_03386	CDS	354				hypothetical protein
NHKJIMIN_03387	gene	573				
NHKJIMIN_03387	CDS	573				hypothetical protein
NHKJIMIN_03388	gene	246				
NHKJIMIN_03388	CDS	246				hypothetical protein
NHKJIMIN_03389	gene	420				
NHKJIMIN_03389	CDS	420				hypothetical protein
NHKJIMIN_03390	gene	225				
NHKJIMIN_03390	CDS	225				hypothetical protein
NHKJIMIN_03391	gene	429				
NHKJIMIN_03391	CDS	429				hypothetical protein
NHKJIMIN_03392	gene	198				
NHKJIMIN_03392	CDS	198				hypothetical protein
NHKJIMIN_03393	gene	423				
NHKJIMIN_03393	CDS	423				hypothetical protein
NHKJIMIN_03394	gene	234				
NHKJIMIN_03394	CDS	234				hypothetical protein
NHKJIMIN_03395	gene	642	lacZ_11			
NHKJIMIN_03395	CDS	642	lacZ_11	3.2.1.23		Beta-galactosidase
NHKJIMIN_03396	gene	165				
NHKJIMIN_03396	CDS	165				hypothetical protein
NHKJIMIN_03397	gene	138				
NHKJIMIN_03397	CDS	138				hypothetical protein
NHKJIMIN_03398	gene	372				
NHKJIMIN_03398	CDS	372				hypothetical protein
NHKJIMIN_03399	gene	183				
NHKJIMIN_03399	CDS	183				hypothetical protein
NHKJIMIN_03400	gene	318				
NHKJIMIN_03400	CDS	318				hypothetical protein
NHKJIMIN_03401	gene	171				
NHKJIMIN_03401	CDS	171				hypothetical protein
NHKJIMIN_03402	gene	585				
NHKJIMIN_03402	CDS	585				hypothetical protein
NHKJIMIN_03403	gene	147				
NHKJIMIN_03403	CDS	147				hypothetical protein
NHKJIMIN_03404	gene	252				
NHKJIMIN_03404	CDS	252				hypothetical protein
NHKJIMIN_03405	gene	228				
NHKJIMIN_03405	CDS	228				hypothetical protein
NHKJIMIN_03406	gene	249				
NHKJIMIN_03406	CDS	249				hypothetical protein
NHKJIMIN_03407	gene	510				
NHKJIMIN_03407	CDS	510				hypothetical protein
NHKJIMIN_03408	gene	393				
NHKJIMIN_03408	CDS	393				hypothetical protein
NHKJIMIN_03409	gene	159				
NHKJIMIN_03409	CDS	159				hypothetical protein
NHKJIMIN_03410	gene	189				
NHKJIMIN_03410	CDS	189				hypothetical protein
NHKJIMIN_03411	gene	651				
NHKJIMIN_03411	CDS	651				hypothetical protein
NHKJIMIN_03412	gene	222				
NHKJIMIN_03412	CDS	222				hypothetical protein
NHKJIMIN_03413	gene	156				
NHKJIMIN_03413	CDS	156				hypothetical protein
NHKJIMIN_03414	gene	612				
NHKJIMIN_03414	CDS	612				hypothetical protein
NHKJIMIN_03415	gene	1074				
NHKJIMIN_03415	CDS	1074				hypothetical protein
NHKJIMIN_03416	gene	522				
NHKJIMIN_03416	CDS	522				hypothetical protein
NHKJIMIN_03417	gene	276				
NHKJIMIN_03417	CDS	276				hypothetical protein
NHKJIMIN_03418	gene	300				
NHKJIMIN_03418	CDS	300				hypothetical protein
NHKJIMIN_03419	gene	399				
NHKJIMIN_03419	CDS	399				hypothetical protein
NHKJIMIN_03420	gene	153				
NHKJIMIN_03420	CDS	153				hypothetical protein
NHKJIMIN_03421	gene	453				
NHKJIMIN_03421	CDS	453				hypothetical protein
NHKJIMIN_03422	gene	513				
NHKJIMIN_03422	CDS	513				hypothetical protein
NHKJIMIN_03423	gene	363				
NHKJIMIN_03423	CDS	363				hypothetical protein
NHKJIMIN_03424	gene	186				
NHKJIMIN_03424	CDS	186				hypothetical protein
NHKJIMIN_03425	gene	426				
NHKJIMIN_03425	CDS	426				hypothetical protein
NHKJIMIN_03426	gene	240				
NHKJIMIN_03426	CDS	240				hypothetical protein
NHKJIMIN_03427	gene	222				
NHKJIMIN_03427	CDS	222				hypothetical protein
NHKJIMIN_03428	gene	735				
NHKJIMIN_03428	CDS	735				hypothetical protein
NHKJIMIN_03429	gene	576				
NHKJIMIN_03429	CDS	576				hypothetical protein
NHKJIMIN_03430	gene	867				
NHKJIMIN_03430	CDS	867				hypothetical protein
NHKJIMIN_03431	gene	249				
NHKJIMIN_03431	CDS	249				hypothetical protein
NHKJIMIN_03432	gene	447				
NHKJIMIN_03432	CDS	447				hypothetical protein
NHKJIMIN_03433	gene	573	pnuC			
NHKJIMIN_03433	CDS	573	pnuC			Nicotinamide riboside transporter PnuC
NHKJIMIN_03434	gene	570				
NHKJIMIN_03434	CDS	570				hypothetical protein
NHKJIMIN_03435	gene	306				
NHKJIMIN_03435	CDS	306				hypothetical protein
NHKJIMIN_03436	gene	342				
NHKJIMIN_03436	CDS	342				hypothetical protein
NHKJIMIN_03437	gene	378				
NHKJIMIN_03437	CDS	378				hypothetical protein
NHKJIMIN_03438	gene	741				
NHKJIMIN_03438	CDS	741				hypothetical protein
NHKJIMIN_03439	gene	858	thrC			
NHKJIMIN_03439	CDS	858	thrC	4.2.3.1	COG0498	Threonine synthase
NHKJIMIN_03440	gene	234				
NHKJIMIN_03440	CDS	234				hypothetical protein
NHKJIMIN_03441	gene	438				
NHKJIMIN_03441	CDS	438				hypothetical protein
NHKJIMIN_03442	gene	246				
NHKJIMIN_03442	CDS	246				hypothetical protein
NHKJIMIN_03443	gene	405				
NHKJIMIN_03443	CDS	405				hypothetical protein
NHKJIMIN_03444	gene	105				
NHKJIMIN_03444	CDS	105				hypothetical protein
NHKJIMIN_03445	gene	246	thrA_1			
NHKJIMIN_03445	CDS	246	thrA_1		COG0460	Bifunctional aspartokinase/homoserine dehydrogenase 1
NHKJIMIN_03446	gene	849	thrA_2			
NHKJIMIN_03446	CDS	849	thrA_2		COG0460	Bifunctional aspartokinase/homoserine dehydrogenase 1
NHKJIMIN_03447	gene	192				
NHKJIMIN_03447	CDS	192				hypothetical protein
NHKJIMIN_03448	gene	402	thrA_3			
NHKJIMIN_03448	CDS	402	thrA_3		COG0460	Bifunctional aspartokinase/homoserine dehydrogenase 1
NHKJIMIN_03449	gene	270				
NHKJIMIN_03449	CDS	270				hypothetical protein
NHKJIMIN_03450	gene	198				
NHKJIMIN_03450	CDS	198				hypothetical protein
NHKJIMIN_03451	gene	174				
NHKJIMIN_03451	CDS	174				hypothetical protein
NHKJIMIN_03452	gene	207				
NHKJIMIN_03452	CDS	207				hypothetical protein
NHKJIMIN_03453	gene	507				
NHKJIMIN_03453	CDS	507				hypothetical protein
NHKJIMIN_03454	gene	897	ptk			
NHKJIMIN_03454	CDS	897	ptk	2.7.10.-		Tyrosine-protein kinase ptk
NHKJIMIN_03455	gene	939				
NHKJIMIN_03455	CDS	939				hypothetical protein
NHKJIMIN_03456	gene	183				
NHKJIMIN_03456	CDS	183				hypothetical protein
NHKJIMIN_03457	gene	213				
NHKJIMIN_03457	CDS	213				hypothetical protein
NHKJIMIN_03458	gene	162				
NHKJIMIN_03458	CDS	162				hypothetical protein
NHKJIMIN_03459	gene	90				
NHKJIMIN_03459	CDS	90				hypothetical protein
NHKJIMIN_03460	gene	693	radA_1			
NHKJIMIN_03460	CDS	693	radA_1	3.6.4.-	COG1066	DNA repair protein RadA
NHKJIMIN_03461	gene	705	radA_2			
NHKJIMIN_03461	CDS	705	radA_2	3.6.4.-	COG1066	DNA repair protein RadA
NHKJIMIN_03462	gene	303				
NHKJIMIN_03462	CDS	303				hypothetical protein
NHKJIMIN_03463	gene	132				
NHKJIMIN_03463	CDS	132				hypothetical protein
NHKJIMIN_03464	gene	588				
NHKJIMIN_03464	CDS	588				hypothetical protein
NHKJIMIN_03465	gene	192				
NHKJIMIN_03465	CDS	192				hypothetical protein
NHKJIMIN_03466	gene	438				
NHKJIMIN_03466	CDS	438				hypothetical protein
NHKJIMIN_03467	gene	666				
NHKJIMIN_03467	CDS	666				hypothetical protein
NHKJIMIN_03468	gene	471				
NHKJIMIN_03468	CDS	471				hypothetical protein
NHKJIMIN_03469	gene	627	btuB_5			
NHKJIMIN_03469	CDS	627	btuB_5			Vitamin B12 transporter BtuB
NHKJIMIN_03470	gene	162				
NHKJIMIN_03470	CDS	162				hypothetical protein
NHKJIMIN_03471	gene	870				
NHKJIMIN_03471	CDS	870				hypothetical protein
NHKJIMIN_03472	gene	375				
NHKJIMIN_03472	CDS	375				hypothetical protein
NHKJIMIN_03473	gene	333				
NHKJIMIN_03473	CDS	333				hypothetical protein
NHKJIMIN_03474	gene	222				
NHKJIMIN_03474	CDS	222				hypothetical protein
NHKJIMIN_03475	gene	846				
NHKJIMIN_03475	CDS	846				hypothetical protein
NHKJIMIN_03476	gene	219				
NHKJIMIN_03476	CDS	219				hypothetical protein
NHKJIMIN_03477	gene	507	rlhA_1			
NHKJIMIN_03477	CDS	507	rlhA_1		COG0826	23S rRNA 5-hydroxycytidine synthase
NHKJIMIN_03478	gene	954	rlhA_2			
NHKJIMIN_03478	CDS	954	rlhA_2		COG0826	23S rRNA 5-hydroxycytidine synthase
NHKJIMIN_03479	gene	330	metAA_1			
NHKJIMIN_03479	CDS	330	metAA_1	2.3.1.31	COG1897	Homoserine O-acetyltransferase
NHKJIMIN_03480	gene	609	metAA_2			
NHKJIMIN_03480	CDS	609	metAA_2	2.3.1.31	COG1897	Homoserine O-acetyltransferase
NHKJIMIN_03481	gene	174				
NHKJIMIN_03481	CDS	174				hypothetical protein
NHKJIMIN_03482	gene	522				
NHKJIMIN_03482	CDS	522		2.6.1.1	COG0436	Aspartate/prephenate aminotransferase
NHKJIMIN_03483	gene	678				
NHKJIMIN_03483	CDS	678		2.6.1.1		Aspartate/prephenate aminotransferase
NHKJIMIN_03484	gene	189	ribBA_1			
NHKJIMIN_03484	CDS	189	ribBA_1		COG0108	Riboflavin biosynthesis protein RibBA
NHKJIMIN_03485	gene	582	ribBA_2			
NHKJIMIN_03485	CDS	582	ribBA_2		COG0108	Riboflavin biosynthesis protein RibBA
NHKJIMIN_03486	gene	288	ribBA_3			
NHKJIMIN_03486	CDS	288	ribBA_3	3.5.4.25		Riboflavin biosynthesis protein RibBA
NHKJIMIN_03487	gene	369				
NHKJIMIN_03487	CDS	369				hypothetical protein
NHKJIMIN_03488	gene	474				
NHKJIMIN_03488	CDS	474				hypothetical protein
NHKJIMIN_03489	gene	282				
NHKJIMIN_03489	CDS	282				hypothetical protein
NHKJIMIN_03490	gene	603				
NHKJIMIN_03490	CDS	603				hypothetical protein
NHKJIMIN_03491	gene	183				
NHKJIMIN_03491	CDS	183				hypothetical protein
NHKJIMIN_03492	gene	102				
NHKJIMIN_03492	CDS	102				hypothetical protein
NHKJIMIN_03493	gene	75				
NHKJIMIN_03493	tRNA	75				tRNA-Met(cat)
NHKJIMIN_03494	gene	234				
NHKJIMIN_03494	CDS	234				hypothetical protein
NHKJIMIN_03495	gene	366				
NHKJIMIN_03495	CDS	366				hypothetical protein
NHKJIMIN_03496	gene	237				
NHKJIMIN_03496	CDS	237				hypothetical protein
NHKJIMIN_03497	gene	195				
NHKJIMIN_03497	CDS	195				hypothetical protein
NHKJIMIN_03498	gene	405				
NHKJIMIN_03498	CDS	405				hypothetical protein
NHKJIMIN_03499	gene	294				
NHKJIMIN_03499	CDS	294				hypothetical protein
NHKJIMIN_03500	gene	303				
NHKJIMIN_03500	CDS	303				hypothetical protein
NHKJIMIN_03501	gene	462				
NHKJIMIN_03501	CDS	462				hypothetical protein
NHKJIMIN_03502	gene	390				
NHKJIMIN_03502	CDS	390				hypothetical protein
NHKJIMIN_03503	gene	207				
NHKJIMIN_03503	CDS	207				hypothetical protein
NHKJIMIN_03504	gene	210				
NHKJIMIN_03504	CDS	210				hypothetical protein
NHKJIMIN_03505	gene	177				
NHKJIMIN_03505	CDS	177				hypothetical protein
NHKJIMIN_03506	gene	465				
NHKJIMIN_03506	CDS	465				hypothetical protein
NHKJIMIN_03507	gene	423				
NHKJIMIN_03507	CDS	423				hypothetical protein
NHKJIMIN_03508	gene	249				
NHKJIMIN_03508	CDS	249				hypothetical protein
NHKJIMIN_03509	gene	354				
NHKJIMIN_03509	CDS	354				hypothetical protein
NHKJIMIN_03510	gene	765				
NHKJIMIN_03510	CDS	765				hypothetical protein
NHKJIMIN_03511	gene	786				
NHKJIMIN_03511	CDS	786				hypothetical protein
NHKJIMIN_03512	gene	822				
NHKJIMIN_03512	CDS	822				hypothetical protein
NHKJIMIN_03513	gene	237	susC_21			
NHKJIMIN_03513	CDS	237	susC_21		COG1629	TonB-dependent receptor SusC
NHKJIMIN_03514	gene	366				
NHKJIMIN_03514	CDS	366				hypothetical protein
NHKJIMIN_03515	gene	258				
NHKJIMIN_03515	CDS	258				hypothetical protein
NHKJIMIN_03516	gene	378	susC_22			
NHKJIMIN_03516	CDS	378	susC_22		COG1629	TonB-dependent receptor SusC
NHKJIMIN_03517	gene	429				
NHKJIMIN_03517	CDS	429				hypothetical protein
NHKJIMIN_03518	gene	300				
NHKJIMIN_03518	CDS	300				hypothetical protein
NHKJIMIN_03519	gene	432	susC_23			
NHKJIMIN_03519	CDS	432	susC_23		COG1629	TonB-dependent receptor SusC
NHKJIMIN_03520	gene	315	susC_24			
NHKJIMIN_03520	CDS	315	susC_24		COG1629	TonB-dependent receptor SusC
NHKJIMIN_03521	gene	345				
NHKJIMIN_03521	CDS	345				hypothetical protein
NHKJIMIN_03522	gene	471				
NHKJIMIN_03522	CDS	471				hypothetical protein
NHKJIMIN_03523	gene	483				
NHKJIMIN_03523	CDS	483				hypothetical protein
NHKJIMIN_03524	gene	462	divJ			
NHKJIMIN_03524	CDS	462	divJ	2.7.13.3	COG2205	Histidine protein kinase DivJ
NHKJIMIN_03525	gene	150				
NHKJIMIN_03525	CDS	150				hypothetical protein
NHKJIMIN_03526	gene	204				
NHKJIMIN_03526	CDS	204				hypothetical protein
NHKJIMIN_03527	gene	360				
NHKJIMIN_03527	CDS	360				hypothetical protein
NHKJIMIN_03528	gene	489				
NHKJIMIN_03528	CDS	489				hypothetical protein
NHKJIMIN_03529	gene	588	kdpD			
NHKJIMIN_03529	CDS	588	kdpD	2.7.13.3	COG2205	Sensor protein KdpD
NHKJIMIN_03530	gene	189				
NHKJIMIN_03530	CDS	189				hypothetical protein
NHKJIMIN_03531	gene	159				
NHKJIMIN_03531	CDS	159				hypothetical protein
NHKJIMIN_03532	gene	390				
NHKJIMIN_03532	CDS	390				hypothetical protein
NHKJIMIN_03533	gene	297	kdpC_1			
NHKJIMIN_03533	CDS	297	kdpC_1		COG2156	Potassium-transporting ATPase KdpC subunit
NHKJIMIN_03534	gene	294	kdpC_2			
NHKJIMIN_03534	CDS	294	kdpC_2			Potassium-transporting ATPase KdpC subunit
NHKJIMIN_03535	gene	711	kdpB_1			
NHKJIMIN_03535	CDS	711	kdpB_1	7.2.2.6	COG2216	Potassium-transporting ATPase ATP-binding subunit
NHKJIMIN_03536	gene	225	kdpB_2			
NHKJIMIN_03536	CDS	225	kdpB_2	7.2.2.6		Potassium-transporting ATPase ATP-binding subunit
NHKJIMIN_03537	gene	480	kdpB_3			
NHKJIMIN_03537	CDS	480	kdpB_3	7.2.2.6	COG2216	Potassium-transporting ATPase ATP-binding subunit
NHKJIMIN_03538	gene	198	kdpB1			
NHKJIMIN_03538	CDS	198	kdpB1	7.2.2.6		Potassium-transporting ATPase ATP-binding subunit 1
NHKJIMIN_03539	gene	216				
NHKJIMIN_03539	CDS	216				hypothetical protein
NHKJIMIN_03540	gene	258	kdpA2			
NHKJIMIN_03540	CDS	258	kdpA2			Potassium-transporting ATPase potassium-binding subunit 2
NHKJIMIN_03541	gene	486	kdpA_1			
NHKJIMIN_03541	CDS	486	kdpA_1		COG2060	Potassium-transporting ATPase potassium-binding subunit
NHKJIMIN_03542	gene	609	kdpA_2			
NHKJIMIN_03542	CDS	609	kdpA_2			Potassium-transporting ATPase potassium-binding subunit
NHKJIMIN_03543	gene	267				
NHKJIMIN_03543	CDS	267				hypothetical protein
NHKJIMIN_03544	gene	396	norR_2			
NHKJIMIN_03544	CDS	396	norR_2			Anaerobic nitric oxide reductase transcription regulator NorR
NHKJIMIN_03545	gene	534	atoC_2			
NHKJIMIN_03545	CDS	534	atoC_2		COG2204	Regulatory protein AtoC
NHKJIMIN_03546	gene	183				
NHKJIMIN_03546	CDS	183				hypothetical protein
NHKJIMIN_03547	gene	261				
NHKJIMIN_03547	CDS	261				hypothetical protein
NHKJIMIN_03548	gene	195				
NHKJIMIN_03548	CDS	195				hypothetical protein
NHKJIMIN_03549	gene	357				
NHKJIMIN_03549	CDS	357				hypothetical protein
NHKJIMIN_03550	gene	102				
NHKJIMIN_03550	CDS	102				hypothetical protein
NHKJIMIN_03551	gene	279				
NHKJIMIN_03551	CDS	279				hypothetical protein
NHKJIMIN_03552	gene	195				
NHKJIMIN_03552	CDS	195				hypothetical protein
NHKJIMIN_03553	gene	162				
NHKJIMIN_03553	CDS	162				hypothetical protein
NHKJIMIN_03554	gene	471				
NHKJIMIN_03554	CDS	471				hypothetical protein
NHKJIMIN_03555	gene	450				
NHKJIMIN_03555	CDS	450				hypothetical protein
NHKJIMIN_03556	gene	363				
NHKJIMIN_03556	CDS	363				hypothetical protein
NHKJIMIN_03557	gene	609				
NHKJIMIN_03557	CDS	609				hypothetical protein
NHKJIMIN_03558	gene	288				
NHKJIMIN_03558	CDS	288				hypothetical protein
NHKJIMIN_03559	gene	105	cdr_1			
NHKJIMIN_03559	CDS	105	cdr_1	1.8.1.14		Coenzyme A disulfide reductase
NHKJIMIN_03560	gene	219	cdr_2			
NHKJIMIN_03560	CDS	219	cdr_2	1.8.1.14		Coenzyme A disulfide reductase
NHKJIMIN_03561	gene	447	nasB			
NHKJIMIN_03561	CDS	447	nasB		COG1251	Assimilatory nitrate reductase electron transfer subunit
NHKJIMIN_03562	gene	543	cdr_3			
NHKJIMIN_03562	CDS	543	cdr_3	1.8.1.14	COG0446	Coenzyme A disulfide reductase
NHKJIMIN_03563	gene	606	trhO			
NHKJIMIN_03563	CDS	606	trhO	1.14.-.-		tRNA uridine(34) hydroxylase
NHKJIMIN_03564	gene	129				
NHKJIMIN_03564	CDS	129				hypothetical protein
NHKJIMIN_03565	gene	165				
NHKJIMIN_03565	CDS	165				hypothetical protein
NHKJIMIN_03566	gene	138				
NHKJIMIN_03566	CDS	138				hypothetical protein
NHKJIMIN_03567	gene	351				
NHKJIMIN_03567	CDS	351				hypothetical protein
NHKJIMIN_03568	gene	612				
NHKJIMIN_03568	CDS	612				hypothetical protein
NHKJIMIN_03569	gene	174				
NHKJIMIN_03569	CDS	174				hypothetical protein
NHKJIMIN_03570	gene	483	ptp			
NHKJIMIN_03570	CDS	483	ptp	3.4.11.-		Prolyl tri/tetrapeptidyl aminopeptidase
NHKJIMIN_03571	gene	354				
NHKJIMIN_03571	CDS	354				hypothetical protein
NHKJIMIN_03572	gene	471				
NHKJIMIN_03572	CDS	471				hypothetical protein
NHKJIMIN_03573	gene	162				
NHKJIMIN_03573	CDS	162				hypothetical protein
NHKJIMIN_03574	gene	405				
NHKJIMIN_03574	CDS	405				hypothetical protein
NHKJIMIN_03575	gene	618				
NHKJIMIN_03575	CDS	618		3.1.6.-	COG3119	N-acetylgalactosamine-6-O-sulfatase
NHKJIMIN_03576	gene	588				
NHKJIMIN_03576	CDS	588		3.1.6.-	COG3119	N-acetylglucosamine-6-O-sulfatase
NHKJIMIN_03577	gene	168				
NHKJIMIN_03577	CDS	168				hypothetical protein
NHKJIMIN_03578	gene	312				
NHKJIMIN_03578	CDS	312				hypothetical protein
NHKJIMIN_03579	gene	498				
NHKJIMIN_03579	CDS	498				hypothetical protein
NHKJIMIN_03580	gene	561				
NHKJIMIN_03580	CDS	561				hypothetical protein
NHKJIMIN_03581	gene	759				
NHKJIMIN_03581	CDS	759				hypothetical protein
NHKJIMIN_03582	gene	528				
NHKJIMIN_03582	CDS	528			COG4771	TonB-dependent receptor P3
NHKJIMIN_03583	gene	516				
NHKJIMIN_03583	CDS	516				hypothetical protein
NHKJIMIN_03584	gene	414				
NHKJIMIN_03584	CDS	414			COG1629	TonB-dependent receptor P26
NHKJIMIN_03585	gene	801				
NHKJIMIN_03585	CDS	801				hypothetical protein
NHKJIMIN_03586	gene	141				
NHKJIMIN_03586	CDS	141				hypothetical protein
NHKJIMIN_03587	gene	219				
NHKJIMIN_03587	CDS	219				hypothetical protein
NHKJIMIN_03588	gene	168	susC_25			
NHKJIMIN_03588	CDS	168	susC_25		COG1629	TonB-dependent receptor SusC
NHKJIMIN_03589	gene	564				
NHKJIMIN_03589	CDS	564				hypothetical protein
NHKJIMIN_03590	gene	339	yfeW_1			
NHKJIMIN_03590	CDS	339	yfeW_1	3.4.16.4		Putative D-alanyl-D-alanine carboxypeptidase
NHKJIMIN_03591	gene	357	amiE			
NHKJIMIN_03591	CDS	357	amiE	3.5.1.28	COG1680	N-acetylmuramyl-L-alanine amidase
NHKJIMIN_03592	gene	396				
NHKJIMIN_03592	CDS	396				hypothetical protein
NHKJIMIN_03593	gene	231				
NHKJIMIN_03593	CDS	231				hypothetical protein
NHKJIMIN_03594	gene	138				
NHKJIMIN_03594	CDS	138				hypothetical protein
NHKJIMIN_03595	gene	141				
NHKJIMIN_03595	CDS	141				hypothetical protein
NHKJIMIN_03596	gene	264				
NHKJIMIN_03596	CDS	264				hypothetical protein
NHKJIMIN_03597	gene	159				
NHKJIMIN_03597	CDS	159				hypothetical protein
NHKJIMIN_03598	gene	324				
NHKJIMIN_03598	CDS	324		3.2.1.52		Beta-hexosaminidase A
NHKJIMIN_03599	gene	507				
NHKJIMIN_03599	CDS	507				hypothetical protein
NHKJIMIN_03600	gene	837	yfeW_2			
NHKJIMIN_03600	CDS	837	yfeW_2	3.4.16.4		Putative D-alanyl-D-alanine carboxypeptidase
NHKJIMIN_03601	gene	150				
NHKJIMIN_03601	CDS	150				hypothetical protein
NHKJIMIN_03602	gene	1200	nagZ			
NHKJIMIN_03602	CDS	1200	nagZ	3.2.1.52		Beta-hexosaminidase
NHKJIMIN_03603	gene	171				
NHKJIMIN_03603	CDS	171				hypothetical protein
NHKJIMIN_03604	gene	399				
NHKJIMIN_03604	CDS	399				hypothetical protein
NHKJIMIN_03605	gene	135				
NHKJIMIN_03605	CDS	135				hypothetical protein
NHKJIMIN_03606	gene	156				
NHKJIMIN_03606	CDS	156				hypothetical protein
NHKJIMIN_03607	gene	654	yfkN			
NHKJIMIN_03607	CDS	654	yfkN		COG0737	Trifunctional nucleotide phosphoesterase protein YfkN
NHKJIMIN_03608	gene	348				
NHKJIMIN_03608	CDS	348				hypothetical protein
NHKJIMIN_03609	gene	408				
NHKJIMIN_03609	CDS	408				hypothetical protein
NHKJIMIN_03610	gene	231	rplS			
NHKJIMIN_03610	CDS	231	rplS		COG0335	Large ribosomal subunit protein bL19
NHKJIMIN_03611	gene	702	glcK			
NHKJIMIN_03611	CDS	702	glcK	2.7.1.2	COG1940	Glucokinase
NHKJIMIN_03612	gene	282				
NHKJIMIN_03612	CDS	282				hypothetical protein
NHKJIMIN_03613	gene	108				
NHKJIMIN_03613	CDS	108				hypothetical protein
NHKJIMIN_03614	gene	360	yknY_4			
NHKJIMIN_03614	CDS	360	yknY_4	7.6.2.-	COG1136	putative ABC transporter ATP-binding protein YknY
NHKJIMIN_03615	gene	258				
NHKJIMIN_03615	CDS	258				hypothetical protein
NHKJIMIN_03616	gene	138				
NHKJIMIN_03616	CDS	138				hypothetical protein
NHKJIMIN_03617	gene	546				
NHKJIMIN_03617	CDS	546				hypothetical protein
NHKJIMIN_03618	gene	363				
NHKJIMIN_03618	CDS	363				hypothetical protein
NHKJIMIN_03619	gene	417				
NHKJIMIN_03619	CDS	417				hypothetical protein
NHKJIMIN_03620	gene	456	macB_6			
NHKJIMIN_03620	CDS	456	macB_6	7.6.2.-	COG0577	Macrolide export ATP-binding/permease protein MacB
NHKJIMIN_03621	gene	180				
NHKJIMIN_03621	CDS	180				hypothetical protein
NHKJIMIN_03622	gene	897	mdtA_1			
NHKJIMIN_03622	CDS	897	mdtA_1			Multidrug resistance protein MdtA
NHKJIMIN_03623	gene	819				
NHKJIMIN_03623	CDS	819				hypothetical protein
NHKJIMIN_03624	gene	405				
NHKJIMIN_03624	CDS	405				hypothetical protein
NHKJIMIN_03625	gene	240				
NHKJIMIN_03625	CDS	240				hypothetical protein
NHKJIMIN_03626	gene	579				
NHKJIMIN_03626	CDS	579				hypothetical protein
NHKJIMIN_03627	gene	534				
NHKJIMIN_03627	CDS	534				hypothetical protein
NHKJIMIN_03628	gene	399				
NHKJIMIN_03628	CDS	399				hypothetical protein
NHKJIMIN_03629	gene	321				
NHKJIMIN_03629	CDS	321				hypothetical protein
NHKJIMIN_03630	gene	108				
NHKJIMIN_03630	CDS	108				hypothetical protein
NHKJIMIN_03631	gene	225				
NHKJIMIN_03631	CDS	225				hypothetical protein
NHKJIMIN_03632	gene	273	mutS_1			
NHKJIMIN_03632	CDS	273	mutS_1		COG0249	DNA mismatch repair protein MutS
NHKJIMIN_03633	gene	336				
NHKJIMIN_03633	CDS	336				hypothetical protein
NHKJIMIN_03634	gene	243				
NHKJIMIN_03634	CDS	243				hypothetical protein
NHKJIMIN_03635	gene	645				
NHKJIMIN_03635	CDS	645				hypothetical protein
NHKJIMIN_03636	gene	303				
NHKJIMIN_03636	CDS	303				hypothetical protein
NHKJIMIN_03637	gene	288				
NHKJIMIN_03637	CDS	288				hypothetical protein
NHKJIMIN_03638	gene	456	mtgA_3			
NHKJIMIN_03638	CDS	456	mtgA_3	2.4.99.28		Biosynthetic peptidoglycan transglycosylase
NHKJIMIN_03639	gene	336				
NHKJIMIN_03639	CDS	336				hypothetical protein
NHKJIMIN_03640	gene	210				
NHKJIMIN_03640	CDS	210				hypothetical protein
NHKJIMIN_03641	gene	285				
NHKJIMIN_03641	CDS	285				hypothetical protein
NHKJIMIN_03642	gene	138				
NHKJIMIN_03642	CDS	138				hypothetical protein
NHKJIMIN_03643	gene	129				
NHKJIMIN_03643	CDS	129				hypothetical protein
NHKJIMIN_03644	gene	462				
NHKJIMIN_03644	CDS	462				hypothetical protein
NHKJIMIN_03645	gene	129				
NHKJIMIN_03645	CDS	129				hypothetical protein
NHKJIMIN_03646	gene	531				
NHKJIMIN_03646	CDS	531				hypothetical protein
NHKJIMIN_03647	gene	702				
NHKJIMIN_03647	CDS	702				hypothetical protein
NHKJIMIN_03648	gene	126				
NHKJIMIN_03648	CDS	126				hypothetical protein
NHKJIMIN_03649	gene	1002	mdh_1			
NHKJIMIN_03649	CDS	1002	mdh_1	1.1.1.37		Malate dehydrogenase
NHKJIMIN_03650	gene	513				
NHKJIMIN_03650	CDS	513				hypothetical protein
NHKJIMIN_03651	gene	156				
NHKJIMIN_03651	CDS	156				hypothetical protein
NHKJIMIN_03652	gene	234				
NHKJIMIN_03652	CDS	234				hypothetical protein
NHKJIMIN_03653	gene	741	gadC			
NHKJIMIN_03653	CDS	741	gadC		COG0531	Glutamate/gamma-aminobutyrate antiporter
NHKJIMIN_03654	gene	540				
NHKJIMIN_03654	CDS	540				hypothetical protein
NHKJIMIN_03655	gene	189				
NHKJIMIN_03655	CDS	189				hypothetical protein
NHKJIMIN_03656	gene	74				
NHKJIMIN_03656	tRNA	74				tRNA-Phe(gaa)
NHKJIMIN_03657	gene	73				
NHKJIMIN_03657	tRNA	73				tRNA-Pro(cgg)
NHKJIMIN_03658	gene	606	argR			
NHKJIMIN_03658	CDS	606	argR			Arginine repressor
NHKJIMIN_03659	gene	249				
NHKJIMIN_03659	CDS	249				hypothetical protein
NHKJIMIN_03660	gene	369				
NHKJIMIN_03660	CDS	369				hypothetical protein
NHKJIMIN_03661	gene	522	argG_1			
NHKJIMIN_03661	CDS	522	argG_1	6.3.4.5	COG0137	Argininosuccinate synthase
NHKJIMIN_03662	gene	420	argG_2			
NHKJIMIN_03662	CDS	420	argG_2	6.3.4.5		Argininosuccinate synthase
NHKJIMIN_03663	gene	174				
NHKJIMIN_03663	CDS	174				hypothetical protein
NHKJIMIN_03664	gene	840	argC			
NHKJIMIN_03664	CDS	840	argC	1.2.1.38	COG0002	N-acetyl-gamma-glutamyl-phosphate reductase
NHKJIMIN_03665	gene	312				
NHKJIMIN_03665	CDS	312				hypothetical protein
NHKJIMIN_03666	gene	372	argD_1			
NHKJIMIN_03666	CDS	372	argD_1	2.6.1.11	COG4992	Acetylornithine aminotransferase
NHKJIMIN_03667	gene	507	argD_2			
NHKJIMIN_03667	CDS	507	argD_2	2.6.1.11	COG4992	Acetylornithine aminotransferase
NHKJIMIN_03668	gene	315	proC_1			
NHKJIMIN_03668	CDS	315	proC_1	1.5.1.2		Pyrroline-5-carboxylate reductase
NHKJIMIN_03669	gene	303	proC_2			
NHKJIMIN_03669	CDS	303	proC_2	1.5.1.2		Pyrroline-5-carboxylate reductase
NHKJIMIN_03670	gene	174				
NHKJIMIN_03670	CDS	174				hypothetical protein
NHKJIMIN_03671	gene	351				
NHKJIMIN_03671	CDS	351				hypothetical protein
NHKJIMIN_03672	gene	981	acsA			
NHKJIMIN_03672	CDS	981	acsA	6.2.1.1	COG0365	Acetyl-coenzyme A synthetase
NHKJIMIN_03673	gene	177				
NHKJIMIN_03673	CDS	177				hypothetical protein
NHKJIMIN_03674	gene	171				
NHKJIMIN_03674	CDS	171				hypothetical protein
NHKJIMIN_03675	gene	201				
NHKJIMIN_03675	CDS	201				hypothetical protein
NHKJIMIN_03676	gene	513	garK			
NHKJIMIN_03676	CDS	513	garK	2.7.1.165	COG1929	Glycerate 2-kinase
NHKJIMIN_03677	gene	447				
NHKJIMIN_03677	CDS	447				hypothetical protein
NHKJIMIN_03678	gene	85				
NHKJIMIN_03678	tRNA	85				tRNA-Leu(taa)
NHKJIMIN_03679	gene	74				
NHKJIMIN_03679	tRNA	74				tRNA-Gly(gcc)
NHKJIMIN_03680	gene	195				
NHKJIMIN_03680	CDS	195				hypothetical protein
NHKJIMIN_03681	gene	336	argH_1			
NHKJIMIN_03681	CDS	336	argH_1	4.3.2.1		Argininosuccinate lyase
NHKJIMIN_03682	gene	186				
NHKJIMIN_03682	CDS	186				hypothetical protein
NHKJIMIN_03683	gene	273	argH_2			
NHKJIMIN_03683	CDS	273	argH_2	4.3.2.1		Argininosuccinate lyase
NHKJIMIN_03684	gene	438	argH_3			
NHKJIMIN_03684	CDS	438	argH_3	4.3.2.1	COG0165	Argininosuccinate lyase
NHKJIMIN_03685	gene	411				
NHKJIMIN_03685	CDS	411				hypothetical protein
NHKJIMIN_03686	gene	561	pyrE			
NHKJIMIN_03686	CDS	561	pyrE	2.4.2.10	COG0461	Orotate phosphoribosyltransferase
NHKJIMIN_03687	gene	195				
NHKJIMIN_03687	CDS	195				hypothetical protein
NHKJIMIN_03688	gene	159				
NHKJIMIN_03688	CDS	159				hypothetical protein
NHKJIMIN_03689	gene	165				
NHKJIMIN_03689	CDS	165				hypothetical protein
NHKJIMIN_03690	gene	252	prmC_1			
NHKJIMIN_03690	CDS	252	prmC_1	2.1.1.297		Release factor glutamine methyltransferase
NHKJIMIN_03691	gene	288	prmB			
NHKJIMIN_03691	CDS	288	prmB	2.1.1.298	COG2890	Ribosomal protein uL3 glutamine methyltransferase
NHKJIMIN_03692	gene	210	prmC_2			
NHKJIMIN_03692	CDS	210	prmC_2	2.1.1.297		Release factor glutamine methyltransferase
NHKJIMIN_03693	gene	1182				
NHKJIMIN_03693	CDS	1182				hypothetical protein
NHKJIMIN_03694	gene	363				
NHKJIMIN_03694	CDS	363				hypothetical protein
NHKJIMIN_03695	gene	369				
NHKJIMIN_03695	CDS	369				hypothetical protein
NHKJIMIN_03696	gene	261				
NHKJIMIN_03696	CDS	261				hypothetical protein
NHKJIMIN_03697	gene	363				
NHKJIMIN_03697	CDS	363				hypothetical protein
NHKJIMIN_03698	gene	309				
NHKJIMIN_03698	CDS	309				hypothetical protein
NHKJIMIN_03699	gene	252				
NHKJIMIN_03699	CDS	252				hypothetical protein
NHKJIMIN_03700	gene	858				
NHKJIMIN_03700	CDS	858				hypothetical protein
NHKJIMIN_03701	gene	345				
NHKJIMIN_03701	CDS	345				hypothetical protein
NHKJIMIN_03702	gene	180				
NHKJIMIN_03702	CDS	180				hypothetical protein
NHKJIMIN_03703	gene	1101	topB_4			
NHKJIMIN_03703	CDS	1101	topB_4	5.6.2.1		DNA topoisomerase 3
NHKJIMIN_03704	gene	369				
NHKJIMIN_03704	CDS	369				hypothetical protein
NHKJIMIN_03705	gene	1128				
NHKJIMIN_03705	CDS	1128				hypothetical protein
NHKJIMIN_03706	gene	753				
NHKJIMIN_03706	CDS	753				hypothetical protein
NHKJIMIN_03707	gene	312				
NHKJIMIN_03707	CDS	312				hypothetical protein
NHKJIMIN_03708	gene	351				
NHKJIMIN_03708	CDS	351				hypothetical protein
NHKJIMIN_03709	gene	1164				
NHKJIMIN_03709	CDS	1164				hypothetical protein
NHKJIMIN_03710	gene	153				
NHKJIMIN_03710	CDS	153				hypothetical protein
NHKJIMIN_03711	gene	150				
NHKJIMIN_03711	CDS	150				hypothetical protein
NHKJIMIN_03712	gene	132				
NHKJIMIN_03712	CDS	132				hypothetical protein
NHKJIMIN_03713	gene	276				
NHKJIMIN_03713	CDS	276				hypothetical protein
NHKJIMIN_03714	gene	558				
NHKJIMIN_03714	CDS	558				hypothetical protein
NHKJIMIN_03715	gene	1044				
NHKJIMIN_03715	CDS	1044				hypothetical protein
NHKJIMIN_03716	gene	627				
NHKJIMIN_03716	CDS	627				hypothetical protein
NHKJIMIN_03717	gene	501				
NHKJIMIN_03717	CDS	501				hypothetical protein
NHKJIMIN_03718	gene	174				
NHKJIMIN_03718	CDS	174				hypothetical protein
NHKJIMIN_03719	gene	207				
NHKJIMIN_03719	CDS	207				hypothetical protein
NHKJIMIN_03720	gene	930	tetM_1			
NHKJIMIN_03720	CDS	930	tetM_1			Tetracycline resistance protein TetM from transposon Tn916
NHKJIMIN_03721	gene	366	tetM_2			
NHKJIMIN_03721	CDS	366	tetM_2			Tetracycline resistance protein TetM from transposon TnFO1
NHKJIMIN_03722	gene	318				
NHKJIMIN_03722	CDS	318				hypothetical protein
NHKJIMIN_03723	gene	303				
NHKJIMIN_03723	CDS	303				hypothetical protein
NHKJIMIN_03724	gene	249				
NHKJIMIN_03724	CDS	249				hypothetical protein
NHKJIMIN_03725	gene	612	luxQ_2			
NHKJIMIN_03725	CDS	612	luxQ_2	2.7.13.3		Autoinducer 2 sensor kinase/phosphatase LuxQ
NHKJIMIN_03726	gene	375				
NHKJIMIN_03726	CDS	375				hypothetical protein
NHKJIMIN_03727	gene	309				
NHKJIMIN_03727	CDS	309				hypothetical protein
NHKJIMIN_03728	gene	345	atoC_3			
NHKJIMIN_03728	CDS	345	atoC_3		COG2204	Regulatory protein AtoC
NHKJIMIN_03729	gene	936	zraR_2			
NHKJIMIN_03729	CDS	936	zraR_2		COG2204	Transcriptional regulatory protein ZraR
NHKJIMIN_03730	gene	138				
NHKJIMIN_03730	CDS	138				hypothetical protein
NHKJIMIN_03731	gene	189				
NHKJIMIN_03731	CDS	189				hypothetical protein
NHKJIMIN_03732	gene	207				
NHKJIMIN_03732	CDS	207				hypothetical protein
NHKJIMIN_03733	gene	627				
NHKJIMIN_03733	CDS	627				hypothetical protein
NHKJIMIN_03734	gene	573				
NHKJIMIN_03734	CDS	573				hypothetical protein
NHKJIMIN_03735	gene	363				
NHKJIMIN_03735	CDS	363				hypothetical protein
NHKJIMIN_03736	gene	204				
NHKJIMIN_03736	CDS	204				hypothetical protein
NHKJIMIN_03737	gene	639				
NHKJIMIN_03737	CDS	639				hypothetical protein
NHKJIMIN_03738	gene	144				
NHKJIMIN_03738	CDS	144				hypothetical protein
NHKJIMIN_03739	gene	291				
NHKJIMIN_03739	CDS	291				hypothetical protein
NHKJIMIN_03740	gene	318				
NHKJIMIN_03740	CDS	318				hypothetical protein
NHKJIMIN_03741	gene	201				
NHKJIMIN_03741	CDS	201				hypothetical protein
NHKJIMIN_03742	gene	357				
NHKJIMIN_03742	CDS	357				hypothetical protein
NHKJIMIN_03743	gene	264				
NHKJIMIN_03743	CDS	264				hypothetical protein
NHKJIMIN_03744	gene	225				
NHKJIMIN_03744	CDS	225				hypothetical protein
NHKJIMIN_03745	gene	1065				
NHKJIMIN_03745	CDS	1065				hypothetical protein
NHKJIMIN_03746	gene	201				
NHKJIMIN_03746	CDS	201				hypothetical protein
NHKJIMIN_03747	gene	1074				
NHKJIMIN_03747	CDS	1074				hypothetical protein
NHKJIMIN_03748	gene	270				
NHKJIMIN_03748	CDS	270				hypothetical protein
NHKJIMIN_03749	gene	312				
NHKJIMIN_03749	CDS	312				hypothetical protein
NHKJIMIN_03750	gene	240				
NHKJIMIN_03750	CDS	240				hypothetical protein
NHKJIMIN_03751	gene	327				
NHKJIMIN_03751	CDS	327				hypothetical protein
NHKJIMIN_03752	gene	1017				
NHKJIMIN_03752	CDS	1017				hypothetical protein
NHKJIMIN_03753	gene	216				
NHKJIMIN_03753	CDS	216				hypothetical protein
NHKJIMIN_03754	gene	162				
NHKJIMIN_03754	CDS	162				hypothetical protein
NHKJIMIN_03755	gene	285				
NHKJIMIN_03755	CDS	285				hypothetical protein
NHKJIMIN_03756	gene	510				
NHKJIMIN_03756	CDS	510				hypothetical protein
NHKJIMIN_03757	gene	306				
NHKJIMIN_03757	CDS	306				hypothetical protein
NHKJIMIN_03758	gene	213				
NHKJIMIN_03758	CDS	213				hypothetical protein
NHKJIMIN_03759	gene	258				
NHKJIMIN_03759	CDS	258				hypothetical protein
NHKJIMIN_03760	gene	129				
NHKJIMIN_03760	CDS	129				hypothetical protein
NHKJIMIN_03761	gene	333				
NHKJIMIN_03761	CDS	333				hypothetical protein
NHKJIMIN_03762	gene	363				
NHKJIMIN_03762	CDS	363				hypothetical protein
NHKJIMIN_03763	gene	156				
NHKJIMIN_03763	CDS	156				hypothetical protein
NHKJIMIN_03764	gene	372				
NHKJIMIN_03764	CDS	372				hypothetical protein
NHKJIMIN_03765	gene	333				
NHKJIMIN_03765	CDS	333				hypothetical protein
NHKJIMIN_03766	gene	369				
NHKJIMIN_03766	CDS	369				hypothetical protein
NHKJIMIN_03767	gene	1017				
NHKJIMIN_03767	CDS	1017				hypothetical protein
NHKJIMIN_03768	gene	1188				
NHKJIMIN_03768	CDS	1188				hypothetical protein
NHKJIMIN_03769	gene	657				
NHKJIMIN_03769	CDS	657				hypothetical protein
NHKJIMIN_03770	gene	414	ltrA_1			
NHKJIMIN_03770	CDS	414	ltrA_1			Group II intron-encoded protein LtrA
NHKJIMIN_03771	gene	237	ltrA_2			
NHKJIMIN_03771	CDS	237	ltrA_2			Group II intron-encoded protein LtrA
NHKJIMIN_03772	gene	363				
NHKJIMIN_03772	CDS	363				hypothetical protein
NHKJIMIN_03773	gene	291				
NHKJIMIN_03773	CDS	291				hypothetical protein
NHKJIMIN_03774	gene	102				
NHKJIMIN_03774	CDS	102				hypothetical protein
NHKJIMIN_03775	gene	219				
NHKJIMIN_03775	CDS	219				hypothetical protein
NHKJIMIN_03776	gene	429				
NHKJIMIN_03776	CDS	429				hypothetical protein
NHKJIMIN_03777	gene	192				
NHKJIMIN_03777	CDS	192				hypothetical protein
NHKJIMIN_03778	gene	528				
NHKJIMIN_03778	CDS	528				hypothetical protein
NHKJIMIN_03779	gene	306				
NHKJIMIN_03779	CDS	306				hypothetical protein
NHKJIMIN_03780	gene	288				
NHKJIMIN_03780	CDS	288				hypothetical protein
NHKJIMIN_03781	gene	225				
NHKJIMIN_03781	CDS	225				hypothetical protein
NHKJIMIN_03782	gene	255				
NHKJIMIN_03782	CDS	255				hypothetical protein
NHKJIMIN_03783	gene	657				
NHKJIMIN_03783	CDS	657				hypothetical protein
NHKJIMIN_03784	gene	411				
NHKJIMIN_03784	CDS	411				hypothetical protein
NHKJIMIN_03785	gene	465				
NHKJIMIN_03785	CDS	465				hypothetical protein
NHKJIMIN_03786	gene	402				
NHKJIMIN_03786	CDS	402				hypothetical protein
NHKJIMIN_03787	gene	270				
NHKJIMIN_03787	CDS	270				hypothetical protein
NHKJIMIN_03788	gene	333				
NHKJIMIN_03788	CDS	333				hypothetical protein
NHKJIMIN_03789	gene	258				
NHKJIMIN_03789	CDS	258				hypothetical protein
NHKJIMIN_03790	gene	306				
NHKJIMIN_03790	CDS	306				hypothetical protein
NHKJIMIN_03791	gene	216				
NHKJIMIN_03791	CDS	216				hypothetical protein
NHKJIMIN_03792	gene	414				
NHKJIMIN_03792	CDS	414				hypothetical protein
NHKJIMIN_03793	gene	228				
NHKJIMIN_03793	CDS	228				hypothetical protein
NHKJIMIN_03794	gene	153				
NHKJIMIN_03794	CDS	153				hypothetical protein
NHKJIMIN_03795	gene	294				
NHKJIMIN_03795	CDS	294				hypothetical protein
NHKJIMIN_03796	gene	210				
NHKJIMIN_03796	CDS	210				hypothetical protein
NHKJIMIN_03797	gene	210				
NHKJIMIN_03797	CDS	210				hypothetical protein
NHKJIMIN_03798	gene	171				
NHKJIMIN_03798	CDS	171				hypothetical protein
NHKJIMIN_03799	gene	234				
NHKJIMIN_03799	CDS	234				hypothetical protein
NHKJIMIN_03800	gene	108				
NHKJIMIN_03800	CDS	108				hypothetical protein
NHKJIMIN_03801	gene	675				
NHKJIMIN_03801	CDS	675				hypothetical protein
NHKJIMIN_03802	gene	660				
NHKJIMIN_03802	CDS	660				hypothetical protein
NHKJIMIN_03803	gene	408				
NHKJIMIN_03803	CDS	408				hypothetical protein
NHKJIMIN_03804	gene	171				
NHKJIMIN_03804	CDS	171				hypothetical protein
NHKJIMIN_03805	gene	342				
NHKJIMIN_03805	CDS	342				hypothetical protein
NHKJIMIN_03806	gene	252				
NHKJIMIN_03806	CDS	252				hypothetical protein
NHKJIMIN_03807	gene	345	ribD			
NHKJIMIN_03807	CDS	345	ribD		COG0117	Riboflavin biosynthesis protein RibD
NHKJIMIN_03808	gene	723				
NHKJIMIN_03808	CDS	723				hypothetical protein
NHKJIMIN_03809	gene	360				
NHKJIMIN_03809	CDS	360				hypothetical protein
NHKJIMIN_03810	gene	393				
NHKJIMIN_03810	CDS	393				hypothetical protein
NHKJIMIN_03811	gene	495				
NHKJIMIN_03811	CDS	495				hypothetical protein
NHKJIMIN_03812	gene	297	uppS_1			
NHKJIMIN_03812	CDS	297	uppS_1	2.5.1.31		Ditrans,polycis-undecaprenyl-diphosphate synthase ((2E,6E)-farnesyl-diphosphate specific)
NHKJIMIN_03813	gene	348	uppS_2			
NHKJIMIN_03813	CDS	348	uppS_2	2.5.1.-	COG0020	Isoprenyl transferase
NHKJIMIN_03814	gene	141				
NHKJIMIN_03814	CDS	141				hypothetical protein
NHKJIMIN_03815	gene	1272	bamA_1			
NHKJIMIN_03815	CDS	1272	bamA_1			Outer membrane protein assembly factor BamA
NHKJIMIN_03816	gene	435				
NHKJIMIN_03816	CDS	435				hypothetical protein
NHKJIMIN_03817	gene	459				
NHKJIMIN_03817	CDS	459				hypothetical protein
NHKJIMIN_03818	gene	270				
NHKJIMIN_03818	CDS	270				hypothetical protein
NHKJIMIN_03819	gene	207				
NHKJIMIN_03819	CDS	207				hypothetical protein
NHKJIMIN_03820	gene	204				
NHKJIMIN_03820	CDS	204				hypothetical protein
NHKJIMIN_03821	gene	297				
NHKJIMIN_03821	CDS	297				hypothetical protein
NHKJIMIN_03822	gene	222	murI			
NHKJIMIN_03822	CDS	222	murI	5.1.1.3		Glutamate racemase
NHKJIMIN_03823	gene	330	racE			
NHKJIMIN_03823	CDS	330	racE	5.1.1.3	COG0796	Glutamate racemase 1
NHKJIMIN_03824	gene	252				
NHKJIMIN_03824	CDS	252				hypothetical protein
NHKJIMIN_03825	gene	429				
NHKJIMIN_03825	CDS	429				hypothetical protein
NHKJIMIN_03826	gene	204				
NHKJIMIN_03826	CDS	204				hypothetical protein
NHKJIMIN_03827	gene	372	proB_1			
NHKJIMIN_03827	CDS	372	proB_1	2.7.2.11		Glutamate 5-kinase
NHKJIMIN_03828	gene	429	proB_2			
NHKJIMIN_03828	CDS	429	proB_2	2.7.2.11		Glutamate 5-kinase
NHKJIMIN_03829	gene	573	proA_1			
NHKJIMIN_03829	CDS	573	proA_1	1.2.1.41		Gamma-glutamyl phosphate reductase
NHKJIMIN_03830	gene	519	proA_2			
NHKJIMIN_03830	CDS	519	proA_2	1.2.1.41		Gamma-glutamyl phosphate reductase
NHKJIMIN_03831	gene	294	proA_3			
NHKJIMIN_03831	CDS	294	proA_3	1.2.1.41		Gamma-glutamyl phosphate reductase
NHKJIMIN_03832	gene	369				
NHKJIMIN_03832	CDS	369				hypothetical protein
NHKJIMIN_03833	gene	192				
NHKJIMIN_03833	CDS	192				hypothetical protein
NHKJIMIN_03834	gene	219				
NHKJIMIN_03834	CDS	219				hypothetical protein
NHKJIMIN_03835	gene	471				
NHKJIMIN_03835	CDS	471				hypothetical protein
NHKJIMIN_03836	gene	900	argF'_1			
NHKJIMIN_03836	CDS	900	argF'_1	2.1.3.11		N-succinylornithine carbamoyltransferase [argF']
NHKJIMIN_03837	gene	201	argF'_2			
NHKJIMIN_03837	CDS	201	argF'_2	2.1.3.11		N-succinylornithine carbamoyltransferase
NHKJIMIN_03838	gene	168	argF'_3			
NHKJIMIN_03838	CDS	168	argF'_3	2.1.3.11		N-succinylornithine carbamoyltransferase
NHKJIMIN_03839	gene	183				
NHKJIMIN_03839	CDS	183				hypothetical protein
NHKJIMIN_03840	gene	159				
NHKJIMIN_03840	CDS	159				hypothetical protein
NHKJIMIN_03841	gene	111				
NHKJIMIN_03841	CDS	111				hypothetical protein
NHKJIMIN_03842	gene	216				
NHKJIMIN_03842	CDS	216				hypothetical protein
NHKJIMIN_03843	gene	132				
NHKJIMIN_03843	CDS	132				hypothetical protein
NHKJIMIN_03844	gene	123				
NHKJIMIN_03844	CDS	123				hypothetical protein
NHKJIMIN_03845	gene	417				
NHKJIMIN_03845	CDS	417				hypothetical protein
NHKJIMIN_03846	gene	288				
NHKJIMIN_03846	CDS	288				hypothetical protein
NHKJIMIN_03847	gene	276				
NHKJIMIN_03847	CDS	276				hypothetical protein
NHKJIMIN_03848	gene	300				
NHKJIMIN_03848	CDS	300				hypothetical protein
NHKJIMIN_03849	gene	288				
NHKJIMIN_03849	CDS	288				hypothetical protein
NHKJIMIN_03850	gene	219				
NHKJIMIN_03850	CDS	219				hypothetical protein
NHKJIMIN_03851	gene	618				
NHKJIMIN_03851	CDS	618				IS1182 family transposase ISBf5
NHKJIMIN_03852	gene	153				
NHKJIMIN_03852	CDS	153				hypothetical protein
NHKJIMIN_03853	gene	177				
NHKJIMIN_03853	CDS	177				hypothetical protein
NHKJIMIN_03854	gene	480				
NHKJIMIN_03854	CDS	480				hypothetical protein
NHKJIMIN_03855	gene	684				
NHKJIMIN_03855	CDS	684				hypothetical protein
NHKJIMIN_03856	gene	225				
NHKJIMIN_03856	CDS	225				hypothetical protein
NHKJIMIN_03857	gene	243				
NHKJIMIN_03857	CDS	243				hypothetical protein
NHKJIMIN_03858	gene	204	ddlB			
NHKJIMIN_03858	CDS	204	ddlB	6.3.2.4	COG1181	D-alanine--D-alanine ligase B
NHKJIMIN_03859	gene	426	ddl_1			
NHKJIMIN_03859	CDS	426	ddl_1	6.3.2.4	COG1181	D-alanine--D-alanine ligase
NHKJIMIN_03860	gene	294	ddl_2			
NHKJIMIN_03860	CDS	294	ddl_2	6.3.2.4		D-alanine--D-alanine ligase
NHKJIMIN_03861	gene	990				
NHKJIMIN_03861	CDS	990				hypothetical protein
NHKJIMIN_03862	gene	642				
NHKJIMIN_03862	CDS	642				hypothetical protein
NHKJIMIN_03863	gene	99	rpmH			
NHKJIMIN_03863	CDS	99	rpmH			Large ribosomal subunit protein bL34
NHKJIMIN_03864	gene	567	efp			
NHKJIMIN_03864	CDS	567	efp		COG0231	Elongation factor P
NHKJIMIN_03865	gene	258				
NHKJIMIN_03865	CDS	258				hypothetical protein
NHKJIMIN_03866	gene	243				
NHKJIMIN_03866	CDS	243				hypothetical protein
NHKJIMIN_03867	gene	309				
NHKJIMIN_03867	CDS	309				hypothetical protein
NHKJIMIN_03868	gene	303				
NHKJIMIN_03868	CDS	303				hypothetical protein
NHKJIMIN_03869	gene	339				
NHKJIMIN_03869	CDS	339				hypothetical protein
NHKJIMIN_03870	gene	321	lpxH			
NHKJIMIN_03870	CDS	321	lpxH	3.6.1.54		UDP-2,3-diacylglucosamine hydrolase
NHKJIMIN_03871	gene	213				
NHKJIMIN_03871	CDS	213		3.6.1.54	COG2908	UDP-2,3-diacylglucosamine hydrolase
NHKJIMIN_03872	gene	90				
NHKJIMIN_03872	CDS	90				hypothetical protein
NHKJIMIN_03873	gene	273				
NHKJIMIN_03873	CDS	273			COG2151	Fe-S protein maturation auxiliary factor
NHKJIMIN_03874	gene	558				
NHKJIMIN_03874	CDS	558				hypothetical protein
NHKJIMIN_03875	gene	705	phoA			
NHKJIMIN_03875	CDS	705	phoA	3.1.3.1	COG1785	Alkaline phosphatase 4
NHKJIMIN_03876	gene	195				
NHKJIMIN_03876	CDS	195				hypothetical protein
NHKJIMIN_03877	gene	564	ackA_1			
NHKJIMIN_03877	CDS	564	ackA_1	2.7.2.1	COG0282	Acetate kinase
NHKJIMIN_03878	gene	282	ackA_2			
NHKJIMIN_03878	CDS	282	ackA_2	2.7.2.1		Acetate kinase
NHKJIMIN_03879	gene	147	ackA_3			
NHKJIMIN_03879	CDS	147	ackA_3	2.7.2.1		Acetate kinase
NHKJIMIN_03880	gene	1023	pta			
NHKJIMIN_03880	CDS	1023	pta	2.3.1.8	COG0280	Phosphate acetyltransferase
NHKJIMIN_03881	gene	273				
NHKJIMIN_03881	CDS	273				hypothetical protein
NHKJIMIN_03882	gene	681				
NHKJIMIN_03882	CDS	681				hypothetical protein
NHKJIMIN_03883	gene	135				
NHKJIMIN_03883	CDS	135				hypothetical protein
NHKJIMIN_03884	gene	243				
NHKJIMIN_03884	CDS	243				hypothetical protein
NHKJIMIN_03885	gene	243				
NHKJIMIN_03885	CDS	243				hypothetical protein
NHKJIMIN_03886	gene	126				
NHKJIMIN_03886	CDS	126				hypothetical protein
NHKJIMIN_03887	gene	210				
NHKJIMIN_03887	CDS	210				hypothetical protein
NHKJIMIN_03888	gene	195				
NHKJIMIN_03888	CDS	195				hypothetical protein
NHKJIMIN_03889	gene	438				
NHKJIMIN_03889	CDS	438				hypothetical protein
NHKJIMIN_03890	gene	318	lrgB			
NHKJIMIN_03890	CDS	318	lrgB			Antiholin-like protein LrgB
NHKJIMIN_03891	gene	183				
NHKJIMIN_03891	CDS	183				hypothetical protein
NHKJIMIN_03892	gene	231				
NHKJIMIN_03892	CDS	231				hypothetical protein
NHKJIMIN_03893	gene	186				
NHKJIMIN_03893	CDS	186				hypothetical protein
NHKJIMIN_03894	gene	168				
NHKJIMIN_03894	CDS	168				hypothetical protein
NHKJIMIN_03895	gene	144				
NHKJIMIN_03895	CDS	144				hypothetical protein
NHKJIMIN_03896	gene	162				
NHKJIMIN_03896	CDS	162				hypothetical protein
NHKJIMIN_03897	gene	555				
NHKJIMIN_03897	CDS	555				hypothetical protein
NHKJIMIN_03898	gene	252				
NHKJIMIN_03898	CDS	252				hypothetical protein
NHKJIMIN_03899	gene	102				
NHKJIMIN_03899	CDS	102				hypothetical protein
NHKJIMIN_03900	gene	303				
NHKJIMIN_03900	CDS	303				hypothetical protein
NHKJIMIN_03901	gene	441				
NHKJIMIN_03901	CDS	441				hypothetical protein
NHKJIMIN_03902	gene	378				
NHKJIMIN_03902	CDS	378				hypothetical protein
NHKJIMIN_03903	gene	159				
NHKJIMIN_03903	CDS	159				hypothetical protein
NHKJIMIN_03904	gene	354				
NHKJIMIN_03904	CDS	354				hypothetical protein
NHKJIMIN_03905	gene	483				
NHKJIMIN_03905	CDS	483				hypothetical protein
NHKJIMIN_03906	gene	270				
NHKJIMIN_03906	CDS	270				hypothetical protein
NHKJIMIN_03907	gene	228				
NHKJIMIN_03907	CDS	228				hypothetical protein
NHKJIMIN_03908	gene	174				
NHKJIMIN_03908	CDS	174				hypothetical protein
NHKJIMIN_03909	gene	177				
NHKJIMIN_03909	CDS	177				hypothetical protein
NHKJIMIN_03910	gene	252				
NHKJIMIN_03910	CDS	252				hypothetical protein
NHKJIMIN_03911	gene	273				
NHKJIMIN_03911	CDS	273				hypothetical protein
NHKJIMIN_03912	gene	177				
NHKJIMIN_03912	CDS	177				hypothetical protein
NHKJIMIN_03913	gene	165				
NHKJIMIN_03913	CDS	165				hypothetical protein
NHKJIMIN_03914	gene	597				
NHKJIMIN_03914	CDS	597				hypothetical protein
NHKJIMIN_03915	gene	231				
NHKJIMIN_03915	CDS	231				hypothetical protein
NHKJIMIN_03916	gene	207				
NHKJIMIN_03916	CDS	207				hypothetical protein
NHKJIMIN_03917	gene	591				
NHKJIMIN_03917	CDS	591				hypothetical protein
NHKJIMIN_03918	gene	243				
NHKJIMIN_03918	CDS	243				hypothetical protein
NHKJIMIN_03919	gene	207				
NHKJIMIN_03919	CDS	207				hypothetical protein
NHKJIMIN_03920	gene	480				
NHKJIMIN_03920	CDS	480				hypothetical protein
NHKJIMIN_03921	gene	390				
NHKJIMIN_03921	CDS	390				hypothetical protein
NHKJIMIN_03922	gene	201				
NHKJIMIN_03922	CDS	201				hypothetical protein
NHKJIMIN_03923	gene	282				
NHKJIMIN_03923	CDS	282				hypothetical protein
NHKJIMIN_03924	gene	216				
NHKJIMIN_03924	CDS	216				hypothetical protein
NHKJIMIN_03925	gene	312				
NHKJIMIN_03925	CDS	312				hypothetical protein
NHKJIMIN_03926	gene	249				
NHKJIMIN_03926	CDS	249				hypothetical protein
NHKJIMIN_03927	gene	180				
NHKJIMIN_03927	CDS	180				hypothetical protein
NHKJIMIN_03928	gene	195				
NHKJIMIN_03928	CDS	195				hypothetical protein
NHKJIMIN_03929	gene	213				
NHKJIMIN_03929	CDS	213				hypothetical protein
NHKJIMIN_03930	gene	348				
NHKJIMIN_03930	CDS	348				hypothetical protein
NHKJIMIN_03931	gene	417				
NHKJIMIN_03931	CDS	417				hypothetical protein
NHKJIMIN_03932	gene	120				
NHKJIMIN_03932	CDS	120				hypothetical protein
NHKJIMIN_03933	gene	144				
NHKJIMIN_03933	CDS	144				hypothetical protein
NHKJIMIN_03934	gene	438				
NHKJIMIN_03934	CDS	438				hypothetical protein
NHKJIMIN_03935	gene	177				
NHKJIMIN_03935	CDS	177				hypothetical protein
NHKJIMIN_03936	gene	240				
NHKJIMIN_03936	CDS	240				hypothetical protein
NHKJIMIN_03937	gene	357				
NHKJIMIN_03937	CDS	357				hypothetical protein
NHKJIMIN_03938	gene	279				
NHKJIMIN_03938	CDS	279				hypothetical protein
NHKJIMIN_03939	gene	120				
NHKJIMIN_03939	CDS	120				hypothetical protein
NHKJIMIN_03940	gene	168				
NHKJIMIN_03940	CDS	168				hypothetical protein
NHKJIMIN_03941	gene	144				
NHKJIMIN_03941	CDS	144				hypothetical protein
NHKJIMIN_03942	gene	183				
NHKJIMIN_03942	CDS	183				hypothetical protein
NHKJIMIN_03943	gene	228				
NHKJIMIN_03943	CDS	228				hypothetical protein
NHKJIMIN_03944	gene	219				
NHKJIMIN_03944	CDS	219				hypothetical protein
NHKJIMIN_03945	gene	183				
NHKJIMIN_03945	CDS	183				hypothetical protein
NHKJIMIN_03946	gene	141	dacA_1			
NHKJIMIN_03946	CDS	141	dacA_1	2.7.7.85		Diadenylate cyclase
NHKJIMIN_03947	gene	270	dacA_2			
NHKJIMIN_03947	CDS	270	dacA_2	2.7.7.85		Diadenylate cyclase
NHKJIMIN_03948	gene	414	cdaA			
NHKJIMIN_03948	CDS	414	cdaA	2.7.7.85	COG1624	Cyclic di-AMP synthase CdaA
NHKJIMIN_03949	gene	393	folP_1			
NHKJIMIN_03949	CDS	393	folP_1	2.5.1.15	COG0294	Dihydropteroate synthase
NHKJIMIN_03950	gene	342	folP_2			
NHKJIMIN_03950	CDS	342	folP_2	2.5.1.15		Dihydropteroate synthase
NHKJIMIN_03951	gene	426				
NHKJIMIN_03951	CDS	426				hypothetical protein
NHKJIMIN_03952	gene	375				
NHKJIMIN_03952	CDS	375				hypothetical protein
NHKJIMIN_03953	gene	198				
NHKJIMIN_03953	CDS	198				hypothetical protein
NHKJIMIN_03954	gene	330				
NHKJIMIN_03954	CDS	330				hypothetical protein
NHKJIMIN_03955	gene	252				
NHKJIMIN_03955	CDS	252				hypothetical protein
NHKJIMIN_03956	gene	408	ssrA			
NHKJIMIN_03956	CDS	408	ssrA	2.7.13.3		Sensor histidine kinase SsrA
NHKJIMIN_03957	gene	735	glsA1			
NHKJIMIN_03957	CDS	735	glsA1	3.5.1.2	COG2066	Glutaminase 1
NHKJIMIN_03958	gene	153				
NHKJIMIN_03958	CDS	153				hypothetical protein
NHKJIMIN_03959	gene	324				
NHKJIMIN_03959	CDS	324				hypothetical protein
NHKJIMIN_03960	gene	153	gadA_1			
NHKJIMIN_03960	CDS	153	gadA_1	4.1.1.15	COG0076	Glutamate decarboxylase
NHKJIMIN_03961	gene	333	gadA_2			
NHKJIMIN_03961	CDS	333	gadA_2	4.1.1.15	COG0076	Glutamate decarboxylase
NHKJIMIN_03962	gene	450	gadB			
NHKJIMIN_03962	CDS	450	gadB	4.1.1.15	COG0076	Glutamate decarboxylase
NHKJIMIN_03963	gene	423				
NHKJIMIN_03963	CDS	423				hypothetical protein
NHKJIMIN_03964	gene	714				
NHKJIMIN_03964	CDS	714				hypothetical protein
NHKJIMIN_03965	gene	147				
NHKJIMIN_03965	CDS	147				hypothetical protein
NHKJIMIN_03966	gene	282	murF_2			
NHKJIMIN_03966	CDS	282	murF_2	6.3.2.10		UDP-N-acetylmuramoyl-tripeptide--D-alanyl-D-alanine ligase
NHKJIMIN_03967	gene	321	murF_3			
NHKJIMIN_03967	CDS	321	murF_3	6.3.2.10		UDP-N-acetylmuramoyl-tripeptide--D-alanyl-D-alanine ligase
NHKJIMIN_03968	gene	159	murF_4			
NHKJIMIN_03968	CDS	159	murF_4	6.3.2.10		UDP-N-acetylmuramoyl-tripeptide--D-alanyl-D-alanine ligase
NHKJIMIN_03969	gene	261				
NHKJIMIN_03969	CDS	261				hypothetical protein
NHKJIMIN_03970	gene	486				
NHKJIMIN_03970	CDS	486				hypothetical protein
NHKJIMIN_03971	gene	237				
NHKJIMIN_03971	CDS	237				hypothetical protein
NHKJIMIN_03972	gene	510				
NHKJIMIN_03972	CDS	510				hypothetical protein
NHKJIMIN_03973	gene	492				
NHKJIMIN_03973	CDS	492				hypothetical protein
NHKJIMIN_03974	gene	195				
NHKJIMIN_03974	CDS	195				hypothetical protein
NHKJIMIN_03975	gene	546	yknY_5			
NHKJIMIN_03975	CDS	546	yknY_5	7.6.2.-	COG1136	putative ABC transporter ATP-binding protein YknY
NHKJIMIN_03976	gene	648	tcdA			
NHKJIMIN_03976	CDS	648	tcdA	6.1.-.-	COG1179	tRNA threonylcarbamoyladenosine dehydratase
NHKJIMIN_03977	gene	390				
NHKJIMIN_03977	CDS	390				hypothetical protein
NHKJIMIN_03978	gene	384				
NHKJIMIN_03978	CDS	384				hypothetical protein
NHKJIMIN_03979	gene	741				
NHKJIMIN_03979	CDS	741				hypothetical protein
NHKJIMIN_03980	gene	177				
NHKJIMIN_03980	CDS	177				hypothetical protein
NHKJIMIN_03981	gene	321				
NHKJIMIN_03981	CDS	321				hypothetical protein
NHKJIMIN_03982	gene	159				
NHKJIMIN_03982	CDS	159				hypothetical protein
NHKJIMIN_03983	gene	330	asd_1			
NHKJIMIN_03983	CDS	330	asd_1	1.2.1.11	COG0136	Aspartate-semialdehyde dehydrogenase
NHKJIMIN_03984	gene	570	asd_2			
NHKJIMIN_03984	CDS	570	asd_2	1.2.1.11	COG0136	Aspartate-semialdehyde dehydrogenase
NHKJIMIN_03985	gene	285				
NHKJIMIN_03985	CDS	285				hypothetical protein
NHKJIMIN_03986	gene	681				
NHKJIMIN_03986	CDS	681				hypothetical protein
NHKJIMIN_03987	gene	426				
NHKJIMIN_03987	CDS	426				hypothetical protein
NHKJIMIN_03988	gene	378				
NHKJIMIN_03988	CDS	378				hypothetical protein
NHKJIMIN_03989	gene	294				
NHKJIMIN_03989	CDS	294			COG4771	TonB-dependent receptor P3
NHKJIMIN_03990	gene	357				
NHKJIMIN_03990	CDS	357				hypothetical protein
NHKJIMIN_03991	gene	369				
NHKJIMIN_03991	CDS	369				hypothetical protein
NHKJIMIN_03992	gene	201				
NHKJIMIN_03992	CDS	201				hypothetical protein
NHKJIMIN_03993	gene	327				
NHKJIMIN_03993	CDS	327				hypothetical protein
NHKJIMIN_03994	gene	120				
NHKJIMIN_03994	CDS	120				hypothetical protein
NHKJIMIN_03995	gene	657				
NHKJIMIN_03995	CDS	657				hypothetical protein
NHKJIMIN_03996	gene	285				
NHKJIMIN_03996	CDS	285				hypothetical protein
NHKJIMIN_03997	gene	228				
NHKJIMIN_03997	CDS	228				hypothetical protein
NHKJIMIN_03998	gene	291				
NHKJIMIN_03998	CDS	291				hypothetical protein
NHKJIMIN_03999	gene	459				
NHKJIMIN_03999	CDS	459				hypothetical protein
NHKJIMIN_04000	gene	231				
NHKJIMIN_04000	CDS	231				hypothetical protein
NHKJIMIN_04001	gene	93				
NHKJIMIN_04001	CDS	93				hypothetical protein
NHKJIMIN_04002	gene	186	namZ_1			
NHKJIMIN_04002	CDS	186	namZ_1	3.2.1.92	COG3876	Peptidoglycan beta-N-acetylmuramidase NamZ
NHKJIMIN_04003	gene	597	namZ_2			
NHKJIMIN_04003	CDS	597	namZ_2	3.2.1.92	COG3876	Peptidoglycan beta-N-acetylmuramidase NamZ
NHKJIMIN_04004	gene	282				
NHKJIMIN_04004	CDS	282				hypothetical protein
NHKJIMIN_04005	gene	207				
NHKJIMIN_04005	CDS	207				hypothetical protein
NHKJIMIN_04006	gene	486				
NHKJIMIN_04006	CDS	486				hypothetical protein
NHKJIMIN_04007	gene	567				
NHKJIMIN_04007	CDS	567				hypothetical protein
NHKJIMIN_04008	gene	918				
NHKJIMIN_04008	CDS	918				hypothetical protein
NHKJIMIN_04009	gene	141				
NHKJIMIN_04009	CDS	141				hypothetical protein
NHKJIMIN_04010	gene	144				
NHKJIMIN_04010	CDS	144				hypothetical protein
NHKJIMIN_04011	gene	942				
NHKJIMIN_04011	CDS	942				hypothetical protein
NHKJIMIN_04012	gene	171				
NHKJIMIN_04012	CDS	171				hypothetical protein
NHKJIMIN_04013	gene	336				
NHKJIMIN_04013	CDS	336				hypothetical protein
NHKJIMIN_04014	gene	243				
NHKJIMIN_04014	CDS	243				hypothetical protein
NHKJIMIN_04015	gene	633				
NHKJIMIN_04015	CDS	633				hypothetical protein
NHKJIMIN_04016	gene	507	bamB_1			
NHKJIMIN_04016	CDS	507	bamB_1			Outer membrane protein assembly factor BamB
NHKJIMIN_04017	gene	651	bamB_2			
NHKJIMIN_04017	CDS	651	bamB_2			Outer membrane protein assembly factor BamB
NHKJIMIN_04018	gene	426				
NHKJIMIN_04018	CDS	426				hypothetical protein
NHKJIMIN_04019	gene	246				
NHKJIMIN_04019	CDS	246				hypothetical protein
NHKJIMIN_04020	gene	300				
NHKJIMIN_04020	CDS	300				hypothetical protein
NHKJIMIN_04021	gene	477				
NHKJIMIN_04021	CDS	477				hypothetical protein
NHKJIMIN_04022	gene	303				
NHKJIMIN_04022	CDS	303				hypothetical protein
NHKJIMIN_04023	gene	663				
NHKJIMIN_04023	CDS	663				hypothetical protein
NHKJIMIN_04024	gene	1077				
NHKJIMIN_04024	CDS	1077				hypothetical protein
NHKJIMIN_04025	gene	252				
NHKJIMIN_04025	CDS	252				hypothetical protein
NHKJIMIN_04026	gene	519				
NHKJIMIN_04026	CDS	519				hypothetical protein
NHKJIMIN_04027	gene	228				
NHKJIMIN_04027	CDS	228				hypothetical protein
NHKJIMIN_04028	gene	417				
NHKJIMIN_04028	CDS	417				hypothetical protein
NHKJIMIN_04029	gene	138				
NHKJIMIN_04029	CDS	138				hypothetical protein
NHKJIMIN_04030	gene	330				
NHKJIMIN_04030	CDS	330				hypothetical protein
NHKJIMIN_04031	gene	258	namZ_3			
NHKJIMIN_04031	CDS	258	namZ_3	3.2.1.92	COG3876	Peptidoglycan beta-N-acetylmuramidase NamZ
NHKJIMIN_04032	gene	321				
NHKJIMIN_04032	CDS	321				hypothetical protein
NHKJIMIN_04033	gene	225				
NHKJIMIN_04033	CDS	225				hypothetical protein
NHKJIMIN_04034	gene	333	glcD			
NHKJIMIN_04034	CDS	333	glcD	1.1.99.14	COG0277	Glycolate oxidase subunit GlcD
NHKJIMIN_04035	gene	480				
NHKJIMIN_04035	CDS	480				hypothetical protein
NHKJIMIN_04036	gene	249				
NHKJIMIN_04036	CDS	249				hypothetical protein
NHKJIMIN_04037	gene	756				
NHKJIMIN_04037	CDS	756				hypothetical protein
NHKJIMIN_04038	gene	255				
NHKJIMIN_04038	CDS	255				hypothetical protein
NHKJIMIN_04039	gene	402				
NHKJIMIN_04039	CDS	402				hypothetical protein
NHKJIMIN_04040	gene	303				
NHKJIMIN_04040	CDS	303				hypothetical protein
NHKJIMIN_04041	gene	459				
NHKJIMIN_04041	CDS	459				hypothetical protein
NHKJIMIN_04042	gene	594				
NHKJIMIN_04042	CDS	594				hypothetical protein
NHKJIMIN_04043	gene	387				
NHKJIMIN_04043	CDS	387				hypothetical protein
NHKJIMIN_04044	gene	399				
NHKJIMIN_04044	CDS	399				hypothetical protein
NHKJIMIN_04045	gene	201	murQ_1			
NHKJIMIN_04045	CDS	201	murQ_1	4.2.1.126		N-acetylmuramic acid 6-phosphate etherase
NHKJIMIN_04046	gene	171	murQ_2			
NHKJIMIN_04046	CDS	171	murQ_2	4.2.1.126	COG2103	N-acetylmuramic acid 6-phosphate etherase
NHKJIMIN_04047	gene	363	murQ_3			
NHKJIMIN_04047	CDS	363	murQ_3	4.2.1.126	COG2103	N-acetylmuramic acid 6-phosphate etherase
NHKJIMIN_04048	gene	480	yfeW_3			
NHKJIMIN_04048	CDS	480	yfeW_3	3.4.16.4		Putative D-alanyl-D-alanine carboxypeptidase
NHKJIMIN_04049	gene	987	yfeW_4			
NHKJIMIN_04049	CDS	987	yfeW_4	3.4.16.4		Putative D-alanyl-D-alanine carboxypeptidase
NHKJIMIN_04050	gene	459				
NHKJIMIN_04050	CDS	459				hypothetical protein
NHKJIMIN_04051	gene	306				
NHKJIMIN_04051	CDS	306				hypothetical protein
NHKJIMIN_04052	gene	153				
NHKJIMIN_04052	CDS	153				hypothetical protein
NHKJIMIN_04053	gene	237				
NHKJIMIN_04053	CDS	237				hypothetical protein
NHKJIMIN_04054	gene	171				
NHKJIMIN_04054	CDS	171				hypothetical protein
NHKJIMIN_04055	gene	474				
NHKJIMIN_04055	CDS	474				hypothetical protein
NHKJIMIN_04056	gene	378				
NHKJIMIN_04056	CDS	378				hypothetical protein
NHKJIMIN_04057	gene	306				
NHKJIMIN_04057	CDS	306				hypothetical protein
NHKJIMIN_04058	gene	327				
NHKJIMIN_04058	CDS	327				hypothetical protein
NHKJIMIN_04059	gene	195				
NHKJIMIN_04059	CDS	195				hypothetical protein
NHKJIMIN_04060	gene	603				
NHKJIMIN_04060	CDS	603				hypothetical protein
NHKJIMIN_04061	gene	195				
NHKJIMIN_04061	CDS	195				hypothetical protein
NHKJIMIN_04062	gene	408				
NHKJIMIN_04062	CDS	408				hypothetical protein
NHKJIMIN_04063	gene	1134	nrfA			
NHKJIMIN_04063	CDS	1134	nrfA	1.7.2.2	COG3303	Cytochrome c-552
NHKJIMIN_04064	gene	342				
NHKJIMIN_04064	CDS	342				hypothetical protein
NHKJIMIN_04065	gene	534				
NHKJIMIN_04065	CDS	534				hypothetical protein
NHKJIMIN_04066	gene	129				
NHKJIMIN_04066	CDS	129				hypothetical protein
NHKJIMIN_04067	gene	339				
NHKJIMIN_04067	CDS	339				hypothetical protein
NHKJIMIN_04068	gene	156				
NHKJIMIN_04068	CDS	156				hypothetical protein
NHKJIMIN_04069	gene	174				
NHKJIMIN_04069	CDS	174				hypothetical protein
NHKJIMIN_04070	gene	882				
NHKJIMIN_04070	CDS	882				hypothetical protein
NHKJIMIN_04071	gene	222				
NHKJIMIN_04071	CDS	222				hypothetical protein
NHKJIMIN_04072	gene	261				
NHKJIMIN_04072	CDS	261				hypothetical protein
NHKJIMIN_04073	gene	327	glyQS_1			
NHKJIMIN_04073	CDS	327	glyQS_1	6.1.1.14		Glycine--tRNA ligase
NHKJIMIN_04074	gene	702	glyQS_2			
NHKJIMIN_04074	CDS	702	glyQS_2	6.1.1.14		Glycine--tRNA ligase
NHKJIMIN_04075	gene	429	parC			
NHKJIMIN_04075	CDS	429	parC	5.6.2.2		DNA topoisomerase 4 subunit A
NHKJIMIN_04076	gene	1014	gyrA_1			
NHKJIMIN_04076	CDS	1014	gyrA_1	5.6.2.2		DNA gyrase subunit A
NHKJIMIN_04077	gene	195				
NHKJIMIN_04077	CDS	195				hypothetical protein
NHKJIMIN_04078	gene	801				
NHKJIMIN_04078	CDS	801				hypothetical protein
NHKJIMIN_04079	gene	870				
NHKJIMIN_04079	CDS	870				hypothetical protein
NHKJIMIN_04080	gene	756				
NHKJIMIN_04080	CDS	756				hypothetical protein
NHKJIMIN_04081	gene	291				
NHKJIMIN_04081	CDS	291				hypothetical protein
NHKJIMIN_04082	gene	408				
NHKJIMIN_04082	CDS	408				hypothetical protein
NHKJIMIN_04083	gene	711				
NHKJIMIN_04083	CDS	711			COG0702	SusD-like protein P2
NHKJIMIN_04084	gene	171				
NHKJIMIN_04084	CDS	171				hypothetical protein
NHKJIMIN_04085	gene	426				
NHKJIMIN_04085	CDS	426			COG4771	TonB-dependent receptor P3
NHKJIMIN_04086	gene	384				
NHKJIMIN_04086	CDS	384			COG4771	TonB-dependent receptor P3
NHKJIMIN_04087	gene	525				
NHKJIMIN_04087	CDS	525				hypothetical protein
NHKJIMIN_04088	gene	417				
NHKJIMIN_04088	CDS	417				hypothetical protein
NHKJIMIN_04089	gene	348				
NHKJIMIN_04089	CDS	348				hypothetical protein
NHKJIMIN_04090	gene	153	susC_26			
NHKJIMIN_04090	CDS	153	susC_26		COG1629	TonB-dependent receptor SusC
NHKJIMIN_04091	gene	285				
NHKJIMIN_04091	CDS	285			COG1629	TonB-dependent receptor P26
NHKJIMIN_04092	gene	165				
NHKJIMIN_04092	CDS	165				hypothetical protein
NHKJIMIN_04093	gene	83				
NHKJIMIN_04093	tRNA	83				tRNA-Leu(tag)
NHKJIMIN_04094	gene	234				
NHKJIMIN_04094	CDS	234				hypothetical protein
NHKJIMIN_04095	gene	222				
NHKJIMIN_04095	CDS	222				hypothetical protein
NHKJIMIN_04096	gene	225				
NHKJIMIN_04096	CDS	225				hypothetical protein
NHKJIMIN_04097	gene	540				
NHKJIMIN_04097	CDS	540				hypothetical protein
NHKJIMIN_04098	gene	762				
NHKJIMIN_04098	CDS	762				hypothetical protein
NHKJIMIN_04099	gene	219				
NHKJIMIN_04099	CDS	219				hypothetical protein
NHKJIMIN_04100	gene	180				
NHKJIMIN_04100	CDS	180				hypothetical protein
NHKJIMIN_04101	gene	186				
NHKJIMIN_04101	CDS	186				hypothetical protein
NHKJIMIN_04102	gene	264				
NHKJIMIN_04102	CDS	264				hypothetical protein
NHKJIMIN_04103	gene	273				
NHKJIMIN_04103	CDS	273				hypothetical protein
NHKJIMIN_04104	gene	105				
NHKJIMIN_04104	CDS	105				hypothetical protein
NHKJIMIN_04105	gene	195				
NHKJIMIN_04105	CDS	195				hypothetical protein
NHKJIMIN_04106	gene	249				
NHKJIMIN_04106	CDS	249				hypothetical protein
NHKJIMIN_04107	gene	123				
NHKJIMIN_04107	CDS	123				hypothetical protein
NHKJIMIN_04108	gene	774				
NHKJIMIN_04108	CDS	774				hypothetical protein
NHKJIMIN_04109	gene	1146				
NHKJIMIN_04109	CDS	1146				hypothetical protein
NHKJIMIN_04110	gene	204				
NHKJIMIN_04110	CDS	204				hypothetical protein
NHKJIMIN_04111	gene	369				
NHKJIMIN_04111	CDS	369				hypothetical protein
NHKJIMIN_04112	gene	231				
NHKJIMIN_04112	CDS	231				hypothetical protein
NHKJIMIN_04113	gene	222				
NHKJIMIN_04113	CDS	222				hypothetical protein
NHKJIMIN_04114	gene	183				
NHKJIMIN_04114	CDS	183				hypothetical protein
NHKJIMIN_04115	gene	717				
NHKJIMIN_04115	CDS	717				hypothetical protein
NHKJIMIN_04116	gene	321				
NHKJIMIN_04116	CDS	321				hypothetical protein
NHKJIMIN_04117	gene	414				
NHKJIMIN_04117	CDS	414				hypothetical protein
NHKJIMIN_04118	gene	249				
NHKJIMIN_04118	CDS	249				hypothetical protein
NHKJIMIN_04119	gene	192				
NHKJIMIN_04119	CDS	192				hypothetical protein
NHKJIMIN_04120	gene	174				
NHKJIMIN_04120	CDS	174				hypothetical protein
NHKJIMIN_04121	gene	399				
NHKJIMIN_04121	CDS	399			COG4771	TonB-dependent receptor P39
NHKJIMIN_04122	gene	372				
NHKJIMIN_04122	CDS	372			COG4771	TonB-dependent receptor P3
NHKJIMIN_04123	gene	1248				
NHKJIMIN_04123	CDS	1248				hypothetical protein
NHKJIMIN_04124	gene	519				
NHKJIMIN_04124	CDS	519			COG1629	TonB-dependent receptor P26
NHKJIMIN_04125	gene	165				
NHKJIMIN_04125	CDS	165				hypothetical protein
NHKJIMIN_04126	gene	504				
NHKJIMIN_04126	CDS	504				hypothetical protein
NHKJIMIN_04127	gene	915				
NHKJIMIN_04127	CDS	915			COG0702	SusD-like protein P2
NHKJIMIN_04128	gene	249				
NHKJIMIN_04128	CDS	249				hypothetical protein
NHKJIMIN_04129	gene	480				
NHKJIMIN_04129	CDS	480		3.2.1.21	COG1472	Beta-glucosidase BoGH3B
NHKJIMIN_04130	gene	135				
NHKJIMIN_04130	CDS	135				hypothetical protein
NHKJIMIN_04131	gene	303				
NHKJIMIN_04131	CDS	303				hypothetical protein
NHKJIMIN_04132	gene	621				
NHKJIMIN_04132	CDS	621		3.2.1.-	COG1472	Beta-xylosidase
NHKJIMIN_04133	gene	309				
NHKJIMIN_04133	CDS	309		3.2.1.-	COG1472	Putative beta-xylosidase
NHKJIMIN_04134	gene	207				
NHKJIMIN_04134	CDS	207				hypothetical protein
NHKJIMIN_04135	gene	339				
NHKJIMIN_04135	CDS	339		3.2.1.214	COG5368	Exo beta-1,2-glucooligosaccharide sophorohydrolase (non-reducing end)
NHKJIMIN_04136	gene	96				
NHKJIMIN_04136	CDS	96				hypothetical protein
NHKJIMIN_04137	gene	441				
NHKJIMIN_04137	CDS	441		3.2.1.214	COG5368	Exo beta-1,2-glucooligosaccharide sophorohydrolase (non-reducing end)
NHKJIMIN_04138	gene	339				
NHKJIMIN_04138	CDS	339		3.2.1.214	COG5368	Exo beta-1,2-glucooligosaccharide sophorohydrolase (non-reducing end)
NHKJIMIN_04139	gene	543				
NHKJIMIN_04139	CDS	543				hypothetical protein
NHKJIMIN_04140	gene	504				
NHKJIMIN_04140	CDS	504				hypothetical protein
NHKJIMIN_04141	gene	837				
NHKJIMIN_04141	CDS	837				hypothetical protein
NHKJIMIN_04142	gene	540				
NHKJIMIN_04142	CDS	540				hypothetical protein
NHKJIMIN_04143	gene	360				
NHKJIMIN_04143	CDS	360				hypothetical protein
NHKJIMIN_04144	gene	162				
NHKJIMIN_04144	CDS	162				hypothetical protein
NHKJIMIN_04145	gene	321				
NHKJIMIN_04145	CDS	321				hypothetical protein
NHKJIMIN_04146	gene	177	pleD			
NHKJIMIN_04146	CDS	177	pleD		COG0745	Response regulator PleD
NHKJIMIN_04147	gene	201				
NHKJIMIN_04147	CDS	201				hypothetical protein
NHKJIMIN_04148	gene	495	sasA_4			
NHKJIMIN_04148	CDS	495	sasA_4	2.7.13.3		Adaptive-response sensory-kinase SasA
NHKJIMIN_04149	gene	225				
NHKJIMIN_04149	CDS	225			COG1629	TonB-dependent receptor P26
NHKJIMIN_04150	gene	198	susC_27			
NHKJIMIN_04150	CDS	198	susC_27		COG1629	TonB-dependent receptor SusC
NHKJIMIN_04151	gene	1116				
NHKJIMIN_04151	CDS	1116			COG4771	TonB-dependent receptor P39
NHKJIMIN_04152	gene	405				
NHKJIMIN_04152	CDS	405			COG4771	TonB-dependent receptor P3
NHKJIMIN_04153	gene	180				
NHKJIMIN_04153	CDS	180				hypothetical protein
NHKJIMIN_04154	gene	126				
NHKJIMIN_04154	CDS	126				hypothetical protein
NHKJIMIN_04155	gene	489				
NHKJIMIN_04155	CDS	489				hypothetical protein
NHKJIMIN_04156	gene	120				
NHKJIMIN_04156	CDS	120				hypothetical protein
NHKJIMIN_04157	gene	300				
NHKJIMIN_04157	CDS	300				hypothetical protein
NHKJIMIN_04158	gene	705				
NHKJIMIN_04158	CDS	705				hypothetical protein
NHKJIMIN_04159	gene	486				
NHKJIMIN_04159	CDS	486				hypothetical protein
NHKJIMIN_04160	gene	672				
NHKJIMIN_04160	CDS	672				hypothetical protein
NHKJIMIN_04161	gene	447				
NHKJIMIN_04161	CDS	447				hypothetical protein
NHKJIMIN_04162	gene	345				
NHKJIMIN_04162	CDS	345				hypothetical protein
NHKJIMIN_04163	gene	420				
NHKJIMIN_04163	CDS	420				hypothetical protein
NHKJIMIN_04164	gene	678				
NHKJIMIN_04164	CDS	678				hypothetical protein
NHKJIMIN_04165	gene	111				
NHKJIMIN_04165	CDS	111				hypothetical protein
NHKJIMIN_04166	gene	468				
NHKJIMIN_04166	CDS	468				hypothetical protein
NHKJIMIN_04167	gene	378	gpmI_1			
NHKJIMIN_04167	CDS	378	gpmI_1	5.4.2.12		2,3-bisphosphoglycerate-independent phosphoglycerate mutase
NHKJIMIN_04168	gene	333	exoI_2			
NHKJIMIN_04168	CDS	333	exoI_2	3.2.1.52		Beta-hexosaminidase
NHKJIMIN_04169	gene	369				
NHKJIMIN_04169	CDS	369		3.2.1.52	COG3525	Beta-hexosaminidase
NHKJIMIN_04170	gene	480				
NHKJIMIN_04170	CDS	480		3.2.1.52	COG3525	Beta-hexosaminidase
NHKJIMIN_04171	gene	672	lacZ_12			
NHKJIMIN_04171	CDS	672	lacZ_12	3.2.1.31	COG3250	Beta-glucuronidase
NHKJIMIN_04172	gene	1269	lacZ_13			
NHKJIMIN_04172	CDS	1269	lacZ_13	3.2.1.31	COG3250	Beta-glucuronidase
NHKJIMIN_04173	gene	240				
NHKJIMIN_04173	CDS	240				hypothetical protein
NHKJIMIN_04174	gene	123				
NHKJIMIN_04174	CDS	123				hypothetical protein
NHKJIMIN_04175	gene	279				
NHKJIMIN_04175	CDS	279				hypothetical protein
NHKJIMIN_04176	gene	426				
NHKJIMIN_04176	CDS	426				hypothetical protein
NHKJIMIN_04177	gene	792				
NHKJIMIN_04177	CDS	792				hypothetical protein
NHKJIMIN_04178	gene	255				
NHKJIMIN_04178	CDS	255				hypothetical protein
NHKJIMIN_04179	gene	366				
NHKJIMIN_04179	CDS	366				hypothetical protein
NHKJIMIN_04180	gene	909				
NHKJIMIN_04180	CDS	909				hypothetical protein
NHKJIMIN_04181	gene	345				
NHKJIMIN_04181	CDS	345				hypothetical protein
NHKJIMIN_04182	gene	303				
NHKJIMIN_04182	CDS	303				hypothetical protein
NHKJIMIN_04183	gene	402				
NHKJIMIN_04183	CDS	402				hypothetical protein
NHKJIMIN_04184	gene	537				
NHKJIMIN_04184	CDS	537				hypothetical protein
NHKJIMIN_04185	gene	111				
NHKJIMIN_04185	CDS	111				hypothetical protein
NHKJIMIN_04186	gene	381				
NHKJIMIN_04186	CDS	381		3.6.1.25	COG2954	Inorganic triphosphatase
NHKJIMIN_04187	gene	243				
NHKJIMIN_04187	CDS	243				hypothetical protein
NHKJIMIN_04188	gene	156				
NHKJIMIN_04188	CDS	156				hypothetical protein
NHKJIMIN_04189	gene	270				
NHKJIMIN_04189	CDS	270				hypothetical protein
NHKJIMIN_04190	gene	126				
NHKJIMIN_04190	CDS	126				hypothetical protein
NHKJIMIN_04191	gene	234				
NHKJIMIN_04191	CDS	234				hypothetical protein
NHKJIMIN_04192	gene	228				
NHKJIMIN_04192	CDS	228				hypothetical protein
NHKJIMIN_04193	gene	354	prfB_1			
NHKJIMIN_04193	CDS	354	prfB_1		COG1186	Peptide chain release factor RF2
NHKJIMIN_04194	gene	402	prfB_2			
NHKJIMIN_04194	CDS	402	prfB_2		COG1186	Peptide chain release factor RF2
NHKJIMIN_04195	gene	630				
NHKJIMIN_04195	CDS	630		6.2.1.3	COG1022	Long-chain-fatty-acid--CoA ligase FadD15
NHKJIMIN_04196	gene	153				
NHKJIMIN_04196	CDS	153				hypothetical protein
NHKJIMIN_04197	gene	939				
NHKJIMIN_04197	CDS	939		6.2.1.3	COG1022	Long-chain-fatty-acid--CoA ligase FadD15
NHKJIMIN_04198	gene	507	lysK			
NHKJIMIN_04198	CDS	507	lysK	3.5.1.132		[LysW]-lysine/[LysW]-ornithine hydrolase
NHKJIMIN_04199	gene	402				
NHKJIMIN_04199	CDS	402				hypothetical protein
NHKJIMIN_04200	gene	219				
NHKJIMIN_04200	CDS	219				hypothetical protein
NHKJIMIN_04201	gene	420				
NHKJIMIN_04201	CDS	420				hypothetical protein
NHKJIMIN_04202	gene	192				
NHKJIMIN_04202	CDS	192				hypothetical protein
NHKJIMIN_04203	gene	303				
NHKJIMIN_04203	CDS	303				IS1182 family transposase ISMsp1
NHKJIMIN_04204	gene	633				
NHKJIMIN_04204	CDS	633				IS1182 family transposase ISBf5
NHKJIMIN_04205	gene	159				
NHKJIMIN_04205	CDS	159				hypothetical protein
NHKJIMIN_04206	gene	264				
NHKJIMIN_04206	CDS	264				hypothetical protein
NHKJIMIN_04207	gene	258				
NHKJIMIN_04207	CDS	258				hypothetical protein
NHKJIMIN_04208	gene	582				
NHKJIMIN_04208	CDS	582				hypothetical protein
NHKJIMIN_04209	gene	654				
NHKJIMIN_04209	CDS	654				hypothetical protein
NHKJIMIN_04210	gene	195				
NHKJIMIN_04210	CDS	195				hypothetical protein
NHKJIMIN_04211	gene	120				
NHKJIMIN_04211	CDS	120				hypothetical protein
NHKJIMIN_04212	gene	159				
NHKJIMIN_04212	CDS	159				hypothetical protein
NHKJIMIN_04213	gene	111				
NHKJIMIN_04213	CDS	111				hypothetical protein
NHKJIMIN_04214	gene	711				
NHKJIMIN_04214	CDS	711				hypothetical protein
NHKJIMIN_04215	gene	345				
NHKJIMIN_04215	CDS	345				hypothetical protein
NHKJIMIN_04216	gene	261				
NHKJIMIN_04216	CDS	261				hypothetical protein
NHKJIMIN_04217	gene	267				
NHKJIMIN_04217	CDS	267				hypothetical protein
NHKJIMIN_04218	gene	360				
NHKJIMIN_04218	CDS	360				hypothetical protein
NHKJIMIN_04219	gene	141				
NHKJIMIN_04219	CDS	141				hypothetical protein
NHKJIMIN_04220	gene	654				
NHKJIMIN_04220	CDS	654				hypothetical protein
NHKJIMIN_04221	gene	282				
NHKJIMIN_04221	CDS	282				hypothetical protein
NHKJIMIN_04222	gene	219				
NHKJIMIN_04222	CDS	219				hypothetical protein
NHKJIMIN_04223	gene	198				
NHKJIMIN_04223	CDS	198				hypothetical protein
NHKJIMIN_04224	gene	204				
NHKJIMIN_04224	CDS	204				hypothetical protein
NHKJIMIN_04225	gene	645				
NHKJIMIN_04225	CDS	645				hypothetical protein
NHKJIMIN_04226	gene	345				
NHKJIMIN_04226	CDS	345				hypothetical protein
NHKJIMIN_04227	gene	804	mro_3			
NHKJIMIN_04227	CDS	804	mro_3	5.1.3.3		Aldose 1-epimerase
NHKJIMIN_04228	gene	423				
NHKJIMIN_04228	CDS	423				hypothetical protein
NHKJIMIN_04229	gene	615				
NHKJIMIN_04229	CDS	615				hypothetical protein
NHKJIMIN_04230	gene	462				
NHKJIMIN_04230	CDS	462				hypothetical protein
NHKJIMIN_04231	gene	1257				
NHKJIMIN_04231	CDS	1257				hypothetical protein
NHKJIMIN_04232	gene	408				
NHKJIMIN_04232	CDS	408				hypothetical protein
NHKJIMIN_04233	gene	201				
NHKJIMIN_04233	CDS	201				hypothetical protein
NHKJIMIN_04234	gene	381				
NHKJIMIN_04234	CDS	381				hypothetical protein
NHKJIMIN_04235	gene	216				
NHKJIMIN_04235	CDS	216				hypothetical protein
NHKJIMIN_04236	gene	582				
NHKJIMIN_04236	CDS	582				hypothetical protein
NHKJIMIN_04237	gene	1305				
NHKJIMIN_04237	CDS	1305				hypothetical protein
NHKJIMIN_04238	gene	300				
NHKJIMIN_04238	CDS	300				hypothetical protein
NHKJIMIN_04239	gene	135				
NHKJIMIN_04239	CDS	135				hypothetical protein
NHKJIMIN_04240	gene	120				
NHKJIMIN_04240	CDS	120				hypothetical protein
NHKJIMIN_04241	gene	570				
NHKJIMIN_04241	CDS	570				hypothetical protein
NHKJIMIN_04242	gene	162				
NHKJIMIN_04242	CDS	162				hypothetical protein
NHKJIMIN_04243	gene	261				
NHKJIMIN_04243	CDS	261				hypothetical protein
NHKJIMIN_04244	gene	582				
NHKJIMIN_04244	CDS	582				hypothetical protein
NHKJIMIN_04245	gene	453				
NHKJIMIN_04245	CDS	453				hypothetical protein
NHKJIMIN_04246	gene	447				
NHKJIMIN_04246	CDS	447				hypothetical protein
NHKJIMIN_04247	gene	177				
NHKJIMIN_04247	CDS	177				hypothetical protein
NHKJIMIN_04248	gene	315				
NHKJIMIN_04248	CDS	315				hypothetical protein
NHKJIMIN_04249	gene	177				
NHKJIMIN_04249	CDS	177				hypothetical protein
NHKJIMIN_04250	gene	246				
NHKJIMIN_04250	CDS	246				hypothetical protein
NHKJIMIN_04251	gene	276				
NHKJIMIN_04251	CDS	276				hypothetical protein
NHKJIMIN_04252	gene	417				
NHKJIMIN_04252	CDS	417				hypothetical protein
NHKJIMIN_04253	gene	222				
NHKJIMIN_04253	CDS	222				hypothetical protein
NHKJIMIN_04254	gene	207				
NHKJIMIN_04254	CDS	207				hypothetical protein
NHKJIMIN_04255	gene	483				
NHKJIMIN_04255	CDS	483				hypothetical protein
NHKJIMIN_04256	gene	249				
NHKJIMIN_04256	CDS	249				hypothetical protein
NHKJIMIN_04257	gene	261				
NHKJIMIN_04257	CDS	261				hypothetical protein
NHKJIMIN_04258	gene	606				
NHKJIMIN_04258	CDS	606				hypothetical protein
NHKJIMIN_04259	gene	306				
NHKJIMIN_04259	CDS	306				hypothetical protein
NHKJIMIN_04260	gene	342				
NHKJIMIN_04260	CDS	342				hypothetical protein
NHKJIMIN_04261	gene	198				
NHKJIMIN_04261	CDS	198				hypothetical protein
NHKJIMIN_04262	gene	471				
NHKJIMIN_04262	CDS	471				hypothetical protein
NHKJIMIN_04263	gene	738				
NHKJIMIN_04263	CDS	738				hypothetical protein
NHKJIMIN_04264	gene	528				
NHKJIMIN_04264	CDS	528				hypothetical protein
NHKJIMIN_04265	gene	225				
NHKJIMIN_04265	CDS	225				hypothetical protein
NHKJIMIN_04266	gene	396				
NHKJIMIN_04266	CDS	396				hypothetical protein
NHKJIMIN_04267	gene	372	susC_28			
NHKJIMIN_04267	CDS	372	susC_28		COG1629	TonB-dependent receptor SusC
NHKJIMIN_04268	gene	330				
NHKJIMIN_04268	CDS	330				hypothetical protein
NHKJIMIN_04269	gene	159				
NHKJIMIN_04269	CDS	159				hypothetical protein
NHKJIMIN_04270	gene	135				
NHKJIMIN_04270	CDS	135				hypothetical protein
NHKJIMIN_04271	gene	837				
NHKJIMIN_04271	CDS	837				hypothetical protein
NHKJIMIN_04272	gene	297				
NHKJIMIN_04272	CDS	297				hypothetical protein
NHKJIMIN_04273	gene	774				
NHKJIMIN_04273	CDS	774				hypothetical protein
NHKJIMIN_04274	gene	333				
NHKJIMIN_04274	CDS	333				hypothetical protein
NHKJIMIN_04275	gene	879				
NHKJIMIN_04275	CDS	879				hypothetical protein
NHKJIMIN_04276	gene	201				
NHKJIMIN_04276	CDS	201				hypothetical protein
NHKJIMIN_04277	gene	330				
NHKJIMIN_04277	CDS	330				hypothetical protein
NHKJIMIN_04278	gene	234				
NHKJIMIN_04278	CDS	234				hypothetical protein
NHKJIMIN_04279	gene	285				
NHKJIMIN_04279	CDS	285				hypothetical protein
NHKJIMIN_04280	gene	690				
NHKJIMIN_04280	CDS	690				hypothetical protein
NHKJIMIN_04281	gene	666				
NHKJIMIN_04281	CDS	666				hypothetical protein
NHKJIMIN_04282	gene	1452	lacZ_14			
NHKJIMIN_04282	CDS	1452	lacZ_14	3.2.1.23		Beta-galactosidase
NHKJIMIN_04283	gene	375				
NHKJIMIN_04283	CDS	375				hypothetical protein
NHKJIMIN_04284	gene	555				
NHKJIMIN_04284	CDS	555				hypothetical protein
NHKJIMIN_04285	gene	615				
NHKJIMIN_04285	CDS	615		3.2.1.55		Extracellular exo-alpha-(1->5)-L-arabinofuranosidase
NHKJIMIN_04286	gene	408				
NHKJIMIN_04286	CDS	408				hypothetical protein
NHKJIMIN_04287	gene	582				
NHKJIMIN_04287	CDS	582				hypothetical protein
NHKJIMIN_04288	gene	438				
NHKJIMIN_04288	CDS	438				hypothetical protein
NHKJIMIN_04289	gene	258				
NHKJIMIN_04289	CDS	258				hypothetical protein
NHKJIMIN_04290	gene	270				
NHKJIMIN_04290	CDS	270				hypothetical protein
NHKJIMIN_04291	gene	162				
NHKJIMIN_04291	CDS	162				hypothetical protein
NHKJIMIN_04292	gene	1473				
NHKJIMIN_04292	CDS	1473				hypothetical protein
NHKJIMIN_04293	gene	315				
NHKJIMIN_04293	CDS	315				hypothetical protein
NHKJIMIN_04294	gene	657				
NHKJIMIN_04294	CDS	657				hypothetical protein
NHKJIMIN_04295	gene	249	lacZ_15			
NHKJIMIN_04295	CDS	249	lacZ_15	3.2.1.23		Beta-galactosidase
NHKJIMIN_04296	gene	198				
NHKJIMIN_04296	CDS	198				hypothetical protein
NHKJIMIN_04297	gene	291				
NHKJIMIN_04297	CDS	291				hypothetical protein
NHKJIMIN_04298	gene	330				
NHKJIMIN_04298	CDS	330				hypothetical protein
NHKJIMIN_04299	gene	861				
NHKJIMIN_04299	CDS	861				hypothetical protein
NHKJIMIN_04300	gene	609				
NHKJIMIN_04300	CDS	609				hypothetical protein
NHKJIMIN_04301	gene	285				
NHKJIMIN_04301	CDS	285		3.2.1.55	COG3940	Extracellular exo-alpha-(1->5)-L-arabinofuranosidase
NHKJIMIN_04302	gene	195				
NHKJIMIN_04302	CDS	195				hypothetical protein
NHKJIMIN_04303	gene	504	yqhC			
NHKJIMIN_04303	CDS	504	yqhC		COG2207	HTH-type transcriptional regulator YqhC
NHKJIMIN_04304	gene	228				
NHKJIMIN_04304	CDS	228		3.1.4.-	COG3437	putative cyclic di-GMP phosphodiesterase
NHKJIMIN_04305	gene	744	tmoS			
NHKJIMIN_04305	CDS	744	tmoS	2.7.13.3		Sensor histidine kinase TmoS
NHKJIMIN_04306	gene	285				
NHKJIMIN_04306	CDS	285				hypothetical protein
NHKJIMIN_04307	gene	306				
NHKJIMIN_04307	CDS	306				hypothetical protein
NHKJIMIN_04308	gene	546				
NHKJIMIN_04308	CDS	546				hypothetical protein
NHKJIMIN_04309	gene	198				
NHKJIMIN_04309	CDS	198				hypothetical protein
NHKJIMIN_04310	gene	246				
NHKJIMIN_04310	CDS	246				hypothetical protein
NHKJIMIN_04311	gene	429				
NHKJIMIN_04311	CDS	429				hypothetical protein
NHKJIMIN_04312	gene	426				
NHKJIMIN_04312	CDS	426				hypothetical protein
NHKJIMIN_04313	gene	303				
NHKJIMIN_04313	CDS	303				hypothetical protein
NHKJIMIN_04314	gene	441				
NHKJIMIN_04314	CDS	441				hypothetical protein
NHKJIMIN_04315	gene	351				
NHKJIMIN_04315	CDS	351				hypothetical protein
NHKJIMIN_04316	gene	288				
NHKJIMIN_04316	CDS	288				hypothetical protein
NHKJIMIN_04317	gene	147				
NHKJIMIN_04317	CDS	147				hypothetical protein
NHKJIMIN_04318	gene	309				
NHKJIMIN_04318	CDS	309				hypothetical protein
NHKJIMIN_04319	gene	777	bepA_2			
NHKJIMIN_04319	CDS	777	bepA_2	3.4.-.-		Beta-barrel assembly-enhancing protease
NHKJIMIN_04320	gene	261				
NHKJIMIN_04320	CDS	261				hypothetical protein
NHKJIMIN_04321	gene	279				
NHKJIMIN_04321	CDS	279				hypothetical protein
NHKJIMIN_04322	gene	156	dut_1			
NHKJIMIN_04322	CDS	156	dut_1	3.6.1.23	COG0756	Deoxyuridine 5'-triphosphate nucleotidohydrolase
NHKJIMIN_04323	gene	204	dut_2			
NHKJIMIN_04323	CDS	204	dut_2	3.6.1.23		Deoxyuridine 5'-triphosphate nucleotidohydrolase
NHKJIMIN_04324	gene	558				
NHKJIMIN_04324	CDS	558				Deoxyguanosinetriphosphate triphosphohydrolase-like protein
NHKJIMIN_04325	gene	579	dgt			
NHKJIMIN_04325	CDS	579	dgt	3.1.5.1	COG0232	Deoxyguanosinetriphosphate triphosphohydrolase
NHKJIMIN_04326	gene	198				
NHKJIMIN_04326	CDS	198				hypothetical protein
NHKJIMIN_04327	gene	165	glsB_1			
NHKJIMIN_04327	CDS	165	glsB_1	2.3.2.-	COG3176	Glycine N(alpha)-acyltransferase
NHKJIMIN_04328	gene	777	glsB_2			
NHKJIMIN_04328	CDS	777	glsB_2	2.3.2.-	COG3176	Glycine N(alpha)-acyltransferase
NHKJIMIN_04329	gene	135	glsA_1			
NHKJIMIN_04329	CDS	135	glsA_1	2.3.1.-	COG0204	Lyso-glycine lipid O-acyltransferase
NHKJIMIN_04330	gene	267	glsA_2			
NHKJIMIN_04330	CDS	267	glsA_2	2.3.1.-	COG0204	Lyso-glycine lipid O-acyltransferase
NHKJIMIN_04331	gene	339	glsA_3			
NHKJIMIN_04331	CDS	339	glsA_3	2.3.1.-	COG0204	Lyso-glycine lipid O-acyltransferase
NHKJIMIN_04332	gene	330				
NHKJIMIN_04332	CDS	330				hypothetical protein
NHKJIMIN_04333	gene	1419				
NHKJIMIN_04333	CDS	1419				hypothetical protein
NHKJIMIN_04334	gene	189				
NHKJIMIN_04334	CDS	189				hypothetical protein
NHKJIMIN_04335	gene	507	ecfG_1			
NHKJIMIN_04335	CDS	507	ecfG_1			ECF RNA polymerase sigma factor EcfG
NHKJIMIN_04336	gene	234				
NHKJIMIN_04336	CDS	234				hypothetical protein
NHKJIMIN_04337	gene	231				
NHKJIMIN_04337	CDS	231				hypothetical protein
NHKJIMIN_04338	gene	198				
NHKJIMIN_04338	CDS	198				hypothetical protein
NHKJIMIN_04339	gene	156				
NHKJIMIN_04339	CDS	156				hypothetical protein
NHKJIMIN_04340	gene	405				
NHKJIMIN_04340	CDS	405				hypothetical protein
NHKJIMIN_04341	gene	420				
NHKJIMIN_04341	CDS	420				hypothetical protein
NHKJIMIN_04342	gene	126				
NHKJIMIN_04342	CDS	126				hypothetical protein
NHKJIMIN_04343	gene	123				
NHKJIMIN_04343	CDS	123				hypothetical protein
NHKJIMIN_04344	gene	204				
NHKJIMIN_04344	CDS	204				hypothetical protein
NHKJIMIN_04345	gene	288				
NHKJIMIN_04345	CDS	288				hypothetical protein
NHKJIMIN_04346	gene	420	mraZ			
NHKJIMIN_04346	CDS	420	mraZ			Transcriptional regulator MraZ
NHKJIMIN_04347	gene	225				
NHKJIMIN_04347	CDS	225				hypothetical protein
NHKJIMIN_04348	gene	222	rsmH_1			
NHKJIMIN_04348	CDS	222	rsmH_1	2.1.1.199	COG0275	Ribosomal RNA small subunit methyltransferase H
NHKJIMIN_04349	gene	99				
NHKJIMIN_04349	CDS	99				hypothetical protein
NHKJIMIN_04350	gene	210	rsmH_2			
NHKJIMIN_04350	CDS	210	rsmH_2	2.1.1.199		Ribosomal RNA small subunit methyltransferase H
NHKJIMIN_04351	gene	444				
NHKJIMIN_04351	CDS	444				hypothetical protein
NHKJIMIN_04352	gene	435				
NHKJIMIN_04352	CDS	435				hypothetical protein
NHKJIMIN_04353	gene	636	ftsI			
NHKJIMIN_04353	CDS	636	ftsI	3.4.16.4		Peptidoglycan D,D-transpeptidase FtsI
NHKJIMIN_04354	gene	426	pbpB			
NHKJIMIN_04354	CDS	426	pbpB	3.4.16.4	COG0768	Penicillin-binding protein 2B
NHKJIMIN_04355	gene	429				
NHKJIMIN_04355	CDS	429				hypothetical protein
NHKJIMIN_04356	gene	516	murE_1			
NHKJIMIN_04356	CDS	516	murE_1	6.3.2.13		UDP-N-acetylmuramoyl-L-alanyl-D-glutamate--2,6-diaminopimelate ligase
NHKJIMIN_04357	gene	681	murE_2			
NHKJIMIN_04357	CDS	681	murE_2	6.3.2.13		UDP-N-acetylmuramoyl-L-alanyl-D-glutamate--2,6-diaminopimelate ligase
NHKJIMIN_04358	gene	102	murE_3			
NHKJIMIN_04358	CDS	102	murE_3	6.3.2.7		UDP-N-acetylmuramoyl-L-alanyl-D-glutamate--2,6-diaminopimelate ligase
NHKJIMIN_04359	gene	591	mraY_1			
NHKJIMIN_04359	CDS	591	mraY_1	2.7.8.13	COG0472	Phospho-N-acetylmuramoyl-pentapeptide-transferase
NHKJIMIN_04360	gene	198	mraY_2			
NHKJIMIN_04360	CDS	198	mraY_2	2.7.8.13		Phospho-N-acetylmuramoyl-pentapeptide-transferase
NHKJIMIN_04361	gene	165	mraY_3			
NHKJIMIN_04361	CDS	165	mraY_3	2.7.8.13		Phospho-N-acetylmuramoyl-pentapeptide-transferase
NHKJIMIN_04362	gene	141				
NHKJIMIN_04362	CDS	141				hypothetical protein
NHKJIMIN_04363	gene	237				
NHKJIMIN_04363	CDS	237				hypothetical protein
NHKJIMIN_04364	gene	696	murD			
NHKJIMIN_04364	CDS	696	murD	6.3.2.9		UDP-N-acetylmuramoylalanine--D-glutamate ligase
NHKJIMIN_04365	gene	261				
NHKJIMIN_04365	CDS	261				hypothetical protein
NHKJIMIN_04366	gene	417	mrdB_1			
NHKJIMIN_04366	CDS	417	mrdB_1	2.4.99.28		Peptidoglycan glycosyltransferase MrdB
NHKJIMIN_04367	gene	261				
NHKJIMIN_04367	CDS	261				hypothetical protein
NHKJIMIN_04368	gene	303	mrdB_2			
NHKJIMIN_04368	CDS	303	mrdB_2	2.4.99.28		Peptidoglycan glycosyltransferase MrdB
NHKJIMIN_04369	gene	141				
NHKJIMIN_04369	CDS	141				hypothetical protein
NHKJIMIN_04370	gene	597	murG			
NHKJIMIN_04370	CDS	597	murG	2.4.1.227	COG0707	UDP-N-acetylglucosamine--N-acetylmuramyl-(pentapeptide) pyrophosphoryl-undecaprenol N-acetylglucosamine transferase
NHKJIMIN_04371	gene	168				
NHKJIMIN_04371	CDS	168				hypothetical protein
NHKJIMIN_04372	gene	126				
NHKJIMIN_04372	CDS	126				hypothetical protein
NHKJIMIN_04373	gene	234				
NHKJIMIN_04373	CDS	234				hypothetical protein
NHKJIMIN_04374	gene	228	murC_1			
NHKJIMIN_04374	CDS	228	murC_1	6.3.2.8		UDP-N-acetylmuramate--L-alanine ligase
NHKJIMIN_04375	gene	297	murC_2			
NHKJIMIN_04375	CDS	297	murC_2	6.3.2.8		UDP-N-acetylmuramate--L-alanine ligase
NHKJIMIN_04376	gene	306	murC_3			
NHKJIMIN_04376	CDS	306	murC_3	6.3.2.8	COG0773	UDP-N-acetylmuramate--L-alanine ligase
NHKJIMIN_04377	gene	144				
NHKJIMIN_04377	CDS	144				hypothetical protein
NHKJIMIN_04378	gene	534				
NHKJIMIN_04378	CDS	534				hypothetical protein
NHKJIMIN_04379	gene	276	ftsA_1			
NHKJIMIN_04379	CDS	276	ftsA_1			Cell division protein FtsA
NHKJIMIN_04380	gene	168				
NHKJIMIN_04380	CDS	168				hypothetical protein
NHKJIMIN_04381	gene	231				
NHKJIMIN_04381	CDS	231				hypothetical protein
NHKJIMIN_04382	gene	492	ftsA_2			
NHKJIMIN_04382	CDS	492	ftsA_2			Cell division protein FtsA
NHKJIMIN_04383	gene	276	ftsZ_1			
NHKJIMIN_04383	CDS	276	ftsZ_1			Cell division protein FtsZ
NHKJIMIN_04384	gene	132				
NHKJIMIN_04384	CDS	132				hypothetical protein
NHKJIMIN_04385	gene	252	ftsZ_2			
NHKJIMIN_04385	CDS	252	ftsZ_2			Cell division protein FtsZ
NHKJIMIN_04386	gene	405				
NHKJIMIN_04386	CDS	405				hypothetical protein
NHKJIMIN_04387	gene	156				
NHKJIMIN_04387	CDS	156				hypothetical protein
NHKJIMIN_04388	gene	219	yqeY			
NHKJIMIN_04388	CDS	219	yqeY		COG1610	putative protein YqeY
NHKJIMIN_04389	gene	660	recO			
NHKJIMIN_04389	CDS	660	recO			DNA repair protein RecO
NHKJIMIN_04390	gene	75				
NHKJIMIN_04390	tRNA	75				tRNA-Glu(ttc)
NHKJIMIN_04391	gene	255	rpsT			
NHKJIMIN_04391	CDS	255	rpsT		COG0268	Small ribosomal subunit protein bS20
NHKJIMIN_04392	gene	975	gyrB_1			
NHKJIMIN_04392	CDS	975	gyrB_1	5.6.2.2	COG0187	DNA gyrase subunit B
NHKJIMIN_04393	gene	132				
NHKJIMIN_04393	CDS	132				hypothetical protein
NHKJIMIN_04394	gene	291	gyrB_2			
NHKJIMIN_04394	CDS	291	gyrB_2	5.6.2.2		DNA gyrase subunit B
NHKJIMIN_04395	gene	675	gyrB_3			
NHKJIMIN_04395	CDS	675	gyrB_3	5.6.2.2	COG0187	DNA gyrase subunit B
NHKJIMIN_04396	gene	693				
NHKJIMIN_04396	CDS	693				hypothetical protein
NHKJIMIN_04397	gene	1023				
NHKJIMIN_04397	CDS	1023				hypothetical protein
NHKJIMIN_04398	gene	186				
NHKJIMIN_04398	CDS	186				hypothetical protein
NHKJIMIN_04399	gene	180				
NHKJIMIN_04399	CDS	180				hypothetical protein
NHKJIMIN_04400	gene	303				
NHKJIMIN_04400	CDS	303				hypothetical protein
NHKJIMIN_04401	gene	303				
NHKJIMIN_04401	CDS	303				hypothetical protein
NHKJIMIN_04402	gene	156				
NHKJIMIN_04402	CDS	156				hypothetical protein
NHKJIMIN_04403	gene	372				
NHKJIMIN_04403	CDS	372				hypothetical protein
NHKJIMIN_04404	gene	243				
NHKJIMIN_04404	CDS	243				hypothetical protein
NHKJIMIN_04405	gene	1515	gpmI_2			
NHKJIMIN_04405	CDS	1515	gpmI_2	5.4.2.12	COG0696	2,3-bisphosphoglycerate-independent phosphoglycerate mutase
NHKJIMIN_04406	gene	138				
NHKJIMIN_04406	CDS	138				hypothetical protein
NHKJIMIN_04407	gene	171				
NHKJIMIN_04407	CDS	171				hypothetical protein
NHKJIMIN_04408	gene	495				
NHKJIMIN_04408	CDS	495				hypothetical protein
NHKJIMIN_04409	gene	105				
NHKJIMIN_04409	CDS	105				hypothetical protein
NHKJIMIN_04410	gene	606	rnhB			
NHKJIMIN_04410	CDS	606	rnhB	3.1.26.4	COG0164	Ribonuclease HII
NHKJIMIN_04411	gene	1086	hppA1_1			
NHKJIMIN_04411	CDS	1086	hppA1_1	7.2.3.1	COG3808	Putative K(+)-stimulated pyrophosphate-energized sodium pump 1
NHKJIMIN_04412	gene	522	hppA1_2			
NHKJIMIN_04412	CDS	522	hppA1_2	7.2.3.1	COG3808	Putative K(+)-stimulated pyrophosphate-energized sodium pump 1
NHKJIMIN_04413	gene	318	hppA			
NHKJIMIN_04413	CDS	318	hppA	7.1.3.1	COG3808	K(+)-stimulated pyrophosphate-energized proton pump
NHKJIMIN_04414	gene	312	hppA1_3			
NHKJIMIN_04414	CDS	312	hppA1_3	7.2.3.1	COG3808	Putative K(+)-stimulated pyrophosphate-energized sodium pump 1
NHKJIMIN_04415	gene	756				
NHKJIMIN_04415	CDS	756				hypothetical protein
NHKJIMIN_04416	gene	1086	agaA_1			
NHKJIMIN_04416	CDS	1086	agaA_1	3.2.1.22		Alpha-galactosidase AgaA
NHKJIMIN_04417	gene	498	agaA_2			
NHKJIMIN_04417	CDS	498	agaA_2	3.2.1.22		Alpha-galactosidase AgaA
NHKJIMIN_04418	gene	573	sigW_2			
NHKJIMIN_04418	CDS	573	sigW_2		COG1595	ECF RNA polymerase sigma factor SigW
NHKJIMIN_04419	gene	543				
NHKJIMIN_04419	CDS	543				hypothetical protein
NHKJIMIN_04420	gene	486				
NHKJIMIN_04420	CDS	486				hypothetical protein
NHKJIMIN_04421	gene	174				
NHKJIMIN_04421	CDS	174				hypothetical protein
NHKJIMIN_04422	gene	285				
NHKJIMIN_04422	CDS	285				hypothetical protein
NHKJIMIN_04423	gene	276	susC_29			
NHKJIMIN_04423	CDS	276	susC_29		COG1629	TonB-dependent receptor SusC
NHKJIMIN_04424	gene	183				
NHKJIMIN_04424	CDS	183				hypothetical protein
NHKJIMIN_04425	gene	798				
NHKJIMIN_04425	CDS	798				hypothetical protein
NHKJIMIN_04426	gene	678				
NHKJIMIN_04426	CDS	678			COG4771	TonB-dependent receptor P3
NHKJIMIN_04427	gene	366				
NHKJIMIN_04427	CDS	366				hypothetical protein
NHKJIMIN_04428	gene	348				
NHKJIMIN_04428	CDS	348				hypothetical protein
NHKJIMIN_04429	gene	360				
NHKJIMIN_04429	CDS	360				hypothetical protein
NHKJIMIN_04430	gene	237				
NHKJIMIN_04430	CDS	237				hypothetical protein
NHKJIMIN_04431	gene	336				
NHKJIMIN_04431	CDS	336				hypothetical protein
NHKJIMIN_04432	gene	423				
NHKJIMIN_04432	CDS	423				hypothetical protein
NHKJIMIN_04433	gene	198	agaA_3			
NHKJIMIN_04433	CDS	198	agaA_3	3.2.1.22	COG3345	Alpha-galactosidase A
NHKJIMIN_04434	gene	336	agaA_4			
NHKJIMIN_04434	CDS	336	agaA_4	3.2.1.22	COG3345	Alpha-galactosidase A
NHKJIMIN_04435	gene	447				
NHKJIMIN_04435	CDS	447				hypothetical protein
NHKJIMIN_04436	gene	507				
NHKJIMIN_04436	CDS	507				hypothetical protein
NHKJIMIN_04437	gene	264				
NHKJIMIN_04437	CDS	264				hypothetical protein
NHKJIMIN_04438	gene	459	sufS			
NHKJIMIN_04438	CDS	459	sufS	2.8.1.7	COG0520	Cysteine desulfurase
NHKJIMIN_04439	gene	336	cyd_1			
NHKJIMIN_04439	CDS	336	cyd_1	2.8.1.7	COG0520	Cysteine desulfurase
NHKJIMIN_04440	gene	144	cyd_2			
NHKJIMIN_04440	CDS	144	cyd_2	2.8.1.7	COG0520	Cysteine desulfurase
NHKJIMIN_04441	gene	246	csd			
NHKJIMIN_04441	CDS	246	csd	2.8.1.7	COG0520	putative cysteine desulfurase
NHKJIMIN_04442	gene	534	sufD			
NHKJIMIN_04442	CDS	534	sufD		COG0719	Iron-sulfur cluster assembly protein SufD
NHKJIMIN_04443	gene	378				
NHKJIMIN_04443	CDS	378				hypothetical protein
NHKJIMIN_04444	gene	195				
NHKJIMIN_04444	CDS	195				hypothetical protein
NHKJIMIN_04445	gene	327	sufC_1			
NHKJIMIN_04445	CDS	327	sufC_1		COG0396	Vegetative protein 296
NHKJIMIN_04446	gene	180	sufC_2			
NHKJIMIN_04446	CDS	180	sufC_2		COG0396	putative ATP-dependent transporter SufC
NHKJIMIN_04447	gene	315	sufC_3			
NHKJIMIN_04447	CDS	315	sufC_3		COG0396	putative ATP-dependent transporter SufC
NHKJIMIN_04448	gene	105				
NHKJIMIN_04448	CDS	105				hypothetical protein
NHKJIMIN_04449	gene	396				
NHKJIMIN_04449	CDS	396				hypothetical protein
NHKJIMIN_04450	gene	837	sufB_1			
NHKJIMIN_04450	CDS	837	sufB_1		COG0719	Iron-sulfur cluster assembly protein SufB
NHKJIMIN_04451	gene	321	sufB_2			
NHKJIMIN_04451	CDS	321	sufB_2		COG0719	Iron-sulfur cluster assembly protein SufB
NHKJIMIN_04452	gene	237				
NHKJIMIN_04452	CDS	237				hypothetical protein
NHKJIMIN_04453	gene	504				
NHKJIMIN_04453	CDS	504				hypothetical protein
NHKJIMIN_04454	gene	450	infB_1			
NHKJIMIN_04454	CDS	450	infB_1			Translation initiation factor IF-2
NHKJIMIN_04455	gene	1260	infB_2			
NHKJIMIN_04455	CDS	1260	infB_2			Translation initiation factor IF-2
NHKJIMIN_04456	gene	279				
NHKJIMIN_04456	CDS	279				hypothetical protein
NHKJIMIN_04457	gene	327				
NHKJIMIN_04457	CDS	327				hypothetical protein
NHKJIMIN_04458	gene	144				
NHKJIMIN_04458	CDS	144				hypothetical protein
NHKJIMIN_04459	gene	384				
NHKJIMIN_04459	CDS	384				hypothetical protein
NHKJIMIN_04460	gene	426				
NHKJIMIN_04460	CDS	426				hypothetical protein
NHKJIMIN_04461	gene	384				
NHKJIMIN_04461	CDS	384				hypothetical protein
NHKJIMIN_04462	gene	303				
NHKJIMIN_04462	CDS	303				hypothetical protein
NHKJIMIN_04463	gene	324	rimP			
NHKJIMIN_04463	CDS	324	rimP			Ribosome maturation factor RimP
NHKJIMIN_04464	gene	705				
NHKJIMIN_04464	CDS	705				hypothetical protein
NHKJIMIN_04465	gene	225				
NHKJIMIN_04465	CDS	225				hypothetical protein
NHKJIMIN_04466	gene	165				
NHKJIMIN_04466	CDS	165				hypothetical protein
NHKJIMIN_04467	gene	714				
NHKJIMIN_04467	CDS	714				hypothetical protein
NHKJIMIN_04468	gene	363				
NHKJIMIN_04468	CDS	363				hypothetical protein
NHKJIMIN_04469	gene	339				
NHKJIMIN_04469	CDS	339				hypothetical protein
NHKJIMIN_04470	gene	627				
NHKJIMIN_04470	CDS	627				hypothetical protein
NHKJIMIN_04471	gene	411	fucP_2			
NHKJIMIN_04471	CDS	411	fucP_2		COG0738	L-fucose-proton symporter
NHKJIMIN_04472	gene	513	fucP_3			
NHKJIMIN_04472	CDS	513	fucP_3		COG0738	L-fucose-proton symporter
NHKJIMIN_04473	gene	369	rhaB_1			
NHKJIMIN_04473	CDS	369	rhaB_1	2.7.1.5	COG1070	L-Rhamnulokinase
NHKJIMIN_04474	gene	468	rhaB_2			
NHKJIMIN_04474	CDS	468	rhaB_2	2.7.1.5		Rhamnulokinase
NHKJIMIN_04475	gene	615	rhaB_3			
NHKJIMIN_04475	CDS	615	rhaB_3	2.7.1.5	COG1070	L-Rhamnulokinase
NHKJIMIN_04476	gene	423	otnC			
NHKJIMIN_04476	CDS	423	otnC	4.1.1.104	COG0235	3-oxo-tetronate 4-phosphate decarboxylase
NHKJIMIN_04477	gene	252				
NHKJIMIN_04477	CDS	252				hypothetical protein
NHKJIMIN_04478	gene	363	fucO_1			
NHKJIMIN_04478	CDS	363	fucO_1	1.1.1.77	COG1454	Lactaldehyde reductase
NHKJIMIN_04479	gene	291	fucO_2			
NHKJIMIN_04479	CDS	291	fucO_2	1.1.1.77	COG1454	Lactaldehyde reductase
NHKJIMIN_04480	gene	519	fucO_3			
NHKJIMIN_04480	CDS	519	fucO_3	1.1.1.77	COG1454	Lactaldehyde reductase
NHKJIMIN_04481	gene	1122	fucI_1			
NHKJIMIN_04481	CDS	1122	fucI_1	5.3.1.25	COG2407	L-fucose isomerase
NHKJIMIN_04482	gene	234	fucI_2			
NHKJIMIN_04482	CDS	234	fucI_2	5.3.1.25	COG2407	L-fucose isomerase
NHKJIMIN_04483	gene	432	fucI_3			
NHKJIMIN_04483	CDS	432	fucI_3	5.3.1.25	COG2407	L-fucose isomerase
NHKJIMIN_04484	gene	90				
NHKJIMIN_04484	CDS	90				hypothetical protein
NHKJIMIN_04485	gene	261				
NHKJIMIN_04485	CDS	261				hypothetical protein
NHKJIMIN_04486	gene	330				
NHKJIMIN_04486	CDS	330				hypothetical protein
NHKJIMIN_04487	gene	174				
NHKJIMIN_04487	CDS	174				hypothetical protein
NHKJIMIN_04488	gene	426				
NHKJIMIN_04488	CDS	426				hypothetical protein
NHKJIMIN_04489	gene	207				
NHKJIMIN_04489	CDS	207				hypothetical protein
NHKJIMIN_04490	gene	369				
NHKJIMIN_04490	CDS	369				hypothetical protein
NHKJIMIN_04491	gene	417				
NHKJIMIN_04491	CDS	417				hypothetical protein
NHKJIMIN_04492	gene	393				
NHKJIMIN_04492	CDS	393				hypothetical protein
NHKJIMIN_04493	gene	213				
NHKJIMIN_04493	CDS	213				hypothetical protein
NHKJIMIN_04494	gene	264				
NHKJIMIN_04494	CDS	264				hypothetical protein
NHKJIMIN_04495	gene	372				
NHKJIMIN_04495	CDS	372				hypothetical protein
NHKJIMIN_04496	gene	405				
NHKJIMIN_04496	CDS	405				hypothetical protein
NHKJIMIN_04497	gene	360	argB			
NHKJIMIN_04497	CDS	360	argB	2.7.2.8	COG0548	Acetylglutamate kinase
NHKJIMIN_04498	gene	153	speA_1			
NHKJIMIN_04498	CDS	153	speA_1	4.1.1.19		Biosynthetic arginine decarboxylase
NHKJIMIN_04499	gene	474	speA_2			
NHKJIMIN_04499	CDS	474	speA_2	4.1.1.19	COG1166	Biosynthetic arginine decarboxylase
NHKJIMIN_04500	gene	954	speA_3			
NHKJIMIN_04500	CDS	954	speA_3	4.1.1.19	COG1166	Biosynthetic arginine decarboxylase
NHKJIMIN_04501	gene	453				
NHKJIMIN_04501	CDS	453				hypothetical protein
NHKJIMIN_04502	gene	576				
NHKJIMIN_04502	CDS	576				hypothetical protein
NHKJIMIN_04503	gene	1425	htpG_1			
NHKJIMIN_04503	CDS	1425	htpG_1			Chaperone protein HtpG
NHKJIMIN_04504	gene	204				
NHKJIMIN_04504	CDS	204				hypothetical protein
NHKJIMIN_04505	gene	123				
NHKJIMIN_04505	CDS	123				hypothetical protein
NHKJIMIN_04506	gene	519	esiB			
NHKJIMIN_04506	CDS	519	esiB		COG0790	Secretory immunoglobulin A-binding protein EsiB
NHKJIMIN_04507	gene	237				
NHKJIMIN_04507	CDS	237				hypothetical protein
NHKJIMIN_04508	gene	336				
NHKJIMIN_04508	CDS	336				hypothetical protein
NHKJIMIN_04509	gene	552				
NHKJIMIN_04509	CDS	552				hypothetical protein
NHKJIMIN_04510	gene	654				
NHKJIMIN_04510	CDS	654				hypothetical protein
NHKJIMIN_04511	gene	123				
NHKJIMIN_04511	CDS	123				hypothetical protein
NHKJIMIN_04512	gene	270	aroK_1			
NHKJIMIN_04512	CDS	270	aroK_1	2.7.1.71	COG0703	Shikimate kinase
NHKJIMIN_04513	gene	219	aroK_2			
NHKJIMIN_04513	CDS	219	aroK_2	2.7.1.71	COG0703	Shikimate kinase
NHKJIMIN_04514	gene	123				
NHKJIMIN_04514	CDS	123				hypothetical protein
NHKJIMIN_04515	gene	201				
NHKJIMIN_04515	CDS	201				hypothetical protein
NHKJIMIN_04516	gene	318				
NHKJIMIN_04516	CDS	318				hypothetical protein
NHKJIMIN_04517	gene	162				
NHKJIMIN_04517	CDS	162				hypothetical protein
NHKJIMIN_04518	gene	237				
NHKJIMIN_04518	CDS	237				hypothetical protein
NHKJIMIN_04519	gene	591				
NHKJIMIN_04519	CDS	591		7.6.2.-		Putative multidrug export ATP-binding/permease protein
NHKJIMIN_04520	gene	540				
NHKJIMIN_04520	CDS	540				hypothetical protein
NHKJIMIN_04521	gene	225				
NHKJIMIN_04521	CDS	225				hypothetical protein
NHKJIMIN_04522	gene	471				
NHKJIMIN_04522	CDS	471				hypothetical protein
NHKJIMIN_04523	gene	414				
NHKJIMIN_04523	CDS	414				hypothetical protein
NHKJIMIN_04524	gene	606				
NHKJIMIN_04524	CDS	606				hypothetical protein
NHKJIMIN_04525	gene	597				
NHKJIMIN_04525	CDS	597				hypothetical protein
NHKJIMIN_04526	gene	426				
NHKJIMIN_04526	CDS	426				hypothetical protein
NHKJIMIN_04527	gene	258				
NHKJIMIN_04527	CDS	258				hypothetical protein
NHKJIMIN_04528	gene	108				
NHKJIMIN_04528	CDS	108				hypothetical protein
NHKJIMIN_04529	gene	351				
NHKJIMIN_04529	CDS	351				hypothetical protein
NHKJIMIN_04530	gene	174				
NHKJIMIN_04530	CDS	174				hypothetical protein
NHKJIMIN_04531	gene	225				
NHKJIMIN_04531	CDS	225				hypothetical protein
NHKJIMIN_04532	gene	123				
NHKJIMIN_04532	CDS	123				hypothetical protein
NHKJIMIN_04533	gene	345				
NHKJIMIN_04533	CDS	345				hypothetical protein
NHKJIMIN_04534	gene	252				
NHKJIMIN_04534	CDS	252				hypothetical protein
NHKJIMIN_04535	gene	531				
NHKJIMIN_04535	CDS	531				hypothetical protein
NHKJIMIN_04536	gene	375				
NHKJIMIN_04536	CDS	375				hypothetical protein
NHKJIMIN_04537	gene	348				
NHKJIMIN_04537	CDS	348				hypothetical protein
NHKJIMIN_04538	gene	447				
NHKJIMIN_04538	CDS	447				hypothetical protein
NHKJIMIN_04539	gene	213				
NHKJIMIN_04539	CDS	213				hypothetical protein
NHKJIMIN_04540	gene	465	arnC_1			
NHKJIMIN_04540	CDS	465	arnC_1	2.4.2.53		Undecaprenyl-phosphate 4-deoxy-4-formamido-L-arabinose transferase
NHKJIMIN_04541	gene	234				
NHKJIMIN_04541	CDS	234				hypothetical protein
NHKJIMIN_04542	gene	126				
NHKJIMIN_04542	CDS	126				hypothetical protein
NHKJIMIN_04543	gene	312				
NHKJIMIN_04543	CDS	312				hypothetical protein
NHKJIMIN_04544	gene	234	pdxB_1			
NHKJIMIN_04544	CDS	234	pdxB_1	1.1.1.290		Erythronate-4-phosphate dehydrogenase
NHKJIMIN_04545	gene	162	pdxB_2			
NHKJIMIN_04545	CDS	162	pdxB_2	1.1.1.290		Erythronate-4-phosphate dehydrogenase
NHKJIMIN_04546	gene	345	pdxB_3			
NHKJIMIN_04546	CDS	345	pdxB_3	1.1.1.290		Erythronate-4-phosphate dehydrogenase
NHKJIMIN_04547	gene	156	purN_1			
NHKJIMIN_04547	CDS	156	purN_1	2.1.2.2		Phosphoribosylglycinamide formyltransferase
NHKJIMIN_04548	gene	228	purN_2			
NHKJIMIN_04548	CDS	228	purN_2	2.1.2.2		Phosphoribosylglycinamide formyltransferase
NHKJIMIN_04549	gene	210	acpP			
NHKJIMIN_04549	CDS	210	acpP			Acyl carrier protein
NHKJIMIN_04550	gene	348	fabF_1			
NHKJIMIN_04550	CDS	348	fabF_1	2.3.1.179	COG0304	3-oxoacyl-[acyl-carrier-protein] synthase 2
NHKJIMIN_04551	gene	366	fabF_2			
NHKJIMIN_04551	CDS	366	fabF_2	2.3.1.179	COG0304	3-oxoacyl-[acyl-carrier-protein] synthase 2
NHKJIMIN_04552	gene	471	fabF_3			
NHKJIMIN_04552	CDS	471	fabF_3	2.3.1.179	COG0304	3-oxoacyl-[acyl-carrier-protein] synthase 2
NHKJIMIN_04553	gene	579	rnc			
NHKJIMIN_04553	CDS	579	rnc	3.1.26.3		Ribonuclease 3
NHKJIMIN_04554	gene	252				
NHKJIMIN_04554	CDS	252				hypothetical protein
NHKJIMIN_04555	gene	342	pfp_1			
NHKJIMIN_04555	CDS	342	pfp_1	2.7.1.11		Pyrophosphate--fructose 6-phosphate 1-phosphotransferase
NHKJIMIN_04556	gene	447	pfp_2			
NHKJIMIN_04556	CDS	447	pfp_2	2.7.1.90		Pyrophosphate--fructose 6-phosphate 1-phosphotransferase
NHKJIMIN_04557	gene	231	pfp_3			
NHKJIMIN_04557	CDS	231	pfp_3	2.7.1.11		Pyrophosphate--fructose 6-phosphate 1-phosphotransferase
NHKJIMIN_04558	gene	213				
NHKJIMIN_04558	CDS	213				hypothetical protein
NHKJIMIN_04559	gene	378				
NHKJIMIN_04559	CDS	378				hypothetical protein
NHKJIMIN_04560	gene	198				
NHKJIMIN_04560	CDS	198				hypothetical protein
NHKJIMIN_04561	gene	144				
NHKJIMIN_04561	CDS	144				hypothetical protein
NHKJIMIN_04562	gene	219				
NHKJIMIN_04562	CDS	219				hypothetical protein
NHKJIMIN_04563	gene	312				
NHKJIMIN_04563	CDS	312				hypothetical protein
NHKJIMIN_04564	gene	216				
NHKJIMIN_04564	CDS	216				hypothetical protein
NHKJIMIN_04565	gene	144	mnmA_3			
NHKJIMIN_04565	CDS	144	mnmA_3	2.8.1.13		tRNA-specific 2-thiouridylase MnmA
NHKJIMIN_04566	gene	300	mnmA_4			
NHKJIMIN_04566	CDS	300	mnmA_4	2.8.1.13	COG0482	tRNA-specific 2-thiouridylase MnmA
NHKJIMIN_04567	gene	903				
NHKJIMIN_04567	CDS	903				hypothetical protein
NHKJIMIN_04568	gene	231				
NHKJIMIN_04568	CDS	231				hypothetical protein
NHKJIMIN_04569	gene	216				
NHKJIMIN_04569	CDS	216				hypothetical protein
NHKJIMIN_04570	gene	381				
NHKJIMIN_04570	CDS	381				hypothetical protein
NHKJIMIN_04571	gene	219				
NHKJIMIN_04571	CDS	219				hypothetical protein
NHKJIMIN_04572	gene	195				
NHKJIMIN_04572	CDS	195				hypothetical protein
NHKJIMIN_04573	gene	300				
NHKJIMIN_04573	CDS	300				hypothetical protein
NHKJIMIN_04574	gene	201				
NHKJIMIN_04574	CDS	201				hypothetical protein
NHKJIMIN_04575	gene	180				
NHKJIMIN_04575	CDS	180				hypothetical protein
NHKJIMIN_04576	gene	195				
NHKJIMIN_04576	CDS	195				hypothetical protein
NHKJIMIN_04577	gene	126				
NHKJIMIN_04577	CDS	126				hypothetical protein
NHKJIMIN_04578	gene	441				
NHKJIMIN_04578	CDS	441				hypothetical protein
NHKJIMIN_04579	gene	495				
NHKJIMIN_04579	CDS	495				hypothetical protein
NHKJIMIN_04580	gene	285				
NHKJIMIN_04580	CDS	285				hypothetical protein
NHKJIMIN_04581	gene	354				
NHKJIMIN_04581	CDS	354				hypothetical protein
NHKJIMIN_04582	gene	270				
NHKJIMIN_04582	CDS	270				hypothetical protein
NHKJIMIN_04583	gene	192				
NHKJIMIN_04583	CDS	192				hypothetical protein
NHKJIMIN_04584	gene	363				
NHKJIMIN_04584	CDS	363				hypothetical protein
NHKJIMIN_04585	gene	288				
NHKJIMIN_04585	CDS	288				hypothetical protein
NHKJIMIN_04586	gene	315				
NHKJIMIN_04586	CDS	315				hypothetical protein
NHKJIMIN_04587	gene	171				
NHKJIMIN_04587	CDS	171				hypothetical protein
NHKJIMIN_04588	gene	120				
NHKJIMIN_04588	CDS	120				hypothetical protein
NHKJIMIN_04589	gene	147				
NHKJIMIN_04589	CDS	147				hypothetical protein
NHKJIMIN_04590	gene	243				
NHKJIMIN_04590	CDS	243				hypothetical protein
NHKJIMIN_04591	gene	138				
NHKJIMIN_04591	CDS	138				hypothetical protein
NHKJIMIN_04592	gene	555	cof_2			
NHKJIMIN_04592	CDS	555	cof_2	3.6.1.-		HMP-PP phosphatase
NHKJIMIN_04593	gene	153	cysS_1			
NHKJIMIN_04593	CDS	153	cysS_1	6.1.1.16	COG0215	Cysteine--tRNA ligase
NHKJIMIN_04594	gene	414	cysS_2			
NHKJIMIN_04594	CDS	414	cysS_2	6.1.1.16	COG0215	Cysteine--tRNA ligase
NHKJIMIN_04595	gene	447	cysS_3			
NHKJIMIN_04595	CDS	447	cysS_3	6.1.1.16	COG0215	Cysteine--tRNA ligase
NHKJIMIN_04596	gene	462				
NHKJIMIN_04596	CDS	462				hypothetical protein
NHKJIMIN_04597	gene	363				
NHKJIMIN_04597	CDS	363				hypothetical protein
NHKJIMIN_04598	gene	306				
NHKJIMIN_04598	CDS	306				hypothetical protein
NHKJIMIN_04599	gene	399				
NHKJIMIN_04599	CDS	399				hypothetical protein
NHKJIMIN_04600	gene	204				
NHKJIMIN_04600	CDS	204				hypothetical protein
NHKJIMIN_04601	gene	534				
NHKJIMIN_04601	CDS	534				hypothetical protein
NHKJIMIN_04602	gene	399				
NHKJIMIN_04602	CDS	399				hypothetical protein
NHKJIMIN_04603	gene	201				
NHKJIMIN_04603	CDS	201				hypothetical protein
NHKJIMIN_04604	gene	261				
NHKJIMIN_04604	CDS	261				hypothetical protein
NHKJIMIN_04605	gene	249	lacZ_16			
NHKJIMIN_04605	CDS	249	lacZ_16	3.2.1.23	COG3250	Beta-galactosidase
NHKJIMIN_04606	gene	450	lacZ_17			
NHKJIMIN_04606	CDS	450	lacZ_17	3.2.1.23	COG3250	Beta-galactosidase
NHKJIMIN_04607	gene	1656	lacZ_18			
NHKJIMIN_04607	CDS	1656	lacZ_18	3.2.1.23	COG3250	Beta-galactosidase
NHKJIMIN_04608	gene	297	mdtE			
NHKJIMIN_04608	CDS	297	mdtE		COG0845	Multidrug resistance protein MdtE
NHKJIMIN_04609	gene	177				
NHKJIMIN_04609	CDS	177				hypothetical protein
NHKJIMIN_04610	gene	330				
NHKJIMIN_04610	CDS	330				hypothetical protein
NHKJIMIN_04611	gene	228				
NHKJIMIN_04611	CDS	228				hypothetical protein
NHKJIMIN_04612	gene	1587	bepE_3			
NHKJIMIN_04612	CDS	1587	bepE_3			Efflux pump membrane transporter BepE
NHKJIMIN_04613	gene	177				
NHKJIMIN_04613	CDS	177				hypothetical protein
NHKJIMIN_04614	gene	273				
NHKJIMIN_04614	CDS	273				hypothetical protein
NHKJIMIN_04615	gene	591	bepE_4			
NHKJIMIN_04615	CDS	591	bepE_4			Efflux pump membrane transporter BepE
NHKJIMIN_04616	gene	684	bepG_1			
NHKJIMIN_04616	CDS	684	bepG_1			Efflux pump membrane transporter BepG
NHKJIMIN_04617	gene	147				
NHKJIMIN_04617	CDS	147				hypothetical protein
NHKJIMIN_04618	gene	651	oprM_1			
NHKJIMIN_04618	CDS	651	oprM_1			Outer membrane protein OprM
NHKJIMIN_04619	gene	453				
NHKJIMIN_04619	CDS	453				hypothetical protein
NHKJIMIN_04620	gene	198				
NHKJIMIN_04620	CDS	198				hypothetical protein
NHKJIMIN_04621	gene	678	lpxA_3			
NHKJIMIN_04621	CDS	678	lpxA_3	2.3.1.129	COG1043	Acyl-[acyl-carrier-protein]--UDP-N-acetylglucosamine O-acyltransferase
NHKJIMIN_04622	gene	612				
NHKJIMIN_04622	CDS	612				hypothetical protein
NHKJIMIN_04623	gene	528				
NHKJIMIN_04623	CDS	528				hypothetical protein
NHKJIMIN_04624	gene	276				
NHKJIMIN_04624	CDS	276				hypothetical protein
NHKJIMIN_04625	gene	579	dusC			
NHKJIMIN_04625	CDS	579	dusC	1.3.1.-		tRNA-dihydrouridine(16) synthase
NHKJIMIN_04626	gene	282				
NHKJIMIN_04626	CDS	282				hypothetical protein
NHKJIMIN_04627	gene	342				
NHKJIMIN_04627	CDS	342				hypothetical protein
NHKJIMIN_04628	gene	297				
NHKJIMIN_04628	CDS	297				hypothetical protein
NHKJIMIN_04629	gene	630				
NHKJIMIN_04629	CDS	630				hypothetical protein
NHKJIMIN_04630	gene	546				
NHKJIMIN_04630	CDS	546				hypothetical protein
NHKJIMIN_04631	gene	171				
NHKJIMIN_04631	CDS	171				hypothetical protein
NHKJIMIN_04632	gene	558	dapB			
NHKJIMIN_04632	CDS	558	dapB	1.17.1.8		4-hydroxy-tetrahydrodipicolinate reductase
NHKJIMIN_04633	gene	300				
NHKJIMIN_04633	CDS	300				hypothetical protein
NHKJIMIN_04634	gene	219				
NHKJIMIN_04634	CDS	219				hypothetical protein
NHKJIMIN_04635	gene	249				
NHKJIMIN_04635	CDS	249				hypothetical protein
NHKJIMIN_04636	gene	465				
NHKJIMIN_04636	CDS	465				hypothetical protein
NHKJIMIN_04637	gene	786				
NHKJIMIN_04637	CDS	786				hypothetical protein
NHKJIMIN_04638	gene	177				
NHKJIMIN_04638	CDS	177				hypothetical protein
NHKJIMIN_04639	gene	534				
NHKJIMIN_04639	CDS	534				hypothetical protein
NHKJIMIN_04640	gene	219				
NHKJIMIN_04640	CDS	219				hypothetical protein
NHKJIMIN_04641	gene	420	uxuB			
NHKJIMIN_04641	CDS	420	uxuB	1.-.-.-	COG1028	putative oxidoreductase UxuB
NHKJIMIN_04642	gene	117				
NHKJIMIN_04642	CDS	117				hypothetical protein
NHKJIMIN_04643	gene	1206	uxuA			
NHKJIMIN_04643	CDS	1206	uxuA	4.2.1.8	COG1312	Mannonate dehydratase
NHKJIMIN_04644	gene	261				
NHKJIMIN_04644	CDS	261				hypothetical protein
NHKJIMIN_04645	gene	168				
NHKJIMIN_04645	CDS	168				hypothetical protein
NHKJIMIN_04646	gene	126				
NHKJIMIN_04646	CDS	126				hypothetical protein
NHKJIMIN_04647	gene	312				
NHKJIMIN_04647	CDS	312				hypothetical protein
NHKJIMIN_04648	gene	723				
NHKJIMIN_04648	CDS	723				hypothetical protein
NHKJIMIN_04649	gene	282				
NHKJIMIN_04649	CDS	282				hypothetical protein
NHKJIMIN_04650	gene	147				
NHKJIMIN_04650	CDS	147				hypothetical protein
NHKJIMIN_04651	gene	336				
NHKJIMIN_04651	CDS	336				hypothetical protein
NHKJIMIN_04652	gene	390				
NHKJIMIN_04652	CDS	390				hypothetical protein
NHKJIMIN_04653	gene	252				
NHKJIMIN_04653	CDS	252				hypothetical protein
NHKJIMIN_04654	gene	189				
NHKJIMIN_04654	CDS	189				hypothetical protein
NHKJIMIN_04655	gene	354				
NHKJIMIN_04655	CDS	354				hypothetical protein
NHKJIMIN_04656	gene	132				
NHKJIMIN_04656	CDS	132				hypothetical protein
NHKJIMIN_04657	gene	336	kdsD			
NHKJIMIN_04657	CDS	336	kdsD	5.3.1.13		Arabinose 5-phosphate isomerase KdsD
NHKJIMIN_04658	gene	129				
NHKJIMIN_04658	CDS	129				hypothetical protein
NHKJIMIN_04659	gene	462				
NHKJIMIN_04659	CDS	462				hypothetical protein
NHKJIMIN_04660	gene	429				
NHKJIMIN_04660	CDS	429				hypothetical protein
NHKJIMIN_04661	gene	678				
NHKJIMIN_04661	CDS	678				hypothetical protein
NHKJIMIN_04662	gene	330	ptpB			
NHKJIMIN_04662	CDS	330	ptpB	3.1.3.-	COG2365	Triple specificity protein phosphatase PtpB
NHKJIMIN_04663	gene	204	cshA_1			
NHKJIMIN_04663	CDS	204	cshA_1	3.6.4.13		DEAD-box ATP-dependent RNA helicase CshA
NHKJIMIN_04664	gene	390	cshA_2			
NHKJIMIN_04664	CDS	390	cshA_2	3.6.4.13		DEAD-box ATP-dependent RNA helicase CshA
NHKJIMIN_04665	gene	288	cshE_1			
NHKJIMIN_04665	CDS	288	cshE_1	3.6.4.13		DEAD-box ATP-dependent RNA helicase CshE
NHKJIMIN_04666	gene	114				
NHKJIMIN_04666	CDS	114				hypothetical protein
NHKJIMIN_04667	gene	243				
NHKJIMIN_04667	CDS	243				hypothetical protein
NHKJIMIN_04668	gene	438				
NHKJIMIN_04668	CDS	438				hypothetical protein
NHKJIMIN_04669	gene	681				
NHKJIMIN_04669	CDS	681				hypothetical protein
NHKJIMIN_04670	gene	174				
NHKJIMIN_04670	CDS	174				hypothetical protein
NHKJIMIN_04671	gene	1548	dpp7_1			
NHKJIMIN_04671	CDS	1548	dpp7_1	3.4.14.-	COG3591	Dipeptidyl-peptidase 7
NHKJIMIN_04672	gene	480				
NHKJIMIN_04672	CDS	480				hypothetical protein
NHKJIMIN_04673	gene	633				
NHKJIMIN_04673	CDS	633				hypothetical protein
NHKJIMIN_04674	gene	153				
NHKJIMIN_04674	CDS	153				hypothetical protein
NHKJIMIN_04675	gene	255				
NHKJIMIN_04675	CDS	255				hypothetical protein
NHKJIMIN_04676	gene	285				
NHKJIMIN_04676	CDS	285				hypothetical protein
NHKJIMIN_04677	gene	546				
NHKJIMIN_04677	CDS	546				hypothetical protein
NHKJIMIN_04678	gene	261				
NHKJIMIN_04678	CDS	261				hypothetical protein
NHKJIMIN_04679	gene	753	ruvB			
NHKJIMIN_04679	CDS	753	ruvB	3.6.4.-		Holliday junction branch migration complex subunit RuvB
NHKJIMIN_04680	gene	150				
NHKJIMIN_04680	CDS	150				hypothetical protein
NHKJIMIN_04681	gene	432				
NHKJIMIN_04681	CDS	432				hypothetical protein
NHKJIMIN_04682	gene	291				
NHKJIMIN_04682	CDS	291				hypothetical protein
NHKJIMIN_04683	gene	1233				
NHKJIMIN_04683	CDS	1233				hypothetical protein
NHKJIMIN_04684	gene	408	ybeY			
NHKJIMIN_04684	CDS	408	ybeY	3.1.-.-		Endoribonuclease YbeY
NHKJIMIN_04685	gene	111				
NHKJIMIN_04685	CDS	111				hypothetical protein
NHKJIMIN_04686	gene	123				
NHKJIMIN_04686	CDS	123				hypothetical protein
NHKJIMIN_04687	gene	234				
NHKJIMIN_04687	CDS	234				hypothetical protein
NHKJIMIN_04688	gene	168				
NHKJIMIN_04688	CDS	168				hypothetical protein
NHKJIMIN_04689	gene	837				
NHKJIMIN_04689	CDS	837				hypothetical protein
NHKJIMIN_04690	gene	234				
NHKJIMIN_04690	CDS	234				hypothetical protein
NHKJIMIN_04691	gene	1002				
NHKJIMIN_04691	CDS	1002				hypothetical protein
NHKJIMIN_04692	gene	318				
NHKJIMIN_04692	CDS	318				hypothetical protein
NHKJIMIN_04693	gene	168				
NHKJIMIN_04693	CDS	168				hypothetical protein
NHKJIMIN_04694	gene	255				
NHKJIMIN_04694	CDS	255				hypothetical protein
NHKJIMIN_04695	gene	384	mnmG_1			
NHKJIMIN_04695	CDS	384	mnmG_1		COG0445	tRNA uridine 5-carboxymethylaminomethyl modification enzyme MnmG
NHKJIMIN_04696	gene	1068	mnmG_2			
NHKJIMIN_04696	CDS	1068	mnmG_2		COG0445	tRNA uridine 5-carboxymethylaminomethyl modification enzyme MnmG
NHKJIMIN_04697	gene	285	apt_1			
NHKJIMIN_04697	CDS	285	apt_1	2.4.2.7	COG0503	Adenine phosphoribosyltransferase
NHKJIMIN_04698	gene	177	apt_2			
NHKJIMIN_04698	CDS	177	apt_2	2.4.2.7		Adenine phosphoribosyltransferase
NHKJIMIN_04699	gene	150				
NHKJIMIN_04699	CDS	150				hypothetical protein
NHKJIMIN_04700	gene	225	uvrC_1			
NHKJIMIN_04700	CDS	225	uvrC_1			UvrABC system protein C
NHKJIMIN_04701	gene	516	uvrC_2			
NHKJIMIN_04701	CDS	516	uvrC_2		COG0322	UvrABC system protein C
NHKJIMIN_04702	gene	138				
NHKJIMIN_04702	CDS	138				hypothetical protein
NHKJIMIN_04703	gene	228	uvrC_3			
NHKJIMIN_04703	CDS	228	uvrC_3			UvrABC system protein C
NHKJIMIN_04704	gene	396	uvrC_4			
NHKJIMIN_04704	CDS	396	uvrC_4		COG0322	UvrABC system protein C
NHKJIMIN_04705	gene	606	dtd			
NHKJIMIN_04705	CDS	606	dtd	3.1.1.96		D-aminoacyl-tRNA deacylase
NHKJIMIN_04706	gene	183				
NHKJIMIN_04706	CDS	183				hypothetical protein
NHKJIMIN_04707	gene	144				
NHKJIMIN_04707	CDS	144				hypothetical protein
NHKJIMIN_04708	gene	678	deoC			
NHKJIMIN_04708	CDS	678	deoC	4.1.2.4		Deoxyribose-phosphate aldolase
NHKJIMIN_04709	gene	651				
NHKJIMIN_04709	CDS	651				hypothetical protein
NHKJIMIN_04710	gene	285				
NHKJIMIN_04710	CDS	285				hypothetical protein
NHKJIMIN_04711	gene	216				
NHKJIMIN_04711	CDS	216				hypothetical protein
NHKJIMIN_04712	gene	261	sdsA			
NHKJIMIN_04712	CDS	261	sdsA	2.5.1.84		All-trans-nonaprenyl-diphosphate synthase (geranyl-diphosphate specific)
NHKJIMIN_04713	gene	291				
NHKJIMIN_04713	CDS	291				hypothetical protein
NHKJIMIN_04714	gene	861	polA_1			
NHKJIMIN_04714	CDS	861	polA_1	2.7.7.7		DNA polymerase I
NHKJIMIN_04715	gene	210				
NHKJIMIN_04715	CDS	210				hypothetical protein
NHKJIMIN_04716	gene	279	polA_2			
NHKJIMIN_04716	CDS	279	polA_2	2.7.7.7	COG0258	DNA polymerase I
NHKJIMIN_04717	gene	168	polA_3			
NHKJIMIN_04717	CDS	168	polA_3	2.7.7.7	COG0258	DNA polymerase I
NHKJIMIN_04718	gene	366	polA_4			
NHKJIMIN_04718	CDS	366	polA_4	2.7.7.7		DNA polymerase I, thermostable
NHKJIMIN_04719	gene	531	polA_5			
NHKJIMIN_04719	CDS	531	polA_5	2.7.7.7		DNA polymerase I
NHKJIMIN_04720	gene	135				
NHKJIMIN_04720	CDS	135				hypothetical protein
NHKJIMIN_04721	gene	180				
NHKJIMIN_04721	CDS	180				hypothetical protein
NHKJIMIN_04722	gene	210				
NHKJIMIN_04722	CDS	210				hypothetical protein
NHKJIMIN_04723	gene	405				
NHKJIMIN_04723	CDS	405				hypothetical protein
NHKJIMIN_04724	gene	165				
NHKJIMIN_04724	CDS	165				hypothetical protein
NHKJIMIN_04725	gene	516				
NHKJIMIN_04725	CDS	516				hypothetical protein
NHKJIMIN_04726	gene	132				
NHKJIMIN_04726	CDS	132				hypothetical protein
NHKJIMIN_04727	gene	390				
NHKJIMIN_04727	CDS	390				hypothetical protein
NHKJIMIN_04728	gene	345				
NHKJIMIN_04728	CDS	345				hypothetical protein
NHKJIMIN_04729	gene	240				
NHKJIMIN_04729	CDS	240				hypothetical protein
NHKJIMIN_04730	gene	318				
NHKJIMIN_04730	CDS	318				hypothetical protein
NHKJIMIN_04731	gene	375	srpH			
NHKJIMIN_04731	CDS	375	srpH	2.3.1.30	COG1045	Serine acetyltransferase, plasmid
NHKJIMIN_04732	gene	1017	rlmL			
NHKJIMIN_04732	CDS	1017	rlmL	2.1.1.264		Ribosomal RNA large subunit methyltransferase K/L
NHKJIMIN_04733	gene	378				
NHKJIMIN_04733	CDS	378				hypothetical protein
NHKJIMIN_04734	gene	240				
NHKJIMIN_04734	CDS	240				hypothetical protein
NHKJIMIN_04735	gene	489	ptpA_2			
NHKJIMIN_04735	CDS	489	ptpA_2	3.4.14.12	COG0823	Prolyl tripeptidyl peptidase
NHKJIMIN_04736	gene	591				
NHKJIMIN_04736	CDS	591				hypothetical protein
NHKJIMIN_04737	gene	378	ptpA_3			
NHKJIMIN_04737	CDS	378	ptpA_3	3.4.14.12	COG0823	Prolyl tripeptidyl peptidase
NHKJIMIN_04738	gene	264	purD_1			
NHKJIMIN_04738	CDS	264	purD_1	6.3.4.13	COG0151	Phosphoribosylamine--glycine ligase
NHKJIMIN_04739	gene	105				
NHKJIMIN_04739	CDS	105				hypothetical protein
NHKJIMIN_04740	gene	486	purD_2			
NHKJIMIN_04740	CDS	486	purD_2	6.3.4.13	COG0151	Phosphoribosylamine--glycine ligase
NHKJIMIN_04741	gene	264	purD_3			
NHKJIMIN_04741	CDS	264	purD_3	6.3.4.13	COG0151	Phosphoribosylamine--glycine ligase
NHKJIMIN_04742	gene	432				
NHKJIMIN_04742	CDS	432				hypothetical protein
NHKJIMIN_04743	gene	438				
NHKJIMIN_04743	CDS	438				hypothetical protein
NHKJIMIN_04744	gene	309				
NHKJIMIN_04744	CDS	309				hypothetical protein
NHKJIMIN_04745	gene	168				
NHKJIMIN_04745	CDS	168				hypothetical protein
NHKJIMIN_04746	gene	168				
NHKJIMIN_04746	CDS	168				hypothetical protein
NHKJIMIN_04747	gene	183				
NHKJIMIN_04747	CDS	183				hypothetical protein
NHKJIMIN_04748	gene	345	mnmC			
NHKJIMIN_04748	CDS	345	mnmC	2.1.1.61		tRNA 5-methylaminomethyl-2-thiouridine biosynthesis bifunctional protein MnmC
NHKJIMIN_04749	gene	399				
NHKJIMIN_04749	CDS	399				hypothetical protein
NHKJIMIN_04750	gene	294	hpf_1			
NHKJIMIN_04750	CDS	294	hpf_1			Putative metal ABC transporter substrate-binding protein Hpf
NHKJIMIN_04751	gene	177				
NHKJIMIN_04751	CDS	177				hypothetical protein
NHKJIMIN_04752	gene	768	uup_2			
NHKJIMIN_04752	CDS	768	uup_2	3.6.1.-		ATP-binding protein Uup
NHKJIMIN_04753	gene	597				
NHKJIMIN_04753	CDS	597				hypothetical protein
NHKJIMIN_04754	gene	213				
NHKJIMIN_04754	CDS	213				hypothetical protein
NHKJIMIN_04755	gene	672				
NHKJIMIN_04755	CDS	672				hypothetical protein
NHKJIMIN_04756	gene	348				
NHKJIMIN_04756	CDS	348				hypothetical protein
NHKJIMIN_04757	gene	393				
NHKJIMIN_04757	CDS	393				hypothetical protein
NHKJIMIN_04758	gene	255				
NHKJIMIN_04758	CDS	255				hypothetical protein
NHKJIMIN_04759	gene	219				
NHKJIMIN_04759	CDS	219				hypothetical protein
NHKJIMIN_04760	gene	210				
NHKJIMIN_04760	CDS	210				hypothetical protein
NHKJIMIN_04761	gene	300				
NHKJIMIN_04761	CDS	300				hypothetical protein
NHKJIMIN_04762	gene	288				
NHKJIMIN_04762	CDS	288				hypothetical protein
NHKJIMIN_04763	gene	231				
NHKJIMIN_04763	CDS	231				hypothetical protein
NHKJIMIN_04764	gene	222				
NHKJIMIN_04764	CDS	222				hypothetical protein
NHKJIMIN_04765	gene	552				
NHKJIMIN_04765	CDS	552				hypothetical protein
NHKJIMIN_04766	gene	801				
NHKJIMIN_04766	CDS	801				hypothetical protein
NHKJIMIN_04767	gene	1893				
NHKJIMIN_04767	CDS	1893				hypothetical protein
NHKJIMIN_04768	gene	441	pgdA			
NHKJIMIN_04768	CDS	441	pgdA	3.5.1.104	COG0726	Peptidoglycan-N-acetylglucosamine deacetylase
NHKJIMIN_04769	gene	114				
NHKJIMIN_04769	CDS	114				hypothetical protein
NHKJIMIN_04770	gene	357	queG_1			
NHKJIMIN_04770	CDS	357	queG_1	1.17.99.6		Epoxyqueuosine reductase
NHKJIMIN_04771	gene	162				
NHKJIMIN_04771	CDS	162				hypothetical protein
NHKJIMIN_04772	gene	195	queG_2			
NHKJIMIN_04772	CDS	195	queG_2	1.17.99.6		Epoxyqueuosine reductase
NHKJIMIN_04773	gene	231				
NHKJIMIN_04773	CDS	231				hypothetical protein
NHKJIMIN_04774	gene	360				
NHKJIMIN_04774	CDS	360				hypothetical protein
NHKJIMIN_04775	gene	588				
NHKJIMIN_04775	CDS	588				hypothetical protein
NHKJIMIN_04776	gene	795	kduD			
NHKJIMIN_04776	CDS	795	kduD	1.1.1.127	COG1028	2-dehydro-3-deoxy-D-gluconate 5-dehydrogenase
NHKJIMIN_04777	gene	792	kduI			
NHKJIMIN_04777	CDS	792	kduI	5.3.1.17	COG3717	4-deoxy-L-threo-5-hexosulose-uronate ketol-isomerase
NHKJIMIN_04778	gene	807				
NHKJIMIN_04778	CDS	807				hypothetical protein
NHKJIMIN_04779	gene	582				
NHKJIMIN_04779	CDS	582				hypothetical protein
NHKJIMIN_04780	gene	168				
NHKJIMIN_04780	CDS	168				hypothetical protein
NHKJIMIN_04781	gene	348				
NHKJIMIN_04781	CDS	348				hypothetical protein
NHKJIMIN_04782	gene	414	tolB_1			
NHKJIMIN_04782	CDS	414	tolB_1			Tol-Pal system protein TolB
NHKJIMIN_04783	gene	270				
NHKJIMIN_04783	CDS	270				hypothetical protein
NHKJIMIN_04784	gene	201				
NHKJIMIN_04784	CDS	201				hypothetical protein
NHKJIMIN_04785	gene	309				
NHKJIMIN_04785	CDS	309				hypothetical protein
NHKJIMIN_04786	gene	1350	tri1_1			
NHKJIMIN_04786	CDS	1350	tri1_1	3.4.21.-	COG0793	Tricorn protease 
NHKJIMIN_04787	gene	975	tyrS_1			
NHKJIMIN_04787	CDS	975	tyrS_1	6.1.1.1		Tyrosine--tRNA ligase
NHKJIMIN_04788	gene	357	tyrS_2			
NHKJIMIN_04788	CDS	357	tyrS_2	6.1.1.1		Tyrosine--tRNA ligase
NHKJIMIN_04789	gene	627	dtd3_1			
NHKJIMIN_04789	CDS	627	dtd3_1	3.1.1.96		D-aminoacyl-tRNA deacylase
NHKJIMIN_04790	gene	324	rnpA			
NHKJIMIN_04790	CDS	324	rnpA	3.1.26.5		Ribonuclease P protein component
NHKJIMIN_04791	gene	213				
NHKJIMIN_04791	CDS	213				hypothetical protein
NHKJIMIN_04792	gene	384				
NHKJIMIN_04792	CDS	384				hypothetical protein
NHKJIMIN_04793	gene	141				
NHKJIMIN_04793	CDS	141				hypothetical protein
NHKJIMIN_04794	gene	423				
NHKJIMIN_04794	CDS	423				hypothetical protein
NHKJIMIN_04795	gene	171				
NHKJIMIN_04795	CDS	171				hypothetical protein
NHKJIMIN_04796	gene	147				
NHKJIMIN_04796	CDS	147				hypothetical protein
NHKJIMIN_04797	gene	297				
NHKJIMIN_04797	CDS	297		3.2.2.-		Cytokinin riboside 5'-monophosphate phosphoribohydrolase
NHKJIMIN_04798	gene	339	metK_1			
NHKJIMIN_04798	CDS	339	metK_1	2.5.1.6		S-adenosylmethionine synthase
NHKJIMIN_04799	gene	648	metK_2			
NHKJIMIN_04799	CDS	648	metK_2	2.5.1.6		S-adenosylmethionine synthase
NHKJIMIN_04800	gene	390	metK_3			
NHKJIMIN_04800	CDS	390	metK_3	2.5.1.6	COG0192	S-adenosylmethionine synthase
NHKJIMIN_04801	gene	159				
NHKJIMIN_04801	CDS	159				hypothetical protein
NHKJIMIN_04802	gene	288	folK			
NHKJIMIN_04802	CDS	288	folK	2.7.6.3	COG0801	2-amino-4-hydroxy-6-hydroxymethyldihydropteridine pyrophosphokinase
NHKJIMIN_04803	gene	96				
NHKJIMIN_04803	CDS	96				hypothetical protein
NHKJIMIN_04804	gene	510	queA_1			
NHKJIMIN_04804	CDS	510	queA_1	2.4.99.17	COG0809	S-adenosylmethionine:tRNA ribosyltransferase-isomerase
NHKJIMIN_04805	gene	144				
NHKJIMIN_04805	CDS	144				hypothetical protein
NHKJIMIN_04806	gene	219				
NHKJIMIN_04806	CDS	219				hypothetical protein
NHKJIMIN_04807	gene	258	queA_2			
NHKJIMIN_04807	CDS	258	queA_2	2.4.99.17	COG0809	S-adenosylmethionine:tRNA ribosyltransferase-isomerase
NHKJIMIN_04808	gene	261	truB_1			
NHKJIMIN_04808	CDS	261	truB_1	5.4.99.25	COG0130	tRNA pseudouridine synthase B
NHKJIMIN_04809	gene	255	truB_2			
NHKJIMIN_04809	CDS	255	truB_2	5.4.99.25		tRNA pseudouridine synthase B
NHKJIMIN_04810	gene	345	uppP_1			
NHKJIMIN_04810	CDS	345	uppP_1	3.6.1.27		Undecaprenyl-diphosphatase
NHKJIMIN_04811	gene	519	uppP_2			
NHKJIMIN_04811	CDS	519	uppP_2	3.6.1.27	COG1968	Undecaprenyl-diphosphatase
NHKJIMIN_04812	gene	231				
NHKJIMIN_04812	CDS	231				hypothetical protein
NHKJIMIN_04813	gene	252				
NHKJIMIN_04813	CDS	252				hypothetical protein
NHKJIMIN_04814	gene	735	ftsX			
NHKJIMIN_04814	CDS	735	ftsX		COG2177	Cell division protein FtsX
NHKJIMIN_04815	gene	342				
NHKJIMIN_04815	CDS	342				hypothetical protein
NHKJIMIN_04816	gene	339				
NHKJIMIN_04816	CDS	339				hypothetical protein
NHKJIMIN_04817	gene	153				
NHKJIMIN_04817	CDS	153				hypothetical protein
NHKJIMIN_04818	gene	489				
NHKJIMIN_04818	CDS	489				hypothetical protein
NHKJIMIN_04819	gene	612				
NHKJIMIN_04819	CDS	612				hypothetical protein
NHKJIMIN_04820	gene	423				
NHKJIMIN_04820	CDS	423				hypothetical protein
NHKJIMIN_04821	gene	387				
NHKJIMIN_04821	CDS	387				hypothetical protein
NHKJIMIN_04822	gene	288				
NHKJIMIN_04822	CDS	288				hypothetical protein
NHKJIMIN_04823	gene	222				
NHKJIMIN_04823	CDS	222				hypothetical protein
NHKJIMIN_04824	gene	174				
NHKJIMIN_04824	CDS	174				hypothetical protein
NHKJIMIN_04825	gene	180				
NHKJIMIN_04825	CDS	180				hypothetical protein
NHKJIMIN_04826	gene	369				
NHKJIMIN_04826	CDS	369				hypothetical protein
NHKJIMIN_04827	gene	276				
NHKJIMIN_04827	CDS	276				hypothetical protein
NHKJIMIN_04828	gene	153				
NHKJIMIN_04828	CDS	153				hypothetical protein
NHKJIMIN_04829	gene	357				
NHKJIMIN_04829	CDS	357				hypothetical protein
NHKJIMIN_04830	gene	174				
NHKJIMIN_04830	CDS	174				hypothetical protein
NHKJIMIN_04831	gene	177				
NHKJIMIN_04831	CDS	177				hypothetical protein
NHKJIMIN_04832	gene	285				
NHKJIMIN_04832	CDS	285				hypothetical protein
NHKJIMIN_04833	gene	297				
NHKJIMIN_04833	CDS	297				hypothetical protein
NHKJIMIN_04834	gene	111				
NHKJIMIN_04834	CDS	111				hypothetical protein
NHKJIMIN_04835	gene	222				
NHKJIMIN_04835	CDS	222				hypothetical protein
NHKJIMIN_04836	gene	294				
NHKJIMIN_04836	CDS	294				hypothetical protein
NHKJIMIN_04837	gene	411				
NHKJIMIN_04837	CDS	411				hypothetical protein
NHKJIMIN_04838	gene	246				
NHKJIMIN_04838	CDS	246				hypothetical protein
NHKJIMIN_04839	gene	201				
NHKJIMIN_04839	CDS	201				hypothetical protein
NHKJIMIN_04840	gene	126				
NHKJIMIN_04840	CDS	126				hypothetical protein
NHKJIMIN_04841	gene	201				
NHKJIMIN_04841	CDS	201				hypothetical protein
NHKJIMIN_04842	gene	225				
NHKJIMIN_04842	CDS	225				hypothetical protein
NHKJIMIN_04843	gene	282				
NHKJIMIN_04843	CDS	282				hypothetical protein
NHKJIMIN_04844	gene	630				
NHKJIMIN_04844	CDS	630				hypothetical protein
NHKJIMIN_04845	gene	360				
NHKJIMIN_04845	CDS	360				hypothetical protein
NHKJIMIN_04846	gene	270				
NHKJIMIN_04846	CDS	270				hypothetical protein
NHKJIMIN_04847	gene	195				
NHKJIMIN_04847	CDS	195				hypothetical protein
NHKJIMIN_04848	gene	336				
NHKJIMIN_04848	CDS	336				hypothetical protein
NHKJIMIN_04849	gene	372				
NHKJIMIN_04849	CDS	372				hypothetical protein
NHKJIMIN_04850	gene	294				
NHKJIMIN_04850	CDS	294				hypothetical protein
NHKJIMIN_04851	gene	204				
NHKJIMIN_04851	CDS	204				hypothetical protein
NHKJIMIN_04852	gene	309				
NHKJIMIN_04852	CDS	309				hypothetical protein
NHKJIMIN_04853	gene	186				
NHKJIMIN_04853	CDS	186				hypothetical protein
NHKJIMIN_04854	gene	423				
NHKJIMIN_04854	CDS	423				hypothetical protein
NHKJIMIN_04855	gene	279				
NHKJIMIN_04855	CDS	279				hypothetical protein
NHKJIMIN_04856	gene	390				
NHKJIMIN_04856	CDS	390				hypothetical protein
NHKJIMIN_04857	gene	321				
NHKJIMIN_04857	CDS	321				hypothetical protein
NHKJIMIN_04858	gene	393				
NHKJIMIN_04858	CDS	393				hypothetical protein
NHKJIMIN_04859	gene	144				
NHKJIMIN_04859	CDS	144				hypothetical protein
NHKJIMIN_04860	gene	225				
NHKJIMIN_04860	CDS	225				hypothetical protein
NHKJIMIN_04861	gene	390	lacZ_19			
NHKJIMIN_04861	CDS	390	lacZ_19	3.2.1.31	COG3250	Beta-glucuronidase
NHKJIMIN_04862	gene	561	lacZ_20			
NHKJIMIN_04862	CDS	561	lacZ_20	3.2.1.31	COG3250	Beta-glucuronidase
NHKJIMIN_04863	gene	1008	lacZ_21			
NHKJIMIN_04863	CDS	1008	lacZ_21	3.2.1.31	COG3250	Beta-glucuronidase
NHKJIMIN_04864	gene	378				
NHKJIMIN_04864	CDS	378				hypothetical protein
NHKJIMIN_04865	gene	843				
NHKJIMIN_04865	CDS	843				hypothetical protein
NHKJIMIN_04866	gene	168				
NHKJIMIN_04866	CDS	168				hypothetical protein
NHKJIMIN_04867	gene	1212	miaB			
NHKJIMIN_04867	CDS	1212	miaB	2.8.4.3	COG0621	tRNA-2-methylthio-N(6)-dimethylallyladenosine synthase
NHKJIMIN_04868	gene	198				
NHKJIMIN_04868	CDS	198				hypothetical protein
NHKJIMIN_04869	gene	207				
NHKJIMIN_04869	CDS	207				hypothetical protein
NHKJIMIN_04870	gene	132				
NHKJIMIN_04870	CDS	132				hypothetical protein
NHKJIMIN_04871	gene	117				
NHKJIMIN_04871	CDS	117				hypothetical protein
NHKJIMIN_04872	gene	240	scpC			
NHKJIMIN_04872	CDS	240	scpC	2.8.3.27	COG0427	Propanoyl-CoA:succinate CoA transferase
NHKJIMIN_04873	gene	120				
NHKJIMIN_04873	CDS	120				hypothetical protein
NHKJIMIN_04874	gene	168				
NHKJIMIN_04874	CDS	168				hypothetical protein
NHKJIMIN_04875	gene	636	cat1			
NHKJIMIN_04875	CDS	636	cat1	2.8.3.18	COG0427	Succinyl-CoA:acetate CoA-transferase
NHKJIMIN_04876	gene	114				
NHKJIMIN_04876	CDS	114				hypothetical protein
NHKJIMIN_04877	gene	204				
NHKJIMIN_04877	CDS	204				hypothetical protein
NHKJIMIN_04878	gene	381				
NHKJIMIN_04878	CDS	381				hypothetical protein
NHKJIMIN_04879	gene	291				
NHKJIMIN_04879	CDS	291				hypothetical protein
NHKJIMIN_04880	gene	375				
NHKJIMIN_04880	CDS	375				hypothetical protein
NHKJIMIN_04881	gene	471				
NHKJIMIN_04881	CDS	471		1.8.1.4		Dihydrolipoyl dehydrogenase
NHKJIMIN_04882	gene	372	lpd3_3			
NHKJIMIN_04882	CDS	372	lpd3_3	1.8.1.4	COG1249	Dihydrolipoyl dehydrogenase 3
NHKJIMIN_04883	gene	171				
NHKJIMIN_04883	CDS	171				hypothetical protein
NHKJIMIN_04884	gene	513				
NHKJIMIN_04884	CDS	513				hypothetical protein
NHKJIMIN_04885	gene	366				
NHKJIMIN_04885	CDS	366				hypothetical protein
NHKJIMIN_04886	gene	495	nadB_1			
NHKJIMIN_04886	CDS	495	nadB_1	1.4.3.16		L-aspartate oxidase
NHKJIMIN_04887	gene	219	nadB_2			
NHKJIMIN_04887	CDS	219	nadB_2	1.4.3.16	COG0029	L-aspartate oxidase
NHKJIMIN_04888	gene	495	nadB_3			
NHKJIMIN_04888	CDS	495	nadB_3	1.4.3.16	COG0029	L-aspartate oxidase
NHKJIMIN_04889	gene	162	rbr1			
NHKJIMIN_04889	CDS	162	rbr1	1.11.1.1	COG1592	Rubrerythrin-1
NHKJIMIN_04890	gene	195	rbr			
NHKJIMIN_04890	CDS	195	rbr		COG1592	Rubrerythrin
NHKJIMIN_04891	gene	213				
NHKJIMIN_04891	CDS	213				hypothetical protein
NHKJIMIN_04892	gene	342	dauA_1			
NHKJIMIN_04892	CDS	342	dauA_1		COG0659	C4-dicarboxylic acid transporter DauA
NHKJIMIN_04893	gene	621	dauA_2			
NHKJIMIN_04893	CDS	621	dauA_2		COG0659	C4-dicarboxylic acid transporter DauA
NHKJIMIN_04894	gene	309				
NHKJIMIN_04894	CDS	309				hypothetical protein
NHKJIMIN_04895	gene	135				
NHKJIMIN_04895	CDS	135				hypothetical protein
NHKJIMIN_04896	gene	459				
NHKJIMIN_04896	CDS	459				hypothetical protein
NHKJIMIN_04897	gene	255				
NHKJIMIN_04897	CDS	255				hypothetical protein
NHKJIMIN_04898	gene	237				
NHKJIMIN_04898	CDS	237				hypothetical protein
NHKJIMIN_04899	gene	297				
NHKJIMIN_04899	CDS	297				hypothetical protein
NHKJIMIN_04900	gene	141				
NHKJIMIN_04900	CDS	141				hypothetical protein
NHKJIMIN_04901	gene	282				
NHKJIMIN_04901	CDS	282				hypothetical protein
NHKJIMIN_04902	gene	132				
NHKJIMIN_04902	CDS	132				hypothetical protein
NHKJIMIN_04903	gene	240				
NHKJIMIN_04903	CDS	240				hypothetical protein
NHKJIMIN_04904	gene	288				
NHKJIMIN_04904	CDS	288				hypothetical protein
NHKJIMIN_04905	gene	159				
NHKJIMIN_04905	CDS	159				hypothetical protein
NHKJIMIN_04906	gene	246				
NHKJIMIN_04906	CDS	246				hypothetical protein
NHKJIMIN_04907	gene	342	atsA_2			
NHKJIMIN_04907	CDS	342	atsA_2	3.1.6.1		Arylsulfatase
NHKJIMIN_04908	gene	111				
NHKJIMIN_04908	CDS	111				hypothetical protein
NHKJIMIN_04909	gene	543				
NHKJIMIN_04909	CDS	543				hypothetical protein
NHKJIMIN_04910	gene	255				
NHKJIMIN_04910	CDS	255				hypothetical protein
NHKJIMIN_04911	gene	507				
NHKJIMIN_04911	CDS	507				hypothetical protein
NHKJIMIN_04912	gene	186				
NHKJIMIN_04912	CDS	186				hypothetical protein
NHKJIMIN_04913	gene	114				
NHKJIMIN_04913	CDS	114				hypothetical protein
NHKJIMIN_04914	gene	402				
NHKJIMIN_04914	CDS	402				hypothetical protein
NHKJIMIN_04915	gene	468				
NHKJIMIN_04915	CDS	468				hypothetical protein
NHKJIMIN_04916	gene	303				
NHKJIMIN_04916	CDS	303				hypothetical protein
NHKJIMIN_04917	gene	189				
NHKJIMIN_04917	CDS	189				hypothetical protein
NHKJIMIN_04918	gene	507				
NHKJIMIN_04918	CDS	507				hypothetical protein
NHKJIMIN_04919	gene	330				
NHKJIMIN_04919	CDS	330				hypothetical protein
NHKJIMIN_04920	gene	378				
NHKJIMIN_04920	CDS	378				hypothetical protein
NHKJIMIN_04921	gene	150	trmH			
NHKJIMIN_04921	CDS	150	trmH	2.1.1.34		tRNA (guanosine(18)-2'-O)-methyltransferase
NHKJIMIN_04922	gene	432				
NHKJIMIN_04922	CDS	432				hypothetical protein
NHKJIMIN_04923	gene	171	nadA_1			
NHKJIMIN_04923	CDS	171	nadA_1	2.5.1.72	COG0379	Quinolinate synthase
NHKJIMIN_04924	gene	369	nadA_2			
NHKJIMIN_04924	CDS	369	nadA_2	2.5.1.72		Quinolinate synthase
NHKJIMIN_04925	gene	252	nadA_3			
NHKJIMIN_04925	CDS	252	nadA_3	2.5.1.72		Quinolinate synthase
NHKJIMIN_04926	gene	357				
NHKJIMIN_04926	CDS	357		3.6.1.66		dITP/XTP pyrophosphatase
NHKJIMIN_04927	gene	237				
NHKJIMIN_04927	CDS	237				hypothetical protein
NHKJIMIN_04928	gene	402				
NHKJIMIN_04928	CDS	402				hypothetical protein
NHKJIMIN_04929	gene	462				
NHKJIMIN_04929	CDS	462				hypothetical protein
NHKJIMIN_04930	gene	327				
NHKJIMIN_04930	CDS	327				hypothetical protein
NHKJIMIN_04931	gene	120				
NHKJIMIN_04931	CDS	120				hypothetical protein
NHKJIMIN_04932	gene	459				
NHKJIMIN_04932	CDS	459				hypothetical protein
NHKJIMIN_04933	gene	774	valS_6			
NHKJIMIN_04933	CDS	774	valS_6	6.1.1.9		Valine--tRNA ligase
NHKJIMIN_04934	gene	597	valS_7			
NHKJIMIN_04934	CDS	597	valS_7	6.1.1.9		Valine--tRNA ligase
NHKJIMIN_04935	gene	195				
NHKJIMIN_04935	CDS	195				hypothetical protein
NHKJIMIN_04936	gene	474				
NHKJIMIN_04936	CDS	474				hypothetical protein
NHKJIMIN_04937	gene	546	mutS_2			
NHKJIMIN_04937	CDS	546	mutS_2			DNA mismatch repair protein MutS
NHKJIMIN_04938	gene	243				
NHKJIMIN_04938	CDS	243				hypothetical protein
NHKJIMIN_04939	gene	282	mutS_3			
NHKJIMIN_04939	CDS	282	mutS_3		COG0249	DNA mismatch repair protein MutS
NHKJIMIN_04940	gene	279	mutS_4			
NHKJIMIN_04940	CDS	279	mutS_4			DNA mismatch repair protein MutS
NHKJIMIN_04941	gene	924	mutS_5			
NHKJIMIN_04941	CDS	924	mutS_5		COG0249	DNA mismatch repair protein MutS
NHKJIMIN_04942	gene	471	mutS_6			
NHKJIMIN_04942	CDS	471	mutS_6		COG0249	DNA mismatch repair protein MutS
NHKJIMIN_04943	gene	1203	lgt_1			
NHKJIMIN_04943	CDS	1203	lgt_1	2.5.1.145		Phosphatidylglycerol--prolipoprotein diacylglyceryl transferase
NHKJIMIN_04944	gene	222	lgt_2			
NHKJIMIN_04944	CDS	222	lgt_2	2.5.1.145		Phosphatidylglycerol--prolipoprotein diacylglyceryl transferase
NHKJIMIN_04945	gene	876				
NHKJIMIN_04945	CDS	876				hypothetical protein
NHKJIMIN_04946	gene	264	ychF_1			
NHKJIMIN_04946	CDS	264	ychF_1		COG0012	Ribosome-binding ATPase YchF
NHKJIMIN_04947	gene	684	ychF_2			
NHKJIMIN_04947	CDS	684	ychF_2		COG0012	Ribosome-binding ATPase YchF
NHKJIMIN_04948	gene	831				
NHKJIMIN_04948	CDS	831				hypothetical protein
NHKJIMIN_04949	gene	264				
NHKJIMIN_04949	CDS	264				hypothetical protein
NHKJIMIN_04950	gene	255				
NHKJIMIN_04950	CDS	255				hypothetical protein
NHKJIMIN_04951	gene	132				
NHKJIMIN_04951	CDS	132				hypothetical protein
NHKJIMIN_04952	gene	120				
NHKJIMIN_04952	CDS	120				hypothetical protein
NHKJIMIN_04953	gene	393				
NHKJIMIN_04953	CDS	393				hypothetical protein
NHKJIMIN_04954	gene	375	cysK_1			
NHKJIMIN_04954	CDS	375	cysK_1	2.5.1.47		Cysteine synthase
NHKJIMIN_04955	gene	474	cysK_2			
NHKJIMIN_04955	CDS	474	cysK_2	2.5.1.47		Cysteine synthase
NHKJIMIN_04956	gene	177				
NHKJIMIN_04956	CDS	177				hypothetical protein
NHKJIMIN_04957	gene	249				
NHKJIMIN_04957	CDS	249				hypothetical protein
NHKJIMIN_04958	gene	258				
NHKJIMIN_04958	CDS	258				hypothetical protein
NHKJIMIN_04959	gene	210				
NHKJIMIN_04959	CDS	210				hypothetical protein
NHKJIMIN_04960	gene	576				
NHKJIMIN_04960	CDS	576				hypothetical protein
NHKJIMIN_04961	gene	636				
NHKJIMIN_04961	CDS	636				hypothetical protein
NHKJIMIN_04962	gene	327				
NHKJIMIN_04962	CDS	327				hypothetical protein
NHKJIMIN_04963	gene	270				
NHKJIMIN_04963	CDS	270				hypothetical protein
NHKJIMIN_04964	gene	270				
NHKJIMIN_04964	CDS	270				hypothetical protein
NHKJIMIN_04965	gene	177				
NHKJIMIN_04965	CDS	177				hypothetical protein
NHKJIMIN_04966	gene	597				
NHKJIMIN_04966	CDS	597				hypothetical protein
NHKJIMIN_04967	gene	357	ylaC			
NHKJIMIN_04967	CDS	357	ylaC		COG1595	RNA polymerase sigma factor YlaC
NHKJIMIN_04968	gene	192				
NHKJIMIN_04968	CDS	192				hypothetical protein
NHKJIMIN_04969	gene	546				
NHKJIMIN_04969	CDS	546				hypothetical protein
NHKJIMIN_04970	gene	588				
NHKJIMIN_04970	CDS	588				hypothetical protein
NHKJIMIN_04971	gene	159				
NHKJIMIN_04971	CDS	159				hypothetical protein
NHKJIMIN_04972	gene	471				
NHKJIMIN_04972	CDS	471				hypothetical protein
NHKJIMIN_04973	gene	132				
NHKJIMIN_04973	CDS	132				hypothetical protein
NHKJIMIN_04974	gene	597				
NHKJIMIN_04974	CDS	597				hypothetical protein
NHKJIMIN_04975	gene	222				
NHKJIMIN_04975	CDS	222				hypothetical protein
NHKJIMIN_04976	gene	267	rnr_1			
NHKJIMIN_04976	CDS	267	rnr_1	3.1.13.1	COG0557	Ribonuclease R
NHKJIMIN_04977	gene	591	rnr_2			
NHKJIMIN_04977	CDS	591	rnr_2	3.1.13.1		Ribonuclease R
NHKJIMIN_04978	gene	240	rnr_3			
NHKJIMIN_04978	CDS	240	rnr_3	3.1.13.1		Ribonuclease R
NHKJIMIN_04979	gene	471	rnr_4			
NHKJIMIN_04979	CDS	471	rnr_4	3.1.13.1	COG0557	Ribonuclease R
NHKJIMIN_04980	gene	177				
NHKJIMIN_04980	CDS	177				hypothetical protein
NHKJIMIN_04981	gene	591	mneP			
NHKJIMIN_04981	CDS	591	mneP		COG0053	Manganese efflux system protein MneP
NHKJIMIN_04982	gene	189	fieF			
NHKJIMIN_04982	CDS	189	fieF			Cation-efflux pump FieF
NHKJIMIN_04983	gene	789	auaH			
NHKJIMIN_04983	CDS	789	auaH	1.1.1.394		4-hydroxy-2-methyl-3-oxo-4-farnesyl-3,4-dihydroquinoline-1-oxide ketoreductase
NHKJIMIN_04984	gene	258				
NHKJIMIN_04984	CDS	258				hypothetical protein
NHKJIMIN_04985	gene	183				
NHKJIMIN_04985	CDS	183				hypothetical protein
NHKJIMIN_04986	gene	738				
NHKJIMIN_04986	CDS	738				hypothetical protein
NHKJIMIN_04987	gene	486	dusB_1			
NHKJIMIN_04987	CDS	486	dusB_1	1.3.1.-		tRNA-dihydrouridine synthase B
NHKJIMIN_04988	gene	333	dusB_2			
NHKJIMIN_04988	CDS	333	dusB_2	1.3.1.-	COG0042	tRNA-dihydrouridine synthase B
NHKJIMIN_04989	gene	522				
NHKJIMIN_04989	CDS	522				hypothetical protein
NHKJIMIN_04990	gene	1257	ubiU			
NHKJIMIN_04990	CDS	1257	ubiU	1.97.1.15		Ubiquinone biosynthesis hydroxylase UbiU
NHKJIMIN_04991	gene	1128				
NHKJIMIN_04991	CDS	1128				hypothetical protein
NHKJIMIN_04992	gene	426				
NHKJIMIN_04992	CDS	426				hypothetical protein
NHKJIMIN_04993	gene	516				
NHKJIMIN_04993	CDS	516				hypothetical protein
NHKJIMIN_04994	gene	273				
NHKJIMIN_04994	CDS	273				hypothetical protein
NHKJIMIN_04995	gene	222				
NHKJIMIN_04995	CDS	222				Putative fimbrium anchoring subunit Fim4B
NHKJIMIN_04996	gene	216				
NHKJIMIN_04996	CDS	216				Putative fimbrium anchoring subunit Fim4B
NHKJIMIN_04997	gene	171				
NHKJIMIN_04997	CDS	171				hypothetical protein
NHKJIMIN_04998	gene	261				
NHKJIMIN_04998	CDS	261				hypothetical protein
NHKJIMIN_04999	gene	372				
NHKJIMIN_04999	CDS	372				hypothetical protein
NHKJIMIN_05000	gene	150				
NHKJIMIN_05000	CDS	150				hypothetical protein
NHKJIMIN_05001	gene	198				
NHKJIMIN_05001	CDS	198				hypothetical protein
NHKJIMIN_05002	gene	234				
NHKJIMIN_05002	CDS	234				hypothetical protein
NHKJIMIN_05003	gene	159				
NHKJIMIN_05003	CDS	159				hypothetical protein
NHKJIMIN_05004	gene	117				
NHKJIMIN_05004	CDS	117				hypothetical protein
NHKJIMIN_05005	gene	90				
NHKJIMIN_05005	CDS	90				hypothetical protein
NHKJIMIN_05006	gene	234				
NHKJIMIN_05006	CDS	234				hypothetical protein
NHKJIMIN_05007	gene	222				
NHKJIMIN_05007	CDS	222				hypothetical protein
NHKJIMIN_05008	gene	246				
NHKJIMIN_05008	CDS	246				hypothetical protein
NHKJIMIN_05009	gene	339				
NHKJIMIN_05009	CDS	339				hypothetical protein
NHKJIMIN_05010	gene	261				
NHKJIMIN_05010	CDS	261				hypothetical protein
NHKJIMIN_05011	gene	816	sdhA			
NHKJIMIN_05011	CDS	816	sdhA	1.3.5.1	COG1053	Succinate dehydrogenase flavoprotein subunit
NHKJIMIN_05012	gene	207				
NHKJIMIN_05012	CDS	207				hypothetical protein
NHKJIMIN_05013	gene	207				
NHKJIMIN_05013	CDS	207				hypothetical protein
NHKJIMIN_05014	gene	393				
NHKJIMIN_05014	CDS	393				hypothetical protein
NHKJIMIN_05015	gene	207				
NHKJIMIN_05015	CDS	207				hypothetical protein
NHKJIMIN_05016	gene	471				
NHKJIMIN_05016	CDS	471				hypothetical protein
NHKJIMIN_05017	gene	261				
NHKJIMIN_05017	CDS	261				hypothetical protein
NHKJIMIN_05018	gene	276				
NHKJIMIN_05018	CDS	276				hypothetical protein
NHKJIMIN_05019	gene	390				
NHKJIMIN_05019	CDS	390				hypothetical protein
NHKJIMIN_05020	gene	189				
NHKJIMIN_05020	CDS	189				hypothetical protein
NHKJIMIN_05021	gene	345				
NHKJIMIN_05021	CDS	345				hypothetical protein
NHKJIMIN_05022	gene	504				
NHKJIMIN_05022	CDS	504				hypothetical protein
NHKJIMIN_05023	gene	120				
NHKJIMIN_05023	CDS	120				hypothetical protein
NHKJIMIN_05024	gene	192				
NHKJIMIN_05024	CDS	192				hypothetical protein
NHKJIMIN_05025	gene	222				
NHKJIMIN_05025	CDS	222				hypothetical protein
NHKJIMIN_05026	gene	405				
NHKJIMIN_05026	CDS	405				hypothetical protein
NHKJIMIN_05027	gene	237				
NHKJIMIN_05027	CDS	237				hypothetical protein
NHKJIMIN_05028	gene	96				
NHKJIMIN_05028	CDS	96				hypothetical protein
NHKJIMIN_05029	gene	180				
NHKJIMIN_05029	CDS	180				hypothetical protein
NHKJIMIN_05030	gene	231				
NHKJIMIN_05030	CDS	231				hypothetical protein
NHKJIMIN_05031	gene	369	coaD			
NHKJIMIN_05031	CDS	369	coaD	2.7.7.3		Phosphopantetheine adenylyltransferase
NHKJIMIN_05032	gene	237				
NHKJIMIN_05032	CDS	237				hypothetical protein
NHKJIMIN_05033	gene	288	gyrB_4			
NHKJIMIN_05033	CDS	288	gyrB_4	5.6.2.2	COG0187	DNA gyrase subunit B
NHKJIMIN_05034	gene	144				
NHKJIMIN_05034	CDS	144				hypothetical protein
NHKJIMIN_05035	gene	1074	gyrB_5			
NHKJIMIN_05035	CDS	1074	gyrB_5	5.6.2.2	COG0187	Type 2 topoisomerase subunit B
NHKJIMIN_05036	gene	486	yghO			
NHKJIMIN_05036	CDS	486	yghO		COG0456	Protein YghO
NHKJIMIN_05037	gene	102				
NHKJIMIN_05037	CDS	102				hypothetical protein
NHKJIMIN_05038	gene	174				
NHKJIMIN_05038	CDS	174				hypothetical protein
NHKJIMIN_05039	gene	201				
NHKJIMIN_05039	CDS	201				hypothetical protein
NHKJIMIN_05040	gene	297	yrbG			
NHKJIMIN_05040	CDS	297	yrbG		COG0530	Inner membrane protein YrbG
NHKJIMIN_05041	gene	1176				
NHKJIMIN_05041	CDS	1176				hypothetical protein
NHKJIMIN_05042	gene	471				
NHKJIMIN_05042	CDS	471				hypothetical protein
NHKJIMIN_05043	gene	237				
NHKJIMIN_05043	CDS	237				hypothetical protein
NHKJIMIN_05044	gene	642				
NHKJIMIN_05044	CDS	642				hypothetical protein
NHKJIMIN_05045	gene	1122				
NHKJIMIN_05045	CDS	1122				hypothetical protein
NHKJIMIN_05046	gene	678				
NHKJIMIN_05046	CDS	678				hypothetical protein
NHKJIMIN_05047	gene	726	btuB_6			
NHKJIMIN_05047	CDS	726	btuB_6			Vitamin B12 transporter BtuB
NHKJIMIN_05048	gene	174				
NHKJIMIN_05048	CDS	174				hypothetical protein
NHKJIMIN_05049	gene	312				
NHKJIMIN_05049	CDS	312				hypothetical protein
NHKJIMIN_05050	gene	297	sacC_1			
NHKJIMIN_05050	CDS	297	sacC_1	3.2.1.80	COG1621	Levanase
NHKJIMIN_05051	gene	1005	sacC_2			
NHKJIMIN_05051	CDS	1005	sacC_2	3.2.1.80	COG1621	Levanase
NHKJIMIN_05052	gene	954				
NHKJIMIN_05052	CDS	954				hypothetical protein
NHKJIMIN_05053	gene	522	todS			
NHKJIMIN_05053	CDS	522	todS	2.7.13.3	COG0745	Sensor histidine kinase TodS
NHKJIMIN_05054	gene	1053	rcsC_7			
NHKJIMIN_05054	CDS	1053	rcsC_7	2.7.13.3		Sensor histidine kinase RcsC
NHKJIMIN_05055	gene	492				
NHKJIMIN_05055	CDS	492				hypothetical protein
NHKJIMIN_05056	gene	264				
NHKJIMIN_05056	CDS	264				hypothetical protein
NHKJIMIN_05057	gene	225				
NHKJIMIN_05057	CDS	225				hypothetical protein
NHKJIMIN_05058	gene	573				
NHKJIMIN_05058	CDS	573				hypothetical protein
NHKJIMIN_05059	gene	288				
NHKJIMIN_05059	CDS	288				hypothetical protein
NHKJIMIN_05060	gene	132				
NHKJIMIN_05060	CDS	132				hypothetical protein
NHKJIMIN_05061	gene	678	csbC			
NHKJIMIN_05061	CDS	678	csbC		COG2814	putative metabolite transport protein CsbC
NHKJIMIN_05062	gene	384	xylE_1			
NHKJIMIN_05062	CDS	384	xylE_1		COG0477	D-xylose-proton symporter
NHKJIMIN_05063	gene	675				
NHKJIMIN_05063	CDS	675				hypothetical protein
NHKJIMIN_05064	gene	930				
NHKJIMIN_05064	CDS	930				hypothetical protein
NHKJIMIN_05065	gene	339				
NHKJIMIN_05065	CDS	339				hypothetical protein
NHKJIMIN_05066	gene	1026	susC_30			
NHKJIMIN_05066	CDS	1026	susC_30		COG1629	TonB-dependent receptor SusC
NHKJIMIN_05067	gene	453				
NHKJIMIN_05067	CDS	453				hypothetical protein
NHKJIMIN_05068	gene	330				
NHKJIMIN_05068	CDS	330				hypothetical protein
NHKJIMIN_05069	gene	294				
NHKJIMIN_05069	CDS	294				hypothetical protein
NHKJIMIN_05070	gene	843				
NHKJIMIN_05070	CDS	843			COG4771	TonB-dependent receptor P3
NHKJIMIN_05071	gene	258				
NHKJIMIN_05071	CDS	258				hypothetical protein
NHKJIMIN_05072	gene	174				
NHKJIMIN_05072	CDS	174				hypothetical protein
NHKJIMIN_05073	gene	756				
NHKJIMIN_05073	CDS	756				hypothetical protein
NHKJIMIN_05074	gene	573				
NHKJIMIN_05074	CDS	573				hypothetical protein
NHKJIMIN_05075	gene	261				
NHKJIMIN_05075	CDS	261				hypothetical protein
NHKJIMIN_05076	gene	174				
NHKJIMIN_05076	CDS	174				hypothetical protein
NHKJIMIN_05077	gene	231				
NHKJIMIN_05077	CDS	231				hypothetical protein
NHKJIMIN_05078	gene	840				
NHKJIMIN_05078	CDS	840				hypothetical protein
NHKJIMIN_05079	gene	189				
NHKJIMIN_05079	CDS	189				hypothetical protein
NHKJIMIN_05080	gene	543	ddpX			
NHKJIMIN_05080	CDS	543	ddpX	3.4.13.22		D-alanyl-D-alanine dipeptidase
NHKJIMIN_05081	gene	114				
NHKJIMIN_05081	CDS	114				hypothetical protein
NHKJIMIN_05082	gene	204				
NHKJIMIN_05082	CDS	204				hypothetical protein
NHKJIMIN_05083	gene	210				
NHKJIMIN_05083	CDS	210				hypothetical protein
NHKJIMIN_05084	gene	291				
NHKJIMIN_05084	CDS	291				hypothetical protein
NHKJIMIN_05085	gene	1521				
NHKJIMIN_05085	rRNA	1521				16S ribosomal RNA
NHKJIMIN_05086	gene	77				
NHKJIMIN_05086	tRNA	77				tRNA-Ile(gat)
NHKJIMIN_05087	gene	76				
NHKJIMIN_05087	tRNA	76				tRNA-Ala(tgc)
NHKJIMIN_05088	gene	2877				
NHKJIMIN_05088	rRNA	2877				23S ribosomal RNA
NHKJIMIN_05089	gene	106				
NHKJIMIN_05089	rRNA	106				5S ribosomal RNA
NHKJIMIN_05090	gene	705				
NHKJIMIN_05090	CDS	705				hypothetical protein
NHKJIMIN_05091	gene	303				
NHKJIMIN_05091	CDS	303				hypothetical protein
NHKJIMIN_05092	gene	201				
NHKJIMIN_05092	CDS	201				hypothetical protein
NHKJIMIN_05093	gene	924	mdtC_2			
NHKJIMIN_05093	CDS	924	mdtC_2			Multidrug resistance protein MdtC
NHKJIMIN_05094	gene	318				
NHKJIMIN_05094	CDS	318				hypothetical protein
NHKJIMIN_05095	gene	489				
NHKJIMIN_05095	CDS	489				hypothetical protein
NHKJIMIN_05096	gene	525				
NHKJIMIN_05096	CDS	525				hypothetical protein
NHKJIMIN_05097	gene	195				
NHKJIMIN_05097	CDS	195				hypothetical protein
NHKJIMIN_05098	gene	246				
NHKJIMIN_05098	CDS	246				hypothetical protein
NHKJIMIN_05099	gene	717				
NHKJIMIN_05099	CDS	717				hypothetical protein
NHKJIMIN_05100	gene	342				
NHKJIMIN_05100	CDS	342				hypothetical protein
NHKJIMIN_05101	gene	192				
NHKJIMIN_05101	CDS	192				hypothetical protein
NHKJIMIN_05102	gene	552				
NHKJIMIN_05102	CDS	552				hypothetical protein
NHKJIMIN_05103	gene	273				
NHKJIMIN_05103	CDS	273				hypothetical protein
NHKJIMIN_05104	gene	465				
NHKJIMIN_05104	CDS	465				hypothetical protein
NHKJIMIN_05105	gene	75				
NHKJIMIN_05105	tRNA	75				tRNA-Met(cat)
NHKJIMIN_05106	gene	285				
NHKJIMIN_05106	CDS	285				hypothetical protein
NHKJIMIN_05107	gene	465	asnC_1			
NHKJIMIN_05107	CDS	465	asnC_1		COG1522	Regulatory protein AsnC
NHKJIMIN_05108	gene	372				
NHKJIMIN_05108	CDS	372				hypothetical protein
NHKJIMIN_05109	gene	306				
NHKJIMIN_05109	CDS	306				hypothetical protein
NHKJIMIN_05110	gene	303				
NHKJIMIN_05110	CDS	303				IS1182 family transposase ISMsp1
NHKJIMIN_05111	gene	165				
NHKJIMIN_05111	CDS	165				hypothetical protein
NHKJIMIN_05112	gene	642				
NHKJIMIN_05112	CDS	642				IS1182 family transposase ISBf5
NHKJIMIN_05113	gene	300	fklB			
NHKJIMIN_05113	CDS	300	fklB	5.2.1.8	COG0545	FKBP-type 22 kDa peptidyl-prolyl cis-trans isomerase
NHKJIMIN_05114	gene	411				
NHKJIMIN_05114	CDS	411				hypothetical protein
NHKJIMIN_05115	gene	288				
NHKJIMIN_05115	CDS	288				hypothetical protein
NHKJIMIN_05116	gene	186				
NHKJIMIN_05116	CDS	186				hypothetical protein
NHKJIMIN_05117	gene	216	npdA			
NHKJIMIN_05117	CDS	216	npdA	2.3.1.286	COG0846	NAD-dependent protein deacylase
NHKJIMIN_05118	gene	165	cobB_1			
NHKJIMIN_05118	CDS	165	cobB_1	2.3.1.286		NAD-dependent protein deacylase
NHKJIMIN_05119	gene	120				
NHKJIMIN_05119	CDS	120				hypothetical protein
NHKJIMIN_05120	gene	198				
NHKJIMIN_05120	CDS	198				hypothetical protein
NHKJIMIN_05121	gene	153				
NHKJIMIN_05121	CDS	153				hypothetical protein
NHKJIMIN_05122	gene	435				
NHKJIMIN_05122	CDS	435		2.4.1.-	COG0463	PGL/p-HBAD biosynthesis glycosyltransferase
NHKJIMIN_05123	gene	195	tuaG			
NHKJIMIN_05123	CDS	195	tuaG	2.4.-.-	COG1215	Putative teichuronic acid biosynthesis glycosyltransferase TuaG
NHKJIMIN_05124	gene	267	bshA_1			
NHKJIMIN_05124	CDS	267	bshA_1	2.4.1.-	COG0438	N-acetyl-alpha-D-glucosaminyl L-malate synthase
NHKJIMIN_05125	gene	345				
NHKJIMIN_05125	CDS	345				hypothetical protein
NHKJIMIN_05126	gene	585				
NHKJIMIN_05126	CDS	585				hypothetical protein
NHKJIMIN_05127	gene	123	wecC_2			
NHKJIMIN_05127	CDS	123	wecC_2	1.1.1.336		UDP-N-acetyl-D-mannosamine dehydrogenase
NHKJIMIN_05128	gene	360	wecC_3			
NHKJIMIN_05128	CDS	360	wecC_3	1.1.1.336	COG0677	UDP-N-acetyl-D-mannosamine dehydrogenase
NHKJIMIN_05129	gene	297	wecC_4			
NHKJIMIN_05129	CDS	297	wecC_4	1.1.1.336		UDP-N-acetyl-D-mannosamine dehydrogenase
NHKJIMIN_05130	gene	336	wecC_5			
NHKJIMIN_05130	CDS	336	wecC_5	1.1.1.336		UDP-N-acetyl-D-mannosamine dehydrogenase
NHKJIMIN_05131	gene	465	sacA			
NHKJIMIN_05131	CDS	465	sacA	5.1.3.14		UDP-N-acetylglucosamine 2-epimerase
NHKJIMIN_05132	gene	198	wecB_3			
NHKJIMIN_05132	CDS	198	wecB_3	5.1.3.14	COG0381	UDP-N-acetylglucosamine 2-epimerase
NHKJIMIN_05133	gene	153				
NHKJIMIN_05133	CDS	153				hypothetical protein
NHKJIMIN_05134	gene	501				
NHKJIMIN_05134	CDS	501				hypothetical protein
NHKJIMIN_05135	gene	594	pimA			
NHKJIMIN_05135	CDS	594	pimA	2.4.1.345	COG0438	Phosphatidyl-myo-inositol mannosyltransferase
NHKJIMIN_05136	gene	210				
NHKJIMIN_05136	CDS	210				hypothetical protein
NHKJIMIN_05137	gene	378				
NHKJIMIN_05137	CDS	378				hypothetical protein
NHKJIMIN_05138	gene	672				
NHKJIMIN_05138	CDS	672				hypothetical protein
NHKJIMIN_05139	gene	342				
NHKJIMIN_05139	CDS	342				hypothetical protein
NHKJIMIN_05140	gene	369	pglH			
NHKJIMIN_05140	CDS	369	pglH	2.4.1.292	COG0438	GalNAc-alpha-(1->4)-GalNAc-alpha-(1->3)-diNAcBac-PP-undecaprenol alpha-1,4-N-acetyl-D-galactosaminyltransferase
NHKJIMIN_05141	gene	306				
NHKJIMIN_05141	CDS	306				hypothetical protein
NHKJIMIN_05142	gene	696				
NHKJIMIN_05142	CDS	696				hypothetical protein
NHKJIMIN_05143	gene	183				
NHKJIMIN_05143	CDS	183				hypothetical protein
NHKJIMIN_05144	gene	330				
NHKJIMIN_05144	CDS	330				hypothetical protein
NHKJIMIN_05145	gene	513	metG_1			
NHKJIMIN_05145	CDS	513	metG_1	6.1.1.10		Methionine--tRNA ligase
NHKJIMIN_05146	gene	111				
NHKJIMIN_05146	CDS	111				hypothetical protein
NHKJIMIN_05147	gene	348	metG_2			
NHKJIMIN_05147	CDS	348	metG_2	6.1.1.10		Methionine--tRNA ligase
NHKJIMIN_05148	gene	741	metG_3			
NHKJIMIN_05148	CDS	741	metG_3	6.1.1.10		Methionine--tRNA ligase
NHKJIMIN_05149	gene	180				
NHKJIMIN_05149	CDS	180				hypothetical protein
NHKJIMIN_05150	gene	351				
NHKJIMIN_05150	CDS	351				hypothetical protein
NHKJIMIN_05151	gene	180				
NHKJIMIN_05151	CDS	180				hypothetical protein
NHKJIMIN_05152	gene	249				
NHKJIMIN_05152	CDS	249				hypothetical protein
NHKJIMIN_05153	gene	294				
NHKJIMIN_05153	CDS	294				hypothetical protein
NHKJIMIN_05154	gene	210				
NHKJIMIN_05154	CDS	210				hypothetical protein
NHKJIMIN_05155	gene	714				
NHKJIMIN_05155	CDS	714				hypothetical protein
NHKJIMIN_05156	gene	288				
NHKJIMIN_05156	CDS	288				hypothetical protein
NHKJIMIN_05157	gene	366				
NHKJIMIN_05157	CDS	366				hypothetical protein
NHKJIMIN_05158	gene	213				
NHKJIMIN_05158	CDS	213				hypothetical protein
NHKJIMIN_05159	gene	204				
NHKJIMIN_05159	CDS	204				hypothetical protein
NHKJIMIN_05160	gene	225				
NHKJIMIN_05160	CDS	225				hypothetical protein
NHKJIMIN_05161	gene	303				
NHKJIMIN_05161	CDS	303				hypothetical protein
NHKJIMIN_05162	gene	222				
NHKJIMIN_05162	CDS	222				hypothetical protein
NHKJIMIN_05163	gene	291				
NHKJIMIN_05163	CDS	291				hypothetical protein
NHKJIMIN_05164	gene	177				
NHKJIMIN_05164	CDS	177				hypothetical protein
NHKJIMIN_05165	gene	135				
NHKJIMIN_05165	CDS	135				hypothetical protein
NHKJIMIN_05166	gene	312				
NHKJIMIN_05166	CDS	312				hypothetical protein
NHKJIMIN_05167	gene	354				
NHKJIMIN_05167	CDS	354				hypothetical protein
NHKJIMIN_05168	gene	489				
NHKJIMIN_05168	CDS	489				hypothetical protein
NHKJIMIN_05169	gene	153				
NHKJIMIN_05169	CDS	153				hypothetical protein
NHKJIMIN_05170	gene	174				
NHKJIMIN_05170	CDS	174				hypothetical protein
NHKJIMIN_05171	gene	183				
NHKJIMIN_05171	CDS	183				hypothetical protein
NHKJIMIN_05172	gene	303				
NHKJIMIN_05172	CDS	303				hypothetical protein
NHKJIMIN_05173	gene	294				
NHKJIMIN_05173	CDS	294				hypothetical protein
NHKJIMIN_05174	gene	312				
NHKJIMIN_05174	CDS	312				hypothetical protein
NHKJIMIN_05175	gene	393				
NHKJIMIN_05175	CDS	393				hypothetical protein
NHKJIMIN_05176	gene	354				
NHKJIMIN_05176	CDS	354				hypothetical protein
NHKJIMIN_05177	gene	342				
NHKJIMIN_05177	CDS	342				hypothetical protein
NHKJIMIN_05178	gene	273				
NHKJIMIN_05178	CDS	273				hypothetical protein
NHKJIMIN_05179	gene	150				
NHKJIMIN_05179	CDS	150				hypothetical protein
NHKJIMIN_05180	gene	399				
NHKJIMIN_05180	CDS	399				hypothetical protein
NHKJIMIN_05181	gene	621	ahbD			
NHKJIMIN_05181	CDS	621	ahbD	1.3.98.6	COG0535	AdoMet-dependent heme synthase
NHKJIMIN_05182	gene	447				
NHKJIMIN_05182	CDS	447				hypothetical protein
NHKJIMIN_05183	gene	243				
NHKJIMIN_05183	CDS	243				hypothetical protein
NHKJIMIN_05184	gene	129				
NHKJIMIN_05184	CDS	129				hypothetical protein
NHKJIMIN_05185	gene	264				
NHKJIMIN_05185	CDS	264				hypothetical protein
NHKJIMIN_05186	gene	195				
NHKJIMIN_05186	CDS	195				hypothetical protein
NHKJIMIN_05187	gene	153				
NHKJIMIN_05187	CDS	153				hypothetical protein
NHKJIMIN_05188	gene	177				
NHKJIMIN_05188	CDS	177				hypothetical protein
NHKJIMIN_05189	gene	327				
NHKJIMIN_05189	CDS	327				hypothetical protein
NHKJIMIN_05190	gene	372				
NHKJIMIN_05190	CDS	372				hypothetical protein
NHKJIMIN_05191	gene	369				
NHKJIMIN_05191	CDS	369				hypothetical protein
NHKJIMIN_05192	gene	501				
NHKJIMIN_05192	CDS	501				hypothetical protein
NHKJIMIN_05193	gene	180				
NHKJIMIN_05193	CDS	180				hypothetical protein
NHKJIMIN_05194	gene	795				
NHKJIMIN_05194	CDS	795				hypothetical protein
NHKJIMIN_05195	gene	279				
NHKJIMIN_05195	CDS	279				hypothetical protein
NHKJIMIN_05196	gene	294	comM_1			
NHKJIMIN_05196	CDS	294	comM_1		COG0606	Competence protein ComM
NHKJIMIN_05197	gene	192	comM_2			
NHKJIMIN_05197	CDS	192	comM_2		COG0606	Competence protein ComM
NHKJIMIN_05198	gene	732	comM_3			
NHKJIMIN_05198	CDS	732	comM_3		COG0606	Competence protein ComM
NHKJIMIN_05199	gene	456	resA_1			
NHKJIMIN_05199	CDS	456	resA_1			Thiol-disulfide oxidoreductase ResA
NHKJIMIN_05200	gene	408				
NHKJIMIN_05200	CDS	408				hypothetical protein
NHKJIMIN_05201	gene	312				
NHKJIMIN_05201	CDS	312				hypothetical protein
NHKJIMIN_05202	gene	321				
NHKJIMIN_05202	CDS	321				hypothetical protein
NHKJIMIN_05203	gene	360				
NHKJIMIN_05203	CDS	360				hypothetical protein
NHKJIMIN_05204	gene	453				
NHKJIMIN_05204	CDS	453				hypothetical protein
NHKJIMIN_05205	gene	201				
NHKJIMIN_05205	CDS	201				hypothetical protein
NHKJIMIN_05206	gene	345	xerD_2			
NHKJIMIN_05206	CDS	345	xerD_2			Tyrosine recombinase XerD
NHKJIMIN_05207	gene	324	xerD_3			
NHKJIMIN_05207	CDS	324	xerD_3			Tyrosine recombinase XerD
NHKJIMIN_05208	gene	216				
NHKJIMIN_05208	CDS	216				hypothetical protein
NHKJIMIN_05209	gene	420	aroQ			
NHKJIMIN_05209	CDS	420	aroQ	4.2.1.10	COG0757	3-dehydroquinate dehydratase
NHKJIMIN_05210	gene	285				
NHKJIMIN_05210	CDS	285				hypothetical protein
NHKJIMIN_05211	gene	309				
NHKJIMIN_05211	CDS	309				hypothetical protein
NHKJIMIN_05212	gene	189	pyk			
NHKJIMIN_05212	CDS	189	pyk	2.7.1.40	COG0469	Pyruvate kinase
NHKJIMIN_05213	gene	231				
NHKJIMIN_05213	CDS	231				hypothetical protein
NHKJIMIN_05214	gene	282				
NHKJIMIN_05214	CDS	282				hypothetical protein
NHKJIMIN_05215	gene	657	trmR			
NHKJIMIN_05215	CDS	657	trmR	2.1.1.-		tRNA 5-hydroxyuridine methyltransferase
NHKJIMIN_05216	gene	318	rbfA			
NHKJIMIN_05216	CDS	318	rbfA			Ribosome-binding factor A
NHKJIMIN_05217	gene	102				
NHKJIMIN_05217	CDS	102				hypothetical protein
NHKJIMIN_05218	gene	573				
NHKJIMIN_05218	CDS	573				hypothetical protein
NHKJIMIN_05219	gene	147				
NHKJIMIN_05219	CDS	147				hypothetical protein
NHKJIMIN_05220	gene	300				
NHKJIMIN_05220	CDS	300				hypothetical protein
NHKJIMIN_05221	gene	264				
NHKJIMIN_05221	CDS	264				hypothetical protein
NHKJIMIN_05222	gene	444				
NHKJIMIN_05222	CDS	444				hypothetical protein
NHKJIMIN_05223	gene	261				
NHKJIMIN_05223	CDS	261				hypothetical protein
NHKJIMIN_05224	gene	717				
NHKJIMIN_05224	CDS	717				hypothetical protein
NHKJIMIN_05225	gene	177	susC_31			
NHKJIMIN_05225	CDS	177	susC_31		COG1629	TonB-dependent receptor SusC
NHKJIMIN_05226	gene	216				
NHKJIMIN_05226	CDS	216				hypothetical protein
NHKJIMIN_05227	gene	453				
NHKJIMIN_05227	CDS	453				hypothetical protein
NHKJIMIN_05228	gene	801				
NHKJIMIN_05228	CDS	801				hypothetical protein
NHKJIMIN_05229	gene	921				
NHKJIMIN_05229	CDS	921			COG4771	TonB-dependent receptor P3
NHKJIMIN_05230	gene	513				
NHKJIMIN_05230	CDS	513				hypothetical protein
NHKJIMIN_05231	gene	609				
NHKJIMIN_05231	CDS	609				hypothetical protein
NHKJIMIN_05232	gene	828				
NHKJIMIN_05232	CDS	828				hypothetical protein
NHKJIMIN_05233	gene	789				
NHKJIMIN_05233	CDS	789				hypothetical protein
NHKJIMIN_05234	gene	432				
NHKJIMIN_05234	CDS	432				hypothetical protein
NHKJIMIN_05235	gene	186				
NHKJIMIN_05235	CDS	186				hypothetical protein
NHKJIMIN_05236	gene	117				
NHKJIMIN_05236	CDS	117				hypothetical protein
NHKJIMIN_05237	gene	114				
NHKJIMIN_05237	CDS	114				hypothetical protein
NHKJIMIN_05238	gene	510				
NHKJIMIN_05238	CDS	510				hypothetical protein
NHKJIMIN_05239	gene	294				
NHKJIMIN_05239	CDS	294				hypothetical protein
NHKJIMIN_05240	gene	564				
NHKJIMIN_05240	CDS	564				hypothetical protein
NHKJIMIN_05241	gene	504				
NHKJIMIN_05241	CDS	504				hypothetical protein
NHKJIMIN_05242	gene	504				
NHKJIMIN_05242	CDS	504				hypothetical protein
NHKJIMIN_05243	gene	168				
NHKJIMIN_05243	CDS	168				hypothetical protein
NHKJIMIN_05244	gene	894	ahcY_1			
NHKJIMIN_05244	CDS	894	ahcY_1	3.13.2.1		Adenosylhomocysteinase
NHKJIMIN_05245	gene	609	ahcY_2			
NHKJIMIN_05245	CDS	609	ahcY_2	3.13.2.1	COG0499	Adenosylhomocysteinase
NHKJIMIN_05246	gene	444				
NHKJIMIN_05246	CDS	444				hypothetical protein
NHKJIMIN_05247	gene	507				
NHKJIMIN_05247	CDS	507				hypothetical protein
NHKJIMIN_05248	gene	447				
NHKJIMIN_05248	CDS	447				hypothetical protein
NHKJIMIN_05249	gene	1416				
NHKJIMIN_05249	CDS	1416				hypothetical protein
NHKJIMIN_05250	gene	276				
NHKJIMIN_05250	CDS	276				hypothetical protein
NHKJIMIN_05251	gene	258				
NHKJIMIN_05251	CDS	258				hypothetical protein
NHKJIMIN_05252	gene	234				
NHKJIMIN_05252	CDS	234				hypothetical protein
NHKJIMIN_05253	gene	246				
NHKJIMIN_05253	CDS	246				hypothetical protein
NHKJIMIN_05254	gene	252				
NHKJIMIN_05254	CDS	252				hypothetical protein
NHKJIMIN_05255	gene	300				
NHKJIMIN_05255	CDS	300				hypothetical protein
NHKJIMIN_05256	gene	402				
NHKJIMIN_05256	CDS	402				hypothetical protein
NHKJIMIN_05257	gene	237				
NHKJIMIN_05257	CDS	237				hypothetical protein
NHKJIMIN_05258	gene	228				
NHKJIMIN_05258	CDS	228				hypothetical protein
NHKJIMIN_05259	gene	273				
NHKJIMIN_05259	CDS	273				hypothetical protein
NHKJIMIN_05260	gene	291				
NHKJIMIN_05260	CDS	291				hypothetical protein
NHKJIMIN_05261	gene	285				
NHKJIMIN_05261	CDS	285				hypothetical protein
NHKJIMIN_05262	gene	231				
NHKJIMIN_05262	CDS	231				hypothetical protein
NHKJIMIN_05263	gene	147				
NHKJIMIN_05263	CDS	147				hypothetical protein
NHKJIMIN_05264	gene	243				
NHKJIMIN_05264	CDS	243				hypothetical protein
NHKJIMIN_05265	gene	1002				
NHKJIMIN_05265	CDS	1002				hypothetical protein
NHKJIMIN_05266	gene	213				
NHKJIMIN_05266	CDS	213				hypothetical protein
NHKJIMIN_05267	gene	594				
NHKJIMIN_05267	CDS	594				hypothetical protein
NHKJIMIN_05268	gene	501				
NHKJIMIN_05268	CDS	501				hypothetical protein
NHKJIMIN_05269	gene	249				
NHKJIMIN_05269	CDS	249				hypothetical protein
NHKJIMIN_05270	gene	282				
NHKJIMIN_05270	CDS	282				hypothetical protein
NHKJIMIN_05271	gene	432				
NHKJIMIN_05271	CDS	432				hypothetical protein
NHKJIMIN_05272	gene	552				
NHKJIMIN_05272	CDS	552				hypothetical protein
NHKJIMIN_05273	gene	483				
NHKJIMIN_05273	CDS	483				hypothetical protein
NHKJIMIN_05274	gene	228				
NHKJIMIN_05274	CDS	228				hypothetical protein
NHKJIMIN_05275	gene	207				
NHKJIMIN_05275	CDS	207				hypothetical protein
NHKJIMIN_05276	gene	258				
NHKJIMIN_05276	CDS	258				hypothetical protein
NHKJIMIN_05277	gene	639	ltrA_3			
NHKJIMIN_05277	CDS	639	ltrA_3			Group II intron-encoded protein LtrA
NHKJIMIN_05278	gene	375	ltrA_4			
NHKJIMIN_05278	CDS	375	ltrA_4			Group II intron-encoded protein LtrA
NHKJIMIN_05279	gene	330	ltrA_5			
NHKJIMIN_05279	CDS	330	ltrA_5			Group II intron-encoded protein LtrA
NHKJIMIN_05280	gene	177				
NHKJIMIN_05280	CDS	177				hypothetical protein
NHKJIMIN_05281	gene	216				
NHKJIMIN_05281	CDS	216				hypothetical protein
NHKJIMIN_05282	gene	228				
NHKJIMIN_05282	CDS	228				hypothetical protein
NHKJIMIN_05283	gene	342				
NHKJIMIN_05283	CDS	342				hypothetical protein
NHKJIMIN_05284	gene	495				
NHKJIMIN_05284	CDS	495				hypothetical protein
NHKJIMIN_05285	gene	615				
NHKJIMIN_05285	CDS	615				hypothetical protein
NHKJIMIN_05286	gene	453				
NHKJIMIN_05286	CDS	453				hypothetical protein
NHKJIMIN_05287	gene	147				
NHKJIMIN_05287	CDS	147				hypothetical protein
NHKJIMIN_05288	gene	417				
NHKJIMIN_05288	CDS	417				hypothetical protein
NHKJIMIN_05289	gene	369				
NHKJIMIN_05289	CDS	369				hypothetical protein
NHKJIMIN_05290	gene	333				
NHKJIMIN_05290	CDS	333				hypothetical protein
NHKJIMIN_05291	gene	258				
NHKJIMIN_05291	CDS	258				hypothetical protein
NHKJIMIN_05292	gene	756				
NHKJIMIN_05292	CDS	756				hypothetical protein
NHKJIMIN_05293	gene	258				
NHKJIMIN_05293	CDS	258				hypothetical protein
NHKJIMIN_05294	gene	129				
NHKJIMIN_05294	CDS	129				hypothetical protein
NHKJIMIN_05295	gene	255				
NHKJIMIN_05295	CDS	255				hypothetical protein
NHKJIMIN_05296	gene	240				
NHKJIMIN_05296	CDS	240				hypothetical protein
NHKJIMIN_05297	gene	648				
NHKJIMIN_05297	CDS	648				hypothetical protein
NHKJIMIN_05298	gene	432				
NHKJIMIN_05298	CDS	432				hypothetical protein
NHKJIMIN_05299	gene	327				
NHKJIMIN_05299	CDS	327				hypothetical protein
NHKJIMIN_05300	gene	618				
NHKJIMIN_05300	CDS	618				hypothetical protein
NHKJIMIN_05301	gene	1167				
NHKJIMIN_05301	CDS	1167				hypothetical protein
NHKJIMIN_05302	gene	627				
NHKJIMIN_05302	CDS	627				hypothetical protein
NHKJIMIN_05303	gene	777				
NHKJIMIN_05303	CDS	777				hypothetical protein
NHKJIMIN_05304	gene	198				
NHKJIMIN_05304	CDS	198				hypothetical protein
NHKJIMIN_05305	gene	126				
NHKJIMIN_05305	CDS	126				hypothetical protein
NHKJIMIN_05306	gene	177				
NHKJIMIN_05306	CDS	177				hypothetical protein
NHKJIMIN_05307	gene	297				
NHKJIMIN_05307	CDS	297				hypothetical protein
NHKJIMIN_05308	gene	132				
NHKJIMIN_05308	CDS	132				hypothetical protein
NHKJIMIN_05309	gene	189				
NHKJIMIN_05309	CDS	189				hypothetical protein
NHKJIMIN_05310	gene	159				
NHKJIMIN_05310	CDS	159				hypothetical protein
NHKJIMIN_05311	gene	180				
NHKJIMIN_05311	CDS	180				hypothetical protein
NHKJIMIN_05312	gene	261				
NHKJIMIN_05312	CDS	261				hypothetical protein
NHKJIMIN_05313	gene	465				
NHKJIMIN_05313	CDS	465				hypothetical protein
NHKJIMIN_05314	gene	306				
NHKJIMIN_05314	CDS	306				hypothetical protein
NHKJIMIN_05315	gene	351				
NHKJIMIN_05315	CDS	351				hypothetical protein
NHKJIMIN_05316	gene	333				
NHKJIMIN_05316	CDS	333				hypothetical protein
NHKJIMIN_05317	gene	570				
NHKJIMIN_05317	CDS	570				hypothetical protein
NHKJIMIN_05318	gene	414				
NHKJIMIN_05318	CDS	414				hypothetical protein
NHKJIMIN_05319	gene	624	zraR_3			
NHKJIMIN_05319	CDS	624	zraR_3		COG2204	Transcriptional regulatory protein ZraR
NHKJIMIN_05320	gene	684				
NHKJIMIN_05320	CDS	684				hypothetical protein
NHKJIMIN_05321	gene	234				
NHKJIMIN_05321	CDS	234				hypothetical protein
NHKJIMIN_05322	gene	600	rcsC_8			
NHKJIMIN_05322	CDS	600	rcsC_8	2.7.13.3		Sensor histidine kinase RcsC
NHKJIMIN_05323	gene	495	luxQ_3			
NHKJIMIN_05323	CDS	495	luxQ_3	2.7.13.3	COG0784	Autoinducer 2 sensor kinase/phosphatase LuxQ
NHKJIMIN_05324	gene	288				
NHKJIMIN_05324	CDS	288				hypothetical protein
NHKJIMIN_05325	gene	180				
NHKJIMIN_05325	CDS	180				hypothetical protein
NHKJIMIN_05326	gene	486				
NHKJIMIN_05326	CDS	486				hypothetical protein
NHKJIMIN_05327	gene	372	tetO_1			
NHKJIMIN_05327	CDS	372	tetO_1			Tetracycline resistance protein TetO
NHKJIMIN_05328	gene	483	tetM_3			
NHKJIMIN_05328	CDS	483	tetM_3			Tetracycline resistance protein TetM from transposon TnFO1
NHKJIMIN_05329	gene	303				
NHKJIMIN_05329	CDS	303				hypothetical protein
NHKJIMIN_05330	gene	270	tetO_2			
NHKJIMIN_05330	CDS	270	tetO_2			Tetracycline resistance protein TetO
NHKJIMIN_05331	gene	279				
NHKJIMIN_05331	CDS	279				hypothetical protein
NHKJIMIN_05332	gene	837				
NHKJIMIN_05332	CDS	837				IS982 family transposase IS1187
NHKJIMIN_05333	gene	291				
NHKJIMIN_05333	CDS	291				hypothetical protein
NHKJIMIN_05334	gene	204				
NHKJIMIN_05334	CDS	204				hypothetical protein
NHKJIMIN_05335	gene	750				
NHKJIMIN_05335	CDS	750				hypothetical protein
NHKJIMIN_05336	gene	108				
NHKJIMIN_05336	CDS	108				hypothetical protein
NHKJIMIN_05337	gene	657				
NHKJIMIN_05337	CDS	657				hypothetical protein
NHKJIMIN_05338	gene	1023				
NHKJIMIN_05338	CDS	1023				hypothetical protein
NHKJIMIN_05339	gene	402				
NHKJIMIN_05339	CDS	402				hypothetical protein
NHKJIMIN_05340	gene	111				
NHKJIMIN_05340	CDS	111				hypothetical protein
NHKJIMIN_05341	gene	273				
NHKJIMIN_05341	CDS	273				hypothetical protein
NHKJIMIN_05342	gene	558				
NHKJIMIN_05342	CDS	558				hypothetical protein
NHKJIMIN_05343	gene	282				
NHKJIMIN_05343	CDS	282				hypothetical protein
NHKJIMIN_05344	gene	468				
NHKJIMIN_05344	CDS	468				hypothetical protein
NHKJIMIN_05345	gene	387				
NHKJIMIN_05345	CDS	387				hypothetical protein
NHKJIMIN_05346	gene	192				
NHKJIMIN_05346	CDS	192				hypothetical protein
NHKJIMIN_05347	gene	411				
NHKJIMIN_05347	CDS	411				hypothetical protein
NHKJIMIN_05348	gene	549				
NHKJIMIN_05348	CDS	549				hypothetical protein
NHKJIMIN_05349	gene	510				
NHKJIMIN_05349	CDS	510				hypothetical protein
NHKJIMIN_05350	gene	321	topB_5			
NHKJIMIN_05350	CDS	321	topB_5	5.6.2.1		DNA topoisomerase 3
NHKJIMIN_05351	gene	327	topB_6			
NHKJIMIN_05351	CDS	327	topB_6	5.6.2.1	COG0550	DNA topoisomerase 3
NHKJIMIN_05352	gene	501	topB_7			
NHKJIMIN_05352	CDS	501	topB_7	5.6.2.1	COG0550	DNA topoisomerase 3
NHKJIMIN_05353	gene	309	topB_8			
NHKJIMIN_05353	CDS	309	topB_8	5.6.2.1		DNA topoisomerase 3
NHKJIMIN_05354	gene	1401				
NHKJIMIN_05354	CDS	1401				hypothetical protein
NHKJIMIN_05355	gene	297				
NHKJIMIN_05355	CDS	297				hypothetical protein
NHKJIMIN_05356	gene	447				
NHKJIMIN_05356	CDS	447				hypothetical protein
NHKJIMIN_05357	gene	300				
NHKJIMIN_05357	CDS	300				hypothetical protein
NHKJIMIN_05358	gene	276				
NHKJIMIN_05358	CDS	276				hypothetical protein
NHKJIMIN_05359	gene	156				
NHKJIMIN_05359	CDS	156				hypothetical protein
NHKJIMIN_05360	gene	189				
NHKJIMIN_05360	CDS	189				hypothetical protein
NHKJIMIN_05361	gene	1197				
NHKJIMIN_05361	CDS	1197				hypothetical protein
NHKJIMIN_05362	gene	786	rcsC_9			
NHKJIMIN_05362	CDS	786	rcsC_9	2.7.13.3		Sensor histidine kinase RcsC
NHKJIMIN_05363	gene	171	cph1			
NHKJIMIN_05363	CDS	171	cph1	2.7.13.3	COG4251	Phytochrome-like protein Cph1
NHKJIMIN_05364	gene	177	menE_3			
NHKJIMIN_05364	CDS	177	menE_3	6.2.1.26		2-succinylbenzoate--CoA ligase
NHKJIMIN_05365	gene	369	menE_4			
NHKJIMIN_05365	CDS	369	menE_4	6.2.1.26		2-succinylbenzoate--CoA ligase
NHKJIMIN_05366	gene	204				
NHKJIMIN_05366	CDS	204				hypothetical protein
NHKJIMIN_05367	gene	399	menE_5			
NHKJIMIN_05367	CDS	399	menE_5	6.2.1.26		2-succinylbenzoate--CoA ligase
NHKJIMIN_05368	gene	147				
NHKJIMIN_05368	CDS	147				hypothetical protein
NHKJIMIN_05369	gene	510	menE_6			
NHKJIMIN_05369	CDS	510	menE_6	6.2.1.26		2-succinylbenzoate--CoA ligase
NHKJIMIN_05370	gene	576				
NHKJIMIN_05370	CDS	576				hypothetical protein
NHKJIMIN_05371	gene	180	rpsO			
NHKJIMIN_05371	CDS	180	rpsO			Small ribosomal subunit protein uS15
NHKJIMIN_05372	gene	204	bipA_1			
NHKJIMIN_05372	CDS	204	bipA_1	3.6.5.-	COG1217	Large ribosomal subunit assembly factor BipA
NHKJIMIN_05373	gene	516	bipA_2			
NHKJIMIN_05373	CDS	516	bipA_2	3.6.5.-		Large ribosomal subunit assembly factor BipA
NHKJIMIN_05374	gene	816	bipA_3			
NHKJIMIN_05374	CDS	816	bipA_3	3.6.5.-	COG1217	Large ribosomal subunit assembly factor BipA
NHKJIMIN_05375	gene	204	bipA_4			
NHKJIMIN_05375	CDS	204	bipA_4	3.6.5.-	COG1217	Large ribosomal subunit assembly factor BipA
NHKJIMIN_05376	gene	219				
NHKJIMIN_05376	CDS	219				hypothetical protein
NHKJIMIN_05377	gene	300				
NHKJIMIN_05377	CDS	300				hypothetical protein
NHKJIMIN_05378	gene	147				
NHKJIMIN_05378	CDS	147				hypothetical protein
NHKJIMIN_05379	gene	324				
NHKJIMIN_05379	CDS	324				hypothetical protein
NHKJIMIN_05380	gene	240				
NHKJIMIN_05380	CDS	240				hypothetical protein
NHKJIMIN_05381	gene	297				
NHKJIMIN_05381	CDS	297				hypothetical protein
NHKJIMIN_05382	gene	606				
NHKJIMIN_05382	CDS	606				hypothetical protein
NHKJIMIN_05383	gene	213				
NHKJIMIN_05383	CDS	213				hypothetical protein
NHKJIMIN_05384	gene	435				
NHKJIMIN_05384	CDS	435			COG4771	TonB-dependent receptor P3
NHKJIMIN_05385	gene	171				
NHKJIMIN_05385	CDS	171				hypothetical protein
NHKJIMIN_05386	gene	2358	susC_32			
NHKJIMIN_05386	CDS	2358	susC_32		COG1629	TonB-dependent receptor SusC
NHKJIMIN_05387	gene	465				
NHKJIMIN_05387	CDS	465				hypothetical protein
NHKJIMIN_05388	gene	312				
NHKJIMIN_05388	CDS	312				hypothetical protein
NHKJIMIN_05389	gene	1248				
NHKJIMIN_05389	CDS	1248				hypothetical protein
NHKJIMIN_05390	gene	369				
NHKJIMIN_05390	CDS	369				hypothetical protein
NHKJIMIN_05391	gene	1440				
NHKJIMIN_05391	CDS	1440				hypothetical protein
NHKJIMIN_05392	gene	195				
NHKJIMIN_05392	CDS	195				hypothetical protein
NHKJIMIN_05393	gene	225				
NHKJIMIN_05393	CDS	225				hypothetical protein
NHKJIMIN_05394	gene	342				
NHKJIMIN_05394	CDS	342				hypothetical protein
NHKJIMIN_05395	gene	258				
NHKJIMIN_05395	CDS	258				hypothetical protein
NHKJIMIN_05396	gene	528				
NHKJIMIN_05396	CDS	528				hypothetical protein
NHKJIMIN_05397	gene	564				
NHKJIMIN_05397	CDS	564				hypothetical protein
NHKJIMIN_05398	gene	459				
NHKJIMIN_05398	CDS	459				hypothetical protein
NHKJIMIN_05399	gene	273				
NHKJIMIN_05399	CDS	273				hypothetical protein
NHKJIMIN_05400	gene	648	glaB_7			
NHKJIMIN_05400	CDS	648	glaB_7	3.2.1.-	COG5434	Alpha-1,3-galactosidase B
NHKJIMIN_05401	gene	117				
NHKJIMIN_05401	CDS	117				hypothetical protein
NHKJIMIN_05402	gene	702	glaB_8			
NHKJIMIN_05402	CDS	702	glaB_8	3.2.1.-	COG5434	Alpha-1,3-galactosidase B
NHKJIMIN_05403	gene	372				
NHKJIMIN_05403	CDS	372				hypothetical protein
NHKJIMIN_05404	gene	507				
NHKJIMIN_05404	CDS	507				hypothetical protein
NHKJIMIN_05405	gene	204				
NHKJIMIN_05405	CDS	204				hypothetical protein
NHKJIMIN_05406	gene	480				
NHKJIMIN_05406	CDS	480				hypothetical protein
NHKJIMIN_05407	gene	597				
NHKJIMIN_05407	CDS	597				hypothetical protein
NHKJIMIN_05408	gene	228				
NHKJIMIN_05408	CDS	228				hypothetical protein
NHKJIMIN_05409	gene	780				
NHKJIMIN_05409	CDS	780				hypothetical protein
NHKJIMIN_05410	gene	402				
NHKJIMIN_05410	CDS	402				hypothetical protein
NHKJIMIN_05411	gene	243				
NHKJIMIN_05411	CDS	243				hypothetical protein
NHKJIMIN_05412	gene	393				
NHKJIMIN_05412	CDS	393			COG1629	TonB-dependent receptor P26
NHKJIMIN_05413	gene	405				
NHKJIMIN_05413	CDS	405				hypothetical protein
NHKJIMIN_05414	gene	663				
NHKJIMIN_05414	CDS	663				hypothetical protein
NHKJIMIN_05415	gene	450				
NHKJIMIN_05415	CDS	450				hypothetical protein
NHKJIMIN_05416	gene	432				
NHKJIMIN_05416	CDS	432				hypothetical protein
NHKJIMIN_05417	gene	510				
NHKJIMIN_05417	CDS	510				hypothetical protein
NHKJIMIN_05418	gene	1449				
NHKJIMIN_05418	CDS	1449			COG4771	TonB-dependent receptor P3
NHKJIMIN_05419	gene	1404				
NHKJIMIN_05419	CDS	1404				hypothetical protein
NHKJIMIN_05420	gene	381				
NHKJIMIN_05420	CDS	381				hypothetical protein
NHKJIMIN_05421	gene	483				
NHKJIMIN_05421	CDS	483				IS1182 family transposase ISBf5
NHKJIMIN_05422	gene	147				
NHKJIMIN_05422	CDS	147				hypothetical protein
NHKJIMIN_05423	gene	303				
NHKJIMIN_05423	CDS	303				IS1182 family transposase ISBf5
NHKJIMIN_05424	gene	198				
NHKJIMIN_05424	CDS	198				hypothetical protein
NHKJIMIN_05425	gene	348				
NHKJIMIN_05425	CDS	348				hypothetical protein
NHKJIMIN_05426	gene	1419	pckA_1			
NHKJIMIN_05426	CDS	1419	pckA_1	4.1.1.49		Phosphoenolpyruvate carboxykinase (ATP)
NHKJIMIN_05427	gene	129	pckA_2			
NHKJIMIN_05427	CDS	129	pckA_2	4.1.1.49		Phosphoenolpyruvate carboxykinase (ATP)
NHKJIMIN_05428	gene	654	upp			
NHKJIMIN_05428	CDS	654	upp	2.4.2.9	COG0035	Uracil phosphoribosyltransferase
NHKJIMIN_05429	gene	183				
NHKJIMIN_05429	CDS	183				hypothetical protein
NHKJIMIN_05430	gene	450				
NHKJIMIN_05430	CDS	450				hypothetical protein
NHKJIMIN_05431	gene	264				
NHKJIMIN_05431	CDS	264				hypothetical protein
NHKJIMIN_05432	gene	390	korB_1			
NHKJIMIN_05432	CDS	390	korB_1	1.2.7.3	COG1013	2-oxoglutarate oxidoreductase subunit KorB
NHKJIMIN_05433	gene	534	korB_2			
NHKJIMIN_05433	CDS	534	korB_2	1.2.7.3	COG1013	2-oxoglutarate oxidoreductase subunit KorB
NHKJIMIN_05434	gene	228	korA_1			
NHKJIMIN_05434	CDS	228	korA_1	1.2.7.3	COG0674	2-oxoglutarate oxidoreductase subunit KorA
NHKJIMIN_05435	gene	297	korA_2			
NHKJIMIN_05435	CDS	297	korA_2	1.2.7.3	COG0674	2-oxoglutarate oxidoreductase subunit KorA
NHKJIMIN_05436	gene	384	korA_3			
NHKJIMIN_05436	CDS	384	korA_3	1.2.7.3	COG0674	2-oxoglutarate oxidoreductase subunit KorA
NHKJIMIN_05437	gene	345				
NHKJIMIN_05437	CDS	345				hypothetical protein
NHKJIMIN_05438	gene	180				
NHKJIMIN_05438	CDS	180				hypothetical protein
NHKJIMIN_05439	gene	75				
NHKJIMIN_05439	tRNA	75				tRNA-Arg(cct)
NHKJIMIN_05440	gene	1311	secDF			
NHKJIMIN_05440	CDS	1311	secDF		COG0341	Protein translocase subunit SecDF
NHKJIMIN_05441	gene	312	secD			
NHKJIMIN_05441	CDS	312	secD		COG0342	Protein translocase subunit SecD
NHKJIMIN_05442	gene	624				
NHKJIMIN_05442	CDS	624				hypothetical protein
NHKJIMIN_05443	gene	483				
NHKJIMIN_05443	CDS	483				hypothetical protein
NHKJIMIN_05444	gene	192				
NHKJIMIN_05444	CDS	192				hypothetical protein
NHKJIMIN_05445	gene	525				
NHKJIMIN_05445	CDS	525				hypothetical protein
NHKJIMIN_05446	gene	537				
NHKJIMIN_05446	CDS	537				hypothetical protein
NHKJIMIN_05447	gene	129				
NHKJIMIN_05447	CDS	129				hypothetical protein
NHKJIMIN_05448	gene	519				
NHKJIMIN_05448	CDS	519				hypothetical protein
NHKJIMIN_05449	gene	534				
NHKJIMIN_05449	CDS	534				hypothetical protein
NHKJIMIN_05450	gene	273	hup_2			
NHKJIMIN_05450	CDS	273	hup_2			DNA-binding protein HU
NHKJIMIN_05451	gene	624	argS_1			
NHKJIMIN_05451	CDS	624	argS_1	6.1.1.19	COG0018	Arginine--tRNA ligase
NHKJIMIN_05452	gene	231	argS_2			
NHKJIMIN_05452	CDS	231	argS_2	6.1.1.19		Arginine--tRNA ligase
NHKJIMIN_05453	gene	675	argS_3			
NHKJIMIN_05453	CDS	675	argS_3	6.1.1.19	COG0018	Arginine--tRNA ligase
NHKJIMIN_05454	gene	240	argS_4			
NHKJIMIN_05454	CDS	240	argS_4	6.1.1.19	COG0018	Arginine--tRNA ligase
NHKJIMIN_05455	gene	162				
NHKJIMIN_05455	CDS	162				hypothetical protein
NHKJIMIN_05456	gene	330				
NHKJIMIN_05456	CDS	330				hypothetical protein
NHKJIMIN_05457	gene	264				
NHKJIMIN_05457	CDS	264				hypothetical protein
NHKJIMIN_05458	gene	276				
NHKJIMIN_05458	CDS	276				hypothetical protein
NHKJIMIN_05459	gene	534	topA_1			
NHKJIMIN_05459	CDS	534	topA_1	5.6.2.1		DNA topoisomerase 1
NHKJIMIN_05460	gene	471	topA_2			
NHKJIMIN_05460	CDS	471	topA_2	5.6.2.1	COG0550	DNA topoisomerase 1
NHKJIMIN_05461	gene	258	topA_3			
NHKJIMIN_05461	CDS	258	topA_3	5.6.2.1		DNA topoisomerase 1
NHKJIMIN_05462	gene	141				
NHKJIMIN_05462	CDS	141				hypothetical protein
NHKJIMIN_05463	gene	594				
NHKJIMIN_05463	CDS	594				hypothetical protein
NHKJIMIN_05464	gene	612				
NHKJIMIN_05464	CDS	612				hypothetical protein
NHKJIMIN_05465	gene	924	cpoB_1			
NHKJIMIN_05465	CDS	924	cpoB_1			Cell division coordinator CpoB
NHKJIMIN_05466	gene	594				
NHKJIMIN_05466	CDS	594				hypothetical protein
NHKJIMIN_05467	gene	297				
NHKJIMIN_05467	CDS	297				hypothetical protein
NHKJIMIN_05468	gene	798	cpoB_2			
NHKJIMIN_05468	CDS	798	cpoB_2			Cell division coordinator CpoB
NHKJIMIN_05469	gene	159				
NHKJIMIN_05469	CDS	159				hypothetical protein
NHKJIMIN_05470	gene	423	nudC_3			
NHKJIMIN_05470	CDS	423	nudC_3	3.6.1.22		NAD-capped RNA hydrolase NudC
NHKJIMIN_05471	gene	195				
NHKJIMIN_05471	CDS	195				hypothetical protein
NHKJIMIN_05472	gene	945				
NHKJIMIN_05472	CDS	945				hypothetical protein
NHKJIMIN_05473	gene	207				
NHKJIMIN_05473	CDS	207				hypothetical protein
NHKJIMIN_05474	gene	282				
NHKJIMIN_05474	CDS	282				hypothetical protein
NHKJIMIN_05475	gene	153				
NHKJIMIN_05475	CDS	153				hypothetical protein
NHKJIMIN_05476	gene	357				
NHKJIMIN_05476	CDS	357				hypothetical protein
NHKJIMIN_05477	gene	198				
NHKJIMIN_05477	CDS	198				hypothetical protein
NHKJIMIN_05478	gene	753				
NHKJIMIN_05478	CDS	753				hypothetical protein
NHKJIMIN_05479	gene	237				
NHKJIMIN_05479	CDS	237				hypothetical protein
NHKJIMIN_05480	gene	360				
NHKJIMIN_05480	CDS	360				hypothetical protein
NHKJIMIN_05481	gene	252				
NHKJIMIN_05481	CDS	252				hypothetical protein
NHKJIMIN_05482	gene	1134				
NHKJIMIN_05482	CDS	1134				hypothetical protein
NHKJIMIN_05483	gene	180				
NHKJIMIN_05483	CDS	180				hypothetical protein
NHKJIMIN_05484	gene	552				
NHKJIMIN_05484	CDS	552				hypothetical protein
NHKJIMIN_05485	gene	267				
NHKJIMIN_05485	CDS	267				hypothetical protein
NHKJIMIN_05486	gene	225				
NHKJIMIN_05486	CDS	225				hypothetical protein
NHKJIMIN_05487	gene	816				
NHKJIMIN_05487	CDS	816				hypothetical protein
NHKJIMIN_05488	gene	216				
NHKJIMIN_05488	CDS	216				hypothetical protein
NHKJIMIN_05489	gene	303				
NHKJIMIN_05489	CDS	303				hypothetical protein
NHKJIMIN_05490	gene	168				
NHKJIMIN_05490	CDS	168				hypothetical protein
NHKJIMIN_05491	gene	492				
NHKJIMIN_05491	CDS	492				hypothetical protein
NHKJIMIN_05492	gene	486				
NHKJIMIN_05492	CDS	486				hypothetical protein
NHKJIMIN_05493	gene	150				
NHKJIMIN_05493	CDS	150				hypothetical protein
NHKJIMIN_05494	gene	291				
NHKJIMIN_05494	CDS	291				hypothetical protein
NHKJIMIN_05495	gene	150				
NHKJIMIN_05495	CDS	150				hypothetical protein
NHKJIMIN_05496	gene	252				
NHKJIMIN_05496	CDS	252				hypothetical protein
NHKJIMIN_05497	gene	369				
NHKJIMIN_05497	CDS	369				hypothetical protein
NHKJIMIN_05498	gene	372				
NHKJIMIN_05498	CDS	372				hypothetical protein
NHKJIMIN_05499	gene	204				
NHKJIMIN_05499	CDS	204				hypothetical protein
NHKJIMIN_05500	gene	177				
NHKJIMIN_05500	CDS	177				hypothetical protein
NHKJIMIN_05501	gene	300				
NHKJIMIN_05501	CDS	300				hypothetical protein
NHKJIMIN_05502	gene	288				
NHKJIMIN_05502	CDS	288				hypothetical protein
NHKJIMIN_05503	gene	162				
NHKJIMIN_05503	CDS	162				hypothetical protein
NHKJIMIN_05504	gene	453				
NHKJIMIN_05504	CDS	453				hypothetical protein
NHKJIMIN_05505	gene	327				
NHKJIMIN_05505	CDS	327				hypothetical protein
NHKJIMIN_05506	gene	510				
NHKJIMIN_05506	CDS	510				hypothetical protein
NHKJIMIN_05507	gene	153				
NHKJIMIN_05507	CDS	153				hypothetical protein
NHKJIMIN_05508	gene	165				
NHKJIMIN_05508	CDS	165				hypothetical protein
NHKJIMIN_05509	gene	489				
NHKJIMIN_05509	CDS	489				hypothetical protein
NHKJIMIN_05510	gene	258				
NHKJIMIN_05510	CDS	258				hypothetical protein
NHKJIMIN_05511	gene	447				
NHKJIMIN_05511	CDS	447				hypothetical protein
NHKJIMIN_05512	gene	570	mshA_2			
NHKJIMIN_05512	CDS	570	mshA_2	2.4.1.250		D-inositol-3-phosphate glycosyltransferase
NHKJIMIN_05513	gene	366				
NHKJIMIN_05513	CDS	366				hypothetical protein
NHKJIMIN_05514	gene	153				
NHKJIMIN_05514	CDS	153				hypothetical protein
NHKJIMIN_05515	gene	249				
NHKJIMIN_05515	CDS	249				hypothetical protein
NHKJIMIN_05516	gene	363				
NHKJIMIN_05516	CDS	363				hypothetical protein
NHKJIMIN_05517	gene	369				
NHKJIMIN_05517	CDS	369				hypothetical protein
NHKJIMIN_05518	gene	408				
NHKJIMIN_05518	CDS	408				hypothetical protein
NHKJIMIN_05519	gene	207				
NHKJIMIN_05519	CDS	207				hypothetical protein
NHKJIMIN_05520	gene	255				
NHKJIMIN_05520	CDS	255				hypothetical protein
NHKJIMIN_05521	gene	219				
NHKJIMIN_05521	CDS	219				hypothetical protein
NHKJIMIN_05522	gene	291	glgC			
NHKJIMIN_05522	CDS	291	glgC	2.7.7.27		Glucose-1-phosphate adenylyltransferase
NHKJIMIN_05523	gene	390				
NHKJIMIN_05523	CDS	390				hypothetical protein
NHKJIMIN_05524	gene	531	frbH_1			
NHKJIMIN_05524	CDS	531	frbH_1			CMP-5'-(3-aminopropyl)phosphonate synthase
NHKJIMIN_05525	gene	288	frbH_2			
NHKJIMIN_05525	CDS	288	frbH_2			CMP-5'-(3-aminopropyl)phosphonate synthase
NHKJIMIN_05526	gene	177				
NHKJIMIN_05526	CDS	177				hypothetical protein
NHKJIMIN_05527	gene	174				
NHKJIMIN_05527	CDS	174				hypothetical protein
NHKJIMIN_05528	gene	444				
NHKJIMIN_05528	CDS	444				hypothetical protein
NHKJIMIN_05529	gene	429				
NHKJIMIN_05529	CDS	429				hypothetical protein
NHKJIMIN_05530	gene	489				
NHKJIMIN_05530	CDS	489				hypothetical protein
NHKJIMIN_05531	gene	219				
NHKJIMIN_05531	CDS	219				hypothetical protein
NHKJIMIN_05532	gene	573				
NHKJIMIN_05532	CDS	573				hypothetical protein
NHKJIMIN_05533	gene	303				
NHKJIMIN_05533	CDS	303				hypothetical protein
NHKJIMIN_05534	gene	168				
NHKJIMIN_05534	CDS	168				hypothetical protein
NHKJIMIN_05535	gene	150				
NHKJIMIN_05535	CDS	150				hypothetical protein
NHKJIMIN_05536	gene	270				
NHKJIMIN_05536	CDS	270				hypothetical protein
NHKJIMIN_05537	gene	921				
NHKJIMIN_05537	CDS	921				hypothetical protein
NHKJIMIN_05538	gene	288				
NHKJIMIN_05538	CDS	288				hypothetical protein
NHKJIMIN_05539	gene	1206	agaA_5			
NHKJIMIN_05539	CDS	1206	agaA_5	3.2.1.22	COG3345	Alpha-galactosidase A
NHKJIMIN_05540	gene	423				
NHKJIMIN_05540	CDS	423				hypothetical protein
NHKJIMIN_05541	gene	210				
NHKJIMIN_05541	CDS	210				hypothetical protein
NHKJIMIN_05542	gene	414	suhB_1			
NHKJIMIN_05542	CDS	414	suhB_1	3.1.3.25		Nus factor SuhB
NHKJIMIN_05543	gene	183				
NHKJIMIN_05543	CDS	183				hypothetical protein
NHKJIMIN_05544	gene	249	suhB_2			
NHKJIMIN_05544	CDS	249	suhB_2	3.1.3.25		Nus factor SuhB
NHKJIMIN_05545	gene	345				
NHKJIMIN_05545	CDS	345				hypothetical protein
NHKJIMIN_05546	gene	225				
NHKJIMIN_05546	CDS	225				hypothetical protein
NHKJIMIN_05547	gene	213				
NHKJIMIN_05547	CDS	213				hypothetical protein
NHKJIMIN_05548	gene	267				
NHKJIMIN_05548	CDS	267				hypothetical protein
NHKJIMIN_05549	gene	1077				
NHKJIMIN_05549	CDS	1077				hypothetical protein
NHKJIMIN_05550	gene	435				
NHKJIMIN_05550	CDS	435				hypothetical protein
NHKJIMIN_05551	gene	462				
NHKJIMIN_05551	CDS	462				hypothetical protein
NHKJIMIN_05552	gene	270	mro_4			
NHKJIMIN_05552	CDS	270	mro_4	5.1.3.3		Aldose 1-epimerase
NHKJIMIN_05553	gene	282				
NHKJIMIN_05553	CDS	282				hypothetical protein
NHKJIMIN_05554	gene	144				
NHKJIMIN_05554	CDS	144				hypothetical protein
NHKJIMIN_05555	gene	168				
NHKJIMIN_05555	CDS	168				hypothetical protein
NHKJIMIN_05556	gene	780	xylT			
NHKJIMIN_05556	CDS	780	xylT			D-xylose transporter
NHKJIMIN_05557	gene	204	cutC_1			
NHKJIMIN_05557	CDS	204	cutC_1	4.3.99.4	COG1882	Choline trimethylamine-lyase
NHKJIMIN_05558	gene	714	pflD			
NHKJIMIN_05558	CDS	714	pflD	4.2.1.172		Trans-4-hydroxy-L-proline dehydratase
NHKJIMIN_05559	gene	201				
NHKJIMIN_05559	CDS	201				hypothetical protein
NHKJIMIN_05560	gene	417				
NHKJIMIN_05560	CDS	417				hypothetical protein
NHKJIMIN_05561	gene	198				
NHKJIMIN_05561	CDS	198				hypothetical protein
NHKJIMIN_05562	gene	570	hpdA			
NHKJIMIN_05562	CDS	570	hpdA	1.97.1.-		4-hydroxyphenylacetate decarboxylase activating enzyme
NHKJIMIN_05563	gene	237				
NHKJIMIN_05563	CDS	237				hypothetical protein
NHKJIMIN_05564	gene	561	rcsC_10			
NHKJIMIN_05564	CDS	561	rcsC_10	2.7.13.3		Sensor histidine kinase RcsC
NHKJIMIN_05565	gene	108				
NHKJIMIN_05565	CDS	108				hypothetical protein
NHKJIMIN_05566	gene	306	rcsC_11			
NHKJIMIN_05566	CDS	306	rcsC_11	2.7.13.3		Sensor histidine kinase RcsC
NHKJIMIN_05567	gene	420				
NHKJIMIN_05567	CDS	420				hypothetical protein
NHKJIMIN_05568	gene	456				
NHKJIMIN_05568	CDS	456				hypothetical protein
NHKJIMIN_05569	gene	183				
NHKJIMIN_05569	CDS	183				hypothetical protein
NHKJIMIN_05570	gene	189				
NHKJIMIN_05570	CDS	189				hypothetical protein
NHKJIMIN_05571	gene	405				
NHKJIMIN_05571	CDS	405				hypothetical protein
NHKJIMIN_05572	gene	234				
NHKJIMIN_05572	CDS	234				hypothetical protein
NHKJIMIN_05573	gene	810				
NHKJIMIN_05573	CDS	810				hypothetical protein
NHKJIMIN_05574	gene	150				
NHKJIMIN_05574	CDS	150				hypothetical protein
NHKJIMIN_05575	gene	1062				
NHKJIMIN_05575	CDS	1062			COG1629	TonB-dependent receptor P26
NHKJIMIN_05576	gene	408				
NHKJIMIN_05576	CDS	408				hypothetical protein
NHKJIMIN_05577	gene	642				
NHKJIMIN_05577	CDS	642			COG4771	TonB-dependent receptor P3
NHKJIMIN_05578	gene	237				
NHKJIMIN_05578	CDS	237				hypothetical protein
NHKJIMIN_05579	gene	624				
NHKJIMIN_05579	CDS	624			COG4771	TonB-dependent receptor P3
NHKJIMIN_05580	gene	957				
NHKJIMIN_05580	CDS	957				hypothetical protein
NHKJIMIN_05581	gene	225				
NHKJIMIN_05581	CDS	225				hypothetical protein
NHKJIMIN_05582	gene	414				
NHKJIMIN_05582	CDS	414				hypothetical protein
NHKJIMIN_05583	gene	213				
NHKJIMIN_05583	CDS	213				hypothetical protein
NHKJIMIN_05584	gene	321				
NHKJIMIN_05584	CDS	321				hypothetical protein
NHKJIMIN_05585	gene	165				
NHKJIMIN_05585	CDS	165				hypothetical protein
NHKJIMIN_05586	gene	876				
NHKJIMIN_05586	CDS	876				hypothetical protein
NHKJIMIN_05587	gene	270				
NHKJIMIN_05587	CDS	270				hypothetical protein
NHKJIMIN_05588	gene	405				
NHKJIMIN_05588	CDS	405				hypothetical protein
NHKJIMIN_05589	gene	360				
NHKJIMIN_05589	CDS	360				hypothetical protein
NHKJIMIN_05590	gene	222				
NHKJIMIN_05590	CDS	222				hypothetical protein
NHKJIMIN_05591	gene	399				
NHKJIMIN_05591	CDS	399				hypothetical protein
NHKJIMIN_05592	gene	225				
NHKJIMIN_05592	CDS	225				hypothetical protein
NHKJIMIN_05593	gene	1353				
NHKJIMIN_05593	CDS	1353				hypothetical protein
NHKJIMIN_05594	gene	183				
NHKJIMIN_05594	CDS	183				hypothetical protein
NHKJIMIN_05595	gene	786	hypBA1_1			
NHKJIMIN_05595	CDS	786	hypBA1_1	3.2.1.185		Non-reducing end beta-L-arabinofuranosidase
NHKJIMIN_05596	gene	306	hypBA1_2			
NHKJIMIN_05596	CDS	306	hypBA1_2	3.2.1.185		Non-reducing end beta-L-arabinofuranosidase
NHKJIMIN_05597	gene	507	hypBA1_3			
NHKJIMIN_05597	CDS	507	hypBA1_3	3.2.1.185		Non-reducing end beta-L-arabinofuranosidase
NHKJIMIN_05598	gene	216				
NHKJIMIN_05598	CDS	216				hypothetical protein
NHKJIMIN_05599	gene	159				
NHKJIMIN_05599	CDS	159				hypothetical protein
NHKJIMIN_05600	gene	168				
NHKJIMIN_05600	CDS	168				hypothetical protein
NHKJIMIN_05601	gene	75				
NHKJIMIN_05601	tRNA	75				tRNA-Asn(gtt)
NHKJIMIN_05602	gene	75				
NHKJIMIN_05602	tRNA	75				tRNA-Asn(gtt)
NHKJIMIN_05603	gene	156				
NHKJIMIN_05603	CDS	156				hypothetical protein
NHKJIMIN_05604	gene	219				
NHKJIMIN_05604	CDS	219				hypothetical protein
NHKJIMIN_05605	gene	384	gsk			
NHKJIMIN_05605	CDS	384	gsk	2.7.1.73		Guanosine-inosine kinase
NHKJIMIN_05606	gene	198				
NHKJIMIN_05606	CDS	198				hypothetical protein
NHKJIMIN_05607	gene	387				
NHKJIMIN_05607	CDS	387				hypothetical protein
NHKJIMIN_05608	gene	567				
NHKJIMIN_05608	CDS	567		3.4.21.-		putative CtpA-like serine protease
NHKJIMIN_05609	gene	705				
NHKJIMIN_05609	CDS	705				hypothetical protein
NHKJIMIN_05610	gene	165				
NHKJIMIN_05610	CDS	165				hypothetical protein
NHKJIMIN_05611	gene	570				
NHKJIMIN_05611	CDS	570				hypothetical protein
NHKJIMIN_05612	gene	342				
NHKJIMIN_05612	CDS	342				hypothetical protein
NHKJIMIN_05613	gene	762	ispG_1			
NHKJIMIN_05613	CDS	762	ispG_1	1.17.7.3		4-hydroxy-3-methylbut-2-en-1-yl diphosphate synthase (ferredoxin)
NHKJIMIN_05614	gene	390	ispG_2			
NHKJIMIN_05614	CDS	390	ispG_2	1.17.7.1	COG0821	4-hydroxy-3-methylbut-2-en-1-yl diphosphate synthase (ferredoxin)
NHKJIMIN_05615	gene	141				
NHKJIMIN_05615	CDS	141				hypothetical protein
NHKJIMIN_05616	gene	180	purE_1			
NHKJIMIN_05616	CDS	180	purE_1	5.4.99.18		N5-carboxyaminoimidazole ribonucleotide mutase
NHKJIMIN_05617	gene	141	purE_2			
NHKJIMIN_05617	CDS	141	purE_2	5.4.99.18	COG0041	N5-carboxyaminoimidazole ribonucleotide mutase
NHKJIMIN_05618	gene	180	purE_3			
NHKJIMIN_05618	CDS	180	purE_3	5.4.99.18	COG0041	N5-carboxyaminoimidazole ribonucleotide mutase
NHKJIMIN_05619	gene	381	gcvH			
NHKJIMIN_05619	CDS	381	gcvH		COG0509	Glycine cleavage system H protein
NHKJIMIN_05620	gene	681				
NHKJIMIN_05620	CDS	681				hypothetical protein
NHKJIMIN_05621	gene	231	rpoN			
NHKJIMIN_05621	CDS	231	rpoN		COG1508	RNA polymerase sigma-54 factor
NHKJIMIN_05622	gene	348				
NHKJIMIN_05622	CDS	348				hypothetical protein
NHKJIMIN_05623	gene	807				
NHKJIMIN_05623	CDS	807				hypothetical protein
NHKJIMIN_05624	gene	726	pepP			
NHKJIMIN_05624	CDS	726	pepP	3.4.11.9	COG0006	Xaa-Pro aminopeptidase
NHKJIMIN_05625	gene	126				
NHKJIMIN_05625	CDS	126				hypothetical protein
NHKJIMIN_05626	gene	276	pepQ_1			
NHKJIMIN_05626	CDS	276	pepQ_1	3.4.13.9		Xaa-Pro dipeptidase
NHKJIMIN_05627	gene	183				
NHKJIMIN_05627	CDS	183				hypothetical protein
NHKJIMIN_05628	gene	207				
NHKJIMIN_05628	CDS	207				hypothetical protein
NHKJIMIN_05629	gene	255				
NHKJIMIN_05629	CDS	255				hypothetical protein
NHKJIMIN_05630	gene	768				
NHKJIMIN_05630	CDS	768				hypothetical protein
NHKJIMIN_05631	gene	570				
NHKJIMIN_05631	CDS	570				hypothetical protein
NHKJIMIN_05632	gene	144				
NHKJIMIN_05632	CDS	144				hypothetical protein
NHKJIMIN_05633	gene	183				
NHKJIMIN_05633	CDS	183				hypothetical protein
NHKJIMIN_05634	gene	417				
NHKJIMIN_05634	CDS	417				hypothetical protein
NHKJIMIN_05635	gene	120				
NHKJIMIN_05635	CDS	120				hypothetical protein
NHKJIMIN_05636	gene	441				
NHKJIMIN_05636	CDS	441				hypothetical protein
NHKJIMIN_05637	gene	456				
NHKJIMIN_05637	CDS	456				hypothetical protein
NHKJIMIN_05638	gene	378				
NHKJIMIN_05638	CDS	378				hypothetical protein
NHKJIMIN_05639	gene	546				
NHKJIMIN_05639	CDS	546				hypothetical protein
NHKJIMIN_05640	gene	216				
NHKJIMIN_05640	CDS	216				hypothetical protein
NHKJIMIN_05641	gene	705				
NHKJIMIN_05641	CDS	705				hypothetical protein
NHKJIMIN_05642	gene	102				
NHKJIMIN_05642	CDS	102				hypothetical protein
NHKJIMIN_05643	gene	435	rcsC_12			
NHKJIMIN_05643	CDS	435	rcsC_12	2.7.13.3	COG0784	Sensor histidine kinase RcsC
NHKJIMIN_05644	gene	384				
NHKJIMIN_05644	CDS	384				hypothetical protein
NHKJIMIN_05645	gene	153				
NHKJIMIN_05645	CDS	153				hypothetical protein
NHKJIMIN_05646	gene	393				
NHKJIMIN_05646	CDS	393				hypothetical protein
NHKJIMIN_05647	gene	336				
NHKJIMIN_05647	CDS	336				hypothetical protein
NHKJIMIN_05648	gene	945	udk_1			
NHKJIMIN_05648	CDS	945	udk_1	2.7.1.48		Uridine kinase
NHKJIMIN_05649	gene	348				
NHKJIMIN_05649	CDS	348				hypothetical protein
NHKJIMIN_05650	gene	234				
NHKJIMIN_05650	CDS	234				hypothetical protein
NHKJIMIN_05651	gene	264				
NHKJIMIN_05651	CDS	264				hypothetical protein
NHKJIMIN_05652	gene	741				
NHKJIMIN_05652	CDS	741				hypothetical protein
NHKJIMIN_05653	gene	204	norV_2			
NHKJIMIN_05653	CDS	204	norV_2			Anaerobic nitric oxide reductase flavorubredoxin
NHKJIMIN_05654	gene	411				
NHKJIMIN_05654	CDS	411				hypothetical protein
NHKJIMIN_05655	gene	711	luxQ_4			
NHKJIMIN_05655	CDS	711	luxQ_4	2.7.13.3		Autoinducer 2 sensor kinase/phosphatase LuxQ
NHKJIMIN_05656	gene	219	barA_1			
NHKJIMIN_05656	CDS	219	barA_1	2.7.13.3	COG2205	Signal transduction histidine-protein kinase BarA
NHKJIMIN_05657	gene	393	rcsC_13			
NHKJIMIN_05657	CDS	393	rcsC_13	2.7.13.3		Sensor histidine kinase RcsC
NHKJIMIN_05658	gene	141				
NHKJIMIN_05658	CDS	141				hypothetical protein
NHKJIMIN_05659	gene	843				
NHKJIMIN_05659	CDS	843				hypothetical protein
NHKJIMIN_05660	gene	216				
NHKJIMIN_05660	CDS	216				hypothetical protein
NHKJIMIN_05661	gene	396	yoaB			
NHKJIMIN_05661	CDS	396	yoaB	7.2.2.10	COG0474	Calcium-transporting ATPase 1
NHKJIMIN_05662	gene	879	kdpB_4			
NHKJIMIN_05662	CDS	879	kdpB_4	7.2.2.6		Potassium-transporting ATPase ATP-binding subunit
NHKJIMIN_05663	gene	123				
NHKJIMIN_05663	CDS	123				hypothetical protein
NHKJIMIN_05664	gene	114				
NHKJIMIN_05664	CDS	114				hypothetical protein
NHKJIMIN_05665	gene	168				
NHKJIMIN_05665	CDS	168		3.1.3.-	COG1011	D-ribitol-5-phosphate phosphatase
NHKJIMIN_05666	gene	180				
NHKJIMIN_05666	CDS	180				hypothetical protein
NHKJIMIN_05667	gene	120				
NHKJIMIN_05667	CDS	120				hypothetical protein
NHKJIMIN_05668	gene	765	ribCF			
NHKJIMIN_05668	CDS	765	ribCF		COG0196	Bifunctional riboflavin kinase/FMN adenylyltransferase
NHKJIMIN_05669	gene	237				
NHKJIMIN_05669	CDS	237				hypothetical protein
NHKJIMIN_05670	gene	477				
NHKJIMIN_05670	CDS	477				hypothetical protein
NHKJIMIN_05671	gene	396				
NHKJIMIN_05671	CDS	396				hypothetical protein
NHKJIMIN_05672	gene	216				
NHKJIMIN_05672	CDS	216				hypothetical protein
NHKJIMIN_05673	gene	330	sufE			
NHKJIMIN_05673	CDS	330	sufE			Cysteine desulfuration protein SufE
NHKJIMIN_05674	gene	390				
NHKJIMIN_05674	CDS	390				hypothetical protein
NHKJIMIN_05675	gene	405				
NHKJIMIN_05675	CDS	405				hypothetical protein
NHKJIMIN_05676	gene	228				
NHKJIMIN_05676	CDS	228				hypothetical protein
NHKJIMIN_05677	gene	663	ykfA			
NHKJIMIN_05677	CDS	663	ykfA	3.4.16.-	COG1619	putative murein peptide carboxypeptidase
NHKJIMIN_05678	gene	699				
NHKJIMIN_05678	CDS	699		3.2.1.103		Keratan-sulfate endo-1,4-beta-galactosidase
NHKJIMIN_05679	gene	162				
NHKJIMIN_05679	CDS	162				hypothetical protein
NHKJIMIN_05680	gene	417				
NHKJIMIN_05680	CDS	417				hypothetical protein
NHKJIMIN_05681	gene	180	buk_1			
NHKJIMIN_05681	CDS	180	buk_1	2.7.2.7		butyrate kinase
NHKJIMIN_05682	gene	147	buk_2			
NHKJIMIN_05682	CDS	147	buk_2	2.7.2.7		butyrate kinase
NHKJIMIN_05683	gene	813	buk2			
NHKJIMIN_05683	CDS	813	buk2	2.7.2.7	COG3426	Butyrate kinase 2
NHKJIMIN_05684	gene	186				
NHKJIMIN_05684	CDS	186				hypothetical protein
NHKJIMIN_05685	gene	552				
NHKJIMIN_05685	CDS	552				hypothetical protein
NHKJIMIN_05686	gene	210				
NHKJIMIN_05686	CDS	210				hypothetical protein
NHKJIMIN_05687	gene	321				
NHKJIMIN_05687	CDS	321				hypothetical protein
NHKJIMIN_05688	gene	303				
NHKJIMIN_05688	CDS	303				hypothetical protein
NHKJIMIN_05689	gene	201				
NHKJIMIN_05689	CDS	201				hypothetical protein
NHKJIMIN_05690	gene	255				
NHKJIMIN_05690	CDS	255				hypothetical protein
NHKJIMIN_05691	gene	183				
NHKJIMIN_05691	CDS	183				hypothetical protein
NHKJIMIN_05692	gene	189				
NHKJIMIN_05692	CDS	189				hypothetical protein
NHKJIMIN_05693	gene	237				
NHKJIMIN_05693	CDS	237				hypothetical protein
NHKJIMIN_05694	gene	636				
NHKJIMIN_05694	CDS	636				hypothetical protein
NHKJIMIN_05695	gene	162				
NHKJIMIN_05695	CDS	162				hypothetical protein
NHKJIMIN_05696	gene	288				
NHKJIMIN_05696	CDS	288				hypothetical protein
NHKJIMIN_05697	gene	273				
NHKJIMIN_05697	CDS	273				hypothetical protein
NHKJIMIN_05698	gene	252				
NHKJIMIN_05698	CDS	252				hypothetical protein
NHKJIMIN_05699	gene	216				
NHKJIMIN_05699	CDS	216				hypothetical protein
NHKJIMIN_05700	gene	189				
NHKJIMIN_05700	CDS	189				hypothetical protein
NHKJIMIN_05701	gene	564				
NHKJIMIN_05701	CDS	564				hypothetical protein
NHKJIMIN_05702	gene	213				
NHKJIMIN_05702	CDS	213				hypothetical protein
NHKJIMIN_05703	gene	243				
NHKJIMIN_05703	CDS	243				hypothetical protein
NHKJIMIN_05704	gene	267				
NHKJIMIN_05704	CDS	267				hypothetical protein
NHKJIMIN_05705	gene	180				
NHKJIMIN_05705	CDS	180				hypothetical protein
NHKJIMIN_05706	gene	189				
NHKJIMIN_05706	CDS	189				hypothetical protein
NHKJIMIN_05707	gene	258				
NHKJIMIN_05707	CDS	258				hypothetical protein
NHKJIMIN_05708	gene	279				
NHKJIMIN_05708	CDS	279				hypothetical protein
NHKJIMIN_05709	gene	156				
NHKJIMIN_05709	CDS	156				hypothetical protein
NHKJIMIN_05710	gene	195				
NHKJIMIN_05710	CDS	195				hypothetical protein
NHKJIMIN_05711	gene	348				
NHKJIMIN_05711	CDS	348				hypothetical protein
NHKJIMIN_05712	gene	168				
NHKJIMIN_05712	CDS	168				hypothetical protein
NHKJIMIN_05713	gene	183				
NHKJIMIN_05713	CDS	183				hypothetical protein
NHKJIMIN_05714	gene	540				
NHKJIMIN_05714	CDS	540				hypothetical protein
NHKJIMIN_05715	gene	186				
NHKJIMIN_05715	CDS	186				hypothetical protein
NHKJIMIN_05716	gene	249				
NHKJIMIN_05716	CDS	249				hypothetical protein
NHKJIMIN_05717	gene	117				
NHKJIMIN_05717	CDS	117				hypothetical protein
NHKJIMIN_05718	gene	459				
NHKJIMIN_05718	CDS	459				hypothetical protein
NHKJIMIN_05719	gene	222				
NHKJIMIN_05719	CDS	222				hypothetical protein
NHKJIMIN_05720	gene	189				
NHKJIMIN_05720	CDS	189				hypothetical protein
NHKJIMIN_05721	gene	426				
NHKJIMIN_05721	CDS	426				hypothetical protein
NHKJIMIN_05722	gene	546	pnp_1			
NHKJIMIN_05722	CDS	546	pnp_1	2.7.7.8	COG1185	Polyribonucleotide nucleotidyltransferase
NHKJIMIN_05723	gene	369	pnp_2			
NHKJIMIN_05723	CDS	369	pnp_2	2.7.7.8	COG1185	Polyribonucleotide nucleotidyltransferase
NHKJIMIN_05724	gene	369	pnp_3			
NHKJIMIN_05724	CDS	369	pnp_3	2.7.7.8		Polyribonucleotide nucleotidyltransferase
NHKJIMIN_05725	gene	369	pnp_4			
NHKJIMIN_05725	CDS	369	pnp_4	2.7.7.8	COG1185	Polyribonucleotide nucleotidyltransferase
NHKJIMIN_05726	gene	366	pnp_5			
NHKJIMIN_05726	CDS	366	pnp_5	2.7.7.8		Polyribonucleotide nucleotidyltransferase
NHKJIMIN_05727	gene	261	pnp_6			
NHKJIMIN_05727	CDS	261	pnp_6	2.7.7.8	COG1185	Polyribonucleotide nucleotidyltransferase
NHKJIMIN_05728	gene	132				
NHKJIMIN_05728	CDS	132				hypothetical protein
NHKJIMIN_05729	gene	1047	resA_2			
NHKJIMIN_05729	CDS	1047	resA_2			Thiol-disulfide oxidoreductase ResA
NHKJIMIN_05730	gene	465	greA			
NHKJIMIN_05730	CDS	465	greA		COG0782	Transcription elongation factor GreA
NHKJIMIN_05731	gene	252				
NHKJIMIN_05731	CDS	252				hypothetical protein
NHKJIMIN_05732	gene	171				
NHKJIMIN_05732	CDS	171				hypothetical protein
NHKJIMIN_05733	gene	1098	rfbM			
NHKJIMIN_05733	CDS	1098	rfbM	2.7.7.13		Mannose-1-phosphate guanylyltransferase RfbM
NHKJIMIN_05734	gene	84				
NHKJIMIN_05734	tRNA	84				tRNA-Leu(caa)
NHKJIMIN_05735	gene	621				
NHKJIMIN_05735	CDS	621				hypothetical protein
NHKJIMIN_05736	gene	249				
NHKJIMIN_05736	CDS	249				hypothetical protein
NHKJIMIN_05737	gene	429				
NHKJIMIN_05737	CDS	429				hypothetical protein
NHKJIMIN_05738	gene	144				
NHKJIMIN_05738	CDS	144				hypothetical protein
NHKJIMIN_05739	gene	558	ogt_1			
NHKJIMIN_05739	CDS	558	ogt_1	2.1.1.63		Methylated-DNA--protein-cysteine methyltransferase
NHKJIMIN_05740	gene	300				
NHKJIMIN_05740	CDS	300				hypothetical protein
NHKJIMIN_05741	gene	420	ogt_2			
NHKJIMIN_05741	CDS	420	ogt_2	2.1.1.63		Methylated-DNA--protein-cysteine methyltransferase
NHKJIMIN_05742	gene	288				
NHKJIMIN_05742	CDS	288				hypothetical protein
NHKJIMIN_05743	gene	174				
NHKJIMIN_05743	CDS	174				hypothetical protein
NHKJIMIN_05744	gene	171				
NHKJIMIN_05744	CDS	171				hypothetical protein
NHKJIMIN_05745	gene	213				
NHKJIMIN_05745	CDS	213		2.3.1.-		Putative acetyltransferase
NHKJIMIN_05746	gene	117	lacA			
NHKJIMIN_05746	CDS	117	lacA	2.3.1.18	COG0110	Galactoside O-acetyltransferase
NHKJIMIN_05747	gene	579				
NHKJIMIN_05747	CDS	579				hypothetical protein
NHKJIMIN_05748	gene	516				
NHKJIMIN_05748	CDS	516				hypothetical protein
NHKJIMIN_05749	gene	969				
NHKJIMIN_05749	CDS	969				hypothetical protein
NHKJIMIN_05750	gene	501	btuB_7			
NHKJIMIN_05750	CDS	501	btuB_7			Vitamin B12 transporter BtuB
NHKJIMIN_05751	gene	759				
NHKJIMIN_05751	CDS	759				hypothetical protein
NHKJIMIN_05752	gene	924				
NHKJIMIN_05752	CDS	924				hypothetical protein
NHKJIMIN_05753	gene	483				
NHKJIMIN_05753	CDS	483				hypothetical protein
NHKJIMIN_05754	gene	249				
NHKJIMIN_05754	CDS	249				hypothetical protein
NHKJIMIN_05755	gene	726				
NHKJIMIN_05755	CDS	726				hypothetical protein
NHKJIMIN_05756	gene	129				
NHKJIMIN_05756	CDS	129				hypothetical protein
NHKJIMIN_05757	gene	744	ypdB			
NHKJIMIN_05757	CDS	744	ypdB		COG3279	Transcriptional regulatory protein YpdB
NHKJIMIN_05758	gene	270				
NHKJIMIN_05758	CDS	270				hypothetical protein
NHKJIMIN_05759	gene	159				
NHKJIMIN_05759	CDS	159				hypothetical protein
NHKJIMIN_05760	gene	345				
NHKJIMIN_05760	CDS	345				hypothetical protein
NHKJIMIN_05761	gene	339				
NHKJIMIN_05761	CDS	339				hypothetical protein
NHKJIMIN_05762	gene	174				
NHKJIMIN_05762	CDS	174				hypothetical protein
NHKJIMIN_05763	gene	117				
NHKJIMIN_05763	CDS	117				hypothetical protein
NHKJIMIN_05764	gene	399	axeA1_2			
NHKJIMIN_05764	CDS	399	axeA1_2	3.1.1.72	COG0657	Acetylxylan esterase
NHKJIMIN_05765	gene	207				
NHKJIMIN_05765	CDS	207				hypothetical protein
NHKJIMIN_05766	gene	303				
NHKJIMIN_05766	CDS	303				hypothetical protein
NHKJIMIN_05767	gene	222				
NHKJIMIN_05767	CDS	222				hypothetical protein
NHKJIMIN_05768	gene	585				
NHKJIMIN_05768	CDS	585				hypothetical protein
NHKJIMIN_05769	gene	222				
NHKJIMIN_05769	CDS	222				hypothetical protein
NHKJIMIN_05770	gene	162				
NHKJIMIN_05770	CDS	162				hypothetical protein
NHKJIMIN_05771	gene	168				
NHKJIMIN_05771	CDS	168				hypothetical protein
NHKJIMIN_05772	gene	507				
NHKJIMIN_05772	CDS	507				hypothetical protein
NHKJIMIN_05773	gene	315				
NHKJIMIN_05773	CDS	315				hypothetical protein
NHKJIMIN_05774	gene	255				
NHKJIMIN_05774	CDS	255				hypothetical protein
NHKJIMIN_05775	gene	228				
NHKJIMIN_05775	CDS	228				hypothetical protein
NHKJIMIN_05776	gene	534				
NHKJIMIN_05776	CDS	534				hypothetical protein
NHKJIMIN_05777	gene	489				
NHKJIMIN_05777	CDS	489				hypothetical protein
NHKJIMIN_05778	gene	771				
NHKJIMIN_05778	CDS	771				hypothetical protein
NHKJIMIN_05779	gene	330				
NHKJIMIN_05779	CDS	330				hypothetical protein
NHKJIMIN_05780	gene	540				
NHKJIMIN_05780	CDS	540				hypothetical protein
NHKJIMIN_05781	gene	147				
NHKJIMIN_05781	CDS	147				hypothetical protein
NHKJIMIN_05782	gene	420				
NHKJIMIN_05782	CDS	420				hypothetical protein
NHKJIMIN_05783	gene	201				
NHKJIMIN_05783	CDS	201				hypothetical protein
NHKJIMIN_05784	gene	393				
NHKJIMIN_05784	CDS	393				hypothetical protein
NHKJIMIN_05785	gene	165				
NHKJIMIN_05785	CDS	165				hypothetical protein
NHKJIMIN_05786	gene	300				
NHKJIMIN_05786	CDS	300				hypothetical protein
NHKJIMIN_05787	gene	243				
NHKJIMIN_05787	CDS	243				hypothetical protein
NHKJIMIN_05788	gene	351				
NHKJIMIN_05788	CDS	351				hypothetical protein
NHKJIMIN_05789	gene	111				
NHKJIMIN_05789	CDS	111				hypothetical protein
NHKJIMIN_05790	gene	456				
NHKJIMIN_05790	CDS	456				hypothetical protein
NHKJIMIN_05791	gene	210				
NHKJIMIN_05791	CDS	210				hypothetical protein
NHKJIMIN_05792	gene	402				
NHKJIMIN_05792	CDS	402				hypothetical protein
NHKJIMIN_05793	gene	150				
NHKJIMIN_05793	CDS	150				hypothetical protein
NHKJIMIN_05794	gene	273				
NHKJIMIN_05794	CDS	273				hypothetical protein
NHKJIMIN_05795	gene	132	ansB_1			
NHKJIMIN_05795	CDS	132	ansB_1	3.5.1.1	COG0252	L-asparaginase 2
NHKJIMIN_05796	gene	168	ansB_2			
NHKJIMIN_05796	CDS	168	ansB_2	3.5.1.1	COG0252	L-asparaginase 2
NHKJIMIN_05797	gene	171	ansB_3			
NHKJIMIN_05797	CDS	171	ansB_3	3.5.1.1	COG0252	putative L-asparaginase periplasmic
NHKJIMIN_05798	gene	474	ansB_4			
NHKJIMIN_05798	CDS	474	ansB_4	3.5.1.1	COG0252	putative L-asparaginase periplasmic
NHKJIMIN_05799	gene	237	dcuB			
NHKJIMIN_05799	CDS	237	dcuB		COG2704	Anaerobic C4-dicarboxylate transporter DcuB
NHKJIMIN_05800	gene	675	dcuA			
NHKJIMIN_05800	CDS	675	dcuA		COG2704	C4-dicarboxylate transporter DcuA
NHKJIMIN_05801	gene	270				
NHKJIMIN_05801	CDS	270				hypothetical protein
NHKJIMIN_05802	gene	216	aspA_1			
NHKJIMIN_05802	CDS	216	aspA_1	4.3.1.1	COG1027	Aspartate ammonia-lyase
NHKJIMIN_05803	gene	660	aspA_2			
NHKJIMIN_05803	CDS	660	aspA_2	4.3.1.1	COG1027	Aspartate ammonia-lyase
NHKJIMIN_05804	gene	555	aspA_3			
NHKJIMIN_05804	CDS	555	aspA_3	4.3.1.1	COG1027	Aspartate ammonia-lyase
NHKJIMIN_05805	gene	417				
NHKJIMIN_05805	CDS	417				hypothetical protein
NHKJIMIN_05806	gene	228				
NHKJIMIN_05806	CDS	228				hypothetical protein
NHKJIMIN_05807	gene	89				
NHKJIMIN_05807	tRNA	89				tRNA-Ser(cga)
NHKJIMIN_05808	gene	189				
NHKJIMIN_05808	CDS	189				hypothetical protein
NHKJIMIN_05809	gene	189				
NHKJIMIN_05809	CDS	189				hypothetical protein
NHKJIMIN_05810	gene	273				
NHKJIMIN_05810	CDS	273				hypothetical protein
NHKJIMIN_05811	gene	321	priA_1			
NHKJIMIN_05811	CDS	321	priA_1	5.6.2.4		replication restart protein PriA
NHKJIMIN_05812	gene	159				
NHKJIMIN_05812	CDS	159				hypothetical protein
NHKJIMIN_05813	gene	465	priA_2			
NHKJIMIN_05813	CDS	465	priA_2	5.6.2.4	COG1198	Replication restart protein PriA
NHKJIMIN_05814	gene	663	priA_3			
NHKJIMIN_05814	CDS	663	priA_3	5.6.2.4	COG1198	Replication restart protein PriA
NHKJIMIN_05815	gene	429				
NHKJIMIN_05815	CDS	429				hypothetical protein
NHKJIMIN_05816	gene	153				
NHKJIMIN_05816	CDS	153				hypothetical protein
NHKJIMIN_05817	gene	654				
NHKJIMIN_05817	CDS	654				hypothetical protein
NHKJIMIN_05818	gene	618				
NHKJIMIN_05818	CDS	618				hypothetical protein
NHKJIMIN_05819	gene	483				
NHKJIMIN_05819	CDS	483		3.1.3.48	COG0394	Putative low molecular weight protein-tyrosine-phosphatase
NHKJIMIN_05820	gene	225	pgpH_1			
NHKJIMIN_05820	CDS	225	pgpH_1	3.1.4.59		Cyclic-di-AMP phosphodiesterase PgpH
NHKJIMIN_05821	gene	168				
NHKJIMIN_05821	CDS	168				hypothetical protein
NHKJIMIN_05822	gene	1167	pgpH_2			
NHKJIMIN_05822	CDS	1167	pgpH_2	3.1.4.59		Cyclic-di-AMP phosphodiesterase PgpH
NHKJIMIN_05823	gene	186				
NHKJIMIN_05823	CDS	186				hypothetical protein
NHKJIMIN_05824	gene	258				
NHKJIMIN_05824	CDS	258				hypothetical protein
NHKJIMIN_05825	gene	120	gltX_1			
NHKJIMIN_05825	CDS	120	gltX_1	6.1.1.17	COG0008	Glutamate--tRNA ligase
NHKJIMIN_05826	gene	126				
NHKJIMIN_05826	CDS	126				hypothetical protein
NHKJIMIN_05827	gene	546	gltX_2			
NHKJIMIN_05827	CDS	546	gltX_2	6.1.1.17		Glutamate--tRNA ligase
NHKJIMIN_05828	gene	372	gltX_3			
NHKJIMIN_05828	CDS	372	gltX_3	6.1.1.17		Glutamate--tRNA ligase
NHKJIMIN_05829	gene	99				
NHKJIMIN_05829	CDS	99				hypothetical protein
NHKJIMIN_05830	gene	234				
NHKJIMIN_05830	CDS	234				hypothetical protein
NHKJIMIN_05831	gene	924	waaA			
NHKJIMIN_05831	CDS	924	waaA	2.4.99.12	COG1519	3-deoxy-D-manno-octulosonic acid transferase
NHKJIMIN_05832	gene	327				
NHKJIMIN_05832	CDS	327		4.2.1.1	COG0663	Carbonic anhydrase
NHKJIMIN_05833	gene	225				
NHKJIMIN_05833	CDS	225		4.2.1.1	COG0663	Carbonic anhydrase
NHKJIMIN_05834	gene	708	pepQ_2			
NHKJIMIN_05834	CDS	708	pepQ_2	3.4.13.9		Xaa-Pro dipeptidase
NHKJIMIN_05835	gene	279				
NHKJIMIN_05835	CDS	279				hypothetical protein
NHKJIMIN_05836	gene	420				
NHKJIMIN_05836	CDS	420				hypothetical protein
NHKJIMIN_05837	gene	195				
NHKJIMIN_05837	CDS	195				hypothetical protein
NHKJIMIN_05838	gene	207	xerC_8			
NHKJIMIN_05838	CDS	207	xerC_8			Tyrosine recombinase XerC
NHKJIMIN_05839	gene	387	xerC_9			
NHKJIMIN_05839	CDS	387	xerC_9		COG4973	Tyrosine recombinase XerC
NHKJIMIN_05840	gene	195	xerD_4			
NHKJIMIN_05840	CDS	195	xerD_4			Tyrosine recombinase XerD
NHKJIMIN_05841	gene	297	hpf_2			
NHKJIMIN_05841	CDS	297	hpf_2			Ribosome hibernation promoting factor
NHKJIMIN_05842	gene	75				
NHKJIMIN_05842	tRNA	75				tRNA-Thr(tgt)
NHKJIMIN_05843	gene	84				
NHKJIMIN_05843	tRNA	84				tRNA-Tyr(gta)
NHKJIMIN_05844	gene	74				
NHKJIMIN_05844	tRNA	74				tRNA-Gly(tcc)
NHKJIMIN_05845	gene	71				
NHKJIMIN_05845	tRNA	71				tRNA-Thr(ggt)
NHKJIMIN_05846	gene	129	tuf_1			
NHKJIMIN_05846	CDS	129	tuf_1	3.6.5.3	COG0050	Elongation factor Tu
NHKJIMIN_05847	gene	318	tufA			
NHKJIMIN_05847	CDS	318	tufA	3.6.5.3		Elongation factor Tu
NHKJIMIN_05848	gene	618	tuf_2			
NHKJIMIN_05848	CDS	618	tuf_2	3.6.5.3		Elongation factor Tu
NHKJIMIN_05849	gene	471	nusG			
NHKJIMIN_05849	CDS	471	nusG		COG0250	Transcription termination/antitermination protein NusG
NHKJIMIN_05850	gene	435	rplK			
NHKJIMIN_05850	CDS	435	rplK		COG0080	Large ribosomal subunit protein uL11
NHKJIMIN_05851	gene	615	rplA			
NHKJIMIN_05851	CDS	615	rplA			Large ribosomal subunit protein uL1
NHKJIMIN_05852	gene	441	rplJ			
NHKJIMIN_05852	CDS	441	rplJ		COG0244	Large ribosomal subunit protein uL10
NHKJIMIN_05853	gene	330	rplL			
NHKJIMIN_05853	CDS	330	rplL			Large ribosomal subunit protein bL12
NHKJIMIN_05854	gene	279	rpoB_1			
NHKJIMIN_05854	CDS	279	rpoB_1	2.7.7.6	COG0085	DNA-directed RNA polymerase subunit beta
NHKJIMIN_05855	gene	843	rpoB_2			
NHKJIMIN_05855	CDS	843	rpoB_2	2.7.7.6	COG0085	DNA-directed RNA polymerase subunit beta
NHKJIMIN_05856	gene	234	rpoB_3			
NHKJIMIN_05856	CDS	234	rpoB_3	2.7.7.6	COG0085	DNA-directed RNA polymerase subunit beta
NHKJIMIN_05857	gene	834	rpoB_4			
NHKJIMIN_05857	CDS	834	rpoB_4	2.7.7.6	COG0085	DNA-directed RNA polymerase subunit beta
NHKJIMIN_05858	gene	453	rpoB_5			
NHKJIMIN_05858	CDS	453	rpoB_5	2.7.7.6	COG0085	DNA-directed RNA polymerase subunit beta
NHKJIMIN_05859	gene	621	rpoB_6			
NHKJIMIN_05859	CDS	621	rpoB_6	2.7.7.6	COG0085	DNA-directed RNA polymerase subunit beta
NHKJIMIN_05860	gene	441	rpoB_7			
NHKJIMIN_05860	CDS	441	rpoB_7	2.7.7.6	COG0085	DNA-directed RNA polymerase subunit beta
NHKJIMIN_05861	gene	684	rpoC_1			
NHKJIMIN_05861	CDS	684	rpoC_1	2.7.7.6		DNA-directed RNA polymerase subunit beta'
NHKJIMIN_05862	gene	1407	rpoC_2			
NHKJIMIN_05862	CDS	1407	rpoC_2	2.7.7.6	COG0086	DNA-directed RNA polymerase subunit beta'
NHKJIMIN_05863	gene	990	rpoC_3			
NHKJIMIN_05863	CDS	990	rpoC_3	2.7.7.6	COG0086	DNA-directed RNA polymerase subunit beta'
NHKJIMIN_05864	gene	1023	rpoC_4			
NHKJIMIN_05864	CDS	1023	rpoC_4	2.7.7.6	COG0086	DNA-directed RNA polymerase subunit beta'
NHKJIMIN_05865	gene	555				
NHKJIMIN_05865	CDS	555				hypothetical protein
NHKJIMIN_05866	gene	414				
NHKJIMIN_05866	CDS	414				hypothetical protein
NHKJIMIN_05867	gene	303				
NHKJIMIN_05867	CDS	303				hypothetical protein
NHKJIMIN_05868	gene	180				
NHKJIMIN_05868	CDS	180				hypothetical protein
NHKJIMIN_05869	gene	246				
NHKJIMIN_05869	CDS	246				hypothetical protein
NHKJIMIN_05870	gene	111				
NHKJIMIN_05870	CDS	111				hypothetical protein
NHKJIMIN_05871	gene	342				
NHKJIMIN_05871	CDS	342				hypothetical protein
NHKJIMIN_05872	gene	105				
NHKJIMIN_05872	CDS	105				hypothetical protein
NHKJIMIN_05873	gene	258	rpsL			
NHKJIMIN_05873	CDS	258	rpsL		COG0048	Small ribosomal subunit protein uS12
NHKJIMIN_05874	gene	309	rpsG_1			
NHKJIMIN_05874	CDS	309	rpsG_1			Small ribosomal subunit protein uS7
NHKJIMIN_05875	gene	171	rpsG_2			
NHKJIMIN_05875	CDS	171	rpsG_2			Small ribosomal subunit protein uS7
NHKJIMIN_05876	gene	672	fusA_1			
NHKJIMIN_05876	CDS	672	fusA_1	3.6.5.-	COG0480	Elongation factor G
NHKJIMIN_05877	gene	597	fus			
NHKJIMIN_05877	CDS	597	fus			Elongation factor G
NHKJIMIN_05878	gene	915	fusA_2			
NHKJIMIN_05878	CDS	915	fusA_2		COG0480	Elongation factor G
NHKJIMIN_05879	gene	306	rpsJ			
NHKJIMIN_05879	CDS	306	rpsJ		COG0051	Small ribosomal subunit protein uS10
NHKJIMIN_05880	gene	156				
NHKJIMIN_05880	CDS	156				hypothetical protein
NHKJIMIN_05881	gene	384	rplC			
NHKJIMIN_05881	CDS	384	rplC		COG0087	Large ribosomal subunit protein uL3
NHKJIMIN_05882	gene	237				
NHKJIMIN_05882	CDS	237				hypothetical protein
NHKJIMIN_05883	gene	144				
NHKJIMIN_05883	CDS	144				hypothetical protein
NHKJIMIN_05884	gene	120				
NHKJIMIN_05884	CDS	120				hypothetical protein
NHKJIMIN_05885	gene	132				
NHKJIMIN_05885	CDS	132				hypothetical protein
NHKJIMIN_05886	gene	273	rplW			
NHKJIMIN_05886	CDS	273	rplW			Large ribosomal subunit protein uL23
NHKJIMIN_05887	gene	150				
NHKJIMIN_05887	CDS	150				hypothetical protein
NHKJIMIN_05888	gene	555	rplB			
NHKJIMIN_05888	CDS	555	rplB		COG0090	Large ribosomal subunit protein uL2
NHKJIMIN_05889	gene	222	rpsS			
NHKJIMIN_05889	CDS	222	rpsS			Small ribosomal subunit protein uS19
NHKJIMIN_05890	gene	225				
NHKJIMIN_05890	CDS	225				hypothetical protein
NHKJIMIN_05891	gene	213	rplV			
NHKJIMIN_05891	CDS	213	rplV		COG0091	Large ribosomal subunit protein uL22
NHKJIMIN_05892	gene	501	rpsC			
NHKJIMIN_05892	CDS	501	rpsC		COG0092	Small ribosomal subunit protein uS3
NHKJIMIN_05893	gene	264	rplP			
NHKJIMIN_05893	CDS	264	rplP		COG0197	Large ribosomal subunit protein uL16
NHKJIMIN_05894	gene	198	rpmC			
NHKJIMIN_05894	CDS	198	rpmC		COG0255	Large ribosomal subunit protein uL29
NHKJIMIN_05895	gene	258	rpsQ			
NHKJIMIN_05895	CDS	258	rpsQ			Small ribosomal subunit protein uS17
NHKJIMIN_05896	gene	129	rplN_1			
NHKJIMIN_05896	CDS	129	rplN_1		COG0093	Large ribosomal subunit protein uL14
NHKJIMIN_05897	gene	198	rplN_2			
NHKJIMIN_05897	CDS	198	rplN_2		COG0093	Large ribosomal subunit protein uL14
NHKJIMIN_05898	gene	216	rplX			
NHKJIMIN_05898	CDS	216	rplX		COG0198	Large ribosomal subunit protein uL24
NHKJIMIN_05899	gene	609	rplE			
NHKJIMIN_05899	CDS	609	rplE		COG0094	Large ribosomal subunit protein uL5
NHKJIMIN_05900	gene	300	rpsN			
NHKJIMIN_05900	CDS	300	rpsN		COG0199	Small ribosomal subunit protein uS14
NHKJIMIN_05901	gene	147	rpsH			
NHKJIMIN_05901	CDS	147	rpsH		COG0096	Small ribosomal subunit protein uS8
NHKJIMIN_05902	gene	570	rplF			
NHKJIMIN_05902	CDS	570	rplF		COG0097	Large ribosomal subunit protein uL6
NHKJIMIN_05903	gene	294	rplR			
NHKJIMIN_05903	CDS	294	rplR		COG0256	Large ribosomal subunit protein uL18
NHKJIMIN_05904	gene	228	rpsE			
NHKJIMIN_05904	CDS	228	rpsE		COG0098	Small ribosomal subunit protein uS5
NHKJIMIN_05905	gene	177	rpmD			
NHKJIMIN_05905	CDS	177	rpmD		COG1841	Large ribosomal subunit protein uL30
NHKJIMIN_05906	gene	285	rplO			
NHKJIMIN_05906	CDS	285	rplO		COG0200	Large ribosomal subunit protein uL15
NHKJIMIN_05907	gene	894	secY_1			
NHKJIMIN_05907	CDS	894	secY_1		COG0201	Protein translocase subunit SecY
NHKJIMIN_05908	gene	261	secY_2			
NHKJIMIN_05908	CDS	261	secY_2		COG0201	Protein translocase subunit SecY
NHKJIMIN_05909	gene	270	map_1			
NHKJIMIN_05909	CDS	270	map_1	3.4.11.18	COG0024	Methionine aminopeptidase 1
NHKJIMIN_05910	gene	141				
NHKJIMIN_05910	CDS	141				hypothetical protein
NHKJIMIN_05911	gene	93	map_2			
NHKJIMIN_05911	CDS	93	map_2	3.4.11.18		Methionine aminopeptidase
NHKJIMIN_05912	gene	237	map_3			
NHKJIMIN_05912	CDS	237	map_3	3.4.11.18		Methionine aminopeptidase
NHKJIMIN_05913	gene	219	infA			
NHKJIMIN_05913	CDS	219	infA		COG0361	Translation initiation factor IF-1
NHKJIMIN_05914	gene	117	rpmJ			
NHKJIMIN_05914	CDS	117	rpmJ		COG0257	Large ribosomal subunit protein bL36
NHKJIMIN_05915	gene	111	rpsM_1			
NHKJIMIN_05915	CDS	111	rpsM_1			Small ribosomal subunit protein uS13
NHKJIMIN_05916	gene	243	rpsM_2			
NHKJIMIN_05916	CDS	243	rpsM_2			Small ribosomal subunit protein uS13
NHKJIMIN_05917	gene	198	rpsK			
NHKJIMIN_05917	CDS	198	rpsK		COG0100	Small ribosomal subunit protein uS11
NHKJIMIN_05918	gene	606	rpsD			
NHKJIMIN_05918	CDS	606	rpsD			Small ribosomal subunit protein uS4
NHKJIMIN_05919	gene	261	rpoA_1			
NHKJIMIN_05919	CDS	261	rpoA_1	2.7.7.6	COG0202	DNA-directed RNA polymerase subunit alpha
NHKJIMIN_05920	gene	696	rpoA_2			
NHKJIMIN_05920	CDS	696	rpoA_2	2.7.7.6	COG0202	DNA-directed RNA polymerase subunit alpha
NHKJIMIN_05921	gene	429	rplQ			
NHKJIMIN_05921	CDS	429	rplQ			Large ribosomal subunit protein bL17
NHKJIMIN_05922	gene	366				
NHKJIMIN_05922	CDS	366				hypothetical protein
NHKJIMIN_05923	gene	429				
NHKJIMIN_05923	CDS	429				hypothetical protein
NHKJIMIN_05924	gene	231				
NHKJIMIN_05924	CDS	231				hypothetical protein
NHKJIMIN_05925	gene	636	mutS_7			
NHKJIMIN_05925	CDS	636	mutS_7			DNA mismatch repair protein MutS
NHKJIMIN_05926	gene	297				
NHKJIMIN_05926	CDS	297				hypothetical protein
NHKJIMIN_05927	gene	324				
NHKJIMIN_05927	CDS	324				hypothetical protein
NHKJIMIN_05928	gene	252				
NHKJIMIN_05928	CDS	252				hypothetical protein
NHKJIMIN_05929	gene	351				
NHKJIMIN_05929	CDS	351				hypothetical protein
NHKJIMIN_05930	gene	168				
NHKJIMIN_05930	CDS	168				hypothetical protein
NHKJIMIN_05931	gene	294				
NHKJIMIN_05931	CDS	294				hypothetical protein
NHKJIMIN_05932	gene	225	hutU_1			
NHKJIMIN_05932	CDS	225	hutU_1	4.2.1.49	COG2987	Urocanate hydratase
NHKJIMIN_05933	gene	624	hutU_2			
NHKJIMIN_05933	CDS	624	hutU_2	4.2.1.49		Urocanate hydratase
NHKJIMIN_05934	gene	465	hutU_3			
NHKJIMIN_05934	CDS	465	hutU_3	4.2.1.49		Urocanate hydratase
NHKJIMIN_05935	gene	306	hutU_4			
NHKJIMIN_05935	CDS	306	hutU_4	4.2.1.49		Urocanate hydratase
NHKJIMIN_05936	gene	168				
NHKJIMIN_05936	CDS	168		2.1.2.5		Glutamate formimidoyltransferase
NHKJIMIN_05937	gene	648				
NHKJIMIN_05937	CDS	648		2.1.2.5		Glutamate formimidoyltransferase
NHKJIMIN_05938	gene	261				
NHKJIMIN_05938	CDS	261				hypothetical protein
NHKJIMIN_05939	gene	756	hutI			
NHKJIMIN_05939	CDS	756	hutI	3.5.2.7	COG1228	Imidazolonepropionase
NHKJIMIN_05940	gene	180				
NHKJIMIN_05940	CDS	180				hypothetical protein
NHKJIMIN_05941	gene	387				
NHKJIMIN_05941	CDS	387				hypothetical protein
NHKJIMIN_05942	gene	276				
NHKJIMIN_05942	CDS	276				hypothetical protein
NHKJIMIN_05943	gene	690	hutH_1			
NHKJIMIN_05943	CDS	690	hutH_1	4.3.1.3		Histidine ammonia-lyase
NHKJIMIN_05944	gene	249	hutH_2			
NHKJIMIN_05944	CDS	249	hutH_2	4.3.1.3		Histidine ammonia-lyase
NHKJIMIN_05945	gene	393	hutH_3			
NHKJIMIN_05945	CDS	393	hutH_3	4.3.1.3	COG2986	Histidine ammonia-lyase
NHKJIMIN_05946	gene	96				
NHKJIMIN_05946	CDS	96				hypothetical protein
NHKJIMIN_05947	gene	255				
NHKJIMIN_05947	CDS	255				hypothetical protein
NHKJIMIN_05948	gene	153				
NHKJIMIN_05948	CDS	153				hypothetical protein
NHKJIMIN_05949	gene	285				
NHKJIMIN_05949	CDS	285				hypothetical protein
NHKJIMIN_05950	gene	201				
NHKJIMIN_05950	CDS	201				hypothetical protein
NHKJIMIN_05951	gene	123				
NHKJIMIN_05951	CDS	123				hypothetical protein
NHKJIMIN_05952	gene	135				
NHKJIMIN_05952	CDS	135				hypothetical protein
NHKJIMIN_05953	gene	735				
NHKJIMIN_05953	CDS	735				hypothetical protein
NHKJIMIN_05954	gene	648				
NHKJIMIN_05954	CDS	648				hypothetical protein
NHKJIMIN_05955	gene	156				
NHKJIMIN_05955	CDS	156				hypothetical protein
NHKJIMIN_05956	gene	174				
NHKJIMIN_05956	CDS	174				hypothetical protein
NHKJIMIN_05957	gene	696	mdtB_2			
NHKJIMIN_05957	CDS	696	mdtB_2			Multidrug resistance protein MdtB
NHKJIMIN_05958	gene	1890	mdtB_3			
NHKJIMIN_05958	CDS	1890	mdtB_3			Multidrug resistance protein MdtB
NHKJIMIN_05959	gene	387	mdtB_4			
NHKJIMIN_05959	CDS	387	mdtB_4			Multidrug resistance protein MdtB
NHKJIMIN_05960	gene	294				
NHKJIMIN_05960	CDS	294				hypothetical protein
NHKJIMIN_05961	gene	318				
NHKJIMIN_05961	CDS	318				hypothetical protein
NHKJIMIN_05962	gene	846				
NHKJIMIN_05962	CDS	846				hypothetical protein
NHKJIMIN_05963	gene	186				
NHKJIMIN_05963	CDS	186				hypothetical protein
NHKJIMIN_05964	gene	453				
NHKJIMIN_05964	CDS	453				hypothetical protein
NHKJIMIN_05965	gene	402				
NHKJIMIN_05965	CDS	402				hypothetical protein
NHKJIMIN_05966	gene	120				
NHKJIMIN_05966	CDS	120				hypothetical protein
NHKJIMIN_05967	gene	129				
NHKJIMIN_05967	CDS	129				hypothetical protein
NHKJIMIN_05968	gene	483				
NHKJIMIN_05968	CDS	483				hypothetical protein
NHKJIMIN_05969	gene	414				
NHKJIMIN_05969	CDS	414				hypothetical protein
NHKJIMIN_05970	gene	243				
NHKJIMIN_05970	CDS	243				hypothetical protein
NHKJIMIN_05971	gene	216				
NHKJIMIN_05971	CDS	216				hypothetical protein
NHKJIMIN_05972	gene	600				
NHKJIMIN_05972	CDS	600				hypothetical protein
NHKJIMIN_05973	gene	258				
NHKJIMIN_05973	CDS	258				hypothetical protein
NHKJIMIN_05974	gene	390				
NHKJIMIN_05974	CDS	390				hypothetical protein
NHKJIMIN_05975	gene	138				
NHKJIMIN_05975	CDS	138				hypothetical protein
NHKJIMIN_05976	gene	219				
NHKJIMIN_05976	CDS	219				hypothetical protein
NHKJIMIN_05977	gene	327				
NHKJIMIN_05977	CDS	327				hypothetical protein
NHKJIMIN_05978	gene	384				
NHKJIMIN_05978	CDS	384				hypothetical protein
NHKJIMIN_05979	gene	204				
NHKJIMIN_05979	CDS	204				hypothetical protein
NHKJIMIN_05980	gene	873				
NHKJIMIN_05980	CDS	873				hypothetical protein
NHKJIMIN_05981	gene	153				
NHKJIMIN_05981	CDS	153				hypothetical protein
NHKJIMIN_05982	gene	144				
NHKJIMIN_05982	CDS	144				hypothetical protein
NHKJIMIN_05983	gene	327				
NHKJIMIN_05983	CDS	327				hypothetical protein
NHKJIMIN_05984	gene	411				
NHKJIMIN_05984	CDS	411				hypothetical protein
NHKJIMIN_05985	gene	390				
NHKJIMIN_05985	CDS	390				hypothetical protein
NHKJIMIN_05986	gene	315				
NHKJIMIN_05986	CDS	315				hypothetical protein
NHKJIMIN_05987	gene	774	xerC_10			
NHKJIMIN_05987	CDS	774	xerC_10			Tyrosine recombinase XerC
NHKJIMIN_05988	gene	219				
NHKJIMIN_05988	CDS	219				hypothetical protein
NHKJIMIN_05989	gene	132				
NHKJIMIN_05989	CDS	132				hypothetical protein
NHKJIMIN_05990	gene	168				
NHKJIMIN_05990	CDS	168				hypothetical protein
NHKJIMIN_05991	gene	318				
NHKJIMIN_05991	CDS	318				hypothetical protein
NHKJIMIN_05992	gene	663				
NHKJIMIN_05992	CDS	663				hypothetical protein
NHKJIMIN_05993	gene	363				
NHKJIMIN_05993	CDS	363				hypothetical protein
NHKJIMIN_05994	gene	678				
NHKJIMIN_05994	CDS	678				hypothetical protein
NHKJIMIN_05995	gene	684				
NHKJIMIN_05995	CDS	684				hypothetical protein
NHKJIMIN_05996	gene	507				
NHKJIMIN_05996	CDS	507				hypothetical protein
NHKJIMIN_05997	gene	117				
NHKJIMIN_05997	CDS	117				hypothetical protein
NHKJIMIN_05998	gene	510				
NHKJIMIN_05998	CDS	510				hypothetical protein
NHKJIMIN_05999	gene	99				
NHKJIMIN_05999	CDS	99				hypothetical protein
NHKJIMIN_06000	gene	216				
NHKJIMIN_06000	CDS	216				hypothetical protein
NHKJIMIN_06001	gene	747				
NHKJIMIN_06001	CDS	747				hypothetical protein
NHKJIMIN_06002	gene	231				
NHKJIMIN_06002	CDS	231				hypothetical protein
NHKJIMIN_06003	gene	249				
NHKJIMIN_06003	CDS	249				hypothetical protein
NHKJIMIN_06004	gene	372				
NHKJIMIN_06004	CDS	372				hypothetical protein
NHKJIMIN_06005	gene	438				
NHKJIMIN_06005	CDS	438				hypothetical protein
NHKJIMIN_06006	gene	279				
NHKJIMIN_06006	CDS	279				hypothetical protein
NHKJIMIN_06007	gene	1251				
NHKJIMIN_06007	CDS	1251				hypothetical protein
NHKJIMIN_06008	gene	480				
NHKJIMIN_06008	CDS	480				hypothetical protein
NHKJIMIN_06009	gene	234				
NHKJIMIN_06009	CDS	234				hypothetical protein
NHKJIMIN_06010	gene	345				
NHKJIMIN_06010	CDS	345				hypothetical protein
NHKJIMIN_06011	gene	447				
NHKJIMIN_06011	CDS	447				hypothetical protein
NHKJIMIN_06012	gene	204				
NHKJIMIN_06012	CDS	204				hypothetical protein
NHKJIMIN_06013	gene	291				
NHKJIMIN_06013	CDS	291				hypothetical protein
NHKJIMIN_06014	gene	267				
NHKJIMIN_06014	CDS	267				hypothetical protein
NHKJIMIN_06015	gene	585				
NHKJIMIN_06015	CDS	585				hypothetical protein
NHKJIMIN_06016	gene	360				
NHKJIMIN_06016	CDS	360				hypothetical protein
NHKJIMIN_06017	gene	297				
NHKJIMIN_06017	CDS	297				hypothetical protein
NHKJIMIN_06018	gene	177				
NHKJIMIN_06018	CDS	177				hypothetical protein
NHKJIMIN_06019	gene	156				
NHKJIMIN_06019	CDS	156				hypothetical protein
NHKJIMIN_06020	gene	1212				
NHKJIMIN_06020	CDS	1212				hypothetical protein
NHKJIMIN_06021	gene	777				
NHKJIMIN_06021	CDS	777				hypothetical protein
NHKJIMIN_06022	gene	600				
NHKJIMIN_06022	CDS	600				hypothetical protein
NHKJIMIN_06023	gene	255				
NHKJIMIN_06023	CDS	255				hypothetical protein
NHKJIMIN_06024	gene	291				
NHKJIMIN_06024	CDS	291				hypothetical protein
NHKJIMIN_06025	gene	210				
NHKJIMIN_06025	CDS	210				hypothetical protein
NHKJIMIN_06026	gene	717				
NHKJIMIN_06026	CDS	717				hypothetical protein
NHKJIMIN_06027	gene	198				
NHKJIMIN_06027	CDS	198				hypothetical protein
NHKJIMIN_06028	gene	363				
NHKJIMIN_06028	CDS	363				hypothetical protein
NHKJIMIN_06029	gene	348				
NHKJIMIN_06029	CDS	348				hypothetical protein
NHKJIMIN_06030	gene	321				
NHKJIMIN_06030	CDS	321				hypothetical protein
NHKJIMIN_06031	gene	207				
NHKJIMIN_06031	CDS	207				hypothetical protein
NHKJIMIN_06032	gene	519				
NHKJIMIN_06032	CDS	519				Iron-sulfur cluster carrier protein
NHKJIMIN_06033	gene	510				
NHKJIMIN_06033	CDS	510				hypothetical protein
NHKJIMIN_06034	gene	195				
NHKJIMIN_06034	CDS	195				hypothetical protein
NHKJIMIN_06035	gene	264				
NHKJIMIN_06035	CDS	264				hypothetical protein
NHKJIMIN_06036	gene	357				
NHKJIMIN_06036	CDS	357				hypothetical protein
NHKJIMIN_06037	gene	291	yclP			
NHKJIMIN_06037	CDS	291	yclP	7.2.2.-	COG4604	Petrobactin import ATP-binding protein YclP
NHKJIMIN_06038	gene	447	btuD_2			
NHKJIMIN_06038	CDS	447	btuD_2	7.6.2.8		Vitamin B12 import ATP-binding protein BtuD
NHKJIMIN_06039	gene	447				
NHKJIMIN_06039	CDS	447				hypothetical protein
NHKJIMIN_06040	gene	390	btuC			
NHKJIMIN_06040	CDS	390	btuC			Vitamin B12 import system permease protein BtuC
NHKJIMIN_06041	gene	171				
NHKJIMIN_06041	CDS	171				hypothetical protein
NHKJIMIN_06042	gene	696				
NHKJIMIN_06042	CDS	696				hypothetical protein
NHKJIMIN_06043	gene	189				
NHKJIMIN_06043	CDS	189				hypothetical protein
NHKJIMIN_06044	gene	219				
NHKJIMIN_06044	CDS	219				hypothetical protein
NHKJIMIN_06045	gene	462				
NHKJIMIN_06045	CDS	462				hypothetical protein
NHKJIMIN_06046	gene	252				
NHKJIMIN_06046	CDS	252				hypothetical protein
NHKJIMIN_06047	gene	276				
NHKJIMIN_06047	CDS	276				hypothetical protein
NHKJIMIN_06048	gene	399				
NHKJIMIN_06048	CDS	399				hypothetical protein
NHKJIMIN_06049	gene	219				
NHKJIMIN_06049	CDS	219				hypothetical protein
NHKJIMIN_06050	gene	660				
NHKJIMIN_06050	CDS	660				hypothetical protein
NHKJIMIN_06051	gene	363				
NHKJIMIN_06051	CDS	363				hypothetical protein
NHKJIMIN_06052	gene	663				
NHKJIMIN_06052	CDS	663				hypothetical protein
NHKJIMIN_06053	gene	408				
NHKJIMIN_06053	CDS	408				hypothetical protein
NHKJIMIN_06054	gene	243				
NHKJIMIN_06054	CDS	243				hypothetical protein
NHKJIMIN_06055	gene	180				
NHKJIMIN_06055	CDS	180				hypothetical protein
NHKJIMIN_06056	gene	327				
NHKJIMIN_06056	CDS	327				hypothetical protein
NHKJIMIN_06057	gene	345				
NHKJIMIN_06057	CDS	345				hypothetical protein
NHKJIMIN_06058	gene	129				
NHKJIMIN_06058	CDS	129				hypothetical protein
NHKJIMIN_06059	gene	207				
NHKJIMIN_06059	CDS	207				hypothetical protein
NHKJIMIN_06060	gene	252				
NHKJIMIN_06060	CDS	252				hypothetical protein
NHKJIMIN_06061	gene	612				
NHKJIMIN_06061	CDS	612				hypothetical protein
NHKJIMIN_06062	gene	267				
NHKJIMIN_06062	CDS	267				hypothetical protein
NHKJIMIN_06063	gene	531				
NHKJIMIN_06063	CDS	531				hypothetical protein
NHKJIMIN_06064	gene	414				
NHKJIMIN_06064	CDS	414				hypothetical protein
NHKJIMIN_06065	gene	348				
NHKJIMIN_06065	CDS	348				hypothetical protein
NHKJIMIN_06066	gene	501				
NHKJIMIN_06066	CDS	501				hypothetical protein
NHKJIMIN_06067	gene	1520				
NHKJIMIN_06067	rRNA	1520				16S ribosomal RNA
NHKJIMIN_06068	gene	77				
NHKJIMIN_06068	tRNA	77				tRNA-Ile(gat)
NHKJIMIN_06069	gene	76				
NHKJIMIN_06069	tRNA	76				tRNA-Ala(tgc)
NHKJIMIN_06070	gene	2882				
NHKJIMIN_06070	rRNA	2882				23S ribosomal RNA
NHKJIMIN_06071	gene	106				
NHKJIMIN_06071	rRNA	106				5S ribosomal RNA
NHKJIMIN_06072	gene	393				
NHKJIMIN_06072	CDS	393				hypothetical protein
NHKJIMIN_06073	gene	267	fabH_2			
NHKJIMIN_06073	CDS	267	fabH_2	2.3.1.180		Beta-ketoacyl-[acyl-carrier-protein] synthase III
NHKJIMIN_06074	gene	639	fabH_3			
NHKJIMIN_06074	CDS	639	fabH_3	2.3.1.180		Beta-ketoacyl-[acyl-carrier-protein] synthase III
NHKJIMIN_06075	gene	192	era_1			
NHKJIMIN_06075	CDS	192	era_1		COG1159	GTPase Era
NHKJIMIN_06076	gene	537	era_2			
NHKJIMIN_06076	CDS	537	era_2		COG1159	GTPase Era
NHKJIMIN_06077	gene	441	der_2			
NHKJIMIN_06077	CDS	441	der_2			GTPase Der
NHKJIMIN_06078	gene	177	der_3			
NHKJIMIN_06078	CDS	177	der_3			GTPase Der
NHKJIMIN_06079	gene	447	der_4			
NHKJIMIN_06079	CDS	447	der_4		COG1160	GTPase Der
NHKJIMIN_06080	gene	108				
NHKJIMIN_06080	CDS	108				hypothetical protein
NHKJIMIN_06081	gene	483	desR			
NHKJIMIN_06081	CDS	483	desR		COG2197	Transcriptional regulatory protein DesR
NHKJIMIN_06082	gene	348	metN			
NHKJIMIN_06082	CDS	348	metN	7.4.2.11	COG1135	Methionine import ATP-binding protein MetN
NHKJIMIN_06083	gene	201				
NHKJIMIN_06083	CDS	201				hypothetical protein
NHKJIMIN_06084	gene	297				
NHKJIMIN_06084	CDS	297				hypothetical protein
NHKJIMIN_06085	gene	603	mlaE			
NHKJIMIN_06085	CDS	603	mlaE		COG0767	Intermembrane phospholipid transport system permease protein MlaE
NHKJIMIN_06086	gene	624	btuD_3			
NHKJIMIN_06086	CDS	624	btuD_3	7.6.2.8		Vitamin B12 import ATP-binding protein BtuD
NHKJIMIN_06087	gene	135				
NHKJIMIN_06087	CDS	135				hypothetical protein
NHKJIMIN_06088	gene	102				
NHKJIMIN_06088	CDS	102				hypothetical protein
NHKJIMIN_06089	gene	294				
NHKJIMIN_06089	CDS	294				hypothetical protein
NHKJIMIN_06090	gene	540				
NHKJIMIN_06090	CDS	540				hypothetical protein
NHKJIMIN_06091	gene	318				
NHKJIMIN_06091	CDS	318				hypothetical protein
NHKJIMIN_06092	gene	1113	tig			
NHKJIMIN_06092	CDS	1113	tig	5.2.1.8		Trigger factor
NHKJIMIN_06093	gene	105				
NHKJIMIN_06093	CDS	105				hypothetical protein
NHKJIMIN_06094	gene	570	clpP			
NHKJIMIN_06094	CDS	570	clpP	3.4.21.92		ATP-dependent Clp protease proteolytic subunit
NHKJIMIN_06095	gene	318	clpX_1			
NHKJIMIN_06095	CDS	318	clpX_1		COG1219	ATP-dependent Clp protease ATP-binding subunit ClpX
NHKJIMIN_06096	gene	324	clpX_2			
NHKJIMIN_06096	CDS	324	clpX_2			ATP-dependent Clp protease ATP-binding subunit ClpX
NHKJIMIN_06097	gene	237	clpX_3			
NHKJIMIN_06097	CDS	237	clpX_3			ATP-dependent Clp protease ATP-binding subunit ClpX
NHKJIMIN_06098	gene	243	clpX_4			
NHKJIMIN_06098	CDS	243	clpX_4		COG1219	ATP-dependent Clp protease ATP-binding subunit ClpX
NHKJIMIN_06099	gene	1116	recQ_1			
NHKJIMIN_06099	CDS	1116	recQ_1	5.6.2.4	COG0514	ATP-dependent DNA helicase RecQ
NHKJIMIN_06100	gene	654	recQ_2			
NHKJIMIN_06100	CDS	654	recQ_2	5.6.2.4	COG0514	ATP-dependent DNA helicase RecQ
NHKJIMIN_06101	gene	303				
NHKJIMIN_06101	CDS	303				hypothetical protein
NHKJIMIN_06102	gene	219	guaB_1			
NHKJIMIN_06102	CDS	219	guaB_1	1.1.1.205	COG0516	Inosine-5'-monophosphate dehydrogenase
NHKJIMIN_06103	gene	1179	guaB_2			
NHKJIMIN_06103	CDS	1179	guaB_2	1.1.1.205	COG0516	Inosine-5'-monophosphate dehydrogenase
NHKJIMIN_06104	gene	171				
NHKJIMIN_06104	CDS	171				hypothetical protein
NHKJIMIN_06105	gene	522	surA_1			
NHKJIMIN_06105	CDS	522	surA_1	5.2.1.8		Chaperone SurA
NHKJIMIN_06106	gene	291				
NHKJIMIN_06106	CDS	291				hypothetical protein
NHKJIMIN_06107	gene	279				
NHKJIMIN_06107	CDS	279				hypothetical protein
NHKJIMIN_06108	gene	180				
NHKJIMIN_06108	CDS	180				hypothetical protein
NHKJIMIN_06109	gene	192				
NHKJIMIN_06109	CDS	192				hypothetical protein
NHKJIMIN_06110	gene	594				
NHKJIMIN_06110	CDS	594				hypothetical protein
NHKJIMIN_06111	gene	252				
NHKJIMIN_06111	CDS	252				hypothetical protein
NHKJIMIN_06112	gene	1383	surA_2			
NHKJIMIN_06112	CDS	1383	surA_2	5.2.1.8		Chaperone SurA
NHKJIMIN_06113	gene	222				
NHKJIMIN_06113	CDS	222				hypothetical protein
NHKJIMIN_06114	gene	351				
NHKJIMIN_06114	CDS	351				hypothetical protein
NHKJIMIN_06115	gene	696				
NHKJIMIN_06115	CDS	696				hypothetical protein
NHKJIMIN_06116	gene	414				
NHKJIMIN_06116	CDS	414				hypothetical protein
NHKJIMIN_06117	gene	183				
NHKJIMIN_06117	CDS	183				hypothetical protein
NHKJIMIN_06118	gene	294	mutL_1			
NHKJIMIN_06118	CDS	294	mutL_1		COG0323	DNA mismatch repair protein MutL
NHKJIMIN_06119	gene	990	mutL_2			
NHKJIMIN_06119	CDS	990	mutL_2			DNA mismatch repair protein MutL
NHKJIMIN_06120	gene	630	mutL_3			
NHKJIMIN_06120	CDS	630	mutL_3			DNA mismatch repair protein MutL
NHKJIMIN_06121	gene	393				
NHKJIMIN_06121	CDS	393				hypothetical protein
NHKJIMIN_06122	gene	243				
NHKJIMIN_06122	CDS	243				hypothetical protein
NHKJIMIN_06123	gene	183				
NHKJIMIN_06123	CDS	183				hypothetical protein
NHKJIMIN_06124	gene	216				
NHKJIMIN_06124	CDS	216				hypothetical protein
NHKJIMIN_06125	gene	99				
NHKJIMIN_06125	CDS	99				hypothetical protein
NHKJIMIN_06126	gene	189				
NHKJIMIN_06126	CDS	189				hypothetical protein
NHKJIMIN_06127	gene	156				
NHKJIMIN_06127	CDS	156				hypothetical protein
NHKJIMIN_06128	gene	213				
NHKJIMIN_06128	CDS	213				hypothetical protein
NHKJIMIN_06129	gene	264				
NHKJIMIN_06129	CDS	264				hypothetical protein
NHKJIMIN_06130	gene	366				
NHKJIMIN_06130	CDS	366				hypothetical protein
NHKJIMIN_06131	gene	234				
NHKJIMIN_06131	CDS	234				hypothetical protein
NHKJIMIN_06132	gene	255				
NHKJIMIN_06132	CDS	255				hypothetical protein
NHKJIMIN_06133	gene	225				
NHKJIMIN_06133	CDS	225				hypothetical protein
NHKJIMIN_06134	gene	228				
NHKJIMIN_06134	CDS	228				hypothetical protein
NHKJIMIN_06135	gene	219				
NHKJIMIN_06135	CDS	219				hypothetical protein
NHKJIMIN_06136	gene	480				
NHKJIMIN_06136	CDS	480				hypothetical protein
NHKJIMIN_06137	gene	405				
NHKJIMIN_06137	CDS	405				hypothetical protein
NHKJIMIN_06138	gene	309				
NHKJIMIN_06138	CDS	309				hypothetical protein
NHKJIMIN_06139	gene	321				
NHKJIMIN_06139	CDS	321				hypothetical protein
NHKJIMIN_06140	gene	198				
NHKJIMIN_06140	CDS	198				hypothetical protein
NHKJIMIN_06141	gene	351				
NHKJIMIN_06141	CDS	351				hypothetical protein
NHKJIMIN_06142	gene	111				
NHKJIMIN_06142	CDS	111				hypothetical protein
NHKJIMIN_06143	gene	138				
NHKJIMIN_06143	CDS	138				hypothetical protein
NHKJIMIN_06144	gene	231				
NHKJIMIN_06144	CDS	231				hypothetical protein
NHKJIMIN_06145	gene	231				
NHKJIMIN_06145	CDS	231				hypothetical protein
NHKJIMIN_06146	gene	480				
NHKJIMIN_06146	CDS	480				hypothetical protein
NHKJIMIN_06147	gene	285				
NHKJIMIN_06147	CDS	285				hypothetical protein
NHKJIMIN_06148	gene	222				
NHKJIMIN_06148	CDS	222				hypothetical protein
NHKJIMIN_06149	gene	249				
NHKJIMIN_06149	CDS	249				hypothetical protein
NHKJIMIN_06150	gene	507				
NHKJIMIN_06150	CDS	507				hypothetical protein
NHKJIMIN_06151	gene	309				
NHKJIMIN_06151	CDS	309				hypothetical protein
NHKJIMIN_06152	gene	279				
NHKJIMIN_06152	CDS	279				hypothetical protein
NHKJIMIN_06153	gene	150				
NHKJIMIN_06153	CDS	150				hypothetical protein
NHKJIMIN_06154	gene	333				
NHKJIMIN_06154	CDS	333				hypothetical protein
NHKJIMIN_06155	gene	387				
NHKJIMIN_06155	CDS	387				hypothetical protein
NHKJIMIN_06156	gene	228				
NHKJIMIN_06156	CDS	228				hypothetical protein
NHKJIMIN_06157	gene	519				
NHKJIMIN_06157	CDS	519				hypothetical protein
NHKJIMIN_06158	gene	237				
NHKJIMIN_06158	CDS	237				hypothetical protein
NHKJIMIN_06159	gene	210				
NHKJIMIN_06159	CDS	210				hypothetical protein
NHKJIMIN_06160	gene	477				
NHKJIMIN_06160	CDS	477				hypothetical protein
NHKJIMIN_06161	gene	360				
NHKJIMIN_06161	CDS	360				hypothetical protein
NHKJIMIN_06162	gene	231				
NHKJIMIN_06162	CDS	231				hypothetical protein
NHKJIMIN_06163	gene	156				
NHKJIMIN_06163	CDS	156				hypothetical protein
NHKJIMIN_06164	gene	291				
NHKJIMIN_06164	CDS	291				hypothetical protein
NHKJIMIN_06165	gene	345				
NHKJIMIN_06165	CDS	345				hypothetical protein
NHKJIMIN_06166	gene	222				
NHKJIMIN_06166	CDS	222				hypothetical protein
NHKJIMIN_06167	gene	225				
NHKJIMIN_06167	CDS	225				hypothetical protein
NHKJIMIN_06168	gene	207				
NHKJIMIN_06168	CDS	207				hypothetical protein
NHKJIMIN_06169	gene	495				
NHKJIMIN_06169	CDS	495				hypothetical protein
NHKJIMIN_06170	gene	201				
NHKJIMIN_06170	CDS	201				hypothetical protein
NHKJIMIN_06171	gene	231				
NHKJIMIN_06171	CDS	231				hypothetical protein
NHKJIMIN_06172	gene	198				
NHKJIMIN_06172	CDS	198				hypothetical protein
NHKJIMIN_06173	gene	225				
NHKJIMIN_06173	CDS	225				hypothetical protein
NHKJIMIN_06174	gene	447				
NHKJIMIN_06174	CDS	447				hypothetical protein
NHKJIMIN_06175	gene	429				
NHKJIMIN_06175	CDS	429				hypothetical protein
NHKJIMIN_06176	gene	279				
NHKJIMIN_06176	CDS	279				hypothetical protein
NHKJIMIN_06177	gene	201				
NHKJIMIN_06177	CDS	201				hypothetical protein
NHKJIMIN_06178	gene	258				
NHKJIMIN_06178	CDS	258				hypothetical protein
NHKJIMIN_06179	gene	459				
NHKJIMIN_06179	CDS	459				hypothetical protein
NHKJIMIN_06180	gene	207				
NHKJIMIN_06180	CDS	207				hypothetical protein
NHKJIMIN_06181	gene	1170				
NHKJIMIN_06181	CDS	1170				hypothetical protein
NHKJIMIN_06182	gene	210				
NHKJIMIN_06182	CDS	210				hypothetical protein
NHKJIMIN_06183	gene	258				
NHKJIMIN_06183	CDS	258				hypothetical protein
NHKJIMIN_06184	gene	537				
NHKJIMIN_06184	CDS	537				hypothetical protein
NHKJIMIN_06185	gene	321				
NHKJIMIN_06185	CDS	321				hypothetical protein
NHKJIMIN_06186	gene	414				
NHKJIMIN_06186	CDS	414				hypothetical protein
NHKJIMIN_06187	gene	198				
NHKJIMIN_06187	CDS	198				hypothetical protein
NHKJIMIN_06188	gene	96				
NHKJIMIN_06188	CDS	96				hypothetical protein
NHKJIMIN_06189	gene	507				
NHKJIMIN_06189	CDS	507				hypothetical protein
NHKJIMIN_06190	gene	549				
NHKJIMIN_06190	CDS	549				hypothetical protein
NHKJIMIN_06191	gene	108				
NHKJIMIN_06191	CDS	108				hypothetical protein
NHKJIMIN_06192	gene	660	epsJ_2			
NHKJIMIN_06192	CDS	660	epsJ_2	2.4.-.-	COG1216	putative glycosyltransferase EpsJ
NHKJIMIN_06193	gene	285				
NHKJIMIN_06193	CDS	285				hypothetical protein
NHKJIMIN_06194	gene	180				
NHKJIMIN_06194	CDS	180				hypothetical protein
NHKJIMIN_06195	gene	357				
NHKJIMIN_06195	CDS	357				hypothetical protein
NHKJIMIN_06196	gene	174				
NHKJIMIN_06196	CDS	174				hypothetical protein
NHKJIMIN_06197	gene	168				
NHKJIMIN_06197	CDS	168				hypothetical protein
NHKJIMIN_06198	gene	186				
NHKJIMIN_06198	CDS	186				hypothetical protein
NHKJIMIN_06199	gene	186				
NHKJIMIN_06199	CDS	186				hypothetical protein
NHKJIMIN_06200	gene	543				
NHKJIMIN_06200	CDS	543				hypothetical protein
NHKJIMIN_06201	gene	300				
NHKJIMIN_06201	CDS	300				hypothetical protein
NHKJIMIN_06202	gene	384	comA			
NHKJIMIN_06202	CDS	384	comA	3.4.22.-	COG2274	Transport/processing ATP-binding protein ComA
NHKJIMIN_06203	gene	243				
NHKJIMIN_06203	CDS	243				hypothetical protein
NHKJIMIN_06204	gene	198	apxIB			
NHKJIMIN_06204	CDS	198	apxIB			Toxin RTX-I translocation ATP-binding protein
NHKJIMIN_06205	gene	459				
NHKJIMIN_06205	CDS	459				hypothetical protein
NHKJIMIN_06206	gene	528				
NHKJIMIN_06206	CDS	528				hypothetical protein
NHKJIMIN_06207	gene	420				
NHKJIMIN_06207	CDS	420				hypothetical protein
NHKJIMIN_06208	gene	318				
NHKJIMIN_06208	CDS	318				hypothetical protein
NHKJIMIN_06209	gene	906				
NHKJIMIN_06209	CDS	906			COG2885	Outer membrane protein 40
NHKJIMIN_06210	gene	411	trpS2_1			
NHKJIMIN_06210	CDS	411	trpS2_1	6.1.1.2	COG0180	Tryptophan--tRNA ligase 2
NHKJIMIN_06211	gene	378	trpS2_2			
NHKJIMIN_06211	CDS	378	trpS2_2	6.1.1.2	COG0180	Tryptophan--tRNA ligase 2
NHKJIMIN_06212	gene	255				
NHKJIMIN_06212	CDS	255				hypothetical protein
NHKJIMIN_06213	gene	384	pyrAB_1			
NHKJIMIN_06213	CDS	384	pyrAB_1	6.3.4.16	COG0458	Carbamoyl phosphate synthase pyrimidine-specific large chain
NHKJIMIN_06214	gene	240	pyrAB_2			
NHKJIMIN_06214	CDS	240	pyrAB_2	6.3.4.16	COG0458	Carbamoyl phosphate synthase pyrimidine-specific large chain
NHKJIMIN_06215	gene	777	pyrAB_3			
NHKJIMIN_06215	CDS	777	pyrAB_3	6.3.4.16	COG0458	Carbamoyl phosphate synthase pyrimidine-specific large chain
NHKJIMIN_06216	gene	186				
NHKJIMIN_06216	CDS	186				hypothetical protein
NHKJIMIN_06217	gene	978	pyrAB_4			
NHKJIMIN_06217	CDS	978	pyrAB_4	6.3.4.16	COG0458	Carbamoyl phosphate synthase pyrimidine-specific large chain
NHKJIMIN_06218	gene	564	carB_1			
NHKJIMIN_06218	CDS	564	carB_1	6.3.4.16	COG0458	Carbamoyl phosphate synthase large chain
NHKJIMIN_06219	gene	318				
NHKJIMIN_06219	CDS	318				hypothetical protein
NHKJIMIN_06220	gene	105				
NHKJIMIN_06220	CDS	105				hypothetical protein
NHKJIMIN_06221	gene	213				
NHKJIMIN_06221	CDS	213				hypothetical protein
NHKJIMIN_06222	gene	285				
NHKJIMIN_06222	CDS	285				hypothetical protein
NHKJIMIN_06223	gene	399				
NHKJIMIN_06223	CDS	399				hypothetical protein
NHKJIMIN_06224	gene	336				
NHKJIMIN_06224	CDS	336				hypothetical protein
NHKJIMIN_06225	gene	354				
NHKJIMIN_06225	CDS	354				hypothetical protein
NHKJIMIN_06226	gene	375				
NHKJIMIN_06226	CDS	375				hypothetical protein
NHKJIMIN_06227	gene	225				
NHKJIMIN_06227	CDS	225				hypothetical protein
NHKJIMIN_06228	gene	447				
NHKJIMIN_06228	CDS	447				hypothetical protein
NHKJIMIN_06229	gene	129				
NHKJIMIN_06229	CDS	129				hypothetical protein
NHKJIMIN_06230	gene	192				
NHKJIMIN_06230	CDS	192				hypothetical protein
NHKJIMIN_06231	gene	975				
NHKJIMIN_06231	CDS	975				hypothetical protein
NHKJIMIN_06232	gene	603	pal_2			
NHKJIMIN_06232	CDS	603	pal_2			Peptidoglycan-associated lipoprotein
NHKJIMIN_06233	gene	675				
NHKJIMIN_06233	CDS	675				hypothetical protein
NHKJIMIN_06234	gene	231				
NHKJIMIN_06234	CDS	231				hypothetical protein
NHKJIMIN_06235	gene	426				
NHKJIMIN_06235	CDS	426				hypothetical protein
NHKJIMIN_06236	gene	99				
NHKJIMIN_06236	CDS	99				hypothetical protein
NHKJIMIN_06237	gene	234				
NHKJIMIN_06237	CDS	234				hypothetical protein
NHKJIMIN_06238	gene	522				
NHKJIMIN_06238	CDS	522				hypothetical protein
NHKJIMIN_06239	gene	144				
NHKJIMIN_06239	CDS	144				hypothetical protein
NHKJIMIN_06240	gene	231				
NHKJIMIN_06240	CDS	231				hypothetical protein
NHKJIMIN_06241	gene	318				
NHKJIMIN_06241	CDS	318				hypothetical protein
NHKJIMIN_06242	gene	399				
NHKJIMIN_06242	CDS	399				hypothetical protein
NHKJIMIN_06243	gene	915				
NHKJIMIN_06243	CDS	915				hypothetical protein
NHKJIMIN_06244	gene	456				
NHKJIMIN_06244	CDS	456				hypothetical protein
NHKJIMIN_06245	gene	723				
NHKJIMIN_06245	CDS	723				hypothetical protein
NHKJIMIN_06246	gene	414				
NHKJIMIN_06246	CDS	414				hypothetical protein
NHKJIMIN_06247	gene	279				
NHKJIMIN_06247	CDS	279				hypothetical protein
NHKJIMIN_06248	gene	210				
NHKJIMIN_06248	CDS	210				hypothetical protein
NHKJIMIN_06249	gene	111				
NHKJIMIN_06249	CDS	111				hypothetical protein
NHKJIMIN_06250	gene	147				
NHKJIMIN_06250	CDS	147		3.2.1.169	COG3525	O-GlcNAcase
NHKJIMIN_06251	gene	180				
NHKJIMIN_06251	CDS	180		3.2.1.169	COG3525	O-GlcNAcase
NHKJIMIN_06252	gene	216				
NHKJIMIN_06252	CDS	216		3.2.1.169	COG3525	O-GlcNAcase
NHKJIMIN_06253	gene	183				
NHKJIMIN_06253	CDS	183		3.2.1.169	COG3525	O-GlcNAcase
NHKJIMIN_06254	gene	537				
NHKJIMIN_06254	CDS	537		3.2.1.169	COG3525	O-GlcNAcase
NHKJIMIN_06255	gene	501				
NHKJIMIN_06255	CDS	501		3.2.1.169	COG3525	O-GlcNAcase
NHKJIMIN_06256	gene	414				
NHKJIMIN_06256	CDS	414				hypothetical protein
NHKJIMIN_06257	gene	261				
NHKJIMIN_06257	CDS	261				hypothetical protein
NHKJIMIN_06258	gene	162				
NHKJIMIN_06258	CDS	162				hypothetical protein
NHKJIMIN_06259	gene	168				
NHKJIMIN_06259	CDS	168				hypothetical protein
NHKJIMIN_06260	gene	462				
NHKJIMIN_06260	CDS	462		2.3.1.-		Putative acetyltransferase
NHKJIMIN_06261	gene	192				
NHKJIMIN_06261	CDS	192				hypothetical protein
NHKJIMIN_06262	gene	76				
NHKJIMIN_06262	tRNA	76				tRNA-Val(tac)
NHKJIMIN_06263	gene	76				
NHKJIMIN_06263	tRNA	76				tRNA-Val(tac)
NHKJIMIN_06264	gene	76				
NHKJIMIN_06264	tRNA	76				tRNA-Val(tac)
NHKJIMIN_06265	gene	330				
NHKJIMIN_06265	CDS	330				hypothetical protein
NHKJIMIN_06266	gene	420	bga_1			
NHKJIMIN_06266	CDS	420	bga_1	3.2.1.23		Beta-galactosidase
NHKJIMIN_06267	gene	393	bga_2			
NHKJIMIN_06267	CDS	393	bga_2	3.2.1.23		Beta-galactosidase
NHKJIMIN_06268	gene	687	bga_3			
NHKJIMIN_06268	CDS	687	bga_3	3.2.1.23		Beta-galactosidase
NHKJIMIN_06269	gene	654	purB_1			
NHKJIMIN_06269	CDS	654	purB_1	4.3.2.2	COG0015	Adenylosuccinate lyase
NHKJIMIN_06270	gene	540	purB_2			
NHKJIMIN_06270	CDS	540	purB_2	4.3.2.2		Adenylosuccinate lyase
NHKJIMIN_06271	gene	294	purB_3			
NHKJIMIN_06271	CDS	294	purB_3	4.3.2.2		Adenylosuccinate lyase
NHKJIMIN_06272	gene	1401				
NHKJIMIN_06272	CDS	1401				hypothetical protein
NHKJIMIN_06273	gene	564	asnS_1			
NHKJIMIN_06273	CDS	564	asnS_1	6.1.1.22		Asparagine--tRNA ligase
NHKJIMIN_06274	gene	951	asnS_2			
NHKJIMIN_06274	CDS	951	asnS_2	6.1.1.22	COG0017	Asparagine--tRNA ligase
NHKJIMIN_06275	gene	132				
NHKJIMIN_06275	CDS	132				hypothetical protein
NHKJIMIN_06276	gene	342				
NHKJIMIN_06276	CDS	342				hypothetical protein
NHKJIMIN_06277	gene	381	rplM			
NHKJIMIN_06277	CDS	381	rplM			Large ribosomal subunit protein uL13
NHKJIMIN_06278	gene	387	rpsI			
NHKJIMIN_06278	CDS	387	rpsI		COG0103	Small ribosomal subunit protein uS9
NHKJIMIN_06279	gene	309				
NHKJIMIN_06279	CDS	309				hypothetical protein
NHKJIMIN_06280	gene	573	rpsB			
NHKJIMIN_06280	CDS	573	rpsB			Small ribosomal subunit protein uS2
NHKJIMIN_06281	gene	189	tsf_1			
NHKJIMIN_06281	CDS	189	tsf_1			Elongation factor Ts
NHKJIMIN_06282	gene	771	tsf_2			
NHKJIMIN_06282	CDS	771	tsf_2			Elongation factor Ts
NHKJIMIN_06283	gene	621				
NHKJIMIN_06283	CDS	621				hypothetical protein
NHKJIMIN_06284	gene	378	rex_1			
NHKJIMIN_06284	CDS	378	rex_1		COG2344	Redox-sensing transcriptional repressor Rex
NHKJIMIN_06285	gene	303	rex_2			
NHKJIMIN_06285	CDS	303	rex_2		COG2344	Redox-sensing transcriptional repressor Rex
NHKJIMIN_06286	gene	363				
NHKJIMIN_06286	CDS	363			COG0179	Protein
NHKJIMIN_06287	gene	303	ycgM			
NHKJIMIN_06287	CDS	303	ycgM	5.3.2.2	COG0179	Oxaloacetate tautomerase YcgM
NHKJIMIN_06288	gene	105	ispF_1			
NHKJIMIN_06288	CDS	105	ispF_1	4.6.1.12		2-C-methyl-D-erythritol 2,4-cyclodiphosphate synthase
NHKJIMIN_06289	gene	384	ispF_2			
NHKJIMIN_06289	CDS	384	ispF_2	4.6.1.12		2-C-methyl-D-erythritol 2,4-cyclodiphosphate synthase
NHKJIMIN_06290	gene	630				
NHKJIMIN_06290	CDS	630				hypothetical protein
NHKJIMIN_06291	gene	414				
NHKJIMIN_06291	CDS	414				hypothetical protein
NHKJIMIN_06292	gene	213				
NHKJIMIN_06292	CDS	213				hypothetical protein
NHKJIMIN_06293	gene	534				
NHKJIMIN_06293	CDS	534				hypothetical protein
NHKJIMIN_06294	gene	219				
NHKJIMIN_06294	CDS	219				hypothetical protein
NHKJIMIN_06295	gene	393	mnmA_5			
NHKJIMIN_06295	CDS	393	mnmA_5	2.8.1.13		tRNA-specific 2-thiouridylase MnmA
NHKJIMIN_06296	gene	276	mnmA_6			
NHKJIMIN_06296	CDS	276	mnmA_6	2.8.1.13	COG0482	tRNA-specific 2-thiouridylase MnmA
NHKJIMIN_06297	gene	366				
NHKJIMIN_06297	CDS	366				hypothetical protein
NHKJIMIN_06298	gene	885	aprN			
NHKJIMIN_06298	CDS	885	aprN	3.4.21.62		Subtilisin NAT
NHKJIMIN_06299	gene	414				
NHKJIMIN_06299	CDS	414				hypothetical protein
NHKJIMIN_06300	gene	381	xseA_1			
NHKJIMIN_06300	CDS	381	xseA_1	3.1.11.6		Exodeoxyribonuclease 7 large subunit
NHKJIMIN_06301	gene	441	xseA_2			
NHKJIMIN_06301	CDS	441	xseA_2	3.1.11.6		Exodeoxyribonuclease 7 large subunit
NHKJIMIN_06302	gene	90				
NHKJIMIN_06302	CDS	90				hypothetical protein
NHKJIMIN_06303	gene	456	ilvE_1			
NHKJIMIN_06303	CDS	456	ilvE_1	2.6.1.42	COG0115	Branched-chain-amino-acid aminotransferase
NHKJIMIN_06304	gene	591	ilvE_2			
NHKJIMIN_06304	CDS	591	ilvE_2	2.6.1.42	COG0115	Branched-chain-amino-acid aminotransferase
NHKJIMIN_06305	gene	537				
NHKJIMIN_06305	CDS	537				hypothetical protein
NHKJIMIN_06306	gene	192				
NHKJIMIN_06306	CDS	192				hypothetical protein
NHKJIMIN_06307	gene	183				
NHKJIMIN_06307	CDS	183				hypothetical protein
NHKJIMIN_06308	gene	312	trmB			
NHKJIMIN_06308	CDS	312	trmB	2.1.1.33		tRNA (guanine-N(7)-)-methyltransferase
NHKJIMIN_06309	gene	108				
NHKJIMIN_06309	CDS	108				hypothetical protein
NHKJIMIN_06310	gene	207				
NHKJIMIN_06310	CDS	207				hypothetical protein
NHKJIMIN_06311	gene	270	salA			
NHKJIMIN_06311	CDS	270	salA		COG0489	Iron-sulfur cluster carrier protein
NHKJIMIN_06312	gene	564				
NHKJIMIN_06312	CDS	564				Iron-sulfur cluster carrier protein
NHKJIMIN_06313	gene	282				
NHKJIMIN_06313	CDS	282				hypothetical protein
NHKJIMIN_06314	gene	804				
NHKJIMIN_06314	CDS	804				hypothetical protein
NHKJIMIN_06315	gene	249				
NHKJIMIN_06315	CDS	249				hypothetical protein
NHKJIMIN_06316	gene	411				
NHKJIMIN_06316	CDS	411				hypothetical protein
NHKJIMIN_06317	gene	174				
NHKJIMIN_06317	CDS	174				hypothetical protein
NHKJIMIN_06318	gene	198				
NHKJIMIN_06318	CDS	198				hypothetical protein
NHKJIMIN_06319	gene	210				
NHKJIMIN_06319	CDS	210				hypothetical protein
NHKJIMIN_06320	gene	378				
NHKJIMIN_06320	CDS	378				hypothetical protein
NHKJIMIN_06321	gene	495				
NHKJIMIN_06321	CDS	495				hypothetical protein
NHKJIMIN_06322	gene	135				
NHKJIMIN_06322	CDS	135				hypothetical protein
NHKJIMIN_06323	gene	192				
NHKJIMIN_06323	CDS	192				hypothetical protein
NHKJIMIN_06324	gene	165				
NHKJIMIN_06324	CDS	165				hypothetical protein
NHKJIMIN_06325	gene	129				
NHKJIMIN_06325	CDS	129				hypothetical protein
NHKJIMIN_06326	gene	660				
NHKJIMIN_06326	CDS	660				hypothetical protein
NHKJIMIN_06327	gene	447				
NHKJIMIN_06327	CDS	447				hypothetical protein
NHKJIMIN_06328	gene	933				
NHKJIMIN_06328	CDS	933				hypothetical protein
NHKJIMIN_06329	gene	291				
NHKJIMIN_06329	CDS	291				hypothetical protein
NHKJIMIN_06330	gene	681				
NHKJIMIN_06330	CDS	681				hypothetical protein
NHKJIMIN_06331	gene	492				
NHKJIMIN_06331	CDS	492				hypothetical protein
NHKJIMIN_06332	gene	246				
NHKJIMIN_06332	CDS	246				hypothetical protein
NHKJIMIN_06333	gene	318				
NHKJIMIN_06333	CDS	318				hypothetical protein
NHKJIMIN_06334	gene	273				
NHKJIMIN_06334	CDS	273				hypothetical protein
NHKJIMIN_06335	gene	453				
NHKJIMIN_06335	CDS	453				hypothetical protein
NHKJIMIN_06336	gene	216				
NHKJIMIN_06336	CDS	216				hypothetical protein
NHKJIMIN_06337	gene	501				
NHKJIMIN_06337	CDS	501				hypothetical protein
NHKJIMIN_06338	gene	138				
NHKJIMIN_06338	CDS	138				hypothetical protein
NHKJIMIN_06339	gene	273				
NHKJIMIN_06339	CDS	273				hypothetical protein
NHKJIMIN_06340	gene	180				
NHKJIMIN_06340	CDS	180				hypothetical protein
NHKJIMIN_06341	gene	312				
NHKJIMIN_06341	CDS	312				hypothetical protein
NHKJIMIN_06342	gene	273				
NHKJIMIN_06342	CDS	273				hypothetical protein
NHKJIMIN_06343	gene	825				
NHKJIMIN_06343	CDS	825				hypothetical protein
NHKJIMIN_06344	gene	150				
NHKJIMIN_06344	CDS	150				hypothetical protein
NHKJIMIN_06345	gene	303				
NHKJIMIN_06345	CDS	303				hypothetical protein
NHKJIMIN_06346	gene	321	mdh_2			
NHKJIMIN_06346	CDS	321	mdh_2	1.1.1.37		Malate dehydrogenase
NHKJIMIN_06347	gene	483	mdh_3			
NHKJIMIN_06347	CDS	483	mdh_3	1.1.1.37		Malate dehydrogenase
NHKJIMIN_06348	gene	324	tolB_2			
NHKJIMIN_06348	CDS	324	tolB_2			Tol-Pal system protein TolB
NHKJIMIN_06349	gene	477				
NHKJIMIN_06349	CDS	477				hypothetical protein
NHKJIMIN_06350	gene	789	tolB_3			
NHKJIMIN_06350	CDS	789	tolB_3			Tol-Pal system protein TolB
NHKJIMIN_06351	gene	381				
NHKJIMIN_06351	CDS	381				hypothetical protein
NHKJIMIN_06352	gene	222				
NHKJIMIN_06352	CDS	222				hypothetical protein
NHKJIMIN_06353	gene	186				
NHKJIMIN_06353	CDS	186				hypothetical protein
NHKJIMIN_06354	gene	246				
NHKJIMIN_06354	CDS	246				hypothetical protein
NHKJIMIN_06355	gene	555				
NHKJIMIN_06355	CDS	555				hypothetical protein
NHKJIMIN_06356	gene	279				
NHKJIMIN_06356	CDS	279				hypothetical protein
NHKJIMIN_06357	gene	249				
NHKJIMIN_06357	CDS	249				hypothetical protein
NHKJIMIN_06358	gene	300				
NHKJIMIN_06358	CDS	300				hypothetical protein
NHKJIMIN_06359	gene	627				
NHKJIMIN_06359	CDS	627				hypothetical protein
NHKJIMIN_06360	gene	339				
NHKJIMIN_06360	CDS	339				hypothetical protein
NHKJIMIN_06361	gene	162				
NHKJIMIN_06361	CDS	162				hypothetical protein
NHKJIMIN_06362	gene	537				
NHKJIMIN_06362	CDS	537				hypothetical protein
NHKJIMIN_06363	gene	840				
NHKJIMIN_06363	CDS	840				hypothetical protein
NHKJIMIN_06364	gene	1149				
NHKJIMIN_06364	CDS	1149				hypothetical protein
NHKJIMIN_06365	gene	222				
NHKJIMIN_06365	CDS	222				hypothetical protein
NHKJIMIN_06366	gene	783				
NHKJIMIN_06366	CDS	783				hypothetical protein
NHKJIMIN_06367	gene	114				
NHKJIMIN_06367	CDS	114				hypothetical protein
NHKJIMIN_06368	gene	588				
NHKJIMIN_06368	CDS	588				hypothetical protein
NHKJIMIN_06369	gene	405				
NHKJIMIN_06369	CDS	405			COG4771	TonB-dependent receptor P3
NHKJIMIN_06370	gene	300				
NHKJIMIN_06370	CDS	300				hypothetical protein
NHKJIMIN_06371	gene	261				
NHKJIMIN_06371	CDS	261				hypothetical protein
NHKJIMIN_06372	gene	810				
NHKJIMIN_06372	CDS	810				hypothetical protein
NHKJIMIN_06373	gene	636				
NHKJIMIN_06373	CDS	636				hypothetical protein
NHKJIMIN_06374	gene	429				
NHKJIMIN_06374	CDS	429				hypothetical protein
NHKJIMIN_06375	gene	273	susC_33			
NHKJIMIN_06375	CDS	273	susC_33		COG1629	TonB-dependent receptor SusC
NHKJIMIN_06376	gene	144				
NHKJIMIN_06376	CDS	144				hypothetical protein
NHKJIMIN_06377	gene	435				
NHKJIMIN_06377	CDS	435				hypothetical protein
NHKJIMIN_06378	gene	291				
NHKJIMIN_06378	CDS	291				hypothetical protein
NHKJIMIN_06379	gene	228				
NHKJIMIN_06379	CDS	228				hypothetical protein
NHKJIMIN_06380	gene	153				
NHKJIMIN_06380	CDS	153				hypothetical protein
NHKJIMIN_06381	gene	246				
NHKJIMIN_06381	CDS	246				hypothetical protein
NHKJIMIN_06382	gene	264				
NHKJIMIN_06382	CDS	264				hypothetical protein
NHKJIMIN_06383	gene	468				
NHKJIMIN_06383	CDS	468				hypothetical protein
NHKJIMIN_06384	gene	546				
NHKJIMIN_06384	CDS	546				hypothetical protein
NHKJIMIN_06385	gene	177				
NHKJIMIN_06385	CDS	177				hypothetical protein
NHKJIMIN_06386	gene	99				
NHKJIMIN_06386	CDS	99				hypothetical protein
NHKJIMIN_06387	gene	450	xerC_11			
NHKJIMIN_06387	CDS	450	xerC_11			Tyrosine recombinase XerC
NHKJIMIN_06388	gene	555				
NHKJIMIN_06388	CDS	555				hypothetical protein
NHKJIMIN_06389	gene	183				
NHKJIMIN_06389	CDS	183				hypothetical protein
NHKJIMIN_06390	gene	114				
NHKJIMIN_06390	CDS	114				hypothetical protein
NHKJIMIN_06391	gene	240				
NHKJIMIN_06391	CDS	240				hypothetical protein
NHKJIMIN_06392	gene	621				
NHKJIMIN_06392	CDS	621				hypothetical protein
NHKJIMIN_06393	gene	591				
NHKJIMIN_06393	CDS	591				hypothetical protein
NHKJIMIN_06394	gene	198				
NHKJIMIN_06394	CDS	198				hypothetical protein
NHKJIMIN_06395	gene	282				
NHKJIMIN_06395	CDS	282				hypothetical protein
NHKJIMIN_06396	gene	513				
NHKJIMIN_06396	CDS	513				hypothetical protein
NHKJIMIN_06397	gene	480				
NHKJIMIN_06397	CDS	480				hypothetical protein
NHKJIMIN_06398	gene	606				
NHKJIMIN_06398	CDS	606				hypothetical protein
NHKJIMIN_06399	gene	651				
NHKJIMIN_06399	CDS	651				hypothetical protein
NHKJIMIN_06400	gene	180				
NHKJIMIN_06400	CDS	180				hypothetical protein
NHKJIMIN_06401	gene	150				
NHKJIMIN_06401	CDS	150				hypothetical protein
NHKJIMIN_06402	gene	243				
NHKJIMIN_06402	CDS	243				hypothetical protein
NHKJIMIN_06403	gene	495				
NHKJIMIN_06403	CDS	495				hypothetical protein
NHKJIMIN_06404	gene	309	noc_1			
NHKJIMIN_06404	CDS	309	noc_1			Nucleoid occlusion protein
NHKJIMIN_06405	gene	222	spo0C_2			
NHKJIMIN_06405	CDS	222	spo0C_2		COG1475	Chromosome-partitioning protein Spo0J
NHKJIMIN_06406	gene	654				
NHKJIMIN_06406	CDS	654				hypothetical protein
NHKJIMIN_06407	gene	525				
NHKJIMIN_06407	CDS	525				hypothetical protein
NHKJIMIN_06408	gene	408				
NHKJIMIN_06408	CDS	408				hypothetical protein
NHKJIMIN_06409	gene	144				
NHKJIMIN_06409	CDS	144				hypothetical protein
NHKJIMIN_06410	gene	348				
NHKJIMIN_06410	CDS	348				hypothetical protein
NHKJIMIN_06411	gene	180				
NHKJIMIN_06411	CDS	180				hypothetical protein
NHKJIMIN_06412	gene	567				
NHKJIMIN_06412	CDS	567				hypothetical protein
NHKJIMIN_06413	gene	156				
NHKJIMIN_06413	CDS	156				hypothetical protein
NHKJIMIN_06414	gene	465				
NHKJIMIN_06414	CDS	465				hypothetical protein
NHKJIMIN_06415	gene	264				
NHKJIMIN_06415	CDS	264				hypothetical protein
NHKJIMIN_06416	gene	234				
NHKJIMIN_06416	CDS	234				hypothetical protein
NHKJIMIN_06417	gene	510				
NHKJIMIN_06417	CDS	510				hypothetical protein
NHKJIMIN_06418	gene	294				
NHKJIMIN_06418	CDS	294				hypothetical protein
NHKJIMIN_06419	gene	267				
NHKJIMIN_06419	CDS	267				hypothetical protein
NHKJIMIN_06420	gene	171				
NHKJIMIN_06420	CDS	171				hypothetical protein
NHKJIMIN_06421	gene	393				
NHKJIMIN_06421	CDS	393				hypothetical protein
NHKJIMIN_06422	gene	339				
NHKJIMIN_06422	CDS	339				hypothetical protein
NHKJIMIN_06423	gene	273				
NHKJIMIN_06423	CDS	273				hypothetical protein
NHKJIMIN_06424	gene	288				
NHKJIMIN_06424	CDS	288				hypothetical protein
NHKJIMIN_06425	gene	447				
NHKJIMIN_06425	CDS	447				hypothetical protein
NHKJIMIN_06426	gene	672				
NHKJIMIN_06426	CDS	672				hypothetical protein
NHKJIMIN_06427	gene	402				
NHKJIMIN_06427	CDS	402				hypothetical protein
NHKJIMIN_06428	gene	858				
NHKJIMIN_06428	CDS	858				hypothetical protein
NHKJIMIN_06429	gene	93				
NHKJIMIN_06429	CDS	93				hypothetical protein
NHKJIMIN_06430	gene	390				
NHKJIMIN_06430	CDS	390				hypothetical protein
NHKJIMIN_06431	gene	219				
NHKJIMIN_06431	CDS	219				hypothetical protein
NHKJIMIN_06432	gene	363				
NHKJIMIN_06432	CDS	363				hypothetical protein
NHKJIMIN_06433	gene	348				
NHKJIMIN_06433	CDS	348				hypothetical protein
NHKJIMIN_06434	gene	2226				
NHKJIMIN_06434	CDS	2226				hypothetical protein
NHKJIMIN_06435	gene	243				
NHKJIMIN_06435	CDS	243				hypothetical protein
NHKJIMIN_06436	gene	618				
NHKJIMIN_06436	CDS	618				hypothetical protein
NHKJIMIN_06437	gene	189	nicA1_2			
NHKJIMIN_06437	CDS	189	nicA1_2		COG3344	Putative nicotine oxidoreductase
NHKJIMIN_06438	gene	216				
NHKJIMIN_06438	CDS	216				hypothetical protein
NHKJIMIN_06439	gene	429				
NHKJIMIN_06439	CDS	429				hypothetical protein
NHKJIMIN_06440	gene	219				
NHKJIMIN_06440	CDS	219				hypothetical protein
NHKJIMIN_06441	gene	90				
NHKJIMIN_06441	CDS	90				hypothetical protein
NHKJIMIN_06442	gene	417				
NHKJIMIN_06442	CDS	417				hypothetical protein
NHKJIMIN_06443	gene	315				
NHKJIMIN_06443	CDS	315				hypothetical protein
NHKJIMIN_06444	gene	519				
NHKJIMIN_06444	CDS	519				hypothetical protein
NHKJIMIN_06445	gene	225				
NHKJIMIN_06445	CDS	225				hypothetical protein
NHKJIMIN_06446	gene	798				
NHKJIMIN_06446	CDS	798				hypothetical protein
NHKJIMIN_06447	gene	681				
NHKJIMIN_06447	CDS	681				hypothetical protein
NHKJIMIN_06448	gene	609				
NHKJIMIN_06448	CDS	609				hypothetical protein
NHKJIMIN_06449	gene	654				
NHKJIMIN_06449	CDS	654				hypothetical protein
NHKJIMIN_06450	gene	432				
NHKJIMIN_06450	CDS	432				hypothetical protein
NHKJIMIN_06451	gene	483				
NHKJIMIN_06451	CDS	483				hypothetical protein
NHKJIMIN_06452	gene	249				
NHKJIMIN_06452	CDS	249				hypothetical protein
NHKJIMIN_06453	gene	198				
NHKJIMIN_06453	CDS	198				hypothetical protein
NHKJIMIN_06454	gene	180				
NHKJIMIN_06454	CDS	180				hypothetical protein
NHKJIMIN_06455	gene	492				
NHKJIMIN_06455	CDS	492				hypothetical protein
NHKJIMIN_06456	gene	189				
NHKJIMIN_06456	CDS	189				hypothetical protein
NHKJIMIN_06457	gene	369				
NHKJIMIN_06457	CDS	369				hypothetical protein
NHKJIMIN_06458	gene	351				
NHKJIMIN_06458	CDS	351				hypothetical protein
NHKJIMIN_06459	gene	345				
NHKJIMIN_06459	CDS	345				hypothetical protein
NHKJIMIN_06460	gene	345				
NHKJIMIN_06460	CDS	345				hypothetical protein
NHKJIMIN_06461	gene	549				
NHKJIMIN_06461	CDS	549				hypothetical protein
NHKJIMIN_06462	gene	378	oprF			
NHKJIMIN_06462	CDS	378	oprF		COG2885	Outer membrane porin F
NHKJIMIN_06463	gene	186				
NHKJIMIN_06463	CDS	186				hypothetical protein
NHKJIMIN_06464	gene	522				
NHKJIMIN_06464	CDS	522				hypothetical protein
NHKJIMIN_06465	gene	264				
NHKJIMIN_06465	CDS	264				hypothetical protein
NHKJIMIN_06466	gene	531				
NHKJIMIN_06466	CDS	531				hypothetical protein
NHKJIMIN_06467	gene	312				
NHKJIMIN_06467	CDS	312				hypothetical protein
NHKJIMIN_06468	gene	381	mscL_2			
NHKJIMIN_06468	CDS	381	mscL_2		COG1970	Large-conductance mechanosensitive channel
NHKJIMIN_06469	gene	246				
NHKJIMIN_06469	CDS	246				hypothetical protein
NHKJIMIN_06470	gene	627				
NHKJIMIN_06470	CDS	627				hypothetical protein
NHKJIMIN_06471	gene	192				
NHKJIMIN_06471	CDS	192				hypothetical protein
NHKJIMIN_06472	gene	423				
NHKJIMIN_06472	CDS	423				hypothetical protein
NHKJIMIN_06473	gene	210				
NHKJIMIN_06473	CDS	210				hypothetical protein
NHKJIMIN_06474	gene	198				
NHKJIMIN_06474	CDS	198				hypothetical protein
NHKJIMIN_06475	gene	243				
NHKJIMIN_06475	CDS	243				hypothetical protein
NHKJIMIN_06476	gene	1203				
NHKJIMIN_06476	CDS	1203				hypothetical protein
NHKJIMIN_06477	gene	216				
NHKJIMIN_06477	CDS	216				hypothetical protein
NHKJIMIN_06478	gene	279	topB_9			
NHKJIMIN_06478	CDS	279	topB_9	5.6.2.1		DNA topoisomerase 3
NHKJIMIN_06479	gene	396	topB_10			
NHKJIMIN_06479	CDS	396	topB_10	5.6.2.1	COG0550	DNA topoisomerase 3
NHKJIMIN_06480	gene	786	topB_11			
NHKJIMIN_06480	CDS	786	topB_11	5.6.2.1	COG0550	DNA topoisomerase 3
NHKJIMIN_06481	gene	537	topA_4			
NHKJIMIN_06481	CDS	537	topA_4	5.6.2.1		DNA topoisomerase 1
NHKJIMIN_06482	gene	192				
NHKJIMIN_06482	CDS	192				hypothetical protein
NHKJIMIN_06483	gene	339				
NHKJIMIN_06483	CDS	339				hypothetical protein
NHKJIMIN_06484	gene	366	yhcG_1			
NHKJIMIN_06484	CDS	366	yhcG_1	3.1.-.-	COG4804	Putative nuclease YhcG
NHKJIMIN_06485	gene	297	yhcG_2			
NHKJIMIN_06485	CDS	297	yhcG_2	3.1.-.-	COG4804	Putative nuclease YhcG
NHKJIMIN_06486	gene	249				
NHKJIMIN_06486	CDS	249				hypothetical protein
NHKJIMIN_06487	gene	243				
NHKJIMIN_06487	CDS	243				hypothetical protein
NHKJIMIN_06488	gene	417				
NHKJIMIN_06488	CDS	417				hypothetical protein
NHKJIMIN_06489	gene	180				
NHKJIMIN_06489	CDS	180				hypothetical protein
NHKJIMIN_06490	gene	1122				
NHKJIMIN_06490	CDS	1122				hypothetical protein
NHKJIMIN_06491	gene	669				
NHKJIMIN_06491	CDS	669				hypothetical protein
NHKJIMIN_06492	gene	264				
NHKJIMIN_06492	CDS	264				hypothetical protein
NHKJIMIN_06493	gene	159				
NHKJIMIN_06493	CDS	159				hypothetical protein
NHKJIMIN_06494	gene	333				
NHKJIMIN_06494	CDS	333				hypothetical protein
NHKJIMIN_06495	gene	138				
NHKJIMIN_06495	CDS	138				hypothetical protein
NHKJIMIN_06496	gene	879				
NHKJIMIN_06496	CDS	879				hypothetical protein
NHKJIMIN_06497	gene	594				
NHKJIMIN_06497	CDS	594				hypothetical protein
NHKJIMIN_06498	gene	420				
NHKJIMIN_06498	CDS	420				hypothetical protein
NHKJIMIN_06499	gene	108				
NHKJIMIN_06499	CDS	108				hypothetical protein
NHKJIMIN_06500	gene	399				
NHKJIMIN_06500	CDS	399				hypothetical protein
NHKJIMIN_06501	gene	564				
NHKJIMIN_06501	CDS	564				hypothetical protein
NHKJIMIN_06502	gene	327				
NHKJIMIN_06502	CDS	327				hypothetical protein
NHKJIMIN_06503	gene	171				
NHKJIMIN_06503	CDS	171				hypothetical protein
NHKJIMIN_06504	gene	339				
NHKJIMIN_06504	CDS	339				hypothetical protein
NHKJIMIN_06505	gene	288				
NHKJIMIN_06505	CDS	288				hypothetical protein
NHKJIMIN_06506	gene	219				
NHKJIMIN_06506	CDS	219				hypothetical protein
NHKJIMIN_06507	gene	240				
NHKJIMIN_06507	CDS	240				hypothetical protein
NHKJIMIN_06508	gene	444				
NHKJIMIN_06508	CDS	444				hypothetical protein
NHKJIMIN_06509	gene	258				
NHKJIMIN_06509	CDS	258				hypothetical protein
NHKJIMIN_06510	gene	465				
NHKJIMIN_06510	CDS	465				hypothetical protein
NHKJIMIN_06511	gene	441				
NHKJIMIN_06511	CDS	441				hypothetical protein
NHKJIMIN_06512	gene	267				
NHKJIMIN_06512	CDS	267				hypothetical protein
NHKJIMIN_06513	gene	138				
NHKJIMIN_06513	CDS	138				hypothetical protein
NHKJIMIN_06514	gene	168				
NHKJIMIN_06514	CDS	168				hypothetical protein
NHKJIMIN_06515	gene	354				
NHKJIMIN_06515	CDS	354				hypothetical protein
NHKJIMIN_06516	gene	855				
NHKJIMIN_06516	CDS	855				hypothetical protein
NHKJIMIN_06517	gene	555				
NHKJIMIN_06517	CDS	555				hypothetical protein
NHKJIMIN_06518	gene	207				
NHKJIMIN_06518	CDS	207				hypothetical protein
NHKJIMIN_06519	gene	537				
NHKJIMIN_06519	CDS	537				hypothetical protein
NHKJIMIN_06520	gene	330	rhaS_2			
NHKJIMIN_06520	CDS	330	rhaS_2			HTH-type transcriptional activator RhaS
NHKJIMIN_06521	gene	261				
NHKJIMIN_06521	CDS	261				hypothetical protein
NHKJIMIN_06522	gene	195				
NHKJIMIN_06522	CDS	195				hypothetical protein
NHKJIMIN_06523	gene	639	xerC_12			
NHKJIMIN_06523	CDS	639	xerC_12			Tyrosine recombinase XerC
NHKJIMIN_06524	gene	159				
NHKJIMIN_06524	CDS	159				hypothetical protein
NHKJIMIN_06525	gene	213				
NHKJIMIN_06525	CDS	213				hypothetical protein
NHKJIMIN_06526	gene	267				
NHKJIMIN_06526	CDS	267				hypothetical protein
NHKJIMIN_06527	gene	384				
NHKJIMIN_06527	CDS	384				hypothetical protein
NHKJIMIN_06528	gene	243				
NHKJIMIN_06528	CDS	243				hypothetical protein
NHKJIMIN_06529	gene	144				
NHKJIMIN_06529	CDS	144				hypothetical protein
NHKJIMIN_06530	gene	786				
NHKJIMIN_06530	CDS	786				hypothetical protein
NHKJIMIN_06531	gene	414				
NHKJIMIN_06531	CDS	414				hypothetical protein
NHKJIMIN_06532	gene	372				
NHKJIMIN_06532	CDS	372				hypothetical protein
NHKJIMIN_06533	gene	210				
NHKJIMIN_06533	CDS	210				hypothetical protein
NHKJIMIN_06534	gene	246				
NHKJIMIN_06534	CDS	246				hypothetical protein
NHKJIMIN_06535	gene	189	ybdM_1			
NHKJIMIN_06535	CDS	189	ybdM_1		COG1475	putative protein YbdM
NHKJIMIN_06536	gene	255	ybdM_2			
NHKJIMIN_06536	CDS	255	ybdM_2		COG1475	putative protein YbdM
NHKJIMIN_06537	gene	654				
NHKJIMIN_06537	CDS	654				hypothetical protein
NHKJIMIN_06538	gene	309				
NHKJIMIN_06538	CDS	309				hypothetical protein
NHKJIMIN_06539	gene	105				
NHKJIMIN_06539	CDS	105				hypothetical protein
NHKJIMIN_06540	gene	342				
NHKJIMIN_06540	CDS	342				hypothetical protein
NHKJIMIN_06541	gene	432				
NHKJIMIN_06541	CDS	432				hypothetical protein
NHKJIMIN_06542	gene	627				
NHKJIMIN_06542	CDS	627				hypothetical protein
NHKJIMIN_06543	gene	351				
NHKJIMIN_06543	CDS	351				hypothetical protein
NHKJIMIN_06544	gene	516				
NHKJIMIN_06544	CDS	516				hypothetical protein
NHKJIMIN_06545	gene	285				
NHKJIMIN_06545	CDS	285				hypothetical protein
NHKJIMIN_06546	gene	495				
NHKJIMIN_06546	CDS	495				hypothetical protein
NHKJIMIN_06547	gene	141				
NHKJIMIN_06547	CDS	141				hypothetical protein
NHKJIMIN_06548	gene	129				
NHKJIMIN_06548	CDS	129				hypothetical protein
NHKJIMIN_06549	gene	285				
NHKJIMIN_06549	CDS	285				hypothetical protein
NHKJIMIN_06550	gene	402				
NHKJIMIN_06550	CDS	402				hypothetical protein
NHKJIMIN_06551	gene	222				
NHKJIMIN_06551	CDS	222				hypothetical protein
NHKJIMIN_06552	gene	123				
NHKJIMIN_06552	CDS	123				hypothetical protein
NHKJIMIN_06553	gene	192				
NHKJIMIN_06553	CDS	192				hypothetical protein
NHKJIMIN_06554	gene	171				
NHKJIMIN_06554	CDS	171				hypothetical protein
NHKJIMIN_06555	gene	159				
NHKJIMIN_06555	CDS	159				hypothetical protein
NHKJIMIN_06556	gene	1515				
NHKJIMIN_06556	rRNA	1515				16S ribosomal RNA
NHKJIMIN_06557	gene	77				
NHKJIMIN_06557	tRNA	77				tRNA-Ile(gat)
NHKJIMIN_06558	gene	76				
NHKJIMIN_06558	tRNA	76				tRNA-Ala(tgc)
NHKJIMIN_06559	gene	2880				
NHKJIMIN_06559	rRNA	2880				23S ribosomal RNA
NHKJIMIN_06560	gene	106				
NHKJIMIN_06560	rRNA	106				5S ribosomal RNA
NHKJIMIN_06561	gene	219				
NHKJIMIN_06561	CDS	219				hypothetical protein
NHKJIMIN_06562	gene	342				
NHKJIMIN_06562	CDS	342				hypothetical protein
NHKJIMIN_06563	gene	306	tolQ_1			
NHKJIMIN_06563	CDS	306	tolQ_1		COG0811	Tol-Pal system protein TolQ
NHKJIMIN_06564	gene	309				
NHKJIMIN_06564	CDS	309				hypothetical protein
NHKJIMIN_06565	gene	228				
NHKJIMIN_06565	CDS	228				hypothetical protein
NHKJIMIN_06566	gene	267				
NHKJIMIN_06566	CDS	267				hypothetical protein
NHKJIMIN_06567	gene	384				
NHKJIMIN_06567	CDS	384				hypothetical protein
NHKJIMIN_06568	gene	162				
NHKJIMIN_06568	CDS	162				hypothetical protein
NHKJIMIN_06569	gene	99				
NHKJIMIN_06569	CDS	99				hypothetical protein
NHKJIMIN_06570	gene	99				
NHKJIMIN_06570	CDS	99				hypothetical protein
NHKJIMIN_06571	gene	258				
NHKJIMIN_06571	CDS	258				hypothetical protein
NHKJIMIN_06572	gene	624				
NHKJIMIN_06572	CDS	624				hypothetical protein
NHKJIMIN_06573	gene	549				
NHKJIMIN_06573	CDS	549				hypothetical protein
NHKJIMIN_06574	gene	219				
NHKJIMIN_06574	CDS	219				hypothetical protein
NHKJIMIN_06575	gene	447				
NHKJIMIN_06575	CDS	447				hypothetical protein
NHKJIMIN_06576	gene	102				
NHKJIMIN_06576	CDS	102				hypothetical protein
NHKJIMIN_06577	gene	126				
NHKJIMIN_06577	CDS	126				hypothetical protein
NHKJIMIN_06578	gene	132				
NHKJIMIN_06578	CDS	132				hypothetical protein
NHKJIMIN_06579	gene	642				
NHKJIMIN_06579	CDS	642				hypothetical protein
NHKJIMIN_06580	gene	309				
NHKJIMIN_06580	CDS	309				hypothetical protein
NHKJIMIN_06581	gene	180				
NHKJIMIN_06581	CDS	180				hypothetical protein
NHKJIMIN_06582	gene	423				
NHKJIMIN_06582	CDS	423				hypothetical protein
NHKJIMIN_06583	gene	270				
NHKJIMIN_06583	CDS	270				hypothetical protein
NHKJIMIN_06584	gene	147				
NHKJIMIN_06584	CDS	147				hypothetical protein
NHKJIMIN_06585	gene	279				
NHKJIMIN_06585	CDS	279				hypothetical protein
NHKJIMIN_06586	gene	192				
NHKJIMIN_06586	CDS	192				hypothetical protein
NHKJIMIN_06587	gene	510				
NHKJIMIN_06587	CDS	510				hypothetical protein
NHKJIMIN_06588	gene	135				
NHKJIMIN_06588	CDS	135				hypothetical protein
NHKJIMIN_06589	gene	486				
NHKJIMIN_06589	CDS	486				hypothetical protein
NHKJIMIN_06590	gene	156				
NHKJIMIN_06590	CDS	156				hypothetical protein
NHKJIMIN_06591	gene	132				
NHKJIMIN_06591	CDS	132				hypothetical protein
NHKJIMIN_06592	gene	342				
NHKJIMIN_06592	CDS	342				hypothetical protein
NHKJIMIN_06593	gene	405				
NHKJIMIN_06593	CDS	405				hypothetical protein
NHKJIMIN_06594	gene	498				
NHKJIMIN_06594	CDS	498				hypothetical protein
NHKJIMIN_06595	gene	249				
NHKJIMIN_06595	CDS	249				hypothetical protein
NHKJIMIN_06596	gene	456				
NHKJIMIN_06596	CDS	456				IS1182 family transposase ISBf5
NHKJIMIN_06597	gene	165				
NHKJIMIN_06597	CDS	165				hypothetical protein
NHKJIMIN_06598	gene	531				
NHKJIMIN_06598	CDS	531				IS1182 family transposase ISBf5
NHKJIMIN_06599	gene	74				
NHKJIMIN_06599	tRNA	74				tRNA-Arg(cct)
NHKJIMIN_06600	gene	180				
NHKJIMIN_06600	CDS	180				hypothetical protein
NHKJIMIN_06601	gene	159				
NHKJIMIN_06601	CDS	159				hypothetical protein
NHKJIMIN_06602	gene	747	fabG_2			
NHKJIMIN_06602	CDS	747	fabG_2	1.1.1.100		3-oxoacyl-[acyl-carrier-protein] reductase FabG
NHKJIMIN_06603	gene	117				
NHKJIMIN_06603	CDS	117				hypothetical protein
NHKJIMIN_06604	gene	408				
NHKJIMIN_06604	CDS	408				hypothetical protein
NHKJIMIN_06605	gene	207				
NHKJIMIN_06605	CDS	207				hypothetical protein
NHKJIMIN_06606	gene	150				
NHKJIMIN_06606	CDS	150				hypothetical protein
NHKJIMIN_06607	gene	384	norR_3			
NHKJIMIN_06607	CDS	384	norR_3			Anaerobic nitric oxide reductase transcription regulator NorR
NHKJIMIN_06608	gene	297	glrR			
NHKJIMIN_06608	CDS	297	glrR		COG2204	Transcriptional regulatory protein GlrR
NHKJIMIN_06609	gene	183				
NHKJIMIN_06609	CDS	183				hypothetical protein
NHKJIMIN_06610	gene	213				
NHKJIMIN_06610	CDS	213		5.2.1.8		Putative peptidyl-prolyl cis-trans isomerase
NHKJIMIN_06611	gene	219				
NHKJIMIN_06611	CDS	219				hypothetical protein
NHKJIMIN_06612	gene	312				
NHKJIMIN_06612	CDS	312				hypothetical protein
NHKJIMIN_06613	gene	105				
NHKJIMIN_06613	CDS	105				hypothetical protein
NHKJIMIN_06614	gene	159				
NHKJIMIN_06614	CDS	159				hypothetical protein
NHKJIMIN_06615	gene	378	pqqE			
NHKJIMIN_06615	CDS	378	pqqE	3.4.24.-	COG0612	Zinc protease PqqE
NHKJIMIN_06616	gene	252				
NHKJIMIN_06616	CDS	252				hypothetical protein
NHKJIMIN_06617	gene	543				
NHKJIMIN_06617	CDS	543				hypothetical protein
NHKJIMIN_06618	gene	99				
NHKJIMIN_06618	CDS	99				hypothetical protein
NHKJIMIN_06619	gene	408				
NHKJIMIN_06619	CDS	408				hypothetical protein
NHKJIMIN_06620	gene	381	mdtK			
NHKJIMIN_06620	CDS	381	mdtK			Multidrug resistance protein MdtK
NHKJIMIN_06621	gene	270	norM			
NHKJIMIN_06621	CDS	270	norM		COG0534	Multidrug resistance protein NorM
NHKJIMIN_06622	gene	114				
NHKJIMIN_06622	CDS	114				hypothetical protein
NHKJIMIN_06623	gene	261				
NHKJIMIN_06623	CDS	261				hypothetical protein
NHKJIMIN_06624	gene	1101	rcsC_14			
NHKJIMIN_06624	CDS	1101	rcsC_14	2.7.13.3		Sensor histidine kinase RcsC
NHKJIMIN_06625	gene	546	rcsC_15			
NHKJIMIN_06625	CDS	546	rcsC_15	2.7.13.3		Sensor histidine kinase RcsC
NHKJIMIN_06626	gene	240				
NHKJIMIN_06626	CDS	240				hypothetical protein
NHKJIMIN_06627	gene	297				
NHKJIMIN_06627	CDS	297				hypothetical protein
NHKJIMIN_06628	gene	405				
NHKJIMIN_06628	CDS	405				hypothetical protein
NHKJIMIN_06629	gene	1422				
NHKJIMIN_06629	CDS	1422				hypothetical protein
NHKJIMIN_06630	gene	447				
NHKJIMIN_06630	CDS	447				hypothetical protein
NHKJIMIN_06631	gene	441				
NHKJIMIN_06631	CDS	441				hypothetical protein
NHKJIMIN_06632	gene	543				
NHKJIMIN_06632	CDS	543				hypothetical protein
NHKJIMIN_06633	gene	453				
NHKJIMIN_06633	CDS	453				hypothetical protein
NHKJIMIN_06634	gene	294				
NHKJIMIN_06634	CDS	294				hypothetical protein
NHKJIMIN_06635	gene	603				
NHKJIMIN_06635	CDS	603				hypothetical protein
NHKJIMIN_06636	gene	657				
NHKJIMIN_06636	CDS	657				hypothetical protein
NHKJIMIN_06637	gene	129				
NHKJIMIN_06637	CDS	129				hypothetical protein
NHKJIMIN_06638	gene	294				
NHKJIMIN_06638	CDS	294				hypothetical protein
NHKJIMIN_06639	gene	282	bamA_2			
NHKJIMIN_06639	CDS	282	bamA_2			Outer membrane protein assembly factor BamA
NHKJIMIN_06640	gene	246				
NHKJIMIN_06640	CDS	246				hypothetical protein
NHKJIMIN_06641	gene	939				
NHKJIMIN_06641	CDS	939				hypothetical protein
NHKJIMIN_06642	gene	273				
NHKJIMIN_06642	CDS	273				hypothetical protein
NHKJIMIN_06643	gene	978				
NHKJIMIN_06643	CDS	978				hypothetical protein
NHKJIMIN_06644	gene	411				
NHKJIMIN_06644	CDS	411				hypothetical protein
NHKJIMIN_06645	gene	633				
NHKJIMIN_06645	CDS	633				hypothetical protein
NHKJIMIN_06646	gene	189				
NHKJIMIN_06646	CDS	189				hypothetical protein
NHKJIMIN_06647	gene	516	ettA_2			
NHKJIMIN_06647	CDS	516	ettA_2	3.6.1.-	COG0488	Energy-dependent translational throttle protein EttA
NHKJIMIN_06648	gene	711	yheS_2			
NHKJIMIN_06648	CDS	711	yheS_2		COG0488	putative ATP-binding protein YheS
NHKJIMIN_06649	gene	603	uup_3			
NHKJIMIN_06649	CDS	603	uup_3	3.6.1.-	COG0488	ATP-binding protein Uup
NHKJIMIN_06650	gene	123				
NHKJIMIN_06650	CDS	123				hypothetical protein
NHKJIMIN_06651	gene	180				
NHKJIMIN_06651	CDS	180				hypothetical protein
NHKJIMIN_06652	gene	615				
NHKJIMIN_06652	CDS	615				hypothetical protein
NHKJIMIN_06653	gene	417				
NHKJIMIN_06653	CDS	417				hypothetical protein
NHKJIMIN_06654	gene	453				
NHKJIMIN_06654	CDS	453				hypothetical protein
NHKJIMIN_06655	gene	165				
NHKJIMIN_06655	CDS	165				hypothetical protein
NHKJIMIN_06656	gene	408	purH_1			
NHKJIMIN_06656	CDS	408	purH_1		COG0138	Bifunctional purine biosynthesis protein PurH
NHKJIMIN_06657	gene	351	purH_2			
NHKJIMIN_06657	CDS	351	purH_2			Bifunctional purine biosynthesis protein PurH
NHKJIMIN_06658	gene	318	purH_3			
NHKJIMIN_06658	CDS	318	purH_3		COG0138	Bifunctional purine biosynthesis protein PurH
NHKJIMIN_06659	gene	174	purH_4			
NHKJIMIN_06659	CDS	174	purH_4			Bifunctional purine biosynthesis protein PurH
NHKJIMIN_06660	gene	159	mreB_1			
NHKJIMIN_06660	CDS	159	mreB_1			Cell shape-determining protein MreB
NHKJIMIN_06661	gene	159	mreB_2			
NHKJIMIN_06661	CDS	159	mreB_2			Cell shape-determining protein MreB
NHKJIMIN_06662	gene	486	mreBH			
NHKJIMIN_06662	CDS	486	mreBH		COG1077	Cell shape-determining protein MreBH
NHKJIMIN_06663	gene	222	mreB_3			
NHKJIMIN_06663	CDS	222	mreB_3		COG1077	Cell shape-determining protein MreB
NHKJIMIN_06664	gene	189				
NHKJIMIN_06664	CDS	189				hypothetical protein
NHKJIMIN_06665	gene	153				
NHKJIMIN_06665	CDS	153				hypothetical protein
NHKJIMIN_06666	gene	366	mreC			
NHKJIMIN_06666	CDS	366	mreC		COG1792	Cell shape-determining protein MreC
NHKJIMIN_06667	gene	135				
NHKJIMIN_06667	CDS	135				hypothetical protein
NHKJIMIN_06668	gene	279				
NHKJIMIN_06668	CDS	279				hypothetical protein
NHKJIMIN_06669	gene	462	mrdA_1			
NHKJIMIN_06669	CDS	462	mrdA_1	3.4.16.4		Peptidoglycan D,D-transpeptidase MrdA
NHKJIMIN_06670	gene	195				
NHKJIMIN_06670	CDS	195				hypothetical protein
NHKJIMIN_06671	gene	159				
NHKJIMIN_06671	CDS	159				hypothetical protein
NHKJIMIN_06672	gene	399	mrdA_2			
NHKJIMIN_06672	CDS	399	mrdA_2	3.4.16.4		Peptidoglycan D,D-transpeptidase MrdA
NHKJIMIN_06673	gene	159				
NHKJIMIN_06673	CDS	159				hypothetical protein
NHKJIMIN_06674	gene	132				
NHKJIMIN_06674	CDS	132				hypothetical protein
NHKJIMIN_06675	gene	219				
NHKJIMIN_06675	CDS	219				hypothetical protein
NHKJIMIN_06676	gene	213				
NHKJIMIN_06676	CDS	213				hypothetical protein
NHKJIMIN_06677	gene	393				
NHKJIMIN_06677	CDS	393				hypothetical protein
NHKJIMIN_06678	gene	213	mrdB_3			
NHKJIMIN_06678	CDS	213	mrdB_3	2.4.99.28		Peptidoglycan glycosyltransferase MrdB
NHKJIMIN_06679	gene	327	mrdB_4			
NHKJIMIN_06679	CDS	327	mrdB_4	2.4.99.28		Peptidoglycan glycosyltransferase MrdB
NHKJIMIN_06680	gene	183				
NHKJIMIN_06680	CDS	183				hypothetical protein
NHKJIMIN_06681	gene	507				
NHKJIMIN_06681	CDS	507				hypothetical protein
NHKJIMIN_06682	gene	720				
NHKJIMIN_06682	CDS	720				hypothetical protein
NHKJIMIN_06683	gene	174				
NHKJIMIN_06683	CDS	174				hypothetical protein
NHKJIMIN_06684	gene	291	dnaX_1			
NHKJIMIN_06684	CDS	291	dnaX_1	2.7.7.7	COG2812	DNA polymerase III subunit tau
NHKJIMIN_06685	gene	498				
NHKJIMIN_06685	CDS	498				hypothetical protein
NHKJIMIN_06686	gene	357	metF			
NHKJIMIN_06686	CDS	357	metF	1.5.1.54		5,10-methylenetetrahydrofolate reductase
NHKJIMIN_06687	gene	123				
NHKJIMIN_06687	CDS	123				hypothetical protein
NHKJIMIN_06688	gene	288				
NHKJIMIN_06688	CDS	288				hypothetical protein
NHKJIMIN_06689	gene	156				
NHKJIMIN_06689	CDS	156				hypothetical protein
NHKJIMIN_06690	gene	546				
NHKJIMIN_06690	CDS	546				ISAs1 family transposase ISBf9
NHKJIMIN_06691	gene	198				
NHKJIMIN_06691	CDS	198				hypothetical protein
NHKJIMIN_06692	gene	432				
NHKJIMIN_06692	CDS	432				hypothetical protein
NHKJIMIN_06693	gene	1524				
NHKJIMIN_06693	rRNA	1524				16S ribosomal RNA
NHKJIMIN_06694	gene	77				
NHKJIMIN_06694	tRNA	77				tRNA-Ile(gat)
NHKJIMIN_06695	gene	76				
NHKJIMIN_06695	tRNA	76				tRNA-Ala(tgc)
NHKJIMIN_06696	gene	2876				
NHKJIMIN_06696	rRNA	2876				23S ribosomal RNA
NHKJIMIN_06697	gene	106				
NHKJIMIN_06697	rRNA	106				5S ribosomal RNA
NHKJIMIN_06698	gene	459	nadK_1			
NHKJIMIN_06698	CDS	459	nadK_1	2.7.1.23		NAD kinase
NHKJIMIN_06699	gene	441	nadK_2			
NHKJIMIN_06699	CDS	441	nadK_2	2.7.1.23		NAD kinase
NHKJIMIN_06700	gene	588	pdxJ			
NHKJIMIN_06700	CDS	588	pdxJ	2.6.99.2	COG0854	Pyridoxine 5'-phosphate synthase
NHKJIMIN_06701	gene	381				
NHKJIMIN_06701	CDS	381				hypothetical protein
NHKJIMIN_06702	gene	189				
NHKJIMIN_06702	CDS	189				hypothetical protein
NHKJIMIN_06703	gene	213				
NHKJIMIN_06703	CDS	213				hypothetical protein
NHKJIMIN_06704	gene	186				
NHKJIMIN_06704	CDS	186				hypothetical protein
NHKJIMIN_06705	gene	219				
NHKJIMIN_06705	CDS	219				hypothetical protein
NHKJIMIN_06706	gene	330				
NHKJIMIN_06706	CDS	330				hypothetical protein
NHKJIMIN_06707	gene	129				
NHKJIMIN_06707	CDS	129				hypothetical protein
NHKJIMIN_06708	gene	174				
NHKJIMIN_06708	CDS	174				hypothetical protein
NHKJIMIN_06709	gene	195				
NHKJIMIN_06709	CDS	195				hypothetical protein
NHKJIMIN_06710	gene	207				
NHKJIMIN_06710	CDS	207				hypothetical protein
NHKJIMIN_06711	gene	111				
NHKJIMIN_06711	CDS	111				hypothetical protein
NHKJIMIN_06712	gene	180				
NHKJIMIN_06712	CDS	180				hypothetical protein
NHKJIMIN_06713	gene	165				
NHKJIMIN_06713	CDS	165				hypothetical protein
NHKJIMIN_06714	gene	213	ispD			
NHKJIMIN_06714	CDS	213	ispD	2.7.7.60		2-C-methyl-D-erythritol 4-phosphate cytidylyltransferase
NHKJIMIN_06715	gene	831	recG_1			
NHKJIMIN_06715	CDS	831	recG_1	5.6.2.4		ATP-dependent DNA helicase RecG
NHKJIMIN_06716	gene	585	recG_2			
NHKJIMIN_06716	CDS	585	recG_2	5.6.2.4	COG1200	ATP-dependent DNA helicase RecG
NHKJIMIN_06717	gene	240	recG_3			
NHKJIMIN_06717	CDS	240	recG_3	5.6.2.4	COG1200	ATP-dependent DNA helicase RecG
NHKJIMIN_06718	gene	273	recG_4			
NHKJIMIN_06718	CDS	273	recG_4	5.6.2.4	COG1200	ATP-dependent DNA helicase RecG
NHKJIMIN_06719	gene	507	ndk			
NHKJIMIN_06719	CDS	507	ndk	2.7.4.6		Nucleoside diphosphate kinase
NHKJIMIN_06720	gene	366				
NHKJIMIN_06720	CDS	366				hypothetical protein
NHKJIMIN_06721	gene	372				
NHKJIMIN_06721	CDS	372				hypothetical protein
NHKJIMIN_06722	gene	375				
NHKJIMIN_06722	CDS	375				hypothetical protein
NHKJIMIN_06723	gene	861				
NHKJIMIN_06723	CDS	861				hypothetical protein
NHKJIMIN_06724	gene	510				
NHKJIMIN_06724	CDS	510				hypothetical protein
NHKJIMIN_06725	gene	756	tpiA			
NHKJIMIN_06725	CDS	756	tpiA	5.3.1.1	COG0149	Triosephosphate isomerase
NHKJIMIN_06726	gene	588				
NHKJIMIN_06726	CDS	588				hypothetical protein
NHKJIMIN_06727	gene	201	folE_1			
NHKJIMIN_06727	CDS	201	folE_1	3.5.4.16		GTP cyclohydrolase 1
NHKJIMIN_06728	gene	240	folE_2			
NHKJIMIN_06728	CDS	240	folE_2	3.5.4.16	COG0302	GTP cyclohydrolase 1
NHKJIMIN_06729	gene	213				
NHKJIMIN_06729	CDS	213				hypothetical protein
NHKJIMIN_06730	gene	246				
NHKJIMIN_06730	CDS	246				hypothetical protein
NHKJIMIN_06731	gene	117				
NHKJIMIN_06731	CDS	117				hypothetical protein
NHKJIMIN_06732	gene	321				
NHKJIMIN_06732	CDS	321				hypothetical protein
NHKJIMIN_06733	gene	246				
NHKJIMIN_06733	CDS	246				hypothetical protein
NHKJIMIN_06734	gene	369	susC_34			
NHKJIMIN_06734	CDS	369	susC_34		COG1629	TonB-dependent receptor SusC
NHKJIMIN_06735	gene	129				
NHKJIMIN_06735	CDS	129				hypothetical protein
NHKJIMIN_06736	gene	168	susC_35			
NHKJIMIN_06736	CDS	168	susC_35		COG1629	TonB-dependent receptor SusC
NHKJIMIN_06737	gene	228				
NHKJIMIN_06737	CDS	228				hypothetical protein
NHKJIMIN_06738	gene	552				
NHKJIMIN_06738	CDS	552				hypothetical protein
NHKJIMIN_06739	gene	204				
NHKJIMIN_06739	CDS	204				hypothetical protein
NHKJIMIN_06740	gene	174				
NHKJIMIN_06740	CDS	174				hypothetical protein
NHKJIMIN_06741	gene	195				
NHKJIMIN_06741	CDS	195				hypothetical protein
NHKJIMIN_06742	gene	159				
NHKJIMIN_06742	CDS	159				hypothetical protein
NHKJIMIN_06743	gene	390				
NHKJIMIN_06743	CDS	390				hypothetical protein
NHKJIMIN_06744	gene	141				
NHKJIMIN_06744	CDS	141				hypothetical protein
NHKJIMIN_06745	gene	495				
NHKJIMIN_06745	CDS	495			COG0702	SusD-like protein P2
NHKJIMIN_06746	gene	483				
NHKJIMIN_06746	CDS	483				hypothetical protein
NHKJIMIN_06747	gene	426				
NHKJIMIN_06747	CDS	426				hypothetical protein
NHKJIMIN_06748	gene	180				
NHKJIMIN_06748	CDS	180				hypothetical protein
NHKJIMIN_06749	gene	444				
NHKJIMIN_06749	CDS	444				hypothetical protein
NHKJIMIN_06750	gene	207				
NHKJIMIN_06750	CDS	207				hypothetical protein
NHKJIMIN_06751	gene	522				
NHKJIMIN_06751	CDS	522				hypothetical protein
NHKJIMIN_06752	gene	681	dnaG_1			
NHKJIMIN_06752	CDS	681	dnaG_1	2.7.7.101		DNA primase
NHKJIMIN_06753	gene	240	dnaG_2			
NHKJIMIN_06753	CDS	240	dnaG_2	2.7.7.101	COG0358	DNA primase
NHKJIMIN_06754	gene	591	dnaG_3			
NHKJIMIN_06754	CDS	591	dnaG_3	2.7.7.101	COG0358	DNA primase
NHKJIMIN_06755	gene	327				
NHKJIMIN_06755	CDS	327				hypothetical protein
NHKJIMIN_06756	gene	270				
NHKJIMIN_06756	CDS	270				hypothetical protein
NHKJIMIN_06757	gene	462				
NHKJIMIN_06757	CDS	462				hypothetical protein
NHKJIMIN_06758	gene	189				
NHKJIMIN_06758	CDS	189				hypothetical protein
NHKJIMIN_06759	gene	699				
NHKJIMIN_06759	CDS	699				hypothetical protein
NHKJIMIN_06760	gene	129				
NHKJIMIN_06760	CDS	129				hypothetical protein
NHKJIMIN_06761	gene	975	dapL_1			
NHKJIMIN_06761	CDS	975	dapL_1	2.6.1.83	COG0436	LL-diaminopimelate aminotransferase
NHKJIMIN_06762	gene	294				
NHKJIMIN_06762	CDS	294				hypothetical protein
NHKJIMIN_06763	gene	705	pheA			
NHKJIMIN_06763	CDS	705	pheA		COG0077	Bifunctional chorismate mutase/prephenate dehydratase
NHKJIMIN_06764	gene	177				
NHKJIMIN_06764	CDS	177				hypothetical protein
NHKJIMIN_06765	gene	741				
NHKJIMIN_06765	CDS	741				hypothetical protein
NHKJIMIN_06766	gene	495	nanA_2			
NHKJIMIN_06766	CDS	495	nanA_2	4.1.3.3	COG0329	N-acetylneuraminate lyase
NHKJIMIN_06767	gene	258				
NHKJIMIN_06767	CDS	258				hypothetical protein
NHKJIMIN_06768	gene	123				
NHKJIMIN_06768	CDS	123				hypothetical protein
NHKJIMIN_06769	gene	510	susC_36			
NHKJIMIN_06769	CDS	510	susC_36		COG1629	TonB-dependent receptor SusC
NHKJIMIN_06770	gene	525				
NHKJIMIN_06770	CDS	525				hypothetical protein
NHKJIMIN_06771	gene	426				
NHKJIMIN_06771	CDS	426				hypothetical protein
NHKJIMIN_06772	gene	495				
NHKJIMIN_06772	CDS	495			COG4771	TonB-dependent receptor P39
NHKJIMIN_06773	gene	294				
NHKJIMIN_06773	CDS	294				hypothetical protein
NHKJIMIN_06774	gene	117				
NHKJIMIN_06774	CDS	117				hypothetical protein
NHKJIMIN_06775	gene	339				
NHKJIMIN_06775	CDS	339				hypothetical protein
NHKJIMIN_06776	gene	228				
NHKJIMIN_06776	CDS	228				hypothetical protein
NHKJIMIN_06777	gene	306				
NHKJIMIN_06777	CDS	306				hypothetical protein
NHKJIMIN_06778	gene	318				
NHKJIMIN_06778	CDS	318				hypothetical protein
NHKJIMIN_06779	gene	195				
NHKJIMIN_06779	CDS	195				hypothetical protein
NHKJIMIN_06780	gene	234				
NHKJIMIN_06780	CDS	234				hypothetical protein
NHKJIMIN_06781	gene	303				
NHKJIMIN_06781	CDS	303				hypothetical protein
NHKJIMIN_06782	gene	378				
NHKJIMIN_06782	CDS	378				hypothetical protein
NHKJIMIN_06783	gene	390				
NHKJIMIN_06783	CDS	390				hypothetical protein
NHKJIMIN_06784	gene	309				
NHKJIMIN_06784	CDS	309				hypothetical protein
NHKJIMIN_06785	gene	423				
NHKJIMIN_06785	CDS	423				hypothetical protein
NHKJIMIN_06786	gene	219				
NHKJIMIN_06786	CDS	219				hypothetical protein
NHKJIMIN_06787	gene	282				
NHKJIMIN_06787	CDS	282				hypothetical protein
NHKJIMIN_06788	gene	207				
NHKJIMIN_06788	CDS	207				hypothetical protein
NHKJIMIN_06789	gene	240				
NHKJIMIN_06789	CDS	240				hypothetical protein
NHKJIMIN_06790	gene	330				
NHKJIMIN_06790	CDS	330				hypothetical protein
NHKJIMIN_06791	gene	195				
NHKJIMIN_06791	CDS	195				hypothetical protein
NHKJIMIN_06792	gene	210				
NHKJIMIN_06792	CDS	210				hypothetical protein
NHKJIMIN_06793	gene	447				
NHKJIMIN_06793	CDS	447				hypothetical protein
NHKJIMIN_06794	gene	843	bepA_3			
NHKJIMIN_06794	CDS	843	bepA_3	3.4.-.-		Beta-barrel assembly-enhancing protease
NHKJIMIN_06795	gene	630				
NHKJIMIN_06795	CDS	630				hypothetical protein
NHKJIMIN_06796	gene	258				
NHKJIMIN_06796	CDS	258				hypothetical protein
NHKJIMIN_06797	gene	405	srmB			
NHKJIMIN_06797	CDS	405	srmB	3.6.4.13		ATP-dependent RNA helicase SrmB
NHKJIMIN_06798	gene	279	recQ_3			
NHKJIMIN_06798	CDS	279	recQ_3	5.6.2.4	COG0514	ATP-dependent DNA helicase RecQ
NHKJIMIN_06799	gene	249	recS			
NHKJIMIN_06799	CDS	249	recS	5.6.2.4	COG0514	putative ATP-dependent DNA helicase RecS
NHKJIMIN_06800	gene	1014	recJ_1			
NHKJIMIN_06800	CDS	1014	recJ_1	3.1.-.-	COG0608	Single-stranded-DNA-specific exonuclease RecJ
NHKJIMIN_06801	gene	354				
NHKJIMIN_06801	CDS	354				hypothetical protein
NHKJIMIN_06802	gene	234	recJ_2			
NHKJIMIN_06802	CDS	234	recJ_2	3.1.-.-	COG0608	Single-stranded-DNA-specific exonuclease RecJ
NHKJIMIN_06803	gene	186				
NHKJIMIN_06803	CDS	186				hypothetical protein
NHKJIMIN_06804	gene	150				
NHKJIMIN_06804	CDS	150				hypothetical protein
NHKJIMIN_06805	gene	399	tag_1			
NHKJIMIN_06805	CDS	399	tag_1	3.2.2.20	COG2818	DNA-3-methyladenine glycosylase 1
NHKJIMIN_06806	gene	126	tag_2			
NHKJIMIN_06806	CDS	126	tag_2	3.2.2.20	COG2818	DNA-3-methyladenine glycosylase 1
NHKJIMIN_06807	gene	165				
NHKJIMIN_06807	CDS	165				hypothetical protein
NHKJIMIN_06808	gene	234				
NHKJIMIN_06808	CDS	234				hypothetical protein
NHKJIMIN_06809	gene	147				
NHKJIMIN_06809	CDS	147				hypothetical protein
NHKJIMIN_06810	gene	234				
NHKJIMIN_06810	CDS	234				hypothetical protein
NHKJIMIN_06811	gene	117				
NHKJIMIN_06811	CDS	117				hypothetical protein
NHKJIMIN_06812	gene	246				
NHKJIMIN_06812	CDS	246				hypothetical protein
NHKJIMIN_06813	gene	138				
NHKJIMIN_06813	CDS	138				hypothetical protein
NHKJIMIN_06814	gene	234				
NHKJIMIN_06814	CDS	234				hypothetical protein
NHKJIMIN_06815	gene	477				
NHKJIMIN_06815	CDS	477				hypothetical protein
NHKJIMIN_06816	gene	483				
NHKJIMIN_06816	CDS	483				hypothetical protein
NHKJIMIN_06817	gene	219				
NHKJIMIN_06817	CDS	219				hypothetical protein
NHKJIMIN_06818	gene	216				
NHKJIMIN_06818	CDS	216				hypothetical protein
NHKJIMIN_06819	gene	225				
NHKJIMIN_06819	CDS	225				hypothetical protein
NHKJIMIN_06820	gene	183				
NHKJIMIN_06820	CDS	183				hypothetical protein
NHKJIMIN_06821	gene	117				
NHKJIMIN_06821	CDS	117				hypothetical protein
NHKJIMIN_06822	gene	276				
NHKJIMIN_06822	CDS	276				hypothetical protein
NHKJIMIN_06823	gene	423				
NHKJIMIN_06823	CDS	423				hypothetical protein
NHKJIMIN_06824	gene	213				
NHKJIMIN_06824	CDS	213				hypothetical protein
NHKJIMIN_06825	gene	186				
NHKJIMIN_06825	CDS	186				hypothetical protein
NHKJIMIN_06826	gene	366				
NHKJIMIN_06826	CDS	366				hypothetical protein
NHKJIMIN_06827	gene	204				
NHKJIMIN_06827	CDS	204				hypothetical protein
NHKJIMIN_06828	gene	336				
NHKJIMIN_06828	CDS	336				hypothetical protein
NHKJIMIN_06829	gene	246				
NHKJIMIN_06829	CDS	246				hypothetical protein
NHKJIMIN_06830	gene	144				
NHKJIMIN_06830	CDS	144				hypothetical protein
NHKJIMIN_06831	gene	216				
NHKJIMIN_06831	CDS	216				hypothetical protein
NHKJIMIN_06832	gene	264				
NHKJIMIN_06832	CDS	264				hypothetical protein
NHKJIMIN_06833	gene	300	dapH_1			
NHKJIMIN_06833	CDS	300	dapH_1	2.3.1.89		2,3,4,5-tetrahydropyridine-2,6-dicarboxylate N-acetyltransferase
NHKJIMIN_06834	gene	291				
NHKJIMIN_06834	CDS	291				hypothetical protein
NHKJIMIN_06835	gene	480				
NHKJIMIN_06835	CDS	480				hypothetical protein
NHKJIMIN_06836	gene	324				
NHKJIMIN_06836	CDS	324				hypothetical protein
NHKJIMIN_06837	gene	294				
NHKJIMIN_06837	CDS	294				hypothetical protein
NHKJIMIN_06838	gene	147				
NHKJIMIN_06838	CDS	147				hypothetical protein
NHKJIMIN_06839	gene	267				
NHKJIMIN_06839	CDS	267				hypothetical protein
NHKJIMIN_06840	gene	171				
NHKJIMIN_06840	CDS	171				hypothetical protein
NHKJIMIN_06841	gene	255				
NHKJIMIN_06841	CDS	255				hypothetical protein
NHKJIMIN_06842	gene	231				
NHKJIMIN_06842	CDS	231				hypothetical protein
NHKJIMIN_06843	gene	483	gnu			
NHKJIMIN_06843	CDS	483	gnu	5.1.3.26	COG0451	N-acetyl-alpha-D-glucosaminyl-diphospho-ditrans,octacis-undecaprenol 4-epimerase
NHKJIMIN_06844	gene	165				
NHKJIMIN_06844	CDS	165				hypothetical protein
NHKJIMIN_06845	gene	744	wecA_2			
NHKJIMIN_06845	CDS	744	wecA_2	2.7.8.33		Undecaprenyl-phosphate alpha-N-acetylglucosaminyl 1-phosphate transferase
NHKJIMIN_06846	gene	165				
NHKJIMIN_06846	CDS	165				hypothetical protein
NHKJIMIN_06847	gene	252				
NHKJIMIN_06847	CDS	252				hypothetical protein
NHKJIMIN_06848	gene	192				
NHKJIMIN_06848	CDS	192				hypothetical protein
NHKJIMIN_06849	gene	213				
NHKJIMIN_06849	CDS	213				hypothetical protein
NHKJIMIN_06850	gene	201				
NHKJIMIN_06850	CDS	201				hypothetical protein
NHKJIMIN_06851	gene	567				
NHKJIMIN_06851	CDS	567				hypothetical protein
NHKJIMIN_06852	gene	186				
NHKJIMIN_06852	CDS	186				hypothetical protein
NHKJIMIN_06853	gene	153				
NHKJIMIN_06853	CDS	153				hypothetical protein
NHKJIMIN_06854	gene	483				
NHKJIMIN_06854	CDS	483				hypothetical protein
NHKJIMIN_06855	gene	111				
NHKJIMIN_06855	CDS	111				hypothetical protein
NHKJIMIN_06856	gene	207				
NHKJIMIN_06856	CDS	207				hypothetical protein
NHKJIMIN_06857	gene	441				
NHKJIMIN_06857	CDS	441				hypothetical protein
NHKJIMIN_06858	gene	273				
NHKJIMIN_06858	CDS	273				hypothetical protein
NHKJIMIN_06859	gene	408	tsaC			
NHKJIMIN_06859	CDS	408	tsaC	2.7.7.87		Threonylcarbamoyl-AMP synthase
NHKJIMIN_06860	gene	444	clcB			
NHKJIMIN_06860	CDS	444	clcB			Voltage-gated ClC-type chloride channel ClcB
NHKJIMIN_06861	gene	225				
NHKJIMIN_06861	CDS	225				hypothetical protein
NHKJIMIN_06862	gene	324				
NHKJIMIN_06862	CDS	324				hypothetical protein
NHKJIMIN_06863	gene	294				
NHKJIMIN_06863	CDS	294				hypothetical protein
NHKJIMIN_06864	gene	162				
NHKJIMIN_06864	CDS	162				hypothetical protein
NHKJIMIN_06865	gene	231				
NHKJIMIN_06865	CDS	231				hypothetical protein
NHKJIMIN_06866	gene	576	fmt_1			
NHKJIMIN_06866	CDS	576	fmt_1	2.1.2.9		Methionyl-tRNA formyltransferase
NHKJIMIN_06867	gene	315	fmt_2			
NHKJIMIN_06867	CDS	315	fmt_2	2.1.2.9		Methionyl-tRNA formyltransferase
NHKJIMIN_06868	gene	195	rpe			
NHKJIMIN_06868	CDS	195	rpe	5.1.3.1	COG0036	Ribulose-phosphate 3-epimerase
NHKJIMIN_06869	gene	432				
NHKJIMIN_06869	CDS	432				hypothetical protein
NHKJIMIN_06870	gene	219				
NHKJIMIN_06870	CDS	219				hypothetical protein
NHKJIMIN_06871	gene	186				
NHKJIMIN_06871	CDS	186				hypothetical protein
NHKJIMIN_06872	gene	270				
NHKJIMIN_06872	CDS	270				hypothetical protein
NHKJIMIN_06873	gene	246				
NHKJIMIN_06873	CDS	246				hypothetical protein
NHKJIMIN_06874	gene	285				
NHKJIMIN_06874	CDS	285				hypothetical protein
NHKJIMIN_06875	gene	345				
NHKJIMIN_06875	CDS	345				hypothetical protein
NHKJIMIN_06876	gene	153				
NHKJIMIN_06876	CDS	153				hypothetical protein
NHKJIMIN_06877	gene	378				
NHKJIMIN_06877	CDS	378				hypothetical protein
NHKJIMIN_06878	gene	339				
NHKJIMIN_06878	CDS	339				hypothetical protein
NHKJIMIN_06879	gene	213				
NHKJIMIN_06879	CDS	213				hypothetical protein
NHKJIMIN_06880	gene	219				
NHKJIMIN_06880	CDS	219				hypothetical protein
NHKJIMIN_06881	gene	402				
NHKJIMIN_06881	CDS	402				hypothetical protein
NHKJIMIN_06882	gene	522				
NHKJIMIN_06882	CDS	522				hypothetical protein
NHKJIMIN_06883	gene	132				
NHKJIMIN_06883	CDS	132				hypothetical protein
NHKJIMIN_06884	gene	615	algC			
NHKJIMIN_06884	CDS	615	algC	5.4.2.2		Phosphomannomutase/phosphoglucomutase
NHKJIMIN_06885	gene	270				
NHKJIMIN_06885	CDS	270				hypothetical protein
NHKJIMIN_06886	gene	915	lacZ_22			
NHKJIMIN_06886	CDS	915	lacZ_22	3.2.1.23	COG3250	Beta-galactosidase
NHKJIMIN_06887	gene	174				
NHKJIMIN_06887	CDS	174				hypothetical protein
NHKJIMIN_06888	gene	351				
NHKJIMIN_06888	CDS	351				hypothetical protein
NHKJIMIN_06889	gene	279				
NHKJIMIN_06889	CDS	279				hypothetical protein
NHKJIMIN_06890	gene	249				
NHKJIMIN_06890	CDS	249				hypothetical protein
NHKJIMIN_06891	gene	441				
NHKJIMIN_06891	CDS	441				hypothetical protein
NHKJIMIN_06892	gene	402	bga_4			
NHKJIMIN_06892	CDS	402	bga_4	3.2.1.23		Beta-galactosidase
NHKJIMIN_06893	gene	150				
NHKJIMIN_06893	CDS	150				hypothetical protein
NHKJIMIN_06894	gene	918	bga_5			
NHKJIMIN_06894	CDS	918	bga_5	3.2.1.23		Beta-galactosidase
NHKJIMIN_06895	gene	180				
NHKJIMIN_06895	CDS	180				hypothetical protein
NHKJIMIN_06896	gene	399				
NHKJIMIN_06896	CDS	399				hypothetical protein
NHKJIMIN_06897	gene	756				
NHKJIMIN_06897	CDS	756				hypothetical protein
NHKJIMIN_06898	gene	468				
NHKJIMIN_06898	CDS	468				hypothetical protein
NHKJIMIN_06899	gene	654				
NHKJIMIN_06899	CDS	654				hypothetical protein
NHKJIMIN_06900	gene	549	mnmE_1			
NHKJIMIN_06900	CDS	549	mnmE_1	3.6.5.-	COG0486	tRNA modification GTPase MnmE
NHKJIMIN_06901	gene	405				
NHKJIMIN_06901	CDS	405				hypothetical protein
NHKJIMIN_06902	gene	264				
NHKJIMIN_06902	CDS	264				hypothetical protein
NHKJIMIN_06903	gene	222				
NHKJIMIN_06903	CDS	222				hypothetical protein
NHKJIMIN_06904	gene	312				
NHKJIMIN_06904	CDS	312				hypothetical protein
NHKJIMIN_06905	gene	255				
NHKJIMIN_06905	CDS	255				hypothetical protein
NHKJIMIN_06906	gene	213				
NHKJIMIN_06906	CDS	213				hypothetical protein
NHKJIMIN_06907	gene	447				
NHKJIMIN_06907	CDS	447		1.8.-.-	COG0502	[FeFe] hydrogenase maturase subunit HydE
NHKJIMIN_06908	gene	216				
NHKJIMIN_06908	CDS	216				hypothetical protein
NHKJIMIN_06909	gene	375				
NHKJIMIN_06909	CDS	375				hypothetical protein
NHKJIMIN_06910	gene	867	rsxB			
NHKJIMIN_06910	CDS	867	rsxB	7.-.-.-		Ion-translocating oxidoreductase complex subunit B
NHKJIMIN_06911	gene	324				
NHKJIMIN_06911	CDS	324				hypothetical protein
NHKJIMIN_06912	gene	384	lytR_1			
NHKJIMIN_06912	CDS	384	lytR_1		COG3279	Transcriptional regulatory protein LytR
NHKJIMIN_06913	gene	534	lytS			
NHKJIMIN_06913	CDS	534	lytS	2.7.13.3	COG3275	Sensor histidine kinase/phosphatase LytS
NHKJIMIN_06914	gene	267				
NHKJIMIN_06914	CDS	267				hypothetical protein
NHKJIMIN_06915	gene	300				
NHKJIMIN_06915	CDS	300				hypothetical protein
NHKJIMIN_06916	gene	150				
NHKJIMIN_06916	CDS	150				hypothetical protein
NHKJIMIN_06917	gene	246				
NHKJIMIN_06917	CDS	246				hypothetical protein
NHKJIMIN_06918	gene	519				
NHKJIMIN_06918	CDS	519				hypothetical protein
NHKJIMIN_06919	gene	330				
NHKJIMIN_06919	CDS	330				hypothetical protein
NHKJIMIN_06920	gene	543				
NHKJIMIN_06920	CDS	543				hypothetical protein
NHKJIMIN_06921	gene	228				
NHKJIMIN_06921	CDS	228				hypothetical protein
NHKJIMIN_06922	gene	1470	czcA_1			
NHKJIMIN_06922	CDS	1470	czcA_1			Cobalt-zinc-cadmium resistance protein CzcA
NHKJIMIN_06923	gene	141				
NHKJIMIN_06923	CDS	141				hypothetical protein
NHKJIMIN_06924	gene	207	czcA_2			
NHKJIMIN_06924	CDS	207	czcA_2			Cobalt-zinc-cadmium resistance protein CzcA
NHKJIMIN_06925	gene	369				
NHKJIMIN_06925	CDS	369				hypothetical protein
NHKJIMIN_06926	gene	720	czcA_3			
NHKJIMIN_06926	CDS	720	czcA_3			Cobalt-zinc-cadmium resistance protein CzcA
NHKJIMIN_06927	gene	594				
NHKJIMIN_06927	CDS	594				hypothetical protein
NHKJIMIN_06928	gene	324				
NHKJIMIN_06928	CDS	324				hypothetical protein
NHKJIMIN_06929	gene	213				
NHKJIMIN_06929	CDS	213				hypothetical protein
NHKJIMIN_06930	gene	690				
NHKJIMIN_06930	CDS	690				hypothetical protein
NHKJIMIN_06931	gene	135				
NHKJIMIN_06931	CDS	135				hypothetical protein
NHKJIMIN_06932	gene	423				
NHKJIMIN_06932	CDS	423				hypothetical protein
NHKJIMIN_06933	gene	483	bsaA			
NHKJIMIN_06933	CDS	483	bsaA			Glutathione peroxidase BsaA
NHKJIMIN_06934	gene	528	idi			
NHKJIMIN_06934	CDS	528	idi	5.3.3.2	COG1443	Isopentenyl-diphosphate Delta-isomerase
NHKJIMIN_06935	gene	315	queA_3			
NHKJIMIN_06935	CDS	315	queA_3	2.4.99.17		S-adenosylmethionine:tRNA ribosyltransferase-isomerase
NHKJIMIN_06936	gene	408	queA_4			
NHKJIMIN_06936	CDS	408	queA_4	2.4.99.17	COG0809	S-adenosylmethionine:tRNA ribosyltransferase-isomerase
NHKJIMIN_06937	gene	849				
NHKJIMIN_06937	CDS	849				hypothetical protein
NHKJIMIN_06938	gene	156				
NHKJIMIN_06938	CDS	156				hypothetical protein
NHKJIMIN_06939	gene	255				
NHKJIMIN_06939	CDS	255				hypothetical protein
NHKJIMIN_06940	gene	147				
NHKJIMIN_06940	CDS	147				hypothetical protein
NHKJIMIN_06941	gene	120				
NHKJIMIN_06941	CDS	120				hypothetical protein
NHKJIMIN_06942	gene	120				
NHKJIMIN_06942	CDS	120				hypothetical protein
NHKJIMIN_06943	gene	213				
NHKJIMIN_06943	CDS	213				hypothetical protein
NHKJIMIN_06944	gene	567				
NHKJIMIN_06944	CDS	567				hypothetical protein
NHKJIMIN_06945	gene	363				
NHKJIMIN_06945	CDS	363				hypothetical protein
NHKJIMIN_06946	gene	411				
NHKJIMIN_06946	CDS	411				hypothetical protein
NHKJIMIN_06947	gene	171				
NHKJIMIN_06947	CDS	171				hypothetical protein
NHKJIMIN_06948	gene	237				
NHKJIMIN_06948	CDS	237				hypothetical protein
NHKJIMIN_06949	gene	282				
NHKJIMIN_06949	CDS	282				hypothetical protein
NHKJIMIN_06950	gene	210				
NHKJIMIN_06950	CDS	210				hypothetical protein
NHKJIMIN_06951	gene	222				
NHKJIMIN_06951	CDS	222				hypothetical protein
NHKJIMIN_06952	gene	1146				
NHKJIMIN_06952	CDS	1146				hypothetical protein
NHKJIMIN_06953	gene	207				
NHKJIMIN_06953	CDS	207				hypothetical protein
NHKJIMIN_06954	gene	834				
NHKJIMIN_06954	CDS	834				hypothetical protein
NHKJIMIN_06955	gene	291				
NHKJIMIN_06955	CDS	291				hypothetical protein
NHKJIMIN_06956	gene	240				
NHKJIMIN_06956	CDS	240				hypothetical protein
NHKJIMIN_06957	gene	597				
NHKJIMIN_06957	CDS	597				hypothetical protein
NHKJIMIN_06958	gene	429				
NHKJIMIN_06958	CDS	429				hypothetical protein
NHKJIMIN_06959	gene	561				
NHKJIMIN_06959	CDS	561				hypothetical protein
NHKJIMIN_06960	gene	510	hemW_1			
NHKJIMIN_06960	CDS	510	hemW_1		COG0635	Heme chaperone HemW
NHKJIMIN_06961	gene	573	hemW_2			
NHKJIMIN_06961	CDS	573	hemW_2		COG0635	Heme chaperone HemW
NHKJIMIN_06962	gene	420				
NHKJIMIN_06962	CDS	420				hypothetical protein
NHKJIMIN_06963	gene	174				
NHKJIMIN_06963	CDS	174				hypothetical protein
NHKJIMIN_06964	gene	210				
NHKJIMIN_06964	CDS	210				hypothetical protein
NHKJIMIN_06965	gene	297				
NHKJIMIN_06965	CDS	297				hypothetical protein
NHKJIMIN_06966	gene	330				
NHKJIMIN_06966	CDS	330				hypothetical protein
NHKJIMIN_06967	gene	408				
NHKJIMIN_06967	CDS	408				hypothetical protein
NHKJIMIN_06968	gene	192				
NHKJIMIN_06968	CDS	192				hypothetical protein
NHKJIMIN_06969	gene	354				
NHKJIMIN_06969	CDS	354				hypothetical protein
NHKJIMIN_06970	gene	720	fusA_3			
NHKJIMIN_06970	CDS	720	fusA_3		COG0480	Elongation factor G
NHKJIMIN_06971	gene	789	fusA_4			
NHKJIMIN_06971	CDS	789	fusA_4		COG0480	Elongation factor G
NHKJIMIN_06972	gene	660	fusA_5			
NHKJIMIN_06972	CDS	660	fusA_5		COG0480	Elongation factor G
NHKJIMIN_06973	gene	477				
NHKJIMIN_06973	CDS	477				hypothetical protein
NHKJIMIN_06974	gene	129				
NHKJIMIN_06974	CDS	129				hypothetical protein
NHKJIMIN_06975	gene	612	phoR			
NHKJIMIN_06975	CDS	612	phoR	2.7.13.3	COG5002	Alkaline phosphatase synthesis sensor protein PhoR
NHKJIMIN_06976	gene	132				
NHKJIMIN_06976	CDS	132				hypothetical protein
NHKJIMIN_06977	gene	897	rcsC_16			
NHKJIMIN_06977	CDS	897	rcsC_16	2.7.13.3		Sensor histidine kinase RcsC
NHKJIMIN_06978	gene	201				
NHKJIMIN_06978	CDS	201				hypothetical protein
NHKJIMIN_06979	gene	192	rpsF			
NHKJIMIN_06979	CDS	192	rpsF		COG0360	Small ribosomal subunit protein bS6
NHKJIMIN_06980	gene	402	rpsR			
NHKJIMIN_06980	CDS	402	rpsR			Small ribosomal subunit protein bS18
NHKJIMIN_06981	gene	273	rplI			
NHKJIMIN_06981	CDS	273	rplI			Large ribosomal subunit protein bL9
NHKJIMIN_06982	gene	198				
NHKJIMIN_06982	CDS	198				hypothetical protein
NHKJIMIN_06983	gene	375				
NHKJIMIN_06983	CDS	375				hypothetical protein
NHKJIMIN_06984	gene	378	menE_7			
NHKJIMIN_06984	CDS	378	menE_7	6.2.1.26		2-succinylbenzoate--CoA ligase
NHKJIMIN_06985	gene	186				
NHKJIMIN_06985	CDS	186				hypothetical protein
NHKJIMIN_06986	gene	660	caiC			
NHKJIMIN_06986	CDS	660	caiC	6.2.1.48	COG0318	Crotonobetaine/carnitine--CoA ligase
NHKJIMIN_06987	gene	639	mtaB_1			
NHKJIMIN_06987	CDS	639	mtaB_1	2.8.4.5	COG0621	Threonylcarbamoyladenosine tRNA methylthiotransferase MtaB
NHKJIMIN_06988	gene	438	mtaB_2			
NHKJIMIN_06988	CDS	438	mtaB_2	2.8.4.5	COG0621	Threonylcarbamoyladenosine tRNA methylthiotransferase MtaB
NHKJIMIN_06989	gene	660				
NHKJIMIN_06989	CDS	660				hypothetical protein
NHKJIMIN_06990	gene	252				
NHKJIMIN_06990	CDS	252				hypothetical protein
NHKJIMIN_06991	gene	666	wbbL			
NHKJIMIN_06991	CDS	666	wbbL	2.4.1.289	COG1216	N-acetylglucosaminyl-diphospho-decaprenol L-rhamnosyltransferase
NHKJIMIN_06992	gene	318				
NHKJIMIN_06992	CDS	318				hypothetical protein
NHKJIMIN_06993	gene	123				
NHKJIMIN_06993	CDS	123				hypothetical protein
NHKJIMIN_06994	gene	297	mgsA_1			
NHKJIMIN_06994	CDS	297	mgsA_1	4.2.3.3	COG1803	Methylglyoxal synthase
NHKJIMIN_06995	gene	237				
NHKJIMIN_06995	CDS	237				hypothetical protein
NHKJIMIN_06996	gene	279				
NHKJIMIN_06996	CDS	279				hypothetical protein
NHKJIMIN_06997	gene	282				
NHKJIMIN_06997	CDS	282				hypothetical protein
NHKJIMIN_06998	gene	576				
NHKJIMIN_06998	CDS	576				hypothetical protein
NHKJIMIN_06999	gene	231				
NHKJIMIN_06999	CDS	231				hypothetical protein
NHKJIMIN_07000	gene	798				
NHKJIMIN_07000	CDS	798				hypothetical protein
NHKJIMIN_07001	gene	588				
NHKJIMIN_07001	CDS	588				hypothetical protein
NHKJIMIN_07002	gene	213				
NHKJIMIN_07002	CDS	213				hypothetical protein
NHKJIMIN_07003	gene	1152				
NHKJIMIN_07003	CDS	1152				hypothetical protein
NHKJIMIN_07004	gene	444				
NHKJIMIN_07004	CDS	444				hypothetical protein
NHKJIMIN_07005	gene	792				
NHKJIMIN_07005	CDS	792				hypothetical protein
NHKJIMIN_07006	gene	153				
NHKJIMIN_07006	CDS	153				hypothetical protein
NHKJIMIN_07007	gene	1956				
NHKJIMIN_07007	CDS	1956				hypothetical protein
NHKJIMIN_07008	gene	342				
NHKJIMIN_07008	CDS	342				hypothetical protein
NHKJIMIN_07009	gene	351				
NHKJIMIN_07009	CDS	351				hypothetical protein
NHKJIMIN_07010	gene	246				
NHKJIMIN_07010	CDS	246				hypothetical protein
NHKJIMIN_07011	gene	369	nfsA			
NHKJIMIN_07011	CDS	369	nfsA	1.-.-.-	COG0778	Oxygen-insensitive NADPH nitroreductase
NHKJIMIN_07012	gene	756	dnaA			
NHKJIMIN_07012	CDS	756	dnaA	3.6.4.-	COG0593	Chromosomal replication initiator protein DnaA
NHKJIMIN_07013	gene	348				
NHKJIMIN_07013	CDS	348				hypothetical protein
NHKJIMIN_07014	gene	183				
NHKJIMIN_07014	CDS	183				hypothetical protein
NHKJIMIN_07015	gene	294				
NHKJIMIN_07015	CDS	294				hypothetical protein
NHKJIMIN_07016	gene	453				
NHKJIMIN_07016	CDS	453				hypothetical protein
NHKJIMIN_07017	gene	204				
NHKJIMIN_07017	CDS	204				hypothetical protein
NHKJIMIN_07018	gene	279				
NHKJIMIN_07018	CDS	279				hypothetical protein
NHKJIMIN_07019	gene	387				
NHKJIMIN_07019	CDS	387				hypothetical protein
NHKJIMIN_07020	gene	210				
NHKJIMIN_07020	CDS	210				hypothetical protein
NHKJIMIN_07021	gene	279				
NHKJIMIN_07021	CDS	279				hypothetical protein
NHKJIMIN_07022	gene	216				
NHKJIMIN_07022	CDS	216				hypothetical protein
NHKJIMIN_07023	gene	390				
NHKJIMIN_07023	CDS	390				hypothetical protein
NHKJIMIN_07024	gene	222				
NHKJIMIN_07024	CDS	222				hypothetical protein
NHKJIMIN_07025	gene	270				
NHKJIMIN_07025	CDS	270				hypothetical protein
NHKJIMIN_07026	gene	324				
NHKJIMIN_07026	CDS	324				hypothetical protein
NHKJIMIN_07027	gene	411				
NHKJIMIN_07027	CDS	411				hypothetical protein
NHKJIMIN_07028	gene	204				
NHKJIMIN_07028	CDS	204				hypothetical protein
NHKJIMIN_07029	gene	198				
NHKJIMIN_07029	CDS	198				hypothetical protein
NHKJIMIN_07030	gene	603				
NHKJIMIN_07030	CDS	603				hypothetical protein
NHKJIMIN_07031	gene	333				
NHKJIMIN_07031	CDS	333				hypothetical protein
NHKJIMIN_07032	gene	141				
NHKJIMIN_07032	CDS	141				hypothetical protein
NHKJIMIN_07033	gene	168				
NHKJIMIN_07033	CDS	168				hypothetical protein
NHKJIMIN_07034	gene	402				
NHKJIMIN_07034	CDS	402				hypothetical protein
NHKJIMIN_07035	gene	288				
NHKJIMIN_07035	CDS	288				hypothetical protein
NHKJIMIN_07036	gene	165				
NHKJIMIN_07036	CDS	165				hypothetical protein
NHKJIMIN_07037	gene	120				
NHKJIMIN_07037	CDS	120				hypothetical protein
NHKJIMIN_07038	gene	468				
NHKJIMIN_07038	CDS	468		3.2.1.52	COG3525	Beta-hexosaminidase
NHKJIMIN_07039	gene	213				
NHKJIMIN_07039	CDS	213				hypothetical protein
NHKJIMIN_07040	gene	126				
NHKJIMIN_07040	CDS	126				hypothetical protein
NHKJIMIN_07041	gene	420				
NHKJIMIN_07041	CDS	420				hypothetical protein
NHKJIMIN_07042	gene	117				
NHKJIMIN_07042	CDS	117				hypothetical protein
NHKJIMIN_07043	gene	1245	lptD			
NHKJIMIN_07043	CDS	1245	lptD			LPS-assembly protein LptD
NHKJIMIN_07044	gene	381				
NHKJIMIN_07044	CDS	381				hypothetical protein
NHKJIMIN_07045	gene	594				
NHKJIMIN_07045	CDS	594				hypothetical protein
NHKJIMIN_07046	gene	402	ung_1			
NHKJIMIN_07046	CDS	402	ung_1	3.2.2.27	COG0692	Uracil-DNA glycosylase
NHKJIMIN_07047	gene	240	ung_2			
NHKJIMIN_07047	CDS	240	ung_2	3.2.2.27	COG0692	Uracil-DNA glycosylase
NHKJIMIN_07048	gene	234	asnA_1			
NHKJIMIN_07048	CDS	234	asnA_1	6.3.1.1	COG2502	Aspartate--ammonia ligase
NHKJIMIN_07049	gene	495	asnA_2			
NHKJIMIN_07049	CDS	495	asnA_2	6.3.1.1	COG2502	Aspartate--ammonia ligase
NHKJIMIN_07050	gene	72				
NHKJIMIN_07050	tRNA	72				tRNA-Arg(ccg)
NHKJIMIN_07051	gene	711	hxpA			
NHKJIMIN_07051	CDS	711	hxpA	3.1.3.22	COG0637	Hexitol phosphatase A
NHKJIMIN_07052	gene	165				
NHKJIMIN_07052	CDS	165				hypothetical protein
NHKJIMIN_07053	gene	405				
NHKJIMIN_07053	CDS	405				hypothetical protein
NHKJIMIN_07054	gene	597	pgi_1			
NHKJIMIN_07054	CDS	597	pgi_1	5.3.1.9	COG0166	Glucose-6-phosphate isomerase
NHKJIMIN_07055	gene	429	pgi_2			
NHKJIMIN_07055	CDS	429	pgi_2	5.3.1.9	COG0166	Glucose-6-phosphate isomerase
NHKJIMIN_07056	gene	180				
NHKJIMIN_07056	CDS	180				hypothetical protein
NHKJIMIN_07057	gene	324	gpsA_1			
NHKJIMIN_07057	CDS	324	gpsA_1	1.1.1.94		Glycerol-3-phosphate dehydrogenase [NAD(P)+]
NHKJIMIN_07058	gene	285	gpsA_2			
NHKJIMIN_07058	CDS	285	gpsA_2	1.1.1.94		Glycerol-3-phosphate dehydrogenase [NAD(P)+]
NHKJIMIN_07059	gene	123				
NHKJIMIN_07059	CDS	123				hypothetical protein
NHKJIMIN_07060	gene	306	lysS_1			
NHKJIMIN_07060	CDS	306	lysS_1	6.1.1.6		Lysine--tRNA ligase
NHKJIMIN_07061	gene	927	lysU			
NHKJIMIN_07061	CDS	927	lysU	6.1.1.6	COG1190	Lysine--tRNA ligase, heat inducible
NHKJIMIN_07062	gene	333	lysS_2			
NHKJIMIN_07062	CDS	333	lysS_2	6.1.1.6		Lysine--tRNA ligase
NHKJIMIN_07063	gene	177				
NHKJIMIN_07063	CDS	177				hypothetical protein
NHKJIMIN_07064	gene	174				
NHKJIMIN_07064	CDS	174				hypothetical protein
NHKJIMIN_07065	gene	225				
NHKJIMIN_07065	CDS	225				hypothetical protein
NHKJIMIN_07066	gene	417				
NHKJIMIN_07066	CDS	417				hypothetical protein
NHKJIMIN_07067	gene	261				
NHKJIMIN_07067	CDS	261				hypothetical protein
NHKJIMIN_07068	gene	171				
NHKJIMIN_07068	CDS	171				hypothetical protein
NHKJIMIN_07069	gene	288				
NHKJIMIN_07069	CDS	288			COG0664	putative NTE family protein
NHKJIMIN_07070	gene	513				
NHKJIMIN_07070	CDS	513				hypothetical protein
NHKJIMIN_07071	gene	840				
NHKJIMIN_07071	CDS	840				hypothetical protein
NHKJIMIN_07072	gene	171				
NHKJIMIN_07072	CDS	171				hypothetical protein
NHKJIMIN_07073	gene	351				
NHKJIMIN_07073	CDS	351				hypothetical protein
NHKJIMIN_07074	gene	237				
NHKJIMIN_07074	CDS	237				hypothetical protein
NHKJIMIN_07075	gene	558				
NHKJIMIN_07075	CDS	558				hypothetical protein
NHKJIMIN_07076	gene	330				
NHKJIMIN_07076	CDS	330				hypothetical protein
NHKJIMIN_07077	gene	1062				
NHKJIMIN_07077	CDS	1062				hypothetical protein
NHKJIMIN_07078	gene	216				
NHKJIMIN_07078	CDS	216				hypothetical protein
NHKJIMIN_07079	gene	267				
NHKJIMIN_07079	CDS	267				hypothetical protein
NHKJIMIN_07080	gene	291	yidE_4			
NHKJIMIN_07080	CDS	291	yidE_4			Putative transport protein YidE
NHKJIMIN_07081	gene	165	yidE_5			
NHKJIMIN_07081	CDS	165	yidE_5			Putative transport protein YidE
NHKJIMIN_07082	gene	243	yidE_6			
NHKJIMIN_07082	CDS	243	yidE_6			Putative transport protein YidE
NHKJIMIN_07083	gene	945	yidE_7			
NHKJIMIN_07083	CDS	945	yidE_7			Putative transport protein YidE
NHKJIMIN_07084	gene	156				
NHKJIMIN_07084	CDS	156				hypothetical protein
NHKJIMIN_07085	gene	606				
NHKJIMIN_07085	CDS	606				hypothetical protein
NHKJIMIN_07086	gene	576	bhbA			
NHKJIMIN_07086	CDS	576	bhbA	5.4.99.2	COG1884	Methylmalonyl-CoA mutase
NHKJIMIN_07087	gene	336				
NHKJIMIN_07087	CDS	336				hypothetical protein
NHKJIMIN_07088	gene	201				
NHKJIMIN_07088	CDS	201				hypothetical protein
NHKJIMIN_07089	gene	432	scpA			
NHKJIMIN_07089	CDS	432	scpA	5.4.99.2	COG1884	Methylmalonyl-CoA mutase
NHKJIMIN_07090	gene	315	mutB_1			
NHKJIMIN_07090	CDS	315	mutB_1	5.4.99.2		Methylmalonyl-CoA mutase large subunit
NHKJIMIN_07091	gene	429	mutB_2			
NHKJIMIN_07091	CDS	429	mutB_2	5.4.99.2		Methylmalonyl-CoA mutase large subunit
NHKJIMIN_07092	gene	672	mcm			
NHKJIMIN_07092	CDS	672	mcm	5.4.99.2	COG1884	Methylmalonyl-CoA mutase
NHKJIMIN_07093	gene	96				
NHKJIMIN_07093	CDS	96				hypothetical protein
NHKJIMIN_07094	gene	249				
NHKJIMIN_07094	CDS	249				hypothetical protein
NHKJIMIN_07095	gene	468				
NHKJIMIN_07095	CDS	468				hypothetical protein
NHKJIMIN_07096	gene	231				
NHKJIMIN_07096	CDS	231				hypothetical protein
NHKJIMIN_07097	gene	471	topB_12			
NHKJIMIN_07097	CDS	471	topB_12	5.6.2.1		DNA topoisomerase 3
NHKJIMIN_07098	gene	189	topB_13			
NHKJIMIN_07098	CDS	189	topB_13	5.6.2.1		DNA topoisomerase 3
NHKJIMIN_07099	gene	195	topB_14			
NHKJIMIN_07099	CDS	195	topB_14	5.6.2.1		DNA topoisomerase 3
NHKJIMIN_07100	gene	249	topB_15			
NHKJIMIN_07100	CDS	249	topB_15	5.6.2.1	COG0550	DNA topoisomerase 3
NHKJIMIN_07101	gene	288	topB_16			
NHKJIMIN_07101	CDS	288	topB_16	5.6.2.1		DNA topoisomerase 3
NHKJIMIN_07102	gene	195				
NHKJIMIN_07102	CDS	195				hypothetical protein
NHKJIMIN_07103	gene	207				
NHKJIMIN_07103	CDS	207				hypothetical protein
NHKJIMIN_07104	gene	414				
NHKJIMIN_07104	CDS	414				hypothetical protein
NHKJIMIN_07105	gene	150				
NHKJIMIN_07105	CDS	150				hypothetical protein
NHKJIMIN_07106	gene	207				
NHKJIMIN_07106	CDS	207				hypothetical protein
NHKJIMIN_07107	gene	450				
NHKJIMIN_07107	CDS	450				hypothetical protein
NHKJIMIN_07108	gene	192				
NHKJIMIN_07108	CDS	192				hypothetical protein
NHKJIMIN_07109	gene	552				
NHKJIMIN_07109	CDS	552				hypothetical protein
NHKJIMIN_07110	gene	168				
NHKJIMIN_07110	CDS	168				hypothetical protein
NHKJIMIN_07111	gene	165				
NHKJIMIN_07111	CDS	165				hypothetical protein
NHKJIMIN_07112	gene	453	xylG			
NHKJIMIN_07112	CDS	453	xylG	1.2.1.85		2-hydroxymuconic semialdehyde dehydrogenase
NHKJIMIN_07113	gene	597	rocA			
NHKJIMIN_07113	CDS	597	rocA	1.2.1.88		1-pyrroline-5-carboxylate dehydrogenase
NHKJIMIN_07114	gene	345				
NHKJIMIN_07114	CDS	345				hypothetical protein
NHKJIMIN_07115	gene	261				
NHKJIMIN_07115	CDS	261				hypothetical protein
NHKJIMIN_07116	gene	555	pva			
NHKJIMIN_07116	CDS	555	pva	3.5.1.11	COG3049	Penicillin V acylase
NHKJIMIN_07117	gene	312				
NHKJIMIN_07117	CDS	312				hypothetical protein
NHKJIMIN_07118	gene	867	tpdA			
NHKJIMIN_07118	CDS	867	tpdA	3.4.13.23		Cysteinylglycine-S-conjugate dipeptidase
NHKJIMIN_07119	gene	162	aroC_1			
NHKJIMIN_07119	CDS	162	aroC_1	4.2.3.5		Chorismate synthase
NHKJIMIN_07120	gene	246	aroC_2			
NHKJIMIN_07120	CDS	246	aroC_2	4.2.3.5		Chorismate synthase
NHKJIMIN_07121	gene	183				
NHKJIMIN_07121	CDS	183				hypothetical protein
NHKJIMIN_07122	gene	381	aroC_3			
NHKJIMIN_07122	CDS	381	aroC_3	4.2.3.5	COG0082	Chorismate synthase
NHKJIMIN_07123	gene	201				
NHKJIMIN_07123	CDS	201				hypothetical protein
NHKJIMIN_07124	gene	174				
NHKJIMIN_07124	CDS	174				hypothetical protein
NHKJIMIN_07125	gene	246				
NHKJIMIN_07125	CDS	246				hypothetical protein
NHKJIMIN_07126	gene	180				
NHKJIMIN_07126	CDS	180				hypothetical protein
NHKJIMIN_07127	gene	594	fecR			
NHKJIMIN_07127	CDS	594	fecR		COG3712	Ferric citrate uptake sigma factor regulator FecR
NHKJIMIN_07128	gene	441				
NHKJIMIN_07128	CDS	441			COG4771	TonB-dependent receptor P39
NHKJIMIN_07129	gene	546				
NHKJIMIN_07129	CDS	546				hypothetical protein
NHKJIMIN_07130	gene	375				
NHKJIMIN_07130	CDS	375				hypothetical protein
NHKJIMIN_07131	gene	165				
NHKJIMIN_07131	CDS	165				hypothetical protein
NHKJIMIN_07132	gene	216				
NHKJIMIN_07132	CDS	216				hypothetical protein
NHKJIMIN_07133	gene	285				
NHKJIMIN_07133	CDS	285				hypothetical protein
NHKJIMIN_07134	gene	384				
NHKJIMIN_07134	CDS	384			COG4771	TonB-dependent receptor P3
NHKJIMIN_07135	gene	348				
NHKJIMIN_07135	CDS	348				hypothetical protein
NHKJIMIN_07136	gene	216				
NHKJIMIN_07136	CDS	216				hypothetical protein
NHKJIMIN_07137	gene	600				
NHKJIMIN_07137	CDS	600				hypothetical protein
NHKJIMIN_07138	gene	129				
NHKJIMIN_07138	CDS	129				hypothetical protein
NHKJIMIN_07139	gene	267				
NHKJIMIN_07139	CDS	267				hypothetical protein
NHKJIMIN_07140	gene	153				
NHKJIMIN_07140	CDS	153				hypothetical protein
NHKJIMIN_07141	gene	192				
NHKJIMIN_07141	CDS	192				hypothetical protein
NHKJIMIN_07142	gene	174				
NHKJIMIN_07142	CDS	174				hypothetical protein
NHKJIMIN_07143	gene	213				
NHKJIMIN_07143	CDS	213				hypothetical protein
NHKJIMIN_07144	gene	498				
NHKJIMIN_07144	CDS	498				hypothetical protein
NHKJIMIN_07145	gene	204				
NHKJIMIN_07145	CDS	204				hypothetical protein
NHKJIMIN_07146	gene	114				
NHKJIMIN_07146	CDS	114				hypothetical protein
NHKJIMIN_07147	gene	189				
NHKJIMIN_07147	CDS	189				hypothetical protein
NHKJIMIN_07148	gene	273				
NHKJIMIN_07148	CDS	273				hypothetical protein
NHKJIMIN_07149	gene	672				
NHKJIMIN_07149	CDS	672			COG4771	TonB-dependent receptor P39
NHKJIMIN_07150	gene	114				
NHKJIMIN_07150	CDS	114				hypothetical protein
NHKJIMIN_07151	gene	246				
NHKJIMIN_07151	CDS	246				hypothetical protein
NHKJIMIN_07152	gene	765				
NHKJIMIN_07152	CDS	765				hypothetical protein
NHKJIMIN_07153	gene	531				
NHKJIMIN_07153	CDS	531				hypothetical protein
NHKJIMIN_07154	gene	234				
NHKJIMIN_07154	CDS	234				hypothetical protein
NHKJIMIN_07155	gene	252				
NHKJIMIN_07155	CDS	252				hypothetical protein
NHKJIMIN_07156	gene	411				
NHKJIMIN_07156	CDS	411				hypothetical protein
NHKJIMIN_07157	gene	360				
NHKJIMIN_07157	CDS	360				hypothetical protein
NHKJIMIN_07158	gene	177				
NHKJIMIN_07158	CDS	177				hypothetical protein
NHKJIMIN_07159	gene	414				
NHKJIMIN_07159	CDS	414				hypothetical protein
NHKJIMIN_07160	gene	447				
NHKJIMIN_07160	CDS	447				hypothetical protein
NHKJIMIN_07161	gene	96				
NHKJIMIN_07161	CDS	96				hypothetical protein
NHKJIMIN_07162	gene	126				
NHKJIMIN_07162	CDS	126				hypothetical protein
NHKJIMIN_07163	gene	159				
NHKJIMIN_07163	CDS	159				hypothetical protein
NHKJIMIN_07164	gene	234				
NHKJIMIN_07164	CDS	234				hypothetical protein
NHKJIMIN_07165	gene	114				
NHKJIMIN_07165	CDS	114				hypothetical protein
NHKJIMIN_07166	gene	261				
NHKJIMIN_07166	CDS	261				IS66 family transposase ISBthe6
NHKJIMIN_07167	gene	138				
NHKJIMIN_07167	CDS	138				hypothetical protein
NHKJIMIN_07168	gene	222				
NHKJIMIN_07168	CDS	222				hypothetical protein
NHKJIMIN_07169	gene	207				
NHKJIMIN_07169	CDS	207				hypothetical protein
NHKJIMIN_07170	gene	171				
NHKJIMIN_07170	CDS	171				hypothetical protein
NHKJIMIN_07171	gene	228				
NHKJIMIN_07171	CDS	228				hypothetical protein
NHKJIMIN_07172	gene	339				
NHKJIMIN_07172	CDS	339				hypothetical protein
NHKJIMIN_07173	gene	135				
NHKJIMIN_07173	CDS	135				hypothetical protein
NHKJIMIN_07174	gene	156				
NHKJIMIN_07174	CDS	156				hypothetical protein
NHKJIMIN_07175	gene	441				
NHKJIMIN_07175	CDS	441				hypothetical protein
NHKJIMIN_07176	gene	153				
NHKJIMIN_07176	CDS	153				hypothetical protein
NHKJIMIN_07177	gene	195				
NHKJIMIN_07177	CDS	195				hypothetical protein
NHKJIMIN_07178	gene	237				
NHKJIMIN_07178	CDS	237				hypothetical protein
NHKJIMIN_07179	gene	195				
NHKJIMIN_07179	CDS	195				hypothetical protein
NHKJIMIN_07180	gene	258				
NHKJIMIN_07180	CDS	258				hypothetical protein
NHKJIMIN_07181	gene	537				
NHKJIMIN_07181	CDS	537				hypothetical protein
NHKJIMIN_07182	gene	435				
NHKJIMIN_07182	CDS	435				hypothetical protein
NHKJIMIN_07183	gene	375				
NHKJIMIN_07183	CDS	375				hypothetical protein
NHKJIMIN_07184	gene	216				
NHKJIMIN_07184	CDS	216				hypothetical protein
NHKJIMIN_07185	gene	177				
NHKJIMIN_07185	CDS	177				hypothetical protein
NHKJIMIN_07186	gene	183				
NHKJIMIN_07186	CDS	183				hypothetical protein
NHKJIMIN_07187	gene	288				
NHKJIMIN_07187	CDS	288				hypothetical protein
NHKJIMIN_07188	gene	198				
NHKJIMIN_07188	CDS	198				hypothetical protein
NHKJIMIN_07189	gene	264				
NHKJIMIN_07189	CDS	264				hypothetical protein
NHKJIMIN_07190	gene	297				
NHKJIMIN_07190	CDS	297				hypothetical protein
NHKJIMIN_07191	gene	258				
NHKJIMIN_07191	CDS	258				hypothetical protein
NHKJIMIN_07192	gene	708				
NHKJIMIN_07192	CDS	708				hypothetical protein
NHKJIMIN_07193	gene	279				
NHKJIMIN_07193	CDS	279				hypothetical protein
NHKJIMIN_07194	gene	294				
NHKJIMIN_07194	CDS	294				hypothetical protein
NHKJIMIN_07195	gene	135				
NHKJIMIN_07195	CDS	135				hypothetical protein
NHKJIMIN_07196	gene	579				
NHKJIMIN_07196	CDS	579			COG4771	TonB-dependent receptor P39
NHKJIMIN_07197	gene	252				
NHKJIMIN_07197	CDS	252				hypothetical protein
NHKJIMIN_07198	gene	963				
NHKJIMIN_07198	CDS	963				hypothetical protein
NHKJIMIN_07199	gene	363				
NHKJIMIN_07199	CDS	363				hypothetical protein
NHKJIMIN_07200	gene	270				
NHKJIMIN_07200	CDS	270				hypothetical protein
NHKJIMIN_07201	gene	594				
NHKJIMIN_07201	CDS	594				hypothetical protein
NHKJIMIN_07202	gene	198				
NHKJIMIN_07202	CDS	198				hypothetical protein
NHKJIMIN_07203	gene	627				
NHKJIMIN_07203	CDS	627				hypothetical protein
NHKJIMIN_07204	gene	129				
NHKJIMIN_07204	CDS	129				hypothetical protein
NHKJIMIN_07205	gene	288				
NHKJIMIN_07205	CDS	288				hypothetical protein
NHKJIMIN_07206	gene	132				
NHKJIMIN_07206	CDS	132				hypothetical protein
NHKJIMIN_07207	gene	465				
NHKJIMIN_07207	CDS	465				hypothetical protein
NHKJIMIN_07208	gene	279				
NHKJIMIN_07208	CDS	279				hypothetical protein
NHKJIMIN_07209	gene	174				
NHKJIMIN_07209	CDS	174				hypothetical protein
NHKJIMIN_07210	gene	273				
NHKJIMIN_07210	CDS	273				hypothetical protein
NHKJIMIN_07211	gene	456				
NHKJIMIN_07211	CDS	456				hypothetical protein
NHKJIMIN_07212	gene	309				
NHKJIMIN_07212	CDS	309				hypothetical protein
NHKJIMIN_07213	gene	333				
NHKJIMIN_07213	CDS	333				hypothetical protein
NHKJIMIN_07214	gene	198				
NHKJIMIN_07214	CDS	198				hypothetical protein
NHKJIMIN_07215	gene	201				
NHKJIMIN_07215	CDS	201				hypothetical protein
NHKJIMIN_07216	gene	162				
NHKJIMIN_07216	CDS	162				hypothetical protein
NHKJIMIN_07217	gene	162				
NHKJIMIN_07217	CDS	162				hypothetical protein
NHKJIMIN_07218	gene	294				
NHKJIMIN_07218	CDS	294				hypothetical protein
NHKJIMIN_07219	gene	348				
NHKJIMIN_07219	CDS	348				hypothetical protein
NHKJIMIN_07220	gene	420				
NHKJIMIN_07220	CDS	420				hypothetical protein
NHKJIMIN_07221	gene	222				
NHKJIMIN_07221	CDS	222				hypothetical protein
NHKJIMIN_07222	gene	201				
NHKJIMIN_07222	CDS	201				hypothetical protein
NHKJIMIN_07223	gene	258				
NHKJIMIN_07223	CDS	258				hypothetical protein
NHKJIMIN_07224	gene	282				
NHKJIMIN_07224	CDS	282				hypothetical protein
NHKJIMIN_07225	gene	258				
NHKJIMIN_07225	CDS	258				hypothetical protein
NHKJIMIN_07226	gene	132				
NHKJIMIN_07226	CDS	132				hypothetical protein
NHKJIMIN_07227	gene	126				
NHKJIMIN_07227	CDS	126				hypothetical protein
NHKJIMIN_07228	gene	171				
NHKJIMIN_07228	CDS	171				hypothetical protein
NHKJIMIN_07229	gene	432				
NHKJIMIN_07229	CDS	432				hypothetical protein
NHKJIMIN_07230	gene	138				
NHKJIMIN_07230	CDS	138				hypothetical protein
NHKJIMIN_07231	gene	105				
NHKJIMIN_07231	CDS	105				hypothetical protein
NHKJIMIN_07232	gene	168				
NHKJIMIN_07232	CDS	168				hypothetical protein
NHKJIMIN_07233	gene	204				
NHKJIMIN_07233	CDS	204				hypothetical protein
NHKJIMIN_07234	gene	162				
NHKJIMIN_07234	CDS	162				hypothetical protein
NHKJIMIN_07235	gene	132				
NHKJIMIN_07235	CDS	132				hypothetical protein
NHKJIMIN_07236	gene	216				
NHKJIMIN_07236	CDS	216				hypothetical protein
NHKJIMIN_07237	gene	255				
NHKJIMIN_07237	CDS	255				hypothetical protein
NHKJIMIN_07238	gene	198				
NHKJIMIN_07238	CDS	198				hypothetical protein
NHKJIMIN_07239	gene	228				
NHKJIMIN_07239	CDS	228				hypothetical protein
NHKJIMIN_07240	gene	438				
NHKJIMIN_07240	CDS	438				hypothetical protein
NHKJIMIN_07241	gene	309				
NHKJIMIN_07241	CDS	309				hypothetical protein
NHKJIMIN_07242	gene	141				
NHKJIMIN_07242	CDS	141				hypothetical protein
NHKJIMIN_07243	gene	561				
NHKJIMIN_07243	CDS	561				hypothetical protein
NHKJIMIN_07244	gene	285				
NHKJIMIN_07244	CDS	285				hypothetical protein
NHKJIMIN_07245	gene	252				
NHKJIMIN_07245	CDS	252				hypothetical protein
NHKJIMIN_07246	gene	525				
NHKJIMIN_07246	CDS	525				hypothetical protein
NHKJIMIN_07247	gene	273				
NHKJIMIN_07247	CDS	273				hypothetical protein
NHKJIMIN_07248	gene	237				
NHKJIMIN_07248	CDS	237				hypothetical protein
NHKJIMIN_07249	gene	213				
NHKJIMIN_07249	CDS	213				hypothetical protein
NHKJIMIN_07250	gene	288				
NHKJIMIN_07250	CDS	288				hypothetical protein
NHKJIMIN_07251	gene	483				
NHKJIMIN_07251	CDS	483				hypothetical protein
NHKJIMIN_07252	gene	249				
NHKJIMIN_07252	CDS	249				hypothetical protein
NHKJIMIN_07253	gene	438				
NHKJIMIN_07253	CDS	438				hypothetical protein
NHKJIMIN_07254	gene	372				
NHKJIMIN_07254	CDS	372				hypothetical protein
NHKJIMIN_07255	gene	828				
NHKJIMIN_07255	CDS	828				hypothetical protein
NHKJIMIN_07256	gene	300				
NHKJIMIN_07256	CDS	300				hypothetical protein
NHKJIMIN_07257	gene	309				
NHKJIMIN_07257	CDS	309				hypothetical protein
NHKJIMIN_07258	gene	591				
NHKJIMIN_07258	CDS	591				hypothetical protein
NHKJIMIN_07259	gene	150				
NHKJIMIN_07259	CDS	150				hypothetical protein
NHKJIMIN_07260	gene	153				
NHKJIMIN_07260	CDS	153				hypothetical protein
NHKJIMIN_07261	gene	600				
NHKJIMIN_07261	CDS	600				hypothetical protein
NHKJIMIN_07262	gene	201				
NHKJIMIN_07262	CDS	201				hypothetical protein
NHKJIMIN_07263	gene	189				
NHKJIMIN_07263	CDS	189				hypothetical protein
NHKJIMIN_07264	gene	693				
NHKJIMIN_07264	CDS	693				hypothetical protein
NHKJIMIN_07265	gene	369				
NHKJIMIN_07265	CDS	369				hypothetical protein
NHKJIMIN_07266	gene	276				
NHKJIMIN_07266	CDS	276				hypothetical protein
NHKJIMIN_07267	gene	306				
NHKJIMIN_07267	CDS	306				hypothetical protein
NHKJIMIN_07268	gene	441				
NHKJIMIN_07268	CDS	441				hypothetical protein
NHKJIMIN_07269	gene	726				
NHKJIMIN_07269	CDS	726				hypothetical protein
NHKJIMIN_07270	gene	348	ilvD_1			
NHKJIMIN_07270	CDS	348	ilvD_1	4.2.1.9	COG0129	Dihydroxy-acid dehydratase
NHKJIMIN_07271	gene	207	ilvD_2			
NHKJIMIN_07271	CDS	207	ilvD_2	4.2.1.9	COG0129	Dihydroxy-acid dehydratase
NHKJIMIN_07272	gene	993	ilvD_3			
NHKJIMIN_07272	CDS	993	ilvD_3	4.2.1.9	COG0129	Dihydroxy-acid dehydratase
NHKJIMIN_07273	gene	213	ilvB1			
NHKJIMIN_07273	CDS	213	ilvB1	2.2.1.6	COG0028	Acetolactate synthase large subunit IlvB1
NHKJIMIN_07274	gene	261	ilvB_1			
NHKJIMIN_07274	CDS	261	ilvB_1	2.2.1.6	COG0028	Acetolactate synthase large subunit
NHKJIMIN_07275	gene	246				
NHKJIMIN_07275	CDS	246				hypothetical protein
NHKJIMIN_07276	gene	792	ilvG			
NHKJIMIN_07276	CDS	792	ilvG	2.2.1.6		Acetolactate synthase isozyme 2 large subunit
NHKJIMIN_07277	gene	210				
NHKJIMIN_07277	CDS	210				hypothetical protein
NHKJIMIN_07278	gene	213				
NHKJIMIN_07278	CDS	213				hypothetical protein
NHKJIMIN_07279	gene	345				
NHKJIMIN_07279	CDS	345				hypothetical protein
NHKJIMIN_07280	gene	93				
NHKJIMIN_07280	CDS	93				hypothetical protein
NHKJIMIN_07281	gene	231				
NHKJIMIN_07281	CDS	231				hypothetical protein
NHKJIMIN_07282	gene	456				
NHKJIMIN_07282	CDS	456				hypothetical protein
NHKJIMIN_07283	gene	540				
NHKJIMIN_07283	CDS	540				hypothetical protein
NHKJIMIN_07284	gene	279				
NHKJIMIN_07284	CDS	279		1.1.1.382	COG0059	Ketol-acid reductoisomerase (NAD(+))
NHKJIMIN_07285	gene	204				
NHKJIMIN_07285	CDS	204		1.1.1.382	COG0059	Ketol-acid reductoisomerase (NAD(+))
NHKJIMIN_07286	gene	573				
NHKJIMIN_07286	CDS	573		1.1.1.382	COG0059	Ketol-acid reductoisomerase (NAD(+))
NHKJIMIN_07287	gene	138				
NHKJIMIN_07287	CDS	138				hypothetical protein
NHKJIMIN_07288	gene	345				
NHKJIMIN_07288	CDS	345				hypothetical protein
NHKJIMIN_07289	gene	156				
NHKJIMIN_07289	CDS	156				hypothetical protein
NHKJIMIN_07290	gene	189				
NHKJIMIN_07290	CDS	189				hypothetical protein
NHKJIMIN_07291	gene	351				
NHKJIMIN_07291	CDS	351				hypothetical protein
NHKJIMIN_07292	gene	129				
NHKJIMIN_07292	CDS	129				hypothetical protein
NHKJIMIN_07293	gene	222				
NHKJIMIN_07293	CDS	222				hypothetical protein
NHKJIMIN_07294	gene	285				
NHKJIMIN_07294	CDS	285				hypothetical protein
NHKJIMIN_07295	gene	126				
NHKJIMIN_07295	CDS	126				hypothetical protein
NHKJIMIN_07296	gene	507				
NHKJIMIN_07296	CDS	507				hypothetical protein
NHKJIMIN_07297	gene	786				
NHKJIMIN_07297	CDS	786				hypothetical protein
NHKJIMIN_07298	gene	225				
NHKJIMIN_07298	CDS	225				hypothetical protein
NHKJIMIN_07299	gene	360				
NHKJIMIN_07299	CDS	360				hypothetical protein
NHKJIMIN_07300	gene	465				
NHKJIMIN_07300	CDS	465				hypothetical protein
NHKJIMIN_07301	gene	345	acnD			
NHKJIMIN_07301	CDS	345	acnD	4.2.1.117	COG1048	2-methylcitrate dehydratase (2-methyl-trans-aconitate forming)
NHKJIMIN_07302	gene	168				
NHKJIMIN_07302	CDS	168				hypothetical protein
NHKJIMIN_07303	gene	666	leuC_1			
NHKJIMIN_07303	CDS	666	leuC_1	4.2.1.33		3-isopropylmalate dehydratase large subunit
NHKJIMIN_07304	gene	342	hacB			
NHKJIMIN_07304	CDS	342	hacB	4.2.1.33		Methanogen homoaconitase small subunit
NHKJIMIN_07305	gene	219				
NHKJIMIN_07305	CDS	219				hypothetical protein
NHKJIMIN_07306	gene	282	icd_1			
NHKJIMIN_07306	CDS	282	icd_1	1.1.1.42		Isocitrate dehydrogenase [NADP]
NHKJIMIN_07307	gene	264				
NHKJIMIN_07307	CDS	264				hypothetical protein
NHKJIMIN_07308	gene	243	icd_2			
NHKJIMIN_07308	CDS	243	icd_2	1.1.1.42	COG0538	Isocitrate dehydrogenase [NADP]
NHKJIMIN_07309	gene	219	icd_3			
NHKJIMIN_07309	CDS	219	icd_3	1.1.1.42	COG0538	Isocitrate dehydrogenase [NADP]
NHKJIMIN_07310	gene	246				
NHKJIMIN_07310	CDS	246				hypothetical protein
NHKJIMIN_07311	gene	258				
NHKJIMIN_07311	CDS	258				hypothetical protein
NHKJIMIN_07312	gene	453				
NHKJIMIN_07312	CDS	453				hypothetical protein
NHKJIMIN_07313	gene	666	gltA_1			
NHKJIMIN_07313	CDS	666	gltA_1	2.3.3.16	COG0372	Citrate synthase
NHKJIMIN_07314	gene	345				
NHKJIMIN_07314	CDS	345				hypothetical protein
NHKJIMIN_07315	gene	396				
NHKJIMIN_07315	CDS	396				hypothetical protein
NHKJIMIN_07316	gene	165				
NHKJIMIN_07316	CDS	165				hypothetical protein
NHKJIMIN_07317	gene	189	nox_1			
NHKJIMIN_07317	CDS	189	nox_1	1.8.1.20		4,4'-dithiodibutanoate disulfide reductase
NHKJIMIN_07318	gene	438	namA			
NHKJIMIN_07318	CDS	438	namA	1.6.99.1		NADPH dehydrogenase
NHKJIMIN_07319	gene	501	nox_2			
NHKJIMIN_07319	CDS	501	nox_2	1.8.1.20		4,4'-dithiodibutanoate disulfide reductase
NHKJIMIN_07320	gene	567				
NHKJIMIN_07320	CDS	567				hypothetical protein
NHKJIMIN_07321	gene	276				
NHKJIMIN_07321	CDS	276				hypothetical protein
NHKJIMIN_07322	gene	282	pfkA_1			
NHKJIMIN_07322	CDS	282	pfkA_1	2.7.1.11	COG0205	ATP-dependent 6-phosphofructokinase 1
NHKJIMIN_07323	gene	186	pfkA_2			
NHKJIMIN_07323	CDS	186	pfkA_2	2.7.1.11		ATP-dependent 6-phosphofructokinase
NHKJIMIN_07324	gene	441	pfkA_3			
NHKJIMIN_07324	CDS	441	pfkA_3	2.7.1.11		ATP-dependent 6-phosphofructokinase
NHKJIMIN_07325	gene	408	ispH_1			
NHKJIMIN_07325	CDS	408	ispH_1	1.17.7.4		4-hydroxy-3-methylbut-2-enyl diphosphate reductase
NHKJIMIN_07326	gene	333	ispH_2			
NHKJIMIN_07326	CDS	333	ispH_2	1.17.7.4	COG0761	4-hydroxy-3-methylbut-2-enyl diphosphate reductase
NHKJIMIN_07327	gene	519	cmk_1			
NHKJIMIN_07327	CDS	519	cmk_1	2.7.4.25		Cytidylate kinase
NHKJIMIN_07328	gene	171	cmk_2			
NHKJIMIN_07328	CDS	171	cmk_2	2.7.4.25		Cytidylate kinase
NHKJIMIN_07329	gene	222				
NHKJIMIN_07329	CDS	222				hypothetical protein
NHKJIMIN_07330	gene	111				
NHKJIMIN_07330	CDS	111				hypothetical protein
NHKJIMIN_07331	gene	270				
NHKJIMIN_07331	CDS	270				hypothetical protein
NHKJIMIN_07332	gene	447				
NHKJIMIN_07332	CDS	447		2.5.1.10	COG0142	(2E,6E)-farnesyl diphosphate synthase
NHKJIMIN_07333	gene	213	idsA2			
NHKJIMIN_07333	CDS	213	idsA2	2.5.1.10	COG0142	(2E,6E)-farnesyl diphosphate synthase
NHKJIMIN_07334	gene	144				
NHKJIMIN_07334	CDS	144				hypothetical protein
NHKJIMIN_07335	gene	582				
NHKJIMIN_07335	CDS	582				hypothetical protein
NHKJIMIN_07336	gene	174				
NHKJIMIN_07336	CDS	174				hypothetical protein
NHKJIMIN_07337	gene	108				
NHKJIMIN_07337	CDS	108				hypothetical protein
NHKJIMIN_07338	gene	201	tatD			
NHKJIMIN_07338	CDS	201	tatD	3.1.13.-		3'-5' ssDNA/RNA exonuclease TatD
NHKJIMIN_07339	gene	195	dtd3_2			
NHKJIMIN_07339	CDS	195	dtd3_2	3.1.1.96		D-aminoacyl-tRNA deacylase
NHKJIMIN_07340	gene	88				
NHKJIMIN_07340	tRNA	88				tRNA-Ser(gga)
NHKJIMIN_07341	gene	552				
NHKJIMIN_07341	CDS	552				hypothetical protein
NHKJIMIN_07342	gene	282	tolQ_2			
NHKJIMIN_07342	CDS	282	tolQ_2			Tol-Pal system protein TolQ
NHKJIMIN_07343	gene	318				
NHKJIMIN_07343	CDS	318				hypothetical protein
NHKJIMIN_07344	gene	210				
NHKJIMIN_07344	CDS	210				hypothetical protein
NHKJIMIN_07345	gene	558				
NHKJIMIN_07345	CDS	558				hypothetical protein
NHKJIMIN_07346	gene	465				
NHKJIMIN_07346	CDS	465				hypothetical protein
NHKJIMIN_07347	gene	126				
NHKJIMIN_07347	CDS	126				hypothetical protein
NHKJIMIN_07348	gene	750				
NHKJIMIN_07348	CDS	750				hypothetical protein
NHKJIMIN_07349	gene	585				
NHKJIMIN_07349	CDS	585				hypothetical protein
NHKJIMIN_07350	gene	477	asnC_2			
NHKJIMIN_07350	CDS	477	asnC_2		COG1522	Regulatory protein AsnC
NHKJIMIN_07351	gene	402	folA			
NHKJIMIN_07351	CDS	402	folA	1.5.1.3		Dihydrofolate reductase
NHKJIMIN_07352	gene	795	thyA			
NHKJIMIN_07352	CDS	795	thyA	2.1.1.45	COG0207	Thymidylate synthase
NHKJIMIN_07353	gene	708				
NHKJIMIN_07353	CDS	708				IS982 family transposase IS1187
NHKJIMIN_07354	gene	276				
NHKJIMIN_07354	CDS	276				IS982 family transposase IS1187
NHKJIMIN_07355	gene	108				
NHKJIMIN_07355	CDS	108				hypothetical protein
NHKJIMIN_07356	gene	159				
NHKJIMIN_07356	CDS	159		2.7.8.-		Cardiolipin synthase
NHKJIMIN_07357	gene	606				
NHKJIMIN_07357	CDS	606		2.7.8.-		Cardiolipin synthase
NHKJIMIN_07358	gene	324	ywiE			
NHKJIMIN_07358	CDS	324	ywiE	2.7.8.-	COG1502	putative cardiolipin synthase YwiE
NHKJIMIN_07359	gene	198				
NHKJIMIN_07359	CDS	198				hypothetical protein
NHKJIMIN_07360	gene	246				
NHKJIMIN_07360	CDS	246				hypothetical protein
NHKJIMIN_07361	gene	333				
NHKJIMIN_07361	CDS	333				hypothetical protein
NHKJIMIN_07362	gene	333				
NHKJIMIN_07362	CDS	333				hypothetical protein
NHKJIMIN_07363	gene	339				
NHKJIMIN_07363	CDS	339				hypothetical protein
NHKJIMIN_07364	gene	468				
NHKJIMIN_07364	CDS	468				hypothetical protein
NHKJIMIN_07365	gene	114				
NHKJIMIN_07365	CDS	114				hypothetical protein
NHKJIMIN_07366	gene	111				
NHKJIMIN_07366	CDS	111				hypothetical protein
NHKJIMIN_07367	gene	561				
NHKJIMIN_07367	CDS	561				hypothetical protein
NHKJIMIN_07368	gene	681				
NHKJIMIN_07368	CDS	681				hypothetical protein
NHKJIMIN_07369	gene	312				
NHKJIMIN_07369	CDS	312				hypothetical protein
NHKJIMIN_07370	gene	870				
NHKJIMIN_07370	CDS	870				hypothetical protein
NHKJIMIN_07371	gene	300	mdtC_3			
NHKJIMIN_07371	CDS	300	mdtC_3			Multidrug resistance protein MdtC
NHKJIMIN_07372	gene	669	cnrA			
NHKJIMIN_07372	CDS	669	cnrA			Nickel and cobalt resistance protein CnrA
NHKJIMIN_07373	gene	315	czcA_4			
NHKJIMIN_07373	CDS	315	czcA_4			Cobalt-zinc-cadmium resistance protein CzcA
NHKJIMIN_07374	gene	732	cusA_1			
NHKJIMIN_07374	CDS	732	cusA_1		COG3696	Cation efflux system protein CusA
NHKJIMIN_07375	gene	780	cusA_2			
NHKJIMIN_07375	CDS	780	cusA_2		COG3696	Cation efflux system protein CusA
NHKJIMIN_07376	gene	921	mdtA_2			
NHKJIMIN_07376	CDS	921	mdtA_2			Multidrug resistance protein MdtA
NHKJIMIN_07377	gene	351				
NHKJIMIN_07377	CDS	351				hypothetical protein
NHKJIMIN_07378	gene	405				
NHKJIMIN_07378	CDS	405				hypothetical protein
NHKJIMIN_07379	gene	129				
NHKJIMIN_07379	CDS	129				hypothetical protein
NHKJIMIN_07380	gene	183				
NHKJIMIN_07380	CDS	183				hypothetical protein
NHKJIMIN_07381	gene	273	vmlR			
NHKJIMIN_07381	CDS	273	vmlR		COG0488	Ribosome protection protein VmlR
NHKJIMIN_07382	gene	231				
NHKJIMIN_07382	CDS	231				hypothetical protein
NHKJIMIN_07383	gene	225				
NHKJIMIN_07383	CDS	225				hypothetical protein
NHKJIMIN_07384	gene	444	yheS_3			
NHKJIMIN_07384	CDS	444	yheS_3		COG0488	putative ATP-binding protein YheS
NHKJIMIN_07385	gene	357	uup_4			
NHKJIMIN_07385	CDS	357	uup_4	3.6.1.-		ATP-binding protein Uup
NHKJIMIN_07386	gene	267	rcsC_17			
NHKJIMIN_07386	CDS	267	rcsC_17	2.7.13.3	COG0784	Sensor histidine kinase RcsC
NHKJIMIN_07387	gene	378				
NHKJIMIN_07387	CDS	378				hypothetical protein
NHKJIMIN_07388	gene	312				
NHKJIMIN_07388	CDS	312				hypothetical protein
NHKJIMIN_07389	gene	1116				
NHKJIMIN_07389	CDS	1116				hypothetical protein
NHKJIMIN_07390	gene	189				
NHKJIMIN_07390	CDS	189				hypothetical protein
NHKJIMIN_07391	gene	510	ppk_1			
NHKJIMIN_07391	CDS	510	ppk_1	2.7.4.1		Polyphosphate kinase
NHKJIMIN_07392	gene	738	ppk_2			
NHKJIMIN_07392	CDS	738	ppk_2	2.7.4.1	COG0855	Polyphosphate kinase
NHKJIMIN_07393	gene	360	ppk_3			
NHKJIMIN_07393	CDS	360	ppk_3	2.7.4.1		Polyphosphate kinase
NHKJIMIN_07394	gene	384	ppk_4			
NHKJIMIN_07394	CDS	384	ppk_4	2.7.4.1		Polyphosphate kinase
NHKJIMIN_07395	gene	288				
NHKJIMIN_07395	CDS	288				hypothetical protein
NHKJIMIN_07396	gene	93				
NHKJIMIN_07396	CDS	93				hypothetical protein
NHKJIMIN_07397	gene	540	rffH_4			
NHKJIMIN_07397	CDS	540	rffH_4	2.7.7.24	COG1209	Glucose-1-phosphate thymidylyltransferase 2
NHKJIMIN_07398	gene	123				
NHKJIMIN_07398	CDS	123				hypothetical protein
NHKJIMIN_07399	gene	174				
NHKJIMIN_07399	CDS	174				hypothetical protein
NHKJIMIN_07400	gene	264				
NHKJIMIN_07400	CDS	264				hypothetical protein
NHKJIMIN_07401	gene	186	rfbB			
NHKJIMIN_07401	CDS	186	rfbB	4.2.1.46		dTDP-glucose 4,6-dehydratase
NHKJIMIN_07402	gene	339				
NHKJIMIN_07402	CDS	339				hypothetical protein
NHKJIMIN_07403	gene	219				
NHKJIMIN_07403	CDS	219				hypothetical protein
NHKJIMIN_07404	gene	582	menA			
NHKJIMIN_07404	CDS	582	menA	2.5.1.74	COG1575	1,4-dihydroxy-2-naphthoate octaprenyltransferase
NHKJIMIN_07405	gene	108				
NHKJIMIN_07405	CDS	108				hypothetical protein
NHKJIMIN_07406	gene	225				
NHKJIMIN_07406	CDS	225				hypothetical protein
NHKJIMIN_07407	gene	552	ypbG			
NHKJIMIN_07407	CDS	552	ypbG		COG1408	putative protein YpbG
NHKJIMIN_07408	gene	636	nadD			
NHKJIMIN_07408	CDS	636	nadD	2.7.7.18		nicotinate-nucleotide adenylyltransferase
NHKJIMIN_07409	gene	261	gmk			
NHKJIMIN_07409	CDS	261	gmk	2.7.4.8		Guanylate kinase
NHKJIMIN_07410	gene	120				
NHKJIMIN_07410	CDS	120				hypothetical protein
NHKJIMIN_07411	gene	102				
NHKJIMIN_07411	CDS	102				hypothetical protein
NHKJIMIN_07412	gene	414				
NHKJIMIN_07412	CDS	414				hypothetical protein
NHKJIMIN_07413	gene	204				
NHKJIMIN_07413	CDS	204				hypothetical protein
NHKJIMIN_07414	gene	513				
NHKJIMIN_07414	CDS	513				hypothetical protein
NHKJIMIN_07415	gene	378				
NHKJIMIN_07415	CDS	378				hypothetical protein
NHKJIMIN_07416	gene	369				
NHKJIMIN_07416	CDS	369				hypothetical protein
NHKJIMIN_07417	gene	246				
NHKJIMIN_07417	CDS	246				hypothetical protein
NHKJIMIN_07418	gene	231	sasA_5			
NHKJIMIN_07418	CDS	231	sasA_5	2.7.13.3	COG2205	Adaptive-response sensory kinase SasA
NHKJIMIN_07419	gene	612	sasA_6			
NHKJIMIN_07419	CDS	612	sasA_6	2.7.13.3		Adaptive-response sensory-kinase SasA
NHKJIMIN_07420	gene	444				
NHKJIMIN_07420	CDS	444				hypothetical protein
NHKJIMIN_07421	gene	390				
NHKJIMIN_07421	CDS	390				hypothetical protein
NHKJIMIN_07422	gene	117				
NHKJIMIN_07422	CDS	117				hypothetical protein
NHKJIMIN_07423	gene	261				
NHKJIMIN_07423	CDS	261				hypothetical protein
NHKJIMIN_07424	gene	189				
NHKJIMIN_07424	CDS	189				hypothetical protein
NHKJIMIN_07425	gene	129				
NHKJIMIN_07425	CDS	129				hypothetical protein
NHKJIMIN_07426	gene	597	murA_1			
NHKJIMIN_07426	CDS	597	murA_1	2.5.1.7	COG0766	UDP-N-acetylglucosamine 1-carboxyvinyltransferase
NHKJIMIN_07427	gene	477	murA1			
NHKJIMIN_07427	CDS	477	murA1	2.5.1.7		UDP-N-acetylglucosamine 1-carboxyvinyltransferase
NHKJIMIN_07428	gene	159	murA_2			
NHKJIMIN_07428	CDS	159	murA_2	2.5.1.7		UDP-N-acetylglucosamine 1-carboxyvinyltransferase
NHKJIMIN_07429	gene	165				
NHKJIMIN_07429	CDS	165				hypothetical protein
NHKJIMIN_07430	gene	228	rimM			
NHKJIMIN_07430	CDS	228	rimM			Ribosome maturation factor RimM
NHKJIMIN_07431	gene	486				
NHKJIMIN_07431	CDS	486				hypothetical protein
NHKJIMIN_07432	gene	375	nlpD			
NHKJIMIN_07432	CDS	375	nlpD			Murein hydrolase activator NlpD
NHKJIMIN_07433	gene	1005	dxr_1			
NHKJIMIN_07433	CDS	1005	dxr_1	1.1.1.267	COG0743	1-deoxy-D-xylulose 5-phosphate reductoisomerase
NHKJIMIN_07434	gene	198	dxr_2			
NHKJIMIN_07434	CDS	198	dxr_2	1.1.1.267		1-deoxy-D-xylulose 5-phosphate reductoisomerase
NHKJIMIN_07435	gene	177				
NHKJIMIN_07435	CDS	177				hypothetical protein
NHKJIMIN_07436	gene	357				
NHKJIMIN_07436	CDS	357				hypothetical protein
NHKJIMIN_07437	gene	750	mmpA			
NHKJIMIN_07437	CDS	750	mmpA	3.4.24.-	COG0750	Metalloprotease MmpA
NHKJIMIN_07438	gene	567				
NHKJIMIN_07438	CDS	567				hypothetical protein
NHKJIMIN_07439	gene	162				
NHKJIMIN_07439	CDS	162				hypothetical protein
NHKJIMIN_07440	gene	99				
NHKJIMIN_07440	CDS	99				hypothetical protein
NHKJIMIN_07441	gene	141				
NHKJIMIN_07441	CDS	141				hypothetical protein
NHKJIMIN_07442	gene	117	phnX_1			
NHKJIMIN_07442	CDS	117	phnX_1	3.11.1.1		Phosphonoacetaldehyde hydrolase
NHKJIMIN_07443	gene	219	phnX_2			
NHKJIMIN_07443	CDS	219	phnX_2	3.11.1.1		Phosphonoacetaldehyde hydrolase
NHKJIMIN_07444	gene	405	phnX_3			
NHKJIMIN_07444	CDS	405	phnX_3	3.11.1.1		Phosphonoacetaldehyde hydrolase
NHKJIMIN_07445	gene	1065	phnW			
NHKJIMIN_07445	CDS	1065	phnW	2.6.1.37		2-aminoethylphosphonate--pyruvate transaminase
NHKJIMIN_07446	gene	324				
NHKJIMIN_07446	CDS	324				hypothetical protein
NHKJIMIN_07447	gene	177				
NHKJIMIN_07447	CDS	177				hypothetical protein
NHKJIMIN_07448	gene	504	hsrA			
NHKJIMIN_07448	CDS	504	hsrA		COG0477	putative transport protein HsrA
NHKJIMIN_07449	gene	474	jefA			
NHKJIMIN_07449	CDS	474	jefA		COG0477	Drug efflux pump JefA
NHKJIMIN_07450	gene	267	nrdG			
NHKJIMIN_07450	CDS	267	nrdG	1.97.1.-	COG0602	Anaerobic ribonucleoside-triphosphate reductase-activating protein
NHKJIMIN_07451	gene	279				
NHKJIMIN_07451	CDS	279				hypothetical protein
NHKJIMIN_07452	gene	483				
NHKJIMIN_07452	CDS	483				hypothetical protein
NHKJIMIN_07453	gene	321				
NHKJIMIN_07453	CDS	321				hypothetical protein
NHKJIMIN_07454	gene	1029	nrdD			
NHKJIMIN_07454	CDS	1029	nrdD	1.1.98.6	COG1328	Anaerobic ribonucleoside-triphosphate reductase
NHKJIMIN_07455	gene	138				
NHKJIMIN_07455	CDS	138				hypothetical protein
NHKJIMIN_07456	gene	447				
NHKJIMIN_07456	CDS	447				hypothetical protein
NHKJIMIN_07457	gene	186				
NHKJIMIN_07457	CDS	186				hypothetical protein
NHKJIMIN_07458	gene	408				
NHKJIMIN_07458	CDS	408				hypothetical protein
NHKJIMIN_07459	gene	156	ddh_1			
NHKJIMIN_07459	CDS	156	ddh_1	1.4.1.16	COG0673	Meso-diaminopimelate D-dehydrogenase
NHKJIMIN_07460	gene	522	ddh_2			
NHKJIMIN_07460	CDS	522	ddh_2	1.4.1.16	COG0673	Meso-diaminopimelate D-dehydrogenase
NHKJIMIN_07461	gene	258				
NHKJIMIN_07461	CDS	258				hypothetical protein
NHKJIMIN_07462	gene	741	ruvA			
NHKJIMIN_07462	CDS	741	ruvA			Holliday junction branch migration complex subunit RuvA
NHKJIMIN_07463	gene	408				
NHKJIMIN_07463	CDS	408				hypothetical protein
NHKJIMIN_07464	gene	273				
NHKJIMIN_07464	CDS	273				hypothetical protein
NHKJIMIN_07465	gene	291				
NHKJIMIN_07465	CDS	291				hypothetical protein
NHKJIMIN_07466	gene	354				
NHKJIMIN_07466	CDS	354				hypothetical protein
NHKJIMIN_07467	gene	225				
NHKJIMIN_07467	CDS	225				hypothetical protein
NHKJIMIN_07468	gene	432				
NHKJIMIN_07468	CDS	432				hypothetical protein
NHKJIMIN_07469	gene	558				
NHKJIMIN_07469	CDS	558				hypothetical protein
NHKJIMIN_07470	gene	345				
NHKJIMIN_07470	CDS	345				hypothetical protein
NHKJIMIN_07471	gene	702	rpiA			
NHKJIMIN_07471	CDS	702	rpiA	5.3.1.6	COG0120	Ribose-5-phosphate isomerase A
NHKJIMIN_07472	gene	162				
NHKJIMIN_07472	CDS	162				hypothetical protein
NHKJIMIN_07473	gene	165				
NHKJIMIN_07473	CDS	165				hypothetical protein
NHKJIMIN_07474	gene	183				
NHKJIMIN_07474	CDS	183				hypothetical protein
NHKJIMIN_07475	gene	246				
NHKJIMIN_07475	CDS	246				hypothetical protein
NHKJIMIN_07476	gene	387				
NHKJIMIN_07476	CDS	387				hypothetical protein
NHKJIMIN_07477	gene	288				
NHKJIMIN_07477	CDS	288				hypothetical protein
NHKJIMIN_07478	gene	921				
NHKJIMIN_07478	CDS	921				hypothetical protein
NHKJIMIN_07479	gene	174				
NHKJIMIN_07479	CDS	174				hypothetical protein
NHKJIMIN_07480	gene	165				
NHKJIMIN_07480	CDS	165				hypothetical protein
NHKJIMIN_07481	gene	366				
NHKJIMIN_07481	CDS	366				hypothetical protein
NHKJIMIN_07482	gene	453				
NHKJIMIN_07482	CDS	453				hypothetical protein
NHKJIMIN_07483	gene	486				
NHKJIMIN_07483	CDS	486				hypothetical protein
NHKJIMIN_07484	gene	603	wecA_3			
NHKJIMIN_07484	CDS	603	wecA_3	2.7.8.33		Undecaprenyl-phosphate alpha-N-acetylglucosaminyl 1-phosphate transferase
NHKJIMIN_07485	gene	291	wecA_4			
NHKJIMIN_07485	CDS	291	wecA_4	2.7.8.35	COG0472	Decaprenyl-phosphate N-acetylglucosaminephosphotransferase
NHKJIMIN_07486	gene	117				
NHKJIMIN_07486	CDS	117				hypothetical protein
NHKJIMIN_07487	gene	219				
NHKJIMIN_07487	CDS	219				hypothetical protein
NHKJIMIN_07488	gene	258				
NHKJIMIN_07488	CDS	258				hypothetical protein
NHKJIMIN_07489	gene	627	spnQ_1			
NHKJIMIN_07489	CDS	627	spnQ_1	4.2.1.164		dTDP-4-dehydro-2,6-dideoxy-D-glucose 3-dehydratase
NHKJIMIN_07490	gene	162				
NHKJIMIN_07490	CDS	162				hypothetical protein
NHKJIMIN_07491	gene	1011	cugP			
NHKJIMIN_07491	CDS	1011	cugP	2.7.7.9		UTP--glucose-1-phosphate uridylyltransferase
NHKJIMIN_07492	gene	405	rfbG_1			
NHKJIMIN_07492	CDS	405	rfbG_1	4.2.1.45		CDP-glucose 4,6-dehydratase
NHKJIMIN_07493	gene	480	rmd			
NHKJIMIN_07493	CDS	480	rmd	1.1.1.281		GDP-6-deoxy-D-mannose reductase
NHKJIMIN_07494	gene	267				
NHKJIMIN_07494	CDS	267				hypothetical protein
NHKJIMIN_07495	gene	654	rfbE			
NHKJIMIN_07495	CDS	654	rfbE	5.1.3.10	COG0451	CDP-paratose 2-epimerase
NHKJIMIN_07496	gene	264				
NHKJIMIN_07496	CDS	264				hypothetical protein
NHKJIMIN_07497	gene	324				
NHKJIMIN_07497	CDS	324				hypothetical protein
NHKJIMIN_07498	gene	237				
NHKJIMIN_07498	CDS	237				hypothetical protein
NHKJIMIN_07499	gene	198				
NHKJIMIN_07499	CDS	198				hypothetical protein
NHKJIMIN_07500	gene	543				
NHKJIMIN_07500	CDS	543				hypothetical protein
NHKJIMIN_07501	gene	483				
NHKJIMIN_07501	CDS	483				hypothetical protein
NHKJIMIN_07502	gene	213				
NHKJIMIN_07502	CDS	213				hypothetical protein
NHKJIMIN_07503	gene	132				
NHKJIMIN_07503	CDS	132				hypothetical protein
NHKJIMIN_07504	gene	348				
NHKJIMIN_07504	CDS	348				hypothetical protein
NHKJIMIN_07505	gene	273				
NHKJIMIN_07505	CDS	273				hypothetical protein
NHKJIMIN_07506	gene	213				
NHKJIMIN_07506	CDS	213				hypothetical protein
NHKJIMIN_07507	gene	276				
NHKJIMIN_07507	CDS	276				hypothetical protein
NHKJIMIN_07508	gene	252				
NHKJIMIN_07508	CDS	252				hypothetical protein
NHKJIMIN_07509	gene	396				
NHKJIMIN_07509	CDS	396				hypothetical protein
NHKJIMIN_07510	gene	819	wbbD			
NHKJIMIN_07510	CDS	819	wbbD	2.4.1.303		UDP-Gal:alpha-D-GlcNAc-diphosphoundecaprenol beta-1,3-galactosyltransferase
NHKJIMIN_07511	gene	477	rfbA_2			
NHKJIMIN_07511	CDS	477	rfbA_2	2.7.7.24	COG1209	Glucose-1-phosphate thymidylyltransferase 1
NHKJIMIN_07512	gene	141	rffH_5			
NHKJIMIN_07512	CDS	141	rffH_5	2.7.7.24	COG1209	Glucose-1-phosphate thymidylyltransferase 2
NHKJIMIN_07513	gene	144	rfbA_3			
NHKJIMIN_07513	CDS	144	rfbA_3	2.7.7.24	COG1209	Glucose-1-phosphate thymidylyltransferase 1
NHKJIMIN_07514	gene	90				
NHKJIMIN_07514	CDS	90				hypothetical protein
NHKJIMIN_07515	gene	207	rfbC_2			
NHKJIMIN_07515	CDS	207	rfbC_2	5.1.3.13		dTDP-4-dehydrorhamnose 3,5-epimerase
NHKJIMIN_07516	gene	174				
NHKJIMIN_07516	CDS	174				hypothetical protein
NHKJIMIN_07517	gene	228				
NHKJIMIN_07517	CDS	228				hypothetical protein
NHKJIMIN_07518	gene	135				
NHKJIMIN_07518	CDS	135				hypothetical protein
NHKJIMIN_07519	gene	381				
NHKJIMIN_07519	CDS	381				hypothetical protein
NHKJIMIN_07520	gene	258				
NHKJIMIN_07520	CDS	258				hypothetical protein
NHKJIMIN_07521	gene	123				
NHKJIMIN_07521	CDS	123				hypothetical protein
NHKJIMIN_07522	gene	321				
NHKJIMIN_07522	CDS	321				hypothetical protein
NHKJIMIN_07523	gene	399				
NHKJIMIN_07523	CDS	399				hypothetical protein
NHKJIMIN_07524	gene	282				
NHKJIMIN_07524	CDS	282				hypothetical protein
NHKJIMIN_07525	gene	123				
NHKJIMIN_07525	CDS	123				hypothetical protein
NHKJIMIN_07526	gene	222				
NHKJIMIN_07526	CDS	222				hypothetical protein
NHKJIMIN_07527	gene	225				
NHKJIMIN_07527	CDS	225				hypothetical protein
NHKJIMIN_07528	gene	102				
NHKJIMIN_07528	CDS	102				hypothetical protein
NHKJIMIN_07529	gene	273				
NHKJIMIN_07529	CDS	273				hypothetical protein
NHKJIMIN_07530	gene	237				
NHKJIMIN_07530	CDS	237				hypothetical protein
NHKJIMIN_07531	gene	153				
NHKJIMIN_07531	CDS	153				hypothetical protein
NHKJIMIN_07532	gene	318				
NHKJIMIN_07532	CDS	318				hypothetical protein
NHKJIMIN_07533	gene	432				
NHKJIMIN_07533	CDS	432		2.7.7.-	COG0617	CC-adding tRNA nucleotidyltransferase
NHKJIMIN_07534	gene	375				
NHKJIMIN_07534	CDS	375				hypothetical protein
NHKJIMIN_07535	gene	210				
NHKJIMIN_07535	CDS	210				hypothetical protein
NHKJIMIN_07536	gene	240				
NHKJIMIN_07536	CDS	240				hypothetical protein
NHKJIMIN_07537	gene	159				
NHKJIMIN_07537	CDS	159				hypothetical protein
NHKJIMIN_07538	gene	108				
NHKJIMIN_07538	CDS	108				hypothetical protein
NHKJIMIN_07539	gene	333				
NHKJIMIN_07539	CDS	333				hypothetical protein
NHKJIMIN_07540	gene	258				
NHKJIMIN_07540	CDS	258				hypothetical protein
NHKJIMIN_07541	gene	252				
NHKJIMIN_07541	CDS	252				hypothetical protein
NHKJIMIN_07542	gene	534				
NHKJIMIN_07542	CDS	534				hypothetical protein
NHKJIMIN_07543	gene	102				
NHKJIMIN_07543	CDS	102				hypothetical protein
NHKJIMIN_07544	gene	96				
NHKJIMIN_07544	CDS	96				hypothetical protein
NHKJIMIN_07545	gene	480				
NHKJIMIN_07545	CDS	480				hypothetical protein
NHKJIMIN_07546	gene	753				
NHKJIMIN_07546	CDS	753				hypothetical protein
NHKJIMIN_07547	gene	837				
NHKJIMIN_07547	CDS	837				hypothetical protein
NHKJIMIN_07548	gene	150				
NHKJIMIN_07548	CDS	150				hypothetical protein
NHKJIMIN_07549	gene	1053	ypdF			
NHKJIMIN_07549	CDS	1053	ypdF	3.4.11.-	COG0006	Aminopeptidase YpdF
NHKJIMIN_07550	gene	303	gdhB_1			
NHKJIMIN_07550	CDS	303	gdhB_1	1.4.1.2		NAD-specific glutamate dehydrogenase
NHKJIMIN_07551	gene	948	gdhB_2			
NHKJIMIN_07551	CDS	948	gdhB_2	1.4.1.2		NAD-specific glutamate dehydrogenase
NHKJIMIN_07552	gene	789				
NHKJIMIN_07552	CDS	789		3.4.21.26	COG1505	Prolyl endopeptidase
NHKJIMIN_07553	gene	417				
NHKJIMIN_07553	CDS	417		3.4.21.26	COG1505	Prolyl endopeptidase
NHKJIMIN_07554	gene	306				
NHKJIMIN_07554	CDS	306		3.4.21.26	COG1505	Prolyl endopeptidase
NHKJIMIN_07555	gene	213				
NHKJIMIN_07555	CDS	213				hypothetical protein
NHKJIMIN_07556	gene	255				
NHKJIMIN_07556	CDS	255				hypothetical protein
NHKJIMIN_07557	gene	399				
NHKJIMIN_07557	CDS	399				hypothetical protein
NHKJIMIN_07558	gene	363				
NHKJIMIN_07558	CDS	363				hypothetical protein
NHKJIMIN_07559	gene	1110				
NHKJIMIN_07559	CDS	1110				hypothetical protein
NHKJIMIN_07560	gene	378				
NHKJIMIN_07560	CDS	378				hypothetical protein
NHKJIMIN_07561	gene	513				
NHKJIMIN_07561	CDS	513				hypothetical protein
NHKJIMIN_07562	gene	207				
NHKJIMIN_07562	CDS	207				hypothetical protein
NHKJIMIN_07563	gene	120				
NHKJIMIN_07563	CDS	120				hypothetical protein
NHKJIMIN_07564	gene	747				
NHKJIMIN_07564	CDS	747				hypothetical protein
NHKJIMIN_07565	gene	90				
NHKJIMIN_07565	CDS	90				hypothetical protein
NHKJIMIN_07566	gene	561				
NHKJIMIN_07566	CDS	561				hypothetical protein
NHKJIMIN_07567	gene	456				
NHKJIMIN_07567	CDS	456				hypothetical protein
NHKJIMIN_07568	gene	123				
NHKJIMIN_07568	CDS	123				hypothetical protein
NHKJIMIN_07569	gene	297				
NHKJIMIN_07569	CDS	297				hypothetical protein
NHKJIMIN_07570	gene	153				
NHKJIMIN_07570	CDS	153				hypothetical protein
NHKJIMIN_07571	gene	600				
NHKJIMIN_07571	CDS	600				hypothetical protein
NHKJIMIN_07572	gene	561				
NHKJIMIN_07572	CDS	561				hypothetical protein
NHKJIMIN_07573	gene	309				
NHKJIMIN_07573	CDS	309				hypothetical protein
NHKJIMIN_07574	gene	321				
NHKJIMIN_07574	CDS	321				hypothetical protein
NHKJIMIN_07575	gene	408				
NHKJIMIN_07575	CDS	408				hypothetical protein
NHKJIMIN_07576	gene	144				
NHKJIMIN_07576	CDS	144				hypothetical protein
NHKJIMIN_07577	gene	426				
NHKJIMIN_07577	CDS	426				hypothetical protein
NHKJIMIN_07578	gene	579				
NHKJIMIN_07578	CDS	579				hypothetical protein
NHKJIMIN_07579	gene	432				
NHKJIMIN_07579	CDS	432				hypothetical protein
NHKJIMIN_07580	gene	330				
NHKJIMIN_07580	CDS	330				hypothetical protein
NHKJIMIN_07581	gene	717				
NHKJIMIN_07581	CDS	717				hypothetical protein
NHKJIMIN_07582	gene	216				
NHKJIMIN_07582	CDS	216				hypothetical protein
NHKJIMIN_07583	gene	279				
NHKJIMIN_07583	CDS	279				hypothetical protein
NHKJIMIN_07584	gene	441				
NHKJIMIN_07584	CDS	441				hypothetical protein
NHKJIMIN_07585	gene	240				
NHKJIMIN_07585	CDS	240				hypothetical protein
NHKJIMIN_07586	gene	378				
NHKJIMIN_07586	CDS	378				hypothetical protein
NHKJIMIN_07587	gene	156				
NHKJIMIN_07587	CDS	156				hypothetical protein
NHKJIMIN_07588	gene	138				
NHKJIMIN_07588	CDS	138		3.4.21.-	COG3340	putative peptidase
NHKJIMIN_07589	gene	249				
NHKJIMIN_07589	CDS	249				hypothetical protein
NHKJIMIN_07590	gene	300				
NHKJIMIN_07590	CDS	300				hypothetical protein
NHKJIMIN_07591	gene	243				
NHKJIMIN_07591	CDS	243				hypothetical protein
NHKJIMIN_07592	gene	132				
NHKJIMIN_07592	CDS	132				hypothetical protein
NHKJIMIN_07593	gene	204				
NHKJIMIN_07593	CDS	204				hypothetical protein
NHKJIMIN_07594	gene	249				
NHKJIMIN_07594	CDS	249				hypothetical protein
NHKJIMIN_07595	gene	420				
NHKJIMIN_07595	CDS	420				hypothetical protein
NHKJIMIN_07596	gene	1182				
NHKJIMIN_07596	CDS	1182				hypothetical protein
NHKJIMIN_07597	gene	582				
NHKJIMIN_07597	CDS	582				hypothetical protein
NHKJIMIN_07598	gene	246				
NHKJIMIN_07598	CDS	246				hypothetical protein
NHKJIMIN_07599	gene	192				
NHKJIMIN_07599	CDS	192				hypothetical protein
NHKJIMIN_07600	gene	582				
NHKJIMIN_07600	CDS	582				hypothetical protein
NHKJIMIN_07601	gene	855				
NHKJIMIN_07601	CDS	855				hypothetical protein
NHKJIMIN_07602	gene	171				
NHKJIMIN_07602	CDS	171				hypothetical protein
NHKJIMIN_07603	gene	225				
NHKJIMIN_07603	CDS	225				hypothetical protein
NHKJIMIN_07604	gene	1122				
NHKJIMIN_07604	CDS	1122			COG4771	TonB-dependent receptor P3
NHKJIMIN_07605	gene	426				
NHKJIMIN_07605	CDS	426				hypothetical protein
NHKJIMIN_07606	gene	174				
NHKJIMIN_07606	CDS	174				hypothetical protein
NHKJIMIN_07607	gene	387				
NHKJIMIN_07607	CDS	387				hypothetical protein
NHKJIMIN_07608	gene	246				
NHKJIMIN_07608	CDS	246				hypothetical protein
NHKJIMIN_07609	gene	138				
NHKJIMIN_07609	CDS	138				hypothetical protein
NHKJIMIN_07610	gene	336				
NHKJIMIN_07610	CDS	336				hypothetical protein
NHKJIMIN_07611	gene	303				
NHKJIMIN_07611	CDS	303				hypothetical protein
NHKJIMIN_07612	gene	498				
NHKJIMIN_07612	CDS	498				hypothetical protein
NHKJIMIN_07613	gene	237				
NHKJIMIN_07613	CDS	237				hypothetical protein
NHKJIMIN_07614	gene	147				
NHKJIMIN_07614	CDS	147				hypothetical protein
NHKJIMIN_07615	gene	276	gdhA_1			
NHKJIMIN_07615	CDS	276	gdhA_1	1.4.1.3		NAD(P)-specific glutamate dehydrogenase
NHKJIMIN_07616	gene	354				
NHKJIMIN_07616	CDS	354				hypothetical protein
NHKJIMIN_07617	gene	114				
NHKJIMIN_07617	CDS	114				hypothetical protein
NHKJIMIN_07618	gene	246				
NHKJIMIN_07618	CDS	246				hypothetical protein
NHKJIMIN_07619	gene	345	gdhA_2			
NHKJIMIN_07619	CDS	345	gdhA_2	1.4.1.3		NAD(P)-specific glutamate dehydrogenase
NHKJIMIN_07620	gene	171				
NHKJIMIN_07620	CDS	171				hypothetical protein
NHKJIMIN_07621	gene	219	maeB_1			
NHKJIMIN_07621	CDS	219	maeB_1	1.1.1.40	COG0280	NADP-dependent malic enzyme
NHKJIMIN_07622	gene	285	maeB_2			
NHKJIMIN_07622	CDS	285	maeB_2	1.1.1.40	COG0280	NADP-dependent malic enzyme
NHKJIMIN_07623	gene	1491	maeB_3			
NHKJIMIN_07623	CDS	1491	maeB_3	1.1.1.40	COG0280	NADP-dependent malic enzyme
NHKJIMIN_07624	gene	177	tme			
NHKJIMIN_07624	CDS	177	tme	1.1.1.40	COG0280	NADP-dependent malic enzyme
NHKJIMIN_07625	gene	234				
NHKJIMIN_07625	CDS	234				hypothetical protein
NHKJIMIN_07626	gene	126				
NHKJIMIN_07626	CDS	126				hypothetical protein
NHKJIMIN_07627	gene	246				
NHKJIMIN_07627	CDS	246				hypothetical protein
NHKJIMIN_07628	gene	1227	rny			
NHKJIMIN_07628	CDS	1227	rny	3.1.-.-	COG1418	Ribonuclease Y
NHKJIMIN_07629	gene	705	cutC_2			
NHKJIMIN_07629	CDS	705	cutC_2			PF03932 family protein CutC
NHKJIMIN_07630	gene	120				
NHKJIMIN_07630	CDS	120				hypothetical protein
NHKJIMIN_07631	gene	123				
NHKJIMIN_07631	CDS	123				hypothetical protein
NHKJIMIN_07632	gene	264				
NHKJIMIN_07632	CDS	264				hypothetical protein
NHKJIMIN_07633	gene	768				
NHKJIMIN_07633	CDS	768				hypothetical protein
NHKJIMIN_07634	gene	252				
NHKJIMIN_07634	CDS	252				hypothetical protein
NHKJIMIN_07635	gene	306	mtnN			
NHKJIMIN_07635	CDS	306	mtnN	3.2.2.9		5'-methylthioadenosine/S-adenosylhomocysteine nucleosidase
NHKJIMIN_07636	gene	195				
NHKJIMIN_07636	CDS	195				hypothetical protein
NHKJIMIN_07637	gene	117				
NHKJIMIN_07637	CDS	117				hypothetical protein
NHKJIMIN_07638	gene	126				
NHKJIMIN_07638	CDS	126				hypothetical protein
NHKJIMIN_07639	gene	300				
NHKJIMIN_07639	CDS	300				hypothetical protein
NHKJIMIN_07640	gene	333	queD			
NHKJIMIN_07640	CDS	333	queD	4.1.2.50	COG0720	6-carboxy-5,6,7,8-tetrahydropterin synthase
NHKJIMIN_07641	gene	279	queE			
NHKJIMIN_07641	CDS	279	queE	4.3.99.3	COG0602	7-carboxy-7-deazaguanine synthase
NHKJIMIN_07642	gene	258	lutA_1			
NHKJIMIN_07642	CDS	258	lutA_1		COG0247	Lactate utilization protein A
NHKJIMIN_07643	gene	195				
NHKJIMIN_07643	CDS	195				hypothetical protein
NHKJIMIN_07644	gene	336	lutA_2			
NHKJIMIN_07644	CDS	336	lutA_2			Lactate utilization protein A
NHKJIMIN_07645	gene	399	lutB_1			
NHKJIMIN_07645	CDS	399	lutB_1			Lactate utilization protein B
NHKJIMIN_07646	gene	540	lutB_2			
NHKJIMIN_07646	CDS	540	lutB_2			Lactate utilization protein B
NHKJIMIN_07647	gene	321				
NHKJIMIN_07647	CDS	321				hypothetical protein
NHKJIMIN_07648	gene	168				
NHKJIMIN_07648	CDS	168				hypothetical protein
NHKJIMIN_07649	gene	318	lutC			
NHKJIMIN_07649	CDS	318	lutC			Lactate utilization protein C
NHKJIMIN_07650	gene	720	pdxK			
NHKJIMIN_07650	CDS	720	pdxK	2.7.1.35	COG2240	Pyridoxine/pyridoxal/pyridoxamine kinase
NHKJIMIN_07651	gene	126				
NHKJIMIN_07651	CDS	126				hypothetical protein
NHKJIMIN_07652	gene	120				
NHKJIMIN_07652	CDS	120				hypothetical protein
NHKJIMIN_07653	gene	159				
NHKJIMIN_07653	CDS	159				hypothetical protein
NHKJIMIN_07654	gene	189				
NHKJIMIN_07654	CDS	189				hypothetical protein
NHKJIMIN_07655	gene	657				
NHKJIMIN_07655	CDS	657				hypothetical protein
NHKJIMIN_07656	gene	264	susC_37			
NHKJIMIN_07656	CDS	264	susC_37		COG1629	TonB-dependent receptor SusC
NHKJIMIN_07657	gene	237				
NHKJIMIN_07657	CDS	237				hypothetical protein
NHKJIMIN_07658	gene	243				
NHKJIMIN_07658	CDS	243				hypothetical protein
NHKJIMIN_07659	gene	378				
NHKJIMIN_07659	CDS	378				hypothetical protein
NHKJIMIN_07660	gene	237				
NHKJIMIN_07660	CDS	237				hypothetical protein
NHKJIMIN_07661	gene	630				
NHKJIMIN_07661	CDS	630				hypothetical protein
NHKJIMIN_07662	gene	74				
NHKJIMIN_07662	tRNA	74				tRNA-Trp(cca)
NHKJIMIN_07663	gene	327	mgsR			
NHKJIMIN_07663	CDS	327	mgsR		COG1393	Regulatory protein MgsR
NHKJIMIN_07664	gene	480				
NHKJIMIN_07664	CDS	480				hypothetical protein
NHKJIMIN_07665	gene	693				
NHKJIMIN_07665	CDS	693				hypothetical protein
NHKJIMIN_07666	gene	438	xanP_1			
NHKJIMIN_07666	CDS	438	xanP_1		COG2233	Xanthine permease XanP
NHKJIMIN_07667	gene	525	xanP_2			
NHKJIMIN_07667	CDS	525	xanP_2		COG2233	Xanthine permease XanP
NHKJIMIN_07668	gene	279	xanP_3			
NHKJIMIN_07668	CDS	279	xanP_3		COG2233	Xanthine permease XanP
NHKJIMIN_07669	gene	348				
NHKJIMIN_07669	CDS	348				hypothetical protein
NHKJIMIN_07670	gene	297				
NHKJIMIN_07670	CDS	297				hypothetical protein
NHKJIMIN_07671	gene	570				
NHKJIMIN_07671	CDS	570				hypothetical protein
NHKJIMIN_07672	gene	516				
NHKJIMIN_07672	CDS	516				hypothetical protein
NHKJIMIN_07673	gene	606				
NHKJIMIN_07673	CDS	606				hypothetical protein
NHKJIMIN_07674	gene	210				
NHKJIMIN_07674	CDS	210				hypothetical protein
NHKJIMIN_07675	gene	165				
NHKJIMIN_07675	CDS	165				hypothetical protein
NHKJIMIN_07676	gene	294				
NHKJIMIN_07676	CDS	294				hypothetical protein
NHKJIMIN_07677	gene	333				
NHKJIMIN_07677	CDS	333				IS1182 family transposase ISBf5
NHKJIMIN_07678	gene	210				
NHKJIMIN_07678	CDS	210				hypothetical protein
NHKJIMIN_07679	gene	444				
NHKJIMIN_07679	CDS	444				hypothetical protein
NHKJIMIN_07680	gene	357	alsT_1			
NHKJIMIN_07680	CDS	357	alsT_1		COG1115	Amino-acid carrier protein AlsT
NHKJIMIN_07681	gene	579	alsT_2			
NHKJIMIN_07681	CDS	579	alsT_2		COG1115	Amino-acid carrier protein AlsT
NHKJIMIN_07682	gene	126	alsT_3			
NHKJIMIN_07682	CDS	126	alsT_3		COG1115	Amino-acid carrier protein AlsT
NHKJIMIN_07683	gene	237				
NHKJIMIN_07683	CDS	237				hypothetical protein
NHKJIMIN_07684	gene	414				
NHKJIMIN_07684	CDS	414				hypothetical protein
NHKJIMIN_07685	gene	108				
NHKJIMIN_07685	CDS	108				hypothetical protein
NHKJIMIN_07686	gene	150				
NHKJIMIN_07686	CDS	150				hypothetical protein
NHKJIMIN_07687	gene	237				
NHKJIMIN_07687	CDS	237				hypothetical protein
NHKJIMIN_07688	gene	360	msrAB			
NHKJIMIN_07688	CDS	360	msrAB		COG0225	Peptide methionine sulfoxide reductase MsrA/MsrB
NHKJIMIN_07689	gene	207	msrA			
NHKJIMIN_07689	CDS	207	msrA	1.8.4.11		Peptide methionine sulfoxide reductase MsrA
NHKJIMIN_07690	gene	141				
NHKJIMIN_07690	CDS	141				hypothetical protein
NHKJIMIN_07691	gene	696				
NHKJIMIN_07691	CDS	696				hypothetical protein
NHKJIMIN_07692	gene	330				
NHKJIMIN_07692	CDS	330				hypothetical protein
NHKJIMIN_07693	gene	222				
NHKJIMIN_07693	CDS	222				hypothetical protein
NHKJIMIN_07694	gene	468				
NHKJIMIN_07694	CDS	468				hypothetical protein
NHKJIMIN_07695	gene	123				
NHKJIMIN_07695	CDS	123				hypothetical protein
NHKJIMIN_07696	gene	126				
NHKJIMIN_07696	CDS	126				hypothetical protein
NHKJIMIN_07697	gene	651				
NHKJIMIN_07697	CDS	651				hypothetical protein
NHKJIMIN_07698	gene	666	sapB			
NHKJIMIN_07698	CDS	666	sapB		COG1285	Protein SapB
NHKJIMIN_07699	gene	123				
NHKJIMIN_07699	CDS	123				hypothetical protein
NHKJIMIN_07700	gene	828				
NHKJIMIN_07700	CDS	828				hypothetical protein
NHKJIMIN_07701	gene	348				
NHKJIMIN_07701	CDS	348				hypothetical protein
NHKJIMIN_07702	gene	324				
NHKJIMIN_07702	CDS	324				hypothetical protein
NHKJIMIN_07703	gene	369				
NHKJIMIN_07703	CDS	369				hypothetical protein
NHKJIMIN_07704	gene	201				
NHKJIMIN_07704	CDS	201				hypothetical protein
NHKJIMIN_07705	gene	486				
NHKJIMIN_07705	CDS	486				hypothetical protein
NHKJIMIN_07706	gene	207				
NHKJIMIN_07706	CDS	207				hypothetical protein
NHKJIMIN_07707	gene	1107				
NHKJIMIN_07707	CDS	1107				hypothetical protein
NHKJIMIN_07708	gene	276				
NHKJIMIN_07708	CDS	276				hypothetical protein
NHKJIMIN_07709	gene	183				
NHKJIMIN_07709	CDS	183				hypothetical protein
NHKJIMIN_07710	gene	138				
NHKJIMIN_07710	CDS	138				hypothetical protein
NHKJIMIN_07711	gene	141				
NHKJIMIN_07711	CDS	141				hypothetical protein
NHKJIMIN_07712	gene	588				
NHKJIMIN_07712	CDS	588				hypothetical protein
NHKJIMIN_07713	gene	213				
NHKJIMIN_07713	CDS	213				hypothetical protein
NHKJIMIN_07714	gene	369				
NHKJIMIN_07714	CDS	369				hypothetical protein
NHKJIMIN_07715	gene	453				
NHKJIMIN_07715	CDS	453				hypothetical protein
NHKJIMIN_07716	gene	972				
NHKJIMIN_07716	CDS	972				hypothetical protein
NHKJIMIN_07717	gene	255				
NHKJIMIN_07717	CDS	255				hypothetical protein
NHKJIMIN_07718	gene	270	cusA_3			
NHKJIMIN_07718	CDS	270	cusA_3		COG3696	Cation efflux system protein CusA
NHKJIMIN_07719	gene	558	cusA_4			
NHKJIMIN_07719	CDS	558	cusA_4		COG3696	Cation efflux system protein CusA
NHKJIMIN_07720	gene	615	cusA_5			
NHKJIMIN_07720	CDS	615	cusA_5		COG3696	Cation efflux system protein CusA
NHKJIMIN_07721	gene	441				
NHKJIMIN_07721	CDS	441				hypothetical protein
NHKJIMIN_07722	gene	723				
NHKJIMIN_07722	CDS	723				hypothetical protein
NHKJIMIN_07723	gene	555				
NHKJIMIN_07723	CDS	555				hypothetical protein
NHKJIMIN_07724	gene	540				
NHKJIMIN_07724	CDS	540				hypothetical protein
NHKJIMIN_07725	gene	252	mdtB_5			
NHKJIMIN_07725	CDS	252	mdtB_5			Multidrug resistance protein MdtB
NHKJIMIN_07726	gene	288				
NHKJIMIN_07726	CDS	288				hypothetical protein
NHKJIMIN_07727	gene	774				
NHKJIMIN_07727	CDS	774				hypothetical protein
NHKJIMIN_07728	gene	192				
NHKJIMIN_07728	CDS	192				hypothetical protein
NHKJIMIN_07729	gene	291				
NHKJIMIN_07729	CDS	291				hypothetical protein
NHKJIMIN_07730	gene	813				
NHKJIMIN_07730	CDS	813				hypothetical protein
NHKJIMIN_07731	gene	531				
NHKJIMIN_07731	CDS	531				hypothetical protein
NHKJIMIN_07732	gene	150				
NHKJIMIN_07732	CDS	150				hypothetical protein
NHKJIMIN_07733	gene	507				
NHKJIMIN_07733	CDS	507				hypothetical protein
NHKJIMIN_07734	gene	252				
NHKJIMIN_07734	CDS	252				hypothetical protein
NHKJIMIN_07735	gene	579				
NHKJIMIN_07735	CDS	579				hypothetical protein
NHKJIMIN_07736	gene	429				
NHKJIMIN_07736	CDS	429				hypothetical protein
NHKJIMIN_07737	gene	297				
NHKJIMIN_07737	CDS	297				hypothetical protein
NHKJIMIN_07738	gene	333				
NHKJIMIN_07738	CDS	333				hypothetical protein
NHKJIMIN_07739	gene	441				
NHKJIMIN_07739	CDS	441				hypothetical protein
NHKJIMIN_07740	gene	687				
NHKJIMIN_07740	CDS	687		3.1.3.3		Phosphoserine phosphatase
NHKJIMIN_07741	gene	279	gdx			
NHKJIMIN_07741	CDS	279	gdx		COG2076	Guanidinium exporter
NHKJIMIN_07742	gene	360				
NHKJIMIN_07742	CDS	360				hypothetical protein
NHKJIMIN_07743	gene	324	ccrA			
NHKJIMIN_07743	CDS	324	ccrA	3.5.2.6		Metallo-beta-lactamase type 2
NHKJIMIN_07744	gene	906				
NHKJIMIN_07744	CDS	906				IS982 family transposase IS1187
NHKJIMIN_07745	gene	342	vatD			
NHKJIMIN_07745	CDS	342	vatD	2.3.1.-		Streptogramin A acetyltransferase
NHKJIMIN_07746	gene	309				
NHKJIMIN_07746	CDS	309				hypothetical protein
NHKJIMIN_07747	gene	402				
NHKJIMIN_07747	CDS	402				hypothetical protein
NHKJIMIN_07748	gene	204				
NHKJIMIN_07748	CDS	204				hypothetical protein
NHKJIMIN_07749	gene	453				
NHKJIMIN_07749	CDS	453				hypothetical protein
NHKJIMIN_07750	gene	258				
NHKJIMIN_07750	CDS	258				hypothetical protein
NHKJIMIN_07751	gene	1059				
NHKJIMIN_07751	CDS	1059				hypothetical protein
NHKJIMIN_07752	gene	171				
NHKJIMIN_07752	CDS	171				hypothetical protein
NHKJIMIN_07753	gene	711				
NHKJIMIN_07753	CDS	711				hypothetical protein
NHKJIMIN_07754	gene	648				
NHKJIMIN_07754	CDS	648				hypothetical protein
NHKJIMIN_07755	gene	495	metZ_2			
NHKJIMIN_07755	CDS	495	metZ_2	2.5.1.-		O-succinylhomoserine sulfhydrylase
NHKJIMIN_07756	gene	243				
NHKJIMIN_07756	CDS	243		2.5.1.-	COG2873	O-acetyl-L-homoserine sulfhydrylase
NHKJIMIN_07757	gene	585				
NHKJIMIN_07757	CDS	585		2.5.1.-	COG2873	O-acetyl-L-homoserine sulfhydrylase
NHKJIMIN_07758	gene	666				
NHKJIMIN_07758	CDS	666				hypothetical protein
NHKJIMIN_07759	gene	510				
NHKJIMIN_07759	CDS	510				hypothetical protein
NHKJIMIN_07760	gene	282				
NHKJIMIN_07760	CDS	282				hypothetical protein
NHKJIMIN_07761	gene	525				
NHKJIMIN_07761	CDS	525				hypothetical protein
NHKJIMIN_07762	gene	225				
NHKJIMIN_07762	CDS	225				hypothetical protein
NHKJIMIN_07763	gene	174				
NHKJIMIN_07763	CDS	174				hypothetical protein
NHKJIMIN_07764	gene	360				
NHKJIMIN_07764	CDS	360				hypothetical protein
NHKJIMIN_07765	gene	696	pleC_2			
NHKJIMIN_07765	CDS	696	pleC_2	2.7.13.3	COG2202	Non-motile and phage-resistance protein
NHKJIMIN_07766	gene	672	rcsC_18			
NHKJIMIN_07766	CDS	672	rcsC_18	2.7.13.3		Sensor histidine kinase RcsC
NHKJIMIN_07767	gene	300				
NHKJIMIN_07767	CDS	300				hypothetical protein
NHKJIMIN_07768	gene	201				
NHKJIMIN_07768	CDS	201				hypothetical protein
NHKJIMIN_07769	gene	756				
NHKJIMIN_07769	CDS	756				hypothetical protein
NHKJIMIN_07770	gene	357				
NHKJIMIN_07770	CDS	357				hypothetical protein
NHKJIMIN_07771	gene	891	bepE_5			
NHKJIMIN_07771	CDS	891	bepE_5			Efflux pump membrane transporter BepE
NHKJIMIN_07772	gene	246				
NHKJIMIN_07772	CDS	246				hypothetical protein
NHKJIMIN_07773	gene	1086	mdtB_6			
NHKJIMIN_07773	CDS	1086	mdtB_6			Multidrug resistance protein MdtB
NHKJIMIN_07774	gene	657	bepE_6			
NHKJIMIN_07774	CDS	657	bepE_6			Efflux pump membrane transporter BepE
NHKJIMIN_07775	gene	261				
NHKJIMIN_07775	CDS	261				hypothetical protein
NHKJIMIN_07776	gene	342				
NHKJIMIN_07776	CDS	342				hypothetical protein
NHKJIMIN_07777	gene	222				
NHKJIMIN_07777	CDS	222				hypothetical protein
NHKJIMIN_07778	gene	111				
NHKJIMIN_07778	CDS	111				hypothetical protein
NHKJIMIN_07779	gene	258				
NHKJIMIN_07779	CDS	258				hypothetical protein
NHKJIMIN_07780	gene	276				
NHKJIMIN_07780	CDS	276				hypothetical protein
NHKJIMIN_07781	gene	234				
NHKJIMIN_07781	CDS	234				hypothetical protein
NHKJIMIN_07782	gene	501	guaB_3			
NHKJIMIN_07782	CDS	501	guaB_3	1.1.1.205	COG0516	Inosine-5'-monophosphate dehydrogenase
NHKJIMIN_07783	gene	762	guaB_4			
NHKJIMIN_07783	CDS	762	guaB_4	1.1.1.205	COG0516	Inosine-5'-monophosphate dehydrogenase
NHKJIMIN_07784	gene	234				
NHKJIMIN_07784	CDS	234				hypothetical protein
NHKJIMIN_07785	gene	351	rhaS_3			
NHKJIMIN_07785	CDS	351	rhaS_3			HTH-type transcriptional activator RhaS
NHKJIMIN_07786	gene	516				
NHKJIMIN_07786	CDS	516				hypothetical protein
NHKJIMIN_07787	gene	930				
NHKJIMIN_07787	CDS	930				hypothetical protein
NHKJIMIN_07788	gene	306				
NHKJIMIN_07788	CDS	306				hypothetical protein
NHKJIMIN_07789	gene	153				
NHKJIMIN_07789	CDS	153				hypothetical protein
NHKJIMIN_07790	gene	141				
NHKJIMIN_07790	CDS	141				hypothetical protein
NHKJIMIN_07791	gene	336				
NHKJIMIN_07791	CDS	336				hypothetical protein
NHKJIMIN_07792	gene	204				
NHKJIMIN_07792	CDS	204				hypothetical protein
NHKJIMIN_07793	gene	222				
NHKJIMIN_07793	CDS	222				hypothetical protein
NHKJIMIN_07794	gene	729				
NHKJIMIN_07794	CDS	729				hypothetical protein
NHKJIMIN_07795	gene	255				
NHKJIMIN_07795	CDS	255				hypothetical protein
NHKJIMIN_07796	gene	672				
NHKJIMIN_07796	CDS	672				hypothetical protein
NHKJIMIN_07797	gene	288				
NHKJIMIN_07797	CDS	288				hypothetical protein
NHKJIMIN_07798	gene	474				
NHKJIMIN_07798	CDS	474				hypothetical protein
NHKJIMIN_07799	gene	204				
NHKJIMIN_07799	CDS	204				hypothetical protein
NHKJIMIN_07800	gene	159				
NHKJIMIN_07800	CDS	159				hypothetical protein
NHKJIMIN_07801	gene	519	exsA			
NHKJIMIN_07801	CDS	519	exsA			HTH-type transcriptional regulator ExsA
NHKJIMIN_07802	gene	456				
NHKJIMIN_07802	CDS	456				hypothetical protein
NHKJIMIN_07803	gene	381	mmdA_1			
NHKJIMIN_07803	CDS	381	mmdA_1	7.2.4.3		Methylmalonyl-CoA decarboxylase subunit alpha
NHKJIMIN_07804	gene	492	mmdA_2			
NHKJIMIN_07804	CDS	492	mmdA_2	7.2.4.3		Methylmalonyl-CoA decarboxylase subunit alpha
NHKJIMIN_07805	gene	477	pccB_2			
NHKJIMIN_07805	CDS	477	pccB_2	6.4.1.3	COG4799	Propionyl-CoA carboxylase beta chain
NHKJIMIN_07806	gene	393				
NHKJIMIN_07806	CDS	393				hypothetical protein
NHKJIMIN_07807	gene	117				
NHKJIMIN_07807	CDS	117				hypothetical protein
NHKJIMIN_07808	gene	168				
NHKJIMIN_07808	CDS	168				hypothetical protein
NHKJIMIN_07809	gene	870	cfiB_2			
NHKJIMIN_07809	CDS	870	cfiB_2	6.4.1.7	COG0439	2-oxoglutarate carboxylase small subunit
NHKJIMIN_07810	gene	276	pycA			
NHKJIMIN_07810	CDS	276	pycA	6.4.1.1		Pyruvate carboxylase
NHKJIMIN_07811	gene	294				
NHKJIMIN_07811	CDS	294				hypothetical protein
NHKJIMIN_07812	gene	474	ybaL_2			
NHKJIMIN_07812	CDS	474	ybaL_2		COG1226	Putative cation/proton antiporter YbaL
NHKJIMIN_07813	gene	606	ybaL_3			
NHKJIMIN_07813	CDS	606	ybaL_3		COG1226	Putative cation/proton antiporter YbaL
NHKJIMIN_07814	gene	552				
NHKJIMIN_07814	CDS	552				hypothetical protein
NHKJIMIN_07815	gene	273				
NHKJIMIN_07815	CDS	273				hypothetical protein
NHKJIMIN_07816	gene	330				
NHKJIMIN_07816	CDS	330				hypothetical protein
NHKJIMIN_07817	gene	348				
NHKJIMIN_07817	CDS	348				hypothetical protein
NHKJIMIN_07818	gene	243				
NHKJIMIN_07818	CDS	243				hypothetical protein
NHKJIMIN_07819	gene	135				
NHKJIMIN_07819	CDS	135				hypothetical protein
NHKJIMIN_07820	gene	714	pncB_1			
NHKJIMIN_07820	CDS	714	pncB_1	6.3.4.21	COG1488	Nicotinate phosphoribosyltransferase
NHKJIMIN_07821	gene	327	pncB_2			
NHKJIMIN_07821	CDS	327	pncB_2	6.3.4.21		Nicotinate phosphoribosyltransferase
NHKJIMIN_07822	gene	213				
NHKJIMIN_07822	CDS	213				hypothetical protein
NHKJIMIN_07823	gene	111				
NHKJIMIN_07823	CDS	111				hypothetical protein
NHKJIMIN_07824	gene	303				
NHKJIMIN_07824	CDS	303				hypothetical protein
NHKJIMIN_07825	gene	240				
NHKJIMIN_07825	CDS	240				hypothetical protein
NHKJIMIN_07826	gene	189				
NHKJIMIN_07826	CDS	189				hypothetical protein
NHKJIMIN_07827	gene	150				
NHKJIMIN_07827	CDS	150				hypothetical protein
NHKJIMIN_07828	gene	603	hdhA			
NHKJIMIN_07828	CDS	603	hdhA	1.1.1.159	COG1028	7alpha-hydroxysteroid dehydrogenase
NHKJIMIN_07829	gene	225				
NHKJIMIN_07829	CDS	225				hypothetical protein
NHKJIMIN_07830	gene	204				
NHKJIMIN_07830	CDS	204				hypothetical protein
NHKJIMIN_07831	gene	195				
NHKJIMIN_07831	CDS	195				hypothetical protein
NHKJIMIN_07832	gene	105				
NHKJIMIN_07832	CDS	105				hypothetical protein
NHKJIMIN_07833	gene	270				
NHKJIMIN_07833	CDS	270				hypothetical protein
NHKJIMIN_07834	gene	141				
NHKJIMIN_07834	CDS	141				hypothetical protein
NHKJIMIN_07835	gene	246				
NHKJIMIN_07835	CDS	246				hypothetical protein
NHKJIMIN_07836	gene	531				
NHKJIMIN_07836	CDS	531				hypothetical protein
NHKJIMIN_07837	gene	132				
NHKJIMIN_07837	CDS	132				hypothetical protein
NHKJIMIN_07838	gene	477				
NHKJIMIN_07838	CDS	477				hypothetical protein
NHKJIMIN_07839	gene	273				
NHKJIMIN_07839	CDS	273				hypothetical protein
NHKJIMIN_07840	gene	207				
NHKJIMIN_07840	CDS	207				hypothetical protein
NHKJIMIN_07841	gene	216				
NHKJIMIN_07841	CDS	216				hypothetical protein
NHKJIMIN_07842	gene	177				
NHKJIMIN_07842	CDS	177				hypothetical protein
NHKJIMIN_07843	gene	192				
NHKJIMIN_07843	CDS	192				hypothetical protein
NHKJIMIN_07844	gene	174				
NHKJIMIN_07844	CDS	174				hypothetical protein
NHKJIMIN_07845	gene	210				
NHKJIMIN_07845	CDS	210				hypothetical protein
NHKJIMIN_07846	gene	243				
NHKJIMIN_07846	CDS	243				hypothetical protein
NHKJIMIN_07847	gene	99				
NHKJIMIN_07847	CDS	99				hypothetical protein
NHKJIMIN_07848	gene	114				
NHKJIMIN_07848	CDS	114				hypothetical protein
NHKJIMIN_07849	gene	420				
NHKJIMIN_07849	CDS	420				hypothetical protein
NHKJIMIN_07850	gene	285				
NHKJIMIN_07850	CDS	285				hypothetical protein
NHKJIMIN_07851	gene	333				
NHKJIMIN_07851	CDS	333				hypothetical protein
NHKJIMIN_07852	gene	459				
NHKJIMIN_07852	CDS	459				hypothetical protein
NHKJIMIN_07853	gene	93				
NHKJIMIN_07853	CDS	93				hypothetical protein
NHKJIMIN_07854	gene	129				
NHKJIMIN_07854	CDS	129				hypothetical protein
NHKJIMIN_07855	gene	225				
NHKJIMIN_07855	CDS	225				hypothetical protein
NHKJIMIN_07856	gene	624				
NHKJIMIN_07856	CDS	624				hypothetical protein
NHKJIMIN_07857	gene	336				
NHKJIMIN_07857	CDS	336				hypothetical protein
NHKJIMIN_07858	gene	240				
NHKJIMIN_07858	CDS	240				hypothetical protein
NHKJIMIN_07859	gene	489				
NHKJIMIN_07859	CDS	489				hypothetical protein
NHKJIMIN_07860	gene	228				
NHKJIMIN_07860	CDS	228				hypothetical protein
NHKJIMIN_07861	gene	399				
NHKJIMIN_07861	CDS	399				hypothetical protein
NHKJIMIN_07862	gene	186				
NHKJIMIN_07862	CDS	186			COG2110	Macro domain-containing protein
NHKJIMIN_07863	gene	252	ymdB			
NHKJIMIN_07863	CDS	252	ymdB	3.1.1.106		O-acetyl-ADP-ribose deacetylase
NHKJIMIN_07864	gene	150				
NHKJIMIN_07864	CDS	150				hypothetical protein
NHKJIMIN_07865	gene	207				
NHKJIMIN_07865	CDS	207				hypothetical protein
NHKJIMIN_07866	gene	291				
NHKJIMIN_07866	CDS	291				hypothetical protein
NHKJIMIN_07867	gene	213				
NHKJIMIN_07867	CDS	213				hypothetical protein
NHKJIMIN_07868	gene	519				
NHKJIMIN_07868	CDS	519				hypothetical protein
NHKJIMIN_07869	gene	933				
NHKJIMIN_07869	CDS	933				hypothetical protein
NHKJIMIN_07870	gene	138				
NHKJIMIN_07870	CDS	138				hypothetical protein
NHKJIMIN_07871	gene	234				
NHKJIMIN_07871	CDS	234				hypothetical protein
NHKJIMIN_07872	gene	183				
NHKJIMIN_07872	CDS	183				hypothetical protein
NHKJIMIN_07873	gene	261				
NHKJIMIN_07873	CDS	261				hypothetical protein
NHKJIMIN_07874	gene	252				
NHKJIMIN_07874	CDS	252				hypothetical protein
NHKJIMIN_07875	gene	228				
NHKJIMIN_07875	CDS	228				hypothetical protein
NHKJIMIN_07876	gene	408				
NHKJIMIN_07876	CDS	408				hypothetical protein
NHKJIMIN_07877	gene	240				
NHKJIMIN_07877	CDS	240				hypothetical protein
NHKJIMIN_07878	gene	342				
NHKJIMIN_07878	CDS	342				hypothetical protein
NHKJIMIN_07879	gene	177				
NHKJIMIN_07879	CDS	177				hypothetical protein
NHKJIMIN_07880	gene	108				
NHKJIMIN_07880	CDS	108				hypothetical protein
NHKJIMIN_07881	gene	255				
NHKJIMIN_07881	CDS	255				hypothetical protein
NHKJIMIN_07882	gene	99				
NHKJIMIN_07882	CDS	99				hypothetical protein
NHKJIMIN_07883	gene	207				
NHKJIMIN_07883	CDS	207				hypothetical protein
NHKJIMIN_07884	gene	105				
NHKJIMIN_07884	CDS	105				hypothetical protein
NHKJIMIN_07885	gene	444				
NHKJIMIN_07885	CDS	444				hypothetical protein
NHKJIMIN_07886	gene	183				
NHKJIMIN_07886	CDS	183				hypothetical protein
NHKJIMIN_07887	gene	684				
NHKJIMIN_07887	CDS	684				hypothetical protein
NHKJIMIN_07888	gene	162				
NHKJIMIN_07888	CDS	162				hypothetical protein
NHKJIMIN_07889	gene	522				
NHKJIMIN_07889	CDS	522				hypothetical protein
NHKJIMIN_07890	gene	708				
NHKJIMIN_07890	CDS	708				hypothetical protein
NHKJIMIN_07891	gene	300				
NHKJIMIN_07891	CDS	300				hypothetical protein
NHKJIMIN_07892	gene	90				
NHKJIMIN_07892	CDS	90				hypothetical protein
NHKJIMIN_07893	gene	159				
NHKJIMIN_07893	CDS	159				hypothetical protein
NHKJIMIN_07894	gene	186				
NHKJIMIN_07894	CDS	186				hypothetical protein
NHKJIMIN_07895	gene	111				
NHKJIMIN_07895	CDS	111				hypothetical protein
NHKJIMIN_07896	gene	171				
NHKJIMIN_07896	CDS	171				hypothetical protein
NHKJIMIN_07897	gene	201				
NHKJIMIN_07897	CDS	201				hypothetical protein
NHKJIMIN_07898	gene	381				
NHKJIMIN_07898	CDS	381				hypothetical protein
NHKJIMIN_07899	gene	102				
NHKJIMIN_07899	CDS	102				hypothetical protein
NHKJIMIN_07900	gene	249				
NHKJIMIN_07900	CDS	249				hypothetical protein
NHKJIMIN_07901	gene	312				
NHKJIMIN_07901	CDS	312				hypothetical protein
NHKJIMIN_07902	gene	420				
NHKJIMIN_07902	CDS	420				hypothetical protein
NHKJIMIN_07903	gene	159				
NHKJIMIN_07903	CDS	159				hypothetical protein
NHKJIMIN_07904	gene	396				
NHKJIMIN_07904	CDS	396				hypothetical protein
NHKJIMIN_07905	gene	159				
NHKJIMIN_07905	CDS	159				hypothetical protein
NHKJIMIN_07906	gene	225				
NHKJIMIN_07906	CDS	225				hypothetical protein
NHKJIMIN_07907	gene	147				
NHKJIMIN_07907	CDS	147				hypothetical protein
NHKJIMIN_07908	gene	210				
NHKJIMIN_07908	CDS	210				hypothetical protein
NHKJIMIN_07909	gene	138				
NHKJIMIN_07909	CDS	138				hypothetical protein
NHKJIMIN_07910	gene	498	xerC_13			
NHKJIMIN_07910	CDS	498	xerC_13			Tyrosine recombinase XerC
NHKJIMIN_07911	gene	630				
NHKJIMIN_07911	CDS	630				hypothetical protein
NHKJIMIN_07912	gene	285				
NHKJIMIN_07912	CDS	285				hypothetical protein
NHKJIMIN_07913	gene	579				
NHKJIMIN_07913	CDS	579				hypothetical protein
NHKJIMIN_07914	gene	855	mnmE_2			
NHKJIMIN_07914	CDS	855	mnmE_2	3.6.5.-	COG0486	tRNA modification GTPase MnmE
NHKJIMIN_07915	gene	297	mnmE_3			
NHKJIMIN_07915	CDS	297	mnmE_3	3.6.-.-	COG0486	tRNA modification GTPase MnmE
NHKJIMIN_07916	gene	351				
NHKJIMIN_07916	CDS	351				hypothetical protein
NHKJIMIN_07917	gene	702	rcsC_19			
NHKJIMIN_07917	CDS	702	rcsC_19	2.7.13.3		Sensor histidine kinase RcsC
NHKJIMIN_07918	gene	396	rcsC_20			
NHKJIMIN_07918	CDS	396	rcsC_20	2.7.13.3		Sensor histidine kinase RcsC
NHKJIMIN_07919	gene	339	spo0F			
NHKJIMIN_07919	CDS	339	spo0F	2.7.-.-	COG2204	Sporulation initiation phosphotransferase F
NHKJIMIN_07920	gene	117				
NHKJIMIN_07920	CDS	117				hypothetical protein
NHKJIMIN_07921	gene	180				
NHKJIMIN_07921	CDS	180				hypothetical protein
NHKJIMIN_07922	gene	237				
NHKJIMIN_07922	CDS	237				hypothetical protein
NHKJIMIN_07923	gene	291				
NHKJIMIN_07923	CDS	291				hypothetical protein
NHKJIMIN_07924	gene	186				
NHKJIMIN_07924	CDS	186				hypothetical protein
NHKJIMIN_07925	gene	375				
NHKJIMIN_07925	CDS	375				hypothetical protein
NHKJIMIN_07926	gene	279	deoD			
NHKJIMIN_07926	CDS	279	deoD	2.4.2.1	COG0813	Purine nucleoside phosphorylase DeoD-type
NHKJIMIN_07927	gene	789	floA_1			
NHKJIMIN_07927	CDS	789	floA_1		COG4864	Flotillin-like protein FloA
NHKJIMIN_07928	gene	216	floA_2			
NHKJIMIN_07928	CDS	216	floA_2		COG4864	Flotillin-like protein FloA
NHKJIMIN_07929	gene	147				
NHKJIMIN_07929	CDS	147				hypothetical protein
NHKJIMIN_07930	gene	696				
NHKJIMIN_07930	CDS	696				hypothetical protein
NHKJIMIN_07931	gene	324				
NHKJIMIN_07931	CDS	324				hypothetical protein
NHKJIMIN_07932	gene	291				
NHKJIMIN_07932	CDS	291				hypothetical protein
NHKJIMIN_07933	gene	348	ttcA_1			
NHKJIMIN_07933	CDS	348	ttcA_1	2.8.1.-		tRNA-cytidine(32) 2-sulfurtransferase
NHKJIMIN_07934	gene	222	ttcA_2			
NHKJIMIN_07934	CDS	222	ttcA_2	2.8.1.-		tRNA-cytidine(32) 2-sulfurtransferase
NHKJIMIN_07935	gene	150				
NHKJIMIN_07935	CDS	150				hypothetical protein
NHKJIMIN_07936	gene	123				
NHKJIMIN_07936	CDS	123				hypothetical protein
NHKJIMIN_07937	gene	327				
NHKJIMIN_07937	CDS	327				hypothetical protein
NHKJIMIN_07938	gene	231				
NHKJIMIN_07938	CDS	231				hypothetical protein
NHKJIMIN_07939	gene	285	mntP_1			
NHKJIMIN_07939	CDS	285	mntP_1			Manganese exporter MntP
NHKJIMIN_07940	gene	147	mntP_2			
NHKJIMIN_07940	CDS	147	mntP_2			Manganese exporter MntP
NHKJIMIN_07941	gene	357				
NHKJIMIN_07941	CDS	357				hypothetical protein
NHKJIMIN_07942	gene	411				
NHKJIMIN_07942	CDS	411				hypothetical protein
NHKJIMIN_07943	gene	198				
NHKJIMIN_07943	CDS	198				hypothetical protein
NHKJIMIN_07944	gene	225				
NHKJIMIN_07944	CDS	225				hypothetical protein
NHKJIMIN_07945	gene	648	rgtE_1			
NHKJIMIN_07945	CDS	648	rgtE_1	2.4.1.-	COG0463	Dodecaprenyl-phosphate galacturonate synthase
NHKJIMIN_07946	gene	213				
NHKJIMIN_07946	CDS	213				hypothetical protein
NHKJIMIN_07947	gene	189				
NHKJIMIN_07947	CDS	189				hypothetical protein
NHKJIMIN_07948	gene	74				
NHKJIMIN_07948	tRNA	74				tRNA-Thr(tgt)
NHKJIMIN_07949	gene	216				
NHKJIMIN_07949	CDS	216				hypothetical protein
NHKJIMIN_07950	gene	246	fabG_3			
NHKJIMIN_07950	CDS	246	fabG_3	1.1.1.100	COG1028	3-oxoacyl-[acyl-carrier-protein] reductase FabG
NHKJIMIN_07951	gene	213				
NHKJIMIN_07951	CDS	213				hypothetical protein
NHKJIMIN_07952	gene	252				
NHKJIMIN_07952	CDS	252				hypothetical protein
NHKJIMIN_07953	gene	417				
NHKJIMIN_07953	CDS	417				hypothetical protein
NHKJIMIN_07954	gene	429				
NHKJIMIN_07954	CDS	429				hypothetical protein
NHKJIMIN_07955	gene	156				
NHKJIMIN_07955	CDS	156				hypothetical protein
NHKJIMIN_07956	gene	210				
NHKJIMIN_07956	CDS	210				hypothetical protein
NHKJIMIN_07957	gene	717				
NHKJIMIN_07957	CDS	717				hypothetical protein
NHKJIMIN_07958	gene	249				
NHKJIMIN_07958	CDS	249				hypothetical protein
NHKJIMIN_07959	gene	264				
NHKJIMIN_07959	CDS	264				hypothetical protein
NHKJIMIN_07960	gene	234				
NHKJIMIN_07960	CDS	234				hypothetical protein
NHKJIMIN_07961	gene	228				
NHKJIMIN_07961	CDS	228				hypothetical protein
NHKJIMIN_07962	gene	177				
NHKJIMIN_07962	CDS	177				hypothetical protein
NHKJIMIN_07963	gene	726				
NHKJIMIN_07963	CDS	726				hypothetical protein
NHKJIMIN_07964	gene	435				
NHKJIMIN_07964	CDS	435				hypothetical protein
NHKJIMIN_07965	gene	252				
NHKJIMIN_07965	CDS	252				hypothetical protein
NHKJIMIN_07966	gene	162				
NHKJIMIN_07966	CDS	162				hypothetical protein
NHKJIMIN_07967	gene	225				
NHKJIMIN_07967	CDS	225				hypothetical protein
NHKJIMIN_07968	gene	168				
NHKJIMIN_07968	CDS	168				hypothetical protein
NHKJIMIN_07969	gene	402				
NHKJIMIN_07969	CDS	402				hypothetical protein
NHKJIMIN_07970	gene	333				
NHKJIMIN_07970	CDS	333				hypothetical protein
NHKJIMIN_07971	gene	381				
NHKJIMIN_07971	CDS	381				hypothetical protein
NHKJIMIN_07972	gene	114				
NHKJIMIN_07972	CDS	114				hypothetical protein
NHKJIMIN_07973	gene	240				
NHKJIMIN_07973	CDS	240				hypothetical protein
NHKJIMIN_07974	gene	135				
NHKJIMIN_07974	CDS	135				hypothetical protein
NHKJIMIN_07975	gene	351				
NHKJIMIN_07975	CDS	351				hypothetical protein
NHKJIMIN_07976	gene	243				
NHKJIMIN_07976	CDS	243				hypothetical protein
NHKJIMIN_07977	gene	468				
NHKJIMIN_07977	CDS	468				hypothetical protein
NHKJIMIN_07978	gene	204				
NHKJIMIN_07978	CDS	204				hypothetical protein
NHKJIMIN_07979	gene	546				
NHKJIMIN_07979	CDS	546				hypothetical protein
NHKJIMIN_07980	gene	237				
NHKJIMIN_07980	CDS	237				hypothetical protein
NHKJIMIN_07981	gene	171				
NHKJIMIN_07981	CDS	171				hypothetical protein
NHKJIMIN_07982	gene	762				
NHKJIMIN_07982	CDS	762				hypothetical protein
NHKJIMIN_07983	gene	195				
NHKJIMIN_07983	CDS	195				hypothetical protein
NHKJIMIN_07984	gene	219				
NHKJIMIN_07984	CDS	219				hypothetical protein
NHKJIMIN_07985	gene	393				
NHKJIMIN_07985	CDS	393				hypothetical protein
NHKJIMIN_07986	gene	120				
NHKJIMIN_07986	CDS	120				hypothetical protein
NHKJIMIN_07987	gene	186				
NHKJIMIN_07987	CDS	186				hypothetical protein
NHKJIMIN_07988	gene	507				
NHKJIMIN_07988	CDS	507				hypothetical protein
NHKJIMIN_07989	gene	537				
NHKJIMIN_07989	CDS	537				hypothetical protein
NHKJIMIN_07990	gene	192				
NHKJIMIN_07990	CDS	192				hypothetical protein
NHKJIMIN_07991	gene	384				
NHKJIMIN_07991	CDS	384				hypothetical protein
NHKJIMIN_07992	gene	195	xerC_14			
NHKJIMIN_07992	CDS	195	xerC_14			Tyrosine recombinase XerC
NHKJIMIN_07993	gene	207				
NHKJIMIN_07993	CDS	207				hypothetical protein
NHKJIMIN_07994	gene	240				
NHKJIMIN_07994	CDS	240				hypothetical protein
NHKJIMIN_07995	gene	273				
NHKJIMIN_07995	CDS	273				hypothetical protein
NHKJIMIN_07996	gene	126				
NHKJIMIN_07996	CDS	126				hypothetical protein
NHKJIMIN_07997	gene	231				
NHKJIMIN_07997	CDS	231				hypothetical protein
NHKJIMIN_07998	gene	201				
NHKJIMIN_07998	CDS	201				hypothetical protein
NHKJIMIN_07999	gene	147				
NHKJIMIN_07999	CDS	147				hypothetical protein
NHKJIMIN_08000	gene	504				
NHKJIMIN_08000	CDS	504				hypothetical protein
NHKJIMIN_08001	gene	315				
NHKJIMIN_08001	CDS	315				hypothetical protein
NHKJIMIN_08002	gene	276				
NHKJIMIN_08002	CDS	276				hypothetical protein
NHKJIMIN_08003	gene	330				
NHKJIMIN_08003	CDS	330				hypothetical protein
NHKJIMIN_08004	gene	522				
NHKJIMIN_08004	CDS	522				hypothetical protein
NHKJIMIN_08005	gene	228				
NHKJIMIN_08005	CDS	228				hypothetical protein
NHKJIMIN_08006	gene	267				
NHKJIMIN_08006	CDS	267				hypothetical protein
NHKJIMIN_08007	gene	258				
NHKJIMIN_08007	CDS	258				hypothetical protein
NHKJIMIN_08008	gene	243				
NHKJIMIN_08008	CDS	243				hypothetical protein
NHKJIMIN_08009	gene	354				
NHKJIMIN_08009	CDS	354				hypothetical protein
NHKJIMIN_08010	gene	657				
NHKJIMIN_08010	CDS	657				hypothetical protein
NHKJIMIN_08011	gene	120				
NHKJIMIN_08011	CDS	120				hypothetical protein
NHKJIMIN_08012	gene	141				
NHKJIMIN_08012	CDS	141				hypothetical protein
NHKJIMIN_08013	gene	423				
NHKJIMIN_08013	CDS	423		3.2.1.52	COG3525	Beta-hexosaminidase
NHKJIMIN_08014	gene	825	exoI_3			
NHKJIMIN_08014	CDS	825	exoI_3	3.2.1.52		Beta-hexosaminidase
NHKJIMIN_08015	gene	177				
NHKJIMIN_08015	CDS	177				hypothetical protein
NHKJIMIN_08016	gene	159				
NHKJIMIN_08016	CDS	159				hypothetical protein
NHKJIMIN_08017	gene	507				
NHKJIMIN_08017	CDS	507				hypothetical protein
NHKJIMIN_08018	gene	849				
NHKJIMIN_08018	CDS	849			COG0702	SusD-like protein P25
NHKJIMIN_08019	gene	216				
NHKJIMIN_08019	CDS	216				hypothetical protein
NHKJIMIN_08020	gene	213				
NHKJIMIN_08020	CDS	213				hypothetical protein
NHKJIMIN_08021	gene	573				
NHKJIMIN_08021	CDS	573				hypothetical protein
NHKJIMIN_08022	gene	900				
NHKJIMIN_08022	CDS	900			COG4771	TonB-dependent receptor P39
NHKJIMIN_08023	gene	171				
NHKJIMIN_08023	CDS	171				hypothetical protein
NHKJIMIN_08024	gene	669	susC_38			
NHKJIMIN_08024	CDS	669	susC_38		COG1629	TonB-dependent receptor SusC
NHKJIMIN_08025	gene	174				
NHKJIMIN_08025	CDS	174				hypothetical protein
NHKJIMIN_08026	gene	246				
NHKJIMIN_08026	CDS	246				hypothetical protein
NHKJIMIN_08027	gene	165				
NHKJIMIN_08027	CDS	165				hypothetical protein
NHKJIMIN_08028	gene	186				
NHKJIMIN_08028	CDS	186				hypothetical protein
NHKJIMIN_08029	gene	150				
NHKJIMIN_08029	CDS	150				hypothetical protein
NHKJIMIN_08030	gene	315				
NHKJIMIN_08030	CDS	315				hypothetical protein
NHKJIMIN_08031	gene	339				
NHKJIMIN_08031	CDS	339				hypothetical protein
NHKJIMIN_08032	gene	222				
NHKJIMIN_08032	CDS	222				hypothetical protein
NHKJIMIN_08033	gene	357				
NHKJIMIN_08033	CDS	357				hypothetical protein
NHKJIMIN_08034	gene	243				
NHKJIMIN_08034	CDS	243				hypothetical protein
NHKJIMIN_08035	gene	192				
NHKJIMIN_08035	CDS	192				hypothetical protein
NHKJIMIN_08036	gene	246				
NHKJIMIN_08036	CDS	246				hypothetical protein
NHKJIMIN_08037	gene	513				
NHKJIMIN_08037	CDS	513				hypothetical protein
NHKJIMIN_08038	gene	135				
NHKJIMIN_08038	CDS	135				hypothetical protein
NHKJIMIN_08039	gene	477				
NHKJIMIN_08039	CDS	477				hypothetical protein
NHKJIMIN_08040	gene	168				
NHKJIMIN_08040	CDS	168				hypothetical protein
NHKJIMIN_08041	gene	123				
NHKJIMIN_08041	CDS	123				hypothetical protein
NHKJIMIN_08042	gene	198				
NHKJIMIN_08042	CDS	198				hypothetical protein
NHKJIMIN_08043	gene	156				
NHKJIMIN_08043	CDS	156				hypothetical protein
NHKJIMIN_08044	gene	294	xerC_15			
NHKJIMIN_08044	CDS	294	xerC_15			Tyrosine recombinase XerC
NHKJIMIN_08045	gene	516	mgsA_2			
NHKJIMIN_08045	CDS	516	mgsA_2	4.2.3.3	COG1803	Methylglyoxal synthase
NHKJIMIN_08046	gene	819				
NHKJIMIN_08046	CDS	819				hypothetical protein
NHKJIMIN_08047	gene	633				
NHKJIMIN_08047	CDS	633				hypothetical protein
NHKJIMIN_08048	gene	327	glgP_1			
NHKJIMIN_08048	CDS	327	glgP_1	2.4.1.1	COG0058	Glycogen phosphorylase
NHKJIMIN_08049	gene	363				
NHKJIMIN_08049	CDS	363				hypothetical protein
NHKJIMIN_08050	gene	183				
NHKJIMIN_08050	CDS	183				hypothetical protein
NHKJIMIN_08051	gene	318				
NHKJIMIN_08051	CDS	318				hypothetical protein
NHKJIMIN_08052	gene	114				
NHKJIMIN_08052	CDS	114				hypothetical protein
NHKJIMIN_08053	gene	159				
NHKJIMIN_08053	CDS	159				hypothetical protein
NHKJIMIN_08054	gene	210				
NHKJIMIN_08054	CDS	210				hypothetical protein
NHKJIMIN_08055	gene	420				
NHKJIMIN_08055	CDS	420				hypothetical protein
NHKJIMIN_08056	gene	240				
NHKJIMIN_08056	CDS	240				hypothetical protein
NHKJIMIN_08057	gene	282				
NHKJIMIN_08057	CDS	282				hypothetical protein
NHKJIMIN_08058	gene	489	kefB			
NHKJIMIN_08058	CDS	489	kefB			Glutathione-regulated potassium-efflux system protein KefB
NHKJIMIN_08059	gene	294				
NHKJIMIN_08059	CDS	294				hypothetical protein
NHKJIMIN_08060	gene	501	pfkA_4			
NHKJIMIN_08060	CDS	501	pfkA_4	2.7.1.11	COG0205	ATP-dependent 6-phosphofructokinase 1
NHKJIMIN_08061	gene	219	pfkA_5			
NHKJIMIN_08061	CDS	219	pfkA_5	2.7.1.11	COG0205	ATP-dependent 6-phosphofructokinase 1
NHKJIMIN_08062	gene	120				
NHKJIMIN_08062	CDS	120				hypothetical protein
NHKJIMIN_08063	gene	402	ecfG_2			
NHKJIMIN_08063	CDS	402	ecfG_2			ECF RNA polymerase sigma factor EcfG
NHKJIMIN_08064	gene	555				
NHKJIMIN_08064	CDS	555				hypothetical protein
NHKJIMIN_08065	gene	135	gpmA_1			
NHKJIMIN_08065	CDS	135	gpmA_1	5.4.2.11	COG0588	2,3-bisphosphoglycerate-dependent phosphoglycerate mutase
NHKJIMIN_08066	gene	243	gpmA_2			
NHKJIMIN_08066	CDS	243	gpmA_2	5.4.2.11		2,3-bisphosphoglycerate-dependent phosphoglycerate mutase
NHKJIMIN_08067	gene	348	fbaB_1			
NHKJIMIN_08067	CDS	348	fbaB_1	4.1.2.13	COG1830	Fructose-bisphosphate aldolase class 1
NHKJIMIN_08068	gene	630	fbaB_2			
NHKJIMIN_08068	CDS	630	fbaB_2	4.1.2.13	COG1830	Fructose-bisphosphate aldolase class 1
NHKJIMIN_08069	gene	231	ftnA_1			
NHKJIMIN_08069	CDS	231	ftnA_1	1.16.3.2		Bacterial non-heme ferritin
NHKJIMIN_08070	gene	273				
NHKJIMIN_08070	CDS	273				hypothetical protein
NHKJIMIN_08071	gene	714				
NHKJIMIN_08071	CDS	714				hypothetical protein
NHKJIMIN_08072	gene	246				
NHKJIMIN_08072	CDS	246				hypothetical protein
NHKJIMIN_08073	gene	249	ftnA_2			
NHKJIMIN_08073	CDS	249	ftnA_2	1.16.3.2		Bacterial non-heme ferritin
NHKJIMIN_08074	gene	258				
NHKJIMIN_08074	CDS	258				hypothetical protein
NHKJIMIN_08075	gene	225				
NHKJIMIN_08075	CDS	225				hypothetical protein
NHKJIMIN_08076	gene	261				
NHKJIMIN_08076	CDS	261				hypothetical protein
NHKJIMIN_08077	gene	573				
NHKJIMIN_08077	CDS	573				IS1182 family transposase ISMsp1
NHKJIMIN_08078	gene	102				
NHKJIMIN_08078	CDS	102				hypothetical protein
NHKJIMIN_08079	gene	426				
NHKJIMIN_08079	CDS	426				hypothetical protein
NHKJIMIN_08080	gene	114				
NHKJIMIN_08080	CDS	114				hypothetical protein
NHKJIMIN_08081	gene	294				
NHKJIMIN_08081	CDS	294				hypothetical protein
NHKJIMIN_08082	gene	255				
NHKJIMIN_08082	CDS	255				hypothetical protein
NHKJIMIN_08083	gene	165				
NHKJIMIN_08083	CDS	165				hypothetical protein
NHKJIMIN_08084	gene	618	apbE			
NHKJIMIN_08084	CDS	618	apbE	2.7.1.180	COG1477	FAD:protein FMN transferase
NHKJIMIN_08085	gene	96				
NHKJIMIN_08085	CDS	96				hypothetical protein
NHKJIMIN_08086	gene	255				
NHKJIMIN_08086	CDS	255				hypothetical protein
NHKJIMIN_08087	gene	210				
NHKJIMIN_08087	CDS	210				hypothetical protein
NHKJIMIN_08088	gene	351				
NHKJIMIN_08088	CDS	351				hypothetical protein
NHKJIMIN_08089	gene	309				
NHKJIMIN_08089	CDS	309				hypothetical protein
NHKJIMIN_08090	gene	318				
NHKJIMIN_08090	CDS	318				hypothetical protein
NHKJIMIN_08091	gene	76				
NHKJIMIN_08091	tRNA	76				tRNA-Pro(tgg)
NHKJIMIN_08092	gene	80				
NHKJIMIN_08092	tRNA	80				tRNA-Pro(tgg)
NHKJIMIN_08093	gene	147				
NHKJIMIN_08093	CDS	147				hypothetical protein
NHKJIMIN_08094	gene	816				
NHKJIMIN_08094	CDS	816				hypothetical protein
NHKJIMIN_08095	gene	189				
NHKJIMIN_08095	CDS	189				hypothetical protein
NHKJIMIN_08096	gene	468				
NHKJIMIN_08096	CDS	468				hypothetical protein
NHKJIMIN_08097	gene	1077				
NHKJIMIN_08097	CDS	1077				hypothetical protein
NHKJIMIN_08098	gene	96				
NHKJIMIN_08098	CDS	96				hypothetical protein
NHKJIMIN_08099	gene	948	norR_4			
NHKJIMIN_08099	CDS	948	norR_4			Anaerobic nitric oxide reductase transcription regulator NorR
NHKJIMIN_08100	gene	132				
NHKJIMIN_08100	CDS	132				hypothetical protein
NHKJIMIN_08101	gene	123				
NHKJIMIN_08101	CDS	123				hypothetical protein
NHKJIMIN_08102	gene	669				
NHKJIMIN_08102	CDS	669				hypothetical protein
NHKJIMIN_08103	gene	579				
NHKJIMIN_08103	CDS	579				hypothetical protein
NHKJIMIN_08104	gene	561				
NHKJIMIN_08104	CDS	561				hypothetical protein
NHKJIMIN_08105	gene	111				
NHKJIMIN_08105	CDS	111				hypothetical protein
NHKJIMIN_08106	gene	558				
NHKJIMIN_08106	CDS	558				hypothetical protein
NHKJIMIN_08107	gene	663				
NHKJIMIN_08107	CDS	663				hypothetical protein
NHKJIMIN_08108	gene	909				
NHKJIMIN_08108	CDS	909				hypothetical protein
NHKJIMIN_08109	gene	465				
NHKJIMIN_08109	CDS	465				hypothetical protein
NHKJIMIN_08110	gene	273				
NHKJIMIN_08110	CDS	273				hypothetical protein
NHKJIMIN_08111	gene	327				
NHKJIMIN_08111	CDS	327				hypothetical protein
NHKJIMIN_08112	gene	960				
NHKJIMIN_08112	CDS	960				hypothetical protein
NHKJIMIN_08113	gene	330				
NHKJIMIN_08113	CDS	330				hypothetical protein
NHKJIMIN_08114	gene	135				
NHKJIMIN_08114	CDS	135				hypothetical protein
NHKJIMIN_08115	gene	297				
NHKJIMIN_08115	CDS	297				hypothetical protein
NHKJIMIN_08116	gene	219				
NHKJIMIN_08116	CDS	219				hypothetical protein
NHKJIMIN_08117	gene	843				
NHKJIMIN_08117	CDS	843				hypothetical protein
NHKJIMIN_08118	gene	288				
NHKJIMIN_08118	CDS	288				hypothetical protein
NHKJIMIN_08119	gene	318				
NHKJIMIN_08119	CDS	318				hypothetical protein
NHKJIMIN_08120	gene	270				
NHKJIMIN_08120	CDS	270				hypothetical protein
NHKJIMIN_08121	gene	162				
NHKJIMIN_08121	CDS	162				hypothetical protein
NHKJIMIN_08122	gene	354				
NHKJIMIN_08122	CDS	354				hypothetical protein
NHKJIMIN_08123	gene	1185				
NHKJIMIN_08123	CDS	1185				hypothetical protein
NHKJIMIN_08124	gene	348				
NHKJIMIN_08124	CDS	348				hypothetical protein
NHKJIMIN_08125	gene	258				
NHKJIMIN_08125	CDS	258				hypothetical protein
NHKJIMIN_08126	gene	636				
NHKJIMIN_08126	CDS	636				hypothetical protein
NHKJIMIN_08127	gene	168				
NHKJIMIN_08127	CDS	168				hypothetical protein
NHKJIMIN_08128	gene	240				
NHKJIMIN_08128	CDS	240				hypothetical protein
NHKJIMIN_08129	gene	300				
NHKJIMIN_08129	CDS	300				hypothetical protein
NHKJIMIN_08130	gene	228				
NHKJIMIN_08130	CDS	228				hypothetical protein
NHKJIMIN_08131	gene	189				
NHKJIMIN_08131	CDS	189				hypothetical protein
NHKJIMIN_08132	gene	138				
NHKJIMIN_08132	CDS	138				hypothetical protein
NHKJIMIN_08133	gene	288				
NHKJIMIN_08133	CDS	288				hypothetical protein
NHKJIMIN_08134	gene	573				
NHKJIMIN_08134	CDS	573				hypothetical protein
NHKJIMIN_08135	gene	486				
NHKJIMIN_08135	CDS	486				hypothetical protein
NHKJIMIN_08136	gene	111				
NHKJIMIN_08136	CDS	111				hypothetical protein
NHKJIMIN_08137	gene	234				
NHKJIMIN_08137	CDS	234				hypothetical protein
NHKJIMIN_08138	gene	282	yknY_6			
NHKJIMIN_08138	CDS	282	yknY_6	7.6.2.-	COG1136	putative ABC transporter ATP-binding protein YknY
NHKJIMIN_08139	gene	129				
NHKJIMIN_08139	CDS	129				hypothetical protein
NHKJIMIN_08140	gene	96				
NHKJIMIN_08140	CDS	96				hypothetical protein
NHKJIMIN_08141	gene	393				
NHKJIMIN_08141	CDS	393				hypothetical protein
NHKJIMIN_08142	gene	441				
NHKJIMIN_08142	CDS	441				hypothetical protein
NHKJIMIN_08143	gene	270				
NHKJIMIN_08143	CDS	270				hypothetical protein
NHKJIMIN_08144	gene	369				
NHKJIMIN_08144	CDS	369				hypothetical protein
NHKJIMIN_08145	gene	333				
NHKJIMIN_08145	CDS	333				hypothetical protein
NHKJIMIN_08146	gene	297				
NHKJIMIN_08146	CDS	297				hypothetical protein
NHKJIMIN_08147	gene	684	spt			
NHKJIMIN_08147	CDS	684	spt	2.3.1.50	COG0156	Serine palmitoyltransferase
NHKJIMIN_08148	gene	444	bioF_2			
NHKJIMIN_08148	CDS	444	bioF_2	2.3.1.47		8-amino-7-oxononanoate synthase
NHKJIMIN_08149	gene	438	yegS_2			
NHKJIMIN_08149	CDS	438	yegS_2	2.7.1.-		lipid kinase YegS
NHKJIMIN_08150	gene	429	yegS_3			
NHKJIMIN_08150	CDS	429	yegS_3	2.7.1.-		lipid kinase YegS
NHKJIMIN_08151	gene	489	aspS_1			
NHKJIMIN_08151	CDS	489	aspS_1	6.1.1.23		Aspartate--tRNA(Asp/Asn) ligase
NHKJIMIN_08152	gene	312	aspS1			
NHKJIMIN_08152	CDS	312	aspS1	6.1.1.12	COG0173	Aspartate--tRNA(Asp) ligase
NHKJIMIN_08153	gene	417	aspS_2			
NHKJIMIN_08153	CDS	417	aspS_2	6.1.1.23		Aspartate--tRNA(Asp/Asn) ligase
NHKJIMIN_08154	gene	93				
NHKJIMIN_08154	CDS	93				hypothetical protein
NHKJIMIN_08155	gene	339	aspS_3			
NHKJIMIN_08155	CDS	339	aspS_3	6.1.1.12		Aspartate--tRNA ligase
NHKJIMIN_08156	gene	153				
NHKJIMIN_08156	CDS	153				hypothetical protein
NHKJIMIN_08157	gene	303				
NHKJIMIN_08157	CDS	303				hypothetical protein
NHKJIMIN_08158	gene	306				
NHKJIMIN_08158	CDS	306				hypothetical protein
NHKJIMIN_08159	gene	207				
NHKJIMIN_08159	CDS	207				hypothetical protein
NHKJIMIN_08160	gene	93				
NHKJIMIN_08160	CDS	93				hypothetical protein
NHKJIMIN_08161	gene	360	aguA_1			
NHKJIMIN_08161	CDS	360	aguA_1	3.5.3.12		Agmatine deiminase
NHKJIMIN_08162	gene	369	aguA_2			
NHKJIMIN_08162	CDS	369	aguA_2	3.5.3.12		Agmatine deiminase
NHKJIMIN_08163	gene	327	aguA_3			
NHKJIMIN_08163	CDS	327	aguA_3	3.5.3.12		Agmatine deiminase
NHKJIMIN_08164	gene	144				
NHKJIMIN_08164	CDS	144				hypothetical protein
NHKJIMIN_08165	gene	273				
NHKJIMIN_08165	CDS	273				hypothetical protein
NHKJIMIN_08166	gene	261				
NHKJIMIN_08166	CDS	261				hypothetical protein
NHKJIMIN_08167	gene	255	yejF			
NHKJIMIN_08167	CDS	255	yejF		COG4172	putative ABC transporter ATP-binding protein YejF
NHKJIMIN_08168	gene	249				
NHKJIMIN_08168	CDS	249				hypothetical protein
NHKJIMIN_08169	gene	207				
NHKJIMIN_08169	CDS	207				hypothetical protein
NHKJIMIN_08170	gene	204				
NHKJIMIN_08170	CDS	204				hypothetical protein
NHKJIMIN_08171	gene	171				
NHKJIMIN_08171	CDS	171				hypothetical protein
NHKJIMIN_08172	gene	156				
NHKJIMIN_08172	CDS	156				hypothetical protein
NHKJIMIN_08173	gene	210				
NHKJIMIN_08173	CDS	210				GTP cyclohydrolase 1 type 2 
NHKJIMIN_08174	gene	252				
NHKJIMIN_08174	CDS	252			COG0327	GTP cyclohydrolase 1 type 2 
NHKJIMIN_08175	gene	240				
NHKJIMIN_08175	CDS	240				hypothetical protein
NHKJIMIN_08176	gene	426				
NHKJIMIN_08176	CDS	426				hypothetical protein
NHKJIMIN_08177	gene	288				
NHKJIMIN_08177	CDS	288				hypothetical protein
NHKJIMIN_08178	gene	336				
NHKJIMIN_08178	CDS	336				hypothetical protein
NHKJIMIN_08179	gene	237				
NHKJIMIN_08179	CDS	237				hypothetical protein
NHKJIMIN_08180	gene	603	srpC_1			
NHKJIMIN_08180	CDS	603	srpC_1			Solvent efflux pump outer membrane protein SrpC
NHKJIMIN_08181	gene	159				
NHKJIMIN_08181	CDS	159				hypothetical protein
NHKJIMIN_08182	gene	423	bepF_1			
NHKJIMIN_08182	CDS	423	bepF_1			Efflux pump periplasmic linker BepF
NHKJIMIN_08183	gene	714	bepE_7			
NHKJIMIN_08183	CDS	714	bepE_7			Efflux pump membrane transporter BepE
NHKJIMIN_08184	gene	726	bepE_8			
NHKJIMIN_08184	CDS	726	bepE_8			Efflux pump membrane transporter BepE
NHKJIMIN_08185	gene	294				
NHKJIMIN_08185	CDS	294				hypothetical protein
NHKJIMIN_08186	gene	465	bepE_9			
NHKJIMIN_08186	CDS	465	bepE_9			Efflux pump membrane transporter BepE
NHKJIMIN_08187	gene	222	bepG_2			
NHKJIMIN_08187	CDS	222	bepG_2			Efflux pump membrane transporter BepG
NHKJIMIN_08188	gene	573	mexB			
NHKJIMIN_08188	CDS	573	mexB			Multidrug resistance protein MexB
NHKJIMIN_08189	gene	165				
NHKJIMIN_08189	CDS	165				hypothetical protein
NHKJIMIN_08190	gene	279				
NHKJIMIN_08190	CDS	279				hypothetical protein
NHKJIMIN_08191	gene	171				
NHKJIMIN_08191	CDS	171				hypothetical protein
NHKJIMIN_08192	gene	132				
NHKJIMIN_08192	CDS	132				hypothetical protein
NHKJIMIN_08193	gene	546	amn			
NHKJIMIN_08193	CDS	546	amn	3.2.2.4	COG0775	AMP nucleosidase
NHKJIMIN_08194	gene	198				
NHKJIMIN_08194	CDS	198				hypothetical protein
NHKJIMIN_08195	gene	225				
NHKJIMIN_08195	CDS	225				hypothetical protein
NHKJIMIN_08196	gene	144				
NHKJIMIN_08196	CDS	144				hypothetical protein
NHKJIMIN_08197	gene	291				
NHKJIMIN_08197	CDS	291				hypothetical protein
NHKJIMIN_08198	gene	114				
NHKJIMIN_08198	CDS	114				hypothetical protein
NHKJIMIN_08199	gene	120				
NHKJIMIN_08199	CDS	120				hypothetical protein
NHKJIMIN_08200	gene	195				
NHKJIMIN_08200	CDS	195				hypothetical protein
NHKJIMIN_08201	gene	750	pyrK			
NHKJIMIN_08201	CDS	750	pyrK		COG0543	Dihydroorotate dehydrogenase B (NAD(+)), electron transfer subunit
NHKJIMIN_08202	gene	297	pyrD_1			
NHKJIMIN_08202	CDS	297	pyrD_1	1.3.1.14	COG0167	Dihydroorotate dehydrogenase B (NAD(+)), catalytic subunit
NHKJIMIN_08203	gene	387	pyrD_2			
NHKJIMIN_08203	CDS	387	pyrD_2	1.3.1.14	COG0167	Dihydroorotate dehydrogenase B (NAD(+)), catalytic subunit
NHKJIMIN_08204	gene	678	trmD			
NHKJIMIN_08204	CDS	678	trmD	2.1.1.228		tRNA (guanine-N(1)-)-methyltransferase
NHKJIMIN_08205	gene	450	ligA_1			
NHKJIMIN_08205	CDS	450	ligA_1	6.5.1.2	COG0272	DNA ligase
NHKJIMIN_08206	gene	384	ligA_2			
NHKJIMIN_08206	CDS	384	ligA_2	6.5.1.2		DNA ligase
NHKJIMIN_08207	gene	312	ligA_3			
NHKJIMIN_08207	CDS	312	ligA_3	6.5.1.2	COG0272	DNA ligase
NHKJIMIN_08208	gene	333	ligA_4			
NHKJIMIN_08208	CDS	333	ligA_4	6.5.1.2		DNA ligase
NHKJIMIN_08209	gene	303	ligA_5			
NHKJIMIN_08209	CDS	303	ligA_5	6.5.1.2		DNA ligase
NHKJIMIN_08210	gene	120				
NHKJIMIN_08210	CDS	120				hypothetical protein
NHKJIMIN_08211	gene	93				
NHKJIMIN_08211	CDS	93				hypothetical protein
NHKJIMIN_08212	gene	189	dapA_1			
NHKJIMIN_08212	CDS	189	dapA_1	4.3.3.7	COG0329	4-hydroxy-tetrahydrodipicolinate synthase
NHKJIMIN_08213	gene	231	dapA_2			
NHKJIMIN_08213	CDS	231	dapA_2	4.3.3.7	COG0329	4-hydroxy-tetrahydrodipicolinate synthase
NHKJIMIN_08214	gene	74				
NHKJIMIN_08214	tRNA	74				tRNA-Arg(acg)
NHKJIMIN_08215	gene	75				
NHKJIMIN_08215	tRNA	75				tRNA-Arg(acg)
NHKJIMIN_08216	gene	75				
NHKJIMIN_08216	tRNA	75				tRNA-Arg(acg)
NHKJIMIN_08217	gene	225				
NHKJIMIN_08217	CDS	225				hypothetical protein
NHKJIMIN_08218	gene	225				
NHKJIMIN_08218	CDS	225				hypothetical protein
NHKJIMIN_08219	gene	180				
NHKJIMIN_08219	CDS	180				hypothetical protein
NHKJIMIN_08220	gene	186				
NHKJIMIN_08220	CDS	186				hypothetical protein
NHKJIMIN_08221	gene	135				
NHKJIMIN_08221	CDS	135				hypothetical protein
NHKJIMIN_08222	gene	168				
NHKJIMIN_08222	CDS	168				hypothetical protein
NHKJIMIN_08223	gene	240				
NHKJIMIN_08223	CDS	240				hypothetical protein
NHKJIMIN_08224	gene	306				
NHKJIMIN_08224	CDS	306				hypothetical protein
NHKJIMIN_08225	gene	243				
NHKJIMIN_08225	CDS	243				hypothetical protein
NHKJIMIN_08226	gene	267				
NHKJIMIN_08226	CDS	267				hypothetical protein
NHKJIMIN_08227	gene	357	htpG_2			
NHKJIMIN_08227	CDS	357	htpG_2			Chaperone protein HtpG
NHKJIMIN_08228	gene	393	htpG_3			
NHKJIMIN_08228	CDS	393	htpG_3		COG0326	Chaperone protein HtpG
NHKJIMIN_08229	gene	288	htpG_4			
NHKJIMIN_08229	CDS	288	htpG_4		COG0326	Chaperone protein HtpG
NHKJIMIN_08230	gene	153				
NHKJIMIN_08230	CDS	153				hypothetical protein
NHKJIMIN_08231	gene	603	clpC_1			
NHKJIMIN_08231	CDS	603	clpC_1			ATP-dependent Clp protease ATP-binding subunit ClpC
NHKJIMIN_08232	gene	144	clpB_3			
NHKJIMIN_08232	CDS	144	clpB_3			Chaperone protein ClpB
NHKJIMIN_08233	gene	273	clpB_4			
NHKJIMIN_08233	CDS	273	clpB_4		COG0542	Chaperone protein ClpB
NHKJIMIN_08234	gene	102				
NHKJIMIN_08234	CDS	102				hypothetical protein
NHKJIMIN_08235	gene	246				
NHKJIMIN_08235	CDS	246				hypothetical protein
NHKJIMIN_08236	gene	327	clpC_2			
NHKJIMIN_08236	CDS	327	clpC_2			ATP-dependent Clp protease ATP-binding subunit ClpC
NHKJIMIN_08237	gene	690	clpC1			
NHKJIMIN_08237	CDS	690	clpC1		COG0542	ATP-dependent Clp protease ATP-binding subunit ClpC1
NHKJIMIN_08238	gene	180	gyrA_2			
NHKJIMIN_08238	CDS	180	gyrA_2	5.6.2.2	COG0188	DNA gyrase subunit A
NHKJIMIN_08239	gene	549	gyrA_3			
NHKJIMIN_08239	CDS	549	gyrA_3	5.6.2.2		DNA gyrase subunit A
NHKJIMIN_08240	gene	150	gyrA_4			
NHKJIMIN_08240	CDS	150	gyrA_4	5.6.2.2	COG0188	DNA gyrase subunit A
NHKJIMIN_08241	gene	237	gyrA_5			
NHKJIMIN_08241	CDS	237	gyrA_5	5.6.2.2		DNA gyrase subunit A
NHKJIMIN_08242	gene	99				
NHKJIMIN_08242	CDS	99				hypothetical protein
NHKJIMIN_08243	gene	402	gyrA_6			
NHKJIMIN_08243	CDS	402	gyrA_6	5.6.2.2	COG0188	DNA gyrase subunit A
NHKJIMIN_08244	gene	855	gyrA_7			
NHKJIMIN_08244	CDS	855	gyrA_7	5.6.2.2	COG0188	DNA gyrase subunit A
NHKJIMIN_08245	gene	393				
NHKJIMIN_08245	CDS	393				hypothetical protein
NHKJIMIN_08246	gene	333				
NHKJIMIN_08246	CDS	333				hypothetical protein
NHKJIMIN_08247	gene	456				
NHKJIMIN_08247	CDS	456				hypothetical protein
NHKJIMIN_08248	gene	234				
NHKJIMIN_08248	CDS	234				hypothetical protein
NHKJIMIN_08249	gene	237				
NHKJIMIN_08249	CDS	237				hypothetical protein
NHKJIMIN_08250	gene	207				
NHKJIMIN_08250	CDS	207				hypothetical protein
NHKJIMIN_08251	gene	402				
NHKJIMIN_08251	CDS	402				hypothetical protein
NHKJIMIN_08252	gene	495				
NHKJIMIN_08252	CDS	495				hypothetical protein
NHKJIMIN_08253	gene	162				
NHKJIMIN_08253	CDS	162				hypothetical protein
NHKJIMIN_08254	gene	237				
NHKJIMIN_08254	CDS	237				hypothetical protein
NHKJIMIN_08255	gene	321				
NHKJIMIN_08255	CDS	321				hypothetical protein
NHKJIMIN_08256	gene	291				
NHKJIMIN_08256	CDS	291				hypothetical protein
NHKJIMIN_08257	gene	243				
NHKJIMIN_08257	CDS	243				hypothetical protein
NHKJIMIN_08258	gene	135				
NHKJIMIN_08258	CDS	135				hypothetical protein
NHKJIMIN_08259	gene	279				
NHKJIMIN_08259	CDS	279				hypothetical protein
NHKJIMIN_08260	gene	360				
NHKJIMIN_08260	CDS	360				hypothetical protein
NHKJIMIN_08261	gene	393				
NHKJIMIN_08261	CDS	393				hypothetical protein
NHKJIMIN_08262	gene	222				
NHKJIMIN_08262	CDS	222				hypothetical protein
NHKJIMIN_08263	gene	165				
NHKJIMIN_08263	CDS	165				hypothetical protein
NHKJIMIN_08264	gene	432				
NHKJIMIN_08264	CDS	432				hypothetical protein
NHKJIMIN_08265	gene	627				
NHKJIMIN_08265	CDS	627				hypothetical protein
NHKJIMIN_08266	gene	477				
NHKJIMIN_08266	CDS	477				hypothetical protein
NHKJIMIN_08267	gene	426				
NHKJIMIN_08267	CDS	426			COG1721	putative protein
NHKJIMIN_08268	gene	390				
NHKJIMIN_08268	CDS	390				hypothetical protein
NHKJIMIN_08269	gene	243	moxR1_2			
NHKJIMIN_08269	CDS	243	moxR1_2		COG0714	Chaperone MoxR1
NHKJIMIN_08270	gene	540	moxR1_3			
NHKJIMIN_08270	CDS	540	moxR1_3		COG0714	Chaperone MoxR1
NHKJIMIN_08271	gene	219				
NHKJIMIN_08271	CDS	219				hypothetical protein
NHKJIMIN_08272	gene	213				
NHKJIMIN_08272	CDS	213				hypothetical protein
NHKJIMIN_08273	gene	192				
NHKJIMIN_08273	CDS	192				hypothetical protein
NHKJIMIN_08274	gene	180				
NHKJIMIN_08274	CDS	180				hypothetical protein
NHKJIMIN_08275	gene	189				
NHKJIMIN_08275	CDS	189				hypothetical protein
NHKJIMIN_08276	gene	207				
NHKJIMIN_08276	CDS	207				hypothetical protein
NHKJIMIN_08277	gene	168				
NHKJIMIN_08277	CDS	168				hypothetical protein
NHKJIMIN_08278	gene	171				
NHKJIMIN_08278	CDS	171				hypothetical protein
NHKJIMIN_08279	gene	198	rimO_1			
NHKJIMIN_08279	CDS	198	rimO_1	2.8.4.4		Ribosomal protein uS12 methylthiotransferase RimO
NHKJIMIN_08280	gene	387	rimO_2			
NHKJIMIN_08280	CDS	387	rimO_2	2.8.4.4	COG0621	Ribosomal protein uS12 methylthiotransferase RimO
NHKJIMIN_08281	gene	351	rimO_3			
NHKJIMIN_08281	CDS	351	rimO_3	2.8.4.4		Ribosomal protein uS12 methylthiotransferase RimO
NHKJIMIN_08282	gene	297	rimO_4			
NHKJIMIN_08282	CDS	297	rimO_4	2.8.4.4	COG0621	Ribosomal protein uS12 methylthiotransferase RimO
NHKJIMIN_08283	gene	93				
NHKJIMIN_08283	CDS	93				hypothetical protein
NHKJIMIN_08284	gene	501	ftsY_1			
NHKJIMIN_08284	CDS	501	ftsY_1	3.6.5.4	COG0552	Signal recognition particle receptor FtsY
NHKJIMIN_08285	gene	246	ftsY_2			
NHKJIMIN_08285	CDS	246	ftsY_2	3.6.5.4		Signal recognition particle receptor FtsY
NHKJIMIN_08286	gene	213				
NHKJIMIN_08286	CDS	213				hypothetical protein
NHKJIMIN_08287	gene	810	pncC			
NHKJIMIN_08287	CDS	810	pncC	3.5.1.42	COG1058	Nicotinamide-nucleotide amidohydrolase PncC
NHKJIMIN_08288	gene	297	cinA			
NHKJIMIN_08288	CDS	297	cinA		COG1058	Putative competence-damage inducible protein
NHKJIMIN_08289	gene	168				
NHKJIMIN_08289	CDS	168				hypothetical protein
NHKJIMIN_08290	gene	285	tsaD_1			
NHKJIMIN_08290	CDS	285	tsaD_1	2.3.1.234	COG0533	tRNA N6-adenosine threonylcarbamoyltransferase
NHKJIMIN_08291	gene	651	tsaD_2			
NHKJIMIN_08291	CDS	651	tsaD_2	2.3.1.234		tRNA N6-adenosine threonylcarbamoyltransferase
NHKJIMIN_08292	gene	405				
NHKJIMIN_08292	CDS	405				hypothetical protein
NHKJIMIN_08293	gene	597				
NHKJIMIN_08293	CDS	597				hypothetical protein
NHKJIMIN_08294	gene	996				
NHKJIMIN_08294	CDS	996				hypothetical protein
NHKJIMIN_08295	gene	1020				
NHKJIMIN_08295	CDS	1020				hypothetical protein
NHKJIMIN_08296	gene	1269				
NHKJIMIN_08296	CDS	1269				hypothetical protein
NHKJIMIN_08297	gene	282				
NHKJIMIN_08297	CDS	282				hypothetical protein
NHKJIMIN_08298	gene	174				
NHKJIMIN_08298	CDS	174				hypothetical protein
NHKJIMIN_08299	gene	780	proS_1			
NHKJIMIN_08299	CDS	780	proS_1	6.1.1.15	COG0442	Proline--tRNA ligase
NHKJIMIN_08300	gene	582	proS_2			
NHKJIMIN_08300	CDS	582	proS_2	6.1.1.15		Proline--tRNA ligase
NHKJIMIN_08301	gene	198				
NHKJIMIN_08301	CDS	198				hypothetical protein
NHKJIMIN_08302	gene	423				
NHKJIMIN_08302	CDS	423				hypothetical protein
NHKJIMIN_08303	gene	261				
NHKJIMIN_08303	CDS	261				hypothetical protein
NHKJIMIN_08304	gene	282				
NHKJIMIN_08304	CDS	282				hypothetical protein
NHKJIMIN_08305	gene	192				
NHKJIMIN_08305	CDS	192				hypothetical protein
NHKJIMIN_08306	gene	888	tri1_2			
NHKJIMIN_08306	CDS	888	tri1_2	3.4.21.-	COG0793	Tricorn protease 
NHKJIMIN_08307	gene	243				
NHKJIMIN_08307	CDS	243				hypothetical protein
NHKJIMIN_08308	gene	459	tri1_3			
NHKJIMIN_08308	CDS	459	tri1_3	3.4.21.-	COG0793	Tricorn protease 
NHKJIMIN_08309	gene	390				
NHKJIMIN_08309	CDS	390				hypothetical protein
NHKJIMIN_08310	gene	195				
NHKJIMIN_08310	CDS	195				hypothetical protein
NHKJIMIN_08311	gene	465	tolB_4			
NHKJIMIN_08311	CDS	465	tolB_4			Tol-Pal system protein TolB
NHKJIMIN_08312	gene	468				
NHKJIMIN_08312	CDS	468				hypothetical protein
NHKJIMIN_08313	gene	153	tolB_5			
NHKJIMIN_08313	CDS	153	tolB_5			Tol-Pal system protein TolB
NHKJIMIN_08314	gene	74				
NHKJIMIN_08314	tRNA	74				tRNA-Gly(ccc)
NHKJIMIN_08315	gene	618	cobP			
NHKJIMIN_08315	CDS	618	cobP	2.7.1.156		Bifunctional adenosylcobalamin biosynthesis protein CobP
NHKJIMIN_08316	gene	372	cobT_1			
NHKJIMIN_08316	CDS	372	cobT_1	2.4.2.21		Nicotinate-nucleotide--dimethylbenzimidazole phosphoribosyltransferase
NHKJIMIN_08317	gene	132				
NHKJIMIN_08317	CDS	132				hypothetical protein
NHKJIMIN_08318	gene	600	cobT_2			
NHKJIMIN_08318	CDS	600	cobT_2	2.4.2.21		Nicotinate-nucleotide--dimethylbenzimidazole phosphoribosyltransferase
NHKJIMIN_08319	gene	339	cobS_1			
NHKJIMIN_08319	CDS	339	cobS_1	2.7.8.26		Adenosylcobinamide-GDP ribazoletransferase
NHKJIMIN_08320	gene	399	cobS_2			
NHKJIMIN_08320	CDS	399	cobS_2	2.7.8.26		Adenosylcobinamide-GDP ribazoletransferase
NHKJIMIN_08321	gene	591				
NHKJIMIN_08321	CDS	591				hypothetical protein
NHKJIMIN_08322	gene	522	cobD_1			
NHKJIMIN_08322	CDS	522	cobD_1		COG1270	Cobalamin biosynthesis protein CobD
NHKJIMIN_08323	gene	318				
NHKJIMIN_08323	CDS	318				hypothetical protein
NHKJIMIN_08324	gene	225				
NHKJIMIN_08324	CDS	225				hypothetical protein
NHKJIMIN_08325	gene	651	cobD_2			
NHKJIMIN_08325	CDS	651	cobD_2	4.1.1.81		Threonine-phosphate decarboxylase
NHKJIMIN_08326	gene	285				
NHKJIMIN_08326	CDS	285				hypothetical protein
NHKJIMIN_08327	gene	816	cobQ_1			
NHKJIMIN_08327	CDS	816	cobQ_1			Cobyric acid synthase
NHKJIMIN_08328	gene	96				
NHKJIMIN_08328	CDS	96				hypothetical protein
NHKJIMIN_08329	gene	459	cobQ_2			
NHKJIMIN_08329	CDS	459	cobQ_2		COG1492	Cobyric acid synthase
NHKJIMIN_08330	gene	312				
NHKJIMIN_08330	CDS	312				hypothetical protein
NHKJIMIN_08331	gene	573				
NHKJIMIN_08331	CDS	573				hypothetical protein
NHKJIMIN_08332	gene	216				
NHKJIMIN_08332	CDS	216				hypothetical protein
NHKJIMIN_08333	gene	216				
NHKJIMIN_08333	CDS	216				hypothetical protein
NHKJIMIN_08334	gene	1350				
NHKJIMIN_08334	CDS	1350				hypothetical protein
NHKJIMIN_08335	gene	939	emrA_3			
NHKJIMIN_08335	CDS	939	emrA_3			Colistin resistance protein EmrA
NHKJIMIN_08336	gene	699				
NHKJIMIN_08336	CDS	699				hypothetical protein
NHKJIMIN_08337	gene	144				
NHKJIMIN_08337	CDS	144				hypothetical protein
NHKJIMIN_08338	gene	273				
NHKJIMIN_08338	CDS	273				hypothetical protein
NHKJIMIN_08339	gene	1098				
NHKJIMIN_08339	CDS	1098				hypothetical protein
NHKJIMIN_08340	gene	1155	rcsC_21			
NHKJIMIN_08340	CDS	1155	rcsC_21	2.7.13.3		Sensor histidine kinase RcsC
NHKJIMIN_08341	gene	678				
NHKJIMIN_08341	CDS	678				hypothetical protein
NHKJIMIN_08342	gene	531	yvqK			
NHKJIMIN_08342	CDS	531	yvqK	2.5.1.17	COG2096	Corrinoid adenosyltransferase
NHKJIMIN_08343	gene	348	cobB_2			
NHKJIMIN_08343	CDS	348	cobB_2	6.3.5.11		Hydrogenobyrinate a,c-diamide synthase
NHKJIMIN_08344	gene	348	cobB_3			
NHKJIMIN_08344	CDS	348	cobB_3	6.3.5.9	COG1797	Hydrogenobyrinate a,c-diamide synthase
NHKJIMIN_08345	gene	291	cobB_4			
NHKJIMIN_08345	CDS	291	cobB_4	6.3.5.11		Hydrogenobyrinate a,c-diamide synthase
NHKJIMIN_08346	gene	618				
NHKJIMIN_08346	CDS	618				hypothetical protein
NHKJIMIN_08347	gene	474				
NHKJIMIN_08347	CDS	474				hypothetical protein
NHKJIMIN_08348	gene	168				
NHKJIMIN_08348	CDS	168				hypothetical protein
NHKJIMIN_08349	gene	585				
NHKJIMIN_08349	CDS	585				hypothetical protein
NHKJIMIN_08350	gene	120				
NHKJIMIN_08350	CDS	120				hypothetical protein
NHKJIMIN_08351	gene	210				
NHKJIMIN_08351	CDS	210				hypothetical protein
NHKJIMIN_08352	gene	180				
NHKJIMIN_08352	CDS	180				hypothetical protein
NHKJIMIN_08353	gene	1413	cirA_2			
NHKJIMIN_08353	CDS	1413	cirA_2		COG4771	Colicin I receptor
NHKJIMIN_08354	gene	549				
NHKJIMIN_08354	CDS	549				hypothetical protein
NHKJIMIN_08355	gene	279				
NHKJIMIN_08355	CDS	279				hypothetical protein
NHKJIMIN_08356	gene	342				
NHKJIMIN_08356	CDS	342				hypothetical protein
NHKJIMIN_08357	gene	210				
NHKJIMIN_08357	CDS	210				hypothetical protein
NHKJIMIN_08358	gene	522	btuB_8			
NHKJIMIN_08358	CDS	522	btuB_8			Vitamin B12 transporter BtuB
NHKJIMIN_08359	gene	384				
NHKJIMIN_08359	CDS	384				hypothetical protein
NHKJIMIN_08360	gene	147				
NHKJIMIN_08360	CDS	147				hypothetical protein
NHKJIMIN_08361	gene	693				
NHKJIMIN_08361	CDS	693				hypothetical protein
NHKJIMIN_08362	gene	249				
NHKJIMIN_08362	CDS	249				hypothetical protein
NHKJIMIN_08363	gene	207				
NHKJIMIN_08363	CDS	207				hypothetical protein
NHKJIMIN_08364	gene	510				
NHKJIMIN_08364	CDS	510				hypothetical protein
NHKJIMIN_08365	gene	240				
NHKJIMIN_08365	CDS	240				hypothetical protein
NHKJIMIN_08366	gene	672				
NHKJIMIN_08366	CDS	672				hypothetical protein
NHKJIMIN_08367	gene	207				
NHKJIMIN_08367	CDS	207				hypothetical protein
NHKJIMIN_08368	gene	528				
NHKJIMIN_08368	CDS	528				hypothetical protein
NHKJIMIN_08369	gene	558	cbiC			
NHKJIMIN_08369	CDS	558	cbiC	5.4.99.60		Cobalt-precorrin-8 methylmutase
NHKJIMIN_08370	gene	219				
NHKJIMIN_08370	CDS	219				hypothetical protein
NHKJIMIN_08371	gene	879	cbiET			
NHKJIMIN_08371	CDS	879	cbiET			Cobalamin biosynthesis bifunctional protein CbiET
NHKJIMIN_08372	gene	315				
NHKJIMIN_08372	CDS	315				hypothetical protein
NHKJIMIN_08373	gene	282				
NHKJIMIN_08373	CDS	282				hypothetical protein
NHKJIMIN_08374	gene	729	cysG			
NHKJIMIN_08374	CDS	729	cysG	4.99.1.4		Siroheme synthase
NHKJIMIN_08375	gene	573				
NHKJIMIN_08375	CDS	573				hypothetical protein
NHKJIMIN_08376	gene	435	cbiD_1			
NHKJIMIN_08376	CDS	435	cbiD_1	2.1.1.195		Cobalt-precorrin-5B C(1)-methyltransferase
NHKJIMIN_08377	gene	354	cbiD_2			
NHKJIMIN_08377	CDS	354	cbiD_2	2.1.1.195		Cobalt-precorrin-5B C(1)-methyltransferase
NHKJIMIN_08378	gene	375				
NHKJIMIN_08378	CDS	375				hypothetical protein
NHKJIMIN_08379	gene	669				
NHKJIMIN_08379	CDS	669				hypothetical protein
NHKJIMIN_08380	gene	549				
NHKJIMIN_08380	CDS	549				hypothetical protein
NHKJIMIN_08381	gene	321				
NHKJIMIN_08381	CDS	321				hypothetical protein
NHKJIMIN_08382	gene	876				
NHKJIMIN_08382	CDS	876				hypothetical protein
NHKJIMIN_08383	gene	522				
NHKJIMIN_08383	CDS	522				hypothetical protein
NHKJIMIN_08384	gene	171				
NHKJIMIN_08384	CDS	171				hypothetical protein
NHKJIMIN_08385	gene	123				
NHKJIMIN_08385	CDS	123				hypothetical protein
NHKJIMIN_08386	gene	1047				
NHKJIMIN_08386	CDS	1047				hypothetical protein
NHKJIMIN_08387	gene	1263				
NHKJIMIN_08387	CDS	1263				hypothetical protein
NHKJIMIN_08388	gene	435				
NHKJIMIN_08388	CDS	435				hypothetical protein
NHKJIMIN_08389	gene	357				
NHKJIMIN_08389	CDS	357				hypothetical protein
NHKJIMIN_08390	gene	258				
NHKJIMIN_08390	CDS	258				hypothetical protein
NHKJIMIN_08391	gene	849				
NHKJIMIN_08391	CDS	849				hypothetical protein
NHKJIMIN_08392	gene	588				
NHKJIMIN_08392	CDS	588				hypothetical protein
NHKJIMIN_08393	gene	201				
NHKJIMIN_08393	CDS	201				hypothetical protein
NHKJIMIN_08394	gene	567				
NHKJIMIN_08394	CDS	567				hypothetical protein
NHKJIMIN_08395	gene	420				
NHKJIMIN_08395	CDS	420				hypothetical protein
NHKJIMIN_08396	gene	195				
NHKJIMIN_08396	CDS	195				hypothetical protein
NHKJIMIN_08397	gene	261				
NHKJIMIN_08397	CDS	261				hypothetical protein
NHKJIMIN_08398	gene	96				
NHKJIMIN_08398	CDS	96				hypothetical protein
NHKJIMIN_08399	gene	594				
NHKJIMIN_08399	CDS	594				hypothetical protein
NHKJIMIN_08400	gene	504				
NHKJIMIN_08400	CDS	504				hypothetical protein
NHKJIMIN_08401	gene	465				
NHKJIMIN_08401	CDS	465				hypothetical protein
NHKJIMIN_08402	gene	621				
NHKJIMIN_08402	CDS	621				hypothetical protein
NHKJIMIN_08403	gene	339				
NHKJIMIN_08403	CDS	339				hypothetical protein
NHKJIMIN_08404	gene	255				
NHKJIMIN_08404	CDS	255				hypothetical protein
NHKJIMIN_08405	gene	276				
NHKJIMIN_08405	CDS	276				hypothetical protein
NHKJIMIN_08406	gene	255				
NHKJIMIN_08406	CDS	255				hypothetical protein
NHKJIMIN_08407	gene	138				
NHKJIMIN_08407	CDS	138				hypothetical protein
NHKJIMIN_08408	gene	195				
NHKJIMIN_08408	CDS	195				hypothetical protein
NHKJIMIN_08409	gene	396				
NHKJIMIN_08409	CDS	396				hypothetical protein
NHKJIMIN_08410	gene	351				
NHKJIMIN_08410	CDS	351				hypothetical protein
NHKJIMIN_08411	gene	168				
NHKJIMIN_08411	CDS	168				hypothetical protein
NHKJIMIN_08412	gene	258				
NHKJIMIN_08412	CDS	258				hypothetical protein
NHKJIMIN_08413	gene	123				
NHKJIMIN_08413	CDS	123				hypothetical protein
NHKJIMIN_08414	gene	621				
NHKJIMIN_08414	CDS	621				hypothetical protein
NHKJIMIN_08415	gene	198				
NHKJIMIN_08415	CDS	198				hypothetical protein
NHKJIMIN_08416	gene	330				
NHKJIMIN_08416	CDS	330				hypothetical protein
NHKJIMIN_08417	gene	306				
NHKJIMIN_08417	CDS	306				hypothetical protein
NHKJIMIN_08418	gene	189				
NHKJIMIN_08418	CDS	189				hypothetical protein
NHKJIMIN_08419	gene	954				
NHKJIMIN_08419	CDS	954				hypothetical protein
NHKJIMIN_08420	gene	114				
NHKJIMIN_08420	CDS	114				hypothetical protein
NHKJIMIN_08421	gene	276				
NHKJIMIN_08421	CDS	276				hypothetical protein
NHKJIMIN_08422	gene	378				
NHKJIMIN_08422	CDS	378				hypothetical protein
NHKJIMIN_08423	gene	561				
NHKJIMIN_08423	CDS	561				hypothetical protein
NHKJIMIN_08424	gene	123				
NHKJIMIN_08424	CDS	123				hypothetical protein
NHKJIMIN_08425	gene	213				
NHKJIMIN_08425	CDS	213				hypothetical protein
NHKJIMIN_08426	gene	621				
NHKJIMIN_08426	CDS	621				hypothetical protein
NHKJIMIN_08427	gene	465				
NHKJIMIN_08427	CDS	465				hypothetical protein
NHKJIMIN_08428	gene	801	dnaB			
NHKJIMIN_08428	CDS	801	dnaB	5.6.2.3	COG0305	Replicative DNA helicase DnaB
NHKJIMIN_08429	gene	345				
NHKJIMIN_08429	CDS	345				hypothetical protein
NHKJIMIN_08430	gene	642				
NHKJIMIN_08430	CDS	642				hypothetical protein
NHKJIMIN_08431	gene	312				
NHKJIMIN_08431	CDS	312				hypothetical protein
NHKJIMIN_08432	gene	321				
NHKJIMIN_08432	CDS	321				hypothetical protein
NHKJIMIN_08433	gene	333				
NHKJIMIN_08433	CDS	333				hypothetical protein
NHKJIMIN_08434	gene	276				
NHKJIMIN_08434	CDS	276				hypothetical protein
NHKJIMIN_08435	gene	513				
NHKJIMIN_08435	CDS	513				hypothetical protein
NHKJIMIN_08436	gene	74				
NHKJIMIN_08436	tRNA	74				tRNA-Gly(gcc)
NHKJIMIN_08437	gene	83				
NHKJIMIN_08437	tRNA	83				tRNA-Leu(cag)
NHKJIMIN_08438	gene	74				
NHKJIMIN_08438	tRNA	74				tRNA-Gly(gcc)
NHKJIMIN_08439	gene	83				
NHKJIMIN_08439	tRNA	83				tRNA-Leu(cag)
NHKJIMIN_08440	gene	74				
NHKJIMIN_08440	tRNA	74				tRNA-Gly(gcc)
NHKJIMIN_08441	gene	378				
NHKJIMIN_08441	CDS	378		4.1.1.127	COG0019	Carboxyaminopropylagmatine decarboxylase
NHKJIMIN_08442	gene	597				
NHKJIMIN_08442	CDS	597				hypothetical protein
NHKJIMIN_08443	gene	213				
NHKJIMIN_08443	CDS	213				hypothetical protein
NHKJIMIN_08444	gene	444	rep_1			
NHKJIMIN_08444	CDS	444	rep_1	5.6.2.4		ATP-dependent DNA helicase Rep
NHKJIMIN_08445	gene	699	pcrA			
NHKJIMIN_08445	CDS	699	pcrA	5.6.2.4	COG0210	ATP-dependent DNA helicase PcrA
NHKJIMIN_08446	gene	903	rep_2			
NHKJIMIN_08446	CDS	903	rep_2	5.6.2.4		ATP-dependent DNA helicase Rep
NHKJIMIN_08447	gene	1059				
NHKJIMIN_08447	CDS	1059				hypothetical protein
NHKJIMIN_08448	gene	528	thiE_1			
NHKJIMIN_08448	CDS	528	thiE_1	2.5.1.3	COG0352	Thiamine-phosphate synthase
NHKJIMIN_08449	gene	558	thiG			
NHKJIMIN_08449	CDS	558	thiG	2.8.1.10	COG2022	Thiazole synthase
NHKJIMIN_08450	gene	210	thiC_1			
NHKJIMIN_08450	CDS	210	thiC_1	4.1.99.17	COG0422	Phosphomethylpyrimidine synthase
NHKJIMIN_08451	gene	582	thiC_2			
NHKJIMIN_08451	CDS	582	thiC_2	4.1.99.17	COG0422	Phosphomethylpyrimidine synthase
NHKJIMIN_08452	gene	381	thiC_3			
NHKJIMIN_08452	CDS	381	thiC_3	4.1.99.17	COG0422	Phosphomethylpyrimidine synthase
NHKJIMIN_08453	gene	294	thiC_4			
NHKJIMIN_08453	CDS	294	thiC_4	4.1.99.17		Phosphomethylpyrimidine synthase
NHKJIMIN_08454	gene	222				
NHKJIMIN_08454	CDS	222				hypothetical protein
NHKJIMIN_08455	gene	390				
NHKJIMIN_08455	CDS	390				hypothetical protein
NHKJIMIN_08456	gene	294				
NHKJIMIN_08456	CDS	294				hypothetical protein
NHKJIMIN_08457	gene	528	thiH_1			
NHKJIMIN_08457	CDS	528	thiH_1	4.1.99.19	COG0502	2-iminoacetate synthase
NHKJIMIN_08458	gene	348	thiH_2			
NHKJIMIN_08458	CDS	348	thiH_2	4.1.99.19	COG0502	2-iminoacetate synthase
NHKJIMIN_08459	gene	447	moeZ			
NHKJIMIN_08459	CDS	447	moeZ		COG0476	putative adenylyltransferase/sulfurtransferase MoeZ
NHKJIMIN_08460	gene	246				
NHKJIMIN_08460	CDS	246				hypothetical protein
NHKJIMIN_08461	gene	537	thiE_2			
NHKJIMIN_08461	CDS	537	thiE_2	2.5.1.3		Thiamine-phosphate synthase
NHKJIMIN_08462	gene	501				
NHKJIMIN_08462	CDS	501				hypothetical protein
NHKJIMIN_08463	gene	237				
NHKJIMIN_08463	CDS	237				hypothetical protein
NHKJIMIN_08464	gene	375				
NHKJIMIN_08464	CDS	375				hypothetical protein
NHKJIMIN_08465	gene	285	ppdK_1			
NHKJIMIN_08465	CDS	285	ppdK_1	2.7.9.1	COG0574	Pyruvate, phosphate dikinase
NHKJIMIN_08466	gene	228	ppdK_2			
NHKJIMIN_08466	CDS	228	ppdK_2	2.7.9.1	COG0574	Pyruvate, phosphate dikinase
NHKJIMIN_08467	gene	207	ppdK_3			
NHKJIMIN_08467	CDS	207	ppdK_3	2.7.9.1	COG0574	Pyruvate, phosphate dikinase
NHKJIMIN_08468	gene	642	ppdK_4			
NHKJIMIN_08468	CDS	642	ppdK_4	2.7.9.1	COG0574	Pyruvate, phosphate dikinase
NHKJIMIN_08469	gene	438	ppdK_5			
NHKJIMIN_08469	CDS	438	ppdK_5	2.7.9.1	COG0574	Pyruvate, phosphate dikinase
NHKJIMIN_08470	gene	132	ppdK_6			
NHKJIMIN_08470	CDS	132	ppdK_6	2.7.9.1	COG0574	Pyruvate, phosphate dikinase
NHKJIMIN_08471	gene	276				
NHKJIMIN_08471	CDS	276				hypothetical protein
NHKJIMIN_08472	gene	159				
NHKJIMIN_08472	CDS	159				hypothetical protein
NHKJIMIN_08473	gene	435				
NHKJIMIN_08473	CDS	435				hypothetical protein
NHKJIMIN_08474	gene	609	rlmCD_1			
NHKJIMIN_08474	CDS	609	rlmCD_1	2.1.1.189	COG2265	23S rRNA (uracil-C(5))-methyltransferase RlmCD
NHKJIMIN_08475	gene	195	rlmCD_2			
NHKJIMIN_08475	CDS	195	rlmCD_2	2.1.1.189	COG2265	23S rRNA (uracil-C(5))-methyltransferase RlmCD
NHKJIMIN_08476	gene	264				
NHKJIMIN_08476	CDS	264				hypothetical protein
NHKJIMIN_08477	gene	186				
NHKJIMIN_08477	CDS	186				hypothetical protein
NHKJIMIN_08478	gene	405				
NHKJIMIN_08478	CDS	405				hypothetical protein
NHKJIMIN_08479	gene	159				
NHKJIMIN_08479	CDS	159				hypothetical protein
NHKJIMIN_08480	gene	159				
NHKJIMIN_08480	CDS	159				hypothetical protein
NHKJIMIN_08481	gene	192				
NHKJIMIN_08481	CDS	192				hypothetical protein
	repeat_region	1630				
NHKJIMIN_08482	gene	129				
NHKJIMIN_08482	CDS	129				hypothetical protein
NHKJIMIN_08483	gene	120				
NHKJIMIN_08483	CDS	120				hypothetical protein
NHKJIMIN_08484	gene	174	cas1_1			
NHKJIMIN_08484	CDS	174	cas1_1	3.1.-.-		CRISPR-associated endonuclease Cas1
NHKJIMIN_08485	gene	204	cas1_2			
NHKJIMIN_08485	CDS	204	cas1_2	3.1.-.-	COG1518	CRISPR-associated endonuclease Cas1
NHKJIMIN_08486	gene	168				
NHKJIMIN_08486	CDS	168				hypothetical protein
NHKJIMIN_08487	gene	207				
NHKJIMIN_08487	CDS	207				hypothetical protein
NHKJIMIN_08488	gene	234				
NHKJIMIN_08488	CDS	234				hypothetical protein
NHKJIMIN_08489	gene	210				
NHKJIMIN_08489	CDS	210				hypothetical protein
NHKJIMIN_08490	gene	354				
NHKJIMIN_08490	CDS	354				hypothetical protein
NHKJIMIN_08491	gene	219				
NHKJIMIN_08491	CDS	219				hypothetical protein
NHKJIMIN_08492	gene	375				
NHKJIMIN_08492	CDS	375				hypothetical protein
NHKJIMIN_08493	gene	189				
NHKJIMIN_08493	CDS	189				hypothetical protein
NHKJIMIN_08494	gene	264				
NHKJIMIN_08494	CDS	264				hypothetical protein
NHKJIMIN_08495	gene	300				
NHKJIMIN_08495	CDS	300				hypothetical protein
NHKJIMIN_08496	gene	240				
NHKJIMIN_08496	CDS	240				hypothetical protein
NHKJIMIN_08497	gene	141				
NHKJIMIN_08497	CDS	141				hypothetical protein
NHKJIMIN_08498	gene	207				
NHKJIMIN_08498	CDS	207				hypothetical protein
NHKJIMIN_08499	gene	234	cas3			
NHKJIMIN_08499	CDS	234	cas3	3.1.-.-	COG1203	Putative CRISPR-associated nuclease/helicase Cas3
NHKJIMIN_08500	gene	351				
NHKJIMIN_08500	CDS	351				hypothetical protein
NHKJIMIN_08501	gene	174				
NHKJIMIN_08501	CDS	174				hypothetical protein
NHKJIMIN_08502	gene	357				
NHKJIMIN_08502	CDS	357				hypothetical protein
NHKJIMIN_08503	gene	330				
NHKJIMIN_08503	CDS	330				hypothetical protein
NHKJIMIN_08504	gene	138				
NHKJIMIN_08504	CDS	138				hypothetical protein
NHKJIMIN_08505	gene	270				
NHKJIMIN_08505	CDS	270				hypothetical protein
NHKJIMIN_08506	gene	186	map_4			
NHKJIMIN_08506	CDS	186	map_4	3.4.11.18	COG0024	Methionine aminopeptidase
NHKJIMIN_08507	gene	360	map_5			
NHKJIMIN_08507	CDS	360	map_5	3.4.11.18	COG0024	Methionine aminopeptidase
NHKJIMIN_08508	gene	393				
NHKJIMIN_08508	CDS	393				hypothetical protein
NHKJIMIN_08509	gene	297				
NHKJIMIN_08509	CDS	297				hypothetical protein
NHKJIMIN_08510	gene	342				
NHKJIMIN_08510	CDS	342				hypothetical protein
NHKJIMIN_08511	gene	156				
NHKJIMIN_08511	CDS	156				hypothetical protein
NHKJIMIN_08512	gene	543				
NHKJIMIN_08512	CDS	543				hypothetical protein
NHKJIMIN_08513	gene	426	nhaA_1			
NHKJIMIN_08513	CDS	426	nhaA_1			Na(+)/H(+) antiporter NhaA
NHKJIMIN_08514	gene	171	nhaA_2			
NHKJIMIN_08514	CDS	171	nhaA_2			Na(+)/H(+) antiporter NhaA
NHKJIMIN_08515	gene	144				
NHKJIMIN_08515	CDS	144				hypothetical protein
NHKJIMIN_08516	gene	345	nhaA_3			
NHKJIMIN_08516	CDS	345	nhaA_3			Na(+)/H(+) antiporter NhaA
NHKJIMIN_08517	gene	297				
NHKJIMIN_08517	CDS	297				hypothetical protein
NHKJIMIN_08518	gene	525				
NHKJIMIN_08518	CDS	525				hypothetical protein
NHKJIMIN_08519	gene	300				
NHKJIMIN_08519	CDS	300				hypothetical protein
NHKJIMIN_08520	gene	135				
NHKJIMIN_08520	CDS	135				hypothetical protein
NHKJIMIN_08521	gene	741	lepA_1			
NHKJIMIN_08521	CDS	741	lepA_1	3.6.5.-	COG0481	Elongation factor 4
NHKJIMIN_08522	gene	270	lepA_2			
NHKJIMIN_08522	CDS	270	lepA_2			Elongation factor 4
NHKJIMIN_08523	gene	138				
NHKJIMIN_08523	CDS	138				hypothetical protein
NHKJIMIN_08524	gene	588	lepA_3			
NHKJIMIN_08524	CDS	588	lepA_3	3.6.5.-	COG0481	Elongation factor 4
NHKJIMIN_08525	gene	105				
NHKJIMIN_08525	CDS	105				hypothetical protein
NHKJIMIN_08526	gene	297				
NHKJIMIN_08526	CDS	297				hypothetical protein
NHKJIMIN_08527	gene	420				
NHKJIMIN_08527	CDS	420				hypothetical protein
NHKJIMIN_08528	gene	99				
NHKJIMIN_08528	CDS	99				hypothetical protein
NHKJIMIN_08529	gene	669	exoA			
NHKJIMIN_08529	CDS	669	exoA	3.1.11.2	COG0708	Exodeoxyribonuclease
NHKJIMIN_08530	gene	174				
NHKJIMIN_08530	CDS	174				hypothetical protein
NHKJIMIN_08531	gene	435				
NHKJIMIN_08531	CDS	435				hypothetical protein
NHKJIMIN_08532	gene	438	mntH			
NHKJIMIN_08532	CDS	438	mntH			Divalent metal cation transporter MntH
NHKJIMIN_08533	gene	393				
NHKJIMIN_08533	CDS	393				hypothetical protein
NHKJIMIN_08534	gene	618				
NHKJIMIN_08534	CDS	618				hypothetical protein
NHKJIMIN_08535	gene	303				
NHKJIMIN_08535	CDS	303				IS1182 family transposase ISMsp1
NHKJIMIN_08536	gene	192				
NHKJIMIN_08536	CDS	192				hypothetical protein
NHKJIMIN_08537	gene	420				
NHKJIMIN_08537	CDS	420				hypothetical protein
NHKJIMIN_08538	gene	102				
NHKJIMIN_08538	CDS	102				hypothetical protein
NHKJIMIN_08539	gene	738				
NHKJIMIN_08539	CDS	738			COG0217	putative transcriptional regulatory protein
NHKJIMIN_08540	gene	258	pheT_1			
NHKJIMIN_08540	CDS	258	pheT_1	6.1.1.20	COG0072	Phenylalanine--tRNA ligase beta subunit
NHKJIMIN_08541	gene	1854	pheT_2			
NHKJIMIN_08541	CDS	1854	pheT_2	6.1.1.20	COG0072	Phenylalanine--tRNA ligase beta subunit
NHKJIMIN_08542	gene	414	pheT_3			
NHKJIMIN_08542	CDS	414	pheT_3	6.1.1.20		Phenylalanine--tRNA ligase beta subunit
NHKJIMIN_08543	gene	345				
NHKJIMIN_08543	CDS	345				hypothetical protein
NHKJIMIN_08544	gene	249				
NHKJIMIN_08544	CDS	249				hypothetical protein
NHKJIMIN_08545	gene	411				
NHKJIMIN_08545	CDS	411				hypothetical protein
NHKJIMIN_08546	gene	156				
NHKJIMIN_08546	CDS	156				hypothetical protein
NHKJIMIN_08547	gene	231				
NHKJIMIN_08547	CDS	231				hypothetical protein
NHKJIMIN_08548	gene	135				
NHKJIMIN_08548	CDS	135				hypothetical protein
NHKJIMIN_08549	gene	186				
NHKJIMIN_08549	CDS	186				hypothetical protein
NHKJIMIN_08550	gene	360				
NHKJIMIN_08550	CDS	360				hypothetical protein
NHKJIMIN_08551	gene	123				
NHKJIMIN_08551	CDS	123				hypothetical protein
NHKJIMIN_08552	gene	195				
NHKJIMIN_08552	CDS	195				hypothetical protein
NHKJIMIN_08553	gene	255	wfgD			
NHKJIMIN_08553	CDS	255	wfgD	2.4.1.305		UDP-Glc:alpha-D-GlcNAc-diphosphoundecaprenol beta-1,3-glucosyltransferase WfgD
NHKJIMIN_08554	gene	165				
NHKJIMIN_08554	CDS	165				hypothetical protein
NHKJIMIN_08555	gene	168				
NHKJIMIN_08555	CDS	168				hypothetical protein
NHKJIMIN_08556	gene	309				
NHKJIMIN_08556	CDS	309				hypothetical protein
NHKJIMIN_08557	gene	213	epsJ_3			
NHKJIMIN_08557	CDS	213	epsJ_3	2.4.-.-	COG1216	putative glycosyltransferase EpsJ
NHKJIMIN_08558	gene	255				
NHKJIMIN_08558	CDS	255				hypothetical protein
NHKJIMIN_08559	gene	279				
NHKJIMIN_08559	CDS	279				hypothetical protein
NHKJIMIN_08560	gene	285				
NHKJIMIN_08560	CDS	285				hypothetical protein
NHKJIMIN_08561	gene	636				
NHKJIMIN_08561	CDS	636				hypothetical protein
NHKJIMIN_08562	gene	159				
NHKJIMIN_08562	CDS	159				hypothetical protein
NHKJIMIN_08563	gene	393				
NHKJIMIN_08563	CDS	393				hypothetical protein
NHKJIMIN_08564	gene	360	ilvB_2			
NHKJIMIN_08564	CDS	360	ilvB_2	2.2.1.6	COG0028	Acetolactate synthase large subunit
NHKJIMIN_08565	gene	201				
NHKJIMIN_08565	CDS	201				hypothetical protein
NHKJIMIN_08566	gene	441				
NHKJIMIN_08566	CDS	441				hypothetical protein
NHKJIMIN_08567	gene	237				
NHKJIMIN_08567	CDS	237				hypothetical protein
NHKJIMIN_08568	gene	639	hldD			
NHKJIMIN_08568	CDS	639	hldD	5.1.3.20		ADP-L-glycero-D-manno-heptose-6-epimerase
NHKJIMIN_08569	gene	195				
NHKJIMIN_08569	CDS	195				hypothetical protein
NHKJIMIN_08570	gene	219				
NHKJIMIN_08570	CDS	219				hypothetical protein
NHKJIMIN_08571	gene	282	rfbG_2			
NHKJIMIN_08571	CDS	282	rfbG_2	4.2.1.45		CDP-glucose 4,6-dehydratase
NHKJIMIN_08572	gene	282				
NHKJIMIN_08572	CDS	282				hypothetical protein
NHKJIMIN_08573	gene	297	rfbG_3			
NHKJIMIN_08573	CDS	297	rfbG_3	4.2.1.45		CDP-glucose 4,6-dehydratase
NHKJIMIN_08574	gene	261				
NHKJIMIN_08574	CDS	261				hypothetical protein
NHKJIMIN_08575	gene	219				
NHKJIMIN_08575	CDS	219				hypothetical protein
NHKJIMIN_08576	gene	306	rfbF			
NHKJIMIN_08576	CDS	306	rfbF	2.7.7.33	COG1208	Glucose-1-phosphate cytidylyltransferase
NHKJIMIN_08577	gene	162				
NHKJIMIN_08577	CDS	162				hypothetical protein
NHKJIMIN_08578	gene	984	spnQ_2			
NHKJIMIN_08578	CDS	984	spnQ_2	4.2.1.164		dTDP-4-dehydro-2,6-dideoxy-D-glucose 3-dehydratase
NHKJIMIN_08579	gene	252				
NHKJIMIN_08579	CDS	252				hypothetical protein
NHKJIMIN_08580	gene	456	rfbC_3			
NHKJIMIN_08580	CDS	456	rfbC_3	5.1.3.13	COG1898	dTDP-4-dehydrorhamnose 3,5-epimerase
NHKJIMIN_08581	gene	138				
NHKJIMIN_08581	CDS	138				hypothetical protein
NHKJIMIN_08582	gene	639	rffH_6			
NHKJIMIN_08582	CDS	639	rffH_6	2.7.7.24	COG1209	Glucose-1-phosphate thymidylyltransferase 2
NHKJIMIN_08583	gene	153				
NHKJIMIN_08583	CDS	153				hypothetical protein
NHKJIMIN_08584	gene	213				
NHKJIMIN_08584	CDS	213				hypothetical protein
NHKJIMIN_08585	gene	135				
NHKJIMIN_08585	CDS	135				hypothetical protein
NHKJIMIN_08586	gene	165				
NHKJIMIN_08586	CDS	165				hypothetical protein
NHKJIMIN_08587	gene	129				
NHKJIMIN_08587	CDS	129				hypothetical protein
NHKJIMIN_08588	gene	249				
NHKJIMIN_08588	CDS	249				hypothetical protein
NHKJIMIN_08589	gene	366	fkp_1			
NHKJIMIN_08589	CDS	366	fkp_1			L-fucokinase/L-fucose-1-P guanylyltransferase
NHKJIMIN_08590	gene	384	fkp_2			
NHKJIMIN_08590	CDS	384	fkp_2			L-fucokinase/L-fucose-1-P guanylyltransferase
NHKJIMIN_08591	gene	588				
NHKJIMIN_08591	CDS	588				hypothetical protein
NHKJIMIN_08592	gene	432	fkp_3			
NHKJIMIN_08592	CDS	432	fkp_3			L-fucokinase/L-fucose-1-P guanylyltransferase
NHKJIMIN_08593	gene	228	fkp_4			
NHKJIMIN_08593	CDS	228	fkp_4			L-fucokinase/L-fucose-1-P guanylyltransferase
NHKJIMIN_08594	gene	276				
NHKJIMIN_08594	CDS	276				hypothetical protein
NHKJIMIN_08595	gene	279				
NHKJIMIN_08595	CDS	279				hypothetical protein
NHKJIMIN_08596	gene	717				
NHKJIMIN_08596	CDS	717				hypothetical protein
NHKJIMIN_08597	gene	150				
NHKJIMIN_08597	CDS	150				hypothetical protein
NHKJIMIN_08598	gene	723	dnaC			
NHKJIMIN_08598	CDS	723	dnaC	5.6.2.3	COG0305	Replicative DNA helicase DnaC
NHKJIMIN_08599	gene	255	ispE_1			
NHKJIMIN_08599	CDS	255	ispE_1	2.7.1.148		Putative 4-diphosphocytidyl-2-C-methyl-D-erythritol kinase
NHKJIMIN_08600	gene	294	ispE_2			
NHKJIMIN_08600	CDS	294	ispE_2	2.7.1.148	COG1947	4-diphosphocytidyl-2-C-methyl-D-erythritol kinase
NHKJIMIN_08601	gene	201	ispE_3			
NHKJIMIN_08601	CDS	201	ispE_3	2.7.1.148		Putative 4-diphosphocytidyl-2-C-methyl-D-erythritol kinase
NHKJIMIN_08602	gene	261				
NHKJIMIN_08602	CDS	261				hypothetical protein
NHKJIMIN_08603	gene	213				
NHKJIMIN_08603	CDS	213				hypothetical protein
NHKJIMIN_08604	gene	258				
NHKJIMIN_08604	CDS	258				hypothetical protein
NHKJIMIN_08605	gene	306				
NHKJIMIN_08605	CDS	306				hypothetical protein
NHKJIMIN_08606	gene	480				
NHKJIMIN_08606	CDS	480				hypothetical protein
NHKJIMIN_08607	gene	189				
NHKJIMIN_08607	CDS	189				hypothetical protein
NHKJIMIN_08608	gene	123				
NHKJIMIN_08608	CDS	123				hypothetical protein
NHKJIMIN_08609	gene	210				
NHKJIMIN_08609	CDS	210				hypothetical protein
NHKJIMIN_08610	gene	579	galE			
NHKJIMIN_08610	CDS	579	galE	5.1.3.2	COG1087	UDP-glucose 4-epimerase
NHKJIMIN_08611	gene	267				
NHKJIMIN_08611	CDS	267				hypothetical protein
NHKJIMIN_08612	gene	465	rnfA			
NHKJIMIN_08612	CDS	465	rnfA	7.2.1.2	COG4657	Na(+)-translocating ferredoxin:NAD(+) oxidoreductase complex subunit A
NHKJIMIN_08613	gene	273	rnfE_1			
NHKJIMIN_08613	CDS	273	rnfE_1	7.-.-.-	COG4660	Ion-translocating oxidoreductase complex subunit E
NHKJIMIN_08614	gene	237	rnfE_2			
NHKJIMIN_08614	CDS	237	rnfE_2	7.2.1.2	COG4660	Na(+)-translocating ferredoxin:NAD(+) oxidoreductase complex subunit E
NHKJIMIN_08615	gene	225	rsxG_1			
NHKJIMIN_08615	CDS	225	rsxG_1	7.-.-.-		Ion-translocating oxidoreductase complex subunit G
NHKJIMIN_08616	gene	156	rsxG_2			
NHKJIMIN_08616	CDS	156	rsxG_2	7.-.-.-		Ion-translocating oxidoreductase complex subunit G
NHKJIMIN_08617	gene	120				
NHKJIMIN_08617	CDS	120				hypothetical protein
NHKJIMIN_08618	gene	105				
NHKJIMIN_08618	CDS	105				hypothetical protein
NHKJIMIN_08619	gene	291	rnfD_1			
NHKJIMIN_08619	CDS	291	rnfD_1	7.2.1.2	COG4658	Na(+)-translocating ferredoxin:NAD(+) oxidoreductase complex subunit D
NHKJIMIN_08620	gene	489	rnfD_2			
NHKJIMIN_08620	CDS	489	rnfD_2	7.2.1.2	COG4658	Na(+)-translocating ferredoxin:NAD(+) oxidoreductase complex subunit D
NHKJIMIN_08621	gene	306	rnfD_3			
NHKJIMIN_08621	CDS	306	rnfD_3	7.1.1.-	COG4658	Proton-translocating ferredoxin:NAD(+) oxidoreductase complex subunit D
NHKJIMIN_08622	gene	948	rnfC_1			
NHKJIMIN_08622	CDS	948	rnfC_1	7.1.1.-	COG4656	Proton-translocating ferredoxin:NAD(+) oxidoreductase complex subunit C
NHKJIMIN_08623	gene	297	rnfC_2			
NHKJIMIN_08623	CDS	297	rnfC_2	7.1.1.-	COG4656	Proton-translocating ferredoxin:NAD(+) oxidoreductase complex subunit C
NHKJIMIN_08624	gene	645	rnfB			
NHKJIMIN_08624	CDS	645	rnfB	7.2.1.2	COG1245	Na(+)-translocating ferredoxin:NAD(+) oxidoreductase complex subunit B
NHKJIMIN_08625	gene	402				
NHKJIMIN_08625	CDS	402				hypothetical protein
NHKJIMIN_08626	gene	207				
NHKJIMIN_08626	CDS	207				hypothetical protein
NHKJIMIN_08627	gene	132				
NHKJIMIN_08627	CDS	132				hypothetical protein
NHKJIMIN_08628	gene	273				
NHKJIMIN_08628	CDS	273				hypothetical protein
NHKJIMIN_08629	gene	555				
NHKJIMIN_08629	CDS	555				hypothetical protein
NHKJIMIN_08630	gene	450				
NHKJIMIN_08630	CDS	450				hypothetical protein
NHKJIMIN_08631	gene	420	pyrG_1			
NHKJIMIN_08631	CDS	420	pyrG_1	6.3.4.2	COG0504	CTP synthase
NHKJIMIN_08632	gene	657	pyrG_2			
NHKJIMIN_08632	CDS	657	pyrG_2	6.3.4.2	COG0504	CTP synthase
NHKJIMIN_08633	gene	447	pyrG_3			
NHKJIMIN_08633	CDS	447	pyrG_3	6.3.4.2		CTP synthase
NHKJIMIN_08634	gene	555	yidC_1			
NHKJIMIN_08634	CDS	555	yidC_1			Membrane protein insertase YidC
NHKJIMIN_08635	gene	816	yidC_2			
NHKJIMIN_08635	CDS	816	yidC_2			Membrane protein insertase YidC
NHKJIMIN_08636	gene	219				
NHKJIMIN_08636	CDS	219				hypothetical protein
NHKJIMIN_08637	gene	282				
NHKJIMIN_08637	CDS	282				hypothetical protein
NHKJIMIN_08638	gene	240				
NHKJIMIN_08638	CDS	240				hypothetical protein
NHKJIMIN_08639	gene	207				
NHKJIMIN_08639	CDS	207				hypothetical protein
NHKJIMIN_08640	gene	372				
NHKJIMIN_08640	CDS	372				hypothetical protein
NHKJIMIN_08641	gene	1557	dpp5_1			
NHKJIMIN_08641	CDS	1557	dpp5_1	3.4.14.-	COG0823	Dipeptidyl-peptidase 5
NHKJIMIN_08642	gene	576	dpp5_2			
NHKJIMIN_08642	CDS	576	dpp5_2	3.4.14.-	COG0823	Dipeptidyl-peptidase 5
NHKJIMIN_08643	gene	207				
NHKJIMIN_08643	CDS	207				hypothetical protein
NHKJIMIN_08644	gene	309				
NHKJIMIN_08644	CDS	309				hypothetical protein
NHKJIMIN_08645	gene	378				
NHKJIMIN_08645	CDS	378				IS1182 family transposase ISBf4
NHKJIMIN_08646	gene	165				
NHKJIMIN_08646	CDS	165				hypothetical protein
NHKJIMIN_08647	gene	693				
NHKJIMIN_08647	CDS	693				IS1182 family transposase ISBf5
NHKJIMIN_08648	gene	486				
NHKJIMIN_08648	CDS	486			COG2220	putative protein
NHKJIMIN_08649	gene	144				
NHKJIMIN_08649	CDS	144				hypothetical protein
NHKJIMIN_08650	gene	183				
NHKJIMIN_08650	CDS	183				hypothetical protein
NHKJIMIN_08651	gene	348				
NHKJIMIN_08651	CDS	348				hypothetical protein
NHKJIMIN_08652	gene	339				
NHKJIMIN_08652	CDS	339				hypothetical protein
NHKJIMIN_08653	gene	186				
NHKJIMIN_08653	CDS	186				hypothetical protein
NHKJIMIN_08654	gene	237				
NHKJIMIN_08654	CDS	237				hypothetical protein
NHKJIMIN_08655	gene	177				
NHKJIMIN_08655	CDS	177				hypothetical protein
NHKJIMIN_08656	gene	234				
NHKJIMIN_08656	CDS	234				hypothetical protein
NHKJIMIN_08657	gene	399				
NHKJIMIN_08657	CDS	399				hypothetical protein
NHKJIMIN_08658	gene	375				
NHKJIMIN_08658	CDS	375				hypothetical protein
NHKJIMIN_08659	gene	336				
NHKJIMIN_08659	CDS	336				hypothetical protein
NHKJIMIN_08660	gene	141				
NHKJIMIN_08660	CDS	141				hypothetical protein
NHKJIMIN_08661	gene	312	rimI			
NHKJIMIN_08661	CDS	312	rimI	2.3.1.266		[Ribosomal protein bS18]-alanine N-acetyltransferase
NHKJIMIN_08662	gene	390	dtpA_1			
NHKJIMIN_08662	CDS	390	dtpA_1			Dipeptide and tripeptide permease A
NHKJIMIN_08663	gene	213				
NHKJIMIN_08663	CDS	213				hypothetical protein
NHKJIMIN_08664	gene	207				
NHKJIMIN_08664	CDS	207				hypothetical protein
NHKJIMIN_08665	gene	501				
NHKJIMIN_08665	CDS	501				hypothetical protein
NHKJIMIN_08666	gene	369	dtpA_2			
NHKJIMIN_08666	CDS	369	dtpA_2			Dipeptide and tripeptide permease A
NHKJIMIN_08667	gene	327	ybaK			
NHKJIMIN_08667	CDS	327	ybaK	4.2.-.-	COG2606	Cys-tRNA(Pro)/Cys-tRNA(Cys) deacylase YbaK
NHKJIMIN_08668	gene	147				
NHKJIMIN_08668	CDS	147				hypothetical protein
NHKJIMIN_08669	gene	549	uvrA_1			
NHKJIMIN_08669	CDS	549	uvrA_1			UvrABC system protein A
NHKJIMIN_08670	gene	657	uvrA_2			
NHKJIMIN_08670	CDS	657	uvrA_2			UvrABC system protein A
NHKJIMIN_08671	gene	501	uvrA_3			
NHKJIMIN_08671	CDS	501	uvrA_3		COG0178	UvrABC system protein A
NHKJIMIN_08672	gene	174				
NHKJIMIN_08672	CDS	174				hypothetical protein
NHKJIMIN_08673	gene	306	uvrA_4			
NHKJIMIN_08673	CDS	306	uvrA_4		COG0178	UvrABC system protein A
NHKJIMIN_08674	gene	546	uvrA_5			
NHKJIMIN_08674	CDS	546	uvrA_5		COG0178	UvrABC system protein A
NHKJIMIN_08675	gene	768				
NHKJIMIN_08675	CDS	768				hypothetical protein
NHKJIMIN_08676	gene	129				
NHKJIMIN_08676	CDS	129				hypothetical protein
NHKJIMIN_08677	gene	402				
NHKJIMIN_08677	CDS	402				hypothetical protein
NHKJIMIN_08678	gene	132				
NHKJIMIN_08678	CDS	132				hypothetical protein
NHKJIMIN_08679	gene	582				
NHKJIMIN_08679	CDS	582				hypothetical protein
NHKJIMIN_08680	gene	309				
NHKJIMIN_08680	CDS	309				hypothetical protein
NHKJIMIN_08681	gene	186				
NHKJIMIN_08681	CDS	186				hypothetical protein
NHKJIMIN_08682	gene	354				
NHKJIMIN_08682	CDS	354				hypothetical protein
NHKJIMIN_08683	gene	801	bamD			
NHKJIMIN_08683	CDS	801	bamD			Outer membrane protein assembly factor BamD
NHKJIMIN_08684	gene	399				
NHKJIMIN_08684	CDS	399				hypothetical protein
NHKJIMIN_08685	gene	99				
NHKJIMIN_08685	CDS	99				hypothetical protein
NHKJIMIN_08686	gene	339				
NHKJIMIN_08686	CDS	339				hypothetical protein
NHKJIMIN_08687	gene	708				
NHKJIMIN_08687	CDS	708		6.2.1.30	COG1541	Phenylacetate-coenzyme A ligase
NHKJIMIN_08688	gene	651	uvrB_1			
NHKJIMIN_08688	CDS	651	uvrB_1			UvrABC system protein B
NHKJIMIN_08689	gene	249	uvrB_2			
NHKJIMIN_08689	CDS	249	uvrB_2			UvrABC system protein B
NHKJIMIN_08690	gene	153	uvrB_3			
NHKJIMIN_08690	CDS	153	uvrB_3			UvrABC system protein B
NHKJIMIN_08691	gene	168	uvrB_4			
NHKJIMIN_08691	CDS	168	uvrB_4		COG0556	UvrABC system protein B
NHKJIMIN_08692	gene	606	uvrB_5			
NHKJIMIN_08692	CDS	606	uvrB_5		COG0556	UvrABC system protein B
NHKJIMIN_08693	gene	228				
NHKJIMIN_08693	CDS	228				hypothetical protein
NHKJIMIN_08694	gene	384				
NHKJIMIN_08694	CDS	384				hypothetical protein
NHKJIMIN_08695	gene	228				
NHKJIMIN_08695	CDS	228				hypothetical protein
NHKJIMIN_08696	gene	159				
NHKJIMIN_08696	CDS	159				hypothetical protein
NHKJIMIN_08697	gene	150				
NHKJIMIN_08697	CDS	150				hypothetical protein
NHKJIMIN_08698	gene	270				
NHKJIMIN_08698	CDS	270				hypothetical protein
NHKJIMIN_08699	gene	132				
NHKJIMIN_08699	CDS	132				hypothetical protein
NHKJIMIN_08700	gene	246				
NHKJIMIN_08700	CDS	246				hypothetical protein
NHKJIMIN_08701	gene	420	barA_2			
NHKJIMIN_08701	CDS	420	barA_2	2.7.13.3	COG2205	Signal transduction histidine-protein kinase BarA
NHKJIMIN_08702	gene	462	pleC_3			
NHKJIMIN_08702	CDS	462	pleC_3	2.7.13.3	COG2202	Non-motile and phage-resistance protein
NHKJIMIN_08703	gene	207				
NHKJIMIN_08703	CDS	207				hypothetical protein
NHKJIMIN_08704	gene	705				
NHKJIMIN_08704	CDS	705				hypothetical protein
NHKJIMIN_08705	gene	564				
NHKJIMIN_08705	CDS	564				hypothetical protein
NHKJIMIN_08706	gene	300				
NHKJIMIN_08706	CDS	300				hypothetical protein
NHKJIMIN_08707	gene	720				
NHKJIMIN_08707	CDS	720				hypothetical protein
NHKJIMIN_08708	gene	402				
NHKJIMIN_08708	CDS	402				hypothetical protein
NHKJIMIN_08709	gene	1104				
NHKJIMIN_08709	CDS	1104				hypothetical protein
NHKJIMIN_08710	gene	159				
NHKJIMIN_08710	CDS	159				hypothetical protein
NHKJIMIN_08711	gene	699	rbbA_1			
NHKJIMIN_08711	CDS	699	rbbA_1		COG0842	Ribosome-associated ATPase
NHKJIMIN_08712	gene	354	ybhF_2			
NHKJIMIN_08712	CDS	354	ybhF_2		COG1131	putative multidrug ABC transporter ATP-binding protein YbhF
NHKJIMIN_08713	gene	546				
NHKJIMIN_08713	CDS	546				hypothetical protein
NHKJIMIN_08714	gene	162				
NHKJIMIN_08714	CDS	162				hypothetical protein
NHKJIMIN_08715	gene	198				
NHKJIMIN_08715	CDS	198				hypothetical protein
NHKJIMIN_08716	gene	405				
NHKJIMIN_08716	CDS	405				hypothetical protein
NHKJIMIN_08717	gene	393				
NHKJIMIN_08717	CDS	393				hypothetical protein
NHKJIMIN_08718	gene	267				
NHKJIMIN_08718	CDS	267				hypothetical protein
NHKJIMIN_08719	gene	240				
NHKJIMIN_08719	CDS	240				hypothetical protein
NHKJIMIN_08720	gene	741				
NHKJIMIN_08720	CDS	741				hypothetical protein
NHKJIMIN_08721	gene	639				
NHKJIMIN_08721	CDS	639				hypothetical protein
NHKJIMIN_08722	gene	654				
NHKJIMIN_08722	CDS	654				hypothetical protein
NHKJIMIN_08723	gene	498				
NHKJIMIN_08723	CDS	498				hypothetical protein
NHKJIMIN_08724	gene	315				
NHKJIMIN_08724	CDS	315				hypothetical protein
NHKJIMIN_08725	gene	378				
NHKJIMIN_08725	CDS	378				hypothetical protein
NHKJIMIN_08726	gene	213				
NHKJIMIN_08726	CDS	213				hypothetical protein
NHKJIMIN_08727	gene	312				
NHKJIMIN_08727	CDS	312				hypothetical protein
NHKJIMIN_08728	gene	1179	pyrAB_5			
NHKJIMIN_08728	CDS	1179	pyrAB_5	6.3.4.16	COG0458	Carbamoyl phosphate synthase pyrimidine-specific large chain
NHKJIMIN_08729	gene	891	carB_2			
NHKJIMIN_08729	CDS	891	carB_2	6.3.4.16		Carbamoyl phosphate synthase large chain
NHKJIMIN_08730	gene	408	carB_3			
NHKJIMIN_08730	CDS	408	carB_3	6.3.4.16	COG0458	Carbamoyl phosphate synthase large chain
NHKJIMIN_08731	gene	531	carA_1			
NHKJIMIN_08731	CDS	531	carA_1	6.3.5.5		Carbamoyl phosphate synthase small chain
NHKJIMIN_08732	gene	636	carA_2			
NHKJIMIN_08732	CDS	636	carA_2	6.3.5.5	COG0505	Carbamoyl phosphate synthase small chain
NHKJIMIN_08733	gene	384				
NHKJIMIN_08733	CDS	384				hypothetical protein
NHKJIMIN_08734	gene	987	purF_3			
NHKJIMIN_08734	CDS	987	purF_3	2.4.2.14		Amidophosphoribosyltransferase
NHKJIMIN_08735	gene	297				
NHKJIMIN_08735	CDS	297				hypothetical protein
NHKJIMIN_08736	gene	153				
NHKJIMIN_08736	CDS	153				hypothetical protein
NHKJIMIN_08737	gene	390				
NHKJIMIN_08737	CDS	390				hypothetical protein
NHKJIMIN_08738	gene	486				
NHKJIMIN_08738	CDS	486				hypothetical protein
NHKJIMIN_08739	gene	270	gltB_1			
NHKJIMIN_08739	CDS	270	gltB_1	1.4.1.13		Glutamate synthase [NADPH] large chain
NHKJIMIN_08740	gene	363	gltB_2			
NHKJIMIN_08740	CDS	363	gltB_2	1.4.7.1	COG0067	Ferredoxin-dependent glutamate synthase 1
NHKJIMIN_08741	gene	174				
NHKJIMIN_08741	CDS	174				hypothetical protein
NHKJIMIN_08742	gene	138				
NHKJIMIN_08742	CDS	138				hypothetical protein
NHKJIMIN_08743	gene	633	gltB_3			
NHKJIMIN_08743	CDS	633	gltB_3	1.4.7.1	COG0067	Ferredoxin-dependent glutamate synthase 1
NHKJIMIN_08744	gene	540	gltA_2			
NHKJIMIN_08744	CDS	540	gltA_2	1.4.1.13	COG0067	Glutamate synthase [NADPH] large chain
NHKJIMIN_08745	gene	264	gltB_4			
NHKJIMIN_08745	CDS	264	gltB_4	1.4.1.13	COG0067	Glutamate synthase [NADPH] large chain
NHKJIMIN_08746	gene	309				
NHKJIMIN_08746	CDS	309				hypothetical protein
NHKJIMIN_08747	gene	780	gltB_5			
NHKJIMIN_08747	CDS	780	gltB_5	1.4.7.1	COG0067	Ferredoxin-dependent glutamate synthase 1
NHKJIMIN_08748	gene	573	gltD			
NHKJIMIN_08748	CDS	573	gltD	1.4.1.13	COG0493	Glutamate synthase [NADPH] small chain
NHKJIMIN_08749	gene	741				
NHKJIMIN_08749	CDS	741				hypothetical protein
NHKJIMIN_08750	gene	600	asnB_1			
NHKJIMIN_08750	CDS	600	asnB_1	6.3.5.4	COG0367	Asparagine synthetase B [glutamine-hydrolyzing]
NHKJIMIN_08751	gene	117				
NHKJIMIN_08751	CDS	117				hypothetical protein
NHKJIMIN_08752	gene	588	asnB_2			
NHKJIMIN_08752	CDS	588	asnB_2	6.3.5.4	COG0367	Asparagine synthetase B [glutamine-hydrolyzing]
NHKJIMIN_08753	gene	243	asnB_3			
NHKJIMIN_08753	CDS	243	asnB_3	6.3.5.4	COG0367	Asparagine synthetase B [glutamine-hydrolyzing]
NHKJIMIN_08754	gene	195	asnB_4			
NHKJIMIN_08754	CDS	195	asnB_4	6.3.5.4	COG0367	Asparagine synthetase B [glutamine-hydrolyzing]
NHKJIMIN_08755	gene	546				
NHKJIMIN_08755	CDS	546				hypothetical protein
NHKJIMIN_08756	gene	588	dapF_1			
NHKJIMIN_08756	CDS	588	dapF_1	5.1.1.7	COG0253	Diaminopimelate epimerase
NHKJIMIN_08757	gene	261	dapF_2			
NHKJIMIN_08757	CDS	261	dapF_2	5.1.1.7	COG0253	Diaminopimelate epimerase
NHKJIMIN_08758	gene	396	dapL_2			
NHKJIMIN_08758	CDS	396	dapL_2	2.6.1.83	COG0436	LL-diaminopimelate aminotransferase
NHKJIMIN_08759	gene	852	dapL_3			
NHKJIMIN_08759	CDS	852	dapL_3	2.6.1.83	COG0436	LL-diaminopimelate aminotransferase
NHKJIMIN_08760	gene	225	glnA_5			
NHKJIMIN_08760	CDS	225	glnA_5	6.3.1.2		Glutamine synthetase
NHKJIMIN_08761	gene	405				
NHKJIMIN_08761	CDS	405				hypothetical protein
NHKJIMIN_08762	gene	144	glnA_6			
NHKJIMIN_08762	CDS	144	glnA_6	6.3.1.2		Glutamine synthetase
NHKJIMIN_08763	gene	591	glnA_7			
NHKJIMIN_08763	CDS	591	glnA_7	6.3.1.2		Glutamine synthetase
NHKJIMIN_08764	gene	240	glnA_8			
NHKJIMIN_08764	CDS	240	glnA_8	6.3.1.2		Glutamine synthetase
NHKJIMIN_08765	gene	108				
NHKJIMIN_08765	CDS	108				hypothetical protein
NHKJIMIN_08766	gene	327				
NHKJIMIN_08766	CDS	327				hypothetical protein
NHKJIMIN_08767	gene	144				
NHKJIMIN_08767	CDS	144				hypothetical protein
NHKJIMIN_08768	gene	582	ppk_5			
NHKJIMIN_08768	CDS	582	ppk_5	2.7.4.1	COG0855	Polyphosphate kinase
NHKJIMIN_08769	gene	318	ppk_6			
NHKJIMIN_08769	CDS	318	ppk_6	2.7.4.1		Polyphosphate kinase
NHKJIMIN_08770	gene	186	ppk_7			
NHKJIMIN_08770	CDS	186	ppk_7	2.7.4.1	COG0855	Polyphosphate kinase
NHKJIMIN_08771	gene	348	ppk_8			
NHKJIMIN_08771	CDS	348	ppk_8	2.7.4.1	COG0855	Polyphosphate kinase
NHKJIMIN_08772	gene	354	ppk_9			
NHKJIMIN_08772	CDS	354	ppk_9	2.7.4.1		Polyphosphate kinase
NHKJIMIN_08773	gene	135				
NHKJIMIN_08773	CDS	135				hypothetical protein
NHKJIMIN_08774	gene	291				
NHKJIMIN_08774	CDS	291				hypothetical protein
NHKJIMIN_08775	gene	159				
NHKJIMIN_08775	CDS	159				hypothetical protein
NHKJIMIN_08776	gene	525	yqhD_1			
NHKJIMIN_08776	CDS	525	yqhD_1	1.1.1.2	COG1979	NADPH-dependent aldehyde reductase YqhD
NHKJIMIN_08777	gene	618	yqhD_2			
NHKJIMIN_08777	CDS	618	yqhD_2	1.1.1.2	COG1979	NADPH-dependent aldehyde reductase YqhD
NHKJIMIN_08778	gene	339				
NHKJIMIN_08778	CDS	339				hypothetical protein
NHKJIMIN_08779	gene	204				
NHKJIMIN_08779	CDS	204				hypothetical protein
NHKJIMIN_08780	gene	234	trpB_3			
NHKJIMIN_08780	CDS	234	trpB_3	4.2.1.20		Tryptophan synthase beta chain
NHKJIMIN_08781	gene	471	trpB_4			
NHKJIMIN_08781	CDS	471	trpB_4	4.2.1.20	COG0133	Tryptophan synthase beta chain
NHKJIMIN_08782	gene	471	trpB1			
NHKJIMIN_08782	CDS	471	trpB1	4.2.1.20	COG0133	Tryptophan synthase beta chain 1
NHKJIMIN_08783	gene	681				
NHKJIMIN_08783	CDS	681				hypothetical protein
NHKJIMIN_08784	gene	534	trpE			
NHKJIMIN_08784	CDS	534	trpE	4.1.3.27		Anthranilate synthase component 1
NHKJIMIN_08785	gene	411	carA_3			
NHKJIMIN_08785	CDS	411	carA_3	6.3.5.5		Carbamoyl phosphate synthase small chain
NHKJIMIN_08786	gene	204	trpG			
NHKJIMIN_08786	CDS	204	trpG	4.1.3.27		Anthranilate synthase component 2
NHKJIMIN_08787	gene	543	trpD2			
NHKJIMIN_08787	CDS	543	trpD2	2.4.2.18	COG0547	Anthranilate phosphoribosyltransferase 2
NHKJIMIN_08788	gene	156	trpD_1			
NHKJIMIN_08788	CDS	156	trpD_1	2.4.2.18		Anthranilate phosphoribosyltransferase
NHKJIMIN_08789	gene	177	trpD_2			
NHKJIMIN_08789	CDS	177	trpD_2	2.4.2.18		Anthranilate phosphoribosyltransferase
NHKJIMIN_08790	gene	870	trpC			
NHKJIMIN_08790	CDS	870	trpC	4.1.1.48	COG0134	Indole-3-glycerol phosphate synthase
NHKJIMIN_08791	gene	324	trpF			
NHKJIMIN_08791	CDS	324	trpF	5.3.1.24	COG0135	N-(5'-phosphoribosyl)anthranilate isomerase
NHKJIMIN_08792	gene	183	trpA_1			
NHKJIMIN_08792	CDS	183	trpA_1	4.2.1.20	COG0159	Tryptophan synthase alpha chain
NHKJIMIN_08793	gene	315	trpA_2			
NHKJIMIN_08793	CDS	315	trpA_2	4.2.1.20	COG0159	Tryptophan synthase alpha chain
NHKJIMIN_08794	gene	174				
NHKJIMIN_08794	CDS	174				hypothetical protein
NHKJIMIN_08795	gene	228				
NHKJIMIN_08795	CDS	228				hypothetical protein
NHKJIMIN_08796	gene	384	ansA_1			
NHKJIMIN_08796	CDS	384	ansA_1	3.5.1.1	COG0252	L-asparaginase 1
NHKJIMIN_08797	gene	486	ansA_2			
NHKJIMIN_08797	CDS	486	ansA_2	3.5.1.1	COG0252	L-asparaginase 1
NHKJIMIN_08798	gene	180				
NHKJIMIN_08798	CDS	180				hypothetical protein
NHKJIMIN_08799	gene	840				
NHKJIMIN_08799	CDS	840				hypothetical protein
NHKJIMIN_08800	gene	885				
NHKJIMIN_08800	CDS	885				hypothetical protein
NHKJIMIN_08801	gene	369	rre1			
NHKJIMIN_08801	CDS	369	rre1		COG2197	Response regulator Rre1
NHKJIMIN_08802	gene	345				
NHKJIMIN_08802	CDS	345				hypothetical protein
NHKJIMIN_08803	gene	165				
NHKJIMIN_08803	CDS	165				hypothetical protein
NHKJIMIN_08804	gene	282				
NHKJIMIN_08804	CDS	282				hypothetical protein
NHKJIMIN_08805	gene	240				
NHKJIMIN_08805	CDS	240				hypothetical protein
NHKJIMIN_08806	gene	795				
NHKJIMIN_08806	CDS	795				hypothetical protein
NHKJIMIN_08807	gene	630	dapH_2			
NHKJIMIN_08807	CDS	630	dapH_2	2.3.1.89		2,3,4,5-tetrahydropyridine-2,6-dicarboxylate N-acetyltransferase
NHKJIMIN_08808	gene	423				
NHKJIMIN_08808	CDS	423				hypothetical protein
NHKJIMIN_08809	gene	222				
NHKJIMIN_08809	CDS	222				hypothetical protein
NHKJIMIN_08810	gene	285				
NHKJIMIN_08810	CDS	285				hypothetical protein
NHKJIMIN_08811	gene	255				
NHKJIMIN_08811	CDS	255				hypothetical protein
NHKJIMIN_08812	gene	141				
NHKJIMIN_08812	CDS	141				hypothetical protein
NHKJIMIN_08813	gene	327	purH_5			
NHKJIMIN_08813	CDS	327	purH_5	3.5.4.10		Bifunctional purine biosynthesis protein PurH
NHKJIMIN_08814	gene	462	purH_6			
NHKJIMIN_08814	CDS	462	purH_6	3.5.4.10		Bifunctional purine biosynthesis protein PurH
NHKJIMIN_08815	gene	513				
NHKJIMIN_08815	CDS	513			COG0716	Flavodoxin 1
NHKJIMIN_08816	gene	279				
NHKJIMIN_08816	CDS	279				hypothetical protein
NHKJIMIN_08817	gene	258				
NHKJIMIN_08817	CDS	258				hypothetical protein
NHKJIMIN_08818	gene	999				
NHKJIMIN_08818	CDS	999				hypothetical protein
NHKJIMIN_08819	gene	258	idrP1			
NHKJIMIN_08819	CDS	258	idrP1	1.11.1.5		Cytochrome-c peroxidase IdrP1
NHKJIMIN_08820	gene	216				
NHKJIMIN_08820	CDS	216				hypothetical protein
NHKJIMIN_08821	gene	483				
NHKJIMIN_08821	CDS	483				hypothetical protein
NHKJIMIN_08822	gene	696				
NHKJIMIN_08822	CDS	696				hypothetical protein
NHKJIMIN_08823	gene	417				
NHKJIMIN_08823	CDS	417				hypothetical protein
NHKJIMIN_08824	gene	234				
NHKJIMIN_08824	CDS	234				hypothetical protein
NHKJIMIN_08825	gene	291				
NHKJIMIN_08825	CDS	291				hypothetical protein
NHKJIMIN_08826	gene	585	btuB_9			
NHKJIMIN_08826	CDS	585	btuB_9			Vitamin B12 transporter BtuB
NHKJIMIN_08827	gene	174				
NHKJIMIN_08827	CDS	174				hypothetical protein
NHKJIMIN_08828	gene	336				
NHKJIMIN_08828	CDS	336				hypothetical protein
NHKJIMIN_08829	gene	387				
NHKJIMIN_08829	CDS	387				hypothetical protein
NHKJIMIN_08830	gene	822				
NHKJIMIN_08830	CDS	822			COG1132	putative ABC transporter ATP-binding/permease protein
NHKJIMIN_08831	gene	516				
NHKJIMIN_08831	CDS	516		7.6.2.-		Putative multidrug export ATP-binding/permease protein
NHKJIMIN_08832	gene	273				
NHKJIMIN_08832	CDS	273				hypothetical protein
NHKJIMIN_08833	gene	216				
NHKJIMIN_08833	CDS	216				hypothetical protein
NHKJIMIN_08834	gene	840	ywjA			
NHKJIMIN_08834	CDS	840	ywjA		COG1132	putative ABC transporter ATP-binding protein YwjA
NHKJIMIN_08835	gene	330				
NHKJIMIN_08835	CDS	330		7.6.2.-		Putative multidrug export ATP-binding/permease protein
NHKJIMIN_08836	gene	423				
NHKJIMIN_08836	CDS	423				hypothetical protein
NHKJIMIN_08837	gene	693				
NHKJIMIN_08837	CDS	693				hypothetical protein
NHKJIMIN_08838	gene	492				
NHKJIMIN_08838	CDS	492				hypothetical protein
NHKJIMIN_08839	gene	165				
NHKJIMIN_08839	CDS	165				hypothetical protein
NHKJIMIN_08840	gene	441				
NHKJIMIN_08840	CDS	441				hypothetical protein
NHKJIMIN_08841	gene	516	mdtD			
NHKJIMIN_08841	CDS	516	mdtD			Putative multidrug resistance protein MdtD
NHKJIMIN_08842	gene	471				
NHKJIMIN_08842	CDS	471				hypothetical protein
NHKJIMIN_08843	gene	105				
NHKJIMIN_08843	CDS	105				hypothetical protein
NHKJIMIN_08844	gene	120				
NHKJIMIN_08844	CDS	120				hypothetical protein
NHKJIMIN_08845	gene	501	yidE_8			
NHKJIMIN_08845	CDS	501	yidE_8			Putative transport protein YidE
NHKJIMIN_08846	gene	579	yidE_9			
NHKJIMIN_08846	CDS	579	yidE_9			Putative transport protein YidE
NHKJIMIN_08847	gene	150				
NHKJIMIN_08847	CDS	150				hypothetical protein
NHKJIMIN_08848	gene	642	czcD			
NHKJIMIN_08848	CDS	642	czcD		COG1230	Cadmium, cobalt and zinc/H(+)-K(+) antiporter
NHKJIMIN_08849	gene	345				
NHKJIMIN_08849	CDS	345				hypothetical protein
NHKJIMIN_08850	gene	150				
NHKJIMIN_08850	CDS	150				hypothetical protein
NHKJIMIN_08851	gene	135				
NHKJIMIN_08851	CDS	135				hypothetical protein
NHKJIMIN_08852	gene	225				
NHKJIMIN_08852	CDS	225				hypothetical protein
NHKJIMIN_08853	gene	171				
NHKJIMIN_08853	CDS	171				hypothetical protein
NHKJIMIN_08854	gene	372				
NHKJIMIN_08854	CDS	372				hypothetical protein
NHKJIMIN_08855	gene	189				
NHKJIMIN_08855	CDS	189				hypothetical protein
NHKJIMIN_08856	gene	705				
NHKJIMIN_08856	CDS	705				hypothetical protein
NHKJIMIN_08857	gene	768				
NHKJIMIN_08857	CDS	768				hypothetical protein
NHKJIMIN_08858	gene	333				
NHKJIMIN_08858	CDS	333				hypothetical protein
NHKJIMIN_08859	gene	213				
NHKJIMIN_08859	CDS	213				hypothetical protein
NHKJIMIN_08860	gene	120				
NHKJIMIN_08860	CDS	120				hypothetical protein
NHKJIMIN_08861	gene	351				
NHKJIMIN_08861	CDS	351				hypothetical protein
NHKJIMIN_08862	gene	300				
NHKJIMIN_08862	CDS	300				hypothetical protein
NHKJIMIN_08863	gene	246				
NHKJIMIN_08863	CDS	246				hypothetical protein
NHKJIMIN_08864	gene	582				
NHKJIMIN_08864	CDS	582				hypothetical protein
NHKJIMIN_08865	gene	414				
NHKJIMIN_08865	CDS	414				hypothetical protein
NHKJIMIN_08866	gene	678	cobN			
NHKJIMIN_08866	CDS	678	cobN	6.6.1.2		Aerobic cobaltochelatase subunit CobN
NHKJIMIN_08867	gene	300				
NHKJIMIN_08867	CDS	300				hypothetical protein
NHKJIMIN_08868	gene	156				
NHKJIMIN_08868	CDS	156				hypothetical protein
NHKJIMIN_08869	gene	621				
NHKJIMIN_08869	CDS	621				hypothetical protein
NHKJIMIN_08870	gene	90				
NHKJIMIN_08870	CDS	90				hypothetical protein
NHKJIMIN_08871	gene	246				
NHKJIMIN_08871	CDS	246				hypothetical protein
NHKJIMIN_08872	gene	345				
NHKJIMIN_08872	CDS	345				hypothetical protein
NHKJIMIN_08873	gene	315				
NHKJIMIN_08873	CDS	315				hypothetical protein
NHKJIMIN_08874	gene	222				
NHKJIMIN_08874	CDS	222				hypothetical protein
NHKJIMIN_08875	gene	435				
NHKJIMIN_08875	CDS	435				hypothetical protein
NHKJIMIN_08876	gene	252				
NHKJIMIN_08876	CDS	252				hypothetical protein
NHKJIMIN_08877	gene	375				
NHKJIMIN_08877	CDS	375				hypothetical protein
NHKJIMIN_08878	gene	165				
NHKJIMIN_08878	CDS	165				hypothetical protein
NHKJIMIN_08879	gene	327				
NHKJIMIN_08879	CDS	327				hypothetical protein
NHKJIMIN_08880	gene	147				
NHKJIMIN_08880	CDS	147				hypothetical protein
NHKJIMIN_08881	gene	189				
NHKJIMIN_08881	CDS	189				hypothetical protein
NHKJIMIN_08882	gene	774	yjjP			
NHKJIMIN_08882	CDS	774	yjjP		COG2966	putative succinate transporter subunit YjjP
NHKJIMIN_08883	gene	525	yjjB			
NHKJIMIN_08883	CDS	525	yjjB		COG3610	putative succinate transporter subunit YjjB
NHKJIMIN_08884	gene	561				
NHKJIMIN_08884	CDS	561				hypothetical protein
NHKJIMIN_08885	gene	279				
NHKJIMIN_08885	CDS	279				hypothetical protein
NHKJIMIN_08886	gene	477				
NHKJIMIN_08886	CDS	477				hypothetical protein
NHKJIMIN_08887	gene	153				
NHKJIMIN_08887	CDS	153				hypothetical protein
NHKJIMIN_08888	gene	744				
NHKJIMIN_08888	CDS	744				hypothetical protein
NHKJIMIN_08889	gene	351				
NHKJIMIN_08889	CDS	351				hypothetical protein
NHKJIMIN_08890	gene	153				
NHKJIMIN_08890	CDS	153				hypothetical protein
NHKJIMIN_08891	gene	282	hxlR			
NHKJIMIN_08891	CDS	282	hxlR		COG1733	HTH-type transcriptional activator HxlR
NHKJIMIN_08892	gene	96				
NHKJIMIN_08892	CDS	96				hypothetical protein
NHKJIMIN_08893	gene	156				
NHKJIMIN_08893	CDS	156			COG0693	Protein ppBat
NHKJIMIN_08894	gene	156				
NHKJIMIN_08894	CDS	156				hypothetical protein
NHKJIMIN_08895	gene	717				
NHKJIMIN_08895	CDS	717				hypothetical protein
NHKJIMIN_08896	gene	147				
NHKJIMIN_08896	CDS	147				hypothetical protein
NHKJIMIN_08897	gene	243				
NHKJIMIN_08897	CDS	243				hypothetical protein
NHKJIMIN_08898	gene	141				
NHKJIMIN_08898	CDS	141				hypothetical protein
NHKJIMIN_08899	gene	522				
NHKJIMIN_08899	CDS	522				hypothetical protein
NHKJIMIN_08900	gene	207				
NHKJIMIN_08900	CDS	207				hypothetical protein
NHKJIMIN_08901	gene	282				
NHKJIMIN_08901	CDS	282				hypothetical protein
NHKJIMIN_08902	gene	405	evgS			
NHKJIMIN_08902	CDS	405	evgS	2.7.13.3	COG0784	Sensor protein EvgS
NHKJIMIN_08903	gene	102				
NHKJIMIN_08903	CDS	102				hypothetical protein
NHKJIMIN_08904	gene	1098	mgtB_1			
NHKJIMIN_08904	CDS	1098	mgtB_1	7.2.2.14		Magnesium-transporting ATPase, P-type 1
NHKJIMIN_08905	gene	486	mgtA			
NHKJIMIN_08905	CDS	486	mgtA	7.2.2.14		Magnesium-transporting ATPase, P-type 1
NHKJIMIN_08906	gene	600	mgtB_2			
NHKJIMIN_08906	CDS	600	mgtB_2	7.2.2.14		Magnesium-transporting ATPase, P-type 1
NHKJIMIN_08907	gene	441				
NHKJIMIN_08907	CDS	441				hypothetical protein
NHKJIMIN_08908	gene	735	rcsC_22			
NHKJIMIN_08908	CDS	735	rcsC_22	2.7.13.3	COG0784	Sensor histidine kinase RcsC
NHKJIMIN_08909	gene	180				
NHKJIMIN_08909	CDS	180				hypothetical protein
NHKJIMIN_08910	gene	129				
NHKJIMIN_08910	CDS	129				hypothetical protein
NHKJIMIN_08911	gene	126				
NHKJIMIN_08911	CDS	126				hypothetical protein
NHKJIMIN_08912	gene	537	cusR			
NHKJIMIN_08912	CDS	537	cusR		COG0745	Transcriptional regulatory protein CusR
NHKJIMIN_08913	gene	291				
NHKJIMIN_08913	CDS	291				hypothetical protein
NHKJIMIN_08914	gene	96				
NHKJIMIN_08914	CDS	96				hypothetical protein
NHKJIMIN_08915	gene	255				
NHKJIMIN_08915	CDS	255				hypothetical protein
NHKJIMIN_08916	gene	378				
NHKJIMIN_08916	CDS	378				hypothetical protein
NHKJIMIN_08917	gene	228				
NHKJIMIN_08917	CDS	228				hypothetical protein
NHKJIMIN_08918	gene	114				
NHKJIMIN_08918	CDS	114				hypothetical protein
NHKJIMIN_08919	gene	552				
NHKJIMIN_08919	CDS	552				hypothetical protein
NHKJIMIN_08920	gene	408	prfH			
NHKJIMIN_08920	CDS	408	prfH			Peptide chain release factor 
NHKJIMIN_08921	gene	381				
NHKJIMIN_08921	CDS	381				hypothetical protein
NHKJIMIN_08922	gene	663				
NHKJIMIN_08922	CDS	663				hypothetical protein
NHKJIMIN_08923	gene	207				
NHKJIMIN_08923	CDS	207				hypothetical protein
NHKJIMIN_08924	gene	351				
NHKJIMIN_08924	CDS	351				hypothetical protein
NHKJIMIN_08925	gene	231				
NHKJIMIN_08925	CDS	231				hypothetical protein
NHKJIMIN_08926	gene	117				
NHKJIMIN_08926	CDS	117				hypothetical protein
NHKJIMIN_08927	gene	702				
NHKJIMIN_08927	CDS	702				hypothetical protein
NHKJIMIN_08928	gene	342				
NHKJIMIN_08928	CDS	342				hypothetical protein
NHKJIMIN_08929	gene	411	rpsP			
NHKJIMIN_08929	CDS	411	rpsP			Small ribosomal subunit protein bS16
NHKJIMIN_08930	gene	108				
NHKJIMIN_08930	CDS	108				hypothetical protein
NHKJIMIN_08931	gene	147				
NHKJIMIN_08931	CDS	147				hypothetical protein
NHKJIMIN_08932	gene	264				
NHKJIMIN_08932	CDS	264				hypothetical protein
NHKJIMIN_08933	gene	192				
NHKJIMIN_08933	CDS	192				hypothetical protein
NHKJIMIN_08934	gene	291				
NHKJIMIN_08934	CDS	291				hypothetical protein
NHKJIMIN_08935	gene	198				
NHKJIMIN_08935	CDS	198				hypothetical protein
NHKJIMIN_08936	gene	255				
NHKJIMIN_08936	CDS	255				hypothetical protein
NHKJIMIN_08937	gene	270				
NHKJIMIN_08937	CDS	270				hypothetical protein
NHKJIMIN_08938	gene	990	potD			
NHKJIMIN_08938	CDS	990	potD		COG0687	Spermidine/putrescine-binding periplasmic protein
NHKJIMIN_08939	gene	321				
NHKJIMIN_08939	CDS	321				hypothetical protein
NHKJIMIN_08940	gene	291				
NHKJIMIN_08940	CDS	291				hypothetical protein
NHKJIMIN_08941	gene	543				
NHKJIMIN_08941	CDS	543				hypothetical protein
NHKJIMIN_08942	gene	210				
NHKJIMIN_08942	CDS	210				hypothetical protein
NHKJIMIN_08943	gene	162				
NHKJIMIN_08943	CDS	162				hypothetical protein
NHKJIMIN_08944	gene	225				
NHKJIMIN_08944	CDS	225				hypothetical protein
NHKJIMIN_08945	gene	1056	uup_5			
NHKJIMIN_08945	CDS	1056	uup_5	3.6.1.-		ATP-binding protein Uup
NHKJIMIN_08946	gene	201	potA			
NHKJIMIN_08946	CDS	201	potA	7.6.2.11		Spermidine/putrescine import ATP-binding protein PotA
NHKJIMIN_08947	gene	177				
NHKJIMIN_08947	CDS	177				hypothetical protein
NHKJIMIN_08948	gene	669	resA_3			
NHKJIMIN_08948	CDS	669	resA_3			Thiol-disulfide oxidoreductase ResA
NHKJIMIN_08949	gene	507				
NHKJIMIN_08949	CDS	507				hypothetical protein
NHKJIMIN_08950	gene	150				
NHKJIMIN_08950	CDS	150				hypothetical protein
NHKJIMIN_08951	gene	237				
NHKJIMIN_08951	CDS	237				hypothetical protein
NHKJIMIN_08952	gene	2331	glgP_2			
NHKJIMIN_08952	CDS	2331	glgP_2	2.4.1.1	COG0058	Glycogen phosphorylase
NHKJIMIN_08953	gene	624				
NHKJIMIN_08953	CDS	624				hypothetical protein
NHKJIMIN_08954	gene	222				
NHKJIMIN_08954	CDS	222				hypothetical protein
NHKJIMIN_08955	gene	705				
NHKJIMIN_08955	CDS	705				hypothetical protein
NHKJIMIN_08956	gene	261				
NHKJIMIN_08956	CDS	261				hypothetical protein
NHKJIMIN_08957	gene	240				
NHKJIMIN_08957	CDS	240				hypothetical protein
NHKJIMIN_08958	gene	429	ntpI			
NHKJIMIN_08958	CDS	429	ntpI		COG1269	V-type sodium ATPase subunit I
NHKJIMIN_08959	gene	348				
NHKJIMIN_08959	CDS	348				hypothetical protein
NHKJIMIN_08960	gene	684				
NHKJIMIN_08960	CDS	684				hypothetical protein
NHKJIMIN_08961	gene	375				
NHKJIMIN_08961	CDS	375				hypothetical protein
NHKJIMIN_08962	gene	237				
NHKJIMIN_08962	CDS	237				hypothetical protein
NHKJIMIN_08963	gene	219				
NHKJIMIN_08963	CDS	219				hypothetical protein
NHKJIMIN_08964	gene	96				
NHKJIMIN_08964	CDS	96				hypothetical protein
NHKJIMIN_08965	gene	450	ntpB_1			
NHKJIMIN_08965	CDS	450	ntpB_1		COG1156	V-type sodium ATPase subunit B
NHKJIMIN_08966	gene	903	ntpB_2			
NHKJIMIN_08966	CDS	903	ntpB_2		COG1156	V-type sodium ATPase subunit B
NHKJIMIN_08967	gene	474	atpA_1			
NHKJIMIN_08967	CDS	474	atpA_1	7.1.2.2		A-type ATP synthase subunit A
NHKJIMIN_08968	gene	501	ntpA			
NHKJIMIN_08968	CDS	501	ntpA	7.2.2.1	COG1155	V-type sodium ATPase catalytic subunit A
NHKJIMIN_08969	gene	141				
NHKJIMIN_08969	CDS	141				hypothetical protein
NHKJIMIN_08970	gene	591	atpA_2			
NHKJIMIN_08970	CDS	591	atpA_2	7.1.2.2	COG1155	V-type ATP synthase alpha chain
NHKJIMIN_08971	gene	597				
NHKJIMIN_08971	CDS	597				hypothetical protein
NHKJIMIN_08972	gene	135				
NHKJIMIN_08972	CDS	135				hypothetical protein
NHKJIMIN_08973	gene	390				
NHKJIMIN_08973	CDS	390				hypothetical protein
NHKJIMIN_08974	gene	106				
NHKJIMIN_08974	rRNA	106				5S ribosomal RNA
NHKJIMIN_08975	gene	2877				
NHKJIMIN_08975	rRNA	2877				23S ribosomal RNA
NHKJIMIN_08976	gene	76				
NHKJIMIN_08976	tRNA	76				tRNA-Ala(tgc)
NHKJIMIN_08977	gene	77				
NHKJIMIN_08977	tRNA	77				tRNA-Ile(gat)
NHKJIMIN_08978	gene	1521				
NHKJIMIN_08978	rRNA	1521				16S ribosomal RNA
NHKJIMIN_08979	gene	213				
NHKJIMIN_08979	CDS	213				hypothetical protein
NHKJIMIN_08980	gene	981	nagA_1			
NHKJIMIN_08980	CDS	981	nagA_1	3.5.1.25	COG1820	N-acetylglucosamine-6-phosphate deacetylase
NHKJIMIN_08981	gene	267	phoP			
NHKJIMIN_08981	CDS	267	phoP		COG0745	Alkaline phosphatase synthesis transcriptional regulatory protein PhoP
NHKJIMIN_08982	gene	228				
NHKJIMIN_08982	CDS	228				hypothetical protein
NHKJIMIN_08983	gene	147				
NHKJIMIN_08983	CDS	147				hypothetical protein
NHKJIMIN_08984	gene	99				
NHKJIMIN_08984	CDS	99				hypothetical protein
NHKJIMIN_08985	gene	1014				
NHKJIMIN_08985	CDS	1014				hypothetical protein
NHKJIMIN_08986	gene	348				
NHKJIMIN_08986	CDS	348				hypothetical protein
NHKJIMIN_08987	gene	336				
NHKJIMIN_08987	CDS	336				hypothetical protein
NHKJIMIN_08988	gene	504				
NHKJIMIN_08988	CDS	504				hypothetical protein
NHKJIMIN_08989	gene	300				
NHKJIMIN_08989	CDS	300				hypothetical protein
NHKJIMIN_08990	gene	489				
NHKJIMIN_08990	CDS	489				hypothetical protein
NHKJIMIN_08991	gene	234				
NHKJIMIN_08991	CDS	234				hypothetical protein
NHKJIMIN_08992	gene	390				
NHKJIMIN_08992	CDS	390				hypothetical protein
NHKJIMIN_08993	gene	123	rpoD			
NHKJIMIN_08993	CDS	123	rpoD			RNA polymerase sigma factor RpoD
NHKJIMIN_08994	gene	735	sigA			
NHKJIMIN_08994	CDS	735	sigA			RNA polymerase sigma factor SigA
NHKJIMIN_08995	gene	885	degQ			
NHKJIMIN_08995	CDS	885	degQ	3.4.21.107	COG0265	Periplasmic pH-dependent serine endoprotease DegQ
NHKJIMIN_08996	gene	534	htrA			
NHKJIMIN_08996	CDS	534	htrA		COG0265	Putative serine protease HtrA
NHKJIMIN_08997	gene	717				
NHKJIMIN_08997	CDS	717				hypothetical protein
NHKJIMIN_08998	gene	321				
NHKJIMIN_08998	CDS	321				hypothetical protein
NHKJIMIN_08999	gene	354				
NHKJIMIN_08999	CDS	354				hypothetical protein
NHKJIMIN_09000	gene	255				
NHKJIMIN_09000	CDS	255		5.1.1.20	COG4948	L-Ala-D/L-Glu epimerase
NHKJIMIN_09001	gene	102				
NHKJIMIN_09001	CDS	102				hypothetical protein
NHKJIMIN_09002	gene	210				
NHKJIMIN_09002	CDS	210		5.1.1.20	COG4948	L-Ala-D/L-Glu epimerase
NHKJIMIN_09003	gene	282				
NHKJIMIN_09003	CDS	282		5.1.1.20	COG4948	L-Ala-D/L-Glu epimerase
NHKJIMIN_09004	gene	171				
NHKJIMIN_09004	CDS	171		5.1.1.20	COG4948	L-Ala-D/L-Glu epimerase
NHKJIMIN_09005	gene	240				
NHKJIMIN_09005	CDS	240				hypothetical protein
NHKJIMIN_09006	gene	654				
NHKJIMIN_09006	CDS	654				hypothetical protein
NHKJIMIN_09007	gene	207				
NHKJIMIN_09007	CDS	207				hypothetical protein
NHKJIMIN_09008	gene	411				
NHKJIMIN_09008	CDS	411				hypothetical protein
NHKJIMIN_09009	gene	849				
NHKJIMIN_09009	CDS	849				hypothetical protein
NHKJIMIN_09010	gene	531	IYD			
NHKJIMIN_09010	CDS	531	IYD	1.21.1.1	COG0778	Iodotyrosine deiodinase
NHKJIMIN_09011	gene	366	ribE_1			
NHKJIMIN_09011	CDS	366	ribE_1	2.5.1.9	COG0307	Riboflavin synthase
NHKJIMIN_09012	gene	240	ribE_2			
NHKJIMIN_09012	CDS	240	ribE_2	2.5.1.9	COG0307	Riboflavin synthase
NHKJIMIN_09013	gene	582	phoU			
NHKJIMIN_09013	CDS	582	phoU		COG0704	Phosphate-specific transport system accessory protein PhoU 
NHKJIMIN_09014	gene	561	uup_6			
NHKJIMIN_09014	CDS	561	uup_6	3.6.1.-		ATP-binding protein Uup
NHKJIMIN_09015	gene	165				
NHKJIMIN_09015	CDS	165				hypothetical protein
NHKJIMIN_09016	gene	102				
NHKJIMIN_09016	CDS	102				hypothetical protein
NHKJIMIN_09017	gene	921	pstA			
NHKJIMIN_09017	CDS	921	pstA		COG0581	Phosphate transport system permease protein PstA
NHKJIMIN_09018	gene	222				
NHKJIMIN_09018	CDS	222				hypothetical protein
NHKJIMIN_09019	gene	507	pstC			
NHKJIMIN_09019	CDS	507	pstC		COG0573	Phosphate transport system permease protein PstC
NHKJIMIN_09020	gene	258				
NHKJIMIN_09020	CDS	258				hypothetical protein
NHKJIMIN_09021	gene	717	sphX			
NHKJIMIN_09021	CDS	717	sphX		COG0226	Protein SphX
NHKJIMIN_09022	gene	426	glnS_1			
NHKJIMIN_09022	CDS	426	glnS_1	6.1.1.18		Glutamine--tRNA ligase
NHKJIMIN_09023	gene	750	glnS_2			
NHKJIMIN_09023	CDS	750	glnS_2	6.1.1.18		Glutamine--tRNA ligase
NHKJIMIN_09024	gene	414	glnS_3			
NHKJIMIN_09024	CDS	414	glnS_3	6.1.1.18		Glutamine--tRNA ligase
NHKJIMIN_09025	gene	141	glnS_4			
NHKJIMIN_09025	CDS	141	glnS_4	6.1.1.18		Glutamine--tRNA ligase
NHKJIMIN_09026	gene	240				
NHKJIMIN_09026	CDS	240				hypothetical protein
NHKJIMIN_09027	gene	174				
NHKJIMIN_09027	CDS	174				hypothetical protein
NHKJIMIN_09028	gene	522				
NHKJIMIN_09028	CDS	522				hypothetical protein
NHKJIMIN_09029	gene	321				
NHKJIMIN_09029	CDS	321				hypothetical protein
NHKJIMIN_09030	gene	609				
NHKJIMIN_09030	CDS	609				hypothetical protein
NHKJIMIN_09031	gene	672				
NHKJIMIN_09031	CDS	672				hypothetical protein
NHKJIMIN_09032	gene	141	tpx_1			
NHKJIMIN_09032	CDS	141	tpx_1	1.11.1.24		Thiol peroxidase
NHKJIMIN_09033	gene	195	tpx_2			
NHKJIMIN_09033	CDS	195	tpx_2	1.11.1.24	COG2077	Thiol peroxidase
NHKJIMIN_09034	gene	144	tpx_3			
NHKJIMIN_09034	CDS	144	tpx_3	1.11.1.24		Thiol peroxidase
NHKJIMIN_09035	gene	390				
NHKJIMIN_09035	CDS	390				hypothetical protein
NHKJIMIN_09036	gene	369				
NHKJIMIN_09036	CDS	369				hypothetical protein
NHKJIMIN_09037	gene	744				
NHKJIMIN_09037	CDS	744				hypothetical protein
NHKJIMIN_09038	gene	123				
NHKJIMIN_09038	CDS	123				hypothetical protein
NHKJIMIN_09039	gene	669	gumD			
NHKJIMIN_09039	CDS	669	gumD	2.7.8.31		UDP-glucose:undecaprenyl-phosphate glucose-1-phosphate transferase
NHKJIMIN_09040	gene	312				
NHKJIMIN_09040	CDS	312				hypothetical protein
NHKJIMIN_09041	gene	198				
NHKJIMIN_09041	CDS	198				hypothetical protein
NHKJIMIN_09042	gene	228				
NHKJIMIN_09042	CDS	228				hypothetical protein
NHKJIMIN_09043	gene	333				
NHKJIMIN_09043	CDS	333				hypothetical protein
NHKJIMIN_09044	gene	1296				
NHKJIMIN_09044	CDS	1296				hypothetical protein
NHKJIMIN_09045	gene	156				
NHKJIMIN_09045	CDS	156				hypothetical protein
NHKJIMIN_09046	gene	381				
NHKJIMIN_09046	CDS	381				hypothetical protein
NHKJIMIN_09047	gene	108				
NHKJIMIN_09047	CDS	108				hypothetical protein
NHKJIMIN_09048	gene	135				
NHKJIMIN_09048	CDS	135				hypothetical protein
NHKJIMIN_09049	gene	324				
NHKJIMIN_09049	CDS	324				hypothetical protein
NHKJIMIN_09050	gene	213				
NHKJIMIN_09050	CDS	213				hypothetical protein
NHKJIMIN_09051	gene	324				
NHKJIMIN_09051	CDS	324				hypothetical protein
NHKJIMIN_09052	gene	309				
NHKJIMIN_09052	CDS	309				hypothetical protein
NHKJIMIN_09053	gene	153				
NHKJIMIN_09053	CDS	153				hypothetical protein
NHKJIMIN_09054	gene	153				
NHKJIMIN_09054	CDS	153				hypothetical protein
NHKJIMIN_09055	gene	276				
NHKJIMIN_09055	CDS	276				hypothetical protein
NHKJIMIN_09056	gene	303				
NHKJIMIN_09056	CDS	303				hypothetical protein
NHKJIMIN_09057	gene	294				
NHKJIMIN_09057	CDS	294				hypothetical protein
NHKJIMIN_09058	gene	312				
NHKJIMIN_09058	CDS	312				hypothetical protein
NHKJIMIN_09059	gene	327				
NHKJIMIN_09059	CDS	327				hypothetical protein
NHKJIMIN_09060	gene	291				
NHKJIMIN_09060	CDS	291				hypothetical protein
NHKJIMIN_09061	gene	402				
NHKJIMIN_09061	CDS	402				hypothetical protein
NHKJIMIN_09062	gene	174				
NHKJIMIN_09062	CDS	174				hypothetical protein
NHKJIMIN_09063	gene	273				
NHKJIMIN_09063	CDS	273				hypothetical protein
NHKJIMIN_09064	gene	222				
NHKJIMIN_09064	CDS	222				hypothetical protein
NHKJIMIN_09065	gene	108				
NHKJIMIN_09065	CDS	108				hypothetical protein
NHKJIMIN_09066	gene	426				
NHKJIMIN_09066	CDS	426				hypothetical protein
NHKJIMIN_09067	gene	492				
NHKJIMIN_09067	CDS	492				hypothetical protein
NHKJIMIN_09068	gene	225				
NHKJIMIN_09068	CDS	225				hypothetical protein
NHKJIMIN_09069	gene	189				
NHKJIMIN_09069	CDS	189				hypothetical protein
NHKJIMIN_09070	gene	192				
NHKJIMIN_09070	CDS	192				hypothetical protein
NHKJIMIN_09071	gene	693				
NHKJIMIN_09071	CDS	693				hypothetical protein
NHKJIMIN_09072	gene	414				
NHKJIMIN_09072	CDS	414				hypothetical protein
NHKJIMIN_09073	gene	243				
NHKJIMIN_09073	CDS	243				hypothetical protein
NHKJIMIN_09074	gene	294				
NHKJIMIN_09074	CDS	294				hypothetical protein
NHKJIMIN_09075	gene	339				
NHKJIMIN_09075	CDS	339				hypothetical protein
NHKJIMIN_09076	gene	186				
NHKJIMIN_09076	CDS	186				hypothetical protein
NHKJIMIN_09077	gene	285				
NHKJIMIN_09077	CDS	285				hypothetical protein
NHKJIMIN_09078	gene	258				
NHKJIMIN_09078	CDS	258				hypothetical protein
NHKJIMIN_09079	gene	180				
NHKJIMIN_09079	CDS	180				hypothetical protein
NHKJIMIN_09080	gene	225				
NHKJIMIN_09080	CDS	225				hypothetical protein
NHKJIMIN_09081	gene	312				
NHKJIMIN_09081	CDS	312				hypothetical protein
NHKJIMIN_09082	gene	168				
NHKJIMIN_09082	CDS	168				hypothetical protein
NHKJIMIN_09083	gene	246				
NHKJIMIN_09083	CDS	246				hypothetical protein
NHKJIMIN_09084	gene	177				
NHKJIMIN_09084	CDS	177				hypothetical protein
NHKJIMIN_09085	gene	243				
NHKJIMIN_09085	CDS	243				hypothetical protein
NHKJIMIN_09086	gene	279				
NHKJIMIN_09086	CDS	279				hypothetical protein
NHKJIMIN_09087	gene	213	ywqF			
NHKJIMIN_09087	CDS	213	ywqF	1.1.1.22	COG1004	UDP-glucose 6-dehydrogenase YwqF
NHKJIMIN_09088	gene	141				
NHKJIMIN_09088	CDS	141				hypothetical protein
NHKJIMIN_09089	gene	492	rkpK_1			
NHKJIMIN_09089	CDS	492	rkpK_1	1.1.1.22	COG1004	UDP-glucose 6-dehydrogenase
NHKJIMIN_09090	gene	345	rkpK_2			
NHKJIMIN_09090	CDS	345	rkpK_2	1.1.1.22	COG1004	UDP-glucose 6-dehydrogenase
NHKJIMIN_09091	gene	201	cysE			
NHKJIMIN_09091	CDS	201	cysE	2.3.1.30		Serine acetyltransferase
NHKJIMIN_09092	gene	273				
NHKJIMIN_09092	CDS	273				hypothetical protein
NHKJIMIN_09093	gene	168				
NHKJIMIN_09093	CDS	168				hypothetical protein
NHKJIMIN_09094	gene	99				
NHKJIMIN_09094	CDS	99				hypothetical protein
NHKJIMIN_09095	gene	228				
NHKJIMIN_09095	CDS	228				hypothetical protein
NHKJIMIN_09096	gene	207				
NHKJIMIN_09096	CDS	207				hypothetical protein
NHKJIMIN_09097	gene	222				
NHKJIMIN_09097	CDS	222				hypothetical protein
NHKJIMIN_09098	gene	285	bshA_2			
NHKJIMIN_09098	CDS	285	bshA_2	2.4.1.-	COG0438	N-acetyl-alpha-D-glucosaminyl L-malate synthase
NHKJIMIN_09099	gene	177				
NHKJIMIN_09099	CDS	177				hypothetical protein
NHKJIMIN_09100	gene	327				
NHKJIMIN_09100	CDS	327				hypothetical protein
NHKJIMIN_09101	gene	762	ppm1_1			
NHKJIMIN_09101	CDS	762	ppm1_1	2.4.1.-	COG0463	Polyprenol monophosphomannose synthase
NHKJIMIN_09102	gene	633	arnE			
NHKJIMIN_09102	CDS	633	arnE			4-amino-4-deoxy-L-arabinose-phosphoundecaprenol flippase subunit ArnE
NHKJIMIN_09103	gene	183				
NHKJIMIN_09103	CDS	183				hypothetical protein
NHKJIMIN_09104	gene	282				
NHKJIMIN_09104	CDS	282				hypothetical protein
NHKJIMIN_09105	gene	579				
NHKJIMIN_09105	CDS	579				hypothetical protein
NHKJIMIN_09106	gene	252				
NHKJIMIN_09106	CDS	252				hypothetical protein
NHKJIMIN_09107	gene	162				
NHKJIMIN_09107	CDS	162				hypothetical protein
NHKJIMIN_09108	gene	246				
NHKJIMIN_09108	CDS	246				hypothetical protein
NHKJIMIN_09109	gene	330				
NHKJIMIN_09109	CDS	330				hypothetical protein
NHKJIMIN_09110	gene	264				
NHKJIMIN_09110	CDS	264				hypothetical protein
NHKJIMIN_09111	gene	312				
NHKJIMIN_09111	CDS	312		2.4.1.187		N-acetylglucosaminyldiphosphoundecaprenol N-acetyl-beta-D-mannosaminyltransferase
NHKJIMIN_09112	gene	543				
NHKJIMIN_09112	CDS	543				hypothetical protein
NHKJIMIN_09113	gene	204				
NHKJIMIN_09113	CDS	204				hypothetical protein
NHKJIMIN_09114	gene	900				
NHKJIMIN_09114	CDS	900				hypothetical protein
NHKJIMIN_09115	gene	144				
NHKJIMIN_09115	CDS	144				hypothetical protein
NHKJIMIN_09116	gene	510				
NHKJIMIN_09116	CDS	510				hypothetical protein
NHKJIMIN_09117	gene	360				
NHKJIMIN_09117	CDS	360				hypothetical protein
NHKJIMIN_09118	gene	375				
NHKJIMIN_09118	CDS	375				hypothetical protein
NHKJIMIN_09119	gene	576				
NHKJIMIN_09119	CDS	576				hypothetical protein
NHKJIMIN_09120	gene	486				
NHKJIMIN_09120	CDS	486				hypothetical protein
NHKJIMIN_09121	gene	108				
NHKJIMIN_09121	CDS	108				hypothetical protein
NHKJIMIN_09122	gene	279				
NHKJIMIN_09122	CDS	279				hypothetical protein
NHKJIMIN_09123	gene	171				
NHKJIMIN_09123	CDS	171				hypothetical protein
NHKJIMIN_09124	gene	276				
NHKJIMIN_09124	CDS	276				hypothetical protein
NHKJIMIN_09125	gene	219				
NHKJIMIN_09125	CDS	219				hypothetical protein
NHKJIMIN_09126	gene	135				
NHKJIMIN_09126	CDS	135				hypothetical protein
NHKJIMIN_09127	gene	123				
NHKJIMIN_09127	CDS	123				hypothetical protein
NHKJIMIN_09128	gene	741				
NHKJIMIN_09128	CDS	741				hypothetical protein
NHKJIMIN_09129	gene	300				
NHKJIMIN_09129	CDS	300				hypothetical protein
NHKJIMIN_09130	gene	567				
NHKJIMIN_09130	CDS	567				hypothetical protein
NHKJIMIN_09131	gene	390				
NHKJIMIN_09131	CDS	390				hypothetical protein
NHKJIMIN_09132	gene	120				
NHKJIMIN_09132	CDS	120				hypothetical protein
NHKJIMIN_09133	gene	291	algA			
NHKJIMIN_09133	CDS	291	algA			Alginate biosynthesis protein AlgA
NHKJIMIN_09134	gene	225				
NHKJIMIN_09134	CDS	225				hypothetical protein
NHKJIMIN_09135	gene	264	oadB			
NHKJIMIN_09135	CDS	264	oadB	7.2.4.2		Oxaloacetate decarboxylase beta chain
NHKJIMIN_09136	gene	318	gcdB			
NHKJIMIN_09136	CDS	318	gcdB	7.2.4.5	COG1883	Glutaconyl-CoA decarboxylase subunit beta
NHKJIMIN_09137	gene	246				
NHKJIMIN_09137	CDS	246				hypothetical protein
NHKJIMIN_09138	gene	513				
NHKJIMIN_09138	CDS	513				hypothetical protein
NHKJIMIN_09139	gene	354				
NHKJIMIN_09139	CDS	354				hypothetical protein
NHKJIMIN_09140	gene	621				
NHKJIMIN_09140	CDS	621		2.1.3.1		Methylmalonyl-CoA carboxyltransferase 5S subunit
NHKJIMIN_09141	gene	132				
NHKJIMIN_09141	CDS	132				hypothetical protein
NHKJIMIN_09142	gene	315	oadG			
NHKJIMIN_09142	CDS	315	oadG	7.2.4.2		oxaloacetate decarboxylase gamma chain
NHKJIMIN_09143	gene	387				
NHKJIMIN_09143	CDS	387				hypothetical protein
NHKJIMIN_09144	gene	141				
NHKJIMIN_09144	CDS	141				hypothetical protein
NHKJIMIN_09145	gene	579	ysdC_1			
NHKJIMIN_09145	CDS	579	ysdC_1	3.4.11.-	COG1363	Putative aminopeptidase YsdC
NHKJIMIN_09146	gene	249	ysdC_2			
NHKJIMIN_09146	CDS	249	ysdC_2	3.4.11.-	COG1363	Putative aminopeptidase YsdC
NHKJIMIN_09147	gene	372				
NHKJIMIN_09147	CDS	372				hypothetical protein
NHKJIMIN_09148	gene	597				
NHKJIMIN_09148	CDS	597				hypothetical protein
NHKJIMIN_09149	gene	162				
NHKJIMIN_09149	CDS	162				hypothetical protein
NHKJIMIN_09150	gene	228				
NHKJIMIN_09150	CDS	228				hypothetical protein
NHKJIMIN_09151	gene	129				
NHKJIMIN_09151	CDS	129				hypothetical protein
NHKJIMIN_09152	gene	1128	tigE			
NHKJIMIN_09152	CDS	1128	tigE	4.1.-.-		Radical SAM cyclopropyl synthase TigE
NHKJIMIN_09153	gene	333				
NHKJIMIN_09153	CDS	333				hypothetical protein
NHKJIMIN_09154	gene	264				
NHKJIMIN_09154	CDS	264				hypothetical protein
NHKJIMIN_09155	gene	348				
NHKJIMIN_09155	CDS	348				hypothetical protein
NHKJIMIN_09156	gene	507				
NHKJIMIN_09156	CDS	507				hypothetical protein
NHKJIMIN_09157	gene	231				
NHKJIMIN_09157	CDS	231				hypothetical protein
NHKJIMIN_09158	gene	273				
NHKJIMIN_09158	CDS	273				hypothetical protein
NHKJIMIN_09159	gene	582				
NHKJIMIN_09159	CDS	582				Pyridoxal phosphate homeostasis protein
NHKJIMIN_09160	gene	213				
NHKJIMIN_09160	CDS	213				Pyridoxal phosphate homeostasis protein
NHKJIMIN_09161	gene	450	pyrD_3			
NHKJIMIN_09161	CDS	450	pyrD_3	1.3.-.-		Dihydroorotate dehydrogenase
NHKJIMIN_09162	gene	288				
NHKJIMIN_09162	CDS	288				hypothetical protein
NHKJIMIN_09163	gene	144				
NHKJIMIN_09163	CDS	144				hypothetical protein
NHKJIMIN_09164	gene	183				
NHKJIMIN_09164	CDS	183				hypothetical protein
NHKJIMIN_09165	gene	240				
NHKJIMIN_09165	CDS	240				hypothetical protein
NHKJIMIN_09166	gene	153				
NHKJIMIN_09166	CDS	153				hypothetical protein
NHKJIMIN_09167	gene	201				
NHKJIMIN_09167	CDS	201				hypothetical protein
NHKJIMIN_09168	gene	381				
NHKJIMIN_09168	CDS	381				hypothetical protein
NHKJIMIN_09169	gene	279				
NHKJIMIN_09169	CDS	279				hypothetical protein
NHKJIMIN_09170	gene	237				
NHKJIMIN_09170	CDS	237				hypothetical protein
NHKJIMIN_09171	gene	540				
NHKJIMIN_09171	CDS	540				hypothetical protein
NHKJIMIN_09172	gene	210				
NHKJIMIN_09172	CDS	210				hypothetical protein
NHKJIMIN_09173	gene	597				
NHKJIMIN_09173	CDS	597				hypothetical protein
NHKJIMIN_09174	gene	219				
NHKJIMIN_09174	CDS	219				hypothetical protein
NHKJIMIN_09175	gene	522				
NHKJIMIN_09175	CDS	522				hypothetical protein
NHKJIMIN_09176	gene	156				
NHKJIMIN_09176	CDS	156				hypothetical protein
NHKJIMIN_09177	gene	216				
NHKJIMIN_09177	CDS	216				hypothetical protein
NHKJIMIN_09178	gene	126				
NHKJIMIN_09178	CDS	126				hypothetical protein
NHKJIMIN_09179	gene	255				
NHKJIMIN_09179	CDS	255				hypothetical protein
NHKJIMIN_09180	gene	273				
NHKJIMIN_09180	CDS	273				hypothetical protein
NHKJIMIN_09181	gene	537				
NHKJIMIN_09181	CDS	537				hypothetical protein
NHKJIMIN_09182	gene	222				
NHKJIMIN_09182	CDS	222				hypothetical protein
NHKJIMIN_09183	gene	348				
NHKJIMIN_09183	CDS	348				hypothetical protein
NHKJIMIN_09184	gene	264				
NHKJIMIN_09184	CDS	264				hypothetical protein
NHKJIMIN_09185	gene	858	lgrD			
NHKJIMIN_09185	CDS	858	lgrD			Linear gramicidin synthase subunit D
NHKJIMIN_09186	gene	240				
NHKJIMIN_09186	CDS	240				hypothetical protein
NHKJIMIN_09187	gene	345	tycC_2			
NHKJIMIN_09187	CDS	345	tycC_2			Tyrocidine synthase 3
NHKJIMIN_09188	gene	123				
NHKJIMIN_09188	CDS	123				hypothetical protein
NHKJIMIN_09189	gene	183				
NHKJIMIN_09189	CDS	183				hypothetical protein
NHKJIMIN_09190	gene	804				
NHKJIMIN_09190	CDS	804				hypothetical protein
NHKJIMIN_09191	gene	378				
NHKJIMIN_09191	CDS	378				hypothetical protein
NHKJIMIN_09192	gene	255	btuB_10			
NHKJIMIN_09192	CDS	255	btuB_10			Vitamin B12 transporter BtuB
NHKJIMIN_09193	gene	174				
NHKJIMIN_09193	CDS	174				hypothetical protein
NHKJIMIN_09194	gene	540				
NHKJIMIN_09194	CDS	540				hypothetical protein
NHKJIMIN_09195	gene	975	atoS			
NHKJIMIN_09195	CDS	975	atoS	2.7.13.3	COG3852	Signal transduction histidine-protein kinase AtoS
NHKJIMIN_09196	gene	555				
NHKJIMIN_09196	CDS	555				hypothetical protein
NHKJIMIN_09197	gene	186				
NHKJIMIN_09197	CDS	186				hypothetical protein
NHKJIMIN_09198	gene	228				
NHKJIMIN_09198	CDS	228				hypothetical protein
NHKJIMIN_09199	gene	759				
NHKJIMIN_09199	CDS	759				hypothetical protein
NHKJIMIN_09200	gene	135				
NHKJIMIN_09200	CDS	135				hypothetical protein
NHKJIMIN_09201	gene	582				
NHKJIMIN_09201	CDS	582				hypothetical protein
NHKJIMIN_09202	gene	246				
NHKJIMIN_09202	CDS	246				hypothetical protein
NHKJIMIN_09203	gene	711				
NHKJIMIN_09203	CDS	711				hypothetical protein
NHKJIMIN_09204	gene	336				
NHKJIMIN_09204	CDS	336				hypothetical protein
NHKJIMIN_09205	gene	306				
NHKJIMIN_09205	CDS	306				hypothetical protein
NHKJIMIN_09206	gene	366				
NHKJIMIN_09206	CDS	366				hypothetical protein
NHKJIMIN_09207	gene	450	rsbU			
NHKJIMIN_09207	CDS	450	rsbU	3.1.3.3	COG2208	Phosphoserine phosphatase RsbU
NHKJIMIN_09208	gene	93				
NHKJIMIN_09208	CDS	93				hypothetical protein
NHKJIMIN_09209	gene	273	rssB_2			
NHKJIMIN_09209	CDS	273	rssB_2			Regulator of RpoS
NHKJIMIN_09210	gene	528				
NHKJIMIN_09210	CDS	528				hypothetical protein
NHKJIMIN_09211	gene	1203	pglF_2			
NHKJIMIN_09211	CDS	1203	pglF_2	4.2.1.135	COG1086	UDP-N-acetyl-alpha-D-glucosamine C6 dehydratase
NHKJIMIN_09212	gene	408				
NHKJIMIN_09212	CDS	408				hypothetical protein
NHKJIMIN_09213	gene	297				
NHKJIMIN_09213	CDS	297				hypothetical protein
NHKJIMIN_09214	gene	864	phoH2			
NHKJIMIN_09214	CDS	864	phoH2	3.1.-.-	COG1875	Protein PhoH2
NHKJIMIN_09215	gene	237				
NHKJIMIN_09215	CDS	237				hypothetical protein
NHKJIMIN_09216	gene	549	fpgS			
NHKJIMIN_09216	CDS	549	fpgS	6.3.2.17		Folylpolyglutamate synthase
NHKJIMIN_09217	gene	270				
NHKJIMIN_09217	CDS	270				hypothetical protein
NHKJIMIN_09218	gene	396	folC			
NHKJIMIN_09218	CDS	396	folC	6.3.2.12	COG0285	Dihydrofolate synthase/folylpolyglutamate synthase
NHKJIMIN_09219	gene	246	ridA			
NHKJIMIN_09219	CDS	246	ridA	3.5.99.10		2-iminobutanoate/2-iminopropanoate deaminase
NHKJIMIN_09220	gene	621				
NHKJIMIN_09220	CDS	621				hypothetical protein
NHKJIMIN_09221	gene	144				
NHKJIMIN_09221	CDS	144				hypothetical protein
NHKJIMIN_09222	gene	381				
NHKJIMIN_09222	CDS	381				hypothetical protein
NHKJIMIN_09223	gene	477				
NHKJIMIN_09223	CDS	477				IS1182 family transposase ISBf3
NHKJIMIN_09224	gene	561				
NHKJIMIN_09224	CDS	561				hypothetical protein
NHKJIMIN_09225	gene	669				
NHKJIMIN_09225	CDS	669				hypothetical protein
NHKJIMIN_09226	gene	285				
NHKJIMIN_09226	CDS	285				hypothetical protein
NHKJIMIN_09227	gene	138				
NHKJIMIN_09227	CDS	138				hypothetical protein
NHKJIMIN_09228	gene	528	rlmB			
NHKJIMIN_09228	CDS	528	rlmB	2.1.1.185	COG0566	23S rRNA (guanosine-2'-O-)-methyltransferase RlmB
NHKJIMIN_09229	gene	276				
NHKJIMIN_09229	CDS	276				hypothetical protein
NHKJIMIN_09230	gene	474	recN_1			
NHKJIMIN_09230	CDS	474	recN_1		COG0497	DNA repair protein RecN
NHKJIMIN_09231	gene	270				
NHKJIMIN_09231	CDS	270				hypothetical protein
NHKJIMIN_09232	gene	435				
NHKJIMIN_09232	CDS	435				hypothetical protein
NHKJIMIN_09233	gene	285	recN_2			
NHKJIMIN_09233	CDS	285	recN_2		COG0497	DNA repair protein RecN
NHKJIMIN_09234	gene	156				
NHKJIMIN_09234	CDS	156				hypothetical protein
NHKJIMIN_09235	gene	303	undec1A_1			
NHKJIMIN_09235	CDS	303	undec1A_1	4.1.1.-		Cysteine/Cysteine sulfinic acid decarboxylase
NHKJIMIN_09236	gene	399	undec1A_2			
NHKJIMIN_09236	CDS	399	undec1A_2	4.1.1.-		Cysteine/Cysteine sulfinic acid decarboxylase
NHKJIMIN_09237	gene	228	coaBC			
NHKJIMIN_09237	CDS	228	coaBC		COG0452	Coenzyme A biosynthesis bifunctional protein CoaBC
NHKJIMIN_09238	gene	357				
NHKJIMIN_09238	CDS	357				hypothetical protein
NHKJIMIN_09239	gene	174				
NHKJIMIN_09239	CDS	174				hypothetical protein
NHKJIMIN_09240	gene	171				
NHKJIMIN_09240	CDS	171				hypothetical protein
NHKJIMIN_09241	gene	513	dnaN			
NHKJIMIN_09241	CDS	513	dnaN			Beta sliding clamp
NHKJIMIN_09242	gene	381				
NHKJIMIN_09242	CDS	381				hypothetical protein
NHKJIMIN_09243	gene	426				
NHKJIMIN_09243	CDS	426				hypothetical protein
NHKJIMIN_09244	gene	375				
NHKJIMIN_09244	CDS	375				hypothetical protein
NHKJIMIN_09245	gene	261				
NHKJIMIN_09245	CDS	261				hypothetical protein
NHKJIMIN_09246	gene	663				
NHKJIMIN_09246	CDS	663				hypothetical protein
NHKJIMIN_09247	gene	141				
NHKJIMIN_09247	CDS	141				hypothetical protein
NHKJIMIN_09248	gene	459				
NHKJIMIN_09248	CDS	459				hypothetical protein
NHKJIMIN_09249	gene	759	phnP			
NHKJIMIN_09249	CDS	759	phnP	3.1.4.55	COG1235	Phosphoribosyl 1,2-cyclic phosphate phosphodiesterase
NHKJIMIN_09250	gene	189	murB_1			
NHKJIMIN_09250	CDS	189	murB_1	1.3.1.98		UDP-N-acetylenolpyruvoylglucosamine reductase
NHKJIMIN_09251	gene	606	murB_2			
NHKJIMIN_09251	CDS	606	murB_2	1.3.1.98		UDP-N-acetylenolpyruvoylglucosamine reductase
NHKJIMIN_09252	gene	231				
NHKJIMIN_09252	CDS	231				hypothetical protein
NHKJIMIN_09253	gene	807				
NHKJIMIN_09253	CDS	807				hypothetical protein
NHKJIMIN_09254	gene	426				
NHKJIMIN_09254	CDS	426				putative epimerase/dehydratase
NHKJIMIN_09255	gene	402				
NHKJIMIN_09255	CDS	402				putative epimerase/dehydratase
NHKJIMIN_09256	gene	1197	kbl			
NHKJIMIN_09256	CDS	1197	kbl	2.3.1.29	COG0156	2-amino-3-ketobutyrate coenzyme A ligase
NHKJIMIN_09257	gene	405				
NHKJIMIN_09257	CDS	405				hypothetical protein
NHKJIMIN_09258	gene	336				
NHKJIMIN_09258	CDS	336				hypothetical protein
NHKJIMIN_09259	gene	348				
NHKJIMIN_09259	CDS	348				hypothetical protein
NHKJIMIN_09260	gene	630				
NHKJIMIN_09260	CDS	630				hypothetical protein
NHKJIMIN_09261	gene	672				
NHKJIMIN_09261	CDS	672				hypothetical protein
NHKJIMIN_09262	gene	378				
NHKJIMIN_09262	CDS	378				hypothetical protein
NHKJIMIN_09263	gene	477				
NHKJIMIN_09263	CDS	477				hypothetical protein
NHKJIMIN_09264	gene	753				
NHKJIMIN_09264	CDS	753				hypothetical protein
NHKJIMIN_09265	gene	807				
NHKJIMIN_09265	CDS	807				hypothetical protein
NHKJIMIN_09266	gene	204				
NHKJIMIN_09266	CDS	204				hypothetical protein
NHKJIMIN_09267	gene	117				
NHKJIMIN_09267	CDS	117				hypothetical protein
NHKJIMIN_09268	gene	210				
NHKJIMIN_09268	CDS	210				hypothetical protein
NHKJIMIN_09269	gene	300				
NHKJIMIN_09269	CDS	300				hypothetical protein
NHKJIMIN_09270	gene	324				
NHKJIMIN_09270	CDS	324				hypothetical protein
NHKJIMIN_09271	gene	258				
NHKJIMIN_09271	CDS	258				hypothetical protein
NHKJIMIN_09272	gene	1023				
NHKJIMIN_09272	CDS	1023				hypothetical protein
NHKJIMIN_09273	gene	300				
NHKJIMIN_09273	CDS	300				hypothetical protein
NHKJIMIN_09274	gene	573				
NHKJIMIN_09274	CDS	573				hypothetical protein
NHKJIMIN_09275	gene	882				
NHKJIMIN_09275	CDS	882				hypothetical protein
NHKJIMIN_09276	gene	186				
NHKJIMIN_09276	CDS	186				hypothetical protein
NHKJIMIN_09277	gene	216				
NHKJIMIN_09277	CDS	216				hypothetical protein
NHKJIMIN_09278	gene	282				
NHKJIMIN_09278	CDS	282				hypothetical protein
NHKJIMIN_09279	gene	426				
NHKJIMIN_09279	CDS	426				hypothetical protein
NHKJIMIN_09280	gene	534				
NHKJIMIN_09280	CDS	534				hypothetical protein
NHKJIMIN_09281	gene	378				
NHKJIMIN_09281	CDS	378				hypothetical protein
NHKJIMIN_09282	gene	633				
NHKJIMIN_09282	CDS	633				hypothetical protein
NHKJIMIN_09283	gene	210				
NHKJIMIN_09283	CDS	210				hypothetical protein
NHKJIMIN_09284	gene	912				
NHKJIMIN_09284	CDS	912				hypothetical protein
NHKJIMIN_09285	gene	366				
NHKJIMIN_09285	CDS	366				hypothetical protein
NHKJIMIN_09286	gene	402				
NHKJIMIN_09286	CDS	402				hypothetical protein
NHKJIMIN_09287	gene	285				
NHKJIMIN_09287	CDS	285				hypothetical protein
NHKJIMIN_09288	gene	198				
NHKJIMIN_09288	CDS	198				hypothetical protein
NHKJIMIN_09289	gene	444				
NHKJIMIN_09289	CDS	444				hypothetical protein
NHKJIMIN_09290	gene	585				
NHKJIMIN_09290	CDS	585				hypothetical protein
NHKJIMIN_09291	gene	297				
NHKJIMIN_09291	CDS	297				hypothetical protein
NHKJIMIN_09292	gene	738				
NHKJIMIN_09292	CDS	738				hypothetical protein
NHKJIMIN_09293	gene	240				
NHKJIMIN_09293	CDS	240				hypothetical protein
NHKJIMIN_09294	gene	249				
NHKJIMIN_09294	CDS	249				hypothetical protein
NHKJIMIN_09295	gene	138				
NHKJIMIN_09295	CDS	138				hypothetical protein
NHKJIMIN_09296	gene	750				
NHKJIMIN_09296	CDS	750				hypothetical protein
NHKJIMIN_09297	gene	312				
NHKJIMIN_09297	CDS	312				hypothetical protein
NHKJIMIN_09298	gene	267				
NHKJIMIN_09298	CDS	267				hypothetical protein
NHKJIMIN_09299	gene	273				
NHKJIMIN_09299	CDS	273				hypothetical protein
NHKJIMIN_09300	gene	351				
NHKJIMIN_09300	CDS	351				hypothetical protein
NHKJIMIN_09301	gene	396	ftnA_3			
NHKJIMIN_09301	CDS	396	ftnA_3	1.16.3.2		Bacterial non-heme ferritin
NHKJIMIN_09302	gene	117	lysA_1			
NHKJIMIN_09302	CDS	117	lysA_1	4.1.1.20		Diaminopimelate decarboxylase
NHKJIMIN_09303	gene	417	lysA_2			
NHKJIMIN_09303	CDS	417	lysA_2	4.1.1.20	COG0019	Diaminopimelate decarboxylase
NHKJIMIN_09304	gene	423				
NHKJIMIN_09304	CDS	423				hypothetical protein
NHKJIMIN_09305	gene	168				
NHKJIMIN_09305	CDS	168				hypothetical protein
NHKJIMIN_09306	gene	381	lysC_1			
NHKJIMIN_09306	CDS	381	lysC_1	2.7.2.4	COG0527	Lysine-sensitive aspartokinase 3
NHKJIMIN_09307	gene	897	lysC_2			
NHKJIMIN_09307	CDS	897	lysC_2	2.7.2.4	COG0527	Lysine-sensitive aspartokinase 3
NHKJIMIN_09308	gene	327	ftsE			
NHKJIMIN_09308	CDS	327	ftsE		COG2884	Cell division ATP-binding protein FtsE
NHKJIMIN_09309	gene	429				
NHKJIMIN_09309	CDS	429				hypothetical protein
NHKJIMIN_09310	gene	294	hisE			
NHKJIMIN_09310	CDS	294	hisE	3.6.1.31	COG0140	Phosphoribosyl-ATP pyrophosphatase
NHKJIMIN_09311	gene	267				
NHKJIMIN_09311	CDS	267				hypothetical protein
NHKJIMIN_09312	gene	339	hisF			
NHKJIMIN_09312	CDS	339	hisF	4.3.2.10		Imidazole glycerol phosphate synthase subunit HisF
NHKJIMIN_09313	gene	192				
NHKJIMIN_09313	CDS	192				hypothetical protein
NHKJIMIN_09314	gene	354	hisA_1			
NHKJIMIN_09314	CDS	354	hisA_1	5.3.1.16		1-(5-phosphoribosyl)-5-[(5-phosphoribosylamino)methylideneamino] imidazole-4-carboxamide isomerase
NHKJIMIN_09315	gene	366	hisA_2			
NHKJIMIN_09315	CDS	366	hisA_2	5.3.1.16	COG0106	1-(5-phosphoribosyl)-5-[(5-phosphoribosylamino)methylideneamino] imidazole-4-carboxamide isomerase
NHKJIMIN_09316	gene	333	hisH_1			
NHKJIMIN_09316	CDS	333	hisH_1	3.5.1.2		Imidazole glycerol phosphate synthase subunit HisH
NHKJIMIN_09317	gene	246	hisH_2			
NHKJIMIN_09317	CDS	246	hisH_2	3.5.1.2		Imidazole glycerol phosphate synthase subunit HisH
NHKJIMIN_09318	gene	75				
NHKJIMIN_09318	tRNA	75				tRNA-Asp(gtc)
NHKJIMIN_09319	gene	75				
NHKJIMIN_09319	tRNA	75				tRNA-Asp(gtc)
NHKJIMIN_09320	gene	1062				
NHKJIMIN_09320	CDS	1062				hypothetical protein
NHKJIMIN_09321	gene	429				
NHKJIMIN_09321	CDS	429				hypothetical protein
NHKJIMIN_09322	gene	249				
NHKJIMIN_09322	CDS	249				hypothetical protein
NHKJIMIN_09323	gene	408				
NHKJIMIN_09323	CDS	408				hypothetical protein
NHKJIMIN_09324	gene	180				
NHKJIMIN_09324	CDS	180				hypothetical protein
NHKJIMIN_09325	gene	420				
NHKJIMIN_09325	CDS	420				hypothetical protein
NHKJIMIN_09326	gene	210				
NHKJIMIN_09326	CDS	210				hypothetical protein
NHKJIMIN_09327	gene	330				
NHKJIMIN_09327	CDS	330				hypothetical protein
NHKJIMIN_09328	gene	327				
NHKJIMIN_09328	CDS	327				hypothetical protein
NHKJIMIN_09329	gene	174				
NHKJIMIN_09329	CDS	174				hypothetical protein
NHKJIMIN_09330	gene	321				
NHKJIMIN_09330	CDS	321				hypothetical protein
NHKJIMIN_09331	gene	450				
NHKJIMIN_09331	CDS	450				hypothetical protein
NHKJIMIN_09332	gene	414				
NHKJIMIN_09332	CDS	414				hypothetical protein
NHKJIMIN_09333	gene	690				
NHKJIMIN_09333	CDS	690				hypothetical protein
NHKJIMIN_09334	gene	225				
NHKJIMIN_09334	CDS	225				hypothetical protein
NHKJIMIN_09335	gene	312	ydeA			
NHKJIMIN_09335	CDS	312	ydeA	3.2.-.-	COG0693	putative protease YdeA
NHKJIMIN_09336	gene	249				
NHKJIMIN_09336	CDS	249				hypothetical protein
NHKJIMIN_09337	gene	393				
NHKJIMIN_09337	CDS	393				hypothetical protein
NHKJIMIN_09338	gene	348				
NHKJIMIN_09338	CDS	348				hypothetical protein
NHKJIMIN_09339	gene	363				
NHKJIMIN_09339	CDS	363				hypothetical protein
NHKJIMIN_09340	gene	573				
NHKJIMIN_09340	CDS	573				hypothetical protein
NHKJIMIN_09341	gene	216				
NHKJIMIN_09341	CDS	216				hypothetical protein
NHKJIMIN_09342	gene	312				
NHKJIMIN_09342	CDS	312				hypothetical protein
NHKJIMIN_09343	gene	684	rlmF			
NHKJIMIN_09343	CDS	684	rlmF	2.1.1.181	COG3129	Ribosomal RNA large subunit methyltransferase F
NHKJIMIN_09344	gene	393				
NHKJIMIN_09344	CDS	393				hypothetical protein
NHKJIMIN_09345	gene	1056				
NHKJIMIN_09345	CDS	1056				hypothetical protein
NHKJIMIN_09346	gene	372				
NHKJIMIN_09346	CDS	372				hypothetical protein
NHKJIMIN_09347	gene	636				
NHKJIMIN_09347	CDS	636				hypothetical protein
NHKJIMIN_09348	gene	258				
NHKJIMIN_09348	CDS	258				hypothetical protein
NHKJIMIN_09349	gene	195				
NHKJIMIN_09349	CDS	195				hypothetical protein
NHKJIMIN_09350	gene	261				
NHKJIMIN_09350	CDS	261				hypothetical protein
NHKJIMIN_09351	gene	384				
NHKJIMIN_09351	CDS	384				hypothetical protein
NHKJIMIN_09352	gene	291				
NHKJIMIN_09352	CDS	291				hypothetical protein
NHKJIMIN_09353	gene	192				
NHKJIMIN_09353	CDS	192				hypothetical protein
NHKJIMIN_09354	gene	564				
NHKJIMIN_09354	CDS	564				hypothetical protein
NHKJIMIN_09355	gene	1215				
NHKJIMIN_09355	CDS	1215				hypothetical protein
NHKJIMIN_09356	gene	96				
NHKJIMIN_09356	CDS	96				hypothetical protein
NHKJIMIN_09357	gene	303				
NHKJIMIN_09357	CDS	303				hypothetical protein
NHKJIMIN_09358	gene	333				
NHKJIMIN_09358	CDS	333				hypothetical protein
NHKJIMIN_09359	gene	270				
NHKJIMIN_09359	CDS	270				hypothetical protein
NHKJIMIN_09360	gene	384				
NHKJIMIN_09360	CDS	384				hypothetical protein
NHKJIMIN_09361	gene	243				
NHKJIMIN_09361	CDS	243				hypothetical protein
NHKJIMIN_09362	gene	342				
NHKJIMIN_09362	CDS	342				hypothetical protein
NHKJIMIN_09363	gene	384				
NHKJIMIN_09363	CDS	384				hypothetical protein
NHKJIMIN_09364	gene	246				
NHKJIMIN_09364	CDS	246				hypothetical protein
NHKJIMIN_09365	gene	555				
NHKJIMIN_09365	CDS	555				hypothetical protein
NHKJIMIN_09366	gene	195				
NHKJIMIN_09366	CDS	195				hypothetical protein
NHKJIMIN_09367	gene	552				
NHKJIMIN_09367	CDS	552				hypothetical protein
NHKJIMIN_09368	gene	300				
NHKJIMIN_09368	CDS	300				hypothetical protein
NHKJIMIN_09369	gene	168				
NHKJIMIN_09369	CDS	168				hypothetical protein
NHKJIMIN_09370	gene	144				
NHKJIMIN_09370	CDS	144				hypothetical protein
NHKJIMIN_09371	gene	624				
NHKJIMIN_09371	CDS	624				hypothetical protein
NHKJIMIN_09372	gene	357				
NHKJIMIN_09372	CDS	357				hypothetical protein
NHKJIMIN_09373	gene	273				
NHKJIMIN_09373	CDS	273				hypothetical protein
NHKJIMIN_09374	gene	405				
NHKJIMIN_09374	CDS	405				hypothetical protein
NHKJIMIN_09375	gene	627				
NHKJIMIN_09375	CDS	627				hypothetical protein
NHKJIMIN_09376	gene	324				
NHKJIMIN_09376	CDS	324				hypothetical protein
NHKJIMIN_09377	gene	333				
NHKJIMIN_09377	CDS	333				hypothetical protein
NHKJIMIN_09378	gene	426				
NHKJIMIN_09378	CDS	426				hypothetical protein
NHKJIMIN_09379	gene	1023	pfp_4			
NHKJIMIN_09379	CDS	1023	pfp_4	2.7.1.90		Pyrophosphate--fructose 6-phosphate 1-phosphotransferase
NHKJIMIN_09380	gene	630	pfp_5			
NHKJIMIN_09380	CDS	630	pfp_5	2.7.1.90		Pyrophosphate--fructose 6-phosphate 1-phosphotransferase
NHKJIMIN_09381	gene	228				
NHKJIMIN_09381	CDS	228				hypothetical protein
NHKJIMIN_09382	gene	723				
NHKJIMIN_09382	CDS	723				hypothetical protein
NHKJIMIN_09383	gene	123				
NHKJIMIN_09383	CDS	123				hypothetical protein
NHKJIMIN_09384	gene	306				
NHKJIMIN_09384	CDS	306				hypothetical protein
NHKJIMIN_09385	gene	192				
NHKJIMIN_09385	CDS	192				hypothetical protein
NHKJIMIN_09386	gene	180				
NHKJIMIN_09386	CDS	180				hypothetical protein
NHKJIMIN_09387	gene	306				
NHKJIMIN_09387	CDS	306				hypothetical protein
NHKJIMIN_09388	gene	396				
NHKJIMIN_09388	CDS	396				hypothetical protein
NHKJIMIN_09389	gene	267				
NHKJIMIN_09389	CDS	267				hypothetical protein
NHKJIMIN_09390	gene	588				
NHKJIMIN_09390	CDS	588				hypothetical protein
NHKJIMIN_09391	gene	300				
NHKJIMIN_09391	CDS	300				hypothetical protein
NHKJIMIN_09392	gene	390				
NHKJIMIN_09392	CDS	390				hypothetical protein
NHKJIMIN_09393	gene	228				
NHKJIMIN_09393	CDS	228				hypothetical protein
NHKJIMIN_09394	gene	654				
NHKJIMIN_09394	CDS	654				hypothetical protein
NHKJIMIN_09395	gene	219				
NHKJIMIN_09395	CDS	219				hypothetical protein
NHKJIMIN_09396	gene	267				
NHKJIMIN_09396	CDS	267				hypothetical protein
NHKJIMIN_09397	gene	708				
NHKJIMIN_09397	CDS	708				hypothetical protein
NHKJIMIN_09398	gene	150				
NHKJIMIN_09398	CDS	150				hypothetical protein
NHKJIMIN_09399	gene	348				
NHKJIMIN_09399	CDS	348			COG4771	TonB-dependent receptor P39
NHKJIMIN_09400	gene	273				
NHKJIMIN_09400	CDS	273				hypothetical protein
NHKJIMIN_09401	gene	267				
NHKJIMIN_09401	CDS	267				hypothetical protein
NHKJIMIN_09402	gene	291				
NHKJIMIN_09402	CDS	291				hypothetical protein
NHKJIMIN_09403	gene	912	susC_39			
NHKJIMIN_09403	CDS	912	susC_39		COG1629	TonB-dependent receptor SusC
NHKJIMIN_09404	gene	177				
NHKJIMIN_09404	CDS	177				hypothetical protein
NHKJIMIN_09405	gene	162				
NHKJIMIN_09405	CDS	162				hypothetical protein
NHKJIMIN_09406	gene	306				
NHKJIMIN_09406	CDS	306				hypothetical protein
NHKJIMIN_09407	gene	366				
NHKJIMIN_09407	CDS	366				hypothetical protein
NHKJIMIN_09408	gene	393				
NHKJIMIN_09408	CDS	393				hypothetical protein
NHKJIMIN_09409	gene	135				
NHKJIMIN_09409	CDS	135				hypothetical protein
NHKJIMIN_09410	gene	360	srpC_2			
NHKJIMIN_09410	CDS	360	srpC_2			Solvent efflux pump outer membrane protein SrpC
NHKJIMIN_09411	gene	375				
NHKJIMIN_09411	CDS	375				hypothetical protein
NHKJIMIN_09412	gene	411				
NHKJIMIN_09412	CDS	411				hypothetical protein
NHKJIMIN_09413	gene	318				
NHKJIMIN_09413	CDS	318				hypothetical protein
NHKJIMIN_09414	gene	519	acrD_1			
NHKJIMIN_09414	CDS	519	acrD_1		COG0841	putative aminoglycoside efflux pump
NHKJIMIN_09415	gene	651	acrD_2			
NHKJIMIN_09415	CDS	651	acrD_2		COG0841	putative aminoglycoside efflux pump
NHKJIMIN_09416	gene	309				
NHKJIMIN_09416	CDS	309				hypothetical protein
NHKJIMIN_09417	gene	1443	bepE_10			
NHKJIMIN_09417	CDS	1443	bepE_10			Efflux pump membrane transporter BepE
NHKJIMIN_09418	gene	810	bepF_2			
NHKJIMIN_09418	CDS	810	bepF_2			Efflux pump periplasmic linker BepF
NHKJIMIN_09419	gene	144				
NHKJIMIN_09419	CDS	144				hypothetical protein
NHKJIMIN_09420	gene	207				
NHKJIMIN_09420	CDS	207				hypothetical protein
NHKJIMIN_09421	gene	279				
NHKJIMIN_09421	CDS	279				hypothetical protein
NHKJIMIN_09422	gene	363				
NHKJIMIN_09422	CDS	363				hypothetical protein
NHKJIMIN_09423	gene	456				
NHKJIMIN_09423	CDS	456				hypothetical protein
NHKJIMIN_09424	gene	174				
NHKJIMIN_09424	CDS	174				hypothetical protein
NHKJIMIN_09425	gene	195				
NHKJIMIN_09425	CDS	195				hypothetical protein
NHKJIMIN_09426	gene	156				
NHKJIMIN_09426	CDS	156				hypothetical protein
NHKJIMIN_09427	gene	225				
NHKJIMIN_09427	CDS	225				hypothetical protein
NHKJIMIN_09428	gene	315				
NHKJIMIN_09428	CDS	315				hypothetical protein
NHKJIMIN_09429	gene	438	yafV			
NHKJIMIN_09429	CDS	438	yafV	3.5.1.3	COG0388	Omega-amidase YafV
NHKJIMIN_09430	gene	423	nagA_2			
NHKJIMIN_09430	CDS	423	nagA_2	3.5.1.25		N-acetylglucosamine-6-phosphate deacetylase
NHKJIMIN_09431	gene	531	nagA_3			
NHKJIMIN_09431	CDS	531	nagA_3	3.5.1.25	COG1820	N-acetylglucosamine-6-phosphate deacetylase
NHKJIMIN_09432	gene	525	nagB_2			
NHKJIMIN_09432	CDS	525	nagB_2	3.5.99.6		Glucosamine-6-phosphate deaminase
NHKJIMIN_09433	gene	690	nagB_3			
NHKJIMIN_09433	CDS	690	nagB_3	3.5.99.6		Glucosamine-6-phosphate deaminase
NHKJIMIN_09434	gene	165				
NHKJIMIN_09434	CDS	165				hypothetical protein
NHKJIMIN_09435	gene	264				
NHKJIMIN_09435	CDS	264				hypothetical protein
NHKJIMIN_09436	gene	723	iphP			
NHKJIMIN_09436	CDS	723	iphP	3.1.3.48		Tyrosine-protein phosphatase
NHKJIMIN_09437	gene	513				
NHKJIMIN_09437	CDS	513				hypothetical protein
NHKJIMIN_09438	gene	177				
NHKJIMIN_09438	CDS	177				hypothetical protein
NHKJIMIN_09439	gene	180				
NHKJIMIN_09439	CDS	180				hypothetical protein
NHKJIMIN_09440	gene	102				
NHKJIMIN_09440	CDS	102				hypothetical protein
NHKJIMIN_09441	gene	717				
NHKJIMIN_09441	CDS	717				hypothetical protein
NHKJIMIN_09442	gene	855				
NHKJIMIN_09442	CDS	855				hypothetical protein
NHKJIMIN_09443	gene	201				
NHKJIMIN_09443	CDS	201				hypothetical protein
NHKJIMIN_09444	gene	321				
NHKJIMIN_09444	CDS	321				hypothetical protein
NHKJIMIN_09445	gene	216				
NHKJIMIN_09445	CDS	216				hypothetical protein
NHKJIMIN_09446	gene	192				
NHKJIMIN_09446	CDS	192				hypothetical protein
NHKJIMIN_09447	gene	156				
NHKJIMIN_09447	CDS	156				hypothetical protein
NHKJIMIN_09448	gene	207				
NHKJIMIN_09448	CDS	207				hypothetical protein
NHKJIMIN_09449	gene	132				
NHKJIMIN_09449	CDS	132				hypothetical protein
NHKJIMIN_09450	gene	423				
NHKJIMIN_09450	CDS	423				hypothetical protein
NHKJIMIN_09451	gene	348				
NHKJIMIN_09451	CDS	348				hypothetical protein
NHKJIMIN_09452	gene	183				
NHKJIMIN_09452	CDS	183				hypothetical protein
NHKJIMIN_09453	gene	447				
NHKJIMIN_09453	CDS	447				hypothetical protein
NHKJIMIN_09454	gene	246				
NHKJIMIN_09454	CDS	246				hypothetical protein
NHKJIMIN_09455	gene	312				
NHKJIMIN_09455	CDS	312				hypothetical protein
NHKJIMIN_09456	gene	276	mfd_1			
NHKJIMIN_09456	CDS	276	mfd_1	3.6.4.-		Transcription-repair-coupling factor
NHKJIMIN_09457	gene	282	mfd_2			
NHKJIMIN_09457	CDS	282	mfd_2	3.6.4.-		Transcription-repair-coupling factor
NHKJIMIN_09458	gene	285	mfd_3			
NHKJIMIN_09458	CDS	285	mfd_3	3.6.4.-	COG1197	Transcription-repair-coupling factor
NHKJIMIN_09459	gene	966	mfd_4			
NHKJIMIN_09459	CDS	966	mfd_4	3.6.4.-		Transcription-repair-coupling factor
NHKJIMIN_09460	gene	648	mfd_5			
NHKJIMIN_09460	CDS	648	mfd_5	3.6.4.-		Transcription-repair-coupling factor
NHKJIMIN_09461	gene	384	mfd_6			
NHKJIMIN_09461	CDS	384	mfd_6	3.6.4.-		Transcription-repair-coupling factor
NHKJIMIN_09462	gene	147				
NHKJIMIN_09462	CDS	147				hypothetical protein
NHKJIMIN_09463	gene	189	ppm1_2			
NHKJIMIN_09463	CDS	189	ppm1_2	2.4.1.-	COG0463	Polyprenol monophosphomannose synthase
NHKJIMIN_09464	gene	423	ppm1_3			
NHKJIMIN_09464	CDS	423	ppm1_3	2.4.1.-	COG0463	Polyprenol monophosphomannose synthase
NHKJIMIN_09465	gene	216				
NHKJIMIN_09465	CDS	216				hypothetical protein
NHKJIMIN_09466	gene	249				
NHKJIMIN_09466	CDS	249				hypothetical protein
NHKJIMIN_09467	gene	189				
NHKJIMIN_09467	CDS	189				hypothetical protein
NHKJIMIN_09468	gene	267	allB			
NHKJIMIN_09468	CDS	267	allB	3.5.2.5		Allantoinase
NHKJIMIN_09469	gene	276				
NHKJIMIN_09469	CDS	276				hypothetical protein
NHKJIMIN_09470	gene	108				
NHKJIMIN_09470	CDS	108				hypothetical protein
NHKJIMIN_09471	gene	456				
NHKJIMIN_09471	CDS	456				hypothetical protein
NHKJIMIN_09472	gene	900				
NHKJIMIN_09472	CDS	900				hypothetical protein
NHKJIMIN_09473	gene	639				
NHKJIMIN_09473	CDS	639				hypothetical protein
NHKJIMIN_09474	gene	135				
NHKJIMIN_09474	CDS	135				hypothetical protein
NHKJIMIN_09475	gene	120				
NHKJIMIN_09475	CDS	120				hypothetical protein
NHKJIMIN_09476	gene	702				
NHKJIMIN_09476	CDS	702				hypothetical protein
NHKJIMIN_09477	gene	216				
NHKJIMIN_09477	CDS	216				hypothetical protein
NHKJIMIN_09478	gene	1002				
NHKJIMIN_09478	CDS	1002				hypothetical protein
NHKJIMIN_09479	gene	252				
NHKJIMIN_09479	CDS	252				hypothetical protein
NHKJIMIN_09480	gene	321				
NHKJIMIN_09480	CDS	321				hypothetical protein
NHKJIMIN_09481	gene	240				
NHKJIMIN_09481	CDS	240				hypothetical protein
NHKJIMIN_09482	gene	381				
NHKJIMIN_09482	CDS	381				hypothetical protein
NHKJIMIN_09483	gene	174				
NHKJIMIN_09483	CDS	174				hypothetical protein
NHKJIMIN_09484	gene	126				
NHKJIMIN_09484	CDS	126				hypothetical protein
NHKJIMIN_09485	gene	411				
NHKJIMIN_09485	CDS	411				hypothetical protein
NHKJIMIN_09486	gene	1167				
NHKJIMIN_09486	CDS	1167				hypothetical protein
NHKJIMIN_09487	gene	312				
NHKJIMIN_09487	CDS	312				hypothetical protein
NHKJIMIN_09488	gene	1005				
NHKJIMIN_09488	CDS	1005				hypothetical protein
NHKJIMIN_09489	gene	429				
NHKJIMIN_09489	CDS	429				hypothetical protein
NHKJIMIN_09490	gene	552				
NHKJIMIN_09490	CDS	552			COG1132	putative ABC transporter ATP-binding protein
NHKJIMIN_09491	gene	360				
NHKJIMIN_09491	CDS	360			COG1132	putative ABC transporter ATP-binding protein
NHKJIMIN_09492	gene	543				
NHKJIMIN_09492	CDS	543			COG1132	putative ABC transporter ATP-binding protein
NHKJIMIN_09493	gene	168	yheH			
NHKJIMIN_09493	CDS	168	yheH	7.6.2.-	COG1132	putative multidrug resistance ABC transporter ATP-binding/permease protein YheH
NHKJIMIN_09494	gene	324				
NHKJIMIN_09494	CDS	324				hypothetical protein
NHKJIMIN_09495	gene	207	sbcC			
NHKJIMIN_09495	CDS	207	sbcC		COG0419	Nuclease SbcCD subunit C
NHKJIMIN_09496	gene	363				
NHKJIMIN_09496	CDS	363				hypothetical protein
NHKJIMIN_09497	gene	618				
NHKJIMIN_09497	CDS	618				hypothetical protein
NHKJIMIN_09498	gene	375				
NHKJIMIN_09498	CDS	375				hypothetical protein
NHKJIMIN_09499	gene	273				
NHKJIMIN_09499	CDS	273				hypothetical protein
NHKJIMIN_09500	gene	354				
NHKJIMIN_09500	CDS	354				hypothetical protein
NHKJIMIN_09501	gene	804				
NHKJIMIN_09501	CDS	804				hypothetical protein
NHKJIMIN_09502	gene	243				
NHKJIMIN_09502	CDS	243				hypothetical protein
NHKJIMIN_09503	gene	354				
NHKJIMIN_09503	CDS	354				hypothetical protein
NHKJIMIN_09504	gene	180				
NHKJIMIN_09504	CDS	180				hypothetical protein
NHKJIMIN_09505	gene	135				
NHKJIMIN_09505	CDS	135				hypothetical protein
NHKJIMIN_09506	gene	639	mdtC_4			
NHKJIMIN_09506	CDS	639	mdtC_4			Multidrug resistance protein MdtC
NHKJIMIN_09507	gene	720				
NHKJIMIN_09507	CDS	720				hypothetical protein
NHKJIMIN_09508	gene	168				
NHKJIMIN_09508	CDS	168				hypothetical protein
NHKJIMIN_09509	gene	963	swrC			
NHKJIMIN_09509	CDS	963	swrC		COG0841	Swarming motility protein SwrC
NHKJIMIN_09510	gene	1119	mdtC_5			
NHKJIMIN_09510	CDS	1119	mdtC_5			Multidrug resistance protein MdtC
NHKJIMIN_09511	gene	774				
NHKJIMIN_09511	CDS	774				hypothetical protein
NHKJIMIN_09512	gene	342				
NHKJIMIN_09512	CDS	342				hypothetical protein
NHKJIMIN_09513	gene	606	bepG_3			
NHKJIMIN_09513	CDS	606	bepG_3			Efflux pump membrane transporter BepG
NHKJIMIN_09514	gene	813				
NHKJIMIN_09514	CDS	813				hypothetical protein
NHKJIMIN_09515	gene	285				
NHKJIMIN_09515	CDS	285				hypothetical protein
NHKJIMIN_09516	gene	306	cusA_6			
NHKJIMIN_09516	CDS	306	cusA_6		COG3696	Cation efflux system protein CusA
NHKJIMIN_09517	gene	183				
NHKJIMIN_09517	CDS	183				hypothetical protein
NHKJIMIN_09518	gene	783	mdtB_7			
NHKJIMIN_09518	CDS	783	mdtB_7			Multidrug resistance protein MdtB
NHKJIMIN_09519	gene	522	mdtA_3			
NHKJIMIN_09519	CDS	522	mdtA_3			Multidrug resistance protein MdtA
NHKJIMIN_09520	gene	174				
NHKJIMIN_09520	CDS	174				hypothetical protein
NHKJIMIN_09521	gene	210				
NHKJIMIN_09521	CDS	210				hypothetical protein
NHKJIMIN_09522	gene	237				
NHKJIMIN_09522	CDS	237				hypothetical protein
NHKJIMIN_09523	gene	258				
NHKJIMIN_09523	CDS	258				hypothetical protein
NHKJIMIN_09524	gene	612				
NHKJIMIN_09524	CDS	612				hypothetical protein
NHKJIMIN_09525	gene	228				
NHKJIMIN_09525	CDS	228				hypothetical protein
NHKJIMIN_09526	gene	153				
NHKJIMIN_09526	CDS	153				hypothetical protein
NHKJIMIN_09527	gene	228				
NHKJIMIN_09527	CDS	228				hypothetical protein
NHKJIMIN_09528	gene	198				
NHKJIMIN_09528	CDS	198				hypothetical protein
NHKJIMIN_09529	gene	420				
NHKJIMIN_09529	CDS	420				hypothetical protein
NHKJIMIN_09530	gene	174				
NHKJIMIN_09530	CDS	174				hypothetical protein
NHKJIMIN_09531	gene	159				
NHKJIMIN_09531	CDS	159				hypothetical protein
NHKJIMIN_09532	gene	135				
NHKJIMIN_09532	CDS	135				hypothetical protein
NHKJIMIN_09533	gene	258				
NHKJIMIN_09533	CDS	258				hypothetical protein
NHKJIMIN_09534	gene	174				
NHKJIMIN_09534	CDS	174				hypothetical protein
NHKJIMIN_09535	gene	345				
NHKJIMIN_09535	CDS	345				hypothetical protein
NHKJIMIN_09536	gene	258				
NHKJIMIN_09536	CDS	258				hypothetical protein
NHKJIMIN_09537	gene	165				
NHKJIMIN_09537	CDS	165				hypothetical protein
NHKJIMIN_09538	gene	306				
NHKJIMIN_09538	CDS	306				hypothetical protein
NHKJIMIN_09539	gene	240				
NHKJIMIN_09539	CDS	240				hypothetical protein
NHKJIMIN_09540	gene	315				
NHKJIMIN_09540	CDS	315				hypothetical protein
NHKJIMIN_09541	gene	273				
NHKJIMIN_09541	CDS	273				hypothetical protein
NHKJIMIN_09542	gene	288				
NHKJIMIN_09542	CDS	288				hypothetical protein
NHKJIMIN_09543	gene	126				
NHKJIMIN_09543	CDS	126				hypothetical protein
NHKJIMIN_09544	gene	306				
NHKJIMIN_09544	CDS	306				hypothetical protein
NHKJIMIN_09545	gene	285				
NHKJIMIN_09545	CDS	285				hypothetical protein
NHKJIMIN_09546	gene	222				
NHKJIMIN_09546	CDS	222				hypothetical protein
NHKJIMIN_09547	gene	495				
NHKJIMIN_09547	CDS	495				hypothetical protein
NHKJIMIN_09548	gene	261				
NHKJIMIN_09548	CDS	261				hypothetical protein
NHKJIMIN_09549	gene	324				
NHKJIMIN_09549	CDS	324				hypothetical protein
NHKJIMIN_09550	gene	168				
NHKJIMIN_09550	CDS	168				hypothetical protein
NHKJIMIN_09551	gene	210				
NHKJIMIN_09551	CDS	210				hypothetical protein
NHKJIMIN_09552	gene	159				
NHKJIMIN_09552	CDS	159				hypothetical protein
NHKJIMIN_09553	gene	144				
NHKJIMIN_09553	CDS	144				hypothetical protein
NHKJIMIN_09554	gene	129				
NHKJIMIN_09554	CDS	129				hypothetical protein
NHKJIMIN_09555	gene	483				
NHKJIMIN_09555	CDS	483				hypothetical protein
NHKJIMIN_09556	gene	159				
NHKJIMIN_09556	CDS	159				hypothetical protein
NHKJIMIN_09557	gene	177				
NHKJIMIN_09557	CDS	177				hypothetical protein
NHKJIMIN_09558	gene	108				
NHKJIMIN_09558	CDS	108				hypothetical protein
NHKJIMIN_09559	gene	159				
NHKJIMIN_09559	CDS	159				hypothetical protein
NHKJIMIN_09560	gene	600				
NHKJIMIN_09560	CDS	600				hypothetical protein
NHKJIMIN_09561	gene	414				
NHKJIMIN_09561	CDS	414				hypothetical protein
NHKJIMIN_09562	gene	213				
NHKJIMIN_09562	CDS	213				hypothetical protein
NHKJIMIN_09563	gene	453				
NHKJIMIN_09563	CDS	453				hypothetical protein
NHKJIMIN_09564	gene	258				
NHKJIMIN_09564	CDS	258				hypothetical protein
NHKJIMIN_09565	gene	228				
NHKJIMIN_09565	CDS	228				hypothetical protein
NHKJIMIN_09566	gene	237				
NHKJIMIN_09566	CDS	237				hypothetical protein
NHKJIMIN_09567	gene	435				
NHKJIMIN_09567	CDS	435				hypothetical protein
NHKJIMIN_09568	gene	396				
NHKJIMIN_09568	CDS	396				hypothetical protein
NHKJIMIN_09569	gene	258				
NHKJIMIN_09569	CDS	258				hypothetical protein
NHKJIMIN_09570	gene	312				
NHKJIMIN_09570	CDS	312				hypothetical protein
NHKJIMIN_09571	gene	627				
NHKJIMIN_09571	CDS	627				hypothetical protein
NHKJIMIN_09572	gene	153				
NHKJIMIN_09572	CDS	153				hypothetical protein
NHKJIMIN_09573	gene	366				
NHKJIMIN_09573	CDS	366				hypothetical protein
NHKJIMIN_09574	gene	123				
NHKJIMIN_09574	CDS	123				hypothetical protein
NHKJIMIN_09575	gene	309				
NHKJIMIN_09575	CDS	309				hypothetical protein
NHKJIMIN_09576	gene	225				
NHKJIMIN_09576	CDS	225				hypothetical protein
NHKJIMIN_09577	gene	120				
NHKJIMIN_09577	CDS	120				hypothetical protein
NHKJIMIN_09578	gene	234	chuR_1			
NHKJIMIN_09578	CDS	234	chuR_1	1.1.98.7	COG0641	Serine-type anaerobic sulfatase-maturating enzyme
NHKJIMIN_09579	gene	249	chuR_2			
NHKJIMIN_09579	CDS	249	chuR_2	1.1.98.7	COG0641	Serine-type anaerobic sulfatase-maturating enzyme
NHKJIMIN_09580	gene	117	chuR_3			
NHKJIMIN_09580	CDS	117	chuR_3	1.1.98.7	COG0641	Serine-type anaerobic sulfatase-maturating enzyme
NHKJIMIN_09581	gene	381	chuR_4			
NHKJIMIN_09581	CDS	381	chuR_4	1.1.98.7	COG0641	Serine-type anaerobic sulfatase-maturating enzyme
NHKJIMIN_09582	gene	243	dpp7_2			
NHKJIMIN_09582	CDS	243	dpp7_2	3.4.14.-	COG3591	Dipeptidyl-peptidase 7
NHKJIMIN_09583	gene	516				
NHKJIMIN_09583	CDS	516				hypothetical protein
NHKJIMIN_09584	gene	183	dpp7_3			
NHKJIMIN_09584	CDS	183	dpp7_3	3.4.14.-	COG3591	Dipeptidyl-peptidase 7
NHKJIMIN_09585	gene	264	dpp7_4			
NHKJIMIN_09585	CDS	264	dpp7_4	3.4.14.-	COG3591	Dipeptidyl-peptidase 7
NHKJIMIN_09586	gene	345	dpp7_5			
NHKJIMIN_09586	CDS	345	dpp7_5	3.4.14.-	COG3591	Dipeptidyl-peptidase 7
NHKJIMIN_09587	gene	246	dpp7_6			
NHKJIMIN_09587	CDS	246	dpp7_6	3.4.14.-	COG3591	Dipeptidyl-peptidase 7
NHKJIMIN_09588	gene	522				
NHKJIMIN_09588	CDS	522				hypothetical protein
NHKJIMIN_09589	gene	402	dpp7_7			
NHKJIMIN_09589	CDS	402	dpp7_7	3.4.14.-	COG3591	Dipeptidyl-peptidase 7
NHKJIMIN_09590	gene	792	dpp7_8			
NHKJIMIN_09590	CDS	792	dpp7_8	3.4.14.-	COG3591	Dipeptidyl-peptidase 7
NHKJIMIN_09591	gene	183				
NHKJIMIN_09591	CDS	183				hypothetical protein
NHKJIMIN_09592	gene	327				
NHKJIMIN_09592	CDS	327				hypothetical protein
NHKJIMIN_09593	gene	204				
NHKJIMIN_09593	CDS	204				hypothetical protein
NHKJIMIN_09594	gene	180				
NHKJIMIN_09594	CDS	180				hypothetical protein
NHKJIMIN_09595	gene	195				
NHKJIMIN_09595	CDS	195				hypothetical protein
NHKJIMIN_09596	gene	486				
NHKJIMIN_09596	CDS	486				hypothetical protein
NHKJIMIN_09597	gene	258				
NHKJIMIN_09597	CDS	258				hypothetical protein
NHKJIMIN_09598	gene	435				
NHKJIMIN_09598	CDS	435				hypothetical protein
NHKJIMIN_09599	gene	549				
NHKJIMIN_09599	CDS	549				hypothetical protein
NHKJIMIN_09600	gene	165				
NHKJIMIN_09600	CDS	165				hypothetical protein
NHKJIMIN_09601	gene	378	rbr3A			
NHKJIMIN_09601	CDS	378	rbr3A	1.11.1.1	COG1592	Reverse rubrerythrin-1
NHKJIMIN_09602	gene	423	perR			
NHKJIMIN_09602	CDS	423	perR		COG0735	Peroxide-responsive repressor PerR
NHKJIMIN_09603	gene	348	yhaI			
NHKJIMIN_09603	CDS	348	yhaI		COG3152	Inner membrane protein YhaI
NHKJIMIN_09604	gene	444	dcp_2			
NHKJIMIN_09604	CDS	444	dcp_2	3.4.15.5	COG0339	Dipeptidyl carboxypeptidase
NHKJIMIN_09605	gene	543	dcp_3			
NHKJIMIN_09605	CDS	543	dcp_3	3.4.15.5		Dipeptidyl carboxypeptidase
NHKJIMIN_09606	gene	294	dcp_4			
NHKJIMIN_09606	CDS	294	dcp_4	3.4.15.5	COG0339	Dipeptidyl carboxypeptidase
NHKJIMIN_09607	gene	465	dcp_5			
NHKJIMIN_09607	CDS	465	dcp_5	3.4.15.5	COG0339	Dipeptidyl carboxypeptidase
NHKJIMIN_09608	gene	210				
NHKJIMIN_09608	CDS	210				hypothetical protein
NHKJIMIN_09609	gene	510	nadE_1			
NHKJIMIN_09609	CDS	510	nadE_1	6.3.5.1		Glutamine-dependent NAD(+) synthetase
NHKJIMIN_09610	gene	537	nadE_2			
NHKJIMIN_09610	CDS	537	nadE_2	6.3.5.1		Glutamine-dependent NAD(+) synthetase
NHKJIMIN_09611	gene	480	nadE_3			
NHKJIMIN_09611	CDS	480	nadE_3	6.3.5.1		Glutamine-dependent NAD(+) synthetase
NHKJIMIN_09612	gene	276				
NHKJIMIN_09612	CDS	276				hypothetical protein
NHKJIMIN_09613	gene	192				
NHKJIMIN_09613	CDS	192				hypothetical protein
NHKJIMIN_09614	gene	114				
NHKJIMIN_09614	CDS	114				hypothetical protein
NHKJIMIN_09615	gene	186				
NHKJIMIN_09615	CDS	186				hypothetical protein
NHKJIMIN_09616	gene	138				
NHKJIMIN_09616	CDS	138				hypothetical protein
NHKJIMIN_09617	gene	183				
NHKJIMIN_09617	CDS	183				hypothetical protein
NHKJIMIN_09618	gene	597				
NHKJIMIN_09618	CDS	597				hypothetical protein
NHKJIMIN_09619	gene	420				
NHKJIMIN_09619	CDS	420				hypothetical protein
NHKJIMIN_09620	gene	492				
NHKJIMIN_09620	CDS	492				hypothetical protein
NHKJIMIN_09621	gene	126				
NHKJIMIN_09621	CDS	126				hypothetical protein
NHKJIMIN_09622	gene	318				
NHKJIMIN_09622	CDS	318				hypothetical protein
NHKJIMIN_09623	gene	261				
NHKJIMIN_09623	CDS	261				hypothetical protein
NHKJIMIN_09624	gene	147				
NHKJIMIN_09624	CDS	147				hypothetical protein
NHKJIMIN_09625	gene	216				
NHKJIMIN_09625	CDS	216				hypothetical protein
NHKJIMIN_09626	gene	165				
NHKJIMIN_09626	CDS	165				hypothetical protein
NHKJIMIN_09627	gene	573				
NHKJIMIN_09627	CDS	573				hypothetical protein
NHKJIMIN_09628	gene	684				
NHKJIMIN_09628	CDS	684				hypothetical protein
NHKJIMIN_09629	gene	420				
NHKJIMIN_09629	CDS	420				hypothetical protein
NHKJIMIN_09630	gene	222				
NHKJIMIN_09630	CDS	222				hypothetical protein
NHKJIMIN_09631	gene	252				
NHKJIMIN_09631	CDS	252				hypothetical protein
NHKJIMIN_09632	gene	162	hisB_1			
NHKJIMIN_09632	CDS	162	hisB_1		COG0131	Histidine biosynthesis bifunctional protein HisB
NHKJIMIN_09633	gene	330	hisB_2			
NHKJIMIN_09633	CDS	330	hisB_2		COG0131	Histidine biosynthesis bifunctional protein HisB
NHKJIMIN_09634	gene	882	hisB_3			
NHKJIMIN_09634	CDS	882	hisB_3	3.1.3.15		Histidine biosynthesis bifunctional protein HisB
NHKJIMIN_09635	gene	372	hisC			
NHKJIMIN_09635	CDS	372	hisC	2.6.1.9	COG0079	Histidinol-phosphate aminotransferase
NHKJIMIN_09636	gene	588	hisD_1			
NHKJIMIN_09636	CDS	588	hisD_1	1.1.1.23	COG0141	Histidinol dehydrogenase
NHKJIMIN_09637	gene	408	hisD_2			
NHKJIMIN_09637	CDS	408	hisD_2	1.1.1.23		Histidinol dehydrogenase
NHKJIMIN_09638	gene	207	hisG_1			
NHKJIMIN_09638	CDS	207	hisG_1	2.4.2.17	COG0040	ATP phosphoribosyltransferase
NHKJIMIN_09639	gene	174	hisG_2			
NHKJIMIN_09639	CDS	174	hisG_2	2.4.2.17		ATP phosphoribosyltransferase
NHKJIMIN_09640	gene	219	hisG_3			
NHKJIMIN_09640	CDS	219	hisG_3	2.4.2.17		ATP phosphoribosyltransferase
NHKJIMIN_09641	gene	321	hisG_4			
NHKJIMIN_09641	CDS	321	hisG_4	2.4.2.17		ATP phosphoribosyltransferase
NHKJIMIN_09642	gene	432				
NHKJIMIN_09642	CDS	432				hypothetical protein
NHKJIMIN_09643	gene	531	yhhW			
NHKJIMIN_09643	CDS	531	yhhW	1.13.11.24	COG1741	Quercetin 2,3-dioxygenase
NHKJIMIN_09644	gene	225				
NHKJIMIN_09644	CDS	225				hypothetical protein
NHKJIMIN_09645	gene	189				
NHKJIMIN_09645	CDS	189				hypothetical protein
NHKJIMIN_09646	gene	450				
NHKJIMIN_09646	CDS	450				hypothetical protein
NHKJIMIN_09647	gene	474	dsbD			
NHKJIMIN_09647	CDS	474	dsbD	1.8.1.8		Thiol:disulfide interchange protein DsbD
NHKJIMIN_09648	gene	456				
NHKJIMIN_09648	CDS	456				hypothetical protein
NHKJIMIN_09649	gene	114				
NHKJIMIN_09649	CDS	114				hypothetical protein
NHKJIMIN_09650	gene	126				
NHKJIMIN_09650	CDS	126				hypothetical protein
NHKJIMIN_09651	gene	207				
NHKJIMIN_09651	CDS	207				hypothetical protein
NHKJIMIN_09652	gene	360	udk_2			
NHKJIMIN_09652	CDS	360	udk_2	2.7.1.48	COG0572	Uridine kinase
NHKJIMIN_09653	gene	219	udk_3			
NHKJIMIN_09653	CDS	219	udk_3	2.7.1.48		Uridine kinase
NHKJIMIN_09654	gene	264	mltF_1			
NHKJIMIN_09654	CDS	264	mltF_1			Membrane-bound lytic murein transglycosylase F
NHKJIMIN_09655	gene	339				
NHKJIMIN_09655	CDS	339				hypothetical protein
NHKJIMIN_09656	gene	189				
NHKJIMIN_09656	CDS	189				hypothetical protein
NHKJIMIN_09657	gene	324	mltF_2			
NHKJIMIN_09657	CDS	324	mltF_2			Membrane-bound lytic murein transglycosylase F
NHKJIMIN_09658	gene	159				
NHKJIMIN_09658	CDS	159				hypothetical protein
NHKJIMIN_09659	gene	360				
NHKJIMIN_09659	CDS	360				hypothetical protein
NHKJIMIN_09660	gene	276				
NHKJIMIN_09660	CDS	276				hypothetical protein
NHKJIMIN_09661	gene	339				
NHKJIMIN_09661	CDS	339				hypothetical protein
NHKJIMIN_09662	gene	192				
NHKJIMIN_09662	CDS	192				hypothetical protein
NHKJIMIN_09663	gene	234				
NHKJIMIN_09663	CDS	234				hypothetical protein
NHKJIMIN_09664	gene	606	fbiB			
NHKJIMIN_09664	CDS	606	fbiB	1.3.8.17		Bifunctional F420 biosynthesis protein FbiB
NHKJIMIN_09665	gene	351	metH_1			
NHKJIMIN_09665	CDS	351	metH_1	2.1.1.13	COG0646	Methionine synthase
NHKJIMIN_09666	gene	126	metH_2			
NHKJIMIN_09666	CDS	126	metH_2	2.1.1.13	COG0646	Methionine synthase
NHKJIMIN_09667	gene	450	metH_3			
NHKJIMIN_09667	CDS	450	metH_3	2.1.1.13	COG0646	Methionine synthase
NHKJIMIN_09668	gene	240	metH_4			
NHKJIMIN_09668	CDS	240	metH_4	2.1.1.13	COG0646	Methionine synthase
NHKJIMIN_09669	gene	717	metH_5			
NHKJIMIN_09669	CDS	717	metH_5	2.1.1.13	COG0646	Methionine synthase
NHKJIMIN_09670	gene	390	metH_6			
NHKJIMIN_09670	CDS	390	metH_6	2.1.1.13	COG0646	Methionine synthase
NHKJIMIN_09671	gene	483				
NHKJIMIN_09671	CDS	483				hypothetical protein
NHKJIMIN_09672	gene	117				
NHKJIMIN_09672	CDS	117				hypothetical protein
NHKJIMIN_09673	gene	216	smpB			
NHKJIMIN_09673	CDS	216	smpB		COG0691	SsrA-binding protein
NHKJIMIN_09674	gene	288				
NHKJIMIN_09674	CDS	288				hypothetical protein
NHKJIMIN_09675	gene	225				
NHKJIMIN_09675	CDS	225				hypothetical protein
NHKJIMIN_09676	gene	162				
NHKJIMIN_09676	CDS	162				hypothetical protein
NHKJIMIN_09677	gene	612				
NHKJIMIN_09677	CDS	612				hypothetical protein
NHKJIMIN_09678	gene	111				
NHKJIMIN_09678	CDS	111				hypothetical protein
NHKJIMIN_09679	gene	294				
NHKJIMIN_09679	CDS	294				DNA mimic protein DMP19
NHKJIMIN_09680	gene	159				
NHKJIMIN_09680	CDS	159				hypothetical protein
NHKJIMIN_09681	gene	408				
NHKJIMIN_09681	CDS	408				hypothetical protein
NHKJIMIN_09682	gene	114				
NHKJIMIN_09682	CDS	114				hypothetical protein
NHKJIMIN_09683	gene	246				
NHKJIMIN_09683	CDS	246				hypothetical protein
NHKJIMIN_09684	gene	405				
NHKJIMIN_09684	CDS	405				hypothetical protein
NHKJIMIN_09685	gene	303				
NHKJIMIN_09685	CDS	303				hypothetical protein
NHKJIMIN_09686	gene	675				
NHKJIMIN_09686	CDS	675				hypothetical protein
NHKJIMIN_09687	gene	228	fabH_4			
NHKJIMIN_09687	CDS	228	fabH_4	2.3.1.180	COG0332	Beta-ketoacyl-[acyl-carrier-protein] synthase III
NHKJIMIN_09688	gene	348	fabHA			
NHKJIMIN_09688	CDS	348	fabHA	2.3.1.180	COG0332	Beta-ketoacyl-[acyl-carrier-protein] synthase III 1
NHKJIMIN_09689	gene	174	fabH2			
NHKJIMIN_09689	CDS	174	fabH2	2.3.1.180	COG0332	Beta-ketoacyl-[acyl-carrier-protein] synthase III 2
NHKJIMIN_09690	gene	123				
NHKJIMIN_09690	CDS	123		3.2.1.1		Alpha-amylase
NHKJIMIN_09691	gene	102				
NHKJIMIN_09691	CDS	102				hypothetical protein
NHKJIMIN_09692	gene	219				
NHKJIMIN_09692	CDS	219				hypothetical protein
NHKJIMIN_09693	gene	273				
NHKJIMIN_09693	CDS	273		3.2.1.98		Glucan 1,4-alpha-maltohexaosidase
NHKJIMIN_09694	gene	360				
NHKJIMIN_09694	CDS	360		3.2.1.98		Glucan 1,4-alpha-maltohexaosidase
NHKJIMIN_09695	gene	555				
NHKJIMIN_09695	CDS	555				hypothetical protein
NHKJIMIN_09696	gene	201				
NHKJIMIN_09696	CDS	201				hypothetical protein
NHKJIMIN_09697	gene	174				
NHKJIMIN_09697	CDS	174				hypothetical protein
NHKJIMIN_09698	gene	135				
NHKJIMIN_09698	CDS	135				hypothetical protein
NHKJIMIN_09699	gene	231				
NHKJIMIN_09699	CDS	231				hypothetical protein
NHKJIMIN_09700	gene	276				
NHKJIMIN_09700	CDS	276				hypothetical protein
NHKJIMIN_09701	gene	477	wecA_5			
NHKJIMIN_09701	CDS	477	wecA_5	2.7.8.33		Undecaprenyl-phosphate alpha-N-acetylglucosaminyl 1-phosphate transferase
NHKJIMIN_09702	gene	270				
NHKJIMIN_09702	CDS	270				hypothetical protein
NHKJIMIN_09703	gene	216				
NHKJIMIN_09703	CDS	216				hypothetical protein
NHKJIMIN_09704	gene	165				
NHKJIMIN_09704	CDS	165				hypothetical protein
NHKJIMIN_09705	gene	336				
NHKJIMIN_09705	CDS	336				hypothetical protein
NHKJIMIN_09706	gene	330				
NHKJIMIN_09706	CDS	330				hypothetical protein
NHKJIMIN_09707	gene	177				
NHKJIMIN_09707	CDS	177				hypothetical protein
NHKJIMIN_09708	gene	480				
NHKJIMIN_09708	CDS	480				hypothetical protein
NHKJIMIN_09709	gene	186				
NHKJIMIN_09709	CDS	186				hypothetical protein
NHKJIMIN_09710	gene	210				
NHKJIMIN_09710	CDS	210				hypothetical protein
NHKJIMIN_09711	gene	264				
NHKJIMIN_09711	CDS	264				hypothetical protein
NHKJIMIN_09712	gene	285				
NHKJIMIN_09712	CDS	285				hypothetical protein
NHKJIMIN_09713	gene	567				
NHKJIMIN_09713	CDS	567				hypothetical protein
NHKJIMIN_09714	gene	375				
NHKJIMIN_09714	CDS	375				hypothetical protein
NHKJIMIN_09715	gene	321				
NHKJIMIN_09715	CDS	321				hypothetical protein
NHKJIMIN_09716	gene	174				
NHKJIMIN_09716	CDS	174				hypothetical protein
NHKJIMIN_09717	gene	564				
NHKJIMIN_09717	CDS	564				hypothetical protein
NHKJIMIN_09718	gene	252				
NHKJIMIN_09718	CDS	252				hypothetical protein
NHKJIMIN_09719	gene	339				
NHKJIMIN_09719	CDS	339				hypothetical protein
NHKJIMIN_09720	gene	183				
NHKJIMIN_09720	CDS	183				hypothetical protein
NHKJIMIN_09721	gene	177				
NHKJIMIN_09721	CDS	177				hypothetical protein
NHKJIMIN_09722	gene	183				
NHKJIMIN_09722	CDS	183				hypothetical protein
NHKJIMIN_09723	gene	216				
NHKJIMIN_09723	CDS	216				hypothetical protein
NHKJIMIN_09724	gene	309				
NHKJIMIN_09724	CDS	309				hypothetical protein
NHKJIMIN_09725	gene	219				
NHKJIMIN_09725	CDS	219				hypothetical protein
NHKJIMIN_09726	gene	168				
NHKJIMIN_09726	CDS	168				hypothetical protein
NHKJIMIN_09727	gene	234				
NHKJIMIN_09727	CDS	234				hypothetical protein
NHKJIMIN_09728	gene	195	hldE			
NHKJIMIN_09728	CDS	195	hldE	2.7.7.70		Bifunctional protein HldE
NHKJIMIN_09729	gene	114				
NHKJIMIN_09729	CDS	114				hypothetical protein
NHKJIMIN_09730	gene	123				
NHKJIMIN_09730	CDS	123				hypothetical protein
NHKJIMIN_09731	gene	192				
NHKJIMIN_09731	CDS	192				hypothetical protein
NHKJIMIN_09732	gene	156				
NHKJIMIN_09732	CDS	156				hypothetical protein
NHKJIMIN_09733	gene	354				
NHKJIMIN_09733	CDS	354				hypothetical protein
NHKJIMIN_09734	gene	501	arnC_2			
NHKJIMIN_09734	CDS	501	arnC_2	2.4.2.53		Undecaprenyl-phosphate 4-deoxy-4-formamido-L-arabinose transferase
NHKJIMIN_09735	gene	375				
NHKJIMIN_09735	CDS	375		3.5.1.104		Peptidoglycan-N-acetylglucosamine deacetylase
NHKJIMIN_09736	gene	192				
NHKJIMIN_09736	CDS	192				hypothetical protein
NHKJIMIN_09737	gene	369				
NHKJIMIN_09737	CDS	369				hypothetical protein
NHKJIMIN_09738	gene	315				
NHKJIMIN_09738	CDS	315				hypothetical protein
NHKJIMIN_09739	gene	273				
NHKJIMIN_09739	CDS	273				hypothetical protein
NHKJIMIN_09740	gene	477				
NHKJIMIN_09740	CDS	477				hypothetical protein
NHKJIMIN_09741	gene	636	rfaH			
NHKJIMIN_09741	CDS	636	rfaH			Transcription antitermination protein RfaH
NHKJIMIN_09742	gene	216				
NHKJIMIN_09742	CDS	216				hypothetical protein
NHKJIMIN_09743	gene	246				
NHKJIMIN_09743	CDS	246				hypothetical protein
NHKJIMIN_09744	gene	117				
NHKJIMIN_09744	CDS	117				hypothetical protein
NHKJIMIN_09745	gene	216				
NHKJIMIN_09745	CDS	216				hypothetical protein
NHKJIMIN_09746	gene	279				
NHKJIMIN_09746	CDS	279				hypothetical protein
NHKJIMIN_09747	gene	288				
NHKJIMIN_09747	CDS	288				hypothetical protein
NHKJIMIN_09748	gene	393				
NHKJIMIN_09748	CDS	393				hypothetical protein
NHKJIMIN_09749	gene	195				
NHKJIMIN_09749	CDS	195				hypothetical protein
NHKJIMIN_09750	gene	282				
NHKJIMIN_09750	CDS	282				hypothetical protein
NHKJIMIN_09751	gene	684	rho_1			
NHKJIMIN_09751	CDS	684	rho_1	3.6.4.-	COG1158	Transcription termination factor Rho
NHKJIMIN_09752	gene	282	rho_2			
NHKJIMIN_09752	CDS	282	rho_2	3.6.4.-	COG1158	Transcription termination factor Rho
NHKJIMIN_09753	gene	684				
NHKJIMIN_09753	CDS	684				hypothetical protein
NHKJIMIN_09754	gene	204				
NHKJIMIN_09754	CDS	204				hypothetical protein
NHKJIMIN_09755	gene	261				
NHKJIMIN_09755	CDS	261				hypothetical protein
NHKJIMIN_09756	gene	183	rpfC			
NHKJIMIN_09756	CDS	183	rpfC	2.7.13.3	COG0784	Sensory/regulatory protein RpfC
NHKJIMIN_09757	gene	480	sasA_7			
NHKJIMIN_09757	CDS	480	sasA_7	2.7.13.3		Adaptive-response sensory-kinase SasA
NHKJIMIN_09758	gene	777				
NHKJIMIN_09758	CDS	777				hypothetical protein
NHKJIMIN_09759	gene	216				
NHKJIMIN_09759	CDS	216				hypothetical protein
NHKJIMIN_09760	gene	117				
NHKJIMIN_09760	CDS	117				hypothetical protein
NHKJIMIN_09761	gene	189				
NHKJIMIN_09761	CDS	189				hypothetical protein
NHKJIMIN_09762	gene	477				
NHKJIMIN_09762	CDS	477				hypothetical protein
NHKJIMIN_09763	gene	1326				
NHKJIMIN_09763	CDS	1326				hypothetical protein
NHKJIMIN_09764	gene	207	ffh_1			
NHKJIMIN_09764	CDS	207	ffh_1	3.6.5.4	COG0541	Signal recognition particle protein
NHKJIMIN_09765	gene	321	ffh_2			
NHKJIMIN_09765	CDS	321	ffh_2	3.6.5.4	COG0541	Signal recognition particle protein
NHKJIMIN_09766	gene	426	ffh_3			
NHKJIMIN_09766	CDS	426	ffh_3	3.6.5.4	COG0541	Signal recognition particle protein
NHKJIMIN_09767	gene	171				
NHKJIMIN_09767	CDS	171				hypothetical protein
NHKJIMIN_09768	gene	186	ffh_4			
NHKJIMIN_09768	CDS	186	ffh_4	3.6.5.4	COG0541	Signal recognition particle protein
NHKJIMIN_09769	gene	294				
NHKJIMIN_09769	CDS	294				hypothetical protein
NHKJIMIN_09770	gene	429				
NHKJIMIN_09770	CDS	429				hypothetical protein
NHKJIMIN_09771	gene	267				
NHKJIMIN_09771	CDS	267				hypothetical protein
NHKJIMIN_09772	gene	813	folD			
NHKJIMIN_09772	CDS	813	folD		COG0190	Bifunctional protein FolD protein
NHKJIMIN_09773	gene	198				
NHKJIMIN_09773	CDS	198				hypothetical protein
NHKJIMIN_09774	gene	888				
NHKJIMIN_09774	CDS	888				hypothetical protein
NHKJIMIN_09775	gene	162				
NHKJIMIN_09775	CDS	162				hypothetical protein
NHKJIMIN_09776	gene	261				
NHKJIMIN_09776	CDS	261				hypothetical protein
NHKJIMIN_09777	gene	159				
NHKJIMIN_09777	CDS	159				hypothetical protein
NHKJIMIN_09778	gene	270				
NHKJIMIN_09778	CDS	270				hypothetical protein
NHKJIMIN_09779	gene	76				
NHKJIMIN_09779	tRNA	76				tRNA-His(gtg)
NHKJIMIN_09780	gene	603				
NHKJIMIN_09780	CDS	603				hypothetical protein
NHKJIMIN_09781	gene	489				
NHKJIMIN_09781	CDS	489				hypothetical protein
NHKJIMIN_09782	gene	429				
NHKJIMIN_09782	CDS	429				hypothetical protein
NHKJIMIN_09783	gene	255				
NHKJIMIN_09783	CDS	255				hypothetical protein
NHKJIMIN_09784	gene	378				
NHKJIMIN_09784	CDS	378				hypothetical protein
NHKJIMIN_09785	gene	261				
NHKJIMIN_09785	CDS	261				hypothetical protein
NHKJIMIN_09786	gene	348	rbbA_2			
NHKJIMIN_09786	CDS	348	rbbA_2		COG0842	Ribosome-associated ATPase
NHKJIMIN_09787	gene	189				
NHKJIMIN_09787	CDS	189				hypothetical protein
NHKJIMIN_09788	gene	330				
NHKJIMIN_09788	CDS	330				hypothetical protein
NHKJIMIN_09789	gene	180				
NHKJIMIN_09789	CDS	180				hypothetical protein
NHKJIMIN_09790	gene	201				
NHKJIMIN_09790	CDS	201				hypothetical protein
NHKJIMIN_09791	gene	246				
NHKJIMIN_09791	CDS	246				hypothetical protein
NHKJIMIN_09792	gene	411				
NHKJIMIN_09792	CDS	411				hypothetical protein
NHKJIMIN_09793	gene	564				
NHKJIMIN_09793	CDS	564				hypothetical protein
NHKJIMIN_09794	gene	390				
NHKJIMIN_09794	CDS	390				hypothetical protein
NHKJIMIN_09795	gene	891				
NHKJIMIN_09795	CDS	891				hypothetical protein
NHKJIMIN_09796	gene	378				
NHKJIMIN_09796	CDS	378				hypothetical protein
NHKJIMIN_09797	gene	1683				
NHKJIMIN_09797	CDS	1683				hypothetical protein
NHKJIMIN_09798	gene	423				
NHKJIMIN_09798	CDS	423				hypothetical protein
NHKJIMIN_09799	gene	243				
NHKJIMIN_09799	CDS	243				hypothetical protein
NHKJIMIN_09800	gene	228				
NHKJIMIN_09800	CDS	228				hypothetical protein
NHKJIMIN_09801	gene	414				
NHKJIMIN_09801	CDS	414				hypothetical protein
NHKJIMIN_09802	gene	204				
NHKJIMIN_09802	CDS	204				hypothetical protein
NHKJIMIN_09803	gene	543				
NHKJIMIN_09803	CDS	543				hypothetical protein
NHKJIMIN_09804	gene	531				
NHKJIMIN_09804	CDS	531				hypothetical protein
NHKJIMIN_09805	gene	918	dnaX_2			
NHKJIMIN_09805	CDS	918	dnaX_2	2.7.7.7	COG2812	DNA polymerase III subunit tau
NHKJIMIN_09806	gene	126				
NHKJIMIN_09806	CDS	126				hypothetical protein
NHKJIMIN_09807	gene	189				
NHKJIMIN_09807	CDS	189				hypothetical protein
NHKJIMIN_09808	gene	261				
NHKJIMIN_09808	CDS	261				hypothetical protein
NHKJIMIN_09809	gene	369				
NHKJIMIN_09809	CDS	369				hypothetical protein
NHKJIMIN_09810	gene	417				
NHKJIMIN_09810	CDS	417				hypothetical protein
NHKJIMIN_09811	gene	396				
NHKJIMIN_09811	CDS	396				hypothetical protein
NHKJIMIN_09812	gene	477				
NHKJIMIN_09812	CDS	477				hypothetical protein
NHKJIMIN_09813	gene	459				
NHKJIMIN_09813	CDS	459				hypothetical protein
NHKJIMIN_09814	gene	255				
NHKJIMIN_09814	CDS	255				hypothetical protein
NHKJIMIN_09815	gene	438				
NHKJIMIN_09815	CDS	438				hypothetical protein
NHKJIMIN_09816	gene	432				
NHKJIMIN_09816	CDS	432				hypothetical protein
NHKJIMIN_09817	gene	348				
NHKJIMIN_09817	CDS	348				hypothetical protein
NHKJIMIN_09818	gene	198				
NHKJIMIN_09818	CDS	198				hypothetical protein
NHKJIMIN_09819	gene	129				
NHKJIMIN_09819	CDS	129				hypothetical protein
NHKJIMIN_09820	gene	150	pepD_4			
NHKJIMIN_09820	CDS	150	pepD_4	3.4.13.18	COG2195	Cytosol non-specific dipeptidase
NHKJIMIN_09821	gene	756	pepD_5			
NHKJIMIN_09821	CDS	756	pepD_5	3.4.13.18	COG2195	Cytosol non-specific dipeptidase
NHKJIMIN_09822	gene	441	pepD_6			
NHKJIMIN_09822	CDS	441	pepD_6	3.4.13.18	COG2195	Cytosol non-specific dipeptidase
NHKJIMIN_09823	gene	390				
NHKJIMIN_09823	CDS	390				hypothetical protein
NHKJIMIN_09824	gene	342				
NHKJIMIN_09824	CDS	342				hypothetical protein
NHKJIMIN_09825	gene	174				
NHKJIMIN_09825	CDS	174				hypothetical protein
NHKJIMIN_09826	gene	129				
NHKJIMIN_09826	CDS	129				hypothetical protein
NHKJIMIN_09827	gene	807	ybdG_2			
NHKJIMIN_09827	CDS	807	ybdG_2		COG0668	Mechanosensing system component YbdG
NHKJIMIN_09828	gene	189				
NHKJIMIN_09828	CDS	189				hypothetical protein
NHKJIMIN_09829	gene	114	tal_1			
NHKJIMIN_09829	CDS	114	tal_1	2.2.1.2	COG0176	putative transaldolase
NHKJIMIN_09830	gene	438	tal_2			
NHKJIMIN_09830	CDS	438	tal_2	2.2.1.2	COG0176	Transaldolase
NHKJIMIN_09831	gene	111	tal_3			
NHKJIMIN_09831	CDS	111	tal_3	2.2.1.2	COG0176	Transaldolase
NHKJIMIN_09832	gene	720				
NHKJIMIN_09832	CDS	720				hypothetical protein
NHKJIMIN_09833	gene	834				
NHKJIMIN_09833	CDS	834				hypothetical protein
NHKJIMIN_09834	gene	258				
NHKJIMIN_09834	CDS	258				hypothetical protein
NHKJIMIN_09835	gene	501	ebgA			
NHKJIMIN_09835	CDS	501	ebgA	3.2.1.23	COG3250	Evolved beta-galactosidase subunit alpha
NHKJIMIN_09836	gene	1434	lacZ_23			
NHKJIMIN_09836	CDS	1434	lacZ_23	3.2.1.23	COG3250	Beta-galactosidase
NHKJIMIN_09837	gene	1020	lacZ_24			
NHKJIMIN_09837	CDS	1020	lacZ_24	3.2.1.23	COG3250	Beta-galactosidase
NHKJIMIN_09838	gene	264				
NHKJIMIN_09838	CDS	264				hypothetical protein
NHKJIMIN_09839	gene	462				
NHKJIMIN_09839	CDS	462				hypothetical protein
NHKJIMIN_09840	gene	510				
NHKJIMIN_09840	CDS	510				hypothetical protein
NHKJIMIN_09841	gene	510				
NHKJIMIN_09841	CDS	510		3.2.1.52	COG3525	Beta-hexosaminidase
NHKJIMIN_09842	gene	240				
NHKJIMIN_09842	CDS	240		3.2.1.52	COG3525	Beta-hexosaminidase
NHKJIMIN_09843	gene	255				
NHKJIMIN_09843	CDS	255				hypothetical protein
NHKJIMIN_09844	gene	1587				
NHKJIMIN_09844	CDS	1587		3.1.6.-	COG3119	N-acetylglucosamine-6-O-sulfatase
NHKJIMIN_09845	gene	348				
NHKJIMIN_09845	CDS	348		3.1.6.-	COG3119	N-acetylgalactosamine-6-O-sulfatase
NHKJIMIN_09846	gene	213				
NHKJIMIN_09846	CDS	213				hypothetical protein
NHKJIMIN_09847	gene	672				
NHKJIMIN_09847	CDS	672				hypothetical protein
NHKJIMIN_09848	gene	318				
NHKJIMIN_09848	CDS	318		3.2.1.52	COG3525	Beta-hexosaminidase
NHKJIMIN_09849	gene	759				
NHKJIMIN_09849	CDS	759		3.2.1.52	COG3525	Beta-hexosaminidase
NHKJIMIN_09850	gene	195				
NHKJIMIN_09850	CDS	195				hypothetical protein
NHKJIMIN_09851	gene	273				
NHKJIMIN_09851	CDS	273				hypothetical protein
NHKJIMIN_09852	gene	297				
NHKJIMIN_09852	CDS	297				hypothetical protein
NHKJIMIN_09853	gene	333				
NHKJIMIN_09853	CDS	333				hypothetical protein
NHKJIMIN_09854	gene	156				
NHKJIMIN_09854	CDS	156				hypothetical protein
NHKJIMIN_09855	gene	801				
NHKJIMIN_09855	CDS	801				hypothetical protein
NHKJIMIN_09856	gene	375				
NHKJIMIN_09856	CDS	375				hypothetical protein
NHKJIMIN_09857	gene	264				
NHKJIMIN_09857	CDS	264				hypothetical protein
NHKJIMIN_09858	gene	852	fbaB_3			
NHKJIMIN_09858	CDS	852	fbaB_3	4.1.2.13	COG1830	Fructose-bisphosphate aldolase class 1
NHKJIMIN_09859	gene	726	gpmA_3			
NHKJIMIN_09859	CDS	726	gpmA_3	5.4.2.11	COG0588	2,3-bisphosphoglycerate-dependent phosphoglycerate mutase
NHKJIMIN_09860	gene	135				
NHKJIMIN_09860	CDS	135				hypothetical protein
NHKJIMIN_09861	gene	333	modF_1			
NHKJIMIN_09861	CDS	333	modF_1		COG1119	ABC transporter ATP-binding protein ModF
NHKJIMIN_09862	gene	225	modF_2			
NHKJIMIN_09862	CDS	225	modF_2		COG1119	ABC transporter ATP-binding protein ModF
NHKJIMIN_09863	gene	480				
NHKJIMIN_09863	CDS	480				hypothetical protein
NHKJIMIN_09864	gene	360				
NHKJIMIN_09864	CDS	360				hypothetical protein
NHKJIMIN_09865	gene	345				
NHKJIMIN_09865	CDS	345				hypothetical protein
NHKJIMIN_09866	gene	432				
NHKJIMIN_09866	CDS	432				hypothetical protein
NHKJIMIN_09867	gene	309				
NHKJIMIN_09867	CDS	309				hypothetical protein
NHKJIMIN_09868	gene	330				
NHKJIMIN_09868	CDS	330				hypothetical protein
NHKJIMIN_09869	gene	195				
NHKJIMIN_09869	CDS	195				hypothetical protein
NHKJIMIN_09870	gene	612				
NHKJIMIN_09870	CDS	612				hypothetical protein
NHKJIMIN_09871	gene	441				
NHKJIMIN_09871	CDS	441				hypothetical protein
NHKJIMIN_09872	gene	807				
NHKJIMIN_09872	CDS	807				hypothetical protein
NHKJIMIN_09873	gene	294				
NHKJIMIN_09873	CDS	294				hypothetical protein
NHKJIMIN_09874	gene	186				
NHKJIMIN_09874	CDS	186				hypothetical protein
NHKJIMIN_09875	gene	474				
NHKJIMIN_09875	CDS	474				hypothetical protein
NHKJIMIN_09876	gene	411				
NHKJIMIN_09876	CDS	411				hypothetical protein
NHKJIMIN_09877	gene	591				
NHKJIMIN_09877	CDS	591				hypothetical protein
NHKJIMIN_09878	gene	291				
NHKJIMIN_09878	CDS	291				hypothetical protein
NHKJIMIN_09879	gene	234				
NHKJIMIN_09879	CDS	234				hypothetical protein
NHKJIMIN_09880	gene	651				
NHKJIMIN_09880	CDS	651				hypothetical protein
NHKJIMIN_09881	gene	351	susC_40			
NHKJIMIN_09881	CDS	351	susC_40		COG1629	TonB-dependent receptor SusC
NHKJIMIN_09882	gene	192				
NHKJIMIN_09882	CDS	192				hypothetical protein
NHKJIMIN_09883	gene	282				
NHKJIMIN_09883	CDS	282				hypothetical protein
NHKJIMIN_09884	gene	402				
NHKJIMIN_09884	CDS	402				hypothetical protein
NHKJIMIN_09885	gene	144				
NHKJIMIN_09885	CDS	144				hypothetical protein
NHKJIMIN_09886	gene	255				
NHKJIMIN_09886	CDS	255				hypothetical protein
NHKJIMIN_09887	gene	192				
NHKJIMIN_09887	CDS	192				hypothetical protein
NHKJIMIN_09888	gene	474	pulA_1			
NHKJIMIN_09888	CDS	474	pulA_1	3.2.1.41	COG1523	Pullulanase
NHKJIMIN_09889	gene	330				
NHKJIMIN_09889	CDS	330				hypothetical protein
NHKJIMIN_09890	gene	717	pulA_2			
NHKJIMIN_09890	CDS	717	pulA_2	3.2.1.41	COG1523	Pullulanase
NHKJIMIN_09891	gene	123				
NHKJIMIN_09891	CDS	123				hypothetical protein
NHKJIMIN_09892	gene	291				
NHKJIMIN_09892	CDS	291				hypothetical protein
NHKJIMIN_09893	gene	258	ruvC			
NHKJIMIN_09893	CDS	258	ruvC	3.1.21.10		Crossover junction endodeoxyribonuclease RuvC
NHKJIMIN_09894	gene	102				
NHKJIMIN_09894	CDS	102				hypothetical protein
NHKJIMIN_09895	gene	303				
NHKJIMIN_09895	CDS	303				hypothetical protein
NHKJIMIN_09896	gene	75				
NHKJIMIN_09896	tRNA	75				tRNA-Ala(ggc)
NHKJIMIN_09897	gene	141				
NHKJIMIN_09897	CDS	141				hypothetical protein
NHKJIMIN_09898	gene	954				
NHKJIMIN_09898	CDS	954				hypothetical protein
NHKJIMIN_09899	gene	150				
NHKJIMIN_09899	CDS	150				hypothetical protein
NHKJIMIN_09900	gene	576	pheS_1			
NHKJIMIN_09900	CDS	576	pheS_1	6.1.1.20	COG0016	Phenylalanine--tRNA ligase alpha subunit
NHKJIMIN_09901	gene	498	pheS_2			
NHKJIMIN_09901	CDS	498	pheS_2	6.1.1.20	COG0016	Phenylalanine--tRNA ligase alpha subunit
NHKJIMIN_09902	gene	450				
NHKJIMIN_09902	CDS	450				hypothetical protein
NHKJIMIN_09903	gene	189				
NHKJIMIN_09903	CDS	189				hypothetical protein
NHKJIMIN_09904	gene	552	yfcJ			
NHKJIMIN_09904	CDS	552	yfcJ			putative MFS-type transporter YfcJ
NHKJIMIN_09905	gene	660	nth			
NHKJIMIN_09905	CDS	660	nth	4.2.99.18	COG0177	Endonuclease III
NHKJIMIN_09906	gene	384	pgk_1			
NHKJIMIN_09906	CDS	384	pgk_1	2.7.2.3	COG0126	Phosphoglycerate kinase
NHKJIMIN_09907	gene	495	pgk_2			
NHKJIMIN_09907	CDS	495	pgk_2	2.7.2.3	COG0126	Phosphoglycerate kinase
NHKJIMIN_09908	gene	351	pgk_3			
NHKJIMIN_09908	CDS	351	pgk_3	2.7.2.3	COG0126	Phosphoglycerate kinase
NHKJIMIN_09909	gene	363				
NHKJIMIN_09909	CDS	363				hypothetical protein
NHKJIMIN_09910	gene	483				
NHKJIMIN_09910	CDS	483				hypothetical protein
NHKJIMIN_09911	gene	723				
NHKJIMIN_09911	CDS	723				hypothetical protein
NHKJIMIN_09912	gene	255				
NHKJIMIN_09912	CDS	255				hypothetical protein
NHKJIMIN_09913	gene	831				
NHKJIMIN_09913	CDS	831				hypothetical protein
NHKJIMIN_09914	gene	591				
NHKJIMIN_09914	CDS	591				hypothetical protein
NHKJIMIN_09915	gene	285				
NHKJIMIN_09915	CDS	285				hypothetical protein
NHKJIMIN_09916	gene	720				
NHKJIMIN_09916	CDS	720				hypothetical protein
NHKJIMIN_09917	gene	438				
NHKJIMIN_09917	CDS	438				hypothetical protein
NHKJIMIN_09918	gene	186				
NHKJIMIN_09918	CDS	186				hypothetical protein
NHKJIMIN_09919	gene	330				
NHKJIMIN_09919	CDS	330				hypothetical protein
NHKJIMIN_09920	gene	192				
NHKJIMIN_09920	CDS	192				hypothetical protein
NHKJIMIN_09921	gene	165				
NHKJIMIN_09921	CDS	165				hypothetical protein
NHKJIMIN_09922	gene	141				
NHKJIMIN_09922	CDS	141				hypothetical protein
NHKJIMIN_09923	gene	321				
NHKJIMIN_09923	CDS	321				hypothetical protein
NHKJIMIN_09924	gene	501				
NHKJIMIN_09924	CDS	501				hypothetical protein
NHKJIMIN_09925	gene	189				
NHKJIMIN_09925	CDS	189				hypothetical protein
NHKJIMIN_09926	gene	126				
NHKJIMIN_09926	CDS	126				hypothetical protein
NHKJIMIN_09927	gene	786	ppsD			
NHKJIMIN_09927	CDS	786	ppsD	2.3.1.-	COG1020	Plipastatin synthase subunit D
NHKJIMIN_09928	gene	132				
NHKJIMIN_09928	CDS	132				hypothetical protein
NHKJIMIN_09929	gene	285				
NHKJIMIN_09929	CDS	285				hypothetical protein
NHKJIMIN_09930	gene	243				
NHKJIMIN_09930	CDS	243				hypothetical protein
NHKJIMIN_09931	gene	231				
NHKJIMIN_09931	CDS	231				hypothetical protein
NHKJIMIN_09932	gene	489				
NHKJIMIN_09932	CDS	489				hypothetical protein
NHKJIMIN_09933	gene	345				
NHKJIMIN_09933	CDS	345				hypothetical protein
NHKJIMIN_09934	gene	216				
NHKJIMIN_09934	CDS	216				hypothetical protein
NHKJIMIN_09935	gene	381				
NHKJIMIN_09935	CDS	381				hypothetical protein
NHKJIMIN_09936	gene	159				
NHKJIMIN_09936	CDS	159				hypothetical protein
NHKJIMIN_09937	gene	123				
NHKJIMIN_09937	CDS	123				hypothetical protein
NHKJIMIN_09938	gene	396				
NHKJIMIN_09938	CDS	396				hypothetical protein
NHKJIMIN_09939	gene	582	maf			
NHKJIMIN_09939	CDS	582	maf	3.6.1.9	COG0424	dTTP/UTP pyrophosphatase
NHKJIMIN_09940	gene	321	kdsC			
NHKJIMIN_09940	CDS	321	kdsC	3.1.3.45	COG1778	3-deoxy-D-manno-octulosonate 8-phosphate phosphatase KdsC
NHKJIMIN_09941	gene	807				
NHKJIMIN_09941	CDS	807				hypothetical protein
NHKJIMIN_09942	gene	333				
NHKJIMIN_09942	CDS	333				hypothetical protein
NHKJIMIN_09943	gene	384				
NHKJIMIN_09943	CDS	384				hypothetical protein
NHKJIMIN_09944	gene	120				
NHKJIMIN_09944	CDS	120				hypothetical protein
NHKJIMIN_09945	gene	204				
NHKJIMIN_09945	CDS	204				hypothetical protein
NHKJIMIN_09946	gene	270				
NHKJIMIN_09946	CDS	270				hypothetical protein
NHKJIMIN_09947	gene	294				
NHKJIMIN_09947	CDS	294				hypothetical protein
NHKJIMIN_09948	gene	702				
NHKJIMIN_09948	CDS	702				hypothetical protein
NHKJIMIN_09949	gene	189				
NHKJIMIN_09949	CDS	189				hypothetical protein
NHKJIMIN_09950	gene	600	pccB_3			
NHKJIMIN_09950	CDS	600	pccB_3	6.4.1.3	COG4799	Propionyl-CoA carboxylase beta chain
NHKJIMIN_09951	gene	363				
NHKJIMIN_09951	CDS	363				hypothetical protein
NHKJIMIN_09952	gene	186				
NHKJIMIN_09952	CDS	186				hypothetical protein
NHKJIMIN_09953	gene	126				
NHKJIMIN_09953	CDS	126				hypothetical protein
NHKJIMIN_09954	gene	276				
NHKJIMIN_09954	CDS	276				hypothetical protein
NHKJIMIN_09955	gene	219				
NHKJIMIN_09955	CDS	219				hypothetical protein
NHKJIMIN_09956	gene	225				
NHKJIMIN_09956	CDS	225				hypothetical protein
NHKJIMIN_09957	gene	324				
NHKJIMIN_09957	CDS	324				hypothetical protein
NHKJIMIN_09958	gene	192				
NHKJIMIN_09958	CDS	192				hypothetical protein
NHKJIMIN_09959	gene	213	mmdC			
NHKJIMIN_09959	CDS	213	mmdC	7.2.4.3		Methylmalonyl-CoA decarboxylase subunit gamma
NHKJIMIN_09960	gene	621	mmdB_1			
NHKJIMIN_09960	CDS	621	mmdB_1	7.2.4.3		Methylmalonyl-CoA decarboxylase subunit beta
NHKJIMIN_09961	gene	492	mmdB_2			
NHKJIMIN_09961	CDS	492	mmdB_2	7.2.4.3		Methylmalonyl-CoA decarboxylase subunit beta
NHKJIMIN_09962	gene	393				
NHKJIMIN_09962	CDS	393				hypothetical protein
NHKJIMIN_09963	gene	231				
NHKJIMIN_09963	CDS	231				hypothetical protein
NHKJIMIN_09964	gene	588				
NHKJIMIN_09964	CDS	588				hypothetical protein
NHKJIMIN_09965	gene	516				
NHKJIMIN_09965	CDS	516				hypothetical protein
NHKJIMIN_09966	gene	369				
NHKJIMIN_09966	CDS	369				hypothetical protein
NHKJIMIN_09967	gene	402				
NHKJIMIN_09967	CDS	402				hypothetical protein
NHKJIMIN_09968	gene	1566	susA			
NHKJIMIN_09968	CDS	1566	susA	3.2.1.135	COG0366	Neopullulanase SusA
NHKJIMIN_09969	gene	306				
NHKJIMIN_09969	CDS	306				hypothetical protein
NHKJIMIN_09970	gene	606				
NHKJIMIN_09970	CDS	606				hypothetical protein
NHKJIMIN_09971	gene	201				
NHKJIMIN_09971	CDS	201				hypothetical protein
NHKJIMIN_09972	gene	141				
NHKJIMIN_09972	CDS	141				hypothetical protein
NHKJIMIN_09973	gene	144				
NHKJIMIN_09973	CDS	144				hypothetical protein
NHKJIMIN_09974	gene	624				
NHKJIMIN_09974	CDS	624				hypothetical protein
NHKJIMIN_09975	gene	663				
NHKJIMIN_09975	CDS	663				hypothetical protein
NHKJIMIN_09976	gene	177				
NHKJIMIN_09976	CDS	177				hypothetical protein
NHKJIMIN_09977	gene	387	fba			
NHKJIMIN_09977	CDS	387	fba	4.1.2.13		Fructose-bisphosphate aldolase
NHKJIMIN_09978	gene	264	fda			
NHKJIMIN_09978	CDS	264	fda	4.1.2.13	COG0191	Fructose-bisphosphate aldolase
NHKJIMIN_09979	gene	489				
NHKJIMIN_09979	CDS	489				hypothetical protein
NHKJIMIN_09980	gene	549				
NHKJIMIN_09980	CDS	549				hypothetical protein
NHKJIMIN_09981	gene	165	rpmE2			
NHKJIMIN_09981	CDS	165	rpmE2		COG0254	Large ribosomal subunit protein bL31B
NHKJIMIN_09982	gene	780	srrB_2			
NHKJIMIN_09982	CDS	780	srrB_2	2.7.13.3		Sensor protein SrrB
NHKJIMIN_09983	gene	606				
NHKJIMIN_09983	CDS	606				hypothetical protein
NHKJIMIN_09984	gene	150				
NHKJIMIN_09984	CDS	150				hypothetical protein
NHKJIMIN_09985	gene	333				
NHKJIMIN_09985	CDS	333				hypothetical protein
NHKJIMIN_09986	gene	228				
NHKJIMIN_09986	CDS	228				hypothetical protein
NHKJIMIN_09987	gene	363				
NHKJIMIN_09987	CDS	363				hypothetical protein
NHKJIMIN_09988	gene	615				
NHKJIMIN_09988	CDS	615				hypothetical protein
NHKJIMIN_09989	gene	408				
NHKJIMIN_09989	CDS	408				hypothetical protein
NHKJIMIN_09990	gene	426				
NHKJIMIN_09990	CDS	426				hypothetical protein
NHKJIMIN_09991	gene	474				
NHKJIMIN_09991	CDS	474				hypothetical protein
NHKJIMIN_09992	gene	303	treZ			
NHKJIMIN_09992	CDS	303	treZ	3.2.1.141	COG0296	Malto-oligosyltrehalose trehalohydrolase
NHKJIMIN_09993	gene	513				
NHKJIMIN_09993	CDS	513				hypothetical protein
NHKJIMIN_09994	gene	546				
NHKJIMIN_09994	CDS	546				hypothetical protein
NHKJIMIN_09995	gene	144				
NHKJIMIN_09995	CDS	144				hypothetical protein
NHKJIMIN_09996	gene	696				
NHKJIMIN_09996	CDS	696				hypothetical protein
NHKJIMIN_09997	gene	180				
NHKJIMIN_09997	CDS	180				hypothetical protein
NHKJIMIN_09998	gene	606				
NHKJIMIN_09998	CDS	606				hypothetical protein
NHKJIMIN_09999	gene	1620	susD			
NHKJIMIN_09999	CDS	1620	susD		COG3637	Starch-binding protein SusD
NHKJIMIN_10000	gene	1302	susC_41			
NHKJIMIN_10000	CDS	1302	susC_41		COG1629	TonB-dependent receptor SusC
NHKJIMIN_10001	gene	168				
NHKJIMIN_10001	CDS	168				hypothetical protein
NHKJIMIN_10002	gene	909	susC_42			
NHKJIMIN_10002	CDS	909	susC_42		COG1629	TonB-dependent receptor SusC
NHKJIMIN_10003	gene	504	susC_43			
NHKJIMIN_10003	CDS	504	susC_43		COG1629	TonB-dependent receptor SusC
NHKJIMIN_10004	gene	240				
NHKJIMIN_10004	CDS	240				hypothetical protein
NHKJIMIN_10005	gene	825	cytR			
NHKJIMIN_10005	CDS	825	cytR		COG1609	HTH-type transcriptional repressor CytR
NHKJIMIN_10006	gene	627				
NHKJIMIN_10006	CDS	627				hypothetical protein
NHKJIMIN_10007	gene	366				
NHKJIMIN_10007	CDS	366				hypothetical protein
NHKJIMIN_10008	gene	342				
NHKJIMIN_10008	CDS	342				hypothetical protein
NHKJIMIN_10009	gene	276				
NHKJIMIN_10009	CDS	276				hypothetical protein
NHKJIMIN_10010	gene	462				
NHKJIMIN_10010	CDS	462				hypothetical protein
NHKJIMIN_10011	gene	729				
NHKJIMIN_10011	CDS	729				hypothetical protein
NHKJIMIN_10012	gene	366				
NHKJIMIN_10012	CDS	366				hypothetical protein
NHKJIMIN_10013	gene	207				
NHKJIMIN_10013	CDS	207				hypothetical protein
NHKJIMIN_10014	gene	228				
NHKJIMIN_10014	CDS	228				hypothetical protein
NHKJIMIN_10015	gene	1008				
NHKJIMIN_10015	CDS	1008				hypothetical protein
NHKJIMIN_10016	gene	258				
NHKJIMIN_10016	CDS	258				hypothetical protein
NHKJIMIN_10017	gene	384				
NHKJIMIN_10017	CDS	384				hypothetical protein
NHKJIMIN_10018	gene	435				
NHKJIMIN_10018	CDS	435				hypothetical protein
NHKJIMIN_10019	gene	204				
NHKJIMIN_10019	CDS	204				hypothetical protein
NHKJIMIN_10020	gene	414				
NHKJIMIN_10020	CDS	414				hypothetical protein
NHKJIMIN_10021	gene	171				
NHKJIMIN_10021	CDS	171				hypothetical protein
NHKJIMIN_10022	gene	798				
NHKJIMIN_10022	CDS	798				hypothetical protein
NHKJIMIN_10023	gene	435				
NHKJIMIN_10023	CDS	435				hypothetical protein
NHKJIMIN_10024	gene	177				
NHKJIMIN_10024	CDS	177				hypothetical protein
NHKJIMIN_10025	gene	240				
NHKJIMIN_10025	CDS	240				hypothetical protein
NHKJIMIN_10026	gene	231				
NHKJIMIN_10026	CDS	231				hypothetical protein
NHKJIMIN_10027	gene	957				
NHKJIMIN_10027	CDS	957				hypothetical protein
NHKJIMIN_10028	gene	279				
NHKJIMIN_10028	CDS	279				hypothetical protein
NHKJIMIN_10029	gene	828				
NHKJIMIN_10029	CDS	828				hypothetical protein
NHKJIMIN_10030	gene	318				
NHKJIMIN_10030	CDS	318				hypothetical protein
NHKJIMIN_10031	gene	408				
NHKJIMIN_10031	CDS	408				hypothetical protein
NHKJIMIN_10032	gene	396				
NHKJIMIN_10032	CDS	396				hypothetical protein
NHKJIMIN_10033	gene	276				
NHKJIMIN_10033	CDS	276				hypothetical protein
NHKJIMIN_10034	gene	237				
NHKJIMIN_10034	CDS	237				hypothetical protein
NHKJIMIN_10035	gene	228				
NHKJIMIN_10035	CDS	228				hypothetical protein
NHKJIMIN_10036	gene	339				
NHKJIMIN_10036	CDS	339				hypothetical protein
NHKJIMIN_10037	gene	675				
NHKJIMIN_10037	CDS	675				hypothetical protein
NHKJIMIN_10038	gene	231				
NHKJIMIN_10038	CDS	231				hypothetical protein
NHKJIMIN_10039	gene	462				
NHKJIMIN_10039	CDS	462				hypothetical protein
NHKJIMIN_10040	gene	393				
NHKJIMIN_10040	CDS	393				hypothetical protein
NHKJIMIN_10041	gene	447				
NHKJIMIN_10041	CDS	447				hypothetical protein
NHKJIMIN_10042	gene	261				
NHKJIMIN_10042	CDS	261				hypothetical protein
NHKJIMIN_10043	gene	234				
NHKJIMIN_10043	CDS	234				hypothetical protein
NHKJIMIN_10044	gene	228				
NHKJIMIN_10044	CDS	228				hypothetical protein
NHKJIMIN_10045	gene	357				
NHKJIMIN_10045	CDS	357				hypothetical protein
NHKJIMIN_10046	gene	672				
NHKJIMIN_10046	CDS	672				hypothetical protein
NHKJIMIN_10047	gene	144				
NHKJIMIN_10047	CDS	144				hypothetical protein
NHKJIMIN_10048	gene	510				
NHKJIMIN_10048	CDS	510				hypothetical protein
NHKJIMIN_10049	gene	288				
NHKJIMIN_10049	CDS	288				hypothetical protein
NHKJIMIN_10050	gene	303				
NHKJIMIN_10050	CDS	303				hypothetical protein
NHKJIMIN_10051	gene	420				
NHKJIMIN_10051	CDS	420				hypothetical protein
NHKJIMIN_10052	gene	141				
NHKJIMIN_10052	CDS	141				hypothetical protein
NHKJIMIN_10053	gene	219				
NHKJIMIN_10053	CDS	219				hypothetical protein
NHKJIMIN_10054	gene	696				
NHKJIMIN_10054	CDS	696				hypothetical protein
NHKJIMIN_10055	gene	303	malP_1			
NHKJIMIN_10055	CDS	303	malP_1	2.4.1.8		Maltose phosphorylase
NHKJIMIN_10056	gene	243	malP_2			
NHKJIMIN_10056	CDS	243	malP_2	2.4.1.8		Maltose phosphorylase
NHKJIMIN_10057	gene	282				
NHKJIMIN_10057	CDS	282				hypothetical protein
NHKJIMIN_10058	gene	444	malP_3			
NHKJIMIN_10058	CDS	444	malP_3	2.4.1.8		Maltose phosphorylase
NHKJIMIN_10059	gene	99				
NHKJIMIN_10059	CDS	99				hypothetical protein
NHKJIMIN_10060	gene	831				
NHKJIMIN_10060	CDS	831				hypothetical protein
NHKJIMIN_10061	gene	168				
NHKJIMIN_10061	CDS	168				hypothetical protein
NHKJIMIN_10062	gene	156				
NHKJIMIN_10062	CDS	156				hypothetical protein
NHKJIMIN_10063	gene	432				
NHKJIMIN_10063	CDS	432				hypothetical protein
NHKJIMIN_10064	gene	504	mdtB_8			
NHKJIMIN_10064	CDS	504	mdtB_8			Multidrug resistance protein MdtB
NHKJIMIN_10065	gene	360	mdtC_6			
NHKJIMIN_10065	CDS	360	mdtC_6			Multidrug resistance protein MdtC
NHKJIMIN_10066	gene	180				
NHKJIMIN_10066	CDS	180				hypothetical protein
NHKJIMIN_10067	gene	351				
NHKJIMIN_10067	CDS	351				hypothetical protein
NHKJIMIN_10068	gene	420				
NHKJIMIN_10068	CDS	420				hypothetical protein
NHKJIMIN_10069	gene	240				
NHKJIMIN_10069	CDS	240				hypothetical protein
NHKJIMIN_10070	gene	252	mdtC_7			
NHKJIMIN_10070	CDS	252	mdtC_7			Multidrug resistance protein MdtC
NHKJIMIN_10071	gene	420				
NHKJIMIN_10071	CDS	420				hypothetical protein
NHKJIMIN_10072	gene	822				
NHKJIMIN_10072	CDS	822				hypothetical protein
NHKJIMIN_10073	gene	273				
NHKJIMIN_10073	CDS	273				hypothetical protein
NHKJIMIN_10074	gene	1026				
NHKJIMIN_10074	CDS	1026				hypothetical protein
NHKJIMIN_10075	gene	327				
NHKJIMIN_10075	CDS	327				hypothetical protein
NHKJIMIN_10076	gene	120				
NHKJIMIN_10076	CDS	120				hypothetical protein
NHKJIMIN_10077	gene	123				
NHKJIMIN_10077	CDS	123				hypothetical protein
NHKJIMIN_10078	gene	528				
NHKJIMIN_10078	CDS	528				hypothetical protein
NHKJIMIN_10079	gene	168				
NHKJIMIN_10079	CDS	168				hypothetical protein
NHKJIMIN_10080	gene	354	purL_1			
NHKJIMIN_10080	CDS	354	purL_1	6.3.5.3		Phosphoribosylformylglycinamidine synthase
NHKJIMIN_10081	gene	354	purL_2			
NHKJIMIN_10081	CDS	354	purL_2	6.3.5.3		Phosphoribosylformylglycinamidine synthase
NHKJIMIN_10082	gene	1692	purL_3			
NHKJIMIN_10082	CDS	1692	purL_3	6.3.5.3	COG0046	Phosphoribosylformylglycinamidine synthase
NHKJIMIN_10083	gene	384	purL_4			
NHKJIMIN_10083	CDS	384	purL_4	6.3.5.3		Phosphoribosylformylglycinamidine synthase
NHKJIMIN_10084	gene	708	purL_5			
NHKJIMIN_10084	CDS	708	purL_5	6.3.5.3	COG0046	Phosphoribosylformylglycinamidine synthase
NHKJIMIN_10085	gene	387				
NHKJIMIN_10085	CDS	387				hypothetical protein
NHKJIMIN_10086	gene	678				
NHKJIMIN_10086	CDS	678				hypothetical protein
NHKJIMIN_10087	gene	216				
NHKJIMIN_10087	CDS	216				hypothetical protein
NHKJIMIN_10088	gene	342				
NHKJIMIN_10088	CDS	342				hypothetical protein
NHKJIMIN_10089	gene	222				
NHKJIMIN_10089	CDS	222				hypothetical protein
NHKJIMIN_10090	gene	744	resE			
NHKJIMIN_10090	CDS	744	resE	2.7.13.3	COG5002	Sensor histidine kinase ResE
NHKJIMIN_10091	gene	342				
NHKJIMIN_10091	CDS	342				hypothetical protein
NHKJIMIN_10092	gene	612	rhaR_2			
NHKJIMIN_10092	CDS	612	rhaR_2			HTH-type transcriptional activator RhaR
NHKJIMIN_10093	gene	255	srpC_3			
NHKJIMIN_10093	CDS	255	srpC_3		COG2059	putative chromate transport protein
NHKJIMIN_10094	gene	210				
NHKJIMIN_10094	CDS	210				hypothetical protein
NHKJIMIN_10095	gene	561	chrA			
NHKJIMIN_10095	CDS	561	chrA			Chromate transport protein
NHKJIMIN_10096	gene	267				
NHKJIMIN_10096	CDS	267				hypothetical protein
NHKJIMIN_10097	gene	1218				
NHKJIMIN_10097	CDS	1218				hypothetical protein
NHKJIMIN_10098	gene	1596	uvrA_6			
NHKJIMIN_10098	CDS	1596	uvrA_6			UvrABC system protein A
NHKJIMIN_10099	gene	639	uvrA_7			
NHKJIMIN_10099	CDS	639	uvrA_7			UvrABC system protein A
NHKJIMIN_10100	gene	381	uvrA_8			
NHKJIMIN_10100	CDS	381	uvrA_8			UvrABC system protein A
NHKJIMIN_10101	gene	675				
NHKJIMIN_10101	CDS	675				hypothetical protein
NHKJIMIN_10102	gene	375				
NHKJIMIN_10102	CDS	375				hypothetical protein
NHKJIMIN_10103	gene	1014				
NHKJIMIN_10103	CDS	1014				hypothetical protein
NHKJIMIN_10104	gene	162				
NHKJIMIN_10104	CDS	162				hypothetical protein
NHKJIMIN_10105	gene	558				
NHKJIMIN_10105	CDS	558				hypothetical protein
NHKJIMIN_10106	gene	783				
NHKJIMIN_10106	CDS	783				hypothetical protein
NHKJIMIN_10107	gene	456				
NHKJIMIN_10107	CDS	456				hypothetical protein
NHKJIMIN_10108	gene	294				
NHKJIMIN_10108	CDS	294				hypothetical protein
NHKJIMIN_10109	gene	294				
NHKJIMIN_10109	CDS	294				hypothetical protein
NHKJIMIN_10110	gene	867	rcsC_23			
NHKJIMIN_10110	CDS	867	rcsC_23	2.7.13.3		Sensor histidine kinase RcsC
NHKJIMIN_10111	gene	561				
NHKJIMIN_10111	CDS	561				hypothetical protein
NHKJIMIN_10112	gene	540				
NHKJIMIN_10112	CDS	540				hypothetical protein
NHKJIMIN_10113	gene	300				
NHKJIMIN_10113	CDS	300				hypothetical protein
NHKJIMIN_10114	gene	201				
NHKJIMIN_10114	CDS	201				hypothetical protein
NHKJIMIN_10115	gene	921				
NHKJIMIN_10115	CDS	921				hypothetical protein
NHKJIMIN_10116	gene	141				
NHKJIMIN_10116	CDS	141				hypothetical protein
NHKJIMIN_10117	gene	180				
NHKJIMIN_10117	CDS	180				hypothetical protein
NHKJIMIN_10118	gene	141				
NHKJIMIN_10118	CDS	141				hypothetical protein
NHKJIMIN_10119	gene	654				
NHKJIMIN_10119	CDS	654				hypothetical protein
NHKJIMIN_10120	gene	357				
NHKJIMIN_10120	CDS	357				hypothetical protein
NHKJIMIN_10121	gene	297				
NHKJIMIN_10121	CDS	297				hypothetical protein
NHKJIMIN_10122	gene	2082				
NHKJIMIN_10122	CDS	2082		1.2.7.1	COG0674	Pyruvate:ferredoxin oxidoreductase
NHKJIMIN_10123	gene	1359				
NHKJIMIN_10123	CDS	1359		1.2.7.1	COG0674	Pyruvate:ferredoxin oxidoreductase
NHKJIMIN_10124	gene	330				
NHKJIMIN_10124	CDS	330				hypothetical protein
NHKJIMIN_10125	gene	180				
NHKJIMIN_10125	CDS	180				hypothetical protein
NHKJIMIN_10126	gene	630				
NHKJIMIN_10126	CDS	630				hypothetical protein
NHKJIMIN_10127	gene	171				
NHKJIMIN_10127	CDS	171				hypothetical protein
NHKJIMIN_10128	gene	276	proW			
NHKJIMIN_10128	CDS	276	proW			Glycine betaine/proline betaine transport system permease protein ProW
NHKJIMIN_10129	gene	426	opuAB			
NHKJIMIN_10129	CDS	426	opuAB		COG4176	Glycine betaine transport system permease protein OpuAB
NHKJIMIN_10130	gene	147				
NHKJIMIN_10130	CDS	147				hypothetical protein
NHKJIMIN_10131	gene	576	gbuA_1			
NHKJIMIN_10131	CDS	576	gbuA_1	7.6.2.9		Glycine betaine/carnitine transport ATP-binding protein GbuA
NHKJIMIN_10132	gene	474	gbuA_2			
NHKJIMIN_10132	CDS	474	gbuA_2	7.6.2.9		Glycine betaine/carnitine transport ATP-binding protein GbuA
NHKJIMIN_10133	gene	1005	ogt_3			
NHKJIMIN_10133	CDS	1005	ogt_3	2.1.1.63		Methylated-DNA--protein-cysteine methyltransferase
NHKJIMIN_10134	gene	396	cheB_1			
NHKJIMIN_10134	CDS	396	cheB_1	3.5.1.44		Protein-glutamate methylesterase/protein-glutamine glutaminase
NHKJIMIN_10135	gene	207				
NHKJIMIN_10135	CDS	207				hypothetical protein
NHKJIMIN_10136	gene	276				
NHKJIMIN_10136	CDS	276				hypothetical protein
NHKJIMIN_10137	gene	1221				
NHKJIMIN_10137	CDS	1221				hypothetical protein
NHKJIMIN_10138	gene	546				
NHKJIMIN_10138	CDS	546				hypothetical protein
NHKJIMIN_10139	gene	123				
NHKJIMIN_10139	CDS	123				hypothetical protein
NHKJIMIN_10140	gene	1170				
NHKJIMIN_10140	CDS	1170				hypothetical protein
NHKJIMIN_10141	gene	564				
NHKJIMIN_10141	CDS	564				hypothetical protein
NHKJIMIN_10142	gene	522	sacC_3			
NHKJIMIN_10142	CDS	522	sacC_3	3.2.1.80	COG1621	Levanase
NHKJIMIN_10143	gene	225	sacC_4			
NHKJIMIN_10143	CDS	225	sacC_4	3.2.1.80	COG1621	Levanase
NHKJIMIN_10144	gene	234				
NHKJIMIN_10144	CDS	234				hypothetical protein
NHKJIMIN_10145	gene	303				
NHKJIMIN_10145	CDS	303				hypothetical protein
NHKJIMIN_10146	gene	189				
NHKJIMIN_10146	CDS	189				hypothetical protein
NHKJIMIN_10147	gene	549				
NHKJIMIN_10147	CDS	549				hypothetical protein
NHKJIMIN_10148	gene	528				
NHKJIMIN_10148	CDS	528				hypothetical protein
NHKJIMIN_10149	gene	333				
NHKJIMIN_10149	CDS	333				hypothetical protein
NHKJIMIN_10150	gene	201				
NHKJIMIN_10150	CDS	201				hypothetical protein
NHKJIMIN_10151	gene	321				
NHKJIMIN_10151	CDS	321				hypothetical protein
NHKJIMIN_10152	gene	108				
NHKJIMIN_10152	CDS	108				hypothetical protein
NHKJIMIN_10153	gene	141				
NHKJIMIN_10153	CDS	141				hypothetical protein
NHKJIMIN_10154	gene	261				
NHKJIMIN_10154	CDS	261				hypothetical protein
NHKJIMIN_10155	gene	222				
NHKJIMIN_10155	CDS	222				hypothetical protein
NHKJIMIN_10156	gene	894				
NHKJIMIN_10156	CDS	894				hypothetical protein
NHKJIMIN_10157	gene	195				
NHKJIMIN_10157	CDS	195				hypothetical protein
NHKJIMIN_10158	gene	195				
NHKJIMIN_10158	CDS	195				hypothetical protein
NHKJIMIN_10159	gene	132				
NHKJIMIN_10159	CDS	132				hypothetical protein
NHKJIMIN_10160	gene	96				
NHKJIMIN_10160	CDS	96				hypothetical protein
NHKJIMIN_10161	gene	237				
NHKJIMIN_10161	CDS	237				hypothetical protein
NHKJIMIN_10162	gene	258				
NHKJIMIN_10162	CDS	258				hypothetical protein
NHKJIMIN_10163	gene	162				
NHKJIMIN_10163	CDS	162				hypothetical protein
NHKJIMIN_10164	gene	261				
NHKJIMIN_10164	CDS	261				hypothetical protein
NHKJIMIN_10165	gene	216				
NHKJIMIN_10165	CDS	216				hypothetical protein
NHKJIMIN_10166	gene	252				
NHKJIMIN_10166	CDS	252				hypothetical protein
NHKJIMIN_10167	gene	387	yhcG_3			
NHKJIMIN_10167	CDS	387	yhcG_3	3.1.-.-	COG4804	Putative nuclease YhcG
NHKJIMIN_10168	gene	114				
NHKJIMIN_10168	CDS	114				hypothetical protein
NHKJIMIN_10169	gene	438				
NHKJIMIN_10169	CDS	438				hypothetical protein
NHKJIMIN_10170	gene	285				
NHKJIMIN_10170	CDS	285				hypothetical protein
NHKJIMIN_10171	gene	165				
NHKJIMIN_10171	CDS	165				hypothetical protein
NHKJIMIN_10172	gene	267				
NHKJIMIN_10172	CDS	267				hypothetical protein
NHKJIMIN_10173	gene	153				
NHKJIMIN_10173	CDS	153				hypothetical protein
NHKJIMIN_10174	gene	234				
NHKJIMIN_10174	CDS	234				hypothetical protein
NHKJIMIN_10175	gene	228				
NHKJIMIN_10175	CDS	228				hypothetical protein
NHKJIMIN_10176	gene	111				
NHKJIMIN_10176	CDS	111				hypothetical protein
NHKJIMIN_10177	gene	324				
NHKJIMIN_10177	CDS	324				hypothetical protein
NHKJIMIN_10178	gene	354				
NHKJIMIN_10178	CDS	354				hypothetical protein
NHKJIMIN_10179	gene	612				
NHKJIMIN_10179	CDS	612				hypothetical protein
NHKJIMIN_10180	gene	264				
NHKJIMIN_10180	CDS	264				hypothetical protein
NHKJIMIN_10181	gene	237				
NHKJIMIN_10181	CDS	237				hypothetical protein
NHKJIMIN_10182	gene	699				
NHKJIMIN_10182	CDS	699				hypothetical protein
NHKJIMIN_10183	gene	378				
NHKJIMIN_10183	CDS	378				hypothetical protein
NHKJIMIN_10184	gene	138				
NHKJIMIN_10184	CDS	138				hypothetical protein
NHKJIMIN_10185	gene	237				
NHKJIMIN_10185	CDS	237				hypothetical protein
NHKJIMIN_10186	gene	342				
NHKJIMIN_10186	CDS	342				hypothetical protein
NHKJIMIN_10187	gene	417				
NHKJIMIN_10187	CDS	417				hypothetical protein
NHKJIMIN_10188	gene	99				
NHKJIMIN_10188	CDS	99				hypothetical protein
NHKJIMIN_10189	gene	624				
NHKJIMIN_10189	CDS	624				hypothetical protein
NHKJIMIN_10190	gene	243				
NHKJIMIN_10190	CDS	243				hypothetical protein
NHKJIMIN_10191	gene	342				
NHKJIMIN_10191	CDS	342				hypothetical protein
NHKJIMIN_10192	gene	282				
NHKJIMIN_10192	CDS	282				hypothetical protein
NHKJIMIN_10193	gene	129				
NHKJIMIN_10193	CDS	129				hypothetical protein
NHKJIMIN_10194	gene	300				
NHKJIMIN_10194	CDS	300				hypothetical protein
NHKJIMIN_10195	gene	633				
NHKJIMIN_10195	CDS	633				hypothetical protein
NHKJIMIN_10196	gene	276				
NHKJIMIN_10196	CDS	276				hypothetical protein
NHKJIMIN_10197	gene	195				
NHKJIMIN_10197	CDS	195				hypothetical protein
NHKJIMIN_10198	gene	336				
NHKJIMIN_10198	CDS	336				hypothetical protein
NHKJIMIN_10199	gene	669	nanM_3			
NHKJIMIN_10199	CDS	669	nanM_3	5.1.3.24		N-acetylneuraminate epimerase
NHKJIMIN_10200	gene	357				
NHKJIMIN_10200	CDS	357				hypothetical protein
NHKJIMIN_10201	gene	882				
NHKJIMIN_10201	CDS	882				hypothetical protein
NHKJIMIN_10202	gene	309				
NHKJIMIN_10202	CDS	309				hypothetical protein
NHKJIMIN_10203	gene	327				
NHKJIMIN_10203	CDS	327				hypothetical protein
NHKJIMIN_10204	gene	210				
NHKJIMIN_10204	CDS	210				hypothetical protein
NHKJIMIN_10205	gene	138				
NHKJIMIN_10205	CDS	138				hypothetical protein
NHKJIMIN_10206	gene	279				
NHKJIMIN_10206	CDS	279				hypothetical protein
NHKJIMIN_10207	gene	282				
NHKJIMIN_10207	CDS	282				hypothetical protein
NHKJIMIN_10208	gene	225				
NHKJIMIN_10208	CDS	225				hypothetical protein
NHKJIMIN_10209	gene	345				
NHKJIMIN_10209	CDS	345				hypothetical protein
NHKJIMIN_10210	gene	498				
NHKJIMIN_10210	CDS	498				hypothetical protein
NHKJIMIN_10211	gene	111				
NHKJIMIN_10211	CDS	111				hypothetical protein
NHKJIMIN_10212	gene	519	cheB_2			
NHKJIMIN_10212	CDS	519	cheB_2	3.5.1.44		Protein-glutamate methylesterase/protein-glutamine glutaminase
NHKJIMIN_10213	gene	609	ypdA			
NHKJIMIN_10213	CDS	609	ypdA	2.7.13.3	COG3275	Sensor histidine kinase YpdA
NHKJIMIN_10214	gene	462				
NHKJIMIN_10214	CDS	462				hypothetical protein
NHKJIMIN_10215	gene	477				
NHKJIMIN_10215	CDS	477				hypothetical protein
NHKJIMIN_10216	gene	414				
NHKJIMIN_10216	CDS	414				hypothetical protein
NHKJIMIN_10217	gene	255				
NHKJIMIN_10217	CDS	255				hypothetical protein
NHKJIMIN_10218	gene	327				
NHKJIMIN_10218	CDS	327			COG4771	TonB-dependent receptor P39
NHKJIMIN_10219	gene	438				
NHKJIMIN_10219	CDS	438				hypothetical protein
NHKJIMIN_10220	gene	1233				
NHKJIMIN_10220	CDS	1233				hypothetical protein
NHKJIMIN_10221	gene	171				
NHKJIMIN_10221	CDS	171				hypothetical protein
NHKJIMIN_10222	gene	192				
NHKJIMIN_10222	CDS	192				hypothetical protein
NHKJIMIN_10223	gene	288				
NHKJIMIN_10223	CDS	288				hypothetical protein
NHKJIMIN_10224	gene	147				
NHKJIMIN_10224	CDS	147				hypothetical protein
NHKJIMIN_10225	gene	468				
NHKJIMIN_10225	CDS	468				hypothetical protein
NHKJIMIN_10226	gene	291				
NHKJIMIN_10226	CDS	291				hypothetical protein
NHKJIMIN_10227	gene	219				
NHKJIMIN_10227	CDS	219				hypothetical protein
NHKJIMIN_10228	gene	276				
NHKJIMIN_10228	CDS	276				hypothetical protein
NHKJIMIN_10229	gene	165				
NHKJIMIN_10229	CDS	165				hypothetical protein
NHKJIMIN_10230	gene	195				
NHKJIMIN_10230	CDS	195				hypothetical protein
NHKJIMIN_10231	gene	366				
NHKJIMIN_10231	CDS	366				hypothetical protein
NHKJIMIN_10232	gene	513				
NHKJIMIN_10232	CDS	513				hypothetical protein
NHKJIMIN_10233	gene	489				
NHKJIMIN_10233	CDS	489				hypothetical protein
NHKJIMIN_10234	gene	249				
NHKJIMIN_10234	CDS	249				hypothetical protein
NHKJIMIN_10235	gene	333				
NHKJIMIN_10235	CDS	333				hypothetical protein
NHKJIMIN_10236	gene	756				
NHKJIMIN_10236	CDS	756		3.2.1.22	COG4948	Retaining alpha-galactosidase
NHKJIMIN_10237	gene	135				
NHKJIMIN_10237	CDS	135				hypothetical protein
NHKJIMIN_10238	gene	186				
NHKJIMIN_10238	CDS	186				hypothetical protein
NHKJIMIN_10239	gene	108				
NHKJIMIN_10239	CDS	108				hypothetical protein
NHKJIMIN_10240	gene	1026	susC_44			
NHKJIMIN_10240	CDS	1026	susC_44		COG1629	TonB-dependent receptor SusC
NHKJIMIN_10241	gene	228				
NHKJIMIN_10241	CDS	228				hypothetical protein
NHKJIMIN_10242	gene	462				
NHKJIMIN_10242	CDS	462			COG1629	TonB-dependent receptor P26
NHKJIMIN_10243	gene	285				
NHKJIMIN_10243	CDS	285				hypothetical protein
NHKJIMIN_10244	gene	825				
NHKJIMIN_10244	CDS	825			COG4771	TonB-dependent receptor P3
NHKJIMIN_10245	gene	606				
NHKJIMIN_10245	CDS	606				hypothetical protein
NHKJIMIN_10246	gene	732				
NHKJIMIN_10246	CDS	732				hypothetical protein
NHKJIMIN_10247	gene	177				
NHKJIMIN_10247	CDS	177				hypothetical protein
NHKJIMIN_10248	gene	159				
NHKJIMIN_10248	CDS	159				hypothetical protein
NHKJIMIN_10249	gene	336				
NHKJIMIN_10249	CDS	336				hypothetical protein
NHKJIMIN_10250	gene	396				
NHKJIMIN_10250	CDS	396				hypothetical protein
NHKJIMIN_10251	gene	648				
NHKJIMIN_10251	CDS	648				hypothetical protein
NHKJIMIN_10252	gene	333				
NHKJIMIN_10252	CDS	333				hypothetical protein
NHKJIMIN_10253	gene	282				
NHKJIMIN_10253	CDS	282				hypothetical protein
NHKJIMIN_10254	gene	450				
NHKJIMIN_10254	CDS	450				hypothetical protein
NHKJIMIN_10255	gene	273				
NHKJIMIN_10255	CDS	273				hypothetical protein
NHKJIMIN_10256	gene	144				
NHKJIMIN_10256	CDS	144				hypothetical protein
NHKJIMIN_10257	gene	600	acrB			
NHKJIMIN_10257	CDS	600	acrB			Acryloyl-CoA reductase electron transfer subunit gamma
NHKJIMIN_10258	gene	516				
NHKJIMIN_10258	CDS	516				hypothetical protein
NHKJIMIN_10259	gene	135				
NHKJIMIN_10259	CDS	135				hypothetical protein
NHKJIMIN_10260	gene	312	carE			
NHKJIMIN_10260	CDS	312	carE	1.3.1.108	COG2025	Caffeyl-CoA reductase-Etf complex subunit CarE
NHKJIMIN_10261	gene	606				
NHKJIMIN_10261	CDS	606				hypothetical protein
NHKJIMIN_10262	gene	456				
NHKJIMIN_10262	CDS	456		1.3.99.-	COG1960	putative acyl-CoA dehydrogenase FadE25
NHKJIMIN_10263	gene	288				
NHKJIMIN_10263	CDS	288				hypothetical protein
NHKJIMIN_10264	gene	357				
NHKJIMIN_10264	CDS	357				hypothetical protein
NHKJIMIN_10265	gene	216				
NHKJIMIN_10265	CDS	216				hypothetical protein
NHKJIMIN_10266	gene	555	lacZ_25			
NHKJIMIN_10266	CDS	555	lacZ_25	3.2.1.23		Beta-galactosidase
NHKJIMIN_10267	gene	291	lacZ_26			
NHKJIMIN_10267	CDS	291	lacZ_26	3.2.1.23		Beta-galactosidase
NHKJIMIN_10268	gene	474	lacZ_27			
NHKJIMIN_10268	CDS	474	lacZ_27	3.2.1.23	COG3250	Beta-galactosidase
NHKJIMIN_10269	gene	114				
NHKJIMIN_10269	CDS	114				hypothetical protein
NHKJIMIN_10270	gene	882	lacZ_28			
NHKJIMIN_10270	CDS	882	lacZ_28	3.2.1.23		Beta-galactosidase
NHKJIMIN_10271	gene	828	lacZ_29			
NHKJIMIN_10271	CDS	828	lacZ_29	3.2.1.23		Beta-galactosidase
NHKJIMIN_10272	gene	594				
NHKJIMIN_10272	CDS	594				hypothetical protein
NHKJIMIN_10273	gene	216				
NHKJIMIN_10273	CDS	216				hypothetical protein
NHKJIMIN_10274	gene	444	dnaJ_3			
NHKJIMIN_10274	CDS	444	dnaJ_3		COG0484	Chaperone protein DnaJ
NHKJIMIN_10275	gene	504	dnaJ_4			
NHKJIMIN_10275	CDS	504	dnaJ_4			Chaperone protein DnaJ
NHKJIMIN_10276	gene	186				
NHKJIMIN_10276	CDS	186				hypothetical protein
NHKJIMIN_10277	gene	384	pdhS			
NHKJIMIN_10277	CDS	384	pdhS	2.7.13.3		Cell-division control histidine kinase PdhS
NHKJIMIN_10278	gene	444	rcsC_24			
NHKJIMIN_10278	CDS	444	rcsC_24	2.7.13.3		Sensor histidine kinase RcsC
NHKJIMIN_10279	gene	300				
NHKJIMIN_10279	CDS	300				hypothetical protein
NHKJIMIN_10280	gene	255				
NHKJIMIN_10280	CDS	255				hypothetical protein
NHKJIMIN_10281	gene	942				
NHKJIMIN_10281	CDS	942				hypothetical protein
NHKJIMIN_10282	gene	705				
NHKJIMIN_10282	CDS	705				hypothetical protein
NHKJIMIN_10283	gene	435				
NHKJIMIN_10283	CDS	435				hypothetical protein
NHKJIMIN_10284	gene	792				
NHKJIMIN_10284	CDS	792				hypothetical protein
NHKJIMIN_10285	gene	654				
NHKJIMIN_10285	CDS	654				hypothetical protein
NHKJIMIN_10286	gene	165				
NHKJIMIN_10286	CDS	165				hypothetical protein
NHKJIMIN_10287	gene	522				
NHKJIMIN_10287	CDS	522				hypothetical protein
NHKJIMIN_10288	gene	525				
NHKJIMIN_10288	CDS	525				hypothetical protein
NHKJIMIN_10289	gene	288				
NHKJIMIN_10289	CDS	288				hypothetical protein
NHKJIMIN_10290	gene	375				
NHKJIMIN_10290	CDS	375				hypothetical protein
NHKJIMIN_10291	gene	156				
NHKJIMIN_10291	CDS	156				hypothetical protein
NHKJIMIN_10292	gene	315				
NHKJIMIN_10292	CDS	315				hypothetical protein
NHKJIMIN_10293	gene	306				
NHKJIMIN_10293	CDS	306				hypothetical protein
NHKJIMIN_10294	gene	219				
NHKJIMIN_10294	CDS	219				hypothetical protein
NHKJIMIN_10295	gene	234				
NHKJIMIN_10295	CDS	234				hypothetical protein
NHKJIMIN_10296	gene	384				
NHKJIMIN_10296	CDS	384				hypothetical protein
NHKJIMIN_10297	gene	540				
NHKJIMIN_10297	CDS	540				hypothetical protein
NHKJIMIN_10298	gene	255				
NHKJIMIN_10298	CDS	255				hypothetical protein
NHKJIMIN_10299	gene	252	ltaE_1			
NHKJIMIN_10299	CDS	252	ltaE_1	4.1.2.48		Low specificity L-threonine aldolase
NHKJIMIN_10300	gene	615	ltaE_2			
NHKJIMIN_10300	CDS	615	ltaE_2	4.1.2.48		Low specificity L-threonine aldolase
NHKJIMIN_10301	gene	219				
NHKJIMIN_10301	CDS	219				hypothetical protein
NHKJIMIN_10302	gene	252				
NHKJIMIN_10302	CDS	252				hypothetical protein
NHKJIMIN_10303	gene	114				
NHKJIMIN_10303	CDS	114				hypothetical protein
NHKJIMIN_10304	gene	312				
NHKJIMIN_10304	CDS	312				hypothetical protein
NHKJIMIN_10305	gene	138				
NHKJIMIN_10305	CDS	138				hypothetical protein
NHKJIMIN_10306	gene	534	poxB_1			
NHKJIMIN_10306	CDS	534	poxB_1	1.2.5.1	COG0028	Pyruvate dehydrogenase [ubiquinone]
NHKJIMIN_10307	gene	249	poxB_2			
NHKJIMIN_10307	CDS	249	poxB_2	1.2.5.1		Pyruvate dehydrogenase [ubiquinone]
NHKJIMIN_10308	gene	183	poxB_3			
NHKJIMIN_10308	CDS	183	poxB_3	1.2.5.1	COG0028	Pyruvate dehydrogenase [ubiquinone]
NHKJIMIN_10309	gene	816	poxB_4			
NHKJIMIN_10309	CDS	816	poxB_4	1.2.5.1	COG0028	Pyruvate dehydrogenase [ubiquinone]
NHKJIMIN_10310	gene	579	sgcG			
NHKJIMIN_10310	CDS	579	sgcG	1.3.8.16		2-amino-4-deoxychorismate dehydrogenase
NHKJIMIN_10311	gene	363				
NHKJIMIN_10311	CDS	363				hypothetical protein
NHKJIMIN_10312	gene	183				
NHKJIMIN_10312	CDS	183				hypothetical protein
NHKJIMIN_10313	gene	600				
NHKJIMIN_10313	CDS	600				hypothetical protein
NHKJIMIN_10314	gene	243				
NHKJIMIN_10314	CDS	243				hypothetical protein
NHKJIMIN_10315	gene	243				
NHKJIMIN_10315	CDS	243				hypothetical protein
NHKJIMIN_10316	gene	327				
NHKJIMIN_10316	CDS	327				hypothetical protein
NHKJIMIN_10317	gene	102				
NHKJIMIN_10317	CDS	102				hypothetical protein
NHKJIMIN_10318	gene	261	groEL_1			
NHKJIMIN_10318	CDS	261	groEL_1	5.6.1.7		Chaperonin GroEL
NHKJIMIN_10319	gene	876	groEL_2			
NHKJIMIN_10319	CDS	876	groEL_2	5.6.1.7		Chaperonin GroEL
NHKJIMIN_10320	gene	354	groEL_3			
NHKJIMIN_10320	CDS	354	groEL_3	5.6.1.7		Chaperonin GroEL
NHKJIMIN_10321	gene	216	groES			
NHKJIMIN_10321	CDS	216	groES			Co-chaperonin GroES
NHKJIMIN_10322	gene	366				
NHKJIMIN_10322	CDS	366				hypothetical protein
NHKJIMIN_10323	gene	255				
NHKJIMIN_10323	CDS	255				hypothetical protein
NHKJIMIN_10324	gene	186				
NHKJIMIN_10324	CDS	186				hypothetical protein
NHKJIMIN_10325	gene	324				
NHKJIMIN_10325	CDS	324				hypothetical protein
NHKJIMIN_10326	gene	345				
NHKJIMIN_10326	CDS	345				hypothetical protein
NHKJIMIN_10327	gene	543				
NHKJIMIN_10327	CDS	543				hypothetical protein
NHKJIMIN_10328	gene	141				
NHKJIMIN_10328	CDS	141				hypothetical protein
NHKJIMIN_10329	gene	180				
NHKJIMIN_10329	CDS	180				hypothetical protein
NHKJIMIN_10330	gene	390				
NHKJIMIN_10330	CDS	390				hypothetical protein
NHKJIMIN_10331	gene	354				
NHKJIMIN_10331	CDS	354				hypothetical protein
NHKJIMIN_10332	gene	819				
NHKJIMIN_10332	CDS	819				hypothetical protein
NHKJIMIN_10333	gene	417				
NHKJIMIN_10333	CDS	417				hypothetical protein
NHKJIMIN_10334	gene	249				
NHKJIMIN_10334	CDS	249				hypothetical protein
NHKJIMIN_10335	gene	171				
NHKJIMIN_10335	CDS	171				hypothetical protein
NHKJIMIN_10336	gene	213				
NHKJIMIN_10336	CDS	213				hypothetical protein
NHKJIMIN_10337	gene	189				
NHKJIMIN_10337	CDS	189				hypothetical protein
NHKJIMIN_10338	gene	201				
NHKJIMIN_10338	CDS	201				hypothetical protein
NHKJIMIN_10339	gene	195				
NHKJIMIN_10339	CDS	195				hypothetical protein
NHKJIMIN_10340	gene	210				
NHKJIMIN_10340	CDS	210				hypothetical protein
NHKJIMIN_10341	gene	141				
NHKJIMIN_10341	CDS	141				hypothetical protein
NHKJIMIN_10342	gene	291				
NHKJIMIN_10342	CDS	291		2.7.4.-	COG2326	ADP-polyphosphate phosphotransferase
NHKJIMIN_10343	gene	168				
NHKJIMIN_10343	CDS	168		2.7.4.-	COG2326	ADP-polyphosphate phosphotransferase
NHKJIMIN_10344	gene	237				
NHKJIMIN_10344	CDS	237				hypothetical protein
NHKJIMIN_10345	gene	258				
NHKJIMIN_10345	CDS	258				hypothetical protein
NHKJIMIN_10346	gene	411				
NHKJIMIN_10346	CDS	411				hypothetical protein
NHKJIMIN_10347	gene	300				
NHKJIMIN_10347	CDS	300				hypothetical protein
NHKJIMIN_10348	gene	156				
NHKJIMIN_10348	CDS	156				hypothetical protein
NHKJIMIN_10349	gene	231				
NHKJIMIN_10349	CDS	231				hypothetical protein
NHKJIMIN_10350	gene	162				
NHKJIMIN_10350	CDS	162				hypothetical protein
NHKJIMIN_10351	gene	354				
NHKJIMIN_10351	CDS	354				hypothetical protein
NHKJIMIN_10352	gene	165				
NHKJIMIN_10352	CDS	165				hypothetical protein
NHKJIMIN_10353	gene	270				
NHKJIMIN_10353	CDS	270				hypothetical protein
NHKJIMIN_10354	gene	138				
NHKJIMIN_10354	CDS	138				hypothetical protein
NHKJIMIN_10355	gene	345				
NHKJIMIN_10355	CDS	345				hypothetical protein
NHKJIMIN_10356	gene	168				
NHKJIMIN_10356	CDS	168				hypothetical protein
NHKJIMIN_10357	gene	426				
NHKJIMIN_10357	CDS	426				hypothetical protein
NHKJIMIN_10358	gene	324				
NHKJIMIN_10358	CDS	324				hypothetical protein
NHKJIMIN_10359	gene	627				
NHKJIMIN_10359	CDS	627				hypothetical protein
NHKJIMIN_10360	gene	495				
NHKJIMIN_10360	CDS	495				hypothetical protein
NHKJIMIN_10361	gene	420				
NHKJIMIN_10361	CDS	420				hypothetical protein
NHKJIMIN_10362	gene	387				
NHKJIMIN_10362	CDS	387				hypothetical protein
NHKJIMIN_10363	gene	636				
NHKJIMIN_10363	CDS	636				hypothetical protein
NHKJIMIN_10364	gene	174				
NHKJIMIN_10364	CDS	174				hypothetical protein
NHKJIMIN_10365	gene	987				
NHKJIMIN_10365	CDS	987				hypothetical protein
NHKJIMIN_10366	gene	447				
NHKJIMIN_10366	CDS	447				hypothetical protein
NHKJIMIN_10367	gene	720	dpp5_3			
NHKJIMIN_10367	CDS	720	dpp5_3	3.4.14.-	COG0823	Dipeptidyl-peptidase 5
NHKJIMIN_10368	gene	210	hisS_1			
NHKJIMIN_10368	CDS	210	hisS_1	6.1.1.21		Histidine--tRNA ligase
NHKJIMIN_10369	gene	870	hisS_2			
NHKJIMIN_10369	CDS	870	hisS_2	6.1.1.21	COG0124	Histidine--tRNA ligase
NHKJIMIN_10370	gene	249	hisS_3			
NHKJIMIN_10370	CDS	249	hisS_3	6.1.1.21		Histidine--tRNA ligase
NHKJIMIN_10371	gene	183				
NHKJIMIN_10371	CDS	183				hypothetical protein
NHKJIMIN_10372	gene	162				
NHKJIMIN_10372	CDS	162				hypothetical protein
NHKJIMIN_10373	gene	1032				
NHKJIMIN_10373	CDS	1032				hypothetical protein
NHKJIMIN_10374	gene	774				
NHKJIMIN_10374	CDS	774				hypothetical protein
NHKJIMIN_10375	gene	567				
NHKJIMIN_10375	CDS	567				hypothetical protein
NHKJIMIN_10376	gene	417				
NHKJIMIN_10376	CDS	417				hypothetical protein
NHKJIMIN_10377	gene	438	purA_1			
NHKJIMIN_10377	CDS	438	purA_1	6.3.4.4	COG0104	Adenylosuccinate synthetase
NHKJIMIN_10378	gene	582	purA_2			
NHKJIMIN_10378	CDS	582	purA_2	6.3.4.4		Adenylosuccinate synthetase
NHKJIMIN_10379	gene	465	fur			
NHKJIMIN_10379	CDS	465	fur		COG0735	Ferric uptake regulation protein
NHKJIMIN_10380	gene	318				
NHKJIMIN_10380	CDS	318				hypothetical protein
NHKJIMIN_10381	gene	255				
NHKJIMIN_10381	CDS	255				hypothetical protein
NHKJIMIN_10382	gene	480				
NHKJIMIN_10382	CDS	480				hypothetical protein
NHKJIMIN_10383	gene	258				
NHKJIMIN_10383	CDS	258				hypothetical protein
NHKJIMIN_10384	gene	216				
NHKJIMIN_10384	CDS	216				hypothetical protein
NHKJIMIN_10385	gene	342				
NHKJIMIN_10385	CDS	342				hypothetical protein
NHKJIMIN_10386	gene	684				
NHKJIMIN_10386	CDS	684				hypothetical protein
NHKJIMIN_10387	gene	657				
NHKJIMIN_10387	CDS	657				hypothetical protein
NHKJIMIN_10388	gene	150				
NHKJIMIN_10388	CDS	150				hypothetical protein
NHKJIMIN_10389	gene	525				
NHKJIMIN_10389	CDS	525				hypothetical protein
NHKJIMIN_10390	gene	414				
NHKJIMIN_10390	CDS	414				hypothetical protein
NHKJIMIN_10391	gene	504	recQ_4			
NHKJIMIN_10391	CDS	504	recQ_4	5.6.2.4	COG0514	ATP-dependent DNA helicase RecQ
NHKJIMIN_10392	gene	195				
NHKJIMIN_10392	CDS	195				hypothetical protein
NHKJIMIN_10393	gene	390				
NHKJIMIN_10393	CDS	390				hypothetical protein
NHKJIMIN_10394	gene	321				
NHKJIMIN_10394	CDS	321				hypothetical protein
NHKJIMIN_10395	gene	204				
NHKJIMIN_10395	CDS	204				hypothetical protein
NHKJIMIN_10396	gene	348				
NHKJIMIN_10396	CDS	348				hypothetical protein
NHKJIMIN_10397	gene	420				
NHKJIMIN_10397	CDS	420				hypothetical protein
NHKJIMIN_10398	gene	339	cysK1			
NHKJIMIN_10398	CDS	339	cysK1	2.5.1.47	COG0031	O-acetylserine sulfhydrylase
NHKJIMIN_10399	gene	243	cysK_3			
NHKJIMIN_10399	CDS	243	cysK_3	2.5.1.47	COG0031	Cysteine synthase A
NHKJIMIN_10400	gene	360	cysK_4			
NHKJIMIN_10400	CDS	360	cysK_4	2.5.1.47		Cysteine synthase
NHKJIMIN_10401	gene	978				
NHKJIMIN_10401	CDS	978				hypothetical protein
NHKJIMIN_10402	gene	579				
NHKJIMIN_10402	CDS	579				hypothetical protein
NHKJIMIN_10403	gene	228				
NHKJIMIN_10403	CDS	228				hypothetical protein
NHKJIMIN_10404	gene	261				
NHKJIMIN_10404	CDS	261				hypothetical protein
NHKJIMIN_10405	gene	432				
NHKJIMIN_10405	CDS	432				hypothetical protein
NHKJIMIN_10406	gene	1620				
NHKJIMIN_10406	CDS	1620			COG0702	SusD-like protein P38
NHKJIMIN_10407	gene	897				
NHKJIMIN_10407	CDS	897			COG1629	TonB-dependent receptor P26
NHKJIMIN_10408	gene	816				
NHKJIMIN_10408	CDS	816				hypothetical protein
NHKJIMIN_10409	gene	501				
NHKJIMIN_10409	CDS	501				hypothetical protein
NHKJIMIN_10410	gene	360				
NHKJIMIN_10410	CDS	360				hypothetical protein
NHKJIMIN_10411	gene	195				
NHKJIMIN_10411	CDS	195				hypothetical protein
NHKJIMIN_10412	gene	432				
NHKJIMIN_10412	CDS	432				hypothetical protein
NHKJIMIN_10413	gene	381				
NHKJIMIN_10413	CDS	381				hypothetical protein
NHKJIMIN_10414	gene	165				
NHKJIMIN_10414	CDS	165				hypothetical protein
NHKJIMIN_10415	gene	1011	lpsL			
NHKJIMIN_10415	CDS	1011	lpsL	5.1.3.6	COG0451	UDP-glucuronate 4-epimerase
NHKJIMIN_10416	gene	450				
NHKJIMIN_10416	CDS	450				hypothetical protein
NHKJIMIN_10417	gene	765				
NHKJIMIN_10417	CDS	765				hypothetical protein
NHKJIMIN_10418	gene	495				
NHKJIMIN_10418	CDS	495				hypothetical protein
NHKJIMIN_10419	gene	297				
NHKJIMIN_10419	CDS	297				hypothetical protein
NHKJIMIN_10420	gene	234	rgtE_2			
NHKJIMIN_10420	CDS	234	rgtE_2	2.4.1.-	COG0463	Dodecaprenyl-phosphate galacturonate synthase
NHKJIMIN_10421	gene	216				
NHKJIMIN_10421	CDS	216				hypothetical protein
NHKJIMIN_10422	gene	348				
NHKJIMIN_10422	CDS	348				hypothetical protein
NHKJIMIN_10423	gene	573	leuB_1			
NHKJIMIN_10423	CDS	573	leuB_1	1.1.1.85		3-isopropylmalate dehydrogenase
NHKJIMIN_10424	gene	411	leuB_2			
NHKJIMIN_10424	CDS	411	leuB_2	1.1.1.85		3-isopropylmalate dehydrogenase
NHKJIMIN_10425	gene	240				
NHKJIMIN_10425	CDS	240				hypothetical protein
NHKJIMIN_10426	gene	288	cimA_1			
NHKJIMIN_10426	CDS	288	cimA_1	2.3.3.21		(R)-citramalate synthase CimA
NHKJIMIN_10427	gene	822	cimA_2			
NHKJIMIN_10427	CDS	822	cimA_2	2.3.3.21		(R)-citramalate synthase CimA
NHKJIMIN_10428	gene	123	leuA_1			
NHKJIMIN_10428	CDS	123	leuA_1	2.3.3.13		2-isopropylmalate synthase
NHKJIMIN_10429	gene	213	leuD1			
NHKJIMIN_10429	CDS	213	leuD1	4.2.1.33		3-isopropylmalate dehydratase small subunit 1
NHKJIMIN_10430	gene	330	leuD			
NHKJIMIN_10430	CDS	330	leuD	4.2.1.33	COG0066	3-isopropylmalate dehydratase small subunit
NHKJIMIN_10431	gene	540	leuC_2			
NHKJIMIN_10431	CDS	540	leuC_2	4.2.1.33	COG0065	3-isopropylmalate dehydratase large subunit
NHKJIMIN_10432	gene	411	leuC_3			
NHKJIMIN_10432	CDS	411	leuC_3	4.2.1.33	COG0065	3-isopropylmalate dehydratase large subunit
NHKJIMIN_10433	gene	264	leuC_4			
NHKJIMIN_10433	CDS	264	leuC_4	4.2.1.33		3-isopropylmalate dehydratase large subunit
NHKJIMIN_10434	gene	261	leuC_5			
NHKJIMIN_10434	CDS	261	leuC_5	4.2.1.33		3-isopropylmalate dehydratase large subunit
NHKJIMIN_10435	gene	369	leuA_2			
NHKJIMIN_10435	CDS	369	leuA_2	2.3.3.13	COG0119	2-isopropylmalate synthase
NHKJIMIN_10436	gene	252	leuA_3			
NHKJIMIN_10436	CDS	252	leuA_3	2.3.3.13	COG0119	2-isopropylmalate synthase
NHKJIMIN_10437	gene	615	leuA1			
NHKJIMIN_10437	CDS	615	leuA1	2.3.3.13		2-isopropylmalate synthase 1
NHKJIMIN_10438	gene	174	leuA_4			
NHKJIMIN_10438	CDS	174	leuA_4	2.3.3.13	COG0119	2-isopropylmalate synthase
NHKJIMIN_10439	gene	132				
NHKJIMIN_10439	CDS	132				hypothetical protein
NHKJIMIN_10440	gene	243				
NHKJIMIN_10440	CDS	243				hypothetical protein
NHKJIMIN_10441	gene	106				
NHKJIMIN_10441	rRNA	106				5S ribosomal RNA
NHKJIMIN_10442	gene	2874				
NHKJIMIN_10442	rRNA	2874				23S ribosomal RNA
NHKJIMIN_10443	gene	77				
NHKJIMIN_10443	tRNA	77				tRNA-Ala(tgc)
NHKJIMIN_10444	gene	77				
NHKJIMIN_10444	tRNA	77				tRNA-Ile(gat)
NHKJIMIN_10445	gene	1522				
NHKJIMIN_10445	rRNA	1522				16S ribosomal RNA
NHKJIMIN_10446	gene	462				
NHKJIMIN_10446	CDS	462				hypothetical protein
NHKJIMIN_10447	gene	144				
NHKJIMIN_10447	CDS	144				hypothetical protein
NHKJIMIN_10448	gene	135				
NHKJIMIN_10448	CDS	135				hypothetical protein
NHKJIMIN_10449	gene	441				
NHKJIMIN_10449	CDS	441				hypothetical protein
NHKJIMIN_10450	gene	342	sppA_1			
NHKJIMIN_10450	CDS	342	sppA_1	3.4.21.-	COG0616	Protease 4
NHKJIMIN_10451	gene	312	sppA_2			
NHKJIMIN_10451	CDS	312	sppA_2	3.4.21.-	COG0616	Protease 4
NHKJIMIN_10452	gene	111				
NHKJIMIN_10452	CDS	111				hypothetical protein
NHKJIMIN_10453	gene	441	lpxK_1			
NHKJIMIN_10453	CDS	441	lpxK_1	2.7.1.130	COG1663	Tetraacyldisaccharide 4'-kinase
NHKJIMIN_10454	gene	501	lpxK_2			
NHKJIMIN_10454	CDS	501	lpxK_2	2.7.1.130		Tetraacyldisaccharide 4'-kinase
NHKJIMIN_10455	gene	372	punA_1			
NHKJIMIN_10455	CDS	372	punA_1	2.4.2.1	COG0005	Purine nucleoside phosphorylase 1
NHKJIMIN_10456	gene	315	punA_2			
NHKJIMIN_10456	CDS	315	punA_2	2.4.2.1		Purine nucleoside phosphorylase
NHKJIMIN_10457	gene	378	thiL_1			
NHKJIMIN_10457	CDS	378	thiL_1	2.7.4.16	COG0611	Thiamine-monophosphate kinase
NHKJIMIN_10458	gene	246	thiL_2			
NHKJIMIN_10458	CDS	246	thiL_2	2.7.4.16		Thiamine-monophosphate kinase
NHKJIMIN_10459	gene	492	thiL_3			
NHKJIMIN_10459	CDS	492	thiL_3	2.7.4.16		Thiamine-monophosphate kinase
NHKJIMIN_10460	gene	74				
NHKJIMIN_10460	tRNA	74				tRNA-Phe(gaa)
NHKJIMIN_10461	gene	198				
NHKJIMIN_10461	CDS	198				hypothetical protein
NHKJIMIN_10462	gene	261				
NHKJIMIN_10462	CDS	261				hypothetical protein
NHKJIMIN_10463	gene	675	xerC_16			
NHKJIMIN_10463	CDS	675	xerC_16			Tyrosine recombinase XerC
NHKJIMIN_10464	gene	90				
NHKJIMIN_10464	CDS	90				hypothetical protein
NHKJIMIN_10465	gene	375				
NHKJIMIN_10465	CDS	375				hypothetical protein
NHKJIMIN_10466	gene	276				
NHKJIMIN_10466	CDS	276				hypothetical protein
NHKJIMIN_10467	gene	306				
NHKJIMIN_10467	CDS	306				hypothetical protein
NHKJIMIN_10468	gene	318				
NHKJIMIN_10468	CDS	318				hypothetical protein
NHKJIMIN_10469	gene	384				
NHKJIMIN_10469	CDS	384				hypothetical protein
NHKJIMIN_10470	gene	312				
NHKJIMIN_10470	CDS	312				hypothetical protein
NHKJIMIN_10471	gene	114				
NHKJIMIN_10471	CDS	114				hypothetical protein
NHKJIMIN_10472	gene	696	lytR_2			
NHKJIMIN_10472	CDS	696	lytR_2		COG3279	Transcriptional regulatory protein LytR
NHKJIMIN_10473	gene	444				
NHKJIMIN_10473	CDS	444				hypothetical protein
NHKJIMIN_10474	gene	168				
NHKJIMIN_10474	CDS	168				hypothetical protein
NHKJIMIN_10475	gene	279				
NHKJIMIN_10475	CDS	279				hypothetical protein
NHKJIMIN_10476	gene	399				
NHKJIMIN_10476	CDS	399				hypothetical protein
NHKJIMIN_10477	gene	441	mdtA_4			
NHKJIMIN_10477	CDS	441	mdtA_4			Multidrug resistance protein MdtA
NHKJIMIN_10478	gene	546	bepF_3			
NHKJIMIN_10478	CDS	546	bepF_3			Efflux pump periplasmic linker BepF
NHKJIMIN_10479	gene	2625	bepE_11			
NHKJIMIN_10479	CDS	2625	bepE_11			Efflux pump membrane transporter BepE
NHKJIMIN_10480	gene	495	acrD_3			
NHKJIMIN_10480	CDS	495	acrD_3		COG0841	putative aminoglycoside efflux pump
NHKJIMIN_10481	gene	450	oprM_2			
NHKJIMIN_10481	CDS	450	oprM_2			Outer membrane protein OprM
NHKJIMIN_10482	gene	204				
NHKJIMIN_10482	CDS	204				hypothetical protein
NHKJIMIN_10483	gene	279				
NHKJIMIN_10483	CDS	279				hypothetical protein
NHKJIMIN_10484	gene	429	cusC			
NHKJIMIN_10484	CDS	429	cusC		COG1538	Cation efflux system protein CusC
NHKJIMIN_10485	gene	324				
NHKJIMIN_10485	CDS	324				hypothetical protein
NHKJIMIN_10486	gene	714				
NHKJIMIN_10486	CDS	714				hypothetical protein
NHKJIMIN_10487	gene	228				
NHKJIMIN_10487	CDS	228				hypothetical protein
NHKJIMIN_10488	gene	195				
NHKJIMIN_10488	CDS	195				hypothetical protein
NHKJIMIN_10489	gene	195				
NHKJIMIN_10489	CDS	195				hypothetical protein
NHKJIMIN_10490	gene	252				
NHKJIMIN_10490	CDS	252				hypothetical protein
NHKJIMIN_10491	gene	111				
NHKJIMIN_10491	CDS	111				hypothetical protein
NHKJIMIN_10492	gene	159				
NHKJIMIN_10492	CDS	159				hypothetical protein
NHKJIMIN_10493	gene	102				
NHKJIMIN_10493	CDS	102				hypothetical protein
NHKJIMIN_10494	gene	237				
NHKJIMIN_10494	CDS	237				hypothetical protein
NHKJIMIN_10495	gene	150				
NHKJIMIN_10495	CDS	150				hypothetical protein
NHKJIMIN_10496	gene	384	rcsC_25			
NHKJIMIN_10496	CDS	384	rcsC_25	2.7.13.3		Sensor histidine kinase RcsC
NHKJIMIN_10497	gene	237				
NHKJIMIN_10497	CDS	237				hypothetical protein
NHKJIMIN_10498	gene	345				
NHKJIMIN_10498	CDS	345				hypothetical protein
NHKJIMIN_10499	gene	411				
NHKJIMIN_10499	CDS	411				hypothetical protein
NHKJIMIN_10500	gene	699	norR_5			
NHKJIMIN_10500	CDS	699	norR_5			Anaerobic nitric oxide reductase transcription regulator NorR
NHKJIMIN_10501	gene	213				
NHKJIMIN_10501	CDS	213				hypothetical protein
NHKJIMIN_10502	gene	204				
NHKJIMIN_10502	CDS	204				hypothetical protein
NHKJIMIN_10503	gene	354				
NHKJIMIN_10503	CDS	354				hypothetical protein
NHKJIMIN_10504	gene	591				
NHKJIMIN_10504	CDS	591				hypothetical protein
NHKJIMIN_10505	gene	231				
NHKJIMIN_10505	CDS	231				hypothetical protein
NHKJIMIN_10506	gene	171				
NHKJIMIN_10506	CDS	171				hypothetical protein
NHKJIMIN_10507	gene	207				
NHKJIMIN_10507	CDS	207				hypothetical protein
NHKJIMIN_10508	gene	192				
NHKJIMIN_10508	CDS	192				hypothetical protein
NHKJIMIN_10509	gene	225				
NHKJIMIN_10509	CDS	225				hypothetical protein
NHKJIMIN_10510	gene	162				
NHKJIMIN_10510	CDS	162				hypothetical protein
NHKJIMIN_10511	gene	138				
NHKJIMIN_10511	CDS	138				hypothetical protein
NHKJIMIN_10512	gene	240				
NHKJIMIN_10512	CDS	240				hypothetical protein
NHKJIMIN_10513	gene	174				
NHKJIMIN_10513	CDS	174				hypothetical protein
NHKJIMIN_10514	gene	255	drmMII_1			
NHKJIMIN_10514	CDS	255	drmMII_1	2.1.1.37		Type II methyltransferase M.Bpa9945I
NHKJIMIN_10515	gene	318	drmMII_2			
NHKJIMIN_10515	CDS	318	drmMII_2	2.1.1.37		Type II methyltransferase M.Bpa9945I
NHKJIMIN_10516	gene	255				
NHKJIMIN_10516	CDS	255				hypothetical protein
NHKJIMIN_10517	gene	495				
NHKJIMIN_10517	CDS	495				hypothetical protein
NHKJIMIN_10518	gene	189				
NHKJIMIN_10518	CDS	189				hypothetical protein
NHKJIMIN_10519	gene	408				
NHKJIMIN_10519	CDS	408				hypothetical protein
NHKJIMIN_10520	gene	207				
NHKJIMIN_10520	CDS	207				hypothetical protein
NHKJIMIN_10521	gene	108				
NHKJIMIN_10521	CDS	108				hypothetical protein
NHKJIMIN_10522	gene	381				
NHKJIMIN_10522	CDS	381				hypothetical protein
NHKJIMIN_10523	gene	258				
NHKJIMIN_10523	CDS	258				hypothetical protein
NHKJIMIN_10524	gene	231				
NHKJIMIN_10524	CDS	231				hypothetical protein
NHKJIMIN_10525	gene	273				
NHKJIMIN_10525	CDS	273				hypothetical protein
NHKJIMIN_10526	gene	177				
NHKJIMIN_10526	CDS	177				hypothetical protein
NHKJIMIN_10527	gene	483				
NHKJIMIN_10527	CDS	483		2.3.1.-		Putative acetyltransferase
NHKJIMIN_10528	gene	258				
NHKJIMIN_10528	CDS	258				hypothetical protein
NHKJIMIN_10529	gene	582				
NHKJIMIN_10529	CDS	582				hypothetical protein
NHKJIMIN_10530	gene	126				
NHKJIMIN_10530	CDS	126				hypothetical protein
NHKJIMIN_10531	gene	234				
NHKJIMIN_10531	CDS	234				hypothetical protein
NHKJIMIN_10532	gene	294				
NHKJIMIN_10532	CDS	294				hypothetical protein
NHKJIMIN_10533	gene	216				
NHKJIMIN_10533	CDS	216				hypothetical protein
NHKJIMIN_10534	gene	1119	xerC_17			
NHKJIMIN_10534	CDS	1119	xerC_17			Tyrosine recombinase XerC
NHKJIMIN_10535	gene	74				
NHKJIMIN_10535	tRNA	74				tRNA-Lys(ttt)
NHKJIMIN_10536	gene	480	ettA_3			
NHKJIMIN_10536	CDS	480	ettA_3	3.6.1.-	COG0488	Energy-dependent translational throttle protein EttA
NHKJIMIN_10537	gene	444	ettA_4			
NHKJIMIN_10537	CDS	444	ettA_4	3.6.1.-	COG0488	Energy-dependent translational throttle protein EttA
NHKJIMIN_10538	gene	138	ettA_5			
NHKJIMIN_10538	CDS	138	ettA_5	3.6.1.-	COG0488	Energy-dependent translational throttle protein EttA
NHKJIMIN_10539	gene	270	ettA_6			
NHKJIMIN_10539	CDS	270	ettA_6	3.6.1.-		Energy-dependent translational throttle protein EttA
NHKJIMIN_10540	gene	210	ettA_7			
NHKJIMIN_10540	CDS	210	ettA_7	3.6.1.-		Energy-dependent translational throttle protein EttA
NHKJIMIN_10541	gene	294				
NHKJIMIN_10541	CDS	294				hypothetical protein
NHKJIMIN_10542	gene	144				
NHKJIMIN_10542	CDS	144				hypothetical protein
NHKJIMIN_10543	gene	354				
NHKJIMIN_10543	CDS	354				hypothetical protein
NHKJIMIN_10544	gene	210				
NHKJIMIN_10544	CDS	210				hypothetical protein
NHKJIMIN_10545	gene	645				
NHKJIMIN_10545	CDS	645				hypothetical protein
NHKJIMIN_10546	gene	237				
NHKJIMIN_10546	CDS	237				hypothetical protein
NHKJIMIN_10547	gene	612				
NHKJIMIN_10547	CDS	612				hypothetical protein
NHKJIMIN_10548	gene	576				
NHKJIMIN_10548	CDS	576				hypothetical protein
NHKJIMIN_10549	gene	516				
NHKJIMIN_10549	CDS	516				hypothetical protein
NHKJIMIN_10550	gene	342				
NHKJIMIN_10550	CDS	342				hypothetical protein
NHKJIMIN_10551	gene	552				
NHKJIMIN_10551	CDS	552				hypothetical protein
NHKJIMIN_10552	gene	873				
NHKJIMIN_10552	CDS	873				hypothetical protein
NHKJIMIN_10553	gene	123				
NHKJIMIN_10553	CDS	123				hypothetical protein
NHKJIMIN_10554	gene	687	rcsC_26			
NHKJIMIN_10554	CDS	687	rcsC_26	2.7.13.3		Sensor histidine kinase RcsC
NHKJIMIN_10555	gene	504	barA_3			
NHKJIMIN_10555	CDS	504	barA_3	2.7.13.3	COG2205	Signal transduction histidine-protein kinase BarA
NHKJIMIN_10556	gene	225				
NHKJIMIN_10556	CDS	225				hypothetical protein
NHKJIMIN_10557	gene	900				
NHKJIMIN_10557	CDS	900				hypothetical protein
NHKJIMIN_10558	gene	543				
NHKJIMIN_10558	CDS	543				hypothetical protein
NHKJIMIN_10559	gene	201				
NHKJIMIN_10559	CDS	201				hypothetical protein
NHKJIMIN_10560	gene	375				
NHKJIMIN_10560	CDS	375				hypothetical protein
NHKJIMIN_10561	gene	639				
NHKJIMIN_10561	CDS	639				hypothetical protein
NHKJIMIN_10562	gene	246	glyD			
NHKJIMIN_10562	CDS	246	glyD		COG1442	Glycosyltransferase GlyD
NHKJIMIN_10563	gene	372				
NHKJIMIN_10563	CDS	372				hypothetical protein
NHKJIMIN_10564	gene	276				
NHKJIMIN_10564	CDS	276				hypothetical protein
NHKJIMIN_10565	gene	138				
NHKJIMIN_10565	CDS	138				hypothetical protein
NHKJIMIN_10566	gene	711				
NHKJIMIN_10566	CDS	711				hypothetical protein
NHKJIMIN_10567	gene	699				
NHKJIMIN_10567	CDS	699				hypothetical protein
NHKJIMIN_10568	gene	372				
NHKJIMIN_10568	CDS	372				hypothetical protein
NHKJIMIN_10569	gene	1098				
NHKJIMIN_10569	CDS	1098				hypothetical protein
NHKJIMIN_10570	gene	183				
NHKJIMIN_10570	CDS	183				hypothetical protein
NHKJIMIN_10571	gene	270				
NHKJIMIN_10571	CDS	270				hypothetical protein
NHKJIMIN_10572	gene	279				
NHKJIMIN_10572	CDS	279				hypothetical protein
NHKJIMIN_10573	gene	366	epsH			
NHKJIMIN_10573	CDS	366	epsH	2.4.-.-	COG1216	Putative glycosyltransferase EpsH
NHKJIMIN_10574	gene	357				
NHKJIMIN_10574	CDS	357				hypothetical protein
NHKJIMIN_10575	gene	243				
NHKJIMIN_10575	CDS	243				hypothetical protein
NHKJIMIN_10576	gene	387				
NHKJIMIN_10576	CDS	387				hypothetical protein
NHKJIMIN_10577	gene	729				
NHKJIMIN_10577	CDS	729				hypothetical protein
NHKJIMIN_10578	gene	465				
NHKJIMIN_10578	CDS	465				hypothetical protein
NHKJIMIN_10579	gene	417				
NHKJIMIN_10579	CDS	417				hypothetical protein
NHKJIMIN_10580	gene	477				
NHKJIMIN_10580	CDS	477				hypothetical protein
NHKJIMIN_10581	gene	228				
NHKJIMIN_10581	CDS	228				hypothetical protein
NHKJIMIN_10582	gene	513				
NHKJIMIN_10582	CDS	513				hypothetical protein
NHKJIMIN_10583	gene	210				
NHKJIMIN_10583	CDS	210				hypothetical protein
NHKJIMIN_10584	gene	342				
NHKJIMIN_10584	CDS	342				hypothetical protein
NHKJIMIN_10585	gene	393				
NHKJIMIN_10585	CDS	393				hypothetical protein
NHKJIMIN_10586	gene	114				
NHKJIMIN_10586	CDS	114				hypothetical protein
NHKJIMIN_10587	gene	114				
NHKJIMIN_10587	CDS	114				hypothetical protein
NHKJIMIN_10588	gene	855				
NHKJIMIN_10588	CDS	855				hypothetical protein
NHKJIMIN_10589	gene	360				
NHKJIMIN_10589	CDS	360				hypothetical protein
NHKJIMIN_10590	gene	396				
NHKJIMIN_10590	CDS	396				hypothetical protein
NHKJIMIN_10591	gene	192				
NHKJIMIN_10591	CDS	192				hypothetical protein
NHKJIMIN_10592	gene	474				
NHKJIMIN_10592	CDS	474				hypothetical protein
NHKJIMIN_10593	gene	486				
NHKJIMIN_10593	CDS	486				hypothetical protein
NHKJIMIN_10594	gene	267				
NHKJIMIN_10594	CDS	267				hypothetical protein
NHKJIMIN_10595	gene	561	pepE_1			
NHKJIMIN_10595	CDS	561	pepE_1	3.4.22.-	COG3579	Aminopeptidase E
NHKJIMIN_10596	gene	807	pepE_2			
NHKJIMIN_10596	CDS	807	pepE_2	3.4.22.-	COG3579	Aminopeptidase E
NHKJIMIN_10597	gene	237	nqrA_1			
NHKJIMIN_10597	CDS	237	nqrA_1	7.2.1.1		Na(+)-translocating NADH-quinone reductase subunit A
NHKJIMIN_10598	gene	711	nqrA_2			
NHKJIMIN_10598	CDS	711	nqrA_2	7.2.1.1	COG1726	Na(+)-translocating NADH-quinone reductase subunit A
NHKJIMIN_10599	gene	330	nqrA_3			
NHKJIMIN_10599	CDS	330	nqrA_3	7.2.1.1	COG1726	Na(+)-translocating NADH-quinone reductase subunit A
NHKJIMIN_10600	gene	132	nqrA_4			
NHKJIMIN_10600	CDS	132	nqrA_4	7.2.1.1		Na(+)-translocating NADH-quinone reductase subunit A
NHKJIMIN_10601	gene	759	nqrB_1			
NHKJIMIN_10601	CDS	759	nqrB_1	7.2.1.1	COG1805	Na(+)-translocating NADH-quinone reductase subunit B
NHKJIMIN_10602	gene	414	nqrB_2			
NHKJIMIN_10602	CDS	414	nqrB_2	7.2.1.1		Na(+)-translocating NADH-quinone reductase subunit B
NHKJIMIN_10603	gene	273	nqrC_1			
NHKJIMIN_10603	CDS	273	nqrC_1	7.2.1.1		Na(+)-translocating NADH-quinone reductase subunit C
NHKJIMIN_10604	gene	267	nqrC_2			
NHKJIMIN_10604	CDS	267	nqrC_2	7.2.1.1	COG2869	Na(+)-translocating NADH-quinone reductase subunit C
NHKJIMIN_10605	gene	120	nqrC_3			
NHKJIMIN_10605	CDS	120	nqrC_3	7.2.1.1		Na(+)-translocating NADH-quinone reductase subunit C
NHKJIMIN_10606	gene	387	nqrD_1			
NHKJIMIN_10606	CDS	387	nqrD_1	7.2.1.1	COG1347	Na(+)-translocating NADH-quinone reductase subunit D
NHKJIMIN_10607	gene	246	nqrD_2			
NHKJIMIN_10607	CDS	246	nqrD_2	7.2.1.1	COG1347	Na(+)-translocating NADH-quinone reductase subunit D
NHKJIMIN_10608	gene	549	nqrE			
NHKJIMIN_10608	CDS	549	nqrE	7.2.1.1	COG2209	Na(+)-translocating NADH-quinone reductase subunit E
NHKJIMIN_10609	gene	1089	nqrF_1			
NHKJIMIN_10609	CDS	1089	nqrF_1	7.2.1.1		Na(+)-translocating NADH-quinone reductase subunit F
NHKJIMIN_10610	gene	228	nqrF_2			
NHKJIMIN_10610	CDS	228	nqrF_2	7.2.1.1		Na(+)-translocating NADH-quinone reductase subunit F
NHKJIMIN_10611	gene	498				
NHKJIMIN_10611	CDS	498				hypothetical protein
NHKJIMIN_10612	gene	258				
NHKJIMIN_10612	CDS	258				hypothetical protein
NHKJIMIN_10613	gene	279				
NHKJIMIN_10613	CDS	279				hypothetical protein
NHKJIMIN_10614	gene	426	cshA_3			
NHKJIMIN_10614	CDS	426	cshA_3	3.6.4.13	COG0513	ATP-dependent RNA helicase CshA
NHKJIMIN_10615	gene	369	dbpA_1			
NHKJIMIN_10615	CDS	369	dbpA_1	3.6.4.13		ATP-dependent RNA helicase DbpA
NHKJIMIN_10616	gene	444	dbpA_2			
NHKJIMIN_10616	CDS	444	dbpA_2	3.6.4.13		ATP-dependent RNA helicase DbpA
NHKJIMIN_10617	gene	963	serC			
NHKJIMIN_10617	CDS	963	serC	2.6.1.52	COG1932	Phosphoserine aminotransferase
NHKJIMIN_10618	gene	180				
NHKJIMIN_10618	CDS	180				hypothetical protein
NHKJIMIN_10619	gene	429				
NHKJIMIN_10619	CDS	429		1.1.1.81	COG1052	Hydroxypyruvate reductase
NHKJIMIN_10620	gene	399	pdxB_4			
NHKJIMIN_10620	CDS	399	pdxB_4	1.1.1.290		Erythronate-4-phosphate dehydrogenase
NHKJIMIN_10621	gene	372				
NHKJIMIN_10621	CDS	372				hypothetical protein
NHKJIMIN_10622	gene	159				
NHKJIMIN_10622	CDS	159				hypothetical protein
NHKJIMIN_10623	gene	369				
NHKJIMIN_10623	CDS	369				hypothetical protein
NHKJIMIN_10624	gene	369				
NHKJIMIN_10624	CDS	369				hypothetical protein
NHKJIMIN_10625	gene	177				
NHKJIMIN_10625	CDS	177				hypothetical protein
NHKJIMIN_10626	gene	168				
NHKJIMIN_10626	CDS	168				hypothetical protein
NHKJIMIN_10627	gene	264				
NHKJIMIN_10627	CDS	264				hypothetical protein
NHKJIMIN_10628	gene	111				
NHKJIMIN_10628	CDS	111				hypothetical protein
NHKJIMIN_10629	gene	177				
NHKJIMIN_10629	CDS	177				hypothetical protein
NHKJIMIN_10630	gene	252				
NHKJIMIN_10630	CDS	252				hypothetical protein
NHKJIMIN_10631	gene	147				
NHKJIMIN_10631	CDS	147				hypothetical protein
NHKJIMIN_10632	gene	198				
NHKJIMIN_10632	CDS	198				hypothetical protein
NHKJIMIN_10633	gene	129				
NHKJIMIN_10633	CDS	129				hypothetical protein
NHKJIMIN_10634	gene	267				
NHKJIMIN_10634	CDS	267				hypothetical protein
NHKJIMIN_10635	gene	93				
NHKJIMIN_10635	CDS	93				hypothetical protein
NHKJIMIN_10636	gene	363				
NHKJIMIN_10636	CDS	363				hypothetical protein
NHKJIMIN_10637	gene	198				
NHKJIMIN_10637	CDS	198				hypothetical protein
NHKJIMIN_10638	gene	126	gcvP_1			
NHKJIMIN_10638	CDS	126	gcvP_1	1.4.4.2		Glycine dehydrogenase (decarboxylating)
NHKJIMIN_10639	gene	660	gcvP_2			
NHKJIMIN_10639	CDS	660	gcvP_2	1.4.4.2	COG0403	Glycine dehydrogenase (decarboxylating)
NHKJIMIN_10640	gene	588	gcvP_3			
NHKJIMIN_10640	CDS	588	gcvP_3	1.4.4.2	COG0403	Glycine dehydrogenase (decarboxylating)
NHKJIMIN_10641	gene	639	gcvP_4			
NHKJIMIN_10641	CDS	639	gcvP_4	1.4.4.2	COG0403	Glycine dehydrogenase (decarboxylating)
NHKJIMIN_10642	gene	357	gcvP_5			
NHKJIMIN_10642	CDS	357	gcvP_5	1.4.4.2		Glycine dehydrogenase (decarboxylating)
NHKJIMIN_10643	gene	639	gloC			
NHKJIMIN_10643	CDS	639	gloC	3.1.2.6	COG0491	Hydroxyacylglutathione hydrolase GloC
NHKJIMIN_10644	gene	336	rsmG_1			
NHKJIMIN_10644	CDS	336	rsmG_1	2.1.1.170		Ribosomal RNA small subunit methyltransferase G
NHKJIMIN_10645	gene	360	rsmG_2			
NHKJIMIN_10645	CDS	360	rsmG_2	2.1.1.170		Ribosomal RNA small subunit methyltransferase G
NHKJIMIN_10646	gene	813				
NHKJIMIN_10646	CDS	813				hypothetical protein
NHKJIMIN_10647	gene	294				
NHKJIMIN_10647	CDS	294				hypothetical protein
NHKJIMIN_10648	gene	180				
NHKJIMIN_10648	CDS	180				hypothetical protein
NHKJIMIN_10649	gene	285				
NHKJIMIN_10649	CDS	285				hypothetical protein
NHKJIMIN_10650	gene	525				
NHKJIMIN_10650	CDS	525				hypothetical protein
NHKJIMIN_10651	gene	534				
NHKJIMIN_10651	CDS	534				hypothetical protein
NHKJIMIN_10652	gene	846				
NHKJIMIN_10652	CDS	846				hypothetical protein
NHKJIMIN_10653	gene	156				
NHKJIMIN_10653	CDS	156				hypothetical protein
NHKJIMIN_10654	gene	132				
NHKJIMIN_10654	CDS	132				hypothetical protein
NHKJIMIN_10655	gene	207				
NHKJIMIN_10655	CDS	207				hypothetical protein
NHKJIMIN_10656	gene	327	copA_1			
NHKJIMIN_10656	CDS	327	copA_1	7.2.2.8		Copper-exporting P-type ATPase
NHKJIMIN_10657	gene	1437	copA_2			
NHKJIMIN_10657	CDS	1437	copA_2	7.2.2.8	COG2217	Copper-exporting P-type ATPase
NHKJIMIN_10658	gene	183	copA_3			
NHKJIMIN_10658	CDS	183	copA_3	7.2.2.8	COG2217	Copper-exporting P-type ATPase
NHKJIMIN_10659	gene	498	rhaS_4			
NHKJIMIN_10659	CDS	498	rhaS_4			HTH-type transcriptional activator RhaS
NHKJIMIN_10660	gene	441				
NHKJIMIN_10660	CDS	441				hypothetical protein
NHKJIMIN_10661	gene	666	lipB			
NHKJIMIN_10661	CDS	666	lipB	2.3.1.181	COG0321	Octanoyltransferase
NHKJIMIN_10662	gene	297				
NHKJIMIN_10662	CDS	297				hypothetical protein
NHKJIMIN_10663	gene	324				
NHKJIMIN_10663	CDS	324				hypothetical protein
NHKJIMIN_10664	gene	231				
NHKJIMIN_10664	CDS	231				hypothetical protein
NHKJIMIN_10665	gene	150				
NHKJIMIN_10665	CDS	150				hypothetical protein
NHKJIMIN_10666	gene	153				
NHKJIMIN_10666	CDS	153				hypothetical protein
NHKJIMIN_10667	gene	900				
NHKJIMIN_10667	CDS	900				hypothetical protein
NHKJIMIN_10668	gene	309				
NHKJIMIN_10668	CDS	309				hypothetical protein
NHKJIMIN_10669	gene	285				
NHKJIMIN_10669	CDS	285				hypothetical protein
NHKJIMIN_10670	gene	351				
NHKJIMIN_10670	CDS	351				hypothetical protein
NHKJIMIN_10671	gene	159				
NHKJIMIN_10671	CDS	159				hypothetical protein
NHKJIMIN_10672	gene	864	zraS			
NHKJIMIN_10672	CDS	864	zraS	2.7.13.3	COG4191	Sensor histidine kinase ZraS
NHKJIMIN_10673	gene	219				
NHKJIMIN_10673	CDS	219				hypothetical protein
NHKJIMIN_10674	gene	474	norR_6			
NHKJIMIN_10674	CDS	474	norR_6			Anaerobic nitric oxide reductase transcription regulator NorR
NHKJIMIN_10675	gene	222				
NHKJIMIN_10675	CDS	222				hypothetical protein
NHKJIMIN_10676	gene	444				
NHKJIMIN_10676	CDS	444				hypothetical protein
NHKJIMIN_10677	gene	351				
NHKJIMIN_10677	CDS	351				hypothetical protein
NHKJIMIN_10678	gene	168				
NHKJIMIN_10678	CDS	168				hypothetical protein
NHKJIMIN_10679	gene	294				
NHKJIMIN_10679	CDS	294				hypothetical protein
NHKJIMIN_10680	gene	234				
NHKJIMIN_10680	CDS	234				hypothetical protein
NHKJIMIN_10681	gene	150				
NHKJIMIN_10681	CDS	150				hypothetical protein
NHKJIMIN_10682	gene	165				
NHKJIMIN_10682	CDS	165				hypothetical protein
NHKJIMIN_10683	gene	180				
NHKJIMIN_10683	CDS	180				hypothetical protein
NHKJIMIN_10684	gene	132				
NHKJIMIN_10684	CDS	132				hypothetical protein
NHKJIMIN_10685	gene	648				
NHKJIMIN_10685	CDS	648				hypothetical protein
NHKJIMIN_10686	gene	1158				
NHKJIMIN_10686	CDS	1158				hypothetical protein
NHKJIMIN_10687	gene	336				
NHKJIMIN_10687	CDS	336				hypothetical protein
NHKJIMIN_10688	gene	498	yknY_7			
NHKJIMIN_10688	CDS	498	yknY_7	7.6.2.-	COG1136	putative ABC transporter ATP-binding protein YknY
NHKJIMIN_10689	gene	207	pvdT			
NHKJIMIN_10689	CDS	207	pvdT	7.6.2.-	COG0577	Pyoverdine export ATP-binding/permease protein PvdT
NHKJIMIN_10690	gene	159				
NHKJIMIN_10690	CDS	159				hypothetical protein
NHKJIMIN_10691	gene	372				
NHKJIMIN_10691	CDS	372				hypothetical protein
NHKJIMIN_10692	gene	273				
NHKJIMIN_10692	CDS	273				hypothetical protein
NHKJIMIN_10693	gene	147				
NHKJIMIN_10693	CDS	147				hypothetical protein
NHKJIMIN_10694	gene	318	engB			
NHKJIMIN_10694	CDS	318	engB		COG0218	putative GTP-binding protein EngB
NHKJIMIN_10695	gene	423				
NHKJIMIN_10695	CDS	423				hypothetical protein
NHKJIMIN_10696	gene	498				
NHKJIMIN_10696	CDS	498				hypothetical protein
NHKJIMIN_10697	gene	258				
NHKJIMIN_10697	CDS	258				hypothetical protein
NHKJIMIN_10698	gene	303				
NHKJIMIN_10698	CDS	303				hypothetical protein
NHKJIMIN_10699	gene	339	recR			
NHKJIMIN_10699	CDS	339	recR			Recombination protein RecR
NHKJIMIN_10700	gene	123				
NHKJIMIN_10700	CDS	123				hypothetical protein
NHKJIMIN_10701	gene	171				
NHKJIMIN_10701	CDS	171				hypothetical protein
NHKJIMIN_10702	gene	285				
NHKJIMIN_10702	CDS	285				hypothetical protein
NHKJIMIN_10703	gene	339				
NHKJIMIN_10703	CDS	339				hypothetical protein
NHKJIMIN_10704	gene	183				
NHKJIMIN_10704	CDS	183				hypothetical protein
NHKJIMIN_10705	gene	198				
NHKJIMIN_10705	CDS	198				hypothetical protein
NHKJIMIN_10706	gene	156				
NHKJIMIN_10706	CDS	156				hypothetical protein
NHKJIMIN_10707	gene	180				
NHKJIMIN_10707	CDS	180				hypothetical protein
NHKJIMIN_10708	gene	189				
NHKJIMIN_10708	CDS	189				hypothetical protein
NHKJIMIN_10709	gene	525				
NHKJIMIN_10709	CDS	525				hypothetical protein
NHKJIMIN_10710	gene	261				
NHKJIMIN_10710	CDS	261				hypothetical protein
NHKJIMIN_10711	gene	135				
NHKJIMIN_10711	CDS	135				hypothetical protein
NHKJIMIN_10712	gene	75				
NHKJIMIN_10712	tRNA	75				tRNA-Asp(gtc)
NHKJIMIN_10713	gene	138				
NHKJIMIN_10713	CDS	138				hypothetical protein
NHKJIMIN_10714	gene	153				
NHKJIMIN_10714	CDS	153				hypothetical protein
NHKJIMIN_10715	gene	348				
NHKJIMIN_10715	CDS	348				hypothetical protein
NHKJIMIN_10716	gene	189				
NHKJIMIN_10716	CDS	189				hypothetical protein
NHKJIMIN_10717	gene	312				
NHKJIMIN_10717	CDS	312				hypothetical protein
NHKJIMIN_10718	gene	219				
NHKJIMIN_10718	CDS	219				hypothetical protein
NHKJIMIN_10719	gene	153				
NHKJIMIN_10719	CDS	153				hypothetical protein
NHKJIMIN_10720	gene	441				
NHKJIMIN_10720	CDS	441				hypothetical protein
NHKJIMIN_10721	gene	228				
NHKJIMIN_10721	CDS	228				hypothetical protein
NHKJIMIN_10722	gene	240				
NHKJIMIN_10722	CDS	240				hypothetical protein
NHKJIMIN_10723	gene	300				
NHKJIMIN_10723	CDS	300			COG4771	TonB-dependent receptor P39
NHKJIMIN_10724	gene	531				
NHKJIMIN_10724	CDS	531				hypothetical protein
NHKJIMIN_10725	gene	102				
NHKJIMIN_10725	CDS	102				hypothetical protein
NHKJIMIN_10726	gene	438				
NHKJIMIN_10726	CDS	438				hypothetical protein
NHKJIMIN_10727	gene	654				
NHKJIMIN_10727	CDS	654				hypothetical protein
NHKJIMIN_10728	gene	957				
NHKJIMIN_10728	CDS	957			COG4771	TonB-dependent receptor P3
NHKJIMIN_10729	gene	213				
NHKJIMIN_10729	CDS	213				hypothetical protein
NHKJIMIN_10730	gene	141				
NHKJIMIN_10730	CDS	141				hypothetical protein
NHKJIMIN_10731	gene	162				
NHKJIMIN_10731	CDS	162				hypothetical protein
NHKJIMIN_10732	gene	363				
NHKJIMIN_10732	CDS	363				hypothetical protein
NHKJIMIN_10733	gene	492				
NHKJIMIN_10733	CDS	492				hypothetical protein
NHKJIMIN_10734	gene	327				
NHKJIMIN_10734	CDS	327				hypothetical protein
NHKJIMIN_10735	gene	258				
NHKJIMIN_10735	CDS	258				hypothetical protein
NHKJIMIN_10736	gene	150				
NHKJIMIN_10736	CDS	150				hypothetical protein
NHKJIMIN_10737	gene	138				
NHKJIMIN_10737	CDS	138				hypothetical protein
NHKJIMIN_10738	gene	234				
NHKJIMIN_10738	CDS	234				hypothetical protein
NHKJIMIN_10739	gene	276				
NHKJIMIN_10739	CDS	276				hypothetical protein
NHKJIMIN_10740	gene	207				
NHKJIMIN_10740	CDS	207				hypothetical protein
NHKJIMIN_10741	gene	249				
NHKJIMIN_10741	CDS	249				hypothetical protein
NHKJIMIN_10742	gene	687				
NHKJIMIN_10742	CDS	687				hypothetical protein
NHKJIMIN_10743	gene	186				
NHKJIMIN_10743	CDS	186				hypothetical protein
NHKJIMIN_10744	gene	369				
NHKJIMIN_10744	CDS	369				hypothetical protein
NHKJIMIN_10745	gene	564				
NHKJIMIN_10745	CDS	564				hypothetical protein
NHKJIMIN_10746	gene	525				
NHKJIMIN_10746	CDS	525				hypothetical protein
NHKJIMIN_10747	gene	252				
NHKJIMIN_10747	CDS	252				hypothetical protein
NHKJIMIN_10748	gene	519	atsA_3			
NHKJIMIN_10748	CDS	519	atsA_3	3.1.6.1		Arylsulfatase
NHKJIMIN_10749	gene	90				
NHKJIMIN_10749	CDS	90				hypothetical protein
NHKJIMIN_10750	gene	513				
NHKJIMIN_10750	CDS	513				hypothetical protein
NHKJIMIN_10751	gene	411				
NHKJIMIN_10751	CDS	411				hypothetical protein
NHKJIMIN_10752	gene	282				
NHKJIMIN_10752	CDS	282				hypothetical protein
NHKJIMIN_10753	gene	204				
NHKJIMIN_10753	CDS	204				hypothetical protein
NHKJIMIN_10754	gene	174				
NHKJIMIN_10754	CDS	174				hypothetical protein
NHKJIMIN_10755	gene	150				
NHKJIMIN_10755	CDS	150				hypothetical protein
NHKJIMIN_10756	gene	216				
NHKJIMIN_10756	CDS	216				hypothetical protein
NHKJIMIN_10757	gene	261				
NHKJIMIN_10757	CDS	261				hypothetical protein
NHKJIMIN_10758	gene	138				
NHKJIMIN_10758	CDS	138				hypothetical protein
NHKJIMIN_10759	gene	213				
NHKJIMIN_10759	CDS	213				hypothetical protein
NHKJIMIN_10760	gene	483				
NHKJIMIN_10760	CDS	483				hypothetical protein
NHKJIMIN_10761	gene	228				
NHKJIMIN_10761	CDS	228				hypothetical protein
NHKJIMIN_10762	gene	324				
NHKJIMIN_10762	CDS	324				hypothetical protein
NHKJIMIN_10763	gene	507				
NHKJIMIN_10763	CDS	507				hypothetical protein
NHKJIMIN_10764	gene	168				
NHKJIMIN_10764	CDS	168				hypothetical protein
NHKJIMIN_10765	gene	291	ybdM_3			
NHKJIMIN_10765	CDS	291	ybdM_3		COG1475	putative protein YbdM
NHKJIMIN_10766	gene	213				
NHKJIMIN_10766	CDS	213				hypothetical protein
NHKJIMIN_10767	gene	237				
NHKJIMIN_10767	CDS	237				hypothetical protein
NHKJIMIN_10768	gene	645				
NHKJIMIN_10768	CDS	645				hypothetical protein
NHKJIMIN_10769	gene	279				
NHKJIMIN_10769	CDS	279				hypothetical protein
NHKJIMIN_10770	gene	279				
NHKJIMIN_10770	CDS	279				hypothetical protein
NHKJIMIN_10771	gene	108				
NHKJIMIN_10771	CDS	108				hypothetical protein
NHKJIMIN_10772	gene	375				
NHKJIMIN_10772	CDS	375				hypothetical protein
NHKJIMIN_10773	gene	165				
NHKJIMIN_10773	CDS	165				hypothetical protein
NHKJIMIN_10774	gene	168				
NHKJIMIN_10774	CDS	168				hypothetical protein
NHKJIMIN_10775	gene	384				
NHKJIMIN_10775	CDS	384				hypothetical protein
NHKJIMIN_10776	gene	126				
NHKJIMIN_10776	CDS	126				hypothetical protein
NHKJIMIN_10777	gene	234				
NHKJIMIN_10777	CDS	234				hypothetical protein
NHKJIMIN_10778	gene	483				
NHKJIMIN_10778	CDS	483				hypothetical protein
NHKJIMIN_10779	gene	168				
NHKJIMIN_10779	CDS	168				hypothetical protein
NHKJIMIN_10780	gene	339				
NHKJIMIN_10780	CDS	339				hypothetical protein
NHKJIMIN_10781	gene	210				
NHKJIMIN_10781	CDS	210				hypothetical protein
NHKJIMIN_10782	gene	390				
NHKJIMIN_10782	CDS	390				hypothetical protein
NHKJIMIN_10783	gene	123				
NHKJIMIN_10783	CDS	123				hypothetical protein
NHKJIMIN_10784	gene	678				
NHKJIMIN_10784	CDS	678				hypothetical protein
NHKJIMIN_10785	gene	171				
NHKJIMIN_10785	CDS	171				hypothetical protein
NHKJIMIN_10786	gene	201				
NHKJIMIN_10786	CDS	201				hypothetical protein
NHKJIMIN_10787	gene	366				
NHKJIMIN_10787	CDS	366				hypothetical protein
NHKJIMIN_10788	gene	210				
NHKJIMIN_10788	CDS	210				hypothetical protein
NHKJIMIN_10789	gene	261				
NHKJIMIN_10789	CDS	261				hypothetical protein
NHKJIMIN_10790	gene	162				
NHKJIMIN_10790	CDS	162				hypothetical protein
NHKJIMIN_10791	gene	393				
NHKJIMIN_10791	CDS	393				hypothetical protein
NHKJIMIN_10792	gene	330				
NHKJIMIN_10792	CDS	330				hypothetical protein
NHKJIMIN_10793	gene	471				
NHKJIMIN_10793	CDS	471				hypothetical protein
NHKJIMIN_10794	gene	216				
NHKJIMIN_10794	CDS	216				hypothetical protein
NHKJIMIN_10795	gene	396				
NHKJIMIN_10795	CDS	396				hypothetical protein
NHKJIMIN_10796	gene	165				
NHKJIMIN_10796	CDS	165				hypothetical protein
NHKJIMIN_10797	gene	666	UXNAcS_2			
NHKJIMIN_10797	CDS	666	UXNAcS_2	4.1.1.128	COG0451	UDP-N-acetyl-alpha-D-glucosaminuronate decarboxylase
NHKJIMIN_10798	gene	144				
NHKJIMIN_10798	CDS	144				hypothetical protein
NHKJIMIN_10799	gene	189				
NHKJIMIN_10799	CDS	189				hypothetical protein
NHKJIMIN_10800	gene	90				
NHKJIMIN_10800	CDS	90				hypothetical protein
NHKJIMIN_10801	gene	192				
NHKJIMIN_10801	CDS	192				hypothetical protein
NHKJIMIN_10802	gene	246	sasA_8			
NHKJIMIN_10802	CDS	246	sasA_8	2.7.13.3		Adaptive-response sensory-kinase SasA
NHKJIMIN_10803	gene	378				
NHKJIMIN_10803	CDS	378				hypothetical protein
NHKJIMIN_10804	gene	267				
NHKJIMIN_10804	CDS	267				hypothetical protein
NHKJIMIN_10805	gene	177				
NHKJIMIN_10805	CDS	177				hypothetical protein
NHKJIMIN_10806	gene	495				
NHKJIMIN_10806	CDS	495				hypothetical protein
NHKJIMIN_10807	gene	633				
NHKJIMIN_10807	CDS	633				hypothetical protein
NHKJIMIN_10808	gene	378				
NHKJIMIN_10808	CDS	378				hypothetical protein
NHKJIMIN_10809	gene	573				
NHKJIMIN_10809	CDS	573				hypothetical protein
NHKJIMIN_10810	gene	909	recB_1			
NHKJIMIN_10810	CDS	909	recB_1	5.6.2.4		RecBCD enzyme subunit RecB
NHKJIMIN_10811	gene	429				
NHKJIMIN_10811	CDS	429				hypothetical protein
NHKJIMIN_10812	gene	342	recB_2			
NHKJIMIN_10812	CDS	342	recB_2	5.6.2.4		RecBCD enzyme subunit RecB
NHKJIMIN_10813	gene	342				
NHKJIMIN_10813	CDS	342				hypothetical protein
NHKJIMIN_10814	gene	579				
NHKJIMIN_10814	CDS	579		3.2.1.52	COG3525	Beta-hexosaminidase
NHKJIMIN_10815	gene	153				
NHKJIMIN_10815	CDS	153				hypothetical protein
NHKJIMIN_10816	gene	153				
NHKJIMIN_10816	CDS	153				hypothetical protein
NHKJIMIN_10817	gene	180				
NHKJIMIN_10817	CDS	180				hypothetical protein
NHKJIMIN_10818	gene	720				
NHKJIMIN_10818	CDS	720				hypothetical protein
NHKJIMIN_10819	gene	324				
NHKJIMIN_10819	CDS	324				hypothetical protein
NHKJIMIN_10820	gene	234				
NHKJIMIN_10820	CDS	234				hypothetical protein
NHKJIMIN_10821	gene	198				
NHKJIMIN_10821	CDS	198				hypothetical protein
NHKJIMIN_10822	gene	381				
NHKJIMIN_10822	CDS	381				hypothetical protein
NHKJIMIN_10823	gene	285				
NHKJIMIN_10823	CDS	285				hypothetical protein
NHKJIMIN_10824	gene	312				
NHKJIMIN_10824	CDS	312				hypothetical protein
NHKJIMIN_10825	gene	153				
NHKJIMIN_10825	CDS	153				hypothetical protein
NHKJIMIN_10826	gene	195				
NHKJIMIN_10826	CDS	195				hypothetical protein
NHKJIMIN_10827	gene	375				
NHKJIMIN_10827	CDS	375				hypothetical protein
NHKJIMIN_10828	gene	252				
NHKJIMIN_10828	CDS	252				hypothetical protein
NHKJIMIN_10829	gene	420				
NHKJIMIN_10829	CDS	420				hypothetical protein
NHKJIMIN_10830	gene	690				
NHKJIMIN_10830	CDS	690			COG1629	TonB-dependent receptor P26
NHKJIMIN_10831	gene	366				
NHKJIMIN_10831	CDS	366				hypothetical protein
NHKJIMIN_10832	gene	279				
NHKJIMIN_10832	CDS	279				hypothetical protein
NHKJIMIN_10833	gene	126				
NHKJIMIN_10833	CDS	126				hypothetical protein
NHKJIMIN_10834	gene	240				
NHKJIMIN_10834	CDS	240				hypothetical protein
NHKJIMIN_10835	gene	270				
NHKJIMIN_10835	CDS	270				hypothetical protein
NHKJIMIN_10836	gene	594				
NHKJIMIN_10836	CDS	594				hypothetical protein
NHKJIMIN_10837	gene	333				
NHKJIMIN_10837	CDS	333				hypothetical protein
NHKJIMIN_10838	gene	285	xerC_18			
NHKJIMIN_10838	CDS	285	xerC_18			Tyrosine recombinase XerC
NHKJIMIN_10839	gene	162				
NHKJIMIN_10839	CDS	162				hypothetical protein
NHKJIMIN_10840	gene	255				
NHKJIMIN_10840	CDS	255				hypothetical protein
NHKJIMIN_10841	gene	231				
NHKJIMIN_10841	CDS	231				hypothetical protein
NHKJIMIN_10842	gene	252				
NHKJIMIN_10842	CDS	252				hypothetical protein
NHKJIMIN_10843	gene	207				
NHKJIMIN_10843	CDS	207				hypothetical protein
NHKJIMIN_10844	gene	267				
NHKJIMIN_10844	CDS	267				hypothetical protein
NHKJIMIN_10845	gene	495				
NHKJIMIN_10845	CDS	495				hypothetical protein
NHKJIMIN_10846	gene	153				
NHKJIMIN_10846	CDS	153				hypothetical protein
NHKJIMIN_10847	gene	354				
NHKJIMIN_10847	CDS	354				hypothetical protein
NHKJIMIN_10848	gene	168				
NHKJIMIN_10848	CDS	168				hypothetical protein
NHKJIMIN_10849	gene	222				
NHKJIMIN_10849	CDS	222				hypothetical protein
NHKJIMIN_10850	gene	324				
NHKJIMIN_10850	CDS	324				hypothetical protein
NHKJIMIN_10851	gene	399				
NHKJIMIN_10851	CDS	399				hypothetical protein
NHKJIMIN_10852	gene	207				
NHKJIMIN_10852	CDS	207				hypothetical protein
NHKJIMIN_10853	gene	129				
NHKJIMIN_10853	CDS	129				hypothetical protein
NHKJIMIN_10854	gene	342				
NHKJIMIN_10854	CDS	342				hypothetical protein
NHKJIMIN_10855	gene	123				
NHKJIMIN_10855	CDS	123				hypothetical protein
NHKJIMIN_10856	gene	156				
NHKJIMIN_10856	CDS	156				hypothetical protein
NHKJIMIN_10857	gene	246				
NHKJIMIN_10857	CDS	246				hypothetical protein
NHKJIMIN_10858	gene	174				
NHKJIMIN_10858	CDS	174				hypothetical protein
NHKJIMIN_10859	gene	378				
NHKJIMIN_10859	CDS	378				hypothetical protein
NHKJIMIN_10860	gene	153				
NHKJIMIN_10860	CDS	153				hypothetical protein
NHKJIMIN_10861	gene	144				
NHKJIMIN_10861	CDS	144				hypothetical protein
NHKJIMIN_10862	gene	198				
NHKJIMIN_10862	CDS	198				hypothetical protein
NHKJIMIN_10863	gene	177				
NHKJIMIN_10863	CDS	177				hypothetical protein
NHKJIMIN_10864	gene	195				
NHKJIMIN_10864	CDS	195				hypothetical protein
NHKJIMIN_10865	gene	153				
NHKJIMIN_10865	CDS	153				hypothetical protein
NHKJIMIN_10866	gene	114				
NHKJIMIN_10866	CDS	114				hypothetical protein
NHKJIMIN_10867	gene	252	viaA			
NHKJIMIN_10867	CDS	252	viaA		COG2425	Regulatory protein ViaA
NHKJIMIN_10868	gene	243				
NHKJIMIN_10868	CDS	243				hypothetical protein
NHKJIMIN_10869	gene	231				
NHKJIMIN_10869	CDS	231				hypothetical protein
NHKJIMIN_10870	gene	198				
NHKJIMIN_10870	CDS	198				hypothetical protein
NHKJIMIN_10871	gene	444				
NHKJIMIN_10871	CDS	444				hypothetical protein
NHKJIMIN_10872	gene	270	ravA_1			
NHKJIMIN_10872	CDS	270	ravA_1	3.6.1.-		Regulatory ATPase RavA
NHKJIMIN_10873	gene	138	ravA_2			
NHKJIMIN_10873	CDS	138	ravA_2	3.6.1.-		Regulatory ATPase RavA
NHKJIMIN_10874	gene	285	ravA_3			
NHKJIMIN_10874	CDS	285	ravA_3	3.6.1.-		Regulatory ATPase RavA
NHKJIMIN_10875	gene	210				
NHKJIMIN_10875	CDS	210				hypothetical protein
NHKJIMIN_10876	gene	234				
NHKJIMIN_10876	CDS	234				hypothetical protein
NHKJIMIN_10877	gene	255				
NHKJIMIN_10877	CDS	255				hypothetical protein
NHKJIMIN_10878	gene	381				
NHKJIMIN_10878	CDS	381				hypothetical protein
NHKJIMIN_10879	gene	354				
NHKJIMIN_10879	CDS	354				hypothetical protein
NHKJIMIN_10880	gene	330	menE_8			
NHKJIMIN_10880	CDS	330	menE_8	6.2.1.26		2-succinylbenzoate--CoA ligase
NHKJIMIN_10881	gene	207				
NHKJIMIN_10881	CDS	207				hypothetical protein
NHKJIMIN_10882	gene	630	menE_9			
NHKJIMIN_10882	CDS	630	menE_9	6.2.1.26		2-succinylbenzoate--CoA ligase
NHKJIMIN_10883	gene	231				
NHKJIMIN_10883	CDS	231				hypothetical protein
NHKJIMIN_10884	gene	204				
NHKJIMIN_10884	CDS	204				hypothetical protein
NHKJIMIN_10885	gene	180	cvrA			
NHKJIMIN_10885	CDS	180	cvrA		COG3263	K(+)/H(+) antiporter NhaP2
NHKJIMIN_10886	gene	582	nhaP			
NHKJIMIN_10886	CDS	582	nhaP			K(+)/H(+) antiporter NhaP
NHKJIMIN_10887	gene	165				
NHKJIMIN_10887	CDS	165				hypothetical protein
NHKJIMIN_10888	gene	261				
NHKJIMIN_10888	CDS	261				hypothetical protein
NHKJIMIN_10889	gene	309				
NHKJIMIN_10889	CDS	309				hypothetical protein
NHKJIMIN_10890	gene	615	pyrP			
NHKJIMIN_10890	CDS	615	pyrP		COG2233	Uracil permease
NHKJIMIN_10891	gene	450	hcp_1			
NHKJIMIN_10891	CDS	450	hcp_1	1.7.99.1	COG1151	Hydroxylamine reductase
NHKJIMIN_10892	gene	303	hcp_2			
NHKJIMIN_10892	CDS	303	hcp_2	1.7.99.1		Hydroxylamine reductase
NHKJIMIN_10893	gene	558	hcp_3			
NHKJIMIN_10893	CDS	558	hcp_3	1.7.99.1	COG1151	Hydroxylamine reductase
NHKJIMIN_10894	gene	273				
NHKJIMIN_10894	CDS	273				hypothetical protein
NHKJIMIN_10895	gene	336				
NHKJIMIN_10895	CDS	336				hypothetical protein
NHKJIMIN_10896	gene	438				
NHKJIMIN_10896	CDS	438				hypothetical protein
NHKJIMIN_10897	gene	249				
NHKJIMIN_10897	CDS	249				hypothetical protein
NHKJIMIN_10898	gene	894	norR_7			
NHKJIMIN_10898	CDS	894	norR_7			Anaerobic nitric oxide reductase transcription regulator NorR
NHKJIMIN_10899	gene	420	zraR_4			
NHKJIMIN_10899	CDS	420	zraR_4			Transcriptional regulatory protein ZraR
NHKJIMIN_10900	gene	180				
NHKJIMIN_10900	CDS	180				hypothetical protein
NHKJIMIN_10901	gene	546				
NHKJIMIN_10901	CDS	546				hypothetical protein
NHKJIMIN_10902	gene	285				
NHKJIMIN_10902	CDS	285				hypothetical protein
NHKJIMIN_10903	gene	489				
NHKJIMIN_10903	CDS	489				hypothetical protein
NHKJIMIN_10904	gene	279				
NHKJIMIN_10904	CDS	279				hypothetical protein
NHKJIMIN_10905	gene	486				
NHKJIMIN_10905	CDS	486				hypothetical protein
NHKJIMIN_10906	gene	342				
NHKJIMIN_10906	CDS	342				hypothetical protein
NHKJIMIN_10907	gene	1002				
NHKJIMIN_10907	CDS	1002				hypothetical protein
NHKJIMIN_10908	gene	606	yknY_8			
NHKJIMIN_10908	CDS	606	yknY_8	7.6.2.-	COG1136	putative ABC transporter ATP-binding protein YknY
NHKJIMIN_10909	gene	1017				
NHKJIMIN_10909	CDS	1017				hypothetical protein
NHKJIMIN_10910	gene	570				
NHKJIMIN_10910	CDS	570				hypothetical protein
NHKJIMIN_10911	gene	162				
NHKJIMIN_10911	CDS	162				hypothetical protein
NHKJIMIN_10912	gene	165				
NHKJIMIN_10912	CDS	165				hypothetical protein
NHKJIMIN_10913	gene	378				
NHKJIMIN_10913	CDS	378				hypothetical protein
NHKJIMIN_10914	gene	318				
NHKJIMIN_10914	CDS	318				hypothetical protein
NHKJIMIN_10915	gene	168				
NHKJIMIN_10915	CDS	168				hypothetical protein
NHKJIMIN_10916	gene	168				
NHKJIMIN_10916	CDS	168				hypothetical protein
NHKJIMIN_10917	gene	390				
NHKJIMIN_10917	CDS	390				hypothetical protein
NHKJIMIN_10918	gene	675	yknY_9			
NHKJIMIN_10918	CDS	675	yknY_9	7.6.2.-	COG1136	putative ABC transporter ATP-binding protein YknY
NHKJIMIN_10919	gene	132				
NHKJIMIN_10919	CDS	132				hypothetical protein
NHKJIMIN_10920	gene	228				
NHKJIMIN_10920	CDS	228				hypothetical protein
NHKJIMIN_10921	gene	678				
NHKJIMIN_10921	CDS	678				hypothetical protein
NHKJIMIN_10922	gene	198				
NHKJIMIN_10922	CDS	198				hypothetical protein
NHKJIMIN_10923	gene	270				
NHKJIMIN_10923	CDS	270				hypothetical protein
NHKJIMIN_10924	gene	342				
NHKJIMIN_10924	CDS	342				hypothetical protein
NHKJIMIN_10925	gene	426				
NHKJIMIN_10925	CDS	426				hypothetical protein
NHKJIMIN_10926	gene	240				
NHKJIMIN_10926	CDS	240				hypothetical protein
NHKJIMIN_10927	gene	243				
NHKJIMIN_10927	CDS	243				hypothetical protein
NHKJIMIN_10928	gene	513	mepA			
NHKJIMIN_10928	CDS	513	mepA		COG0534	Multidrug export protein MepA
NHKJIMIN_10929	gene	303				
NHKJIMIN_10929	CDS	303				hypothetical protein
NHKJIMIN_10930	gene	261				
NHKJIMIN_10930	CDS	261				hypothetical protein
NHKJIMIN_10931	gene	351				
NHKJIMIN_10931	CDS	351				hypothetical protein
NHKJIMIN_10932	gene	207				
NHKJIMIN_10932	CDS	207				hypothetical protein
NHKJIMIN_10933	gene	321				
NHKJIMIN_10933	CDS	321				hypothetical protein
NHKJIMIN_10934	gene	129				
NHKJIMIN_10934	CDS	129				hypothetical protein
NHKJIMIN_10935	gene	630	axeA1_3			
NHKJIMIN_10935	CDS	630	axeA1_3	3.1.1.72	COG0657	Acetylxylan esterase
NHKJIMIN_10936	gene	255	panB_1			
NHKJIMIN_10936	CDS	255	panB_1	2.1.2.11	COG0413	3-methyl-2-oxobutanoate hydroxymethyltransferase
NHKJIMIN_10937	gene	516	panB_2			
NHKJIMIN_10937	CDS	516	panB_2	2.1.2.11	COG0413	3-methyl-2-oxobutanoate hydroxymethyltransferase
NHKJIMIN_10938	gene	408				
NHKJIMIN_10938	CDS	408				hypothetical protein
NHKJIMIN_10939	gene	732				
NHKJIMIN_10939	CDS	732				hypothetical protein
NHKJIMIN_10940	gene	228				
NHKJIMIN_10940	CDS	228				hypothetical protein
NHKJIMIN_10941	gene	849	relA_1			
NHKJIMIN_10941	CDS	849	relA_1	2.7.6.5	COG0317	GTP pyrophosphokinase
NHKJIMIN_10942	gene	438	spoT_3			
NHKJIMIN_10942	CDS	438	spoT_3	3.1.7.2	COG0317	Guanosine-3',5'-bis(diphosphate) 3'-pyrophosphohydrolase
NHKJIMIN_10943	gene	159				
NHKJIMIN_10943	CDS	159				hypothetical protein
NHKJIMIN_10944	gene	228	relA_2			
NHKJIMIN_10944	CDS	228	relA_2	2.7.6.5	COG0317	GTP pyrophosphokinase
NHKJIMIN_10945	gene	351				
NHKJIMIN_10945	CDS	351				hypothetical protein
NHKJIMIN_10946	gene	252				
NHKJIMIN_10946	CDS	252				hypothetical protein
NHKJIMIN_10947	gene	339				
NHKJIMIN_10947	CDS	339				hypothetical protein
NHKJIMIN_10948	gene	1146				
NHKJIMIN_10948	CDS	1146				hypothetical protein
NHKJIMIN_10949	gene	504				
NHKJIMIN_10949	CDS	504				hypothetical protein
NHKJIMIN_10950	gene	378				
NHKJIMIN_10950	CDS	378				IS1182 family transposase ISBf4
NHKJIMIN_10951	gene	141				
NHKJIMIN_10951	CDS	141				hypothetical protein
NHKJIMIN_10952	gene	345				
NHKJIMIN_10952	CDS	345				hypothetical protein
NHKJIMIN_10953	gene	321				
NHKJIMIN_10953	CDS	321				hypothetical protein
NHKJIMIN_10954	gene	246				
NHKJIMIN_10954	CDS	246				hypothetical protein
NHKJIMIN_10955	gene	195				
NHKJIMIN_10955	CDS	195				hypothetical protein
NHKJIMIN_10956	gene	612	purT_1			
NHKJIMIN_10956	CDS	612	purT_1	6.3.1.21		Formate-dependent phosphoribosylglycinamide formyltransferase
NHKJIMIN_10957	gene	285	purT_2			
NHKJIMIN_10957	CDS	285	purT_2	6.3.1.21	COG0027	Formate-dependent phosphoribosylglycinamide formyltransferase
NHKJIMIN_10958	gene	369	purT_3			
NHKJIMIN_10958	CDS	369	purT_3	6.3.1.21	COG0027	Formate-dependent phosphoribosylglycinamide formyltransferase
NHKJIMIN_10959	gene	147				
NHKJIMIN_10959	CDS	147				hypothetical protein
NHKJIMIN_10960	gene	141				
NHKJIMIN_10960	CDS	141				hypothetical protein
NHKJIMIN_10961	gene	192	atpD_1			
NHKJIMIN_10961	CDS	192	atpD_1	7.1.2.2	COG0055	ATP synthase subunit beta
NHKJIMIN_10962	gene	294	atpD_2			
NHKJIMIN_10962	CDS	294	atpD_2	7.1.2.2		ATP synthase subunit beta
NHKJIMIN_10963	gene	270	atpD_3			
NHKJIMIN_10963	CDS	270	atpD_3	7.1.2.2	COG0055	ATP synthase subunit beta
NHKJIMIN_10964	gene	390	atpD_4			
NHKJIMIN_10964	CDS	390	atpD_4	7.2.2.1	COG0055	ATP synthase subunit beta, sodium ion specific
NHKJIMIN_10965	gene	246	atpC			
NHKJIMIN_10965	CDS	246	atpC		COG0355	ATP synthase epsilon chain
NHKJIMIN_10966	gene	354				
NHKJIMIN_10966	CDS	354				hypothetical protein
NHKJIMIN_10967	gene	573				
NHKJIMIN_10967	CDS	573				hypothetical protein
NHKJIMIN_10968	gene	477	atpB			
NHKJIMIN_10968	CDS	477	atpB			ATP synthase subunit a
NHKJIMIN_10969	gene	258	atpH_1			
NHKJIMIN_10969	CDS	258	atpH_1			ATP synthase subunit c
NHKJIMIN_10970	gene	492	atpF			
NHKJIMIN_10970	CDS	492	atpF			ATP synthase subunit b
NHKJIMIN_10971	gene	561	atpH_2			
NHKJIMIN_10971	CDS	561	atpH_2		COG0712	ATP synthase subunit delta
NHKJIMIN_10972	gene	417	atpA_3			
NHKJIMIN_10972	CDS	417	atpA_3	7.1.2.2		ATP synthase subunit alpha
NHKJIMIN_10973	gene	720	atpA_4			
NHKJIMIN_10973	CDS	720	atpA_4	7.1.2.2		ATP synthase subunit alpha
NHKJIMIN_10974	gene	225	atpA_5			
NHKJIMIN_10974	CDS	225	atpA_5	7.1.2.2	COG0056	ATP synthase subunit alpha
NHKJIMIN_10975	gene	165				
NHKJIMIN_10975	CDS	165				hypothetical protein
NHKJIMIN_10976	gene	240				
NHKJIMIN_10976	CDS	240				hypothetical protein
NHKJIMIN_10977	gene	369	atpG			
NHKJIMIN_10977	CDS	369	atpG		COG0224	ATP synthase gamma chain
NHKJIMIN_10978	gene	261				
NHKJIMIN_10978	CDS	261				hypothetical protein
NHKJIMIN_10979	gene	528	pif1			
NHKJIMIN_10979	CDS	528	pif1	5.6.2.3	COG0507	ATP-dependent DNA helicase Pif1
NHKJIMIN_10980	gene	831				
NHKJIMIN_10980	CDS	831				hypothetical protein
NHKJIMIN_10981	gene	288				
NHKJIMIN_10981	CDS	288				hypothetical protein
NHKJIMIN_10982	gene	312				
NHKJIMIN_10982	CDS	312				hypothetical protein
NHKJIMIN_10983	gene	357	trxA_2			
NHKJIMIN_10983	CDS	357	trxA_2		COG3118	Thioredoxin 1
NHKJIMIN_10984	gene	576				
NHKJIMIN_10984	CDS	576				hypothetical protein
NHKJIMIN_10985	gene	501				
NHKJIMIN_10985	CDS	501				hypothetical protein
NHKJIMIN_10986	gene	138				
NHKJIMIN_10986	CDS	138				hypothetical protein
NHKJIMIN_10987	gene	567	czcB			
NHKJIMIN_10987	CDS	567	czcB			Cobalt-zinc-cadmium resistance protein CzcB
NHKJIMIN_10988	gene	330				
NHKJIMIN_10988	CDS	330				hypothetical protein
NHKJIMIN_10989	gene	243				
NHKJIMIN_10989	CDS	243				hypothetical protein
NHKJIMIN_10990	gene	528	czcA_5			
NHKJIMIN_10990	CDS	528	czcA_5			Cobalt-zinc-cadmium resistance protein CzcA
NHKJIMIN_10991	gene	129				
NHKJIMIN_10991	CDS	129				hypothetical protein
NHKJIMIN_10992	gene	240				
NHKJIMIN_10992	CDS	240				hypothetical protein
NHKJIMIN_10993	gene	537	czcA_6			
NHKJIMIN_10993	CDS	537	czcA_6			Cobalt-zinc-cadmium resistance protein CzcA
NHKJIMIN_10994	gene	351				
NHKJIMIN_10994	CDS	351				hypothetical protein
NHKJIMIN_10995	gene	408				
NHKJIMIN_10995	CDS	408				hypothetical protein
NHKJIMIN_10996	gene	186				
NHKJIMIN_10996	CDS	186				hypothetical protein
NHKJIMIN_10997	gene	210				
NHKJIMIN_10997	CDS	210				hypothetical protein
NHKJIMIN_10998	gene	225	czcA_7			
NHKJIMIN_10998	CDS	225	czcA_7			Cobalt-zinc-cadmium resistance protein CzcA
NHKJIMIN_10999	gene	453	rssB_3			
NHKJIMIN_10999	CDS	453	rssB_3			Regulator of RpoS
NHKJIMIN_11000	gene	168	czcR			
NHKJIMIN_11000	CDS	168	czcR			Transcriptional activator protein CzcR
NHKJIMIN_11001	gene	174				
NHKJIMIN_11001	CDS	174				hypothetical protein
NHKJIMIN_11002	gene	243				
NHKJIMIN_11002	CDS	243				hypothetical protein
NHKJIMIN_11003	gene	231				
NHKJIMIN_11003	CDS	231				hypothetical protein
NHKJIMIN_11004	gene	384	cusS			
NHKJIMIN_11004	CDS	384	cusS	2.7.13.3	COG5002	Sensor histidine kinase CusS
NHKJIMIN_11005	gene	336	sasA_9			
NHKJIMIN_11005	CDS	336	sasA_9	2.7.13.3		Adaptive-response sensory-kinase SasA
NHKJIMIN_11006	gene	618				
NHKJIMIN_11006	CDS	618				hypothetical protein
NHKJIMIN_11007	gene	618				
NHKJIMIN_11007	CDS	618				hypothetical protein
NHKJIMIN_11008	gene	138				
NHKJIMIN_11008	CDS	138				hypothetical protein
NHKJIMIN_11009	gene	402				
NHKJIMIN_11009	CDS	402				hypothetical protein
NHKJIMIN_11010	gene	360				
NHKJIMIN_11010	CDS	360				hypothetical protein
NHKJIMIN_11011	gene	213				
NHKJIMIN_11011	CDS	213				hypothetical protein
NHKJIMIN_11012	gene	234				
NHKJIMIN_11012	CDS	234				hypothetical protein
NHKJIMIN_11013	gene	285				
NHKJIMIN_11013	CDS	285				hypothetical protein
NHKJIMIN_11014	gene	273				
NHKJIMIN_11014	CDS	273				hypothetical protein
NHKJIMIN_11015	gene	396				
NHKJIMIN_11015	CDS	396				hypothetical protein
NHKJIMIN_11016	gene	321				
NHKJIMIN_11016	CDS	321				hypothetical protein
NHKJIMIN_11017	gene	255				
NHKJIMIN_11017	CDS	255				hypothetical protein
NHKJIMIN_11018	gene	432	hmuU_2			
NHKJIMIN_11018	CDS	432	hmuU_2		COG0609	Hemin transport system permease protein HmuU
NHKJIMIN_11019	gene	378	yusV_1			
NHKJIMIN_11019	CDS	378	yusV_1		COG1120	putative siderophore transport system ATP-binding protein YusV
NHKJIMIN_11020	gene	171	yusV_2			
NHKJIMIN_11020	CDS	171	yusV_2		COG1120	putative siderophore transport system ATP-binding protein YusV
NHKJIMIN_11021	gene	156				
NHKJIMIN_11021	CDS	156				hypothetical protein
NHKJIMIN_11022	gene	291				
NHKJIMIN_11022	CDS	291				hypothetical protein
NHKJIMIN_11023	gene	255				
NHKJIMIN_11023	CDS	255				hypothetical protein
NHKJIMIN_11024	gene	273				
NHKJIMIN_11024	CDS	273				hypothetical protein
NHKJIMIN_11025	gene	252	rfbD			
NHKJIMIN_11025	CDS	252	rfbD	1.1.1.133		dTDP-4-dehydrorhamnose reductase
NHKJIMIN_11026	gene	207				
NHKJIMIN_11026	CDS	207				hypothetical protein
NHKJIMIN_11027	gene	501				
NHKJIMIN_11027	CDS	501				hypothetical protein
NHKJIMIN_11028	gene	264				
NHKJIMIN_11028	CDS	264				hypothetical protein
NHKJIMIN_11029	gene	162				
NHKJIMIN_11029	CDS	162				hypothetical protein
NHKJIMIN_11030	gene	288				
NHKJIMIN_11030	CDS	288				hypothetical protein
NHKJIMIN_11031	gene	324	afsQ1			
NHKJIMIN_11031	CDS	324	afsQ1		COG0745	Transcriptional regulatory protein AfsQ1
NHKJIMIN_11032	gene	507	sasA_10			
NHKJIMIN_11032	CDS	507	sasA_10	2.7.13.3	COG2205	Adaptive-response sensory kinase SasA
NHKJIMIN_11033	gene	441				
NHKJIMIN_11033	CDS	441				hypothetical protein
NHKJIMIN_11034	gene	417				
NHKJIMIN_11034	CDS	417				hypothetical protein
NHKJIMIN_11035	gene	129				
NHKJIMIN_11035	CDS	129				hypothetical protein
NHKJIMIN_11036	gene	291				
NHKJIMIN_11036	CDS	291				hypothetical protein
NHKJIMIN_11037	gene	165	umuC_1			
NHKJIMIN_11037	CDS	165	umuC_1		COG0389	Protein UmuC
NHKJIMIN_11038	gene	393	umuC_2			
NHKJIMIN_11038	CDS	393	umuC_2		COG0389	Protein UmuC
NHKJIMIN_11039	gene	723	umuC_3			
NHKJIMIN_11039	CDS	723	umuC_3		COG0389	Protein UmuC
NHKJIMIN_11040	gene	399				
NHKJIMIN_11040	CDS	399				hypothetical protein
NHKJIMIN_11041	gene	393				
NHKJIMIN_11041	CDS	393				hypothetical protein
NHKJIMIN_11042	gene	213				
NHKJIMIN_11042	CDS	213				hypothetical protein
NHKJIMIN_11043	gene	279				
NHKJIMIN_11043	CDS	279				hypothetical protein
NHKJIMIN_11044	gene	210				
NHKJIMIN_11044	CDS	210				hypothetical protein
NHKJIMIN_11045	gene	147				
NHKJIMIN_11045	CDS	147				hypothetical protein
NHKJIMIN_11046	gene	162				
NHKJIMIN_11046	CDS	162				hypothetical protein
NHKJIMIN_11047	gene	240				
NHKJIMIN_11047	CDS	240				hypothetical protein
NHKJIMIN_11048	gene	399				
NHKJIMIN_11048	CDS	399				hypothetical protein
NHKJIMIN_11049	gene	129				
NHKJIMIN_11049	CDS	129				hypothetical protein
NHKJIMIN_11050	gene	369				
NHKJIMIN_11050	CDS	369				hypothetical protein
NHKJIMIN_11051	gene	411				
NHKJIMIN_11051	CDS	411				hypothetical protein
NHKJIMIN_11052	gene	198				
NHKJIMIN_11052	CDS	198				hypothetical protein
NHKJIMIN_11053	gene	162				
NHKJIMIN_11053	CDS	162				hypothetical protein
NHKJIMIN_11054	gene	138				
NHKJIMIN_11054	CDS	138				hypothetical protein
NHKJIMIN_11055	gene	219				
NHKJIMIN_11055	CDS	219				hypothetical protein
NHKJIMIN_11056	gene	165				
NHKJIMIN_11056	CDS	165				hypothetical protein
NHKJIMIN_11057	gene	216				
NHKJIMIN_11057	CDS	216				hypothetical protein
NHKJIMIN_11058	gene	93				
NHKJIMIN_11058	CDS	93				hypothetical protein
NHKJIMIN_11059	gene	186				
NHKJIMIN_11059	CDS	186				hypothetical protein
NHKJIMIN_11060	gene	183				
NHKJIMIN_11060	CDS	183				hypothetical protein
NHKJIMIN_11061	gene	228				
NHKJIMIN_11061	CDS	228				hypothetical protein
NHKJIMIN_11062	gene	282				
NHKJIMIN_11062	CDS	282				hypothetical protein
NHKJIMIN_11063	gene	159				
NHKJIMIN_11063	CDS	159				hypothetical protein
NHKJIMIN_11064	gene	174				
NHKJIMIN_11064	CDS	174				hypothetical protein
NHKJIMIN_11065	gene	243				
NHKJIMIN_11065	CDS	243				hypothetical protein
NHKJIMIN_11066	gene	309				
NHKJIMIN_11066	CDS	309				hypothetical protein
NHKJIMIN_11067	gene	303				
NHKJIMIN_11067	CDS	303				hypothetical protein
NHKJIMIN_11068	gene	246				
NHKJIMIN_11068	CDS	246				hypothetical protein
NHKJIMIN_11069	gene	150				
NHKJIMIN_11069	CDS	150				hypothetical protein
NHKJIMIN_11070	gene	333	topB_17			
NHKJIMIN_11070	CDS	333	topB_17	5.6.2.1		DNA topoisomerase 3
NHKJIMIN_11071	gene	483	topB_18			
NHKJIMIN_11071	CDS	483	topB_18	5.6.2.1		DNA topoisomerase 3
NHKJIMIN_11072	gene	264	topA_5			
NHKJIMIN_11072	CDS	264	topA_5	5.6.2.1		DNA topoisomerase 1
NHKJIMIN_11073	gene	177				
NHKJIMIN_11073	CDS	177				hypothetical protein
NHKJIMIN_11074	gene	429				
NHKJIMIN_11074	CDS	429				hypothetical protein
NHKJIMIN_11075	gene	276				
NHKJIMIN_11075	CDS	276				hypothetical protein
NHKJIMIN_11076	gene	219				
NHKJIMIN_11076	CDS	219				hypothetical protein
NHKJIMIN_11077	gene	285				
NHKJIMIN_11077	CDS	285				hypothetical protein
NHKJIMIN_11078	gene	174				
NHKJIMIN_11078	CDS	174				hypothetical protein
NHKJIMIN_11079	gene	390				
NHKJIMIN_11079	CDS	390				hypothetical protein
NHKJIMIN_11080	gene	144				
NHKJIMIN_11080	CDS	144				hypothetical protein
NHKJIMIN_11081	gene	102				
NHKJIMIN_11081	CDS	102				hypothetical protein
NHKJIMIN_11082	gene	465				
NHKJIMIN_11082	CDS	465				hypothetical protein
NHKJIMIN_11083	gene	294				
NHKJIMIN_11083	CDS	294				hypothetical protein
NHKJIMIN_11084	gene	258				
NHKJIMIN_11084	CDS	258				hypothetical protein
NHKJIMIN_11085	gene	246				
NHKJIMIN_11085	CDS	246				hypothetical protein
NHKJIMIN_11086	gene	285				
NHKJIMIN_11086	CDS	285				hypothetical protein
NHKJIMIN_11087	gene	150				
NHKJIMIN_11087	CDS	150				hypothetical protein
NHKJIMIN_11088	gene	174				
NHKJIMIN_11088	CDS	174				hypothetical protein
NHKJIMIN_11089	gene	210				
NHKJIMIN_11089	CDS	210				hypothetical protein
NHKJIMIN_11090	gene	708				
NHKJIMIN_11090	CDS	708				hypothetical protein
NHKJIMIN_11091	gene	525				
NHKJIMIN_11091	CDS	525				hypothetical protein
NHKJIMIN_11092	gene	534				
NHKJIMIN_11092	CDS	534				hypothetical protein
NHKJIMIN_11093	gene	717				
NHKJIMIN_11093	CDS	717				hypothetical protein
NHKJIMIN_11094	gene	438				
NHKJIMIN_11094	CDS	438				hypothetical protein
NHKJIMIN_11095	gene	225				
NHKJIMIN_11095	CDS	225				hypothetical protein
NHKJIMIN_11096	gene	279				
NHKJIMIN_11096	CDS	279				hypothetical protein
NHKJIMIN_11097	gene	156				
NHKJIMIN_11097	CDS	156				hypothetical protein
NHKJIMIN_11098	gene	246				
NHKJIMIN_11098	CDS	246				hypothetical protein
NHKJIMIN_11099	gene	306				
NHKJIMIN_11099	CDS	306				hypothetical protein
NHKJIMIN_11100	gene	177				
NHKJIMIN_11100	CDS	177				hypothetical protein
NHKJIMIN_11101	gene	309				
NHKJIMIN_11101	CDS	309				hypothetical protein
NHKJIMIN_11102	gene	402				
NHKJIMIN_11102	CDS	402				hypothetical protein
NHKJIMIN_11103	gene	171				
NHKJIMIN_11103	CDS	171				hypothetical protein
NHKJIMIN_11104	gene	447				
NHKJIMIN_11104	CDS	447				hypothetical protein
NHKJIMIN_11105	gene	246				
NHKJIMIN_11105	CDS	246				hypothetical protein
NHKJIMIN_11106	gene	300				
NHKJIMIN_11106	CDS	300				hypothetical protein
NHKJIMIN_11107	gene	189				
NHKJIMIN_11107	CDS	189				hypothetical protein
NHKJIMIN_11108	gene	129				
NHKJIMIN_11108	CDS	129				hypothetical protein
NHKJIMIN_11109	gene	219				
NHKJIMIN_11109	CDS	219				hypothetical protein
NHKJIMIN_11110	gene	633				
NHKJIMIN_11110	CDS	633				hypothetical protein
NHKJIMIN_11111	gene	105				
NHKJIMIN_11111	CDS	105				hypothetical protein
NHKJIMIN_11112	gene	330				
NHKJIMIN_11112	CDS	330				hypothetical protein
NHKJIMIN_11113	gene	222				
NHKJIMIN_11113	CDS	222				hypothetical protein
NHKJIMIN_11114	gene	339				
NHKJIMIN_11114	CDS	339				hypothetical protein
NHKJIMIN_11115	gene	243				
NHKJIMIN_11115	CDS	243				hypothetical protein
NHKJIMIN_11116	gene	594				
NHKJIMIN_11116	CDS	594				hypothetical protein
NHKJIMIN_11117	gene	942				
NHKJIMIN_11117	CDS	942				hypothetical protein
NHKJIMIN_11118	gene	279				
NHKJIMIN_11118	CDS	279				hypothetical protein
NHKJIMIN_11119	gene	558				
NHKJIMIN_11119	CDS	558				hypothetical protein
NHKJIMIN_11120	gene	204				
NHKJIMIN_11120	CDS	204				hypothetical protein
NHKJIMIN_11121	gene	192				
NHKJIMIN_11121	CDS	192				hypothetical protein
NHKJIMIN_11122	gene	111				
NHKJIMIN_11122	CDS	111				hypothetical protein
NHKJIMIN_11123	gene	225				
NHKJIMIN_11123	CDS	225				hypothetical protein
NHKJIMIN_11124	gene	207				
NHKJIMIN_11124	CDS	207				hypothetical protein
NHKJIMIN_11125	gene	288				
NHKJIMIN_11125	CDS	288				hypothetical protein
NHKJIMIN_11126	gene	558				
NHKJIMIN_11126	CDS	558				hypothetical protein
NHKJIMIN_11127	gene	189				
NHKJIMIN_11127	CDS	189				hypothetical protein
NHKJIMIN_11128	gene	201	noc_2			
NHKJIMIN_11128	CDS	201	noc_2			Nucleoid occlusion protein
NHKJIMIN_11129	gene	174				
NHKJIMIN_11129	CDS	174				hypothetical protein
NHKJIMIN_11130	gene	174				
NHKJIMIN_11130	CDS	174				hypothetical protein
NHKJIMIN_11131	gene	372				
NHKJIMIN_11131	CDS	372				hypothetical protein
NHKJIMIN_11132	gene	147				
NHKJIMIN_11132	CDS	147				hypothetical protein
NHKJIMIN_11133	gene	501				
NHKJIMIN_11133	CDS	501				hypothetical protein
NHKJIMIN_11134	gene	369				
NHKJIMIN_11134	CDS	369				hypothetical protein
NHKJIMIN_11135	gene	321				
NHKJIMIN_11135	CDS	321				hypothetical protein
NHKJIMIN_11136	gene	234				
NHKJIMIN_11136	CDS	234				hypothetical protein
NHKJIMIN_11137	gene	291				
NHKJIMIN_11137	CDS	291				hypothetical protein
NHKJIMIN_11138	gene	102				
NHKJIMIN_11138	CDS	102				hypothetical protein
NHKJIMIN_11139	gene	150				
NHKJIMIN_11139	CDS	150				hypothetical protein
NHKJIMIN_11140	gene	132				
NHKJIMIN_11140	CDS	132				hypothetical protein
NHKJIMIN_11141	gene	207				
NHKJIMIN_11141	CDS	207				hypothetical protein
NHKJIMIN_11142	gene	216				
NHKJIMIN_11142	CDS	216				hypothetical protein
NHKJIMIN_11143	gene	195				
NHKJIMIN_11143	CDS	195				hypothetical protein
NHKJIMIN_11144	gene	237				
NHKJIMIN_11144	CDS	237				hypothetical protein
NHKJIMIN_11145	gene	138				
NHKJIMIN_11145	CDS	138				hypothetical protein
NHKJIMIN_11146	gene	138				
NHKJIMIN_11146	CDS	138				hypothetical protein
NHKJIMIN_11147	gene	339				
NHKJIMIN_11147	CDS	339				hypothetical protein
NHKJIMIN_11148	gene	165				
NHKJIMIN_11148	CDS	165				hypothetical protein
NHKJIMIN_11149	gene	297				
NHKJIMIN_11149	CDS	297				hypothetical protein
NHKJIMIN_11150	gene	360				
NHKJIMIN_11150	CDS	360				hypothetical protein
NHKJIMIN_11151	gene	255				
NHKJIMIN_11151	CDS	255				hypothetical protein
NHKJIMIN_11152	gene	351				
NHKJIMIN_11152	CDS	351				hypothetical protein
NHKJIMIN_11153	gene	111				
NHKJIMIN_11153	CDS	111				hypothetical protein
NHKJIMIN_11154	gene	180				
NHKJIMIN_11154	CDS	180				hypothetical protein
NHKJIMIN_11155	gene	228				
NHKJIMIN_11155	CDS	228				hypothetical protein
NHKJIMIN_11156	gene	111				
NHKJIMIN_11156	CDS	111				hypothetical protein
NHKJIMIN_11157	gene	174				
NHKJIMIN_11157	CDS	174				hypothetical protein
NHKJIMIN_11158	gene	246				
NHKJIMIN_11158	CDS	246				hypothetical protein
NHKJIMIN_11159	gene	165				
NHKJIMIN_11159	CDS	165				hypothetical protein
NHKJIMIN_11160	gene	225				
NHKJIMIN_11160	CDS	225				hypothetical protein
NHKJIMIN_11161	gene	96				
NHKJIMIN_11161	CDS	96				hypothetical protein
NHKJIMIN_11162	gene	162				
NHKJIMIN_11162	CDS	162				hypothetical protein
NHKJIMIN_11163	gene	159				
NHKJIMIN_11163	CDS	159				hypothetical protein
NHKJIMIN_11164	gene	471				
NHKJIMIN_11164	CDS	471				hypothetical protein
NHKJIMIN_11165	gene	126				
NHKJIMIN_11165	CDS	126				hypothetical protein
NHKJIMIN_11166	gene	195				
NHKJIMIN_11166	CDS	195				hypothetical protein
NHKJIMIN_11167	gene	255				
NHKJIMIN_11167	CDS	255				hypothetical protein
NHKJIMIN_11168	gene	297				
NHKJIMIN_11168	CDS	297				hypothetical protein
NHKJIMIN_11169	gene	606				
NHKJIMIN_11169	CDS	606				hypothetical protein
NHKJIMIN_11170	gene	243				
NHKJIMIN_11170	CDS	243				hypothetical protein
NHKJIMIN_11171	gene	150				
NHKJIMIN_11171	CDS	150				hypothetical protein
NHKJIMIN_11172	gene	249				
NHKJIMIN_11172	CDS	249				hypothetical protein
NHKJIMIN_11173	gene	255				
NHKJIMIN_11173	CDS	255				hypothetical protein
NHKJIMIN_11174	gene	156				
NHKJIMIN_11174	CDS	156				hypothetical protein
NHKJIMIN_11175	gene	222				
NHKJIMIN_11175	CDS	222				hypothetical protein
NHKJIMIN_11176	gene	177				
NHKJIMIN_11176	CDS	177				hypothetical protein
NHKJIMIN_11177	gene	390				
NHKJIMIN_11177	CDS	390				hypothetical protein
NHKJIMIN_11178	gene	225				
NHKJIMIN_11178	CDS	225				hypothetical protein
NHKJIMIN_11179	gene	570				
NHKJIMIN_11179	CDS	570				hypothetical protein
NHKJIMIN_11180	gene	219				
NHKJIMIN_11180	CDS	219				hypothetical protein
NHKJIMIN_11181	gene	360				
NHKJIMIN_11181	CDS	360				hypothetical protein
NHKJIMIN_11182	gene	237				
NHKJIMIN_11182	CDS	237				hypothetical protein
NHKJIMIN_11183	gene	177				
NHKJIMIN_11183	CDS	177				hypothetical protein
NHKJIMIN_11184	gene	222				
NHKJIMIN_11184	CDS	222				hypothetical protein
NHKJIMIN_11185	gene	204	xerC_19			
NHKJIMIN_11185	CDS	204	xerC_19			Tyrosine recombinase XerC
NHKJIMIN_11186	gene	321				
NHKJIMIN_11186	CDS	321				hypothetical protein
NHKJIMIN_11187	gene	324				
NHKJIMIN_11187	CDS	324				hypothetical protein
NHKJIMIN_11188	gene	879	xerC_20			
NHKJIMIN_11188	CDS	879	xerC_20			Tyrosine recombinase XerC
NHKJIMIN_11189	gene	177				
NHKJIMIN_11189	CDS	177				hypothetical protein
NHKJIMIN_11190	gene	306				
NHKJIMIN_11190	CDS	306				hypothetical protein
NHKJIMIN_11191	gene	393				
NHKJIMIN_11191	CDS	393				hypothetical protein
NHKJIMIN_11192	gene	333	xerC_21			
NHKJIMIN_11192	CDS	333	xerC_21			Tyrosine recombinase XerC
NHKJIMIN_11193	gene	273				
NHKJIMIN_11193	CDS	273				hypothetical protein
NHKJIMIN_11194	gene	351				
NHKJIMIN_11194	CDS	351				hypothetical protein
NHKJIMIN_11195	gene	117				
NHKJIMIN_11195	CDS	117				hypothetical protein
NHKJIMIN_11196	gene	243				
NHKJIMIN_11196	CDS	243				hypothetical protein
NHKJIMIN_11197	gene	180				
NHKJIMIN_11197	CDS	180				hypothetical protein
NHKJIMIN_11198	gene	207				
NHKJIMIN_11198	CDS	207				hypothetical protein
NHKJIMIN_11199	gene	138				
NHKJIMIN_11199	CDS	138				hypothetical protein
NHKJIMIN_11200	gene	219				
NHKJIMIN_11200	CDS	219				hypothetical protein
NHKJIMIN_11201	gene	159				
NHKJIMIN_11201	CDS	159				hypothetical protein
NHKJIMIN_11202	gene	180				
NHKJIMIN_11202	CDS	180				hypothetical protein
NHKJIMIN_11203	gene	399				
NHKJIMIN_11203	CDS	399				hypothetical protein
NHKJIMIN_11204	gene	246				
NHKJIMIN_11204	CDS	246				hypothetical protein
NHKJIMIN_11205	gene	228				
NHKJIMIN_11205	CDS	228				hypothetical protein
NHKJIMIN_11206	gene	213	phnC			
NHKJIMIN_11206	CDS	213	phnC	7.3.2.1	COG3638	Phosphate-import ATP-binding protein PhnC
NHKJIMIN_11207	gene	537				
NHKJIMIN_11207	CDS	537				hypothetical protein
NHKJIMIN_11208	gene	147				
NHKJIMIN_11208	CDS	147				hypothetical protein
NHKJIMIN_11209	gene	186				
NHKJIMIN_11209	CDS	186				hypothetical protein
NHKJIMIN_11210	gene	270				
NHKJIMIN_11210	CDS	270				hypothetical protein
NHKJIMIN_11211	gene	432	lagD_2			
NHKJIMIN_11211	CDS	432	lagD_2	3.4.22.-		Lactococcin-G-processing and transport ATP-binding protein LagD
NHKJIMIN_11212	gene	192				
NHKJIMIN_11212	CDS	192				hypothetical protein
NHKJIMIN_11213	gene	504				
NHKJIMIN_11213	CDS	504				hypothetical protein
NHKJIMIN_11214	gene	315				
NHKJIMIN_11214	CDS	315				hypothetical protein
NHKJIMIN_11215	gene	150				
NHKJIMIN_11215	CDS	150				hypothetical protein
NHKJIMIN_11216	gene	129				
NHKJIMIN_11216	CDS	129				hypothetical protein
NHKJIMIN_11217	gene	135				
NHKJIMIN_11217	CDS	135				hypothetical protein
NHKJIMIN_11218	gene	318				
NHKJIMIN_11218	CDS	318				hypothetical protein
NHKJIMIN_11219	gene	228				
NHKJIMIN_11219	CDS	228				hypothetical protein
NHKJIMIN_11220	gene	399				
NHKJIMIN_11220	CDS	399				hypothetical protein
NHKJIMIN_11221	gene	228				
NHKJIMIN_11221	CDS	228				hypothetical protein
NHKJIMIN_11222	gene	342				
NHKJIMIN_11222	CDS	342				hypothetical protein
NHKJIMIN_11223	gene	294				
NHKJIMIN_11223	CDS	294				hypothetical protein
NHKJIMIN_11224	gene	162				
NHKJIMIN_11224	CDS	162				hypothetical protein
NHKJIMIN_11225	gene	198				
NHKJIMIN_11225	CDS	198				hypothetical protein
NHKJIMIN_11226	gene	162				
NHKJIMIN_11226	CDS	162				hypothetical protein
NHKJIMIN_11227	gene	294				
NHKJIMIN_11227	CDS	294				hypothetical protein
NHKJIMIN_11228	gene	222				
NHKJIMIN_11228	CDS	222				hypothetical protein
NHKJIMIN_11229	gene	198				
NHKJIMIN_11229	CDS	198				hypothetical protein
NHKJIMIN_11230	gene	270				
NHKJIMIN_11230	CDS	270				hypothetical protein
NHKJIMIN_11231	gene	198				
NHKJIMIN_11231	CDS	198				hypothetical protein
NHKJIMIN_11232	gene	411				
NHKJIMIN_11232	CDS	411				hypothetical protein
NHKJIMIN_11233	gene	237				
NHKJIMIN_11233	CDS	237				hypothetical protein
NHKJIMIN_11234	gene	327				
NHKJIMIN_11234	CDS	327				hypothetical protein
NHKJIMIN_11235	gene	156				
NHKJIMIN_11235	CDS	156				hypothetical protein
NHKJIMIN_11236	gene	141				
NHKJIMIN_11236	CDS	141				hypothetical protein
NHKJIMIN_11237	gene	369				
NHKJIMIN_11237	CDS	369				hypothetical protein
NHKJIMIN_11238	gene	303				
NHKJIMIN_11238	CDS	303				hypothetical protein
NHKJIMIN_11239	gene	183				
NHKJIMIN_11239	CDS	183				hypothetical protein
NHKJIMIN_11240	gene	234				
NHKJIMIN_11240	CDS	234				hypothetical protein
NHKJIMIN_11241	gene	285				
NHKJIMIN_11241	CDS	285				hypothetical protein
NHKJIMIN_11242	gene	462	flr_1			
NHKJIMIN_11242	CDS	462	flr_1			Flavoredoxin
NHKJIMIN_11243	gene	201				
NHKJIMIN_11243	CDS	201				hypothetical protein
NHKJIMIN_11244	gene	357				
NHKJIMIN_11244	CDS	357		2.3.1.-		Putative acetyltransferase
NHKJIMIN_11245	gene	486	queG_3			
NHKJIMIN_11245	CDS	486	queG_3	1.17.99.6		Epoxyqueuosine reductase
NHKJIMIN_11246	gene	138				
NHKJIMIN_11246	CDS	138				hypothetical protein
NHKJIMIN_11247	gene	288				
NHKJIMIN_11247	CDS	288				hypothetical protein
NHKJIMIN_11248	gene	273				
NHKJIMIN_11248	CDS	273				hypothetical protein
NHKJIMIN_11249	gene	300				
NHKJIMIN_11249	CDS	300				hypothetical protein
NHKJIMIN_11250	gene	210				
NHKJIMIN_11250	CDS	210				hypothetical protein
NHKJIMIN_11251	gene	150				
NHKJIMIN_11251	CDS	150				hypothetical protein
NHKJIMIN_11252	gene	255				
NHKJIMIN_11252	CDS	255				hypothetical protein
NHKJIMIN_11253	gene	183				
NHKJIMIN_11253	CDS	183				hypothetical protein
NHKJIMIN_11254	gene	102				
NHKJIMIN_11254	CDS	102				hypothetical protein
NHKJIMIN_11255	gene	183				
NHKJIMIN_11255	CDS	183				hypothetical protein
NHKJIMIN_11256	gene	288	tdh			
NHKJIMIN_11256	CDS	288	tdh	1.1.1.103		L-threonine 3-dehydrogenase
NHKJIMIN_11257	gene	471	adhC			
NHKJIMIN_11257	CDS	471	adhC	1.1.1.2	COG1064	NADP-dependent alcohol dehydrogenase C
NHKJIMIN_11258	gene	228				
NHKJIMIN_11258	CDS	228				hypothetical protein
NHKJIMIN_11259	gene	642				
NHKJIMIN_11259	CDS	642				putative protein
NHKJIMIN_11260	gene	240				
NHKJIMIN_11260	CDS	240				hypothetical protein
NHKJIMIN_11261	gene	288				
NHKJIMIN_11261	CDS	288				hypothetical protein
NHKJIMIN_11262	gene	135				
NHKJIMIN_11262	CDS	135				hypothetical protein
NHKJIMIN_11263	gene	459				
NHKJIMIN_11263	CDS	459				hypothetical protein
NHKJIMIN_11264	gene	135	patB_3			
NHKJIMIN_11264	CDS	135	patB_3	4.4.1.13	COG1168	Cystathionine beta-lyase PatB
NHKJIMIN_11265	gene	279	patB_4			
NHKJIMIN_11265	CDS	279	patB_4	4.4.1.13	COG1168	Cystathionine beta-lyase PatB
NHKJIMIN_11266	gene	441	patB_5			
NHKJIMIN_11266	CDS	441	patB_5	4.4.1.13	COG1168	Cystathionine beta-lyase PatB
NHKJIMIN_11267	gene	132				
NHKJIMIN_11267	CDS	132				hypothetical protein
NHKJIMIN_11268	gene	402				
NHKJIMIN_11268	CDS	402				hypothetical protein
NHKJIMIN_11269	gene	1050				
NHKJIMIN_11269	CDS	1050				hypothetical protein
NHKJIMIN_11270	gene	243				
NHKJIMIN_11270	CDS	243				hypothetical protein
NHKJIMIN_11271	gene	405				
NHKJIMIN_11271	CDS	405				hypothetical protein
NHKJIMIN_11272	gene	1362	sasA_11			
NHKJIMIN_11272	CDS	1362	sasA_11	2.7.13.3		Adaptive-response sensory-kinase SasA
NHKJIMIN_11273	gene	279				
NHKJIMIN_11273	CDS	279				hypothetical protein
NHKJIMIN_11274	gene	207				
NHKJIMIN_11274	CDS	207				hypothetical protein
NHKJIMIN_11275	gene	294				
NHKJIMIN_11275	CDS	294				hypothetical protein
NHKJIMIN_11276	gene	417	fhs_1			
NHKJIMIN_11276	CDS	417	fhs_1	6.3.4.3		Formate--tetrahydrofolate ligase
NHKJIMIN_11277	gene	468	fhs1			
NHKJIMIN_11277	CDS	468	fhs1	6.3.4.3		Formate--tetrahydrofolate ligase 1
NHKJIMIN_11278	gene	150	fhs_2			
NHKJIMIN_11278	CDS	150	fhs_2	6.3.4.3		Formate--tetrahydrofolate ligase
NHKJIMIN_11279	gene	807	fhs_3			
NHKJIMIN_11279	CDS	807	fhs_3	6.3.4.3		Formate--tetrahydrofolate ligase
NHKJIMIN_11280	gene	558				
NHKJIMIN_11280	CDS	558				hypothetical protein
NHKJIMIN_11281	gene	279				
NHKJIMIN_11281	CDS	279				hypothetical protein
NHKJIMIN_11282	gene	180	glyA_1			
NHKJIMIN_11282	CDS	180	glyA_1	2.1.2.1	COG0112	Serine hydroxymethyltransferase
NHKJIMIN_11283	gene	192	glyA_2			
NHKJIMIN_11283	CDS	192	glyA_2	2.1.2.1	COG0112	Serine hydroxymethyltransferase
NHKJIMIN_11284	gene	288	glyA_3			
NHKJIMIN_11284	CDS	288	glyA_3	2.1.2.1		Serine hydroxymethyltransferase
NHKJIMIN_11285	gene	273	glyA_4			
NHKJIMIN_11285	CDS	273	glyA_4	2.1.2.1		Serine hydroxymethyltransferase
NHKJIMIN_11286	gene	339	glyA_5			
NHKJIMIN_11286	CDS	339	glyA_5	2.1.2.1		Serine hydroxymethyltransferase
NHKJIMIN_11287	gene	309				
NHKJIMIN_11287	CDS	309				hypothetical protein
NHKJIMIN_11288	gene	117				
NHKJIMIN_11288	CDS	117				hypothetical protein
NHKJIMIN_11289	gene	300	flr_2			
NHKJIMIN_11289	CDS	300	flr_2			Flavoredoxin
NHKJIMIN_11290	gene	270	pyrI_1			
NHKJIMIN_11290	CDS	270	pyrI_1			Aspartate carbamoyltransferase regulatory chain
NHKJIMIN_11291	gene	153	pyrI_2			
NHKJIMIN_11291	CDS	153	pyrI_2			Aspartate carbamoyltransferase regulatory chain
NHKJIMIN_11292	gene	663	pyrB_1			
NHKJIMIN_11292	CDS	663	pyrB_1	2.1.3.2	COG0540	Aspartate carbamoyltransferase catalytic subunit
NHKJIMIN_11293	gene	252	pyrB_2			
NHKJIMIN_11293	CDS	252	pyrB_2	2.1.3.2		Aspartate carbamoyltransferase
NHKJIMIN_11294	gene	165				
NHKJIMIN_11294	CDS	165				hypothetical protein
NHKJIMIN_11295	gene	240				
NHKJIMIN_11295	CDS	240				hypothetical protein
NHKJIMIN_11296	gene	675				
NHKJIMIN_11296	CDS	675				hypothetical protein
NHKJIMIN_11297	gene	261				
NHKJIMIN_11297	CDS	261				hypothetical protein
NHKJIMIN_11298	gene	174				
NHKJIMIN_11298	CDS	174				hypothetical protein
NHKJIMIN_11299	gene	546				
NHKJIMIN_11299	CDS	546				hypothetical protein
NHKJIMIN_11300	gene	204				
NHKJIMIN_11300	CDS	204				hypothetical protein
NHKJIMIN_11301	gene	648				
NHKJIMIN_11301	CDS	648				hypothetical protein
NHKJIMIN_11302	gene	138				
NHKJIMIN_11302	CDS	138				hypothetical protein
NHKJIMIN_11303	gene	387				
NHKJIMIN_11303	CDS	387				hypothetical protein
NHKJIMIN_11304	gene	159				
NHKJIMIN_11304	CDS	159				hypothetical protein
NHKJIMIN_11305	gene	279				
NHKJIMIN_11305	CDS	279				hypothetical protein
NHKJIMIN_11306	gene	207				
NHKJIMIN_11306	CDS	207				hypothetical protein
NHKJIMIN_11307	gene	141				
NHKJIMIN_11307	CDS	141				hypothetical protein
NHKJIMIN_11308	gene	285				
NHKJIMIN_11308	CDS	285				hypothetical protein
NHKJIMIN_11309	gene	231				
NHKJIMIN_11309	CDS	231				hypothetical protein
NHKJIMIN_11310	gene	459	dyp			
NHKJIMIN_11310	CDS	459	dyp	1.11.1.7	COG2837	Dye-decolorizing peroxidase
NHKJIMIN_11311	gene	225				
NHKJIMIN_11311	CDS	225				hypothetical protein
NHKJIMIN_11312	gene	267				
NHKJIMIN_11312	CDS	267				hypothetical protein
NHKJIMIN_11313	gene	552				
NHKJIMIN_11313	CDS	552				hypothetical protein
NHKJIMIN_11314	gene	246				
NHKJIMIN_11314	CDS	246				hypothetical protein
NHKJIMIN_11315	gene	126				
NHKJIMIN_11315	CDS	126				hypothetical protein
NHKJIMIN_11316	gene	354				
NHKJIMIN_11316	CDS	354				hypothetical protein
NHKJIMIN_11317	gene	207				
NHKJIMIN_11317	CDS	207				hypothetical protein
NHKJIMIN_11318	gene	507				
NHKJIMIN_11318	CDS	507				hypothetical protein
NHKJIMIN_11319	gene	495				
NHKJIMIN_11319	CDS	495				hypothetical protein
NHKJIMIN_11320	gene	639				
NHKJIMIN_11320	CDS	639			COG4771	TonB-dependent receptor P3
NHKJIMIN_11321	gene	294	susC_45			
NHKJIMIN_11321	CDS	294	susC_45		COG1629	TonB-dependent receptor SusC
NHKJIMIN_11322	gene	168				
NHKJIMIN_11322	CDS	168				hypothetical protein
NHKJIMIN_11323	gene	204				
NHKJIMIN_11323	CDS	204				hypothetical protein
NHKJIMIN_11324	gene	360				
NHKJIMIN_11324	CDS	360				hypothetical protein
NHKJIMIN_11325	gene	603				
NHKJIMIN_11325	CDS	603				hypothetical protein
NHKJIMIN_11326	gene	510				
NHKJIMIN_11326	CDS	510				hypothetical protein
NHKJIMIN_11327	gene	168				
NHKJIMIN_11327	CDS	168				hypothetical protein
NHKJIMIN_11328	gene	258				
NHKJIMIN_11328	CDS	258				hypothetical protein
NHKJIMIN_11329	gene	153				
NHKJIMIN_11329	CDS	153				hypothetical protein
NHKJIMIN_11330	gene	339				
NHKJIMIN_11330	CDS	339				hypothetical protein
NHKJIMIN_11331	gene	240				
NHKJIMIN_11331	CDS	240				hypothetical protein
NHKJIMIN_11332	gene	180				
NHKJIMIN_11332	CDS	180				hypothetical protein
NHKJIMIN_11333	gene	99				
NHKJIMIN_11333	CDS	99				hypothetical protein
NHKJIMIN_11334	gene	147				
NHKJIMIN_11334	CDS	147				hypothetical protein
NHKJIMIN_11335	gene	180				
NHKJIMIN_11335	CDS	180				hypothetical protein
NHKJIMIN_11336	gene	501	mtgA_4			
NHKJIMIN_11336	CDS	501	mtgA_4	2.4.99.28		Biosynthetic peptidoglycan transglycosylase
NHKJIMIN_11337	gene	207				
NHKJIMIN_11337	CDS	207				hypothetical protein
NHKJIMIN_11338	gene	168				
NHKJIMIN_11338	CDS	168				hypothetical protein
NHKJIMIN_11339	gene	312				
NHKJIMIN_11339	CDS	312				hypothetical protein
NHKJIMIN_11340	gene	258				
NHKJIMIN_11340	CDS	258				hypothetical protein
NHKJIMIN_11341	gene	489	mrcA			
NHKJIMIN_11341	CDS	489	mrcA		COG5009	Penicillin-binding protein 1A
NHKJIMIN_11342	gene	312				
NHKJIMIN_11342	CDS	312				hypothetical protein
NHKJIMIN_11343	gene	255	kdsB_1			
NHKJIMIN_11343	CDS	255	kdsB_1	2.7.7.90	COG1212	8-amino-3,8-dideoxy-manno-octulosonate cytidylyltransferase
NHKJIMIN_11344	gene	540	kdsB_2			
NHKJIMIN_11344	CDS	540	kdsB_2	2.7.7.38		8-amino-3,8-dideoxy-manno-octulosonate cytidylyltransferase
NHKJIMIN_11345	gene	366				
NHKJIMIN_11345	CDS	366				hypothetical protein
NHKJIMIN_11346	gene	225				
NHKJIMIN_11346	CDS	225				hypothetical protein
NHKJIMIN_11347	gene	405				
NHKJIMIN_11347	CDS	405				hypothetical protein
NHKJIMIN_11348	gene	294				
NHKJIMIN_11348	CDS	294				hypothetical protein
NHKJIMIN_11349	gene	192				
NHKJIMIN_11349	CDS	192				hypothetical protein
NHKJIMIN_11350	gene	606				
NHKJIMIN_11350	CDS	606				hypothetical protein
NHKJIMIN_11351	gene	204	prs_1			
NHKJIMIN_11351	CDS	204	prs_1	2.7.6.1	COG0462	Ribose-phosphate pyrophosphokinase
NHKJIMIN_11352	gene	441	prs_2			
NHKJIMIN_11352	CDS	441	prs_2	2.7.6.1	COG0462	Ribose-phosphate pyrophosphokinase
NHKJIMIN_11353	gene	312				
NHKJIMIN_11353	CDS	312				hypothetical protein
NHKJIMIN_11354	gene	1152				
NHKJIMIN_11354	CDS	1152				hypothetical protein
NHKJIMIN_11355	gene	228				
NHKJIMIN_11355	CDS	228				hypothetical protein
NHKJIMIN_11356	gene	327				
NHKJIMIN_11356	CDS	327				hypothetical protein
NHKJIMIN_11357	gene	219				
NHKJIMIN_11357	CDS	219				hypothetical protein
NHKJIMIN_11358	gene	261				
NHKJIMIN_11358	CDS	261				hypothetical protein
NHKJIMIN_11359	gene	507				
NHKJIMIN_11359	CDS	507				hypothetical protein
NHKJIMIN_11360	gene	303				
NHKJIMIN_11360	CDS	303				hypothetical protein
NHKJIMIN_11361	gene	336				
NHKJIMIN_11361	CDS	336				hypothetical protein
NHKJIMIN_11362	gene	321				
NHKJIMIN_11362	CDS	321				hypothetical protein
NHKJIMIN_11363	gene	171				
NHKJIMIN_11363	CDS	171				hypothetical protein
NHKJIMIN_11364	gene	402				
NHKJIMIN_11364	CDS	402				hypothetical protein
NHKJIMIN_11365	gene	120				
NHKJIMIN_11365	CDS	120				hypothetical protein
NHKJIMIN_11366	gene	237				
NHKJIMIN_11366	CDS	237				hypothetical protein
NHKJIMIN_11367	gene	396	abgT_1			
NHKJIMIN_11367	CDS	396	abgT_1		COG2978	p-aminobenzoyl-glutamate transport protein
NHKJIMIN_11368	gene	162				
NHKJIMIN_11368	CDS	162				hypothetical protein
NHKJIMIN_11369	gene	333	abgT_2			
NHKJIMIN_11369	CDS	333	abgT_2		COG2978	p-aminobenzoyl-glutamate transport protein
NHKJIMIN_11370	gene	75				
NHKJIMIN_11370	tRNA	75				tRNA-Arg(tct)
NHKJIMIN_11371	gene	384				
NHKJIMIN_11371	CDS	384				hypothetical protein
NHKJIMIN_11372	gene	270				
NHKJIMIN_11372	CDS	270				hypothetical protein
NHKJIMIN_11373	gene	135				
NHKJIMIN_11373	CDS	135				hypothetical protein
NHKJIMIN_11374	gene	216				
NHKJIMIN_11374	CDS	216				hypothetical protein
NHKJIMIN_11375	gene	261				
NHKJIMIN_11375	CDS	261				hypothetical protein
NHKJIMIN_11376	gene	204				
NHKJIMIN_11376	CDS	204				hypothetical protein
NHKJIMIN_11377	gene	291				
NHKJIMIN_11377	CDS	291				hypothetical protein
NHKJIMIN_11378	gene	180				
NHKJIMIN_11378	CDS	180				hypothetical protein
NHKJIMIN_11379	gene	486				
NHKJIMIN_11379	CDS	486				hypothetical protein
NHKJIMIN_11380	gene	138				
NHKJIMIN_11380	CDS	138				hypothetical protein
NHKJIMIN_11381	gene	231				
NHKJIMIN_11381	CDS	231				hypothetical protein
NHKJIMIN_11382	gene	228				
NHKJIMIN_11382	CDS	228				hypothetical protein
NHKJIMIN_11383	gene	390	glgB			
NHKJIMIN_11383	CDS	390	glgB	2.4.1.18		1,4-alpha-glucan branching enzyme GlgB
NHKJIMIN_11384	gene	507				
NHKJIMIN_11384	CDS	507				hypothetical protein
NHKJIMIN_11385	gene	141				
NHKJIMIN_11385	CDS	141				hypothetical protein
NHKJIMIN_11386	gene	624				
NHKJIMIN_11386	CDS	624				hypothetical protein
NHKJIMIN_11387	gene	132				
NHKJIMIN_11387	CDS	132				hypothetical protein
NHKJIMIN_11388	gene	633				
NHKJIMIN_11388	CDS	633				hypothetical protein
NHKJIMIN_11389	gene	465				
NHKJIMIN_11389	CDS	465				hypothetical protein
NHKJIMIN_11390	gene	252				
NHKJIMIN_11390	CDS	252				hypothetical protein
NHKJIMIN_11391	gene	102				
NHKJIMIN_11391	CDS	102				hypothetical protein
NHKJIMIN_11392	gene	237				
NHKJIMIN_11392	CDS	237				hypothetical protein
NHKJIMIN_11393	gene	183				
NHKJIMIN_11393	CDS	183				hypothetical protein
NHKJIMIN_11394	gene	114				
NHKJIMIN_11394	CDS	114				hypothetical protein
NHKJIMIN_11395	gene	318				
NHKJIMIN_11395	CDS	318				hypothetical protein
NHKJIMIN_11396	gene	189				
NHKJIMIN_11396	CDS	189				hypothetical protein
NHKJIMIN_11397	gene	114				
NHKJIMIN_11397	CDS	114				hypothetical protein
NHKJIMIN_11398	gene	306	fsr_1			
NHKJIMIN_11398	CDS	306	fsr_1		COG2223	Fosmidomycin resistance protein
NHKJIMIN_11399	gene	450	fsr_2			
NHKJIMIN_11399	CDS	450	fsr_2		COG2223	Fosmidomycin resistance protein
NHKJIMIN_11400	gene	276				
NHKJIMIN_11400	CDS	276				hypothetical protein
NHKJIMIN_11401	gene	558				
NHKJIMIN_11401	CDS	558		6.3.1.2	COG0174	Glutamine synthetase
NHKJIMIN_11402	gene	735	glnA_9			
NHKJIMIN_11402	CDS	735	glnA_9	6.3.1.2	COG0174	Glutamine synthetase
NHKJIMIN_11403	gene	588				
NHKJIMIN_11403	CDS	588				hypothetical protein
NHKJIMIN_11404	gene	252				
NHKJIMIN_11404	CDS	252				hypothetical protein
NHKJIMIN_11405	gene	186				
NHKJIMIN_11405	CDS	186				hypothetical protein
NHKJIMIN_11406	gene	312				
NHKJIMIN_11406	CDS	312				hypothetical protein
NHKJIMIN_11407	gene	258				
NHKJIMIN_11407	CDS	258				hypothetical protein
NHKJIMIN_11408	gene	333				
NHKJIMIN_11408	CDS	333				hypothetical protein
NHKJIMIN_11409	gene	210				
NHKJIMIN_11409	CDS	210				hypothetical protein
NHKJIMIN_11410	gene	273	sucD_1			
NHKJIMIN_11410	CDS	273	sucD_1	6.2.1.5		Succinate--CoA ligase [ADP-forming] subunit alpha
NHKJIMIN_11411	gene	537	sucD_2			
NHKJIMIN_11411	CDS	537	sucD_2	6.2.1.5	COG0074	Succinate--CoA ligase [ADP-forming] subunit alpha
NHKJIMIN_11412	gene	108				
NHKJIMIN_11412	CDS	108				hypothetical protein
NHKJIMIN_11413	gene	189	sucC_1			
NHKJIMIN_11413	CDS	189	sucC_1	6.2.1.5		Succinate--CoA ligase [ADP-forming] subunit beta
NHKJIMIN_11414	gene	216	sucC_2			
NHKJIMIN_11414	CDS	216	sucC_2	6.2.1.5	COG0045	Succinate--CoA ligase [ADP-forming] subunit beta
NHKJIMIN_11415	gene	318	sucC_3			
NHKJIMIN_11415	CDS	318	sucC_3	6.2.1.5		Succinate--CoA ligase [ADP-forming] subunit beta
NHKJIMIN_11416	gene	393	sucC_4			
NHKJIMIN_11416	CDS	393	sucC_4	6.2.1.4		Succinate--CoA ligase [GDP-forming] subunit beta
NHKJIMIN_11417	gene	306	fabD_1			
NHKJIMIN_11417	CDS	306	fabD_1	2.3.1.39	COG0331	Malonyl CoA-acyl carrier protein transacylase
NHKJIMIN_11418	gene	273	fabD_2			
NHKJIMIN_11418	CDS	273	fabD_2	2.3.1.39		Malonyl CoA-acyl carrier protein transacylase
NHKJIMIN_11419	gene	252	fenF			
NHKJIMIN_11419	CDS	252	fenF	2.3.1.39		Malonyl CoA-acyl carrier protein transacylase
NHKJIMIN_11420	gene	150				
NHKJIMIN_11420	CDS	150				hypothetical protein
NHKJIMIN_11421	gene	462	thiD			
NHKJIMIN_11421	CDS	462	thiD	2.7.1.49	COG0351	Hydroxymethylpyrimidine/phosphomethylpyrimidine kinase
NHKJIMIN_11422	gene	198				
NHKJIMIN_11422	CDS	198				hypothetical protein
NHKJIMIN_11423	gene	174				
NHKJIMIN_11423	CDS	174				hypothetical protein
NHKJIMIN_11424	gene	162				
NHKJIMIN_11424	CDS	162				hypothetical protein
NHKJIMIN_11425	gene	258				
NHKJIMIN_11425	CDS	258				hypothetical protein
NHKJIMIN_11426	gene	207				
NHKJIMIN_11426	CDS	207				hypothetical protein
NHKJIMIN_11427	gene	96				
NHKJIMIN_11427	CDS	96				hypothetical protein
NHKJIMIN_11428	gene	366	xylB_1			
NHKJIMIN_11428	CDS	366	xylB_1	2.7.1.17		Xylulose kinase
NHKJIMIN_11429	gene	378	xylB_2			
NHKJIMIN_11429	CDS	378	xylB_2	2.7.1.17		Xylulose kinase
NHKJIMIN_11430	gene	600	xylB_3			
NHKJIMIN_11430	CDS	600	xylB_3	2.7.1.17		Xylulose kinase
NHKJIMIN_11431	gene	540	xylA_1			
NHKJIMIN_11431	CDS	540	xylA_1	5.3.1.5	COG2115	Xylose isomerase
NHKJIMIN_11432	gene	681	xylA_2			
NHKJIMIN_11432	CDS	681	xylA_2	5.3.1.5	COG2115	Xylose isomerase
NHKJIMIN_11433	gene	969	xylE_2			
NHKJIMIN_11433	CDS	969	xylE_2		COG0477	D-xylose-proton symporter
NHKJIMIN_11434	gene	483	xylE_3			
NHKJIMIN_11434	CDS	483	xylE_3		COG0477	D-xylose-proton symporter
NHKJIMIN_11435	gene	774				
NHKJIMIN_11435	CDS	774				hypothetical protein
NHKJIMIN_11436	gene	213				
NHKJIMIN_11436	CDS	213				hypothetical protein
NHKJIMIN_11437	gene	117				
NHKJIMIN_11437	CDS	117				hypothetical protein
NHKJIMIN_11438	gene	561				
NHKJIMIN_11438	CDS	561				hypothetical protein
NHKJIMIN_11439	gene	486				
NHKJIMIN_11439	CDS	486				hypothetical protein
NHKJIMIN_11440	gene	378				
NHKJIMIN_11440	CDS	378				hypothetical protein
NHKJIMIN_11441	gene	240				
NHKJIMIN_11441	CDS	240				hypothetical protein
NHKJIMIN_11442	gene	165	ahpC_2			
NHKJIMIN_11442	CDS	165	ahpC_2	1.11.1.26	COG0450	Alkyl hydroperoxide reductase C
NHKJIMIN_11443	gene	270	ahpC_3			
NHKJIMIN_11443	CDS	270	ahpC_3	1.11.1.26	COG0450	Alkyl hydroperoxide reductase C
NHKJIMIN_11444	gene	183				
NHKJIMIN_11444	CDS	183				hypothetical protein
NHKJIMIN_11445	gene	477	ccp_1			
NHKJIMIN_11445	CDS	477	ccp_1	1.11.1.-	COG1858	Cytochrome c peroxidase Ccp
NHKJIMIN_11446	gene	249	ccp_2			
NHKJIMIN_11446	CDS	249	ccp_2	1.11.1.-	COG1858	Cytochrome c peroxidase Ccp
NHKJIMIN_11447	gene	231				
NHKJIMIN_11447	CDS	231				hypothetical protein
NHKJIMIN_11448	gene	396				
NHKJIMIN_11448	CDS	396				hypothetical protein
NHKJIMIN_11449	gene	108				
NHKJIMIN_11449	CDS	108				hypothetical protein
NHKJIMIN_11450	gene	669	ccsA			
NHKJIMIN_11450	CDS	669	ccsA			Cytochrome c biogenesis protein CcsA
NHKJIMIN_11451	gene	423				
NHKJIMIN_11451	CDS	423				hypothetical protein
NHKJIMIN_11452	gene	162				
NHKJIMIN_11452	CDS	162				hypothetical protein
NHKJIMIN_11453	gene	207				
NHKJIMIN_11453	CDS	207				hypothetical protein
NHKJIMIN_11454	gene	195	yhiM			
NHKJIMIN_11454	CDS	195	yhiM			Inner membrane protein YhiM
NHKJIMIN_11455	gene	465				
NHKJIMIN_11455	CDS	465				hypothetical protein
NHKJIMIN_11456	gene	183	ileS_1			
NHKJIMIN_11456	CDS	183	ileS_1	6.1.1.5		Isoleucine--tRNA ligase
NHKJIMIN_11457	gene	369	ileS_2			
NHKJIMIN_11457	CDS	369	ileS_2	6.1.1.5	COG0060	Isoleucine--tRNA ligase
NHKJIMIN_11458	gene	435	ileS_3			
NHKJIMIN_11458	CDS	435	ileS_3	6.1.1.5	COG0060	Isoleucine--tRNA ligase
NHKJIMIN_11459	gene	396	ileS_4			
NHKJIMIN_11459	CDS	396	ileS_4	6.1.1.5		Isoleucine--tRNA ligase
NHKJIMIN_11460	gene	666	ileS_5			
NHKJIMIN_11460	CDS	666	ileS_5	6.1.1.5	COG0060	Isoleucine--tRNA ligase
NHKJIMIN_11461	gene	276	ileS_6			
NHKJIMIN_11461	CDS	276	ileS_6	6.1.1.5	COG0060	Isoleucine--tRNA ligase
NHKJIMIN_11462	gene	300	ileS_7			
NHKJIMIN_11462	CDS	300	ileS_7	6.1.1.5		Isoleucine--tRNA ligase
NHKJIMIN_11463	gene	219	dksA			
NHKJIMIN_11463	CDS	219	dksA			RNA polymerase-binding transcription factor DksA
NHKJIMIN_11464	gene	324	lspA			
NHKJIMIN_11464	CDS	324	lspA	3.4.23.36		Lipoprotein signal peptidase
NHKJIMIN_11465	gene	252				
NHKJIMIN_11465	CDS	252				hypothetical protein
NHKJIMIN_11466	gene	363				
NHKJIMIN_11466	CDS	363				hypothetical protein
NHKJIMIN_11467	gene	294				
NHKJIMIN_11467	CDS	294				hypothetical protein
NHKJIMIN_11468	gene	252				
NHKJIMIN_11468	CDS	252				hypothetical protein
NHKJIMIN_11469	gene	204				
NHKJIMIN_11469	CDS	204				hypothetical protein
NHKJIMIN_11470	gene	132				
NHKJIMIN_11470	CDS	132				hypothetical protein
NHKJIMIN_11471	gene	318				
NHKJIMIN_11471	CDS	318				hypothetical protein
NHKJIMIN_11472	gene	102				
NHKJIMIN_11472	CDS	102				hypothetical protein
NHKJIMIN_11473	gene	339				
NHKJIMIN_11473	CDS	339				hypothetical protein
NHKJIMIN_11474	gene	162				
NHKJIMIN_11474	CDS	162				hypothetical protein
NHKJIMIN_11475	gene	261				
NHKJIMIN_11475	CDS	261				hypothetical protein
NHKJIMIN_11476	gene	540				
NHKJIMIN_11476	CDS	540				hypothetical protein
NHKJIMIN_11477	gene	336				
NHKJIMIN_11477	CDS	336				hypothetical protein
NHKJIMIN_11478	gene	306				
NHKJIMIN_11478	CDS	306				hypothetical protein
NHKJIMIN_11479	gene	174				
NHKJIMIN_11479	CDS	174				hypothetical protein
NHKJIMIN_11480	gene	258				
NHKJIMIN_11480	CDS	258				hypothetical protein
NHKJIMIN_11481	gene	378				
NHKJIMIN_11481	CDS	378				hypothetical protein
NHKJIMIN_11482	gene	144				
NHKJIMIN_11482	CDS	144				hypothetical protein
NHKJIMIN_11483	gene	180				
NHKJIMIN_11483	CDS	180				hypothetical protein
NHKJIMIN_11484	gene	279				
NHKJIMIN_11484	CDS	279				hypothetical protein
NHKJIMIN_11485	gene	240				
NHKJIMIN_11485	CDS	240				hypothetical protein
NHKJIMIN_11486	gene	74				
NHKJIMIN_11486	tRNA	74				tRNA-Lys(ctt)
NHKJIMIN_11487	gene	147				
NHKJIMIN_11487	CDS	147				hypothetical protein
NHKJIMIN_11488	gene	204				
NHKJIMIN_11488	CDS	204				hypothetical protein
NHKJIMIN_11489	gene	291				
NHKJIMIN_11489	CDS	291				hypothetical protein
NHKJIMIN_11490	gene	135				
NHKJIMIN_11490	CDS	135				hypothetical protein
NHKJIMIN_11491	gene	270				
NHKJIMIN_11491	CDS	270				hypothetical protein
NHKJIMIN_11492	gene	74				
NHKJIMIN_11492	tRNA	74				tRNA-Lys(ctt)
NHKJIMIN_11493	gene	531	yycJ			
NHKJIMIN_11493	CDS	531	yycJ	3.1.11.-	COG1235	Exodeoxyribonuclease YycJ
NHKJIMIN_11494	gene	423				
NHKJIMIN_11494	CDS	423				hypothetical protein
NHKJIMIN_11495	gene	942	mdtH			
NHKJIMIN_11495	CDS	942	mdtH			Multidrug resistance protein MdtH
NHKJIMIN_11496	gene	192				
NHKJIMIN_11496	CDS	192				hypothetical protein
NHKJIMIN_11497	gene	720	uxaC_1			
NHKJIMIN_11497	CDS	720	uxaC_1	5.3.1.12		Uronate isomerase
NHKJIMIN_11498	gene	108				
NHKJIMIN_11498	CDS	108				hypothetical protein
NHKJIMIN_11499	gene	303	uxaC_2			
NHKJIMIN_11499	CDS	303	uxaC_2	5.3.1.12	COG1904	Uronate isomerase
NHKJIMIN_11500	gene	315	uxaC_3			
NHKJIMIN_11500	CDS	315	uxaC_3	5.3.1.12	COG1904	Uronate isomerase
NHKJIMIN_11501	gene	219				
NHKJIMIN_11501	CDS	219				hypothetical protein
NHKJIMIN_11502	gene	234				
NHKJIMIN_11502	CDS	234				hypothetical protein
NHKJIMIN_11503	gene	228				
NHKJIMIN_11503	CDS	228				hypothetical protein
NHKJIMIN_11504	gene	201				
NHKJIMIN_11504	CDS	201				hypothetical protein
NHKJIMIN_11505	gene	114				
NHKJIMIN_11505	CDS	114				hypothetical protein
NHKJIMIN_11506	gene	198	rfbC_4			
NHKJIMIN_11506	CDS	198	rfbC_4	5.1.3.13		dTDP-4-dehydrorhamnose 3,5-epimerase
NHKJIMIN_11507	gene	201				
NHKJIMIN_11507	CDS	201				hypothetical protein
NHKJIMIN_11508	gene	141	rkpK_3			
NHKJIMIN_11508	CDS	141	rkpK_3	1.1.1.22	COG1004	UDP-glucose 6-dehydrogenase
NHKJIMIN_11509	gene	129				
NHKJIMIN_11509	CDS	129				hypothetical protein
NHKJIMIN_11510	gene	471	tuaD_3			
NHKJIMIN_11510	CDS	471	tuaD_3	1.1.1.22	COG1004	UDP-glucose 6-dehydrogenase TuaD
NHKJIMIN_11511	gene	279				
NHKJIMIN_11511	CDS	279				hypothetical protein
NHKJIMIN_11512	gene	309				
NHKJIMIN_11512	CDS	309				hypothetical protein
NHKJIMIN_11513	gene	426				
NHKJIMIN_11513	CDS	426				hypothetical protein
NHKJIMIN_11514	gene	186				
NHKJIMIN_11514	CDS	186				hypothetical protein
NHKJIMIN_11515	gene	141				
NHKJIMIN_11515	CDS	141				hypothetical protein
NHKJIMIN_11516	gene	126				
NHKJIMIN_11516	CDS	126				hypothetical protein
NHKJIMIN_11517	gene	330	cshE_2			
NHKJIMIN_11517	CDS	330	cshE_2	3.6.4.13		DEAD-box ATP-dependent RNA helicase CshE
NHKJIMIN_11518	gene	570	dbpA_3			
NHKJIMIN_11518	CDS	570	dbpA_3	3.6.4.13	COG0513	ATP-dependent RNA helicase DbpA
NHKJIMIN_11519	gene	189	cshA_4			
NHKJIMIN_11519	CDS	189	cshA_4	3.6.4.13	COG0513	ATP-dependent RNA helicase CshA
NHKJIMIN_11520	gene	246	serB_1			
NHKJIMIN_11520	CDS	246	serB_1	3.1.3.3	COG0560	Phosphoserine phosphatase
NHKJIMIN_11521	gene	468	serB_2			
NHKJIMIN_11521	CDS	468	serB_2	3.1.3.3	COG0560	Phosphoserine phosphatase
NHKJIMIN_11522	gene	177				
NHKJIMIN_11522	CDS	177				hypothetical protein
NHKJIMIN_11523	gene	195				
NHKJIMIN_11523	CDS	195				hypothetical protein
NHKJIMIN_11524	gene	345				
NHKJIMIN_11524	CDS	345				hypothetical protein
NHKJIMIN_11525	gene	174				
NHKJIMIN_11525	CDS	174				hypothetical protein
NHKJIMIN_11526	gene	741				
NHKJIMIN_11526	CDS	741				hypothetical protein
NHKJIMIN_11527	gene	276				
NHKJIMIN_11527	CDS	276				hypothetical protein
NHKJIMIN_11528	gene	618	tgt_1			
NHKJIMIN_11528	CDS	618	tgt_1	2.4.2.29	COG0343	Queuine tRNA-ribosyltransferase
NHKJIMIN_11529	gene	345	tgt_2			
NHKJIMIN_11529	CDS	345	tgt_2	2.4.2.29		Queuine tRNA-ribosyltransferase
NHKJIMIN_11530	gene	960	lon1			
NHKJIMIN_11530	CDS	960	lon1	3.4.21.53		Lon protease 1
NHKJIMIN_11531	gene	165	lon_1			
NHKJIMIN_11531	CDS	165	lon_1	3.4.21.53	COG0466	Lon protease
NHKJIMIN_11532	gene	360	lon_2			
NHKJIMIN_11532	CDS	360	lon_2	3.4.21.53		Lon protease
NHKJIMIN_11533	gene	588	lon_3			
NHKJIMIN_11533	CDS	588	lon_3	3.4.21.53	COG0466	Lon protease
NHKJIMIN_11534	gene	180				
NHKJIMIN_11534	CDS	180				hypothetical protein
NHKJIMIN_11535	gene	240	yfiC			
NHKJIMIN_11535	CDS	240	yfiC	2.1.1.223	COG4123	tRNA1(Val) (adenine(37)-N6)-methyltransferase
NHKJIMIN_11536	gene	192				
NHKJIMIN_11536	CDS	192				hypothetical protein
NHKJIMIN_11537	gene	252				
NHKJIMIN_11537	CDS	252				hypothetical protein
NHKJIMIN_11538	gene	231				
NHKJIMIN_11538	CDS	231				hypothetical protein
NHKJIMIN_11539	gene	219				
NHKJIMIN_11539	CDS	219				hypothetical protein
NHKJIMIN_11540	gene	276				
NHKJIMIN_11540	CDS	276				hypothetical protein
NHKJIMIN_11541	gene	174				
NHKJIMIN_11541	CDS	174				hypothetical protein
NHKJIMIN_11542	gene	216				
NHKJIMIN_11542	CDS	216				hypothetical protein
NHKJIMIN_11543	gene	96				
NHKJIMIN_11543	CDS	96				hypothetical protein
NHKJIMIN_11544	gene	207				
NHKJIMIN_11544	CDS	207				hypothetical protein
NHKJIMIN_11545	gene	417				
NHKJIMIN_11545	CDS	417				hypothetical protein
NHKJIMIN_11546	gene	129				
NHKJIMIN_11546	CDS	129				hypothetical protein
NHKJIMIN_11547	gene	420				
NHKJIMIN_11547	CDS	420				hypothetical protein
NHKJIMIN_11548	gene	162				
NHKJIMIN_11548	CDS	162				hypothetical protein
NHKJIMIN_11549	gene	366				
NHKJIMIN_11549	CDS	366				hypothetical protein
NHKJIMIN_11550	gene	201				
NHKJIMIN_11550	CDS	201				hypothetical protein
NHKJIMIN_11551	gene	561				
NHKJIMIN_11551	CDS	561				hypothetical protein
NHKJIMIN_11552	gene	282				
NHKJIMIN_11552	CDS	282				hypothetical protein
NHKJIMIN_11553	gene	339				
NHKJIMIN_11553	CDS	339				hypothetical protein
NHKJIMIN_11554	gene	222				
NHKJIMIN_11554	CDS	222				hypothetical protein
NHKJIMIN_11555	gene	333				
NHKJIMIN_11555	CDS	333				hypothetical protein
NHKJIMIN_11556	gene	408				
NHKJIMIN_11556	CDS	408				hypothetical protein
NHKJIMIN_11557	gene	414				
NHKJIMIN_11557	CDS	414				hypothetical protein
NHKJIMIN_11558	gene	144				
NHKJIMIN_11558	CDS	144				hypothetical protein
NHKJIMIN_11559	gene	150				
NHKJIMIN_11559	CDS	150				hypothetical protein
NHKJIMIN_11560	gene	162				
NHKJIMIN_11560	CDS	162				hypothetical protein
NHKJIMIN_11561	gene	309				
NHKJIMIN_11561	CDS	309				hypothetical protein
NHKJIMIN_11562	gene	294				
NHKJIMIN_11562	CDS	294				hypothetical protein
NHKJIMIN_11563	gene	159				
NHKJIMIN_11563	CDS	159				hypothetical protein
NHKJIMIN_11564	gene	240				
NHKJIMIN_11564	CDS	240				hypothetical protein
NHKJIMIN_11565	gene	123				
NHKJIMIN_11565	CDS	123				hypothetical protein
NHKJIMIN_11566	gene	477				
NHKJIMIN_11566	CDS	477				hypothetical protein
NHKJIMIN_11567	gene	465				
NHKJIMIN_11567	CDS	465				hypothetical protein
NHKJIMIN_11568	gene	177				
NHKJIMIN_11568	CDS	177				hypothetical protein
NHKJIMIN_11569	gene	186				
NHKJIMIN_11569	CDS	186				hypothetical protein
NHKJIMIN_11570	gene	279				
NHKJIMIN_11570	CDS	279				hypothetical protein
NHKJIMIN_11571	gene	231				
NHKJIMIN_11571	CDS	231				hypothetical protein
NHKJIMIN_11572	gene	480				
NHKJIMIN_11572	CDS	480				hypothetical protein
NHKJIMIN_11573	gene	183				
NHKJIMIN_11573	CDS	183				hypothetical protein
NHKJIMIN_11574	gene	354				
NHKJIMIN_11574	CDS	354				hypothetical protein
NHKJIMIN_11575	gene	159				
NHKJIMIN_11575	CDS	159				hypothetical protein
NHKJIMIN_11576	gene	168				
NHKJIMIN_11576	CDS	168				hypothetical protein
NHKJIMIN_11577	gene	570				
NHKJIMIN_11577	CDS	570				hypothetical protein
NHKJIMIN_11578	gene	534				
NHKJIMIN_11578	CDS	534				hypothetical protein
NHKJIMIN_11579	gene	213				
NHKJIMIN_11579	CDS	213				hypothetical protein
NHKJIMIN_11580	gene	432				
NHKJIMIN_11580	CDS	432				hypothetical protein
NHKJIMIN_11581	gene	594				
NHKJIMIN_11581	CDS	594				hypothetical protein
NHKJIMIN_11582	gene	288				
NHKJIMIN_11582	CDS	288				hypothetical protein
NHKJIMIN_11583	gene	327				
NHKJIMIN_11583	CDS	327				hypothetical protein
NHKJIMIN_11584	gene	378				
NHKJIMIN_11584	CDS	378				hypothetical protein
NHKJIMIN_11585	gene	222				
NHKJIMIN_11585	CDS	222				hypothetical protein
NHKJIMIN_11586	gene	162				
NHKJIMIN_11586	CDS	162				hypothetical protein
NHKJIMIN_11587	gene	333				
NHKJIMIN_11587	CDS	333				hypothetical protein
NHKJIMIN_11588	gene	342				
NHKJIMIN_11588	CDS	342				hypothetical protein
NHKJIMIN_11589	gene	600				
NHKJIMIN_11589	CDS	600				hypothetical protein
NHKJIMIN_11590	gene	657				
NHKJIMIN_11590	CDS	657				hypothetical protein
NHKJIMIN_11591	gene	477				
NHKJIMIN_11591	CDS	477				hypothetical protein
NHKJIMIN_11592	gene	195				
NHKJIMIN_11592	CDS	195				hypothetical protein
NHKJIMIN_11593	gene	288				
NHKJIMIN_11593	CDS	288				hypothetical protein
NHKJIMIN_11594	gene	867				
NHKJIMIN_11594	CDS	867				hypothetical protein
NHKJIMIN_11595	gene	237				
NHKJIMIN_11595	CDS	237				hypothetical protein
NHKJIMIN_11596	gene	222				
NHKJIMIN_11596	CDS	222				hypothetical protein
NHKJIMIN_11597	gene	357				
NHKJIMIN_11597	CDS	357				hypothetical protein
NHKJIMIN_11598	gene	360				
NHKJIMIN_11598	CDS	360				hypothetical protein
NHKJIMIN_11599	gene	492				
NHKJIMIN_11599	CDS	492				hypothetical protein
NHKJIMIN_11600	gene	294				
NHKJIMIN_11600	CDS	294				hypothetical protein
NHKJIMIN_11601	gene	339				
NHKJIMIN_11601	CDS	339				hypothetical protein
NHKJIMIN_11602	gene	138				
NHKJIMIN_11602	CDS	138				hypothetical protein
NHKJIMIN_11603	gene	315				
NHKJIMIN_11603	CDS	315				hypothetical protein
NHKJIMIN_11604	gene	444				
NHKJIMIN_11604	CDS	444				hypothetical protein
NHKJIMIN_11605	gene	465				
NHKJIMIN_11605	CDS	465				hypothetical protein
NHKJIMIN_11606	gene	336				
NHKJIMIN_11606	CDS	336				hypothetical protein
NHKJIMIN_11607	gene	285				
NHKJIMIN_11607	CDS	285				hypothetical protein
NHKJIMIN_11608	gene	132				
NHKJIMIN_11608	CDS	132				hypothetical protein
NHKJIMIN_11609	gene	162				
NHKJIMIN_11609	CDS	162				hypothetical protein
NHKJIMIN_11610	gene	399				
NHKJIMIN_11610	CDS	399				hypothetical protein
NHKJIMIN_11611	gene	645				
NHKJIMIN_11611	CDS	645				hypothetical protein
NHKJIMIN_11612	gene	195				
NHKJIMIN_11612	CDS	195				hypothetical protein
NHKJIMIN_11613	gene	294				
NHKJIMIN_11613	CDS	294				hypothetical protein
NHKJIMIN_11614	gene	234				
NHKJIMIN_11614	CDS	234				hypothetical protein
NHKJIMIN_11615	gene	207				
NHKJIMIN_11615	CDS	207				hypothetical protein
NHKJIMIN_11616	gene	669				
NHKJIMIN_11616	CDS	669				hypothetical protein
NHKJIMIN_11617	gene	327				
NHKJIMIN_11617	CDS	327				hypothetical protein
NHKJIMIN_11618	gene	360				
NHKJIMIN_11618	CDS	360				hypothetical protein
NHKJIMIN_11619	gene	885				
NHKJIMIN_11619	CDS	885				hypothetical protein
NHKJIMIN_11620	gene	378				
NHKJIMIN_11620	CDS	378				hypothetical protein
NHKJIMIN_11621	gene	414				
NHKJIMIN_11621	CDS	414				hypothetical protein
NHKJIMIN_11622	gene	330				
NHKJIMIN_11622	CDS	330				hypothetical protein
NHKJIMIN_11623	gene	315				
NHKJIMIN_11623	CDS	315				hypothetical protein
NHKJIMIN_11624	gene	99				
NHKJIMIN_11624	CDS	99				hypothetical protein
NHKJIMIN_11625	gene	249				
NHKJIMIN_11625	CDS	249				hypothetical protein
NHKJIMIN_11626	gene	126				
NHKJIMIN_11626	CDS	126				hypothetical protein
NHKJIMIN_11627	gene	105				
NHKJIMIN_11627	CDS	105				hypothetical protein
NHKJIMIN_11628	gene	246				
NHKJIMIN_11628	CDS	246				hypothetical protein
NHKJIMIN_11629	gene	150				
NHKJIMIN_11629	CDS	150				hypothetical protein
NHKJIMIN_11630	gene	213				
NHKJIMIN_11630	CDS	213				hypothetical protein
NHKJIMIN_11631	gene	570				
NHKJIMIN_11631	CDS	570				hypothetical protein
NHKJIMIN_11632	gene	453				
NHKJIMIN_11632	CDS	453				hypothetical protein
NHKJIMIN_11633	gene	261				
NHKJIMIN_11633	CDS	261				hypothetical protein
NHKJIMIN_11634	gene	468				
NHKJIMIN_11634	CDS	468				hypothetical protein
NHKJIMIN_11635	gene	297				
NHKJIMIN_11635	CDS	297				hypothetical protein
NHKJIMIN_11636	gene	186				
NHKJIMIN_11636	CDS	186				hypothetical protein
NHKJIMIN_11637	gene	219				
NHKJIMIN_11637	CDS	219				hypothetical protein
NHKJIMIN_11638	gene	171				
NHKJIMIN_11638	CDS	171				hypothetical protein
NHKJIMIN_11639	gene	90				
NHKJIMIN_11639	CDS	90				hypothetical protein
NHKJIMIN_11640	gene	264				
NHKJIMIN_11640	CDS	264				hypothetical protein
NHKJIMIN_11641	gene	159				
NHKJIMIN_11641	CDS	159				hypothetical protein
NHKJIMIN_11642	gene	255				
NHKJIMIN_11642	CDS	255				hypothetical protein
NHKJIMIN_11643	gene	195				
NHKJIMIN_11643	CDS	195				hypothetical protein
NHKJIMIN_11644	gene	129				
NHKJIMIN_11644	CDS	129				hypothetical protein
NHKJIMIN_11645	gene	336				
NHKJIMIN_11645	CDS	336				hypothetical protein
NHKJIMIN_11646	gene	159				
NHKJIMIN_11646	CDS	159				hypothetical protein
NHKJIMIN_11647	gene	189				
NHKJIMIN_11647	CDS	189				hypothetical protein
NHKJIMIN_11648	gene	243				
NHKJIMIN_11648	CDS	243				hypothetical protein
NHKJIMIN_11649	gene	255				
NHKJIMIN_11649	CDS	255				hypothetical protein
NHKJIMIN_11650	gene	324				
NHKJIMIN_11650	CDS	324				hypothetical protein
NHKJIMIN_11651	gene	258				
NHKJIMIN_11651	CDS	258				hypothetical protein
NHKJIMIN_11652	gene	261				
NHKJIMIN_11652	CDS	261				hypothetical protein
NHKJIMIN_11653	gene	156				
NHKJIMIN_11653	CDS	156				hypothetical protein
NHKJIMIN_11654	gene	579				
NHKJIMIN_11654	CDS	579				hypothetical protein
NHKJIMIN_11655	gene	360				
NHKJIMIN_11655	CDS	360				hypothetical protein
NHKJIMIN_11656	gene	264				
NHKJIMIN_11656	CDS	264				hypothetical protein
NHKJIMIN_11657	gene	381				
NHKJIMIN_11657	CDS	381				hypothetical protein
NHKJIMIN_11658	gene	363				
NHKJIMIN_11658	CDS	363				hypothetical protein
NHKJIMIN_11659	gene	492				
NHKJIMIN_11659	CDS	492				hypothetical protein
NHKJIMIN_11660	gene	255				
NHKJIMIN_11660	CDS	255				hypothetical protein
NHKJIMIN_11661	gene	204				
NHKJIMIN_11661	CDS	204				hypothetical protein
NHKJIMIN_11662	gene	276				
NHKJIMIN_11662	CDS	276				hypothetical protein
NHKJIMIN_11663	gene	261				
NHKJIMIN_11663	CDS	261				hypothetical protein
NHKJIMIN_11664	gene	183				
NHKJIMIN_11664	CDS	183				hypothetical protein
NHKJIMIN_11665	gene	606				
NHKJIMIN_11665	CDS	606				hypothetical protein
NHKJIMIN_11666	gene	201				
NHKJIMIN_11666	CDS	201				hypothetical protein
NHKJIMIN_11667	gene	339				
NHKJIMIN_11667	CDS	339				hypothetical protein
NHKJIMIN_11668	gene	312				
NHKJIMIN_11668	CDS	312				hypothetical protein
NHKJIMIN_11669	gene	222				
NHKJIMIN_11669	CDS	222				hypothetical protein
NHKJIMIN_11670	gene	543				
NHKJIMIN_11670	CDS	543				hypothetical protein
NHKJIMIN_11671	gene	228				
NHKJIMIN_11671	CDS	228				hypothetical protein
NHKJIMIN_11672	gene	330				
NHKJIMIN_11672	CDS	330				hypothetical protein
NHKJIMIN_11673	gene	123				
NHKJIMIN_11673	CDS	123				hypothetical protein
NHKJIMIN_11674	gene	180				
NHKJIMIN_11674	CDS	180				hypothetical protein
NHKJIMIN_11675	gene	327	tnpR			
NHKJIMIN_11675	CDS	327	tnpR			Transposon Tn3 resolvase
NHKJIMIN_11676	gene	195				
NHKJIMIN_11676	CDS	195				hypothetical protein
NHKJIMIN_11677	gene	504				
NHKJIMIN_11677	CDS	504				hypothetical protein
NHKJIMIN_11678	gene	228				
NHKJIMIN_11678	CDS	228				hypothetical protein
NHKJIMIN_11679	gene	273				
NHKJIMIN_11679	CDS	273				hypothetical protein
NHKJIMIN_11680	gene	225				
NHKJIMIN_11680	CDS	225				hypothetical protein
NHKJIMIN_11681	gene	348				
NHKJIMIN_11681	CDS	348				hypothetical protein
NHKJIMIN_11682	gene	219				
NHKJIMIN_11682	CDS	219				hypothetical protein
NHKJIMIN_11683	gene	201				
NHKJIMIN_11683	CDS	201				hypothetical protein
NHKJIMIN_11684	gene	243				
NHKJIMIN_11684	CDS	243				hypothetical protein
NHKJIMIN_11685	gene	243				
NHKJIMIN_11685	CDS	243				hypothetical protein
NHKJIMIN_11686	gene	624				
NHKJIMIN_11686	CDS	624				hypothetical protein
NHKJIMIN_11687	gene	168				
NHKJIMIN_11687	CDS	168				hypothetical protein
NHKJIMIN_11688	gene	198				
NHKJIMIN_11688	CDS	198				hypothetical protein
NHKJIMIN_11689	gene	111				
NHKJIMIN_11689	CDS	111				hypothetical protein
NHKJIMIN_11690	gene	249				
NHKJIMIN_11690	CDS	249				hypothetical protein
NHKJIMIN_11691	gene	219				
NHKJIMIN_11691	CDS	219				hypothetical protein
NHKJIMIN_11692	gene	984				
NHKJIMIN_11692	CDS	984				hypothetical protein
NHKJIMIN_11693	gene	252				
NHKJIMIN_11693	CDS	252				hypothetical protein
NHKJIMIN_11694	gene	330				
NHKJIMIN_11694	CDS	330				hypothetical protein
NHKJIMIN_11695	gene	288				
NHKJIMIN_11695	CDS	288				hypothetical protein
NHKJIMIN_11696	gene	234				
NHKJIMIN_11696	CDS	234				hypothetical protein
NHKJIMIN_11697	gene	489				
NHKJIMIN_11697	CDS	489				hypothetical protein
NHKJIMIN_11698	gene	1356				
NHKJIMIN_11698	CDS	1356				hypothetical protein
NHKJIMIN_11699	gene	90				
NHKJIMIN_11699	CDS	90				hypothetical protein
NHKJIMIN_11700	gene	294				
NHKJIMIN_11700	CDS	294				hypothetical protein
NHKJIMIN_11701	gene	417				
NHKJIMIN_11701	CDS	417				hypothetical protein
NHKJIMIN_11702	gene	171				
NHKJIMIN_11702	CDS	171				hypothetical protein
NHKJIMIN_11703	gene	246				
NHKJIMIN_11703	CDS	246				hypothetical protein
NHKJIMIN_11704	gene	453				
NHKJIMIN_11704	CDS	453				hypothetical protein
NHKJIMIN_11705	gene	285				
NHKJIMIN_11705	CDS	285				hypothetical protein
NHKJIMIN_11706	gene	387				
NHKJIMIN_11706	CDS	387				hypothetical protein
NHKJIMIN_11707	gene	249				
NHKJIMIN_11707	CDS	249				hypothetical protein
NHKJIMIN_11708	gene	105				
NHKJIMIN_11708	CDS	105				hypothetical protein
NHKJIMIN_11709	gene	447				
NHKJIMIN_11709	CDS	447				hypothetical protein
NHKJIMIN_11710	gene	120				
NHKJIMIN_11710	CDS	120				hypothetical protein
NHKJIMIN_11711	gene	153				
NHKJIMIN_11711	CDS	153				hypothetical protein
NHKJIMIN_11712	gene	171				
NHKJIMIN_11712	CDS	171				hypothetical protein
NHKJIMIN_11713	gene	159				
NHKJIMIN_11713	CDS	159				hypothetical protein
NHKJIMIN_11714	gene	681				
NHKJIMIN_11714	CDS	681				hypothetical protein
NHKJIMIN_11715	gene	489				
NHKJIMIN_11715	CDS	489				hypothetical protein
NHKJIMIN_11716	gene	975				
NHKJIMIN_11716	CDS	975				hypothetical protein
NHKJIMIN_11717	gene	237				
NHKJIMIN_11717	CDS	237				hypothetical protein
NHKJIMIN_11718	gene	261				
NHKJIMIN_11718	CDS	261				hypothetical protein
NHKJIMIN_11719	gene	198				
NHKJIMIN_11719	CDS	198				hypothetical protein
NHKJIMIN_11720	gene	339				
NHKJIMIN_11720	CDS	339				hypothetical protein
NHKJIMIN_11721	gene	234				
NHKJIMIN_11721	CDS	234				hypothetical protein
NHKJIMIN_11722	gene	246				
NHKJIMIN_11722	CDS	246				hypothetical protein
NHKJIMIN_11723	gene	231				
NHKJIMIN_11723	CDS	231				hypothetical protein
NHKJIMIN_11724	gene	231				
NHKJIMIN_11724	CDS	231				hypothetical protein
NHKJIMIN_11725	gene	435				
NHKJIMIN_11725	CDS	435				hypothetical protein
NHKJIMIN_11726	gene	330				
NHKJIMIN_11726	CDS	330				hypothetical protein
NHKJIMIN_11727	gene	285				
NHKJIMIN_11727	CDS	285				hypothetical protein
NHKJIMIN_11728	gene	360				
NHKJIMIN_11728	CDS	360				hypothetical protein
NHKJIMIN_11729	gene	420				
NHKJIMIN_11729	CDS	420				hypothetical protein
NHKJIMIN_11730	gene	204				
NHKJIMIN_11730	CDS	204				hypothetical protein
NHKJIMIN_11731	gene	303				
NHKJIMIN_11731	CDS	303				hypothetical protein
NHKJIMIN_11732	gene	225				
NHKJIMIN_11732	CDS	225				hypothetical protein
NHKJIMIN_11733	gene	597				
NHKJIMIN_11733	CDS	597				hypothetical protein
NHKJIMIN_11734	gene	180				
NHKJIMIN_11734	CDS	180				hypothetical protein
NHKJIMIN_11735	gene	321				
NHKJIMIN_11735	CDS	321				hypothetical protein
NHKJIMIN_11736	gene	153				
NHKJIMIN_11736	CDS	153				hypothetical protein
NHKJIMIN_11737	gene	228				
NHKJIMIN_11737	CDS	228				hypothetical protein
NHKJIMIN_11738	gene	174				
NHKJIMIN_11738	CDS	174				hypothetical protein
NHKJIMIN_11739	gene	264				
NHKJIMIN_11739	CDS	264				hypothetical protein
NHKJIMIN_11740	gene	384				
NHKJIMIN_11740	CDS	384				hypothetical protein
NHKJIMIN_11741	gene	435				
NHKJIMIN_11741	CDS	435				hypothetical protein
NHKJIMIN_11742	gene	138				
NHKJIMIN_11742	CDS	138				hypothetical protein
NHKJIMIN_11743	gene	258				
NHKJIMIN_11743	CDS	258				hypothetical protein
NHKJIMIN_11744	gene	819				
NHKJIMIN_11744	CDS	819				IS607 family transposase ISChh1
NHKJIMIN_11745	gene	690				
NHKJIMIN_11745	CDS	690				hypothetical protein
NHKJIMIN_11746	gene	114				
NHKJIMIN_11746	CDS	114				hypothetical protein
NHKJIMIN_11747	gene	552				
NHKJIMIN_11747	CDS	552				hypothetical protein
NHKJIMIN_11748	gene	264				
NHKJIMIN_11748	CDS	264				hypothetical protein
NHKJIMIN_11749	gene	207				
NHKJIMIN_11749	CDS	207				hypothetical protein
NHKJIMIN_11750	gene	231				
NHKJIMIN_11750	CDS	231				hypothetical protein
NHKJIMIN_11751	gene	219				
NHKJIMIN_11751	CDS	219				hypothetical protein
NHKJIMIN_11752	gene	315				
NHKJIMIN_11752	CDS	315				hypothetical protein
NHKJIMIN_11753	gene	198				
NHKJIMIN_11753	CDS	198				hypothetical protein
NHKJIMIN_11754	gene	1182				
NHKJIMIN_11754	CDS	1182				hypothetical protein
NHKJIMIN_11755	gene	477				
NHKJIMIN_11755	CDS	477				hypothetical protein
NHKJIMIN_11756	gene	426				
NHKJIMIN_11756	CDS	426				hypothetical protein
NHKJIMIN_11757	gene	189				
NHKJIMIN_11757	CDS	189				hypothetical protein
NHKJIMIN_11758	gene	792				
NHKJIMIN_11758	CDS	792				hypothetical protein
NHKJIMIN_11759	gene	279				
NHKJIMIN_11759	CDS	279				hypothetical protein
NHKJIMIN_11760	gene	291				
NHKJIMIN_11760	CDS	291				hypothetical protein
NHKJIMIN_11761	gene	483				
NHKJIMIN_11761	CDS	483				hypothetical protein
NHKJIMIN_11762	gene	1542				
NHKJIMIN_11762	CDS	1542				hypothetical protein
NHKJIMIN_11763	gene	246				
NHKJIMIN_11763	CDS	246				hypothetical protein
NHKJIMIN_11764	gene	99				
NHKJIMIN_11764	CDS	99				hypothetical protein
NHKJIMIN_11765	gene	195				
NHKJIMIN_11765	CDS	195				hypothetical protein
NHKJIMIN_11766	gene	195				
NHKJIMIN_11766	CDS	195				hypothetical protein
NHKJIMIN_11767	gene	231				
NHKJIMIN_11767	CDS	231				hypothetical protein
NHKJIMIN_11768	gene	249				
NHKJIMIN_11768	CDS	249				hypothetical protein
NHKJIMIN_11769	gene	324				
NHKJIMIN_11769	CDS	324				hypothetical protein
NHKJIMIN_11770	gene	210				
NHKJIMIN_11770	CDS	210				hypothetical protein
NHKJIMIN_11771	gene	138				
NHKJIMIN_11771	CDS	138				hypothetical protein
NHKJIMIN_11772	gene	516				
NHKJIMIN_11772	CDS	516				hypothetical protein
NHKJIMIN_11773	gene	243				
NHKJIMIN_11773	CDS	243				hypothetical protein
NHKJIMIN_11774	gene	492				
NHKJIMIN_11774	CDS	492				hypothetical protein
NHKJIMIN_11775	gene	339				
NHKJIMIN_11775	CDS	339				hypothetical protein
NHKJIMIN_11776	gene	555				
NHKJIMIN_11776	CDS	555				hypothetical protein
NHKJIMIN_11777	gene	504				
NHKJIMIN_11777	CDS	504				hypothetical protein
NHKJIMIN_11778	gene	279				
NHKJIMIN_11778	CDS	279				hypothetical protein
NHKJIMIN_11779	gene	606				
NHKJIMIN_11779	CDS	606		3.1.-.-		CRISPR-associated endodeoxyribonuclease Cas12f1
NHKJIMIN_11780	gene	267				
NHKJIMIN_11780	CDS	267				hypothetical protein
NHKJIMIN_11781	gene	207				
NHKJIMIN_11781	CDS	207				hypothetical protein
NHKJIMIN_11782	gene	642				
NHKJIMIN_11782	CDS	642				hypothetical protein
NHKJIMIN_11783	gene	357				
NHKJIMIN_11783	CDS	357				hypothetical protein
NHKJIMIN_11784	gene	186				
NHKJIMIN_11784	CDS	186				hypothetical protein
NHKJIMIN_11785	gene	132				
NHKJIMIN_11785	CDS	132				hypothetical protein
NHKJIMIN_11786	gene	225				
NHKJIMIN_11786	CDS	225				hypothetical protein
NHKJIMIN_11787	gene	564				
NHKJIMIN_11787	CDS	564				hypothetical protein
NHKJIMIN_11788	gene	126				
NHKJIMIN_11788	CDS	126				hypothetical protein
NHKJIMIN_11789	gene	546				
NHKJIMIN_11789	CDS	546				hypothetical protein
NHKJIMIN_11790	gene	381				
NHKJIMIN_11790	CDS	381				hypothetical protein
NHKJIMIN_11791	gene	303				
NHKJIMIN_11791	CDS	303				hypothetical protein
NHKJIMIN_11792	gene	261				
NHKJIMIN_11792	CDS	261				hypothetical protein
NHKJIMIN_11793	gene	240				
NHKJIMIN_11793	CDS	240				hypothetical protein
NHKJIMIN_11794	gene	432	spo0C_3			
NHKJIMIN_11794	CDS	432	spo0C_3		COG1475	Chromosome-partitioning protein Spo0J
NHKJIMIN_11795	gene	252				
NHKJIMIN_11795	CDS	252				hypothetical protein
NHKJIMIN_11796	gene	522				
NHKJIMIN_11796	CDS	522				hypothetical protein
NHKJIMIN_11797	gene	309				
NHKJIMIN_11797	CDS	309				hypothetical protein
NHKJIMIN_11798	gene	378				
NHKJIMIN_11798	CDS	378				hypothetical protein
NHKJIMIN_11799	gene	180				
NHKJIMIN_11799	CDS	180				hypothetical protein
NHKJIMIN_11800	gene	504				
NHKJIMIN_11800	CDS	504				hypothetical protein
NHKJIMIN_11801	gene	345				
NHKJIMIN_11801	CDS	345				hypothetical protein
NHKJIMIN_11802	gene	222				
NHKJIMIN_11802	CDS	222				hypothetical protein
NHKJIMIN_11803	gene	186				
NHKJIMIN_11803	CDS	186				hypothetical protein
NHKJIMIN_11804	gene	219				
NHKJIMIN_11804	CDS	219				hypothetical protein
NHKJIMIN_11805	gene	459				
NHKJIMIN_11805	CDS	459				hypothetical protein
NHKJIMIN_11806	gene	189				
NHKJIMIN_11806	CDS	189				hypothetical protein
NHKJIMIN_11807	gene	201				
NHKJIMIN_11807	CDS	201				hypothetical protein
NHKJIMIN_11808	gene	282				
NHKJIMIN_11808	CDS	282				hypothetical protein
NHKJIMIN_11809	gene	261				
NHKJIMIN_11809	CDS	261				hypothetical protein
NHKJIMIN_11810	gene	255				
NHKJIMIN_11810	CDS	255				hypothetical protein
NHKJIMIN_11811	gene	129				
NHKJIMIN_11811	CDS	129				hypothetical protein
NHKJIMIN_11812	gene	987				
NHKJIMIN_11812	CDS	987				hypothetical protein
NHKJIMIN_11813	gene	273				
NHKJIMIN_11813	CDS	273				hypothetical protein
NHKJIMIN_11814	gene	213				
NHKJIMIN_11814	CDS	213				hypothetical protein
NHKJIMIN_11815	gene	495				
NHKJIMIN_11815	CDS	495				hypothetical protein
NHKJIMIN_11816	gene	531				
NHKJIMIN_11816	CDS	531				hypothetical protein
NHKJIMIN_11817	gene	687				
NHKJIMIN_11817	CDS	687			COG3039	IS5 family transposase ISBf6
NHKJIMIN_11818	gene	198				
NHKJIMIN_11818	CDS	198				hypothetical protein
NHKJIMIN_11819	gene	504				
NHKJIMIN_11819	CDS	504				hypothetical protein
NHKJIMIN_11820	gene	303				
NHKJIMIN_11820	CDS	303				hypothetical protein
NHKJIMIN_11821	gene	144				
NHKJIMIN_11821	CDS	144				hypothetical protein
NHKJIMIN_11822	gene	258				
NHKJIMIN_11822	CDS	258				hypothetical protein
NHKJIMIN_11823	gene	321				
NHKJIMIN_11823	CDS	321				hypothetical protein
NHKJIMIN_11824	gene	594				
NHKJIMIN_11824	CDS	594				hypothetical protein
NHKJIMIN_11825	gene	204				
NHKJIMIN_11825	CDS	204				hypothetical protein
NHKJIMIN_11826	gene	315				
NHKJIMIN_11826	CDS	315				hypothetical protein
NHKJIMIN_11827	gene	246				
NHKJIMIN_11827	CDS	246				hypothetical protein
NHKJIMIN_11828	gene	234				
NHKJIMIN_11828	CDS	234				hypothetical protein
NHKJIMIN_11829	gene	459				
NHKJIMIN_11829	CDS	459				hypothetical protein
NHKJIMIN_11830	gene	198				
NHKJIMIN_11830	CDS	198				hypothetical protein
NHKJIMIN_11831	gene	201				
NHKJIMIN_11831	CDS	201				hypothetical protein
NHKJIMIN_11832	gene	186				
NHKJIMIN_11832	CDS	186				hypothetical protein
NHKJIMIN_11833	gene	174				
NHKJIMIN_11833	CDS	174				hypothetical protein
NHKJIMIN_11834	gene	291				
NHKJIMIN_11834	CDS	291				hypothetical protein
NHKJIMIN_11835	gene	171				
NHKJIMIN_11835	CDS	171				hypothetical protein
NHKJIMIN_11836	gene	198				
NHKJIMIN_11836	CDS	198				hypothetical protein
NHKJIMIN_11837	gene	204				
NHKJIMIN_11837	CDS	204				hypothetical protein
NHKJIMIN_11838	gene	438				
NHKJIMIN_11838	CDS	438				hypothetical protein
NHKJIMIN_11839	gene	288				
NHKJIMIN_11839	CDS	288				hypothetical protein
NHKJIMIN_11840	gene	192				
NHKJIMIN_11840	CDS	192				hypothetical protein
NHKJIMIN_11841	gene	570				
NHKJIMIN_11841	CDS	570				hypothetical protein
NHKJIMIN_11842	gene	381				
NHKJIMIN_11842	CDS	381				hypothetical protein
NHKJIMIN_11843	gene	429				
NHKJIMIN_11843	CDS	429				hypothetical protein
NHKJIMIN_11844	gene	225				
NHKJIMIN_11844	CDS	225				hypothetical protein
NHKJIMIN_11845	gene	219				
NHKJIMIN_11845	CDS	219				hypothetical protein
NHKJIMIN_11846	gene	294				
NHKJIMIN_11846	CDS	294				hypothetical protein
NHKJIMIN_11847	gene	219				
NHKJIMIN_11847	CDS	219				hypothetical protein
NHKJIMIN_11848	gene	180				
NHKJIMIN_11848	CDS	180				hypothetical protein
NHKJIMIN_11849	gene	585				
NHKJIMIN_11849	CDS	585				hypothetical protein
NHKJIMIN_11850	gene	321				
NHKJIMIN_11850	CDS	321				hypothetical protein
NHKJIMIN_11851	gene	258				
NHKJIMIN_11851	CDS	258				hypothetical protein
NHKJIMIN_11852	gene	222				
NHKJIMIN_11852	CDS	222				hypothetical protein
NHKJIMIN_11853	gene	180				
NHKJIMIN_11853	CDS	180				hypothetical protein
NHKJIMIN_11854	gene	210				
NHKJIMIN_11854	CDS	210				hypothetical protein
NHKJIMIN_11855	gene	459				
NHKJIMIN_11855	CDS	459				hypothetical protein
NHKJIMIN_11856	gene	351				
NHKJIMIN_11856	CDS	351				hypothetical protein
NHKJIMIN_11857	gene	174				
NHKJIMIN_11857	CDS	174				hypothetical protein
NHKJIMIN_11858	gene	327				
NHKJIMIN_11858	CDS	327				hypothetical protein
NHKJIMIN_11859	gene	138				
NHKJIMIN_11859	CDS	138				hypothetical protein
NHKJIMIN_11860	gene	372				
NHKJIMIN_11860	CDS	372				hypothetical protein
NHKJIMIN_11861	gene	267				
NHKJIMIN_11861	CDS	267				hypothetical protein
NHKJIMIN_11862	gene	162				
NHKJIMIN_11862	CDS	162				hypothetical protein
NHKJIMIN_11863	gene	156				
NHKJIMIN_11863	CDS	156				hypothetical protein
NHKJIMIN_11864	gene	171				
NHKJIMIN_11864	CDS	171				hypothetical protein
NHKJIMIN_11865	gene	156				
NHKJIMIN_11865	CDS	156				hypothetical protein
NHKJIMIN_11866	gene	189				
NHKJIMIN_11866	CDS	189				hypothetical protein
NHKJIMIN_11867	gene	201				
NHKJIMIN_11867	CDS	201				hypothetical protein
NHKJIMIN_11868	gene	303				
NHKJIMIN_11868	CDS	303				hypothetical protein
NHKJIMIN_11869	gene	504				
NHKJIMIN_11869	CDS	504				hypothetical protein
NHKJIMIN_11870	gene	243				
NHKJIMIN_11870	CDS	243				hypothetical protein
NHKJIMIN_11871	gene	300				
NHKJIMIN_11871	CDS	300			COG3039	IS5 family transposase ISBf6
NHKJIMIN_11872	gene	330				
NHKJIMIN_11872	CDS	330				hypothetical protein
NHKJIMIN_11873	gene	114				
NHKJIMIN_11873	CDS	114				hypothetical protein
NHKJIMIN_11874	gene	297				
NHKJIMIN_11874	CDS	297				hypothetical protein
NHKJIMIN_11875	gene	258				
NHKJIMIN_11875	CDS	258				hypothetical protein
NHKJIMIN_11876	gene	312				
NHKJIMIN_11876	CDS	312				hypothetical protein
NHKJIMIN_11877	gene	111				
NHKJIMIN_11877	CDS	111				hypothetical protein
NHKJIMIN_11878	gene	273				
NHKJIMIN_11878	CDS	273				hypothetical protein
NHKJIMIN_11879	gene	243				
NHKJIMIN_11879	CDS	243				hypothetical protein
NHKJIMIN_11880	gene	582				
NHKJIMIN_11880	CDS	582				hypothetical protein
NHKJIMIN_11881	gene	123				
NHKJIMIN_11881	CDS	123				hypothetical protein
NHKJIMIN_11882	gene	453				
NHKJIMIN_11882	CDS	453				hypothetical protein
NHKJIMIN_11883	gene	180				
NHKJIMIN_11883	CDS	180				hypothetical protein
NHKJIMIN_11884	gene	240				
NHKJIMIN_11884	CDS	240				hypothetical protein
NHKJIMIN_11885	gene	222				
NHKJIMIN_11885	CDS	222				hypothetical protein
NHKJIMIN_11886	gene	276				
NHKJIMIN_11886	CDS	276				hypothetical protein
NHKJIMIN_11887	gene	198				
NHKJIMIN_11887	CDS	198				hypothetical protein
NHKJIMIN_11888	gene	210				
NHKJIMIN_11888	CDS	210				hypothetical protein
NHKJIMIN_11889	gene	147				
NHKJIMIN_11889	CDS	147				hypothetical protein
NHKJIMIN_11890	gene	249				
NHKJIMIN_11890	CDS	249				hypothetical protein
NHKJIMIN_11891	gene	132				
NHKJIMIN_11891	CDS	132				hypothetical protein
NHKJIMIN_11892	gene	297				
NHKJIMIN_11892	CDS	297				hypothetical protein
NHKJIMIN_11893	gene	246				
NHKJIMIN_11893	CDS	246				hypothetical protein
NHKJIMIN_11894	gene	465				
NHKJIMIN_11894	CDS	465				hypothetical protein
NHKJIMIN_11895	gene	360				
NHKJIMIN_11895	CDS	360				hypothetical protein
NHKJIMIN_11896	gene	180				
NHKJIMIN_11896	CDS	180				hypothetical protein
NHKJIMIN_11897	gene	297				
NHKJIMIN_11897	CDS	297				hypothetical protein
NHKJIMIN_11898	gene	141				
NHKJIMIN_11898	CDS	141				hypothetical protein
NHKJIMIN_11899	gene	246				
NHKJIMIN_11899	CDS	246				hypothetical protein
NHKJIMIN_11900	gene	174				
NHKJIMIN_11900	CDS	174				hypothetical protein
NHKJIMIN_11901	gene	366				
NHKJIMIN_11901	CDS	366			COG3039	IS5 family transposase ISBf6
NHKJIMIN_11902	gene	507				
NHKJIMIN_11902	CDS	507				hypothetical protein
NHKJIMIN_11903	gene	159				
NHKJIMIN_11903	CDS	159				hypothetical protein
NHKJIMIN_11904	gene	504				
NHKJIMIN_11904	CDS	504				hypothetical protein
NHKJIMIN_11905	gene	345				
NHKJIMIN_11905	CDS	345				hypothetical protein
NHKJIMIN_11906	gene	147				
NHKJIMIN_11906	CDS	147				hypothetical protein
NHKJIMIN_11907	gene	108				
NHKJIMIN_11907	CDS	108				hypothetical protein
NHKJIMIN_11908	gene	396				
NHKJIMIN_11908	CDS	396				hypothetical protein
NHKJIMIN_11909	gene	243				
NHKJIMIN_11909	CDS	243				hypothetical protein
NHKJIMIN_11910	gene	258				
NHKJIMIN_11910	CDS	258				hypothetical protein
NHKJIMIN_11911	gene	114				
NHKJIMIN_11911	CDS	114				hypothetical protein
NHKJIMIN_11912	gene	375				
NHKJIMIN_11912	CDS	375				hypothetical protein
NHKJIMIN_11913	gene	150				
NHKJIMIN_11913	CDS	150				hypothetical protein
NHKJIMIN_11914	gene	156				
NHKJIMIN_11914	CDS	156				hypothetical protein
NHKJIMIN_11915	gene	282				
NHKJIMIN_11915	CDS	282				hypothetical protein
NHKJIMIN_11916	gene	477				
NHKJIMIN_11916	CDS	477				hypothetical protein
NHKJIMIN_11917	gene	183				
NHKJIMIN_11917	CDS	183				hypothetical protein
NHKJIMIN_11918	gene	141				
NHKJIMIN_11918	CDS	141				hypothetical protein
NHKJIMIN_11919	gene	141				
NHKJIMIN_11919	CDS	141				hypothetical protein
NHKJIMIN_11920	gene	255				
NHKJIMIN_11920	CDS	255				hypothetical protein
NHKJIMIN_11921	gene	213				
NHKJIMIN_11921	CDS	213				hypothetical protein
NHKJIMIN_11922	gene	210				
NHKJIMIN_11922	CDS	210				hypothetical protein
NHKJIMIN_11923	gene	183				
NHKJIMIN_11923	CDS	183				hypothetical protein
NHKJIMIN_11924	gene	279				
NHKJIMIN_11924	CDS	279				hypothetical protein
NHKJIMIN_11925	gene	360				
NHKJIMIN_11925	CDS	360				hypothetical protein
NHKJIMIN_11926	gene	438				
NHKJIMIN_11926	CDS	438				hypothetical protein
NHKJIMIN_11927	gene	279				
NHKJIMIN_11927	CDS	279				hypothetical protein
NHKJIMIN_11928	gene	321				
NHKJIMIN_11928	CDS	321				hypothetical protein
NHKJIMIN_11929	gene	339				
NHKJIMIN_11929	CDS	339				hypothetical protein
NHKJIMIN_11930	gene	198				
NHKJIMIN_11930	CDS	198				hypothetical protein
NHKJIMIN_11931	gene	243				
NHKJIMIN_11931	CDS	243				hypothetical protein
NHKJIMIN_11932	gene	519				
NHKJIMIN_11932	CDS	519				hypothetical protein
NHKJIMIN_11933	gene	174				
NHKJIMIN_11933	CDS	174				hypothetical protein
NHKJIMIN_11934	gene	144				
NHKJIMIN_11934	CDS	144				hypothetical protein
NHKJIMIN_11935	gene	219				
NHKJIMIN_11935	CDS	219				hypothetical protein
NHKJIMIN_11936	gene	159				
NHKJIMIN_11936	CDS	159				hypothetical protein
NHKJIMIN_11937	gene	279				
NHKJIMIN_11937	CDS	279				hypothetical protein
NHKJIMIN_11938	gene	213				
NHKJIMIN_11938	CDS	213				hypothetical protein
NHKJIMIN_11939	gene	234				
NHKJIMIN_11939	CDS	234				hypothetical protein
NHKJIMIN_11940	gene	357				
NHKJIMIN_11940	CDS	357				hypothetical protein
NHKJIMIN_11941	gene	207				
NHKJIMIN_11941	CDS	207				hypothetical protein
NHKJIMIN_11942	gene	300				
NHKJIMIN_11942	CDS	300				hypothetical protein
NHKJIMIN_11943	gene	225				
NHKJIMIN_11943	CDS	225				hypothetical protein
NHKJIMIN_11944	gene	171				
NHKJIMIN_11944	CDS	171				hypothetical protein
NHKJIMIN_11945	gene	174				
NHKJIMIN_11945	CDS	174				hypothetical protein
NHKJIMIN_11946	gene	282				
NHKJIMIN_11946	CDS	282				hypothetical protein
NHKJIMIN_11947	gene	201				
NHKJIMIN_11947	CDS	201				hypothetical protein
NHKJIMIN_11948	gene	525				
NHKJIMIN_11948	CDS	525				hypothetical protein
NHKJIMIN_11949	gene	150				
NHKJIMIN_11949	CDS	150				hypothetical protein
NHKJIMIN_11950	gene	177				
NHKJIMIN_11950	CDS	177				hypothetical protein
NHKJIMIN_11951	gene	174				
NHKJIMIN_11951	CDS	174				hypothetical protein
NHKJIMIN_11952	gene	399				
NHKJIMIN_11952	CDS	399				hypothetical protein
NHKJIMIN_11953	gene	564				
NHKJIMIN_11953	CDS	564				hypothetical protein
NHKJIMIN_11954	gene	417				
NHKJIMIN_11954	CDS	417				hypothetical protein
NHKJIMIN_11955	gene	174				
NHKJIMIN_11955	CDS	174				hypothetical protein
NHKJIMIN_11956	gene	180				
NHKJIMIN_11956	CDS	180				hypothetical protein
NHKJIMIN_11957	gene	225				
NHKJIMIN_11957	CDS	225				hypothetical protein
NHKJIMIN_11958	gene	579				
NHKJIMIN_11958	CDS	579				hypothetical protein
NHKJIMIN_11959	gene	285				
NHKJIMIN_11959	CDS	285				hypothetical protein
NHKJIMIN_11960	gene	171				
NHKJIMIN_11960	CDS	171				hypothetical protein
NHKJIMIN_11961	gene	552				
NHKJIMIN_11961	CDS	552				hypothetical protein
NHKJIMIN_11962	gene	339				
NHKJIMIN_11962	CDS	339				hypothetical protein
NHKJIMIN_11963	gene	324				
NHKJIMIN_11963	CDS	324				hypothetical protein
NHKJIMIN_11964	gene	258				
NHKJIMIN_11964	CDS	258				hypothetical protein
NHKJIMIN_11965	gene	474				
NHKJIMIN_11965	CDS	474				hypothetical protein
NHKJIMIN_11966	gene	282				
NHKJIMIN_11966	CDS	282				hypothetical protein
NHKJIMIN_11967	gene	198				
NHKJIMIN_11967	CDS	198				hypothetical protein
NHKJIMIN_11968	gene	324				
NHKJIMIN_11968	CDS	324				hypothetical protein
NHKJIMIN_11969	gene	504				
NHKJIMIN_11969	CDS	504				hypothetical protein
NHKJIMIN_11970	gene	405				
NHKJIMIN_11970	CDS	405				hypothetical protein
NHKJIMIN_11971	gene	204				
NHKJIMIN_11971	CDS	204				hypothetical protein
NHKJIMIN_11972	gene	294				
NHKJIMIN_11972	CDS	294				hypothetical protein
NHKJIMIN_11973	gene	204				
NHKJIMIN_11973	CDS	204				hypothetical protein
NHKJIMIN_11974	gene	486				
NHKJIMIN_11974	CDS	486				hypothetical protein
NHKJIMIN_11975	gene	204				
NHKJIMIN_11975	CDS	204				hypothetical protein
NHKJIMIN_11976	gene	384				
NHKJIMIN_11976	CDS	384				hypothetical protein
NHKJIMIN_11977	gene	309				
NHKJIMIN_11977	CDS	309				hypothetical protein
NHKJIMIN_11978	gene	243				
NHKJIMIN_11978	CDS	243				hypothetical protein
NHKJIMIN_11979	gene	480				
NHKJIMIN_11979	CDS	480				hypothetical protein
NHKJIMIN_11980	gene	348				
NHKJIMIN_11980	CDS	348				hypothetical protein
NHKJIMIN_11981	gene	123				
NHKJIMIN_11981	CDS	123				hypothetical protein
NHKJIMIN_11982	gene	312				
NHKJIMIN_11982	CDS	312				hypothetical protein
NHKJIMIN_11983	gene	324				
NHKJIMIN_11983	CDS	324				hypothetical protein
NHKJIMIN_11984	gene	246				
NHKJIMIN_11984	CDS	246				hypothetical protein
NHKJIMIN_11985	gene	315				
NHKJIMIN_11985	CDS	315				hypothetical protein
NHKJIMIN_11986	gene	285				
NHKJIMIN_11986	CDS	285				hypothetical protein
NHKJIMIN_11987	gene	351				
NHKJIMIN_11987	CDS	351				hypothetical protein
NHKJIMIN_11988	gene	273				
NHKJIMIN_11988	CDS	273				hypothetical protein
NHKJIMIN_11989	gene	216				
NHKJIMIN_11989	CDS	216				hypothetical protein
NHKJIMIN_11990	gene	177				
NHKJIMIN_11990	CDS	177				hypothetical protein
NHKJIMIN_11991	gene	414				
NHKJIMIN_11991	CDS	414				hypothetical protein
NHKJIMIN_11992	gene	192				
NHKJIMIN_11992	CDS	192				hypothetical protein
NHKJIMIN_11993	gene	129				
NHKJIMIN_11993	CDS	129				hypothetical protein
NHKJIMIN_11994	gene	297				
NHKJIMIN_11994	CDS	297				hypothetical protein
NHKJIMIN_11995	gene	132				
NHKJIMIN_11995	CDS	132				hypothetical protein
NHKJIMIN_11996	gene	174				
NHKJIMIN_11996	CDS	174				hypothetical protein
NHKJIMIN_11997	gene	276				
NHKJIMIN_11997	CDS	276				hypothetical protein
NHKJIMIN_11998	gene	186				
NHKJIMIN_11998	CDS	186				hypothetical protein
NHKJIMIN_11999	gene	267				
NHKJIMIN_11999	CDS	267				hypothetical protein
NHKJIMIN_12000	gene	459				
NHKJIMIN_12000	CDS	459				hypothetical protein
NHKJIMIN_12001	gene	159				
NHKJIMIN_12001	CDS	159				hypothetical protein
NHKJIMIN_12002	gene	576				
NHKJIMIN_12002	CDS	576			COG3039	IS5 family transposase ISBf6
NHKJIMIN_12003	gene	309				
NHKJIMIN_12003	CDS	309				hypothetical protein
NHKJIMIN_12004	gene	483				
NHKJIMIN_12004	CDS	483				hypothetical protein
NHKJIMIN_12005	gene	351				
NHKJIMIN_12005	CDS	351				hypothetical protein
NHKJIMIN_12006	gene	189				
NHKJIMIN_12006	CDS	189				hypothetical protein
NHKJIMIN_12007	gene	306				
NHKJIMIN_12007	CDS	306				hypothetical protein
NHKJIMIN_12008	gene	147				
NHKJIMIN_12008	CDS	147				hypothetical protein
NHKJIMIN_12009	gene	267				
NHKJIMIN_12009	CDS	267				hypothetical protein
NHKJIMIN_12010	gene	573				
NHKJIMIN_12010	CDS	573				hypothetical protein
NHKJIMIN_12011	gene	558				
NHKJIMIN_12011	CDS	558				hypothetical protein
NHKJIMIN_12012	gene	255				
NHKJIMIN_12012	CDS	255				hypothetical protein
NHKJIMIN_12013	gene	453				
NHKJIMIN_12013	CDS	453				hypothetical protein
NHKJIMIN_12014	gene	270				
NHKJIMIN_12014	CDS	270				hypothetical protein
NHKJIMIN_12015	gene	342				
NHKJIMIN_12015	CDS	342				hypothetical protein
NHKJIMIN_12016	gene	183				
NHKJIMIN_12016	CDS	183				hypothetical protein
NHKJIMIN_12017	gene	120				
NHKJIMIN_12017	CDS	120				hypothetical protein
NHKJIMIN_12018	gene	282				
NHKJIMIN_12018	CDS	282				hypothetical protein
NHKJIMIN_12019	gene	147				
NHKJIMIN_12019	CDS	147				hypothetical protein
NHKJIMIN_12020	gene	420				
NHKJIMIN_12020	CDS	420				hypothetical protein
NHKJIMIN_12021	gene	162				
NHKJIMIN_12021	CDS	162				hypothetical protein
NHKJIMIN_12022	gene	228				
NHKJIMIN_12022	CDS	228				hypothetical protein
NHKJIMIN_12023	gene	243				
NHKJIMIN_12023	CDS	243				hypothetical protein
NHKJIMIN_12024	gene	234				
NHKJIMIN_12024	CDS	234				hypothetical protein
NHKJIMIN_12025	gene	213				
NHKJIMIN_12025	CDS	213				hypothetical protein
NHKJIMIN_12026	gene	162				
NHKJIMIN_12026	CDS	162				hypothetical protein
NHKJIMIN_12027	gene	255				
NHKJIMIN_12027	CDS	255				hypothetical protein
NHKJIMIN_12028	gene	288				
NHKJIMIN_12028	CDS	288				hypothetical protein
NHKJIMIN_12029	gene	288				
NHKJIMIN_12029	CDS	288				hypothetical protein
NHKJIMIN_12030	gene	180				
NHKJIMIN_12030	CDS	180				hypothetical protein
NHKJIMIN_12031	gene	171				
NHKJIMIN_12031	CDS	171				hypothetical protein
NHKJIMIN_12032	gene	132				
NHKJIMIN_12032	CDS	132				hypothetical protein
NHKJIMIN_12033	gene	399				
NHKJIMIN_12033	CDS	399				hypothetical protein
NHKJIMIN_12034	gene	207				
NHKJIMIN_12034	CDS	207				hypothetical protein
NHKJIMIN_12035	gene	303				
NHKJIMIN_12035	CDS	303				hypothetical protein
NHKJIMIN_12036	gene	201				
NHKJIMIN_12036	CDS	201				hypothetical protein
NHKJIMIN_12037	gene	234				
NHKJIMIN_12037	CDS	234				hypothetical protein
NHKJIMIN_12038	gene	177				
NHKJIMIN_12038	CDS	177				hypothetical protein
NHKJIMIN_12039	gene	486				
NHKJIMIN_12039	CDS	486				hypothetical protein
NHKJIMIN_12040	gene	228				
NHKJIMIN_12040	CDS	228				hypothetical protein
NHKJIMIN_12041	gene	324				
NHKJIMIN_12041	CDS	324				hypothetical protein
NHKJIMIN_12042	gene	144				
NHKJIMIN_12042	CDS	144				hypothetical protein
NHKJIMIN_12043	gene	201				
NHKJIMIN_12043	CDS	201				hypothetical protein
NHKJIMIN_12044	gene	375				
NHKJIMIN_12044	CDS	375				hypothetical protein
NHKJIMIN_12045	gene	165				
NHKJIMIN_12045	CDS	165				hypothetical protein
NHKJIMIN_12046	gene	474				
NHKJIMIN_12046	CDS	474				hypothetical protein
NHKJIMIN_12047	gene	171				
NHKJIMIN_12047	CDS	171				hypothetical protein
NHKJIMIN_12048	gene	312				
NHKJIMIN_12048	CDS	312				hypothetical protein
NHKJIMIN_12049	gene	237				
NHKJIMIN_12049	CDS	237				hypothetical protein
NHKJIMIN_12050	gene	249				
NHKJIMIN_12050	CDS	249				hypothetical protein
NHKJIMIN_12051	gene	570				
NHKJIMIN_12051	CDS	570				hypothetical protein
